Ticker,Company,Sector,Industry,Country,Market Cap,P/E,Price,Change %,Volume,Horizontal S/R,Horizontal S/R (Strong),TL Resistance,TL Resistance (Strong),TL Support,TL Support (Strong),Wedge Up,Wedge Up (Strong),Wedge Down,Wedge Down (Strong),Triangle Ascending,Triangle Ascending (Strong),Triangle Descending,Triangle Descending (Strong),Wedge,Wedge (Strong),Channel Up,Channel Up (Strong),Channel Down,Channel Down (Strong),Channel,Channel (Strong),Double Top,Double Bottom,Multiple Top,Multiple Bottom,Head & Shoulders,Head & Shoulders Inverse,Pattern_+1_Count,Pattern_-1_Count,Pattern_Total
AAA,Amplius Aggressive Asset Allocation ETF,Financial,Exchange Traded Fund,USA,,,30.92,0.37%,13911.0,0,0,0,0,0,0,0,0,0,0,1,1,0,0,0,0,0,0,0,0,0,0,0,0,0,0,0,0,2,0,2
AC,Ares Acquisition Corp III,Financial,Shell Companies,USA,496760000.0,,10.06,-0.20%,8787.0,0,0,0,0,0,0,0,0,0,0,0,0,0,0,0,0,0,0,0,0,0,0,-1,0,0,0,0,0,0,1,1
ACG,ATA Creativity Global ADR,Consumer Defensive,Education & Training Services,China,32740000.000000004,,0.76,-1.19%,2016.0,0,1,0,0,0,0,0,0,0,0,0,0,-1,0,0,0,0,0,0,0,0,0,0,0,0,0,0,0,1,1,2
ACI,Armada Acquisition Corp III,Financial,Shell Companies,USA,342510000.0,146.51,10.06,-0.35%,1139.0,0,0,0,-1,0,0,0,-1,0,0,0,0,0,0,0,0,0,0,0,0,0,0,0,0,0,0,0,0,0,2,2
AL,American Airlines Group Inc,Industrials,Airlines,USA,8610000000.0,,13.0,1.33%,64554863.0,0,0,0,0,0,0,0,0,1,0,0,0,0,0,0,0,0,0,0,0,0,0,0,0,0,0,0,0,1,0,1
AMI,Acadian Asset Management Inc,Financial,Asset Management,USA,3320000000.0,32.99,93.49,-2.78%,502456.0,0,0,0,0,0,0,0,0,0,0,0,0,0,0,0,0,0,1,0,0,0,0,0,0,0,0,0,0,1,0,1
AOI,Applied Optoelectronics Inc,Technology,Communication Equipment,USA,11050000000.0,,130.16,7.07%,12525183.0,0,0,0,0,0,0,0,0,0,0,0,0,-1,0,0,0,0,0,0,0,0,0,0,0,0,0,0,0,0,1,1
APB,GraniteShares 2x Long AAPL Daily ETF,Financial,Exchange Traded Fund,USA,,,43.52,0.45%,23142.0,0,0,0,0,0,0,0,0,0,0,1,0,0,0,0,0,0,0,0,0,0,0,-1,0,0,0,0,0,1,1,2
APG,Ascentage Pharma Group International ADR,Healthcare,Biotechnology,China,1500000000.0,,16.09,10.17%,14543.0,0,0,0,0,0,0,0,0,1,0,0,0,0,0,0,0,0,0,0,0,0,0,0,0,0,0,0,0,1,0,1
APL,Apple Inc,Technology,Consumer Electronics,USA,4869060000000.0,38.25,333.63,0.22%,30449005.0,0,0,0,0,0,0,0,0,0,0,1,0,0,0,0,0,0,0,0,0,0,0,-1,0,0,0,0,0,1,1,2
APX,T-Rex 2X Long Apple Daily Target ETF,Financial,Exchange Traded Fund,USA,,,39.94,0.18%,12646.0,0,0,0,0,0,0,0,0,0,0,1,0,0,0,0,0,0,0,0,0,0,0,-1,0,0,0,0,0,1,1,2
APY,Kurv Yield Premium Strategy Apple (AAPL) ETF,Financial,Exchange Traded Fund,USA,,,27.64,0.24%,930.0,0,0,0,0,0,0,0,0,0,0,1,0,0,0,0,0,0,0,0,0,0,0,-1,0,0,0,0,0,1,1,2
ARD,Aardvark Therapeutics Inc,Healthcare,Biotechnology,USA,110300000.0,,5.04,-3.45%,251855.0,0,0,0,0,0,0,0,0,0,0,0,0,0,0,0,0,0,0,0,0,0,0,0,1,0,0,0,0,1,0,1
AUA,Alpha Architect US Equity 3 ETF,Financial,Exchange Traded Fund,USA,,,59.9,0.43%,2787.0,0,1,0,0,0,0,0,0,0,0,0,0,0,0,0,0,0,0,0,0,0,0,0,0,0,0,0,0,1,0,1
AUB,Alpha Architect US Equity 4 ETF,Financial,Exchange Traded Fund,USA,,,52.15,0.45%,8443.0,0,0,0,0,0,0,0,0,0,0,1,1,0,0,0,0,0,0,0,0,0,0,0,0,0,0,0,0,2,0,2
AVM,Alpha Architect Global Factor Equity ETF,Financial,Exchange Traded Fund,USA,,,33.91,0.11%,10296.0,0,0,0,-1,0,0,0,-1,0,0,0,0,0,0,0,0,0,0,0,0,0,0,0,0,0,0,0,0,0,2,2
B,AllianceBernstein Holding Lp,Financial,Asset Management,USA,3270000000.0,10.36,35.09,0.14%,203578.0,0,0,0,0,0,0,0,0,1,0,0,0,0,0,0,0,0,0,0,0,0,0,0,0,0,0,0,0,1,0,1
BAT,American Battery Technology Company,Industrials,Waste Management,USA,306540000.0,,2.15,-0.92%,1997178.0,0,0,0,0,0,0,0,0,1,0,0,0,0,0,0,0,0,0,0,0,0,0,0,0,0,0,0,0,1,0,1
BCL,AbCellera Biologics Inc,Healthcare,Biotechnology,Canada,4260000000.0,,13.15,-4.57%,9789853.0,0,0,0,0,0,0,0,-1,0,0,0,0,0,0,0,0,0,0,0,0,0,0,0,0,0,0,0,0,0,1,1
BEQ,Absolute Select Value ETF,Financial,Exchange Traded Fund,USA,,,37.65,0.51%,7070.0,0,0,0,0,0,0,0,0,0,0,0,0,-1,0,0,0,0,0,0,0,0,0,0,0,0,0,0,0,0,1,1
BFL,Abacus FCF Leaders ETF,Financial,Exchange Traded Fund,USA,,,81.93,0.69%,14147.0,0,0,0,0,0,1,0,0,0,0,0,0,-1,-1,0,0,0,0,0,0,0,0,0,0,0,0,0,0,1,2,3
BLG,Abacus FCF International Leaders ETF,Financial,Exchange Traded Fund,USA,,,30.93,-0.28%,162.0,0,0,0,0,0,0,0,0,0,0,0,0,-1,0,0,1,0,0,0,0,0,0,0,0,0,0,0,0,1,1,2
BLS,Abacus FCF Small Cap Leaders ETF,Financial,Exchange Traded Fund,USA,,,21.18,0.66%,331.0,0,0,0,0,0,0,0,0,0,0,0,0,0,0,0,0,0,0,0,0,0,0,-1,0,0,0,0,0,0,1,1
BLV,Able View Global Inc,Consumer Cyclical,Specialty Retail,China,151300000.0,,2.74,7.45%,161256.0,0,0,0,0,0,0,0,0,0,0,1,0,0,0,0,0,0,0,0,0,0,0,0,0,0,0,0,0,1,0,1
BOS,Acumen Pharmaceuticals Inc,Healthcare,Biotechnology,USA,146810000.0,,2.03,-4.69%,562868.0,0,0,0,0,0,1,0,0,0,0,0,0,0,0,0,0,0,0,0,0,0,0,0,0,0,0,0,0,1,0,1
BOT,Abacus FCF Innovation Leaders ETF,Financial,Exchange Traded Fund,USA,,,44.48,0.56%,29.0,0,0,0,0,0,0,0,-1,0,0,0,0,0,0,0,0,0,0,0,0,0,0,0,0,0,0,0,0,0,1,1
BUF,Aptus Laddered Buffer ETF,Financial,Exchange Traded Fund,USA,,,28.11,0.30%,22558.0,0,0,0,0,0,0,0,0,0,0,0,0,0,0,0,0,0,1,0,0,0,0,0,0,0,0,0,0,1,0,1
BUS,Arbutus Biopharma Corp,Healthcare,Biotechnology,USA,887510000.0,5.72,4.48,-4.07%,8259928.0,0,0,0,0,0,0,0,-1,0,0,0,0,0,0,0,0,0,0,0,0,0,0,0,0,0,0,0,0,0,1,1
BX,Abacus Global Management Inc,Financial,Insurance - Life,USA,820480000.0,29.38,8.39,1.82%,464951.0,0,0,0,0,0,0,0,0,0,0,0,0,0,0,0,0,0,0,0,0,0,0,0,0,0,0,-1,0,0,1,1
BXB,Abacus Flexible Bond Leaders ETF,Financial,Exchange Traded Fund,USA,,,18.64,0.13%,51.0,0,0,0,0,0,0,0,0,1,0,0,0,0,0,0,0,0,0,0,0,0,0,0,0,0,0,0,0,1,0,1
CB,Aurora Cannabis Inc,Healthcare,Drug Manufacturers - Specialty & Generic,Canada,297620000.0,,4.59,2.91%,1940121.0,0,0,0,0,0,0,0,0,0,0,1,0,0,0,0,0,0,0,0,0,0,0,0,0,0,0,0,0,1,0,1
CCO,Acco Brands Corp,Industrials,Business Equipment & Supplies,USA,403380000.0,7.04,4.37,0.69%,416579.0,0,0,0,-1,0,0,0,0,0,0,0,0,0,0,0,0,0,0,0,0,0,0,0,0,0,0,0,0,0,1,1
CGO,Hartford Alpha Capture Growth ETF,Financial,Exchange Traded Fund,USA,,,39.96,0.58%,2246.0,0,1,0,0,0,0,0,0,0,0,0,0,0,0,0,0,0,0,0,0,0,0,0,0,0,0,0,0,1,0,1
CGR,American Century Large Cap Growth ETF,Financial,Exchange Traded Fund,USA,,,73.59,1.66%,220.0,0,0,0,0,0,0,0,0,0,0,1,1,0,0,0,0,0,0,0,0,0,0,0,0,0,0,0,0,2,0,2
CHC,Acadia Healthcare Company Inc,Healthcare,Medical Care Facilities,USA,2700000000.0,,29.04,0.59%,1417729.0,0,0,0,0,0,0,0,0,0,0,0,0,-1,0,0,0,0,0,0,0,0,0,0,0,0,0,0,0,0,1,1
CHR,Archer Aviation Inc,Industrials,Aerospace & Defense,USA,3580000000.0,,4.65,-1.48%,26361659.0,0,0,0,0,0,0,0,0,0,0,1,0,0,0,0,0,0,0,0,0,0,0,0,0,0,0,0,0,1,0,1
CIC,American Coastal Insurance Corp,Financial,Insurance - Property & Casualty,USA,456540000.0,4.68,9.42,1.51%,200541.0,0,0,0,0,0,0,0,0,1,1,0,0,0,0,0,0,0,0,0,0,0,0,0,0,0,0,0,0,2,0,2
CII,Innovator Index Autocallable Income Strategy ETF,Financial,Exchange Traded Fund,USA,,,25.43,0.04%,43493.0,0,0,0,0,0,0,0,0,0,0,0,0,0,0,0,1,0,0,0,0,0,0,0,0,0,0,0,0,1,0,1
CIO,Aptus Collared Investment Opportunity ETF,Financial,Exchange Traded Fund,USA,,,47.82,0.63%,523188.0,0,0,0,0,0,0,0,-1,0,0,0,0,0,0,0,0,0,0,0,0,0,0,0,0,0,0,0,0,0,1,1
CKY,VistaShares Target 15 ACKtivist Distribution ETF,Financial,Exchange Traded Fund,USA,,,17.47,0.64%,22873.0,0,0,0,0,0,0,0,0,0,0,0,0,-1,0,0,0,0,0,0,0,0,0,0,1,0,0,0,0,1,1,2
CLO,TCW AAA CLO ETF,Financial,Exchange Traded Fund,USA,,,50.38,-0.03%,10753.0,0,1,0,-1,0,1,0,0,0,0,1,1,0,0,0,0,0,0,0,0,0,0,0,0,0,0,0,0,4,1,5
CLS,Axcelis Technologies Inc,Technology,Semiconductor Equipment & Materials,USA,4360000000.0,47.46,141.15,-0.82%,197066.0,0,0,0,0,0,0,0,0,1,0,0,0,0,0,0,0,0,0,0,0,0,0,0,0,0,0,0,0,1,0,1
CM,AECOM,Industrials,Engineering & Construction,USA,7740000000.0,21.97,60.16,0.67%,897825.0,0,0,0,0,0,0,0,0,1,0,0,0,0,0,0,0,0,0,0,0,0,0,0,0,0,0,0,0,1,0,1
CMR,ACM Research Inc,Technology,Semiconductor Equipment & Materials,USA,5250000000.0,35.79,75.35,-1.08%,1882821.0,0,0,0,0,0,0,0,0,1,0,0,0,0,0,0,0,0,0,0,0,0,0,0,0,0,0,0,0,1,0,1
CRE,Ares Commercial Real Estate Corp,Real Estate,REIT - Mortgage,USA,208050000.0,,3.75,1.35%,470757.0,0,0,0,0,0,0,0,0,1,1,0,0,0,0,0,0,0,0,0,0,0,0,0,0,0,0,0,0,2,0,2
CSG,American Century Small Cap Growth Insights ETF,Financial,Exchange Traded Fund,USA,,,46.72,-0.93%,4247.0,0,0,0,0,0,0,0,0,0,0,0,0,0,0,0,0,0,0,0,0,0,0,-1,0,0,0,0,0,0,1,1
CSI,American Customer Satisfaction ETF,Financial,Exchange Traded Fund,USA,,,76.01,0.97%,109.0,0,0,0,-1,0,0,0,0,0,0,0,0,0,0,0,0,0,0,0,0,0,0,-1,0,0,0,0,0,0,2,2
CT,Enact Holdings Inc,Financial,Insurance - Specialty,USA,6370000000.0,9.76,46.32,0.98%,279072.0,0,0,0,0,0,0,0,0,0,0,0,0,0,0,0,0,0,0,0,0,0,0,-1,0,0,0,0,0,0,1,1
CTG,Acacia Research Corp,Industrials,Business Equipment & Supplies,USA,426450000.0,,4.37,1.63%,157118.0,0,0,0,0,0,0,0,0,0,0,0,0,0,0,0,1,0,0,0,0,0,0,0,0,0,0,0,0,1,0,1
CTU,Actuate Therapeutics Inc,Healthcare,Biotechnology,USA,19490000.0,,0.81,-7.24%,337679.0,0,0,0,0,0,0,0,0,1,1,0,0,0,0,0,0,0,0,0,0,0,0,0,0,0,0,0,0,2,0,2
CWX,iShares MSCI ACWI ex US ETF,Financial,Exchange Traded Fund,USA,,,76.38,-0.10%,2386154.0,0,0,0,0,0,0,0,-1,0,0,0,0,0,0,0,0,0,0,0,0,0,0,0,0,0,0,0,0,0,1,1
CYN,FT Vest Laddered Autocallable Barrier & Income ETF,Financial,Exchange Traded Fund,USA,,,20.76,0.00%,2709777.0,0,0,0,0,0,1,0,0,0,0,1,0,0,0,0,0,0,0,0,0,0,0,0,0,0,0,0,0,2,0,2
CYS,FT Vest Laddered Autocallable Barrier & Resilient Income ETF,Financial,Exchange Traded Fund,USA,,,20.46,0.00%,651862.0,0,0,0,0,0,0,0,0,0,0,0,0,0,0,0,1,0,0,0,0,0,0,0,0,0,0,0,0,1,0,1
D,Array Digital Infrastructure Inc,Communication Services,Telecom Services,USA,2970000000.0,3.98,34.32,-0.52%,131048.0,0,0,0,0,0,0,0,0,1,1,0,0,0,0,0,0,0,0,0,0,0,0,0,0,0,0,0,0,2,0,2
DAG,Adagene Inc ADR,Healthcare,Biotechnology,China,196720000.0,,2.93,4.64%,213520.0,0,1,0,0,0,0,0,0,1,1,0,0,0,0,0,0,0,0,0,0,0,0,0,0,0,0,0,0,3,0,3
DC,Agree Realty Corp,Real Estate,REIT - Retail,USA,8180000000.0,35.44,65.79,0.32%,1615087.0,0,0,0,0,0,0,0,0,0,0,1,0,0,0,0,0,0,0,0,0,0,0,0,0,0,0,0,0,1,0,1
DCT,Adc Therapeutics SA,Healthcare,Drug Manufacturers - Specialty & Generic,Switzerland,162140000.0,,1.27,3.25%,1352801.0,0,0,0,0,0,0,0,0,0,0,0,0,0,0,0,0,0,0,0,0,0,0,0,0,0,1,0,0,1,0,1
DEA,Adeia Inc,Technology,Software - Application,USA,2710000000.0,22.74,24.6,-5.64%,1096685.0,0,0,0,0,0,0,0,0,0,0,0,0,0,0,0,1,0,0,0,0,0,0,0,0,0,0,0,0,1,0,1
DGM,Adagio Medical Holdings Inc,Healthcare,Medical Devices,USA,3060000.0,,0.14,-2.20%,1564277.0,0,0,0,0,0,0,0,0,1,0,0,0,0,0,0,0,0,0,0,0,0,0,0,0,0,0,0,0,1,0,1
DIV,Guinness Atkinson Asia Pacific Dividend Builder ETF,Financial,Exchange Traded Fund,USA,,,19.67,0.36%,1916.0,0,0,0,0,0,0,0,-1,0,0,0,0,0,0,0,0,0,0,0,0,0,0,0,0,0,0,0,0,0,1,1
DM,Archer Daniels Midland Co,Consumer Defensive,Farm Products,USA,39620000000.0,22.5,82.21,-0.32%,2185780.0,0,0,0,0,0,1,0,0,0,0,1,0,0,0,0,0,0,0,0,0,1,0,-1,0,0,0,0,0,3,1,4
DNT,Adient plc,Consumer Cyclical,Auto Parts,USA,1350000000.0,29.28,17.51,1.57%,816086.0,0,0,0,0,0,0,0,0,1,1,0,0,0,0,0,0,0,0,0,0,0,0,0,0,0,0,0,0,2,0,2
DPV,Adaptiv Select ETF,Financial,Exchange Traded Fund,USA,,,44.42,-0.26%,13240.0,0,0,0,0,0,0,0,0,1,0,0,0,0,0,0,0,0,0,0,0,0,0,0,0,0,0,0,0,1,0,1
DSE,Ads-Tec Energy Plc,Industrials,Electrical Equipment & Parts,Ireland,741330000.0,,9.86,-1.99%,37708.0,0,1,0,0,0,0,0,0,0,0,0,0,0,0,0,0,0,0,0,0,0,0,0,0,0,0,0,0,1,0,1
DX,Adams Diversified Equity Fund,Financial,Closed-End Fund - Equity,USA,3280000000.0,,26.29,1.62%,293852.0,0,0,0,-1,0,0,0,0,0,0,1,0,0,0,0,0,0,0,0,0,0,0,0,0,-1,0,0,0,1,2,3
DXN,Addex Therapeutics Ltd ADR,Healthcare,Biotechnology,Switzerland,3370000.0,,3.18,2.58%,1750.0,0,0,0,-1,0,0,0,0,0,0,0,0,0,0,0,0,0,0,0,-1,0,0,0,0,0,0,0,0,0,2,2
EC,Anfield Energy Inc,Energy,Uranium,Canada,69630000.0,,3.49,1.45%,32283.0,0,0,0,0,0,0,0,0,0,0,1,0,0,0,0,0,0,0,0,0,0,0,0,0,0,0,0,0,1,0,1
EF,abrdn Emerging Markets ex-China Fund Inc,Financial,Closed-End Fund - Equity,USA,391800000.0,,9.65,-0.92%,82839.0,0,0,0,0,0,0,0,0,0,0,1,0,0,0,0,0,0,0,0,0,0,0,0,0,-1,0,0,0,1,1,2
EHG,Leverage Shares 2X Long AEHR Daily ETF,Financial,Exchange Traded Fund,USA,,,7.43,-23.64%,3911492.0,0,1,0,0,0,0,0,0,0,0,0,0,0,0,0,0,0,0,0,0,0,0,0,0,0,0,0,0,1,0,1
EIS,Advanced Energy Industries Inc,Industrials,Electrical Equipment & Parts,USA,12130000000.0,56.46,302.77,1.84%,493282.0,0,0,0,0,0,0,0,0,1,0,0,0,-1,0,0,0,0,0,0,0,0,0,0,0,0,0,0,0,1,1,2
EMD,Aethlon Medical Inc,Healthcare,Medical Devices,USA,9770000.0,,6.09,-6.67%,75745.0,0,0,0,0,0,0,0,0,1,0,0,0,0,0,0,0,0,0,0,0,0,0,0,0,0,0,0,0,1,0,1
ENT,Alliance Entertainment Holding Corp,Communication Services,Entertainment,USA,234500000.0,17.97,4.6,-1.92%,19133.0,0,0,0,0,0,0,0,0,0,0,0,0,-1,-1,0,0,0,0,0,0,0,0,0,0,0,0,0,0,0,2,2
EO,American Eagle Outfitters Inc,Consumer Cyclical,Apparel Retail,USA,3000000000.0,9.16,17.89,-1.21%,5004041.0,0,0,0,0,0,0,0,0,0,0,0,0,-1,0,0,0,0,0,0,0,0,0,0,1,0,0,0,0,1,1,2
EON,AEON Biopharma Inc,Healthcare,Biotechnology,USA,14450000.0,,0.29,7.30%,2269112.0,0,0,0,0,0,0,0,0,1,0,0,0,0,0,0,0,0,0,0,0,0,0,0,0,0,0,0,0,1,0,1
ERO,Grupo Aeromexico SAB de CV ADR,Industrials,Airlines,Mexico,2440000000.0,11.31,16.73,7.80%,413775.0,0,0,0,0,0,0,0,0,0,0,0,0,0,0,0,1,0,0,0,0,0,0,0,0,0,0,0,0,1,0,1
ESI,Atlas Energy Solutions Inc,Energy,Oil & Gas Equipment & Services,USA,1590000000.0,,12.71,-0.08%,3381233.0,0,0,0,0,0,0,0,0,1,0,0,0,0,0,0,0,0,0,0,0,0,0,0,0,0,0,0,0,1,0,1
ESP,Aeon Acquisition I Corp,Financial,Shell Companies,USA,213260000.0,1466.18,9.97,-0.20%,13.0,0,0,0,0,0,0,0,0,0,0,1,0,0,0,0,0,0,0,0,0,0,0,-1,0,0,0,0,0,1,1,2
EYE,AudioEye Inc,Technology,Software - Application,USA,86980000.0,,6.92,2.82%,31366.0,0,1,0,0,0,0,0,0,0,0,0,0,-1,0,0,0,0,0,0,0,0,0,0,0,0,0,0,0,1,1,2
FEM,First Trust Active Factor Emerging Markets ETF,Financial,Exchange Traded Fund,USA,,,99.61,-0.67%,3674.0,0,1,0,0,0,0,0,0,0,0,0,0,0,0,0,0,0,0,0,0,0,0,0,0,0,0,0,0,1,0,1
FIF,Anfield Universal Fixed Income ETF,Financial,Exchange Traded Fund,USA,,,9.27,0.16%,6376712.0,0,0,0,0,0,0,0,0,1,0,0,0,0,0,0,0,0,0,0,0,0,0,0,0,0,0,0,0,1,0,1
FIX,Allspring Broad Market Core Bond ETF,Financial,Exchange Traded Fund,USA,,,23.61,0.30%,8430.0,0,0,0,0,0,0,0,0,0,0,0,0,0,0,0,0,0,0,0,-1,0,0,0,0,0,0,0,0,0,1,1
FMC,First Trust Active Factor Mid Cap ETF,Financial,Exchange Traded Fund,USA,,,40.69,0.00%,91919.0,0,0,0,-1,0,0,0,0,0,0,0,0,0,0,0,0,0,0,0,0,0,0,0,0,0,0,0,0,0,1,1
FOS,ARS Focused Opportunity Strategy ETF,Financial,Exchange Traded Fund,USA,,,46.21,0.74%,11426.0,0,0,0,0,0,0,0,0,0,0,1,1,0,0,0,0,0,0,0,0,0,0,0,0,-1,0,0,0,2,1,3
FRM,Affirm Holdings Inc,Financial,Credit Services,USA,25270000000.0,13.56,74.88,0.17%,2803083.0,0,0,0,0,0,0,0,0,0,0,1,0,0,0,0,0,0,0,0,0,0,0,0,0,0,0,0,0,1,0,1
GBK,AGI Inc,Financial,Banks - Regional,Brazil,1070000000.0000001,6.87,6.67,-1.04%,329540.0,0,0,0,0,0,1,0,0,1,0,0,0,0,0,0,0,0,0,0,-1,0,0,0,0,0,0,0,0,2,1,3
GEM,abrdn Emerging Markets Dividend Active ETF,Financial,Exchange Traded Fund,USA,,,48.95,-1.17%,9820.0,0,0,0,0,0,0,0,0,0,0,1,0,0,0,0,0,0,0,0,0,0,0,0,0,-1,0,0,0,1,1,2
GGS,Harbor Disciplined Bond ETF,Financial,Exchange Traded Fund,USA,,,38.99,0.22%,83.0,0,1,0,0,0,0,0,0,0,0,0,0,0,0,0,0,0,0,0,0,0,0,0,0,0,0,0,0,1,0,1
GI,Alamos Gold Inc,Basic Materials,Gold,Canada,13700000000.0,11.78,32.73,1.30%,2337396.0,0,1,0,0,0,0,0,0,0,0,0,0,0,0,0,0,0,0,0,0,0,0,0,0,0,0,0,0,1,0,1
GMH,AGM Group Holdings Inc,Technology,Computer Hardware,Hong Kong,3010000.0,0.12,0.58,-20.21%,2538589.0,0,0,0,0,0,0,0,0,1,1,0,0,0,0,0,0,0,0,0,0,0,0,0,0,0,0,0,0,2,0,2
GNT,AGNT Inc,Real Estate,Real Estate Services,USA,638390000.0,,3.82,-1.29%,1478241.0,0,0,0,-1,0,0,0,0,1,1,0,0,0,0,0,0,0,0,0,0,0,0,0,0,0,0,0,0,2,1,3
GOX,Adaptive Alpha Opportunities ETF,Financial,Exchange Traded Fund,USA,,,33.87,-0.10%,11616.0,0,0,0,0,0,0,0,0,0,0,0,0,-1,0,0,0,0,0,0,0,0,0,0,0,0,0,0,0,0,1,1
GRW,Allspring LT Large Growth ETF,Financial,Exchange Traded Fund,USA,,,34.01,0.78%,123.0,0,0,0,0,0,0,0,0,0,0,1,1,0,0,0,0,0,0,0,0,0,0,0,0,0,0,0,0,2,0,2
GRZ,Agroz Inc,Consumer Defensive,Farm Products,Malaysia,6100000.0,,3.31,-2.79%,7911.0,0,0,0,0,0,1,0,0,0,0,0,0,-1,0,0,0,0,0,0,0,0,0,0,0,0,0,0,0,1,1,2
HLT,American Beacon AHL Trend ETF,Financial,Exchange Traded Fund,USA,,,31.47,-0.60%,6634.0,0,0,0,0,0,0,0,0,0,0,1,1,0,0,0,0,0,0,0,0,0,0,0,0,0,0,0,0,2,0,2
HYB,American Century Select High Yield ETF,Financial,Exchange Traded Fund,USA,,,44.81,-0.16%,4186.0,0,0,0,-1,0,0,0,0,0,0,0,0,0,0,0,0,0,0,0,0,0,0,0,0,0,0,0,0,0,1,1
I,C3.ai Inc,Technology,Software - Infrastructure,USA,1810000000.0,,11.24,1.35%,3688691.0,0,0,0,0,0,0,0,0,0,0,0,0,-1,0,0,0,0,0,0,0,0,0,0,0,0,0,0,0,0,1,1
IA,iShares Asia 50 ETF,Financial,Exchange Traded Fund,USA,,,144.62,-1.52%,299765.0,0,0,0,0,0,0,0,0,0,0,0,0,0,0,0,1,0,0,0,0,0,0,0,0,0,0,0,0,1,0,1
IB,AIB Data Centers Inc,Technology,Software - Infrastructure,USA,119290000.0,,1.57,-3.09%,2634225.0,0,0,0,0,0,0,0,0,0,0,0,0,-1,0,0,0,0,0,0,0,0,0,0,0,0,0,0,0,0,1,1
IBZ,Bitzero Holdings Inc,Technology,Software - Infrastructure,Canada,200750000.0,,3.61,-9.52%,950397.0,0,0,0,0,0,0,0,0,1,1,0,0,0,0,0,0,0,0,0,0,0,0,0,0,0,0,0,0,2,0,2
IEQ,Amplify AI Powered Equity ETF,Financial,Exchange Traded Fund,USA,,,50.28,0.93%,3721.0,0,0,0,-1,0,0,0,0,0,0,0,0,0,0,0,0,0,0,0,0,0,0,0,0,0,0,0,0,0,1,1
IFF,Firefly Neuroscience Inc,Technology,Software - Application,USA,19620000.0,,1.25,-3.85%,294679.0,0,0,0,0,0,0,0,0,1,0,0,0,0,0,0,0,0,0,0,0,0,0,0,0,0,0,0,0,1,0,1
IG,American International Group Inc,Financial,Insurance - Diversified,USA,39270000000.0,13.76,75.11,-0.01%,5299869.0,0,0,0,0,0,0,0,0,0,0,0,0,0,0,0,0,0,0,0,0,1,0,0,0,0,0,0,0,1,0,1
IIR,Air Global Plc,Consumer Defensive,Tobacco,United Arab Emirates,1230000000.0,,7.65,-0.52%,11113.0,0,0,0,0,0,0,0,0,0,0,0,0,0,0,0,1,0,0,0,0,0,0,0,0,0,0,0,0,1,0,1
IM,AIM ImmunoTech Inc,Healthcare,Biotechnology,USA,7280000.0,,0.18,-3.95%,672530.0,0,0,0,-1,0,0,0,0,0,0,0,0,0,0,0,0,0,0,0,0,0,0,0,0,0,0,0,0,0,1,1
INT,FINQ DOLLAR NEUTRAL U.S. Large Cap AI-Managed Equity ETF,Financial,Exchange Traded Fund,USA,,,35.52,-0.08%,3335.0,0,0,0,0,0,0,0,0,0,0,1,0,0,0,0,0,0,0,0,0,0,0,0,0,0,0,0,0,1,0,1
IO,Virtus Artificial Intelligence & Technology Opportunities Fund,Financial,Closed-End Fund - Equity,USA,885430000.0,,25.71,1.78%,87057.0,0,0,0,0,0,0,0,0,1,1,0,0,0,0,0,0,0,0,0,0,0,0,0,0,0,0,0,0,2,0,2
IOS,AIOS Tech Inc,Technology,Information Technology Services,China,38600000.0,,11.88,-2.22%,6766.0,0,0,0,0,0,0,0,0,0,0,0,0,0,0,0,1,0,0,0,0,0,0,0,0,0,0,0,0,1,0,1
IOT,PowerFleet Inc,Technology,Software - Application,USA,363760000.0,,2.71,-3.90%,942334.0,0,0,0,0,0,0,0,0,0,0,0,0,-1,0,0,0,0,0,0,0,0,0,0,0,0,0,0,0,0,1,1
IPO,Defiance AI & Power Infrastructure ETF,Financial,Exchange Traded Fund,USA,,,30.03,3.62%,2493660.0,0,0,0,0,0,0,0,0,0,0,0,0,0,0,0,1,0,0,0,0,0,0,0,0,0,0,0,0,1,0,1
IRI,Air Industries Group,Industrials,Aerospace & Defense,USA,12540000.0,,2.59,4.66%,4559.0,0,0,0,-1,0,0,0,0,0,0,0,0,0,0,0,0,0,0,0,-1,0,0,0,0,0,0,0,0,0,2,2
IRJ,AirJoule Technologies Corp,Industrials,Building Products & Equipment,USA,287290000.0,,3.82,1.06%,663795.0,0,0,0,0,0,0,0,0,0,0,0,0,0,0,0,0,0,1,0,0,0,0,0,0,0,0,0,0,1,0,1
IRT,Air T Inc,Industrials,Conglomerates,USA,82540000.0,1.3,30.8,1.95%,14778.0,0,0,0,0,0,0,0,0,0,0,0,0,0,0,0,1,0,0,0,0,0,0,0,0,0,0,0,0,1,0,1
ISP,Airship AI Holdings Inc,Technology,Software - Infrastructure,USA,72670000.0,2.75,2.11,4.46%,1342297.0,0,0,0,0,0,0,0,0,1,0,0,0,0,0,0,0,0,0,0,0,0,0,0,0,0,0,0,0,1,0,1
IT,Applied Industrial Technologies Inc,Industrials,Industrial Distribution,USA,12670000000.0,31.48,344.99,-0.23%,264030.0,0,0,0,-1,0,0,0,0,0,0,0,0,0,0,0,0,0,0,0,0,0,0,0,0,0,0,0,0,0,1,1
IUP,FINQ FIRST U.S. Large Cap AI-Managed Equity ETF,Financial,Exchange Traded Fund,USA,,,32.17,-0.69%,1924.0,0,1,0,0,0,0,0,0,0,0,0,0,0,0,0,0,0,0,0,0,0,0,0,0,0,0,0,0,1,0,1
IYY,YieldMax AI Option Income Strategy ETF,Financial,Exchange Traded Fund,USA,,,7.48,0.67%,126794.0,0,0,0,0,0,1,0,0,0,0,0,0,0,0,0,0,0,0,0,0,0,0,0,0,0,0,0,0,1,0,1
JAN,Innovator Equity Defined Protection ETF - 2 Yr to January 2028,Financial,Exchange Traded Fund,USA,,,28.7,0.17%,4321.0,0,0,0,-1,0,0,0,0,0,0,0,0,0,0,0,0,0,1,0,0,0,0,0,0,0,0,0,0,1,1,2
KA,a.k.a. Brands Holding Corp,Consumer Cyclical,Apparel Retail,USA,117600000.0,,10.7,0.00%,383.0,0,0,0,0,0,0,0,0,1,0,0,0,0,0,0,0,0,0,0,0,0,0,0,0,0,0,0,0,1,0,1
KBA,Akebia Therapeutics Inc,Healthcare,Drug Manufacturers - Specialty & Generic,USA,243440000.0,,0.88,-3.51%,6178611.0,0,0,0,0,0,0,0,0,1,0,0,0,0,0,0,0,0,0,0,0,0,0,0,0,0,0,0,0,1,0,1
KO-B,Embotelladora Andina SA ADR,Consumer Defensive,Beverages - Non-Alcoholic,Chile,2410000000.0,14.37,30.56,2.77%,4407.0,0,0,0,0,0,0,0,0,0,0,0,0,-1,0,0,1,0,0,0,0,0,0,0,0,0,0,0,0,1,1,2
KR,Acadia Realty Trust,Real Estate,REIT - Retail,USA,2570000000.0,54.38,18.39,-0.11%,1190855.0,0,0,0,0,0,0,0,0,0,0,1,0,0,0,0,0,0,0,0,0,0,0,0,0,0,0,0,0,1,0,1
LB,Albemarle Corp,Basic Materials,Specialty Chemicals,USA,12550000000.0,,106.35,1.90%,1497374.0,0,0,0,0,0,0,0,0,1,0,0,0,0,0,0,0,0,0,0,0,0,0,0,0,0,0,0,0,1,0,1
LCO,Alico Inc,Consumer Defensive,Farm Products,USA,283910000.0,182.59,38.27,-0.31%,14038.0,0,0,0,0,0,0,0,0,0,0,0,0,0,0,0,1,0,0,0,0,0,0,0,0,0,0,0,0,1,0,1
LDX,Aldeyra Therapeutics Inc,Healthcare,Biotechnology,USA,55250000.0,,0.92,-0.84%,8234452.0,0,0,0,0,0,0,0,0,0,0,1,0,0,0,0,0,0,0,0,0,0,0,0,0,0,0,0,0,1,0,1
LEC,Alector Inc,Healthcare,Biotechnology,USA,202100000.0,,1.81,-9.05%,10177269.0,0,0,0,0,0,0,0,0,0,0,0,0,0,0,0,0,0,0,0,0,0,0,0,0,-1,0,0,0,0,1,1
LG,Alamo Group Inc,Industrials,Farm & Heavy Construction Machinery,USA,1970000000.0,19.42,162.11,-0.17%,91369.0,0,0,0,0,0,0,0,0,0,0,0,0,0,0,0,0,0,0,0,0,0,0,0,0,0,0,0,1,1,0,1
LGT,Allegiant Travel,Industrials,Airlines,USA,2120000000.0,55.12,77.54,3.19%,446264.0,0,0,0,0,0,0,0,0,0,0,0,0,-1,0,0,0,0,0,0,0,0,0,0,0,0,1,0,0,1,1,2
LIL,Argent Focused Small Cap ETF,Financial,Exchange Traded Fund,USA,,,30.87,-0.14%,559.0,0,0,0,0,0,0,0,0,0,0,0,0,-1,0,0,0,0,0,0,0,0,0,0,0,0,0,0,0,0,1,1
LLO,Allogene Therapeutics Inc,Healthcare,Biotechnology,USA,504420000.0,,1.46,-2.67%,4659678.0,0,0,0,0,0,0,0,0,1,0,0,0,0,0,0,0,0,0,0,0,0,0,0,0,0,0,0,0,1,0,1
LLR,Allarity Therapeutics Inc,Healthcare,Biotechnology,USA,15680000.0,,0.99,-1.47%,46338.0,0,0,0,0,0,0,0,0,0,0,0,0,0,0,0,0,0,0,0,0,0,0,0,0,0,0,-1,0,0,1,1
LMU,Aeluma Inc,Technology,Semiconductors,USA,253410000.0,,13.12,0.31%,493419.0,0,0,0,0,0,0,0,0,0,0,0,0,0,0,0,0,0,0,0,0,0,0,0,1,0,0,0,0,1,0,1
LOV,Aldabra 4 Liquidity Opportunity Vehicle Inc,Financial,Shell Companies,USA,376130000.0,134.38,10.02,0.05%,4374.0,0,0,0,0,0,0,0,-1,0,0,0,0,0,0,0,0,0,0,0,0,0,0,0,0,0,0,0,0,0,1,1
LOY,REalloys Inc,Basic Materials,Other Industrial Metals & Mining,USA,563680000.0,,8.12,0.12%,971034.0,0,1,0,0,0,0,0,0,0,0,0,0,0,0,0,0,0,0,0,0,0,0,0,0,0,1,0,0,2,0,2
LRS,Alerus Financial Corp,Financial,Banks - Regional,USA,806660000.0,30.23,32.36,-0.11%,180640.0,0,0,0,0,0,0,0,0,0,0,0,0,0,0,0,0,0,0,0,0,0,0,-1,0,0,0,0,0,0,1,1
LSN,Allison Transmission Holdings Inc,Consumer Cyclical,Auto Parts,USA,9480000000.0,18.22,114.75,-0.86%,683379.0,0,0,0,0,0,0,0,0,0,0,0,0,-1,0,0,0,0,0,0,0,0,0,0,0,0,0,0,0,0,1,1
LTO,Alto Ingredients Inc,Basic Materials,Specialty Chemicals,USA,290880000.0,5.63,3.75,-1.06%,781864.0,0,0,0,0,0,0,0,0,1,0,0,0,0,0,0,0,0,0,0,0,1,0,-1,0,0,0,0,0,2,1,3
LVO,Alvotech,Healthcare,Drug Manufacturers - Specialty & Generic,Luxembourg,2400000000.0,,6.14,0.49%,1219410.0,0,0,0,0,0,0,0,0,0,0,0,0,0,0,0,0,0,0,0,0,0,0,0,0,0,1,0,0,1,0,1
LX,Alexander's Inc,Real Estate,REIT - Retail,USA,1250000000.0,7.43,245.49,0.11%,45974.0,0,1,0,0,0,0,0,0,0,0,0,0,-1,0,0,0,0,0,0,0,0,0,0,0,0,0,0,0,1,1,2
MAL,Amalgamated Financial Corp,Financial,Banks - Regional,USA,1420000000.0,12.7,47.65,-0.17%,144867.0,0,0,0,0,0,1,0,0,0,0,0,0,0,0,0,0,0,1,0,0,0,0,0,0,0,0,0,0,2,0,2
MBA,Ambarella Inc,Technology,Semiconductor Equipment & Materials,USA,3000000000.0,,67.94,-0.47%,834548.0,0,0,0,0,0,0,0,0,0,0,0,0,-1,0,0,0,0,0,0,0,0,0,0,0,0,0,0,0,0,1,1
MBO,Ambow Education Holding Ltd ADR,Consumer Defensive,Education & Training Services,USA,4820000.0,,1.84,0.50%,1293.0,0,0,0,0,0,0,0,0,0,0,0,0,-1,0,0,0,0,0,0,0,0,0,0,0,0,0,0,0,0,1,1
MCI,AMC Robotics Corp,Technology,Computer Hardware,USA,68680000.0,,2.93,-1.35%,27213.0,0,0,0,0,0,0,0,0,1,1,0,0,0,0,0,0,0,0,0,0,0,0,0,0,0,0,0,0,2,0,2
MMO,VistaShares Defense Supercycle ETF,Financial,Exchange Traded Fund,USA,,,24.34,-1.14%,351.0,0,0,0,0,0,1,0,0,0,0,0,0,0,0,0,0,0,0,0,0,0,0,0,0,0,0,0,0,1,0,1
MRC,Ameresco Inc,Industrials,Engineering & Construction,USA,1200000000.0,43.56,22.68,5.54%,385625.0,0,0,0,0,0,0,0,0,1,0,0,0,0,0,0,0,0,0,0,0,0,0,0,0,0,0,0,0,1,0,1
MRX,Amneal Pharmaceuticals Inc,Healthcare,Drug Manufacturers - Specialty & Generic,USA,6480000000.0,42.35,20.3,-0.27%,3591562.0,0,0,0,0,0,0,0,0,1,0,0,0,0,0,0,0,0,0,0,0,0,0,0,0,0,0,0,0,1,0,1
MS,American Shared Hospital Services,Healthcare,Medical Care Facilities,USA,9180000.0,,1.38,2.22%,4812.0,0,0,0,0,0,0,0,0,0,0,0,0,0,0,0,1,0,0,0,0,0,0,0,0,0,0,0,0,1,0,1
MSC,American Superconductor Corp,Industrials,Specialty Industrial Machinery,USA,1540000000.0,10.52,31.85,6.24%,849381.0,0,1,0,0,0,1,0,0,0,0,0,0,0,0,0,0,0,0,0,0,0,0,0,0,0,0,0,0,2,0,2
MT,American Tower Corp,Real Estate,REIT - Specialty,USA,76780000000.0,22.66,164.78,1.55%,2185415.0,0,0,0,0,0,0,0,0,1,0,0,0,0,0,0,0,0,0,0,0,0,0,0,0,0,0,0,0,1,0,1
MTB,Amerant Bancorp Inc,Financial,Banks - Regional,USA,1140000000.0,20.85,29.06,-0.65%,206866.0,0,0,0,0,0,0,0,0,0,0,0,0,-1,0,0,0,0,0,0,0,0,0,0,0,0,0,0,0,0,1,1
MTD,AMTD IDEA Group ADR,Financial,Asset Management,France,30840000.0,1.16,0.73,-5.96%,33426.0,0,0,0,0,0,0,0,0,0,0,0,0,0,0,0,0,0,0,0,0,0,0,0,0,0,1,0,0,1,0,1
MTX,Aemetis Inc,Basic Materials,Specialty Chemicals,USA,129190000.0,,1.79,1.70%,382576.0,0,0,0,0,0,0,0,0,1,0,0,0,-1,0,0,0,0,0,0,0,0,0,0,0,0,0,0,0,1,1,2
MWL,American Well Corp,Healthcare,Health Information Services,USA,208700000.0,,12.27,-3.54%,91108.0,0,0,0,0,0,0,0,-1,0,0,0,0,0,0,0,0,0,0,0,0,0,0,0,0,0,0,0,0,0,1,1
MZD,Direxion Daily AMZN Bear 1X ETF,Financial,Exchange Traded Fund,USA,,,8.51,-1.96%,9653480.0,0,0,0,0,0,0,0,0,1,0,0,0,0,0,0,0,0,0,0,0,0,0,0,0,0,0,0,0,1,0,1
MZO,Tradr 2X Short AMZN Daily ETF,Financial,Exchange Traded Fund,USA,,,13.9,-4.01%,13223.0,0,0,0,0,0,0,0,0,1,0,0,0,0,0,0,0,0,0,0,0,0,0,0,0,0,0,0,0,1,0,1
MZP,Kurv Yield Premium Strategy Amazon (AMZN) ETF,Financial,Exchange Traded Fund,USA,,,25.69,2.02%,22683.0,0,0,0,0,0,0,0,0,0,0,0,0,0,0,0,1,0,0,0,0,0,0,0,0,0,0,0,0,1,0,1
MZU,Direxion Daily AMZN Bull 2X ETF,Financial,Exchange Traded Fund,USA,,,35.89,3.70%,3127307.0,0,0,0,0,0,0,0,0,0,0,1,0,0,0,0,0,0,0,0,0,0,0,0,0,-1,0,0,0,1,1,2
MZW,Roundhill AMZN WeeklyPay ETF,Financial,Exchange Traded Fund,USA,,,35.2,2.32%,13134.0,0,0,0,0,0,0,0,0,0,0,0,0,-1,0,0,0,0,0,0,0,0,0,0,1,0,0,0,0,1,1,2
MZY,YieldMax AMZN Option Income Strategy ETF,Financial,Exchange Traded Fund,USA,,,10.48,1.35%,151328.0,0,0,0,0,0,0,0,0,1,0,0,0,0,0,0,0,0,0,0,0,0,0,0,0,0,0,0,0,1,0,1
MZZ,GraniteShares 2x Long AMZN Daily ETF,Financial,Exchange Traded Fund,USA,,,33.69,4.06%,134096.0,0,0,0,0,0,0,0,0,0,0,1,0,0,0,0,0,0,0,0,0,0,0,0,0,-1,0,0,0,1,1,2
NAB,AnaptysBio Inc,Healthcare,Biotechnology,USA,1430000000.0,7.43,47.89,-2.66%,627091.0,0,0,0,0,0,0,0,0,0,0,0,0,0,0,0,0,0,0,0,0,1,0,-1,0,0,0,0,0,1,1,2
NDE,Andersons Inc,Consumer Defensive,Food Distribution,USA,2260000000.0,12.86,66.61,-0.44%,265019.0,0,0,0,0,0,1,0,0,1,0,0,0,0,0,0,0,0,0,0,0,0,0,0,0,0,0,0,0,2,0,2
NEW,ProShares MSCI Transformational Changes ETF,Financial,Exchange Traded Fund,USA,,,54.51,-0.34%,13.0,0,0,0,0,0,0,0,-1,0,0,0,0,0,0,0,0,0,0,0,0,0,0,0,0,0,0,0,0,0,1,1
NGH,Anghami Inc,Communication Services,Entertainment,United Arab Emirates,33450000.000000004,,3.57,0.28%,5196.0,0,0,0,0,0,1,0,0,0,0,0,0,0,0,0,0,0,0,0,0,0,0,0,0,0,0,0,0,1,0,1
NIP,ANI Pharmaceuticals Inc,Healthcare,Drug Manufacturers - Specialty & Generic,USA,1640000000.0,15.44,71.52,-1.46%,292000.0,0,0,0,0,0,0,0,0,1,0,0,0,0,0,0,0,0,0,0,0,0,0,0,0,0,0,0,0,1,0,1
NL,Adlai Nortye Group Ltd ADR,Healthcare,Biotechnology,China,849240000.0,,14.46,-3.86%,99766.0,0,0,0,0,0,0,0,0,0,0,1,0,0,0,0,0,0,0,0,0,0,0,-1,0,0,0,0,0,1,1,2
NNA,AleAnna Inc,Energy,Oil & Gas E&P,USA,182730000.0,14.09,2.73,1.49%,129084.0,0,0,0,0,0,0,0,0,0,0,0,0,-1,0,0,0,0,0,0,0,0,0,0,0,0,0,0,0,0,1,1
NVS,Annovis Bio Inc,Healthcare,Biotechnology,USA,50360000.0,,1.18,-1.67%,538740.0,0,0,0,0,0,0,0,0,1,0,0,0,0,0,0,0,0,0,0,0,0,0,0,0,0,0,0,0,1,0,1
OK,iShares Core 30/70 Conservative Allocation ETF,Financial,Exchange Traded Fund,USA,,,40.48,0.27%,331627.0,0,0,0,0,0,0,0,0,0,0,0,0,-1,0,0,0,0,0,0,0,1,0,0,0,-1,0,0,0,1,2,3
OM,iShares Core 40/60 Moderate Allocation ETF,Financial,Exchange Traded Fund,USA,,,48.89,0.35%,530767.0,0,0,0,0,0,0,0,0,0,0,0,0,0,0,0,0,0,0,0,0,0,0,-1,0,0,0,0,0,0,1,1
OMR,Angel Oak Mortgage REIT Inc,Real Estate,REIT - Mortgage,USA,171330000.0,9.93,7.38,1.79%,84202.0,0,0,0,0,0,0,0,0,0,0,0,0,0,0,0,0,0,0,0,0,1,0,0,0,0,0,0,0,1,0,1
ON,Aon Plc,Financial,Insurance Brokers,Ireland,58120000000.0,15.11,273.99,0.71%,1382264.0,0,1,0,0,0,0,0,0,0,0,0,0,0,0,0,0,0,0,0,0,0,0,0,0,0,0,0,0,1,0,1
OSL,Alpha & Omega Semiconductor Ltd,Technology,Semiconductors,USA,907340000.0,,29.94,3.24%,427202.0,0,0,0,0,0,0,0,0,1,1,0,0,0,0,0,0,0,0,0,0,0,0,0,0,0,0,0,0,2,0,2
PAC,StoneBridge Acquisition II Corp,Financial,Shell Companies,USA,82760000.0,78.4,10.27,0.00%,403.0,0,0,0,0,0,1,0,0,0,0,0,0,0,0,0,0,0,1,0,0,0,0,0,0,0,0,0,0,2,0,2
PC,ARKO Petroleum Corp,Energy,Oil & Gas Refining & Marketing,USA,776340000.0,,16.32,3.49%,171497.0,0,1,0,0,0,0,0,0,0,0,0,0,0,0,0,0,0,0,0,0,0,0,-1,0,0,0,0,0,1,1,2
PHG,Leverage Shares 2X Long APH Daily ETF,Financial,Exchange Traded Fund,USA,,,17.03,2.53%,5373.0,0,0,0,0,0,0,0,0,0,0,0,0,-1,0,0,0,0,0,0,0,0,0,0,0,0,0,0,0,0,1,1
PLM,Apollomics Inc,Healthcare,Biotechnology,USA,62740000.0,,22.1,-8.41%,13177.0,0,1,0,0,0,0,0,0,0,0,0,0,0,0,0,0,0,0,0,0,0,0,0,0,0,0,0,0,1,0,1
PLU,Allspring Core Plus ETF,Financial,Exchange Traded Fund,USA,,,23.39,0.30%,183322.0,0,0,0,-1,0,0,0,0,0,0,0,0,0,0,0,0,0,0,0,0,0,0,0,0,0,0,0,0,0,1,1
POG,Apogee Enterprises Inc,Industrials,Building Products & Equipment,USA,834730000.0,12.69,40.0,12.17%,1519160.0,0,0,0,0,0,1,0,0,1,0,0,0,0,0,0,0,0,0,0,0,0,0,0,0,0,0,0,0,2,0,2
PPS,Digital Turbine Inc,Technology,Software - Application,USA,1270000000.0,,10.49,-6.42%,3330726.0,0,0,0,0,0,0,0,-1,0,0,0,0,0,0,0,0,0,0,0,0,0,0,0,0,0,0,0,0,0,1,1
PUS,Apimeds Pharmaceuticals US Inc,Healthcare,Drug Manufacturers - Specialty & Generic,USA,10760000.0,,7.13,55.34%,43840485.0,0,0,0,0,0,0,0,0,1,0,0,0,0,0,0,0,0,0,0,0,0,0,0,0,0,0,0,0,1,0,1
PXM,FT Vest U.S. Equity Max Buffer ETF - April,Financial,Exchange Traded Fund,USA,,,32.26,0.14%,3985.0,0,0,0,0,0,0,0,0,0,0,1,1,0,0,0,0,0,0,0,0,0,0,0,0,0,0,0,0,2,0,2
QB,AquaBounty Technologies Inc,Consumer Defensive,Farm Products,USA,4500000.0,,0.87,-1.31%,61046.0,0,1,0,0,0,1,0,0,0,0,0,0,0,0,0,0,0,0,0,0,0,0,0,0,0,0,0,0,2,0,2
QLG,HCM Large Cap Growth ETF,Financial,Exchange Traded Fund,USA,,,26.48,0.72%,8.0,0,0,0,0,0,0,0,0,1,0,0,0,0,0,0,0,0,0,0,0,0,0,0,0,0,0,0,0,1,0,1
QMS,Aqua Metals Inc,Industrials,Waste Management,USA,7500000.0,,2.11,0.24%,18752.0,0,0,0,0,0,0,0,0,1,0,0,0,0,0,0,0,0,0,0,0,0,0,0,0,0,0,0,0,1,0,1
QST,Aquestive Therapeutics Inc,Healthcare,Drug Manufacturers - Specialty & Generic,USA,578610000.0,,4.61,0.88%,1208672.0,0,0,0,-1,0,0,0,0,0,0,0,0,0,0,0,0,0,0,0,0,0,0,0,0,0,0,0,0,0,1,1
QWA,Global X Clean Water ETF,Financial,Exchange Traded Fund,USA,,,18.14,0.15%,6594.0,0,0,0,0,0,0,0,0,1,0,0,0,0,0,0,0,0,0,0,0,0,0,0,0,0,0,0,0,1,0,1
R,Antero Resources Corp,Energy,Oil & Gas E&P,USA,10980000000.0,10.25,35.72,2.97%,4023834.0,0,0,0,0,0,0,0,0,0,0,1,0,0,0,0,1,0,0,0,0,0,0,0,0,0,0,0,0,2,0,2
RAY,Accuray Inc,Healthcare,Medical Devices,USA,31230000.0,,0.26,-13.32%,1844137.0,0,0,0,0,0,0,0,0,1,1,0,0,0,0,0,0,0,0,0,0,0,0,0,0,0,0,0,0,2,0,2
RBB,ARB IOT Group Ltd,Technology,Information Technology Services,Singapore,7910000.0,,4.48,0.00%,1418.0,0,0,0,0,0,0,0,0,0,0,0,0,-1,-1,0,0,0,0,0,0,0,0,0,0,0,1,0,0,1,2,3
RBE,Arbe Robotics Ltd,Technology,Scientific & Technical Instruments,Israel,76640000.0,,0.6,1.12%,1133865.0,0,0,0,0,0,0,0,0,0,0,0,0,-1,-1,0,0,0,0,0,0,0,0,0,0,0,0,0,0,0,2,2
RCB,ArcBest Corp,Industrials,Trucking,USA,2870000000.0,184.28,128.24,-2.21%,193218.0,0,0,0,0,0,0,0,0,1,0,0,0,0,0,0,0,0,0,0,0,0,0,0,0,0,0,0,0,1,0,1
RCM,Arrow Reserve Capital Management ETF,Financial,Exchange Traded Fund,USA,,,99.96,0.02%,993.0,0,1,0,-1,0,0,0,0,0,0,0,0,0,0,0,0,0,0,0,0,0,0,0,0,0,0,0,0,1,1,2
RE,Alexandria Real Estate Equities Inc,Real Estate,REIT - Office,USA,8000000000.0,,45.92,0.09%,1736159.0,0,0,0,0,0,0,0,0,0,0,1,0,0,0,0,0,0,0,0,0,0,0,0,0,0,0,0,0,1,0,1
RGT,Global X MSCI Argentina ETF,Financial,Exchange Traded Fund,USA,,,89.69,0.18%,338841.0,0,0,0,0,0,0,0,0,0,0,0,0,-1,0,0,0,0,0,0,0,0,0,0,0,0,0,0,0,0,1,1
RGX,Argen X SE ADR,Healthcare,Biotechnology,Netherlands,58210000000.0,35.46,930.52,1.93%,430065.0,0,1,0,0,0,0,0,0,0,0,0,0,0,0,0,0,0,0,0,0,0,0,0,0,0,0,0,0,1,0,1
RHS,Arhaus Inc,Consumer Cyclical,Specialty Retail,USA,1410000000.0,20.33,9.92,-1.88%,1990017.0,0,0,0,0,0,0,0,0,0,0,1,0,0,0,0,0,0,0,0,0,0,0,0,0,0,0,0,0,1,0,1
RI,Apollo Commercial Real Estate Finance Inc,Real Estate,REIT - Mortgage,USA,803400000.0,7.92,6.25,0.32%,2946461.0,0,0,0,0,0,0,0,0,1,0,0,0,0,0,0,0,0,0,0,0,0,0,0,0,0,0,0,0,1,0,1
RKG,ARK Genomic Revolution ETF,Financial,Exchange Traded Fund,USA,,,51.75,-8.84%,14274964.0,0,0,0,0,0,0,0,-1,0,0,0,0,0,0,0,0,0,0,0,0,0,0,0,0,0,0,0,0,0,1,1
RKK,ARK Innovation ETF,Financial,Exchange Traded Fund,USA,,,90.49,-2.47%,4771000.0,0,0,0,-1,0,0,0,0,0,0,0,0,0,0,0,0,0,0,0,0,0,0,0,0,0,0,0,0,0,1,1
RKQ,ARK Autonomous Technology & Robotics ETF,Financial,Exchange Traded Fund,USA,,,127.2,1.08%,132790.0,0,0,0,0,0,0,0,0,0,0,0,0,0,0,0,0,0,0,0,0,0,0,0,0,0,0,-1,0,0,1,1
RLO,Arlo Technologies Inc,Industrials,Building Products & Equipment,USA,1380000000.0,46.23,12.8,1.67%,1017717.0,0,0,0,0,0,0,0,0,0,0,0,0,0,0,0,0,0,0,0,0,1,0,-1,0,0,0,0,0,1,1,2
RLP,"Alliance Resource Partners, LP",Energy,Thermal Coal,USA,3170000000.0,12.03,24.67,-0.48%,407373.0,0,0,0,0,0,0,0,0,0,0,0,0,-1,0,0,0,0,0,0,0,0,0,0,0,0,0,0,0,0,1,1
RMG,Leverage Shares 2X Long ARM Daily ETF,Financial,Exchange Traded Fund,USA,,,22.81,-0.13%,1299672.0,0,0,0,0,0,0,0,0,0,0,0,0,-1,0,0,0,0,0,0,0,0,0,0,0,0,0,0,0,0,1,1
RMP,Armata Pharmaceuticals Inc,Healthcare,Biotechnology,USA,143150000.0,,3.85,5.19%,114691.0,0,0,0,0,0,0,0,0,1,0,0,0,0,0,0,0,0,0,0,0,0,0,0,0,0,0,0,0,1,0,1
RMW,Roundhill ARM WeeklyPay ETF,Financial,Exchange Traded Fund,USA,,,46.74,-0.26%,48491.0,0,0,0,0,0,0,0,0,1,0,0,0,0,0,0,0,0,0,0,0,0,0,0,0,0,0,0,0,1,0,1
ROC,Archrock Inc,Energy,Oil & Gas Equipment & Services,USA,5410000000.0,16.56,30.83,2.43%,1839329.0,0,0,0,0,0,1,0,0,1,0,0,0,0,0,0,0,0,0,0,0,0,0,0,0,0,0,0,0,2,0,2
RQT,Arcutis Biotherapeutics Inc,Healthcare,Biotechnology,USA,3010000000.0,115.5,23.92,-4.89%,2573025.0,0,0,0,0,0,0,0,0,0,0,1,0,0,0,0,0,0,0,0,0,0,0,0,0,0,0,0,0,1,0,1
RRY,Array Technologies Inc,Technology,Solar,USA,625270000.0,,4.06,4.10%,6727103.0,0,0,0,0,0,0,0,0,1,0,0,0,0,0,0,0,0,0,0,0,0,0,0,0,0,0,0,0,1,0,1
S,Amer Sports Inc,Consumer Cyclical,Leisure,Finland,16149999999.999998,29.01,27.76,1.06%,4856031.0,0,1,0,-1,0,0,0,0,0,0,0,0,0,0,0,0,0,0,0,0,0,0,0,0,0,0,0,0,1,1,2
SA,ASA Gold and Precious Metals Ltd,Financial,Closed-End Fund - Equity,USA,1050000000.0,,57.06,1.35%,19719.0,0,0,0,0,0,0,0,0,1,0,0,0,0,0,0,0,0,0,0,0,0,0,0,0,0,0,0,0,1,0,1
SAN,Asana Inc,Technology,Software - Application,USA,2130000000.0,,9.29,1.64%,3200362.0,0,0,0,-1,0,0,0,0,0,0,0,0,0,0,0,0,0,0,0,0,0,0,0,0,0,0,0,0,0,1,1
SC,Ardmore Shipping Corp,Industrials,Marine Shipping,Bermuda,768840000.0,7.29,18.82,-2.69%,539283.0,0,0,0,0,0,0,0,0,0,0,0,0,-1,0,0,0,0,0,0,0,0,0,0,0,0,0,0,0,0,1,1
SCE,Allspring SMID Core ETF,Financial,Exchange Traded Fund,USA,,,33.51,-0.39%,196162.0,0,0,0,0,0,0,0,0,0,0,0,0,0,0,0,0,0,0,0,0,0,0,0,0,-1,0,0,0,0,1,1
SCI,abrdn International Small Cap Active ETF,Financial,Exchange Traded Fund,USA,,,37.2,0.46%,1097.0,0,0,0,0,0,0,0,0,0,0,1,1,0,0,0,0,0,0,0,0,0,0,0,0,0,0,0,0,2,0,2
SG,Liberty All-Star Growth Fund Inc,Financial,Closed-End Fund - Equity,USA,331330000.0,,5.2,0.78%,521843.0,0,0,0,0,0,0,0,0,0,0,1,0,0,0,0,0,0,0,0,0,0,0,0,0,0,0,0,0,1,0,1
SGI,abrdn Global Infrastructure Income Fund,Financial,Closed-End Fund - Equity,USA,617560000.0,,19.52,0.88%,238335.0,0,0,0,0,0,0,0,0,0,0,1,0,0,0,0,0,0,0,0,0,0,0,0,0,0,0,0,0,1,0,1
SHR,Xtrackers Harvest CSI 300 China A-Shares ETF,Financial,Exchange Traded Fund,USA,,,32.65,0.00%,1363868.0,0,0,0,0,0,0,0,0,1,0,0,0,0,0,0,0,0,0,0,0,0,0,0,0,0,0,0,0,1,0,1
SHS,Xtrackers Harvest CSI 500 China A-Shares Small Cap ETF,Financial,Exchange Traded Fund,USA,,,40.34,-0.16%,457.0,0,0,0,0,0,0,0,0,1,0,0,0,0,0,0,0,0,0,0,0,0,0,0,0,0,0,0,0,1,0,1
SLE,AerSale Corp,Industrials,Airports & Air Services,USA,237200000.0,,4.97,0.40%,380559.0,0,0,0,0,0,0,0,0,1,0,0,0,0,0,0,0,0,0,0,0,0,0,0,0,0,0,0,0,1,0,1
SM,Avino Silver & Gold Mines Ltd,Basic Materials,Other Precious Metals & Mining,Canada,946060000.0,20.91,5.57,-0.18%,2539347.0,0,0,0,0,0,0,0,0,0,0,0,0,0,0,0,0,0,0,0,0,1,0,0,0,0,0,0,0,1,0,1
SMF,Virtus AlphaSimplex Managed Futures ETF,Financial,Exchange Traded Fund,USA,,,27.64,-0.02%,2316.0,0,1,0,0,0,0,0,0,0,0,1,0,0,0,0,0,0,0,0,0,0,0,0,0,0,0,0,0,2,0,2
SMG,Leverage Shares 2X Long ASML Daily ETF,Financial,Exchange Traded Fund,USA,,,50.9,-2.70%,33432.0,0,0,0,0,0,0,0,0,0,0,0,0,-1,-1,0,0,0,0,0,0,0,0,0,0,0,0,0,0,0,2,2
SMH,ASML Holding NV ADRhedged,Financial,Exchange Traded Fund,USA,,,12.75,-1.94%,8997.0,0,0,0,0,0,0,0,0,1,0,0,0,0,0,0,0,0,0,0,0,0,0,0,0,0,0,0,0,1,0,1
SML,ASML Holding NV,Technology,Semiconductor Equipment & Materials,Netherlands,706900000000.0,57.1,1834.1,-1.39%,1627464.0,0,1,0,0,0,0,0,0,0,0,0,0,0,0,0,1,0,0,0,0,0,0,0,0,0,0,0,0,2,0,2
SMU,Direxion Daily ASML Bull 2X ETF,Financial,Exchange Traded Fund,USA,,,33.17,-2.92%,138040.0,0,0,0,0,0,0,0,0,0,0,0,0,0,0,0,1,0,0,0,0,0,0,0,0,0,0,0,0,1,0,1
SR,Grupo Aeroportuario Del Sureste SA ADR,Industrials,Airports & Air Services,Mexico,6670000000.0,13.04,240.79,0.97%,82667.0,0,0,0,0,0,0,0,0,0,0,0,0,0,0,0,0,0,0,0,-1,0,0,0,0,0,0,0,0,0,1,1
SRV,Ameriserv Financial Inc,Financial,Banks - Regional,USA,74710000.0,8.65,4.4,-0.45%,32584.0,0,0,0,0,0,0,0,0,0,0,0,0,-1,0,0,0,0,0,0,0,0,0,0,0,0,0,0,0,0,1,1
STG,Leverage Shares 2X Long ASTS Daily ETF,Financial,Exchange Traded Fund,USA,,,7.99,15.80%,104951.0,0,0,0,0,0,0,0,0,0,0,0,0,0,0,0,0,0,0,0,0,0,0,0,0,0,1,0,0,1,0,1
STL,Algoma Steel Group Inc,Basic Materials,Steel,Canada,459620000.0,,4.35,-2.25%,333600.0,0,0,0,0,0,0,0,0,0,0,0,0,0,0,0,0,0,0,0,0,0,0,0,0,0,0,-1,0,0,1,1
STN,Defiance Daily Target 2X Short ASTS ETF,Financial,Exchange Traded Fund,USA,,,15.83,-15.44%,881734.0,0,0,0,0,0,0,0,0,0,0,0,0,-1,0,0,0,0,0,0,0,0,0,0,0,0,1,0,0,1,1,2
SUP,T-REX 2X Long ASTS Daily Target ETF,Financial,Exchange Traded Fund,USA,,,7.46,16.58%,20278.0,0,0,0,0,0,0,0,0,0,0,0,0,0,0,0,0,0,0,0,0,0,0,0,0,0,1,0,0,1,0,1
SUR,Asure Software Inc,Technology,Software - Application,USA,215440000.0,,7.46,-5.45%,87232.0,0,0,0,0,0,0,0,0,0,0,0,0,0,0,0,1,0,0,0,0,0,0,0,0,0,0,0,0,1,0,1
TCH,AtlasClear Holdings Inc,Financial,Capital Markets,USA,27680000.0,36.46,0.18,2.42%,1503529.0,0,0,0,0,0,0,0,0,1,0,0,0,0,0,0,0,0,0,0,0,0,0,0,0,0,0,0,0,1,0,1
TEX,Anterix Inc,Communication Services,Telecom Services,USA,1640000000.0,23.81,83.41,-2.57%,219111.0,0,0,0,0,0,0,0,0,1,0,0,0,0,0,0,0,0,0,0,0,0,0,0,0,0,0,0,0,1,0,1
TFV,Alger 35 ETF,Financial,Exchange Traded Fund,USA,,,41.68,0.80%,16578.0,0,0,0,0,0,0,0,0,0,0,1,0,0,0,0,0,0,0,0,0,0,0,0,0,0,0,0,0,1,0,1
TGL,Alpha Technology Group Ltd,Technology,Software - Infrastructure,Hong Kong,79020000.0,,4.8,0.00%,6025.0,0,0,0,0,0,1,0,0,0,0,0,0,0,0,0,0,0,0,0,0,0,0,0,0,0,0,0,0,1,0,1
THE,Alterity Therapeutics Ltd ADR,Healthcare,Biotechnology,Australia,64370000.00000001,,3.37,4.66%,21856.0,0,0,0,0,0,0,0,0,0,0,0,0,0,0,0,0,0,0,0,0,0,0,0,0,0,0,-1,0,0,1,1
TLO,Ames National Corp,Financial,Banks - Regional,USA,285820000.0,12.46,32.27,0.91%,15103.0,0,0,0,-1,0,1,0,0,0,0,0,0,0,0,0,0,0,1,0,0,0,0,0,0,0,0,0,0,2,1,3
TMU,Atmus Filtration Technologies Inc,Consumer Cyclical,Auto Parts,USA,3750000000.0,17.58,45.96,-0.48%,450397.0,0,0,0,0,0,0,0,0,1,0,0,0,0,0,0,0,0,0,0,0,0,0,0,0,0,0,0,0,1,0,1
TOS,Atossa Therapeutics Inc,Healthcare,Biotechnology,USA,24450000.0,,2.45,0.00%,54638.0,0,0,0,0,0,0,0,0,1,0,0,0,0,0,0,0,0,0,0,0,0,0,0,0,0,0,0,0,1,0,1
UC,ATIF Holdings Ltd,Financial,Capital Markets,USA,192730000.0,,8.71,3.08%,2088.0,0,0,0,0,0,0,0,0,0,0,1,0,0,0,0,0,0,0,0,0,0,0,0,0,-1,0,0,0,1,1,2
UID,authID Inc,Technology,Software - Infrastructure,USA,6470000.0,,0.39,-22.87%,1507719.0,0,0,0,0,0,0,0,0,0,0,0,0,0,0,0,0,0,0,0,-1,0,0,0,0,0,0,0,0,0,1,1
UPH,Aurinia Pharmaceuticals Inc,Healthcare,Biotechnology,Canada,2089999999.9999998,6.86,15.69,-0.19%,699165.0,0,0,0,0,0,0,0,0,0,0,0,0,0,0,0,0,0,0,0,0,0,0,0,0,0,0,-1,0,0,1,1
UR,Aurora Innovation Inc,Consumer Cyclical,Auto Parts,USA,11520000000.0,,5.75,0.00%,19373025.0,0,0,0,0,0,0,0,0,1,1,0,0,0,0,0,0,0,0,0,0,0,0,0,0,0,0,0,0,2,0,2
URE,Aurelion Inc,Financial,Capital Markets,Hong Kong,40650000.0,,1.05,-1.87%,85907.0,0,0,0,0,0,0,0,0,0,0,0,0,-1,0,0,0,0,0,0,0,0,0,0,0,0,0,0,0,0,1,1
UST,Austin Gold Corp,Basic Materials,Gold,Canada,13690000.0,,1.0,2.57%,9367.0,0,0,0,0,0,0,0,0,1,0,0,0,0,0,0,0,0,0,0,0,0,0,0,0,0,0,0,0,1,0,1
VEX,AEVEX Corp,Industrials,Aerospace & Defense,USA,1920000000.0,19.37,15.15,1.47%,1406945.0,0,0,0,0,0,0,0,0,1,0,0,0,0,0,0,0,0,0,0,0,0,0,0,0,0,0,0,0,1,0,1
VGB,Avantis Credit ETF,Financial,Exchange Traded Fund,USA,,,49.76,0.17%,3584.0,0,0,0,-1,0,0,0,0,0,0,0,0,0,0,0,0,0,0,0,0,0,0,0,0,0,0,0,0,0,1,1
VGG,Leverage Shares 2X Long AVGO Daily ETF,Financial,Exchange Traded Fund,USA,,,25.08,7.18%,727019.0,0,0,0,0,0,0,0,0,1,0,0,0,0,0,0,0,0,0,0,0,0,0,0,0,0,0,0,0,1,0,1
VGO,Broadcom Inc,Technology,Semiconductors,USA,1793980000000.0,47.98,375.81,3.67%,30834299.0,0,0,0,0,0,0,0,0,1,0,0,0,0,0,0,0,0,0,0,0,0,0,0,0,0,0,0,0,1,0,1
VGU,GraniteShares 2x Long AVGO Daily ETF,Financial,Exchange Traded Fund,USA,,,32.02,7.59%,398636.0,0,0,0,0,0,0,0,0,1,0,0,0,0,0,0,0,0,0,0,0,0,0,0,0,0,0,0,0,1,0,1
VGX,Defiance Daily Target 2X Long AVGO ETF,Financial,Exchange Traded Fund,USA,,,43.03,7.07%,1790727.0,0,0,0,0,0,0,0,0,1,0,0,0,0,0,0,0,0,0,0,0,0,0,0,0,0,0,0,0,1,0,1
VIE,Avantis Inflation Focused Equity ETF,Financial,Exchange Traded Fund,USA,,,78.6,0.24%,1637.0,0,0,0,0,0,1,0,0,0,0,0,0,0,0,0,0,0,0,0,0,0,0,0,0,0,0,0,0,1,0,1
VL,Direxion Daily AVGO Bull 2X ETF,Financial,Exchange Traded Fund,USA,,,40.75,7.15%,2677298.0,0,0,0,0,0,0,0,0,1,0,0,0,0,0,0,0,0,0,0,0,0,0,0,0,0,0,0,0,1,0,1
VNM,Avantis All International Markets Equity ETF,Financial,Exchange Traded Fund,USA,,,83.79,0.14%,51355.0,0,0,0,0,0,0,0,-1,0,0,0,0,0,0,0,0,0,0,0,0,0,0,0,0,0,0,0,0,0,1,1
VNV,Avantis All International Markets Value ETF,Financial,Exchange Traded Fund,USA,,,85.02,0.17%,5143.0,0,1,0,0,0,0,0,0,0,0,0,0,0,0,0,0,0,0,0,0,0,0,0,0,0,0,0,0,1,0,1
VPT,AvePoint Inc,Technology,Software - Infrastructure,USA,3090000000.0,46.2,14.59,-0.48%,3732238.0,0,0,0,-1,0,0,0,0,0,0,0,0,0,0,0,0,0,0,0,0,0,0,0,0,0,0,0,0,0,1,1
VR,Anteris Technologies Global Corp,Healthcare,Medical Devices,USA,687080000.0,,7.05,-6.62%,2643333.0,0,0,0,0,0,0,0,0,1,0,0,0,0,0,0,0,0,0,0,0,0,0,0,0,0,0,0,0,1,0,1
VT,Avnet Inc,Technology,Electronics & Computer Distribution,USA,8730000000.0,26.66,106.37,0.17%,1020545.0,0,0,0,0,0,0,0,-1,0,0,0,0,0,0,0,0,0,0,0,0,0,0,0,0,0,0,0,0,0,1,1
VTX,Avalo Therapeutics Inc,Healthcare,Biotechnology,USA,728830000.0,,13.59,-6.92%,955580.0,0,1,0,0,0,0,0,0,0,0,0,0,-1,0,0,0,0,0,0,0,0,0,0,0,0,0,0,0,1,1,2
VX,AVAX One Technology Ltd,Technology,Software - Infrastructure,Canada,43790000.0,,5.92,-6.33%,323401.0,0,0,0,0,0,1,0,0,0,0,0,0,0,0,0,0,0,0,0,0,0,0,0,0,0,0,0,0,1,0,1
VY,Avery Dennison Corp,Consumer Cyclical,Packaging & Containers,USA,12770000000.0,18.44,168.45,-0.91%,783947.0,0,0,0,0,0,0,0,0,0,0,0,0,0,0,0,0,0,0,0,0,0,0,0,0,0,0,0,1,1,0,1
WRE,Aware Inc,Technology,Software - Application,USA,23340000.0,,1.07,-0.93%,21418.0,0,0,0,0,0,0,0,0,0,0,0,0,-1,0,0,0,0,0,0,0,0,0,0,0,0,0,0,0,0,1,1
XTI,AXT Inc,Technology,Semiconductor Equipment & Materials,USA,5510000000.0,4519.35,84.06,-3.00%,6154589.0,0,0,0,0,0,0,0,0,0,0,0,0,-1,0,0,0,0,0,0,0,0,0,0,0,0,0,0,0,0,1,1
YA,Aya Gold & Silver Inc,Basic Materials,Silver,Canada,3960000000.0,35.98,27.51,1.78%,989087.0,0,1,0,0,0,0,0,0,0,0,0,0,0,0,0,0,0,0,0,0,0,0,0,0,0,0,0,0,1,0,1
YTU,Aytu BioPharma Inc,Healthcare,Drug Manufacturers - Specialty & Generic,USA,22280000.0,,2.05,0.49%,21625.0,0,0,0,0,0,0,0,0,1,1,0,0,0,0,0,0,0,0,0,0,0,0,0,0,0,0,0,0,2,0,2
Z,A2Z Cust2Mate Solutions Corp,Technology,Software - Application,Canada,262829999.99999997,,5.97,-4.17%,730934.0,0,1,0,0,0,1,0,0,0,0,0,0,-1,-1,0,0,0,0,0,0,0,0,0,0,0,0,0,0,2,2,4
ZIO,Azio AI Holdings Inc,Technology,Software - Infrastructure,USA,20300000.0,,1.18,0.85%,171365.0,0,0,0,0,0,0,0,0,0,0,0,0,-1,0,0,0,0,0,0,0,0,0,0,0,0,0,0,0,0,1,1
ZN,Astrazeneca plc,Healthcare,Drug Manufacturers - General,United Kingdom,245990000000.0,23.7,158.61,1.33%,2050657.0,0,0,0,0,0,0,0,0,1,0,0,0,0,0,0,0,0,0,0,0,0,0,0,0,0,0,0,0,1,0,1
ZTR,Azitra Inc,Healthcare,Biotechnology,USA,7880000.0,,0.13,-4.83%,413233.0,0,0,0,0,0,0,0,0,1,0,0,0,0,0,0,0,0,0,0,0,0,0,0,0,0,0,0,0,1,0,1
A,Boeing Co,Industrials,Aerospace & Defense,USA,150030000000.0,86.45,189.82,-1.50%,7710263.0,0,0,0,0,0,0,0,0,0,0,0,0,-1,0,0,0,0,0,0,0,0,0,0,1,0,0,0,0,1,1,2
AB,Invesco Taxable Municipal Bond ETF,Financial,Exchange Traded Fund,USA,,,25.34,0.28%,269870.0,0,0,0,0,0,0,0,0,1,0,0,0,0,0,0,0,0,0,0,0,0,0,0,0,0,0,0,0,1,0,1
ABO,YieldMax BABA Option Income Strategy ETF,Financial,Exchange Traded Fund,USA,,,7.14,-1.01%,30203.0,0,0,0,0,0,0,0,0,0,0,0,0,-1,0,0,0,0,0,0,0,0,0,0,1,0,0,0,0,1,1,2
ABU,Direxion Daily BABA Bull 2X ETF,Financial,Exchange Traded Fund,USA,,,8.96,-2.87%,30151.0,0,0,0,0,0,0,0,0,0,0,1,0,0,0,0,1,0,0,0,0,0,0,0,0,0,0,0,0,2,0,2
AGY,Amplify Bitcoin Max Income Covered Call ETF,Financial,Exchange Traded Fund,USA,,,23.98,0.03%,1461.0,0,0,0,0,0,0,0,0,1,0,1,0,0,0,0,0,0,0,0,0,0,0,0,0,0,0,0,0,2,0,2
AK,Braskem SA ADR,Basic Materials,Chemicals,Brazil,288130000.0,,1.67,3.73%,870925.0,0,0,0,0,0,0,0,0,1,0,0,0,0,0,0,0,0,0,0,0,0,0,0,0,0,0,0,0,1,0,1
ALQ,iShares Nasdaq Premium Income Active ETF,Financial,Exchange Traded Fund,USA,,,58.48,0.63%,32133.0,0,0,0,0,0,0,0,0,0,0,1,0,0,0,0,0,0,0,0,0,0,0,0,0,0,0,0,0,1,0,1
ALY,Ballys Corp,Consumer Cyclical,Resorts & Casinos,USA,706570000.0,,14.0,1.52%,87836.0,0,0,0,0,0,0,0,0,0,0,0,0,-1,0,0,0,0,0,0,0,0,0,0,0,0,1,0,0,1,1,2
AMB,Brookstone Intermediate Bond ETF,Financial,Exchange Traded Fund,USA,,,24.94,0.16%,2313.0,0,0,0,0,0,1,0,0,0,0,0,0,0,0,0,0,0,0,0,-1,0,0,0,0,0,0,0,0,1,1,2
AMU,Brookstone Ultra-Short Bond ETF,Financial,Exchange Traded Fund,USA,,,25.24,0.00%,35421.0,0,0,0,0,0,0,0,0,0,0,0,0,0,0,0,0,0,0,0,0,1,0,-1,0,0,0,0,0,1,1,2
ANF,Bancfirst Corp,Financial,Banks - Regional,USA,3590000000.0,14.4,106.79,-0.73%,108370.0,0,0,0,0,0,0,0,0,0,0,1,0,0,0,0,0,0,0,0,0,0,0,0,0,0,0,0,0,1,0,1
ANR,Banner Corp,Financial,Banks - Regional,USA,2460000000.0,11.07,67.12,-0.42%,153991.0,0,0,0,0,0,0,0,-1,0,0,0,0,0,0,0,0,0,0,0,0,0,0,0,0,0,0,0,0,0,1,1
ANX,ArrowMark Financial Corp,Financial,Closed-End Fund - Debt,USA,191550000.0,,19.96,-1.04%,27486.0,0,0,0,0,0,0,0,0,0,0,1,0,0,0,0,0,0,0,0,0,0,0,0,0,0,0,0,0,1,0,1
ARK,BARK Inc,Consumer Cyclical,Specialty Retail,USA,73800000.0,,8.17,0.86%,17381.0,0,1,0,0,0,1,0,0,0,0,0,0,0,0,0,0,0,0,0,0,0,0,0,0,0,0,0,0,2,0,2
ATRK,Atlanta Braves Holdings Inc,Communication Services,Entertainment,USA,3370000000.0,,52.41,0.46%,395979.0,0,0,0,-1,0,0,0,0,0,0,0,0,0,0,0,0,0,1,0,0,0,0,0,0,0,0,0,0,1,1,2
ATT,Amplify Lithium & Battery Technology ETF,Financial,Exchange Traded Fund,USA,,,14.84,1.02%,59245.0,0,0,0,0,0,0,0,0,0,0,0,0,-1,0,0,0,0,0,0,0,0,0,0,0,0,0,0,0,0,1,1
AUG,Innovator U.S. Equity Buffer ETF - August,Financial,Exchange Traded Fund,USA,,,56.0,0.41%,1760.0,0,0,0,0,0,0,0,0,0,0,1,0,0,0,0,0,0,0,0,0,0,0,0,0,0,0,0,0,1,0,1
BAG,JPMorgan BetaBuilders U.S. Aggregate Bond ETF,Financial,Exchange Traded Fund,USA,,,43.71,0.24%,56482.0,0,0,0,0,0,1,0,0,0,0,0,0,0,0,0,0,0,0,0,-1,0,0,0,0,0,0,0,0,1,1,2
BAI,BigBear.ai Holdings Inc,Technology,Information Technology Services,USA,1240000000.0,,2.58,-1.15%,14810270.0,0,0,0,0,0,0,0,0,1,0,0,0,0,0,0,0,0,0,0,0,0,0,0,0,0,0,0,0,1,0,1
BBL,BondBloxx BBB Rated 10+ Year Corporate Bond ETF,Financial,Exchange Traded Fund,USA,,,43.74,0.42%,6930.0,0,0,0,0,0,0,0,0,1,0,0,0,0,0,0,0,0,0,0,0,0,0,0,0,0,0,0,0,1,0,1
BEM,JPMorgan BetaBuilders Emerging Markets Equity ETF,Financial,Exchange Traded Fund,USA,,,78.0,-0.67%,9398.0,0,0,0,0,0,0,0,0,1,0,0,0,0,0,0,0,0,0,0,0,0,0,0,0,0,0,0,0,1,0,1
BH,VanEck Biotech ETF,Financial,Exchange Traded Fund,USA,,,236.3,-1.76%,16034.0,0,0,0,0,0,0,0,0,0,0,1,0,0,0,0,0,0,0,0,0,0,0,0,0,-1,0,0,0,1,1,2
BIO,BridgeBio Pharma Inc,Healthcare,Biotechnology,USA,13090000000.0,,66.96,1.24%,3710305.0,0,1,0,0,0,0,0,0,0,0,0,0,0,0,0,0,0,0,0,0,0,0,0,0,0,0,0,0,1,0,1
BJP,JPMorgan BetaBuilders Japan ETF,Financial,Exchange Traded Fund,USA,,,80.02,0.04%,1079455.0,0,0,0,-1,0,0,0,-1,0,0,0,0,0,0,0,0,0,0,0,0,0,0,0,0,0,0,0,0,0,2,2
BLB,JPMorgan BetaBuilders U.S. Treasury Bond 20+ Year ETF,Financial,Exchange Traded Fund,USA,,,72.95,0.26%,56.0,0,0,0,0,0,1,0,0,1,1,0,0,0,0,0,0,0,0,0,0,0,0,0,0,0,0,0,0,3,0,3
BMC,JPMorgan BetaBuilders U.S. Mid Cap Equity ETF,Financial,Exchange Traded Fund,USA,,,123.27,0.23%,35308.0,0,0,0,-1,0,0,0,0,0,0,0,0,0,0,0,0,0,0,0,0,0,0,0,0,0,0,0,0,0,1,1
BP,Virtus Biotech ETF,Financial,Exchange Traded Fund,USA,,,100.97,-2.29%,16289.0,0,0,0,0,0,0,0,-1,0,0,0,0,0,0,0,0,0,0,0,0,0,0,0,0,0,0,0,0,0,1,1
BT,Beacon Financial Corp,Financial,Banks - Regional,USA,2340000000.0,20.23,27.93,-0.71%,634307.0,0,0,0,0,0,0,0,0,0,0,1,0,0,0,0,0,0,0,0,0,0,0,-1,0,0,0,0,0,1,1,2
BUC,Brookfield Business Corp,Industrials,Conglomerates,USA,5380000000.0,,26.2,0.96%,206182.0,0,0,0,0,0,0,0,0,1,0,0,0,0,0,0,0,0,0,0,0,0,0,0,0,0,0,0,0,1,0,1
BW,Build A Bear Workshop Inc,Consumer Cyclical,Specialty Retail,USA,315870000.0,6.36,25.64,-1.38%,356701.0,0,0,0,0,0,0,0,0,1,0,0,0,0,0,0,0,0,0,0,0,0,0,0,0,0,0,0,0,1,0,1
BWI,Bath & Body Works Inc,Consumer Cyclical,Specialty Retail,USA,3620000000.0,4.66,17.93,2.69%,9214060.0,0,0,0,0,0,0,0,0,0,0,0,0,-1,0,0,0,0,0,0,0,0,0,0,1,0,0,0,0,1,1,2
BY,Best Buy Co Inc,Consumer Cyclical,Specialty Retail,USA,17800000000.0,14.12,84.85,-2.91%,3218053.0,0,0,0,0,0,0,0,-1,0,0,0,0,0,0,0,0,0,0,0,0,0,0,0,0,0,0,0,0,0,1,1
C,Brunswick Corp,Consumer Cyclical,Recreational Vehicles,USA,4210000000.0,,64.98,0.23%,578076.0,0,0,0,0,0,0,0,0,0,0,1,0,0,0,0,0,0,0,0,0,0,0,0,0,0,0,0,0,1,0,1
CDA,BioCardia Inc,Healthcare,Biotechnology,USA,16050000.0,,1.06,-2.75%,113421.0,0,0,0,0,0,0,0,0,0,0,0,0,0,0,0,0,0,0,0,0,0,0,0,0,0,1,0,0,1,0,1
CGD,Baron Global Durable Advantage ETF,Financial,Exchange Traded Fund,USA,,,26.84,0.43%,1109.0,0,0,0,-1,0,0,0,0,0,0,0,0,0,0,0,0,0,0,0,0,0,0,0,0,0,0,0,0,0,1,1
CHT,Birchtech Corp,Industrials,Pollution & Treatment Controls,USA,39200000.0,,1.49,2.05%,345823.0,0,0,0,0,0,0,0,0,0,0,0,0,-1,0,0,0,0,0,0,0,0,0,0,1,0,0,0,0,1,1,2
CIC,BCP Investment Corp,Financial,Asset Management,USA,85700000.0,,6.92,0.73%,45752.0,0,0,0,0,0,0,0,0,0,0,0,0,-1,0,0,0,0,0,0,0,0,0,0,0,0,0,0,0,0,1,1
CIL,Bancreek International Large Cap ETF,Financial,Exchange Traded Fund,USA,,,29.08,-0.36%,6216.0,0,0,0,0,0,0,0,-1,0,0,0,0,0,0,0,0,0,0,0,0,0,0,0,0,0,0,0,0,0,1,1
CPC,Balchem Corp,Basic Materials,Specialty Chemicals,USA,5270000000.0,32.52,165.29,-0.45%,165888.0,0,0,0,0,0,0,0,0,0,0,1,0,0,0,0,0,0,0,0,0,0,0,0,0,0,0,0,0,1,0,1
CPL,BNY Mellon Core Plus ETF,Financial,Exchange Traded Fund,USA,,,23.68,0.34%,106104.0,0,0,0,0,0,0,0,0,1,0,0,0,0,0,0,0,0,0,0,0,0,0,0,0,0,0,0,0,1,0,1
CSF,Bain Capital Specialty Finance Inc,Financial,Asset Management,USA,701880000.0,10.98,10.82,-0.73%,477635.0,0,0,0,0,0,0,0,0,0,0,0,0,-1,0,0,0,0,0,0,0,0,0,0,0,0,0,0,0,0,1,1
CSS,Bain Capital GSS Investment Corp,Financial,Shell Companies,USA,597430000.0,48.67,10.23,-0.39%,124406.0,0,0,0,0,0,0,0,0,0,0,0,0,0,0,0,0,0,1,0,0,0,0,0,0,0,0,0,0,1,0,1
CUS,Bancreek U.S. Large Cap ETF,Financial,Exchange Traded Fund,USA,,,34.77,0.26%,9410.0,0,1,0,0,0,0,0,0,0,0,0,0,-1,0,0,0,0,0,0,0,0,0,0,0,0,0,0,0,1,1,2
CYC,Bicycle Therapeutics Plc ADR,Healthcare,Biotechnology,United Kingdom,190940000.0,,3.79,-5.49%,620679.0,0,0,0,0,0,0,0,0,1,1,0,0,0,0,0,0,0,0,0,0,0,0,0,0,0,0,0,0,2,0,2
DBT,Bluemonte Core Bond ETF,Financial,Exchange Traded Fund,USA,,,24.13,0.08%,51625.0,0,0,0,-1,0,0,0,0,0,0,0,0,0,0,0,0,0,0,0,0,0,0,0,0,0,0,0,0,0,1,1
DCX,ETRACS 1.5X MVIS BDC ETN,Financial,Exchange Traded Fund,USA,,,19.03,-1.17%,12260.0,0,0,0,-1,0,0,0,0,0,0,0,0,0,0,0,0,0,0,0,0,0,0,0,0,0,0,0,0,0,1,1
DEC,Innovator U.S. Equity Buffer ETF - December,Financial,Exchange Traded Fund,USA,,,55.46,0.49%,1807.0,0,0,0,0,0,0,0,-1,0,0,0,0,0,0,0,0,0,1,0,0,0,0,0,0,0,0,0,0,1,1,2
DN,Brandywine Realty Trust,Real Estate,REIT - Office,USA,481500000.0,,2.75,0.73%,1357364.0,0,0,0,0,0,0,0,0,0,0,1,0,0,0,0,0,0,0,0,0,0,0,0,0,0,0,0,0,1,0,1
DSX,Biodesix Inc,Healthcare,Diagnostics & Research,USA,295010000.0,,27.96,-3.79%,102162.0,0,0,0,0,0,0,0,0,0,0,1,0,0,0,0,0,0,0,0,0,0,0,-1,0,0,0,0,0,1,1,2
DTX,Black Diamond Therapeutics Inc,Healthcare,Biotechnology,USA,103420000.0,,1.8,-7.22%,840849.0,0,0,0,0,0,0,0,0,1,0,0,0,0,0,0,0,0,0,0,0,0,0,0,0,0,0,0,0,1,0,1
EAM,Beam Therapeutics Inc,Healthcare,Biotechnology,USA,2610000000.0,,25.23,-1.71%,2522985.0,0,0,0,0,0,0,0,0,1,0,0,0,0,0,0,0,0,0,0,0,0,0,0,0,0,0,0,0,1,0,1
ELFA,Bel Fuse Inc,Technology,Electronic Components,USA,3630000000.0,54.4,209.58,0.42%,46017.0,0,0,0,0,0,0,0,0,1,1,0,0,0,0,0,0,0,0,0,0,0,0,0,0,0,0,-1,0,2,1,3
ELFB,Bel Fuse Inc,Technology,Electronic Components,USA,3650000000.0,67.55,260.26,1.02%,166724.0,0,1,0,0,0,0,0,0,1,1,0,0,0,0,0,0,0,0,0,0,0,0,0,0,0,0,0,0,3,0,3
EP,Brookfield Renewable Partners LP,Utilities,Utilities - Renewable,Bermuda,8830000000.0,,29.42,4.25%,1742294.0,0,0,0,0,0,0,0,0,0,0,0,0,0,0,0,0,0,0,0,0,0,0,0,0,0,0,-1,0,0,1,1
EPC,Brookfield Renewable Corp,Utilities,Utilities - Renewable,USA,5500000000.0,,29.65,4.70%,2466663.0,0,0,0,0,0,0,0,0,1,0,0,0,0,0,0,0,0,0,0,0,0,0,0,0,0,0,0,0,1,0,1
ERZ,MicroSectors FANG & Innovation -3X ETN,Financial,Exchange Traded Fund,USA,,,15.87,-1.55%,33312.0,0,0,0,0,0,0,0,0,1,0,0,0,0,0,0,0,0,0,0,0,0,0,0,0,0,0,0,0,1,0,1
ESF,Bastion Energy ETF,Financial,Exchange Traded Fund,USA,,,38.77,1.26%,16278.0,0,0,0,0,0,0,0,0,0,0,0,0,0,0,0,0,0,0,0,0,1,0,0,0,-1,0,0,0,1,1,2
F-A,Brown-Forman Corp,Consumer Defensive,Beverages - Wineries & Distilleries,USA,12190000000.0,17.34,26.9,0.41%,113862.0,0,1,0,0,0,0,0,0,0,0,0,0,0,0,0,1,0,0,0,0,0,0,0,0,0,0,0,0,2,0,2
FIX,Build Bond Innovation ETF,Financial,Exchange Traded Fund,USA,,,24.67,0.04%,141.0,0,0,0,0,0,0,0,0,0,0,0,0,0,0,0,0,0,0,0,-1,0,0,0,0,0,0,0,0,0,1,1
FOC,FT Vest Bitcoin Strategy Floor15 ETF - October,Financial,Exchange Traded Fund,USA,,,17.14,0.29%,2841.0,0,0,0,0,0,0,0,0,0,0,0,0,0,0,0,0,0,0,0,-1,0,0,0,0,0,0,0,0,0,1,1
FRG,Bullfrog AI Holdings Inc,Healthcare,Health Information Services,USA,12770000.0,,0.69,15.99%,37766942.0,0,0,0,0,0,0,0,0,0,0,0,0,-1,0,0,0,0,0,0,0,0,0,0,0,0,0,0,0,0,1,1
FRZ,Innovator Equity Managed 100 Buffer ETF,Financial,Exchange Traded Fund,USA,,,27.44,0.34%,52175.0,0,1,0,-1,0,0,0,0,0,0,0,0,0,0,0,0,0,0,0,0,0,0,0,0,0,0,0,0,1,1,2
FS,Saul Centers Inc,Real Estate,REIT - Retail,USA,739040000.0,30.78,29.9,1.18%,98640.0,0,0,0,0,0,0,0,0,1,0,0,0,0,0,0,0,0,0,0,0,0,0,0,0,0,0,0,0,1,0,1
GC,BGC Group Inc,Financial,Capital Markets,USA,5630000000.0,29.71,11.85,-2.87%,3135491.0,0,0,0,0,0,0,0,0,0,0,0,0,-1,0,0,0,0,0,0,0,0,0,0,0,0,0,0,0,0,1,1
GDE,Big Digital Energy Inc,Financial,Capital Markets,USA,30590000.0,,5.35,0.19%,21596.0,0,0,0,0,0,0,0,0,0,0,0,0,-1,0,0,0,0,0,0,0,0,0,0,0,0,0,0,0,0,1,1
GIN,Bgin Blockchain Ltd,Technology,Computer Hardware,Singapore,251160000.0,,2.22,-9.39%,24783.0,0,0,0,0,0,0,0,0,1,0,0,0,0,0,0,0,0,0,0,0,0,0,0,0,0,0,0,0,1,0,1
GMS,Bio Green Med Solution Inc,Industrials,Building Products & Equipment,Malaysia,5670000.0,,0.86,-1.46%,19771.0,0,1,0,0,0,0,0,0,0,0,0,0,0,0,0,0,0,0,0,0,0,0,0,0,0,0,0,0,1,0,1
GRO,iShares Large Cap Growth Active ETF,Financial,Exchange Traded Fund,USA,,,45.54,0.80%,208.0,0,0,0,0,0,0,0,0,0,0,1,1,0,0,0,0,0,0,0,0,0,0,0,0,0,0,0,0,2,0,2
GSI,Boyd Group Services Inc,Consumer Cyclical,Auto & Truck Dealerships,Canada,2140000000.0000002,169.49,77.0,-1.50%,34763.0,0,0,0,0,0,0,0,0,1,1,0,0,0,0,0,0,0,0,0,0,0,0,0,0,0,0,0,0,2,0,2
HDG,Nicholas Bitcoin Tail ETF,Financial,Exchange Traded Fund,USA,,,20.65,0.22%,172.0,0,0,0,0,0,0,0,0,1,0,0,0,0,0,0,0,0,0,0,0,0,0,0,0,0,0,0,0,1,0,1
HF,Brighthouse Financial Inc,Financial,Insurance - Life,USA,2880000000.0,3.99,50.03,0.42%,408647.0,0,0,0,0,0,0,0,0,1,0,0,0,0,0,0,0,0,0,0,0,0,0,0,0,0,0,0,0,1,0,1
HP,BHP Group Limited ADR,Basic Materials,Other Industrial Metals & Mining,Australia,221110000000.0,22.46,87.0,0.20%,2493393.0,0,0,0,-1,0,0,0,0,0,0,0,0,0,0,0,0,0,0,0,0,0,0,0,0,0,0,0,0,0,1,1
HR,Braemar Hotels & Resorts Inc,Real Estate,REIT - Hotel & Motel,USA,104390000.0,,1.52,-1.94%,479356.0,0,0,0,0,0,0,0,0,1,0,0,0,0,0,0,0,0,0,0,0,0,0,0,0,0,0,0,0,1,0,1
HST,BioHarvest Sciences Inc,Consumer Defensive,Packaged Foods,Canada,33549999.999999996,,1.48,1.02%,1645.0,0,0,0,0,0,1,0,0,0,0,0,0,0,0,0,0,0,0,0,-1,0,0,0,0,0,0,0,0,1,1,2
HV,BlackRock Virginia Municipal Bond Trust,Financial,Closed-End Fund - Debt,USA,18420000.0,,11.6,0.00%,1999.0,0,0,0,0,0,0,0,0,0,0,0,0,0,0,0,0,0,0,0,0,0,0,-1,0,0,0,0,0,0,1,1
HVN,Biohaven Ltd,Healthcare,Biotechnology,USA,1820000000.0,,12.08,-6.86%,3054438.0,0,0,0,0,0,0,0,0,1,0,0,0,0,0,0,0,0,0,0,0,0,0,-1,0,0,0,0,0,1,1,2
HYB,Xtrackers USD High Yield BB-B ex Financials ETF,Financial,Exchange Traded Fund,USA,,,52.53,0.50%,298.0,0,0,0,-1,0,0,0,0,0,0,0,0,0,0,0,0,0,0,0,0,0,0,0,0,0,0,0,0,0,1,1
IBL,Inspire 100 ETF,Financial,Exchange Traded Fund,USA,,,56.13,0.74%,52614.0,0,0,0,0,0,0,0,0,0,0,0,0,-1,-1,0,0,0,0,0,0,0,0,0,0,0,0,0,0,0,2,2
IDD,iShares International Dividend Active ETF,Financial,Exchange Traded Fund,USA,,,30.34,-0.49%,24349.0,0,0,0,0,0,0,0,-1,0,0,0,0,0,0,0,0,0,0,0,0,0,0,0,0,0,0,0,0,0,1,1
IDU,Baidu Inc ADR,Communication Services,Internet Content & Information,China,24040000000.0,,87.05,0.07%,1941594.0,0,0,0,0,0,0,0,0,1,0,0,0,0,0,0,0,0,0,0,0,0,0,0,0,0,0,0,0,1,0,1
IGY,YieldMax Target 12 Big 50 Option Income ETF,Financial,Exchange Traded Fund,USA,,,53.54,0.50%,9080.0,0,1,0,0,0,0,0,0,0,0,0,0,0,0,0,0,0,0,0,0,0,0,0,0,0,0,0,0,1,0,1
IIB,Biogen Inc,Healthcare,Drug Manufacturers - General,USA,32930000000.0,39.47,222.89,-0.31%,1008096.0,0,0,0,0,0,0,0,-1,0,0,0,0,0,0,0,0,0,0,0,0,0,0,0,0,0,0,0,0,0,1,1
IL,State Street SPDR Bloomberg 1-3 Month T-Bill ETF,Financial,Exchange Traded Fund,USA,,,91.45,0.01%,7851203.0,0,1,0,0,0,1,0,0,0,0,0,0,-1,0,0,0,0,0,0,0,0,0,0,0,0,0,0,0,2,1,3
ILS,State Street SPDR Bloomberg 3-12 Month T-Bill ETF,Financial,Exchange Traded Fund,USA,,,99.12,0.03%,404431.0,0,1,0,-1,0,0,0,0,0,0,0,0,0,0,0,0,0,0,0,0,0,0,0,0,0,0,0,0,1,1,2
ILZ,PIMCO Ultra Short Government Active ETF,Financial,Exchange Traded Fund,USA,,,100.68,0.01%,343855.0,0,1,0,0,0,0,0,0,0,0,0,0,-1,0,0,0,0,0,0,0,1,1,0,0,0,1,0,0,4,1,5
INT,Bluemonte Global Equity ETF,Financial,Exchange Traded Fund,USA,,,32.88,0.03%,71005.0,0,0,0,0,0,0,0,0,0,0,1,1,0,0,0,0,0,0,0,0,0,0,0,0,0,0,0,0,2,0,2
IO,Bio-Rad Laboratories Inc,Healthcare,Medical Devices,USA,9870000000.0,44.68,368.83,-2.89%,162615.0,0,0,0,0,0,0,0,0,0,0,0,0,0,0,0,0,0,0,0,0,0,0,-1,0,0,0,0,0,0,1,1
IOX,Bioceres Crop Solutions Corp,Basic Materials,Agricultural Inputs,Argentina,21520000.0,,0.34,-1.56%,93092.0,0,0,0,0,0,0,0,0,1,0,0,0,0,0,0,0,0,0,0,0,0,0,0,0,0,0,0,0,1,0,1
IOY,GraniteShares YieldBOOST Biotech ETF,Financial,Exchange Traded Fund,USA,,,20.08,-2.08%,1987.0,0,0,0,0,0,0,0,0,1,0,0,0,0,0,0,0,0,0,0,0,0,0,0,0,0,0,0,0,1,0,1
IPC,Brookfield Infrastructure Corp,Utilities,Utilities - Regulated Gas,USA,5130000000.0,,37.72,3.74%,1177890.0,0,1,0,0,0,0,0,0,0,0,0,0,-1,0,0,0,0,0,0,0,0,0,0,1,0,0,0,0,2,1,3
IRK,Birkenstock Holding Plc,Consumer Cyclical,Footwear & Accessories,United Kingdom,6050000000.0,15.89,34.0,0.68%,1191871.0,0,0,0,0,0,0,0,0,0,0,0,0,0,0,0,0,0,0,0,0,0,0,0,1,0,0,0,0,1,0,1
ITQ,Bitwise Crypto Industry Innovators ETF,Financial,Exchange Traded Fund,USA,,,25.41,-0.39%,92395.0,0,0,0,0,0,0,0,0,0,0,0,0,0,0,0,0,0,0,0,0,0,0,-1,0,0,0,0,0,0,1,1
ITS,Global X Blockchain & Bitcoin Strategy ETF,Financial,Exchange Traded Fund,USA,,,67.45,0.02%,638.0,0,0,0,0,0,0,0,0,0,0,1,1,0,0,0,0,0,0,0,0,0,0,0,0,0,0,0,0,2,0,2
ITW,Bitwise 10 Crypto Index ETF,Financial,Exchange Traded Fund,USA,,,56.16,-0.05%,31045.0,0,0,0,0,0,0,0,0,0,0,1,0,0,0,0,0,0,0,0,0,0,0,0,0,0,0,0,0,1,0,1
IZD,VanEck BDC Income ETF,Financial,Exchange Traded Fund,USA,,,12.13,-0.98%,2774980.0,0,0,0,0,0,0,0,0,0,0,1,1,0,0,0,0,0,0,0,0,0,0,0,0,0,0,0,0,2,0,2
JRI,BJ's Restaurant Inc,Consumer Cyclical,Restaurants,USA,1300000000.0,32.74,61.33,-0.54%,463201.0,0,0,0,0,0,0,0,0,1,0,0,0,0,0,0,0,0,0,0,0,0,0,0,0,0,0,0,0,1,0,1
JUL,Innovator U.S. Equity Buffer ETF - July,Financial,Exchange Traded Fund,USA,,,56.21,0.31%,9155.0,0,0,0,0,0,0,0,0,0,0,1,0,0,0,0,0,0,0,0,0,0,0,0,0,0,0,0,0,1,0,1
JUN,Innovator U.S. Equity Buffer ETF - June,Financial,Exchange Traded Fund,USA,,,50.41,0.49%,1303.0,0,0,0,0,0,0,0,-1,0,0,1,0,0,0,0,0,0,0,0,0,0,0,0,0,0,0,0,0,1,1,2
KAG,BNY Mellon Core Bond ETF,Financial,Exchange Traded Fund,USA,,,39.87,0.23%,91969.0,0,0,0,0,0,0,0,0,0,0,0,0,0,0,0,0,0,0,0,-1,0,0,0,0,0,0,0,0,0,1,1
KCG,BNY Mellon Concentrated Growth ETF,Financial,Exchange Traded Fund,USA,,,40.34,0.61%,2615.0,0,0,0,0,0,0,0,-1,0,0,0,0,0,0,0,0,0,0,0,0,0,0,0,0,0,0,0,0,0,1,1
KCI,BNY Mellon Concentrated International ETF,Financial,Exchange Traded Fund,USA,,,51.96,-0.08%,5132.0,0,0,0,0,0,0,0,0,0,0,0,0,-1,0,0,0,0,0,0,0,0,0,0,0,0,0,0,0,0,1,1
KF,iShares MSCI BIC ETF,Financial,Exchange Traded Fund,USA,,,39.78,0.18%,1664.0,0,0,0,-1,0,0,0,0,1,1,0,0,0,0,0,0,0,0,0,0,0,0,0,0,0,0,0,0,2,1,3
KFI,BNY Mellon Active Core Bond ETF,Financial,Exchange Traded Fund,USA,,,22.77,0.33%,313316.0,0,0,0,0,0,1,0,0,0,0,0,0,0,0,0,0,0,0,0,-1,0,0,0,0,0,0,0,0,1,1,2
KH,Black Hills Corp,Utilities,Utilities - Regulated Gas,USA,5390000000.0,17.83,70.74,0.37%,1167406.0,0,0,0,0,0,0,0,0,0,0,0,0,0,0,0,0,0,0,0,0,1,0,0,0,0,0,0,0,1,0,1
KHA,Black Hawk Acquisition Corp,Financial,Shell Companies,USA,50010000.0,150.88,12.04,-1.95%,37.0,0,0,0,0,0,1,0,0,0,0,0,0,0,0,0,0,0,0,0,0,0,0,0,0,0,0,0,0,1,0,1
KLC,BNY Mellon US Large Cap Core Equity ETF,Financial,Exchange Traded Fund,USA,,,49.86,0.56%,832862.0,0,0,0,0,0,0,0,0,0,0,1,0,0,0,0,0,0,0,0,0,0,0,0,0,0,0,0,0,1,0,1
KLN,Invesco Senior Loan ETF,Financial,Exchange Traded Fund,USA,,,20.52,0.15%,8297909.0,0,0,0,0,0,0,0,0,0,0,1,0,0,0,0,0,0,0,0,0,1,0,0,0,0,0,0,0,2,0,2
KR,Baker Hughes Co,Energy,Oil & Gas Equipment & Services,USA,56710000000.0,18.36,57.13,-0.44%,4549487.0,0,0,0,0,0,0,0,0,1,0,0,0,0,0,0,0,0,0,0,0,0,0,0,0,0,0,0,0,1,0,1
KSY,BlackSky Technology Inc,Industrials,Specialty Business Services,USA,927350000.0,,22.66,6.04%,1170101.0,0,0,0,0,0,0,0,0,1,0,0,0,0,0,0,0,0,0,0,0,0,0,0,0,0,0,0,0,1,0,1
KU,BankUnited Inc,Financial,Banks - Regional,USA,3060000000.0,11.78,42.9,-0.76%,533190.0,0,0,0,0,0,0,0,0,0,0,0,0,-1,0,0,0,0,0,0,0,0,0,0,0,0,0,0,0,0,1,1
KUI,BNY Mellon Ultra Short Income ETF,Financial,Exchange Traded Fund,USA,,,49.5,0.00%,28109.0,0,0,0,0,0,1,0,0,0,0,0,0,0,0,0,0,0,0,0,-1,0,0,0,0,0,0,0,0,1,1,2
KYI,Bio-Key International Inc,Industrials,Security & Protection Services,USA,2610000.0,,1.82,-5.70%,271136.0,0,0,0,0,0,0,0,0,1,0,0,0,0,0,0,0,0,0,0,0,0,0,0,0,0,0,0,0,1,0,1
L,BlackLine Inc,Technology,Software - Application,USA,1640000000.0,50.29,28.17,0.14%,833944.0,0,0,0,0,0,0,0,0,0,0,0,0,0,0,0,0,0,1,0,0,0,0,0,0,0,0,0,0,1,0,1
LIV,BeLive Holdings,Technology,Software - Application,Singapore,25530000.0,,2.35,2.17%,485.0,0,0,0,0,0,0,0,0,0,0,0,0,0,0,0,0,0,0,0,0,0,0,0,0,0,1,0,0,1,0,1
LND,Blend Labs Inc,Technology,Software - Application,USA,241240000.0,,1.02,-1.92%,961078.0,0,0,0,0,0,0,0,0,0,0,0,0,0,0,0,0,0,0,0,0,1,0,0,0,0,0,0,0,1,0,1
LNK,Blink Charging Co,Industrials,Engineering & Construction,USA,74200000.0,,0.51,-6.93%,1539267.0,0,0,0,0,0,0,0,0,0,0,0,0,-1,0,0,0,0,0,0,0,0,0,0,0,0,1,0,0,1,1,2
LOX,Nicholas Crypto Income ETF,Financial,Exchange Traded Fund,USA,,,13.75,-0.94%,309019.0,0,0,0,0,0,0,0,0,0,0,0,0,-1,0,0,0,0,0,0,0,0,0,0,0,0,1,0,0,1,1,2
LSG,Leverage Shares 2X Long BLSH Daily ETF,Financial,Exchange Traded Fund,USA,,,2.86,-5.63%,71235.0,0,0,0,0,0,0,0,0,1,0,0,0,0,0,0,0,0,0,0,0,0,0,0,0,0,0,0,0,1,0,1
LST,Bluemonte Short Term Bond ETF,Financial,Exchange Traded Fund,USA,,,24.37,0.08%,28064.0,0,0,0,-1,0,0,0,0,0,0,0,0,0,0,0,0,0,0,0,0,0,0,0,0,0,0,0,0,0,1,1
LTD,Bluemonte Long Term Bond ETF,Financial,Exchange Traded Fund,USA,,,23.43,0.23%,23961.0,0,0,0,0,0,1,0,0,1,1,0,0,0,0,0,0,0,0,0,0,0,0,0,0,0,0,0,0,3,0,3
LUC,Bluemonte Large Cap Core ETF,Financial,Exchange Traded Fund,USA,,,32.74,0.58%,50434.0,0,0,0,0,0,0,0,-1,0,0,0,0,0,0,0,0,0,0,0,0,0,0,0,0,0,0,0,0,0,1,1
LUI,Bluemonte Diversified Income ETF,Financial,Exchange Traded Fund,USA,,,24.83,0.42%,4396.0,0,0,0,0,0,0,0,0,0,0,1,0,0,0,0,0,0,0,0,0,0,0,0,0,0,0,0,0,1,0,1
LUW,Blue Water Acquisition Corp III,Financial,Shell Companies,USA,335360000.0,38.08,10.38,-0.10%,29.0,0,1,0,-1,0,0,0,0,0,0,1,1,0,0,0,0,0,0,0,0,0,0,0,0,0,0,0,0,3,1,4
LV,Vanguard Long-Term Bond ETF,Financial,Exchange Traded Fund,USA,,,62.48,0.26%,991212.0,0,0,0,0,0,1,0,0,1,1,0,0,0,0,0,0,0,0,0,0,0,0,0,0,0,0,0,0,3,0,3
LX,Bladex Inc,Financial,Banks - Regional,Panama,1950000000.0,9.18,55.58,1.02%,98689.0,0,0,0,0,0,0,0,0,0,0,0,0,0,0,0,1,0,0,0,0,0,0,0,0,0,0,0,0,1,0,1
MAY,Innovator U.S. Equity Buffer ETF - May,Financial,Exchange Traded Fund,USA,,,49.15,0.41%,3855.0,0,0,0,0,0,0,0,-1,0,0,0,0,0,0,0,0,0,0,0,0,0,0,0,0,0,0,0,0,0,1,1
MBL,Bumble Inc,Communication Services,Internet Content & Information,USA,331240000.0,,2.51,-1.57%,1459764.0,0,0,0,0,0,0,0,0,1,0,0,0,-1,0,0,0,0,0,0,0,0,0,0,0,0,0,0,0,1,1,2
MEA,Biomea Fusion Inc,Healthcare,Biotechnology,USA,90610000.0,,1.25,-3.85%,797006.0,0,0,0,0,0,1,0,0,0,0,0,0,-1,0,0,0,0,0,0,0,0,0,0,0,0,0,0,0,1,1,2
MGL,Basel Medical Group Ltd,Healthcare,Medical Care Facilities,Singapore,5210000.0,,3.33,5.05%,9589.0,0,0,0,-1,0,0,0,0,0,0,0,0,0,0,0,0,0,0,0,0,0,0,0,0,0,0,0,0,0,1,1
MM,Blue Moon Metals Inc,Basic Materials,Other Industrial Metals & Mining,Canada,450770000.0,,5.13,5.02%,174873.0,0,0,0,0,0,0,0,0,0,0,0,0,-1,0,0,0,0,0,0,0,0,0,0,0,0,0,0,0,0,1,1
MNG,Leverage Shares 2X Long BMNR Daily ETF,Financial,Exchange Traded Fund,USA,,,27.63,-4.71%,192090.0,0,0,0,0,0,0,0,0,0,0,1,0,0,0,0,0,0,0,0,0,0,0,0,0,0,0,0,0,1,0,1
NDC,Northern Trust Core Bond ETF,Financial,Exchange Traded Fund,USA,,,21.12,0.28%,4751.0,0,0,0,0,0,0,0,0,1,1,0,0,0,0,0,0,0,0,0,0,0,0,0,0,0,0,0,0,2,0,2
NDD,Quadratic Deflation ETF,Financial,Exchange Traded Fund,USA,,,94.31,0.38%,222.0,0,0,0,0,0,0,0,0,1,0,0,0,0,0,0,0,0,0,0,0,0,0,0,0,0,0,-1,0,1,1,2
NDI,NEOS Enhanced Income Aggregate Bond ETF,Financial,Exchange Traded Fund,USA,,,44.95,0.20%,25213.0,0,0,0,-1,0,0,0,0,0,0,0,0,0,0,0,0,0,0,0,-1,0,0,0,0,0,0,0,0,0,2,2
NDS,Infrastructure Capital Bond Income ETF,Financial,Exchange Traded Fund,USA,,,48.68,0.16%,19010.0,0,0,0,0,0,0,0,0,1,1,0,0,0,0,0,0,0,0,0,0,0,0,0,0,0,0,0,0,2,0,2
NDX,Vanguard Total International Bond ETF,Financial,Exchange Traded Fund,USA,,,46.85,0.13%,5188935.0,0,0,0,0,0,0,0,0,1,0,0,0,0,0,0,0,0,0,0,0,0,0,0,0,0,0,0,0,1,0,1
NED,Barnes & Noble Education Inc,Consumer Cyclical,Specialty Retail,USA,403500000.0,18.14,11.64,0.87%,206777.0,0,0,0,0,0,0,0,0,1,0,0,0,0,0,0,0,0,0,0,0,0,0,0,0,0,0,0,0,1,0,1
NGE,First Trust S-Network Streaming and Gaming ETF,Financial,Exchange Traded Fund,USA,,,30.84,0.12%,507.0,0,0,0,0,0,0,0,0,0,0,0,0,0,0,0,0,0,0,0,0,0,0,0,1,0,0,0,0,1,0,1
NS,Bank Of Nova Scotia,Financial,Banks - Diversified,Canada,111200000000.0,16.33,90.22,-0.07%,5294723.0,0,0,0,-1,0,0,0,-1,0,0,0,0,0,0,0,0,0,0,0,0,0,0,0,0,0,0,0,0,0,2,2
NTC,Benitec Biopharma Inc,Healthcare,Biotechnology,USA,313920000.0,,9.0,-2.49%,217152.0,0,0,0,0,0,0,0,0,0,0,0,0,0,0,0,0,0,0,0,0,1,0,0,0,0,0,0,0,1,0,1
OCT,Innovator U.S. Equity Buffer ETF - October,Financial,Exchange Traded Fund,USA,,,55.89,0.45%,31388.0,0,0,0,-1,0,0,0,0,0,0,0,0,0,0,0,0,0,0,0,0,0,0,0,0,0,0,0,0,0,1,1
ON,Bon Natural Life Ltd,Basic Materials,Specialty Chemicals,China,9560000.0,,1.17,-0.10%,6645.0,0,0,0,0,0,1,0,0,1,1,0,0,0,0,0,0,0,0,0,0,0,0,0,0,0,0,0,0,3,0,3
OOM,DMC Global Inc,Industrials,Conglomerates,USA,122840000.0,,5.98,2.40%,80097.0,0,0,0,0,0,0,0,0,0,0,0,0,0,0,0,1,0,0,0,0,0,0,0,0,0,0,0,0,1,0,1
OOT,Boot Barn Holdings Inc,Consumer Cyclical,Apparel Retail,USA,3770000000.0,15.73,124.32,1.17%,636795.0,0,0,0,0,0,0,0,0,0,0,0,0,0,0,0,1,0,0,0,0,0,0,0,0,0,0,0,0,1,0,1
ORR,Borr Drilling Ltd,Energy,Oil & Gas Drilling,Bermuda,1300000000.0,,4.21,1.45%,9107407.0,0,0,0,0,0,0,0,0,1,0,0,0,0,0,0,0,0,0,0,0,0,0,0,0,0,0,0,0,1,0,1
OTJ,Bank of the James Financial Group Inc,Financial,Banks - Regional,USA,123890000.0,10.78,27.27,-0.26%,32637.0,0,0,0,0,0,0,0,0,0,0,0,0,0,0,0,0,0,1,0,0,0,0,0,0,-1,0,0,0,1,1,2
OTT,Themes Humanoid Robotics ETF,Financial,Exchange Traded Fund,USA,,,43.52,-0.09%,6714.0,0,0,0,0,0,0,0,0,1,0,0,0,0,0,0,0,0,0,0,0,0,0,0,0,0,0,0,0,1,0,1
OXA,Alpha Architect Aggregate Bond ETF,Financial,Exchange Traded Fund,USA,,,102.04,0.40%,560.0,0,1,0,0,0,1,0,0,0,0,0,0,0,0,0,0,0,0,0,0,1,0,0,0,0,0,0,0,3,0,3
PAC,Blueport Acquisition Ltd,Financial,Shell Companies,USA,75470000.0,285.75,10.23,0.00%,38039.0,0,0,0,0,0,0,0,-1,0,0,0,0,0,0,0,0,0,0,0,0,0,0,0,0,0,0,0,0,0,1,1
PH,BP p.l.c. ADRhedged,Financial,Exchange Traded Fund,USA,,,71.41,0.35%,2267.0,0,0,0,0,0,0,0,0,0,0,1,0,0,0,0,0,0,0,0,0,0,0,-1,0,0,0,0,0,1,1,2
PRE,Bluerock Private Real Estate Fund,Financial,Asset Management,USA,,,13.09,2.83%,1353061.0,0,0,0,0,0,0,0,0,1,1,0,0,0,0,0,0,0,0,0,0,0,0,0,0,0,0,0,0,2,0,2
Q,Boqii Holding Limited,Consumer Cyclical,Specialty Retail,China,2170000.0,,0.75,-3.35%,32592.0,0,0,0,0,0,0,0,0,0,0,0,0,0,0,0,0,0,0,0,0,1,0,0,0,0,1,0,0,2,0,2
RAG,Bragg Gaming Group Inc,Consumer Cyclical,Gambling,Canada,36320000.0,,1.17,0.80%,5518.0,0,0,0,0,0,0,0,0,1,0,0,0,0,0,0,0,0,0,0,0,0,0,0,0,0,0,0,0,1,0,1
RCB,Black Rock Coffee Bar Inc,Consumer Cyclical,Restaurants,USA,370030000.0,97.88,7.39,6.79%,264209.0,0,0,0,0,0,0,0,0,0,0,0,0,0,0,0,0,0,0,0,0,0,0,0,0,0,1,0,0,1,0,1
RCE,MFS Blended Research Core Equity ETF,Financial,Exchange Traded Fund,USA,,,30.73,0.53%,15170.0,0,0,0,0,0,0,0,0,0,0,0,0,0,0,0,0,0,1,0,0,0,0,0,0,0,0,0,0,1,0,1
RIA,BrilliA Inc,Consumer Cyclical,Apparel Retail,Singapore,42870000.0,,1.4,0.00%,3245.0,0,0,0,0,0,0,0,0,1,0,0,0,0,0,0,0,0,0,0,0,0,0,0,0,0,0,0,0,1,0,1
RKC,YieldMax BRK.B Option Income Strategy ETF,Financial,Exchange Traded Fund,USA,,,39.55,0.14%,1115.0,0,1,0,0,0,0,0,0,1,0,0,0,0,0,0,0,0,0,0,0,0,0,0,0,0,0,0,0,2,0,2
RKL,Corgi BRKB 2x Daily ETF,Financial,Exchange Traded Fund,USA,,,24.17,0.46%,11.0,0,0,0,0,0,0,0,0,0,0,0,0,-1,0,0,0,0,0,0,0,0,0,0,0,0,0,0,0,0,1,1
RKU,Direxion Daily BRKB Bull 2X ETF,Financial,Exchange Traded Fund,USA,,,22.72,0.48%,65242.0,0,0,0,0,0,0,0,0,0,0,1,0,0,0,0,0,0,0,0,0,0,0,0,0,0,0,0,0,1,0,1
RKW,Roundhill BRKB WeeklyPay ETF,Financial,Exchange Traded Fund,USA,,,38.22,0.09%,1825.0,0,0,0,0,0,0,0,0,1,0,0,0,0,0,0,0,0,0,0,0,0,0,0,0,0,0,0,0,1,0,1
RLS,Borealis Foods Inc,Consumer Defensive,Packaged Foods,Canada,26400000.0,,1.23,1.23%,1380.0,0,0,0,0,0,0,0,0,0,0,0,0,-1,-1,0,0,0,0,0,0,0,0,0,0,0,0,0,0,0,2,2
RN,Barnwell Industries Inc,Energy,Oil & Gas E&P,USA,13820000.0,,0.96,2.17%,9852806.0,0,0,0,0,0,0,0,0,1,0,0,0,0,0,0,0,0,0,0,0,0,0,0,0,0,0,0,0,1,0,1
RNY,Burney U.S. Factor Rotation ETF,Financial,Exchange Traded Fund,USA,,,58.86,0.55%,10179.0,0,0,0,0,0,0,0,0,0,0,0,0,0,0,0,1,0,0,0,0,0,0,0,0,0,0,0,0,1,0,1
ROS,Dutch Bros Inc,Consumer Cyclical,Restaurants,USA,6820000000.0,55.06,39.06,2.17%,4410001.0,0,1,0,0,0,1,0,0,0,0,0,0,0,0,0,0,0,0,0,0,0,0,0,0,0,0,0,0,2,0,2
RT,BRT Apartments Corp,Real Estate,REIT - Residential,USA,256339999.99999997,,13.64,2.63%,66249.0,0,0,0,0,0,0,0,0,0,0,0,0,-1,0,0,0,0,0,0,0,0,0,0,0,0,0,0,0,0,1,1
RW,Saba Capital Income & Opportunities Fund,Financial,Closed-End Fund - Equity,USA,304860000.0,,5.99,0.50%,289928.0,0,0,0,0,0,0,0,0,0,0,0,0,-1,0,0,0,0,0,0,0,0,0,0,0,0,0,0,0,0,1,1
SCQ,Invesco BulletShares 2026 Corporate Bond ETF,Financial,Exchange Traded Fund,USA,,,19.53,0.05%,675105.0,0,0,0,-1,0,0,0,0,0,0,0,0,-1,-1,0,0,0,0,0,0,0,0,0,0,0,0,0,0,0,3,3
SCR,Invesco BulletShares 2027 Corporate Bond ETF,Financial,Exchange Traded Fund,USA,,,19.57,0.00%,1128278.0,0,0,0,0,0,0,0,0,0,0,0,0,0,0,0,0,0,0,0,0,1,0,0,0,0,0,0,0,1,0,1
SCV,Invesco BulletShares 2031 Corporate Bond ETF,Financial,Exchange Traded Fund,USA,,,15.82,0.19%,794163.0,0,0,0,-1,0,0,0,0,0,0,0,0,0,0,0,0,0,0,0,0,0,0,0,0,0,0,0,0,0,1,1
SCY,Invesco BulletShares 2034 Corporate Bond ETF,Financial,Exchange Traded Fund,USA,,,19.59,0.36%,1484589.0,0,0,0,-1,0,0,0,0,0,0,0,0,0,0,0,0,0,0,0,0,0,0,0,0,0,0,0,0,0,1,1
SEP,Innovator U.S. Equity Buffer ETF - September,Financial,Exchange Traded Fund,USA,,,54.9,0.57%,6178.0,0,0,0,-1,0,0,0,-1,0,0,0,0,0,0,0,0,0,0,0,0,0,0,0,0,0,0,0,0,0,2,2
SIN,Big Sky Industrial Inc,Energy,Oil & Gas E&P,USA,76120000.0,,1.45,-0.68%,171138.0,0,0,0,0,0,0,0,-1,0,0,0,0,0,0,0,0,0,0,0,0,0,0,0,0,0,0,0,0,0,1,1
SJR,Invesco BulletShares 2027 High Yield Corporate Bond ETF,Financial,Exchange Traded Fund,USA,,,22.22,0.18%,220302.0,0,0,0,0,0,0,0,0,1,0,0,0,0,0,0,0,0,0,0,0,0,0,0,0,0,0,0,0,1,0,1
SJT,Invesco BulletShares 2029 High Yield Corporate Bond ETF,Financial,Exchange Traded Fund,USA,,,20.78,0.46%,128095.0,0,0,0,-1,0,0,0,0,0,0,0,0,0,0,0,0,0,0,0,0,0,0,0,0,0,0,0,0,0,1,1
SJU,Invesco BulletShares 2030 High Yield Corporate Bond ETF,Financial,Exchange Traded Fund,USA,,,25.08,0.38%,84993.0,0,0,0,-1,0,0,0,0,0,0,0,0,0,0,0,0,0,0,0,0,0,0,0,0,0,0,0,0,0,1,1
SL,Blackstone Senior Floating Rate 2027 Term Fund,Financial,Closed-End Fund - Debt,USA,168740000.0,,12.96,0.31%,39527.0,0,0,0,-1,0,0,0,0,0,0,0,0,0,0,0,0,0,0,0,0,0,0,0,0,0,0,0,0,0,1,1
SMT,Invesco BulletShares 2029 Municipal Bond ETF,Financial,Exchange Traded Fund,USA,,,22.33,0.06%,161051.0,0,0,0,-1,0,0,0,0,0,0,0,0,0,0,0,0,0,0,0,0,0,0,0,0,0,0,0,0,0,1,1
SR,Beacon Unified Catalyst ETF,Financial,Exchange Traded Fund,USA,,,31.13,0.53%,18.0,0,0,0,0,0,0,0,0,0,0,0,0,-1,0,0,0,0,0,0,0,0,0,0,0,0,0,0,0,0,1,1
SSX,Invesco BulletShares 2033 Municipal Bond ETF,Financial,Exchange Traded Fund,USA,,,24.2,0.29%,325587.0,0,1,0,0,0,0,0,0,0,0,0,0,0,0,0,0,0,0,0,0,0,0,0,0,0,0,0,0,1,0,1
STZ,BlackRock Science and Technology Term Trust,Financial,Closed-End Fund - Equity,USA,2150000000.0,,31.24,0.77%,136831.0,0,0,0,0,0,0,0,0,0,0,1,1,0,0,0,0,0,0,0,0,1,0,0,0,0,0,0,0,3,0,3
SX,Boston Scientific Corp,Healthcare,Medical Devices,USA,61140000000.0,17.11,42.19,-0.50%,12548279.0,0,0,0,0,0,0,0,0,0,0,0,0,-1,0,0,0,0,0,0,0,0,0,0,0,0,0,0,0,0,1,1
TAL,AGF U.S. Market Neutral Anti-Beta Fund,Financial,Exchange Traded Fund,USA,,,11.91,0.00%,384746.0,0,0,0,0,0,0,0,0,0,0,1,1,0,0,0,0,0,0,0,0,0,0,0,0,0,0,0,0,2,0,2
TBT,Bit Digital Inc,Financial,Capital Markets,USA,548170000.0,,1.52,-1.30%,21405805.0,0,0,0,0,0,0,0,0,0,0,0,0,-1,0,0,0,0,0,0,0,0,0,0,1,0,0,0,0,1,1,2
TCC,Grayscale Bitcoin High Income ETF,Financial,Exchange Traded Fund,USA,,,13.77,0.66%,31019.0,0,0,0,0,0,0,0,0,1,0,1,0,0,0,0,0,0,0,0,0,0,0,0,0,0,0,0,0,2,0,2
TDR,Bitdeer Technologies Group,Technology,Software - Application,Singapore,2970000000.0,,10.91,-0.18%,6083947.0,0,0,0,0,0,0,0,0,0,0,0,0,0,0,0,0,0,0,0,0,0,0,0,0,0,0,-1,0,0,1,1
TLN,Brightline Interactive Inc,Technology,Software - Infrastructure,USA,14590000.0,,5.38,1.80%,23373.0,0,0,0,0,0,0,0,0,0,0,0,0,-1,0,0,0,0,0,0,0,0,0,0,0,0,1,0,0,1,1,2
TMD,biote Corp,Healthcare,Medical Care Facilities,USA,40960000.0,9.47,1.14,1.79%,231341.0,0,0,0,0,0,0,0,0,1,0,0,0,0,0,0,0,0,0,0,0,0,0,0,0,0,0,0,0,1,0,1
TOC,Armlogi Holding Corp,Industrials,Integrated Freight & Logistics,USA,10040000.0,,0.22,-3.28%,52982.0,0,0,0,0,0,0,0,0,0,0,0,0,-1,-1,0,0,0,0,0,0,0,0,0,0,0,0,0,0,0,2,2
TOT,iShares Total USD Fixed Income Market ETF,Financial,Exchange Traded Fund,USA,,,47.19,0.21%,457.0,0,0,0,0,0,0,0,0,0,0,0,0,0,0,0,0,0,0,0,-1,0,0,0,0,0,0,0,0,0,1,1
TRN,Global X Bitcoin Trend Strategy ETF,Financial,Exchange Traded Fund,USA,,,27.13,-0.00%,98.0,0,1,0,0,0,0,0,0,0,0,0,0,0,0,0,0,0,0,0,0,0,0,0,0,0,0,0,0,1,0,1
TTC,Black Titan Corp,Technology,Software - Application,Malaysia,6120000.0,,0.57,-9.09%,1238310.0,0,0,0,0,0,0,0,0,1,0,0,0,0,0,0,0,0,0,0,0,0,0,0,0,0,0,0,0,1,0,1
TX,BlackRock Technology and Private Equity Term Trust,Financial,Asset Management,USA,,,9.49,1.17%,480040.0,0,0,0,0,0,0,0,0,0,0,1,0,0,0,0,0,0,0,0,0,0,0,0,0,0,0,0,0,1,0,1
UCK,Simplify Treasury Option Income ETF,Financial,Exchange Traded Fund,USA,,,23.1,0.31%,477026.0,0,0,0,-1,0,0,0,0,1,0,0,0,0,0,0,0,0,0,0,0,0,0,0,0,0,0,0,0,1,1,2
UDA,Buda Juice Inc,Consumer Defensive,Beverages - Non-Alcoholic,USA,94240000.0,39.16,7.5,4.15%,1858.0,0,0,0,0,0,0,0,0,0,0,0,0,-1,0,0,0,0,0,0,0,0,0,0,1,0,0,0,0,1,1,2
UFF,Innovator Laddered Allocation Power Buffer ETF,Financial,Exchange Traded Fund,USA,,,54.42,0.31%,84498.0,0,0,0,0,0,0,0,-1,0,0,0,0,0,0,0,0,0,0,0,0,0,0,0,0,0,0,0,0,0,1,1
UFM,AB Moderate Buffer ETF,Financial,Exchange Traded Fund,USA,,,41.17,0.28%,10536.0,0,0,0,-1,0,0,0,-1,0,0,0,0,0,0,0,0,0,0,0,0,0,0,0,0,0,0,0,0,0,2,2
UFP,PGIM Laddered S&P 500 Buffer 12 ETF,Financial,Exchange Traded Fund,USA,,,33.25,0.30%,62421.0,0,1,0,0,0,0,0,0,0,0,0,0,0,0,0,0,0,0,0,0,0,0,0,0,0,0,0,0,1,0,1
UFQ,FT Vest Laddered Nasdaq Buffer ETF,Financial,Exchange Traded Fund,USA,,,41.04,0.27%,248009.0,0,0,0,0,0,0,0,0,0,0,0,0,0,0,0,0,0,0,0,0,1,0,0,0,0,0,0,0,1,0,1
UG,Global X Cybersecurity ETF,Financial,Exchange Traded Fund,USA,,,48.73,2.10%,2101671.0,0,0,0,-1,0,0,0,0,0,0,0,0,0,0,0,0,0,1,0,0,0,0,0,0,0,0,0,0,1,1,2
ULD,Pacer BlueStar Engineering the Future ETF,Financial,Exchange Traded Fund,USA,,,38.03,-0.48%,1452.0,0,0,0,0,0,0,0,0,0,0,0,0,0,0,0,1,0,0,0,0,0,0,0,0,0,0,0,0,1,0,1
VFL,BV Financial Inc,Financial,Banks - Regional,USA,182200000.0,14.16,21.51,0.19%,12955.0,0,0,0,0,0,0,0,0,0,0,1,1,0,0,0,0,0,0,0,0,0,0,0,0,-1,0,0,0,2,1,3
VN,Compania de Minas Buenaventura SA ADR,Basic Materials,Other Precious Metals & Mining,Peru,8100000000.0,7.22,31.94,1.11%,717251.0,0,0,0,0,0,0,0,0,0,0,0,0,0,0,0,0,0,0,0,-1,0,0,0,0,0,0,0,0,0,1,1
W,Babcock & Wilcox Enterprises Inc,Industrials,Specialty Industrial Machinery,USA,880380000.0,,5.91,4.79%,6056269.0,0,0,0,0,0,0,0,0,1,0,0,0,0,0,0,0,0,0,0,0,0,0,0,0,0,0,0,0,1,0,1
WA,BorgWarner Inc,Consumer Cyclical,Auto Parts,USA,12900000000.0,32.18,63.36,5.14%,3577244.0,0,0,0,0,0,0,0,0,1,0,0,0,0,0,0,0,0,0,0,0,0,0,0,0,0,0,0,0,1,0,1
WAY,Brainsway Ltd ADR,Healthcare,Medical Devices,Israel,478570000.0,50.04,11.89,-2.78%,143634.0,0,1,0,0,0,0,0,0,0,0,0,0,0,0,0,1,0,0,0,0,0,0,0,0,0,0,0,0,2,0,2
WB,Bridgewater Bancshares Inc,Financial,Banks - Regional,USA,568000000.0,11.07,20.37,-0.29%,85737.0,0,0,0,0,0,0,0,0,0,0,0,0,0,0,0,0,0,0,0,0,0,0,-1,0,0,0,0,0,0,1,1
WEN,Broadwind Inc,Industrials,Specialty Industrial Machinery,USA,100540000.0,17.35,4.25,2.16%,171223.0,0,0,0,-1,0,0,0,0,0,0,0,0,0,0,0,0,0,0,0,0,0,0,0,0,0,0,0,0,0,1,1
WFG,Bankwell Financial Group Inc,Financial,Banks - Regional,USA,524799999.99999994,12.29,65.83,-0.48%,48617.0,0,0,0,0,0,0,0,0,0,0,0,0,0,0,0,0,0,0,0,0,0,0,-1,0,0,0,0,0,0,1,1
WIV,Blue Water Acquisition Corp IV,Financial,Shell Companies,USA,177410000.0,272.95,9.99,0.00%,139.0,0,0,0,0,0,0,0,0,0,0,1,0,0,0,0,0,0,0,0,0,0,0,-1,0,0,0,0,0,1,1,2
WOW,Bitwise Dogecoin ETF,Financial,Exchange Traded Fund,USA,,,15.38,-1.60%,942.0,0,1,0,0,0,0,0,0,0,0,0,0,0,0,0,0,0,0,0,0,0,0,0,0,0,0,0,0,1,0,1
WTG,Brendan Wood TopGun Index ETF,Financial,Exchange Traded Fund,USA,,,42.51,0.55%,509.0,0,0,0,0,0,0,0,0,0,0,1,0,0,0,0,0,0,0,0,0,0,0,0,0,0,0,0,0,1,0,1
WX,State Street SPDR Bloomberg International Treasury Bond ETF,Financial,Exchange Traded Fund,USA,,,21.19,0.24%,620896.0,0,1,0,0,0,0,0,0,0,0,0,0,0,0,0,0,0,0,0,0,0,0,0,0,0,0,0,0,1,0,1
XSL,Blackstone Secured Lending Fund,Financial,Asset Management,USA,5480000000.0,18.53,23.52,0.00%,1814574.0,0,1,0,0,0,0,0,0,0,0,0,0,0,0,0,0,0,0,0,0,1,0,0,0,0,1,0,0,3,0,3
YFC,Broadway Financial Corp,Financial,Banks - Regional,USA,108090000.0,,11.65,0.34%,3920.0,0,0,0,0,0,0,0,0,0,0,0,0,0,0,0,0,0,1,0,0,0,0,0,0,0,0,0,0,1,0,1
YRN,Byrna Technologies Inc,Industrials,Aerospace & Defense,USA,86360000.0,,3.69,1.65%,239921.0,0,0,0,0,0,0,0,0,1,0,0,0,0,0,0,0,0,0,0,0,0,0,0,0,0,0,0,0,1,0,1
,Citigroup Inc,Financial,Banks - Diversified,USA,215580000000.0,13.87,128.52,-0.02%,9635335.0,0,0,0,0,0,0,0,0,0,0,1,0,0,0,0,0,0,0,0,0,0,0,0,0,0,0,0,0,1,0,1
AAA,First Trust AAA CMBS ETF,Financial,Exchange Traded Fund,USA,,,19.8,0.35%,3537.0,0,0,0,0,0,0,0,0,0,0,0,0,-1,-1,0,0,0,0,0,0,0,0,0,0,0,0,0,0,0,2,2
AAP,Corporacion America Airports SA,Industrials,Airports & Air Services,Luxembourg,4120000000.0,14.07,25.22,-1.25%,245979.0,0,0,0,0,0,0,0,0,1,1,0,0,0,0,0,0,0,0,0,0,0,0,0,0,0,0,0,0,2,0,2
AE,Cae Inc,Industrials,Aerospace & Defense,Canada,7600000000.0,36.91,23.73,0.08%,675190.0,0,0,0,0,0,0,0,0,0,0,0,0,0,0,0,0,0,0,0,0,0,0,0,0,0,1,0,0,1,0,1
AES,Cantor Equity Partners VII Inc,Financial,Shell Companies,USA,319770000.0,,10.04,-0.10%,84.0,0,0,0,0,0,0,0,0,0,0,0,0,-1,0,0,0,0,0,0,0,0,0,0,0,0,0,0,0,0,1,1
AH,Cardinal Health Inc,Healthcare,Medical Distribution,USA,54060000000.0,32.25,233.44,0.14%,1149627.0,0,0,0,-1,0,0,0,0,0,0,0,0,0,0,0,0,0,0,0,0,0,0,0,0,0,0,0,0,0,1,1
AIE,Calamos Autocallable Income ETF,Financial,Exchange Traded Fund,USA,,,26.91,0.41%,559449.0,0,0,0,0,0,0,0,0,0,0,1,1,0,0,0,0,0,0,0,0,0,0,0,0,-1,0,0,0,2,1,3
AIQ,Calamos Nasdaq Autocallable Income ETF,Financial,Exchange Traded Fund,USA,,,26.29,0.50%,291603.0,0,0,0,0,0,0,0,0,0,0,0,0,-1,0,0,0,0,0,0,0,0,0,0,0,0,0,0,0,0,1,1
ALX,Calix Inc,Technology,Software - Infrastructure,USA,2220000000.0,46.96,35.29,2.77%,678784.0,0,0,0,0,0,0,0,0,1,1,0,0,0,0,0,0,0,0,0,0,0,0,0,0,0,0,0,0,2,0,2
AML,Congress Large Cap Growth ETF,Financial,Exchange Traded Fund,USA,,,41.92,1.16%,26424.0,0,0,0,0,0,0,0,-1,0,0,0,0,0,0,0,0,0,0,0,0,0,0,0,0,0,0,0,0,0,1,1
AMT,Camtek Ltd,Technology,Semiconductor Equipment & Materials,Israel,7210000000.0,255.84,154.55,-4.63%,342999.0,0,0,0,0,0,0,0,0,1,0,0,0,-1,0,0,0,0,0,0,0,0,0,0,0,0,0,0,0,1,1,2
ANG,Cango Inc,Financial,Capital Markets,China,123880000.0,,3.02,11.03%,779827.0,0,0,0,0,0,0,0,0,1,0,0,0,0,0,0,0,0,0,0,0,0,0,0,0,0,0,0,0,1,0,1
ANQ,Calamos Nasdaq Equity & Income ETF,Financial,Exchange Traded Fund,USA,,,29.79,0.74%,4073.0,0,0,0,0,0,0,0,0,1,1,0,0,0,0,0,0,0,0,0,0,0,0,0,0,0,0,0,0,2,0,2
AOS,Alpha Architect Tail Risk ETF,Financial,Exchange Traded Fund,USA,,,91.17,0.41%,27763.0,0,0,0,0,0,0,0,0,0,0,0,0,-1,-1,0,0,0,0,0,0,0,0,0,0,0,0,0,0,0,2,2
ARU,MAX Auto Industry 3X Leveraged ETN,Financial,Exchange Traded Fund,USA,,,18.06,2.59%,513.0,0,0,0,0,0,0,0,0,0,0,0,0,0,0,0,1,0,0,0,0,0,0,0,0,0,0,0,0,1,0,1
ARY,Angel Oak Income ETF,Financial,Exchange Traded Fund,USA,,,20.12,0.15%,473408.0,0,0,0,0,0,1,0,0,1,0,0,0,0,0,0,0,0,0,0,0,0,0,0,0,0,0,0,0,2,0,2
AS,Simplify China A Shares PLUS Income ETF,Financial,Exchange Traded Fund,USA,,,23.6,0.41%,2472.0,0,1,0,0,0,0,0,0,0,0,0,0,-1,0,0,0,0,0,0,0,0,0,0,0,0,0,0,0,1,1,2
ASH,Pathward Financial Inc,Financial,Banks - Regional,USA,1520000000.0,9.15,73.06,-0.49%,209914.0,0,0,0,0,0,0,0,0,1,1,0,0,0,0,0,0,0,0,0,0,0,0,0,0,0,0,0,0,2,0,2
ATG,Leverage Shares 2X Long CAT Daily ETF,Financial,Exchange Traded Fund,USA,,,11.63,3.29%,49794.0,0,0,0,0,0,0,0,0,0,0,0,0,0,0,0,0,0,0,0,0,0,0,0,0,0,1,0,0,1,0,1
BAN,Colony Bankcorp Inc,Financial,Banks - Regional,USA,433540000.0,12.37,20.43,0.10%,110048.0,0,0,0,0,0,1,0,0,0,0,0,0,0,0,0,0,0,1,0,0,0,0,0,0,0,0,0,0,2,0,2
BL,CBL& Associates Properties Inc,Real Estate,REIT - Retail,USA,1550000000.0,7.27,50.0,-7.77%,800027.0,0,0,0,0,0,0,0,0,1,0,0,0,0,0,0,0,0,0,0,0,0,0,0,0,0,0,0,0,1,0,1
BOT,Corgi Robots & Humanoids ETF,Financial,Exchange Traded Fund,USA,,,24.41,0.19%,37.0,0,0,0,0,0,0,0,0,0,0,1,0,0,0,0,0,0,0,0,0,0,0,0,0,0,0,0,0,1,0,1
BRE,CBRE Group Inc,Real Estate,Real Estate Services,USA,37840000000.0,29.96,130.66,0.97%,2656715.0,0,0,0,0,0,0,0,0,0,0,1,0,0,0,0,0,0,0,0,0,0,0,0,0,0,0,0,0,1,0,1
BRG,Leverage Shares 2X Long CBRS Daily ETF,Financial,Exchange Traded Fund,USA,,,2.64,-4.35%,24837572.0,0,0,0,0,0,0,0,0,0,0,0,0,-1,0,0,0,0,0,0,0,0,0,0,0,0,0,0,0,0,1,1
BRZ,Tradr 2X Short CBRS Daily ETF,Financial,Exchange Traded Fund,USA,,,10.15,4.64%,247809.0,0,0,0,0,0,0,0,0,0,0,0,0,0,0,0,0,0,0,0,0,0,0,0,0,0,1,0,0,1,0,1
BSE,Clough Select Equity ETF,Financial,Exchange Traded Fund,USA,,,48.53,0.24%,1790.0,0,0,0,0,0,0,0,0,0,0,0,0,0,0,0,1,0,0,0,0,0,0,0,0,0,0,0,0,1,0,1
BT,Cabot Corp,Basic Materials,Specialty Chemicals,USA,3980000000.0,21.74,77.11,-0.35%,419002.0,0,0,0,0,0,0,0,0,1,0,0,0,0,0,0,0,0,0,0,0,0,0,0,0,0,0,0,0,1,0,1
BUS,Cibus Inc,Healthcare,Biotechnology,USA,119990000.0,,1.57,-6.55%,164426.0,0,0,0,0,0,0,0,0,1,0,0,0,0,0,0,0,0,0,0,0,0,0,0,0,0,0,0,0,1,0,1
CAQ,Collective Acquisition Corp,Financial,Shell Companies,USA,215680000.0,58.12,10.66,1.62%,411.0,0,0,0,-1,0,0,0,0,0,0,0,0,0,0,0,0,0,0,0,0,0,0,0,0,0,0,0,0,0,1,1
CCC,C4 Therapeutics Inc,Healthcare,Biotechnology,USA,354320000.0,,2.88,-3.68%,2114453.0,0,0,0,0,0,0,0,0,1,0,0,0,0,0,0,0,0,0,0,0,0,0,0,0,0,0,0,0,1,0,1
CEF,Calamos CEF Income & Arbitrage ETF,Financial,Exchange Traded Fund,USA,,,28.57,0.69%,12716.0,0,0,0,0,0,0,0,0,0,0,1,0,0,0,0,0,0,0,0,0,1,0,0,0,0,0,0,0,2,0,2
CHH,CCH Holdings Ltd,Consumer Cyclical,Restaurants,Malaysia,19170000.0,,0.97,-2.50%,11163.0,0,0,0,0,0,0,0,0,0,0,0,0,-1,0,0,0,0,0,0,0,0,0,0,0,0,0,0,0,0,1,1
CIF,Carlyle Credit Income Fund,Financial,Closed-End Fund - Debt,USA,50240000.0,,2.37,-0.84%,105029.0,0,0,0,0,0,0,0,0,1,1,0,0,0,0,0,0,0,0,0,0,0,0,0,0,0,0,0,0,2,0,2
CJ,Cameco Corp,Energy,Uranium,Canada,40510000000.0,158.14,93.02,6.35%,6055421.0,0,0,0,0,0,0,0,0,0,0,0,0,-1,0,0,0,0,0,0,0,0,0,0,1,0,0,0,0,1,1,2
CL,Carnival Corp Ltd,Consumer Cyclical,Travel Services,USA,35740000000.0,11.61,26.58,3.99%,23972464.0,0,0,0,0,0,0,0,0,1,0,0,0,0,0,0,0,0,0,0,0,0,0,0,0,0,0,0,0,1,0,1
CLD,CareCloud Inc,Healthcare,Health Information Services,USA,87960000.0,29.74,2.07,1.47%,250114.0,0,0,0,0,0,0,0,0,1,0,0,0,0,0,0,0,0,0,0,0,0,0,0,0,0,0,0,0,1,0,1
CNR,ALPS/CoreCommodity Natural Resources ETF,Financial,Exchange Traded Fund,USA,,,39.09,0.43%,8492.0,0,0,0,0,0,0,0,0,0,0,0,0,0,0,0,0,0,0,0,0,0,0,0,0,-1,0,0,0,0,1,1
CSO,Carbon Collective Climate Solutions U.S. Equity ETF,Financial,Exchange Traded Fund,USA,,,25.46,1.49%,1782.0,0,0,0,0,0,0,0,0,1,1,0,0,0,0,0,0,0,0,0,0,0,0,0,0,0,0,0,0,2,0,2
CU,Compania Cervecerias Unidas SA ADR,Consumer Defensive,Beverages - Brewers,Chile,2049999999.9999998,18.15,11.09,1.00%,147144.0,0,1,0,0,0,0,0,0,1,0,0,0,0,0,0,0,0,0,0,0,0,0,0,0,0,0,0,0,2,0,2
CUP,T-REX 2X Long CRCL Daily Target ETF,Financial,Exchange Traded Fund,USA,,,21.87,1.66%,90035.0,0,0,0,0,0,0,0,0,0,0,0,0,-1,0,0,0,0,0,0,0,0,0,0,0,0,0,0,0,0,1,1
DIG,City Different Investments Global Equity ETF,Financial,Exchange Traded Fund,USA,,,25.92,1.05%,837.0,0,0,0,0,0,0,0,-1,0,0,0,0,0,0,0,0,0,0,0,0,0,0,0,0,0,0,0,0,0,1,1
DTG,CDT Environmental Technology Investment Holdings Ltd,Industrials,Waste Management,China,3320000.0,,1.1,6.80%,136693.0,0,0,0,0,0,0,0,0,1,0,0,0,0,0,0,0,0,0,0,0,0,0,0,0,0,0,0,0,1,0,1
DX,Simplify High Yield ETF,Financial,Exchange Traded Fund,USA,,,20.35,0.55%,92705.0,0,0,0,0,0,0,0,0,0,0,0,0,0,0,0,0,0,0,0,-1,0,0,0,0,0,0,0,0,0,1,1
DZI,Cadiz Inc,Industrials,Pollution & Treatment Controls,USA,296370000.0,,3.5,-1.96%,818653.0,0,0,0,0,0,0,0,0,0,0,1,0,0,0,0,0,0,0,0,0,0,0,0,0,0,0,0,0,1,0,1
E,Celanese Corp,Basic Materials,Chemicals,USA,4920000000.0,,44.85,-1.49%,1274763.0,0,0,0,0,0,0,0,0,1,0,0,0,0,0,0,0,0,0,0,0,0,0,0,0,0,0,0,0,1,0,1
ECO,Ceco Environmental Corp,Industrials,Pollution & Treatment Controls,USA,4420000000.0,,75.45,0.65%,357141.0,0,0,0,0,0,0,0,0,0,0,0,0,0,0,0,0,0,0,0,0,0,0,0,0,0,0,-1,0,0,1,1
EF,Sprott Physical Gold and Silver Trust,Financial,Asset Management,Canada,7180000000.0,,41.82,0.72%,382072.0,0,0,0,0,0,0,0,0,1,0,0,0,0,0,0,0,0,0,0,0,0,0,0,0,0,0,0,0,1,0,1
ENX,Century Aluminum Co,Basic Materials,Aluminum,USA,3680000000.0,6.43,37.18,0.65%,1633190.0,0,0,0,0,0,0,0,0,1,0,0,0,0,0,0,0,0,0,0,0,0,0,0,0,0,0,0,0,1,0,1
EPF,Cantor Equity Partners IV Inc,Financial,Shell Companies,USA,588070000.0,41.33,10.29,0.11%,344751.0,0,0,0,0,0,0,0,0,0,0,1,0,0,0,0,0,0,0,0,0,0,0,0,0,0,0,0,0,1,0,1
EPU,Central Puerto ADR,Utilities,Utilities - Regulated Electric,Argentina,1910000000.0,5.54,12.72,2.33%,270617.0,0,0,0,0,0,1,0,0,0,0,0,0,0,0,0,0,0,0,0,-1,0,0,0,0,0,0,0,0,1,1,2
ERS,Cerus Corp,Healthcare,Medical Devices,USA,471570000.0,,2.34,0.00%,1608095.0,0,0,0,0,0,0,0,0,1,0,0,0,0,0,0,0,0,0,0,0,0,0,0,0,0,0,0,0,1,0,1
ET,Central Securities Corp,Financial,Closed-End Fund - Equity,USA,1670000000.0,,56.41,0.30%,15483.0,0,0,0,0,0,0,0,-1,0,0,0,0,0,0,0,0,0,0,0,0,0,0,0,0,0,0,0,0,0,1,1
ETY,Clean Energy Technologies Inc,Industrials,Specialty Industrial Machinery,USA,11620000.0,,0.96,-0.48%,6120.0,0,0,0,0,0,0,0,0,0,0,1,0,0,0,0,0,0,0,0,0,0,0,0,0,0,0,0,0,1,0,1
EV,Eaton Vance California Municipal Income Trust,Financial,Closed-End Fund - Debt,USA,72020000.0,,10.24,-0.29%,41483.0,0,0,0,0,0,0,0,0,0,0,0,0,0,0,0,0,0,0,0,0,1,0,0,1,0,0,0,0,2,0,2
EVA,Ceva Inc,Technology,Semiconductors,USA,1020000000.0,,36.17,-1.34%,469511.0,0,0,0,0,0,0,0,0,1,0,0,0,0,0,0,0,0,0,0,0,0,0,0,0,0,0,0,0,1,0,1
EW,WisdomTree Emerging Currency Strategy Fund,Financial,Exchange Traded Fund,USA,,,19.69,0.20%,744.0,0,0,0,0,0,0,0,0,0,0,0,0,0,0,0,0,0,0,0,0,0,0,0,0,-1,0,0,0,0,1,1
FND,C1 Fund Inc,Financial,Asset Management,USA,,,2.91,-2.68%,29741.0,0,0,0,-1,0,0,0,0,0,0,0,0,0,0,0,0,0,0,0,0,0,0,0,0,0,0,0,0,0,1,1
GBL,Capital Group Core Balanced ETF,Financial,Exchange Traded Fund,USA,,,37.27,0.40%,1029718.0,0,0,0,-1,0,0,0,0,0,0,0,0,0,0,0,0,0,0,0,0,0,0,0,0,0,0,0,0,0,1,1
GC,Canopy Growth Corp,Healthcare,Drug Manufacturers - Specialty & Generic,Canada,376800000.0,,0.89,0.70%,1571458.0,0,0,0,0,0,0,0,0,0,0,0,0,-1,0,0,0,0,0,0,0,0,0,0,0,0,0,0,0,0,1,1
GDV,Capital Group Dividend Value ETF,Financial,Exchange Traded Fund,USA,,,49.82,0.52%,2500005.0,0,0,0,-1,0,0,0,0,0,0,0,0,0,0,0,0,0,0,0,0,0,0,0,0,0,0,0,0,0,1,1
GEM,Cullinan Therapeutics Inc,Healthcare,Biotechnology,USA,1050000000.0,,16.25,1.31%,2017233.0,0,1,0,0,0,0,0,0,0,0,0,0,0,0,0,0,0,0,0,0,0,0,0,0,0,0,0,0,1,0,1
GGE,Capital Group Global Equity ETF,Financial,Exchange Traded Fund,USA,,,35.42,0.40%,469476.0,0,0,0,-1,0,0,0,0,0,0,0,0,0,0,0,0,0,1,0,0,0,0,0,0,0,0,0,0,1,1,2
GGG,Capital Group U.S. Large Growth ETF,Financial,Exchange Traded Fund,USA,,,29.65,0.74%,92893.0,0,0,0,0,0,0,0,0,0,0,0,0,0,0,0,1,0,0,0,0,0,0,0,0,0,0,0,0,1,0,1
GGR,Capital Group Growth ETF,Financial,Exchange Traded Fund,USA,,,48.47,0.29%,1645046.0,0,0,0,0,0,0,0,-1,0,0,0,0,0,0,0,0,0,0,0,0,0,0,0,0,0,0,0,0,0,1,1
GHY,Capital Group High Yield Bond ETF,Financial,Exchange Traded Fund,USA,,,24.53,0.41%,31966.0,0,0,0,-1,0,0,0,0,0,0,0,0,0,0,0,0,0,0,0,0,0,0,0,0,0,0,0,0,0,1,1
GMM,Capital Group U.S. Small and Mid Cap ETF,Financial,Exchange Traded Fund,USA,,,31.82,0.54%,806393.0,0,0,0,-1,0,0,0,0,0,0,0,0,0,0,0,0,0,0,0,0,0,0,0,0,0,0,0,0,0,1,1
GNX,Cognex Corp,Technology,Scientific & Technical Instruments,USA,11160000000.0,64.24,66.35,3.08%,1914366.0,0,1,0,0,0,0,0,0,0,0,0,0,0,0,0,0,0,0,0,0,1,0,-1,0,0,0,0,0,2,1,3
GUI,Capital Group Ultra Short Income ETF,Financial,Exchange Traded Fund,USA,,,25.23,0.00%,257102.0,0,1,0,-1,0,0,0,0,0,0,0,0,0,0,0,0,0,0,0,0,0,0,0,0,0,0,0,0,1,1,2
GW,Invesco S&P Global Water Index ETF,Financial,Exchange Traded Fund,USA,,,64.03,0.52%,24325.0,0,0,0,0,0,0,0,0,0,0,0,0,-1,0,0,0,0,0,0,0,0,0,0,0,0,0,0,0,0,1,1
GXU,Capital Group International Focus Equity ETF,Financial,Exchange Traded Fund,USA,,,34.72,-0.77%,1123291.0,0,0,0,0,0,0,0,0,0,0,1,1,0,0,0,0,0,0,0,0,0,0,0,0,-1,0,0,0,2,1,3
HAT,Roundhill Generative AI & Technology ETF,Financial,Exchange Traded Fund,USA,,,95.98,0.71%,272997.0,0,0,0,0,0,0,0,0,0,0,0,0,0,0,0,0,0,0,0,0,0,0,-1,0,0,0,0,0,0,1,1
HD,Church & Dwight Co Inc,Consumer Defensive,Household & Personal Products,USA,22900000000.0,31.06,96.54,0.92%,1409775.0,0,0,0,0,0,0,0,0,0,0,0,0,-1,0,0,0,0,0,0,0,0,0,0,0,0,0,0,0,0,1,1
HEF,Chefs' Warehouse Inc,Consumer Defensive,Food Distribution,USA,4540000000.0,52.88,111.21,0.13%,664389.0,0,0,0,0,0,0,0,0,0,0,1,0,0,0,0,0,0,0,0,0,0,0,-1,0,0,0,0,0,1,1,2
HGG,Chegg Inc,Consumer Defensive,Education & Training Services,USA,78830000.0,,0.71,-1.44%,374268.0,0,0,0,0,0,0,0,0,1,0,0,0,0,0,0,0,0,0,0,0,0,0,0,0,0,0,0,0,1,0,1
HH,Choice Hotels International Inc,Consumer Cyclical,Lodging,USA,4640000000.0,14.55,103.06,3.49%,568032.0,0,0,0,0,0,0,0,0,0,0,0,0,-1,0,0,0,0,0,0,0,0,0,0,0,0,0,0,0,0,1,1
HI,Calamos Convertible Opportunities and Income Fund,Financial,Closed-End Fund - Debt,USA,935400000.0,,11.77,2.13%,512175.0,0,0,0,0,0,0,0,0,0,0,0,0,0,0,0,0,0,0,0,0,0,0,-1,0,0,0,0,0,0,1,1
HKP,Check Point Software Technologies Ltd,Technology,Software - Infrastructure,Israel,13480000000.0,13.52,131.98,1.85%,794352.0,0,1,0,-1,0,1,0,0,0,0,1,1,0,0,0,0,0,0,0,0,0,0,0,0,0,0,0,0,4,1,5
HNR,China Natural Resources Inc,Basic Materials,Other Industrial Metals & Mining,Hong Kong,4920000.0,,3.92,1.17%,534.0,0,0,0,0,0,0,0,0,0,0,0,0,0,0,0,1,0,0,0,0,0,0,0,0,0,0,0,0,1,0,1
HPS,Xtrackers Semiconductor Select Equity ETF,Financial,Exchange Traded Fund,USA,,,94.27,-0.01%,78260.0,0,0,0,0,0,0,0,0,1,0,0,0,0,0,0,0,0,0,0,0,0,0,0,0,0,0,0,0,1,0,1
HRD,Chord Energy Corp,Energy,Oil & Gas E&P,USA,7520000000.0,9.22,137.53,-1.14%,569428.0,0,0,0,-1,0,0,0,0,0,0,0,0,0,0,0,0,0,0,0,0,0,0,0,0,0,0,0,0,0,1,1
HRN,ChronoScale Holdings Corp,Technology,Information Technology Services,USA,2810000000.0,,19.28,3.66%,99840.0,0,0,0,0,0,0,0,0,1,0,0,0,0,0,0,0,0,0,0,0,0,0,0,0,0,0,0,0,1,0,1
HT,Chunghwa Telecom ADR,Communication Services,Telecom Services,Taiwan,35750000000.0,28.17,46.08,-0.15%,186531.0,0,0,0,0,0,0,0,0,0,0,0,0,0,0,0,0,0,0,0,0,1,0,-1,0,0,0,0,0,1,1,2
HTR,Charter Communications Inc,Communication Services,Telecom Services,USA,19020000000.0,2.82,108.64,0.81%,2548350.0,0,0,0,0,0,0,0,0,1,0,0,0,0,0,0,0,0,0,0,0,0,0,0,0,0,0,0,0,1,0,1
HY,Calamos Convertible and High Income Fund,Financial,Closed-End Fund - Debt,USA,952990000.0,,11.96,2.57%,295534.0,0,1,0,0,0,0,0,0,0,0,0,0,-1,-1,0,0,0,0,0,0,0,0,0,0,0,0,0,0,1,2,3
I,Cigna Group,Healthcare,Healthcare Plans,USA,72500000000.0,11.35,274.37,1.14%,1093478.0,0,0,0,0,0,0,0,0,1,0,0,0,0,0,0,0,0,0,0,0,0,0,0,0,0,0,0,0,1,0,1
IBR,First Trust NASDAQ Cybersecurity ETF,Financial,Exchange Traded Fund,USA,,,108.13,2.00%,2424595.0,0,0,0,0,0,0,0,-1,0,0,0,0,0,0,0,0,0,0,0,0,0,0,0,0,0,0,0,0,0,1,1
IEN,CIENA Corp,Technology,Communication Equipment,USA,62910000000.0,99.0,443.65,13.85%,6397842.0,0,0,0,0,0,0,0,0,1,0,0,0,0,0,0,0,0,0,0,0,0,0,0,0,0,0,0,0,1,0,1
IFC,Corgi CIFR 2x Daily ETF,Financial,Exchange Traded Fund,USA,,,6.29,0.32%,39050.0,0,0,0,0,0,0,0,0,1,0,0,0,0,0,0,0,0,0,0,0,0,0,0,0,0,0,0,0,1,0,1
IFR,Cipher Digital Inc,Technology,Information Technology Services,USA,6430000000.0,,15.5,0.13%,22577534.0,0,0,0,0,0,0,0,0,1,0,0,0,0,0,0,0,0,0,0,0,0,0,0,0,0,0,0,0,1,0,1
IFU,T-REX 2X Long CIFR Daily Target ETF,Financial,Exchange Traded Fund,USA,,,8.33,-1.07%,1160896.0,0,0,0,0,0,0,0,0,0,0,0,0,0,0,0,0,0,0,0,0,0,0,0,1,0,0,0,0,1,0,1
IG,Cia Energetica DE Minas Gerais - Cemig ADR,Utilities,Utilities - Regulated Electric,Brazil,4490000000.0,7.79,2.36,-0.84%,4134588.0,0,0,0,0,0,0,0,0,1,0,0,0,0,0,0,0,0,0,0,0,0,0,0,0,0,0,0,0,1,0,1
II,BlackRock Enhanced Large Cap Core Fund Inc,Financial,Closed-End Fund - Equity,USA,1060000000.0,,24.28,0.91%,63089.0,0,0,0,0,0,0,0,0,1,0,0,0,0,0,0,0,0,0,0,0,0,0,-1,0,0,0,0,0,1,1,2
IK,UBS Asset Management Income Fund Inc,Financial,Closed-End Fund - Debt,USA,127820000.0,,2.33,1.30%,222042.0,0,0,0,0,0,0,0,0,1,0,0,0,0,0,0,0,0,0,0,0,0,0,0,0,0,0,0,0,1,0,1
INT,CI&T Inc,Technology,Software - Infrastructure,Brazil,404440000.0,11.23,3.16,-0.63%,98065.0,0,0,0,0,0,0,0,0,1,0,0,0,0,0,0,0,0,0,0,0,0,0,0,0,0,0,0,0,1,0,1
ISO,CISO Global Inc,Technology,Software - Infrastructure,USA,9600000.0,,0.21,3.32%,98710.0,0,0,0,0,0,0,0,0,1,0,0,0,0,0,0,0,0,0,0,0,0,0,0,0,0,0,0,0,1,0,1
ITR,CitroTech Inc,Basic Materials,Specialty Chemicals,USA,64980000.00000001,,2.86,0.35%,44213.0,0,0,0,0,0,0,0,0,1,0,0,0,0,0,0,0,0,0,0,0,0,0,0,0,0,0,0,0,1,0,1
LB,Core Laboratories Inc,Energy,Oil & Gas Equipment & Services,USA,472610000.0,18.26,10.3,-2.00%,580479.0,0,0,0,0,0,0,0,0,0,0,0,0,0,0,0,0,0,0,0,0,0,0,0,1,0,0,0,0,1,0,1
LBR,Colombier Acquisition Corp III,Financial,Shell Companies,USA,408170000.0,149.56,10.2,0.20%,126911.0,0,0,0,0,0,0,0,0,0,0,0,0,-1,0,0,0,0,0,0,0,0,0,0,0,0,0,0,0,0,1,1
LDT,Chatham Lodging Trust,Real Estate,REIT - Hotel & Motel,USA,638410000.0,178.52,13.71,-0.07%,190921.0,0,0,0,0,0,0,0,0,0,0,0,0,0,0,0,0,0,0,0,0,1,1,0,0,0,0,0,0,2,0,2
LGN,CollPlant Biotechnologies Ltd,Healthcare,Biotechnology,Israel,6410000.0,,3.39,-0.59%,25024.0,0,0,0,0,0,0,0,0,0,0,0,0,0,0,0,0,0,0,0,0,0,0,0,0,0,1,0,0,1,0,1
LH,Clean Harbors Inc,Industrials,Waste Management,USA,16790000000.0,38.58,318.06,-1.34%,399390.0,0,0,0,0,0,0,0,0,0,0,0,0,-1,0,0,0,0,0,0,0,0,0,0,0,0,0,0,0,0,1,1
LIP,Global X 1-3 Month T-Bill ETF,Financial,Exchange Traded Fund,USA,,,100.09,0.00%,414366.0,0,1,0,-1,0,1,0,0,0,0,0,0,-1,0,0,0,0,0,0,0,1,1,0,0,0,0,0,0,4,2,6
LIR,ClearSign Technologies Corp,Industrials,Pollution & Treatment Controls,USA,22460000.0,,3.3,0.00%,9114.0,0,0,0,0,0,0,0,0,1,1,0,0,0,0,0,0,0,0,0,0,0,0,0,0,0,0,0,0,2,0,2
LIX,ProShares Long Online/Short Stores ETF,Financial,Exchange Traded Fund,USA,,,57.06,0.02%,68.0,0,0,0,0,0,0,0,0,0,0,1,0,0,0,0,0,0,0,0,0,0,0,0,0,0,0,0,0,1,0,1
LNE,Clean Energy Fuels Corp,Energy,Oil & Gas Refining & Marketing,USA,343890000.0,,1.56,0.00%,666123.0,0,0,0,0,0,0,0,0,1,0,0,0,0,0,0,0,0,0,0,0,0,0,0,0,0,0,0,0,1,0,1
LNN,Clene Inc,Healthcare,Biotechnology,USA,55010000.0,,3.87,-1.02%,44986.0,0,0,0,0,0,0,0,0,1,0,0,0,0,0,0,0,0,0,0,0,0,0,0,0,0,0,0,0,1,0,1
LOA,iShares AAA CLO Active ETF,Financial,Exchange Traded Fund,USA,,,51.76,-0.05%,2388431.0,0,0,0,-1,0,1,0,0,0,0,0,0,0,0,0,1,0,0,0,0,0,0,0,0,0,0,0,0,2,1,3
LOC,AAM Crescent CLO ETF,Financial,Exchange Traded Fund,USA,,,25.03,-0.08%,9826.0,0,0,0,0,0,0,0,0,0,0,1,0,0,0,0,0,0,0,0,0,0,0,0,0,0,0,0,0,1,0,1
LOD,Themes Cloud Computing ETF,Financial,Exchange Traded Fund,USA,,,36.47,1.05%,116.0,0,0,0,0,0,0,0,0,0,0,1,0,0,0,0,0,0,0,0,0,0,0,0,0,0,0,0,0,1,0,1
LOI,VanEck CLO ETF,Financial,Exchange Traded Fund,USA,,,52.82,0.06%,352770.0,0,0,0,0,0,0,0,0,0,0,0,0,0,0,0,1,0,0,0,0,0,0,0,0,0,0,0,0,1,0,1
LOU,Global X Cloud Computing ETF,Financial,Exchange Traded Fund,USA,,,29.06,-0.48%,392700.0,0,0,0,0,0,0,0,-1,0,0,1,0,0,0,0,0,0,0,0,0,0,0,0,0,0,0,0,0,1,1,2
LOV,Clover Health Investments Corp,Healthcare,Healthcare Plans,USA,2440000000.0,,4.6,-1.71%,3352319.0,0,0,0,0,0,0,0,0,0,0,0,0,-1,0,0,0,0,0,0,0,0,0,0,0,0,0,0,0,0,1,1
LOZ,Eldridge BBB-B CLO ETF,Financial,Exchange Traded Fund,USA,,,26.24,-0.04%,351961.0,0,0,0,0,0,0,0,0,0,0,0,0,0,0,0,1,0,0,0,0,0,0,0,0,0,0,0,0,1,0,1
LRB,Cellectar Biosciences Inc,Healthcare,Biotechnology,USA,14280000.0,,1.51,-9.58%,219434.0,0,0,0,0,0,1,0,0,0,0,0,0,0,0,0,0,0,0,0,0,0,0,0,0,0,0,0,0,1,0,1
LRO,ClearOne Inc,Technology,Communication Equipment,USA,10830000.0,,4.05,2.79%,102547.0,0,0,0,0,0,0,0,0,0,0,0,0,-1,0,0,0,0,0,0,0,0,0,0,0,0,0,0,0,0,1,1
LSM,ETC Cabana Target Leading Sector Moderate ETF,Financial,Exchange Traded Fund,USA,,,28.34,0.64%,9520.0,0,0,0,0,0,0,0,0,0,0,1,1,0,0,0,0,0,0,0,0,0,0,0,0,0,0,0,0,2,0,2
LSX,Tradr 2X Long CLSK Daily ETF,Financial,Exchange Traded Fund,USA,,,11.27,-2.84%,374350.0,0,0,0,0,0,0,0,0,1,0,0,0,-1,0,0,0,0,0,0,0,0,0,0,0,0,0,0,0,1,1,2
LX,Clorox Co,Consumer Defensive,Household & Personal Products,USA,10100000000.0,17.36,83.52,1.84%,3085844.0,0,0,0,0,0,0,0,0,1,0,0,0,0,0,0,0,0,0,0,0,0,0,0,0,0,0,0,0,1,0,1
MAG,Corgi Mag 7 ETF,Financial,Exchange Traded Fund,USA,,,27.59,0.59%,83962.0,0,0,0,0,0,0,0,-1,0,0,0,0,0,0,0,0,0,0,0,0,0,0,0,0,0,0,0,0,0,1,1
MBS,iShares CMBS ETF,Financial,Exchange Traded Fund,USA,,,47.18,-0.01%,144790.0,0,0,0,0,0,0,0,0,0,0,0,0,0,0,0,0,0,0,0,-1,0,0,0,0,0,0,0,0,0,1,1
MC,Commercial Metals Co,Industrials,Metal Fabrication,USA,7180000000.0,12.23,64.91,-0.92%,912896.0,0,0,0,0,0,0,0,0,0,0,0,0,0,0,0,1,0,0,0,0,0,0,0,0,0,0,0,0,1,0,1
MCL,Caledonia Mining Corp Plc,Basic Materials,Gold,United Kingdom,480290000.0,7.37,24.84,2.05%,146682.0,0,0,0,-1,0,0,0,0,0,0,0,0,0,0,0,0,0,0,0,0,0,0,0,0,0,0,0,0,0,1,1
MCM,Cheetah Mobile Inc ADR,Communication Services,Internet Content & Information,China,26110000.0,,2.52,-3.82%,10954.0,0,0,0,0,0,0,0,0,1,0,0,0,0,0,0,0,0,0,0,0,0,0,0,0,0,0,0,0,1,0,1
MCSA,Comcast Corp,Communication Services,Telecom Services,USA,76510000000.0,6.98,21.56,-0.05%,23691760.0,0,1,0,0,0,0,0,0,0,0,0,0,0,0,0,0,0,0,0,0,0,0,0,0,0,0,0,0,1,0,1
MG,Chipotle Mexican Grill,Consumer Cyclical,Restaurants,USA,39100000000.0,28.5,30.9,0.16%,17755437.0,0,0,0,0,0,0,0,-1,0,0,0,0,0,0,0,0,0,0,0,0,0,0,0,0,0,0,0,0,0,1,1
MP,Compass Minerals International Inc,Basic Materials,Other Industrial Metals & Mining,USA,952970000.0,53.82,22.7,0.18%,340907.0,0,0,0,0,0,0,0,0,1,0,0,0,0,0,0,0,0,0,0,0,0,0,0,0,0,0,0,0,1,0,1
MPR,Cimpress plc,Industrials,Specialty Business Services,Ireland,1790000000.0,19.5,73.65,-3.54%,210362.0,0,0,0,0,0,0,0,0,0,0,1,1,0,0,0,0,0,0,0,0,0,0,0,0,0,0,0,0,2,0,2
MPS,Compass Pathways Plc ADR,Healthcare,Medical Care Facilities,United Kingdom,1600000000.0,,11.56,-0.34%,2798209.0,0,0,0,0,0,0,0,0,0,0,1,0,0,0,0,0,0,0,0,0,0,0,0,0,-1,0,0,0,1,1,2
MRE,Costamare Inc,Industrials,Marine Shipping,Monaco,1830000000.0,5.72,15.1,-1.88%,343893.0,0,0,0,0,0,0,0,0,0,0,0,0,-1,0,0,0,0,0,0,0,0,0,0,1,0,0,0,0,1,1,2
MT,Core Molding Technologies,Basic Materials,Specialty Chemicals,USA,208130000.0,27.81,23.52,0.09%,24715.0,0,0,0,0,0,0,0,0,0,0,0,0,-1,0,0,0,0,0,0,0,0,0,0,0,0,0,0,0,0,1,1
MTV,Community Bancorp Inc Vermont,Financial,Banks - Regional,USA,239320000.0,12.99,42.73,1.59%,26933.0,0,0,0,0,0,0,0,0,0,0,1,0,0,0,0,0,0,0,0,0,0,0,0,0,0,0,0,0,1,0,1
NC,Centene Corp,Healthcare,Healthcare Plans,USA,31920000000.0,,64.61,0.48%,3661767.0,0,0,0,0,0,0,0,0,0,0,0,0,0,0,0,0,0,0,0,0,1,0,0,0,-1,0,0,0,1,1,2
NDT,Conduent Inc,Technology,Information Technology Services,USA,251940000.0,,1.62,-1.22%,723663.0,0,0,0,0,0,0,0,0,0,0,1,0,0,0,0,0,0,0,0,0,0,0,0,0,0,0,0,0,1,0,1
NEY,CN Energy Group Inc,Basic Materials,Specialty Chemicals,China,4240000.0,,0.52,-5.71%,35739.0,0,0,0,0,0,0,0,0,0,0,0,0,0,0,0,0,0,0,0,0,0,0,0,0,0,0,-1,0,0,1,1
NH,CNH Industrial NV,Industrials,Farm & Heavy Construction Machinery,United Kingdom,16420000000.000002,53.17,13.27,-0.23%,11717345.0,0,1,0,0,0,1,0,0,0,0,0,0,0,0,0,0,0,0,0,0,0,0,0,0,0,0,0,0,2,0,2
NK,Cinemark Holdings Inc,Communication Services,Entertainment,USA,4090000000.0,19.62,35.28,-1.92%,1722282.0,0,0,0,-1,0,0,0,0,0,0,1,0,0,0,0,0,0,0,0,0,0,0,0,0,-1,0,0,0,1,2,3
NL,Collective Mining Ltd,Basic Materials,Gold,USA,1060000000.0,,12.22,0.91%,155218.0,0,0,0,0,0,0,0,0,1,0,0,0,0,0,0,0,0,0,0,0,0,0,0,0,0,0,0,0,1,0,1
NM,Core & Main Inc,Industrials,Industrial Distribution,USA,8020000000.0,17.39,42.1,0.67%,3015621.0,0,0,0,0,0,1,0,0,1,1,0,0,0,0,0,0,0,0,0,0,0,0,0,0,0,0,0,0,3,0,3
NNE,Cannae Holdings Inc,Consumer Cyclical,Restaurants,USA,672300000.0,,15.5,-0.58%,346923.0,0,0,0,-1,0,0,0,0,0,0,0,0,0,0,0,0,0,0,0,0,0,0,0,0,0,0,0,0,0,1,1
NO,CNO Financial Group Inc,Financial,Insurance - Life,USA,5000000000.0,18.59,54.04,0.02%,888382.0,0,0,0,0,0,0,0,0,0,0,0,0,-1,0,0,0,0,0,0,0,0,0,0,0,0,0,0,0,0,1,1
NOB,ConnectOne Bancorp Inc,Financial,Banks - Regional,USA,1530000000.0,9.98,30.4,-0.39%,263288.0,0,0,0,0,0,0,0,0,0,0,0,0,-1,0,0,0,0,0,0,0,0,0,0,0,0,0,0,0,0,1,1
NP,Centerpoint Energy Inc,Utilities,Utilities - Regulated Electric,USA,25400000000.0,22.73,38.56,2.15%,6480632.0,0,1,0,0,0,0,0,0,0,0,0,0,0,0,0,0,0,0,0,0,0,0,0,0,0,0,0,0,1,0,1
NQ,Canadian Natural Resources Ltd,Energy,Oil & Gas E&P,Canada,99160000000.0,11.87,48.1,-0.43%,4086370.0,0,0,0,0,0,0,0,0,0,0,1,0,0,0,0,0,0,0,0,0,0,0,0,0,0,0,0,0,1,0,1
NR,Core Natural Resources Inc,Energy,Thermal Coal,USA,4480000000.0,45.54,90.21,-0.88%,388722.0,0,0,0,0,0,0,0,0,1,0,0,0,0,0,0,0,0,0,0,0,0,0,0,0,0,0,0,0,1,0,1
NS,Cohen & Steers Inc,Financial,Asset Management,USA,3730000000.0,22.28,72.56,-0.63%,224308.0,0,0,0,0,0,0,0,0,1,0,0,0,0,0,0,0,0,0,0,0,0,0,0,0,0,0,0,0,1,0,1
NTB,Connect Biopharma Holdings Ltd,Healthcare,Biotechnology,USA,57010000.0,,0.91,0.84%,1840787.0,0,0,0,0,0,0,0,0,0,0,0,0,-1,-1,0,0,0,0,0,0,0,0,0,0,0,0,0,0,0,2,2
NTN,Canton Strategic Holdings Inc,Healthcare,Biotechnology,USA,186460000.0,,2.34,0.43%,531547.0,0,0,0,0,0,0,0,0,1,0,0,0,0,0,0,0,0,0,0,0,0,0,0,0,0,0,0,0,1,0,1
NTY,Century Casinos Inc,Consumer Cyclical,Resorts & Casinos,USA,28700000.0,,1.02,-0.97%,44373.0,0,0,0,0,0,0,0,0,1,0,0,0,0,0,0,0,0,0,0,0,0,0,0,0,0,0,0,0,1,0,1
NVS,Cineverse Corp,Communication Services,Entertainment,USA,45880000.0,,1.93,-0.52%,44223.0,0,0,0,0,0,0,0,0,0,0,0,0,-1,0,0,0,0,0,0,0,1,0,0,0,0,0,0,0,1,1,2
NX,CNX Resources Corp,Energy,Oil & Gas E&P,USA,4920000000.0,5.56,33.24,3.10%,2268551.0,0,0,0,0,0,0,0,0,1,1,0,0,0,0,0,0,0,0,0,0,0,0,0,0,0,0,0,0,2,0,2
OAL,Range Global Coal Index ETF,Financial,Exchange Traded Fund,USA,,,24.65,0.65%,17111.0,0,0,0,0,0,0,0,0,0,0,0,0,0,0,0,0,0,0,0,0,1,0,-1,0,0,0,0,0,1,1,2
OCH,Envoy Medical Inc,Healthcare,Medical Devices,USA,50400000.0,,0.65,0.03%,57460.0,0,0,0,0,0,0,0,0,0,0,0,0,0,0,0,0,0,1,0,0,0,0,0,0,0,0,0,0,1,0,1
OCP,Cocrystal Pharma Inc,Healthcare,Biotechnology,USA,21380000.0,,1.11,0.00%,28500.0,0,0,0,0,0,0,0,0,0,0,0,0,-1,0,0,0,0,0,0,0,0,0,0,0,0,0,0,0,0,1,1
OE,51 Talk Online Education Group ADR,Consumer Defensive,Education & Training Services,Singapore,43880000.0,,10.3,-5.85%,12128.0,0,0,0,0,0,0,0,0,1,0,0,0,0,0,0,0,0,0,0,0,0,0,0,0,0,0,0,0,1,0,1
OHR,Coherent Corp,Technology,Scientific & Technical Instruments,USA,66260000000.00001,82.28,338.36,1.41%,6420590.0,0,0,0,0,0,0,0,0,0,0,0,0,-1,0,0,0,0,0,0,0,0,0,0,0,0,0,0,0,0,1,1
OHU,Cohu Inc,Technology,Semiconductor Equipment & Materials,USA,3460000000.0,,73.1,-0.85%,1166889.0,0,0,0,0,0,0,0,0,0,0,0,0,0,0,0,1,0,0,0,0,0,0,0,0,0,0,0,0,1,0,1
OIG,Leverage Shares 2X Long COIN Daily ETF,Financial,Exchange Traded Fund,USA,,,5.54,-2.78%,76445.0,0,0,0,0,0,0,0,0,0,0,0,0,-1,0,0,0,0,0,0,0,0,0,0,0,0,0,0,0,0,1,1
OIN,Coinbase Global Inc,Financial,Financial Data & Stock Exchanges,USA,49010000000.0,,185.74,-1.32%,5612988.0,0,0,0,0,0,0,0,0,0,0,0,0,0,0,0,0,0,0,0,0,1,0,0,0,0,0,0,0,1,0,1
OIW,Roundhill COIN WeeklyPay ETF,Financial,Exchange Traded Fund,USA,,,8.68,-1.36%,245400.0,0,0,0,0,0,0,0,0,1,0,0,0,0,0,0,0,0,0,0,0,0,0,0,0,0,0,0,0,1,0,1
OKE,Coca-Cola Consolidated Inc,Consumer Defensive,Beverages - Non-Alcoholic,USA,12950000000.0,26.63,194.61,0.18%,371482.0,0,0,0,0,0,0,0,0,0,0,0,0,0,0,0,1,0,0,0,0,0,0,0,0,0,0,0,0,1,0,1
OLD,Americold Realty Trust Inc,Real Estate,REIT - Industrial,USA,3960000000.0,,13.86,-1.35%,2983892.0,0,0,0,0,0,0,0,0,0,0,0,0,-1,-1,0,0,0,0,0,0,0,0,0,0,0,0,0,0,0,2,2
OLM,Columbia Sportswear Co,Consumer Cyclical,Apparel Manufacturing,USA,2940000000.0,14.9,57.45,0.91%,698789.0,0,0,0,0,0,0,0,0,1,0,0,0,0,0,0,0,0,0,0,0,0,0,0,0,0,0,0,0,1,0,1
ON,Concentra Group Holdings Parent Inc,Healthcare,Medical Care Facilities,USA,4640000000.0,23.93,36.4,0.52%,906445.0,0,0,0,0,0,0,0,-1,0,0,1,0,0,0,0,0,0,0,0,0,0,0,0,0,0,0,0,0,1,1,2
ONI,GraniteShares 2x Short COIN Daily ETF,Financial,Exchange Traded Fund,USA,,,24.11,2.60%,262219.0,0,0,0,0,0,0,0,0,1,1,0,0,0,0,0,0,0,0,0,0,0,0,0,0,0,0,0,0,2,0,2
OPL,Copley Acquisition Corp,Financial,Shell Companies,Hong Kong,191860000.0,323.55,10.58,0.00%,12368.0,0,0,0,0,0,0,0,0,0,0,0,0,0,0,0,1,0,0,0,0,0,0,0,0,0,0,0,0,1,0,1
OPZ,Defiance Daily Target 2X Long Copper Miners ETF,Financial,Exchange Traded Fund,USA,,,15.83,-0.29%,4455.0,0,0,0,0,0,0,0,0,0,0,0,0,0,0,0,0,0,0,0,0,1,0,0,0,0,0,0,0,1,0,1
ORD,T-REX 2X Inverse CRWV Daily Target ETF,Financial,Exchange Traded Fund,USA,,,2.6,-10.19%,18450841.0,0,1,0,0,0,0,0,0,0,0,0,0,0,0,0,0,0,0,0,0,0,0,0,0,0,0,0,0,1,0,1
ORO,iShares International Country Rotation Active ETF,Financial,Exchange Traded Fund,USA,,,36.71,-0.08%,1948879.0,0,1,0,0,0,0,0,0,0,0,1,0,0,0,0,0,0,0,0,0,1,0,-1,0,0,0,0,0,3,1,4
ORP,PIMCO Investment Grade Corporate Bond Index ETF,Financial,Exchange Traded Fund,USA,,,91.7,0.26%,121038.0,0,0,0,0,0,0,0,0,1,0,0,0,0,0,0,0,0,0,0,0,0,0,0,0,0,0,0,0,1,0,1
ORZ,Core Scientific Inc,Technology,Software - Infrastructure,USA,5360000000.0,,16.68,0.48%,9376781.0,0,0,0,0,0,0,0,0,1,0,0,0,0,0,0,0,0,0,0,0,0,0,0,0,0,0,0,0,1,0,1
OSO,CoastalSouth Bancshares Inc,Financial,Banks - Regional,USA,322770000.0,12.16,27.0,0.19%,82869.0,0,0,0,0,0,0,0,0,0,0,0,0,0,0,0,0,0,0,0,0,0,0,-1,0,0,0,0,0,0,1,1
OST,Costco Wholesale Corp,Consumer Defensive,Discount Stores,USA,414760000000.0,45.07,935.68,1.32%,1902616.0,0,1,0,0,0,1,0,0,1,1,0,0,0,0,0,0,0,0,0,0,0,0,0,0,0,0,0,0,4,0,4
OSW,Roundhill COST WeeklyPay ETF,Financial,Exchange Traded Fund,USA,,,37.52,1.60%,836.0,0,0,0,0,0,0,0,0,1,0,0,0,0,0,0,0,0,0,0,0,0,0,0,0,0,0,0,0,1,0,1
OWG,Pacer US Large Cap Cash Cows Growth Leaders ETF,Financial,Exchange Traded Fund,USA,,,41.01,0.37%,244018.0,0,0,0,0,0,0,0,-1,0,0,0,0,0,0,0,0,0,0,0,0,0,0,0,0,0,0,0,0,0,1,1
OYA,Coya Therapeutics Inc,Healthcare,Biotechnology,USA,113770000.0,,4.85,0.00%,94629.0,0,0,0,0,0,0,0,0,0,0,0,0,-1,0,0,0,0,0,0,0,0,0,0,1,0,0,0,0,1,1,2
P,Canadian Pacific Kansas City Limited,Industrials,Railroads,Canada,75100000000.0,27.44,85.43,-0.43%,1355088.0,0,0,0,0,0,0,0,0,0,0,0,0,0,0,0,0,0,1,0,0,0,0,0,0,0,0,0,0,1,0,1
PA,Copa Holdings SA,Industrials,Airlines,Panama,5690000000.0,9.08,138.31,2.07%,361807.0,0,0,0,0,0,0,0,0,0,0,0,0,0,0,0,1,0,0,0,0,0,0,0,0,0,0,0,0,1,0,1
PAC,Cementos Pacasmayo SAA ADR,Basic Materials,Building Materials,Peru,1040000000.0,17.06,12.29,0.66%,6676.0,0,0,0,0,0,0,0,0,0,0,0,0,0,0,0,0,0,0,0,0,0,0,-1,0,0,0,0,0,0,1,1
PER,United States Commodity Index Funds Trust,Financial,Exchange Traded Fund,USA,,,40.03,0.43%,384398.0,0,0,0,-1,0,0,0,0,0,0,1,1,0,0,0,0,0,0,0,0,0,0,0,0,0,0,0,0,2,1,3
PHC,Canterbury Park Holding Corp,Consumer Cyclical,Resorts & Casinos,USA,81640000.0,667.37,15.75,0.96%,404.0,0,0,0,0,0,0,0,0,1,0,0,0,0,0,0,0,0,0,0,0,0,0,0,0,0,0,0,0,1,0,1
PII,American Beacon Ionic Inflation Protection ETF,Financial,Exchange Traded Fund,USA,,,19.1,-0.13%,12829.0,0,0,0,0,0,0,0,0,1,0,0,0,0,0,0,0,0,0,0,0,0,0,0,0,0,0,0,0,1,0,1
PIX,Cumberland Pharmaceuticals Inc,Healthcare,Drug Manufacturers - Specialty & Generic,USA,106980000.0,,7.14,0.71%,22580.0,0,0,0,0,0,1,0,0,0,0,0,0,0,0,0,0,0,0,0,0,0,0,0,0,0,0,0,0,1,0,1
PK,Chesapeake Utilities Corp,Utilities,Utilities - Regulated Gas,USA,3090000000.0,20.43,128.08,1.43%,123287.0,0,0,0,0,0,0,0,0,0,0,0,0,0,0,0,0,0,0,0,0,1,0,0,0,0,0,0,0,1,0,1
PNG,Coupang Inc,Consumer Cyclical,Internet Retail,USA,25920000000.0,,14.42,1.55%,12811974.0,0,0,0,0,0,0,0,0,1,1,0,0,0,0,0,0,0,0,0,0,0,0,0,0,0,0,0,0,2,0,2
PNJ,Calamos Nasdaq - 100 Structured Alt Protection ETF -June,Financial,Exchange Traded Fund,USA,,,27.98,0.12%,591.0,0,0,0,0,0,0,0,0,0,0,1,0,0,0,0,0,0,0,0,0,0,0,0,0,0,0,0,0,1,0,1
PNX,Tradr 2X Long CPNG Daily ETF,Financial,Exchange Traded Fund,USA,,,10.38,3.60%,1543.0,0,0,0,0,0,0,0,0,1,0,0,0,0,0,0,0,0,0,0,0,0,0,0,0,0,0,0,0,1,0,1
PRI,Capri Holdings Ltd,Consumer Cyclical,Luxury Goods,United Kingdom,1670000000.0,16.02,14.67,1.24%,5819462.0,0,0,0,0,0,0,0,0,1,0,0,0,0,0,0,0,0,0,0,0,0,0,0,0,0,0,0,0,1,0,1
PRT,Copart Inc,Industrials,Specialty Business Services,USA,24840000000.0,17.29,26.82,-3.00%,10824926.0,0,0,0,0,0,0,0,0,0,0,1,0,0,0,0,0,0,0,0,0,0,0,0,0,0,0,0,0,1,0,1
PRY,Calamos Russell 2000 Structured Alt Protection ETF January,Financial,Exchange Traded Fund,USA,,,28.28,-0.07%,1473.0,0,0,0,0,0,0,0,-1,0,0,0,0,0,0,0,0,0,0,0,0,0,0,0,0,0,0,0,0,0,1,1
PS,Cooper-Standard Holdings Inc,Consumer Cyclical,Auto Parts,USA,394300000.0,,22.19,0.73%,180897.0,0,0,0,0,0,0,0,0,1,0,0,0,0,0,0,0,0,0,0,0,0,0,0,0,0,0,0,0,1,0,1
PSJ,Calamos S&P 500 Structured Alt Protection ETF July,Financial,Exchange Traded Fund,USA,,,28.08,0.05%,134.0,0,0,0,0,0,0,0,0,0,0,1,0,0,0,0,0,0,0,0,0,0,0,0,0,0,0,0,0,1,0,1
PSM,Calamos S&P 500 Structured Alt Protection ETF May,Financial,Exchange Traded Fund,USA,,,29.71,0.24%,1617.0,0,0,0,0,0,0,0,0,0,0,1,1,0,0,0,0,0,0,0,0,0,0,0,0,0,0,0,0,2,0,2
PSR,Calamos S&P 500 Structured Alt Protection ETF - March,Financial,Exchange Traded Fund,USA,,,26.27,0.08%,56.0,0,0,0,0,0,0,0,-1,0,0,0,0,0,0,0,0,0,0,0,0,0,0,0,0,0,0,0,0,0,1,1
PSS,Consumer Portfolio Service Inc,Financial,Credit Services,USA,197370000.0,9.88,9.01,0.00%,24856.0,0,0,0,0,0,0,0,0,1,0,0,0,0,0,0,0,0,0,0,0,0,0,0,0,0,0,0,0,1,0,1
PST,Calamos S&P 500 Structured Alt Protection ETF September,Financial,Exchange Traded Fund,USA,,,28.24,0.19%,777.0,0,0,0,0,0,0,0,-1,0,0,0,0,0,0,0,0,0,0,0,0,0,0,0,0,0,0,0,0,0,1,1
PXR,USCF Daily Target 2X Copper Index ETF,Financial,Exchange Traded Fund,USA,,,32.0,0.49%,29494.0,0,1,0,0,0,0,0,0,0,0,1,0,0,0,0,0,0,0,0,0,0,0,0,0,0,0,0,0,2,0,2
RAC,Crown Reserve Acquisition Corp I,Financial,Shell Companies,Cayman Islands,229280000.0,83.13,10.25,0.00%,265244.0,0,0,0,0,0,0,0,0,0,0,0,0,0,0,0,0,0,1,0,0,0,0,0,0,0,0,0,0,1,0,1
RAI,CRA International Inc,Industrials,Consulting Services,USA,1080000000.0,22.83,171.43,0.08%,69643.0,0,1,0,0,0,0,0,0,0,0,0,0,0,0,0,0,0,0,0,0,0,0,0,0,0,0,0,0,1,0,1
RBN,iShares Low Carbon Optimized MSCI ACWI ETF,Financial,Exchange Traded Fund,USA,,,260.43,0.19%,117069.0,0,0,0,0,0,0,0,0,0,0,1,0,0,0,0,0,0,0,0,0,0,0,0,0,-1,0,0,0,1,1,2
RBU,Caribou Biosciences Inc,Healthcare,Biotechnology,USA,121680000.0,,1.13,-4.62%,5939336.0,0,0,0,0,0,0,0,0,1,0,0,0,0,0,0,0,0,0,0,0,0,0,0,0,0,0,0,0,1,0,1
RC,California Resources Corp,Energy,Oil & Gas E&P,USA,4660000000.0,,52.47,-1.02%,600896.0,0,0,0,0,0,0,0,0,1,0,0,0,0,0,0,0,0,0,0,0,0,0,0,0,0,0,0,0,1,0,1
RCA,ProShares Ultra CRCL,Financial,Exchange Traded Fund,USA,,,18.16,2.14%,268236.0,0,0,0,0,0,0,0,0,1,0,0,0,-1,0,0,0,0,0,0,0,0,0,0,0,0,0,0,0,1,1,2
RCG,Leverage Shares 2X Long CRCL Daily ETF,Financial,Exchange Traded Fund,USA,,,12.39,1.98%,1824770.0,0,0,0,0,0,0,0,0,1,0,0,0,-1,0,0,0,0,0,0,0,0,0,0,0,0,0,0,0,1,1,2
RCO,YieldMax CRCL Option Income Strategy ETF,Financial,Exchange Traded Fund,USA,,,13.3,0.00%,81245.0,0,0,0,0,0,0,0,0,1,0,0,0,0,0,0,0,0,0,0,0,0,0,0,0,0,0,0,0,1,0,1
RDT,Simplify Opportunistic Income ETF,Financial,Exchange Traded Fund,USA,,,20.62,-0.26%,1623.0,0,0,0,0,0,0,0,0,0,0,0,0,0,0,0,0,0,0,0,0,1,0,0,0,0,0,0,0,1,0,1
RDU,Tradr 2X Long CRDO Daily ETF,Financial,Exchange Traded Fund,USA,,,11.49,7.58%,4852396.0,0,0,0,0,0,0,0,0,1,0,0,0,0,0,0,0,0,0,0,0,0,0,0,0,0,0,0,0,1,0,1
RE,Cre8 Enterprise Ltd,Industrials,Specialty Business Services,Hong Kong,5240000.0,6.95,2.6,-2.62%,16972.0,0,1,0,0,0,1,0,0,0,0,0,0,0,0,0,0,0,0,0,0,0,0,0,0,0,0,0,0,2,0,2
RESY,Cresud ADR,Industrials,Conglomerates,Argentina,860380000.0,6.83,12.13,2.10%,200130.0,0,0,0,0,0,0,0,0,0,0,1,0,0,0,0,0,0,0,0,0,0,0,0,0,0,0,0,0,1,0,1
RF,Cornerstone Total Return Fund,Financial,Closed-End Fund - Equity,USA,1060000000.0,,6.25,1.63%,835405.0,0,0,0,-1,0,0,0,0,0,0,0,0,0,0,0,1,0,0,0,0,0,0,0,0,0,0,0,0,1,1,2
RGO,Freightos Ltd,Technology,Software - Application,Israel,45300000.0,,0.87,-4.36%,61605.0,0,0,0,0,0,0,0,0,0,0,0,0,-1,-1,0,0,0,0,0,0,0,0,0,0,0,0,0,0,0,2,2
RH,CRH Plc,Basic Materials,Building Materials,USA,55620000000.0,14.74,83.6,1.15%,4429105.0,0,0,0,0,0,0,0,0,1,1,0,0,0,0,0,0,0,0,0,0,0,0,0,0,0,0,0,0,2,0,2
RIS,Curis Inc,Healthcare,Biotechnology,USA,1570000.0,,0.75,-5.07%,183166.0,0,0,0,0,0,0,0,0,1,0,0,0,0,0,0,0,0,0,0,0,0,0,0,0,0,0,0,0,1,0,1
RMU,Leverage Shares 2x Long CRML Daily ETF,Financial,Exchange Traded Fund,USA,,,2.07,-3.72%,837474.0,0,0,0,0,0,0,0,0,1,0,0,0,0,0,0,0,0,0,0,0,0,0,0,0,0,0,0,0,1,0,1
RNT,Ceragon Networks Ltd,Technology,Communication Equipment,Israel,193600000.0,,2.13,-0.47%,138051.0,0,0,0,0,0,0,0,0,0,0,0,0,0,0,0,0,0,0,0,0,0,0,0,1,0,0,0,0,1,0,1
RPT,First Trust SkyBridge Crypto Industry and Digital Economy ETF,Financial,Exchange Traded Fund,USA,,,15.9,-0.42%,13671.0,0,0,0,0,0,0,0,0,0,0,0,0,0,0,0,0,0,0,0,0,1,0,0,0,0,0,0,0,1,0,1
RSH,YieldMax Short TSLA Option Income Strategy ETF,Financial,Exchange Traded Fund,USA,,,18.69,-0.55%,4826.0,0,0,0,0,0,0,0,0,1,0,0,0,0,0,0,0,0,0,0,0,0,0,0,0,0,0,0,0,1,0,1
RTC,Xtrackers US National Critical Technologies ETF,Financial,Exchange Traded Fund,USA,,,42.19,0.37%,42407.0,0,0,0,-1,0,0,0,-1,0,0,0,0,0,0,0,0,0,0,0,0,0,0,0,0,0,0,0,0,0,2,2
RUX,Columbia Core Bond ETF,Financial,Exchange Traded Fund,USA,,,28.49,0.21%,165588.0,0,1,0,0,0,0,0,0,0,0,0,0,0,0,0,0,0,0,0,0,0,0,0,0,0,0,0,0,1,0,1
RVO,CervoMed Inc,Healthcare,Biotechnology,USA,50490000.0,,3.34,0.91%,470492.0,0,0,0,0,0,0,0,0,0,0,0,0,-1,0,0,0,0,0,0,0,0,0,0,0,0,1,0,0,1,1,2
RWD,Crowdstrike Holdings Inc,Technology,Software - Infrastructure,USA,285530000000.0,7811.2,278.86,2.27%,7938662.0,0,0,0,-1,0,0,0,0,0,0,0,0,0,0,0,0,0,0,0,0,0,0,0,0,0,0,0,0,0,1,1
RWL,GraniteShares 2x Long CRWD Daily ETF,Financial,Exchange Traded Fund,USA,,,115.88,4.57%,170050.0,0,0,0,-1,0,0,0,0,0,0,0,0,0,0,0,0,0,1,0,0,0,0,0,0,0,0,0,0,1,1,2
RWS,Crown Crafts Inc,Consumer Cyclical,"Furnishings, Fixtures & Appliances",USA,26580000.0,5.28,2.47,0.41%,37192.0,0,0,0,0,0,0,0,0,0,0,0,0,-1,0,0,0,0,0,0,0,0,0,0,0,0,0,0,0,0,1,1
RWV,CoreWeave Inc,Technology,Software - Infrastructure,USA,50590000000.0,,91.72,4.95%,32051319.0,0,0,0,0,0,0,0,0,1,0,0,0,0,0,0,0,0,0,0,0,0,0,0,0,0,0,0,0,1,0,1
SBR,Champions Oncology Inc,Healthcare,Biotechnology,USA,69740000.0,,5.01,0.80%,16313.0,0,0,0,0,0,0,0,0,1,0,0,0,0,0,0,0,0,0,0,0,0,0,0,0,0,0,0,0,1,0,1
SCS,Direxion Daily CSCO Bear 1X ETF,Financial,Exchange Traded Fund,USA,,,12.79,-4.64%,3163.0,0,0,0,0,0,0,0,0,0,0,0,0,0,0,0,0,0,0,0,0,1,0,0,1,0,0,0,0,2,0,2
SD,Invesco S&P Spin-Off ETF,Financial,Exchange Traded Fund,USA,,,130.93,0.76%,9039.0,0,0,0,0,0,0,0,0,1,0,0,0,0,0,0,0,0,0,0,0,0,0,0,0,0,0,0,0,1,0,1
SHI,NEOS Enhanced Income 1-3 Month T-Bill ETF,Financial,Exchange Traded Fund,USA,,,49.76,0.00%,765201.0,0,1,0,0,0,1,0,0,0,0,0,0,-1,-1,0,0,0,0,0,0,0,0,0,0,0,0,0,0,2,2,4
SHR,CoinShares Plc,Financial,Capital Markets,United Kingdom,653730000.0,26.27,4.96,2.48%,354341.0,0,0,0,-1,0,0,0,0,0,0,0,0,0,0,0,1,0,0,0,0,0,0,0,0,0,0,0,0,1,1,2
SL,Carlisle Companies Inc,Industrials,Building Products & Equipment,USA,12940000000.0,18.57,325.74,-1.58%,471073.0,0,1,0,0,0,1,0,0,1,0,0,0,0,0,0,0,0,0,0,0,0,0,0,0,0,0,0,0,3,0,3
SPI,CSP Inc,Technology,Information Technology Services,USA,78830000.0,,7.82,3.71%,4459.0,0,0,0,-1,0,0,0,0,0,0,0,0,0,0,0,0,0,0,0,0,0,0,0,0,0,0,0,0,0,1,1
SQ,Calamos Strategic Total Return Fund,Financial,Closed-End Fund - Debt,USA,3280000000.0,,20.6,1.18%,197117.0,0,0,0,-1,0,0,0,0,0,0,0,0,0,0,0,0,0,0,0,0,0,0,0,0,0,0,0,0,0,1,1
SR,Centerspace,Real Estate,REIT - Residential,USA,980330000.0,70.3,55.45,0.49%,198644.0,0,0,0,0,0,0,0,0,1,0,0,0,0,0,0,0,0,0,0,0,0,0,0,0,0,0,0,0,1,0,1
STM,Constellium SE,Basic Materials,Aluminum,France,3460000000.0,6.56,25.5,0.83%,870922.0,0,0,0,0,0,0,0,0,1,0,0,0,0,0,0,0,0,0,0,0,0,0,0,0,0,0,0,0,1,0,1
SV,Carriage Services Inc,Consumer Cyclical,Personal Services,USA,522370000.0,11.77,32.89,1.89%,147330.0,0,0,0,0,0,0,0,0,1,1,0,0,0,0,0,0,0,0,0,0,0,0,0,0,0,0,0,0,2,0,2
TAA,ClearThink 1 Acquisition Corp,Financial,Shell Companies,USA,170020000.0,,9.98,0.20%,8.0,0,0,0,0,0,0,0,0,0,0,1,0,0,0,0,0,0,0,0,0,0,0,-1,0,0,0,0,0,1,1,2
TAP,Simplify US Equity PLUS Managed Futures Strategy ETF,Financial,Exchange Traded Fund,USA,,,30.22,1.38%,52396.0,0,0,0,0,0,0,0,0,0,0,0,0,-1,0,0,0,0,0,0,0,0,0,0,0,0,0,0,0,0,1,1
TGO,Contango Silver & Gold Inc,Basic Materials,Gold,USA,573840000.0,,17.16,2.26%,243164.0,0,0,0,-1,0,0,0,0,1,1,0,0,0,0,0,0,0,0,0,0,0,0,0,0,0,0,0,0,2,1,3
TJN,Corgi U.S. Equities 30% Structured Buffer ETF - June Series,Financial,Exchange Traded Fund,USA,,,25.58,0.32%,1910.0,0,0,0,0,0,0,0,0,0,0,0,0,0,0,0,0,0,0,0,0,0,0,0,1,0,0,0,0,1,0,1
TKB,Cytek BioSciences Inc,Healthcare,Medical Devices,USA,699310000.0,,5.38,-11.66%,2051763.0,0,0,0,0,0,0,0,0,0,0,0,0,0,0,0,0,0,0,0,0,0,0,0,0,0,0,0,1,1,0,1
TM,Castellum Inc,Technology,Information Technology Services,USA,60150000.0,,0.63,1.71%,630312.0,0,0,0,0,0,0,0,0,0,0,0,0,-1,0,0,0,0,0,0,0,0,0,0,1,0,0,0,0,1,1,2
TMA,Corgi U.S. Equities 30% Structured Buffer ETF - May Series,Financial,Exchange Traded Fund,USA,,,25.97,0.25%,6.0,0,0,0,0,0,0,0,-1,0,0,0,0,0,0,0,0,0,0,0,0,0,0,0,0,0,0,0,0,0,1,1
TOR,Citius Oncology Inc,Healthcare,Drug Manufacturers - Specialty & Generic,USA,79030000.0,,0.85,-2.69%,109839.0,0,0,0,0,0,0,0,0,0,0,0,0,0,0,0,0,0,0,0,0,0,0,0,1,0,0,0,0,1,0,1
TRI,Centuri Holdings Inc,Utilities,Utilities - Regulated Gas,USA,2140000000.0000002,68.85,21.2,2.32%,1728441.0,0,1,0,0,0,0,0,0,0,0,0,0,0,0,0,0,0,0,0,0,0,0,0,0,0,0,0,0,1,0,1
TSO,Cytosorbents Corp,Healthcare,Medical Devices,USA,12470000.0,,3.96,-0.13%,24863.0,0,0,0,0,0,0,0,0,1,0,0,0,0,0,0,0,0,0,0,0,0,0,0,0,0,0,0,0,1,0,1
TW,CTW,Communication Services,Electronic Gaming & Multimedia,Japan,127760000.0,33.12,2.1,5.00%,3716.0,0,0,0,0,0,0,0,0,0,0,0,0,-1,0,0,0,0,0,0,0,0,0,0,0,0,0,0,0,0,1,1
TXR,Citius Pharmaceuticals Inc,Healthcare,Biotechnology,USA,13200000.0,,0.48,-7.56%,420259.0,0,0,0,0,0,1,0,0,0,0,0,0,0,0,0,0,0,0,0,0,0,0,0,0,0,0,0,0,1,0,1
UB,Lionheart Holdings,Financial,Shell Companies,USA,285170000.0,321.53,10.9,0.09%,16320.0,0,0,0,0,0,0,0,0,0,0,1,0,0,0,0,0,0,0,0,0,0,0,0,0,0,0,0,0,1,0,1
UE,Cue Biopharma Inc,Healthcare,Biotechnology,USA,168100000.0,,23.14,-5.01%,174848.0,0,0,0,0,0,0,0,0,0,0,1,0,0,0,0,0,0,0,0,0,0,0,-1,0,0,0,0,0,1,1,2
ULP,Culp Inc,Consumer Cyclical,Textile Manufacturing,USA,46480000.0,,3.65,-3.44%,26357.0,0,0,0,0,0,0,0,0,0,0,0,0,0,0,0,0,0,1,0,0,0,0,0,0,0,0,0,0,1,0,1
UPR,Cuprina Holdings (Cayman) Ltd,Healthcare,Medical Instruments & Supplies,Singapore,12790000.0,,2.17,-3.56%,42398.0,0,0,0,0,0,1,0,0,0,0,0,0,0,0,0,0,0,0,0,0,0,0,0,0,0,0,0,0,1,0,1
URR,Currenc Group Inc,Technology,Software - Application,Singapore,315510000.0,,2.81,-4.75%,128875.0,0,0,0,0,0,0,0,0,0,0,0,0,0,0,0,1,0,0,0,0,0,0,0,0,0,0,0,0,1,0,1
URX,Curanex Pharmaceuticals Inc,Healthcare,Biotechnology,USA,7830000.0,,4.99,0.60%,42322.0,0,0,0,0,0,0,0,0,1,0,0,0,0,0,0,0,0,0,0,0,0,0,0,0,0,0,0,0,1,0,1
V,CapsoVision Inc,Healthcare,Medical Devices,USA,345870000.0,,6.5,-1.29%,69478.0,0,0,0,0,0,0,0,0,0,0,0,0,0,0,0,1,0,0,0,0,0,0,0,0,0,0,0,0,1,0,1
VEO,Civeo Corp,Consumer Cyclical,Lodging,USA,337700000.0,,32.67,0.55%,83683.0,0,1,0,-1,0,0,0,0,0,0,0,0,0,0,0,1,0,0,0,0,0,0,0,0,0,0,0,0,2,1,3
VIE,Calvert International Responsible Index ETF,Financial,Exchange Traded Fund,USA,,,84.12,-0.01%,13183.0,0,0,0,0,0,0,0,0,0,0,1,0,0,0,0,0,0,0,0,0,0,0,0,0,-1,0,0,0,1,1,2
VNA,Carvana Co,Consumer Cyclical,Auto & Truck Dealerships,USA,70300000000.0,29.63,63.88,0.25%,4661454.0,0,0,0,0,0,0,0,0,0,0,0,0,0,0,0,1,0,0,0,0,0,0,0,0,0,0,0,0,1,0,1
VNY,YieldMax CVNA Option Income Strategy ETF,Financial,Exchange Traded Fund,USA,,,17.75,0.28%,17227.0,0,0,0,0,0,0,0,0,1,0,0,0,0,0,0,0,0,0,0,0,0,0,0,0,0,0,0,0,1,0,1
VR,Chicago Rivet & Machine Co,Industrials,Tools & Accessories,USA,10680000.0,,11.06,5.23%,2554.0,0,1,0,0,0,0,0,0,0,0,0,0,-1,0,0,0,0,0,0,0,0,0,0,0,0,0,0,0,1,1,2
VRD,Madison Covered Call ETF,Financial,Exchange Traded Fund,USA,,,18.14,0.32%,145.0,0,0,0,0,0,0,0,0,0,0,0,0,0,0,0,0,0,0,0,0,1,0,0,1,0,0,0,0,2,0,2
VRT,Calamos Convertible Equity Alternative ETF,Financial,Exchange Traded Fund,USA,,,47.51,0.38%,7148.0,0,0,0,0,0,0,0,0,1,1,0,0,0,0,0,0,0,0,0,0,0,0,0,0,0,0,0,0,2,0,2
VSA,Covista Inc,Consumer Defensive,Education & Training Services,USA,4310000000.0,19.44,127.37,1.58%,219653.0,0,0,0,-1,0,0,0,0,0,0,0,0,0,0,0,0,0,0,0,0,0,0,0,0,0,0,0,0,0,1,1
VSB,Calvert Ultra-Short Investment Grade ETF,Financial,Exchange Traded Fund,USA,,,50.49,0.03%,40351.0,0,1,0,0,0,0,0,0,0,0,0,0,0,0,0,0,0,0,0,0,0,0,0,0,0,0,0,0,1,0,1
VU,CPI Aerostructures Inc,Industrials,Aerospace & Defense,USA,68630000.0,18.04,5.18,1.57%,17791.0,0,0,0,0,0,0,0,-1,0,0,0,0,0,0,0,0,0,0,0,0,0,0,0,0,0,0,0,0,0,1,1
WCO,Consolidated Water Co Ltd,Utilities,Utilities - Regulated Water,Cayman Islands,486470000.0,30.24,30.38,0.20%,99182.0,0,0,0,0,0,0,0,0,1,1,0,0,0,0,0,0,0,0,0,0,0,0,0,0,0,0,0,0,2,0,2
WD,CaliberCos Inc,Financial,Asset Management,USA,5370000.0,,0.52,-5.72%,210926.0,0,0,0,0,0,0,0,0,1,0,0,0,0,0,0,0,0,0,0,0,0,0,0,0,0,0,0,0,1,0,1
WEB,Direxion Daily CSI China Internet Index Bull 2X ETF,Financial,Exchange Traded Fund,USA,,,18.36,-0.38%,587142.0,0,0,0,0,0,0,0,0,0,0,0,0,-1,0,0,0,0,0,0,0,0,0,0,1,0,0,0,0,1,1,2
WEN,Clearway Energy Inc,Utilities,Utilities - Renewable,USA,6310000000.0,38.87,30.73,4.10%,1742650.0,0,0,0,0,0,0,0,0,1,0,0,0,0,0,0,0,0,0,0,0,0,0,0,0,0,0,0,0,1,0,1
WI,State Street SPDR MSCI ACWI ex-US ETF,Financial,Exchange Traded Fund,USA,,,40.83,-0.05%,408299.0,0,0,0,-1,0,0,0,-1,0,0,0,0,0,0,0,0,0,1,0,0,0,0,0,0,0,0,0,0,1,2,3
XII,Churchill Capital Corp XII,Financial,Shell Companies,USA,597160000.0,,10.75,0.00%,124.0,0,1,0,0,0,0,0,0,0,0,0,0,0,0,0,0,0,0,0,0,0,0,0,0,0,0,0,0,1,0,1
XM,Sprinklr Inc,Technology,Software - Application,USA,1200000000.0,54.84,5.16,-1.34%,1652480.0,0,0,0,0,0,0,0,0,0,0,0,0,0,0,0,0,0,0,0,0,0,0,0,1,0,0,0,0,1,0,1
XSE,WisdomTree China ex-State-Owned Enterprises Fund,Financial,Exchange Traded Fund,USA,,,35.06,-0.12%,26836.0,0,0,0,0,0,0,0,0,1,0,0,0,0,0,0,0,0,0,0,0,0,0,0,0,0,0,0,0,1,0,1
YRX,CryoPort Inc,Industrials,Integrated Freight & Logistics,USA,901550000.0,,17.8,-1.87%,1169995.0,0,1,0,0,0,0,0,0,0,0,0,0,0,0,0,0,0,1,0,0,0,0,0,0,0,0,0,0,2,0,2
ZWI,Citizens Community Bancorp Inc MD,Financial,Banks - Regional,USA,207100000.0,16.32,21.46,0.70%,17826.0,0,0,0,0,0,0,0,0,1,0,0,0,0,0,0,0,0,0,0,0,0,0,0,0,0,0,-1,0,1,1,2
ABS,DoubleLine Asset-Backed Securities ETF,Financial,Exchange Traded Fund,USA,,,49.62,0.03%,12303.0,0,0,0,0,0,1,0,0,1,1,0,0,0,0,0,0,0,0,0,0,0,0,0,0,0,0,0,0,3,0,3
ADS,Digital Asset Debt Strategy ETF,Financial,Exchange Traded Fund,USA,,,19.56,-0.03%,2072.0,0,0,0,0,0,0,0,0,0,0,0,0,0,0,0,0,0,0,0,0,0,0,0,0,0,0,-1,0,0,1,1
AKT,Daktronics Inc,Technology,Electronic Components,USA,858450000.0,18.14,17.85,0.28%,279676.0,0,1,0,0,0,0,0,0,1,0,0,0,0,0,0,0,0,0,0,0,0,0,0,0,0,0,0,0,2,0,2
ANA,Dana Limited Volatility ETF,Financial,Exchange Traded Fund,USA,,,24.97,0.18%,13.0,0,0,0,0,0,1,0,0,1,1,0,0,0,0,0,0,0,0,0,-1,0,0,0,0,0,0,0,0,3,1,4
APR,FT Vest U.S. Equity Deep Buffer ETF - April,Financial,Exchange Traded Fund,USA,,,42.08,0.25%,8650.0,0,0,0,0,0,0,0,-1,0,0,0,0,0,0,0,0,0,0,0,0,0,0,0,0,0,0,0,0,0,1,1
AR,Darling Ingredients Inc,Consumer Defensive,Packaged Foods,USA,9650000000.0,16.44,61.17,-2.44%,1882567.0,0,0,0,-1,0,0,0,0,0,0,0,0,0,0,0,0,0,0,0,0,0,0,0,0,0,0,0,0,0,1,1
AVA,Endava plc ADR,Technology,Software - Infrastructure,United Kingdom,80200000.0,,1.88,-1.57%,120174.0,0,0,0,0,0,0,0,0,0,0,0,0,0,0,0,0,0,0,0,-1,0,0,0,0,0,0,0,0,0,1,1
BAW,Xtrackers MSCI All World ex US Hedged Equity ETF,Financial,Exchange Traded Fund,USA,,,48.41,-0.16%,36082.0,0,0,0,0,0,0,0,0,0,0,1,1,0,0,0,0,0,0,0,0,0,0,0,0,-1,0,0,0,2,1,3
BB,Invesco DB Base Metals Fund,Financial,Exchange Traded Fund,USA,,,25.18,0.40%,104397.0,0,0,0,0,0,0,0,0,0,0,0,0,0,0,0,1,0,0,0,0,0,0,0,0,0,0,0,0,1,0,1
BJP,Xtrackers MSCI Japan Hedged Equity ETF,Financial,Exchange Traded Fund,USA,,,119.77,0.11%,40219.0,0,0,0,0,0,0,0,0,0,0,0,0,0,0,0,0,0,1,0,0,0,0,0,0,0,0,0,0,1,0,1
BL,DoubleLine Opportunistic Credit Fund,Financial,Closed-End Fund - Debt,USA,263360000.0,,13.32,1.14%,136873.0,0,0,0,-1,0,0,0,0,0,0,0,0,0,0,0,0,0,0,0,0,0,0,0,0,0,0,0,0,0,1,1
BND,DoubleLine Opportunistic Core Bond ETF,Financial,Exchange Traded Fund,USA,,,43.4,0.25%,111529.0,0,0,0,0,0,0,0,0,1,1,0,0,0,0,0,0,0,0,0,0,0,0,0,0,0,0,0,0,2,0,2
CH,Dauch Corp,Consumer Cyclical,Auto Parts,USA,1390000000.0,,5.85,3.54%,3806956.0,0,0,0,0,0,0,0,0,0,0,0,0,-1,0,0,0,0,0,0,0,0,0,0,0,0,0,0,0,0,1,1
COY,Decoy Therapeutics Inc,Healthcare,Biotechnology,USA,2850000.0,,1.55,-7.19%,128766.0,0,0,0,0,0,0,0,0,1,0,0,0,0,0,0,0,0,0,0,0,0,0,0,0,0,0,0,0,1,0,1
D,DuPont de Nemours Inc,Basic Materials,Specialty Chemicals,USA,18000000000.0,316.58,133.28,1.98%,716776.0,0,0,0,0,0,0,0,0,0,0,0,0,-1,0,0,0,0,0,0,0,0,0,0,0,0,0,0,0,0,1,1
DD,3D Systems Corp,Technology,Computer Hardware,USA,596460000.0,,3.59,0.84%,1855783.0,0,0,0,0,0,0,0,0,0,0,1,0,0,0,0,0,0,0,0,0,0,0,-1,0,0,0,0,0,1,1,2
DEC,FT Vest U.S. Equity Deep Buffer ETF - December,Financial,Exchange Traded Fund,USA,,,48.91,0.09%,34180.0,0,0,0,-1,0,0,0,0,0,0,0,0,0,0,0,0,0,1,0,0,0,0,0,0,0,0,0,0,1,1,2
DFA,Innovator Equity Dual Directional 15 Buffer ETF - April,Financial,Exchange Traded Fund,USA,,,20.69,0.15%,10637.0,0,0,0,0,0,0,0,0,0,0,0,0,0,0,0,0,0,1,0,0,0,0,0,0,0,0,0,0,1,0,1
DFL,Innovator Equity Dual Directional 15 Buffer ETF - July,Financial,Exchange Traded Fund,USA,,,21.79,0.39%,3859.0,0,0,0,0,0,0,0,-1,0,0,0,0,0,0,0,0,0,0,0,0,0,0,0,0,0,0,0,0,0,1,1
DFZ,Innovator Equity Dual Directional 15 Buffer ETF - June,Financial,Exchange Traded Fund,USA,,,19.86,-0.03%,12259.0,0,0,0,0,0,0,0,0,0,0,1,0,0,0,0,0,0,0,0,0,0,0,0,0,0,0,0,0,1,0,1
DLS,WisdomTree Dynamic International SmallCap Equity Fund,Financial,Exchange Traded Fund,USA,,,45.09,0.08%,9739.0,0,0,0,0,0,0,0,0,0,0,1,1,0,0,0,0,0,0,0,0,0,0,0,0,0,0,0,0,2,0,2
DTL,Innovator Equity Dual Directional 10 Buffer ETF - July,Financial,Exchange Traded Fund,USA,,,22.74,0.35%,418.0,0,0,0,0,0,0,0,-1,0,0,1,0,0,0,0,0,0,0,0,0,0,0,0,0,0,0,0,0,1,1,2
DTN,Innovator Equity Dual Directional 10 Buffer ETF - November,Financial,Exchange Traded Fund,USA,,,21.19,0.31%,4081.0,0,0,0,0,0,0,0,-1,0,0,0,0,0,0,0,0,0,0,0,0,0,0,0,0,0,0,0,0,0,1,1
DTS,Innovator Equity Dual Directional 10 Buffer ETF - September,Financial,Exchange Traded Fund,USA,,,23.22,0.47%,5255.0,0,0,0,0,0,0,0,-1,0,0,0,0,0,0,0,0,0,0,0,0,0,0,0,0,0,0,0,0,0,1,1
DTY,Innovator Equity Dual Directional 10 Buffer ETF - May,Financial,Exchange Traded Fund,USA,,,20.9,0.30%,3143.0,0,0,0,0,0,0,0,-1,0,0,0,0,0,0,0,0,0,0,0,0,0,0,0,0,0,0,0,0,0,1,1
DWM,WisdomTree Dynamic International Equity Fund,Financial,Exchange Traded Fund,USA,,,45.98,0.32%,187142.0,0,0,0,0,0,0,0,0,0,0,1,0,0,0,0,0,0,0,0,0,0,0,0,0,0,0,0,0,1,0,1
DXX,Defined Duration 20 ETF,Financial,Exchange Traded Fund,USA,,,28.19,0.31%,14.0,0,0,0,0,0,0,0,0,0,0,1,0,0,0,0,0,0,0,0,0,0,0,-1,0,0,0,0,0,1,1,2
EC,Diversified Energy Co,Energy,Oil & Gas Integrated,USA,992890000.0,,14.03,3.09%,590783.0,0,0,0,0,0,0,0,0,0,0,0,0,-1,0,0,0,0,0,0,0,0,0,0,0,0,0,0,0,0,1,1
ECP,PGIM S&P 500 Buffer 12 ETF - December,Financial,Exchange Traded Fund,USA,,,33.74,0.16%,10712.0,0,0,0,0,0,0,0,0,0,0,1,0,0,0,0,0,0,0,0,0,0,0,0,0,0,0,0,0,1,0,1
ECT,AllianzIM U.S. Equity Buffer10 Dec ETF,Financial,Exchange Traded Fund,USA,,,40.9,0.40%,7791.0,0,0,0,0,0,0,0,0,0,0,0,0,0,0,0,0,0,1,0,0,0,0,0,0,0,0,0,0,1,0,1
ECZ,TrueShares Structured Outcome (December) ETF,Financial,Exchange Traded Fund,USA,,,44.64,0.56%,151.0,0,0,0,0,0,0,0,0,0,0,1,0,0,0,0,0,0,0,0,0,0,0,0,0,0,0,0,0,1,0,1
EEF,Xtrackers FTSE Developed ex US Multifactor ETF,Financial,Exchange Traded Fund,USA,,,38.99,0.25%,437.0,0,0,0,0,0,0,0,0,0,0,1,0,0,0,0,0,0,0,0,0,0,0,0,0,0,0,0,0,1,0,1
EM,WisdomTree Emerging Markets High Dividend Fund,Financial,Exchange Traded Fund,USA,,,55.76,-0.13%,138956.0,0,1,0,0,0,0,0,-1,0,0,0,0,0,0,0,0,0,0,0,0,0,0,0,0,0,0,0,0,1,1,2
ETX,Liberty Defense Holdings Ltd,Industrials,Security & Protection Services,USA,11130000.0,,1.96,-4.39%,21448.0,0,0,0,0,0,0,0,0,1,1,0,0,0,0,0,0,0,0,0,0,0,0,0,0,0,0,0,0,2,0,2
FAX,Dimensional World ex U.S. Core Equity 2 ETF,Financial,Exchange Traded Fund,USA,,,37.54,0.24%,497020.0,0,0,0,-1,0,0,0,-1,0,0,0,0,0,0,0,0,0,0,0,0,0,0,0,0,0,0,0,0,0,2,2
FCF,Dimensional Core Fixed Income ETF,Financial,Exchange Traded Fund,USA,,,40.19,0.22%,3416043.0,0,0,0,0,0,0,0,0,1,1,0,0,0,0,0,0,0,0,0,0,0,0,0,0,0,0,0,0,2,0,2
FE,WisdomTree Europe SmallCap Dividend Fund,Financial,Exchange Traded Fund,USA,,,73.75,0.30%,6554.0,0,0,0,0,0,0,0,0,0,0,1,1,0,0,0,0,0,0,0,0,0,0,0,0,0,0,0,0,2,0,2
FGX,Dimensional International Core Fixed Income ETF,Financial,Exchange Traded Fund,USA,,,51.31,0.04%,546748.0,0,0,0,0,0,0,0,0,1,0,0,0,0,0,0,0,0,0,0,0,0,0,0,0,0,0,0,0,1,0,1
FH,Dream Finders Homes Inc,Consumer Cyclical,Residential Construction,USA,881820000.0,6.86,9.74,-1.42%,1023266.0,0,0,0,0,0,0,0,0,0,0,0,0,-1,-1,0,0,0,0,0,0,1,0,0,0,0,0,0,0,1,2,3
FSC,DEFSEC Technologies Inc,Industrials,Aerospace & Defense,Canada,2650000.0,,0.99,-1.87%,113167.0,0,0,0,0,0,0,0,0,1,0,0,0,0,0,0,0,0,0,0,0,0,0,0,0,0,0,0,0,1,0,1
GAP,FT Vest U.S. Equity Buffer & Digital Return ETF - April,Financial,Exchange Traded Fund,USA,,,31.3,0.14%,49.0,0,0,0,0,0,0,0,-1,0,0,0,0,0,0,0,0,0,0,0,0,0,0,0,0,0,0,0,0,0,1,1
GRW,WisdomTree U.S. Quality Dividend Growth Fund,Financial,Exchange Traded Fund,USA,,,99.3,0.52%,254765.0,0,0,0,0,0,0,0,0,0,0,0,0,0,0,0,0,0,0,0,0,0,0,-1,0,0,0,0,0,0,1,1
GZ,DB Gold Short ETN,Financial,Exchange Traded Fund,USA,,,5.27,-5.42%,1384.0,0,0,0,0,0,0,0,0,1,0,0,0,0,0,0,0,0,0,0,0,0,0,0,0,0,0,0,0,1,0,1
HC,Diversified Healthcare Trust,Real Estate,REIT - Healthcare Facilities,USA,1840000000.0,,7.58,0.53%,1830786.0,0,0,0,0,0,0,0,0,0,0,0,0,0,0,0,0,0,0,0,0,0,0,-1,0,0,0,0,0,0,1,1
HI,D.R. Horton Inc,Consumer Cyclical,Residential Construction,USA,38250000000.0,13.01,136.75,2.64%,4934404.0,0,0,0,0,0,0,0,0,0,0,1,1,0,0,0,0,0,0,0,0,0,0,0,0,0,0,0,0,2,0,2
INT,Davis Select International ETF,Financial,Exchange Traded Fund,USA,,,28.17,-0.02%,5527.0,0,0,0,0,0,0,0,-1,0,0,0,0,0,0,0,0,0,0,0,0,0,0,0,0,0,0,0,0,0,1,1
IOD,Diodes Inc,Technology,Semiconductors,USA,4960000000.0,58.03,107.74,4.07%,952921.0,0,0,0,0,0,0,0,0,1,0,0,0,0,0,0,0,0,0,0,0,0,0,0,0,0,0,0,0,1,0,1
IS,Walt Disney Co,Communication Services,Entertainment,USA,179630000000.0,21.46,104.03,0.41%,6114132.0,0,0,0,0,0,0,0,0,0,0,0,0,0,0,0,0,0,0,0,0,0,0,0,1,0,0,0,0,1,0,1
ISK,Tema Memory ETF,Financial,Exchange Traded Fund,USA,,,37.87,-4.13%,214959.0,0,0,0,0,0,0,0,0,0,0,1,0,-1,0,0,0,0,0,0,0,0,0,0,0,0,0,0,0,1,1,2
IT,Amcon Distributing Company,Consumer Defensive,Food Distribution,USA,67340000.0,36.68,68.99,1.86%,1663.0,0,0,0,0,0,1,0,0,1,1,0,0,-1,0,0,0,0,0,0,0,0,0,0,1,0,0,0,0,4,1,5
JAN,FT Vest U.S. Equity Deep Buffer ETF - January,Financial,Exchange Traded Fund,USA,,,47.03,0.26%,5695.0,0,0,0,-1,0,0,0,0,0,0,0,0,0,0,0,0,0,0,0,0,0,0,0,0,0,0,0,0,0,1,1
JD,Invesco Dow Jones Industrial Average Dividend ETF,Financial,Exchange Traded Fund,USA,,,63.04,0.77%,39146.0,0,0,0,0,0,0,0,0,0,0,0,0,0,0,0,0,0,1,0,0,0,0,0,0,0,0,0,0,1,0,1
JT,Trump Media & Technology Group Corp,Communication Services,Internet Content & Information,USA,2400000000.0,,8.65,0.23%,1984566.0,0,0,0,0,0,0,0,0,0,0,1,0,0,0,0,0,0,0,0,0,0,0,0,0,0,0,0,0,1,0,1
JUN,FT Vest U.S. Equity Deep Buffer ETF - June,Financial,Exchange Traded Fund,USA,,,50.65,0.42%,10453.0,0,0,0,0,0,0,0,-1,0,0,0,0,0,0,0,0,0,0,0,0,0,0,0,0,0,0,0,0,0,1,1
K,Delek US Holdings Inc,Energy,Oil & Gas Refining & Marketing,USA,4630000000.0,21.27,75.67,0.36%,1436164.0,0,0,0,0,0,0,0,0,0,0,0,0,0,0,0,0,0,1,0,0,0,0,0,0,0,0,0,0,1,0,1
KNG,DraftKings Inc,Consumer Cyclical,Gambling,USA,17570000000.0,,19.75,0.77%,14726496.0,0,1,0,0,0,0,0,0,0,0,0,0,-1,0,0,0,0,0,0,0,0,0,0,0,0,0,0,0,1,1,2
KS,Dicks Sporting Goods Inc,Consumer Cyclical,Specialty Retail,USA,11990000000.0,14.48,134.88,-1.64%,2124577.0,0,0,0,0,0,0,0,0,0,0,0,0,0,0,0,0,0,0,0,0,0,0,0,1,0,0,0,0,1,0,1
LAG,FT Vest U.S. Equity Dual Directional Buffer ETF - August,Financial,Exchange Traded Fund,USA,,,34.04,0.29%,304.0,0,0,0,-1,0,0,0,-1,0,0,0,0,0,0,0,0,0,0,0,0,0,0,0,0,0,0,0,0,0,2,2
LO,DLocal Limited,Technology,Software - Infrastructure,Uruguay,4099999999.9999995,21.26,14.53,0.07%,1496745.0,0,0,0,-1,0,0,0,0,0,0,0,0,0,0,0,0,0,0,0,0,0,0,0,0,0,0,0,0,0,1,1
LPN,Dolphin Entertainment Inc,Communication Services,Advertising Agencies,USA,13950000.0,,1.07,-2.98%,4187.0,0,0,0,0,0,0,0,0,1,0,0,0,0,0,0,0,0,0,0,0,0,0,0,0,0,0,0,0,1,0,1
LR,Digital Realty Trust Inc,Real Estate,REIT - Specialty,USA,68500000000.0,89.82,184.65,2.66%,1843726.0,0,0,0,0,0,0,0,0,0,0,0,0,-1,0,0,0,0,0,0,0,0,0,0,0,0,0,0,0,0,1,1
LTH,Duluth Holdings Inc,Consumer Cyclical,Apparel Retail,USA,154300000.0,29.17,4.06,-0.98%,77734.0,0,0,0,0,0,0,0,0,0,0,0,0,0,0,0,1,0,0,0,0,0,0,0,0,0,0,0,0,1,0,1
LX,Deluxe Corp,Industrials,Conglomerates,USA,1030000000.0,10.32,22.54,-0.57%,408447.0,0,0,0,0,0,0,0,0,1,0,0,0,0,0,0,0,0,0,0,0,0,0,0,0,0,0,0,0,1,0,1
MA,Destra Multi-Alternative Fund,Financial,Closed-End Fund - Equity,USA,67220000.0,,7.5,0.27%,4351.0,0,0,0,0,0,0,0,0,0,0,1,0,0,0,0,0,0,0,0,0,0,0,0,0,0,0,0,0,1,0,1
MAA,Drugs Made In America Acquisition Corp,Financial,Shell Companies,USA,263410000.00000003,58.55,10.89,-0.09%,497.0,0,0,0,0,0,0,0,0,0,0,0,0,0,0,0,0,0,1,0,0,0,0,0,0,0,0,0,0,1,0,1
MAY,FT Vest U.S. Equity Deep Buffer ETF - May,Financial,Exchange Traded Fund,USA,,,48.47,0.37%,16293.0,0,0,0,0,0,0,0,-1,0,0,1,0,0,0,0,0,0,0,0,0,0,0,0,0,0,0,0,0,1,1,2
MLP,Dorchester Minerals LP,Energy,Oil & Gas E&P,USA,1430000000.0,16.61,29.11,0.43%,53621.0,0,0,0,-1,0,0,0,0,0,0,0,0,0,0,0,0,0,0,0,0,0,0,0,0,0,0,0,0,0,1,1
MX,DoubleLine Multi-Sector Income ETF,Financial,Exchange Traded Fund,USA,,,48.92,0.44%,15321.0,0,0,0,-1,0,0,0,0,0,0,0,0,0,0,0,0,0,0,0,0,0,0,0,0,0,0,0,0,0,1,1
NA,Ginkgo Bioworks Holdings Inc,Healthcare,Biotechnology,USA,835700000.0,,12.41,-17.16%,13137940.0,0,1,0,0,0,0,0,0,0,0,1,0,0,0,0,0,0,0,0,0,0,0,0,0,0,0,0,0,2,0,2
NL,WisdomTree Global ex-U.S. Quality Growth Fund,Financial,Exchange Traded Fund,USA,,,45.61,0.21%,9146.0,0,1,0,-1,0,0,0,0,0,0,0,0,0,0,0,0,0,1,0,0,0,0,0,0,0,0,0,0,2,1,3
NLI,Denali Therapeutics Inc,Healthcare,Biotechnology,USA,3080000000.0,,19.28,-3.16%,3674485.0,0,1,0,0,0,0,0,0,0,0,0,0,0,0,0,0,0,0,0,0,0,0,0,0,0,0,0,0,1,0,1
NUT,Krispy Kreme Inc,Consumer Defensive,Grocery Stores,USA,523980000.0,,3.02,4.50%,2250896.0,0,0,0,0,0,0,0,0,1,0,0,0,0,0,0,0,0,0,0,0,0,0,0,0,0,0,0,0,1,0,1
OLE,Dole plc,Consumer Defensive,Farm Products,Ireland,1200000000.0,16.38,12.72,-0.62%,908202.0,0,0,0,-1,0,0,0,0,1,0,0,0,0,0,0,0,0,0,0,0,0,0,0,0,0,0,0,0,1,1,2
OMH,Dominari Holdings Inc,Financial,Capital Markets,USA,48970000.0,,2.02,-3.81%,174630.0,0,0,0,0,0,0,0,0,1,1,0,0,0,0,0,0,0,0,0,0,0,0,0,0,0,0,0,0,2,0,2
OO,BRP Inc,Consumer Cyclical,Recreational Vehicles,Canada,3990000000.0,51.11,56.08,1.97%,197004.0,0,0,0,-1,0,0,0,0,0,0,0,0,0,0,0,1,0,0,0,0,0,0,0,0,0,0,0,0,1,1,2
OW,Dow Inc,Basic Materials,Chemicals,USA,20340000000.0,,28.16,-1.23%,8444330.0,0,0,0,0,0,0,0,0,0,0,0,0,-1,0,0,0,0,0,0,0,0,0,0,0,0,0,0,0,0,1,1
OYU,DouYu International Holdings Ltd ADR,Communication Services,Internet Content & Information,China,129770000.00000001,,4.3,-1.60%,14011.0,0,1,0,0,0,1,0,0,0,0,0,0,-1,-1,0,0,0,0,0,0,0,0,0,0,0,0,0,0,2,2,4
PG,Duff & Phelps Utility and Infrastructure Fund Inc,Financial,Closed-End Fund - Equity,USA,469760000.0,,13.05,1.64%,84500.0,0,0,0,0,0,0,0,0,0,0,0,0,0,0,0,0,0,0,0,0,0,0,0,0,-1,0,0,0,0,1,1
PRO,Draganfly Inc,Industrials,Aerospace & Defense,Canada,185750000.0,,5.0,2.04%,717167.0,0,0,0,0,0,0,0,0,1,1,0,0,0,0,0,0,0,0,0,0,0,0,0,0,0,0,0,0,2,0,2
RAI,Draco Evolution AI ETF,Financial,Exchange Traded Fund,USA,,,33.01,0.32%,390.0,0,0,0,0,0,0,0,0,1,0,0,0,0,0,0,0,0,0,0,0,0,0,0,0,0,0,0,0,1,0,1
RAL,Defiance Daily Target 2X Long DRAM ETF,Financial,Exchange Traded Fund,USA,,,11.1,-6.88%,98911.0,0,1,0,0,0,0,0,0,0,0,1,0,0,0,0,0,0,0,0,0,0,0,0,0,0,0,0,0,2,0,2
RAY,YieldMax DKNG Option Income Strategy ETF,Financial,Exchange Traded Fund,USA,,,11.57,0.51%,11911.0,0,1,0,0,0,0,0,0,0,0,0,0,0,0,0,0,0,0,0,-1,0,0,0,0,0,0,0,0,1,1,2
RI,Darden Restaurants Inc,Consumer Cyclical,Restaurants,USA,22980000000.0,19.84,203.14,1.71%,994255.0,0,1,0,0,0,0,0,0,0,0,0,0,0,0,0,0,0,0,0,0,0,0,0,0,0,0,0,0,1,0,1
RIP,Direxion Daily S&P Oil & Gas Exp. & Prod. Bear 2X ETF,Financial,Exchange Traded Fund,USA,,,33.96,-1.22%,721848.0,0,0,0,0,0,0,0,0,1,0,0,0,0,0,0,0,0,0,0,0,0,0,0,0,0,0,0,0,1,0,1
RMY,XFUNDS Memory Income ETF,Financial,Exchange Traded Fund,USA,,,49.22,-3.28%,10806.0,0,1,0,0,0,0,0,0,0,0,0,0,0,0,0,0,0,0,0,0,0,0,0,0,0,0,0,0,1,0,1
RNZ,REX Drone ETF,Financial,Exchange Traded Fund,USA,,,19.38,-2.07%,164250.0,0,0,0,0,0,0,0,0,1,0,0,0,0,0,0,0,0,0,0,0,0,0,0,0,0,0,0,0,1,0,1
RTS,Alpha Tau Medical Ltd,Healthcare,Biotechnology,Israel,1340000000.0,,14.48,-2.75%,427517.0,0,0,0,-1,0,0,0,-1,0,0,0,0,0,0,0,0,0,0,0,0,0,0,0,0,0,0,0,0,0,2,2
SAC,Daedalus Special Acquisition Corp,Financial,Shell Companies,United Kingdom,344270000.0,56.54,10.12,0.00%,9890.0,0,0,0,-1,0,0,0,-1,0,0,0,0,0,0,0,0,0,0,0,0,0,0,0,0,0,0,0,0,0,2,2
SCO,DoubleLine Securitized Credit ETF,Financial,Exchange Traded Fund,USA,,,24.36,0.25%,57776.0,0,0,0,0,0,0,0,0,1,1,0,0,0,0,0,0,0,0,0,0,0,0,0,0,0,0,0,0,2,0,2
SGN,Design Therapeutics Inc,Healthcare,Biotechnology,USA,749100000.0,,11.97,-3.62%,642530.0,0,0,0,0,0,0,0,0,0,0,1,1,0,0,0,0,0,0,0,0,0,0,0,0,-1,0,0,0,2,1,3
SI,iShares ESG MSCI KLD 400 ETF,Financial,Exchange Traded Fund,USA,,,150.09,0.42%,142353.0,0,0,0,0,0,0,0,-1,0,0,0,0,0,0,0,0,0,0,0,0,0,0,0,0,0,0,0,0,0,1,1
SM,BNY Mellon Strategic Municipal Bond Fund Inc,Financial,Closed-End Fund - Debt,USA,257519999.99999997,,5.21,1.17%,290919.0,0,0,0,0,0,0,0,0,0,0,1,0,0,0,0,0,0,0,0,0,0,0,0,0,0,0,0,0,1,0,1
TAN,Sparkline International Intangible Value ETF,Financial,Exchange Traded Fund,USA,,,32.56,0.31%,34.0,0,0,0,0,0,0,0,-1,0,0,0,0,0,0,0,0,0,0,0,0,0,0,0,0,0,0,0,0,0,1,1
TCX,Datacentrex Inc,Financial,Financial Data & Stock Exchanges,USA,73060000.0,,1.82,-1.09%,56316.0,0,0,0,0,0,0,0,0,0,0,0,0,-1,0,0,0,0,0,0,0,0,0,0,0,0,0,0,0,0,1,1
TEC,ALPS Disruptive Technologies ETF,Financial,Exchange Traded Fund,USA,,,51.53,-0.61%,9179.0,0,0,0,0,0,0,0,-1,0,0,0,0,0,0,0,0,0,0,0,0,0,0,0,0,0,0,0,0,0,1,1
TRE,First Trust Alerian Disruptive Technology Real Estate ETF,Financial,Exchange Traded Fund,USA,,,40.0,0.70%,44.0,0,0,0,0,0,0,0,0,0,0,0,0,0,0,0,0,0,0,0,0,0,0,0,0,-1,0,0,0,0,1,1
TSQ,DT Cloud Star Acquisition Corp,Financial,Shell Companies,USA,42180000.0,121.51,11.58,0.20%,615.0,0,0,0,0,0,0,0,0,0,0,0,0,0,0,0,0,0,1,0,0,0,0,0,0,0,0,0,0,1,0,1
TST,Data Storage Corp,Technology,Information Technology Services,USA,8010000.0,,3.43,1.18%,22705.0,0,0,0,0,0,0,0,0,1,0,0,0,0,0,0,0,0,0,0,0,0,0,0,0,0,0,0,0,1,0,1
UG,ProShares UltraShort Energy,Financial,Exchange Traded Fund,USA,,,14.46,-0.89%,53929.0,0,0,0,0,0,0,0,0,1,0,0,0,0,0,0,0,0,0,0,0,0,0,0,0,0,0,0,0,1,0,1
UHP,US High Relative Profitability Portfolio ETF Class Shares,Financial,Exchange Traded Fund,USA,,,42.66,0.26%,1117906.0,0,0,0,-1,0,0,0,0,0,0,0,0,0,0,0,0,0,0,0,0,0,0,0,0,0,0,0,0,0,1,1
UKX,Ocean Park International ETF,Financial,Exchange Traded Fund,USA,,,28.87,-0.05%,526.0,0,0,0,0,0,0,0,0,0,0,1,1,0,0,0,0,0,0,0,0,1,0,0,0,0,0,0,0,3,0,3
UNK,Dana Unconstrained Equity ETF,Financial,Exchange Traded Fund,USA,,,28.95,0.73%,9071.0,0,0,0,0,0,0,0,-1,0,0,1,0,0,0,0,0,0,0,0,0,0,0,0,0,0,0,0,0,1,1,2
UO,Fangdd Network Group Ltd,Real Estate,Real Estate Services,China,23130000.0,,0.6,-3.63%,63962.0,0,0,0,0,0,0,0,0,1,0,0,0,0,0,0,0,0,0,0,0,0,0,0,0,0,0,0,0,1,0,1
UOG,Leverage Shares 2X Long DUOL Daily ETF,Financial,Exchange Traded Fund,USA,,,55.9,1.60%,856.0,0,0,0,0,0,0,0,0,0,0,0,0,0,0,0,0,0,1,0,0,0,0,0,0,0,0,0,0,1,0,1
UOT,Duos Technologies Group Inc,Technology,Software - Application,USA,290490000.0,9.4,9.23,0.44%,1008351.0,0,0,0,0,0,0,0,0,0,0,0,0,0,0,0,1,0,0,0,0,0,0,0,0,0,0,-1,0,1,1,2
UTY,U.S. Defense ETF,Financial,Exchange Traded Fund,USA,,,27.27,1.12%,1356.0,0,0,0,0,0,1,0,0,0,0,0,0,0,0,0,0,0,0,0,0,0,0,0,0,0,0,0,0,1,0,1
VA,DaVita Inc,Healthcare,Medical Care Facilities,USA,11510000000.0,15.21,180.4,0.94%,374369.0,0,0,0,0,0,0,0,0,1,0,0,0,0,0,0,0,0,0,0,0,0,0,0,0,0,0,0,0,1,0,1
VDN,Kingsbarn Dividend Opportunity ETF,Financial,Exchange Traded Fund,USA,,,13.5,0.05%,1700.0,0,0,0,0,0,0,0,0,1,0,0,0,0,0,0,0,0,0,0,0,0,0,0,0,0,0,0,0,1,0,1
VN,Devon Energy Corp,Energy,Oil & Gas E&P,USA,52820000000.0,11.37,48.02,0.08%,7188153.0,0,0,0,0,0,0,0,0,0,0,1,0,0,0,0,0,0,0,0,0,0,0,-1,0,0,0,0,0,1,1,2
VYE,iShares Emerging Markets Dividend ETF,Financial,Exchange Traded Fund,USA,,,35.1,0.26%,62253.0,0,0,0,-1,0,0,0,0,0,0,0,0,0,0,0,0,0,0,0,0,0,0,0,0,0,0,0,0,0,1,1
WAS,Invesco Dorsey Wright SmallCap Momentum ETF,Financial,Exchange Traded Fund,USA,,,107.54,-2.22%,13164.0,0,0,0,0,0,0,0,0,1,0,0,0,0,0,0,0,0,0,0,0,0,0,0,0,0,0,0,0,1,0,1
WAW,AdvisorShares Dorsey Wright FSM All Cap World ETF,Financial,Exchange Traded Fund,USA,,,49.89,0.01%,973.0,0,0,0,0,0,0,0,0,0,0,0,0,0,0,0,0,0,0,0,0,1,0,0,0,-1,0,0,0,1,1,2
WTX,Dogwood Therapeutics Inc,Healthcare,Biotechnology,USA,51670000.0,,1.52,0.00%,127154.0,0,1,0,0,0,0,0,0,0,0,0,0,-1,0,0,0,0,0,0,0,0,0,0,0,0,1,0,0,2,1,3
WWN,Principal Long Duration ETF,Financial,Exchange Traded Fund,USA,,,22.09,0.35%,10.0,0,0,0,0,0,0,0,0,0,0,0,0,-1,0,0,0,0,0,0,0,0,0,0,0,0,0,0,0,0,1,1
WX,State Street SPDR S&P International Dividend ETF,Financial,Exchange Traded Fund,USA,,,45.35,-0.15%,269259.0,0,0,0,0,0,0,0,0,0,0,1,0,0,0,0,0,0,0,0,0,0,0,0,0,0,0,0,0,1,0,1
XF,Eason Technology Ltd ADR,Financial,Credit Services,China,1500000.0,,0.47,1.06%,34601.0,0,0,0,0,0,0,0,0,0,0,0,0,0,0,0,0,0,0,0,0,0,0,0,1,0,0,0,0,1,0,1
XJ,WisdomTree Japan Hedged Equity Fund,Financial,Exchange Traded Fund,USA,,,183.88,0.22%,221169.0,0,0,0,0,0,0,0,-1,0,0,0,0,0,0,0,0,0,0,0,0,0,0,0,0,0,0,0,0,0,1,1
XLG,Destination XL Group Inc,Consumer Cyclical,Apparel Retail,USA,21580000.0,,0.39,-2.48%,175640.0,0,0,0,0,0,0,0,0,0,0,0,0,0,0,0,1,0,0,0,0,0,0,0,0,0,0,0,0,1,0,1
XR,Daxor Corp,Healthcare,Medical Instruments & Supplies,USA,60150000.0,8.43,10.3,-3.10%,2860.0,0,0,0,0,0,0,0,0,0,0,1,0,0,0,0,0,0,0,0,0,0,0,0,0,0,0,0,0,1,0,1
YFI,IDX Dynamic Fixed Income ETF,Financial,Exchange Traded Fund,USA,,,22.23,0.20%,4748.0,0,0,0,0,0,0,0,0,1,1,0,0,0,0,0,0,0,0,0,0,0,0,0,0,0,0,0,0,2,0,2
YLD,LeaderShares Dynamic Yield ETF,Financial,Exchange Traded Fund,USA,,,22.07,0.05%,9050.0,0,0,0,-1,0,0,0,0,0,0,0,0,0,0,0,0,0,0,0,0,0,0,0,0,0,0,0,0,0,1,1
,Eni Spa ADR,Energy,Oil & Gas Integrated,Italy,79490000000.0,13.69,54.55,-0.16%,344808.0,0,1,0,0,0,0,0,0,0,0,1,0,0,0,0,0,0,0,0,0,1,0,0,0,-1,0,0,0,3,1,4
AD,Allspring Income Opportunities Fund,Financial,Closed-End Fund - Debt,USA,356330000.0,,6.03,1.17%,266464.0,0,0,0,-1,0,0,0,0,0,0,0,0,0,0,0,0,0,0,0,0,0,0,0,0,0,0,0,0,0,1,1
AF,GrafTech International Ltd,Industrials,Electrical Equipment & Parts,USA,245260000.0,,9.4,6.58%,464350.0,0,0,0,0,0,0,0,0,0,0,0,0,0,0,0,0,0,0,0,0,1,0,0,0,0,0,0,0,1,0,1
ALT,Innovator U.S. Equity 5 to 15 Buffer ETF - Quarterly,Financial,Exchange Traded Fund,USA,,,37.04,0.57%,43837.0,0,1,0,-1,0,0,0,-1,0,0,0,0,0,0,0,0,0,0,0,0,0,0,0,0,0,0,0,0,1,2,3
APR,Innovator Emerging Markets Power Buffer ETF April,Financial,Exchange Traded Fund,USA,,,34.26,-0.25%,1916.0,0,1,0,0,0,0,0,0,0,0,0,0,0,0,0,0,0,0,0,0,0,0,0,0,0,0,0,0,1,0,1
ARN,Ellington Credit Co,Financial,Asset Management,USA,136270000.0,,3.57,-2.46%,1727870.0,0,0,0,0,0,0,0,0,1,0,0,0,0,0,0,0,0,0,0,0,0,0,0,0,0,0,0,0,1,0,1
ART,Global X Rare Earth & Critical Materials ETF,Financial,Exchange Traded Fund,USA,,,28.1,-0.13%,9018.0,0,0,0,0,0,0,0,0,1,1,0,0,0,0,0,0,0,0,0,0,0,0,0,0,0,0,0,0,2,0,2
BF,Ennis Inc,Industrials,Specialty Business Services,USA,570720000.0,14.74,22.56,-0.09%,123932.0,0,0,0,0,0,0,0,0,0,0,1,0,0,0,0,0,0,0,0,0,0,0,0,0,0,0,0,0,1,0,1
BON,Ebang International Holdings Inc,Technology,Computer Hardware,China,12560000.0,,2.0,-0.99%,2087.0,0,1,0,0,0,0,0,0,0,0,0,0,0,0,0,1,0,0,0,0,0,0,0,0,0,0,0,0,2,0,2
C,Ecopetrol SA ADR,Energy,Oil & Gas Integrated,Colombia,34870000000.0,9.96,16.96,-1.68%,1313853.0,0,0,0,0,0,0,0,-1,0,0,0,0,0,0,0,0,0,0,0,0,0,0,0,0,0,0,0,0,0,1,1
CC,Eagle Point Credit Company,Financial,Closed-End Fund - Debt,USA,437610000.0,,3.29,-3.52%,1918846.0,0,0,0,0,0,0,0,0,0,0,0,0,-1,0,0,0,0,0,0,0,0,0,0,0,0,0,0,0,0,1,1
CF,Ellsworth Growth and Income Fund Ltd,Financial,Closed-End Fund - Equity,USA,162670000.0,,11.91,0.51%,59217.0,0,0,0,0,0,0,0,0,1,0,0,0,0,0,0,0,0,0,0,0,0,0,0,0,0,0,0,0,1,0,1
CG,Everus Construction Group,Industrials,Engineering & Construction,USA,6780000000.0,26.7,132.74,5.21%,415810.0,0,0,0,0,0,0,0,0,0,0,0,0,-1,0,0,0,0,0,0,0,0,0,0,0,0,0,0,0,0,1,1
CH,iShares MSCI Chile ETF,Financial,Exchange Traded Fund,USA,,,38.31,0.82%,571026.0,0,1,0,0,0,0,0,0,1,0,0,0,0,0,0,0,0,0,0,0,0,0,0,0,0,0,0,0,2,0,2
CL,Ecolab Inc,Basic Materials,Specialty Chemicals,USA,78720000000.0,37.67,280.82,1.35%,1181854.0,0,0,0,0,0,0,0,0,0,0,0,0,0,0,0,0,0,0,0,0,0,0,0,0,0,0,0,1,1,0,1
CNS,iShares MSCI China Small-Cap ETF,Financial,Exchange Traded Fund,USA,,,27.3,-0.06%,6189.0,0,0,0,0,0,0,0,0,1,0,0,0,0,0,0,0,0,0,0,0,0,0,0,0,0,0,0,0,1,0,1
COW,Pacer Emerging Markets Cash Cows 100 ETF,Financial,Exchange Traded Fund,USA,,,26.77,0.14%,10821.0,0,0,0,0,0,0,0,0,0,0,0,0,-1,-1,0,0,0,0,0,0,0,0,0,0,0,0,0,0,0,2,2
CPG,Encore Capital Group Inc,Financial,Credit Services,USA,2100000000.0,7.51,99.19,1.30%,161775.0,0,0,0,0,0,0,0,0,0,0,0,0,-1,0,0,0,0,0,0,0,0,0,0,0,0,0,0,0,0,1,1
CVT,Ecovyst Inc,Basic Materials,Specialty Chemicals,USA,1140000000.0,,10.37,0.00%,1451241.0,0,0,0,0,0,0,0,0,1,0,0,0,0,0,0,0,0,0,0,0,0,0,0,0,0,0,0,0,1,0,1
D,Consolidated Edison Inc,Utilities,Utilities - Regulated Electric,USA,38740000000.0,17.26,105.12,1.68%,3272576.0,0,0,0,0,0,0,0,0,0,0,0,0,0,0,0,1,0,0,0,0,0,0,0,0,0,0,0,0,1,0,1
DC,Direxion Daily MSCI Emerging Markets Bull 3X ETF,Financial,Exchange Traded Fund,USA,,,81.65,-2.10%,32865.0,0,0,0,0,0,0,0,0,0,0,0,0,0,0,0,0,0,0,0,0,0,0,0,0,0,0,-1,0,0,1,1
DF,Virtus Stone Harbor Emerging Markets Income Fund,Financial,Closed-End Fund - Foreign,USA,155720000.0,,4.84,3.42%,168935.0,0,0,0,0,0,0,0,0,1,0,0,0,0,0,0,0,0,0,0,0,0,0,0,0,0,0,0,0,1,0,1
DGH,3EDGE Dynamic Hard Assets ETF,Financial,Exchange Traded Fund,USA,,,33.77,0.51%,45346.0,0,0,0,0,0,0,0,0,0,0,0,0,0,0,0,0,0,0,0,0,1,0,0,0,0,0,0,0,1,0,1
DGX,Global X U.S. 500 Income Edge ETF,Financial,Exchange Traded Fund,USA,,,27.17,0.60%,4102.0,0,0,0,0,0,0,0,0,0,0,1,0,0,0,0,0,0,0,0,0,0,0,0,0,0,0,0,0,1,0,1
DIV,State Street SPDR S&P Emerging Markets Dividend ETF,Financial,Exchange Traded Fund,USA,,,40.19,0.27%,87100.0,0,0,0,0,0,0,0,0,1,0,0,0,0,0,0,0,0,0,0,0,0,0,0,0,0,0,0,0,1,0,1
DN,Empresa Distribuidora y Comercial Norte SA ADR,Utilities,Utilities - Regulated Electric,Argentina,463400000.0,5.16,20.94,0.53%,605995.0,0,0,0,0,0,0,0,0,1,0,0,0,0,0,0,0,0,0,0,0,0,0,0,0,0,0,0,0,1,0,1
DOG,ALPS Emerging Sector Dividend Dogs ETF,Financial,Exchange Traded Fund,USA,,,23.9,-0.41%,62763.0,0,0,0,0,0,0,0,0,0,0,0,0,0,0,0,0,0,0,0,0,0,0,0,0,0,0,0,1,1,0,1
DSA,Edesa Biotech Inc,Healthcare,Biotechnology,Canada,50260000.0,,3.72,-4.86%,12829.0,0,1,0,0,0,0,0,0,0,0,0,0,0,0,0,0,0,0,0,0,0,0,0,0,0,0,0,0,1,0,1
DU,New Oriental Education & Technology Group Inc ADR,Consumer Defensive,Education & Training Services,China,7990000000.0,19.13,57.11,1.42%,494474.0,0,1,0,0,0,0,0,0,0,0,0,0,0,0,0,0,0,0,0,0,0,0,0,0,0,0,0,1,2,0,2
DV,Vanguard Extended Duration Treasury ETF,Financial,Exchange Traded Fund,USA,,,54.38,0.30%,1467214.0,0,0,0,0,0,0,0,0,1,0,0,0,0,0,0,0,0,0,0,0,0,0,0,0,0,0,0,0,1,0,1
DVA,Endovia Health Sciences Inc,Healthcare,Biotechnology,USA,1070000.0,,0.17,1.21%,777652.0,0,0,0,0,0,0,0,0,1,0,0,0,0,0,0,0,0,0,0,0,0,0,0,0,0,0,0,0,1,0,1
DZ,Direxion Daily MSCI Emerging Markets Bear 3X ETF,Financial,Exchange Traded Fund,USA,,,13.56,1.88%,133562.0,0,0,0,0,0,0,0,0,1,0,0,0,0,0,0,0,0,0,0,0,0,0,0,0,0,0,0,0,1,0,1
EFT,Euronet Worldwide Inc,Technology,Software - Infrastructure,USA,2380000000.0,9.98,63.54,-1.10%,600922.0,0,0,0,0,0,0,0,0,0,0,0,0,0,0,0,0,0,0,0,0,0,0,0,1,0,0,0,0,1,0,1
EMA,iShares MSCI Emerging Markets Asia ETF,Financial,Exchange Traded Fund,USA,,,117.79,-0.66%,77204.0,0,0,0,0,0,0,0,0,0,0,0,0,0,0,0,1,0,0,0,0,0,0,0,0,0,0,0,0,1,0,1
EMV,iShares MSCI Emerging Markets Min Vol Factor ETF,Financial,Exchange Traded Fund,USA,,,75.26,-0.15%,131609.0,0,0,0,0,0,0,0,0,0,0,1,1,0,0,0,0,0,0,0,0,1,0,0,0,-1,0,0,0,3,1,4
ET,ProShares Ultra MSCI Emerging Markets 2x Shares,Financial,Exchange Traded Fund,USA,,,112.86,-1.16%,2175.0,0,0,0,0,0,0,0,0,0,0,0,0,0,0,0,0,0,0,0,0,0,0,0,0,0,0,-1,0,0,1,1
EV,ProShares UltraShort MSCI Emerging Markets -2x Shares,Financial,Exchange Traded Fund,USA,,,10.15,1.40%,43320.0,0,0,0,0,0,0,0,0,0,0,0,0,-1,0,0,0,0,0,0,0,0,0,0,1,0,0,0,0,1,1,2
FIV,State Street SPDR S&P 500 ESG ETF,Financial,Exchange Traded Fund,USA,,,75.59,0.31%,21395.0,0,0,0,-1,0,0,0,0,0,0,0,0,0,0,0,0,0,0,0,0,0,0,0,0,0,0,0,0,0,1,1
FR,Eaton Vance Senior Floating-Rate Trust,Financial,Closed-End Fund - Debt,USA,306160000.0,,10.37,1.77%,148146.0,0,0,0,0,0,0,0,0,0,0,0,0,-1,0,0,0,0,0,0,0,0,0,0,1,0,0,0,0,1,1,2
FRA,iShares Environmental Infrastructure and Industrials ETF,Financial,Exchange Traded Fund,USA,,,34.9,0.53%,254.0,0,0,0,0,0,0,0,0,0,0,0,0,-1,0,0,0,0,0,0,0,0,0,0,0,0,0,0,0,0,1,1
FSC,Enterprise Financial Services Corp,Financial,Banks - Regional,USA,2160000000.0,11.86,59.61,-0.35%,165965.0,0,0,0,0,0,0,0,0,1,0,0,0,0,0,0,0,0,0,0,0,0,0,0,0,0,0,0,0,1,0,1
FT,Eaton Vance Floating-Rate Income Trust,Financial,Closed-End Fund - Debt,USA,283320000.0,,10.66,1.33%,128499.0,0,0,0,0,0,0,0,0,0,0,0,0,-1,-1,0,0,0,0,0,0,0,0,0,1,0,0,0,0,1,2,3
FU,ProShares UltraShort MSCI EAFE -2x Shares,Financial,Exchange Traded Fund,USA,,,7.21,-0.84%,6052.0,0,1,0,0,0,0,0,0,0,0,0,0,0,0,0,0,0,0,0,0,0,0,0,0,0,0,0,0,1,0,1
FXT,Enerflex Ltd,Energy,Oil & Gas Equipment & Services,Canada,2980000000.0,56.4,24.37,-2.60%,448214.0,0,1,0,0,0,0,0,0,0,0,0,0,-1,0,0,0,0,0,0,0,0,0,0,0,0,0,0,0,1,1,2
FZ,ProShares Short MSCI EAFE -1X Shares,Financial,Exchange Traded Fund,USA,,,22.92,-0.13%,300.0,0,0,0,0,0,0,0,0,1,0,0,0,0,0,0,0,0,0,0,0,0,0,0,0,0,0,0,0,1,0,1
GGS,NestYield Total Return Guard ETF,Financial,Exchange Traded Fund,USA,,,37.77,-0.22%,5235.0,0,0,0,0,0,0,0,0,1,0,0,0,0,0,0,0,0,0,0,0,0,0,0,0,0,0,0,0,1,0,1
GGY,NestYield Dynamic Income ETF,Financial,Exchange Traded Fund,USA,,,35.68,-0.08%,77638.0,0,0,0,0,0,0,0,0,0,0,0,0,0,0,0,0,0,0,0,0,0,0,0,1,0,0,0,0,1,0,1
GHT,8X8 Inc,Technology,Software - Application,USA,313430000.0,65.17,2.17,-3.12%,1362470.0,0,1,0,0,0,0,0,0,0,0,0,0,0,0,0,0,0,0,0,0,0,0,0,0,0,0,0,0,1,0,1
GLE,Global X S&P 500 U.S. Revenue Leaders ETF,Financial,Exchange Traded Fund,USA,,,32.55,0.79%,13.0,0,0,0,0,0,0,0,-1,0,0,0,0,0,0,0,0,0,0,0,0,0,0,0,0,0,0,0,0,0,1,1
GP,Eastgroup Properties Inc,Real Estate,REIT - Industrial,USA,10370000000.0,33.85,192.86,-1.52%,603048.0,0,0,0,0,0,0,0,0,1,0,0,0,0,0,0,0,0,0,0,0,0,0,0,0,0,0,0,0,1,0,1
GY,VAALCO Energy Inc,Energy,Oil & Gas E&P,USA,608010000.0,,5.78,-0.17%,894668.0,0,0,0,0,0,0,0,0,0,0,1,0,0,0,0,0,0,0,0,0,0,0,0,0,0,0,0,0,1,0,1
HLS,Even Herd Long Short ETF,Financial,Exchange Traded Fund,USA,,,25.74,-0.82%,60352.0,0,0,0,0,0,0,0,0,0,0,0,0,0,0,0,1,0,0,0,0,0,0,0,0,0,0,0,0,1,0,1
IG,Employers Holdings Inc,Financial,Insurance - Specialty,USA,878270000.0,70.19,48.9,0.23%,107327.0,0,0,0,0,0,0,0,0,1,0,0,0,0,0,0,0,0,0,0,0,0,0,0,0,0,0,0,0,1,0,1
IKN,Eikon Therapeutics Inc,Healthcare,Biotechnology,USA,406780000.0,,7.51,-0.40%,611020.0,0,1,0,0,0,0,0,0,0,0,0,0,0,0,0,1,0,0,0,0,0,0,0,0,0,0,0,0,2,0,2
INC,VanEck Energy Income ETF,Financial,Exchange Traded Fund,USA,,,116.69,1.28%,1864.0,0,1,0,0,0,0,0,0,0,0,0,0,0,0,0,0,0,0,0,0,0,0,0,0,0,0,0,0,1,0,1
IPI,FT Energy Income Partners Enhanced Income ETF,Financial,Exchange Traded Fund,USA,,,21.98,1.01%,68787.0,0,0,0,-1,0,1,0,0,0,0,0,0,0,0,0,0,0,0,0,0,0,0,0,0,0,0,0,0,1,1,2
IRL,iShares MSCI Ireland ETF,Financial,Exchange Traded Fund,USA,,,80.72,0.15%,1693.0,0,0,0,0,0,0,0,-1,0,0,0,0,0,0,0,0,0,0,0,0,0,0,0,0,0,0,0,0,0,1,1
LBM,Electra Battery Materials Corp,Basic Materials,Other Industrial Metals & Mining,Canada,54210000.0,,0.51,-0.55%,218588.0,0,0,0,0,0,0,0,0,0,0,0,0,0,0,0,0,0,0,0,0,0,0,0,0,0,1,0,0,1,0,1
LDN,Eledon Pharmaceuticals Inc,Healthcare,Biotechnology,USA,199090000.0,,2.45,-2.00%,830325.0,0,0,0,0,0,0,0,0,1,0,0,0,0,0,0,0,0,0,0,0,0,0,-1,0,0,0,0,0,1,1,2
LIL,Direxion Daily LLY Bull 2X ETF,Financial,Exchange Traded Fund,USA,,,27.57,2.31%,76001.0,0,0,0,0,0,0,0,0,0,0,0,0,-1,0,0,0,0,0,0,0,0,0,0,0,0,0,0,0,0,1,1
LPC,Cia Paranaense De Energia Copel ADR,Utilities,Utilities - Diversified,Brazil,10310000000.0,17.3,13.89,-0.22%,722638.0,0,0,0,0,0,0,0,0,0,0,0,0,-1,0,0,0,0,0,0,0,0,0,0,0,0,0,0,0,0,1,1
LTK,Eltek Ltd,Technology,Electronic Components,Israel,53760000.0,,8.0,2.89%,8152.0,0,0,0,0,0,0,0,0,0,0,0,0,-1,0,0,0,0,0,0,0,0,0,0,1,0,0,0,0,1,1,2
LUT,Elutia Inc,Healthcare,Medical Devices,USA,34410000.0,,0.78,-5.44%,282857.0,0,0,0,0,0,1,0,0,0,0,0,0,0,0,0,0,0,0,0,0,0,0,0,0,0,0,0,0,1,0,1
LVR,Elevra Lithium Ltd ADR,Basic Materials,Other Industrial Metals & Mining,Australia,722210000.0,10.32,37.42,-0.98%,16934.0,0,0,0,0,0,0,0,0,1,0,0,0,0,0,0,0,0,0,0,0,0,0,0,0,0,0,0,0,1,0,1
LWT,Elauwit Connection Inc,Communication Services,Telecom Services,USA,41370000.0,,6.25,2.12%,4663.0,0,0,0,0,0,0,0,0,1,0,0,0,0,0,0,0,0,0,0,0,0,0,0,0,0,0,0,0,1,0,1
MAT,Evolution Metals & Technologies Corp,Basic Materials,Other Industrial Metals & Mining,USA,1200000000.0,,1.92,-6.57%,1494140.0,0,0,0,0,0,0,0,0,1,0,0,0,0,0,0,0,0,0,0,0,0,0,0,0,0,0,0,0,1,0,1
MAU,Corgi EM 15% Buffer - Aug,Financial,Exchange Traded Fund,USA,,,25.74,-0.26%,6.0,0,0,0,0,0,0,0,0,0,0,1,1,0,0,0,0,0,0,0,0,0,0,-1,0,0,0,0,0,2,1,3
MBX,VanEck Emerging Markets Bond ETF,Financial,Exchange Traded Fund,USA,,,49.58,0.42%,27081.0,0,0,0,-1,0,0,0,0,0,0,0,0,0,0,0,0,0,0,0,0,0,0,0,0,0,0,0,0,0,1,1
MC,Global X Emerging Markets Great Consumer ETF,Financial,Exchange Traded Fund,USA,,,38.09,-0.76%,3326.0,0,0,0,0,0,0,0,0,0,0,1,1,0,0,0,0,0,0,0,0,0,0,0,0,-1,0,0,0,2,1,3
MCB,WisdomTree Emerging Markets Corporate Bond Fund,Financial,Exchange Traded Fund,USA,,,63.97,-0.01%,5337.0,0,0,0,0,0,0,0,0,1,0,0,0,0,0,0,0,0,0,0,0,0,0,0,0,0,0,0,0,1,0,1
MCS,Xtrackers MSCI Emerging Markets Select ETF,Financial,Exchange Traded Fund,USA,,,47.3,-1.40%,633028.0,0,1,0,0,0,0,0,0,0,0,0,0,0,0,0,0,0,0,0,0,0,0,0,0,0,0,0,0,1,0,1
ME,Emcor Group Inc,Industrials,Engineering & Construction,USA,36370000000.0,25.58,824.52,5.82%,423676.0,0,0,0,0,0,0,0,0,1,0,0,0,0,0,0,0,0,0,0,0,0,0,0,0,0,0,0,0,1,0,1
MEQ,Nomura Focused Emerging Markets Equity ETF,Financial,Exchange Traded Fund,USA,,,67.21,-1.75%,148978.0,0,0,0,0,0,0,0,0,1,0,0,0,0,0,0,0,0,0,0,0,0,0,0,0,0,0,0,0,1,0,1
MET,VanEck Copper and Electrification Metals ETF,Financial,Exchange Traded Fund,USA,,,41.9,0.11%,1264.0,0,0,0,-1,0,0,0,0,0,0,0,0,-1,-1,0,0,0,0,0,0,0,0,0,0,0,0,0,0,0,3,3
MIF,iShares Emerging Markets Infrastructure ETF,Financial,Exchange Traded Fund,USA,,,27.49,0.62%,903.0,0,0,0,0,0,0,0,0,1,1,0,0,0,0,0,0,0,0,0,0,0,0,0,0,0,0,0,0,2,0,2
MKT,Lazard Emerging Markets Opportunities ETF,Financial,Exchange Traded Fund,USA,,,31.96,-0.79%,30809.0,0,0,0,0,0,0,0,0,0,0,0,0,0,0,0,1,0,0,0,0,0,0,0,0,0,0,0,0,1,0,1
ML,Eastern Co,Industrials,Tools & Accessories,USA,150680000.0,18.81,25.04,1.01%,6756.0,0,0,0,0,0,0,0,0,0,0,0,0,-1,0,0,0,0,0,0,0,0,0,0,0,0,0,0,0,0,1,1
MLP,First Trust North American Energy Infrastructure Fund,Financial,Exchange Traded Fund,USA,,,42.4,1.58%,209685.0,0,1,0,0,0,0,0,0,0,0,0,0,0,0,0,0,0,0,0,0,0,0,0,0,0,0,0,0,1,0,1
MN,Eastman Chemical Co,Basic Materials,Specialty Chemicals,USA,7330000000.0,16.7,64.11,-1.28%,1406689.0,0,0,0,0,0,0,0,0,0,0,0,0,0,0,0,1,0,0,0,0,0,0,0,0,0,0,0,0,1,0,1
MNT,PIMCO Enhanced Short Maturity Active ESG ETF,Financial,Exchange Traded Fund,USA,,,98.44,0.06%,8239.0,0,1,0,0,0,0,0,0,0,0,0,0,0,0,0,0,0,0,0,0,0,0,0,0,0,0,0,0,1,0,1
MOP,AB Emerging Markets Opportunities ETF,Financial,Exchange Traded Fund,USA,,,52.54,0.21%,459654.0,0,0,0,0,0,0,0,0,0,0,0,0,0,0,0,1,0,0,0,0,0,0,0,0,0,0,0,0,1,0,1
MPB,Efficient Market Portfolio Plus ETF,Financial,Exchange Traded Fund,USA,,,35.57,0.20%,9897.0,0,0,0,0,0,0,0,0,0,0,0,0,0,0,0,0,0,1,0,0,0,0,0,0,0,0,0,0,1,0,1
MQQ,EMQQ The Emerging Markets Internet ETF,Financial,Exchange Traded Fund,USA,,,31.71,0.03%,19703.0,0,0,0,0,0,0,0,0,0,0,1,0,0,0,0,0,0,0,0,0,0,0,0,0,0,0,0,0,1,0,1
MR,Emerson Electric Co,Industrials,Specialty Industrial Machinery,USA,90030000000.0,35.27,161.4,-0.57%,2856287.0,0,0,0,0,0,0,0,0,0,0,1,0,0,0,0,0,0,0,0,0,0,0,0,0,0,0,0,0,1,0,1
MXF,iShares ESG Advanced MSCI EM ETF,Financial,Exchange Traded Fund,USA,,,58.34,-0.17%,19461.0,0,0,0,0,0,0,0,0,0,0,1,0,0,0,0,0,0,0,0,0,1,0,-1,0,0,0,0,0,2,1,3
NDW,Cambria Endowment Style ETF,Financial,Exchange Traded Fund,USA,,,34.48,0.35%,16664.0,0,1,0,0,0,0,0,0,0,0,0,0,0,0,0,0,0,0,0,0,0,0,0,0,0,0,0,0,1,0,1
NFR,Alerian Energy Infrastructure ETF,Financial,Exchange Traded Fund,USA,,,38.23,1.06%,45479.0,0,0,0,0,0,0,0,0,0,0,0,0,0,0,0,0,0,0,0,0,0,0,0,0,-1,0,0,0,0,1,1
NGS,Energys Group Ltd,Industrials,Waste Management,United Kingdom,138930000.0,,3.12,1.63%,5486272.0,0,0,0,0,0,0,0,0,0,0,1,1,0,0,0,0,0,0,0,0,0,0,0,0,0,0,0,0,2,0,2
NHU,iShares Enhanced Large Cap Core Active ETF,Financial,Exchange Traded Fund,USA,,,29.06,0.51%,608.0,0,0,0,0,0,0,0,0,0,0,1,0,0,0,0,0,0,0,0,0,0,0,0,0,-1,0,0,0,1,1,2
NOR,iShares MSCI Norway ETF,Financial,Exchange Traded Fund,USA,,,35.17,-0.17%,55850.0,0,0,0,0,0,0,0,0,0,0,0,0,0,0,0,0,0,0,0,0,0,0,0,0,-1,0,0,0,0,1,1
NPH,Enphase Energy Inc,Technology,Solar,USA,4480000000.0,33.6,33.91,1.38%,4016048.0,0,0,0,0,0,0,0,0,0,0,0,0,0,0,0,0,0,0,0,0,0,0,0,0,0,1,0,0,1,0,1
NR,Energizer Holdings Inc,Industrials,Electrical Equipment & Parts,USA,1480000000.0,18.37,21.59,1.84%,838904.0,0,0,0,0,0,0,0,0,0,0,0,0,-1,0,0,0,0,0,0,0,0,0,0,0,0,0,0,0,0,1,1
NSC,Ensysce Biosciences Inc,Healthcare,Biotechnology,USA,8359999.999999999,,0.43,2.58%,544931.0,0,1,0,-1,0,0,0,0,0,0,0,0,0,0,0,0,0,0,0,0,0,0,0,0,0,0,0,0,1,1,2
NTG,Entegris Inc,Technology,Semiconductor Equipment & Materials,USA,25500000000.0,83.58,166.89,-0.02%,1728474.0,0,0,0,0,0,0,0,0,0,0,0,0,-1,0,0,0,0,0,0,0,0,0,0,0,0,0,0,0,0,1,1
OD,Allspring Global Dividend Opportunity Fund,Financial,Closed-End Fund - Equity,USA,276050000.0,,6.41,0.94%,122724.0,0,0,0,0,0,0,0,0,0,0,0,0,0,0,0,0,0,0,0,0,1,0,-1,0,0,0,0,0,1,1,2
OG,EOG Resources Inc,Energy,Oil & Gas E&P,USA,75680000000.0,11.22,144.28,0.14%,2826291.0,0,0,0,-1,0,0,0,0,0,0,0,0,0,0,0,0,0,0,0,0,0,0,0,0,0,0,0,0,0,1,1
ONR,EON Resources Inc,Energy,Oil & Gas E&P,USA,27160000.0,,0.49,0.56%,291605.0,0,0,0,0,0,0,0,0,1,0,0,0,0,0,0,0,0,0,0,0,0,0,0,0,0,0,0,0,1,0,1
P,Empire Petroleum Corp,Energy,Oil & Gas E&P,USA,115650000.0,,2.78,3.73%,11285.0,0,0,0,0,0,1,0,0,0,0,0,0,0,0,0,0,0,0,0,0,0,0,0,0,0,0,0,0,1,0,1
PAI,Harbor AI Inflection Strategy ETF,Financial,Exchange Traded Fund,USA,,,28.81,-0.08%,107.0,0,0,0,0,0,0,0,0,1,0,0,0,0,0,0,0,0,0,0,0,0,0,0,0,0,0,0,0,1,0,1
PD,Enterprise Products Partners L P,Energy,Oil & Gas Midstream,USA,80460000000.0,12.95,37.26,1.25%,2346353.0,0,0,0,0,0,0,0,0,0,0,0,0,0,0,0,0,0,0,0,0,0,0,0,0,-1,0,0,0,0,1,1
PEM,Harbor Emerging Markets Equity ETF,Financial,Exchange Traded Fund,USA,,,31.3,0.19%,10.0,0,1,0,0,0,0,0,0,0,0,1,0,0,0,0,0,0,0,0,0,0,0,0,0,0,0,0,0,2,0,2
PHE,iShares MSCI Philippines ETF,Financial,Exchange Traded Fund,USA,,,22.75,-1.09%,33382.0,0,1,0,0,0,0,0,0,0,0,0,0,-1,0,0,0,0,0,0,0,1,0,0,0,0,0,0,0,2,1,3
PM,Evolution Petroleum Corp,Energy,Oil & Gas E&P,USA,146220000.0,,3.64,2.25%,234097.0,0,0,0,0,0,0,0,0,1,0,0,0,0,0,0,0,0,0,0,0,0,0,0,0,0,0,0,0,1,0,1
POW,E-Power Inc,Industrials,Electrical Equipment & Parts,China,8400000.0,,3.61,-4.24%,22128.0,0,0,0,0,0,0,0,0,1,0,0,0,0,0,0,0,0,0,0,0,0,0,0,0,0,0,0,0,1,0,1
PRF,Innovator S&P Investment Grade Preferred ETF,Financial,Exchange Traded Fund,USA,,,15.75,0.38%,14049.0,0,0,0,0,0,0,0,0,1,0,0,0,0,0,0,0,0,0,0,0,0,0,0,0,0,0,0,0,1,0,1
PS,WisdomTree U.S. LargeCap Fund,Financial,Exchange Traded Fund,USA,,,81.56,0.58%,43001.0,0,0,0,0,0,0,0,0,0,0,1,0,0,0,0,0,0,0,0,0,0,0,0,0,-1,0,0,0,1,1,2
PSM,Epsium Enterprise Ltd,Consumer Defensive,Beverages - Wineries & Distilleries,China,3270000.0,,1.23,1.65%,17631.0,0,0,0,0,0,0,0,0,0,0,0,0,-1,-1,0,0,0,0,0,0,0,0,0,0,0,0,0,0,0,2,2
PSN,Epsilon Energy Ltd,Energy,Oil & Gas E&P,USA,180790000.0,,5.97,-1.49%,46229.0,0,1,0,0,0,0,0,0,0,0,1,1,0,0,0,0,0,0,0,0,0,0,0,0,-1,0,0,0,3,1,4
PV,ProShares UltraShort FTSE Europe -2X Shares,Financial,Exchange Traded Fund,USA,,,18.91,-0.68%,20268.0,0,1,0,0,0,0,0,0,0,0,0,0,0,0,0,0,0,0,0,0,0,0,0,0,0,0,0,0,1,0,1
QIX,Equinix Inc,Real Estate,REIT - Specialty,USA,103340000000.0,67.4,1047.36,2.34%,394538.0,0,0,0,0,0,0,0,0,0,0,0,0,-1,0,0,0,0,0,0,0,1,0,0,0,-1,0,0,0,1,2,3
QLT,iShares MSCI Emerging Markets Quality Factor ETF,Financial,Exchange Traded Fund,USA,,,38.69,-0.84%,2690.0,0,0,0,0,0,0,0,0,0,0,0,0,0,0,0,1,0,0,0,0,0,0,0,0,0,0,0,0,1,0,1
QPT,Equipmentshare.Com Inc,Industrials,Rental & Leasing Services,USA,4800000000.0,243.87,18.9,0.00%,1857349.0,0,0,0,0,0,0,0,0,1,0,0,0,0,0,0,0,0,0,0,0,0,0,0,0,0,0,0,0,1,0,1
QT,EQT Corp,Energy,Oil & Gas E&P,USA,32820000000.0,12.17,52.47,2.64%,6158416.0,0,0,0,0,0,0,0,0,0,0,0,0,-1,-1,0,0,0,0,0,0,0,0,0,0,0,0,0,0,0,2,2
RIC,Telefonaktiebolaget L M Ericsson ADR,Technology,Communication Equipment,Sweden,28710000000.0,12.06,9.43,2.28%,6410125.0,0,0,0,0,0,0,0,0,1,0,0,0,0,0,0,0,0,0,0,0,0,0,0,0,0,0,0,0,1,0,1
RIE,Erie Indemnity Co,Financial,Insurance Brokers,USA,10400000000.0,20.38,223.22,0.79%,117173.0,0,0,0,0,0,0,0,0,0,0,0,0,0,0,0,0,0,0,0,0,0,0,0,0,0,1,0,0,1,0,1
RO,Ero Copper Corp,Basic Materials,Copper,Canada,3960000000.0,12.8,37.93,-1.33%,1200926.0,0,1,0,0,0,0,0,0,0,0,0,0,0,0,0,0,0,0,0,0,0,0,0,0,0,0,0,0,1,0,1
ROK,EagleRock Land LLC,Energy,Oil & Gas Equipment & Services,USA,2860000000.0,,21.77,0.83%,164454.0,0,1,0,0,0,0,0,0,0,0,0,0,0,0,0,0,0,0,0,0,0,0,0,0,0,0,0,0,1,0,1
RY,Direxion Daily Energy Bear 2X ETF,Financial,Exchange Traded Fund,USA,,,8.84,-0.90%,15788434.0,0,0,0,0,0,0,0,0,1,0,0,0,0,0,0,0,0,0,0,0,0,0,0,0,0,0,0,0,1,0,1
S,Eversource Energy,Utilities,Utilities - Regulated Electric,USA,24580000000.0,16.9,65.26,0.88%,2812089.0,0,1,0,0,0,0,0,0,0,0,0,0,0,0,0,0,0,0,0,0,0,0,0,0,0,0,0,0,1,0,1
SBA,Empire State Realty OP LP,Real Estate,REIT - Office,USA,1200000000.0,238.89,4.3,0.00%,388.0,0,0,0,0,0,0,0,0,1,0,0,0,0,0,0,0,0,0,0,0,0,0,0,0,0,0,0,0,1,0,1
SBG,"First Trust Enhanced Stocks, Bonds & Gold ETF",Financial,Exchange Traded Fund,USA,,,20.86,1.02%,44.0,0,1,0,0,0,0,0,0,0,0,0,0,0,0,0,0,0,0,0,0,1,0,0,0,0,0,0,0,2,0,2
SEA,Euroseas Ltd,Industrials,Marine Shipping,Greece,474840000.0,3.72,72.22,-1.14%,38337.0,0,0,0,-1,0,0,0,0,0,0,0,0,0,0,0,0,0,1,0,0,0,0,0,0,0,0,0,0,1,1,2
SGG,Northern Trust STOXX Global ESG Select ETF,Financial,Exchange Traded Fund,USA,,,240.97,0.60%,1348.0,0,0,0,0,0,0,0,0,0,0,0,0,0,0,0,0,0,0,0,0,0,0,0,0,-1,0,0,0,0,1,1
SGU,iShares Trust iShares ESG Aware MSCI USA ETF,Financial,Exchange Traded Fund,USA,,,170.65,0.63%,283755.0,0,0,0,0,0,0,0,0,0,0,1,0,0,0,0,0,0,0,0,0,0,0,0,0,0,0,0,0,1,0,1
SI,Element Solutions Inc,Basic Materials,Specialty Chemicals,USA,9200000000.0,51.42,37.74,0.53%,1948625.0,0,0,0,0,0,0,0,0,1,0,0,0,0,0,0,0,0,0,0,0,0,0,0,0,0,0,0,0,1,0,1
SIM,Eventide International ETF,Financial,Exchange Traded Fund,USA,,,28.94,0.29%,4805.0,0,0,0,0,0,0,0,0,1,0,0,0,0,0,0,0,0,0,0,0,0,0,0,0,0,0,0,0,1,0,1
SLG,Eventide Large Cap Growth ETF,Financial,Exchange Traded Fund,USA,,,29.17,0.99%,3041.0,0,0,0,-1,0,0,0,0,0,0,0,0,0,0,0,0,0,0,0,0,0,0,0,0,0,0,0,0,0,1,1
SLT,Elbit Systems Ltd,Industrials,Aerospace & Defense,Israel,32380000000.000004,52.09,691.1,-2.58%,96535.0,0,0,0,0,0,1,0,0,1,1,0,0,0,0,0,0,0,0,0,0,0,0,0,0,0,0,0,0,3,0,3
SN,Essential 40 Stock ETF,Financial,Exchange Traded Fund,USA,,,20.52,0.39%,156072.0,0,0,0,-1,0,0,0,0,0,0,0,0,0,0,0,0,0,1,0,0,0,0,0,0,0,0,0,0,1,1,2
SOA,Energy Services of America Corp,Industrials,Engineering & Construction,USA,211030000.0,18.7,11.31,2.82%,171004.0,0,0,0,0,0,0,0,0,0,0,0,0,0,0,0,0,0,0,0,0,0,0,-1,0,0,0,0,0,0,1,1
SPO,VanEck Video Gaming and eSports ETF,Financial,Exchange Traded Fund,USA,,,97.64,-0.59%,5830.0,0,0,0,0,0,0,0,0,0,0,1,0,0,0,0,0,0,0,0,0,0,0,0,0,0,0,0,0,1,0,1
SQ,Esquire Financial Holdings Inc,Financial,Banks - Regional,USA,1410000000.0,19.23,116.44,-1.34%,149619.0,0,0,0,0,0,0,0,0,1,0,0,0,0,0,0,0,0,0,0,0,0,0,0,0,0,0,0,0,1,0,1
SRT,Empire State Realty Trust Inc,Real Estate,REIT - Diversified,USA,766980000.0,246.11,4.43,4.73%,5663632.0,0,1,0,0,0,0,0,0,0,0,0,0,0,0,0,0,0,0,0,0,0,0,0,0,0,0,0,0,1,0,1
T,Energy Transfer LP,Energy,Oil & Gas Midstream,USA,71410000000.0,14.21,20.74,0.10%,4203024.0,0,0,0,-1,0,0,0,0,0,0,0,0,0,0,0,0,0,0,0,0,0,0,0,0,0,0,0,0,0,1,1
TB,Eaton Vance Tax-Managed Buy-Write Income Fund,Financial,Closed-End Fund - Equity,USA,454720000.0,,15.48,0.58%,41138.0,0,1,0,-1,0,0,0,-1,0,0,0,0,0,0,0,0,0,0,0,0,0,0,0,0,0,0,0,0,1,2,3
TEC,iShares Breakthrough Environmental Solutions ETF,Financial,Exchange Traded Fund,USA,,,24.86,0.82%,953.0,0,0,0,0,0,0,0,0,1,0,0,0,0,0,0,0,0,0,0,0,0,0,0,0,0,0,0,0,1,0,1
TG,Eaton Vance Tax-Advantaged Global Dividend Income Fund,Financial,Closed-End Fund - Equity,USA,1770000000.0,,23.16,0.70%,76982.0,0,1,0,0,0,0,0,0,0,0,0,0,0,0,0,0,0,0,0,0,0,0,0,0,0,0,0,0,1,0,1
TJ,Eaton Vance Risk-Managed Diversified Equity Income Fund,Financial,Closed-End Fund - Equity,USA,550530000.0,,8.18,0.49%,230614.0,0,1,0,-1,0,0,0,0,1,0,0,0,0,0,0,0,0,0,0,0,0,0,0,0,0,0,0,0,2,1,3
TV,Eaton Vance Tax-Managed Buy-Write Opportunities Fund,Financial,Closed-End Fund - Equity,USA,1740000000.0,,14.93,0.47%,221345.0,0,0,0,0,0,0,0,-1,0,0,0,0,0,0,0,0,0,0,0,0,0,0,0,0,0,0,0,0,0,1,1
U,enCore Energy Corp,Energy,Uranium,USA,221480000.0,,1.14,6.54%,3243113.0,0,0,0,0,0,1,0,0,1,0,0,0,0,0,0,0,0,0,0,0,0,0,0,0,0,0,0,0,2,0,2
UHY,iShares Euro High Yield Corporate Bond USD Hedged ETF,Financial,Exchange Traded Fund,USA,,,52.13,0.58%,92438.0,0,0,0,0,0,0,0,0,0,0,0,0,0,0,0,0,0,0,0,0,1,0,0,1,0,0,0,0,2,0,2
UM,ProShares Short MSCI Emerging Markets -1x Shares,Financial,Exchange Traded Fund,USA,,,15.37,0.65%,45857.0,0,0,0,0,0,0,0,0,0,0,0,0,0,0,0,1,0,0,0,0,0,0,0,0,0,0,0,0,1,0,1
UO,ProShares UltraShort Euro -2X Shares,Financial,Exchange Traded Fund,USA,,,32.04,-0.68%,38431.0,0,0,0,0,0,0,0,-1,0,0,0,0,0,0,0,0,0,0,0,0,0,0,0,0,0,0,0,0,0,1,1
URK,Eureka Acquisition Corp,Financial,Shell Companies,Hong Kong,25020000.0,313.35,11.5,0.00%,46.0,0,0,0,0,0,0,0,0,0,0,0,0,0,0,0,0,0,0,0,0,0,0,-1,0,0,0,0,0,0,1,1
VAX,Evaxion A/S ADR,Healthcare,Biotechnology,Denmark,26350000.0,,3.16,0.32%,35874.0,0,0,0,0,0,0,0,0,0,0,0,0,-1,0,0,0,0,0,0,0,0,0,0,0,0,0,0,0,0,1,1
VCM,EverCommerce Inc,Technology,Software - Application,USA,1640000000.0,47.78,9.27,2.21%,89834.0,0,1,0,0,0,0,0,0,1,0,0,0,0,0,0,0,0,0,0,0,0,0,0,0,0,0,0,0,2,0,2
VEX,Eve Holding Inc,Industrials,Aerospace & Defense,USA,595910000.0,,1.71,0.59%,773959.0,0,0,0,0,0,0,0,0,1,1,0,0,0,0,0,0,0,0,0,0,0,0,0,0,0,0,0,0,2,0,2
VG,Eaton Vance Short Duration Diversified Income Fund,Financial,Closed-End Fund - Debt,USA,135780000.0,,10.09,1.10%,60831.0,0,0,0,-1,0,0,0,0,0,0,0,0,0,0,0,0,0,0,0,0,0,0,0,0,0,0,0,0,0,1,1
VGO,EVgo Inc,Consumer Cyclical,Specialty Retail,USA,415160000.0,,1.32,-2.22%,2019176.0,0,0,0,0,0,0,0,0,1,0,0,0,0,0,0,0,0,0,0,0,0,0,0,0,0,0,0,0,1,0,1
VHY,Eaton Vance High Yield ETF,Financial,Exchange Traded Fund,USA,,,50.77,0.34%,617.0,0,0,0,-1,0,0,0,0,0,0,0,0,0,0,0,0,0,0,0,0,0,0,0,0,0,0,0,0,0,1,1
VLN,Eaton Vance Floating-Rate ETF,Financial,Exchange Traded Fund,USA,,,48.29,-0.08%,70386.0,0,0,0,0,0,0,0,0,0,0,1,0,0,0,0,0,0,0,0,0,0,0,0,0,0,0,0,0,1,0,1
VMT,Invesco Electric Vehicle Metals Commodity Strategy No K-1 ETF,Financial,Exchange Traded Fund,USA,,,17.37,0.26%,301.0,0,0,0,0,0,0,0,0,0,0,1,1,0,0,0,1,0,0,0,0,0,0,0,0,0,0,0,0,3,0,3
VO,Evotec SE ADR,Healthcare,Drug Manufacturers - Specialty & Generic,Germany,578940000.0,,1.63,-1.81%,195008.0,0,0,0,-1,0,0,0,0,1,0,0,0,0,0,0,0,0,0,0,0,0,0,0,0,0,0,0,0,1,1,2
VSB,Eaton Vance Ultra-Short Income ETF,Financial,Exchange Traded Fund,USA,,,50.65,0.03%,49325.0,0,1,0,0,0,0,0,0,0,0,0,0,0,0,0,0,0,0,0,0,0,0,0,0,0,0,0,0,1,0,1
VTC,Evertec Inc,Technology,Software - Infrastructure,USA,1740000000.0,18.96,29.05,-0.24%,425692.0,0,0,0,0,0,0,0,0,0,0,0,0,0,0,0,0,0,0,0,0,0,0,0,0,0,0,0,1,1,0,1
VTR,Eaton Vance Total Return Bond ETF,Financial,Exchange Traded Fund,USA,,,48.27,0.27%,772742.0,0,0,0,0,0,1,0,0,1,1,0,0,0,0,0,0,0,0,0,0,0,0,0,0,0,0,0,0,3,0,3
W,Edwards Lifesciences Corp,Healthcare,Medical Devices,USA,49850000000.0,51.32,86.48,-0.86%,3383231.0,0,0,0,0,0,1,0,0,0,0,0,0,0,0,0,1,0,0,0,0,0,0,0,0,0,0,0,0,2,0,2
WA,iShares MSCI Australia ETF,Financial,Exchange Traded Fund,USA,,,28.55,0.42%,2512533.0,0,1,0,-1,0,0,0,0,0,0,1,1,0,0,0,0,0,0,0,0,0,0,0,0,0,0,0,0,3,1,4
WBC,East West Bancorp Inc,Financial,Banks - Regional,USA,17420000000.0,12.21,127.12,0.22%,1023427.0,0,0,0,0,0,0,0,0,0,0,0,0,0,0,0,0,0,0,0,0,0,0,0,0,-1,0,0,0,0,1,1
WD,iShares MSCI Sweden ETF,Financial,Exchange Traded Fund,USA,,,50.35,0.58%,169192.0,0,0,0,0,0,0,0,0,0,0,1,1,0,0,0,0,0,0,0,0,0,0,0,0,0,0,0,0,2,0,2
WJ,iShares MSCI Japan ETF,Financial,Exchange Traded Fund,USA,,,99.32,0.02%,3544112.0,0,0,0,0,0,0,0,-1,0,0,0,0,0,0,0,0,0,0,0,0,0,0,0,0,0,0,0,0,0,1,1
WK,iShares MSCI Belgium ETF,Financial,Exchange Traded Fund,USA,,,25.58,1.59%,147738.0,0,0,0,0,0,0,0,0,0,0,1,0,0,0,0,0,0,0,0,0,0,0,0,0,0,0,0,0,1,0,1
WN,iShares MSCI Netherlands ETF,Financial,Exchange Traded Fund,USA,,,68.12,0.61%,262627.0,0,1,0,0,0,0,0,0,0,0,0,0,0,0,0,0,0,0,0,0,0,0,0,0,0,0,0,0,1,0,1
WT,iShares MSCI Taiwan ETF,Financial,Exchange Traded Fund,USA,,,117.61,-0.33%,2912652.0,0,0,0,0,0,0,0,0,0,0,1,0,0,0,0,0,0,0,0,0,0,0,0,0,0,0,0,0,1,0,1
WTX,Edgewise Therapeutics Inc,Healthcare,Biotechnology,USA,4350000000.0,,40.02,-0.69%,1624861.0,0,0,0,0,0,1,0,0,0,0,0,0,0,0,0,0,0,0,0,0,0,0,0,0,0,0,0,0,1,0,1
WV,ProShares UltraShort MSCI Japan -2x Shares,Financial,Exchange Traded Fund,USA,,,15.28,-0.14%,4531.0,0,0,0,0,0,0,0,0,1,0,0,0,0,0,0,0,0,0,0,0,0,0,0,0,0,0,0,0,1,0,1
WW,iShares MSCI Mexico ETF,Financial,Exchange Traded Fund,USA,,,72.69,1.14%,874328.0,0,0,0,0,0,0,0,0,0,0,0,0,-1,-1,0,0,0,0,0,0,0,0,0,0,0,0,0,0,0,2,2
WX,State Street SPDR S&P Emerging Markets Small Cap ETF,Financial,Exchange Traded Fund,USA,,,72.09,0.35%,11823.0,0,0,0,0,0,0,0,0,0,0,0,0,0,0,0,0,0,0,0,0,0,0,0,0,0,0,-1,0,0,1,1
WZS,iShares MSCI Brazil Small-Cap ETF,Financial,Exchange Traded Fund,USA,,,15.96,1.46%,1431742.0,0,0,0,0,0,0,0,0,0,0,0,0,0,0,0,0,0,0,0,0,0,0,0,0,0,0,0,1,1,0,1
XE,Expand Energy Corp,Energy,Oil & Gas E&P,USA,20430000000.0,7.62,88.23,2.08%,2173085.0,0,1,0,0,0,0,0,0,0,0,0,0,0,0,0,0,0,0,0,0,0,0,0,0,0,0,0,0,1,0,1
XK,Endeavour Silver Corp,Basic Materials,Silver,Canada,2570000000.0,48.96,8.67,0.81%,4932778.0,0,0,0,0,0,0,0,0,1,0,0,0,0,0,0,0,0,0,0,0,0,0,0,0,0,0,0,0,1,0,1
XOZ,eXoZymes Inc,Healthcare,Biotechnology,USA,51230000.0,,5.52,0.00%,1832.0,0,0,0,0,0,0,0,0,1,0,0,0,0,0,0,0,0,0,0,0,0,0,0,0,0,0,0,0,1,0,1
XP,Eagle Materials Inc,Basic Materials,Building Materials,USA,5260000000.0,13.57,171.54,1.01%,429532.0,0,0,0,0,0,0,0,0,0,0,1,0,0,0,0,0,0,0,0,0,0,0,0,0,0,0,0,0,1,0,1
XPD,Expeditors International Of Washington Inc,Industrials,Integrated Freight & Logistics,USA,24930000000.0,27.91,191.8,-1.20%,781573.0,0,0,0,0,0,0,0,-1,0,0,0,0,0,0,0,0,0,0,0,0,0,0,0,0,0,0,0,0,0,1,1
YLD,Cambria Emerging Shareholder Yield ETF,Financial,Exchange Traded Fund,USA,,,48.61,0.19%,100220.0,0,1,0,0,0,0,0,0,0,0,1,0,0,0,0,0,0,0,0,0,0,0,-1,0,0,0,0,0,2,1,3
ZJ,ProShares Ultra MSCI Japan 2x Shares,Financial,Exchange Traded Fund,USA,,,71.53,0.14%,1691.0,0,1,0,-1,0,0,0,0,0,0,1,1,0,0,0,0,0,0,0,0,0,0,0,0,0,0,0,0,3,1,4
AAA,Fidelity AAA CLO ETF,Financial,Exchange Traded Fund,USA,,,50.31,0.11%,103814.0,0,0,0,-1,0,0,0,0,0,0,0,0,0,0,0,0,0,1,0,0,0,0,0,0,0,0,0,0,1,1,2
AD,First Trust Multi Cap Growth AlphaDEX Fund,Financial,Exchange Traded Fund,USA,,,185.82,0.25%,7813.0,0,0,0,0,0,0,0,0,1,1,0,0,0,0,0,0,0,0,0,0,0,0,0,0,0,0,0,0,2,0,2
AN,First Trust Global Wind Energy ETF,Financial,Exchange Traded Fund,USA,,,22.6,0.59%,14311.0,0,0,0,0,0,0,0,0,0,0,0,0,-1,-1,0,0,0,0,0,0,0,0,0,0,0,0,0,0,0,2,2
ANG,Diamondback Energy Inc,Energy,Oil & Gas E&P,USA,51800000000.0,35.84,184.98,0.49%,3223617.0,0,1,0,0,0,0,0,0,0,0,0,0,0,0,0,0,0,0,0,0,0,0,0,0,-1,0,0,0,1,1,2
AUG,FT Vest U.S. Equity Buffer ETF - August,Financial,Exchange Traded Fund,USA,,,58.45,0.57%,14891.0,0,0,0,0,0,0,0,0,0,0,1,0,0,0,0,0,0,0,0,0,0,0,0,0,0,0,0,0,1,0,1
AX,abrdn Asia-Pacific Income Fund Inc,Financial,Closed-End Fund - Debt,USA,530890000.0,,12.86,1.50%,190602.0,0,0,0,0,0,0,0,0,1,0,0,0,0,0,0,0,0,0,0,0,0,0,0,0,0,0,0,0,1,0,1
B,ProShares S&P 500 Dynamic Buffer ETF,Financial,Exchange Traded Fund,USA,,,45.88,0.16%,1077.0,0,0,0,0,0,1,0,0,0,0,0,0,0,0,0,0,0,0,0,0,0,0,0,0,0,0,0,0,1,0,1
BDC,FT Confluence BDC & Specialty Finance Income ETF,Financial,Exchange Traded Fund,USA,,,16.56,-0.72%,21509.0,0,0,0,0,0,0,0,0,0,0,0,0,-1,0,0,0,0,0,0,0,0,0,0,0,0,1,0,0,1,1,2
BGL,FBS Global Ltd,Industrials,Engineering & Construction,USA,4800000.0,,3.56,0.28%,14173.0,0,0,0,0,0,0,0,0,0,0,0,0,-1,0,0,0,0,0,0,0,0,0,0,0,0,0,0,0,0,1,1
BIZ,First Business Financial Services Inc,Financial,Banks - Regional,USA,591730000.0,10.78,70.71,0.10%,72919.0,0,0,0,0,0,0,0,0,0,0,1,0,0,0,0,0,0,0,0,0,0,0,-1,0,0,0,0,0,1,1,2
BL,GraniteShares 2x Long META Daily ETF,Financial,Exchange Traded Fund,USA,,,32.94,-0.78%,289865.0,0,0,0,0,0,0,0,0,0,0,0,0,0,0,0,0,0,0,0,0,0,0,0,0,0,1,0,0,1,0,1
BOT,Fidelity Disruptive Automation ETF,Financial,Exchange Traded Fund,USA,,,40.23,0.38%,6028.0,0,0,0,0,0,0,0,-1,0,0,0,0,0,0,0,0,0,0,0,0,0,0,0,0,0,0,0,0,0,1,1
BRT,Franklin BSP Realty Trust Inc,Real Estate,REIT - Mortgage,USA,509900000.0,13.96,6.14,-0.49%,948399.0,0,0,0,0,0,0,0,0,0,0,0,0,0,0,0,0,0,0,0,-1,0,0,0,0,0,0,0,0,0,1,1
BT,First Trust NYSE Arca Biotechnology Index Fund,Financial,Exchange Traded Fund,USA,,,264.97,-2.20%,71537.0,0,0,0,0,0,0,0,0,0,0,1,0,0,0,0,0,0,0,0,0,0,0,-1,0,0,0,0,0,1,1,2
BY,YieldMax META Option Income Strategy ETF,Financial,Exchange Traded Fund,USA,,,9.63,-0.31%,152502.0,0,0,0,0,0,0,0,0,0,0,0,0,0,0,0,0,0,0,0,-1,0,0,0,0,0,0,0,0,0,1,1
BYD,Falcon's Beyond Global Inc,Industrials,Conglomerates,USA,1060000000.0,,8.77,7.61%,68075.0,0,0,0,0,0,0,0,0,0,0,1,0,0,0,0,0,0,0,0,0,0,0,0,0,0,0,0,0,1,0,1
C,Franklin Covey Co,Consumer Defensive,Education & Training Services,USA,197080000.0,103.44,17.45,0.58%,31285.0,0,0,0,0,0,0,0,0,0,0,0,0,0,0,0,0,0,0,0,0,0,0,0,0,0,0,-1,0,0,1,1
CBC,First Community Bankshares Inc,Financial,Banks - Regional,USA,903730000.0,15.11,47.79,-0.19%,69240.0,0,0,0,0,0,0,0,0,0,0,0,0,0,0,0,0,0,1,0,0,0,0,0,0,0,0,0,0,1,0,1
CFY,First Trust S&P 500 Diversified Free Cash Flow ETF,Financial,Exchange Traded Fund,USA,,,29.26,0.36%,35.0,0,0,0,0,0,0,0,-1,0,0,0,0,0,0,0,0,0,0,0,0,0,0,0,0,0,0,0,0,0,1,1
CLO,Fidelity CLO ETF,Financial,Exchange Traded Fund,USA,,,50.44,0.08%,6767.0,0,0,0,0,0,1,0,0,0,0,0,0,0,0,0,0,0,0,0,0,0,0,0,0,0,0,0,0,1,0,1
CN,FTI Consulting Inc,Industrials,Consulting Services,USA,3800000000.0,16.64,137.61,-0.30%,387199.0,0,0,0,0,0,1,0,0,1,1,0,0,0,0,0,0,0,0,0,0,0,0,0,0,0,0,0,0,3,0,3
CPI,Fidelity Stocks for Inflation ETF,Financial,Exchange Traded Fund,USA,,,57.11,0.20%,11263.0,0,0,0,-1,0,0,0,0,0,0,0,0,0,0,0,0,0,0,0,0,0,0,0,0,0,0,0,0,0,1,1
CVT,First Trust SSI Strategic Convertible Securities ETF,Financial,Exchange Traded Fund,USA,,,50.02,0.53%,2420.0,0,0,0,0,0,0,0,0,0,0,0,0,0,0,0,1,0,0,0,0,0,0,0,0,0,0,0,0,1,0,1
DAT,Tactical Advantage ETF,Financial,Exchange Traded Fund,USA,,,22.45,0.38%,494.0,0,1,0,0,0,0,0,0,0,0,0,0,0,0,0,0,0,0,0,0,0,0,0,0,0,0,0,0,1,0,1
DBC,Fidelity D&D Bancorp Inc,Financial,Banks - Regional,USA,322140000.0,10.57,55.46,0.65%,7875.0,0,0,0,0,0,0,0,-1,0,0,0,0,0,0,0,0,0,0,0,0,0,0,0,0,0,0,0,0,0,1,1
DCF,Fidelity Disruptive Communications ETF,Financial,Exchange Traded Fund,USA,,,52.78,0.18%,5133.0,0,0,0,0,0,0,0,0,0,0,1,1,0,0,0,0,0,0,0,0,0,0,0,0,0,0,0,0,2,0,2
DFF,Fidelity Disruptive Finance ETF,Financial,Exchange Traded Fund,USA,,,35.03,0.15%,773.0,0,0,0,0,0,0,0,0,0,0,0,0,0,0,0,0,0,1,0,0,0,0,0,0,0,0,0,0,1,0,1
DHY,Fidelity Enhanced High Yield ETF,Financial,Exchange Traded Fund,USA,,,47.76,0.29%,114444.0,0,0,0,-1,0,0,0,0,0,0,0,0,0,0,0,0,0,0,0,0,0,0,0,0,0,0,0,0,0,1,1
DIF,Fidelity Disruptors ETF,Financial,Exchange Traded Fund,USA,,,42.47,-0.63%,5267.0,0,0,0,0,0,0,0,-1,0,0,0,0,0,0,0,0,0,0,0,0,0,0,0,0,0,0,0,0,0,1,1
DIQ,Invesco Bloomberg Financial Data Providers ETF,Financial,Exchange Traded Fund,USA,,,68.49,0.30%,566.0,0,0,0,0,0,0,0,0,0,0,0,0,0,0,0,0,0,0,0,0,0,0,-1,0,0,0,0,0,0,1,1
DN,First Trust Dow Jones Internet Index Fund,Financial,Exchange Traded Fund,USA,,,296.8,1.01%,92645.0,0,0,0,0,0,0,0,-1,0,0,0,0,0,0,0,0,0,0,0,0,0,0,0,0,0,0,0,0,0,1,1
DND,FT Vest Dow Jones Internet & Target Income ETF,Financial,Exchange Traded Fund,USA,,,22.96,1.05%,8309.0,0,0,0,0,0,0,0,0,0,0,1,0,0,0,0,0,0,0,0,0,0,0,0,0,-1,0,0,0,1,1,2
DRR,Fidelity Dividend ETF for Rising Rates,Financial,Exchange Traded Fund,USA,,,69.42,0.95%,53227.0,0,0,0,0,0,0,0,0,0,0,0,0,0,0,0,0,0,0,0,0,0,0,0,0,-1,0,0,0,0,1,1
DRS,Founder-Led ETF,Financial,Exchange Traded Fund,USA,,,26.79,1.29%,437885.0,0,0,0,0,0,0,0,0,0,0,1,0,0,0,0,0,0,0,0,0,0,0,0,0,0,0,0,0,1,0,1
DRX,Founder-Led 2X Daily ETF,Financial,Exchange Traded Fund,USA,,,26.48,1.95%,7.0,0,0,0,0,0,0,0,0,0,0,1,0,0,0,0,0,0,0,0,0,0,0,0,0,0,0,0,0,1,0,1
DSB,Fifth District Bancorp Inc,Financial,Banks - Regional,USA,91460000.0,53.69,17.47,0.81%,6203.0,0,0,0,0,0,0,0,-1,0,0,0,0,0,0,0,0,0,0,0,0,0,0,0,0,0,0,0,0,0,1,1
DTS,First Trust Developed Markets ex-US Small Cap AlphaDEX Fund,Financial,Exchange Traded Fund,USA,,,72.19,0.30%,2710.0,0,1,0,0,0,0,0,0,0,0,1,0,0,0,0,0,0,0,0,0,1,0,0,0,0,0,0,0,3,0,3
E,Firstenergy Corp,Utilities,Utilities - Regulated Electric,USA,25610000000.0,23.62,44.26,1.42%,3596678.0,0,0,0,0,0,0,0,0,1,0,0,0,0,0,0,0,0,0,0,0,0,0,0,0,0,0,0,0,1,0,1
EAC,Fidelity Enhanced U.S. All-Cap Equity ETF,Financial,Exchange Traded Fund,USA,,,33.56,0.41%,410.0,0,0,0,0,0,0,0,0,0,0,0,0,0,0,0,1,0,0,0,0,0,0,0,0,0,0,0,0,1,0,1
EAM,5E Advanced Materials Inc,Basic Materials,Specialty Chemicals,USA,156600000.0,,3.76,-4.08%,829681.0,0,0,0,0,0,0,0,0,0,0,1,0,0,0,0,0,0,0,0,0,0,0,0,0,0,0,0,0,1,0,1
EBO,Fenbo Holdings Ltd,Technology,Consumer Electronics,Hong Kong,2310000.0,,0.75,4.54%,17416.0,0,0,0,0,0,1,0,0,0,0,0,0,0,0,0,0,0,0,0,0,0,0,0,0,0,0,0,0,1,0,1
EBT,AllianzIM U.S. Equity Buffer10 Feb ETF,Financial,Exchange Traded Fund,USA,,,42.67,0.25%,9492.0,0,0,0,0,0,0,0,-1,0,0,0,0,0,0,0,0,0,0,0,0,0,0,0,0,0,0,0,0,0,1,1
EDU,Four Seasons Education (Cayman) Inc ADR,Consumer Defensive,Education & Training Services,China,23500000.0,5.5,10.4,5.26%,27012.0,0,0,0,0,0,0,0,0,1,0,0,0,0,0,0,0,0,0,0,0,0,0,0,0,0,0,0,0,1,0,1
EIG,Northern Trust ESG & Climate Investment Grade Corporate Core ETF,Financial,Exchange Traded Fund,USA,,,38.63,0.27%,287.0,0,0,0,0,0,0,0,0,1,0,0,0,0,0,0,0,0,0,0,0,0,0,0,0,0,0,0,0,1,0,1
ELC,Fidelity Enhanced Large Cap Core ETF,Financial,Exchange Traded Fund,USA,,,44.22,0.50%,963986.0,0,0,0,0,0,0,0,0,0,0,1,0,0,0,0,0,0,0,0,0,0,0,0,0,0,0,0,0,1,0,1
ELG,Fidelity Enhanced Large Cap Growth ETF,Financial,Exchange Traded Fund,USA,,,46.38,0.50%,409590.0,0,0,0,0,0,0,0,-1,0,0,0,0,0,0,0,0,0,0,0,0,0,0,0,0,0,0,0,0,0,1,1
EM,First Trust Emerging Markets AlphaDEX Fund,Financial,Exchange Traded Fund,USA,,,33.35,0.14%,102598.0,0,0,0,0,0,0,0,0,0,0,1,0,0,0,0,0,0,0,0,0,0,0,0,0,-1,0,0,0,1,1,2
EMB,First Trust Emerging Markets Local Currency Bond ETF,Financial,Exchange Traded Fund,USA,,,28.86,0.93%,34872.0,0,0,0,0,0,0,0,0,0,0,0,0,0,0,0,0,0,0,0,0,0,0,0,1,0,0,0,0,1,0,1
ENG,Phoenix New Media Ltd ADR,Communication Services,Internet Content & Information,China,7610000.0,3.99,1.41,-1.40%,751.0,0,0,0,0,0,0,0,0,1,0,0,0,0,0,0,0,0,0,0,0,0,0,0,0,0,0,0,0,1,0,1
EP,First Trust Europe AlphaDEX Fund,Financial,Exchange Traded Fund,USA,,,56.12,0.40%,68006.0,0,0,0,-1,0,0,0,-1,0,0,0,0,0,0,0,0,0,0,0,0,0,0,0,0,0,0,0,0,0,2,2
EPI,REX FANG & Innovation Equity Premium Income ETF,Financial,Exchange Traded Fund,USA,,,43.66,0.49%,259290.0,0,0,0,0,0,0,0,0,0,0,0,0,0,0,0,0,0,0,0,0,0,0,0,1,0,0,0,0,1,0,1
EUZ,First Trust Eurozone AlphaDEX ETF,Financial,Exchange Traded Fund,USA,,,63.54,0.33%,1438.0,0,0,0,0,0,0,0,0,0,0,0,0,0,0,0,0,0,0,0,0,0,0,0,0,-1,0,0,0,0,1,1
FA,First Trust Enhanced Equity Income Fund,Financial,Closed-End Fund - Equity,USA,444730000.0,,22.25,0.63%,41553.0,0,0,0,0,0,0,0,-1,0,0,0,0,0,0,0,0,0,0,0,0,0,0,0,0,0,0,0,0,0,1,1
FEM,Fidelity Fundamental Emerging Markets ETF,Financial,Exchange Traded Fund,USA,,,42.75,-0.76%,10552.0,0,0,0,0,0,0,0,0,0,0,0,0,0,0,0,1,0,0,0,0,0,0,0,0,0,0,0,0,1,0,1
FGX,Fidelity Fundamental Global ex-U.S. ETF,Financial,Exchange Traded Fund,USA,,,34.24,-0.26%,6383.0,0,0,0,0,0,0,0,-1,0,0,0,0,0,0,0,0,0,0,0,0,0,0,0,0,0,0,0,0,0,1,1
FIU,UVA Unconstrained Medium-Term Fixed Income ETF,Financial,Exchange Traded Fund,USA,,,20.46,0.12%,20.0,0,0,0,0,0,1,0,0,1,0,0,0,0,0,0,0,0,0,0,-1,0,0,0,0,0,0,0,0,2,1,3
FLC,Fidelity Fundamental Large Cap Core ETF,Financial,Exchange Traded Fund,USA,,,59.99,0.18%,112387.0,0,0,0,-1,0,0,0,0,0,0,0,0,0,0,0,0,0,0,0,0,0,0,0,0,0,0,0,0,0,1,1
GBI,First Guaranty Bancshares Inc,Financial,Banks - Regional,USA,140580000.0,,8.5,-2.30%,15765.0,0,0,0,0,0,0,0,0,1,0,0,0,0,0,0,0,0,0,0,0,0,0,0,0,0,0,0,0,1,0,1
GC,FG Communities Holdings Inc,Financial,Asset Management,USA,32759999.999999996,,6.96,1.24%,47485.0,0,0,0,0,0,0,0,0,0,0,0,0,0,0,0,0,0,0,0,0,1,0,0,1,0,0,0,0,2,0,2
GI,FGI Industries Ltd,Consumer Cyclical,"Furnishings, Fixtures & Appliances",USA,14810000.0,,7.67,1.25%,17309.0,0,0,0,0,0,0,0,0,0,0,1,0,0,0,0,0,0,0,0,0,0,0,-1,0,0,0,0,0,1,1,2
GM,First Trust Germany AlphaDEX Fund,Financial,Exchange Traded Fund,USA,,,58.39,0.39%,482.0,0,0,0,0,0,0,0,0,0,0,0,0,0,0,0,1,0,0,0,0,0,0,0,0,0,0,0,0,1,0,1
GRU,T-REX 2X Long FIGR Daily Target ETF,Financial,Exchange Traded Fund,USA,,,6.75,-3.71%,233350.0,0,0,0,0,0,0,0,0,1,0,0,0,0,0,0,0,0,0,0,0,0,0,0,0,0,0,0,0,1,0,1
HDG,FT Vest U.S. Equity Quarterly Dynamic Buffer ETF,Financial,Exchange Traded Fund,USA,,,37.55,0.28%,1667.0,0,0,0,0,0,0,0,-1,0,0,0,0,0,0,0,0,0,0,0,0,0,0,0,0,0,0,0,0,0,1,1
HEQ,Fidelity Hedged Equity ETF,Financial,Exchange Traded Fund,USA,,,34.1,0.29%,70307.0,0,0,0,-1,0,0,0,0,0,0,0,0,0,0,0,0,0,0,0,0,0,0,0,0,0,0,0,0,0,1,1
HN,First Horizon Corp,Financial,Banks - Regional,USA,11060000000.0,11.21,23.34,-0.09%,5259848.0,0,0,0,0,0,0,0,0,0,0,1,0,0,0,0,0,0,0,0,0,0,0,0,0,0,0,0,0,1,0,1
IAT,YieldMax Short COIN Option Income Strategy ETF,Financial,Exchange Traded Fund,USA,,,15.42,1.51%,38479.0,0,1,0,0,0,0,0,0,1,1,0,0,0,0,0,0,0,0,0,0,0,0,0,0,0,0,0,0,3,0,3
IAX,Nicholas Fixed Income Alternative ETF,Financial,Exchange Traded Fund,USA,,,17.04,-0.05%,7013.0,0,0,0,-1,0,0,0,0,0,0,0,0,0,0,0,0,0,0,0,0,0,0,0,0,0,0,0,0,0,1,1
IEE,FiEE Inc,Technology,Communication Equipment,Hong Kong,30700000.0,9.71,3.6,-2.44%,1654.0,0,0,0,0,0,0,0,0,1,0,0,0,0,0,0,0,0,0,0,0,0,0,0,0,0,0,0,0,1,0,1
IG,Figma Inc,Technology,Software - Application,USA,11690000000.0,,21.93,-0.36%,6759921.0,0,0,0,0,0,0,0,0,0,0,0,0,0,0,0,0,0,0,0,0,0,0,0,1,0,0,0,0,1,0,1
IGB,Fidelity Investment Grade Bond ETF,Financial,Exchange Traded Fund,USA,,,40.76,0.07%,733326.0,0,0,0,0,0,0,0,0,0,0,0,0,0,0,0,0,0,0,0,-1,0,0,0,0,0,0,0,0,0,1,1
IGR,Figure Technology Solutions Inc,Financial,Capital Markets,USA,6140000000.0,32.29,27.35,-2.11%,3029795.0,0,0,0,0,0,0,0,0,0,0,0,0,-1,0,0,0,0,0,0,0,0,0,0,0,0,0,0,0,0,1,1
INT,Frontier Asset Total International Equity ETF,Financial,Exchange Traded Fund,USA,,,36.42,-0.07%,3324.0,0,0,0,-1,0,0,0,0,0,0,0,0,0,0,0,0,0,0,0,0,0,0,0,0,0,0,0,0,0,1,1
IP,FTAI Infrastructure Inc,Industrials,Conglomerates,USA,315540000.0,,2.67,-1.48%,806056.0,0,0,0,0,0,0,0,0,1,0,0,0,0,0,0,0,0,0,0,0,0,0,0,0,0,0,0,0,1,0,1
IVN,Five9 Inc,Technology,Software - Infrastructure,USA,2490000000.0,48.59,33.29,-3.14%,2304919.0,0,0,0,0,0,0,0,-1,0,0,0,0,0,0,0,0,0,0,0,0,0,0,0,0,0,0,0,0,0,1,1
IX,Comfort Systems USA Inc,Industrials,Engineering & Construction,USA,63980000000.0,44.73,1817.96,6.12%,445542.0,0,0,0,0,0,0,0,0,0,0,0,0,0,0,0,1,0,0,0,0,0,0,0,0,0,0,0,0,1,0,1
JP,First Trust Japan AlphaDEX Fund,Financial,Exchange Traded Fund,USA,,,79.58,0.01%,16006.0,0,0,0,0,0,0,0,0,0,0,1,0,0,0,0,0,0,0,0,0,0,0,0,0,0,0,0,0,1,0,1
JUN,FT Vest U.S. Equity Buffer ETF - June,Financial,Exchange Traded Fund,USA,,,61.99,0.39%,14182.0,0,0,0,0,0,0,0,-1,0,0,0,0,0,0,0,0,0,0,0,0,0,0,0,0,0,0,0,0,0,1,1
LBL,Franklin Senior Loan ETF,Financial,Exchange Traded Fund,USA,,,22.8,-0.02%,145905.0,0,0,0,0,0,0,0,0,0,0,1,1,0,0,0,0,0,0,0,0,0,0,0,0,0,0,0,0,2,0,2
LBR,Franklin FTSE Brazil ETF,Financial,Exchange Traded Fund,USA,,,26.75,-0.59%,1148739.0,0,0,0,0,0,0,0,0,1,0,0,0,0,0,0,0,0,0,0,0,0,0,0,0,0,0,0,0,1,0,1
LEE,Franklin FTSE Europe ETF,Financial,Exchange Traded Fund,USA,,,37.72,0.25%,3009.0,0,0,0,0,0,0,0,0,0,0,0,0,0,0,0,0,0,1,0,0,0,0,0,0,0,0,0,0,1,0,1
LEX,Flex Ltd,Technology,Electronic Components,USA,44850000000.0,46.87,121.38,3.96%,2707608.0,0,0,0,0,0,0,0,0,1,0,1,0,0,0,0,0,0,0,0,0,0,0,0,0,0,0,0,0,2,0,2
LJH,Franklin FTSE Japan Hedged ETF,Financial,Exchange Traded Fund,USA,,,47.35,0.34%,23810.0,0,0,0,0,0,0,0,0,0,0,1,1,0,0,0,0,0,0,0,0,1,0,0,0,0,0,0,0,3,0,3
LJP,Franklin FTSE Japan ETF,Financial,Exchange Traded Fund,USA,,,42.14,-0.02%,513568.0,0,0,0,0,0,0,0,-1,0,0,0,0,0,0,0,0,0,0,0,0,0,0,0,0,0,0,0,0,0,1,1
LLA,Franklin FTSE Latin America ETF,Financial,Exchange Traded Fund,USA,,,30.05,0.37%,18772.0,0,0,0,0,0,0,0,0,0,0,0,0,-1,0,0,0,0,0,0,0,0,0,0,0,0,0,0,0,0,1,1
LMX,Franklin FTSE Mexico ETF,Financial,Exchange Traded Fund,USA,,,35.19,0.98%,21444.0,0,0,0,0,0,0,0,0,0,0,0,0,-1,0,0,0,0,0,0,0,0,0,0,0,0,0,0,0,0,1,1
LN,First Trust Latin America AlphaDEX Fund,Financial,Exchange Traded Fund,USA,,,27.7,1.01%,5824.0,0,0,0,0,0,0,0,0,0,0,0,0,-1,0,0,0,0,0,0,0,0,0,0,0,0,0,0,0,0,1,1
LNT,Fluent Inc,Communication Services,Advertising Agencies,USA,84390000.0,,2.67,-5.99%,37786.0,0,0,0,0,0,0,0,0,1,0,0,0,0,0,0,0,0,0,0,0,0,0,0,0,0,0,0,0,1,0,1
LO,Flowers Foods Inc,Consumer Defensive,Packaged Foods,USA,1220000000.0,22.26,5.74,2.50%,7459476.0,0,0,0,0,0,0,0,0,0,0,0,0,-1,0,0,0,0,0,0,0,0,0,0,0,0,0,0,0,0,1,1
LOC,Flowco Holdings Inc,Energy,Oil & Gas Equipment & Services,USA,1680000000.0,21.99,18.56,0.38%,554058.0,0,0,0,0,0,0,0,0,0,0,0,0,-1,0,0,0,0,0,0,0,0,0,0,0,0,0,-1,0,0,2,2
LOT,iShares Floating Rate Bond ETF,Financial,Exchange Traded Fund,USA,,,50.92,0.10%,2246469.0,0,1,0,-1,0,0,0,0,0,0,1,0,0,0,0,0,0,0,0,0,0,0,0,0,0,0,0,0,2,1,3
LRN,State Street SPDR Bloomberg Investment Grade Floating Rate ETF,Financial,Exchange Traded Fund,USA,,,30.74,0.00%,690823.0,0,1,0,0,0,1,0,0,0,0,0,0,-1,0,0,0,0,0,0,0,0,0,0,0,0,0,0,0,2,1,3
LRT,Pacer Aristotle Pacific Floating Rate High Income ETF,Financial,Exchange Traded Fund,USA,,,46.51,0.00%,287444.0,0,0,0,0,0,0,0,0,0,0,0,0,0,0,0,1,0,0,0,0,0,0,0,0,0,0,0,0,1,0,1
LSA,Franklin FTSE Saudi Arabia ETF,Financial,Exchange Traded Fund,USA,,,32.0,1.02%,303.0,0,0,0,0,0,0,0,0,0,0,0,0,-1,-1,0,0,0,0,0,0,0,0,0,0,0,0,0,0,0,2,2
LTR,VanEck IG Floating Rate ETF,Financial,Exchange Traded Fund,USA,,,25.52,0.00%,1495223.0,0,0,0,0,0,0,0,0,0,0,0,0,0,0,0,1,0,0,0,0,0,0,0,0,0,0,0,0,1,0,1
LTW,Franklin FTSE Taiwan ETF,Financial,Exchange Traded Fund,USA,,,113.59,-0.43%,114792.0,0,0,0,0,0,0,0,0,0,0,1,0,0,0,0,0,0,0,0,0,0,0,0,0,0,0,0,0,1,0,1
LUT,Flutter Entertainment Plc,Consumer Cyclical,Gambling,USA,13230000000.0,,76.25,0.69%,2145876.0,0,1,0,-1,0,0,0,0,0,0,0,0,0,0,0,0,0,0,0,0,1,1,0,0,0,0,0,0,3,1,4
LUX,Flux Power Holdings inc,Industrials,Electrical Equipment & Parts,USA,10660000.0,,0.49,-4.29%,2254905.0,0,0,0,0,0,0,0,0,1,0,0,0,0,0,0,0,0,0,0,0,0,0,0,0,0,0,0,0,1,0,1
LX,BingEx Ltd ADR,Industrials,Integrated Freight & Logistics,China,77550000.0,,1.48,-2.63%,144357.0,0,0,0,0,0,0,0,0,1,0,0,0,0,0,0,0,0,0,0,0,0,0,0,0,0,0,0,0,1,0,1
LXR,TCW Flexible Income ETF,Financial,Exchange Traded Fund,USA,,,37.82,0.24%,561201.0,0,0,0,-1,0,0,0,0,0,0,0,0,0,0,0,0,0,0,0,0,0,0,0,0,0,0,0,0,0,1,1
LYD,MicroSectors Travel -3x Inverse Leveraged ETN,Financial,Exchange Traded Fund,USA,,,53.79,-3.06%,476.0,0,0,0,0,0,0,0,0,1,0,0,0,0,0,0,0,0,0,0,0,0,0,0,0,0,0,0,0,1,0,1
LYE,Fly-E Group Inc,Consumer Cyclical,Auto Manufacturers,USA,2170000.0,,1.33,0.76%,2423.0,0,0,0,0,0,0,0,0,0,0,0,0,0,0,0,0,0,0,0,0,1,1,0,0,0,0,0,0,2,0,2
LYU,MicroSectors Travel 3x Leveraged ETN,Financial,Exchange Traded Fund,USA,,,35.22,3.04%,2763.0,0,0,0,0,0,0,0,-1,0,0,0,0,0,0,0,0,0,0,0,0,0,0,0,0,0,0,0,0,0,1,1
LYW,Flywire Corp,Technology,Software - Infrastructure,USA,2220000000.0,69.1,18.22,0.25%,1191830.0,0,0,0,0,0,0,0,-1,0,0,0,0,0,0,0,0,0,0,0,0,0,0,0,0,0,0,0,0,0,1,1
MAY,FT Vest U.S. Equity Buffer ETF - May,Financial,Exchange Traded Fund,USA,,,58.19,0.47%,12807.0,0,1,0,0,0,0,0,-1,0,0,1,0,0,0,0,0,0,0,0,0,0,0,0,0,0,0,0,0,2,1,3
MC,FMC Corp,Basic Materials,Agricultural Inputs,USA,1400000000.0,,9.03,0.33%,4511275.0,0,0,0,0,0,0,0,0,1,1,0,0,0,0,0,0,0,0,0,0,0,0,0,0,0,0,0,0,2,0,2
MCX,FM Focus Equity ETF,Financial,Exchange Traded Fund,USA,,,36.65,0.65%,14.0,0,0,0,-1,0,0,0,0,0,0,0,0,0,0,0,0,0,0,0,0,0,0,0,0,0,0,0,0,0,1,1
MET,Fidelity Metaverse ETF,Financial,Exchange Traded Fund,USA,,,40.07,0.51%,2697.0,0,0,0,0,0,0,0,0,0,0,1,0,0,0,0,0,0,0,0,0,0,0,0,0,0,0,0,0,1,0,1
MKT,The Free Markets ETF,Financial,Exchange Traded Fund,USA,,,22.13,0.75%,1383.0,0,0,0,0,0,0,0,0,0,0,1,0,0,0,0,0,0,0,0,0,0,0,0,0,0,0,0,0,1,0,1
MST,Foremost Clean Energy Ltd,Basic Materials,Other Industrial Metals & Mining,Canada,8580000.0,,0.49,-8.73%,230986.0,0,0,0,0,0,1,0,0,0,0,0,0,0,0,0,0,0,0,0,0,0,0,0,0,0,0,0,0,1,0,1
MTL,First Trust Indxx Critical Metals ETF,Financial,Exchange Traded Fund,USA,,,35.55,0.96%,13944.0,0,1,0,-1,0,0,0,0,0,0,0,0,0,0,0,0,0,0,0,0,1,0,0,0,0,0,0,0,2,1,3
MX,Fomento Economico Mexicano SAB de CV ADR,Consumer Defensive,Beverages - Brewers,Mexico,23570000000.0,22.73,116.98,0.05%,402590.0,0,0,0,0,0,0,0,0,0,0,0,0,-1,0,0,0,0,0,0,0,0,0,0,0,0,0,0,0,0,1,1
N,Fabrinet,Technology,Electronic Components,Cayman Islands,17530000000.0,37.5,489.16,7.78%,1445669.0,0,0,0,0,0,0,0,0,1,1,0,0,0,0,0,0,0,0,0,0,0,0,0,0,0,0,-1,0,2,1,3
NDB,Schwab Fundamental U.S. Broad Market ETF,Financial,Exchange Traded Fund,USA,,,31.11,0.34%,170203.0,0,0,0,0,0,0,0,0,0,0,0,0,0,0,0,0,0,0,0,0,0,0,-1,0,0,0,0,0,0,1,1
NDC,Schwab Fundamental International Small Equity ETF,Financial,Exchange Traded Fund,USA,,,50.04,0.30%,50238.0,0,1,0,0,0,0,0,0,0,0,0,0,0,0,0,0,0,0,0,0,0,0,0,0,0,0,0,0,1,0,1
NDE,Schwab Fundamental Emerging Markets Equity ETF,Financial,Exchange Traded Fund,USA,,,42.88,-0.14%,1692262.0,0,0,0,0,0,0,0,-1,0,0,0,0,0,0,0,0,0,0,0,0,0,0,0,0,0,0,0,0,0,1,1
NDF,Schwab Fundamental International Equity ETF,Financial,Exchange Traded Fund,USA,,,53.95,0.09%,1911805.0,0,1,0,0,0,0,0,-1,0,0,0,0,0,0,0,0,0,0,0,0,0,0,0,0,0,0,0,0,1,1,2
NGO,MicroSectors FANG+Index 2X Leveraged ETNs,Financial,Exchange Traded Fund,USA,,,164.7,1.84%,3952.0,0,0,0,0,0,0,0,0,0,0,1,0,0,0,0,0,0,0,0,0,0,0,0,0,0,0,0,0,1,0,1
NGR,FingerMotion Inc,Communication Services,Telecom Services,Singapore,16820000.0,,0.22,-18.19%,17810337.0,0,0,0,0,0,0,0,0,1,0,0,0,0,0,0,0,0,0,0,0,0,0,0,0,0,0,0,0,1,0,1
NKO,Funko Inc,Consumer Cyclical,Leisure,USA,342690000.0,,6.11,0.66%,722375.0,0,1,0,0,0,0,0,0,0,0,0,0,0,0,0,0,0,0,0,0,0,0,0,0,0,0,0,0,1,0,1
NLC,First Bancorp Inc (ME),Financial,Banks - Regional,USA,380780000.0,10.04,33.75,-1.34%,46199.0,0,0,0,0,0,0,0,0,0,0,0,0,0,0,0,0,0,0,0,0,1,0,0,0,-1,0,0,0,1,1,2
NOV,FT Vest U.S. Equity Buffer ETF - November,Financial,Exchange Traded Fund,USA,,,60.68,0.16%,15228.0,0,0,0,0,0,0,0,-1,0,0,0,0,0,0,0,0,0,0,0,0,0,0,0,0,0,0,0,0,0,1,1
NRN,First Northern Community Bancorp,Financial,Banks - Regional,USA,289380000.0,13.06,17.65,-0.45%,63704.0,0,0,0,0,0,0,0,0,1,0,0,0,0,0,0,0,0,0,0,0,0,0,0,0,0,0,0,0,1,0,1
NUC,Frontier Nuclear and Minerals Inc,Basic Materials,Other Industrial Metals & Mining,Canada,41910000.0,,1.16,-7.20%,368110.0,0,0,0,0,0,0,0,0,1,1,0,0,0,0,0,0,0,0,0,0,0,0,0,0,0,0,0,0,2,0,2
NY,First Trust Mid Cap Growth AlphaDEX Fund,Financial,Exchange Traded Fund,USA,,,100.79,-0.12%,10657.0,0,1,0,0,0,0,0,0,1,0,0,0,0,0,0,0,0,0,0,0,0,0,0,0,0,0,-1,0,2,1,3
OF,Cohen & Steers Closed-End Opportunity Fund Inc,Financial,Closed-End Fund - Equity,USA,346150000.0,,12.44,1.39%,77941.0,0,0,0,0,0,0,0,0,1,0,0,0,0,0,0,0,0,0,0,0,0,0,0,0,0,0,0,0,1,0,1
OFO,Hang Feng Technology Innovation Co Ltd,Industrials,Consulting Services,Hong Kong,23370000.0,,2.02,-4.27%,7821.0,0,0,0,0,0,0,0,0,0,0,0,0,0,0,0,0,0,0,0,0,0,0,0,1,0,0,0,0,1,0,1
OPC,Frontier Asset Opportunistic Credit ETF,Financial,Exchange Traded Fund,USA,,,24.35,0.23%,5437.0,0,0,0,0,0,1,0,0,1,1,0,0,0,0,0,0,0,0,0,0,0,0,0,0,0,0,0,0,3,0,3
ORM,FormFactor Inc,Technology,Semiconductor Equipment & Materials,USA,11040000000.0,96.87,141.3,-4.52%,2108833.0,0,0,0,0,0,0,0,0,0,0,0,0,0,0,0,0,0,0,0,0,0,0,0,0,-1,0,0,0,0,1,1
ORTY,Formula Systems (1985) Ltd ADR,Technology,Information Technology Services,Israel,1710000000.0,2.78,111.55,-5.58%,842.0,0,0,0,0,0,0,0,0,1,0,0,0,0,0,0,0,0,0,0,0,0,0,0,0,0,0,-1,0,1,1,2
OSL,Fossil Group Inc,Consumer Cyclical,Footwear & Accessories,USA,417520000.0,,7.06,-2.22%,691513.0,0,0,0,0,0,0,0,0,0,0,0,0,0,0,0,0,0,1,0,0,0,0,0,0,0,0,0,0,1,0,1
OX,Fox Corp,Communication Services,Entertainment,USA,24750000000.0,14.49,55.58,-1.98%,700012.0,0,1,0,0,0,0,0,0,0,0,1,0,0,0,0,0,0,0,0,0,0,0,0,0,0,0,0,0,2,0,2
OXX,Foxx Development Holdings Inc,Technology,Consumer Electronics,USA,17690000.0,,2.5,-0.40%,15339.0,0,0,0,0,0,0,0,0,0,0,0,0,-1,0,0,0,0,0,0,0,0,0,0,1,0,0,0,0,1,1,2
PA,First Trust Asia Pacific ex-Japan AlphaDEX Fund,Financial,Exchange Traded Fund,USA,,,50.79,-0.21%,3779.0,0,0,0,0,0,0,0,0,0,0,0,0,0,0,0,0,0,0,0,0,0,0,0,0,0,0,-1,0,0,1,1
PAA,FPA Global Allocation ETF,Financial,Exchange Traded Fund,USA,,,24.88,0.25%,770.0,0,0,0,0,0,0,0,0,0,0,0,0,0,0,0,0,0,0,0,0,0,0,-1,0,0,0,0,0,0,1,1
PFD,Fidelity Preferred Securities & Income ETF,Financial,Exchange Traded Fund,USA,,,20.52,0.15%,11463.0,0,0,0,-1,0,0,0,0,0,0,0,0,0,0,0,0,0,0,0,0,0,0,0,0,0,0,0,0,0,1,1
PS,Forgent Power Solutions Inc,Industrials,Electrical Equipment & Parts,USA,12590000000.0,153.77,41.35,6.11%,9154309.0,0,0,0,0,0,0,0,0,0,0,0,0,0,0,0,0,0,0,0,0,1,0,0,0,0,0,0,0,1,0,1
PSX,Leverage Shares 2X Long FPS Daily ETF,Financial,Exchange Traded Fund,USA,,,5.17,11.90%,675814.0,0,0,0,0,0,0,0,0,0,0,0,0,-1,0,0,0,0,0,0,0,0,0,0,1,0,0,0,0,1,1,2
PWR,First Trust EIP Power Solutions ETF,Financial,Exchange Traded Fund,USA,,,35.69,2.35%,11079.0,0,1,0,-1,0,0,0,0,0,0,0,0,0,0,0,0,0,0,0,0,0,0,0,0,0,0,0,0,1,1,2
PXE,First Trust IPOX (R) Europe Equity Opportunities ETF,Financial,Exchange Traded Fund,USA,,,32.21,0.19%,471.0,0,0,0,0,0,0,0,0,1,0,0,0,0,0,0,0,0,0,0,0,0,0,0,0,0,0,0,0,1,0,1
PXI,First Trust International Equity Opportunities ETF,Financial,Exchange Traded Fund,USA,,,69.67,0.96%,7337.0,0,0,0,0,0,0,0,0,1,0,0,0,0,0,0,0,0,0,0,0,0,0,0,0,0,0,0,0,1,0,1
QAL,Fidelity Quality Factor ETF,Financial,Exchange Traded Fund,USA,,,84.91,0.63%,175432.0,0,0,0,0,0,0,0,0,0,0,0,0,0,0,0,0,0,0,0,0,0,0,0,0,-1,0,0,0,0,1,1
RA,Blackrock Floating Rate Income Strategies Fund Inc,Financial,Closed-End Fund - Debt,USA,367460000.0,,10.37,0.78%,189472.0,0,0,0,0,0,0,0,0,0,0,1,0,0,0,0,0,0,0,0,0,0,0,0,0,0,0,0,0,1,0,1
RAF,Franklin Financial Services Corp,Financial,Banks - Regional,USA,285940000.0,11.58,63.55,0.94%,54257.0,0,0,0,0,0,0,0,0,0,0,1,0,0,0,0,0,0,0,0,0,0,0,0,0,-1,0,0,0,1,1,2
RBT,Forbright Inc,Financial,Banks - Diversified,USA,955020000.0,,18.07,2.21%,45497.0,0,0,0,0,0,0,0,0,1,1,0,0,0,0,0,0,0,0,0,0,0,0,0,0,0,0,0,0,2,0,2
RD,Friedman Industries Inc,Basic Materials,Steel,USA,304920000.0,11.1,42.28,0.18%,38762.0,0,0,0,0,0,0,0,0,1,0,0,0,0,0,0,0,0,0,0,0,0,0,0,0,0,0,0,0,1,0,1
RGN,Horizon International Equity ETF,Financial,Exchange Traded Fund,USA,,,31.6,0.16%,21885.0,0,0,0,0,0,0,0,0,0,0,1,1,0,0,0,0,0,0,0,0,1,0,0,0,-1,0,0,0,3,1,4
RGT,Freight Technologies Inc,Technology,Software - Application,USA,200000.0,,0.32,31.43%,332060072.0,0,0,0,0,0,0,0,0,1,0,0,0,0,0,0,0,0,0,0,0,0,0,0,0,0,0,0,0,1,0,1
RNM,Freenome Inc,Healthcare,Diagnostics & Research,USA,1760000000.0,,16.36,-2.79%,712305.0,0,0,0,-1,0,0,0,0,0,0,0,0,0,0,0,0,0,0,0,0,0,0,0,0,0,0,0,0,0,1,1
RNW,Fidelity Clean Energy ETF,Financial,Exchange Traded Fund,USA,,,21.41,1.57%,29740.0,0,0,0,0,0,0,0,0,1,0,0,0,0,0,0,0,0,0,0,0,0,0,0,0,0,0,0,0,1,0,1
RST,Primis Financial Corp,Financial,Banks - Regional,USA,383890000.0,7.2,15.48,-0.19%,107853.0,0,0,0,0,0,0,0,0,0,0,1,0,0,0,0,0,0,0,0,0,0,0,-1,0,0,0,0,0,1,1,2
RSX,Foresight Autonomous Holdings Ltd ADR,Consumer Cyclical,Auto Parts,Israel,5640000.0,,1.08,0.00%,12030.0,0,0,0,-1,0,0,0,0,1,1,0,0,0,0,0,0,0,0,0,0,0,0,0,0,0,0,0,0,2,1,3
RTY,Alger Mid Cap 40 ETF,Financial,Exchange Traded Fund,USA,,,23.8,-1.98%,13338.0,0,0,0,0,0,0,0,0,0,0,0,0,0,0,0,1,0,0,0,0,0,0,0,0,0,0,0,0,1,0,1
RVO,Fervo Energy Co,Utilities,Utilities - Renewable,USA,4219999999.9999995,,14.33,6.46%,13027168.0,0,0,0,0,0,0,0,0,1,0,0,0,0,0,0,0,0,0,0,0,0,0,0,0,0,0,0,0,1,0,1
SI,Flexible Solutions International Inc,Basic Materials,Specialty Chemicals,Canada,80850000.0,,6.33,3.43%,18657.0,0,0,0,0,0,0,0,0,1,0,0,0,0,0,0,0,0,0,0,0,0,0,0,0,0,0,0,0,1,0,1
SLY,Fastly Inc,Technology,Software - Application,USA,4059999999.9999995,,25.51,-1.92%,3044731.0,0,0,0,0,0,0,0,0,0,0,0,0,0,0,0,1,0,0,0,0,0,0,0,0,0,0,0,0,1,0,1
SP,Franklin Street Properties Corp,Real Estate,REIT - Office,USA,32009999.999999996,,0.31,1.45%,1508898.0,0,0,0,0,0,0,0,0,1,0,0,0,0,0,0,0,0,0,0,0,0,0,0,0,0,0,0,0,1,0,1
SS,Federal Signal Corp,Industrials,Farm & Heavy Construction Machinery,USA,7210000000.0,25.45,118.14,1.47%,334613.0,0,0,0,0,0,0,0,0,0,0,0,0,-1,0,0,0,0,0,0,0,0,0,0,0,0,0,0,0,0,1,1
SV,FirstService Corp,Real Estate,Real Estate Services,Canada,5890000000.0,36.49,128.81,0.41%,83739.0,0,0,0,0,0,0,0,0,0,0,0,0,-1,0,0,0,0,0,0,0,0,0,0,0,0,0,0,0,0,1,1
TBI,First Trust Balanced Income ETF,Financial,Exchange Traded Fund,USA,,,21.33,0.81%,10782.0,0,0,0,0,0,0,0,0,0,0,0,0,0,0,0,0,0,0,0,0,1,0,-1,0,0,0,0,0,1,1,2
TC,First Trust Large Capital Growth AlphaDEX Fund,Financial,Exchange Traded Fund,USA,,,183.32,1.04%,21173.0,0,0,0,0,0,0,0,0,0,0,0,0,-1,-1,0,0,0,0,0,0,0,0,0,0,0,0,0,0,0,2,2
TCB,First Trust Core Investment Grade ETF,Financial,Exchange Traded Fund,USA,,,19.74,0.08%,2324338.0,0,0,0,0,0,0,0,0,1,0,0,0,0,0,0,0,0,0,0,0,0,0,0,0,0,0,0,0,1,0,1
TCI,FTC Solar Inc,Technology,Solar,USA,32549999.999999996,,1.97,1.55%,386807.0,0,0,0,0,0,0,0,0,1,1,0,0,0,0,0,0,0,0,0,0,0,0,0,0,0,0,0,0,2,0,2
TDR,Frontdoor Inc,Consumer Cyclical,Personal Services,USA,5430000000.0,20.84,78.77,1.48%,449620.0,0,1,0,0,0,0,0,0,0,0,0,0,0,0,0,0,0,0,0,0,0,0,0,0,0,0,0,0,1,0,1
TF,Franklin Limited Duration Income Trust,Financial,Closed-End Fund - Debt,USA,216170000.0,,5.35,0.56%,179911.0,0,0,0,0,0,0,0,0,0,0,0,0,-1,-1,0,0,0,0,0,0,0,0,0,0,0,0,0,0,0,2,2
THY,First Trust High Yield Opportunities 2027 Term Fund,Financial,Closed-End Fund - Debt,USA,468120000.0,,12.73,0.79%,110123.0,0,0,0,0,0,0,0,0,1,0,0,0,0,0,0,0,0,0,0,0,0,0,0,0,0,0,0,0,1,0,1
TI,TechnipFMC plc,Energy,Oil & Gas Equipment & Services,USA,27410000000.0,24.36,69.89,-0.51%,2767455.0,0,0,0,-1,0,0,0,0,0,0,0,0,0,0,0,0,0,0,0,0,0,0,0,0,0,0,0,0,0,1,1
TLS,First Trust Long/Short Equity ETF,Financial,Exchange Traded Fund,USA,,,77.78,0.03%,267416.0,0,0,0,0,0,0,0,-1,0,0,0,0,0,0,0,0,0,0,0,0,0,0,0,0,0,0,0,0,0,1,1
TNT,Fortinet Inc,Technology,Software - Infrastructure,USA,140340000000.0,67.4,191.27,3.88%,4245217.0,0,1,0,0,0,1,0,-1,0,0,0,0,0,0,0,0,0,0,0,0,0,0,0,0,0,0,0,0,2,1,3
TQI,First Trust Nasdaq BuyWrite Income ETF,Financial,Exchange Traded Fund,USA,,,22.35,-0.13%,368708.0,0,0,0,-1,0,0,0,-1,0,0,0,0,0,0,0,0,0,0,0,0,0,0,0,0,0,0,0,0,0,2,2
TSD,Franklin Short Duration U.S. Government ETF,Financial,Exchange Traded Fund,USA,,,88.68,0.10%,35201.0,0,0,0,0,0,1,0,0,0,0,0,0,0,0,0,0,0,0,0,-1,0,0,0,0,0,0,0,0,1,1,2
TSM,First Trust Enhanced Short Maturity ETF,Financial,Exchange Traded Fund,USA,,,59.57,0.02%,641021.0,0,1,0,0,0,0,0,0,0,0,0,0,0,0,0,0,0,0,0,0,0,0,0,0,0,0,0,0,1,0,1
TXR,First Trust Nasdaq Transportation ETF,Financial,Exchange Traded Fund,USA,,,41.85,0.41%,51001.0,0,0,0,0,0,0,0,0,0,0,0,0,0,0,0,0,0,0,0,0,0,0,0,0,-1,0,0,0,0,1,1
UBO,fuboTV Inc,Communication Services,Broadcasting,USA,964210000.0,2.05,8.83,2.44%,1001550.0,0,1,0,0,0,0,0,0,0,0,0,0,-1,0,0,0,0,0,0,0,0,0,0,0,0,1,0,0,2,1,3
UFU,BitFuFu Inc,Financial,Capital Markets,Singapore,236650000.0,,1.42,-5.02%,88731.0,0,0,0,0,0,0,0,0,1,1,0,0,0,0,0,0,0,0,0,0,0,0,0,0,0,0,0,0,2,0,2
UL,H.B. Fuller Company,Basic Materials,Specialty Chemicals,USA,2730000000.0,14.1,50.63,0.38%,913639.0,0,0,0,-1,0,0,0,0,0,0,0,0,0,0,0,1,0,0,0,-1,0,0,0,0,0,0,0,0,1,2,3
URY,Fury Gold Mines Ltd,Basic Materials,Gold,Canada,96620000.0,,0.51,-0.22%,121314.0,0,0,0,0,0,0,0,0,1,0,0,0,0,0,0,0,0,0,0,0,0,0,0,0,0,0,0,0,1,0,1
USE,Fusemachines Inc,Technology,Software - Application,USA,12980000.0,25.9,0.45,9.00%,229171.0,0,0,0,0,0,0,0,0,0,0,0,0,-1,0,0,0,0,0,0,0,0,0,0,0,0,0,0,0,0,1,1
USI,American Century Ultrashort Income ETF,Financial,Exchange Traded Fund,USA,,,50.39,-0.30%,26287.0,0,0,0,-1,0,0,0,-1,0,0,0,0,0,0,0,0,0,0,0,0,0,0,0,0,0,0,0,0,0,2,2
VAL,Fidelity Value Factor ETF,Financial,Exchange Traded Fund,USA,,,82.26,0.61%,67492.0,0,0,0,0,0,0,0,0,0,0,0,0,0,0,0,0,0,0,0,0,0,0,0,0,-1,0,0,0,0,1,1
VAV,Fortress Value Acquisition Corp V,Financial,Shell Companies,USA,367190000.0,,10.26,-0.87%,8.0,0,0,0,0,0,0,0,0,0,0,1,0,0,0,0,0,0,0,0,0,0,0,-1,0,0,0,0,0,1,1,2
WRG,First Watch Restaurant Group Inc,Consumer Cyclical,Restaurants,USA,654770000.0,37.56,10.61,0.95%,1001964.0,0,0,0,0,0,0,0,0,0,0,0,0,-1,0,0,0,0,0,0,0,0,0,0,1,0,0,0,0,1,1,2
XA,Invesco CurrencyShares Australian Dollar Trust,Financial,Exchange Traded Fund,USA,,,69.13,0.19%,11642.0,0,0,0,0,0,0,0,0,0,0,1,0,0,0,0,0,0,0,0,0,0,0,-1,0,0,0,0,0,1,1,2
XAC,FortuneX Acquisition Corp,Financial,Shell Companies,USA,113730000.0,,10.09,0.10%,10939.0,0,0,0,0,0,0,0,0,0,0,1,0,0,0,0,0,0,0,0,0,0,0,-1,0,0,0,0,0,1,1,2
XD,First Trust Consumer Discretionary AlphaDEX Fund,Financial,Exchange Traded Fund,USA,,,65.06,0.62%,10235.0,0,0,0,0,0,0,0,0,0,0,1,0,0,0,0,0,0,0,0,0,0,0,0,0,0,0,0,0,1,0,1
XED,Sound Enhanced Fixed Income ETF,Financial,Exchange Traded Fund,USA,,,16.53,0.27%,8875.0,0,0,0,-1,0,0,0,0,1,0,0,0,0,0,0,0,0,0,0,0,0,0,0,0,0,0,0,0,1,1,2
XF,Invesco CurrencyShares Swiss Franc Trust,Financial,Exchange Traded Fund,USA,,,105.86,-0.09%,13751.0,0,0,0,0,0,0,0,0,0,0,0,0,0,0,0,0,0,0,0,-1,0,0,0,0,0,0,0,0,0,1,1
XHO,UTime Ltd,Technology,Consumer Electronics,China,285880000.0,0.03,10.88,8.04%,13567.0,0,0,0,0,0,0,0,0,1,0,0,0,0,0,0,0,0,0,0,0,0,0,0,0,0,0,0,0,1,0,1
XI,iShares China Large-Cap ETF,Financial,Exchange Traded Fund,USA,,,33.77,-0.24%,9028790.0,0,0,0,-1,0,0,0,0,0,0,1,0,0,0,0,1,0,0,0,0,0,0,0,0,0,0,0,0,2,1,3
XL,First Trust Technology AlphaDEX Fund,Financial,Exchange Traded Fund,USA,,,230.46,0.23%,22524.0,0,0,0,0,0,0,0,0,0,0,1,0,0,0,0,0,0,0,0,0,0,0,0,0,0,0,0,0,1,0,1
XP,ProShares UltraShort FTSE China 50,Financial,Exchange Traded Fund,USA,,,22.24,0.39%,981.0,0,0,0,0,0,1,0,0,0,0,0,0,0,0,0,0,0,0,0,0,0,0,0,0,0,0,0,0,1,0,1
XR,First Trust Industrials/Producer Durables AlphaDEX Fund,Financial,Exchange Traded Fund,USA,,,83.86,0.73%,20717.0,0,0,0,0,0,0,0,0,0,0,1,0,0,0,0,0,0,0,0,0,0,0,0,0,0,0,0,0,1,0,1
XZ,First Trust Materials AlphaDEX Fund,Financial,Exchange Traded Fund,USA,,,78.84,-0.10%,40931.0,0,0,0,0,0,0,0,0,0,0,0,0,0,0,0,0,0,1,0,0,0,0,0,0,0,0,0,0,1,0,1
YC,First Trust Small Cap Growth AlphaDEX Fund,Financial,Exchange Traded Fund,USA,,,115.93,-1.16%,77054.0,0,0,0,0,0,0,0,0,1,0,0,0,0,0,0,0,0,0,0,0,0,0,0,0,0,0,0,0,1,0,1
AA,Cambria Global Asset Allocation ETF,Financial,Exchange Traded Fund,USA,,,35.2,0.16%,1441.0,0,1,0,0,0,0,0,0,0,0,0,0,0,0,0,0,0,0,0,0,0,0,0,0,0,0,0,0,1,0,1
AB,Gabelli Equity Trust Inc,Financial,Closed-End Fund - Equity,USA,1810000000.0,,5.27,1.74%,956486.0,0,0,0,0,0,0,0,0,0,0,0,0,-1,0,0,0,0,0,0,0,0,0,0,0,0,0,0,0,0,1,1
AIA,Gaia Inc,Communication Services,Entertainment,USA,35850000.0,,1.41,0.71%,48884.0,0,0,0,0,0,0,0,0,0,0,0,0,0,0,0,0,0,0,0,0,0,0,0,1,0,0,0,0,1,0,1
AME,GameSquare Holdings Inc,Communication Services,Electronic Gaming & Multimedia,USA,38280000.0,,2.93,-4.25%,89587.0,0,0,0,0,0,1,0,0,0,0,1,1,0,0,0,1,0,0,0,0,0,0,0,0,0,0,0,0,4,0,4
ANX,Gain Therapeutics Inc,Healthcare,Biotechnology,USA,72890000.0,,1.67,-1.18%,646562.0,0,1,0,0,0,0,0,0,0,0,0,0,-1,-1,0,0,0,0,0,0,0,0,0,0,0,0,0,0,1,2,3
AP,Gap Inc,Consumer Cyclical,Apparel Retail,USA,8359999999.999999,7.11,23.79,2.10%,7464431.0,0,0,0,0,0,0,0,0,0,0,0,0,0,0,0,1,0,0,0,0,0,0,0,0,0,0,0,0,1,0,1
APR,FT Vest U.S. Equity Moderate Buffer ETF - April,Financial,Exchange Traded Fund,USA,,,42.93,0.28%,1948.0,0,0,0,0,0,0,0,-1,0,0,0,0,0,0,0,0,0,0,0,0,0,0,0,0,0,0,0,0,0,1,1
ARY,Mango Growth ETF,Financial,Exchange Traded Fund,USA,,,28.9,0.30%,11850.0,0,0,0,0,0,0,0,0,0,0,1,0,0,0,0,0,0,0,0,0,0,0,0,0,0,0,0,0,1,0,1
ASZ,Corgi Natural Gas Power & Turbines ETF,Financial,Exchange Traded Fund,USA,,,22.55,1.81%,1037.0,0,0,0,0,0,0,0,0,1,1,0,0,0,0,0,0,0,0,0,0,0,0,0,0,0,0,0,0,2,0,2
ATX,GATX Corp,Industrials,Rental & Leasing Services,USA,6030000000.0,16.94,170.88,-0.81%,156966.0,0,0,0,0,0,0,0,0,0,0,0,0,-1,0,0,0,0,0,0,0,0,0,0,0,0,0,0,0,0,1,1
AU,Galiano Gold Inc,Basic Materials,Gold,Canada,538880000.0,7.81,2.06,3.52%,3194916.0,0,0,0,0,0,0,0,0,1,0,0,0,0,0,0,0,0,0,0,0,0,0,0,0,0,0,0,0,1,0,1
AUG,FT Vest U.S. Equity Moderate Buffer ETF - August,Financial,Exchange Traded Fund,USA,,,42.56,0.41%,3628.0,0,0,0,0,0,0,0,0,0,0,1,0,0,0,0,0,0,0,0,0,0,0,0,0,0,0,0,0,1,0,1
BIL,Goldman Sachs Access Treasury 0-1 Year ETF,Financial,Exchange Traded Fund,USA,,,99.9,0.02%,898209.0,0,1,0,-1,0,0,0,0,0,0,1,1,0,0,0,0,0,0,0,0,0,0,0,0,0,0,0,0,3,1,4
BND,Goldman Sachs Core Bond ETF,Financial,Exchange Traded Fund,USA,,,47.98,0.23%,60262.0,0,1,0,0,0,1,0,0,0,0,0,0,0,0,0,0,0,0,0,-1,0,0,0,0,0,0,0,0,2,1,3
BR,New Concept Energy Inc,Real Estate,Real Estate Services,USA,3740000.0,,0.73,1.67%,21011.0,0,0,0,0,0,0,0,0,1,0,0,0,0,0,0,0,0,0,0,0,0,0,0,0,0,0,0,0,1,0,1
BTC,Grayscale Bitcoin Trust,Financial,Exchange Traded Fund,USA,,,66.14,-0.14%,1314171.0,0,0,0,0,0,0,0,0,0,0,1,0,0,0,0,0,0,0,0,0,0,0,0,0,0,0,0,0,1,0,1
CDT,Green Circle Decarbonize Technology Ltd,Industrials,Specialty Industrial Machinery,USA,,,0.23,-45.23%,8208299.0,0,0,0,0,0,0,0,0,1,0,0,0,0,0,0,0,0,0,0,0,0,0,0,0,0,0,0,0,1,0,1
CGR,General Catalyst Global Resilience Merger Corp,Financial,Shell Companies,USA,466940000.0,,10.11,-0.21%,13.0,0,0,0,0,0,0,0,-1,0,0,0,0,0,0,0,0,0,0,0,0,0,0,0,0,0,0,0,0,0,1,1
CL,GCL Global Holdings Ltd,Communication Services,Electronic Gaming & Multimedia,Singapore,100290000.0,,0.78,14.00%,236132.0,0,1,0,0,0,0,0,0,0,0,1,0,0,0,0,0,0,0,0,0,0,0,0,0,0,0,0,0,2,0,2
COW,Pacer Global Cash Cows Dividend ETF,Financial,Exchange Traded Fund,USA,,,44.61,0.31%,191186.0,0,0,0,0,0,0,0,0,0,0,1,0,0,0,0,0,0,0,0,0,0,0,0,0,0,0,0,0,1,0,1
CSH,Guggenheim Ultra Short Income ETF,Financial,Exchange Traded Fund,USA,,,49.83,0.03%,26176.0,0,0,0,0,0,0,0,0,1,1,0,0,0,0,0,0,0,0,0,0,0,0,0,0,0,0,0,0,2,0,2
CTS,GCT Semiconductor Holding Inc,Technology,Semiconductors,USA,194980000.0,,2.12,1.44%,1424003.0,0,0,0,0,0,0,0,0,0,0,0,0,-1,0,0,0,0,0,0,0,0,0,0,0,0,0,0,0,0,1,1
DDY,Godaddy Inc,Technology,Software - Infrastructure,USA,12430000000.0,14.56,98.18,-1.56%,1624235.0,0,0,0,0,0,0,0,0,0,0,1,0,0,0,0,0,0,0,0,0,0,0,0,0,0,0,0,0,1,0,1
DO,Western Asset Global Corporate Defined Opportunity Fund Inc,Financial,Closed-End Fund - Debt,USA,72710000.0,,9.67,-0.51%,19180.0,0,0,0,0,0,0,0,0,1,0,0,0,0,0,0,0,0,0,0,0,0,0,0,0,0,0,0,0,1,0,1
DOG,Grayscale Dogecoin Trust ETF,Financial,Exchange Traded Fund,USA,,,11.0,-1.61%,51705.0,0,1,0,0,0,0,0,0,0,0,0,0,0,0,0,0,0,0,0,0,0,0,0,0,0,0,0,0,1,0,1
DTC,CytoMed Therapeutics Ltd,Healthcare,Biotechnology,Singapore,11000000.0,,0.93,-7.94%,18563.0,0,0,0,0,0,0,0,0,0,0,0,0,0,0,0,1,0,0,0,0,0,0,0,0,0,0,0,0,1,0,1
DYN,Grid Dynamics Holdings Inc,Technology,Information Technology Services,USA,634410000.0,228.65,7.82,-0.26%,800174.0,0,0,0,0,0,0,0,0,0,0,0,0,0,0,0,0,0,0,0,0,0,0,0,1,0,0,0,0,1,0,1
EL,Genesis Energy LP,Energy,Oil & Gas Midstream,USA,1750000000.0,71.12,14.28,1.85%,127613.0,0,0,0,0,0,0,0,0,0,0,0,0,-1,0,0,0,0,0,0,0,0,0,0,1,0,0,0,0,1,1,2
ELS,Gelteq Ltd,Healthcare,Drug Manufacturers - Specialty & Generic,Australia,6210000.0,,0.58,6.63%,72622.0,0,0,0,0,0,0,0,0,0,0,0,0,0,0,0,1,0,0,0,0,0,0,0,0,0,0,0,0,1,0,1
EMI,Gemini Space Station Inc,Financial,Capital Markets,USA,605470000.0,,4.67,-2.10%,1418204.0,0,0,0,0,0,0,0,0,0,0,0,0,0,0,0,0,0,0,0,0,0,0,0,0,0,1,0,0,1,0,1
END,Genter Capital Dividend Income ETF,Financial,Exchange Traded Fund,USA,,,12.86,0.34%,150.0,0,0,0,0,0,1,0,-1,0,0,0,0,0,0,0,0,0,1,0,0,0,0,0,0,0,0,0,0,2,1,3
ENT,Genter Capital Taxable Quality Intermediate ETF,Financial,Exchange Traded Fund,USA,,,9.91,0.25%,52948.0,0,0,0,0,0,1,0,0,0,0,0,0,0,0,0,0,0,0,0,-1,0,0,0,0,0,0,0,0,1,1,2
ENZ,VanEck Digital Native Economy ETF,Financial,Exchange Traded Fund,USA,,,37.35,0.53%,510.0,0,0,0,0,0,0,0,0,0,0,0,0,0,0,0,0,0,1,0,0,0,0,0,0,0,0,0,0,1,0,1
EV,GE Vernova Inc,Industrials,Specialty Industrial Machinery,USA,274110000000.0,29.46,1029.21,3.96%,2529474.0,0,1,0,0,0,0,0,0,0,0,0,0,0,0,0,0,0,0,0,0,0,0,0,0,0,0,0,0,1,0,1
EVG,Leverage Shares 2X Long GEV Daily ETF,Financial,Exchange Traded Fund,USA,,,25.42,7.61%,46604.0,0,0,0,0,0,0,0,0,1,0,0,0,0,0,0,0,0,0,0,0,0,0,0,0,0,0,0,0,1,0,1
EVX,Tradr 2X Long GEV Daily ETF,Financial,Exchange Traded Fund,USA,,,20.15,8.02%,374184.0,0,0,0,0,0,0,0,0,0,0,0,0,-1,-1,0,0,0,0,0,0,0,0,0,0,0,0,0,0,0,2,2
FAI,Guardforce AI Co Ltd,Industrials,Security & Protection Services,Singapore,7850000.0,,0.25,-14.90%,422265.0,0,0,0,0,0,0,0,0,1,0,0,0,0,0,0,0,0,0,0,0,0,0,0,0,0,0,0,0,1,0,1
FL,GFL Environmental Inc,Industrials,Waste Management,USA,18540000000.0,,42.52,0.57%,3659971.0,0,1,0,-1,0,0,0,0,0,0,0,0,0,0,0,0,0,0,0,0,0,0,0,0,0,0,0,0,1,1,2
FLW,VictoryShares Free Cash Flow Growth ETF,Financial,Exchange Traded Fund,USA,,,34.27,0.32%,433865.0,0,0,0,0,0,0,0,0,0,0,1,0,0,0,0,0,0,0,0,0,0,0,-1,0,0,0,0,0,1,1,2
FUZ,General Fusion Group Ltd,Industrials,Specialty Industrial Machinery,Canada,402210000.0,,7.57,0.53%,101023.0,0,0,0,0,0,0,0,0,1,0,0,0,-1,0,0,0,0,0,0,0,0,0,0,1,0,0,0,0,2,1,3
GB,Gerdau SA ADR,Basic Materials,Steel,Brazil,6340000000.0,23.34,5.12,-0.97%,12718638.0,0,0,0,0,0,1,0,-1,0,0,0,0,0,0,0,0,0,0,0,0,0,0,0,0,0,0,0,0,1,1,2
GLL,Direxion Daily GOOGL Bull 2X ETF,Financial,Exchange Traded Fund,USA,,,101.42,0.57%,1495674.0,0,0,0,0,0,0,0,0,0,0,0,0,0,0,0,1,0,0,0,0,0,0,0,0,0,0,0,0,1,0,1
GME,Invesco Next Gen Media and Gaming ETF,Financial,Exchange Traded Fund,USA,,,66.7,0.24%,6290.0,0,0,0,0,0,0,0,-1,0,0,0,0,0,0,0,0,0,0,0,0,0,0,0,0,0,0,0,0,0,1,1
GRW,Gabelli Growth Innovators ETF,Financial,Exchange Traded Fund,USA,,,38.68,0.85%,16.0,0,0,0,-1,0,0,0,0,0,0,0,0,0,0,0,0,0,0,0,0,0,0,0,0,0,0,0,0,0,1,1
HG,GreenTree Hospitality Group Ltd ADR,Consumer Cyclical,Lodging,China,63480000.0,16.24,0.96,-4.00%,10292.0,0,0,0,0,0,0,0,0,0,0,0,0,0,0,0,0,0,0,0,-1,0,0,0,0,0,0,0,0,0,1,1
HI,Greystone Housing Impact Investors LP,Financial,Mortgage Finance,USA,121690000.0,,5.23,-0.19%,49181.0,0,0,0,0,0,0,0,0,0,0,0,0,0,0,0,0,0,0,0,0,0,0,0,0,0,1,0,0,1,0,1
HXI,Gores Holdings XI Inc,Financial,Shell Companies,USA,365540000.0,,9.99,-0.01%,25113.0,0,0,0,0,0,0,0,0,0,0,0,0,-1,0,0,0,0,0,0,0,0,0,0,0,0,0,0,0,0,1,1
HY,PGIM Global High Yield Fund Inc,Financial,Closed-End Fund - Debt,USA,445660000.0,,10.88,1.21%,228622.0,0,0,0,0,0,0,0,0,1,0,0,0,0,0,0,0,0,0,0,0,0,0,0,0,0,0,0,0,1,0,1
HYB,Goldman Sachs Access High Yield Corporate Bond ETF,Financial,Exchange Traded Fund,USA,,,43.16,0.31%,25807.0,0,0,0,-1,0,0,0,0,0,0,0,0,0,0,0,0,0,0,0,0,0,0,0,0,0,0,0,0,0,1,1
IGM,Gigamedia,Communication Services,Electronic Gaming & Multimedia,Taiwan,15250000.0,,1.38,-1.18%,3376.0,0,1,0,0,0,1,0,0,0,0,0,0,-1,0,0,0,0,0,0,0,1,1,0,0,0,1,0,0,5,1,6
INN,Goldman Sachs Innovate Equity ETF,Financial,Exchange Traded Fund,USA,,,81.95,0.03%,125140.0,0,0,0,0,0,0,0,0,0,0,0,0,0,0,0,0,0,0,0,0,0,0,-1,0,0,0,0,0,0,1,1
IPR,Generation Income Properties Inc,Real Estate,REIT - Diversified,USA,1160000.0,,0.38,-9.03%,22640588.0,0,0,0,0,0,0,0,0,1,0,0,0,0,0,0,0,0,0,0,0,0,0,0,0,0,0,0,0,1,0,1
ITS,Global Interactive Technologies Inc,Communication Services,Internet Content & Information,South Korea,7320000.0,,1.74,1.75%,15466.0,0,0,0,0,0,0,0,0,0,0,0,0,-1,-1,0,0,0,0,0,0,0,0,0,0,0,0,0,0,0,2,2
JAN,FT Vest U.S. Equity Moderate Buffer ETF - January,Financial,Exchange Traded Fund,USA,,,46.44,0.26%,4892.0,0,0,0,-1,0,0,0,-1,0,0,0,0,0,0,0,0,0,1,0,0,0,0,0,0,0,0,0,0,1,2,3
JUL,FT Vest U.S. Equity Moderate Buffer ETF - July,Financial,Exchange Traded Fund,USA,,,45.0,0.42%,9334.0,0,0,0,0,0,0,0,0,0,0,1,0,0,0,0,0,0,0,0,0,0,0,0,0,0,0,0,0,1,0,1
JUN,FT Vest U.S. Equity Moderate Buffer ETF - June,Financial,Exchange Traded Fund,USA,,,42.37,0.30%,9000.0,0,0,0,0,0,0,0,-1,0,0,0,0,0,0,0,0,0,0,0,0,0,0,0,0,0,0,0,0,0,1,1
K,AdvisorShares Gerber Kawasaki ETF,Financial,Exchange Traded Fund,USA,,,29.83,1.34%,161.0,0,0,0,0,0,0,0,0,0,0,1,1,0,0,0,0,0,0,0,0,0,0,0,0,-1,0,0,0,2,1,3
LAD,Gladstone Capital Corp,Financial,Asset Management,USA,425880000.0,10.02,18.85,-1.41%,170418.0,0,1,0,0,0,0,0,0,0,0,0,0,0,0,0,0,0,0,0,0,0,0,0,0,0,0,0,0,1,0,1
LAM,"Corgi Beauty, Skincare & Aesthetics ETF",Financial,Exchange Traded Fund,USA,,,27.94,0.13%,179.0,0,0,0,0,0,0,0,0,0,0,0,0,0,0,0,0,0,0,0,0,0,0,-1,0,0,0,0,0,0,1,1
LBS,Globus Maritime Ltd,Industrials,Marine Shipping,Greece,70140000.0,10.37,3.25,-3.85%,226703.0,0,0,0,0,0,0,0,-1,0,0,0,0,0,0,0,0,0,0,0,0,0,0,0,0,0,0,0,0,0,1,1
LDG,GoldMining Inc,Basic Materials,Gold,Canada,193560000.0,,0.9,-0.78%,275586.0,0,0,0,0,0,0,0,0,1,0,0,0,0,0,0,0,0,0,0,0,0,0,0,0,0,0,0,0,1,0,1
LDI,UBS AG ETRACS Gold Shares Covered Call ETNs,Financial,Exchange Traded Fund,USA,,,141.1,0.93%,23428.0,0,0,0,0,0,0,0,0,0,0,0,0,0,0,0,0,0,0,0,-1,0,0,0,0,0,0,0,0,0,1,1
LDW,Roundhill Gold WeeklyPay ETF,Financial,Exchange Traded Fund,USA,,,39.33,0.81%,6489.0,0,0,0,0,0,0,0,0,1,0,0,0,0,0,0,0,0,0,0,0,0,0,0,0,0,0,0,0,1,0,1
LE,Global Engine Group Holding Ltd,Technology,Information Technology Services,Hong Kong,7480000.0,,0.41,-5.65%,298940.0,0,0,0,-1,0,1,0,0,0,0,0,0,0,0,0,1,0,0,0,0,0,0,0,0,0,0,0,0,2,1,3
LGG,Leverage Shares 2X Long GLXY Daily ETF,Financial,Exchange Traded Fund,USA,,,3.88,-4.61%,93246.0,0,0,0,0,0,0,0,0,0,0,0,0,-1,0,0,0,0,0,0,0,0,0,0,0,0,0,0,0,0,1,1
LIN,VanEck India Growth Leaders ETF,Financial,Exchange Traded Fund,USA,,,43.03,0.08%,4688.0,0,1,0,0,0,0,0,0,0,0,0,0,-1,0,0,0,0,0,0,0,0,0,0,0,0,0,0,0,1,1,2
LOB,Globant SA,Technology,Information Technology Services,Luxembourg,1540000000.0,13.96,35.56,-0.53%,502458.0,0,0,0,-1,0,0,0,0,0,0,0,0,0,0,0,1,0,0,0,0,0,0,0,0,0,0,0,0,1,1,2
LOO,Gloo Holdings Inc,Technology,Software - Application,USA,365210000.0,,3.99,-4.09%,528193.0,0,0,0,0,0,0,0,0,1,0,0,0,0,0,0,0,0,0,0,0,0,0,0,0,0,0,0,0,1,0,1
LOW,VictoryShares WestEnd Global Equity ETF,Financial,Exchange Traded Fund,USA,,,34.86,0.34%,11892.0,0,0,0,-1,0,0,0,0,0,0,0,0,0,0,0,0,0,0,0,0,0,0,0,0,0,0,0,0,0,1,1
LPI,Gaming and Leisure Properties Inc,Real Estate,REIT - Specialty,USA,11080000000.0,11.17,38.08,0.45%,3683521.0,0,0,0,0,0,1,0,0,1,1,0,0,0,0,0,0,0,0,0,0,0,0,0,0,0,0,0,0,3,0,3
LRY,Inspire Growth ETF,Financial,Exchange Traded Fund,USA,,,39.02,0.96%,38840.0,0,0,0,0,0,0,0,0,0,0,0,0,0,0,0,0,0,0,0,0,0,0,0,0,0,0,-1,0,0,1,1
LSI,Greenwich LifeSciences Inc,Healthcare,Biotechnology,USA,231770000.0,,15.79,-6.62%,113649.0,0,1,0,0,0,0,0,0,0,0,0,0,0,0,0,0,0,0,0,0,0,0,0,0,0,0,0,0,1,0,1
LUE,Monte Rosa Therapeutics Inc,Healthcare,Biotechnology,USA,842040000.0,,9.87,-3.89%,1052878.0,0,0,0,0,0,0,0,0,0,0,1,0,0,0,0,0,0,0,0,0,0,0,0,0,0,0,0,0,1,0,1
LXU,T-REX 2X Long GLXY Daily Target ETF,Financial,Exchange Traded Fund,USA,,,4.55,-4.41%,116272.0,0,0,0,0,0,0,0,0,0,0,0,0,-1,0,0,0,0,0,0,0,0,0,0,0,0,0,0,0,0,1,1
MAY,FT Vest U.S. Equity Moderate Buffer ETF - May,Financial,Exchange Traded Fund,USA,,,44.39,0.41%,13500.0,0,0,0,0,0,1,0,0,0,0,1,0,0,0,0,0,0,1,0,0,0,0,0,0,0,0,0,0,3,0,3
MED,Globus Medical Inc,Healthcare,Medical Devices,USA,10260000000.0,19.54,76.43,-0.18%,1569995.0,0,0,0,0,0,0,0,0,1,0,0,0,0,0,0,0,0,0,0,0,0,0,0,0,0,0,0,0,1,0,1
MF,State Street SPDR S&P Emerging Asia Pacific ETF,Financial,Exchange Traded Fund,USA,,,159.16,-0.23%,1050.0,0,0,0,0,0,0,0,0,0,0,1,1,0,0,0,0,0,0,0,0,0,0,-1,0,0,0,0,0,2,1,3
MHS,Gamehaus Holdings Inc,Communication Services,Electronic Gaming & Multimedia,China,34100000.0,6.98,0.6,0.02%,22816.0,0,0,0,0,0,1,0,0,1,0,0,0,0,0,0,0,0,0,0,0,0,0,0,0,0,0,0,0,2,0,2
MM,Global Mofy AI Ltd,Technology,Information Technology Services,China,17070000.0,,1.75,0.57%,13425.0,0,1,0,0,0,0,0,0,0,0,0,0,0,0,0,0,0,0,0,0,0,0,0,0,0,0,0,0,1,0,1
MMA,GammaRoad Market Navigation ETF,Financial,Exchange Traded Fund,USA,,,22.17,0.45%,10.0,0,0,0,0,0,0,0,-1,0,0,0,0,0,0,0,0,0,0,0,0,0,0,0,0,0,0,0,0,0,1,1
MOC,GMO Ultra-Short Income ETF,Financial,Exchange Traded Fund,USA,,,50.06,0.01%,132.0,0,0,0,0,0,1,0,0,0,0,0,0,0,0,0,0,0,1,0,0,0,0,0,0,0,0,0,0,2,0,2
MTL,Guardian Metal Resources Plc ADR,Basic Materials,Other Precious Metals & Mining,United Kingdom,328420000.0,,8.26,-3.39%,457196.0,0,1,0,0,0,0,0,0,0,0,0,0,0,0,0,0,0,0,0,0,0,0,0,0,0,0,0,0,1,0,1
NE,Genie Energy Ltd,Utilities,Utilities - Regulated Electric,USA,432160000.0,17.16,16.42,1.92%,70061.0,0,1,0,0,0,0,0,0,0,0,0,0,0,0,0,0,0,0,0,0,0,0,0,0,0,0,0,0,1,0,1
NL,Global Net Lease Inc,Real Estate,REIT - Diversified,USA,1880000000.0,,8.14,0.00%,2312549.0,0,0,0,0,0,1,0,0,0,0,0,0,0,0,0,0,0,0,0,-1,0,0,0,0,0,0,0,0,1,1,2
NLN,Greenlane Holdings Inc,Consumer Defensive,Tobacco,USA,2160000.0,,3.11,-11.14%,49312.0,0,0,0,-1,0,0,0,0,0,0,0,0,-1,-1,0,0,0,0,0,0,0,0,0,0,0,1,0,0,1,3,4
NMX,Corgi Genomics & Precision Medicine ETF,Financial,Exchange Traded Fund,USA,,,36.85,-5.99%,16510.0,0,0,0,0,0,1,0,-1,0,0,0,0,0,0,0,0,0,0,0,0,0,0,0,0,0,0,0,0,1,1,2
NOM,Global X Genomics & Biotechnology ETF,Financial,Exchange Traded Fund,USA,,,67.6,-6.50%,85747.0,0,0,0,0,0,0,0,0,0,0,0,0,0,0,0,0,0,1,0,0,0,0,0,0,0,0,0,0,1,0,1
NRC,Generac Holdings Inc,Industrials,Specialty Industrial Machinery,USA,13210000000.0,51.55,223.62,3.91%,1029567.0,0,0,0,0,0,0,0,0,1,0,0,0,0,0,0,0,0,0,0,0,0,0,0,0,0,0,0,0,1,0,1
NSS,Genasys Inc,Technology,Scientific & Technical Instruments,USA,65590000.0,,1.44,0.70%,67306.0,0,0,0,0,0,1,0,0,0,0,0,0,0,0,0,0,0,0,0,-1,0,0,0,0,0,0,0,0,1,1,2
NT,"GAMCO Natural Resources, Gold & Income Trust",Financial,Closed-End Fund - Equity,USA,143740000.0,,8.55,0.23%,34580.0,0,0,0,0,0,1,0,0,0,0,0,0,0,0,0,0,0,0,0,0,0,0,0,0,0,0,0,0,1,0,1
O,Grocery Outlet Holding Corp,Consumer Defensive,Grocery Stores,USA,1130000000.0,,11.41,-0.09%,1801912.0,0,0,0,0,0,0,0,0,0,0,0,0,0,0,0,0,0,1,0,0,0,0,0,0,0,0,0,0,1,0,1
OLD,Gold.com Inc,Financial,Capital Markets,USA,1210000000.0,14.23,41.57,-0.17%,435762.0,0,1,0,0,0,1,0,0,0,0,0,0,-1,0,0,0,0,0,0,0,0,0,0,0,0,0,0,0,2,1,3
OOD,Gladstone Commercial Corp,Real Estate,REIT - Diversified,USA,619980000.0,50.74,12.71,-0.63%,459494.0,0,0,0,-1,0,0,0,-1,0,0,0,0,0,0,0,0,0,0,0,0,0,0,0,0,0,0,0,0,0,2,2
OOGL,Alphabet Inc,Communication Services,Internet Content & Information,USA,4237479999999.9995,17.47,347.68,0.35%,18715627.0,0,0,0,0,0,0,0,0,0,0,0,0,0,0,0,1,0,0,0,0,0,0,0,0,0,0,0,0,1,0,1
OOY,YieldMax GOOGL Option Income Strategy ETF,Financial,Exchange Traded Fund,USA,,,12.1,0.25%,275268.0,0,0,0,0,0,0,0,0,1,1,0,0,0,0,0,0,0,0,0,0,0,0,0,0,0,0,0,0,2,0,2
OP,Subversive Congressional Republicans Trading ETF,Financial,Exchange Traded Fund,USA,,,45.83,0.84%,10907.0,0,0,0,0,0,0,0,0,0,0,0,0,0,0,0,0,0,1,0,0,0,0,0,0,0,0,0,0,1,0,1
ORO,Goldgroup Mining Inc,Basic Materials,Gold,Canada,457140000.0,,3.37,3.69%,1212066.0,0,0,0,0,0,0,0,0,1,0,0,0,0,0,0,0,0,0,0,0,0,0,0,0,0,0,0,0,1,0,1
OU,GraniteShares 2x Long GOOGL Daily ETF,Financial,Exchange Traded Fund,USA,,,25.61,0.80%,136297.0,0,0,0,0,0,0,0,0,0,0,0,0,0,0,0,1,0,0,0,0,0,0,0,0,0,0,0,0,1,0,1
OVZ,iShares 25+ Year Treasury STRIPS Bond ETF,Financial,Exchange Traded Fund,USA,,,30.47,0.20%,418218.0,0,0,0,0,0,0,0,0,1,0,0,0,0,0,0,0,0,0,0,0,0,0,0,0,0,0,0,0,1,0,1
PGI,GPGI Inc,Industrials,Metal Fabrication,USA,3820000000.0,,13.17,1.46%,1486256.0,0,0,0,-1,0,0,0,0,1,1,0,0,0,0,0,0,0,0,0,0,0,0,0,0,0,0,0,0,2,1,3
PI,Group 1 Automotive Inc,Consumer Cyclical,Auto & Truck Dealerships,USA,2830000000.0,9.88,236.96,-1.86%,278013.0,0,0,0,0,0,0,0,0,1,0,0,0,0,0,0,0,0,0,0,0,0,0,0,0,0,0,0,0,1,0,1
PK,Graphic Packaging Holding Co,Consumer Cyclical,Packaging & Containers,USA,2550000000.0,13.2,8.61,0.00%,6871467.0,0,0,0,0,0,0,0,-1,0,0,0,0,0,0,0,0,0,0,0,0,0,0,0,0,0,0,0,0,0,1,1
PMT,Granite Point Mortgage Trust Inc,Real Estate,REIT - Mortgage,USA,36630000.0,,7.6,2.27%,32299.0,0,0,0,0,0,0,0,0,1,0,0,0,0,0,0,0,0,0,0,0,0,0,0,0,0,0,0,0,1,0,1
POR,Gulfport Energy Corp,Energy,Oil & Gas E&P,USA,2850000000.0,6.45,161.24,2.15%,263866.0,0,0,0,0,0,0,0,0,0,0,0,0,0,0,0,0,0,0,0,0,0,0,0,1,0,0,0,0,1,0,1
PRE,Green Plains Inc,Basic Materials,Chemicals,USA,1060000000.0,9.83,15.16,0.07%,708945.0,0,0,0,0,0,0,0,0,1,0,0,0,0,0,0,0,0,0,0,0,0,0,0,0,0,0,0,0,1,0,1
PRO,GoPro Inc,Technology,Consumer Electronics,USA,247020000.0,,1.32,-2.94%,7624861.0,0,0,0,0,0,0,0,0,0,0,0,0,0,0,0,0,0,0,0,0,1,0,-1,0,0,0,0,0,1,1,2
PT,Intelligent Alpha Atlas ETF,Financial,Exchange Traded Fund,USA,,,35.26,-0.55%,588.0,0,1,0,0,0,0,0,-1,0,0,0,0,0,0,0,0,0,0,0,0,0,0,0,0,0,0,0,0,1,1,2
QGU,GQG US Equity ETF,Financial,Exchange Traded Fund,USA,,,27.06,0.82%,904460.0,0,0,0,0,0,0,0,0,0,0,0,0,0,0,0,1,0,0,0,0,0,0,0,0,0,0,0,0,1,0,1
QI,Natixis Gateway Quality Income ETF,Financial,Exchange Traded Fund,USA,,,61.18,0.18%,25288.0,0,0,0,0,0,0,0,-1,0,0,0,0,0,0,0,0,0,0,0,0,0,0,0,0,0,0,0,0,0,1,1
RAB,Grab Holdings Limited,Technology,Software - Application,Singapore,12520000000.0,22.17,3.07,-3.15%,94582648.0,0,0,0,-1,0,0,0,0,0,0,0,0,0,0,0,0,0,0,0,-1,0,0,0,0,0,0,0,0,0,2,2
RAG,Leverage Shares 2X Long GRAB Daily ETF,Financial,Exchange Traded Fund,USA,,,4.2,-5.73%,17022.0,0,0,0,0,0,0,0,0,0,0,0,0,0,0,0,0,0,0,0,-1,0,0,0,0,0,0,0,0,0,1,1
RC,Gorman-Rupp Co,Industrials,Specialty Industrial Machinery,USA,2040000000.0,32.63,77.22,-0.43%,134030.0,0,0,0,0,0,0,0,0,1,0,0,0,0,0,0,0,0,0,0,0,0,0,0,0,0,0,0,0,1,0,1
RDX,GridAI Technologies Corp,Healthcare,Biotechnology,USA,29730000.0,,4.17,8.88%,105199.0,0,0,0,0,0,0,0,0,0,0,0,0,0,0,0,0,0,0,0,0,0,0,0,0,0,0,-1,0,0,1,1
RF,Eagle Capital Growth Fund Inc,Financial,Closed-End Fund - Equity,USA,39120000.0,,9.86,0.00%,55.0,0,0,0,0,0,0,0,0,0,0,0,0,0,0,0,1,0,0,0,0,0,0,0,0,0,0,0,0,1,0,1
RID,First Trust Clean Edge Smart Grid,Financial,Exchange Traded Fund,USA,,,184.31,1.21%,453095.0,0,0,0,0,0,0,0,0,0,0,0,0,0,0,0,1,0,0,0,0,0,0,0,0,0,0,0,0,1,0,1
RIN,VictoryShares International Free Cash Flow Growth ETF,Financial,Exchange Traded Fund,USA,,,33.08,0.08%,7651.0,0,0,0,0,0,0,0,0,0,0,1,0,0,0,0,0,0,0,0,0,0,0,-1,0,0,0,0,0,1,1,2
RNI,Fundstrat Granny Shots US Large Cap & Income ETF,Financial,Exchange Traded Fund,USA,,,21.48,0.75%,33792.0,0,1,0,-1,0,0,0,-1,0,0,0,0,0,0,0,0,0,0,0,0,0,0,0,0,0,0,0,0,1,2,3
RNJ,Fundstrat Granny Shots US Small & Mid-Cap ETF,Financial,Exchange Traded Fund,USA,,,30.71,1.42%,90789.0,0,0,0,0,0,0,0,0,0,0,0,0,0,0,0,1,0,0,0,0,0,0,0,0,0,0,0,0,1,0,1
RNT,Granite Ridge Resources Inc,Energy,Oil & Gas E&P,USA,608060000.0,,4.61,2.22%,845925.0,0,0,0,0,0,0,0,0,0,0,0,0,-1,0,0,0,0,0,0,0,0,0,0,0,0,0,0,0,0,1,1
RNY,Fundstrat Granny Shots US Large Cap ETF,Financial,Exchange Traded Fund,USA,,,28.76,0.88%,1054696.0,0,0,0,0,0,0,0,-1,0,0,0,0,0,0,0,0,0,0,0,0,0,0,0,0,0,0,0,0,0,1,1
RO,Brazil Potash Corp,Basic Materials,Other Industrial Metals & Mining,Canada,141240000.0,,2.28,1.33%,235912.0,0,0,0,0,0,0,0,0,1,0,0,0,0,0,0,0,0,0,0,0,0,0,0,0,0,0,0,0,1,0,1
RRR,Gorilla Technology Group Inc,Technology,Software - Infrastructure,United Kingdom,335060000.0,,12.18,-0.57%,982568.0,0,0,0,0,0,0,0,0,1,0,0,0,0,0,0,0,0,0,0,0,0,0,0,0,0,0,0,0,1,0,1
RSD,Grandstand Ltd,Consumer Cyclical,Gambling,United Kingdom,53000000.0,,1.51,-2.58%,186162.0,0,0,0,0,0,0,0,0,1,0,0,0,0,0,0,0,0,0,0,0,0,0,0,0,0,0,0,0,1,0,1
RWG,GrowGeneration Corp,Consumer Cyclical,Specialty Retail,USA,91330000.0,,1.55,-0.64%,150492.0,0,0,0,0,0,0,0,-1,0,0,0,0,0,0,0,0,0,0,0,0,0,0,0,0,0,0,0,0,0,1,1
SGO,Goldman Sachs Growth Opportunities ETF,Financial,Exchange Traded Fund,USA,,,46.76,0.50%,5741.0,0,0,0,0,0,0,0,0,0,0,1,0,0,0,0,0,0,0,0,0,0,0,0,0,0,0,0,0,1,0,1
SIB,Themes Global Systemically Important Banks ETF,Financial,Exchange Traded Fund,USA,,,61.87,0.61%,1852.0,0,0,0,0,0,0,0,-1,0,0,0,0,0,0,0,0,0,0,0,0,0,0,0,0,0,0,0,0,0,1,1
SIT,GSI Technology Inc,Technology,Semiconductors,USA,214450000.0,,5.58,-1.06%,287291.0,0,0,0,0,0,0,0,0,0,0,0,0,0,0,0,0,0,0,0,0,0,0,0,0,0,1,0,0,1,0,1
SK,GSK Plc ADR,Healthcare,Drug Manufacturers - General,United Kingdom,93360000000.0,14.68,46.6,0.11%,6806414.0,0,0,0,-1,0,0,0,0,1,1,0,0,0,0,0,0,0,0,0,0,0,0,0,0,0,0,0,0,2,1,3
SKH,GSK plc ADRhedged,Financial,Exchange Traded Fund,USA,,,66.27,-0.17%,210.0,0,0,0,0,0,0,0,0,1,0,0,0,0,0,0,0,0,0,0,0,0,0,0,0,0,0,0,0,1,0,1
SM,Ferroglobe Plc,Basic Materials,Other Industrial Metals & Mining,United Kingdom,810980000.0,,4.34,-0.91%,1282663.0,0,0,0,0,0,0,0,0,0,0,0,0,0,0,0,0,0,0,0,0,0,0,0,0,0,0,0,1,1,0,1
SPY,Gotham Enhanced 500 ETF,Financial,Exchange Traded Fund,USA,,,43.06,0.56%,4843.0,0,0,0,0,0,0,0,0,0,0,1,0,0,0,0,0,0,0,0,0,0,0,0,0,0,0,0,0,1,0,1
SST,Goldman Sachs Ultra Short Bond ETF,Financial,Exchange Traded Fund,USA,,,50.33,0.04%,169018.0,0,1,0,0,0,0,0,0,0,0,0,0,0,0,0,0,0,0,0,0,0,0,0,0,0,0,0,0,1,0,1
SUI,Grayscale Sui Staking ETF,Financial,Exchange Traded Fund,USA,,,17.21,-1.49%,81846.0,0,0,0,0,0,0,0,0,0,0,0,0,0,0,0,0,0,0,0,0,0,0,0,0,0,1,0,0,1,0,1
SWO,Goldman Sachs ActiveBeta World Equity ETF,Financial,Exchange Traded Fund,USA,,,65.7,0.47%,77960.0,0,0,0,0,0,0,0,0,0,0,0,0,0,0,0,0,0,0,0,0,0,0,0,0,-1,0,0,0,0,1,1
SY,Invesco Ultra Short Duration ETF,Financial,Exchange Traded Fund,USA,,,50.01,0.00%,1794889.0,0,1,0,0,0,0,0,0,0,0,0,0,0,0,0,0,0,0,0,0,0,0,0,0,0,0,0,0,1,0,1
TEC,Greenland Technologies Holding Corp,Consumer Cyclical,Auto Parts,USA,20740000.0,1.3,0.78,-1.46%,141588.0,0,0,0,0,0,0,0,0,0,0,0,0,-1,0,0,0,0,0,0,0,0,0,0,0,0,0,0,0,0,1,1
TEK,Goldman Sachs Future Tech Leaders Equity ETF,Financial,Exchange Traded Fund,USA,,,61.71,-0.27%,29740.0,0,0,0,0,0,0,0,0,1,0,0,0,0,0,0,1,0,0,0,0,0,0,0,0,0,0,0,0,2,0,2
TM,ZoomInfo Technologies Inc,Technology,Software - Application,USA,1060000000.0,,3.65,-2.67%,3655813.0,0,0,0,0,0,0,0,0,0,0,1,0,0,0,0,0,0,0,0,0,0,0,0,0,0,0,0,0,1,0,1
TOC,Invesco Core Fixed Income ETF,Financial,Exchange Traded Fund,USA,,,23.92,0.22%,2041.0,0,0,0,0,0,0,0,0,1,1,0,0,0,0,0,0,0,0,0,0,0,0,0,0,0,0,0,0,2,0,2
TOH,Invesco Short Duration High Yield ETF,Financial,Exchange Traded Fund,USA,,,24.78,0.49%,2432.0,0,0,0,-1,0,0,0,0,0,0,0,0,0,0,0,0,0,0,0,0,0,0,0,0,0,0,0,0,0,1,1
TR,WisdomTree Target Range Fund,Financial,Exchange Traded Fund,USA,,,27.59,0.15%,696.0,0,0,0,-1,0,0,0,0,0,0,0,0,0,0,0,0,0,0,0,0,0,0,0,0,0,0,0,0,0,1,1
TX,Garrett Motion Inc,Consumer Cyclical,Auto Parts,USA,4870000000.0,14.27,26.09,-2.21%,3248722.0,0,0,0,0,0,0,0,0,1,0,0,0,0,0,0,0,0,0,0,0,0,0,0,0,0,0,0,0,1,0,1
TY,Getty Realty Corp,Real Estate,REIT - Retail,USA,1730000000.0,17.04,27.89,0.07%,476233.0,0,0,0,0,0,0,0,0,0,0,0,0,0,0,0,0,0,0,0,0,0,0,0,0,0,0,-1,0,0,1,1
UMI,Goldman Sachs Ultra Short Municipal Income ETF,Financial,Exchange Traded Fund,USA,,,50.09,0.06%,13144.0,0,1,0,0,0,0,0,0,0,0,0,0,0,0,0,0,0,0,0,0,0,0,0,0,0,0,0,0,1,0,1
URE,Gulf Resources Inc,Basic Materials,Chemicals,China,5470000.0,,3.02,-2.27%,29425.0,0,0,0,0,0,0,0,0,1,0,0,0,0,0,0,0,0,0,0,0,0,0,0,0,0,0,0,0,1,0,1
URU,Global X Guru Index ETF,Financial,Exchange Traded Fund,USA,,,68.29,-0.22%,589.0,0,0,0,0,0,0,0,0,0,0,0,0,0,0,0,0,0,1,0,0,0,0,0,0,0,0,0,0,1,0,1
USE,Goldman Sachs Enhanced U.S. Equity ETF,Financial,Exchange Traded Fund,USA,,,46.76,0.62%,1055.0,0,0,0,0,0,0,0,0,0,0,1,0,0,0,0,0,0,0,0,0,0,0,0,0,0,0,0,0,1,0,1
USH,Direxion Daily S&P Oil & Gas Exp. & Prod. Bull 2X ETF,Financial,Exchange Traded Fund,USA,,,44.53,1.07%,272625.0,0,0,0,0,0,0,0,0,0,0,1,0,0,0,0,0,0,0,0,0,0,0,-1,0,0,0,0,0,1,1,2
VAL,Cambria Global Value ETF,Financial,Exchange Traded Fund,USA,,,38.71,-0.62%,237827.0,0,0,0,0,0,0,0,-1,0,0,0,0,0,0,0,0,0,0,0,0,0,0,0,0,0,0,0,0,0,1,1
VH,Globavend Holdings Ltd,Industrials,Integrated Freight & Logistics,Australia,4820000.0,12.74,1.12,0.90%,21010.0,0,0,0,0,0,0,0,0,0,0,0,0,0,0,0,0,0,0,0,0,0,0,-1,0,0,0,0,0,0,1,1
VLU,Gotham 1000 Value ETF,Financial,Exchange Traded Fund,USA,,,27.42,0.47%,1898.0,0,1,0,0,0,0,0,0,0,0,0,0,0,0,0,0,0,0,0,0,0,0,0,0,0,0,0,0,1,0,1
WX,State Street SPDR S&P International Small Cap ETF,Financial,Exchange Traded Fund,USA,,,45.82,0.20%,36067.0,0,0,0,0,0,0,0,0,0,0,1,0,0,0,0,0,0,0,0,0,0,0,0,0,-1,0,0,0,1,1,2
XAI,Gaxos.AI Inc,Communication Services,Electronic Gaming & Multimedia,USA,5150000.0,,0.47,-4.29%,324059.0,0,0,0,0,0,0,0,0,1,0,0,0,0,0,0,0,0,0,0,0,0,0,0,0,0,0,0,0,1,0,1
XDW,Global X Dorsey Wright Thematic ETF,Financial,Exchange Traded Fund,USA,,,25.48,-0.22%,488.0,0,0,0,0,0,0,0,0,0,0,0,0,0,0,0,0,0,0,0,0,0,0,0,1,0,0,0,0,1,0,1
XIG,Global X Investment Grade Corporate Bond ETF,Financial,Exchange Traded Fund,USA,,,23.54,0.41%,1843.0,0,0,0,-1,0,0,0,0,0,0,0,0,0,0,0,0,0,0,0,-1,0,0,0,0,0,0,0,0,0,2,2
XO,GXO Logistics Inc,Industrials,Integrated Freight & Logistics,USA,5320000000.0,40.91,46.4,0.89%,886314.0,0,0,0,0,0,0,0,0,1,0,0,0,0,0,0,0,0,0,0,0,0,0,0,0,0,0,0,0,1,0,1
XPD,Global X PureCap MSCI Consumer Discretionary ETF,Financial,Exchange Traded Fund,USA,,,25.49,1.25%,14395.0,0,0,0,0,0,0,0,0,0,0,0,0,0,0,0,1,0,0,0,0,0,0,0,0,0,0,0,0,1,0,1
XPS,Global X PureCap MSCI Consumer Staples ETF,Financial,Exchange Traded Fund,USA,,,26.18,0.96%,11713.0,0,1,0,0,0,1,0,0,0,0,0,0,-1,-1,0,0,0,0,0,0,0,0,0,0,0,0,0,0,2,2,4
XUS,Goldman Sachs MarketBeta Total International Equity ETF,Financial,Exchange Traded Fund,USA,,,63.2,0.02%,382.0,0,0,0,0,0,0,0,-1,0,0,0,0,0,0,0,0,0,0,0,0,0,0,0,0,0,0,0,0,0,1,1
YLD,Arrow Dow Jones Global Yield ETF,Financial,Exchange Traded Fund,USA,,,13.41,0.66%,10409.0,0,0,0,0,0,0,0,0,0,0,0,0,0,0,0,0,0,0,0,0,0,0,0,0,-1,0,0,0,0,1,1
YRE,Gyre Therapeutics Inc,Healthcare,Biotechnology,USA,750720000.0,,7.08,-3.67%,133971.0,0,0,0,0,0,0,0,0,0,0,0,0,0,0,0,0,0,0,0,0,0,0,0,1,0,0,0,0,1,0,1
AE,Haemonetics Corp,Healthcare,Medical Devices,USA,4710000000.0,50.49,103.52,-1.11%,542077.0,0,0,0,0,0,0,0,0,0,0,0,0,0,0,0,0,0,0,0,0,0,0,-1,0,0,0,0,0,0,1,1
AUS,Residential REIT ETF,Financial,Exchange Traded Fund,USA,,,16.85,0.80%,2558.0,0,0,0,0,0,0,0,0,1,0,0,0,0,0,0,0,0,0,0,0,0,0,0,0,0,0,0,0,1,0,1
AWK,HawkEye 360 Inc,Industrials,Aerospace & Defense,USA,1410000000.0,,14.37,-0.07%,1163879.0,0,0,0,0,0,0,0,0,0,0,1,0,0,0,0,0,0,0,0,0,0,0,0,0,0,0,0,0,1,0,1
AWX,iShares Currency Hedged MSCI ACWI ex U.S. ETF,Financial,Exchange Traded Fund,USA,,,45.98,-0.18%,23417.0,0,1,0,0,0,0,0,0,0,0,0,0,0,0,0,0,0,0,0,0,0,0,0,0,0,0,0,0,1,0,1
BDC,Hilton BDC Corporate Bond ETF,Financial,Exchange Traded Fund,USA,,,24.31,0.21%,410700.0,0,1,0,-1,0,0,0,0,0,0,0,0,0,0,0,0,0,0,0,0,0,0,0,0,0,0,0,0,1,1,2
BNB,Hotel101 Global Holdings Corp,Real Estate,Real Estate Services,Singapore,1080000000.0,,4.62,1.54%,10795.0,0,0,0,0,0,1,0,0,1,0,0,0,0,0,0,0,0,0,0,0,0,0,0,0,0,0,0,0,2,0,2
BNC,Horizon Bancorp Inc (IN),Financial,Banks - Regional,USA,991460000.0,,19.31,0.36%,598791.0,0,0,0,-1,0,0,0,0,0,0,0,0,0,0,0,0,0,0,0,0,0,0,0,0,0,0,0,0,0,1,1
BT,HBT Financial Inc,Financial,Banks - Regional,USA,1320000000.0,15.6,36.29,-0.06%,167133.0,0,0,0,0,0,0,0,0,0,0,0,0,-1,0,0,0,0,0,0,0,0,0,0,0,0,0,0,0,0,1,1
BTA,Horizon Expedition Plus ETF,Financial,Exchange Traded Fund,USA,,,33.73,0.64%,67402.0,0,1,0,0,0,0,0,0,0,0,1,1,0,0,0,0,0,0,0,0,0,0,0,0,0,0,0,0,3,0,3
CC,Warrior Met Coal Inc,Basic Materials,Coking Coal,USA,4880000000.0,22.23,92.42,0.14%,335733.0,0,0,0,0,0,0,0,0,0,0,1,0,0,0,0,0,0,0,0,0,0,0,-1,0,0,0,0,0,1,1,2
CKT,Hackett Group Inc,Technology,Information Technology Services,USA,266820000.0,16.68,10.73,-0.88%,128213.0,0,0,0,0,0,0,0,0,0,0,0,0,-1,0,0,0,0,0,0,0,0,0,0,0,0,0,0,0,0,1,1
CMT,Direxion HCM Tactical Enhanced US ETF,Financial,Exchange Traded Fund,USA,,,44.64,1.02%,18358.0,0,0,0,0,0,0,0,0,0,0,1,0,0,0,0,0,0,0,0,0,0,0,0,0,0,0,0,0,1,0,1
DB,HDFC Bank Ltd ADR,Financial,Banks - Regional,India,115230000000.0,13.22,22.42,1.40%,10233081.0,0,0,0,0,0,0,0,0,1,1,0,0,0,0,0,0,0,0,0,0,0,0,0,0,0,0,0,0,2,0,2
DG,ProShares Hedge Replication ETF,Financial,Exchange Traded Fund,USA,,,54.24,-0.17%,178.0,0,0,0,0,0,0,0,0,0,0,1,0,0,0,0,0,0,0,0,0,0,0,0,0,-1,0,0,0,1,1,2
DL,Super Hi International Holding LTD ADR,Consumer Cyclical,Restaurants,Singapore,700190000.0,68.27,11.9,-0.00%,256.0,0,0,0,0,0,0,0,0,0,0,0,0,0,0,0,0,0,0,0,-1,0,0,0,0,0,0,0,0,0,1,1
DV,iShares Core High Dividend ETF,Financial,Exchange Traded Fund,USA,,,28.36,0.75%,2607629.0,0,0,0,0,0,1,0,0,0,0,0,0,0,0,0,0,0,0,0,0,0,0,0,0,0,0,0,0,1,0,1
E,Hawaiian Electric Industries Inc,Utilities,Utilities - Regulated Electric,USA,1540000000.0,6.9,8.93,1.36%,3055872.0,0,0,0,0,0,0,0,0,1,0,0,0,0,0,0,0,0,0,0,0,0,0,0,0,0,0,0,0,1,0,1
EDG,Equable Shares Hedged Equity ETF,Financial,Exchange Traded Fund,USA,,,30.97,0.02%,21375.0,0,0,0,-1,0,0,0,-1,0,0,0,0,0,0,0,0,0,0,0,0,0,0,0,0,0,0,0,0,0,2,2
EDJ,WisdomTree Europe Hedged Equity Fund,Financial,Exchange Traded Fund,USA,,,55.65,-0.08%,27935.0,0,0,0,0,0,0,0,0,0,0,0,0,-1,0,0,0,0,0,0,0,0,0,0,0,0,0,0,0,0,1,1
EFT,Hedgeye Fourth Turning ETF,Financial,Exchange Traded Fund,USA,,,26.59,0.08%,11906.0,0,0,0,0,0,0,0,0,0,0,0,0,-1,0,0,0,0,0,0,0,0,0,0,0,0,0,0,0,0,1,1
ELE,Helen of Troy Ltd,Consumer Defensive,Household & Personal Products,Bermuda,589760000.0,,25.32,-1.25%,399259.0,0,1,0,0,0,0,0,0,0,0,1,1,0,0,0,0,0,0,0,0,0,0,0,0,-1,0,0,0,3,1,4
EMI,Hartford Equity Premium Income ETF,Financial,Exchange Traded Fund,USA,,,41.95,0.38%,480.0,0,0,0,0,0,0,0,0,0,0,0,0,-1,-1,0,0,0,0,0,0,0,0,0,0,0,0,0,0,0,2,2
EPS,D-MARKET Electronic Services & Trading ADR,Consumer Cyclical,Internet Retail,Turkey,878790000.0,,2.46,1.65%,154926.0,0,1,0,0,0,1,0,0,0,0,0,0,0,0,0,0,0,0,0,0,0,0,0,0,0,0,0,0,2,0,2
EQQ,JPMorgan Nasdaq Hedged Equity Laddered Overlay ETF,Financial,Exchange Traded Fund,USA,,,62.83,0.03%,23.0,0,0,0,0,0,0,0,-1,0,0,0,0,0,0,0,0,0,0,0,0,0,0,0,0,0,0,0,0,0,1,1
EQT,Simplify Hedged Equity ETF,Financial,Exchange Traded Fund,USA,,,34.81,0.46%,36988.0,0,0,0,0,0,0,0,-1,0,0,0,0,0,0,0,0,0,0,0,0,0,0,0,0,0,0,0,0,0,1,1
ERO,Global X Video Games & Esports ETF,Financial,Exchange Traded Fund,USA,,,27.06,-0.96%,8415.0,0,0,0,0,0,0,0,0,0,0,1,0,0,0,0,0,0,0,0,0,0,0,0,0,0,0,0,0,1,0,1
EWJ,iShares Currency Hedged MSCI Japan ETF,Financial,Exchange Traded Fund,USA,,,66.82,0.06%,25411.0,0,0,0,0,0,0,0,0,0,0,0,0,0,0,0,1,0,0,0,0,0,0,0,0,0,0,0,0,1,0,1
FFG,HF Foods Group Inc,Consumer Defensive,Food Distribution,USA,86780000.0,,1.61,0.62%,50866.0,0,0,0,0,0,0,0,0,0,0,0,0,-1,-1,0,0,0,0,0,0,0,0,0,0,0,0,0,0,0,2,2
FGO,Hartford Large Cap Growth ETF,Financial,Exchange Traded Fund,USA,,,31.23,0.57%,10871.0,0,0,0,0,0,0,0,0,0,0,1,0,0,0,0,0,0,0,0,0,0,0,0,0,0,0,0,0,1,0,1
FMF,Unlimited HFMF Managed Futures ETF,Financial,Exchange Traded Fund,USA,,,22.43,-0.22%,11430.0,0,0,0,0,0,0,0,0,1,0,0,0,0,0,0,0,0,0,0,0,0,0,0,0,0,0,0,0,1,0,1
FRO,Highland Opportunities and Income Fund,Financial,Closed-End Fund - Debt,USA,367760000.0,,6.66,-1.04%,89420.0,0,0,0,0,0,0,0,0,1,0,0,0,0,0,0,0,0,0,0,0,0,0,0,0,0,0,0,0,1,0,1
FSI,Hartford Strategic Income ETF,Financial,Exchange Traded Fund,USA,,,33.55,0.10%,315645.0,0,0,0,0,0,0,0,0,1,0,0,0,0,0,0,0,0,0,0,0,0,0,0,0,0,0,0,0,1,0,1
FSP,TradersAI Large Cap Equity & Cash ETF,Financial,Exchange Traded Fund,USA,,,13.49,-0.11%,174.0,0,0,0,0,0,1,0,0,1,0,0,0,0,0,0,0,0,0,0,0,0,0,0,0,0,0,0,0,2,0,2
FXI,NYLIM FTSE International Equity Currency Neutral ETF,Financial,Exchange Traded Fund,USA,,,37.44,-0.16%,378946.0,0,1,0,0,0,0,0,0,0,0,0,0,0,0,0,0,0,0,0,0,0,0,0,0,0,0,0,0,1,0,1
GRO,Hedgeye Quality Growth ETF,Financial,Exchange Traded Fund,USA,,,30.58,0.09%,14980.0,0,0,0,0,0,0,0,0,0,0,0,0,-1,0,0,0,0,0,0,0,0,0,0,0,0,0,0,0,0,1,1
HH,Howard Hughes Holdings Inc,Real Estate,Real Estate - Diversified,USA,4380000000.0,14.84,73.28,2.26%,689517.0,0,0,0,0,0,0,0,0,0,0,0,0,0,0,0,0,0,0,0,0,1,0,0,0,0,0,0,0,1,0,1
IBL,Direxion Daily S&P 500 High Beta Bull 3X ETF,Financial,Exchange Traded Fund,USA,,,123.07,2.21%,29894.0,0,0,0,0,0,0,0,0,0,0,0,0,0,0,0,1,0,0,0,0,0,0,0,0,0,0,0,0,1,0,1
IBS,Direxion Daily S&P 500 High Beta Bear 3X ETF,Financial,Exchange Traded Fund,USA,,,15.22,-2.50%,77034.0,0,0,0,0,0,0,0,0,1,0,0,0,0,0,0,0,0,0,0,0,0,0,0,0,0,0,0,0,1,0,1
IDV,AB US High Dividend ETF,Financial,Exchange Traded Fund,USA,,,90.18,0.58%,32078.0,0,0,0,0,0,0,0,0,0,0,0,0,0,0,0,0,0,0,0,0,0,0,-1,0,0,0,0,0,0,1,1
IFS,Hingham Institution For Savings,Financial,Banks - Regional,USA,624420000.0,9.54,286.4,0.90%,23874.0,0,0,0,-1,0,0,0,0,0,0,0,0,0,0,0,1,0,0,0,0,0,0,0,0,0,0,0,0,1,1,2
IGH,Simplify Enhanced Income ETF,Financial,Exchange Traded Fund,USA,,,21.38,0.39%,24589.0,0,1,0,0,0,1,0,0,0,0,0,0,-1,0,0,0,0,0,0,0,0,0,0,0,0,1,0,0,3,1,4
II,Huntington Ingalls Industries Inc,Industrials,Aerospace & Defense,USA,10390000000.0,15.72,263.75,-1.02%,609352.0,0,0,0,0,0,0,0,0,1,0,0,0,0,0,0,0,0,0,0,0,0,0,0,0,0,0,0,0,1,0,1
IMC,Corgi HIMS 2x Daily ETF,Financial,Exchange Traded Fund,USA,,,14.83,-2.88%,416.0,0,0,0,0,0,0,0,0,1,0,0,0,0,0,0,0,0,0,0,0,0,0,0,0,0,0,0,0,1,0,1
IO,Western Asset High Income Opportunity Fund Inc,Financial,Closed-End Fund - Debt,USA,311930000.0,,3.28,1.23%,433769.0,0,0,0,0,0,0,0,0,1,0,0,0,0,0,0,0,0,0,0,0,0,0,0,0,0,0,0,0,1,0,1
L,Hecla Mining Co,Basic Materials,Other Precious Metals & Mining,USA,11490000000.0,21.93,17.1,0.53%,25370724.0,0,0,0,0,0,0,0,0,1,0,0,0,0,0,0,0,0,0,0,0,0,0,0,0,0,0,0,0,1,0,1
LIT,Harmonic Inc,Technology,Communication Equipment,USA,1220000000.0,,11.22,0.00%,1342459.0,0,0,0,0,0,0,0,0,0,0,0,0,-1,-1,0,0,0,0,0,0,0,0,0,0,0,0,0,0,0,2,2
LP,Hongli Group Inc,Basic Materials,Steel,China,188340000.0,95.45,2.52,2.02%,37080.0,0,1,0,0,0,0,0,0,0,0,0,0,0,0,0,0,0,0,0,0,0,0,0,0,0,0,0,0,1,0,1
LXC,Helix Acquisition Corp III,Financial,Shell Companies,USA,232730000.0,,10.54,-0.28%,52053.0,0,0,0,0,0,0,0,0,0,0,0,0,-1,0,0,0,0,0,0,0,0,0,0,0,0,0,0,0,0,1,1
MH,HMH Holding Inc,Energy,Oil & Gas Equipment & Services,USA,833360000.0,21.42,18.9,-1.46%,133383.0,0,0,0,0,0,0,0,0,1,0,0,0,0,0,0,0,0,0,0,0,0,0,0,0,0,0,0,0,1,0,1
NDL,Nasdaq 7HANDL Index ETF 1.23x Shares,Financial,Exchange Traded Fund,USA,,,21.9,0.85%,83190.0,0,0,0,0,0,0,0,0,0,0,0,0,0,0,0,0,0,0,0,0,0,0,0,1,0,0,0,0,1,0,1
NRG,Hallador Energy Co,Utilities,Utilities - Independent Power Producers,USA,698190000.0,715.46,14.81,6.16%,1019484.0,0,0,0,0,0,0,0,0,1,0,0,0,0,0,0,0,0,0,0,0,0,0,0,0,0,0,0,0,1,0,1
ODU,Direxion Daily HOOD Bull 2X ETF,Financial,Exchange Traded Fund,USA,,,13.15,-3.79%,219713.0,0,0,0,0,0,0,0,0,0,0,1,0,0,0,0,0,0,0,0,0,0,0,0,0,0,0,0,0,1,0,1
OG,Harley-Davidson Inc,Consumer Cyclical,Recreational Vehicles,USA,2800000000.0,16.66,26.94,2.86%,2265342.0,0,0,0,0,0,0,0,0,0,0,0,0,0,0,0,0,0,0,0,0,1,0,0,0,-1,0,0,0,1,1,2
OLA,JPMorgan International Hedged Equity Laddered Overlay ETF,Financial,Exchange Traded Fund,USA,,,55.58,0.29%,9003.0,0,0,0,0,0,0,0,0,0,0,1,0,0,0,0,0,0,0,0,0,0,0,0,0,-1,0,0,0,1,1,2
OLO,MicroCloud Hologram Inc,Technology,Software - Application,China,33920000.0,,1.48,-3.90%,237307.0,0,0,0,0,0,0,0,0,1,0,0,0,0,0,0,0,0,0,0,0,0,0,0,0,0,0,0,0,1,0,1
ON,Honeywell International Inc,Industrials,Conglomerates,USA,67470000000.0,7.87,212.87,-0.59%,3194797.0,0,1,0,0,0,0,0,0,0,0,0,0,0,0,0,0,0,0,0,0,0,0,0,0,0,0,0,0,1,0,1
ONA,Honeywell Aerospace Inc,Industrials,Aerospace & Defense,USA,49890000000.0,,157.39,1.06%,2017688.0,0,0,0,0,0,0,0,0,0,0,0,0,0,0,0,0,0,0,0,0,1,0,0,0,0,1,0,0,2,0,2
OOC,Corgi HOOD 2x Daily ETF,Financial,Exchange Traded Fund,USA,,,20.41,-3.79%,803.0,0,0,0,0,0,0,0,0,0,0,0,0,0,0,0,0,0,0,0,0,1,0,-1,0,0,0,0,0,1,1,2
OOG,Leverage Shares 2X Long HOOD Daily ETF,Financial,Exchange Traded Fund,USA,,,31.78,-3.90%,264550.0,0,0,0,0,0,0,0,0,0,0,1,0,0,0,0,0,0,0,0,0,0,0,0,0,0,0,0,0,1,0,1
OOX,Defiance Daily Target 2X Long HOOD ETF,Financial,Exchange Traded Fund,USA,,,35.76,-3.84%,22541.0,0,0,0,0,0,0,0,0,0,0,1,0,0,0,0,0,0,0,0,0,0,0,0,0,0,0,0,0,1,0,1
OS,Hornbeck Offshore Services Inc,Industrials,Marine Shipping,USA,1720000000.0,48.55,7.72,-1.66%,2057048.0,0,0,0,0,0,0,0,-1,0,0,0,0,0,0,0,0,0,0,0,0,0,0,0,0,0,0,0,0,0,1,1
OST,Host Digital Inc,Technology,Software - Infrastructure,USA,95040000.0,,3.37,9.06%,115758.0,0,0,0,0,0,0,0,0,0,0,0,0,0,0,0,0,0,0,0,0,0,0,-1,0,0,0,0,0,0,1,1
OUR,Hour Loop Inc,Consumer Cyclical,Internet Retail,USA,61600000.0,35.21,1.75,-3.85%,23642.0,0,0,0,0,0,0,0,0,0,0,0,0,-1,0,0,0,0,0,0,0,0,0,0,0,0,0,0,0,0,1,1
PE,Hewlett Packard Enterprise Co,Technology,Communication Equipment,USA,93560000000.0,36.75,70.48,3.10%,16704575.0,0,0,0,0,0,0,0,0,0,0,1,1,0,0,0,0,0,0,0,0,0,0,0,0,0,0,0,0,2,0,2
PI,John Hancock Preferred Income Fund,Financial,Closed-End Fund - Debt,USA,374290000.0,,13.97,1.16%,97394.0,0,1,0,0,0,0,0,0,0,0,0,0,0,0,0,0,0,0,0,0,0,0,0,0,0,0,0,0,1,0,1
PK,HighPeak Energy Inc,Energy,Oil & Gas E&P,USA,1040000000.0,,8.22,1.61%,641699.0,0,0,0,0,0,1,0,-1,0,0,0,0,0,0,0,0,0,0,0,0,0,0,0,0,0,0,0,0,1,1,2
QGO,Hartford US Quality Growth ETF,Financial,Exchange Traded Fund,USA,,,68.36,0.35%,4026.0,0,0,0,0,0,0,0,0,0,0,1,0,0,0,0,0,0,0,0,0,0,0,0,0,0,0,0,0,1,0,1
QI,HireQuest Inc,Industrials,Staffing & Employment Services,USA,261730000.00000003,32.11,18.83,-1.26%,19285.0,0,0,0,0,0,0,0,-1,0,0,0,0,0,0,0,0,0,0,0,0,0,0,0,0,0,0,0,0,0,1,1
RSK,Toews Agility Shares Hedged Risk ETF,Financial,Exchange Traded Fund,USA,,,25.69,0.28%,10412.0,0,0,0,0,0,0,0,0,1,0,0,0,0,0,0,0,0,0,0,0,0,0,0,0,0,0,0,0,1,0,1
SAI,Hesai Group ADR,Consumer Cyclical,Auto Parts,China,2120000000.0,34.94,16.27,2.26%,588742.0,0,0,0,-1,0,0,0,0,0,0,0,0,0,0,0,0,0,0,0,0,0,0,0,0,0,0,0,0,0,1,1
SBC,HSBC Holdings plc ADR,Financial,Banks - Diversified,United Kingdom,334540000000.0,13.98,97.58,0.93%,1334979.0,0,0,0,0,0,0,0,0,0,0,0,0,0,0,0,0,0,0,0,0,0,0,-1,0,0,0,0,0,0,1,1
SCZ,iShares Currency Hedged MSCI EAFE Small-Cap ETF,Financial,Exchange Traded Fund,USA,,,43.52,-0.21%,16580.0,0,0,0,-1,0,0,0,0,0,0,0,0,0,0,0,0,0,0,0,0,0,0,0,0,0,0,0,0,0,1,1
SLV,Highlander Silver Corp,Basic Materials,Silver,Canada,1050000000.0,166.56,5.18,-1.33%,575905.0,0,0,0,0,0,1,0,0,1,0,0,0,0,0,0,0,0,0,0,0,0,0,0,0,0,0,0,0,2,0,2
SY,Hershey Company,Consumer Defensive,Confectioners,USA,32310000000.000004,23.49,160.8,-0.13%,1396779.0,0,0,0,0,0,0,0,0,1,0,0,0,0,0,0,0,0,0,0,0,0,0,0,0,0,0,0,0,1,0,1
TB,HomeTrust Bancshares Inc,Financial,Banks - Regional,USA,775730000.0,12.17,46.47,-0.13%,201160.0,0,0,0,0,0,0,0,0,1,0,0,0,0,0,0,0,0,0,0,0,0,0,0,0,0,0,0,0,1,0,1
TH,Hilltop Holdings Inc,Financial,Financial Conglomerates,USA,2130000000.0,13.77,37.1,-2.75%,522657.0,0,0,0,0,0,0,0,0,0,0,1,0,0,0,0,0,0,0,0,0,0,0,0,0,0,0,0,0,1,0,1
TLM,HomesToLife Ltd,Consumer Cyclical,Specialty Retail,Singapore,158740000.0,16.18,1.77,-8.76%,10395.0,0,0,0,0,0,0,0,0,0,0,0,0,-1,0,0,0,0,0,0,0,0,0,0,0,0,1,0,0,1,1,2
TO,H2O America,Utilities,Utilities - Regulated Water,USA,2440000000.0,20.56,58.18,-0.44%,501251.0,0,0,0,0,0,0,0,0,0,0,0,0,0,0,0,0,0,0,0,0,0,0,-1,0,0,0,0,0,0,1,1
TOO,Fusion Elements Plc,Utilities,Utilities - Renewable,Ireland,15790000.0,,2.1,0.24%,8210.0,0,0,0,0,0,0,0,0,1,0,0,0,0,0,0,0,0,0,0,0,0,0,0,0,0,0,0,0,1,0,1
UBB,Hubbell Inc,Industrials,Electrical Equipment & Parts,USA,25650000000.0,28.74,485.41,0.99%,504550.0,0,0,0,0,0,0,0,0,1,1,0,0,0,0,0,0,0,0,0,0,0,0,0,0,0,0,0,0,2,0,2
UBS,HubSpot Inc,Technology,Software - Application,USA,10830000000.0,76.84,217.09,-1.60%,1185372.0,0,1,0,0,0,0,0,0,0,0,1,0,0,0,0,0,0,0,0,0,0,0,0,0,0,0,0,0,2,0,2
UDI,Huadi International Group Co Ltd,Basic Materials,Steel,China,9990000.0,,0.7,-0.26%,34528.0,0,1,0,0,0,0,0,0,0,0,0,0,0,0,0,0,0,0,0,0,0,0,0,0,0,0,0,0,1,0,1
UTG,Leverage Shares 2X Long HUT Daily ETF,Financial,Exchange Traded Fund,USA,,,14.1,6.47%,233274.0,0,0,0,0,0,0,0,0,1,0,0,0,0,0,0,0,0,0,0,0,0,0,0,0,0,0,0,0,1,0,1
VAC,AdvisorShares HVAC and Industrials ETF,Financial,Exchange Traded Fund,USA,,,35.84,2.47%,4106.0,0,0,0,0,0,0,0,0,0,0,0,0,0,0,0,0,0,0,0,0,0,0,0,0,0,0,-1,0,0,1,1
WBK,Hawthorn Bancshares Inc,Financial,Banks - Regional,USA,265950000.0,10.49,38.54,0.50%,7561.0,0,0,0,0,0,0,0,0,0,0,0,0,0,0,0,0,0,0,0,0,0,0,0,0,-1,0,0,0,0,1,1
XHX,Haoxin Holdings Ltd,Industrials,Integrated Freight & Logistics,China,4670000.0,7.89,0.32,-5.51%,330621.0,0,1,0,0,0,1,0,0,0,0,0,0,-1,0,0,0,0,0,0,0,0,0,0,0,0,0,0,0,2,1,3
Y,Hyster Yale Inc,Industrials,Farm & Heavy Construction Machinery,USA,576110000.0,,32.13,0.59%,121898.0,0,0,0,0,0,0,0,0,0,0,0,0,0,0,0,0,0,0,0,0,0,0,-1,0,0,0,0,0,0,1,1
YBI,NEOS Enhanced Income Credit Select ETF,Financial,Exchange Traded Fund,USA,,,48.23,-0.02%,28108.0,0,0,0,-1,0,0,0,0,1,1,0,0,0,0,0,0,0,0,0,0,0,0,0,0,0,0,0,0,2,1,3
YGH,iShares Interest Rate Hedged High Yield Bond ETF,Financial,Exchange Traded Fund,USA,,,85.48,0.35%,69712.0,0,0,0,0,0,0,0,0,0,0,0,0,-1,0,0,0,0,0,0,0,0,0,0,1,0,0,0,0,1,1,2
YGW,iShares High Yield Corporate Bond BuyWrite Strategy ETF,Financial,Exchange Traded Fund,USA,,,28.04,0.43%,17455.0,0,0,0,0,0,1,0,0,0,0,0,0,0,0,0,0,0,0,0,0,0,0,0,0,0,0,0,0,1,0,1
YIN,WisdomTree Private Credit and Alternative Income Fund,Financial,Exchange Traded Fund,USA,,,12.52,-0.10%,28364.0,0,0,0,0,0,0,0,0,0,0,0,0,-1,0,0,0,0,0,0,0,0,0,0,0,0,0,0,0,0,1,1
YLB,Xtrackers USD High Yield Corporate Bond ETF,Financial,Exchange Traded Fund,USA,,,35.21,0.43%,1813830.0,0,0,0,-1,0,0,0,0,0,0,0,0,0,0,0,0,0,0,0,0,0,0,0,0,0,0,0,0,0,1,1
YMC,Hycroft Mining Holding Corp,Basic Materials,Gold,USA,1780000000.0,,19.09,1.54%,1448127.0,0,0,0,0,0,0,0,0,1,1,0,0,0,0,0,0,0,0,0,0,0,0,0,0,0,0,0,0,2,0,2
YP,Golden Eagle Dynamic Hypergrowth ETF,Financial,Exchange Traded Fund,USA,,,30.4,-0.86%,6228.0,0,0,0,0,0,0,0,0,0,0,0,0,-1,0,0,0,0,0,0,0,0,0,0,0,0,0,0,0,0,1,1
YT,BlackRock Corporate High Yield Fund Inc,Financial,Closed-End Fund - Debt,USA,1530000000.0,,7.81,0.13%,1177873.0,0,0,0,-1,0,0,0,0,0,0,0,0,0,0,0,0,0,0,0,0,0,0,0,0,0,0,0,0,0,1,1
YTI,FT Vest High Yield & Target Income ETF,Financial,Exchange Traded Fund,USA,,,18.33,0.27%,29850.0,0,1,0,0,0,0,0,0,0,0,0,0,0,0,0,0,0,0,0,0,0,0,0,0,0,0,0,0,1,0,1
YTR,CP High Yield Trend ETF,Financial,Exchange Traded Fund,USA,,,20.78,-0.02%,68585.0,0,0,0,0,0,0,0,0,1,1,0,0,0,0,0,0,0,0,0,0,0,0,0,0,0,0,0,0,2,0,2
YUP,Xtrackers High Beta High Yield Bond ETF,Financial,Exchange Traded Fund,USA,,,39.7,0.60%,1174.0,0,0,0,-1,0,0,0,0,0,0,0,0,0,0,0,0,0,0,0,0,0,0,0,0,0,0,0,0,0,1,1
ZO,Marinemax Inc,Consumer Cyclical,Specialty Retail,USA,1160000000.0,362.81,52.39,0.08%,764039.0,0,1,0,0,0,0,0,0,0,0,0,0,0,0,0,0,0,0,0,0,0,0,0,0,0,0,0,0,1,0,1
AE,Voya Asia Pacific High Dividend Equity Income Fund,Financial,Closed-End Fund - Foreign,USA,97180000.0,,9.04,-1.09%,293119.0,0,0,0,0,0,0,0,0,0,0,0,0,0,0,0,1,0,0,0,0,0,0,0,0,0,0,0,0,1,0,1
ALT,iShares Systematic Alternatives Active ETF,Financial,Exchange Traded Fund,USA,,,30.09,0.27%,2372830.0,0,0,0,0,0,1,0,0,0,0,0,0,0,0,0,0,0,0,0,0,0,0,0,0,0,0,0,0,1,0,1
AUI,NEOS Gold High Income ETF,Financial,Exchange Traded Fund,USA,,,48.43,0.62%,175794.0,0,0,0,0,0,0,0,0,1,0,0,0,0,0,0,0,0,0,0,0,0,0,0,0,0,0,0,0,1,0,1
BDR,iShares iBonds Dec 2026 Term Corporate ETF,Financial,Exchange Traded Fund,USA,,,24.18,0.04%,890891.0,0,0,0,-1,0,0,0,0,0,0,0,0,-1,-1,0,0,0,0,0,0,0,0,0,0,0,1,0,0,1,3,4
BDS,iShares iBonds Dec 2027 Term Corporate ETF,Financial,Exchange Traded Fund,USA,,,24.07,0.04%,771818.0,0,0,0,0,0,1,0,0,0,0,0,0,0,0,0,0,0,0,0,-1,0,0,0,0,0,0,0,0,1,1,2
BDT,iShares iBonds Dec 2028 Term Corporate ETF,Financial,Exchange Traded Fund,USA,,,24.92,0.04%,1262191.0,0,0,0,0,0,0,0,0,0,0,0,0,0,0,0,0,0,0,0,-1,0,0,0,0,0,0,0,0,0,1,1
BDZ,iShares iBonds Dec 2034 Term Corporate ETF,Financial,Exchange Traded Fund,USA,,,24.61,0.33%,260832.0,0,0,0,0,0,0,0,0,0,0,0,0,0,0,0,0,0,0,0,-1,0,0,0,0,0,0,0,0,0,1,1
BFR,Innovator International Developed Managed 10 Buffer ETF,Financial,Exchange Traded Fund,USA,,,50.29,0.16%,64.0,0,0,0,0,0,0,0,0,0,0,0,0,0,0,0,0,0,0,0,0,0,0,-1,0,0,0,0,0,0,1,1
BGK,iShares iBonds Dec 2054 Term Treasury ETF,Financial,Exchange Traded Fund,USA,,,20.92,0.25%,56.0,0,0,0,0,0,0,0,0,1,0,0,0,0,0,0,0,0,0,0,0,0,0,0,0,0,0,0,0,1,0,1
BGL,iShares iBonds Dec 2055 Term Treasury ETF,Financial,Exchange Traded Fund,USA,,,21.49,0.25%,190.0,0,0,0,0,0,0,0,0,1,1,0,0,0,0,0,0,0,0,0,0,0,0,0,0,0,0,0,0,2,0,2
BGM,iShares iBonds Dec 2056 Term Treasury ETF,Financial,Exchange Traded Fund,USA,,,22.35,0.24%,6476.0,0,0,0,0,0,0,0,0,1,0,0,0,0,0,0,0,0,0,0,0,0,0,0,0,0,0,0,0,1,0,1
BHG,iShares iBonds 2027 Term High Yield and Income ETF,Financial,Exchange Traded Fund,USA,,,21.75,0.23%,104418.0,0,0,0,0,0,0,0,0,1,0,0,0,0,0,0,0,0,0,0,0,0,0,0,0,0,0,0,0,1,0,1
BHI,iShares iBonds 2029 Term High Yield and Income ETF,Financial,Exchange Traded Fund,USA,,,22.81,0.26%,195389.0,0,1,0,0,0,0,0,0,0,0,0,0,0,0,0,0,0,0,0,0,0,0,0,0,0,0,0,0,1,0,1
BKR,Interactive Brokers Group Inc,Financial,Capital Markets,USA,41040000000.0,36.06,90.58,1.72%,3416521.0,0,0,0,0,0,0,0,0,0,0,0,0,-1,0,0,0,0,0,0,0,0,0,0,0,0,0,0,0,0,1,1
BM,International Business Machines Corp,Technology,Information Technology Services,USA,208480000000.0,19.64,221.29,-0.13%,3938668.0,0,0,0,0,0,0,0,0,1,0,0,0,0,0,0,0,0,0,0,0,0,0,0,0,0,0,0,0,1,0,1
BMO,iShares iBonds Dec 2026 Term Muni Bond ETF,Financial,Exchange Traded Fund,USA,,,25.61,0.10%,89898.0,0,1,0,-1,0,1,0,0,0,0,0,0,0,0,0,0,0,0,0,0,1,1,0,0,0,0,0,0,4,1,5
BMP,iShares iBonds Dec 2027 Term Muni Bond ETF,Financial,Exchange Traded Fund,USA,,,25.21,0.04%,247953.0,0,0,0,0,0,0,0,0,0,0,0,0,-1,0,0,0,0,0,0,0,0,0,0,0,0,0,0,0,0,1,1
BND,State Street SPDR Bloomberg International Corporate Bond ETF,Financial,Exchange Traded Fund,USA,,,29.78,0.57%,99813.0,0,0,0,0,0,0,0,0,1,0,0,0,0,0,0,0,0,0,0,0,0,0,0,0,0,0,0,0,1,0,1
BO,Impact BioMedical Inc,Healthcare,Biotechnology,USA,39980000.0,,4.68,-3.31%,21173.0,0,1,0,0,0,0,0,0,0,0,0,0,-1,-1,0,0,0,0,0,0,0,0,0,0,0,0,0,0,1,2,3
BOT,VanEck Robotics ETF,Financial,Exchange Traded Fund,USA,,,67.19,-0.15%,13736.0,0,0,0,0,0,0,0,0,0,0,0,0,0,0,0,0,0,0,0,0,0,0,-1,0,0,0,0,0,0,1,1
BP,Installed Building Products Inc,Consumer Cyclical,Residential Construction,USA,5130000000.0,20.76,192.85,0.91%,560365.0,0,0,0,0,0,0,0,0,0,0,0,0,-1,0,0,0,0,0,0,0,0,0,0,0,0,0,0,0,0,1,1
BRX,ImmunityBio Inc,Healthcare,Biotechnology,USA,10270000000.0,,9.69,-6.65%,16886967.0,0,1,0,0,0,0,0,0,0,0,0,0,0,0,0,0,0,0,0,0,0,0,0,0,0,0,0,0,1,0,1
BTG,iShares iBonds Dec 2026 Term Treasury ETF,Financial,Exchange Traded Fund,USA,,,22.82,-0.04%,801897.0,0,0,0,0,0,0,0,0,0,0,0,0,0,0,0,0,0,0,0,-1,0,0,0,0,0,0,0,0,0,1,1
BTL,iShares iBonds Dec 2031 Term Treasury ETF,Financial,Exchange Traded Fund,USA,,,19.44,0.10%,450385.0,0,0,0,0,0,0,0,0,1,1,0,0,0,0,0,0,0,0,0,0,0,0,0,0,0,0,0,0,2,0,2
BTQ,iShares iBonds Dec 2035 Term Treasury ETF,Financial,Exchange Traded Fund,USA,,,23.59,0.23%,109859.0,0,0,0,0,0,0,0,0,1,1,0,0,0,0,0,0,0,0,0,0,0,0,0,0,0,0,0,0,2,0,2
BX,Tradr 2X Long IBM Daily ETF,Financial,Exchange Traded Fund,USA,,,15.55,-0.26%,393590.0,0,0,0,0,0,0,0,0,1,0,0,0,0,0,0,0,0,0,0,0,0,0,0,0,0,0,0,0,1,0,1
CAP,Infrastructure Capital Equity Income ETF,Financial,Exchange Traded Fund,USA,,,27.96,2.03%,19661.0,0,0,0,0,0,0,0,0,1,0,0,0,0,0,0,0,0,0,0,0,0,0,0,0,0,0,0,0,1,0,1
CCC,Immucell Corp,Healthcare,Biotechnology,USA,90550000.0,118.83,9.97,2.26%,832.0,0,0,0,0,0,0,0,0,0,0,0,0,-1,0,0,0,0,0,0,0,0,0,0,0,0,0,0,0,0,1,1
CL,ICL Group Ltd,Basic Materials,Agricultural Inputs,Israel,6560000000.0,21.51,5.08,0.40%,1018387.0,0,0,0,0,0,0,0,0,0,0,0,0,-1,0,0,0,0,0,0,0,0,0,0,0,0,0,0,0,0,1,1
CLR,Icon Plc,Healthcare,Diagnostics & Research,Ireland,12480000000.0,293.5,161.69,-3.94%,984008.0,0,0,0,0,0,0,0,0,0,0,1,0,0,0,0,0,0,0,0,0,0,0,0,0,0,0,0,0,1,0,1
CMB,Investcorp Credit Management BDC Inc,Financial,Asset Management,USA,10430000.0,,0.72,2.09%,153914.0,0,0,0,0,0,0,0,0,1,0,0,0,0,0,0,0,0,0,0,0,0,0,0,0,0,0,0,0,1,0,1
CON,Icon Energy Corp,Industrials,Marine Shipping,USA,,,0.93,1.09%,7637.0,0,0,0,0,0,0,0,0,0,0,0,0,0,0,0,0,0,0,0,0,0,0,0,0,0,1,0,0,1,0,1
CSH,iShares Ultra Short Duration Bond Active ETF,Financial,Exchange Traded Fund,USA,,,50.29,0.02%,2159118.0,0,0,0,-1,0,0,0,0,0,0,0,0,0,0,0,0,0,0,0,0,0,0,0,0,0,0,0,0,0,1,1
DEC,Innovator International Developed Power Buffer ETF December,Financial,Exchange Traded Fund,USA,,,34.63,0.21%,1707.0,0,1,0,0,0,0,0,0,0,0,0,0,0,0,0,0,0,0,0,0,0,0,0,0,0,0,0,0,1,0,1
DEQ,Lazard International Dynamic Equity ETF,Financial,Exchange Traded Fund,USA,,,35.24,-0.23%,415417.0,0,0,0,0,0,0,0,-1,0,0,0,0,0,0,0,0,0,0,0,0,0,0,0,0,0,0,0,0,0,1,1
DEV,iShares Core MSCI International Developed Markets ETF,Financial,Exchange Traded Fund,USA,,,89.86,0.23%,1795300.0,0,1,0,0,0,0,0,0,0,0,0,0,0,0,0,0,0,0,0,0,0,0,0,0,0,0,0,0,1,0,1
DGT,iShares U.S. Digital Infrastructure and Real Estate ETF,Financial,Exchange Traded Fund,USA,,,118.35,2.96%,25756.0,0,0,0,0,0,0,0,0,0,0,0,0,0,0,0,0,0,0,0,0,0,0,0,0,0,0,-1,0,0,1,1
DMO,Invesco S&P International Developed Momentum ETF,Financial,Exchange Traded Fund,USA,,,61.76,0.29%,301583.0,0,0,0,0,0,0,0,-1,0,0,0,0,0,0,0,0,0,0,0,0,0,0,0,0,0,0,0,0,0,1,1
DVO,Amplify CWP International Enhanced Dividend Income ETF,Financial,Exchange Traded Fund,USA,,,42.24,0.21%,184643.0,0,1,0,-1,0,0,0,0,0,0,1,0,0,0,0,0,0,0,0,0,0,0,0,0,0,0,0,0,2,1,3
DVZ,Polen International Dividend Income Fund,Financial,Exchange Traded Fund,USA,,,33.38,0.36%,37111.0,0,0,0,0,0,0,0,0,0,0,0,0,0,0,0,0,0,0,0,0,1,0,0,0,0,0,0,0,1,0,1
DYN,iShares International Equity Factor Rotation Active ETF,Financial,Exchange Traded Fund,USA,,,30.4,0.08%,1200.0,0,0,0,0,0,0,0,0,0,0,1,0,0,0,0,0,0,0,0,0,0,0,0,0,0,0,0,0,1,0,1
EAG,Infinite Eagle Acquisition Corp,Financial,Shell Companies,USA,441950000.0,110.29,10.18,0.00%,111.0,0,0,0,0,0,0,0,0,0,0,0,0,0,0,0,0,0,0,0,0,0,0,0,0,-1,0,0,0,0,1,1
EF,iShares 7-10 Year Treasury Bond ETF,Financial,Exchange Traded Fund,USA,,,89.12,0.23%,12128380.0,0,0,0,0,0,1,0,0,0,0,0,0,0,0,0,0,0,0,0,0,0,0,0,0,0,0,0,0,1,0,1
EFA,iShares Core MSCI EAFE ETF,Financial,Exchange Traded Fund,USA,,,97.25,0.13%,8377208.0,0,1,0,0,0,0,0,0,0,0,0,0,0,0,0,0,0,0,0,0,0,0,0,0,0,0,0,0,1,0,1
EUS,iShares MSCI Europe Small-Cap ETF,Financial,Exchange Traded Fund,USA,,,69.71,0.40%,5205.0,0,0,0,-1,0,0,0,0,0,0,1,0,0,0,0,0,0,0,0,0,0,0,0,0,0,0,0,0,1,1,2
FBD,Infobird Co Ltd,Technology,Software - Application,Hong Kong,6730000.0,,0.82,-2.39%,40590.0,0,0,0,0,0,0,0,0,0,0,0,0,0,0,0,0,0,1,0,0,0,0,0,0,0,0,0,0,1,0,1
FF,International Flavors & Fragrances Inc,Basic Materials,Specialty Chemicals,USA,21410000000.0,77.86,83.92,0.79%,1835575.0,0,1,0,0,0,0,0,0,0,0,0,0,0,0,0,0,0,0,0,0,0,0,0,0,0,0,0,0,1,0,1
FLR,Innovator International Developed Managed Floor ETF,Financial,Exchange Traded Fund,USA,,,52.97,0.29%,8498.0,0,0,0,0,0,0,0,0,0,0,1,0,0,0,0,0,0,0,0,0,0,0,0,0,0,0,0,0,1,0,1
FN,Aberdeen India Fund Inc,Financial,Closed-End Fund - Equity,USA,457780000.0,,10.57,1.15%,185708.0,0,0,0,0,0,0,0,0,0,0,0,0,-1,0,0,0,0,0,0,0,0,0,0,0,0,0,0,0,0,1,1
GBH,iShares Interest Rate Hedged Long-Term Corporate Bond ETF,Financial,Exchange Traded Fund,USA,,,24.62,0.33%,276391.0,0,0,0,0,0,0,0,0,0,0,0,0,0,0,0,1,0,0,0,0,0,0,0,0,0,0,0,0,1,0,1
GC,IGC Pharma Inc,Healthcare,Biotechnology,USA,28940000.0,,0.28,-0.71%,1113555.0,0,0,0,0,0,0,0,0,0,0,0,0,-1,0,0,0,0,0,0,0,0,0,0,0,0,0,0,0,0,1,1
GHG,ProShares Investment Grade-Interest Rate Hedged,Financial,Exchange Traded Fund,USA,,,77.84,0.18%,29073.0,0,0,0,0,0,0,0,0,0,0,0,0,0,0,0,0,0,1,0,0,0,0,0,0,0,0,0,0,1,0,1
GLB,iShares 10 Year Investment Grade Corporate Bond ETF,Financial,Exchange Traded Fund,USA,,,45.57,0.37%,2031119.0,0,1,0,0,0,0,0,0,1,0,0,0,0,0,0,0,0,0,0,0,0,0,0,0,0,0,0,0,2,0,2
GOV,iShares International Treasury Bond ETF,Financial,Exchange Traded Fund,USA,,,39.89,0.30%,212543.0,0,0,0,0,0,0,0,0,0,0,0,0,-1,0,0,0,0,0,0,0,0,0,0,0,0,0,0,0,0,1,1
GSB,iShares 1-5 Yr IG Corporate Bond,Financial,Exchange Traded Fund,USA,,,51.19,0.14%,3156762.0,0,1,0,-1,0,0,0,0,0,0,0,0,0,0,0,0,0,0,0,0,0,0,0,0,0,0,0,0,1,1,2
H,iHuman Inc ADR,Consumer Defensive,Education & Training Services,China,25440000.0,19.29,1.14,-0.87%,1122.0,0,0,0,0,0,0,0,0,0,0,0,0,0,0,0,0,0,0,0,-1,0,0,0,0,0,0,0,0,0,1,1
HAK,iShares Cybersecurity and Tech ETF,Financial,Exchange Traded Fund,USA,,,70.74,1.58%,184570.0,0,0,0,0,0,0,0,0,0,0,1,0,0,0,0,0,0,1,0,0,0,0,0,0,0,0,0,0,2,0,2
HD,Voya Emerging Markets High Dividend Equity Fund,Financial,Closed-End Fund - Foreign,USA,136210000.0,,7.68,-0.90%,640430.0,0,0,0,0,0,0,0,0,0,0,0,0,-1,0,0,1,0,0,0,0,0,0,0,0,0,0,0,0,1,1,2
HDG,WisdomTree International Hedged Quality Dividend Growth Fund,Financial,Exchange Traded Fund,USA,,,52.07,-0.04%,72295.0,0,1,0,0,0,0,0,0,0,0,0,0,0,0,0,0,0,0,0,0,0,0,0,0,0,0,0,0,1,0,1
HF,iShares U.S. Healthcare Providers ETF,Financial,Exchange Traded Fund,USA,,,55.9,-0.25%,579139.0,0,0,0,0,0,0,0,0,0,0,0,0,0,0,0,0,0,0,0,0,0,0,0,0,-1,0,0,0,0,1,1
HG,Intercontinental Hotels Group ADR,Consumer Cyclical,Lodging,United Kingdom,23490000000.0,34.17,160.54,0.65%,129744.0,0,0,0,0,0,0,0,0,0,0,0,0,-1,0,0,0,0,0,0,0,0,0,0,0,0,0,0,0,0,1,1
HI,iShares U.S. Medical Devices ETF,Financial,Exchange Traded Fund,USA,,,50.93,-1.28%,1814202.0,0,0,0,0,0,1,0,0,0,0,0,0,0,0,0,0,0,0,0,0,0,0,0,0,0,0,0,0,1,0,1
HS,IHS Holding Ltd,Real Estate,Real Estate Services,United Kingdom,2860000000.0,20.16,8.44,-0.12%,492620.0,0,0,0,0,0,1,0,0,0,0,0,0,0,0,0,0,0,0,0,0,0,0,0,0,0,0,0,0,1,0,1
HT,Innsuites Hospitality Trust,Real Estate,REIT - Hotel & Motel,USA,16640000.0,,1.2,-8.40%,51468.0,0,0,0,0,0,0,0,0,1,0,0,0,0,0,0,0,0,0,0,0,0,0,0,0,0,0,-1,0,1,1,2
II,Information Services Group Inc,Technology,Information Technology Services,USA,276440000.0,24.54,5.71,-1.89%,201759.0,0,0,0,0,0,0,0,0,0,0,0,0,0,0,0,0,0,0,0,0,0,0,0,1,0,0,0,0,1,0,1
JT,iShares S&P Small-Cap 600 Growth ETF,Financial,Exchange Traded Fund,USA,,,163.95,-0.02%,505352.0,0,0,0,0,0,0,0,0,0,0,0,0,0,0,0,0,0,0,0,0,0,0,-1,0,0,0,0,0,0,1,1
JUN,Innovator International Developed Power Buffer ETF - June,Financial,Exchange Traded Fund,USA,,,31.31,0.13%,469.0,0,0,0,-1,0,0,0,0,0,0,0,0,0,0,0,0,0,0,0,0,0,0,0,0,0,0,0,0,0,1,1
LAG,Intelligent Living Application Group Inc,Industrials,Building Products & Equipment,Hong Kong,5840000.0,,2.71,0.37%,71.0,0,0,0,0,0,0,0,0,0,0,1,0,0,0,0,0,0,0,0,0,0,0,0,0,0,0,0,0,1,0,1
LDR,First Trust Innovation Leaders ETF,Financial,Exchange Traded Fund,USA,,,40.82,0.79%,44648.0,0,0,0,0,0,0,0,0,0,0,0,0,0,0,0,1,0,0,0,0,0,0,0,0,0,0,0,0,1,0,1
LIT,iShares Lithium Miners and Producers ETF,Financial,Exchange Traded Fund,USA,,,12.62,0.44%,8269.0,0,0,0,0,0,0,0,0,1,0,0,0,0,0,0,0,0,0,0,0,0,0,0,0,0,0,0,0,1,0,1
LOW,AB International Low Volatility Equity ETF,Financial,Exchange Traded Fund,USA,,,45.43,0.02%,20923.0,0,1,0,0,0,0,0,0,0,0,0,0,0,0,0,0,0,0,0,0,0,0,0,0,0,0,0,0,1,0,1
LPT,Industrial Logistics Properties Trust,Real Estate,REIT - Industrial,USA,480230000.0,,7.2,1.20%,294658.0,0,0,0,0,0,0,0,0,0,0,0,0,-1,0,0,0,0,0,0,0,0,0,0,0,0,0,0,0,0,1,1
LTB,iShares Core 10+ Year USD Bond ETF,Financial,Exchange Traded Fund,USA,,,44.69,0.38%,471930.0,0,0,0,0,0,1,0,0,1,1,0,0,0,0,0,0,0,0,0,0,0,0,0,0,0,0,0,0,3,0,3
MFL,Invesco International Developed Dynamic Multifactor ETF,Financial,Exchange Traded Fund,USA,,,33.45,-0.15%,92703.0,0,1,0,0,0,0,0,0,0,0,0,0,0,0,0,0,0,0,0,0,1,0,0,0,0,0,0,0,2,0,2
MKTA,Ingles Markets Inc,Consumer Defensive,Grocery Stores,USA,1590000000.0,15.52,85.42,-1.26%,96410.0,0,0,0,-1,0,0,0,0,0,0,0,0,0,0,0,0,0,0,0,0,0,0,0,0,0,0,0,0,0,1,1
MNN,Imunon Inc,Healthcare,Biotechnology,USA,6290000.0,,1.12,-9.68%,86776.0,0,0,0,0,0,0,0,0,0,0,0,0,0,0,0,0,0,0,0,-1,0,0,0,0,0,0,0,0,0,1,1
MO,Imperial Oil Ltd,Energy,Oil & Gas Integrated,Canada,59090000000.0,19.89,122.19,-1.07%,557136.0,0,0,0,0,0,0,0,0,0,0,1,0,0,0,0,0,0,0,0,0,0,0,-1,0,0,0,0,0,1,1,2
MOM,Alpha Architect International Quantitative Momentum ETF,Financial,Exchange Traded Fund,USA,,,40.63,-0.44%,14509.0,0,0,0,0,0,0,0,0,0,0,0,0,-1,0,0,0,0,0,0,0,0,0,0,0,0,0,0,0,0,1,1
MSR,Terrestrial Energy Inc,Utilities,Utilities - Regulated Electric,USA,416330000.0,,3.93,4.80%,1511088.0,0,0,0,0,0,0,0,0,1,0,0,0,0,0,0,0,0,0,0,0,0,0,0,0,0,0,0,0,1,0,1
MTB,iShares Core 5-10 Year USD Bond ETF,Financial,Exchange Traded Fund,USA,,,41.3,0.27%,246096.0,0,0,0,0,0,0,0,0,0,0,0,0,0,0,0,0,0,0,0,-1,0,0,0,0,0,0,0,0,0,1,1
MTE,Integrated Media Technology Limited,Technology,Electronic Components,Australia,1560000.0,,0.46,1.52%,3922.0,0,0,0,0,0,0,0,0,1,0,0,0,0,0,0,0,0,0,0,0,0,0,0,0,0,0,0,0,1,0,1
MTM,iShares MSCI Intl Momentum Factor ET,Financial,Exchange Traded Fund,USA,,,53.37,0.40%,270216.0,0,0,0,0,0,0,0,-1,0,0,0,0,0,0,0,0,0,0,0,0,0,0,0,0,0,0,0,0,0,1,1
NAC,Indigo Acquisition Corp,Financial,Shell Companies,USA,153450000.0,40.04,10.37,0.39%,4618.0,0,0,0,0,0,0,0,0,0,0,0,0,0,0,0,0,0,1,0,0,0,0,0,0,0,0,0,0,1,0,1
NCE,Franklin Income Equity Focus ETF,Financial,Exchange Traded Fund,USA,,,66.19,0.37%,24988.0,0,0,0,0,0,0,0,-1,0,0,0,0,0,0,0,0,0,0,0,0,0,0,0,0,0,0,0,0,0,1,1
NCR,Intercure Ltd,Healthcare,Drug Manufacturers - Specialty & Generic,Israel,63040000.0,,5.32,-2.39%,2630.0,0,0,0,0,0,0,0,0,0,0,1,0,0,0,0,0,0,0,0,0,0,0,0,0,0,0,0,0,1,0,1
ND,Xtrackers Nifty 500 India ETF,Financial,Exchange Traded Fund,USA,,,21.58,0.30%,337.0,0,0,0,0,0,0,0,0,0,0,0,0,0,0,0,1,0,0,0,0,0,0,0,0,0,0,0,0,1,0,1
NDE,Matthews India Active ETF,Financial,Exchange Traded Fund,USA,,,28.99,0.84%,157.0,0,0,0,0,0,0,0,-1,0,0,0,0,0,0,0,0,0,0,0,0,0,0,0,0,0,0,0,0,0,1,1
NDH,WisdomTree India Hedged Equity Fund,Financial,Exchange Traded Fund,USA,,,37.12,0.56%,317.0,0,0,0,0,0,0,0,0,0,0,1,0,0,0,0,0,0,0,0,0,0,0,0,0,0,0,0,0,1,0,1
NDL,Direxion Daily MSCI India Bull 2X ETF,Financial,Exchange Traded Fund,USA,,,39.62,0.87%,18756.0,0,0,0,0,0,0,0,0,0,0,0,0,-1,0,0,0,0,0,0,0,0,0,0,0,0,0,0,0,0,1,1
NDQ,Pacer ActiveAlpha India Quality ETF,Financial,Exchange Traded Fund,USA,,,24.61,-0.03%,12.0,0,0,0,0,0,0,0,0,0,0,0,0,0,0,0,0,0,0,0,0,1,0,0,0,0,0,0,0,1,0,1
NFO,Harbor PanAgora Dynamic Large Cap Core ETF,Financial,Exchange Traded Fund,USA,,,28.66,0.50%,21972.0,0,0,0,0,0,0,0,0,0,0,1,0,0,0,0,0,0,0,0,0,0,0,0,0,0,0,0,0,1,0,1
NFQ,Infleqtion Inc,Technology,Software - Infrastructure,USA,2830000000.0,,12.54,-0.95%,5706036.0,0,0,0,0,0,0,0,0,0,0,0,0,-1,0,0,0,0,0,0,0,0,0,0,0,0,0,0,0,0,1,1
NFY,Infosys Ltd ADR,Technology,Information Technology Services,India,42810000000.0,12.93,10.55,-1.95%,20108070.0,0,0,0,0,0,0,0,0,0,0,0,0,0,0,0,0,0,0,0,-1,0,0,0,0,0,0,0,0,0,1,1
NGM,Ingram Micro Holding Corp,Technology,Information Technology Services,USA,6480000000.0,15.33,28.17,2.14%,1055616.0,0,0,0,0,0,0,0,0,0,0,0,0,0,0,0,1,0,0,0,0,0,0,0,0,0,0,0,0,1,0,1
NGR,Ingredion Inc,Consumer Defensive,Packaged Foods,USA,6100000000.0,10.54,96.75,-0.10%,568648.0,0,0,0,0,0,0,0,0,0,0,0,0,-1,0,0,0,0,0,0,0,0,0,0,1,0,0,0,0,1,1,2
NIO,Innio NV,Industrials,Specialty Industrial Machinery,Germany,16010000000.000002,,21.35,12.49%,8020108.0,0,0,0,0,0,0,0,0,1,0,0,0,0,0,0,0,0,0,0,0,0,0,0,1,0,0,0,0,2,0,2
NKM,State Street Income Allocation ETF,Financial,Exchange Traded Fund,USA,,,33.2,0.39%,7204.0,0,0,0,0,0,0,0,0,0,0,1,0,0,0,0,0,0,0,0,0,0,0,0,0,0,0,0,0,1,0,1
NM,InMed Pharmaceuticals Inc,Healthcare,Drug Manufacturers - Specialty & Generic,Canada,7310000.0,,1.33,0.00%,18301.0,0,0,0,0,0,0,0,0,1,0,0,0,0,0,0,0,0,0,0,0,0,0,0,0,0,0,0,0,1,0,1
NR,Infinity Natural Resources Inc,Energy,Oil & Gas E&P,USA,856200000.0,5.62,13.5,2.20%,112367.0,0,0,0,0,0,0,0,0,0,0,0,0,0,0,0,0,0,0,0,0,1,0,0,0,0,1,0,0,2,0,2
NTR,Inter & Co Inc,Financial,Banks - Regional,Brazil,3090000000.0,10.78,7.03,7.16%,11806659.0,0,0,0,0,0,0,0,0,0,0,0,0,-1,0,0,0,0,0,0,0,0,0,0,0,0,1,0,0,1,1,2
NTW,GraniteShares 2x Long INTC Daily ETF,Financial,Exchange Traded Fund,USA,,,27.31,-6.50%,4824462.0,0,0,0,0,0,0,0,0,0,0,0,0,0,0,0,0,0,0,0,0,0,0,-1,0,0,0,0,0,0,1,1
NTZ,Intrusion Inc,Technology,Software - Infrastructure,USA,17400000.0,,0.71,2.91%,48292.0,0,0,0,0,0,1,0,0,1,1,0,0,0,0,0,0,0,0,0,0,0,0,0,0,0,0,0,0,3,0,3
NVA,Innoviva Inc,Healthcare,Biotechnology,USA,1500000000.0,5.07,20.83,0.92%,679632.0,0,0,0,0,0,0,0,0,0,0,0,0,0,0,0,0,0,0,0,-1,0,0,0,0,0,0,0,0,0,1,1
NYY,YieldMax INTC Option Income Strategy ETF,Financial,Exchange Traded Fund,USA,,,38.6,-3.04%,104892.0,0,0,0,0,0,0,0,0,0,0,0,0,0,0,0,0,0,0,0,0,0,0,0,1,0,0,0,0,1,0,1
ON,ProShares S&P Global Core Battery Metals ETF,Financial,Exchange Traded Fund,USA,,,45.81,-0.13%,3466.0,0,0,0,0,0,0,0,0,1,0,0,0,0,0,0,0,0,0,0,0,0,0,0,0,0,0,0,0,1,0,1
ONC,Corgi IONQ 2x Daily ETF,Financial,Exchange Traded Fund,USA,,,13.52,1.02%,34.0,0,0,0,0,0,0,0,0,0,0,1,0,0,0,0,0,0,0,0,0,0,0,0,0,0,0,0,0,1,0,1
ONL,GraniteShares 2x Long IONQ Daily ETF,Financial,Exchange Traded Fund,USA,,,14.72,1.66%,679651.0,0,0,0,0,0,0,0,0,0,0,0,0,0,0,0,0,0,0,0,0,0,0,0,0,0,1,0,0,1,0,1
ONR,ioneer Ltd ADR,Basic Materials,Other Industrial Metals & Mining,Australia,241600000.0,,3.13,5.03%,46587.0,0,0,0,0,0,0,0,0,0,0,0,0,-1,0,0,0,0,0,0,0,0,0,0,0,0,0,0,0,0,1,1
OPP,Simplify Tara India Opportunities ETF,Financial,Exchange Traded Fund,USA,,,25.14,0.07%,1089.0,0,0,0,0,0,0,0,0,0,0,1,0,0,0,0,0,0,0,0,0,0,0,0,0,0,0,0,0,1,0,1
OT,Samsara Inc,Technology,Software - Infrastructure,USA,24440000000.0,271.04,41.74,-1.53%,4452283.0,0,0,0,0,0,0,0,-1,0,0,0,0,0,0,0,0,0,1,0,0,0,0,0,0,0,0,0,0,1,1,2
OTR,iOThree Ltd,Communication Services,Telecom Services,Singapore,9670000.0,,1.99,5.85%,2837.0,0,0,0,0,0,0,0,0,0,0,0,0,-1,0,0,0,0,0,0,0,0,0,0,0,0,0,0,0,0,1,1
OVA,Iovance Biotherapeutics Inc,Healthcare,Biotechnology,USA,5870000000.0,,12.96,-8.41%,18953940.0,0,0,0,0,0,1,0,0,0,0,0,0,0,0,0,0,0,0,0,0,0,0,0,0,0,0,0,0,1,0,1
PAR,Interparfums Inc,Consumer Defensive,Household & Personal Products,USA,3610000000.0,21.58,112.85,-0.80%,193639.0,0,0,0,0,0,0,0,0,1,0,0,0,0,0,0,0,0,0,0,0,0,0,0,0,0,0,0,0,1,0,1
PAV,Global X Infrastructure Development ex-U.S. ETF,Financial,Exchange Traded Fund,USA,,,30.88,0.66%,697.0,0,0,0,0,0,0,0,0,1,0,0,0,-1,0,0,0,0,0,0,0,0,0,0,0,0,0,0,0,1,1,2
PM,Intelligent Protection Management Corp,Technology,Software - Application,USA,16079999.999999998,,1.78,1.14%,4204.0,0,0,0,0,0,0,0,0,0,0,0,0,0,0,0,1,0,0,0,0,0,0,0,0,0,0,0,0,1,0,1
PO,Renaissance IPO ETF,Financial,Exchange Traded Fund,USA,,,54.98,0.52%,28185.0,0,0,0,0,0,0,0,0,0,0,0,0,0,0,0,1,0,0,0,0,0,0,0,0,0,0,0,0,1,0,1
POS,Renaissance International IPO ETF,Financial,Exchange Traded Fund,USA,,,21.53,-0.12%,493.0,0,0,0,0,0,0,0,0,1,0,0,0,0,0,0,0,0,0,0,0,0,0,0,0,0,0,0,0,1,0,1
PWR,Ideal Power Inc,Technology,Semiconductors,USA,64920000.0,,3.95,0.00%,65478.0,0,0,0,0,0,0,0,0,0,0,0,0,0,0,0,0,0,0,0,0,0,0,0,0,0,0,-1,0,0,1,1
PX,IperionX Ltd ADR,Basic Materials,Other Industrial Metals & Mining,USA,616100000.0,,17.01,2.41%,165256.0,0,0,0,0,0,0,0,0,1,0,0,0,0,0,0,0,0,0,0,0,0,0,0,0,0,0,0,0,1,0,1
QDF,Northern Trust International Quality Dividend ETF,Financial,Exchange Traded Fund,USA,,,34.74,-0.12%,163264.0,0,1,0,0,0,0,0,-1,0,0,0,0,0,0,0,0,0,0,0,0,0,0,0,0,0,0,0,0,1,1,2
QDY,Northern Trust International Quality Dividend Dynamic ETF,Financial,Exchange Traded Fund,USA,,,42.45,-0.09%,8398.0,0,1,0,0,0,0,0,0,0,0,1,0,0,0,0,0,0,0,0,0,0,0,-1,0,0,0,0,0,2,1,3
QHI,NYLIM MacKay High Income ETF,Financial,Exchange Traded Fund,USA,,,25.2,0.64%,9876.0,0,0,0,0,0,0,0,0,0,0,0,0,-1,-1,0,0,0,0,0,0,0,0,0,0,0,0,0,0,0,2,2
QLT,iShares MSCI Intl Quality Factor ETF,Financial,Exchange Traded Fund,USA,,,49.77,0.14%,1657537.0,0,1,0,0,0,0,0,0,0,0,0,0,0,0,0,0,0,0,0,0,0,0,0,0,0,0,0,0,1,0,1
QMX,IQM Quantum Computers Oyj ADR,Technology,Computer Hardware,USA,2060000000.0,,10.87,2.94%,171287.0,0,0,0,0,0,0,0,0,1,0,0,0,-1,0,0,0,0,0,0,0,0,0,0,1,0,0,0,0,2,1,3
QST,iQSTEL Inc,Communication Services,Telecom Services,USA,11030000.0,,1.01,0.00%,161969.0,0,0,0,0,0,0,0,0,0,0,0,0,0,0,0,0,0,0,0,0,0,0,0,0,0,1,0,0,1,0,1
RE,Defiance Daily Target 2X Long IREN ETF,Financial,Exchange Traded Fund,USA,,,9.25,3.93%,7851743.0,0,0,0,0,0,0,0,0,1,0,0,0,0,0,0,0,0,0,0,0,0,0,0,0,0,0,0,0,1,0,1
REG,Leverage Shares 2X Long IREN Daily ETF,Financial,Exchange Traded Fund,USA,,,7.68,3.64%,1296761.0,0,0,0,0,0,0,0,0,1,0,0,0,0,0,0,0,0,0,0,0,0,0,0,0,0,0,0,0,1,0,1
REN,IREN Ltd,Financial,Capital Markets,Australia,16250000000.0,,41.28,1.98%,35892440.0,0,0,0,0,0,0,0,0,1,0,0,0,0,0,0,0,0,0,0,0,0,0,0,0,0,0,0,0,1,0,1
REX,Tradr 2X Long IREN Daily ETF,Financial,Exchange Traded Fund,USA,,,13.49,3.45%,1385867.0,0,0,0,0,0,0,0,0,1,0,0,0,0,0,0,0,0,0,0,0,0,0,0,0,0,0,0,0,1,0,1
RMD,Iradimed Corp,Healthcare,Medical Devices,USA,1080000000.0,47.35,84.82,-1.91%,118608.0,0,0,0,0,0,0,0,0,0,0,0,0,-1,0,0,0,0,0,0,0,0,0,0,1,0,0,0,0,1,1,2
RS,Irsa Inversiones Y Representaciones SA ADR,Real Estate,Real Estate Services,Argentina,1210000000.0,4.58,14.27,2.29%,175575.0,0,0,0,0,0,0,0,0,0,0,0,0,-1,0,0,0,0,0,0,0,0,0,0,0,0,0,0,0,0,1,1
RTC,iRhythm Holdings Inc,Healthcare,Medical Devices,USA,3530000000.0,,107.2,-1.73%,418094.0,0,0,0,0,0,0,0,0,0,0,1,1,0,0,0,0,0,0,0,0,0,0,0,0,0,0,0,0,2,0,2
SBA,Isabella Bank Corp,Financial,Banks - Regional,USA,292460000.0,14.11,38.33,1.23%,24462.0,0,0,0,-1,0,0,0,0,0,0,0,0,0,0,0,0,0,0,0,-1,0,0,0,0,0,0,0,0,0,2,2
SHG,iShares -3 Year International Treasury Bond ETF,Financial,Exchange Traded Fund,USA,,,73.94,0.23%,43346.0,0,0,0,0,0,0,0,0,0,0,0,0,0,0,0,0,0,0,0,0,1,0,0,0,0,1,0,0,2,0,2
SOU,IsoEnergy Ltd,Energy,Uranium,Canada,677400000.0,,10.38,9.61%,298099.0,0,0,0,0,0,1,0,0,0,0,0,0,-1,-1,0,0,0,0,0,0,0,0,0,0,0,0,0,0,1,2,3
SRA,VanEck Israel ETF,Financial,Exchange Traded Fund,USA,,,66.99,-0.24%,2381.0,0,0,0,0,0,0,0,0,0,0,0,0,0,0,0,1,0,0,0,0,0,0,0,0,0,0,0,0,1,0,1
STM,iShares Strategic Metals ETF,Financial,Exchange Traded Fund,USA,,,29.94,0.52%,2922.0,0,0,0,0,0,0,0,0,0,0,0,0,-1,-1,0,0,0,0,0,0,0,0,0,0,0,0,0,0,0,2,2
STR,Investar Holding Corp,Financial,Banks - Regional,USA,403660000.0,12.89,29.3,-0.20%,53072.0,0,0,0,0,0,0,0,-1,0,0,0,0,0,0,0,0,0,0,0,0,0,0,0,0,0,0,0,0,0,1,1
SUL,GraniteShares 2x Long ISRG Daily ETF,Financial,Exchange Traded Fund,USA,,,16.15,-0.77%,53960.0,0,0,0,0,0,0,0,0,0,0,0,0,0,0,0,0,0,0,0,0,0,0,0,1,0,0,0,0,1,0,1
SWN,Amplify BlackSwan ISWN ETF,Financial,Exchange Traded Fund,USA,,,20.97,0.33%,1278.0,0,0,0,0,0,0,0,0,0,0,0,0,0,0,0,0,0,0,0,0,0,0,0,0,0,0,-1,0,0,1,1
T,Gartner Inc,Technology,Information Technology Services,USA,11680000000.0,16.59,184.92,-1.51%,653885.0,0,0,0,0,0,0,0,-1,0,0,0,0,0,0,0,0,0,0,0,0,0,0,0,0,0,0,0,0,0,1,1
TAN,Sparkline Intangible Value ETF,Financial,Exchange Traded Fund,USA,,,44.01,0.04%,12344.0,0,0,0,0,0,0,0,-1,0,0,0,0,0,0,0,0,0,0,0,0,0,0,0,0,-1,0,0,0,0,2,2
TDE,iShares LifePath Target Date 2045 ETF,Financial,Exchange Traded Fund,USA,,,40.57,0.45%,7211.0,0,0,0,0,0,0,0,0,0,0,1,0,0,0,0,0,0,0,0,0,0,0,0,0,-1,0,0,0,1,1,2
TDF,iShares LifePath Target Date 2050 ETF,Financial,Exchange Traded Fund,USA,,,42.22,0.21%,16691.0,0,0,0,-1,0,0,0,0,0,0,0,0,0,0,0,0,0,0,0,0,0,0,0,0,0,0,0,0,0,1,1
TDG,iShares LifePath Target Date 2055 ETF,Financial,Exchange Traded Fund,USA,,,43.11,0.32%,17494.0,0,0,0,-1,0,0,0,0,0,0,1,0,0,0,0,0,0,0,0,0,0,0,0,0,-1,0,0,0,1,2,3
TDI,iShares LifePath Target Date 2065 ETF,Financial,Exchange Traded Fund,USA,,,43.16,0.40%,17452.0,0,0,0,0,0,0,0,0,0,0,1,0,0,0,0,0,0,0,0,0,0,0,0,0,-1,0,0,0,1,1,2
TDJ,iShares LifePath Target Date 2070 ETF,Financial,Exchange Traded Fund,USA,,,33.55,0.36%,3948.0,0,0,0,-1,0,0,0,0,0,0,0,0,0,0,0,0,0,0,0,0,0,0,0,0,0,0,0,0,0,1,1
TOC,iTonic Holdings Ltd,Healthcare,Medical Devices,China,30070000.0,,4.11,1.29%,82305.0,0,1,0,0,0,0,0,0,0,0,0,0,0,0,0,0,0,0,0,0,0,0,0,0,0,0,0,0,1,0,1
TP,IT Tech Packaging Inc,Basic Materials,Paper & Paper Products,China,2530000.0,,0.15,3.22%,49189.0,0,0,0,0,0,0,0,0,1,0,0,0,0,0,0,0,0,0,0,0,0,0,0,0,0,0,0,0,1,0,1
TT,ITT Inc,Industrials,Specialty Industrial Machinery,USA,18530000000.0,40.71,207.31,0.54%,664777.0,0,1,0,0,0,0,0,0,0,0,1,0,0,0,0,0,0,0,0,0,1,0,0,0,-1,0,0,0,3,1,4
USG,iShares Core S&P U.S.Growth ETF,Financial,Exchange Traded Fund,USA,,,199.1,0.58%,429500.0,0,0,0,0,0,0,0,0,0,0,1,1,0,0,0,0,0,0,0,0,0,0,0,0,0,0,0,0,2,0,2
VDA,Iveda Solutions Inc,Industrials,Security & Protection Services,USA,3420000.0,,0.27,-4.48%,248221.0,0,1,0,0,0,0,0,0,0,0,0,0,-1,0,0,0,0,0,0,0,0,0,0,0,0,0,0,0,1,1,2
VES,Dan IVES Wedbush AI Revolution ETF,Financial,Exchange Traded Fund,USA,,,42.39,0.88%,972416.0,0,0,0,0,0,0,0,0,0,0,1,0,0,0,0,0,0,0,0,0,0,0,0,0,0,0,0,0,1,0,1
VSI,Applied Finance IVS International Large ETF,Financial,Exchange Traded Fund,USA,,,28.81,0.23%,317.0,0,0,0,0,0,0,0,0,0,0,0,0,0,0,0,0,0,0,0,0,0,0,-1,0,0,0,0,0,0,1,1
VVB,iShares Large Cap Deep Quarterly Laddered ETF,Financial,Exchange Traded Fund,USA,,,35.89,0.44%,39735.0,0,0,0,0,0,0,0,-1,0,0,0,0,0,0,0,0,0,0,0,0,0,0,0,0,0,0,0,0,0,1,1
VVD,Invivyd Inc,Healthcare,Biotechnology,USA,237690000.0,,0.81,-3.91%,5048786.0,0,0,0,0,0,1,0,0,0,0,0,0,0,0,0,0,0,0,0,-1,0,0,0,0,0,0,0,0,1,1,2
VW,iShares S&P 500 Growth ETF,Financial,Exchange Traded Fund,USA,,,146.12,0.61%,1207763.0,0,0,0,0,0,0,0,-1,0,0,0,0,0,0,0,0,0,0,0,0,0,0,0,0,0,0,0,0,0,1,1
WB,iShares Russell 1000 ETF,Financial,Exchange Traded Fund,USA,,,425.66,0.55%,691408.0,0,0,0,0,0,0,0,0,0,0,0,0,0,0,0,0,0,1,0,0,0,0,0,0,0,0,0,0,1,0,1
WC,iShares Micro-Cap ETF,Financial,Exchange Traded Fund,USA,,,185.39,-1.03%,280871.0,0,0,0,0,0,0,0,0,0,0,1,0,0,0,0,0,0,0,0,0,0,0,-1,0,0,0,0,0,1,1,2
WD,iShares Russell 1000 Value ETF,Financial,Exchange Traded Fund,USA,,,251.74,0.55%,1354720.0,0,0,0,0,0,0,0,0,0,0,0,0,0,0,0,0,0,0,0,0,0,0,-1,0,0,0,0,0,0,1,1
WFG,NYLIM Winslow Focused Large Cap Growth ETF,Financial,Exchange Traded Fund,USA,,,56.86,-0.03%,8.0,0,0,0,-1,0,0,0,-1,0,0,0,0,0,0,0,0,0,0,0,0,0,0,0,0,0,0,0,0,0,2,2
WLG,NYLIM Winslow Large Cap Growth ETF,Financial,Exchange Traded Fund,USA,,,59.43,0.82%,26376.0,0,0,0,0,0,0,0,-1,0,0,0,0,0,0,0,0,0,0,0,0,0,0,0,0,0,0,0,0,0,1,1
WMY,Defiance R2000 Weekly Distribution ETF,Financial,Exchange Traded Fund,USA,,,17.16,-0.64%,66983.0,0,0,0,-1,0,0,0,0,0,0,0,0,0,0,0,0,0,0,0,0,0,0,0,0,0,0,0,0,0,1,1
WO,iShares Russell 2000 Growth ETF,Financial,Exchange Traded Fund,USA,,,360.53,-0.90%,277950.0,0,0,0,0,0,0,0,0,0,0,0,0,0,0,0,0,0,0,0,0,1,0,-1,0,0,0,0,0,1,1,2
X,Orix Corp ADR,Financial,Financial Conglomerates,Japan,40700000000.0,10.28,37.16,-0.48%,447044.0,0,0,0,0,0,0,0,0,0,0,0,0,-1,0,0,0,0,0,0,0,0,0,0,0,0,0,0,0,0,1,1
XHL,Incannex Healthcare Inc,Healthcare,Drug Manufacturers - Specialty & Generic,Australia,39750000.0,,3.17,-1.25%,62254.0,0,0,0,0,0,0,0,0,0,0,0,0,-1,-1,0,0,0,0,0,0,0,0,0,0,0,1,0,0,1,2,3
XP,iShares Global Comm Services ETF,Financial,Exchange Traded Fund,USA,,,118.71,-0.17%,28031.0,0,0,0,0,0,0,0,0,0,0,0,0,-1,0,0,0,0,0,0,0,0,0,0,1,0,0,0,0,1,1,2
XUS,iShares Core MSCI Total International Stock ETF,Financial,Exchange Traded Fund,USA,,,96.06,-0.04%,1522025.0,0,0,0,0,0,0,0,-1,0,0,0,0,0,0,0,0,0,0,0,0,0,0,0,0,0,0,0,0,0,1,1
YC,iShares U.S. Consumer Discretionary ETF,Financial,Exchange Traded Fund,USA,,,96.59,1.12%,63266.0,0,0,0,0,0,0,0,0,0,0,0,0,0,0,0,1,0,0,0,0,0,0,0,0,0,0,0,0,1,0,1
YK,iShares U.S. Consumer Staples ETF,Financial,Exchange Traded Fund,USA,,,71.98,0.50%,241221.0,0,0,0,0,0,0,0,0,0,0,1,0,0,0,0,0,0,0,0,0,0,0,0,0,0,0,0,0,1,0,1
YY,iShares Dow Jones U.S. ETF,Financial,Exchange Traded Fund,USA,,,189.6,0.59%,14300.0,0,0,0,0,0,0,0,0,0,0,0,0,0,0,0,0,0,1,0,0,0,0,0,0,0,0,0,0,1,0,1
ZRL,ARK Israel Innovative Technology ETF,Financial,Exchange Traded Fund,USA,,,28.42,-1.63%,14986.0,0,0,0,0,0,0,0,0,1,0,0,0,0,0,0,0,0,0,0,0,0,0,0,0,0,0,0,0,1,0,1
AAA,Janus Henderson AAA CLO ETF,Financial,Exchange Traded Fund,USA,,,50.5,0.02%,9537465.0,0,0,0,0,0,0,0,0,0,0,0,0,-1,0,0,0,0,0,0,0,0,0,0,0,0,0,0,0,0,1,1
ABS,Janus Henderson Asset-Backed Securities ETF,Financial,Exchange Traded Fund,USA,,,49.37,0.02%,1717.0,0,1,0,0,0,0,0,0,0,0,0,0,0,0,0,0,0,0,0,0,0,0,0,0,0,0,0,0,1,0,1
ACS,Jackson Acquisition Company II,Financial,Shell Companies,USA,320460000.0,37.62,10.83,0.00%,155.0,0,0,0,-1,0,1,0,0,0,0,0,0,0,0,0,0,0,1,0,0,0,0,0,0,0,0,0,0,2,1,3
AJL,Innovator Equity Defined Protection ETF - 6mo Jan/Jul,Financial,Exchange Traded Fund,USA,,,30.4,0.05%,21409.0,0,0,0,0,0,0,0,0,0,0,0,0,0,0,0,0,0,1,0,0,0,0,0,0,0,0,0,0,1,0,1
ANT,AllianzIM U.S. Equity Buffer10 Jan ETF,Financial,Exchange Traded Fund,USA,,,45.7,0.32%,1365.0,0,0,0,-1,0,0,0,-1,0,0,0,0,0,0,0,0,0,1,0,0,0,0,0,0,0,0,0,0,1,2,3
ANU,AllianzIM U.S. Equity Buffer15 Uncapped Jan ETF,Financial,Exchange Traded Fund,USA,,,31.02,0.61%,2333.0,0,0,0,0,0,0,0,0,0,0,0,0,0,0,0,1,0,0,0,0,0,0,0,0,0,0,0,0,1,0,1
ANW,AllianzIM U.S. Equity Buffer20 Jan ETF,Financial,Exchange Traded Fund,USA,,,39.79,0.17%,14472.0,0,0,0,-1,0,0,0,0,0,0,0,0,0,0,0,0,0,0,0,0,0,0,0,0,0,0,0,0,0,1,1
BDI,JBDI Holdings Ltd,Consumer Cyclical,Specialty Retail,USA,,,0.95,-5.00%,19589.0,0,0,0,0,0,0,0,0,1,0,0,0,0,0,0,0,0,0,0,0,0,0,0,0,0,0,0,0,1,0,1
BGS,JBG SMITH Properties,Real Estate,REIT - Diversified,USA,810360000.0,,10.86,0.28%,1071018.0,0,1,0,0,0,0,0,0,1,0,0,0,0,0,0,0,0,0,0,0,0,0,0,0,0,0,0,0,2,0,2
BI,Janus International Group Inc,Industrials,Building Products & Equipment,USA,589400000.0,18.02,4.32,-0.46%,1419032.0,0,0,0,0,0,0,0,0,1,0,0,0,0,0,0,0,0,0,0,0,0,0,0,0,0,0,0,0,1,0,1
BL,Jabil Inc,Technology,Electronic Components,USA,32400000000.0,31.63,309.19,2.74%,1223329.0,0,0,0,0,0,1,0,0,1,0,0,0,0,0,0,1,0,0,0,0,0,0,0,0,0,0,0,0,3,0,3
BS,JBS NV,Consumer Defensive,Packaged Foods,Netherlands,12870000000.0,11.22,12.02,1.09%,4804828.0,0,0,0,0,0,0,0,0,1,0,0,0,0,0,0,0,0,0,0,0,0,0,0,0,0,0,0,0,1,0,1
CHI,JPMorgan Active China ETF,Financial,Exchange Traded Fund,USA,,,51.34,-0.07%,535.0,0,0,0,0,0,0,0,0,0,0,0,0,0,0,0,1,0,0,0,0,0,0,0,0,0,0,0,0,1,0,1
CPI,JPMorgan Inflation Managed Bond ETF,Financial,Exchange Traded Fund,USA,,,46.1,0.15%,51130.0,0,1,0,0,0,0,0,0,1,1,0,0,0,0,0,0,0,0,0,0,0,0,0,0,0,0,0,0,3,0,3
D,JD.com Inc ADR,Consumer Cyclical,Internet Retail,China,31870000000.0,17.87,26.5,0.53%,6782195.0,0,0,0,0,0,0,0,0,0,0,0,0,0,0,0,0,0,0,0,0,1,0,-1,0,0,0,0,0,1,1,2
DVI,John Hancock Disciplined Value International Select ETF,Financial,Exchange Traded Fund,USA,,,40.11,-0.07%,29986.0,0,1,0,0,0,0,0,0,0,0,0,0,0,0,0,0,0,0,0,0,0,0,0,0,0,0,0,0,1,0,1
EDI,Defiance Drone and Modern Warfare ETF,Financial,Exchange Traded Fund,USA,,,25.21,1.65%,88465.0,0,0,0,0,0,0,0,0,1,0,0,0,0,0,0,0,0,0,0,0,0,0,0,0,0,0,-1,0,1,1,2
ELH,Janus Henderson Equity Linked High Income ETF,Financial,Exchange Traded Fund,USA,,,25.64,0.55%,8701.0,0,0,0,0,0,1,0,0,0,0,0,0,0,0,0,0,0,0,0,0,0,0,0,0,0,0,0,0,1,0,1
EM,707 Cayman Holdings Ltd,Consumer Cyclical,Apparel Retail,USA,,,3.65,0.27%,22153.0,0,1,0,0,0,0,0,0,0,0,0,0,0,0,0,0,0,0,0,0,0,0,0,0,0,0,0,0,1,0,1
EMB,Janus Henderson Emerging Markets Debt Hard Currency ETF,Financial,Exchange Traded Fund,USA,,,50.85,0.65%,2123.0,0,0,0,0,0,0,0,0,0,0,1,0,0,0,0,0,0,0,0,0,0,0,0,0,0,0,0,0,1,0,1
EPI,JPMorgan Equity Premium Income ETF,Financial,Exchange Traded Fund,USA,,,56.54,0.44%,6154455.0,0,0,0,0,0,0,0,0,0,0,1,0,0,0,0,0,0,0,0,0,0,0,0,0,0,0,0,0,1,0,1
ETS,ESS U.S.Global Jets ETF,Financial,Exchange Traded Fund,USA,,,28.1,0.75%,3139897.0,0,0,0,0,0,0,0,0,1,0,0,0,0,0,0,0,0,0,0,0,0,0,-1,0,0,0,0,0,1,1,2
F,J and Friends Holdings Ltd ADR,Financial,Credit Services,China,16550000.0,,0.97,6.24%,3207.0,0,0,0,0,0,0,0,0,1,1,0,0,0,0,0,0,0,0,0,0,0,0,0,0,0,0,0,0,2,0,2
FIN,Jiayin Group Inc ADR,Financial,Credit Services,China,33940000.0,2.18,1.34,-4.96%,6176.0,0,0,0,0,0,0,0,0,1,0,0,0,0,0,0,0,0,0,0,0,0,0,0,0,0,0,0,0,1,0,1
GH,Nuveen Global High Income Fund,Financial,Closed-End Fund - Debt,USA,327380000.0,,11.64,1.66%,44325.0,0,0,0,0,0,0,0,0,0,0,1,0,0,0,0,0,0,0,0,0,0,0,0,0,0,0,0,0,1,0,1
HAC,John Hancock Fundamental All Cap Core ETF,Financial,Exchange Traded Fund,USA,,,15.58,0.55%,450.0,0,0,0,0,0,0,0,-1,0,0,0,0,0,0,0,0,0,0,0,0,0,0,0,0,0,0,0,0,0,1,1
HHY,John Hancock High Yield ETF,Financial,Exchange Traded Fund,USA,,,24.81,0.36%,5336.0,0,0,0,-1,0,0,0,0,0,0,0,0,0,0,0,0,0,0,0,0,0,0,0,0,0,0,0,0,0,1,1
HLN,John Hancock Global Senior Loan ETF,Financial,Exchange Traded Fund,USA,,,24.47,-0.05%,4945.0,0,0,0,0,0,0,0,0,0,0,0,0,0,0,0,0,0,0,0,0,1,0,0,1,0,0,0,0,2,0,2
KS,JinkoSolar Holding Co Ltd ADR,Technology,Solar,China,456860000.0,,9.09,-1.20%,550318.0,0,0,0,0,0,1,0,0,0,0,0,0,0,0,0,0,0,0,0,0,0,0,0,0,0,0,0,0,1,0,1
LL,Jones Lang Lasalle Inc,Real Estate,Real Estate Services,USA,13970000000.0,14.55,303.62,0.40%,448184.0,0,1,0,0,0,0,0,0,0,0,0,0,0,0,0,0,0,0,0,0,0,0,0,0,0,0,0,0,1,0,1
MOM,JPMorgan U.S. Momentum Factor ETF,Financial,Exchange Traded Fund,USA,,,85.8,0.72%,249416.0,0,0,0,0,0,0,0,0,0,0,1,0,0,0,0,0,0,0,0,0,0,0,-1,0,0,0,0,0,1,1,2
NJ,Johnson & Johnson,Healthcare,Drug Manufacturers - General,USA,613990000000.0,29.53,254.78,0.73%,5664301.0,0,0,0,-1,0,0,0,-1,0,0,0,0,0,0,0,0,0,0,0,0,0,0,0,0,0,0,0,0,0,2,2
OBY,Joby Aviation Inc,Industrials,Airports & Air Services,USA,5740000000.0,,5.78,0.00%,16520461.0,0,0,0,0,0,0,0,0,1,0,0,0,0,0,0,0,0,0,0,0,0,0,0,0,0,0,0,0,1,0,1
OUL,Corgi High Voltage Grid Equipment ETF,Financial,Exchange Traded Fund,USA,,,23.78,3.02%,7001.0,0,0,0,0,0,0,0,0,0,0,0,0,-1,0,0,0,0,0,0,0,0,0,0,1,0,0,0,0,1,1,2
OYT,JPMorgan Equity and Options Total Return ETF,Financial,Exchange Traded Fund,USA,,,60.06,0.18%,3153.0,0,1,0,0,0,0,0,0,0,0,0,0,0,0,0,0,0,0,0,0,0,0,0,0,0,0,0,0,1,0,1
PEF,JPMorgan Equity Focus ETF,Financial,Exchange Traded Fund,USA,,,83.12,0.81%,80066.0,0,0,0,0,0,0,0,-1,0,0,0,0,0,0,0,0,0,0,0,0,0,0,0,0,0,0,0,0,0,1,1
PEM,JPMorgan Diversified Return Emerging Markets Equity ETF,Financial,Exchange Traded Fund,USA,,,64.61,0.26%,12417.0,0,0,0,0,0,0,0,0,0,0,1,0,0,0,0,0,0,0,0,0,0,0,0,0,0,0,0,0,1,0,1
PST,JPMorgan Ultra-Short Income ETF,Financial,Exchange Traded Fund,USA,,,50.25,0.02%,7080693.0,0,1,0,0,0,1,0,0,1,1,0,0,0,0,0,0,0,0,0,0,0,0,0,0,0,0,0,0,4,0,4
QC,Nuveen Credit Strategies Income Fund,Financial,Closed-End Fund - Debt,USA,688830000.0,,4.66,0.87%,836061.0,0,0,0,0,0,0,0,0,1,1,0,0,0,0,0,0,0,0,0,0,0,0,0,0,0,0,0,0,2,0,2
QUA,JPMorgan U.S. Quality Factor ETF,Financial,Exchange Traded Fund,USA,,,75.46,0.43%,785302.0,0,0,0,0,0,0,0,0,0,0,1,0,0,0,0,0,0,0,0,0,0,0,0,0,0,0,0,0,1,0,1
RI,Nuveen Real Asset Income and Growth Fund,Financial,Closed-End Fund - Equity,USA,384790000.0,,10.63,-0.19%,304792.0,0,1,0,-1,0,0,0,0,0,0,0,0,0,0,0,0,0,0,0,0,0,0,0,0,0,0,0,0,1,1,2
RS,Nuveen Real Estate Income Fund,Financial,Closed-End Fund - Debt,USA,210920000.0,,7.3,0.97%,83825.0,0,0,0,0,0,0,0,0,0,0,0,0,0,0,0,0,0,0,0,0,0,0,0,1,0,0,0,0,1,0,1
SMD,Janus Henderson Small/Mid Cap Growth Alpha ETF,Financial,Exchange Traded Fund,USA,,,91.83,-0.03%,25564.0,0,0,0,0,0,0,0,0,1,0,0,0,0,0,0,0,0,0,0,0,0,0,0,0,0,0,0,0,1,0,1
SML,Janus Henderson Small Cap Growth Alpha ETF,Financial,Exchange Traded Fund,USA,,,87.9,-0.40%,9087.0,0,0,0,0,0,0,0,0,0,0,1,0,0,0,0,0,0,0,0,0,0,0,-1,0,0,0,0,0,1,1,2
SPR,Jasper Therapeutics Inc,Healthcare,Biotechnology,USA,18640000.0,,0.56,-5.52%,328613.0,0,0,0,0,0,0,0,0,0,0,0,0,0,0,0,0,0,0,0,0,0,0,0,0,0,0,0,1,1,0,1
TEK,JPMorgan U.S. Tech Leaders ETF,Financial,Exchange Traded Fund,USA,,,108.8,0.01%,251375.0,0,0,0,0,0,0,0,0,0,0,0,0,0,0,0,0,0,0,0,0,0,0,-1,0,0,0,0,0,0,1,1
TTT,Jatt III Acquisition Corp,Financial,Shell Companies,USA,94170000.0,,10.63,-1.57%,113.0,0,0,0,0,0,0,0,0,1,0,0,0,-1,0,0,0,0,0,0,0,1,0,0,0,0,0,0,0,2,1,3
UDO,Janus Henderson U.S. Equity Enhanced Income ETF,Financial,Exchange Traded Fund,USA,,,28.73,0.62%,7132.0,0,0,0,0,0,1,0,0,0,0,0,0,0,0,0,0,0,0,0,0,0,0,0,0,0,0,0,0,1,0,1
ULB,Aptus July Buffer ETF,Financial,Exchange Traded Fund,USA,,,28.47,0.37%,261.0,0,0,0,0,0,0,0,0,0,0,1,0,0,0,0,0,0,0,0,0,0,0,0,0,0,0,0,0,1,0,1
ULC,Corgi U.S. Equities 10% Structured Buffer ETF - July Series,Financial,Exchange Traded Fund,USA,,,26.02,0.39%,6.0,0,0,0,0,0,0,0,0,0,0,1,0,0,0,0,0,0,0,0,0,0,0,0,0,0,0,0,0,1,0,1
ULJ,Innovator Premium Income 30 Barrier ETF - July,Financial,Exchange Traded Fund,USA,,,24.89,0.07%,416.0,0,0,0,0,0,0,0,0,0,0,0,0,0,0,0,0,0,0,0,0,0,0,0,0,0,1,0,0,1,0,1
ULP,PGIM S&P 500 Buffer 12 ETF - July,Financial,Exchange Traded Fund,USA,,,33.69,0.20%,10714.0,0,0,0,0,0,0,0,0,0,0,1,0,0,0,0,0,0,0,0,0,0,0,0,0,0,0,0,0,1,0,1
ULT,AllianzIM U.S. Equity Buffer10 Jul ETF,Financial,Exchange Traded Fund,USA,,,49.43,0.41%,1242.0,0,0,0,0,0,0,0,0,0,0,1,0,0,0,0,0,0,0,0,0,0,0,0,0,0,0,0,0,1,0,1
UNP,PGIM S&P 500 Buffer 12 ETF - June,Financial,Exchange Traded Fund,USA,,,32.67,0.25%,17442.0,0,0,0,0,0,0,0,0,0,0,1,0,0,0,0,0,0,0,0,0,0,0,0,0,0,0,0,0,1,0,1
UNW,AllianzIM U.S. Equity Buffer20 Jun ETF,Financial,Exchange Traded Fund,USA,,,35.29,0.28%,15073.0,0,0,0,0,0,0,0,-1,0,0,0,0,0,0,0,0,0,0,0,0,0,0,0,0,0,0,0,0,0,1,1
XG,JX Luxventure Group Inc,Consumer Cyclical,Apparel Manufacturing,China,92140000.0,,7.64,-2.43%,8468.0,0,0,0,0,0,0,0,0,1,0,0,0,0,0,0,0,0,0,0,0,0,0,0,0,0,0,0,0,1,0,1
XX,Janus Henderson Transformational Growth ETF,Financial,Exchange Traded Fund,USA,,,32.75,1.11%,172.0,0,0,0,0,0,0,0,0,0,0,0,0,0,0,0,1,0,0,0,0,0,0,0,0,0,0,0,0,1,0,1
YNT,Joint Corp,Healthcare,Medical Care Facilities,USA,100560000.0,27.25,7.11,-1.04%,100580.0,0,0,0,0,0,0,0,0,1,0,0,0,0,0,0,0,0,0,0,0,0,0,0,0,0,0,0,0,1,0,1
AI,Kadant Inc,Industrials,Specialty Industrial Machinery,USA,3110000000.0,28.37,263.66,-1.30%,113402.0,0,1,0,0,0,0,0,0,0,0,0,0,0,0,0,0,0,0,0,0,0,0,0,0,0,0,0,0,1,0,1
APA,Kairos Pharma Ltd,Healthcare,Biotechnology,USA,3900000.0,,1.15,-25.81%,9944644.0,0,0,0,0,0,1,0,0,1,1,0,0,0,0,0,0,0,0,0,0,0,0,0,0,0,0,0,0,3,0,3
ARS,KraneShares Electric Vehicles and Future Mobility Index ETF,Financial,Exchange Traded Fund,USA,,,28.39,2.12%,3609.0,0,0,0,0,0,1,0,0,1,1,0,0,0,0,0,0,0,0,0,0,0,0,0,0,0,0,0,0,3,0,3
AZR,Skyline Builders Group Holding Ltd,Industrials,Engineering & Construction,Hong Kong,41270000.0,,2.3,-4.17%,184013.0,0,0,0,0,0,0,0,0,1,0,0,0,0,0,0,0,0,0,0,0,0,0,0,0,0,0,0,0,1,0,1
BA,KraneSharesBosera MSCI China A 50 Connect Index ETF,Financial,Exchange Traded Fund,USA,,,30.92,0.18%,11218.0,0,0,0,0,0,0,0,0,1,1,0,0,0,0,0,0,0,0,0,0,0,0,0,0,0,0,0,0,2,0,2
BON,Karbon Capital Partners Corp,Financial,Shell Companies,USA,444890000.0,98.06,10.12,-0.07%,258483.0,0,0,0,-1,0,1,0,0,0,0,0,0,0,0,0,1,0,0,0,0,0,0,0,0,0,0,0,0,2,1,3
BWD,Invesco KBW High Dividend Yield Financial ETF,Financial,Exchange Traded Fund,USA,,,10.82,0.28%,515689.0,0,0,0,0,0,0,0,0,0,0,0,0,-1,0,0,0,0,0,0,0,0,0,0,0,0,0,0,0,0,1,1
C,Kingsoft Cloud Holdings Ltd ADR,Technology,Software - Application,China,2810000000.0,,9.35,0.86%,591825.0,0,0,0,0,0,0,0,0,1,0,0,0,0,0,0,0,0,0,0,0,0,0,0,0,0,0,0,0,1,0,1
CA-U,Kensington Capital Acquisition Corp VI,Financial,Shell Companies,USA,238060000.0,,10.07,0.10%,2318.0,0,0,0,0,0,0,0,0,1,0,0,0,0,0,0,0,0,0,0,0,0,0,0,0,0,0,0,0,1,0,1
CCA,Kraneshares California Carbon Allowance Strategy ETF,Financial,Exchange Traded Fund,USA,,,17.0,0.71%,8949.0,0,1,0,0,0,0,0,0,0,0,1,0,0,0,0,0,0,0,0,0,0,0,0,0,0,0,0,0,2,0,2
CHV,Kochav Defense Acquisition Corp,Financial,Shell Companies,USA,359710000.0,40.11,10.5,0.19%,41.0,0,0,0,0,0,0,0,0,0,0,0,0,0,0,0,0,0,1,0,0,0,0,0,0,0,0,0,0,1,0,1
COP,Kurv Copper & Mining Enhanced Income ETF,Financial,Exchange Traded Fund,USA,,,23.37,0.30%,8838.0,0,0,0,-1,0,0,0,0,0,0,0,0,0,0,0,1,0,0,0,0,0,0,0,0,0,0,0,0,1,1,2
CSH,KraneShares Sustainable Ultra Short Duration Index ETF,Financial,Exchange Traded Fund,USA,,,25.03,0.00%,807.0,0,1,0,0,0,0,0,0,0,0,0,0,0,0,0,0,0,0,0,0,0,0,0,0,0,0,0,0,1,0,1
E,Kimball Electronics Inc,Industrials,Electrical Equipment & Parts,USA,691090000.0,25.5,28.81,2.04%,192634.0,0,0,0,0,0,0,0,0,0,0,1,0,0,0,0,0,0,0,0,0,0,0,0,0,0,0,0,0,1,0,1
EEL,Keel Infrastructure Corp,Technology,Information Technology Services,USA,2140000000.0000002,,3.47,0.58%,23048400.0,0,0,0,0,0,0,0,0,1,0,0,0,0,0,0,0,0,0,0,0,0,0,0,0,0,0,0,0,1,0,1
EMQ,KraneShares EM Internet & Tech,Financial,Exchange Traded Fund,USA,,,25.08,-0.53%,700.0,0,0,0,-1,0,0,0,0,0,0,0,0,0,0,0,1,0,0,0,0,0,0,0,0,0,0,0,0,1,1,2
EQU,Kewaunee Scientific Corp,Consumer Cyclical,"Furnishings, Fixtures & Appliances",USA,97630000.0,12.2,33.72,-0.30%,12641.0,0,0,0,0,0,0,0,0,0,0,0,0,-1,-1,0,0,0,0,0,0,0,0,0,0,0,0,0,0,0,2,2
EX,Kirby Corp,Industrials,Marine Shipping,USA,7310000000.0,21.28,138.5,-0.97%,653987.0,0,1,0,0,0,0,0,0,0,0,0,0,-1,0,0,0,0,0,0,0,0,0,0,0,0,0,0,0,1,1,2
FII,K&F Growth Acquisition Corp II,Financial,Shell Companies,USA,420040000.0,39.75,10.7,0.05%,43645.0,0,0,0,0,0,1,0,0,0,0,0,0,0,0,0,0,0,0,0,0,0,0,0,0,0,0,0,0,1,0,1
GS,Kodiak Gas Services Inc,Energy,Oil & Gas Equipment & Services,USA,5650000000.0,66.69,55.89,4.35%,1605781.0,0,0,0,0,0,0,0,0,1,0,0,0,0,0,0,0,0,0,0,0,0,0,0,0,0,0,0,0,1,0,1
IO,KKR Income Opportunities Fund,Financial,Closed-End Fund - Debt,USA,425430000.0,,10.38,2.06%,298015.0,0,0,0,0,0,0,0,0,1,0,0,0,0,0,0,0,0,0,0,0,0,0,0,0,0,0,0,0,1,0,1
JD,KraneShares 2x Long JD Daily ETF,Financial,Exchange Traded Fund,USA,,,14.31,1.16%,10706.0,0,0,0,0,0,0,0,0,0,0,0,0,-1,0,0,0,0,0,0,0,0,0,0,0,0,0,0,0,0,1,1
LAC,KLA Corp,Technology,Semiconductor Equipment & Materials,USA,257690000000.0,53.84,197.46,-4.54%,9613238.0,0,1,0,0,0,0,0,0,0,0,0,0,0,0,0,0,0,0,0,0,0,0,0,0,0,0,0,0,1,0,1
LIP,KraneShares KWEB Covered Call Strategy ETF,Financial,Exchange Traded Fund,USA,,,21.87,0.37%,82519.0,0,0,0,0,0,0,0,0,1,0,0,0,0,0,0,0,0,0,0,0,0,0,0,0,0,0,0,0,1,0,1
LMN,Invesco MSCI North America Climate ETF,Financial,Exchange Traded Fund,USA,,,32.02,0.69%,34.0,0,0,0,0,0,0,0,0,0,0,1,0,0,0,0,0,0,0,0,0,0,0,0,0,0,0,0,0,1,0,1
LMT,Invesco MSCI Global Climate 500 ETF,Financial,Exchange Traded Fund,USA,,,35.37,0.45%,112.0,0,0,0,0,0,0,0,0,0,0,0,0,0,0,0,0,0,0,0,0,0,0,0,0,-1,0,0,0,0,1,1
MI,Kinder Morgan Inc,Energy,Oil & Gas Midstream,USA,71610000000.0,20.75,32.16,2.39%,15698854.0,0,1,0,0,0,1,0,0,1,1,0,0,0,0,0,0,0,0,0,0,0,0,0,0,0,0,0,0,4,0,4
MPR,Kemper Corp,Financial,Insurance - Property & Casualty,USA,1540000000.0,,26.07,1.01%,589459.0,0,0,0,0,0,0,0,0,0,0,1,0,0,0,0,0,0,0,0,0,0,0,0,0,0,0,0,0,1,0,1
MTS,Kestra Medical Technologies Ltd,Healthcare,Medical Instruments & Supplies,USA,1610000000.0,,27.1,-4.38%,262256.0,0,0,0,0,0,0,0,0,0,0,1,1,0,0,0,0,0,0,0,0,0,0,0,0,0,0,0,0,2,0,2
N,Knowles Corp,Technology,Electronic Components,USA,3350000000.0,50.55,39.19,-0.53%,573905.0,0,0,0,0,0,0,0,0,1,0,0,0,0,0,0,0,0,0,0,0,0,0,0,0,0,0,0,0,1,0,1
NF,Knife River Corp,Basic Materials,Building Materials,USA,3020000000.0,21.69,53.23,2.42%,748408.0,0,0,0,0,0,0,0,0,0,0,1,0,0,0,0,0,0,0,0,0,0,0,0,0,0,0,0,0,1,0,1
NG,FT Vest S&P 500 Dividend Aristocrats Target Income ETF,Financial,Exchange Traded Fund,USA,,,48.59,0.33%,338884.0,0,0,0,0,0,0,0,0,0,0,0,0,-1,0,0,0,0,0,0,0,0,0,0,0,0,0,0,0,0,1,1
NO,AXS Knowledge Leaders ETF,Financial,Exchange Traded Fund,USA,,,63.24,-0.05%,576.0,0,0,0,0,0,0,0,0,0,0,1,0,0,0,0,0,0,0,0,0,0,0,-1,0,0,0,0,0,1,1,2
NOP,KNOT Offshore Partners LP,Energy,Oil & Gas Midstream,United Kingdom,354170000.0,23.48,10.25,-1.35%,67381.0,0,0,0,0,0,1,0,0,0,0,1,0,0,0,0,0,0,0,0,0,0,0,0,0,-1,0,0,0,2,1,3
NSA,Kiniksa Pharmaceuticals International Plc,Healthcare,Drug Manufacturers - Specialty & Generic,United Kingdom,6010000000.0,78.38,77.09,1.02%,378743.0,0,0,0,0,0,0,0,0,0,0,0,0,0,0,0,0,0,0,0,0,1,0,0,0,-1,0,0,0,1,1,2
NSL,Kinsale Capital Group Inc,Financial,Insurance - Property & Casualty,USA,7660000000.0,13.64,336.45,1.21%,156292.0,0,0,0,0,0,0,0,0,0,0,0,0,0,0,0,0,0,0,0,0,0,0,0,0,0,0,0,1,1,0,1
NTK,Kinetik Holdings Inc,Energy,Oil & Gas Midstream,USA,8760000000.0,19.54,53.95,1.64%,1298953.0,0,0,0,-1,0,0,0,0,0,0,0,0,0,0,0,0,0,0,0,0,0,0,0,0,0,0,0,0,0,1,1
NX,Knight-Swift Transportation Holdings Inc,Industrials,Trucking,USA,10520000000.0,245.83,64.63,-0.94%,2945720.0,0,0,0,0,0,0,0,0,1,0,0,0,0,0,0,0,0,0,0,0,0,0,0,0,0,0,0,0,1,0,1
O,Coca-Cola Co,Consumer Defensive,Beverages - Non-Alcoholic,USA,370750000000.0,25.96,86.17,-0.39%,16068926.0,0,0,0,-1,0,0,0,0,0,0,0,0,0,0,0,0,0,0,0,0,0,0,0,0,0,0,0,0,0,1,1
OKU,Xtrackers MSCI Kokusai Equity ETF,Financial,Exchange Traded Fund,USA,,,134.3,0.60%,12.0,0,0,0,-1,0,0,0,0,0,0,0,0,0,0,0,0,0,1,0,0,0,0,0,0,0,0,0,0,1,1,2
OMP,State Street SPDR S&P Kensho New Economies Composite ETF,Financial,Exchange Traded Fund,USA,,,67.92,-0.30%,59122.0,0,0,0,0,0,0,0,0,0,0,1,0,0,0,0,1,0,0,0,0,0,0,0,0,0,0,0,0,2,0,2
OOL,North Shore Equity Rotation ETF,Financial,Exchange Traded Fund,USA,,,15.01,1.19%,3698.0,0,0,0,0,0,0,0,-1,0,0,0,0,0,0,0,0,0,0,0,0,0,0,0,0,0,0,0,0,0,1,1
ORP,American Century Diversified Corporate Bond ETF,Financial,Exchange Traded Fund,USA,,,44.33,-0.14%,204670.0,0,0,0,0,0,0,0,0,1,0,0,0,0,0,0,0,0,0,0,0,0,0,0,0,0,0,0,0,1,0,1
OS,Kosmos Energy Ltd,Energy,Oil & Gas E&P,USA,1550000000.0,,2.6,3.17%,16321923.0,0,1,0,0,0,0,0,0,0,0,0,0,-1,0,0,0,0,0,0,0,0,0,0,0,0,0,0,0,1,1,2
OYN,CSLM Digital Asset Acquisition Corp III Ltd,Financial,Shell Companies,USA,323460000.0,67.48,10.25,-0.10%,40601.0,0,0,0,-1,0,0,0,0,0,0,0,0,0,0,0,0,0,1,0,0,0,0,0,0,0,0,0,0,1,1,2
PRX,Kiora Pharmaceuticals Inc,Healthcare,Biotechnology,USA,11060000.0,,2.5,-1.19%,20203.0,0,0,0,0,0,0,0,0,0,0,0,0,0,0,0,1,0,0,0,0,0,0,0,0,0,0,0,0,1,0,1
QQQ,Kurv Technology Titans Select ETF,Financial,Exchange Traded Fund,USA,,,30.06,0.58%,54239.0,0,0,0,0,0,0,0,0,0,0,0,0,0,0,0,1,0,0,0,0,0,0,0,0,0,0,0,0,1,0,1
RAQ,KRAKacquisition Corp,Financial,Shell Companies,USA,433840000.0,,10.06,0.50%,305257.0,0,0,0,0,0,0,0,0,0,0,1,0,0,0,0,0,0,1,0,0,0,0,0,0,0,0,0,0,2,0,2
RKR,36Kr Holdings Inc ADR,Communication Services,Advertising Agencies,China,5500000.0,1.47,3.09,-0.65%,957.0,0,0,0,0,0,0,0,0,1,0,0,0,0,0,0,0,0,0,0,0,0,0,0,0,0,0,0,0,1,0,1
RMD,KORU Medical Systems Inc,Healthcare,Medical Instruments & Supplies,USA,138520000.0,,3.0,-0.33%,129556.0,0,0,0,0,0,0,0,0,1,0,0,0,0,0,0,0,0,0,0,0,0,0,0,0,0,0,0,0,1,0,1
RNT,Kornit Digital Ltd,Industrials,Specialty Industrial Machinery,Israel,779840000.0,,18.15,-0.44%,435097.0,0,0,0,0,0,1,0,0,0,0,0,0,0,0,0,0,0,1,0,0,0,0,0,0,0,0,0,0,2,0,2
RNY,Kearny Financial Corp,Financial,Banks - Regional,USA,598650000.0,16.06,9.22,-0.54%,416899.0,0,0,0,0,0,0,0,-1,0,0,0,0,0,0,0,0,0,0,0,0,0,0,0,0,0,0,0,0,0,1,1
ROS,Keros Therapeutics Inc,Healthcare,Biotechnology,USA,218300000.0,,11.01,-4.43%,185318.0,0,0,0,0,0,1,0,0,0,0,0,0,0,0,0,0,0,0,0,-1,0,0,0,0,0,0,0,0,1,1,2
RP,Kimbell Royalty Partners LP,Energy,Oil & Gas E&P,USA,1920000000.0,21.03,14.94,1.01%,740788.0,0,1,0,0,0,1,0,0,0,0,0,0,0,0,0,0,0,0,0,0,1,0,0,0,-1,0,0,0,3,1,4
RSP,Rice Acquisition Corp 3,Financial,Shell Companies,USA,489930000.0,60.17,10.65,0.95%,947.0,0,0,0,0,0,0,0,0,0,0,1,1,0,0,0,0,0,0,0,0,0,0,0,0,-1,0,0,0,2,1,3
RYS,Krystal Biotech Inc,Healthcare,Biotechnology,USA,9670000000.0,40.96,326.81,-2.40%,352141.0,0,0,0,0,0,0,0,0,0,0,0,0,0,0,0,1,0,0,0,0,0,0,0,0,0,0,0,0,1,0,1
SA,iShares MSCI Saudi Arabia ETF,Financial,Exchange Traded Fund,USA,,,36.9,1.04%,567085.0,0,0,0,0,0,0,0,0,0,0,0,0,-1,-1,0,0,0,0,0,0,0,0,0,0,0,0,0,0,0,2,2
SLV,Kurv Silver Enhanced Income ETF,Financial,Exchange Traded Fund,USA,,,24.04,0.59%,58417.0,0,0,0,0,0,0,0,0,1,0,0,0,0,0,0,0,0,0,0,0,0,0,0,0,0,0,0,0,1,0,1
SPY,KraneShares Hedgeye Hedged Equity Index ETF,Financial,Exchange Traded Fund,USA,,,30.31,0.13%,52590.0,0,0,0,-1,0,0,0,0,0,0,0,0,0,0,0,0,0,0,0,0,0,0,0,0,0,0,0,0,0,1,1
STR,KraneShares China Technology & Semiconductor STAR 50 Index ETF,Financial,Exchange Traded Fund,USA,,,22.25,-0.36%,202967.0,0,0,0,0,0,0,0,0,1,0,0,0,0,0,0,0,0,0,0,0,0,0,0,0,0,0,0,0,1,0,1
TEC,KraneShares Hang Seng TECH Index ETF,Financial,Exchange Traded Fund,USA,,,11.75,-0.34%,24358.0,0,0,0,0,0,0,0,0,0,0,0,0,-1,0,0,0,0,0,0,0,0,0,0,0,0,0,0,0,0,1,1
TTA,Pasithea Therapeutics Corp,Healthcare,Biotechnology,USA,14940000.0,,0.45,-1.74%,64433.0,0,0,0,0,0,0,0,0,1,0,0,0,0,0,0,0,0,0,0,0,0,0,0,0,0,0,0,0,1,0,1
URA,Kura Oncology Inc,Healthcare,Biotechnology,USA,936750000.0,,10.53,-0.85%,1309740.0,0,0,0,-1,0,1,0,0,0,0,0,0,0,0,0,0,0,0,0,0,0,0,0,0,0,0,0,0,1,1,2
URE,KraneShares MSCI All China Health Care Index ETF,Financial,Exchange Traded Fund,USA,,,19.49,1.04%,164551.0,0,0,0,0,0,0,0,0,0,0,1,0,0,0,0,0,0,0,0,0,0,0,0,0,0,0,0,0,1,0,1
YIV,Kyivstar Group Ltd,Communication Services,Telecom Services,United Arab Emirates,2920000000.0,18.39,12.59,0.16%,216087.0,0,0,0,0,0,0,0,0,1,0,0,0,0,0,0,0,0,0,0,0,0,0,0,0,0,0,0,0,1,0,1
YMR,Kymera Therapeutics Inc,Healthcare,Biotechnology,USA,8810000000.0,,105.98,-3.52%,960714.0,0,0,0,-1,0,0,0,0,0,0,0,0,0,0,0,0,0,0,0,0,0,0,0,0,0,0,0,0,0,1,1
YN,Kayne Anderson Energy Infrastructure Fund Inc,Financial,Closed-End Fund - Equity,USA,2410000000.0,,14.24,1.28%,383724.0,0,0,0,-1,0,0,0,0,0,0,0,0,0,0,0,0,0,1,0,0,0,0,0,0,0,0,0,0,1,1,2
YTX,Kyverna Therapeutics Inc,Healthcare,Biotechnology,USA,380960000.0,,6.16,-2.53%,739522.0,0,0,0,0,0,0,0,0,0,0,0,0,-1,0,0,0,0,0,0,0,0,0,0,0,0,0,0,0,0,1,1
AB,Standard BioTools Inc,Healthcare,Medical Devices,USA,283440000.0,,0.72,-5.37%,1398428.0,0,0,0,0,0,0,0,0,1,0,0,0,0,0,0,0,0,0,0,0,0,0,0,0,0,0,0,0,1,0,1
ADR,Ladder Capital Corp,Real Estate,REIT - Mortgage,USA,1100000000.0,20.91,8.68,1.88%,1601659.0,0,1,0,-1,0,0,0,0,1,1,0,0,0,0,0,0,0,0,0,0,0,0,0,0,0,0,0,0,3,1,4
ALT,First Trust Multi-Strategy Alternative ETF,Financial,Exchange Traded Fund,USA,,,24.83,0.44%,99941.0,0,0,0,0,0,0,0,0,0,0,0,0,-1,-1,0,0,0,0,0,0,0,0,0,0,0,0,0,0,0,2,2
AR,Lithium Argentina AG,Basic Materials,Other Industrial Metals & Mining,Switzerland,900610000.0,,5.58,-0.36%,761335.0,0,0,0,0,0,0,0,0,1,0,0,0,0,0,0,0,0,0,0,0,0,0,0,0,0,0,0,0,1,0,1
AUR,Laureate Education Inc,Consumer Defensive,Education & Training Services,USA,5270000000.0,17.17,38.25,-0.68%,1291494.0,0,0,0,0,0,0,0,0,0,0,0,0,-1,0,0,0,0,0,0,0,0,0,0,0,0,0,0,0,0,1,1
AZ,Lazard Inc,Financial,Capital Markets,USA,3540000000.0,17.82,36.36,3.06%,1915004.0,0,0,0,0,0,0,0,0,0,0,0,0,0,0,0,1,0,0,0,0,0,0,0,0,0,0,0,0,1,0,1
CDS,JPMorgan Fundamental Data Science Large Core ETF,Financial,Exchange Traded Fund,USA,,,74.77,0.49%,323.0,0,0,0,-1,0,0,0,0,0,0,0,0,0,0,0,0,0,0,0,0,0,0,0,0,0,0,0,0,0,1,1
CF,Touchstone US Large Cap Focused ETF,Financial,Exchange Traded Fund,USA,,,46.67,0.23%,244.0,0,0,0,0,0,0,0,-1,0,0,0,0,0,0,0,0,0,0,0,0,0,0,0,0,0,0,0,0,0,1,1
CO,LOGIQ Contrarian Opportunities ETF,Financial,Exchange Traded Fund,USA,,,28.28,0.77%,11.0,0,0,0,0,0,0,0,0,0,0,0,0,0,0,0,0,0,0,0,0,0,0,0,0,-1,0,0,0,0,1,1
CTO,Kurv U.S. Large Cap TaxOptimized ETF,Financial,Exchange Traded Fund,USA,,,25.05,0.58%,26.0,0,0,0,0,0,0,0,0,0,0,0,0,-1,0,0,0,0,0,0,0,0,0,0,0,0,0,0,0,0,1,1
CTX,Lineage Cell Therapeutics Inc,Healthcare,Biotechnology,USA,237210000.0,,0.94,1.13%,967628.0,0,0,0,0,0,0,0,0,1,0,0,0,0,0,0,0,0,0,0,0,0,0,0,0,0,0,0,0,1,0,1
DDR,LifeX 2035 Income Bucket ETF,Financial,Exchange Traded Fund,USA,,,74.1,0.20%,4290.0,0,0,0,0,0,0,0,0,0,0,0,0,0,0,0,0,0,0,0,-1,0,0,0,0,0,0,0,0,0,1,1
DEM,iShares ESG MSCI EM Leaders ETF,Financial,Exchange Traded Fund,USA,,,61.71,0.09%,1016.0,0,0,0,0,0,0,0,0,0,0,0,0,0,0,0,1,0,0,0,0,0,0,0,0,0,0,0,0,1,0,1
DRH,iShares iBonds 1-5 Year High Yield and Income Ladder ETF,Financial,Exchange Traded Fund,USA,,,24.01,0.18%,4301.0,0,0,0,-1,0,0,0,0,0,0,0,0,0,0,0,0,0,0,0,0,0,0,0,0,0,0,0,0,0,1,1
DRT,iShares iBonds 1-5 Year Treasury Ladder ETF,Financial,Exchange Traded Fund,USA,,,24.56,0.04%,55111.0,0,0,0,0,0,1,0,0,0,0,0,0,0,0,0,0,0,0,0,-1,0,0,0,0,0,0,0,0,1,1,2
DSF,First Trust Low Duration Strategic Focus ETF,Financial,Exchange Traded Fund,USA,,,18.45,0.14%,32606.0,0,0,0,0,0,0,0,0,1,0,0,0,0,0,0,0,0,0,0,0,0,0,0,0,0,0,0,0,1,0,1
EE,Lee Enterprises Inc,Communication Services,Publishing,USA,157490000.0,,7.07,-0.07%,10985.0,0,0,0,0,0,0,0,0,1,1,0,0,0,0,0,0,0,0,0,0,0,0,0,0,0,0,-1,0,2,1,3
EGR,First Trust Indxx Innovative Transaction & Process ETF,Financial,Exchange Traded Fund,USA,,,65.69,0.58%,928.0,0,0,0,0,0,0,0,0,0,0,0,0,0,0,0,0,0,0,0,0,0,0,-1,0,0,0,0,0,0,1,1
EN,Lennar Corp,Consumer Cyclical,Residential Construction,USA,18380000000.0,14.64,77.41,3.99%,6470317.0,0,0,0,0,0,1,0,0,0,0,0,0,0,0,0,0,0,0,0,-1,0,0,0,0,0,0,0,0,1,1,2
EU,Centrus Energy Corp,Energy,Uranium,USA,3150000000.0,70.21,153.88,8.80%,1427753.0,0,0,0,0,0,0,0,0,1,0,0,0,0,0,0,0,0,0,0,0,0,0,0,0,0,0,0,0,1,0,1
EUX,Tradr 2X Long LEU Daily ETF,Financial,Exchange Traded Fund,USA,,,8.63,15.84%,669438.0,0,0,0,0,0,0,0,0,1,0,0,0,0,0,0,0,0,0,0,0,0,0,0,0,0,0,0,0,1,0,1
FAO,LifeX 2055 Longevity Income ETF,Financial,Exchange Traded Fund,USA,,,150.37,0.25%,9.0,0,0,0,0,0,0,0,0,1,0,0,0,0,0,0,0,0,0,0,0,0,0,0,0,0,0,0,0,1,0,1
FDR,LifeX Durable Income ETF,Financial,Exchange Traded Fund,USA,,,167.54,0.27%,11.0,0,0,0,0,0,0,0,0,1,0,0,0,0,0,0,0,0,0,0,0,0,0,0,0,0,0,0,0,1,0,1
FEQ,VanEck Long/Flat Trend ETF,Financial,Exchange Traded Fund,USA,,,62.08,0.62%,115.0,0,0,0,0,0,0,0,0,0,0,1,0,0,0,0,0,0,0,0,0,0,0,0,0,0,0,0,0,1,0,1
FUS,Littelfuse Inc,Technology,Electronic Components,USA,11540000000.0,,454.28,0.63%,182141.0,0,0,0,0,0,0,0,0,0,0,0,0,-1,0,0,0,0,0,0,0,0,0,0,0,0,0,0,0,0,1,1
GCL,Lucas GC Ltd,Technology,Software - Application,China,2940000.0,0.0,2.26,-7.00%,58171.0,0,0,0,0,0,0,0,0,0,0,1,0,0,0,0,0,0,0,0,0,0,0,0,0,0,0,0,0,1,0,1
GH,HCM Defender 500 Index ETF,Financial,Exchange Traded Fund,USA,,,67.68,0.87%,7990.0,0,0,0,0,0,0,0,-1,0,0,0,0,0,0,0,0,0,0,0,0,0,0,0,0,0,0,0,0,0,1,1
GHT,Langar Global HealthTech ETF,Financial,Exchange Traded Fund,USA,,,10.34,-1.99%,6875.0,0,0,0,0,0,0,0,0,0,0,0,0,0,0,0,0,0,0,0,0,0,0,0,1,0,0,0,0,1,0,1
GL,LGL Group Inc,Technology,Scientific & Technical Instruments,USA,87280000.0,,6.92,0.29%,3403.0,0,1,0,-1,0,0,0,0,0,0,0,0,-1,0,0,0,0,0,0,0,0,0,0,0,0,0,0,0,1,2,3
GLV,State Street SPDR US Large Cap Low Volatility Index ETF,Financial,Exchange Traded Fund,USA,,,177.04,0.76%,23999.0,0,1,0,0,0,0,0,0,0,0,0,0,0,0,0,0,0,0,0,0,0,0,0,0,0,0,0,0,1,0,1
GN,Legence Corp,Industrials,Engineering & Construction,USA,6090000000.0,,56.34,4.74%,910751.0,0,0,0,0,0,0,0,0,1,0,0,0,0,0,0,0,0,0,0,0,0,0,0,0,0,0,0,0,1,0,1
GND,Ligand Pharmaceuticals Inc,Healthcare,Biotechnology,USA,5920000000.0,31.75,296.94,-3.20%,163743.0,0,0,0,0,0,0,0,0,1,0,0,0,0,0,0,0,0,0,0,0,0,0,0,0,0,0,0,0,1,0,1
GOV,First Trust Long Duration Opportunities ETF,Financial,Exchange Traded Fund,USA,,,19.58,0.15%,241954.0,0,1,0,0,0,0,0,0,0,0,0,0,0,0,0,0,0,0,0,-1,0,0,0,0,0,0,0,0,1,1,2
GPS,LogProstyle Inc,Industrials,Conglomerates,Japan,17380000.0,3.44,0.74,5.93%,31548.0,0,0,0,0,0,0,0,0,0,0,0,0,0,0,0,0,0,0,0,0,0,0,0,0,0,1,0,0,1,0,1
IAE,LifeX 2050 Inflation-Protected Longevity Income ETF,Financial,Exchange Traded Fund,USA,,,192.33,0.35%,12.0,0,0,0,0,0,1,0,0,0,0,0,0,0,0,0,0,0,0,0,0,0,0,0,0,0,0,0,0,1,0,1
IAM,LifeX 2055 Inflation-Protected Longevity Income ETF,Financial,Exchange Traded Fund,USA,,,216.5,0.36%,10.0,0,0,0,0,0,1,0,0,0,0,0,0,0,0,0,0,0,0,0,-1,0,0,0,0,0,0,0,0,1,1,2
IAU,LifeX 2060 Inflation-Protected Longevity Income ETF,Financial,Exchange Traded Fund,USA,,,238.26,0.40%,8.0,0,0,0,0,0,1,0,0,0,0,0,0,0,0,0,0,0,0,0,-1,0,0,0,0,0,0,0,0,1,1,2
IBD,LifeX 2065 Inflation-Protected Longevity Income ETF,Financial,Exchange Traded Fund,USA,,,252.01,0.42%,14.0,0,0,0,0,0,1,0,0,1,1,0,0,0,0,0,0,0,0,0,0,0,0,0,0,0,0,0,0,3,0,3
ILA,Liberty Latin America Ltd,Communication Services,Telecom Services,USA,1730000000.0,,8.89,0.91%,210825.0,0,0,0,0,0,0,0,0,0,0,1,0,0,0,0,0,0,0,0,0,0,0,0,0,0,0,0,0,1,0,1
IND,Lindblad Expeditions Holdings Inc,Consumer Cyclical,Travel Services,USA,2370000000.0,,36.08,1.35%,1394240.0,0,0,0,0,0,0,0,0,0,0,0,0,-1,0,0,0,0,0,0,0,0,0,0,0,0,0,0,0,0,1,1
INK,Interlink Electronics,Technology,Electronic Components,USA,88620000.0,,5.62,-5.94%,24426.0,0,0,0,0,0,0,0,0,0,0,1,0,0,0,0,0,0,0,0,0,0,0,0,0,0,0,0,0,1,0,1
IQT,LiqTech International Inc,Industrials,Pollution & Treatment Controls,Denmark,16210000.0,,0.49,11.69%,133100.0,0,0,0,0,0,0,0,0,1,0,0,0,0,0,0,0,0,0,0,0,0,0,0,0,0,0,0,0,1,0,1
IT,Global X Lithium & Battery Tech ETF,Financial,Exchange Traded Fund,USA,,,71.07,1.34%,134916.0,0,1,0,0,0,1,0,0,0,0,0,0,-1,-1,0,0,0,0,0,0,0,0,0,0,0,0,0,0,2,2,4
ITB,LightInTheBox Holding Co Ltd ADR,Consumer Cyclical,Internet Retail,Singapore,50650000.0,5.71,2.8,-4.11%,12441.0,0,0,0,0,0,0,0,0,0,0,0,0,-1,0,0,0,0,0,0,0,0,0,0,0,0,0,0,0,0,1,1
ITE,Lumentum Holdings Inc,Technology,Communication Equipment,USA,101670000000.0,,1133.4,3.82%,4256567.0,0,0,0,0,0,0,0,0,0,0,0,0,-1,0,0,0,0,0,0,0,0,0,0,0,0,0,0,0,0,1,1
ITP,Sprott Lithium Miners ETF,Financial,Exchange Traded Fund,USA,,,9.09,0.66%,30307.0,0,0,0,0,0,0,0,0,1,0,0,0,0,0,0,0,0,0,0,0,0,0,0,0,0,0,0,0,1,0,1
ITU,T-REX 2X Long LITE Daily Target ETF,Financial,Exchange Traded Fund,USA,,,28.53,7.26%,45646.0,0,0,0,0,0,0,0,0,0,0,1,0,0,0,0,0,0,0,0,0,0,0,0,0,0,0,0,0,1,0,1
ITX,Tradr 2X Long LITE Daily ETF,Financial,Exchange Traded Fund,USA,,,45.85,7.50%,2107934.0,0,0,0,0,0,0,0,0,1,0,0,0,0,0,0,0,0,0,0,0,0,0,0,0,0,0,0,0,1,0,1
JAN,Innovator Premium Income 15 Buffer ETF - January,Financial,Exchange Traded Fund,USA,,,24.72,0.04%,86.0,0,1,0,0,0,0,0,0,0,0,1,1,0,0,0,0,0,0,0,0,0,0,0,0,0,0,0,0,3,0,3
JUL,Innovator Premium Income 15 Buffer ETF - July,Financial,Exchange Traded Fund,USA,,,23.97,0.08%,12.0,0,0,0,0,0,0,0,0,0,0,1,0,0,0,0,0,0,0,0,0,0,0,0,0,0,0,0,0,1,0,1
KFN,Lakeland Financial Corp,Financial,Banks - Regional,USA,1440000000.0,13.33,57.98,-0.57%,169892.0,0,0,0,0,0,0,0,0,0,0,1,0,0,0,0,0,0,0,0,0,0,0,0,0,0,0,0,0,1,0,1
KOR,Northern Trust Credit-Scored US Long Corporate Bond ETF,Financial,Exchange Traded Fund,USA,,,38.07,0.47%,1597.0,0,0,0,0,0,0,0,0,1,0,0,0,0,0,0,0,0,0,0,0,0,0,0,0,0,0,0,0,1,0,1
KQ,LKQ Corp,Consumer Cyclical,Auto Parts,USA,5660000000.0,12.33,22.39,-0.04%,3216135.0,0,0,0,0,0,0,0,0,1,0,0,0,0,0,0,0,0,0,0,0,0,0,0,0,0,0,0,0,1,0,1
LDR,Global X Long-Term Treasury Ladder ETF,Financial,Exchange Traded Fund,USA,,,40.69,0.29%,120.0,0,0,0,0,0,0,0,0,1,0,0,0,0,0,0,0,0,0,0,0,0,0,0,0,0,0,0,0,1,0,1
LYVA,Liberty Live Holdings Inc,Communication Services,Entertainment,USA,9050000000.0,,96.25,0.08%,244013.0,0,0,0,-1,0,0,0,0,0,0,0,0,0,0,0,0,0,0,0,0,0,0,0,0,0,0,0,0,0,1,1
LYVK,Liberty Live Holdings Inc,Communication Services,Entertainment,USA,9100000000.0,,99.4,0.54%,319525.0,0,0,0,0,0,0,0,0,0,0,0,0,0,0,0,0,0,0,0,0,0,0,-1,0,0,0,0,0,0,1,1
LYX,Defiance Daily Target 2X Long LLY ETF,Financial,Exchange Traded Fund,USA,,,24.38,2.37%,287900.0,0,0,0,0,0,0,0,0,0,0,0,0,-1,0,0,0,0,0,0,0,0,0,0,0,0,0,0,0,0,1,1
MND,Lemonade Inc,Financial,Insurance - Property & Casualty,USA,3580000000.0,,46.3,-0.79%,862813.0,0,0,0,0,0,0,0,0,1,0,0,0,0,0,0,0,0,0,0,0,0,0,0,0,0,0,0,0,1,0,1
ND,Brasilagro Companhia Brasileira De Propriedade Agricola ADR,Consumer Defensive,Farm Products,Brazil,368560000.0,,3.7,0.00%,55246.0,0,0,0,0,0,0,0,0,1,1,0,0,0,0,0,0,0,0,0,0,0,0,0,0,0,0,0,0,2,0,2
NG,Cheniere Energy Inc,Energy,Oil & Gas Midstream,USA,56850000000.0,20.48,275.26,0.12%,1447624.0,0,0,0,0,0,0,0,0,0,0,1,0,0,0,0,0,0,0,0,0,0,0,-1,0,0,0,0,0,1,1,2
NGX,Global X U.S. Natural Gas ETF,Financial,Exchange Traded Fund,USA,,,43.49,0.90%,8951.0,0,0,0,0,0,0,0,0,0,0,1,0,0,0,0,0,0,0,0,0,0,0,0,0,0,0,0,0,1,0,1
NN,Lindsay Corp,Industrials,Farm & Heavy Construction Machinery,USA,1170000000.0,22.01,114.73,0.30%,100092.0,0,0,0,0,0,0,0,0,0,0,0,0,0,0,0,1,0,0,0,0,0,0,0,0,0,0,0,0,1,0,1
NSR,LENSAR Inc,Healthcare,Medical Devices,USA,82320000.0,,6.7,0.45%,33926.0,0,0,0,0,0,0,0,0,0,0,0,0,0,0,0,0,0,0,0,0,0,0,0,1,0,0,0,0,1,0,1
OCL,Local Bounti Corp,Consumer Defensive,Farm Products,USA,25250000.0,,1.08,0.00%,8261.0,0,0,0,0,0,0,0,0,0,0,0,0,-1,0,0,0,0,0,0,0,0,0,0,0,0,0,0,0,0,1,1
OCT,Innovator Premium Income 15 Buffer ETF - October,Financial,Exchange Traded Fund,USA,,,23.89,0.08%,16.0,0,0,0,0,0,0,0,0,0,0,1,0,0,0,0,0,0,0,0,0,0,0,0,0,0,0,0,0,1,0,1
ODI,AAM SLC Low Duration Income ETF,Financial,Exchange Traded Fund,USA,,,24.88,0.04%,75345.0,0,0,0,-1,0,0,0,0,0,0,0,0,0,0,0,0,0,0,0,0,0,0,0,0,0,0,0,0,0,1,1
OGI,Logitech International SA,Technology,Computer Hardware,Switzerland,14700000000.0,18.82,102.41,1.02%,409134.0,0,0,0,0,0,1,0,0,0,0,0,0,0,0,0,0,0,0,0,0,0,0,0,0,0,0,0,0,1,0,1
OGO,Alpha Brands Consumption Leaders ETF,Financial,Exchange Traded Fund,USA,,,20.6,0.93%,24.0,0,0,0,0,0,0,0,0,0,0,0,0,-1,-1,0,0,0,0,0,0,0,0,0,0,0,0,0,0,0,2,2
ONZ,PIMCO Senior Loan Active ExchangeTraded Fund,Financial,Exchange Traded Fund,USA,,,48.91,0.04%,57561.0,0,0,0,0,0,0,0,0,0,0,0,0,0,0,0,1,0,0,0,0,0,0,0,0,0,0,0,0,1,0,1
OPE,Grand Canyon Education Inc,Consumer Defensive,Education & Training Services,USA,4050000000.0,18.79,155.55,0.40%,238009.0,0,0,0,0,0,0,0,0,0,0,0,0,0,0,0,1,0,0,0,0,0,0,0,0,0,0,0,0,1,0,1
OTI,Liberty One Tactical Income ETF,Financial,Exchange Traded Fund,USA,,,25.4,0.51%,716.0,0,0,0,0,0,0,0,0,0,0,1,0,0,0,0,0,0,0,0,0,0,0,0,0,0,0,0,0,1,0,1
OUP,Innovator Deepwater Frontier Tech ETF,Financial,Exchange Traded Fund,USA,,,92.81,0.75%,10393.0,0,0,0,0,0,0,0,0,0,0,0,0,-1,-1,0,0,0,0,0,0,0,0,0,0,0,0,0,0,0,2,2
OVE,Lovesac Company,Consumer Cyclical,"Furnishings, Fixtures & Appliances",USA,212890000.0,12.12,14.76,-0.47%,184800.0,0,0,0,0,0,0,0,0,1,0,0,0,0,0,0,0,0,0,0,0,0,0,0,0,0,0,0,0,1,0,1
OW,Lowe's Cos. Inc,Consumer Cyclical,Home Improvement Retail,USA,103050000000.0,15.53,183.67,2.32%,2703220.0,0,1,0,0,0,0,0,0,1,0,0,0,0,0,0,0,0,0,0,0,0,0,0,0,0,0,0,0,2,0,2
PA,Logistic Properties of the Americas,Real Estate,Real Estate - Development,USA,96680000.0,5.63,3.05,-2.24%,41180.0,0,0,0,0,0,0,0,0,0,0,0,0,0,0,0,0,0,0,0,0,0,0,0,0,0,0,-1,0,0,1,1
PTH,Lightpath Technologies Inc,Technology,Electronic Components,USA,761290000.0,,10.87,0.56%,2291751.0,0,1,0,0,0,0,0,0,0,0,0,0,-1,0,0,0,0,0,0,0,0,0,0,0,0,0,0,0,1,1,2
PX,Louisiana-Pacific Corp,Industrials,Building Products & Equipment,USA,4680000000.0,86.71,66.89,2.45%,1049205.0,0,0,0,0,0,0,0,0,0,0,0,0,-1,-1,0,0,0,0,0,0,0,0,0,0,0,0,0,0,0,2,2
Q,Simplify Tax Aware Alternatives ETF,Financial,Exchange Traded Fund,USA,,,23.82,0.21%,31.0,0,0,0,0,0,0,0,0,0,0,0,0,-1,0,0,0,0,0,0,0,0,0,0,0,0,1,0,0,1,1,2
QDH,iShares Interest Rate Hedged Corporate Bond ETF,Financial,Exchange Traded Fund,USA,,,92.55,0.15%,48360.0,0,0,0,0,0,0,0,0,1,0,0,0,0,0,0,1,0,0,0,0,0,0,0,0,0,0,0,0,2,0,2
QDT,Liquidity Services Inc,Consumer Cyclical,Internet Retail,USA,1300000000.0,40.58,41.51,-3.96%,234292.0,0,0,0,-1,0,0,0,-1,0,0,1,0,0,0,0,0,0,0,0,0,0,0,0,0,-1,0,0,0,1,3,4
QDW,iShares Investment Grade Corporate Bond BuyWrite Strategy ETF,Financial,Exchange Traded Fund,USA,,,22.41,0.22%,74097.0,0,0,0,0,0,0,0,0,1,0,0,0,0,0,0,0,0,0,0,0,0,0,0,0,0,0,0,0,1,0,1
RCC,Corgi LRCX 2x Daily ETF,Financial,Exchange Traded Fund,USA,,,19.7,-6.75%,9182.0,0,0,0,0,0,0,0,0,0,0,1,0,0,0,0,0,0,0,0,0,0,0,0,0,0,0,0,0,1,0,1
RCX,Lam Research Corp,Technology,Semiconductor Equipment & Materials,USA,417840000000.0,57.93,333.89,-3.44%,7665011.0,0,0,0,0,0,1,0,0,0,0,0,0,0,0,0,0,0,0,0,0,0,0,0,0,0,0,0,0,1,0,1
RE,Lead Real Estate Co Ltd ADR,Real Estate,Real Estate - Development,Japan,14370000.0,4.13,1.05,-3.35%,9387.0,0,0,0,0,0,0,0,0,1,0,0,0,0,0,0,0,0,0,0,0,0,0,0,0,0,0,0,0,1,0,1
RGF,iShares U.S. Equity Factor ETF,Financial,Exchange Traded Fund,USA,,,79.68,0.53%,133705.0,0,0,0,0,0,0,0,0,0,0,1,0,0,0,0,0,0,0,0,0,0,0,0,0,0,0,0,0,1,0,1
RMR,Larimar Therapeutics Inc,Healthcare,Biotechnology,USA,288800000.0,,2.78,-2.80%,829229.0,0,0,0,0,0,0,0,0,0,0,0,0,-1,0,0,0,0,0,0,0,0,0,0,0,0,0,0,0,0,1,1
RN,Stride Inc,Consumer Defensive,Education & Training Services,USA,3310000000.0,11.07,79.75,1.10%,600926.0,0,0,0,0,0,0,0,0,1,0,0,0,0,0,0,0,0,0,0,0,0,0,0,0,0,0,0,0,1,0,1
RND,NYLIM U.S. Large Cap R&D Leaders ETF,Financial,Exchange Traded Fund,USA,,,49.16,0.86%,3241.0,0,0,0,0,0,0,0,-1,0,0,0,0,0,0,0,0,0,0,0,0,0,0,0,0,0,0,0,0,0,1,1
RNZ,"TrueShares Technology, AI & Deep Learning ETF",Financial,Exchange Traded Fund,USA,,,70.33,-1.32%,10462.0,0,0,0,0,0,0,0,-1,0,0,0,0,0,0,0,0,0,0,0,0,0,0,0,0,0,0,0,0,0,1,1
SAF,LeaderShares AlphaFactor US Core Equity ETF,Financial,Exchange Traded Fund,USA,,,54.26,0.22%,7068.0,0,0,0,0,0,0,0,0,0,0,0,0,0,0,0,0,0,0,0,0,0,0,-1,0,0,0,0,0,0,1,1
SAT,LeaderShares AlphaFactor Tactical Focused ETF,Financial,Exchange Traded Fund,USA,,,45.23,0.95%,3821.0,0,0,0,-1,0,0,0,0,0,0,0,0,0,0,0,0,0,0,0,0,0,0,0,0,0,0,0,0,0,1,1
SCC,Lattice Semiconductor Corp,Technology,Semiconductors,USA,19100000000.0,519.39,134.47,1.22%,1925908.0,0,0,0,0,0,0,0,0,1,0,0,0,0,0,0,0,0,0,0,0,0,0,0,0,0,0,0,0,1,0,1
SE,Leishen Energy Holding Co Ltd,Energy,Oil & Gas Equipment & Services,China,78130000.0,4589.5,4.59,2.22%,2164.0,0,0,0,0,0,0,0,0,0,0,1,0,0,0,0,0,0,0,0,0,0,0,0,0,0,0,0,0,1,0,1
SEQ,Harbor Long-Short Equity ETF,Financial,Exchange Traded Fund,USA,,,33.31,-2.47%,6423.0,0,1,0,-1,0,0,0,0,0,0,0,0,0,0,0,0,0,0,0,0,0,0,0,0,0,0,0,0,1,1,2
SGR,Natixis Loomis Sayles Focused Growth ETF,Financial,Exchange Traded Fund,USA,,,46.01,0.33%,36748.0,0,0,0,0,0,0,0,0,0,0,1,1,0,0,0,0,0,0,0,0,0,0,0,0,0,0,0,0,2,0,2
SPD,Lightspeed Commerce Inc,Technology,Software - Application,Canada,1350000000.0,,10.14,-0.69%,632287.0,0,0,0,-1,0,0,0,0,0,0,0,0,0,0,0,0,0,0,0,0,0,0,0,0,0,0,0,0,0,1,1
TBR,Lightbridge Corp,Industrials,Electrical Equipment & Parts,USA,256209999.99999997,,6.84,7.55%,1247041.0,0,0,0,0,0,0,0,0,1,0,0,0,0,0,0,0,0,0,0,0,0,0,0,0,0,0,0,0,1,0,1
TGR,Long Table Growth Corp,Financial,Shell Companies,USA,229080000.0,,9.96,0.00%,36.0,0,0,0,0,0,0,0,0,0,0,0,0,0,0,0,0,0,0,0,0,0,0,-1,0,0,0,0,0,0,1,1
TL,ProShares Ultra Communication Services,Financial,Exchange Traded Fund,USA,,,24.1,0.62%,532.0,0,0,0,0,0,0,0,0,1,1,0,0,0,0,0,0,0,0,0,0,0,0,0,0,0,0,0,0,2,0,2
TM,LATAM Airlines Group SA ADR,Industrials,Airlines,Chile,15000000000.0,9.81,52.23,2.84%,921086.0,0,0,0,0,0,0,0,0,0,0,0,0,-1,0,0,0,0,0,0,0,0,0,0,0,0,0,0,0,0,1,1
TRX,Lantronix Inc,Technology,Communication Equipment,USA,343630000.0,,7.33,2.81%,978545.0,0,0,0,0,0,0,0,0,0,0,0,0,-1,-1,0,0,0,0,0,0,0,0,0,0,0,1,0,0,1,2,3
U,Lufax Holding Ltd ADR,Financial,Credit Services,China,846930000.0,,1.01,-1.94%,1239081.0,0,0,0,0,0,0,0,0,1,0,0,0,0,0,0,0,0,0,0,0,0,0,0,0,0,0,0,0,1,0,1
UCD,Lucid Diagnostics Inc,Healthcare,Medical Devices,USA,121940000.0,,0.6,1.13%,1458836.0,0,0,0,0,0,1,0,0,0,0,0,0,0,0,0,0,0,0,0,-1,0,0,0,0,0,0,0,0,1,1,2
UCY,Innovative Eyewear Inc,Healthcare,Medical Instruments & Supplies,USA,8050000.000000001,,0.92,3.90%,404910.0,0,0,0,0,0,0,0,0,1,0,0,0,0,0,0,0,0,0,0,0,0,0,0,0,0,0,0,0,1,0,1
ULG,Leverage Shares 2X Long LULU Daily ETF,Financial,Exchange Traded Fund,USA,,,3.6,0.77%,798962.0,0,0,0,0,0,0,0,0,0,0,0,0,0,0,0,0,0,0,0,-1,0,0,0,0,0,0,0,0,0,1,1
ULU,Lululemon Athletica Inc,Consumer Cyclical,Apparel Retail,Canada,10840000000.0,7.67,93.61,0.50%,4894954.0,0,0,0,0,0,0,0,0,1,0,0,0,0,0,0,0,0,0,0,0,0,0,0,0,0,0,0,0,1,0,1
UNG,Pulmonx Corp,Healthcare,Medical Devices,USA,76450000.0,,1.78,-5.32%,201318.0,0,0,0,0,0,0,0,0,0,0,0,0,0,0,0,0,0,0,0,0,0,0,0,0,0,1,0,0,1,0,1
VHI,Franklin International Low Volatility High Dividend Index ETF,Financial,Exchange Traded Fund,USA,,,41.73,0.02%,817760.0,0,0,0,0,0,0,0,-1,0,0,0,0,0,0,0,0,0,0,0,0,0,0,0,0,0,0,0,0,0,1,1
VLN,State Street SPDR S&P Leveraged Loan ETF,Financial,Exchange Traded Fund,USA,,,24.6,0.06%,4322.0,0,0,0,0,0,0,0,0,0,0,0,0,0,0,0,1,0,0,0,0,0,0,0,0,0,0,0,0,1,0,1
VS,Las Vegas Sands Corp,Consumer Cyclical,Resorts & Casinos,USA,23520000000.0,14.15,36.31,-0.82%,4978365.0,0,0,0,0,0,0,0,0,0,0,0,0,0,0,0,0,0,0,0,-1,0,0,0,0,0,0,0,0,0,1,1
WLX,Tradr 2X Long LWLG Daily ETF,Financial,Exchange Traded Fund,USA,,,12.93,3.32%,2381.0,0,0,0,0,0,0,0,0,1,0,0,0,0,0,0,0,0,0,0,0,0,0,0,0,0,0,0,0,1,0,1
XU,LSB Industries Inc,Basic Materials,Chemicals,USA,732210000.0,20.05,10.17,-0.10%,637036.0,0,0,0,0,0,0,0,0,0,0,0,0,-1,-1,0,0,0,0,0,-1,0,0,0,0,0,0,0,0,0,3,3
YLD,Cambria Large Cap Shareholder Yield ETF,Financial,Exchange Traded Fund,USA,,,32.22,0.57%,721.0,0,0,0,0,0,0,0,0,0,0,0,0,0,0,0,0,0,0,0,0,0,0,-1,0,0,0,0,0,0,1,1
Z,LegalZoom.com Inc,Industrials,Specialty Business Services,USA,988190000.0,61.51,5.77,-1.70%,2245556.0,0,1,0,0,0,0,0,0,0,0,0,0,0,0,0,0,0,0,0,0,0,0,0,0,0,1,0,0,2,0,2
ZM,Lifezone Metals Ltd,Basic Materials,Other Industrial Metals & Mining,United Kingdom,345270000.0,,3.84,0.26%,185013.0,0,0,0,0,0,0,0,0,1,0,0,0,0,0,0,0,0,0,0,0,0,0,0,0,0,0,0,0,1,0,1
AAS,Maase Inc,Technology,Information Technology Services,China,5200000000.0,,11.95,-8.22%,192446.0,0,0,0,0,0,0,0,0,0,0,0,0,0,0,0,1,0,0,0,0,0,0,0,0,0,0,0,0,1,0,1
AGX,Roundhill Daily 2X Long Magnificent Seven ETF,Financial,Exchange Traded Fund,USA,,,65.11,1.30%,58987.0,0,0,0,0,0,0,0,-1,0,0,0,0,0,0,0,0,0,0,0,0,0,0,0,0,0,0,0,0,0,1,1
AMB,Monarch Ambassador Income Index ETF,Financial,Exchange Traded Fund,USA,,,23.03,0.28%,31692.0,0,0,0,0,0,0,0,0,1,0,0,0,0,0,0,0,0,0,0,0,0,0,0,0,0,0,0,0,1,0,1
ANE,Veradermics Inc,Healthcare,Biotechnology,USA,4550000000.0,,108.96,-8.34%,736832.0,0,0,0,0,0,0,0,0,1,0,0,0,0,0,0,0,0,0,0,0,0,0,0,0,0,0,0,0,1,0,1
ANU,Manchester United Plc,Communication Services,Entertainment,United Kingdom,3520000000.0,,20.4,1.75%,410680.0,0,0,0,0,0,0,0,0,1,0,0,0,0,0,0,0,0,0,0,0,0,0,0,0,0,0,0,0,1,0,1
AR,Marriott International Inc,Consumer Cyclical,Lodging,USA,94210000000.0,37.45,361.28,1.51%,1338049.0,0,0,0,0,0,0,0,0,0,0,0,0,0,0,0,0,0,0,0,0,0,0,0,0,0,0,-1,0,0,1,1
ARO,YieldMax MARA Option Income Strategy ETF,Financial,Exchange Traded Fund,USA,,,3.76,-1.57%,557308.0,0,0,0,0,0,0,0,0,1,0,0,0,0,0,0,0,0,0,0,0,0,0,0,0,0,0,0,0,1,0,1
ARPS,Marine Petroleum Trust,Energy,Oil & Gas Midstream,USA,8500000.0,12.88,4.25,2.41%,4573.0,0,0,0,0,0,0,0,0,0,0,0,0,-1,-1,0,0,0,0,0,0,0,0,0,0,0,0,0,0,0,2,2
AT,Mattel Inc,Consumer Cyclical,Leisure,USA,4550000000.0,11.73,15.93,-0.75%,9861318.0,0,0,0,0,0,0,0,0,0,0,0,0,0,0,0,0,0,0,0,0,0,0,0,1,0,0,0,0,1,0,1
ATX,Matson Inc,Industrials,Marine Shipping,USA,6720000000.0,15.03,224.78,-2.55%,279855.0,0,0,0,-1,0,1,0,0,0,0,0,0,0,0,0,0,0,1,0,0,0,0,0,0,0,0,0,0,2,1,3
AYC,Corgi U.S. Equities 10% Structured Buffer ETF - May Series,Financial,Exchange Traded Fund,USA,,,26.45,0.32%,13.0,0,0,0,0,0,0,0,0,0,0,1,0,0,0,0,0,0,0,0,0,0,0,0,0,0,0,0,0,1,0,1
AYT,AllianzIM U.S. Equity Buffer10 May ETF,Financial,Exchange Traded Fund,USA,,,40.41,0.42%,12103.0,0,0,0,0,0,0,0,-1,0,0,0,0,0,0,0,0,0,0,0,0,0,0,0,0,0,0,0,0,0,1,1
AYW,AllianzIM U.S. Equity Buffer20 May ETF,Financial,Exchange Traded Fund,USA,,,35.74,0.08%,25123.0,0,0,0,0,0,0,0,-1,0,0,0,0,0,0,0,0,0,0,0,0,0,0,0,0,0,0,0,0,0,1,1
BAI,MBody AI Ltd,Technology,Software - Infrastructure,Canada,49550000.0,0.63,3.24,5.88%,15558.0,0,1,0,0,0,0,0,0,1,0,0,0,0,0,0,0,0,0,0,0,0,0,0,0,0,0,0,0,2,0,2
BBC,Marathon Bancorp Inc,Financial,Banks - Regional,USA,44850000.0,23.02,14.9,-1.19%,1370.0,0,0,0,0,0,0,0,0,0,0,0,0,0,0,0,1,0,0,0,0,0,0,0,0,0,0,0,0,1,0,1
BC,MasterBrand Inc,Consumer Cyclical,"Furnishings, Fixtures & Appliances",USA,1440000000.0,,7.1,1.72%,1296775.0,0,0,0,0,0,0,0,0,0,0,0,0,0,0,0,0,0,0,0,0,0,0,0,1,0,0,0,0,1,0,1
BLY,Mobileye Global Inc,Consumer Cyclical,Auto Parts,Israel,6350000000.0,,7.47,-1.45%,6365375.0,0,0,0,-1,0,0,0,0,0,0,0,0,0,0,0,1,0,0,0,0,0,0,0,0,0,0,0,0,1,1,2
BS,Angel Oak Mortgage-Backed Securities ETF,Financial,Exchange Traded Fund,USA,,,8.16,0.06%,155068.0,0,0,0,0,0,1,0,0,0,0,0,0,0,0,0,0,0,0,0,0,0,0,0,0,0,0,0,0,1,0,1
BSF,Regan Floating Rate MBS ETF,Financial,Exchange Traded Fund,USA,,,25.41,0.00%,42871.0,0,1,0,0,0,0,0,0,0,0,0,0,0,0,0,0,0,0,0,0,0,0,0,0,0,0,0,0,1,0,1
BSX,Regan Fixed Rate MBS ETF,Financial,Exchange Traded Fund,USA,,,25.3,-1.31%,3358.0,0,1,0,0,0,0,0,0,0,0,0,0,0,0,0,0,0,0,0,0,0,0,0,0,0,0,0,0,1,0,1
CBS,MetroCity Bankshares Inc,Financial,Banks - Regional,USA,1000000000.0,12.08,34.86,-0.60%,88143.0,0,0,0,0,0,0,0,0,1,0,0,0,0,0,0,0,0,0,0,0,0,0,0,0,0,0,0,0,1,0,1
CD,McDonald's Corp,Consumer Cyclical,Restaurants,USA,164490000000.0,18.88,232.45,-0.25%,5643840.0,0,0,0,0,0,1,0,0,1,0,0,0,0,0,0,0,0,0,0,0,0,0,0,0,0,0,0,0,2,0,2
CH,Matthews China Active ETF,Financial,Exchange Traded Fund,USA,,,27.18,0.07%,1560.0,0,0,0,0,0,0,0,0,0,0,1,0,0,0,0,0,0,0,0,0,0,0,0,0,0,0,0,0,1,0,1
CHI,iShares MSCI China ETF,Financial,Exchange Traded Fund,USA,,,52.22,-0.11%,2419637.0,0,0,0,-1,0,0,0,0,0,0,0,0,0,0,0,1,0,0,0,0,0,0,0,0,0,0,0,0,1,1,2
CHS,Matthews China Innovators Active ETF,Financial,Exchange Traded Fund,USA,,,39.82,0.01%,285.0,0,0,0,0,0,0,0,0,1,0,0,0,0,0,0,0,0,0,0,0,0,0,0,0,0,0,0,0,1,0,1
CN,XAI Madison Equity Premium Income Fund,Financial,Closed-End Fund - Equity,USA,110640000.0,,5.27,0.57%,63730.0,0,0,0,0,0,0,0,0,0,0,0,0,0,0,0,0,0,0,0,-1,0,0,0,0,0,0,0,0,0,1,1
CRB,Seres Therapeutics Inc,Healthcare,Biotechnology,USA,28830000.0,,2.9,1.75%,76422.0,0,0,0,0,0,0,0,0,1,1,0,0,0,0,0,0,0,0,0,0,0,0,0,0,0,0,0,0,2,0,2
CRI,Monarch Casino & Resort Inc,Consumer Cyclical,Resorts & Casinos,USA,2140000000.0000002,19.14,119.23,0.90%,74136.0,0,0,0,0,0,0,0,0,1,0,0,0,0,0,0,0,0,0,0,0,0,0,0,0,0,0,0,0,1,0,1
D,Pediatrix Medical Group Inc,Healthcare,Medical Care Facilities,USA,2109999999.9999998,12.49,26.0,-0.38%,667765.0,0,0,0,0,0,1,0,0,0,0,0,0,0,0,0,0,0,0,0,0,0,0,0,0,0,0,0,0,1,0,1
DA,MDA Space Ltd,Industrials,Aerospace & Defense,Canada,4900000000.0,52.47,30.25,2.54%,958209.0,0,0,0,0,0,0,0,0,0,0,0,0,0,0,0,0,0,0,0,0,0,0,0,0,0,0,-1,0,0,1,1
DBH,MDB Capital Holdings LLC,Financial,Capital Markets,USA,21820000.0,,2.09,-5.83%,6562.0,0,0,0,0,0,0,0,0,1,0,0,0,0,0,0,0,0,0,0,0,0,0,0,0,0,0,0,0,1,0,1
DGL,Madrigal Pharmaceuticals Inc,Healthcare,Biotechnology,USA,11470000000.0,,496.45,0.57%,330281.0,0,0,0,0,0,0,0,0,0,0,0,0,0,0,0,1,0,0,0,0,0,0,0,0,0,0,0,0,1,0,1
DLZ,Mondelez International Inc,Consumer Defensive,Confectioners,USA,76090000000.0,21.87,59.62,1.93%,7209776.0,0,0,0,0,0,0,0,-1,0,0,0,0,0,0,0,0,0,0,0,0,0,0,0,0,0,0,0,0,0,1,1
DST,Westwood Salient Enhanced Midstream Income ETF,Financial,Exchange Traded Fund,USA,,,28.48,0.85%,54278.0,0,1,0,0,0,0,0,0,0,0,0,0,0,0,0,0,0,0,0,0,0,0,0,0,0,0,0,0,1,0,1
DWD,MediWound Ltd,Healthcare,Biotechnology,Israel,169770000.0,,13.15,-2.66%,58786.0,0,0,0,0,0,0,0,0,1,0,0,0,0,0,0,0,0,0,0,0,0,0,0,0,0,0,0,0,1,0,1
ED,Medifast Inc,Consumer Cyclical,Personal Services,USA,128690000.0,,11.51,-1.37%,84687.0,0,0,0,0,0,0,0,0,0,0,0,0,0,0,0,0,0,0,0,0,1,0,0,0,-1,0,0,0,1,1,2
EDI,Harbor Health Care ETF,Financial,Exchange Traded Fund,USA,,,32.36,-1.08%,3637.0,0,0,0,0,0,0,0,-1,0,0,0,0,0,0,0,0,0,0,0,0,0,0,0,0,0,0,0,0,0,1,1
EGL,Magic Empire Global Ltd,Financial,Capital Markets,Hong Kong,52830000.0,,0.78,-4.79%,28754.0,0,0,0,0,0,0,0,0,1,0,0,0,0,0,0,0,0,0,0,0,0,0,0,0,0,0,0,0,1,0,1
EI,Methode Electronics Inc,Technology,Electronic Components,USA,538240000.0,,15.1,-1.95%,235066.0,0,1,0,0,0,0,0,0,0,0,0,0,-1,0,0,0,0,0,0,0,0,0,0,0,0,0,0,0,1,1,2
EM,Matthews Emerging Markets Equity Active ETF,Financial,Exchange Traded Fund,USA,,,44.27,-0.89%,1077.0,0,0,0,0,0,0,0,0,0,0,0,0,0,0,0,1,0,0,0,0,0,0,0,0,0,0,0,0,1,0,1
EME,Roundhill Meme Stock ETF,Financial,Exchange Traded Fund,USA,,,9.14,0.95%,49759.0,0,0,0,0,0,0,0,0,0,0,0,0,-1,0,0,0,0,0,0,0,0,0,0,0,0,0,-1,0,0,2,2
EMS,Matthews Emerging Markets Discovery Active ETF,Financial,Exchange Traded Fund,USA,,,30.94,0.23%,729.0,0,0,0,0,0,0,0,0,0,0,0,0,0,0,0,1,0,0,0,0,0,0,0,0,0,0,0,0,1,0,1
ENS,Jyong Biotech Ltd,Healthcare,Biotechnology,Taiwan,149950000.0,,2.02,-1.46%,20185.0,0,1,0,0,0,0,0,0,0,0,1,0,0,0,0,0,0,0,0,0,0,0,0,0,0,0,0,0,2,0,2
EOH,Methanex Corp,Basic Materials,Chemicals,Canada,4700000000.0,53.53,60.81,0.26%,603210.0,0,0,0,0,0,0,0,0,0,0,1,0,0,0,0,0,0,0,0,0,0,0,0,0,-1,0,0,0,1,1,2
ET,Metlife Inc,Financial,Insurance - Life,USA,61740000000.0,18.59,97.16,0.29%,4300249.0,0,0,0,0,0,0,0,0,0,0,0,0,-1,0,0,0,0,0,0,0,0,0,0,0,0,0,0,0,0,1,1
ETA,Meta Platforms Inc,Communication Services,Internet Content & Information,USA,1882300000000.0,27.83,738.88,-0.41%,12563056.0,0,1,0,0,0,0,0,0,0,0,0,0,0,0,0,0,0,0,0,0,0,0,0,0,0,0,0,0,1,0,1
ETL,Sprott Active Metals & Miners ETF,Financial,Exchange Traded Fund,USA,,,25.89,0.60%,12425.0,0,0,0,0,0,0,0,0,1,1,0,0,0,0,0,0,0,0,0,0,0,0,0,0,0,0,0,0,2,0,2
EVO,M Evo Global Acquisition Corp II,Financial,Shell Companies,USA,400800000.0,,10.02,0.10%,20883.0,0,0,0,0,0,0,0,0,0,0,0,0,0,0,0,0,0,1,0,0,0,0,0,0,0,0,0,0,1,0,1
F,MindForge Inc,Communication Services,Advertising Agencies,China,20630000.0,,11.4,-20.28%,23689.0,0,0,0,0,0,0,0,0,1,0,0,0,0,0,0,0,0,0,0,0,0,0,0,0,0,0,0,0,1,0,1
FA,MFA Financial Inc,Real Estate,REIT - Mortgage,USA,735920000.0,7.28,7.28,-0.95%,2694746.0,0,0,0,0,0,0,0,0,1,1,0,0,0,0,0,0,0,0,0,0,0,0,0,0,0,0,0,0,2,0,2
FIG,Motley Fool Innovative Growth ETF,Financial,Exchange Traded Fund,USA,,,22.2,0.39%,2303.0,0,0,0,0,0,0,0,-1,0,0,0,0,0,0,0,0,0,0,0,0,0,0,0,0,0,0,0,0,0,1,1
FP,Midera Food Processing Inc,Industrials,Specialty Industrial Machinery,USA,1890000000.0,,41.78,-1.79%,264161.0,0,0,0,0,0,0,0,0,1,0,0,0,0,0,0,0,0,0,0,0,0,0,0,0,0,0,0,0,1,0,1
FSG,MFS Active Growth ETF,Financial,Exchange Traded Fund,USA,,,31.41,0.35%,62179.0,0,0,0,0,0,0,0,0,0,0,1,1,0,0,0,0,0,0,0,0,0,0,0,0,0,0,0,0,2,0,2
GC,Vanguard Morningstar Mega Cap ETF,Financial,Exchange Traded Fund,USA,,,288.18,0.50%,83270.0,0,0,0,0,0,0,0,-1,0,0,0,0,0,0,0,0,0,0,0,0,0,0,0,0,0,0,0,0,0,1,1
GIH,Millennium Group International Holdings Ltd,Consumer Cyclical,Packaging & Containers,Hong Kong,16420000.000000002,,1.46,-2.01%,16608.0,0,0,0,0,0,0,0,0,0,0,0,0,0,0,0,1,0,0,0,0,0,0,0,0,0,0,0,0,1,0,1
GK,Vanguard Morningstar Mega Cap Growth ETF,Financial,Exchange Traded Fund,USA,,,95.11,0.55%,1842748.0,0,0,0,0,0,0,0,0,0,0,1,0,0,0,0,0,0,0,0,0,0,0,0,0,0,0,0,0,1,0,1
GLD,Marygold Companies Inc,Financial,Asset Management,USA,85420000.0,,2.0,0.00%,120469.0,0,1,0,0,0,1,0,0,0,0,0,0,0,0,0,0,0,0,0,0,0,0,0,0,0,0,0,0,2,0,2
GNR,American Beacon GLG Natural Resources ETF,Financial,Exchange Traded Fund,USA,,,50.24,0.34%,119036.0,0,0,0,0,0,0,0,0,0,0,0,0,0,0,0,0,0,0,0,0,0,0,-1,0,0,0,0,0,0,1,1
GNX,Macrogenics Inc,Healthcare,Biotechnology,USA,231870000.0,,3.64,-3.45%,633291.0,0,0,0,0,0,0,0,0,1,0,0,0,0,0,0,0,0,0,0,0,0,0,0,0,0,0,0,0,1,0,1
GOV,First Trust Intermediate Government Opportunities ETF,Financial,Exchange Traded Fund,USA,,,19.05,0.11%,23178.0,0,0,0,0,0,0,0,0,1,1,0,0,0,0,0,0,0,0,0,0,0,0,0,0,0,0,0,0,2,0,2
GPI,MGP Ingredients Inc,Consumer Defensive,Beverages - Wineries & Distilleries,USA,278810000.0,,13.02,1.96%,220775.0,0,0,0,0,0,0,0,0,1,0,0,0,0,0,0,0,0,0,0,0,0,0,0,0,0,0,0,0,1,0,1
H,McGraw Hill Inc,Consumer Defensive,Education & Training Services,USA,2480000000.0,26.77,12.98,3.10%,497295.0,0,0,0,-1,0,0,0,0,0,0,0,0,0,0,0,0,0,0,0,0,0,0,0,0,0,0,0,0,0,1,1
IAX,Miami International Holdings Inc,Financial,Capital Markets,USA,3060000000.0,39.66,30.79,-10.29%,4753760.0,0,0,0,0,0,0,0,0,1,0,0,0,0,0,0,0,0,0,0,0,0,0,0,0,0,0,-1,0,1,1,2
ICC,Magnum Ice Cream Company NV,Consumer Defensive,Packaged Foods,Netherlands,10520000000.0,50.54,17.18,0.41%,951897.0,0,0,0,0,0,0,0,0,0,0,1,0,0,0,0,0,0,0,0,0,0,0,0,0,0,0,0,0,1,0,1
ID,American Century Mid Cap Growth Impact ETF,Financial,Exchange Traded Fund,USA,,,72.8,0.96%,814.0,0,0,0,0,0,0,0,-1,0,0,0,0,0,0,0,0,0,0,0,0,0,0,0,0,0,0,0,0,0,1,1
IG,VanEck Moodys Analytics IG Corporate Bond ETF,Financial,Exchange Traded Fund,USA,,,20.22,0.27%,1017.0,0,0,0,0,0,0,0,0,1,0,0,0,0,0,0,0,0,0,0,0,0,0,0,0,0,0,0,0,1,0,1
ILK,Pacer US Cash Cows Bond ETF,Financial,Exchange Traded Fund,USA,,,23.36,0.47%,4193.0,0,0,0,0,0,0,0,0,1,0,0,0,0,0,0,0,0,0,0,0,0,0,0,0,0,0,0,0,1,0,1
IMI,Mint Inc Ltd,Industrials,Engineering & Construction,Hong Kong,12570000.0,,0.85,-1.89%,176325.0,0,1,0,0,0,0,0,0,0,0,0,0,0,0,0,0,0,0,0,0,0,0,0,0,0,0,0,0,1,0,1
IN,Aberdeen Intermediate Income Fund,Financial,Closed-End Fund - Debt,USA,262880000.0,24.09,2.31,1.32%,195986.0,0,0,0,0,0,0,0,0,0,0,0,0,0,0,0,0,0,0,0,-1,0,0,0,0,0,0,0,0,0,1,1
IND,MIND Technology Inc,Technology,Scientific & Technical Instruments,USA,41530000.0,,4.57,0.88%,55752.0,0,0,0,0,0,0,0,0,1,0,0,0,0,0,0,0,0,0,0,0,0,0,0,0,0,0,0,0,1,0,1
INV,Matthews Asia Innovators Active ETF,Financial,Exchange Traded Fund,USA,,,49.31,-0.51%,4622.0,0,0,0,0,0,0,0,0,1,0,0,0,0,0,0,0,0,0,0,0,0,0,0,0,0,0,0,0,1,0,1
IR,Mirion Technologies Inc,Industrials,Specialty Industrial Machinery,USA,4050000000.0,184.47,16.27,9.05%,5583041.0,0,0,0,0,0,1,0,0,0,0,0,0,0,0,0,0,0,0,0,-1,0,0,0,0,0,0,0,0,1,1,2
ISL,Indxx Aerospace & Defense ETF,Financial,Exchange Traded Fund,USA,,,42.57,0.81%,67957.0,0,0,0,-1,0,0,0,0,1,1,0,0,0,0,0,0,0,0,0,0,0,0,0,0,0,0,0,0,2,1,3
ITK,Mitek Systems Inc,Technology,Software - Application,USA,788290000.0,37.47,17.47,-1.30%,328286.0,0,0,0,0,0,1,0,-1,0,0,0,0,0,0,0,0,0,0,0,0,0,0,0,0,0,0,0,0,1,1,2
ITQ,Moving iMage Technologies Inc,Technology,Communication Equipment,USA,5830000.0,,0.59,6.02%,29850.0,0,0,0,0,0,0,0,0,0,0,0,0,-1,-1,0,0,0,0,0,0,0,0,0,0,0,0,0,0,0,2,2
J,Amplify Alternative Harvest ETF,Financial,Exchange Traded Fund,USA,,,24.5,0.86%,6425.0,0,0,0,0,0,0,0,0,0,0,0,0,-1,0,0,0,0,0,0,0,0,0,0,1,0,0,0,0,1,1,2
JSC,MUFG Japan Small Cap Active ETF,Financial,Exchange Traded Fund,USA,,,62.83,0.27%,1610.0,0,0,0,-1,0,0,0,-1,0,0,0,0,0,0,0,0,0,0,0,0,0,0,0,0,0,0,0,0,0,2,2
KAM,MKAM ETF,Financial,Exchange Traded Fund,USA,,,32.55,0.33%,14.0,0,0,0,0,0,0,0,-1,0,0,0,0,0,0,0,0,0,0,0,0,0,0,0,0,0,0,0,0,0,1,1
KC,McCormick & Co Inc,Consumer Defensive,Packaged Foods,USA,12230000000.0,8.2,45.4,-0.31%,4103441.0,0,0,0,0,0,0,0,0,1,0,0,0,0,0,0,0,0,0,0,0,0,0,0,0,0,0,0,0,1,0,1
LCI,Mount Logan Capital Inc,Financial,Asset Management,USA,35580000.0,,3.18,-4.50%,20771.0,0,0,0,0,0,0,0,0,0,0,0,0,0,0,0,0,0,0,0,0,0,0,0,1,0,0,0,0,1,0,1
LDR,Global X Intermediate-Term Treasury Ladder ETF,Financial,Exchange Traded Fund,USA,,,46.6,0.17%,89.0,0,0,0,0,0,0,0,0,1,0,0,0,0,0,0,0,0,0,0,0,0,0,0,0,0,0,0,0,1,0,1
LI,Mueller Industries Inc,Industrials,Metal Fabrication,USA,13960000000.0,16.45,63.13,0.25%,1054660.0,0,1,0,-1,0,0,0,0,0,0,1,1,0,0,0,0,0,0,0,0,0,0,0,0,0,0,0,0,3,1,4
LP,Maui Land & Pineapple Co Inc,Real Estate,Real Estate Services,USA,310600000.0,,15.64,-0.32%,5147.0,0,0,0,0,0,0,0,0,1,0,0,0,0,0,0,0,0,0,0,0,0,0,0,0,0,0,0,0,1,0,1
LPB,UBS ETRACS Alerian MLP Infrastructure Index ETN,Financial,Exchange Traded Fund,USA,,,29.91,0.41%,5167.0,0,0,0,0,0,0,0,0,0,0,0,0,0,0,0,0,0,1,0,0,0,0,0,0,0,0,0,0,1,0,1
LPD,Global X MLP & Energy Infrastructure Covered Call ETF,Financial,Exchange Traded Fund,USA,,,24.75,0.55%,7288.0,0,1,0,-1,0,0,0,0,0,0,0,0,0,0,0,0,0,0,0,0,0,0,0,0,0,0,0,0,1,1,2
LPR,ETRACS Quarterly Pay 1.5X Leveraged Alerian MLP Index ETN,Financial,Exchange Traded Fund,USA,,,72.91,1.29%,1209.0,0,0,0,-1,0,0,0,0,0,0,0,0,0,0,0,0,0,0,0,0,0,0,0,0,0,0,0,0,0,1,1
LPX,Global X MLP & Energy Infrastructure ETF,Financial,Exchange Traded Fund,USA,,,72.47,0.99%,266938.0,0,0,0,0,0,0,0,0,0,0,0,0,0,0,0,0,0,0,0,0,0,0,0,0,-1,0,0,0,0,1,1
LR,Miller Industries Inc,Consumer Cyclical,Auto Parts,USA,614380000.0,43.66,54.12,-0.33%,39877.0,0,0,0,0,0,1,0,0,0,0,0,0,0,0,0,0,0,0,0,0,0,0,0,0,0,0,0,0,1,0,1
LYS,Mineralys Therapeutics Inc,Healthcare,Biotechnology,USA,1940000000.0,,21.95,-5.79%,1215986.0,0,1,0,0,0,0,0,0,0,0,0,0,0,0,0,0,0,0,0,0,1,0,0,0,0,0,0,0,2,0,2
MA,Mixed Martial Arts Group Ltd,Consumer Cyclical,Leisure,Australia,9620000.0,,0.36,-0.44%,268585.0,0,0,0,0,0,0,0,0,1,0,0,0,0,0,0,0,0,0,0,0,0,0,0,0,0,0,0,0,1,0,1
MK,State Street Prime Money Market ETF,Financial,Exchange Traded Fund,USA,,,100.06,0.02%,4855.0,0,1,0,0,0,1,0,0,0,0,0,0,0,0,0,0,0,1,0,0,0,0,0,0,0,0,0,0,3,0,3
MLP,Martin Midstream Partners LP,Energy,Oil & Gas Midstream,USA,76680000.0,,1.96,-6.67%,55527.0,0,0,0,0,0,0,0,0,1,0,0,0,0,0,0,0,0,0,0,0,0,0,0,0,0,0,0,0,1,0,1
MS,Maximus Inc,Industrials,Specialty Business Services,USA,2860000000.0,8.08,54.68,0.50%,666196.0,0,0,0,0,0,0,0,0,0,0,0,0,-1,-1,0,0,0,0,0,0,0,0,0,0,0,1,0,0,1,2,3
MSC,First Trust Multi-Manager Small Cap Opportunities ETF,Financial,Exchange Traded Fund,USA,,,27.03,-1.06%,11789.0,0,0,0,0,0,0,0,0,0,0,0,0,-1,0,0,0,0,0,0,0,0,0,0,0,0,0,0,0,0,1,1
MT,Aberdeen Multi-Market Income Fund,Financial,Closed-End Fund - Debt,USA,491810000.0,,4.24,0.71%,197298.0,0,0,0,0,0,0,0,0,0,0,0,0,0,0,0,0,0,0,0,-1,0,0,0,0,0,0,0,0,0,1,1
MTX,Miluna Acquisition Corp,Financial,Shell Companies,Taiwan,90130000.0,3190.63,10.21,0.00%,25106.0,0,0,0,0,0,0,0,-1,0,0,0,0,0,0,0,0,0,0,0,0,0,0,0,0,0,0,0,0,0,1,1
NA,NYLIM Merger Arbitrage ETF,Financial,Exchange Traded Fund,USA,,,36.76,-0.05%,18932.0,0,1,0,0,0,0,0,0,0,0,0,0,0,0,0,0,0,0,0,0,0,0,0,0,0,0,0,0,1,0,1
NDO,Mind C.T.I Ltd,Technology,Software - Application,Israel,19970000.0,6.15,0.98,0.00%,18302.0,0,0,0,0,0,0,0,0,0,0,0,0,0,0,0,1,0,0,0,0,0,0,0,0,0,0,0,0,1,0,1
NDY,Monday.Com Ltd,Technology,Software - Application,Israel,3560000000.0,35.93,84.29,1.97%,939420.0,0,0,0,0,0,0,0,-1,0,0,0,0,0,0,0,0,0,0,0,0,0,0,0,0,0,0,0,0,0,1,1
NSO,MINISO Group Holding Ltd ADR,Consumer Cyclical,Specialty Retail,China,2620000000.0,15.24,8.91,0.22%,973634.0,0,0,0,0,0,1,0,0,0,0,0,0,0,0,0,0,0,0,0,0,0,0,0,0,0,0,0,0,1,0,1
NVT,Moonvest ETF,Financial,Exchange Traded Fund,USA,,,28.1,0.21%,7915.0,0,0,0,0,0,0,0,0,1,0,0,0,0,0,0,0,0,0,0,0,0,0,0,0,0,0,0,0,1,0,1
OB,Mobilicom Limited,Industrials,Aerospace & Defense,Israel,55330000.0,,4.3,6.97%,226627.0,0,0,0,0,0,0,0,0,1,1,0,0,0,0,0,0,0,0,0,0,0,0,0,0,0,0,0,0,2,0,2
OBI,Mobia Medical Inc,Healthcare,Medical Devices,USA,292960000.0,,8.8,-8.24%,173256.0,0,0,0,0,0,0,0,0,1,1,0,0,0,0,0,0,0,0,0,0,0,0,0,0,0,0,0,0,2,0,2
ODL,VictoryShares WestEnd U.S. Sector ETF,Financial,Exchange Traded Fund,USA,,,53.35,0.66%,20025.0,0,0,0,0,0,0,0,0,0,0,1,0,0,0,0,0,0,0,0,0,0,0,0,0,0,0,0,0,1,0,1
OG-A,Moog Inc,Industrials,Aerospace & Defense,USA,11910000000.0,31.96,375.74,-1.39%,231996.0,0,0,0,0,0,0,0,0,1,0,0,0,0,0,0,0,0,0,0,0,0,0,0,0,0,0,0,0,1,0,1
OGU,MOGU Inc ADR,Consumer Cyclical,Internet Retail,China,13320000.0,,1.86,-4.62%,37423.0,0,0,0,0,0,0,0,0,1,0,0,0,0,0,0,0,0,0,0,0,0,0,0,0,0,0,0,0,1,0,1
OMO,Hello Group Inc ADR,Communication Services,Internet Content & Information,China,493460000.0,4.9,4.77,2.80%,1711018.0,0,0,0,-1,0,0,0,0,0,0,0,0,0,0,0,0,0,0,0,0,0,0,0,0,0,0,0,0,0,1,1
OTI,VanEck Morningstar International Moat ETF,Financial,Exchange Traded Fund,USA,,,34.68,0.17%,2605.0,0,0,0,0,0,0,0,0,0,0,0,0,0,0,0,0,0,0,0,0,0,0,0,1,0,0,0,0,1,0,1
OV,Movado Group Inc,Consumer Cyclical,Luxury Goods,USA,524179999.99999994,18.19,32.85,-1.79%,204324.0,0,0,0,0,0,0,0,0,0,0,0,0,0,0,0,0,0,0,0,0,0,0,0,0,-1,0,0,0,0,1,1
OVE,Corvex Inc,Technology,Software - Infrastructure,USA,334140000.0,,10.59,-6.70%,134237.0,0,0,0,0,0,0,0,0,1,1,0,0,-1,0,0,0,0,0,0,0,0,0,0,0,0,0,0,0,2,1,3
P,MP Materials Corp,Basic Materials,Other Industrial Metals & Mining,USA,8640000000.0,,48.53,3.61%,4322602.0,0,0,0,0,0,0,0,0,1,0,0,0,0,0,0,0,0,0,0,0,0,0,0,0,0,0,0,0,1,0,1
PB,Mid Penn Bancorp Inc,Financial,Banks - Regional,USA,921190000.0,12.89,36.36,-0.16%,60482.0,0,1,0,0,0,0,0,0,0,0,0,0,0,0,0,0,0,0,0,0,0,0,0,0,0,0,0,0,1,0,1
PG,Leverage Shares 2X Long MP Daily ETF,Financial,Exchange Traded Fund,USA,,,3.85,6.63%,200937.0,0,0,0,0,0,0,0,0,1,0,0,0,0,0,0,0,0,0,0,0,0,0,0,0,0,0,0,0,1,0,1
PLY,Monopoly ETF,Financial,Exchange Traded Fund,USA,,,34.04,0.65%,1918.0,0,0,0,0,0,0,0,-1,0,0,0,0,0,0,0,0,0,0,0,0,0,0,0,0,0,0,0,0,0,1,1
PRO,Monarch ProCap Index ETF,Financial,Exchange Traded Fund,USA,,,31.73,0.69%,59546.0,0,0,0,0,0,0,0,0,0,0,1,0,0,0,0,0,0,0,0,0,0,0,0,0,0,0,0,0,1,0,1
PV,Barings Participation Investors,Financial,Closed-End Fund - Debt,USA,176450000.0,,16.35,0.62%,8980.0,0,0,0,0,0,0,0,0,1,0,0,0,0,0,0,0,0,0,0,0,0,0,0,0,0,0,0,0,1,0,1
PWX,Tradr 2X Long MPWR Daily ETF,Financial,Exchange Traded Fund,USA,,,17.4,-1.05%,12709.0,0,0,0,0,0,0,0,0,1,0,0,0,0,0,0,0,0,0,0,0,0,0,0,0,0,0,0,0,1,0,1
Q,Marqeta Inc,Technology,Software - Infrastructure,USA,1720000000.0,168.71,16.55,-2.82%,869449.0,0,1,0,0,0,1,0,0,0,0,0,0,0,0,0,0,0,0,0,0,0,0,0,0,0,0,0,0,2,0,2
QQQ,Tradr 2X Long Innovation 100 Monthly ETF,Financial,Exchange Traded Fund,USA,,,253.87,1.02%,59374.0,0,0,0,0,0,0,0,0,0,0,0,0,0,0,0,1,0,0,0,0,0,0,0,0,0,0,0,0,1,0,1
REO,Mereo Biopharma Group Plc ADR,Healthcare,Biotechnology,United Kingdom,55880000.0,,0.35,-9.77%,1268974.0,0,0,0,0,0,0,0,0,0,0,0,0,-1,0,0,0,0,0,0,0,0,0,0,0,0,0,0,0,0,1,1
RK,Merck & Co Inc,Healthcare,Drug Manufacturers - General,USA,350190000000.0,113.45,141.94,1.72%,8073208.0,0,1,0,0,0,0,0,0,0,0,0,0,0,0,0,0,0,0,0,0,0,0,0,0,0,0,0,0,1,0,1
RKR,Marker Therapeutics Inc,Healthcare,Biotechnology,USA,16840000.0,,1.01,-4.72%,77138.0,0,0,0,0,0,0,0,0,1,0,0,0,0,0,0,0,0,0,0,0,0,0,0,0,0,0,0,0,1,0,1
RM,MEDIROM Healthcare Technologies Inc ADR,Consumer Cyclical,Personal Services,Japan,4350000.0,,0.55,1.03%,49102.0,0,0,0,0,0,0,0,0,1,1,0,0,0,0,0,0,0,0,0,0,0,0,0,0,0,0,0,0,2,0,2
RNY,YieldMax MRNA Option Income Strategy ETF,Financial,Exchange Traded Fund,USA,,,38.69,-6.07%,368390.0,0,0,0,0,0,0,0,0,0,0,0,0,0,0,0,0,0,0,0,0,0,0,-1,0,0,0,0,0,0,1,1
RSK,Toews Agility Shares Managed Risk ETF,Financial,Exchange Traded Fund,USA,,,40.28,0.67%,16877.0,0,1,0,0,0,0,0,0,0,0,0,0,0,0,0,0,0,0,0,0,0,0,0,0,0,0,0,0,1,0,1
RT,Marti Technologies Inc,Technology,Software - Application,Turkey,168640000.0,,1.96,2.62%,9587.0,0,0,0,0,0,0,0,0,0,0,1,0,0,0,0,0,0,0,0,0,0,0,0,0,0,0,0,0,1,0,1
SB,Mesabi Trust,Basic Materials,Steel,USA,244430000.0,37.68,18.63,-1.79%,24162.0,0,0,0,0,0,1,0,0,0,0,0,0,0,0,0,0,0,0,0,-1,0,0,0,0,0,0,0,0,1,1,2
SBI,Midland States Bancorp Inc,Financial,Banks - Regional,USA,680250000.0,21.05,32.78,-0.67%,89481.0,0,0,0,0,0,0,0,0,0,0,0,0,-1,0,0,0,0,0,0,0,0,0,0,0,0,0,0,0,0,1,1
SEX,Middlesex Water Co,Utilities,Utilities - Regulated Water,USA,996850000.0,20.42,52.9,-0.32%,141771.0,0,1,0,0,0,0,0,0,0,0,0,0,0,0,0,0,0,0,0,0,0,0,0,0,0,0,0,0,1,0,1
SFC,Corgi MSFT 2x Daily ETF,Financial,Exchange Traded Fund,USA,,,52.83,1.76%,1455.0,0,0,0,0,0,0,0,0,0,0,1,1,0,0,0,0,0,0,0,0,0,0,0,0,0,0,0,0,2,0,2
SFO,YieldMax MSFT Option Income Strategy ETF,Financial,Exchange Traded Fund,USA,,,12.65,1.12%,99066.0,0,1,0,-1,0,0,0,0,0,0,1,0,0,0,0,0,0,0,0,0,0,0,0,0,0,0,0,0,2,1,3
SFW,Roundhill MSFT WeeklyPay ETF,Financial,Exchange Traded Fund,USA,,,33.73,1.06%,3889.0,0,0,0,-1,0,0,0,0,0,0,0,0,0,0,0,0,0,0,0,0,0,0,0,0,0,0,0,0,0,1,1
SGM,Motorsport Games Inc,Communication Services,Electronic Gaming & Multimedia,USA,23860000.0,12.07,5.2,-3.35%,72346.0,0,0,0,0,0,0,0,0,0,0,0,0,0,0,0,0,0,0,0,0,1,0,0,0,0,0,0,0,1,0,1
SLE,Satellos Bioscience Inc,Healthcare,Biotechnology,Canada,160000000.0,,7.54,-6.34%,48080.0,0,0,0,0,0,0,0,0,0,0,0,0,0,0,0,0,0,0,0,0,0,0,0,1,0,0,0,0,1,0,1
SM,MSC Industrial Direct Co Inc,Industrials,Industrial Distribution,USA,7280000000.0,31.54,130.32,0.12%,909487.0,0,0,0,0,0,0,0,0,0,0,0,0,-1,0,0,0,0,0,0,0,0,0,0,0,0,0,0,0,0,1,1
SOX,AdvisorShares MSOS 2x Daily ETF,Financial,Exchange Traded Fund,USA,,,2.32,2.20%,1416488.0,0,0,0,0,0,0,0,0,0,0,0,0,-1,0,0,0,0,0,0,0,0,0,0,1,0,0,0,0,1,1,2
SSM,Morgan Stanley Pathway Small-Mid Cap Equity ETF,Financial,Exchange Traded Fund,USA,,,58.0,0.09%,14818.0,0,0,0,0,0,0,0,0,0,0,0,0,0,0,0,0,0,0,0,0,0,0,-1,0,0,0,0,0,0,1,1
STW,Roundhill MSTR WeeklyPay ETF,Financial,Exchange Traded Fund,USA,,,5.26,0.19%,1068258.0,0,0,0,0,0,0,0,0,1,0,0,0,0,0,0,0,0,0,0,0,0,0,0,0,0,0,0,0,1,0,1
TD,Mettler-Toledo International Inc,Healthcare,Diagnostics & Research,USA,30720000000.0,34.5,1533.07,-0.56%,196242.0,0,0,0,0,0,0,0,-1,0,0,0,0,0,0,0,0,0,0,0,0,0,0,0,0,0,0,0,0,0,1,1
TGP,WisdomTree Mortgage Plus Bond Fund,Financial,Exchange Traded Fund,USA,,,41.99,0.18%,6640.0,0,0,0,0,0,0,0,0,0,0,0,0,0,0,0,0,0,0,0,-1,0,0,0,0,0,0,0,0,0,1,1
TRA,Invesco International Growth Focus ETF,Financial,Exchange Traded Fund,USA,,,26.53,-0.45%,40.0,0,0,0,0,0,0,0,0,0,0,1,1,0,0,0,0,0,0,0,0,0,0,0,0,0,0,0,0,2,0,2
TRN,Materion Corp,Basic Materials,Other Industrial Metals & Mining,USA,6500000000.0,72.73,312.15,-2.20%,410794.0,0,0,0,0,0,0,0,0,0,0,1,0,0,0,0,0,0,0,0,0,0,0,0,0,0,0,0,0,1,0,1
TSG,Leverage Shares 2X Long MTSI Daily ETF,Financial,Exchange Traded Fund,USA,,,9.46,13.70%,158889.0,0,0,0,0,0,0,0,0,0,0,0,0,0,0,0,0,0,0,0,0,0,0,0,1,0,0,0,0,1,0,1
TSI,MACOM Technology Solutions Holdings Inc,Technology,Semiconductors,USA,26780000000.0,112.78,350.67,6.81%,1542461.0,0,0,0,0,0,1,0,0,0,0,0,0,0,0,0,1,0,0,0,0,0,0,0,0,0,0,0,0,2,0,2
TUS,Metallus Inc,Basic Materials,Steel,USA,867120000.0,118.26,20.92,-0.57%,362638.0,0,0,0,0,0,0,0,0,0,0,1,0,0,0,0,0,0,0,0,0,0,0,0,0,0,0,0,0,1,0,1
TVA,MetaVia Inc,Healthcare,Biotechnology,USA,9750000.0,,1.48,-3.90%,86791.0,0,0,0,0,0,0,0,0,0,0,0,0,0,0,0,0,0,0,0,0,0,0,0,0,0,1,0,0,1,0,1
UA,BlackRock Muniassets Fund Inc,Financial,Closed-End Fund - Debt,USA,473840000.0,,9.41,0.21%,446927.0,0,0,0,0,0,0,0,0,1,0,0,0,0,0,0,0,0,0,0,0,0,0,0,0,0,0,0,0,1,0,1
UFG,Mitsubishi UFJ Financial Group Inc ADR,Financial,Banks - Diversified,Japan,261130000000.0,15.12,23.2,1.00%,1762900.0,0,0,0,0,0,0,0,-1,0,0,0,0,0,0,0,0,0,0,0,0,0,0,0,0,0,0,0,0,0,1,1
UIB,Direxion MU Defined Income Boost ETF,Financial,Exchange Traded Fund,USA,,,31.7,-1.88%,2364.0,0,1,0,0,0,0,0,0,0,0,0,0,0,0,0,0,0,0,0,0,0,0,0,0,0,0,0,0,1,0,1
ULL,GraniteShares 2x Long MU Daily ETF,Financial,Exchange Traded Fund,USA,,,24.45,-3.55%,4171428.0,0,0,0,0,0,0,0,0,0,0,0,0,-1,0,0,0,0,0,0,0,0,0,0,0,0,0,0,0,0,1,1
USA,Murphy USA Inc,Consumer Cyclical,Specialty Retail,USA,9430000000.0,15.62,513.03,0.26%,173427.0,0,0,0,0,0,0,0,0,0,0,0,0,-1,0,0,0,0,0,0,0,0,0,0,0,0,0,0,0,0,1,1
USQ,MUSQ Global Music Industry Index ETF,Financial,Exchange Traded Fund,USA,,,24.76,-0.05%,110.0,0,0,0,0,0,0,0,0,0,0,0,0,0,0,0,1,0,0,0,0,0,0,0,0,0,0,0,0,1,0,1
UU,Direxion Daily MU Bull 2X ETF,Financial,Exchange Traded Fund,USA,,,35.14,-3.38%,21935373.0,0,0,0,0,0,0,0,0,1,0,0,0,0,0,0,0,0,0,0,0,0,0,0,0,0,0,0,0,1,0,1
VFD,Monarch Volume Factor Dividend Tree Index ETF,Financial,Exchange Traded Fund,USA,,,30.84,0.13%,7939.0,0,0,0,0,0,0,0,0,0,0,1,1,0,0,0,0,0,0,0,0,0,0,0,0,0,0,0,0,2,0,2
VPL,Miller Value Partners Leverage ETF,Financial,Exchange Traded Fund,USA,,,45.53,1.24%,4271.0,0,0,0,0,0,0,0,-1,0,0,0,0,0,0,0,0,0,0,0,0,0,0,0,0,0,0,0,0,0,1,1
VRL,ETRACS Monthly Pay 1.5X Leveraged Mortgage REIT ETN,Financial,Exchange Traded Fund,USA,,,9.58,0.43%,4447.0,0,0,0,0,0,0,0,0,1,0,0,0,0,0,0,0,0,0,0,0,0,0,0,0,0,0,0,0,1,0,1
WH,SOLV Energy Inc,Utilities,Utilities - Renewable,USA,5370000000.0,,26.52,5.70%,1007074.0,0,0,0,0,0,0,0,0,0,0,0,0,-1,0,0,0,0,0,0,0,0,0,0,0,0,1,0,0,1,1,2
WHS,Skylar Electricity Futures ETF,Financial,Exchange Traded Fund,USA,,,19.95,0.00%,18.0,0,0,0,0,0,0,0,0,0,0,0,0,0,0,0,0,0,0,0,0,0,0,0,1,0,0,0,0,1,0,1
X,MagnaChip Semiconductor Corp,Technology,Semiconductors,South Korea,125230000.0,,3.43,-3.11%,1118976.0,0,0,0,0,0,1,0,0,0,0,0,0,0,0,0,0,0,0,0,0,0,0,0,0,0,0,0,0,1,0,1
XCT,MaxCyte Inc,Healthcare,Medical Devices,USA,112490000.0,,1.09,0.93%,333150.0,0,0,0,0,0,0,0,0,0,0,0,0,0,0,0,1,0,0,0,0,0,0,0,0,0,0,0,0,1,0,1
YCF,State Street My2026 Corporate Bond ETF,Financial,Exchange Traded Fund,USA,,,24.99,0.00%,3351.0,0,1,0,0,0,0,0,0,0,0,0,0,-1,-1,0,0,0,0,0,0,0,0,0,0,0,0,0,0,1,2,3
YHD,State Street My2030 High Yield Corporate Bond ETF,Financial,Exchange Traded Fund,USA,,,24.28,0.52%,124.0,0,1,0,0,0,0,0,0,0,0,0,0,0,0,0,0,0,0,0,0,0,0,0,0,0,0,0,0,1,0,1
YMJ,State Street My2030 Municipal Bond ETF,Financial,Exchange Traded Fund,USA,,,23.91,-0.04%,152.0,0,1,0,0,0,0,0,0,0,0,0,0,0,0,0,0,0,0,0,0,0,0,0,0,0,0,0,0,1,0,1
YND,Mynd.ai Inc ADR,Consumer Defensive,Education & Training Services,USA,14270000.0,,0.3,-9.64%,58636.0,0,0,0,0,0,0,0,0,0,0,0,0,-1,-1,0,0,0,0,0,0,0,0,0,0,0,0,0,0,0,2,2
YY,ProShares Short Midcap400 -1x Shares,Financial,Exchange Traded Fund,USA,,,15.62,-0.42%,228.0,0,0,0,0,0,1,0,0,0,0,0,0,0,0,0,0,0,0,0,0,0,0,0,0,0,0,0,0,1,0,1
AAS,Naas Technology Inc ADR,Consumer Cyclical,Specialty Retail,China,74450000.0,,3.08,1.13%,36418.0,0,0,0,0,0,0,0,0,0,0,1,0,0,0,0,0,0,0,0,0,0,0,0,0,0,0,0,0,1,0,1
ABL,N-able Inc,Technology,Information Technology Services,USA,834960000.0,,4.42,-0.90%,1134040.0,0,0,0,0,0,0,0,0,0,0,0,0,-1,0,0,0,0,0,0,0,0,0,0,1,0,0,0,0,1,1,2
ACP,Impact Shares NAACP Minority Empowerment ETF,Financial,Exchange Traded Fund,USA,,,62.33,0.45%,1147.0,0,0,0,0,0,0,0,-1,0,0,0,0,0,0,0,0,0,0,0,0,0,0,0,0,0,0,0,0,0,1,1
AIL,Direxion Daily Homebuilders & Supplies Bull 3X ETF,Financial,Exchange Traded Fund,USA,,,27.98,5.07%,2152878.0,0,0,0,0,0,0,0,0,0,0,1,0,0,0,0,0,0,0,0,0,0,0,0,0,0,0,0,0,1,0,1
AK,Northern Dynasty Minerals Ltd,Basic Materials,Other Industrial Metals & Mining,Canada,730790000.0,,1.3,0.00%,2978689.0,0,0,0,0,0,0,0,0,0,0,0,0,-1,0,0,0,0,0,0,0,0,0,0,0,0,0,0,0,0,1,1
AMI,Jinxin Technology Holding Co ADR,Communication Services,Internet Content & Information,China,7140000.0,,2.26,5.12%,34643.0,0,0,0,0,0,0,0,0,1,0,0,0,0,0,0,0,0,0,0,0,0,0,0,0,0,0,0,0,1,0,1
ANC,Subversive Congressional Democrats Trading ETF,Financial,Exchange Traded Fund,USA,,,53.47,0.44%,10831.0,0,0,0,0,0,0,0,-1,0,0,0,0,0,0,0,0,0,0,0,0,0,0,0,0,0,0,0,0,0,1,1
AVI,Navient Corp,Financial,Credit Services,USA,837490000.0,,8.93,-1.22%,956804.0,0,0,0,0,0,0,0,0,0,0,0,0,0,0,0,0,0,1,0,0,0,0,0,0,0,0,0,0,1,0,1
B,NioCorp Developments Ltd,Basic Materials,Other Industrial Metals & Mining,USA,513390000.0,,3.52,1.73%,2081024.0,0,0,0,0,0,0,0,0,1,1,0,0,0,0,0,0,0,0,0,0,0,0,0,0,0,0,0,0,2,0,2
BCR,Neuberger Core Equity ETF,Financial,Exchange Traded Fund,USA,,,34.78,0.64%,131024.0,0,1,0,0,0,0,0,0,0,0,0,0,0,0,0,0,0,1,0,0,0,0,0,0,0,0,0,0,2,0,2
BDS,Neuberger Disrupters ETF,Financial,Exchange Traded Fund,USA,,,42.49,0.89%,7985.0,0,1,0,0,0,0,0,0,0,0,0,0,0,0,0,0,0,0,0,0,0,0,0,0,0,0,0,0,1,0,1
BET,Neuberger Energy Transition & Infrastructure ETF,Financial,Exchange Traded Fund,USA,,,40.7,1.07%,3247.0,0,0,0,-1,0,0,0,0,0,0,0,0,0,0,0,0,0,0,0,0,0,0,0,0,0,0,0,0,0,1,1
BFR,Innovator Nasdaq-100 Managed 10 Buffer ETF,Financial,Exchange Traded Fund,USA,,,27.48,0.38%,6890.0,0,0,0,0,0,0,0,0,0,0,1,0,0,0,0,0,0,0,0,0,0,0,0,0,0,0,0,0,1,0,1
BGX,Neuberger Growth ETF,Financial,Exchange Traded Fund,USA,,,31.0,0.78%,8.0,0,0,0,0,0,0,0,-1,0,0,0,0,0,0,0,0,0,0,0,0,0,0,0,0,0,0,0,0,0,1,1
BH,Neuberger Municipal Fund Inc,Financial,Closed-End Fund - Debt,USA,268339999.99999997,,9.06,0.78%,149539.0,0,0,0,0,0,0,0,0,0,0,0,0,0,0,0,0,0,0,0,0,1,0,0,0,0,0,0,0,1,0,1
BJP,Neuberger Japan Equity ETF,Financial,Exchange Traded Fund,USA,,,36.67,0.35%,140.0,0,0,0,0,0,0,0,0,1,0,0,0,0,0,0,0,0,0,0,0,0,0,0,0,0,0,0,0,1,0,1
BN,Northeast Bank,Financial,Banks - Regional,USA,1070000000.0000001,9.85,125.32,-0.41%,72086.0,0,0,0,0,0,0,0,0,0,0,0,0,0,0,0,1,0,0,0,0,0,0,0,0,0,0,0,0,1,0,1
BR,Nabors Industries Ltd,Energy,Oil & Gas Drilling,Bermuda,1230000000.0,6.04,81.22,-2.33%,171994.0,0,0,0,0,0,0,0,0,0,0,0,0,-1,-1,0,0,0,0,0,0,0,0,0,0,0,0,-1,0,0,3,3
BTX,Nanobiotix ADR,Healthcare,Biotechnology,France,1280000000.0,,25.23,0.52%,156300.0,0,0,0,0,0,0,0,0,0,0,0,0,0,0,0,1,0,0,0,0,0,0,0,0,0,0,-1,0,1,1,2
CEL,NewcelX Ltd,Healthcare,Biotechnology,Switzerland,15940000.0,,2.96,3.52%,7212.0,0,0,0,0,0,0,0,0,0,0,0,0,-1,0,0,0,0,0,0,0,0,0,0,0,0,0,0,0,0,1,1
CLH,Norwegian Cruise Line Holdings Ltd,Consumer Cyclical,Travel Services,USA,7120000000.0,9.8,15.51,4.30%,25178338.0,0,0,0,0,0,0,0,0,1,0,0,0,0,0,0,0,0,0,0,0,0,0,0,0,0,0,0,0,1,0,1
CMI,National Cinemedia Inc,Communication Services,Advertising Agencies,USA,203190000.0,,2.16,0.93%,651466.0,0,0,0,0,0,1,0,0,0,0,0,0,0,0,0,0,0,0,0,0,0,0,0,0,0,0,0,0,1,0,1
CNA,NuCana plc ADR,Healthcare,Biotechnology,United Kingdom,4700000.0,,1.09,2.83%,50997.0,0,0,0,0,0,0,0,0,0,0,0,0,-1,0,0,0,0,0,0,0,0,0,0,0,0,0,0,0,0,1,1
CT,Intercont (Cayman) Ltd,Industrials,Marine Shipping,Hong Kong,1840000.0,,1.5,-13.29%,438876.0,0,0,0,0,0,0,0,0,0,0,1,0,0,0,0,0,0,0,0,0,0,0,0,0,0,0,0,0,1,0,1
CV,Virtus Convertible & Income Fund,Financial,Closed-End Fund - Debt,USA,345900000.0,,15.31,1.73%,121856.0,0,0,0,0,0,0,0,0,0,0,0,0,0,0,0,0,0,0,0,0,0,0,0,0,-1,0,0,0,0,1,1
DIA,Global X India Active ETF,Financial,Exchange Traded Fund,USA,,,25.98,0.50%,1969.0,0,0,0,0,0,0,0,0,0,0,0,0,0,0,0,1,0,0,0,0,0,0,0,0,0,0,0,0,1,0,1
DIV,Amplify Energy & Natural Resources Covered Call ETF,Financial,Exchange Traded Fund,USA,,,33.72,-0.06%,16809.0,0,1,0,0,0,0,0,0,0,0,1,0,0,0,0,0,0,0,0,0,0,0,0,0,0,0,0,0,2,0,2
DOW,Anydrus Advantage ETF,Financial,Exchange Traded Fund,USA,,,28.97,0.39%,1006.0,0,0,0,0,0,0,0,0,1,0,0,0,0,0,0,0,0,0,0,0,0,0,0,0,0,0,0,0,1,0,1
DSN,Nordson Corp,Industrials,Specialty Industrial Machinery,USA,18620000000.0,33.82,334.22,-0.06%,275498.0,0,1,0,0,0,1,0,0,0,0,0,0,0,0,0,0,0,0,0,0,0,0,0,0,0,0,0,0,2,0,2
EGG,Newegg Commerce Inc,Consumer Cyclical,Internet Retail,USA,249800000.0,,11.91,-0.25%,29339.0,0,0,0,0,0,0,0,0,0,0,0,0,0,0,0,0,0,0,0,-1,0,0,0,0,0,0,0,0,0,1,1
ELS,Nelson Select ETF,Financial,Exchange Traded Fund,USA,,,29.59,0.62%,1566.0,0,0,0,0,0,0,0,0,0,0,1,0,0,0,0,0,0,0,0,0,0,0,0,0,0,0,0,0,1,0,1
EN,New England Realty Associates LP,Real Estate,Real Estate Services,USA,138300000.0,,49.75,1.51%,399.0,0,0,0,-1,0,0,0,0,1,1,0,0,0,0,0,0,0,0,0,0,0,0,0,0,0,0,0,0,2,1,3
EOV,NeoVolta Inc,Industrials,Electrical Equipment & Parts,USA,168190000.0,,2.85,-3.72%,1020123.0,0,0,0,0,0,1,0,0,0,0,0,0,0,0,0,0,0,0,0,0,0,0,0,0,0,0,0,0,1,0,1
ET,Cloudflare Inc,Technology,Software - Infrastructure,USA,126410000000.0,,355.01,-1.25%,2591192.0,0,0,0,-1,0,1,0,0,0,0,0,0,0,0,0,0,0,1,0,0,0,0,0,0,0,0,0,0,2,1,3
ETG,Leverage Shares 2X Long NET Daily ETF,Financial,Exchange Traded Fund,USA,,,25.05,-2.47%,63681.0,0,0,0,-1,0,0,0,0,0,0,0,0,0,0,0,0,0,0,0,0,0,0,0,0,0,0,0,0,0,1,1
EUP,Neuphoria Therapeutics Inc,Healthcare,Biotechnology,USA,18660000.0,,3.45,0.00%,16460.0,0,0,0,0,0,0,0,0,1,0,0,0,0,0,0,0,0,0,0,0,0,0,0,0,0,0,0,0,1,0,1
EXA,Nexa Resources SA,Basic Materials,Other Industrial Metals & Mining,Luxembourg,1650000000.0,5.94,12.45,-0.16%,370508.0,0,0,0,0,0,0,0,0,0,0,1,0,0,0,0,0,0,0,0,0,0,0,0,0,0,0,0,0,1,0,1
EXT,NextDecade Corp,Energy,Oil & Gas Equipment & Services,USA,1820000000.0,,6.83,3.96%,2529517.0,0,0,0,0,0,0,0,0,1,0,0,0,0,0,0,0,0,0,0,0,0,0,0,0,0,0,0,0,1,0,1
FEB,Innovator Growth-100 Power Buffer ETF - February,Financial,Exchange Traded Fund,USA,,,31.44,0.11%,2557.0,0,0,0,0,0,0,0,-1,0,0,0,0,0,0,0,0,0,0,0,0,0,0,0,0,0,0,0,0,0,1,1
FG,National Fuel Gas Co,Energy,Oil & Gas Integrated,USA,7450000000.0,10.9,78.35,2.63%,1200790.0,0,0,0,0,0,0,0,0,1,0,0,0,0,0,0,0,0,0,0,0,0,0,0,0,0,0,0,0,1,0,1
FLP,Kurv Yield Premium Strategy Netflix (NFLX) ETF,Financial,Exchange Traded Fund,USA,,,15.87,1.90%,3143.0,0,0,0,0,0,0,0,0,1,0,0,0,0,0,0,0,0,0,0,0,0,0,0,0,0,0,0,0,1,0,1
FLU,T-Rex 2X Long NFLX Daily Target ETF,Financial,Exchange Traded Fund,USA,,,14.19,3.58%,268398.0,0,0,0,0,0,0,0,0,1,0,0,0,0,0,0,0,0,0,0,0,0,0,0,0,0,0,0,0,1,0,1
FLW,Roundhill NFLX WeeklyPay ETF,Financial,Exchange Traded Fund,USA,,,13.93,2.28%,14732.0,0,0,0,0,0,0,0,0,1,0,0,0,0,0,0,0,0,0,0,0,0,0,0,0,0,0,0,0,1,0,1
FLX,Netflix Inc,Communication Services,Entertainment,USA,286020000000.0,21.64,68.69,1.76%,35242357.0,0,0,0,0,0,0,0,0,1,0,0,0,0,0,0,0,0,0,0,0,0,0,0,0,0,0,0,0,1,0,1
FLY,YieldMax NFLX Option Income Strategy ETF,Financial,Exchange Traded Fund,USA,,,6.69,1.44%,49750.0,0,0,0,0,0,0,0,0,1,0,0,0,0,0,0,0,0,0,0,0,0,0,0,0,0,0,0,0,1,0,1
FXL,Direxion Daily NFLX Bull 2X ETF,Financial,Exchange Traded Fund,USA,,,13.45,3.54%,1742669.0,0,0,0,0,0,0,0,0,1,0,0,0,0,0,0,0,0,0,0,0,0,0,0,0,0,0,0,0,1,0,1
GG,National Grid Plc ADR,Utilities,Utilities - Regulated Electric,United Kingdom,77260000000.0,17.6,76.85,1.09%,628739.0,0,0,0,-1,0,0,0,0,1,1,0,0,0,0,0,0,0,0,0,0,0,0,0,0,0,0,0,0,2,1,3
GS,Natural Gas Services Group Inc,Energy,Oil & Gas Equipment & Services,USA,439310000.0,21.19,34.06,1.43%,63322.0,0,0,0,0,0,1,0,0,1,1,0,0,0,0,0,0,0,0,0,0,0,0,0,0,0,0,0,0,3,0,3
GVC,Natural Grocers by Vitamin Cottage Inc,Consumer Defensive,Grocery Stores,USA,687690000.0,14.57,29.84,-1.06%,76213.0,0,0,0,0,0,1,0,0,0,0,0,0,0,0,0,0,0,0,0,0,0,0,0,0,0,0,0,0,1,0,1
GVT,Ingevity Corp,Basic Materials,Specialty Chemicals,USA,2500000000.0,48.28,72.8,-0.46%,237766.0,0,0,0,0,0,0,0,0,0,0,1,1,0,0,0,0,0,0,0,0,0,0,-1,0,0,0,0,0,2,1,3
HC,National Healthcare Corp,Healthcare,Medical Care Facilities,USA,3580000000.0,25.65,228.27,-0.91%,90677.0,0,0,0,0,0,0,0,0,0,0,0,0,0,0,0,0,0,1,0,0,0,0,0,0,0,0,0,0,1,0,1
HS,Neuberger High Yield Strategies Fund Inc,Financial,Closed-End Fund - Debt,USA,227490000.0,,5.43,0.83%,180606.0,0,0,0,0,0,0,0,0,0,0,0,0,0,0,0,0,0,0,0,-1,0,0,0,0,0,0,0,0,0,1,1
ICM,Nicola Mining Inc ADR,Basic Materials,Other Industrial Metals & Mining,Canada,101580000.0,,5.31,-1.66%,1908.0,0,0,0,0,0,0,0,0,1,0,0,0,0,0,0,0,0,0,0,0,0,0,0,0,0,0,0,0,1,0,1
IE,Virtus Equity & Convertible Income Fund,Financial,Closed-End Fund - Equity,USA,700480000.0,,25.28,1.81%,117902.0,0,0,0,0,0,0,0,0,1,0,0,0,0,0,0,0,0,0,0,0,0,0,0,0,-1,0,0,0,1,1,2
IHI,NEOS MSCI EAFE High Income ETF,Financial,Exchange Traded Fund,USA,,,51.09,-0.06%,73289.0,0,0,0,0,0,0,0,0,0,0,1,0,0,0,0,0,0,0,0,0,0,0,0,0,0,0,0,0,1,0,1
IKI,Niki BioSolutions Inc,Healthcare,Biotechnology,USA,15460000.0,,4.96,4.89%,7520.0,0,0,0,0,0,0,0,0,0,0,0,0,-1,0,0,0,0,0,0,0,0,0,0,0,0,0,0,0,0,1,1
ISM,NYLIM International Small-Mid Cap Equity ETF,Financial,Exchange Traded Fund,USA,,,25.2,0.13%,6.0,0,0,0,0,0,0,0,0,0,0,0,0,-1,0,0,0,0,0,0,0,1,0,0,0,0,0,0,0,1,1,2
ITE,The Nightview Fund NITE,Financial,Exchange Traded Fund,USA,,,39.66,0.47%,1463.0,0,0,0,0,0,0,0,0,0,0,1,0,0,0,0,0,0,0,0,0,0,0,-1,0,0,0,0,0,1,1,2
IU,Niu Technologies ADR,Consumer Cyclical,Auto Manufacturers,China,135990000.0,,1.92,-1.03%,99594.0,0,0,0,0,0,0,0,0,1,0,0,0,0,0,0,0,0,0,0,0,0,0,0,0,0,0,0,0,1,0,1
JNK,Columbia U.S. High Yield ETF,Financial,Exchange Traded Fund,USA,,,19.38,0.34%,955.0,0,0,0,-1,0,0,0,0,0,0,0,0,0,0,0,0,0,0,0,0,0,0,0,0,0,0,0,0,0,1,1
KE,Nike Inc,Consumer Cyclical,Footwear & Accessories,USA,51390000000.0,16.59,34.61,1.91%,50148184.0,0,0,0,0,0,0,0,0,1,0,0,0,0,0,0,0,0,0,0,0,0,0,0,0,0,0,0,0,1,0,1
KTR,Nektar Therapeutics,Healthcare,Biotechnology,USA,1360000000.0,,39.91,-5.47%,1957185.0,0,0,0,0,0,0,0,0,0,0,0,0,-1,0,0,0,0,0,0,0,0,0,0,0,0,0,0,0,0,1,1
KTX,Nkarta Inc,Healthcare,Biotechnology,USA,165450000.0,,2.31,-8.70%,754798.0,0,0,0,0,0,1,0,0,0,0,0,0,0,0,0,0,0,0,0,0,0,0,0,0,0,0,0,0,1,0,1
MBL,NovaTide Flexible Allocation ETF,Financial,Exchange Traded Fund,USA,,,21.26,0.25%,7.0,0,0,0,0,0,0,0,0,0,0,1,1,0,0,0,0,0,0,0,0,0,0,0,0,-1,0,0,0,2,1,3
ML,Neuberger Energy Infrastructure and Income Fund Inc,Financial,Closed-End Fund - Equity,USA,585290000.0,,10.33,2.68%,165066.0,0,0,0,-1,0,0,0,0,0,0,0,0,0,0,0,0,0,0,0,0,0,0,0,0,0,0,0,0,0,1,1
MR,Nomura Holdings Inc ADR,Financial,Capital Markets,Japan,28580000000.0,11.36,9.78,0.31%,567891.0,0,0,0,0,0,0,0,0,0,0,0,0,0,0,0,0,0,1,0,0,0,0,0,0,0,0,0,0,1,0,1
MRK,Newmark Group Inc,Real Estate,Real Estate Services,USA,2280000000.0,15.66,12.59,0.08%,1463634.0,0,0,0,0,0,0,0,0,0,0,0,0,0,0,0,1,0,0,0,0,0,0,0,0,0,0,0,0,1,0,1
MTC,NeuroOne Medical Technologies Corp,Healthcare,Medical Devices,USA,10290000.0,,1.13,1.35%,118970.0,0,0,0,0,0,0,0,0,1,0,0,0,0,0,0,0,0,0,0,0,0,0,0,0,0,0,0,0,1,0,1
NE,Nano Nuclear Energy Inc,Industrials,Specialty Industrial Machinery,USA,885480000.0,,16.49,6.32%,2931566.0,0,0,0,0,0,0,0,0,1,0,0,0,0,0,0,0,0,0,0,0,0,0,0,0,0,0,0,0,1,0,1
NOX,Nano X Imaging Ltd,Healthcare,Medical Devices,Israel,48360000.0,,0.62,-4.29%,873343.0,0,0,0,0,0,0,0,0,1,0,0,0,0,0,0,0,0,0,0,0,0,0,0,0,0,0,0,0,1,0,1
NY,Nuveen New York Municipal Value Fund,Financial,Closed-End Fund - Debt,USA,148630000.0,,7.87,-0.38%,81344.0,0,1,0,0,0,0,0,0,0,0,0,0,0,0,0,0,0,0,0,0,0,0,0,0,0,0,0,0,1,0,1
OAH,Noah Holdings Ltd ADR,Financial,Asset Management,China,522169999.99999994,6.39,7.76,0.78%,254453.0,0,0,0,0,0,0,0,0,1,0,0,0,0,0,0,0,0,0,0,0,0,0,0,0,0,0,0,0,1,0,1
OEQ,Northern Trust US Equity ETF,Financial,Exchange Traded Fund,USA,,,29.98,0.59%,8.0,0,0,0,0,0,0,0,0,0,0,1,0,0,0,0,0,0,0,0,0,0,0,0,0,0,0,0,0,1,0,1
OMA,Nomadar Corp,Consumer Cyclical,Leisure,USA,28810000.0,,1.62,-9.50%,31796.0,0,1,0,0,0,0,0,0,0,0,0,0,0,0,0,0,0,0,0,0,0,0,0,0,0,0,0,0,1,0,1
OV,NOV Inc,Energy,Oil & Gas Equipment & Services,USA,6770000000.0,72.94,19.0,-2.61%,2747385.0,0,0,0,-1,0,0,0,-1,0,0,0,0,0,0,0,0,0,0,0,0,0,0,0,0,0,0,0,0,0,2,2
OVP,PGIM S&P 500 Buffer 12 ETF - November,Financial,Exchange Traded Fund,USA,,,33.93,0.21%,9534.0,0,0,0,0,0,0,0,-1,0,0,0,0,0,0,0,0,0,0,0,0,0,0,0,0,0,0,0,0,0,1,1
OVT,Novanta Inc,Technology,Scientific & Technical Instruments,USA,5640000000.0,95.3,149.1,-1.00%,418941.0,0,0,0,0,0,0,0,0,0,0,0,0,0,0,0,0,0,0,0,0,0,0,-1,0,0,0,0,0,0,1,1
OWL,GraniteShares 2x Long NOW Daily ETF,Financial,Exchange Traded Fund,USA,,,7.45,2.90%,3025309.0,0,0,0,0,0,0,0,0,0,0,1,0,0,0,0,0,0,0,0,0,1,0,0,0,0,1,0,0,3,0,3
OWX,Corgi NOW 2x Daily ETF,Financial,Exchange Traded Fund,USA,,,34.87,3.15%,463.0,0,0,0,0,0,0,0,0,1,0,0,0,0,0,0,0,0,0,0,0,0,0,0,0,0,0,0,0,1,0,1
P,Neptune Insurance Holdings Inc,Financial,Insurance Brokers,USA,3730000000.0,118.53,27.19,0.26%,945520.0,0,0,0,0,0,0,0,0,0,0,0,0,0,0,0,0,0,0,0,0,0,0,0,0,-1,0,0,0,0,1,1
PCE,NeuroPace Inc,Healthcare,Medical Devices,USA,434890000.0,,12.67,-4.16%,83587.0,0,0,0,0,0,0,0,0,0,0,0,0,-1,0,0,0,0,0,0,0,0,0,0,0,0,0,0,0,0,1,1
PFE,NPF Core Equity ETF,Financial,Exchange Traded Fund,USA,,,28.55,0.15%,1391.0,0,0,0,0,0,0,0,0,0,0,0,0,0,0,0,0,0,1,0,0,0,0,-1,0,0,0,0,0,1,1,2
PFI,Nuveen Preferred and Income ETF,Financial,Exchange Traded Fund,USA,,,25.07,0.28%,4200.0,0,0,0,0,0,0,0,0,0,0,0,0,0,0,0,0,0,0,0,0,1,0,0,0,0,0,0,0,1,0,1
PK,National Presto Industries Inc,Industrials,Aerospace & Defense,USA,1060000000.0,24.87,148.96,-1.90%,77433.0,0,1,0,0,0,0,0,0,0,0,0,0,0,0,0,0,0,0,0,0,0,0,0,0,0,0,0,0,1,0,1
PO,Enpro Inc,Industrials,Specialty Industrial Machinery,USA,7030000000.0,161.96,332.06,-0.24%,176232.0,0,0,0,0,0,0,0,0,1,1,0,0,0,0,0,0,0,0,0,0,0,0,0,0,0,0,0,0,2,0,2
PWR,NET Power Inc,Industrials,Specialty Industrial Machinery,USA,294570000.0,,1.31,1.55%,594373.0,0,0,0,0,0,0,0,0,1,0,0,0,0,0,0,0,0,0,0,0,0,0,0,0,0,0,0,0,1,0,1
QLT,Neuberger Quality Select ETF,Financial,Exchange Traded Fund,USA,,,25.59,0.45%,6.0,0,0,0,0,0,0,0,0,0,0,0,0,-1,0,0,1,0,0,0,0,0,0,0,0,0,0,0,0,1,1,2
RC,NRC Health,Healthcare,Health Information Services,USA,444160000.0,80.84,20.08,-3.37%,80014.0,0,1,0,-1,0,0,0,0,0,0,1,0,0,0,0,0,0,0,0,0,0,0,0,0,0,0,0,0,2,1,3
RDY,Nerdy Inc,Technology,Software - Application,USA,86220000.0,,6.75,-2.03%,47276.0,0,1,0,0,0,0,0,0,0,0,0,0,0,0,0,0,0,0,0,0,0,0,0,0,0,0,0,0,1,0,1
RG,NRG Energy Inc,Utilities,Utilities - Independent Power Producers,USA,21780000000.0,27.4,103.6,7.02%,4631822.0,0,0,0,0,0,0,0,0,1,1,0,0,0,0,0,0,0,0,0,0,0,0,0,0,0,0,0,0,2,0,2
RGV,Energy Vault Holdings Inc,Utilities,Utilities - Renewable,USA,705540000.0,,3.88,0.26%,2560170.0,0,0,0,0,0,0,0,0,1,0,0,0,0,0,0,0,0,0,0,0,0,0,0,0,0,0,0,0,1,0,1
RSH,Aztlan North America Nearshoring Stock Selection ETF,Financial,Exchange Traded Fund,USA,,,32.0,1.84%,440.0,0,0,0,0,0,0,0,0,0,0,0,0,-1,-1,0,0,0,0,0,0,0,0,0,0,0,0,0,0,0,2,2
RSN,NeuroSense Therapeutics Ltd,Healthcare,Biotechnology,Israel,7720000.0,,4.07,0.99%,17784.0,0,0,0,0,0,1,0,0,1,0,0,0,0,0,0,0,0,0,0,0,0,0,0,0,0,0,0,0,2,0,2
RXP,NRX Pharmaceuticals Inc,Healthcare,Biotechnology,USA,127290000.0,,2.94,2.44%,418910.0,0,0,0,0,0,0,0,0,1,0,0,0,0,0,0,0,0,0,0,0,0,0,0,0,0,0,0,0,1,0,1
SCI,Nuveen Securitized Income ETF,Financial,Exchange Traded Fund,USA,,,24.85,0.00%,3889.0,0,1,0,0,0,0,0,0,0,0,0,0,0,0,0,0,0,0,0,0,0,0,0,0,0,0,0,0,1,0,1
SRX,Nasus Pharma Ltd,Healthcare,Drug Manufacturers - General,Israel,44970000.0,,3.84,-0.26%,17224.0,0,0,0,0,0,0,0,0,0,0,1,0,0,0,0,0,0,0,0,0,0,0,0,0,0,0,0,0,1,0,1
TB,Bank of N T Butterfield & Son Ltd,Financial,Banks - Diversified,Bermuda,2310000000.0,10.35,58.81,0.43%,113576.0,0,0,0,0,0,0,0,0,1,0,0,0,0,0,0,0,0,0,0,0,0,0,0,0,0,0,0,0,1,0,1
TCL,NetClass Technology Inc,Technology,Software - Application,Singapore,4160000.0,,1.96,3.13%,5698.0,0,1,0,0,0,0,0,0,0,0,0,0,0,0,0,0,0,0,0,0,0,0,0,0,0,0,0,0,1,0,1
TGR,Netgear Inc,Technology,Communication Equipment,USA,626210000.0,,23.04,0.44%,354814.0,0,0,0,0,0,0,0,0,1,0,0,0,0,0,0,0,0,0,0,0,0,0,0,0,0,0,0,0,1,0,1
THI,NeOnc Technologies Holdings Inc,Healthcare,Biotechnology,USA,86130000.0,,2.99,2.40%,173712.0,0,0,0,0,0,0,0,0,1,0,0,0,0,0,0,0,0,0,0,0,0,0,0,0,0,0,0,0,1,0,1
TIP,Network-1 Technologies Inc,Industrials,Specialty Business Services,USA,37270000.0,,1.63,5.16%,12010.0,0,0,0,0,0,1,0,0,0,0,0,0,0,0,0,1,0,0,0,0,0,0,0,0,0,0,0,0,2,0,2
TLA,Intellia Therapeutics Inc,Healthcare,Biotechnology,USA,1730000000.0,,12.37,-2.98%,7951765.0,0,1,0,0,0,0,0,0,0,0,0,0,0,0,0,0,0,0,0,0,0,0,0,0,0,0,0,0,1,0,1
TR,Nutrien Ltd,Basic Materials,Agricultural Inputs,Canada,33900000000.0,14.42,71.2,1.34%,1770766.0,0,0,0,0,0,0,0,0,0,0,0,0,-1,0,0,0,0,0,0,0,0,0,0,0,0,0,0,0,0,1,1
TRS,Northern Trust Corp,Financial,Asset Management,USA,31000000000.0,14.55,169.46,-0.71%,1071340.0,0,0,0,0,0,0,0,0,0,0,0,0,0,0,0,0,0,0,0,0,0,0,0,0,-1,0,0,0,0,1,1
TSD,WisdomTree Efficient U.S. Plus International Equity Fund,Financial,Exchange Traded Fund,USA,,,47.96,0.92%,10766.0,0,1,0,0,0,0,0,0,0,0,0,0,0,0,0,0,0,1,0,0,0,0,0,0,0,0,0,0,2,0,2
UAI,New Era Energy & Digital Inc,Technology,Software - Infrastructure,USA,624430000.0,,5.86,-3.14%,4796360.0,0,0,0,0,0,0,0,0,0,0,1,0,0,0,0,0,0,0,0,0,0,0,0,0,0,0,0,0,1,0,1
UE,Nucor Corp,Basic Materials,Steel,USA,56960000000.0,20.03,251.07,-0.14%,1068775.0,0,0,0,0,0,0,0,0,0,0,1,0,0,0,0,0,0,0,0,0,0,0,0,0,-1,0,0,0,1,1,2
UEM,Nuveen ESG Emerging Markets Equity ETF,Financial,Exchange Traded Fund,USA,,,43.49,-0.41%,25101.0,0,0,0,0,0,0,0,0,0,0,1,0,0,0,0,0,0,0,0,0,0,0,-1,0,0,0,0,0,1,1,2
UG,Leverage Shares 2X Long NU Daily ETF,Financial,Exchange Traded Fund,USA,,,11.08,5.72%,19545.0,0,0,0,0,0,0,0,0,0,0,0,0,-1,0,0,0,0,0,0,0,0,0,0,0,0,1,0,0,1,1,2
UGO,Nuveen Growth Opportunities ETF,Financial,Exchange Traded Fund,USA,,,45.47,0.66%,2523.0,0,0,0,0,0,0,0,0,0,0,1,1,0,0,0,0,0,0,0,0,0,0,0,0,0,0,0,0,2,0,2
UHY,Nuveen ESG High Yield Corporate Bond ETF,Financial,Exchange Traded Fund,USA,,,20.48,0.59%,28432.0,0,0,0,-1,0,0,0,0,0,0,0,0,0,0,0,0,0,0,0,0,0,0,0,0,0,0,0,0,0,1,1
UKX,Nicholas Nuclear Income ETF,Financial,Exchange Traded Fund,USA,,,33.68,5.74%,6469.0,0,0,0,0,0,0,0,0,1,0,0,0,0,0,0,0,0,0,0,0,0,0,0,0,0,0,0,0,1,0,1
UKZ,Range Nuclear Renaissance Index ETF,Financial,Exchange Traded Fund,USA,,,63.39,3.54%,407231.0,0,0,0,0,0,0,0,0,1,0,0,0,0,0,0,0,0,0,0,0,0,0,0,0,0,0,0,0,1,0,1
USB,Nuveen Ultra Short Income ETF,Financial,Exchange Traded Fund,USA,,,25.15,0.02%,134.0,0,0,0,-1,0,0,0,0,0,0,0,0,0,0,0,0,0,0,0,0,0,0,0,0,0,0,0,0,0,1,1
VAX,Novavax Inc,Healthcare,Biotechnology,USA,1870000000.0,,11.32,-9.87%,19413046.0,0,0,0,0,0,0,0,0,0,0,0,0,0,0,0,0,0,0,0,-1,0,0,0,0,0,0,0,0,0,1,1
VBT,AllianzIM U.S. Equity Buffer10 Nov ETF,Financial,Exchange Traded Fund,USA,,,41.37,0.49%,1181.0,0,0,0,0,0,0,0,-1,0,0,0,0,0,0,0,0,0,0,0,0,0,0,0,0,0,0,0,0,0,1,1
VBW,AllianzIM U.S. Equity Buffer20 Nov ETF,Financial,Exchange Traded Fund,USA,,,36.84,0.16%,9992.0,0,0,0,0,0,0,0,-1,0,0,0,0,0,0,0,0,0,1,0,0,0,0,0,0,0,0,0,0,1,1,2
VC,Corgi NVDA 2x Daily ETF,Financial,Exchange Traded Fund,USA,,,34.97,0.30%,4005.0,0,0,0,0,0,0,0,0,0,0,0,0,-1,0,0,0,0,0,0,0,1,0,0,0,0,0,0,0,1,1,2
VD,GraniteShares 2x Short NVDA Daily ETF,Financial,Exchange Traded Fund,USA,,,3.3,-0.30%,80796100.0,0,0,0,0,0,0,0,0,1,0,0,0,0,0,0,0,0,0,0,0,0,0,0,0,0,0,0,0,1,0,1
VDA,NVIDIA Corp,Technology,Semiconductors,USA,5765680000000.0,30.24,239.24,0.14%,101701855.0,0,1,0,0,0,0,0,0,0,0,1,0,0,0,0,0,0,0,0,0,0,0,0,0,0,0,0,0,2,0,2
VDD,Direxion Daily NVDA Bear 1X ETF,Financial,Exchange Traded Fund,USA,,,27.48,-0.04%,212768.0,0,0,0,0,0,0,0,0,0,0,0,0,0,0,0,0,0,0,0,0,1,0,0,0,0,0,0,0,1,0,1
VDQ,T-Rex 2X Inverse NVIDIA Daily Target ETF,Financial,Exchange Traded Fund,USA,,,7.43,0.00%,7425969.0,0,0,0,0,0,0,0,0,1,0,0,0,0,0,0,0,0,0,0,0,0,0,0,0,0,0,0,0,1,0,1
VDS,Tradr 1.5X Short NVDA Daily ETF,Financial,Exchange Traded Fund,USA,,,16.5,-0.12%,230150.0,0,0,0,0,0,0,0,0,1,0,0,0,0,0,0,0,0,0,0,0,0,0,0,0,0,0,0,0,1,0,1
VDY,YieldMax NVDA Option Income Strategy ETF,Financial,Exchange Traded Fund,USA,,,13.05,0.23%,1701153.0,0,0,0,0,0,0,0,0,1,0,0,0,0,0,0,0,0,0,0,0,0,0,0,0,0,0,0,0,1,0,1
VIR,Horizon Kinetics Energy and Remediation ETF,Financial,Exchange Traded Fund,USA,,,39.13,0.63%,730.0,0,1,0,-1,0,0,0,0,0,0,0,0,0,0,0,0,0,0,0,0,0,0,0,0,-1,0,0,0,1,2,3
VRI,Enviri Corp,Industrials,Waste Management,USA,562110000.0,,19.94,-2.11%,180086.0,0,0,0,0,0,0,0,0,1,0,0,0,0,0,0,0,0,0,0,0,0,0,0,0,0,0,0,0,1,0,1
VS,Novartis AG ADR,Healthcare,Drug Manufacturers - General,Switzerland,257720000000.00003,21.24,140.79,-0.10%,1574428.0,0,0,0,0,0,1,0,0,0,0,0,0,0,0,0,0,0,0,0,0,0,0,0,0,0,0,0,0,1,0,1
WE,NorthWestern Energy Group Inc,Utilities,Utilities - Regulated Electric,USA,4240000000.0,24.79,68.92,0.23%,449124.0,0,0,0,0,0,0,0,0,0,0,0,0,0,0,0,1,0,0,0,0,0,0,0,0,0,0,0,0,1,0,1
WG,NatWest Group Plc ADR,Financial,Banks - Regional,United Kingdom,70080000000.0,8.84,17.67,0.97%,4468062.0,0,0,0,0,0,0,0,0,0,0,1,0,0,0,0,0,0,0,0,0,0,0,0,0,0,0,0,0,1,0,1
WN,Northwest Natural Holding Co,Utilities,Utilities - Regulated Gas,USA,2000000000.0,15.78,47.46,0.57%,176201.0,0,0,0,0,0,0,0,0,1,1,0,0,0,0,0,0,0,0,0,0,0,0,0,0,0,0,0,0,2,0,2
X,Quanex Building Products Corp,Industrials,Building Products & Equipment,USA,863820000.0,18.97,18.85,-0.32%,444352.0,0,0,0,0,0,0,0,0,0,0,0,0,0,0,0,0,0,0,0,0,0,0,0,0,0,0,0,1,1,0,1
XB,NextBoat Inc,Consumer Cyclical,Auto & Truck Dealerships,USA,49780000.0,,1.98,3.66%,5646.0,0,0,0,0,0,0,0,0,0,0,0,0,-1,0,0,0,0,0,0,0,0,0,0,0,0,0,0,0,0,1,1
XG,NXG NextGen Infrastructure Income Fund,Financial,Closed-End Fund - Equity,USA,425190000.0,,57.99,3.54%,53463.0,0,0,0,0,0,0,0,0,0,0,0,0,-1,0,0,0,0,0,0,0,0,0,0,0,0,0,0,0,0,1,1
XGL,Nexgel Inc,Healthcare,Medical Instruments & Supplies,USA,2140000.0,,0.17,1.71%,321073.0,0,0,0,0,0,0,0,0,0,0,0,0,0,0,0,0,0,0,0,-1,0,0,0,0,0,0,0,0,0,1,1
XL,Nexalin Technology Inc,Healthcare,Medical Devices,USA,3730000.0,,4.5,-17.13%,111802.0,0,0,0,0,0,0,0,0,1,0,0,0,0,0,0,0,0,0,0,0,0,0,0,0,0,0,0,0,1,0,1
XP,Nuveen Select Tax-Free Income Portfolio,Financial,Closed-End Fund - Debt,USA,833070000.0,,13.22,1.38%,581348.0,0,0,0,0,0,0,0,0,0,0,0,0,0,0,0,0,0,0,0,0,0,0,0,0,-1,0,0,0,0,1,1
XPL,NextPlat Corp,Technology,Software - Application,USA,25150000.0,,9.27,3.00%,5523.0,0,0,0,-1,0,0,0,0,0,0,0,0,0,0,0,0,0,0,0,0,0,0,0,0,0,0,0,0,0,1,1
XRT,NexPoint Residential Trust Inc,Real Estate,REIT - Residential,USA,517679999.99999994,,20.18,8.44%,962040.0,0,0,0,0,0,0,0,0,1,0,0,0,0,0,0,0,0,0,0,0,0,0,0,0,0,0,0,0,1,0,1
XST,Nexstar Media Group Inc,Communication Services,Broadcasting,USA,4850000000.0,30.03,157.36,0.45%,379606.0,0,0,0,0,0,0,0,0,0,0,0,0,-1,0,0,0,0,0,0,0,0,0,0,0,0,0,0,0,0,1,1
XTE,AXS Green Alpha ETF,Financial,Exchange Traded Fund,USA,,,49.18,-1.55%,42779.0,0,0,0,0,0,0,0,0,1,0,0,0,0,0,0,0,0,0,0,0,0,0,0,0,0,0,0,0,1,0,1
YT,New York Times Co,Communication Services,Publishing,USA,10330000000.0,26.74,64.07,0.11%,1602398.0,0,0,0,0,0,0,0,0,0,0,0,0,-1,0,0,0,0,0,0,0,0,0,0,0,0,0,0,0,0,1,1
YXH,Nyxoah SA,Healthcare,Medical Devices,Belgium,145630000.0,,1.43,1.42%,132503.0,0,0,0,0,0,0,0,0,0,0,0,0,0,0,0,0,0,0,0,0,1,0,0,0,0,1,0,0,2,0,2
,Realty Income Corp,Real Estate,REIT - Retail,USA,51330000000.0,39.68,54.25,0.89%,7577407.0,0,1,0,0,0,0,0,0,0,0,0,0,-1,0,0,0,0,0,0,0,0,0,0,0,0,0,0,0,1,1,2
ABI,OmniAb Inc,Healthcare,Biotechnology,USA,632450000.0,,4.35,-11.59%,2002425.0,0,0,0,0,0,0,0,0,0,0,0,0,0,0,0,0,0,0,0,0,0,0,-1,0,0,0,0,0,0,1,1
AIM,OneAscent International Equity ETF,Financial,Exchange Traded Fund,USA,,,47.85,-0.46%,34925.0,0,0,0,0,0,0,0,0,0,0,1,0,0,0,0,0,0,0,0,0,0,0,-1,0,0,0,0,0,1,1,2
AIW,OpenAI Lab Ecosystem ETF,Financial,Exchange Traded Fund,USA,,,25.4,1.28%,13708.0,0,0,0,0,0,0,0,0,0,0,1,0,0,0,0,0,0,0,0,0,0,0,0,0,0,0,0,0,1,0,1
ARK,YieldMax Innovation Option Income Strategy ETF,Financial,Exchange Traded Fund,USA,,,30.17,-1.55%,8616.0,0,0,0,0,0,0,0,0,1,0,0,0,0,0,0,0,0,0,0,0,0,0,0,0,0,0,0,0,1,0,1
ASC,OneAscent Enhanced Small and Mid Cap ETF,Financial,Exchange Traded Fund,USA,,,34.67,-0.55%,7140.0,0,0,0,0,0,0,0,0,0,0,0,0,0,0,0,1,0,0,0,0,0,0,0,0,0,0,0,0,1,0,1
BDC,Blue Owl Capital Corp,Financial,Asset Management,USA,4950000000.0,17.62,10.03,-1.38%,7075573.0,0,0,0,0,0,0,0,0,0,0,0,0,0,0,0,0,0,0,0,0,1,0,0,0,0,0,0,0,1,0,1
BK,Origin Bancorp Inc,Financial,Banks - Regional,USA,1630000000.0,16.53,52.82,-0.56%,176433.0,0,0,0,0,0,0,0,0,0,0,0,0,0,0,0,0,0,0,0,0,1,0,-1,0,0,0,0,0,1,1,2
BND,State Street Loomis Sayles Opportunistic Bond ETF,Financial,Exchange Traded Fund,USA,,,24.73,0.24%,6965.0,0,0,0,-1,0,0,0,0,0,0,0,0,-1,-1,0,0,0,0,0,-1,0,0,0,0,0,0,0,0,0,4,4
C,Owens Corning,Industrials,Building Products & Equipment,USA,9470000000.0,,119.78,1.96%,1179180.0,0,0,0,0,0,0,0,0,0,0,0,0,0,0,0,0,0,0,0,0,0,0,-1,0,0,0,0,0,0,1,1
CC,Optical Cable Corp,Technology,Communication Equipment,USA,147930000.0,57.89,16.73,-1.53%,106628.0,0,1,0,0,0,0,0,0,0,0,0,0,0,0,0,0,0,0,0,0,0,0,0,0,0,0,0,0,1,0,1
CCI,OFS Credit Company Inc,Financial,Closed-End Fund - Debt,USA,63380000.0,,2.13,-2.74%,257259.0,0,0,0,0,0,0,0,0,1,0,0,0,0,0,0,0,0,0,0,0,0,0,0,0,0,0,0,0,1,0,1
CGN,Ocugen Inc,Healthcare,Biotechnology,USA,352670000.0,,1.04,0.00%,5293892.0,0,0,0,0,0,0,0,0,1,0,0,0,0,0,0,0,0,0,0,0,0,0,0,0,0,0,0,0,1,0,1
CIO,ClearShares OCIO ETF,Financial,Exchange Traded Fund,USA,,,38.35,0.37%,542.0,0,0,0,0,0,0,0,0,0,0,1,1,0,0,0,0,0,0,0,0,0,0,0,0,-1,0,0,0,2,1,3
CSL,Oaktree Specialty Lending Corp,Financial,Asset Management,USA,1030000000.0,24.4,11.7,-1.10%,269241.0,0,0,0,0,0,0,0,-1,0,0,0,0,0,0,0,0,0,0,0,0,0,0,0,0,0,0,0,0,0,1,1
CTJ,Innovator Premium Income 30 Barrier ETF - October,Financial,Exchange Traded Fund,USA,,,23.95,0.08%,3705.0,0,0,0,-1,0,0,0,-1,0,0,0,0,0,0,0,0,0,0,0,0,0,0,0,0,0,0,0,0,0,2,2
CTP,PGIM S&P 500 Buffer 12 ETF - October,Financial,Exchange Traded Fund,USA,,,33.86,0.23%,19415.0,0,0,0,0,0,0,0,-1,0,0,0,0,0,0,0,0,0,0,0,0,0,0,0,0,0,0,0,0,0,1,1
CTV,Octave Intelligence Plc,Technology,Software - Application,USA,5290000000.0,,19.72,-1.94%,1329647.0,0,0,0,0,0,1,0,0,0,0,0,0,0,0,0,0,0,1,0,0,0,0,0,0,0,0,0,0,2,0,2
CTZ,TrueShares Structured Outcome (October) ETF,Financial,Exchange Traded Fund,USA,,,47.04,0.51%,410.0,0,0,0,-1,0,0,0,-1,0,0,0,0,0,0,0,0,0,0,0,0,0,0,0,0,0,0,0,0,0,2,2
DC,Oil-Dri Corp Of America,Basic Materials,Specialty Chemicals,USA,1180000000.0,22.75,88.13,0.27%,186243.0,0,0,0,0,0,0,0,0,1,0,0,0,0,0,0,0,0,0,0,0,0,0,0,0,0,0,0,0,1,0,1
DDS,Pacer BlueStar Digital Entertainment ETF,Financial,Exchange Traded Fund,USA,,,23.59,-0.55%,409.0,0,1,0,0,0,0,0,0,0,0,1,0,0,0,0,0,0,0,0,0,0,0,0,0,0,0,0,0,2,0,2
DTE,VegaShares SPX NDX RTY Premium Income ETF,Financial,Exchange Traded Fund,USA,,,25.28,0.14%,2488.0,0,0,0,0,0,0,0,0,1,1,0,0,0,0,0,0,0,0,0,0,0,0,0,0,0,0,0,0,2,0,2
EI,Optimized Equity Income ETF,Financial,Exchange Traded Fund,USA,,,26.43,-0.07%,2124.0,0,1,0,0,0,0,0,0,0,0,0,0,0,0,0,0,0,0,0,0,0,0,0,0,0,0,0,0,1,0,1
FLX,Omega Flex Inc,Industrials,Specialty Industrial Machinery,USA,266490000.0,22.48,26.4,2.96%,43367.0,0,0,0,0,0,0,0,0,1,0,0,0,0,0,0,0,0,0,0,0,0,0,0,0,0,0,0,0,1,0,1
FS,OFS Capital Corp,Financial,Asset Management,USA,55740000.0,,4.16,16.85%,588156.0,0,0,0,0,0,0,0,0,0,0,0,0,0,0,0,1,0,0,0,0,0,0,0,0,0,0,0,0,1,0,1
GE,Oge Energy Corp,Utilities,Utilities - Regulated Electric,USA,9470000000.0,20.08,45.84,1.93%,2092665.0,0,1,0,0,0,1,0,0,1,0,0,0,0,0,0,0,0,0,0,0,0,0,-1,0,0,0,0,0,3,1,4
GS,ONE Gas Inc,Utilities,Utilities - Regulated Gas,USA,4600000000.0,15.79,73.15,0.80%,563847.0,0,0,0,0,0,0,0,0,1,0,0,0,0,0,0,0,0,0,0,0,0,0,0,0,0,0,0,0,1,0,1
GSP,Obra High Grade Structured Products ETF,Financial,Exchange Traded Fund,USA,,,9.93,0.00%,14.0,0,0,0,-1,0,0,0,0,0,0,0,0,0,0,0,0,0,0,0,0,0,0,0,0,0,0,0,0,0,1,1
I,O-I Glass Inc,Consumer Cyclical,Packaging & Containers,USA,883540000.0,,5.75,3.23%,3604841.0,0,0,0,0,0,0,0,0,1,0,0,0,0,0,0,0,0,0,0,0,0,0,0,0,0,0,0,0,1,0,1
IA,Invesco Municipal Income Opportunities Trust,Financial,Closed-End Fund - Debt,USA,275130000.0,,5.74,3.24%,384532.0,0,0,0,0,0,0,0,0,1,0,0,0,0,0,0,0,0,0,0,0,0,0,0,0,0,0,0,0,1,0,1
ILK,ProShares K-1 Free Crude Oil ETF,Financial,Exchange Traded Fund,USA,,,55.93,0.38%,74065.0,0,0,0,0,0,0,0,0,0,0,0,0,0,0,0,0,0,0,0,0,0,0,0,0,0,0,-1,0,0,1,1
ILU,MicroSectors Oil & Gas E&P 3X ETN,Financial,Exchange Traded Fund,USA,,,50.33,1.38%,19091.0,0,0,0,0,0,0,0,0,0,0,1,0,0,0,0,0,0,0,0,0,0,0,-1,0,0,0,0,0,1,1,2
KE,Oneok Inc,Energy,Oil & Gas Midstream,USA,56250000000.0,15.41,89.23,0.73%,3433158.0,0,0,0,-1,0,1,0,0,0,0,0,0,0,0,0,0,0,1,0,0,0,0,0,0,0,0,0,0,2,1,3
KYO,OKYO Pharma Limited,Healthcare,Biotechnology,United Kingdom,76620000.0,,1.46,-0.68%,30470.0,0,0,0,0,0,0,0,0,0,0,0,0,-1,0,0,0,0,0,0,0,1,0,0,0,0,1,0,0,2,1,3
LB,OLB Group Inc,Technology,Software - Infrastructure,USA,9850000.0,,0.41,117.85%,765745157.0,0,0,0,0,0,0,0,0,0,0,0,0,-1,0,0,0,0,0,0,0,0,0,0,0,0,0,0,0,0,1,1
LED,Universal Display Corp,Technology,Electronic Components,USA,3660000000.0,19.28,79.66,-0.18%,465290.0,0,0,0,0,0,0,0,0,1,0,0,0,0,0,0,0,0,0,0,-1,0,0,0,0,0,0,0,0,1,1,2
LLI,Ollies Bargain Outlet Holdings Inc,Consumer Defensive,Discount Stores,USA,5210000000.0,19.61,87.75,1.04%,1662559.0,0,0,0,0,0,0,0,0,0,0,0,0,0,0,0,0,0,0,0,0,0,0,0,0,0,0,0,1,1,0,1
LP,One Liberty Properties Inc,Real Estate,REIT - Diversified,USA,482550000.0,14.03,22.11,0.87%,66300.0,0,0,0,0,0,0,0,0,1,0,0,0,0,0,0,0,0,0,0,0,0,0,0,0,0,0,0,0,1,0,1
M,Outset Medical Inc,Healthcare,Medical Devices,USA,77730000.0,,4.14,0.98%,376616.0,0,0,0,0,0,0,0,0,0,0,0,0,-1,0,0,0,0,0,0,0,0,0,0,0,0,0,0,0,0,1,1
MAB,Grupo Aeroportuario del Centro Norte SAB de C.V ADR,Industrials,Airports & Air Services,Mexico,3980000000.0,15.14,94.64,-0.36%,174077.0,0,0,0,0,0,0,0,0,0,0,0,0,-1,0,0,0,0,0,0,0,0,0,0,0,0,0,0,0,0,1,1
MCL,Omnicell Inc,Healthcare,Health Information Services,USA,1620000000.0,41.93,35.46,2.37%,634245.0,0,0,0,0,0,0,0,0,0,0,0,0,-1,0,0,0,0,0,0,0,0,0,0,1,0,0,0,0,1,1,2
MSE,OMS Energy Technologies Inc,Energy,Oil & Gas Equipment & Services,Singapore,191020000.0,5.93,4.5,1.58%,19919.0,0,0,0,0,0,0,0,0,0,0,0,0,0,0,0,0,0,0,0,-1,0,0,0,0,0,0,0,0,0,1,1
NCY,Oncolytics Biotech Inc,Healthcare,Biotechnology,USA,76250000.0,,0.6,0.18%,859733.0,0,1,0,0,0,1,0,0,0,0,0,0,0,0,0,0,0,0,0,-1,0,0,0,0,0,0,0,0,2,1,3
ND,ProShares On-Demand ETF,Financial,Exchange Traded Fund,USA,,,33.03,-0.48%,110.0,0,1,0,0,0,0,0,0,0,0,1,1,0,0,0,0,0,0,0,0,0,0,0,0,0,0,0,0,3,0,3
NDS,Ondas Inc,Technology,Communication Equipment,USA,4310000000.0,82.89,7.41,-0.13%,48924402.0,0,0,0,0,0,0,0,0,1,0,0,0,0,0,0,0,0,0,0,0,0,0,0,0,0,0,0,0,1,0,1
NDU,Tradr 2X Long ONDS Daily ETF,Financial,Exchange Traded Fund,USA,,,14.01,-0.22%,8301.0,0,1,0,0,0,0,0,0,0,0,0,0,0,0,0,0,0,0,0,0,0,0,0,0,0,0,0,0,1,0,1
NIT,Onity Group Inc,Financial,Mortgage Finance,USA,232010000.0,1.76,27.77,0.98%,196612.0,0,0,0,0,0,0,0,0,1,0,0,0,0,0,0,0,0,0,0,0,0,0,0,0,0,0,0,0,1,0,1
NLN,ProShares Online Retail ETF,Financial,Exchange Traded Fund,USA,,,55.34,0.53%,402.0,0,0,0,0,0,0,0,0,0,0,1,0,0,0,0,0,0,0,0,0,0,0,0,0,0,0,0,0,1,0,1
NMD,OneMedNet Corp,Healthcare,Health Information Services,USA,29880000.0,,4.97,-2.74%,48542.0,0,1,0,0,0,0,0,0,0,0,0,0,-1,0,0,0,0,0,0,0,0,0,0,0,0,0,0,0,1,1,2
NOF,Global X Adaptive U.S. Risk Management ETF,Financial,Exchange Traded Fund,USA,,,41.72,0.63%,6697.0,0,0,0,0,0,0,0,-1,0,0,0,0,0,0,0,0,0,0,0,0,0,0,0,0,0,0,0,0,0,1,1
NT,Onterris Inc,Industrials,Waste Management,USA,509910000.0,,14.52,2.18%,583902.0,0,0,0,0,0,0,0,0,1,0,0,0,0,0,0,0,0,0,0,0,0,0,0,0,0,0,0,0,1,0,1
NTO,Onto Innovation Inc,Technology,Semiconductor Equipment & Materials,USA,15400000000.0,117.41,313.71,-3.60%,1057660.0,0,0,0,0,0,0,0,0,0,0,0,0,0,0,0,1,0,0,0,0,0,0,0,0,0,0,0,0,1,0,1
OMA,Ooma Inc,Technology,Software - Application,USA,548140000.0,51.24,19.86,-5.43%,624695.0,0,0,0,0,0,0,0,-1,0,0,0,0,0,0,0,0,0,0,0,0,0,0,0,0,0,0,0,0,0,1,1
OSP,Obra Opportunistic Structured Products ETF,Financial,Exchange Traded Fund,USA,,,9.99,0.05%,2213.0,0,0,0,0,0,1,0,0,0,0,0,0,-1,-1,0,0,0,0,0,0,0,0,0,0,0,0,0,0,1,2,3
PEG,Leverage Shares 2X Long OPEN Daily ETF,Financial,Exchange Traded Fund,USA,,,0.91,-1.63%,81835.0,0,0,0,0,0,0,0,0,0,0,0,0,0,0,0,0,0,0,0,-1,0,0,0,0,0,0,0,0,0,1,1
PEN,Opendoor Technologies Inc,Real Estate,Real Estate Services,USA,2200000000.0,,2.27,-1.73%,30645554.0,0,1,0,0,0,0,0,0,0,0,0,0,0,0,0,0,0,0,0,0,0,0,0,0,0,0,0,0,1,0,1
PER,ClearShares Ultra-Short Maturity ETF,Financial,Exchange Traded Fund,USA,,,100.11,-0.01%,2382.0,0,1,0,0,0,1,0,0,0,0,0,0,0,0,0,0,0,0,0,0,0,0,0,0,0,0,0,0,2,0,2
PEX,Tradr 2X Long OPEN Daily ETF,Financial,Exchange Traded Fund,USA,,,3.42,-4.74%,122529.0,0,0,0,0,0,0,0,0,0,0,0,0,0,0,0,0,0,0,0,-1,0,0,0,0,0,0,0,0,0,1,1
PI,Office Properties Income Trust,Real Estate,REIT - Office,USA,348410000.0,,15.87,3.05%,60778.0,0,0,0,0,0,0,0,0,1,0,0,0,0,0,0,0,0,0,0,0,0,0,0,0,0,0,0,0,1,0,1
PLN,Openlane Inc,Consumer Cyclical,Auto & Truck Dealerships,USA,4290000000.0,,34.96,-1.02%,789370.0,0,0,0,0,0,0,0,0,0,0,0,0,0,0,0,0,0,0,0,0,0,0,-1,0,0,0,0,0,0,1,1
PNW,OpenWorld Inc,Technology,Information Technology Services,USA,8170000.0,,6.2,4.55%,83750.0,0,0,0,0,0,0,0,0,0,0,0,0,0,0,0,0,0,0,0,0,1,0,0,0,0,0,0,0,1,0,1
PPE,WisdomTree European Opportunities Fund,Financial,Exchange Traded Fund,USA,,,57.6,0.42%,20853.0,0,0,0,-1,0,0,0,-1,0,0,0,0,0,0,0,0,0,0,0,0,0,0,0,0,0,0,0,0,0,2,2
PPJ,WisdomTree Trust WisdomTree Japan Opportunities Fund,Financial,Exchange Traded Fund,USA,,,59.99,-0.41%,27715.0,0,0,0,0,0,0,0,0,0,0,1,0,0,0,0,0,0,0,0,0,0,0,0,0,-1,0,0,0,1,1,2
PRA,Opera Ltd ADR,Communication Services,Internet Content & Information,Norway,1540000000.0,12.41,17.28,-2.43%,210882.0,0,0,0,0,0,0,0,0,0,0,0,0,-1,0,0,0,0,0,0,0,0,0,0,0,0,0,0,0,0,1,1
PTU,Optimum Communications Inc,Communication Services,Telecom Services,USA,366180000.0,,0.96,-2.92%,1606374.0,0,0,0,0,0,0,0,0,0,0,1,0,0,0,0,0,0,0,0,0,0,0,0,0,0,0,0,0,1,0,1
PTZ,Optimize Strategy Index ETF,Financial,Exchange Traded Fund,USA,,,46.59,0.51%,130.0,0,0,0,0,0,0,0,0,0,0,0,0,0,0,0,1,0,0,0,0,0,0,0,0,0,0,0,0,1,0,1
PXS,Optex Systems Holdings Inc,Industrials,Aerospace & Defense,USA,70990000.0,18.18,10.2,-1.16%,9923.0,0,0,0,0,0,0,0,0,1,0,0,0,0,0,0,0,0,0,0,0,0,0,0,0,0,0,0,0,1,0,1
RA,Ormat Technologies Inc,Utilities,Utilities - Renewable,USA,5720000000.0,45.6,93.07,1.95%,495677.0,0,0,0,0,0,0,0,0,1,1,0,0,0,0,0,0,0,0,0,0,0,0,0,0,0,0,0,0,2,0,2
RC,Orchid Island Capital Inc,Real Estate,REIT - Mortgage,USA,1000000000.0,3.4,5.07,0.40%,9107752.0,0,0,0,0,0,0,0,0,1,1,0,0,0,0,0,0,0,0,0,0,0,0,0,0,0,0,0,0,2,0,2
RCU,Direxion Daily ORCL Bull 2X ETF,Financial,Exchange Traded Fund,USA,,,7.28,3.26%,4097171.0,0,0,0,0,0,0,0,0,1,0,0,0,0,0,0,0,0,0,0,0,0,0,0,0,0,0,0,0,1,0,1
RCX,Defiance Daily Target 2X Long ORCL ETF,Financial,Exchange Traded Fund,USA,,,20.33,2.83%,1412155.0,0,0,0,0,0,0,0,0,1,0,0,0,0,0,0,0,0,0,0,0,0,0,0,0,0,0,0,0,1,0,1
RGO,Organogenesis Holdings Inc,Healthcare,Drug Manufacturers - Specialty & Generic,USA,172420000.0,,1.34,3.88%,608730.0,0,0,0,0,0,0,0,0,0,0,0,0,0,0,0,0,0,0,0,0,1,0,0,0,0,0,0,0,1,0,1
RKT,Orangekloud Technology Inc,Technology,Software - Application,Singapore,5670000.0,,0.97,-2.44%,105154.0,0,0,0,0,0,0,0,0,0,0,1,0,0,0,0,0,0,0,0,0,0,0,0,0,0,0,0,0,1,0,1
RLY,O'Reilly Automotive Inc,Consumer Cyclical,Auto Parts,USA,68870000000.0,27.08,85.14,1.48%,6961455.0,0,0,0,0,0,0,0,0,1,0,0,0,0,0,0,0,0,0,0,0,0,0,0,0,0,0,0,0,1,0,1
RMP,Oramed Pharmaceuticals Inc,Healthcare,Biotechnology,USA,182200000.0,1.07,4.38,-3.74%,96232.0,0,0,0,0,0,0,0,0,0,0,0,0,0,0,0,0,0,1,0,0,0,0,0,0,0,0,0,0,1,0,1
RO,Arrow Valtoro ETF,Financial,Exchange Traded Fund,USA,,,20.96,-0.11%,13.0,0,0,0,0,0,0,0,0,0,0,0,0,0,0,0,0,0,0,0,0,0,0,-1,0,0,0,0,0,0,1,1
RR,Militia Long/Short Equity ETF,Financial,Exchange Traded Fund,USA,,,38.32,0.31%,77405.0,0,0,0,0,0,0,0,0,1,0,0,0,0,0,0,0,0,0,0,0,0,0,0,0,0,0,0,0,1,0,1
SCX,Defiance Daily Target 2x Long OSCR ETF,Financial,Exchange Traded Fund,USA,,,37.08,-0.74%,1891.0,0,0,0,0,0,0,0,-1,0,0,0,0,0,0,0,1,0,0,0,0,0,0,0,0,0,0,0,0,1,1,2
SEA,Harbor International Compounders ETF,Financial,Exchange Traded Fund,USA,,,29.48,0.10%,12864.0,0,0,0,0,0,0,0,0,0,0,1,0,0,0,0,0,0,0,0,0,0,0,0,0,0,0,0,0,1,0,1
SG,Octave Specialty Group Inc,Financial,Insurance - Specialty,USA,208140000.0,,4.62,0.87%,371438.0,0,0,0,0,0,0,0,0,0,0,0,0,0,0,0,0,0,0,0,0,0,0,0,1,0,0,0,0,1,0,1
SIS,OSI Systems Inc,Technology,Electronic Components,USA,3170000000.0,22.1,198.56,0.35%,122671.0,0,0,0,0,0,0,0,0,1,0,0,0,-1,0,0,0,0,0,0,0,0,0,0,0,0,0,0,0,1,1,2
STX,OS Therapies Inc,Healthcare,Biotechnology,USA,69740000.0,,1.49,-6.88%,6015416.0,0,0,0,0,0,0,0,0,0,0,0,0,0,0,0,0,0,0,0,0,0,0,0,0,0,0,-1,0,0,1,1
TGL,OTG Latin America ETF,Financial,Exchange Traded Fund,USA,,,11.44,1.08%,300.0,0,0,0,0,0,0,0,0,0,0,0,0,0,0,0,1,0,0,0,0,0,0,0,0,0,0,0,0,1,0,1
UST,Ouster Inc,Technology,Electronic Components,USA,3240000000.0,,44.91,1.79%,2941386.0,0,0,0,0,0,0,0,0,1,0,0,0,0,0,0,0,0,0,0,0,0,0,0,0,0,0,0,0,1,0,1
UT,Outfront Media Inc,Real Estate,REIT - Specialty,USA,5120000000.0,21.22,29.07,0.62%,1226378.0,0,0,0,0,0,0,0,0,0,0,0,0,0,0,0,0,0,0,0,0,0,0,0,0,-1,0,0,0,0,1,1
VB,Overlay Shares Core Bond ETF,Financial,Exchange Traded Fund,USA,,,19.55,0.51%,8710.0,0,1,0,0,0,0,0,0,1,0,0,0,0,0,0,0,0,0,0,0,0,0,0,0,0,0,0,0,2,0,2
VBC,Ohio Valley Banc Corp,Financial,Banks - Regional,USA,215040000.0,15.13,45.65,2.07%,22393.0,0,0,0,0,0,1,0,0,0,0,0,0,0,0,0,1,0,0,0,0,0,0,0,0,0,0,-1,0,2,1,3
VF,Overlay Shares Foreign Equity ETF,Financial,Exchange Traded Fund,USA,,,31.19,0.26%,31276.0,0,0,0,-1,0,0,0,0,0,0,0,0,0,0,0,0,0,0,0,0,0,0,0,0,0,0,0,0,0,1,1
VID,Ovid Therapeutics Inc,Healthcare,Biotechnology,USA,462860000.0,,2.37,1.28%,1735014.0,0,0,0,0,0,0,0,0,0,0,1,0,0,0,0,0,0,0,0,0,0,0,0,0,-1,0,0,0,1,1,2
VLY,Oak Valley Bancorp,Financial,Banks - Regional,USA,290490000.0,12.24,34.53,0.73%,6948.0,0,0,0,0,0,0,0,0,0,0,1,0,0,0,0,0,0,0,0,0,0,0,0,0,-1,0,0,0,1,1,2
VV,Ovintiv Inc,Energy,Oil & Gas E&P,USA,16940000000.000002,17.19,61.48,0.87%,2255459.0,0,1,0,-1,0,0,0,0,0,0,0,0,0,0,0,0,0,0,0,0,0,0,0,0,0,0,0,0,1,1,2
WLT,Owlet Inc,Healthcare,Medical Devices,USA,142890000.0,,4.89,-3.36%,40514.0,0,1,0,0,0,0,0,0,0,0,0,0,0,0,0,0,0,0,0,0,0,0,0,0,0,1,0,0,2,0,2
WNB,Bitwise Bitcoin Standard Corps ETF,Financial,Exchange Traded Fund,USA,,,22.58,-1.09%,362.0,0,0,0,0,0,0,0,0,0,0,1,0,0,0,0,0,0,0,0,0,0,0,0,0,0,0,0,0,1,0,1
XLC,Oxford Lane Capital Corp,Financial,Closed-End Fund - Debt,USA,850900000.0,,8.68,-2.80%,2121825.0,0,1,0,0,0,0,0,0,0,0,0,0,-1,0,0,0,0,0,0,0,0,0,0,0,0,0,0,0,1,1,2
YSE,Oyster Enterprises II Acquisition Corp,Financial,Shell Companies,USA,352880000.0,38.11,10.4,-0.14%,6.0,0,0,0,0,0,0,0,0,0,0,0,0,0,0,0,0,0,1,0,0,0,0,0,0,0,0,0,0,1,0,1
Z,Belpointe PREP LLC,Real Estate,Real Estate - Development,USA,166120000.0,,40.98,-0.59%,8784.0,0,0,0,0,0,0,0,0,1,0,0,0,0,0,0,0,0,0,0,0,0,0,0,0,0,0,0,0,1,0,1
ZEM,Roundhill GLP-1 & Weight Loss ETF,Financial,Exchange Traded Fund,USA,,,30.11,0.49%,4621.0,0,1,0,0,0,0,0,0,0,0,0,0,0,0,0,0,0,0,0,0,0,0,0,0,0,0,0,0,1,0,1
AA,Plains All American Pipeline LP,Energy,Oil & Gas Midstream,USA,16980000000.0,6.66,24.06,0.63%,1492960.0,0,0,0,-1,0,0,0,0,0,0,0,0,0,0,0,0,0,0,0,0,0,0,0,0,0,0,0,0,0,1,1
AAA,PGIM AAA CLO ETF,Financial,Exchange Traded Fund,USA,,,51.33,0.04%,2487864.0,0,0,0,0,0,0,0,-1,0,0,0,0,0,0,0,0,0,0,0,0,0,0,0,0,0,0,0,0,0,1,1
AAC,Proem Acquisition Corp I,Financial,Shell Companies,USA,177410000.0,129.33,10.01,0.00%,4892.0,0,0,0,0,0,0,0,0,0,0,1,0,0,0,0,0,0,0,0,0,0,0,-1,0,0,0,0,0,1,1,2
AAS,Pan American Silver Corp,Basic Materials,Gold,Canada,19040000000.0,13.83,45.92,1.32%,2251360.0,0,0,0,0,0,0,0,0,0,0,0,0,0,0,0,0,0,0,0,-1,0,0,0,0,0,0,0,0,0,1,1
ABD,iShares Paris-Aligned Climate Optimized MSCI World ex USA ETF,Financial,Exchange Traded Fund,USA,,,68.22,0.45%,22.0,0,0,0,0,0,0,0,0,0,0,1,0,0,0,0,0,0,0,0,0,0,0,0,0,0,0,0,0,1,0,1
ABU,iShares Paris-Aligned Climate Optimized MSCI USA ETF,Financial,Exchange Traded Fund,USA,,,80.66,1.12%,33707.0,0,0,0,0,0,0,0,0,0,0,1,0,0,0,0,0,0,0,0,0,0,0,0,0,0,0,0,0,1,0,1
AC,Grupo Aeroportuario Del Pacifico SAB de CV ADR,Industrials,Airports & Air Services,Mexico,10860000000.0,19.27,209.2,-0.38%,221162.0,0,0,0,0,0,0,0,0,1,0,0,0,0,0,0,0,0,0,0,0,0,0,0,0,0,0,0,0,1,0,1
ACB,Pacific Biosciences of California Inc,Healthcare,Medical Devices,USA,839240000.0,,2.7,-5.92%,47107484.0,0,0,0,0,0,0,0,0,0,0,0,0,0,0,0,0,0,0,0,0,0,0,0,1,0,0,0,0,1,0,1
ACS,PACS Group Inc,Healthcare,Medical Care Facilities,USA,6780000000.0,25.65,42.81,0.23%,920816.0,0,1,0,0,0,0,0,0,0,0,0,0,0,0,0,0,0,0,0,0,0,0,0,0,0,0,0,0,1,0,1
AGP,Plains GP Holdings LP,Energy,Oil & Gas Midstream,USA,19990000000.0,9.59,26.24,0.23%,1245620.0,0,0,0,-1,0,0,0,0,0,0,0,0,0,0,0,0,0,0,0,0,0,0,0,0,0,0,0,0,0,1,1
AGS,PagSeguro Digital Ltd,Technology,Software - Infrastructure,Brazil,2970000000.0,7.54,10.72,-2.10%,7442853.0,0,0,0,0,0,0,0,0,0,0,0,0,0,0,0,0,0,0,0,0,0,0,0,0,0,1,0,0,1,0,1
AI,Western Asset Investment Grade Income Fund Inc,Financial,Closed-End Fund - Debt,USA,107950000.0,,11.35,0.00%,43020.0,0,0,0,0,0,0,0,0,0,0,0,0,-1,0,0,0,0,0,0,0,0,0,0,0,0,0,0,0,0,1,1
ALL,Abrdn Palladium ETF Trust,Financial,Exchange Traded Fund,USA,,,21.25,-0.14%,581680.0,0,0,0,0,0,0,0,0,1,0,0,0,0,0,0,0,0,0,0,0,0,0,0,0,0,0,0,0,1,0,1
AM,Pampa Energia SA ADR,Industrials,Conglomerates,Argentina,4360000000.0,7.62,81.48,1.86%,289370.0,0,1,0,-1,0,0,0,0,0,0,0,0,0,0,0,0,0,0,0,0,1,0,0,0,0,0,0,0,2,1,3
AMT,PAMT Corp,Industrials,Trucking,USA,241890000.0,,11.55,-3.91%,17702.0,0,0,0,0,0,0,0,0,1,0,0,0,0,0,0,0,0,0,0,0,0,0,0,0,0,0,0,0,1,0,1
API,Parametric Equity Premium Income ETF,Financial,Exchange Traded Fund,USA,,,26.63,0.11%,101733.0,0,0,0,0,0,0,0,0,0,0,1,0,0,0,0,0,0,0,0,0,0,0,0,0,0,0,0,0,1,0,1
APR,Innovator U.S. Equity Power Buffer ETF - April,Financial,Exchange Traded Fund,USA,,,43.42,0.28%,19805.0,0,0,0,0,0,0,0,0,0,0,0,0,0,0,0,0,0,1,0,0,0,0,0,0,0,0,0,0,1,0,1
AR,Par Technology Corp,Technology,Software - Application,USA,599760000.0,,14.5,-0.82%,474212.0,0,0,0,0,0,0,0,0,0,0,1,0,0,0,0,0,0,0,0,0,0,0,0,0,0,0,0,0,1,0,1
ARK,Park Dental Partners Inc,Healthcare,Medical Care Facilities,USA,97630000.0,,20.53,-2.66%,1712.0,0,0,0,0,0,1,0,0,0,0,0,0,0,0,0,0,0,0,0,0,0,0,0,0,0,0,0,0,1,0,1
ARR,Par Pacific Holdings Inc,Energy,Oil & Gas Refining & Marketing,USA,4350000000.0,5.07,86.91,-0.70%,658123.0,0,0,0,0,0,0,0,0,0,0,1,0,0,0,0,0,0,0,0,0,0,0,0,0,0,0,0,0,1,0,1
ATN,Pacer Nasdaq International Patent Leaders ETF,Financial,Exchange Traded Fund,USA,,,36.29,-0.79%,168735.0,0,0,0,0,0,0,0,0,0,0,0,0,0,0,0,0,0,0,0,0,0,0,-1,0,0,0,0,0,0,1,1
AX,Patria Investments Ltd,Financial,Asset Management,Cayman Islands,1810000000.0,25.59,11.2,0.90%,1350321.0,0,0,0,0,0,0,0,0,1,0,0,0,0,0,0,0,0,0,0,0,0,0,0,0,0,0,0,0,1,0,1
AYM,TrueShares S&P Autocallable Defensive Income ETF,Financial,Exchange Traded Fund,USA,,,25.69,0.73%,29890.0,0,1,0,0,0,0,0,0,0,0,0,0,0,0,0,0,0,0,0,0,0,0,0,0,0,0,0,0,1,0,1
BDC,Putnam BDC Income ETF,Financial,Exchange Traded Fund,USA,,,25.65,-3.39%,83474.0,0,0,0,0,0,0,0,0,0,0,0,0,0,0,0,0,0,0,0,0,1,0,0,0,0,0,0,0,1,0,1
BF,PBF Energy Inc,Energy,Oil & Gas Refining & Marketing,USA,9820000000.0,7.33,82.88,-1.52%,1984052.0,0,0,0,-1,0,0,0,0,0,0,0,0,0,0,0,0,0,1,0,0,0,0,0,0,0,0,0,0,1,1,2
BH,Prestige Consumer Healthcare Inc,Healthcare,Drug Manufacturers - Specialty & Generic,USA,2200000000.0,13.0,46.44,1.84%,660945.0,0,0,0,0,0,0,0,0,0,0,0,0,-1,0,0,0,0,0,0,0,0,0,0,0,0,1,0,0,1,1,2
BJ,Invesco Food & Beverage ETF,Financial,Exchange Traded Fund,USA,,,45.74,0.63%,28024.0,0,0,0,0,0,0,0,0,0,0,0,0,0,0,0,0,0,0,0,-1,0,0,0,0,0,0,0,0,0,1,1
BJL,PGIM S&P 500 Buffer 20 ETF - July,Financial,Exchange Traded Fund,USA,,,32.16,0.37%,14210.0,0,0,0,0,0,0,0,0,0,0,0,0,0,0,0,1,0,0,0,0,0,0,0,0,0,0,0,0,1,0,1
BJN,PGIM S&P 500 Buffer 20 ETF - June,Financial,Exchange Traded Fund,USA,,,31.69,0.40%,3433.0,0,0,0,0,0,0,0,0,0,0,1,0,0,0,0,0,0,0,0,0,0,0,0,0,0,0,0,0,1,0,1
BM,Psyence Biomedical Ltd,Healthcare,Biotechnology,Canada,19150000.0,,5.02,-1.18%,51188.0,0,0,0,0,0,0,0,0,0,0,0,0,-1,0,0,0,0,0,0,0,0,0,0,0,0,0,0,0,0,1,1
BOT,Pictet AI & Automation ETF,Financial,Exchange Traded Fund,USA,,,36.23,0.28%,29.0,0,0,0,0,0,0,0,-1,0,0,0,0,0,0,0,0,0,0,0,0,0,0,0,0,0,0,0,0,0,1,1
BP,Invesco S&P 500 BuyWrite ETF,Financial,Exchange Traded Fund,USA,,,23.49,0.06%,56253.0,0,1,0,0,0,0,0,-1,0,0,1,0,0,0,0,0,0,0,0,0,0,0,0,0,0,0,0,0,2,1,3
BTP,Invesco 0-5 Yr US TIPS ETF,Financial,Exchange Traded Fund,USA,,,25.51,0.06%,11210.0,0,0,0,0,0,0,0,0,1,0,0,0,0,0,0,0,0,0,0,0,0,0,0,0,0,0,0,0,1,0,1
BUS,Invesco MSCI USA ETF,Financial,Exchange Traded Fund,USA,,,78.21,0.60%,442129.0,0,0,0,0,0,0,0,0,0,0,1,0,0,0,0,0,0,0,0,0,0,0,0,0,0,0,0,0,1,0,1
BW,Invesco WilderHill Clean Energy ETF,Financial,Exchange Traded Fund,USA,,,29.78,1.57%,271809.0,0,0,0,0,0,0,0,0,0,0,0,0,0,0,0,0,0,0,0,0,0,0,0,0,0,0,-1,0,0,1,1
CB,PCB Bancorp,Financial,Banks - Regional,USA,394650000.0,9.73,28.1,0.25%,34384.0,0,0,0,0,0,0,0,0,1,0,0,0,0,0,0,0,0,0,0,0,0,0,0,0,0,0,0,0,1,0,1
CF,High Income Securities Fund,Financial,Closed-End Fund - Debt,USA,94520000.0,,5.05,-0.20%,355894.0,0,0,0,0,0,0,0,0,0,0,0,0,0,0,0,0,0,0,0,-1,0,0,0,0,0,0,0,0,0,1,1
CHI,Polen High Income ETF,Financial,Exchange Traded Fund,USA,,,23.52,0.43%,5074.0,0,0,0,0,0,0,0,0,1,0,0,0,0,0,0,0,0,0,0,0,0,0,0,0,0,0,0,0,1,0,1
CLA,PicoCELA Inc ADR,Communication Services,Telecom Services,Japan,62950000.0,,6.55,-0.76%,11665.0,0,1,0,-1,0,0,0,0,0,0,1,0,0,0,0,0,0,0,0,0,0,0,0,0,0,0,0,0,2,1,3
CLG,Polen Focus Growth ETF,Financial,Exchange Traded Fund,USA,,,23.43,0.76%,320.0,0,0,0,0,0,0,0,0,0,0,1,0,0,0,0,0,0,0,0,0,0,0,0,0,0,0,0,0,1,0,1
CLO,VIRTUS SEIX AAA Private Credit CLO ETF,Financial,Exchange Traded Fund,USA,,,24.92,0.01%,3076.0,0,1,0,-1,0,1,0,0,0,0,0,0,-1,-1,0,0,0,0,0,0,0,0,0,0,0,1,0,0,3,3,6
CMM,BondBloxx Private Credit CLO ETF,Financial,Exchange Traded Fund,USA,,,49.88,0.12%,73044.0,0,0,0,0,0,0,0,0,0,0,1,1,0,0,0,0,0,0,0,0,0,0,0,0,0,0,0,0,2,0,2
CPP,Porter & Company Porter Portfolio Index ETF,Financial,Exchange Traded Fund,USA,,,26.77,0.13%,12213.0,0,0,0,0,0,0,0,0,0,0,1,0,0,0,0,0,0,0,0,0,0,0,-1,0,0,0,0,0,1,1,2
CR,Simplify VettaFi Private Credit Strategy ETF,Financial,Exchange Traded Fund,USA,,,17.92,-0.39%,1204.0,0,0,0,0,0,0,0,0,0,0,0,0,-1,-1,0,0,0,0,0,0,0,0,0,0,0,0,0,0,0,2,2
CRX,Pacira BioSciences Inc,Healthcare,Drug Manufacturers - Specialty & Generic,USA,986980000.0,71.35,24.76,-1.16%,493119.0,0,0,0,0,0,0,0,-1,0,0,0,0,0,0,0,0,0,0,0,0,0,0,0,0,0,0,0,0,0,1,1
CSA,Processa Pharmaceuticals Inc,Healthcare,Biotechnology,USA,4240000.0,,1.52,2.01%,18585.0,0,0,0,0,0,0,0,0,0,0,0,0,-1,-1,0,0,0,0,0,0,0,0,0,0,0,0,0,0,0,2,2
CYO,Pure Cycle Corp,Utilities,Utilities - Regulated Water,USA,264829999.99999997,18.03,10.99,1.20%,37171.0,0,0,0,0,0,0,0,0,0,0,1,1,0,0,0,0,0,0,0,0,0,0,0,0,0,0,0,0,2,0,2
DC,Perpetuals.com Ltd ADR,Technology,Software - Application,Japan,22680000.0,,3.35,1.82%,17494.0,0,0,0,0,0,0,0,0,1,0,0,0,0,0,0,0,0,0,0,0,0,0,0,0,0,0,0,0,1,0,1
DCC,Pearl Diver Credit Company Inc,Financial,Asset Management,USA,69290000.0,,8.47,0.78%,4123.0,0,0,0,0,0,0,0,0,1,0,0,0,0,0,0,0,0,0,0,0,0,0,0,0,0,0,0,0,1,0,1
DP,Invesco Dorsey Wright Momentum ETF,Financial,Exchange Traded Fund,USA,,,140.88,-0.24%,10837.0,0,0,0,0,0,0,0,0,0,0,0,0,0,0,0,1,0,0,0,0,0,0,0,0,0,0,0,0,1,0,1
DS,Precision Drilling Corp,Energy,Oil & Gas Drilling,Canada,1070000000.0000001,,84.72,-3.97%,136258.0,0,0,0,-1,0,0,0,0,0,0,0,0,0,0,0,0,0,0,0,0,0,0,0,0,0,0,0,0,0,1,1
DYN,Palladyne AI Corp,Technology,Software - Infrastructure,USA,264450000.0,,5.36,4.69%,891128.0,0,0,0,0,0,0,0,0,1,0,0,0,0,0,0,0,0,0,0,0,0,0,0,0,0,0,0,0,1,0,1
EGA,Pegasystems Inc,Technology,Software - Application,USA,5690000000.0,19.55,34.6,0.20%,1619658.0,0,1,0,0,0,0,0,0,0,0,0,0,0,0,0,0,0,0,0,0,0,0,0,0,0,0,0,0,1,0,1
EMX,Putnam Emerging Markets ex-China ETF,Financial,Exchange Traded Fund,USA,,,88.75,-0.44%,316.0,0,0,0,0,0,0,0,0,1,0,0,0,0,0,0,0,0,0,0,0,0,0,0,0,0,0,0,0,1,0,1
ENG,Penguin Solutions Inc,Technology,Information Technology Services,USA,3290000000.0,40.74,64.21,5.77%,15629084.0,0,0,0,0,0,0,0,0,1,0,0,0,0,0,0,0,0,0,0,0,0,0,0,0,0,0,0,0,1,0,1
EP,PepsiCo Inc,Consumer Defensive,Beverages - Non-Alcoholic,USA,171580000000.0,16.49,125.71,0.05%,10026798.0,0,1,0,0,0,0,0,0,0,0,0,0,-1,0,0,0,0,0,0,0,0,0,0,0,0,0,0,0,1,1,2
EPS,Parametric Equity Plus ETF,Financial,Exchange Traded Fund,USA,,,33.61,0.43%,21.0,0,0,0,0,0,0,0,-1,0,0,0,0,0,0,0,0,0,0,0,0,0,0,0,0,0,0,0,0,0,1,1
ERI,Perion Network Ltd,Communication Services,Advertising Agencies,Israel,336270000.0,,8.55,0.47%,257536.0,0,0,0,0,0,0,0,0,1,0,0,0,0,0,0,0,0,0,0,0,0,0,0,0,0,0,0,0,1,0,1
ETZ,TDH Holdings Inc,Real Estate,Real Estate Services,China,13420000.0,7.46,1.3,5.69%,15773.0,0,0,0,0,0,0,0,0,0,0,1,0,0,0,0,0,0,0,0,0,0,0,-1,0,0,0,0,0,1,1,2
EVC,Pacer PE/VC ETF,Financial,Exchange Traded Fund,USA,,,33.14,1.85%,346.0,0,0,0,0,0,0,0,-1,0,0,0,0,0,0,0,0,0,0,0,0,0,0,0,0,0,0,0,0,0,1,1
EZ,Invesco Dorsey Wright Consumer Cyclicals Momentum ETF,Financial,Exchange Traded Fund,USA,,,94.24,0.04%,261.0,0,0,0,0,0,0,0,0,0,0,0,0,0,0,0,0,0,0,0,0,0,0,0,1,0,0,0,0,1,0,1
FBC,"Preferred Bank (Los Angeles, CA)",Financial,Banks - Regional,USA,1240000000.0,9.55,104.54,-0.66%,79283.0,0,0,0,0,0,0,0,0,0,0,0,0,0,0,0,0,0,0,0,0,0,0,0,0,-1,0,0,0,0,1,1
FFA,Virtus InfraCap U.S. Preferred Stock ETF,Financial,Exchange Traded Fund,USA,,,19.74,-0.05%,918116.0,0,0,0,0,0,0,0,0,0,0,0,0,-1,0,0,0,0,0,0,0,0,0,0,0,0,0,0,0,0,1,1
FFL,ETRACSA 2xMonthlyA PayA LeveragedA PreferredA StockA IndexA ETN,Financial,Exchange Traded Fund,USA,,,6.76,-0.00%,23.0,0,0,0,0,0,0,0,0,1,0,0,0,0,0,0,0,0,0,0,0,0,0,0,0,0,0,0,0,1,0,1
FIS,Peoples Financial Services Corp,Financial,Banks - Regional,USA,693320000.0,12.27,69.26,0.26%,27926.0,0,0,0,0,0,0,0,0,0,0,0,0,0,0,0,0,0,0,0,0,0,0,-1,0,0,0,0,0,0,1,1
FLT,PennantPark Floating Rate Capital Ltd,Financial,Asset Management,USA,667740000.0,13.29,6.73,-0.74%,823444.0,0,0,0,0,0,0,0,0,1,0,0,0,0,0,0,0,0,0,0,0,0,0,0,0,0,0,0,0,1,0,1
FO,Flaherty & Crumrine Preferred and Income Opportunity Fund Inc,Financial,Closed-End Fund - Debt,USA,111550000.0,,8.53,0.24%,21893.0,0,0,0,0,0,0,0,0,1,0,0,0,0,0,0,0,0,0,0,0,0,0,0,0,0,0,0,0,1,0,1
FXF,VanEck Preferred Securities ex Financials ETF,Financial,Exchange Traded Fund,USA,,,17.75,0.34%,1075341.0,0,0,0,0,0,0,0,0,0,0,0,0,-1,0,0,0,0,0,0,0,0,0,0,1,0,0,-1,0,1,2,3
G,Procter & Gamble Co,Consumer Defensive,Household & Personal Products,USA,344710000000.0,22.42,148.41,1.69%,13334789.0,0,0,0,0,0,1,0,0,0,0,1,0,0,0,0,0,0,0,0,0,0,0,0,0,0,0,0,0,2,0,2
GC,Peapack-Gladstone Financial Corp,Financial,Banks - Regional,USA,783220000.0,15.37,44.18,-0.36%,67832.0,0,0,0,0,0,0,0,0,0,0,0,0,-1,-1,0,0,0,0,0,0,0,0,0,0,0,0,0,0,0,2,2
GEN,Precigen Inc,Healthcare,Biotechnology,USA,2700000000.0,,7.55,-2.45%,5140065.0,0,0,0,-1,0,0,0,-1,0,0,0,0,0,0,0,0,0,0,0,0,0,0,0,0,0,0,0,0,0,2,2
GF,Invesco Financial Preferred ETF,Financial,Exchange Traded Fund,USA,,,12.69,-0.08%,173169.0,0,0,0,-1,0,0,0,0,0,0,0,0,0,0,0,0,0,0,0,0,0,0,0,0,0,0,0,0,0,1,1
GP,Pimco Global StocksPLUS & Income Fund,Financial,Closed-End Fund - Foreign,USA,96910000.0,,8.36,0.51%,41133.0,0,0,0,0,0,0,0,0,0,0,0,0,-1,0,0,0,0,0,0,0,0,0,0,1,0,0,0,0,1,1,2
GRO,Putnam Focused Large Cap Growth ETF,Financial,Exchange Traded Fund,USA,,,49.53,0.77%,1947.0,0,0,0,0,0,0,0,0,0,0,0,0,0,0,0,1,0,0,0,0,0,0,0,0,0,0,0,0,1,0,1
GZ,Principal Real Estate Income Fund,Financial,Closed-End Fund - Debt,USA,59510000.0,,8.89,0.23%,14110.0,0,0,0,0,0,0,0,0,0,0,0,0,0,0,0,0,0,0,0,0,1,0,0,0,0,0,0,0,1,0,1
H,Parker-Hannifin Corp,Industrials,Specialty Industrial Machinery,USA,124210000000.0,34.57,984.91,0.95%,376699.0,0,0,0,0,0,0,0,0,0,0,0,0,0,0,0,0,0,0,0,0,0,0,0,0,0,0,0,1,1,0,1
HAR,Pharming Group NV ADR,Healthcare,Biotechnology,Netherlands,685150000.0,77.81,9.68,-1.22%,6726.0,0,0,0,0,0,0,0,0,1,0,0,0,0,0,0,0,0,0,0,0,0,0,0,0,0,0,0,0,1,0,1
HAT,Phathom Pharmaceuticals Inc,Healthcare,Biotechnology,USA,548510000.0,,6.78,1.19%,2087958.0,0,0,0,0,0,0,0,0,0,0,0,0,0,0,0,0,0,0,0,-1,0,0,0,0,0,0,0,0,0,1,1
HDG,Invesco S&P 500 Downside Hedged ETF,Financial,Exchange Traded Fund,USA,,,41.93,0.45%,718.0,0,0,0,0,0,0,0,0,1,0,0,0,0,0,0,0,0,0,0,0,0,0,0,0,0,0,0,0,1,0,1
HG,Koninklijke Philips NV ADR,Healthcare,Medical Devices,Netherlands,23600000000.0,17.99,24.15,1.00%,1386585.0,0,0,0,0,0,1,0,0,0,0,0,0,0,0,0,0,0,0,0,-1,0,0,0,0,0,0,0,0,1,1,2
HIO,Phio Pharmaceuticals Corp,Healthcare,Biotechnology,USA,11550000.0,,0.99,0.34%,131771.0,0,0,0,0,0,0,0,0,0,0,0,0,-1,0,0,0,0,0,0,0,0,0,0,0,0,0,0,0,0,1,1
HOE,Phoenix Asia Holdings Ltd,Industrials,Engineering & Construction,Hong Kong,416020000.0,,19.26,0.47%,1821.0,0,0,0,0,0,1,0,0,0,0,0,0,0,0,0,0,0,0,0,0,0,0,0,0,0,0,0,0,1,0,1
HOX,Aura AI Photonics ETF,Financial,Exchange Traded Fund,USA,,,25.53,2.28%,8329.0,0,0,0,0,0,0,0,0,0,0,1,0,0,0,0,0,0,0,0,0,0,0,0,0,0,0,0,0,1,0,1
HR,Phreesia Inc,Healthcare,Health Information Services,USA,636230000.0,60.69,10.25,-1.16%,605140.0,0,0,0,-1,0,0,0,0,0,0,0,0,0,0,0,0,0,0,0,0,0,0,0,0,0,0,0,0,0,1,1
HVS,Pharvaris NV,Healthcare,Biotechnology,Netherlands,2170000000.0,,31.12,2.07%,778389.0,0,0,0,0,0,1,0,0,0,0,0,0,0,0,0,0,0,0,0,0,0,0,0,0,0,0,0,0,1,0,1
HYL,PGIM Active High Yield Bond ETF,Financial,Exchange Traded Fund,USA,,,33.66,0.45%,224464.0,0,0,0,-1,0,0,0,0,0,0,0,0,0,0,0,0,0,0,0,0,0,0,0,0,0,0,0,0,0,1,1
IEL,Pacer International Export Leaders ETF,Financial,Exchange Traded Fund,USA,,,28.78,-0.02%,7.0,0,0,0,0,0,0,0,0,0,0,1,0,0,0,0,0,0,0,0,0,0,0,-1,0,0,0,0,0,1,1,2
IM,Franklin Master Intermediate Income Trust,Financial,Closed-End Fund - Debt,USA,144550000.0,,3.0,1.01%,25252.0,0,0,0,-1,0,0,0,0,0,0,0,0,0,0,0,0,0,0,0,0,0,0,0,0,0,0,0,0,0,1,1
IPE,Invesco SteelPath MLP & Energy Infrastructure ETF,Financial,Exchange Traded Fund,USA,,,29.48,1.17%,4750.0,0,0,0,0,0,0,0,0,0,0,0,0,0,0,0,0,0,0,0,0,0,0,0,0,-1,0,0,0,0,1,1
JFG,PGIM Jennison Focused Growth ETF,Financial,Exchange Traded Fund,USA,,,124.4,0.93%,1554.0,0,0,0,0,0,0,0,-1,0,0,0,0,0,0,0,0,0,0,0,0,0,0,0,0,0,0,0,0,0,1,1
JFM,PGIM Jennison Focused Mid-Cap ETF,Financial,Exchange Traded Fund,USA,,,66.5,0.77%,1794.0,0,0,0,0,0,0,0,0,0,0,0,0,-1,0,0,0,0,0,0,0,0,0,0,0,0,0,0,0,0,1,1
JIO,PGIM Jennison Focused International Equity ETF,Financial,Exchange Traded Fund,USA,,,65.06,0.39%,890.0,0,0,0,0,0,0,0,0,0,0,0,0,0,0,0,1,0,0,0,0,0,0,0,0,0,0,0,0,1,0,1
JUL,Innovator U.S. Equity Power Buffer ETF - July,Financial,Exchange Traded Fund,USA,,,50.27,0.38%,31138.0,0,0,0,0,0,0,0,-1,0,0,1,0,0,0,0,0,0,0,0,0,0,0,0,0,0,0,0,0,1,1,2
JUN,Innovator U.S. Equity Power Buffer ETF - June,Financial,Exchange Traded Fund,USA,,,44.52,0.38%,17279.0,0,0,0,0,0,1,0,0,0,0,0,0,0,0,0,1,0,0,0,0,0,0,0,0,0,0,0,0,2,0,2
KBK,Parke Bancorp Inc,Financial,Banks - Regional,USA,385550000.0,8.54,32.78,0.06%,21942.0,0,0,0,0,0,0,0,0,0,0,0,0,0,0,0,0,0,0,0,0,0,0,-1,0,0,0,0,0,0,1,1
KE,Park Aerospace Corp,Industrials,Aerospace & Defense,USA,653840000.0,48.37,30.06,0.03%,210074.0,0,1,0,0,0,1,0,0,0,0,0,0,0,0,0,0,0,0,0,0,0,0,0,0,0,0,0,0,2,0,2
KX,POSCO Holdings Inc ADR,Basic Materials,Steel,South Korea,17770000000.0,19.25,58.74,0.88%,233324.0,0,0,0,0,0,0,0,0,1,0,0,0,0,0,0,0,0,0,0,0,0,0,0,0,0,0,0,0,1,0,1
LAB,Photronics Inc,Technology,Semiconductor Equipment & Materials,USA,1820000000.0,10.9,30.82,-0.80%,562458.0,0,0,0,0,0,0,0,0,1,1,0,0,0,0,0,0,0,0,0,0,0,0,0,0,0,0,0,0,2,0,2
LAY,Dave & Buster's Entertainment Inc,Communication Services,Entertainment,USA,238940000.0,,6.86,1.48%,2044324.0,0,0,0,0,0,0,0,0,0,0,0,0,-1,-1,0,0,0,0,0,0,0,0,0,0,0,0,0,0,0,2,2
LBC,Plumas Bancorp,Financial,Banks - Regional,USA,429370000.0,12.14,61.7,-0.10%,38243.0,0,0,0,0,0,0,0,0,0,0,0,0,-1,0,0,0,0,0,0,0,0,0,0,0,0,0,0,0,0,1,1
LBL,Polibeli Group Ltd,Consumer Cyclical,Department Stores,Indonesia,2140000000.0000002,,5.84,3.00%,198618.0,0,0,0,0,0,0,0,0,0,0,0,0,0,0,0,0,0,0,0,0,0,0,0,1,0,0,0,0,1,0,1
LBY,Playboy Inc,Consumer Cyclical,Apparel Manufacturing,USA,124600000.0,433.33,1.04,0.97%,183327.0,0,1,0,0,0,0,0,0,1,0,0,0,0,0,0,0,0,0,0,0,0,0,0,0,0,0,0,0,2,0,2
LCE,Childrens Place Inc,Consumer Cyclical,Apparel Manufacturing,USA,42470000.0,,1.91,0.00%,177953.0,0,0,0,0,0,0,0,0,1,0,0,0,0,0,0,0,0,0,0,0,0,0,0,0,0,0,0,0,1,0,1
LGI,PL Growth and Income ETF,Financial,Exchange Traded Fund,USA,,,25.75,0.47%,7892.0,0,0,0,0,0,0,0,0,0,0,1,0,0,0,0,0,0,0,0,0,0,0,0,0,0,0,0,0,1,0,1
LGO,Pelagos Insurance Capital Ltd,Financial,Insurance - Diversified,Bermuda,1970000000.0,5.82,23.77,-3.10%,570370.0,0,0,0,0,0,0,0,0,0,0,0,0,-1,0,0,0,0,0,0,0,0,0,0,0,0,0,0,0,0,1,1
LNT,Planet Fitness Inc,Consumer Cyclical,Leisure,USA,3190000000.0,14.34,42.25,0.43%,1881632.0,0,0,0,0,0,0,0,0,0,0,1,0,0,0,0,0,0,0,0,0,0,0,0,0,0,0,0,0,1,0,1
LRX,Pliant Therapeutics Inc,Healthcare,Biotechnology,USA,63780000.0,,1.03,0.00%,276386.0,0,0,0,0,0,0,0,0,1,0,0,0,0,0,0,0,0,0,0,0,0,0,0,0,0,0,0,0,1,0,1
LTM,GraniteShares Platinum Shares,Financial,Exchange Traded Fund,USA,,,16.39,-0.79%,64464.0,0,0,0,0,0,0,0,0,1,0,0,0,0,0,0,0,0,0,0,0,0,0,0,0,0,0,0,0,1,0,1
LTW,Roundhill PLTR WeeklyPay ETF,Financial,Exchange Traded Fund,USA,,,25.15,1.62%,191126.0,0,0,0,0,0,0,0,0,0,0,1,0,0,0,0,0,0,0,0,0,0,0,0,0,0,0,0,0,1,0,1
LTY,YieldMax PLTR Option Income Strategy ETF,Financial,Exchange Traded Fund,USA,,,37.2,1.25%,106541.0,0,0,0,0,0,0,0,0,0,0,1,0,0,0,0,0,0,0,0,0,0,0,0,0,0,0,0,0,1,0,1
LXS,Plexus Corp,Technology,Electronic Components,USA,7270000000.0,40.22,272.63,-0.20%,155519.0,0,0,0,0,0,0,0,0,1,1,0,0,0,0,0,0,0,0,0,0,0,0,0,0,0,0,0,0,2,0,2
MA,PMA Graphene Technology Group Inc,Industrials,Engineering & Construction,Hong Kong,15960000.0,,1.23,2.50%,17609.0,0,0,0,0,0,0,0,0,1,0,1,1,0,0,0,1,0,0,0,0,0,0,0,0,0,0,0,0,4,0,4
MCB,PharmaCyte Biotech Inc,Healthcare,Biotechnology,USA,4540000.0,,0.42,8.28%,232056.0,0,0,0,0,0,0,0,0,1,0,0,0,0,0,0,0,0,0,0,0,0,0,0,0,0,0,0,0,1,0,1
MI,Picard Medical Inc,Healthcare,Medical Devices,USA,20440000.0,,8.74,26.12%,912764.0,0,0,0,0,0,0,0,0,0,0,0,0,0,0,0,0,0,0,0,0,0,0,0,1,0,0,0,0,1,0,1
MMF,iShares Prime Money Market ETF,Financial,Exchange Traded Fund,USA,,,100.32,0.01%,158026.0,0,0,0,0,0,0,0,0,0,0,0,0,-1,-1,0,0,0,0,0,0,0,0,0,0,0,0,0,0,0,2,2
MN,ProMIS Neurosciences Inc,Healthcare,Biotechnology,Canada,82600000.0,,9.21,-1.71%,26458.0,0,0,0,0,0,0,0,0,1,0,0,0,0,0,0,0,0,0,0,0,0,0,0,0,0,0,0,0,1,0,1
MT,Pennymac Mortgage Investment Trust,Real Estate,REIT - Mortgage,USA,700230000.0,5.62,8.03,2.03%,2997746.0,0,0,0,0,0,0,0,0,0,0,0,0,0,0,0,0,0,0,0,-1,0,0,0,0,0,0,0,0,0,1,1
MTS,CPI Card Group Inc,Financial,Credit Services,USA,288180000.0,21.45,24.86,0.69%,95398.0,0,0,0,0,0,1,0,0,0,0,0,0,0,0,0,0,0,0,0,0,0,0,0,0,0,0,0,0,1,0,1
MVP,PMV Pharmaceuticals Inc,Healthcare,Biotechnology,USA,121570000.0,,1.61,-9.55%,616108.0,0,0,0,0,0,0,0,0,0,0,0,0,-1,0,0,0,0,0,0,0,0,0,0,0,0,0,0,0,0,1,1
NBK,Patriot National Bancorp Inc,Financial,Banks - Regional,USA,114360000.0,,0.93,0.09%,27548.0,0,0,0,0,0,0,0,0,0,0,0,0,0,0,0,0,0,0,0,0,0,0,0,0,0,1,0,0,1,0,1
NR,Pentair plc,Industrials,Specialty Industrial Machinery,United Kingdom,8449999999.999999,13.32,52.94,0.30%,2160798.0,0,0,0,0,0,0,0,0,0,0,0,0,0,0,0,0,0,0,0,-1,0,0,0,0,0,0,0,0,0,1,1
NRG,PrimeEnergy Resources Corp,Energy,Oil & Gas E&P,USA,332740000.0,20.26,210.25,0.28%,130203.0,0,0,0,0,0,0,0,0,0,0,0,0,-1,0,0,0,0,0,0,0,0,0,0,0,0,0,0,0,0,1,1
OCI,Precision Optics Corp Inc,Healthcare,Medical Instruments & Supplies,USA,49380000.0,,4.5,0.90%,15109.0,0,0,0,0,0,0,0,0,0,0,1,0,0,0,0,0,0,0,0,0,0,0,0,0,0,0,0,0,1,0,1
OCT,Innovator U.S. Equity Power Buffer ETF - October,Financial,Exchange Traded Fund,USA,,,48.48,0.33%,197124.0,0,0,0,-1,0,0,0,0,0,0,0,0,0,0,0,0,0,0,0,0,0,0,0,0,0,0,0,0,0,1,1
ODC,PodcastOne Inc,Communication Services,Internet Content & Information,USA,67160000.0,,2.22,-2.20%,42757.0,0,0,0,0,0,0,0,0,0,0,0,0,0,0,0,0,0,0,0,0,0,0,0,1,0,0,0,0,1,0,1
ODD,Insulet Corp,Healthcare,Medical Devices,USA,9340000000.0,26.71,134.73,-0.66%,1712375.0,0,0,0,0,0,0,0,0,1,1,0,0,0,0,0,0,0,0,0,0,0,0,0,0,0,0,0,0,2,0,2
OLA,Polar Power Inc,Industrials,Electrical Equipment & Parts,USA,4920000.0,,1.14,-0.87%,60178.0,0,0,0,0,0,0,0,0,0,0,0,0,-1,0,0,0,0,0,0,0,0,0,0,0,0,0,0,0,0,1,1
ONY,Pony AI Inc ADR,Technology,Information Technology Services,China,2170000000.0,,6.13,0.33%,2805714.0,0,0,0,0,0,0,0,0,1,0,0,0,0,0,0,0,0,0,0,0,0,0,0,0,0,0,0,0,1,0,1
OOL,Pool Corp,Industrials,Industrial Distribution,USA,5750000000.0,14.55,158.24,-0.69%,755241.0,0,0,0,-1,0,0,0,0,0,0,0,0,0,0,0,0,0,0,0,0,0,0,0,0,0,0,0,0,0,1,1
OR,Portland General Electric Co,Utilities,Utilities - Regulated Electric,USA,5210000000.0,19.59,44.27,0.05%,1413892.0,0,1,0,0,0,0,0,0,0,0,0,0,0,0,0,0,0,0,0,0,1,0,0,0,0,0,0,0,2,0,2
OST,Post Holdings Inc,Consumer Defensive,Packaged Foods,USA,3220000000.0,13.46,73.32,0.88%,564964.0,0,0,0,0,0,0,0,0,1,0,0,0,0,0,0,0,0,0,0,0,0,0,0,0,0,0,0,0,1,0,1
OW,VistaShares Electrification Supercycle ETF,Financial,Exchange Traded Fund,USA,,,27.57,1.57%,37882.0,0,0,0,0,0,1,0,0,0,0,0,0,0,0,0,1,0,0,0,0,0,0,0,0,0,0,0,0,2,0,2
OWA,Invesco Bloomberg Pricing Power ETF,Financial,Exchange Traded Fund,USA,,,88.07,0.56%,1405.0,0,0,0,0,0,0,0,0,0,0,1,0,0,0,0,0,0,0,0,0,0,0,0,0,0,0,0,0,1,0,1
OWR,iShares U.S. Power Infrastructure ETF,Financial,Exchange Traded Fund,USA,,,25.67,3.18%,219995.0,0,0,0,0,0,1,0,0,0,0,0,0,0,0,0,0,0,0,0,0,0,0,0,0,0,0,0,0,1,0,1
PA,Invesco Aerospace & Defense ETF,Financial,Exchange Traded Fund,USA,,,156.2,0.48%,244249.0,0,0,0,0,0,0,0,-1,0,0,0,0,0,0,0,0,0,0,0,0,0,0,0,0,0,0,0,0,0,1,1
PC,Pilgrim's Pride Corp,Consumer Defensive,Packaged Foods,USA,6640000000.0,12.19,27.89,-0.36%,1075269.0,0,0,0,0,0,1,0,0,0,0,0,0,0,0,0,0,0,0,0,0,0,0,0,0,0,0,0,0,1,0,1
PL,PPL Corp,Utilities,Utilities - Regulated Electric,USA,25360000000.0,20.02,33.7,2.28%,7008035.0,0,0,0,0,0,0,0,0,1,1,0,0,0,0,0,0,0,0,0,0,0,0,0,0,0,0,0,0,2,0,2
PLT,Abrdn Platinum Shares ETF,Financial,Exchange Traded Fund,USA,,,15.47,-0.71%,1788704.0,0,0,0,0,0,0,0,0,1,0,0,0,0,0,0,0,0,0,0,0,0,0,0,0,0,0,0,0,1,0,1
PTA,Perpetua Resources Corp,Basic Materials,Other Precious Metals & Mining,USA,2580000000.0,,20.62,1.43%,652538.0,0,0,0,0,0,0,0,0,0,0,0,0,0,0,0,0,0,0,0,-1,0,0,0,0,0,0,0,0,0,1,1
QUS,Pictet AI Enhanced US Equity ETF,Financial,Exchange Traded Fund,USA,,,29.07,0.47%,26614.0,0,1,0,0,0,0,0,0,0,0,1,0,0,0,0,0,0,0,0,0,0,0,0,0,0,0,0,0,2,0,2
QV,PGIM S&P 500 Quarterly Buffer 5 ETF,Financial,Exchange Traded Fund,USA,,,25.78,0.27%,7.0,0,0,0,0,0,0,0,-1,0,0,1,0,0,0,0,0,0,0,0,0,0,0,-1,0,0,0,0,0,1,2,3
R,Permian Resources Holdings Inc,Energy,Oil & Gas E&P,USA,18720000000.0,14.83,22.35,0.54%,8493581.0,0,0,0,-1,0,0,0,0,0,0,0,0,0,0,0,0,0,0,0,0,0,0,0,0,0,0,0,0,0,1,1
RAB,State Street IG Public & Private ABS ETF,Financial,Exchange Traded Fund,USA,,,24.68,0.04%,220.0,0,0,0,0,0,0,0,0,1,1,0,0,0,0,0,0,0,0,0,0,0,0,0,0,0,0,0,0,2,0,2
RAY,FIS Trust,Financial,Exchange Traded Fund,USA,,,35.58,0.42%,2150.0,0,0,0,0,0,0,0,0,0,0,0,0,0,0,0,0,0,0,0,0,0,0,-1,0,0,0,0,0,0,1,1
RF,Invesco RAFI US 1000 ETF,Financial,Exchange Traded Fund,USA,,,55.32,0.36%,518958.0,0,0,0,0,0,0,0,0,0,0,0,0,0,0,0,0,0,0,0,0,0,0,-1,0,0,0,0,0,0,1,1
RIM,Primoris Services Corp,Industrials,Engineering & Construction,USA,4570000000.0,33.44,84.97,5.46%,1756258.0,0,0,0,0,0,0,0,0,0,0,0,0,0,0,0,0,0,0,0,0,0,0,0,1,0,0,0,0,1,0,1
RMB,Primo Brands Corp,Consumer Defensive,Beverages - Non-Alcoholic,USA,6960000000.0,70.3,19.22,-3.32%,3559538.0,0,0,0,0,0,0,0,-1,0,0,0,0,0,0,0,0,0,0,0,0,0,0,0,0,0,0,0,0,0,1,1
RME,Prime Medicine Inc,Healthcare,Biotechnology,USA,634820000.0,,3.5,9.03%,12022398.0,0,0,0,0,0,0,0,0,0,0,1,0,0,0,0,1,0,0,0,0,0,0,0,0,0,0,0,0,2,0,2
RMR,PeakShares RMR Prime Equity ETF,Financial,Exchange Traded Fund,USA,,,29.2,1.07%,4901.0,0,0,0,-1,0,0,0,0,0,0,0,0,0,0,0,0,0,0,0,0,0,0,0,0,0,0,0,0,0,1,1
RN,Invesco Dorsey Wright Industrials Momentum ETF,Financial,Exchange Traded Fund,USA,,,200.89,-0.64%,25204.0,0,0,0,0,0,0,0,0,1,0,0,0,0,0,0,0,0,0,0,0,0,0,0,0,0,0,0,0,1,0,1
RNT,ARK 3D Printing ETF,Financial,Exchange Traded Fund,USA,,,25.83,0.85%,5175.0,0,0,0,0,0,0,0,0,0,0,1,0,0,0,0,0,0,0,0,0,0,0,-1,0,0,0,0,0,1,1,2
ROF,Profound Medical Corp,Healthcare,Medical Devices,Canada,222100000.0,,6.08,0.83%,168003.0,0,0,0,0,0,0,0,0,0,0,1,0,0,0,0,0,0,0,0,0,0,0,0,0,0,0,0,0,1,0,1
ROK,ProKidney Corp,Healthcare,Biotechnology,USA,483720000.0,,1.6,1.27%,771314.0,0,0,0,0,0,1,0,0,0,0,0,0,0,0,0,0,0,0,0,0,0,0,0,0,0,0,0,0,1,0,1
ROP,Prairie Operating Co,Energy,Oil & Gas E&P,USA,44560000.0,,0.4,3.32%,423130.0,0,0,0,0,0,0,0,0,1,0,0,0,0,0,0,0,0,0,0,0,0,0,0,0,0,0,0,0,1,0,1
RT,PermRock Royalty Trust,Energy,Oil & Gas E&P,USA,22630000.0,7.91,1.86,-1.06%,26148.0,0,0,0,0,0,0,0,0,1,0,0,0,0,0,0,0,0,0,0,0,0,0,0,0,0,0,0,0,1,0,1
SBD,Palmer Square Capital BDC Inc,Financial,Asset Management,USA,294250000.0,,9.6,-0.72%,122060.0,0,0,0,0,0,0,0,0,0,0,0,0,-1,0,0,0,0,0,0,0,0,0,0,1,0,0,0,0,1,1,2
SCE,Invesco S&P SmallCap Energy ETF,Financial,Exchange Traded Fund,USA,,,60.34,0.39%,41746.0,0,1,0,-1,0,0,0,0,0,0,1,0,0,0,0,0,0,0,0,0,0,0,0,0,-1,0,0,0,2,2,4
SCM,Invesco S&P SmallCap Materials ETF,Financial,Exchange Traded Fund,USA,,,97.01,-0.18%,1530.0,0,0,0,0,0,0,0,0,1,0,0,0,0,0,0,0,0,0,0,0,0,0,0,0,0,0,0,0,1,0,1
SCU,Invesco S&P SmallCap Utilities & Communication Services ETF,Financial,Exchange Traded Fund,USA,,,59.87,0.35%,1067.0,0,0,0,0,0,0,0,0,0,0,1,1,0,0,0,0,0,0,0,0,0,0,0,0,-1,0,0,0,2,1,3
SCW,Pacer Swan SOS Conservative (April) ETF,Financial,Exchange Traded Fund,USA,,,30.85,0.24%,626.0,0,0,0,0,0,0,0,0,0,0,0,0,0,0,0,0,0,1,0,0,0,0,0,0,0,0,0,0,1,0,1
SEP,Innovator U.S. Equity Power Buffer ETF - September,Financial,Exchange Traded Fund,USA,,,47.4,0.28%,48846.0,0,0,0,0,0,0,0,-1,0,0,0,0,0,0,0,0,0,0,0,0,0,0,0,0,0,0,0,0,0,1,1
SFE,Paysafe Limited,Technology,Software - Infrastructure,United Kingdom,290310000.0,,5.56,-1.24%,243563.0,0,0,0,0,0,0,0,0,1,0,0,0,0,0,0,0,0,0,0,0,0,0,0,0,0,0,0,0,1,0,1
SL,Invesco Dorsey Wright Consumer Staples Momentum ETF,Financial,Exchange Traded Fund,USA,,,108.4,0.55%,867.0,0,0,0,0,0,0,0,0,0,0,0,0,0,0,0,0,0,0,0,0,1,0,0,0,0,0,0,0,1,0,1
SLV,Sprott Physical Silver Trust,Financial,Asset Management,Canada,12190000000.0,,20.0,1.11%,5618711.0,0,0,0,0,0,0,0,0,1,0,0,0,0,0,0,0,0,0,0,0,0,0,0,0,0,0,0,0,1,0,1
SMT,Pricesmart Inc,Consumer Defensive,Discount Stores,USA,5310000000.0,33.06,172.0,0.11%,185823.0,0,0,0,0,0,0,0,0,0,0,0,0,-1,0,0,0,0,0,0,0,0,0,-1,0,0,0,0,0,0,2,2
SO,Pearson plc ADR,Communication Services,Publishing,United Kingdom,9780000000.0,24.55,16.32,0.49%,509909.0,0,0,0,0,0,0,0,0,0,0,0,0,0,0,0,0,0,0,0,0,0,0,-1,0,0,0,0,0,0,1,1
SP,Invesco Global Listed Private Equity ETF,Financial,Exchange Traded Fund,USA,,,56.38,0.80%,27097.0,0,0,0,0,0,0,0,0,0,0,0,0,0,0,0,0,0,0,0,0,0,0,0,1,0,0,0,0,1,0,1
SQ,ProShares Short QQQ -1x Shares,Financial,Exchange Traded Fund,USA,,,24.18,-0.49%,13877146.0,0,0,0,0,0,0,0,0,1,0,0,0,0,0,0,0,0,0,0,0,0,0,0,0,0,0,0,0,1,0,1
SQA,Palmer Square CLO Senior Debt ETF,Financial,Exchange Traded Fund,USA,,,20.58,0.10%,37790.0,0,0,0,-1,0,0,0,0,0,0,0,0,0,0,0,0,0,0,0,0,0,0,0,0,0,0,0,0,0,1,1
SQO,Palmer Square Credit Opportunities ETF,Financial,Exchange Traded Fund,USA,,,20.56,-0.03%,106586.0,0,0,0,0,0,0,0,0,0,0,1,0,0,0,0,0,0,0,0,0,0,0,-1,0,0,0,0,0,1,1,2
STL,Postal Realty Trust Inc,Real Estate,REIT - Office,USA,810050000.0,41.82,22.69,1.39%,189307.0,0,0,0,0,0,0,0,0,0,0,0,0,-1,0,0,0,0,0,0,0,0,0,0,0,0,0,0,0,0,1,1
SWD,Xtrackers Cybersecurity Select Equity ETF,Financial,Exchange Traded Fund,USA,,,50.15,2.25%,3130.0,0,0,0,0,0,1,0,0,0,0,1,1,0,0,0,0,0,1,0,0,0,0,0,0,0,0,0,0,4,0,4
TC,PTC Inc,Technology,Software - Application,USA,20940000000.0,18.66,193.0,0.38%,7418662.0,0,0,0,0,0,0,0,0,0,0,0,0,0,0,0,0,0,0,0,0,0,0,0,0,0,0,0,1,1,0,1
TEN,Patterson-UTI Energy Inc,Energy,Oil & Gas Drilling,USA,4350000000.0,,11.41,-1.21%,6874638.0,0,0,0,0,0,0,0,0,0,0,1,0,0,0,0,0,0,0,0,0,0,0,-1,0,0,0,0,0,1,1,2
TF,Invesco Dorsey Wright Technology Momentum ETF,Financial,Exchange Traded Fund,USA,,,112.75,-0.13%,63645.0,0,0,0,0,0,0,0,0,0,0,0,0,-1,0,0,0,0,0,0,0,0,0,0,0,0,0,0,0,0,1,1
TIN,Pacer Trendpilot International ETF,Financial,Exchange Traded Fund,USA,,,36.78,-0.09%,7380.0,0,0,0,-1,0,0,0,0,0,0,0,0,0,0,0,0,0,1,0,0,0,0,0,0,0,0,0,0,1,1,2
TL,Inspire 500 ETF,Financial,Exchange Traded Fund,USA,,,280.66,1.25%,23230.0,0,0,0,0,0,0,0,0,0,0,0,0,0,0,0,0,0,0,0,0,1,0,-1,0,0,0,0,0,1,1,2
TLC,Pacer Trendpilot US Large Cap ETF,Financial,Exchange Traded Fund,USA,,,60.83,0.55%,76318.0,0,1,0,0,0,0,0,-1,0,0,0,0,0,0,0,0,0,0,0,0,0,0,0,0,0,0,0,0,1,1,2
TN,Palatin Technologies Inc,Healthcare,Biotechnology,USA,16760000.000000002,,9.41,-0.74%,2765.0,0,0,0,0,0,0,0,0,1,0,0,0,0,0,0,0,0,0,0,0,0,0,0,0,0,0,0,0,1,0,1
TNT,Corgi IP Licensing & Royalties ETF,Financial,Exchange Traded Fund,USA,,,24.71,0.39%,116.0,0,0,0,0,0,0,0,0,0,0,0,0,-1,0,0,0,0,0,0,0,0,0,0,1,0,0,0,0,1,1,2
ULM,Pulmatrix Inc,Healthcare,Biotechnology,USA,5230000.0,,1.43,-3.38%,19471.0,0,0,0,0,0,0,0,0,0,0,0,0,0,0,0,0,0,0,0,0,0,0,0,0,0,1,0,0,1,0,1
ULS,PGIM Ultra Short Bond ETF,Financial,Exchange Traded Fund,USA,,,49.49,0.04%,3404011.0,0,1,0,-1,0,0,0,0,0,0,0,0,0,0,0,0,0,0,0,0,0,0,0,0,0,0,0,0,1,1,2
UMP,ProPetro Holding Corp,Energy,Oil & Gas Equipment & Services,USA,1170000000.0,,9.53,-0.63%,2934972.0,0,0,0,0,0,0,0,0,1,0,0,0,0,0,0,0,0,0,0,0,0,0,0,0,0,0,0,0,1,0,1
USH,PGIM Ultra Short Municipal Bond ETF,Financial,Exchange Traded Fund,USA,,,49.79,-0.06%,84441.0,0,1,0,0,0,0,0,0,0,0,0,0,0,0,0,0,0,0,0,-1,0,0,0,0,0,0,0,0,1,1,2
VEX,TrueShares ConVex Protect ETF,Financial,Exchange Traded Fund,USA,,,31.26,0.11%,3496.0,0,1,0,0,0,0,0,0,0,0,0,0,0,0,0,0,0,0,0,0,0,0,0,0,0,0,0,0,1,0,1
VH,PVH Corp,Consumer Cyclical,Apparel Manufacturing,USA,3610000000.0,,78.21,4.42%,825468.0,0,0,0,0,0,0,0,0,1,0,0,0,0,0,0,0,0,0,0,0,0,0,0,0,0,0,0,0,1,0,1
VI,Invesco Floating Rate Municipal Income ETF,Financial,Exchange Traded Fund,USA,,,24.9,-0.02%,2130.0,0,0,0,0,0,0,0,0,0,0,0,0,0,0,0,0,0,1,0,0,0,0,0,0,0,0,0,0,1,0,1
VL,Permianville Royalty Trust,Energy,Oil & Gas E&P,USA,60060000.0,10.4,1.82,1.68%,48366.0,0,0,0,0,0,0,0,0,0,0,0,0,-1,0,0,0,0,0,0,0,0,0,0,0,0,0,0,0,0,1,1
WCM,PowerCompute Inc,Financial,Capital Markets,USA,2560000.0,,1.06,10.42%,221865.0,0,1,0,0,0,0,0,0,0,0,0,0,0,0,0,0,0,0,0,0,0,0,0,0,0,0,0,0,1,0,1
WER,Nomura Energy Transition ETF,Financial,Exchange Traded Fund,USA,,,44.97,1.56%,514.0,0,0,0,0,0,0,0,0,0,0,1,0,0,0,0,0,0,0,0,0,0,0,0,0,-1,0,0,0,1,1,2
WRD,TCW Transform Systems ETF,Financial,Exchange Traded Fund,USA,,,109.71,1.31%,58144.0,0,0,0,0,0,0,0,0,1,0,0,0,0,0,0,0,0,0,0,0,0,0,0,0,0,0,0,0,1,0,1
WRZ,TrueShares Eagle Global Next Gen Power Infrastructure ETF,Financial,Exchange Traded Fund,USA,,,29.15,0.83%,67.0,0,0,0,0,0,0,0,0,1,0,0,0,0,0,0,0,0,0,0,0,0,0,0,0,0,0,0,0,1,0,1
XED,Phoenix Education Partners Inc,Consumer Defensive,Education & Training Services,USA,909830000.0,11.31,25.24,2.98%,108475.0,0,0,0,0,0,0,0,0,0,0,0,0,-1,0,0,0,0,0,0,0,0,0,0,0,0,0,0,0,0,1,1
XI,Invesco Dorsey Wright Energy Momentum ETF,Financial,Exchange Traded Fund,USA,,,64.4,0.25%,6897.0,0,1,0,0,0,0,0,0,0,0,0,0,0,0,0,0,0,0,0,0,0,0,0,0,0,0,0,0,1,0,1
XLW,Pixelworks Inc,Technology,Semiconductors,USA,40230000.0,,6.65,-2.49%,31155.0,0,0,0,0,0,0,0,0,0,0,1,1,0,0,0,0,0,0,0,0,0,0,0,0,0,0,0,0,2,0,2
YZ,Invesco Dorsey Wright Basic Materials Momentum ETF,Financial,Exchange Traded Fund,USA,,,116.83,0.30%,535.0,0,0,0,0,0,0,0,0,0,0,0,0,0,0,0,0,0,0,0,0,1,0,0,0,0,0,0,0,1,0,1
ZG,Paramount Gold Nevada Corp,Basic Materials,Gold,USA,102600000.0,,1.19,3.48%,256011.0,0,0,0,0,0,0,0,0,0,0,0,0,-1,0,0,0,0,0,0,0,0,0,0,0,0,0,0,0,0,1,1
ZZA,Papa John's International Inc,Consumer Cyclical,Restaurants,USA,644610000.0,24.58,19.58,0.20%,1162972.0,0,1,0,0,0,0,0,0,0,0,0,0,-1,-1,0,0,0,0,0,0,0,0,0,0,0,0,0,0,1,2,3
,Qnity Electronics Inc,Technology,Semiconductor Equipment & Materials,USA,27960000000.0,47.85,133.63,1.60%,1326484.0,0,1,0,0,0,1,0,0,1,1,0,0,0,0,0,0,0,0,0,0,0,0,0,0,0,0,0,0,4,0,4
AI,NYLIM Hedge Multi-Strategy Tracker ETF,Financial,Exchange Traded Fund,USA,,,36.33,0.11%,43563.0,0,0,0,0,0,0,0,0,0,0,1,0,0,0,0,0,0,0,0,0,0,0,-1,0,0,0,0,0,1,1,2
ARP,Xtrackers Russell 1000 US Quality at a Reasonable Price ETF,Financial,Exchange Traded Fund,USA,,,67.89,0.50%,3968.0,0,0,0,-1,0,0,0,0,0,0,0,0,0,0,0,0,0,0,0,0,0,0,0,0,0,0,0,0,0,1,1
BQF,AllianzIM Growth-100 Buffer15 ETF,Financial,Exchange Traded Fund,USA,,,26.19,0.15%,594.0,0,0,0,0,0,0,0,-1,0,0,0,0,0,0,0,0,0,0,0,0,0,0,0,0,0,0,0,0,0,1,1
BSV,AllianzIM U.S Equity Buffer5 ETF,Financial,Exchange Traded Fund,USA,,,27.44,0.27%,240.0,0,0,0,0,0,1,0,0,0,0,1,1,0,0,0,0,0,1,0,0,0,0,0,0,-1,0,0,0,4,1,5
BUF,Innovator Nasdaq-100 10 Buffer ETF Quarterly,Financial,Exchange Traded Fund,USA,,,31.16,0.21%,25326.0,0,0,0,-1,0,0,0,0,0,0,0,0,0,0,0,0,0,0,0,0,0,0,0,0,0,0,0,0,0,1,1
BUL,TrueShares Quarterly Bull Hedge ETF,Financial,Exchange Traded Fund,USA,,,24.14,0.14%,2686.0,0,0,0,0,0,0,0,0,0,0,0,0,-1,-1,0,0,0,0,0,0,0,0,0,0,0,0,0,0,0,2,2
CJL,FT Vest Nasdaq-100 Conservative Buffer ETF - July,Financial,Exchange Traded Fund,USA,,,26.37,0.32%,8735.0,0,0,0,0,0,0,0,-1,0,0,0,0,0,0,0,0,0,0,0,0,0,0,0,0,0,0,0,0,0,1,1
CLR,Global X NASDAQ 100 Collar 95-110 ETF,Financial,Exchange Traded Fund,USA,,,28.52,0.35%,1059.0,0,0,0,0,0,0,0,0,0,0,1,0,-1,0,0,0,0,0,0,0,0,0,0,0,0,0,0,0,1,1,2
CMD,Direxion Daily QCOM Bear 1X ETF,Financial,Exchange Traded Fund,USA,,,16.0,-0.17%,7989.0,0,0,0,0,0,0,0,0,1,0,0,0,0,0,0,0,0,0,0,0,0,0,0,0,0,0,0,0,1,0,1
CMU,Direxion Daily QCOM Bull 2X ETF,Financial,Exchange Traded Fund,USA,,,21.77,0.38%,117396.0,0,0,0,0,0,0,0,0,0,0,0,0,-1,0,0,0,0,0,0,0,0,0,0,1,0,0,0,0,1,1,2
DEL,QuidelOrtho Corp,Healthcare,Medical Devices,USA,862000000.0,,12.57,3.54%,3218734.0,0,0,0,0,0,0,0,0,0,0,0,0,-1,0,0,0,0,0,0,0,1,0,0,1,0,0,0,0,2,1,3
DVO,Amplify CWP Growth & Income ETF,Financial,Exchange Traded Fund,USA,,,30.53,0.63%,153990.0,0,0,0,0,0,0,0,-1,0,0,0,0,0,0,0,0,0,0,0,0,0,0,0,0,0,0,0,0,0,1,1
EMM,State Street SPDR MSCI Emerging Markets StrategicFactors ETF,Financial,Exchange Traded Fund,USA,,,81.84,-0.57%,10464.0,0,0,0,0,0,0,0,0,0,0,1,0,0,0,0,0,0,0,0,0,0,0,0,0,-1,0,0,0,1,1,2
ETA,Quetta Acquisition Corp,Financial,Shell Companies,USA,41300000.0,49.79,11.85,0.51%,16.0,0,0,0,0,0,1,0,0,0,0,0,0,0,0,0,0,0,0,0,0,0,0,0,0,0,0,0,0,1,0,1
FLR,Innovator Nasdaq-100 Managed Floor ETF,Financial,Exchange Traded Fund,USA,,,36.65,-0.08%,55568.0,0,0,0,-1,0,0,0,0,0,0,0,0,0,0,0,0,0,0,0,0,0,0,0,0,0,0,0,0,0,1,1
FRD,Pacer S&P 500 Quality FCF R&D Leaders,Financial,Exchange Traded Fund,USA,,,31.64,0.80%,9233.0,0,0,0,0,0,0,0,-1,0,0,0,0,0,0,0,0,0,0,0,0,0,0,0,0,0,0,0,0,0,1,1
GRW,WisdomTree U.S. Quality Growth Fund,Financial,Exchange Traded Fund,USA,,,70.83,0.97%,324661.0,0,0,0,0,0,0,0,0,0,0,1,1,0,0,0,0,0,0,0,0,0,0,0,0,0,0,0,0,2,0,2
ID,ProShares UltraShort QQQ -2x Shares,Financial,Exchange Traded Fund,USA,,,12.52,-0.95%,21992339.0,0,0,0,0,0,0,0,0,1,0,0,0,0,0,0,0,0,0,0,0,0,0,0,0,0,0,0,0,1,0,1
INT,American Century Quality Diversified International ETF,Financial,Exchange Traded Fund,USA,,,69.97,0.33%,14755.0,0,1,0,0,0,0,0,0,0,0,0,0,0,0,0,0,0,0,0,0,0,0,0,0,0,0,0,0,1,0,1
LEP,Quantum Leap Acquisition Corp,Financial,Shell Companies,USA,301290000.0,,10.05,0.00%,184.0,0,0,0,0,0,0,0,0,0,0,0,0,0,0,0,0,0,0,0,0,0,0,-1,0,0,0,0,0,0,1,1
LTI,GMO International Quality ETF,Financial,Exchange Traded Fund,USA,,,26.73,0.22%,5107.0,0,0,0,0,0,0,0,0,0,0,1,0,0,0,0,0,0,0,0,0,0,0,0,0,0,0,0,0,1,0,1
LVE,Northern Trust Emerging Markets Quality Low Volatility ETF,Financial,Exchange Traded Fund,USA,,,34.21,-0.66%,264.0,0,0,0,0,0,0,0,0,0,0,0,0,0,0,0,1,0,0,0,0,0,0,0,0,0,0,0,0,1,0,1
MID,WisdomTree U.S. MidCap Quality Growth Fund,Financial,Exchange Traded Fund,USA,,,29.27,0.17%,13.0,0,1,0,0,0,0,0,0,0,0,0,0,0,0,0,0,0,0,0,0,0,0,0,0,0,0,0,0,1,0,1
NC,Quantum eMotion Corp,Technology,Software - Infrastructure,Canada,357570000.0,,1.63,-0.61%,443885.0,0,0,0,0,0,0,0,0,1,0,0,0,0,0,0,0,0,0,0,0,0,0,0,0,0,0,0,0,1,0,1
NXT,iShares Nasdaq-100 ex Top 30 ETF,Financial,Exchange Traded Fund,USA,,,31.54,0.71%,2621.0,0,0,0,0,0,0,0,0,0,0,0,0,-1,0,0,0,0,0,0,0,0,0,0,0,0,0,-1,0,0,2,2
PX,AdvisorShares Q Dynamic Growth ETF,Financial,Exchange Traded Fund,USA,,,49.16,0.45%,189.0,0,0,0,0,0,0,0,0,0,0,1,1,0,0,0,0,0,0,0,0,0,0,-1,0,0,0,0,0,2,1,3
QHG,Invesco QQQ Hedged Advantage ETF,Financial,Exchange Traded Fund,USA,,,68.7,0.27%,106.0,0,1,0,0,0,0,0,0,0,0,0,0,0,0,0,0,0,0,0,0,0,0,0,0,0,0,0,0,1,0,1
QQ,Invesco QQQ Trust Series 1,Financial,Exchange Traded Fund,USA,,,759.66,0.46%,26513565.0,0,0,0,0,0,0,0,0,0,0,0,0,0,0,0,1,0,0,0,0,0,0,0,0,0,0,0,0,1,0,1
QQD,Direxion Daily Magnificent 7 Bear 1X ETF,Financial,Exchange Traded Fund,USA,,,11.48,-0.39%,9179.0,0,0,0,0,0,0,0,0,1,0,0,0,0,0,0,0,0,0,0,0,0,0,0,0,0,0,0,0,1,0,1
QQM,Invesco NASDAQ 100 ETF,Financial,Exchange Traded Fund,USA,,,312.76,0.44%,3258962.0,0,0,0,0,0,0,0,0,0,0,0,0,0,0,0,1,0,0,0,0,0,0,0,0,0,0,0,0,1,0,1
QQP,Tradr 2X Long Innovation 100 Quarterly ETF,Financial,Exchange Traded Fund,USA,,,243.79,1.01%,578.0,0,0,0,0,0,0,0,0,0,0,1,0,0,0,0,0,0,0,0,0,0,0,0,0,0,0,0,0,1,0,1
QQS,Invesco NASDAQ Future Gen 200 ETF,Financial,Exchange Traded Fund,USA,,,42.54,-1.59%,3210.0,0,0,0,0,0,0,0,-1,0,0,0,0,0,0,0,0,0,0,0,0,0,0,0,0,0,0,0,0,0,1,1
QQU,Direxion Daily Magnificent 7 Bull 2X ETF,Financial,Exchange Traded Fund,USA,,,65.65,1.05%,26814.0,0,0,0,0,0,0,0,0,0,0,1,0,0,0,0,0,0,0,0,0,0,0,0,0,0,0,0,0,1,0,1
QQX,Nuveen NASDAQ 100 Dynamic Overwrite Fund,Financial,Closed-End Fund - Equity,USA,1520000000.0,,30.96,1.54%,102715.0,0,0,0,0,0,0,0,0,0,0,0,0,0,0,0,1,0,0,0,0,0,0,0,0,0,0,0,0,1,0,1
QUP,ProShares Ultra QQQ Mega,Financial,Exchange Traded Fund,USA,,,68.2,1.58%,2485.0,0,0,0,0,0,0,0,-1,0,0,0,0,0,0,0,0,0,0,0,0,0,0,0,0,0,0,0,0,0,1,1
QWZ,Pacer Cash COWZ 100-Nasdaq 100 Rotator ETF,Financial,Exchange Traded Fund,USA,,,28.29,0.52%,14743.0,0,0,0,0,0,0,0,0,0,0,1,0,0,0,0,0,0,0,0,0,0,0,0,0,-1,0,0,0,1,1,2
RMI,Global X NASDAQ 100 Risk Managed Income ETF,Financial,Exchange Traded Fund,USA,,,15.3,0.10%,6272.0,0,0,0,0,0,0,0,0,0,0,0,0,-1,0,0,0,0,0,0,0,0,0,0,1,0,0,0,0,1,1,2
S,QuantumScape Corp,Consumer Cyclical,Auto Parts,USA,2880000000.0,,4.65,0.65%,13590302.0,0,0,0,0,0,0,0,0,1,0,0,0,0,0,0,0,0,0,0,0,0,0,0,0,0,0,0,0,1,0,1
SI,Quantum-Si Incorporated,Healthcare,Medical Devices,USA,267040000.00000003,,1.22,-4.69%,8703208.0,0,0,0,0,0,0,0,0,0,0,0,0,0,0,0,0,0,0,0,0,0,0,0,1,0,0,0,0,1,0,1
SIX,Pacer Metaurus Nasdaq 100 Dividend Multiplier 600 ETF,Financial,Exchange Traded Fund,USA,,,44.31,0.49%,191.0,0,0,0,0,0,0,0,0,0,0,0,0,0,0,0,1,0,0,0,0,0,0,0,0,0,0,0,0,1,0,1
SR,Restaurant Brands International Inc,Consumer Cyclical,Restaurants,USA,31920000000.0,20.76,70.24,0.53%,2289909.0,0,0,0,0,0,0,0,0,0,0,1,0,0,0,0,0,0,0,0,0,1,0,-1,0,0,0,0,0,2,1,3
TAC,Q3 All-Season Tactical Advantage ETF,Financial,Exchange Traded Fund,USA,,,26.4,0.67%,2812.0,0,0,0,0,0,0,0,0,1,0,0,0,0,0,0,0,0,0,0,0,0,0,0,0,0,0,0,0,1,0,1
TPI,North Square Tax-Adv Preferred Income,Financial,Exchange Traded Fund,USA,,,24.82,0.27%,8006.0,0,0,0,0,0,0,0,0,1,0,0,0,0,0,0,0,0,0,0,0,0,0,0,0,0,0,0,0,1,0,1
TRX,Quanterix Corp,Healthcare,Medical Devices,USA,162690000.0,,3.44,-9.71%,606574.0,0,0,0,0,0,0,0,0,0,0,0,0,-1,0,0,0,0,0,0,0,0,0,0,0,0,1,0,0,1,1,2
TUM,Defiance Quantum ETF,Financial,Exchange Traded Fund,USA,,,157.39,0.63%,291050.0,0,0,0,0,0,0,0,0,0,0,0,0,0,0,0,1,0,0,0,0,0,0,0,0,0,0,0,0,1,0,1
UAD,Quad/Graphics Inc,Industrials,Specialty Business Services,USA,483580000.0,14.98,9.39,-1.16%,156195.0,0,0,0,0,0,1,0,0,0,0,0,0,0,0,0,0,0,0,0,0,0,0,0,0,0,0,0,0,1,0,1
UBX,Tradr 2X Long QUBT Daily ETF,Financial,Exchange Traded Fund,USA,,,24.36,-1.97%,30230.0,0,0,0,0,0,0,0,0,0,0,0,0,-1,-1,0,0,0,0,0,0,0,0,0,0,0,0,0,0,0,2,2
USA,VistaShares Target 15 USA Quality Income ETF,Financial,Exchange Traded Fund,USA,,,17.93,-0.22%,15328.0,0,0,0,0,0,0,0,0,0,0,0,0,-1,0,0,0,0,0,0,0,0,0,0,0,0,0,0,0,0,1,1
VMM,Invesco S&P MidCap 400 QVM Multi-factor ETF,Financial,Exchange Traded Fund,USA,,,34.39,0.44%,348.0,0,0,0,0,0,0,0,0,0,0,0,0,0,0,0,0,0,0,0,0,0,0,-1,0,0,0,0,0,0,1,1
VOY,Q3 Active Rotation ETF,Financial,Exchange Traded Fund,USA,,,28.4,0.46%,10122.0,0,0,0,0,0,0,0,0,1,0,0,0,0,0,0,0,0,0,0,0,0,0,0,0,0,0,0,0,1,0,1
XL,Quantum X Labs Inc,Technology,Information Technology Services,Israel,88210000.0,,4.09,-1.68%,33669.0,0,1,0,0,0,1,0,0,0,0,0,0,-1,0,0,0,0,0,0,0,0,0,0,0,0,0,-1,0,2,2,4
XO,QXO Inc,Industrials,Industrial Distribution,USA,12560000000.0,,12.11,1.94%,23050025.0,0,0,0,0,0,1,0,0,0,0,0,0,0,0,0,0,0,0,0,0,0,0,0,0,0,0,0,0,1,0,1
XQ,SGI Enhanced Nasdaq-100 ETF,Financial,Exchange Traded Fund,USA,,,33.77,0.55%,5532.0,0,0,0,0,0,0,0,0,0,0,0,0,0,0,0,1,0,0,0,0,0,0,0,0,0,0,0,0,1,0,1
AA,SMI 3Fourteen REAL Asset Allocation ETF,Financial,Exchange Traded Fund,USA,,,30.35,0.42%,65315.0,0,0,0,0,0,0,0,0,0,0,1,0,0,0,0,0,0,0,0,0,0,0,-1,0,0,0,0,0,1,1,2
AAA,Reckoner Yield Enhanced AAA CLO ETF,Financial,Exchange Traded Fund,USA,,,25.06,0.10%,26373.0,0,0,0,0,0,0,0,0,0,0,0,0,0,0,0,1,0,0,0,0,0,0,0,0,0,0,0,0,1,0,1
AAX,VanEck Real Assets ETF,Financial,Exchange Traded Fund,USA,,,40.89,1.14%,342645.0,0,0,0,0,0,0,0,0,0,0,0,0,-1,0,0,0,0,0,0,0,0,0,0,0,0,0,0,0,0,1,1
ACD,Research Alliance Corp IV,Financial,Shell Companies,USA,106630000.0,,11.72,0.17%,54.0,0,0,0,0,0,0,0,0,1,0,0,0,0,0,0,0,0,0,0,0,0,0,0,0,0,0,0,0,1,0,1
AFE,Pimco Rafi ESG U.S. ETF,Financial,Exchange Traded Fund,USA,,,49.46,0.32%,6698.0,0,0,0,-1,0,0,0,0,0,0,0,0,0,0,0,0,0,0,0,0,0,0,0,0,0,0,0,0,0,1,1
AM,Roundhill T-REX 2X Long DRAM Daily Target ETF,Financial,Exchange Traded Fund,USA,,,13.25,-6.95%,8660178.0,0,1,0,0,0,0,0,0,0,0,1,1,0,0,0,0,0,0,0,0,1,0,0,0,0,0,0,0,4,0,4
AMZ,T-REX 2X Inverse DRAM Daily Target ETF,Financial,Exchange Traded Fund,USA,,,14.2,7.01%,452371.0,0,0,0,0,0,0,0,0,1,0,0,0,0,0,0,0,0,0,0,0,0,0,0,0,0,0,0,0,1,0,1
ANI,Rani Therapeutics Holdings Inc,Healthcare,Biotechnology,USA,115530000.0,,0.83,6.96%,961665.0,0,0,0,0,0,0,0,0,1,0,0,0,0,0,0,0,0,0,0,0,0,0,0,0,0,0,0,0,1,0,1
AVE,Rave Restaurant Group Inc,Consumer Cyclical,Restaurants,USA,32540000.0,11.35,2.29,0.00%,26793.0,0,0,0,0,0,0,0,0,0,0,1,0,0,0,0,0,0,0,0,0,0,0,0,0,0,0,0,0,1,0,1
AVI,Northern Trust Ultra-Short Fixed Income ETF,Financial,Exchange Traded Fund,USA,,,75.02,0.04%,202282.0,0,1,0,-1,0,1,0,0,0,0,0,0,0,0,0,0,0,0,0,0,0,0,0,0,0,0,0,0,2,1,3
BB,RBB Bancorp,Financial,Banks - Regional,USA,441510000.0,10.74,26.1,-0.46%,66580.0,0,0,0,0,0,0,0,0,0,0,0,0,-1,0,0,0,0,0,0,0,0,0,0,0,0,0,0,0,0,1,1
BIL,F/m Ultrashort Treasury Inflation-Protected Security (TIPS) ETF,Financial,Exchange Traded Fund,USA,,,49.99,0.04%,15644.0,0,0,0,0,0,0,0,0,1,1,0,0,0,0,0,0,0,0,0,0,0,0,0,0,0,0,-1,0,2,1,3
BKB,Rhinebeck Bancorp Inc,Financial,Banks - Regional,USA,206700000.0,20.55,13.22,-0.08%,68352.0,0,0,0,-1,0,0,0,0,0,0,0,0,0,0,0,0,0,0,0,0,0,0,0,0,0,0,0,0,0,1,1
BLD,First Trust Alerian U.S. NextGen Infrastructure ETF,Financial,Exchange Traded Fund,USA,,,85.9,1.58%,3170.0,0,1,0,0,0,0,0,0,0,0,0,0,0,0,0,0,0,0,0,0,0,0,0,0,-1,0,0,0,1,1,2
BLX,Roblox Corp,Communication Services,Electronic Gaming & Multimedia,USA,32549999999.999996,,45.56,2.20%,10817626.0,0,0,0,0,0,0,0,0,0,0,0,0,0,0,0,0,0,0,0,-1,0,0,0,0,0,0,0,0,0,1,1
C,Ready Capital Corp,Real Estate,REIT - Mortgage,USA,185010000.0,,1.12,1.82%,1412468.0,0,0,0,0,0,0,0,0,1,1,0,0,0,0,0,0,0,0,0,0,0,0,0,0,0,0,0,0,2,0,2
CAX,Defiance Daily Target 2x Long RCAT ETF,Financial,Exchange Traded Fund,USA,,,8.05,0.08%,61897.0,0,0,0,0,0,0,0,0,1,0,0,0,0,0,0,0,0,0,0,0,0,0,0,0,0,0,0,0,1,0,1
CS,PIMCO Strategic Income Fund Inc,Financial,Closed-End Fund - Debt,USA,239100000.0,,5.05,0.20%,171892.0,0,1,0,0,0,0,0,0,0,0,0,0,0,0,0,0,0,0,0,0,0,0,0,0,0,0,0,0,1,0,1
CTR,First Trust Bloomberg Nuclear Power ETF,Financial,Exchange Traded Fund,USA,,,33.34,2.98%,4116.0,0,0,0,0,0,0,0,0,1,0,0,0,0,0,0,0,0,0,0,0,0,0,0,0,0,0,0,0,1,0,1
DAC,Rising Dragon Acquisition Corp,Financial,Shell Companies,China,19130000.0,40.42,5.57,0.91%,8917.0,0,0,0,0,0,0,0,0,0,0,0,0,-1,-1,0,0,0,0,0,0,0,0,0,0,0,0,0,0,0,2,2
DCM,Radcom,Communication Services,Telecom Services,Israel,174250000.0,25.14,10.41,0.00%,45087.0,0,0,0,0,0,0,0,0,1,0,0,0,0,0,0,0,0,0,0,0,0,0,0,0,0,0,0,0,1,0,1
DDC,Corgi RDDT 2x Daily ETF,Financial,Exchange Traded Fund,USA,,,11.38,-1.83%,128.0,0,0,0,0,0,0,0,0,0,0,0,0,-1,0,0,0,0,0,0,0,0,0,0,0,0,0,0,0,0,1,1
DFI,Rareview Dynamic Fixed Income ETF,Financial,Exchange Traded Fund,USA,,,21.48,0.89%,16815.0,0,1,0,0,0,0,0,0,0,0,0,0,0,0,0,0,0,0,0,0,0,0,0,0,0,0,0,0,1,0,1
DNW,RideNow Group Inc,Consumer Cyclical,Auto & Truck Dealerships,USA,190370000.0,,4.88,-1.41%,73582.0,0,0,0,0,0,0,0,0,1,0,0,0,0,0,0,0,0,0,0,0,0,0,0,0,0,0,-1,0,1,1,2
DOG,ALPS REIT Dividend Dogs ETF,Financial,Exchange Traded Fund,USA,,,37.78,0.73%,1220.0,0,0,0,0,0,0,0,0,0,0,0,0,-1,0,0,0,0,0,0,0,1,0,-1,0,0,0,0,0,1,2,3
DTE,Roundhill Russell 2000 0DTE Covered Call Strategy ETF,Financial,Exchange Traded Fund,USA,,,26.49,-0.38%,114365.0,0,1,0,0,0,0,0,0,0,0,0,0,0,0,0,0,0,0,0,0,0,0,0,0,0,0,0,0,1,0,1
DTL,GraniteShares 2x Long RDDT Daily ETF,Financial,Exchange Traded Fund,USA,,,12.27,-2.15%,446934.0,0,0,0,0,0,0,0,0,0,0,0,0,-1,0,0,0,0,0,0,0,0,0,0,1,0,0,0,0,1,1,2
DTY,YieldMax R2000 0DTE Covered Strategy ETF,Financial,Exchange Traded Fund,USA,,,35.01,-0.70%,9455.0,0,1,0,0,0,0,0,0,0,0,0,0,0,0,0,0,0,0,0,0,0,0,0,0,0,0,0,0,1,0,1
DVT,Red Violet Inc,Technology,Software - Application,USA,1250000000.0,69.08,78.02,-2.34%,132264.0,0,0,0,0,0,0,0,-1,0,0,0,0,0,0,0,0,0,0,0,0,0,0,0,0,0,0,0,0,0,1,1
DW,Redwire Corp,Industrials,Aerospace & Defense,USA,2650000000.0,,10.62,1.82%,18911295.0,0,0,0,0,0,0,0,0,0,0,0,0,0,0,0,0,0,0,0,0,0,0,0,0,0,0,-1,0,0,1,1
DY,Dr. Reddy's Laboratories Ltd ADR,Healthcare,Drug Manufacturers - Specialty & Generic,India,10400000000.0,28.07,12.49,1.38%,3998614.0,0,0,0,0,0,0,0,0,1,0,0,0,0,0,0,0,0,0,0,0,0,0,0,1,0,0,0,0,2,0,2
DYY,YieldMax RDDT Option Income Strategy ETF,Financial,Exchange Traded Fund,USA,,,14.93,-0.95%,148625.0,0,1,0,0,0,0,0,0,1,1,0,0,0,0,0,0,0,0,0,0,0,0,0,0,0,0,0,0,3,0,3
DZN,Roadzen Inc,Technology,Software - Application,USA,103910000.0,,1.22,2.52%,387552.0,0,0,0,0,0,0,0,0,0,0,0,0,0,0,0,1,0,0,0,0,0,0,0,0,0,0,0,0,1,0,1
EAL,Therealreal Inc,Consumer Cyclical,Luxury Goods,USA,1140000000.0,,9.41,0.97%,2013729.0,0,0,0,0,0,0,0,0,0,0,0,0,-1,0,0,0,0,0,0,0,0,0,0,1,0,0,0,0,1,1,2
EAX,Real REMAX Group Inc,Real Estate,Real Estate Services,USA,612070000.0,,16.74,1.82%,347091.0,0,0,0,0,0,0,0,0,0,0,0,0,0,0,0,0,0,0,0,0,0,0,0,0,0,1,0,0,1,0,1
EFR,Research Frontiers Inc,Technology,Electronic Components,USA,24980000.0,,0.72,-1.61%,314585.0,0,0,0,0,0,0,0,0,0,0,0,0,0,0,0,0,0,0,0,0,0,0,0,0,0,1,0,0,1,0,1
EGS,Columbia Large Cap Growth ETF,Financial,Exchange Traded Fund,USA,,,11.9,0.98%,52068.0,0,0,0,0,0,0,0,0,0,0,1,0,0,0,0,0,0,0,0,0,0,0,0,0,0,0,0,0,1,0,1
ELL,Richardson Electronics Ltd,Technology,Electronic Components,USA,279290000.0,43.32,19.05,1.44%,217652.0,0,1,0,0,0,0,0,0,0,0,0,0,0,0,0,0,0,0,0,0,0,0,0,0,0,0,0,0,1,0,1
EM,iShares Mortgage Real Estate ETF,Financial,Exchange Traded Fund,USA,,,17.69,0.51%,1518208.0,0,0,0,0,0,0,0,0,0,0,0,0,0,0,0,1,0,0,0,0,0,0,0,0,0,0,0,0,1,0,1
EMX,VanEck Rare Earth/Strategic Metals ETF,Financial,Exchange Traded Fund,USA,,,63.79,0.39%,824900.0,0,0,0,0,0,0,0,0,1,0,0,0,0,0,0,0,0,0,0,0,0,0,0,0,0,0,0,0,1,0,1
ENT,Rent the Runway Inc,Consumer Cyclical,Apparel Retail,USA,55730000.0,0.13,1.65,6.45%,178101.0,0,0,0,0,0,0,0,0,1,0,0,0,0,0,0,0,0,0,0,0,0,0,0,0,0,0,0,0,1,0,1
ENX,RenX Enterprises Corp,Real Estate,Real Estate - Development,USA,5130000.0,,1.94,2.65%,213438.0,0,0,0,0,0,0,0,0,0,0,0,0,0,0,0,0,0,0,0,0,0,0,0,0,0,1,0,0,1,0,1
EPX,Riley Exploration Permian Inc,Energy,Oil & Gas E&P,USA,949730000.0,7.89,42.87,-0.14%,176383.0,0,0,0,-1,0,0,0,0,0,0,0,0,0,0,0,0,0,0,0,0,0,0,0,0,0,0,0,0,0,1,1
ES,RPC Inc,Energy,Oil & Gas Equipment & Services,USA,1340000000.0,60.28,6.04,-0.98%,1623733.0,0,0,0,0,0,0,0,0,1,0,0,0,0,0,0,0,0,0,0,0,0,0,0,0,0,0,0,0,1,0,1
EXC,Sprott Rare Earths Ex-China ETF,Financial,Exchange Traded Fund,USA,,,15.6,1.45%,245402.0,0,0,0,-1,0,0,0,0,0,0,0,0,0,0,0,1,0,0,0,0,0,0,0,0,0,0,0,0,1,1,2
FFC,ALPS Active Equity Opportunity ETF,Financial,Exchange Traded Fund,USA,,,77.5,0.21%,536.0,0,0,0,0,0,0,0,0,0,0,1,0,0,0,0,0,0,1,0,0,0,0,0,0,0,0,0,0,2,0,2
FG,Invesco S&P MidCap 400 Pure Growth ETF,Financial,Exchange Traded Fund,USA,,,61.01,0.82%,11150.0,0,0,0,0,0,0,0,0,0,0,0,0,0,0,0,0,0,0,0,0,1,0,-1,0,0,0,0,0,1,1,2
FIX,Simplify Bond Bull ETF,Financial,Exchange Traded Fund,USA,,,36.61,-0.76%,295353.0,0,0,0,0,0,0,0,0,0,0,0,0,-1,-1,0,0,0,0,0,0,0,0,0,0,0,0,0,0,0,2,2
FL,Rafael Holdings Inc,Real Estate,Real Estate Services,USA,77500000.0,,1.49,1.36%,133470.0,0,0,0,0,0,0,0,0,1,0,0,0,0,0,0,0,0,0,0,0,0,0,0,0,0,0,0,0,1,0,1
FLR,Innovator U.S. Small Cap Managed Floor ETF,Financial,Exchange Traded Fund,USA,,,31.67,-0.21%,11293.0,0,0,0,0,0,0,0,0,1,0,0,0,0,0,0,0,0,0,0,0,0,0,0,0,0,0,0,0,1,0,1
FV,Invesco S&P MidCap 400 Pure Value ETF,Financial,Exchange Traded Fund,USA,,,146.12,0.17%,90979.0,0,0,0,0,0,0,0,0,0,0,0,0,0,0,0,0,0,0,0,0,0,0,-1,0,0,0,0,0,0,1,1
GP,Resources Connection Inc,Industrials,Consulting Services,USA,128039999.99999999,,3.69,-1.34%,297036.0,0,1,0,-1,0,0,0,0,1,0,1,1,0,0,0,1,0,0,0,0,0,0,0,0,0,0,0,0,5,1,6
GR,"Sturm, Ruger & Co Inc",Industrials,Aerospace & Defense,USA,697450000.0,58.71,43.65,-1.71%,166717.0,0,0,0,0,0,0,0,0,1,1,0,0,0,0,0,0,0,0,0,0,0,0,0,0,0,0,0,0,2,0,2
GS,Regis Corp,Consumer Cyclical,Personal Services,USA,74370000.0,12.31,29.75,1.61%,3030.0,0,0,0,0,0,0,0,0,0,0,1,1,0,0,0,0,0,0,0,0,0,0,0,0,-1,0,0,0,2,1,3
GTI,Rigetti Computing Inc,Technology,Computer Hardware,USA,5060000000.0,,15.17,0.13%,14820272.0,0,0,0,0,0,0,0,0,0,0,0,0,-1,0,0,0,0,0,0,0,0,0,0,1,0,0,0,0,1,1,2
GTU,Tradr 2X Long RGTI Daily ETF,Financial,Exchange Traded Fund,USA,,,9.74,0.00%,73796.0,0,0,0,0,0,0,0,0,1,0,0,0,0,0,0,0,0,0,0,0,0,0,0,0,0,0,0,0,1,0,1
HP,Ryman Hospitality Properties Inc,Real Estate,REIT - Hotel & Motel,USA,8250000000.0,29.69,120.91,0.24%,333868.0,0,0,0,0,0,0,0,0,0,0,0,0,-1,0,0,0,0,0,0,0,1,0,0,0,0,0,0,0,1,1,2
HRX,Adaptive Tactical Rotation ETF,Financial,Exchange Traded Fund,USA,,,21.83,0.34%,9307.0,0,0,0,0,0,0,0,0,0,0,0,0,-1,0,0,0,0,0,0,0,0,0,0,0,0,0,0,0,0,1,1
HTX,RH Tactical Outlook ETF,Financial,Exchange Traded Fund,USA,,,20.07,0.43%,10.0,0,0,0,0,0,0,0,0,0,0,1,1,0,0,0,0,0,0,0,0,1,0,0,0,0,0,0,0,3,0,3
IGL,Rigel Pharmaceuticals,Healthcare,Biotechnology,USA,861330000.0,2.82,46.11,-3.52%,202598.0,0,0,0,0,0,0,0,0,0,0,1,0,0,0,0,0,0,0,0,0,0,0,0,0,0,0,0,0,1,0,1
INF,ProShares Inflation Expectations ETF,Financial,Exchange Traded Fund,USA,,,32.63,0.00%,338.0,0,0,0,0,0,0,0,0,0,0,1,0,0,0,0,0,0,0,0,0,0,0,-1,0,0,0,0,0,1,1,2
ISR,FolioBeyond Alternative Income and Interest Rate Hedge ETF,Financial,Exchange Traded Fund,USA,,,37.15,0.22%,171904.0,0,0,0,0,0,0,0,-1,0,0,0,0,0,0,0,0,0,0,0,0,0,0,0,0,0,0,0,0,0,1,1
ITM,Rithm Capital Corp,Real Estate,REIT - Mortgage,USA,4840000000.0,14.42,8.66,-0.92%,6227111.0,0,0,0,0,0,0,0,0,0,0,1,0,0,0,0,0,0,0,0,0,0,0,0,0,0,0,0,0,1,0,1
IV,RiverNorth Opportunities Fund Inc,Financial,Closed-End Fund - Equity,USA,284060000.0,,10.47,0.67%,60871.0,0,0,0,0,0,0,0,0,1,0,0,0,0,0,0,0,0,0,0,0,0,0,0,0,0,0,0,0,1,0,1
IVC,Corgi RIVN 2x Daily ETF,Financial,Exchange Traded Fund,USA,,,16.22,-0.92%,300.0,0,0,0,0,0,0,0,0,0,0,0,0,-1,0,0,0,0,0,0,0,0,0,0,0,0,0,0,0,0,1,1
IZE,Principal Inflation Protection ETF,Financial,Exchange Traded Fund,USA,,,24.34,0.08%,8.0,0,0,0,0,0,0,0,0,1,0,0,0,0,0,0,0,0,0,0,0,0,0,0,0,0,0,0,0,1,0,1
JET,Republic Airways Holdings Inc,Industrials,Airlines,USA,823550000.0,,17.59,3.11%,62613.0,0,1,0,0,0,1,0,0,0,0,0,0,-1,-1,0,0,0,0,0,0,0,0,0,0,0,0,0,0,2,2,4
JMI,RJ Eagle Municipal Income ETF,Financial,Exchange Traded Fund,USA,,,23.99,-0.12%,17113.0,0,0,0,0,0,0,0,0,1,0,0,0,0,0,0,0,0,0,0,0,0,0,0,0,0,0,0,0,1,0,1
KT,Rocket Companies Inc,Financial,Mortgage Finance,USA,32820000000.0,77.11,11.59,-0.77%,34563543.0,0,0,0,0,0,0,0,0,0,0,0,0,-1,-1,0,0,0,0,0,0,0,0,0,0,0,0,0,0,0,2,2
KX,Corgi RKLB 2x Daily ETF,Financial,Exchange Traded Fund,USA,,,12.37,5.67%,31648.0,0,0,0,0,0,0,0,0,0,0,0,0,-1,0,0,0,0,0,0,0,0,0,0,0,0,0,0,0,0,1,1
LAY,Relay Therapeutics Inc,Healthcare,Biotechnology,USA,4110000000.0000005,,18.74,-3.35%,3879840.0,0,0,0,0,0,0,0,0,0,0,0,0,0,0,0,0,0,0,0,0,0,0,-1,0,0,0,0,0,0,1,1
LX,RLX Technology Inc ADR,Consumer Defensive,Tobacco,China,1550000000.0,15.51,1.7,-1.16%,1054751.0,0,0,0,-1,0,0,0,0,1,0,0,0,0,0,0,0,0,0,0,0,0,0,0,0,0,0,0,0,1,1,2
MBI,Richmond Mutual Bancorporation Inc,Financial,Banks - Regional,USA,256079999.99999997,12.55,15.28,-0.26%,41465.0,0,1,0,0,0,0,0,0,0,0,0,0,0,0,0,0,0,0,0,0,0,0,0,0,0,0,0,0,1,0,1
MBS,Rambus Inc,Technology,Semiconductors,USA,12370000000.0,52.22,114.09,3.44%,1614627.0,0,0,0,0,0,0,0,0,0,0,0,0,0,0,0,0,0,0,0,0,0,0,0,0,0,1,0,0,1,0,1
MI,RiverNorth Opportunistic Municipal Income Fund Inc,Financial,Closed-End Fund - Debt,USA,87850000.0,7.63,13.77,-0.29%,18183.0,0,1,0,0,0,0,0,0,0,0,0,0,0,0,0,0,0,0,0,0,0,0,0,0,0,0,0,0,1,0,1
MME,Rareview Government Money Market ETF,Financial,Exchange Traded Fund,USA,,,100.11,0.01%,10009.0,0,1,0,0,0,1,0,0,0,0,0,0,-1,-1,0,0,0,0,0,0,0,0,0,0,0,0,0,0,2,2,4
NAC,Cartesian Therapeutics Inc,Healthcare,Biotechnology,USA,204220000.0,,6.75,-5.46%,171212.0,0,0,0,0,0,0,0,0,0,0,0,0,0,0,0,0,0,0,0,0,0,0,-1,0,0,0,0,0,0,1,1
ND,First Trust Bloomberg R&D Leaders ETF,Financial,Exchange Traded Fund,USA,,,34.31,0.87%,3197.0,0,0,0,0,0,0,0,-1,0,0,0,0,0,0,0,0,0,0,0,0,0,0,0,0,0,0,0,0,0,1,1
NR,RenaissanceRe Holdings Ltd,Financial,Insurance - Reinsurance,Bermuda,13480000000.0,5.57,324.42,0.32%,413339.0,0,0,0,0,0,0,0,-1,0,0,0,0,0,0,0,0,0,0,0,0,0,0,0,0,0,0,0,0,0,1,1
NTX,Rein Therapeutics Inc,Healthcare,Biotechnology,USA,71170000.0,,0.82,0.00%,185634.0,0,0,0,0,0,0,0,0,1,0,0,0,0,0,0,0,0,0,0,0,0,0,0,0,0,0,0,0,1,0,1
NXT,RenovoRx Inc,Healthcare,Biotechnology,USA,62730000.0,,1.39,-5.44%,621682.0,0,1,0,0,0,0,0,0,0,0,0,0,0,0,0,0,0,0,0,0,0,0,0,0,0,0,0,0,1,0,1
OAD,Construction Partners Inc,Industrials,Engineering & Construction,USA,5330000000.0,36.94,93.89,3.75%,644790.0,0,0,0,0,0,0,0,0,1,0,0,0,0,0,0,0,0,0,0,0,0,0,0,0,0,0,0,0,1,0,1
OBT,First Trust Nasdaq Artificial Intelligence and Robotics ETF,Financial,Exchange Traded Fund,USA,,,60.89,-0.28%,48690.0,0,0,0,0,0,0,0,0,0,0,1,1,0,0,0,0,0,0,0,0,0,0,0,0,0,0,0,0,2,0,2
OCY,JPMorgan Equity Premium Yield ETF,Financial,Exchange Traded Fund,USA,,,55.61,0.25%,150591.0,0,0,0,0,0,1,0,0,0,0,0,0,0,0,0,0,0,0,0,0,0,0,0,0,0,0,0,0,1,0,1
ODM,Hartford Multifactor Developed Markets (ex-US) ETF,Financial,Exchange Traded Fund,USA,,,40.89,0.20%,79788.0,0,0,0,0,0,0,0,-1,0,0,0,0,0,0,0,0,0,0,0,0,0,0,0,0,0,0,0,0,0,1,1
OL,Rollins Inc,Consumer Cyclical,Personal Services,USA,14600000000.0,27.55,30.35,2.22%,7654216.0,0,0,0,0,0,0,0,0,0,0,0,0,0,0,0,0,0,0,0,-1,0,0,0,0,0,0,0,0,0,1,1
OMA,Roma Green Finance Ltd,Industrials,Consulting Services,Hong Kong,520600000.0,,8.74,-0.68%,2893.0,0,0,0,0,0,0,0,0,0,0,1,0,0,0,0,0,0,0,0,0,0,0,0,0,-1,0,0,0,1,1,2
ONB,Baron First Principles ETF,Financial,Exchange Traded Fund,USA,,,25.28,1.04%,203357.0,0,0,0,0,0,0,0,0,1,0,0,0,0,0,0,0,0,0,0,0,0,0,0,0,0,0,0,0,1,0,1
PAR,RPAR Risk Parity ETF,Financial,Exchange Traded Fund,USA,,,21.26,0.41%,4470.0,0,0,0,0,0,0,0,0,0,0,0,0,-1,-1,0,0,0,0,0,0,0,0,0,0,0,0,0,0,0,2,2
PAY,Repay Holdings Corp,Technology,Software - Infrastructure,USA,337750000.0,,3.83,-1.79%,168111.0,0,1,0,0,0,0,0,0,0,0,0,0,-1,0,0,0,0,0,0,0,0,0,0,0,0,0,0,0,1,1,2
PG,Invesco S&P 500 Pure Growth ETF,Financial,Exchange Traded Fund,USA,,,60.43,1.00%,124419.0,0,0,0,0,0,0,0,0,0,0,0,0,0,0,0,1,0,0,0,0,0,0,0,0,0,0,0,0,1,0,1
PRX,Royalty Pharma plc,Healthcare,Biotechnology,USA,32460000000.0,30.05,56.44,-0.39%,2434244.0,0,0,0,0,0,1,0,0,0,0,0,0,0,0,0,0,0,1,0,0,0,0,0,0,0,0,0,0,2,0,2
PT,Rithm Property Trust Inc,Real Estate,REIT - Mortgage,USA,84330000.0,,10.85,-0.91%,6406.0,0,0,0,0,0,0,0,0,0,0,0,0,0,0,0,0,0,0,0,-1,0,0,0,0,0,0,0,0,0,1,1
RBI,Red River Bancshares Inc,Financial,Banks - Regional,USA,677440000.0,14.82,102.89,-0.08%,58413.0,0,0,0,0,0,0,0,-1,0,0,0,0,0,0,0,0,0,0,0,0,0,0,0,0,0,0,0,0,0,1,1
RC,Range Resources Corp,Energy,Oil & Gas E&P,USA,9350000000.0,11.04,40.02,3.49%,2917607.0,0,0,0,0,0,0,0,0,0,0,0,0,0,0,0,1,0,0,0,0,0,0,0,0,0,0,0,0,1,0,1
SBT,Return Stacked Bonds & Managed Futures ETF,Financial,Exchange Traded Fund,USA,,,19.53,0.26%,20592.0,0,1,0,0,0,0,0,0,0,0,0,0,0,0,0,0,0,0,0,0,1,1,0,0,0,0,0,0,3,0,3
SBY,Return Stacked Bonds & Futures Yield ETF,Financial,Exchange Traded Fund,USA,,,18.03,0.70%,8171.0,0,0,0,-1,0,0,0,0,0,0,0,0,0,0,0,0,0,0,0,0,0,0,0,0,0,0,0,0,0,1,1
SEE,Rareview Systematic Equity ETF,Financial,Exchange Traded Fund,USA,,,39.77,0.45%,6157.0,0,1,0,0,0,0,0,0,0,0,0,0,0,0,0,0,0,0,0,0,0,0,0,0,0,0,0,0,1,0,1
SF,RiverNorth Capital and Income Fund,Financial,Asset Management,USA,49480000.0,10.51,14.3,-0.05%,7032.0,0,0,0,0,0,0,0,0,0,0,0,0,-1,0,0,0,0,0,0,0,0,0,0,0,0,0,0,0,0,1,1
SMV,Relative Strength Managed Volatility Strategy ETF,Financial,Exchange Traded Fund,USA,,,29.06,1.05%,413.0,0,0,0,0,0,0,0,0,0,0,0,0,0,0,0,0,0,0,0,0,0,0,-1,0,0,0,0,0,0,1,1
SPC,Invesco S&P 500 Equal Weight Communication Services ETF,Financial,Exchange Traded Fund,USA,,,35.02,-0.25%,6712.0,0,0,0,0,0,1,0,0,0,0,0,0,0,0,0,0,0,0,0,0,0,0,0,0,0,0,0,0,1,0,1
SPM,Invesco S&P 500 Equal Weight Materials ETF,Financial,Exchange Traded Fund,USA,,,37.74,0.24%,9439.0,0,0,0,0,0,0,0,0,0,0,1,0,0,0,0,0,0,0,0,0,0,0,0,0,0,0,0,0,1,0,1
SSB,Return Stacked Global Stocks & Bonds ETF,Financial,Exchange Traded Fund,USA,,,30.22,0.83%,49318.0,0,0,0,-1,0,0,0,0,0,0,0,0,0,0,0,0,0,0,0,0,0,0,0,0,0,0,0,0,0,1,1
SSS,Research Solutions Inc,Technology,Software - Application,USA,68870000.0,23.53,2.04,-2.39%,26150.0,0,0,0,0,0,0,0,0,1,1,0,0,0,0,0,0,0,0,0,0,0,0,0,0,0,0,0,0,2,0,2
SVR,Reservoir Media Inc,Communication Services,Entertainment,USA,630960000.0,72.55,9.57,0.21%,18721.0,0,0,0,0,0,0,0,0,0,0,0,0,0,0,0,0,0,0,0,0,0,0,-1,0,0,0,0,0,0,1,1
TB,RTB Digital Inc,Technology,Software - Application,USA,122290000.0,,8.73,-1.80%,28001.0,0,0,0,0,0,0,0,0,1,0,0,0,0,0,0,0,0,0,0,0,0,0,-1,0,0,0,0,0,1,1,2
ULE,Adaptive Core ETF,Financial,Exchange Traded Fund,USA,,,31.22,0.09%,1076.0,0,0,0,0,0,0,0,0,1,0,0,0,0,0,0,0,0,0,0,0,0,0,0,0,0,0,0,0,1,0,1
UN,Sunrun Inc,Technology,Solar,USA,1870000000.0,5.22,7.77,2.10%,5916085.0,0,0,0,0,0,0,0,0,1,0,0,0,0,0,0,0,0,0,0,0,0,0,0,0,0,0,0,0,1,0,1
UNN,Running Oak Efficient Growth ETF,Financial,Exchange Traded Fund,USA,,,33.05,0.19%,119944.0,0,0,0,0,0,0,0,0,0,0,0,0,0,0,0,0,0,0,0,0,0,0,0,1,0,0,0,0,1,0,1
VNL,GraniteShares 2x Long RIVN Daily ETF,Financial,Exchange Traded Fund,USA,,,19.8,-1.08%,90879.0,0,1,0,0,0,0,0,0,1,0,0,0,0,0,0,0,0,0,0,0,0,0,0,0,0,0,0,0,2,0,2
VP,Retractable Technologies Inc,Healthcare,Medical Instruments & Supplies,USA,20680000.0,,0.69,-0.62%,36913.0,0,1,0,-1,0,0,0,0,0,0,0,0,0,0,0,0,0,1,0,0,0,0,0,0,0,0,0,0,2,1,3
VSB,Riverview Bancorp Inc,Financial,Banks - Regional,USA,116930000.0,,5.86,-2.17%,215536.0,0,1,0,0,0,1,0,0,0,0,0,0,0,0,0,0,0,0,0,0,0,0,0,0,0,0,0,0,2,0,2
VSN,Rail Vision Ltd,Industrials,Railroads,Israel,7810000.0,,3.56,-3.23%,25347.0,0,0,0,0,0,0,0,0,0,0,0,0,-1,0,0,0,0,0,0,0,0,0,0,0,0,0,0,0,0,1,1
VT,Royce Small Cap Trust Inc,Financial,Closed-End Fund - Equity,USA,2130000000.0,,17.17,-0.29%,198352.0,0,0,0,0,0,0,0,-1,0,0,0,0,0,0,0,0,0,0,0,0,0,0,0,0,0,0,0,0,0,1,1
WEM,Rayliant NxtGen Multifactor Emerging Markets Equity ETF,Financial,Exchange Traded Fund,USA,,,36.11,-1.34%,9700.0,0,1,0,0,0,1,0,0,0,0,0,0,-1,0,0,1,0,0,0,0,0,0,0,0,0,0,0,0,3,1,4
WL,Invesco S&P 500 Revenue ETF,Financial,Exchange Traded Fund,USA,,,131.35,0.57%,263578.0,0,0,0,0,0,0,0,0,0,0,0,0,0,0,0,0,0,0,0,0,0,0,-1,0,0,0,0,0,0,1,1
WLC,Rayliant NxtGen Multifactor US Equity ETF,Financial,Exchange Traded Fund,USA,,,39.37,0.38%,7655.0,0,1,0,0,0,0,0,0,0,0,0,0,0,0,0,0,0,0,0,0,0,0,-1,0,0,0,0,0,1,1,2
WT,Redwood Trust Inc,Real Estate,REIT - Mortgage,USA,432110000.0,,3.44,0.00%,3180220.0,0,0,0,0,0,0,0,0,0,0,0,0,0,0,0,0,0,0,0,-1,0,0,0,0,0,0,0,0,0,1,1
XD,ProShares UltraShort Health Care -2x Shares,Financial,Exchange Traded Fund,USA,,,15.18,0.44%,17364.0,0,0,0,0,0,0,0,0,1,0,0,0,0,0,0,0,0,0,0,0,0,0,0,0,0,0,0,0,1,0,1
XI,iShares Global Consumer Discretionary ETF,Financial,Exchange Traded Fund,USA,,,187.87,0.86%,29399.0,0,0,0,0,0,0,0,0,0,0,1,0,0,0,0,0,0,0,0,0,0,0,0,0,0,0,0,0,1,0,1
XRX,Recursion Pharmaceuticals Inc,Healthcare,Biotechnology,USA,2480000000.0,,4.63,-3.14%,71105964.0,0,1,0,0,0,0,0,0,0,0,0,0,0,0,0,0,0,1,0,0,0,0,0,0,0,0,0,0,2,0,2
XT,Rackspace Technology Inc,Technology,Software - Infrastructure,USA,1020000000.0,,4.02,3.08%,6063369.0,0,0,0,0,0,0,0,0,1,0,0,0,0,0,0,0,0,0,0,0,0,0,0,0,0,0,0,0,1,0,1
YAAY,Ryanair Holdings Plc ADR,Industrials,Airlines,Ireland,28930000000.0,13.52,55.87,2.13%,1294777.0,0,0,0,0,0,0,0,0,0,0,0,0,0,0,0,0,0,0,0,0,0,0,0,1,0,0,0,0,1,0,1
YAM,Rayonier Advanced Materials Inc,Basic Materials,Chemicals,USA,459300000.0,,6.79,-2.16%,929623.0,0,0,0,0,0,0,0,0,0,0,0,0,-1,0,0,0,0,0,0,0,0,0,0,0,0,0,0,0,0,1,1
YDE,Ryde Group Ltd,Technology,Software - Application,Singapore,113190000.0,,0.68,-4.09%,13050.0,0,0,0,0,0,0,0,0,0,0,0,0,0,0,0,1,0,0,0,0,0,0,0,0,0,0,0,0,1,0,1
YET,Ruanyun Edai Technology Inc,Consumer Defensive,Education & Training Services,China,36380000.0,,0.98,11.00%,129520.0,0,0,0,0,0,0,0,0,0,0,0,0,0,0,0,0,0,0,0,-1,0,0,0,0,0,0,0,0,0,1,1
YOJ,rYojbaba Co Ltd,Industrials,Consulting Services,Japan,31760000.0,27500.0,2.75,-1.79%,19004.0,0,0,0,0,0,0,0,-1,0,0,0,0,0,0,0,0,0,0,0,0,0,0,0,0,0,1,0,0,1,1,2
ZLT,Rezolute Inc,Healthcare,Biotechnology,USA,417840000.0,,4.32,-0.23%,2191788.0,0,0,0,0,0,0,0,0,1,0,0,0,0,0,0,0,0,0,0,0,0,0,0,0,0,0,0,0,1,0,1
ZLV,Rezolve AI Plc,Technology,Software - Infrastructure,United Kingdom,896270000.0,,2.15,-3.59%,19864157.0,0,1,0,0,0,0,0,0,0,0,0,0,0,0,0,0,0,0,0,0,1,1,0,0,0,0,0,0,3,0,3
,SentinelOne Inc,Technology,Software - Infrastructure,USA,8980000000.0,,25.8,1.45%,9229570.0,0,0,0,0,0,0,0,0,0,0,1,0,0,0,0,0,0,1,0,0,0,0,0,0,0,0,0,0,2,0,2
AAQ,Space Asset Acquisition Corp,Financial,Shell Companies,USA,475310000.0,176.16,10.04,0.01%,633.0,0,0,0,0,0,0,0,0,1,0,0,0,0,0,0,0,0,0,0,0,0,0,0,0,0,0,0,0,1,0,1
ABS,SAB Biotherapeutics Inc,Healthcare,Biotechnology,USA,266589999.99999997,,2.93,-5.48%,663650.0,0,0,0,0,0,0,0,0,0,0,0,0,-1,0,0,0,0,0,0,0,0,0,0,0,0,0,0,0,0,1,1
AFX,XCF Global Inc,Utilities,Utilities - Renewable,USA,125630000.0,,0.3,0.70%,5283082.0,0,0,0,0,0,0,0,0,0,0,0,0,-1,0,0,0,0,0,0,0,0,0,0,0,0,0,0,0,0,1,1
AM,Boston Beer Co Inc,Consumer Defensive,Beverages - Brewers,USA,1750000000.0,,170.37,1.60%,210538.0,0,0,0,0,0,0,0,0,1,0,0,0,-1,0,0,0,0,0,0,0,1,0,0,1,0,0,0,0,3,1,4
AMG,Silvercrest Asset Management Group Inc,Financial,Asset Management,USA,123930000.0,93.98,10.46,-0.57%,50062.0,0,0,0,0,0,0,0,0,1,0,0,0,0,0,0,0,0,0,0,0,0,0,0,0,0,0,0,0,1,0,1
AMM,Strategas Macro Momentum ETF,Financial,Exchange Traded Fund,USA,,,36.41,-0.15%,72597.0,0,0,0,0,0,0,0,0,0,0,1,0,0,0,0,0,0,0,0,0,0,0,0,0,0,0,0,0,1,0,1
AMT,Strategas Macro Thematic Opportunities ETF,Financial,Exchange Traded Fund,USA,,,42.84,0.76%,254125.0,0,0,0,0,0,0,0,0,1,0,0,0,0,0,0,0,0,0,0,0,0,0,0,0,0,0,0,0,1,0,1
AN,Banco Santander SA ADR,Financial,Banks - Diversified,Spain,203780000000.0,11.04,14.01,0.79%,10238805.0,0,1,0,-1,0,0,0,0,0,0,0,0,0,0,0,0,0,0,0,0,0,0,0,0,0,0,0,0,1,1,2
ANA,Sana Biotechnology Inc,Healthcare,Biotechnology,USA,823240000.0,,2.75,-4.51%,3759384.0,0,0,0,0,0,0,0,0,0,0,0,0,0,0,0,0,0,0,0,0,0,0,0,1,0,0,0,0,1,0,1
ANG,Sangoma Technologies Corp,Technology,Software - Infrastructure,Canada,161700000.0,,4.85,0.21%,79569.0,0,0,0,0,0,0,0,0,0,0,0,0,-1,0,0,0,0,0,0,0,0,0,0,1,0,0,0,0,1,1,2
AR,Saratoga Investment Corp,Financial,Asset Management,USA,254240000.0,15.8,15.81,-4.82%,373271.0,0,0,0,0,0,0,0,0,1,0,0,0,0,0,0,0,0,0,0,0,0,0,0,0,0,0,0,0,1,0,1
ARK,Tradr 1X Short Innovation Daily ETF,Financial,Exchange Traded Fund,USA,,,23.34,2.64%,152001.0,0,0,0,0,0,1,0,0,0,0,0,0,0,0,0,0,0,0,0,0,0,0,0,0,0,0,0,0,1,0,1
AWG,AAM Sawgrass US Large Cap Quality Growth ETF,Financial,Exchange Traded Fund,USA,,,25.16,0.61%,219.0,0,0,0,0,0,0,0,0,0,0,1,0,0,0,0,0,0,0,0,0,0,0,0,0,0,0,0,0,1,0,1
BAR,Simplify Barrier Income ETF,Financial,Exchange Traded Fund,USA,,,25.43,-0.08%,139426.0,0,1,0,0,0,0,0,0,0,0,0,0,0,0,0,0,0,0,0,0,0,0,0,0,0,0,0,0,1,0,1
BIL,Simplify Government Money Market ETF,Financial,Exchange Traded Fund,USA,,,100.12,-0.02%,323810.0,0,1,0,-1,0,1,0,0,0,0,0,0,0,0,0,0,0,0,0,0,1,1,0,0,0,0,0,0,4,1,5
BR,Sabine Royalty Trust,Energy,Oil & Gas Midstream,USA,1050000000.0,14.77,72.35,1.36%,25629.0,0,0,0,0,0,0,0,0,1,0,0,0,0,0,0,0,0,0,0,0,0,0,0,0,0,0,0,0,1,0,1
BS,Companhia de Saneamento Basico do Estado de Sao Paulo ADR,Utilities,Utilities - Regulated Water,Brazil,22480000000.0,14.8,6.41,2.40%,12478808.0,0,0,0,0,0,0,0,0,1,0,0,0,0,0,0,0,0,0,0,0,0,0,0,0,0,0,0,0,1,0,1
BUX,Starbucks Corp,Consumer Cyclical,Restaurants,USA,109570000000.0,55.42,96.11,1.78%,6263763.0,0,0,0,0,0,0,0,0,0,0,0,0,0,0,0,0,0,0,0,0,0,0,0,0,-1,0,0,0,0,1,1
BXD,SilverBox Corp IV,Financial,Shell Companies,USA,73150000.0,54.16,11.39,0.00%,0.0,0,0,0,0,0,1,0,0,0,0,0,0,0,0,0,0,0,0,0,0,0,0,0,0,0,0,0,0,1,0,1
CAG,Scage Future ADR,Industrials,Farm & Heavy Construction Machinery,China,16410000.0,,0.23,1.57%,19398.0,0,0,0,0,0,0,0,0,1,0,0,0,0,0,0,0,0,0,0,0,0,0,0,0,0,0,0,0,1,0,1
CAP,Infrastructure Capital Small Cap Income ETF,Financial,Exchange Traded Fund,USA,,,36.52,0.76%,1376.0,0,0,0,0,0,0,0,0,0,0,1,0,0,0,0,0,0,0,0,0,0,0,-1,0,0,0,0,0,1,1,2
CC,ProShares UltraShort Consumer Discretionary,Financial,Exchange Traded Fund,USA,,,15.77,-2.43%,27248.0,0,0,0,0,0,0,0,0,0,0,0,0,0,0,0,1,0,0,0,0,0,0,0,0,0,0,0,0,1,0,1
CEP,Sterling Capital Hedged Equity Premium Income ETF,Financial,Exchange Traded Fund,USA,,,25.18,0.56%,13957.0,0,0,0,0,0,0,0,0,0,0,0,0,-1,0,0,0,0,0,0,0,0,0,0,0,0,0,0,0,0,1,1
CHB,Schwab U.S. Broad Market ETF,Financial,Exchange Traded Fund,USA,,,29.97,0.54%,7369585.0,0,1,0,0,0,0,0,0,0,0,1,0,0,0,0,0,0,0,0,0,0,0,-1,0,0,0,0,0,2,1,3
CHK,Schwab 1000 Index ETF,Financial,Exchange Traded Fund,USA,,,37.49,0.51%,1333309.0,0,0,0,0,0,0,0,0,0,0,1,0,0,0,0,0,0,0,0,0,0,0,-1,0,0,0,0,0,1,1,2
CHM,Schwab U.S. Mid-Cap ETF,Financial,Exchange Traded Fund,USA,,,34.88,0.32%,3150724.0,0,0,0,0,0,0,0,0,0,0,0,0,0,0,0,0,0,0,0,0,0,0,-1,0,0,0,0,0,0,1,1
CHP,Schwab U.S. Tips ETF,Financial,Exchange Traded Fund,USA,,,25.12,0.16%,4494009.0,0,0,0,0,0,0,0,0,1,0,0,0,0,0,0,0,0,0,0,0,0,0,0,0,0,0,0,0,1,0,1
CHQ,Schwab US Long-Term U.S. Treasury ETF,Financial,Exchange Traded Fund,USA,,,28.26,0.18%,628311.0,0,0,0,0,0,0,0,0,1,1,0,0,0,0,0,0,0,0,0,0,0,0,0,0,0,0,0,0,2,0,2
CHX,Schwab U.S. Large-Cap ETF,Financial,Exchange Traded Fund,USA,,,30.7,0.52%,7542291.0,0,0,0,0,0,0,0,0,0,0,0,0,0,0,0,0,0,1,0,0,0,0,0,0,0,0,0,0,1,0,1
CIO,First Trust Structured Credit Income Opportunities ETF,Financial,Exchange Traded Fund,USA,,,19.91,-0.05%,216825.0,0,0,0,0,0,0,0,0,1,1,0,0,0,0,0,0,0,0,0,0,0,0,0,0,0,0,0,0,2,0,2
CJ,iShares MSCI Japan Small-Cap ETF,Financial,Exchange Traded Fund,USA,,,110.89,0.22%,90640.0,0,0,0,0,0,0,0,-1,0,0,0,0,0,0,0,0,0,0,0,0,0,0,0,0,0,0,0,0,0,1,1
CLZ,Swan Enhanced Dividend Income ETF,Financial,Exchange Traded Fund,USA,,,57.7,0.54%,516.0,0,0,0,-1,0,0,0,-1,0,0,0,0,0,0,0,0,0,0,0,0,0,0,0,0,0,0,0,0,0,2,2
CM,Stellus Capital Investment Corp,Financial,Asset Management,USA,207910000.0,7.06,7.3,-0.68%,95264.0,0,1,0,0,0,0,0,0,0,0,0,0,0,0,0,0,0,0,0,0,0,0,0,0,0,0,0,0,1,0,1
CNI,Scinai Immunotherapeutics Ltd ADR,Healthcare,Biotechnology,Israel,870000.0,,1.22,-3.17%,44298.0,0,0,0,0,0,0,0,0,1,1,0,0,0,0,0,0,0,0,0,0,0,0,0,0,0,0,0,0,2,0,2
CO,ProShares UltraShort Bloomberg Crude Oil -2x Shares,Financial,Exchange Traded Fund,USA,,,19.47,-0.56%,3834248.0,0,0,0,0,0,0,0,0,0,0,0,0,0,0,0,0,0,0,0,0,1,0,0,0,0,0,0,0,1,0,1
COP,Sprott Physical Copper Trust,Financial,Exchange Traded Fund,USA,,,12.04,-0.08%,37710.0,0,0,0,0,0,0,0,0,0,0,0,0,0,0,0,1,0,0,0,0,0,0,0,0,0,0,0,0,1,0,1
CWO,374Water Inc,Industrials,Pollution & Treatment Controls,USA,48820000.0,,2.77,-6.10%,36001.0,0,0,0,0,0,0,0,0,0,0,0,0,0,0,0,0,0,0,0,0,1,0,0,0,0,0,0,0,1,0,1
CYB,Schwab High Yield Bond ETF,Financial,Exchange Traded Fund,USA,,,25.21,0.48%,949490.0,0,0,0,-1,0,0,0,0,0,0,0,0,0,0,0,0,0,0,0,0,0,0,0,0,0,0,0,0,0,1,1
D,Sandridge Energy Inc,Energy,Oil & Gas E&P,USA,510150000.0,6.13,13.76,0.29%,241670.0,0,0,0,0,0,0,0,0,0,0,0,0,-1,0,0,0,0,0,0,0,0,0,0,0,0,0,0,0,0,1,1
DEM,Global X MSCI SuperDividend Emerging Markets ETF,Financial,Exchange Traded Fund,USA,,,34.15,0.49%,3673.0,0,0,0,0,0,1,0,-1,0,0,0,0,0,0,0,0,0,0,0,0,0,0,0,0,0,0,0,0,1,1,2
DFI,AB Short Duration Income ETF,Financial,Exchange Traded Fund,USA,,,34.79,0.03%,53476.0,0,0,0,-1,0,0,0,0,0,0,0,0,0,0,0,0,0,0,0,0,0,0,0,0,0,0,0,0,0,1,1
DHC,Smith Douglas Homes Corp,Real Estate,Real Estate - Development,USA,517940000.00000006,14.24,10.19,1.19%,32603.0,0,0,0,0,0,0,0,0,1,0,0,0,0,0,0,0,0,0,0,0,0,0,0,0,0,0,0,0,1,0,1
DS,ProShares UltraShort S&P500 -2x Shares,Financial,Exchange Traded Fund,USA,,,52.3,-1.08%,2395307.0,0,0,0,0,0,0,0,0,1,0,0,0,0,0,0,0,0,0,0,0,0,0,0,0,0,0,0,0,1,0,1
DST,Stardust Power Inc,Industrials,Electrical Equipment & Parts,USA,3250000.0,,0.08,-12.55%,52392988.0,0,0,0,0,0,0,0,0,1,0,0,0,0,0,0,0,0,0,0,0,0,0,0,0,0,0,0,0,1,0,1
DTY,YieldMax S&P 500 0DTE Covered Call Strategy ETF,Financial,Exchange Traded Fund,USA,,,41.23,0.46%,10053.0,0,0,0,-1,0,0,0,0,0,0,0,0,0,0,0,1,0,0,0,0,0,0,0,0,0,0,0,0,1,1,2
EB,Seaboard Corp,Industrials,Conglomerates,USA,3940000000.0,6.21,4112.69,3.37%,7799.0,0,0,0,0,0,0,0,0,1,1,0,0,0,0,0,0,0,0,0,0,0,0,0,0,0,0,0,0,2,0,2
ECT,Main Sector Rotation ETF,Financial,Exchange Traded Fund,USA,,,73.31,0.59%,85319.0,0,0,0,0,0,0,0,0,0,0,1,0,0,0,0,0,0,0,0,0,0,0,0,0,0,0,0,0,1,0,1
EIM,SEI QiM U.S. Large Cap Momentum Active ETF,Financial,Exchange Traded Fund,USA,,,55.3,0.73%,71394.0,0,0,0,0,0,0,0,0,0,0,1,0,0,0,0,0,0,0,0,0,0,0,-1,0,0,0,0,0,1,1,2
EIQ,SEI QiM U.S. Large Cap Quality Active ETF,Financial,Exchange Traded Fund,USA,,,41.72,0.65%,32299.0,0,0,0,0,0,0,0,0,0,0,0,0,0,0,0,0,0,0,0,0,0,0,-1,0,0,0,0,0,0,1,1
EIS,SEI Select Small Cap ETF,Financial,Exchange Traded Fund,USA,,,31.8,-0.43%,42993.0,0,0,0,0,0,0,0,0,0,0,0,0,0,0,0,0,0,0,0,0,0,0,-1,0,0,0,0,0,0,1,1
EIV,SEI QiM U.S. Large Cap Value Active ETF,Financial,Exchange Traded Fund,USA,,,50.03,0.59%,117415.0,0,0,0,0,0,0,0,0,0,0,0,0,0,0,0,0,0,0,0,0,0,0,-1,0,0,0,0,0,0,1,1
ELF,Global Self Storage Inc,Real Estate,REIT - Specialty,USA,55960000.0,26.52,4.9,0.00%,16973.0,0,1,0,0,0,0,0,0,0,0,0,0,0,0,0,0,0,0,0,0,0,0,0,0,0,0,0,0,1,0,1
EMI,Columbia Select Technology ETF,Financial,Exchange Traded Fund,USA,,,41.32,0.17%,3601.0,0,0,0,0,0,0,0,0,0,0,0,0,0,0,0,1,0,0,0,0,0,0,0,0,0,0,0,0,1,0,1
EPU,AllianzIM U.S. Equity Buffer15 Uncapped Sep ETF,Financial,Exchange Traded Fund,USA,,,32.14,0.42%,13293.0,0,1,0,0,0,0,0,-1,0,0,0,0,0,0,0,0,0,0,0,0,0,0,0,0,0,0,0,0,1,1,2
ERA,Sera Prognostics Inc,Healthcare,Medical Devices,USA,80870000.0,,2.05,2.50%,4389.0,0,0,0,0,0,0,0,0,0,0,0,0,0,0,0,1,0,0,0,0,0,0,0,0,0,0,0,0,1,0,1
ES,SES AI Corp,Consumer Cyclical,Auto Parts,USA,293350000.0,,0.79,-5.47%,26558253.0,0,0,0,0,0,0,0,0,1,0,0,0,0,0,0,0,0,0,0,0,0,0,0,0,0,0,0,0,1,0,1
EUS,SEI QiM U.S. Equity Factor Allocation Active ETF,Financial,Exchange Traded Fund,USA,,,26.03,0.44%,28610.0,0,0,0,0,0,0,0,0,0,0,0,0,0,0,0,0,0,0,0,0,0,0,-1,0,0,0,0,0,0,1,1
EV,Aptera Motors Corp,Consumer Cyclical,Auto Manufacturers,USA,67300000.0,,1.66,5.06%,431385.0,0,0,0,0,0,0,0,0,0,0,0,0,-1,0,0,0,0,0,0,0,0,0,0,0,0,0,0,0,0,1,1
EVN,Seven Hills Realty Trust,Real Estate,REIT - Mortgage,USA,156330000.0,10.39,6.9,0.88%,155917.0,0,0,0,0,0,1,0,0,0,0,0,0,0,0,0,0,0,0,0,0,0,0,0,0,0,0,0,0,1,0,1
FHG,Samfine Creation Holdings Group Ltd,Industrials,Specialty Business Services,Hong Kong,8600000.0,,2.12,1.92%,7713.0,0,0,0,0,0,0,0,0,1,1,0,0,0,0,0,0,0,0,0,0,0,0,0,0,0,0,0,0,2,0,2
FTX,Horizon International Managed Risk ETF,Financial,Exchange Traded Fund,USA,,,31.05,0.17%,30909.0,0,0,0,0,0,0,0,0,0,0,1,0,0,0,0,0,0,0,0,0,0,0,0,0,-1,0,0,0,1,1,2
FWL,Shengfeng Development Ltd,Industrials,Integrated Freight & Logistics,China,49500000.0,3.97,9.0,2.04%,7074.0,0,0,0,0,0,0,0,0,0,0,0,0,0,0,0,0,0,0,0,-1,0,0,0,0,0,0,0,0,0,1,1
FY,SoFi Select 500 ETF,Financial,Exchange Traded Fund,USA,,,157.29,0.57%,39760.0,0,0,0,0,0,0,0,-1,0,0,0,0,0,0,0,0,0,0,0,0,0,0,0,0,0,0,0,0,0,1,1
FYI,SoFi Social 50 Income ETF,Financial,Exchange Traded Fund,USA,,,25.47,0.49%,2609.0,0,0,0,0,0,0,0,0,0,0,0,0,0,0,0,1,0,0,0,0,0,0,0,0,0,0,0,0,1,0,1
GC,SuperiorGroup of Companies Inc,Consumer Cyclical,Apparel Manufacturing,USA,208090000.0,23.74,13.05,0.38%,22084.0,0,0,0,0,0,1,0,0,0,0,0,0,0,0,0,0,0,0,0,0,0,0,0,0,0,0,0,0,1,0,1
GHC,Super Group (SGHC) Limited,Consumer Cyclical,Gambling,United Kingdom,5810000000.0,15.71,11.43,-0.35%,2045133.0,0,0,0,0,0,0,0,0,0,0,0,0,0,0,0,0,0,0,0,0,0,0,0,0,0,0,-1,0,0,1,1
GI,Somnigroup International Inc,Consumer Cyclical,"Furnishings, Fixtures & Appliances",USA,14450000000.0,25.01,62.74,0.72%,1669727.0,0,0,0,0,0,0,0,0,0,0,0,0,-1,-1,0,0,0,0,0,0,0,0,0,1,0,0,0,0,1,2,3
GML,Sigma Lithium Corp,Basic Materials,Other Industrial Metals & Mining,Brazil,1090000000.0,,9.71,1.57%,2067418.0,0,0,0,0,0,0,0,0,0,0,0,0,-1,0,0,0,0,0,0,0,0,0,0,0,0,0,0,0,0,1,1
GOV,iShares 0-3 Month Treasury Bond ETF,Financial,Exchange Traded Fund,USA,,,100.46,0.01%,22534407.0,0,1,0,-1,0,1,0,0,0,0,0,0,0,0,0,0,0,0,0,0,0,0,0,0,0,0,0,0,2,1,3
GVT,Schwab Government Money Market ETF,Financial,Exchange Traded Fund,USA,,,100.55,0.01%,355052.0,0,1,0,-1,0,1,0,0,0,0,1,1,0,0,0,0,0,0,0,0,0,0,0,0,0,0,0,0,4,1,5
HAZ,SharonAI Holdings Inc,Technology,Information Technology Services,USA,1720000000.0,,48.12,0.88%,1104192.0,0,0,0,0,0,0,0,0,0,0,0,0,0,0,0,1,0,0,0,0,0,0,0,0,0,0,0,0,1,0,1
HC,Sotera Health Co,Healthcare,Diagnostics & Research,USA,5210000000.0,32.1,18.25,-1.62%,1654153.0,0,1,0,0,0,0,0,0,0,0,1,1,0,0,0,0,0,0,0,0,0,0,0,0,0,0,0,0,3,0,3
HDG,Soundwatch Hedged Equity ETF,Financial,Exchange Traded Fund,USA,,,33.94,0.59%,3318.0,0,0,0,0,0,0,0,-1,0,0,0,0,0,0,0,0,0,0,0,0,0,0,0,0,0,0,0,0,0,1,1
HEN,Shenandoah Telecommunications Co,Communication Services,Telecom Services,USA,636690000.0,,11.5,2.68%,671866.0,0,0,0,0,0,0,0,0,0,0,0,0,-1,0,0,0,0,0,0,0,0,0,0,0,0,0,0,0,0,1,1
HFS,SHF Holdings Inc,Financial,Banks - Regional,USA,720000.0,,0.7,-20.62%,980230.0,0,1,0,0,0,0,0,0,0,0,0,0,0,0,0,0,0,0,0,0,0,0,0,0,0,0,0,0,1,0,1
HIP,Seanergy Maritime Holdings Corp,Industrials,Marine Shipping,Greece,379200000.0,6.12,17.5,-0.96%,450987.0,0,0,0,-1,0,0,0,0,0,0,0,0,0,0,0,0,0,0,0,0,0,0,0,0,0,0,0,0,0,1,1
HMD,SCHMID Group NV,Industrials,Specialty Industrial Machinery,Germany,294970000.0,,4.43,-1.56%,702262.0,0,0,0,0,0,0,0,0,1,1,0,0,0,0,0,0,0,0,0,0,0,0,0,0,0,0,0,0,2,0,2
HO,Sunstone Hotel Investors Inc,Real Estate,REIT - Hotel & Motel,USA,2089999999.9999998,50.0,11.22,-0.88%,1247080.0,0,0,0,0,0,0,0,0,0,0,0,0,0,0,0,0,0,0,0,0,0,0,-1,0,0,0,0,0,0,1,1
HPU,Direxion Daily SHOP Bull 2X ETF,Financial,Exchange Traded Fund,USA,,,20.38,5.59%,108863.0,0,0,0,0,0,0,0,0,0,0,1,0,0,0,0,0,0,0,0,0,0,0,0,0,0,0,0,0,1,0,1
HV,iShares 0-1 Year Treasury Bond ETF,Financial,Exchange Traded Fund,USA,,,110.09,0.00%,2988196.0,0,1,0,-1,0,1,0,0,0,0,0,0,0,0,0,0,0,0,0,0,0,0,0,0,0,0,0,0,2,1,3
HW,Sherwin-Williams Co,Basic Materials,Specialty Chemicals,USA,77960000000.0,29.61,321.16,0.85%,1366482.0,0,0,0,0,0,0,0,0,0,0,0,0,0,0,0,0,0,0,0,0,0,0,0,0,0,0,0,1,1,0,1
HYD,VanEck Short High Yield Muni ETF,Financial,Exchange Traded Fund,USA,,,21.93,-0.32%,881199.0,0,0,0,0,0,0,0,0,1,0,0,0,0,0,0,0,0,0,0,0,0,0,0,0,0,0,0,0,1,0,1
ID,Companhia Siderurgica Nacional ADR,Basic Materials,Steel,Brazil,1630000000.0,,1.23,-0.81%,12124086.0,0,0,0,0,0,0,0,0,0,0,1,0,0,0,0,0,0,0,0,0,0,0,0,0,0,0,0,0,1,0,1
IF,SIFCO Industries Inc,Industrials,Aerospace & Defense,USA,143900000.0,35.77,23.01,0.04%,35625.0,0,1,0,0,0,0,0,0,0,0,0,0,0,0,0,0,0,0,0,0,0,0,0,0,0,0,0,0,1,0,1
IFI,Harbor Ares Systematic Multi-Sector Income ETF,Financial,Exchange Traded Fund,USA,,,42.15,0.31%,113.0,0,1,0,0,0,0,0,0,0,0,0,0,0,0,0,0,0,0,0,0,0,0,0,0,0,0,0,0,1,0,1
IFY,Sify Technologies Limited ADR,Communication Services,Telecom Services,India,966220000.0,,13.34,0.08%,58034.0,0,0,0,0,0,0,0,0,1,0,0,0,0,0,0,0,0,0,0,0,0,0,0,0,0,0,0,0,1,0,1
IG,Signet Jewelers Ltd,Consumer Cyclical,Luxury Goods,Bermuda,3810000000.0,11.76,102.1,1.20%,517077.0,0,0,0,0,0,0,0,0,0,0,0,0,0,0,0,0,0,0,0,0,0,0,0,0,0,0,0,1,1,0,1
II,Sprott Inc,Financial,Asset Management,Canada,3070000000.0,29.23,119.41,3.15%,161311.0,0,0,0,0,0,0,0,0,1,0,0,0,0,0,0,0,0,0,0,0,0,0,0,0,0,0,0,0,1,0,1
ILC,Silicom Ltd,Technology,Communication Equipment,Israel,354340000.0,,61.65,0.78%,121891.0,0,0,0,0,0,0,0,0,0,0,1,0,0,0,0,0,0,0,0,0,1,1,0,0,0,0,0,0,3,0,3
ILJ,Amplify Junior Silver Miners ETF,Financial,Exchange Traded Fund,USA,,,27.34,0.85%,3153166.0,0,0,0,0,0,0,0,0,1,0,0,0,0,0,0,0,0,0,0,0,0,0,0,0,0,0,0,0,1,0,1
ILO,SILO Pharma Inc,Healthcare,Biotechnology,USA,2310000.0,,1.45,-2.68%,27638.0,0,0,0,0,0,0,0,0,1,0,0,0,0,0,0,0,0,0,0,0,0,0,0,0,0,0,0,0,1,0,1
IM,Grupo Simec SAB de CV ADR,Basic Materials,Steel,Mexico,4760000000.0,22.13,28.7,0.00%,596.0,0,0,0,0,0,0,0,0,1,0,0,0,0,0,0,0,0,0,0,0,0,0,0,0,0,0,0,0,1,0,1
IMA,SIM Acquisition Corp I,Financial,Shell Companies,USA,93540000.0,50.04,11.38,2.52%,1706.0,0,0,0,0,0,0,0,0,0,0,0,0,-1,0,0,0,0,0,0,0,0,0,0,0,0,0,0,0,0,1,1
IMO,Silicon Motion Technology Corp ADR,Technology,Semiconductors,Hong Kong,9660000000.0,33.41,284.96,0.89%,1076000.0,0,0,0,0,0,0,0,0,0,0,0,0,0,0,0,1,0,0,0,0,0,0,0,0,0,0,0,0,1,0,1
INT,SINTX Technologies Inc,Healthcare,Medical Devices,USA,14530000.0,,2.18,0.00%,50532.0,0,0,0,0,0,0,0,0,0,0,0,0,0,0,0,0,0,0,0,0,0,0,0,1,0,0,0,0,1,0,1
IRI,Sirius XM Holdings Inc,Communication Services,Entertainment,USA,8890000000.0,10.38,26.36,0.19%,5168652.0,0,0,0,0,0,0,0,0,1,0,0,0,0,0,0,0,0,0,0,0,0,0,0,0,0,0,0,0,1,0,1
ITM,SiTime Corp,Technology,Semiconductors,USA,21380000000.0,1441.14,711.06,0.14%,248666.0,0,0,0,0,0,0,0,0,0,0,1,1,0,0,0,1,0,0,0,0,0,0,0,0,0,0,0,0,3,0,3
IXA,ETC 6 Meridian Mega Cap Equity ETF,Financial,Exchange Traded Fund,USA,,,57.01,0.48%,2259.0,0,0,0,-1,0,0,0,0,0,0,0,0,0,0,0,0,0,1,0,0,0,0,0,0,0,0,0,0,1,1,2
IXH,ETC 6 Meridian Hedged Equity Index Option ETF,Financial,Exchange Traded Fund,USA,,,43.9,0.59%,855.0,0,1,0,0,0,0,0,-1,0,0,0,0,0,0,0,0,0,0,0,0,0,0,0,0,0,0,0,0,1,1,2
IXP,AllianzIM U.S. Equity 6 Month Buffer10 Mar/Sep ETF,Financial,Exchange Traded Fund,USA,,,34.89,0.36%,4018.0,0,0,0,-1,0,0,0,0,0,0,0,0,0,0,0,0,0,0,0,0,0,0,0,0,0,0,0,0,0,1,1
JCP,SanJac Alpha Core Plus Bond ETF,Financial,Exchange Traded Fund,USA,,,24.66,0.00%,102.0,0,0,0,0,0,0,0,0,0,0,1,0,0,0,0,0,0,0,0,0,0,0,0,0,0,0,0,0,1,0,1
KIN,SkinHealth Systems Inc,Consumer Defensive,Household & Personal Products,USA,76260000.0,,0.59,-2.33%,418604.0,0,0,0,0,0,0,0,0,0,0,0,0,-1,0,0,0,0,0,0,0,0,0,0,0,0,0,0,0,0,1,1
KWD,Skyward Specialty Insurance Group Inc,Financial,Insurance - Property & Casualty,USA,2510000000.0,13.15,56.49,2.36%,387038.0,0,0,0,0,0,0,0,0,1,0,0,0,0,0,0,0,0,0,0,0,0,0,0,0,0,0,0,0,1,0,1
KY,Champion Homes Inc,Consumer Cyclical,Residential Construction,USA,4660000000.0,25.14,85.89,0.15%,447405.0,0,0,0,0,0,0,0,0,0,0,1,0,0,0,0,0,0,0,0,0,0,0,0,0,0,0,0,1,2,0,2
KYA,SkyAI Inc,Technology,Software - Infrastructure,USA,81300000.0,,1.88,0.53%,416308.0,0,0,0,0,0,0,0,0,0,0,0,0,0,0,0,0,0,0,0,0,0,0,0,1,0,0,0,0,1,0,1
KYE,Skye Bioscience Inc,Healthcare,Biotechnology,USA,7170000.0,,1.62,-6.36%,30815.0,0,0,0,0,0,0,0,0,1,0,0,0,0,0,0,0,0,0,0,0,0,0,0,0,0,0,0,0,1,0,1
LDE,Slide Insurance Holdings Inc,Financial,Insurance - Property & Casualty,USA,2790000000.0,5.82,23.89,-1.04%,1356999.0,0,1,0,0,0,0,0,0,0,0,0,0,0,0,0,0,0,0,0,0,0,0,0,0,0,0,0,0,1,0,1
LDP,Solid Power Inc,Consumer Cyclical,Auto Parts,USA,536230000.0,,2.35,2.17%,2286183.0,0,0,0,0,0,0,0,0,1,0,0,0,0,0,0,0,0,0,0,0,0,0,0,0,0,0,0,0,1,0,1
LDR,Global X Short-Term Treasury Ladder ETF,Financial,Exchange Traded Fund,USA,,,49.38,0.04%,82.0,0,0,0,0,0,0,0,0,1,0,0,0,0,0,0,0,0,0,0,0,0,0,0,0,0,0,0,0,1,0,1
LI,Standard Lithium Ltd,Basic Materials,Other Industrial Metals & Mining,Canada,426930000.0,,1.73,0.58%,2218527.0,0,0,0,0,0,0,0,0,1,1,0,0,0,0,0,0,0,0,0,0,0,0,0,0,0,0,0,0,2,0,2
LJY,Amplify SILJ Junior Silver Miners Covered Call ETF,Financial,Exchange Traded Fund,USA,,,27.88,1.05%,49203.0,0,0,0,0,0,0,0,0,1,0,0,0,0,0,0,0,0,0,0,0,0,0,0,0,0,0,0,0,1,0,1
LM,SLM Corp,Financial,Credit Services,USA,4240000000.0,6.32,22.58,-0.70%,1960716.0,0,0,0,0,0,0,0,0,0,0,0,0,0,0,0,0,0,1,0,0,0,0,0,0,0,0,0,0,1,0,1
LND,Southland Holdings Inc,Industrials,Engineering & Construction,USA,39200000.0,,0.72,9.09%,851598.0,0,0,0,0,0,0,0,0,0,0,0,0,-1,-1,0,0,0,0,0,0,0,0,0,0,0,0,0,0,0,2,2
LNZ,TCW Senior Loan ETF,Financial,Exchange Traded Fund,USA,,,45.34,0.00%,452.0,0,0,0,0,0,0,0,0,0,0,1,1,0,0,0,0,0,0,0,0,0,0,0,0,0,0,0,0,2,0,2
LON,ProShares Ultra Solana ETF,Financial,Exchange Traded Fund,USA,,,43.45,0.63%,102622.0,0,0,0,0,0,0,0,0,0,0,1,0,0,0,0,0,0,0,0,0,0,0,0,0,0,0,0,0,1,0,1
LQT,SelectQuote Inc,Financial,Insurance Brokers,USA,68120000.0,,0.38,-9.26%,2678148.0,0,0,0,0,0,0,0,0,0,0,0,0,0,0,0,1,0,0,0,0,0,0,0,0,0,0,0,0,1,0,1
LS,SELLAS Life Sciences Group Inc,Healthcare,Biotechnology,USA,2290000000.0,,11.34,-2.49%,3982640.0,0,0,0,0,0,0,0,0,0,0,0,0,0,0,0,0,0,0,0,0,0,0,-1,0,0,0,0,0,0,1,1
LSN,Solesence Inc,Consumer Defensive,Household & Personal Products,USA,56530000.0,,0.8,-1.15%,20705.0,0,0,0,0,0,0,0,0,1,0,0,0,0,0,0,0,0,0,0,0,0,0,0,0,0,0,0,0,1,0,1
LSR,Solaris Resources Inc,Basic Materials,Other Precious Metals & Mining,Switzerland,1190000000.0,,7.13,0.14%,125446.0,0,0,0,0,0,0,0,0,1,0,0,0,0,0,0,0,0,0,0,0,0,0,0,0,0,0,0,0,1,0,1
LVM,Sylvamo Corp,Basic Materials,Paper & Paper Products,USA,1310000000.0,17.44,32.91,-1.38%,303456.0,0,0,0,0,0,0,0,0,1,0,0,0,0,0,0,0,0,0,0,0,0,0,0,0,0,0,0,0,1,0,1
LVX,Nicholas Silver Income ETF,Financial,Exchange Traded Fund,USA,,,13.83,0.42%,19116.0,0,1,0,0,0,0,0,0,0,0,0,0,0,0,0,0,0,0,0,0,0,0,0,0,0,0,0,0,1,0,1
LVY,FT Vest Silver Strategy & Target Income ETF,Financial,Exchange Traded Fund,USA,,,20.69,0.57%,922.0,0,0,0,0,0,0,0,0,1,0,0,0,0,0,0,0,0,0,0,0,0,0,0,0,0,0,0,0,1,0,1
LWS,Wisdom Short Duration Income ETF,Financial,Exchange Traded Fund,USA,,,100.3,0.06%,13.0,0,1,0,0,0,0,0,0,0,0,0,0,0,0,0,0,0,0,0,0,0,0,0,0,0,0,0,0,1,0,1
LX,VanEck Steel ETF,Financial,Exchange Traded Fund,USA,,,105.04,-0.08%,9279.0,0,0,0,0,0,0,0,0,0,0,0,0,0,0,0,0,0,0,0,0,0,0,-1,0,0,0,0,0,0,1,1
LYG,State Street SPDR S&P 600 TM Small Cap Growth ETF,Financial,Exchange Traded Fund,USA,,,109.38,-0.05%,143912.0,0,0,0,0,0,0,0,0,0,0,0,0,0,0,0,0,0,0,0,0,0,0,-1,0,0,0,0,0,0,1,1
MC,Summit Midstream Corp,Energy,Oil & Gas Midstream,USA,673210000.0,,33.15,3.37%,188586.0,0,1,0,0,0,0,0,0,0,0,0,0,0,0,0,0,0,0,0,0,0,0,0,0,0,0,0,0,1,0,1
MCO,Hilton Small-MidCap Opportunity ETF,Financial,Exchange Traded Fund,USA,,,28.31,0.73%,15542.0,0,0,0,0,0,0,0,0,0,0,0,0,0,0,0,0,0,0,0,0,0,0,-1,0,0,0,0,0,0,1,1
MFG,Sumitomo Mitsui Financial Group Inc ADR,Financial,Banks - Diversified,Japan,324760000000.0,29.69,25.83,0.78%,1174405.0,0,0,0,0,0,0,0,-1,0,0,0,0,0,0,0,0,0,0,0,0,0,0,0,0,0,0,0,0,0,1,1
MHC,VanEck China Semiconductor ETF,Financial,Exchange Traded Fund,USA,,,43.59,-0.55%,5744.0,0,0,0,0,0,0,0,0,0,0,0,0,0,0,0,1,0,0,0,0,0,0,0,0,0,0,0,0,1,0,1
MMT,Summit Therapeutics Inc,Healthcare,Biotechnology,USA,13810000000.0,,17.31,0.23%,5875829.0,0,0,0,0,0,1,0,0,1,0,0,0,0,0,0,0,0,0,0,0,0,0,0,0,0,0,0,0,2,0,2
MOG,VanEck Low Carbon Energy ETF,Financial,Exchange Traded Fund,USA,,,137.34,1.21%,1016.0,0,0,0,0,0,0,0,0,1,0,0,0,0,0,0,0,0,0,0,0,0,0,0,0,0,0,0,0,1,0,1
MPL,Simply Good Foods Co,Consumer Defensive,Packaged Foods,USA,881070000.0,,9.96,0.20%,1605278.0,0,0,0,0,0,0,0,0,0,0,0,0,-1,0,0,0,0,0,0,0,0,0,0,0,0,0,0,0,0,1,1
MZ,Tradr 2X Short SMR Daily ETF,Financial,Exchange Traded Fund,USA,,,18.04,-8.70%,323329.0,0,0,0,0,0,0,0,0,1,0,0,0,0,0,0,0,0,0,0,0,0,0,0,0,0,0,0,0,1,0,1
NAG,Leverage Shares 2x Long SNAP Daily ETF,Financial,Exchange Traded Fund,USA,,,6.05,6.52%,30592.0,0,0,0,0,0,0,0,0,0,0,0,0,-1,0,0,0,0,0,0,0,0,0,0,0,0,1,0,0,1,1,2
NAP,Snap Inc,Communication Services,Internet Content & Information,USA,9780000000.0,,5.78,3.03%,37297694.0,0,0,0,0,0,0,0,0,0,0,1,0,0,0,0,0,0,0,0,0,0,0,0,0,0,0,0,0,1,0,1
NAV,Mohr Sector Nav ETF,Financial,Exchange Traded Fund,USA,,,39.48,0.44%,535.0,0,0,0,0,0,0,0,-1,0,0,0,0,0,0,0,0,0,0,0,0,0,0,0,0,0,0,0,0,0,1,1
NDA,Sonida Senior Living Inc,Healthcare,Medical Care Facilities,USA,1780000000.0,,37.12,1.09%,368003.0,0,0,0,0,0,0,0,0,1,0,0,0,0,0,0,0,0,0,0,0,0,0,0,0,0,0,0,0,1,0,1
NDC,Corgi SNDK 2x Daily ETF,Financial,Exchange Traded Fund,USA,,,7.92,-5.15%,155478.0,0,0,0,0,0,0,0,0,0,0,1,1,0,0,0,0,0,0,0,0,0,0,0,0,0,0,0,0,2,0,2
NDL,SNDL Inc,Consumer Defensive,Beverages - Wineries & Distilleries,Canada,302730000.0,,1.23,-1.60%,1384042.0,0,0,0,0,0,0,0,0,1,0,0,0,0,0,0,0,0,0,0,0,0,0,0,0,0,0,0,0,1,0,1
NDR,Schneider National Inc,Industrials,Trucking,USA,5540000000.0,49.82,31.6,-2.23%,983731.0,0,0,0,0,0,0,0,0,0,0,0,0,0,0,0,0,0,0,0,0,0,0,-1,0,0,0,0,0,0,1,1
NDX,Syndax Pharmaceuticals Inc,Healthcare,Biotechnology,USA,1550000000.0,,17.37,-2.58%,1135156.0,0,0,0,0,0,0,0,0,0,0,1,0,0,0,0,0,0,0,0,0,0,0,-1,0,0,0,0,0,1,1,2
NEX,StoneX Group Inc,Financial,Capital Markets,USA,7960000000.0,17.1,66.0,-2.12%,618760.0,0,0,0,0,0,0,0,0,1,0,0,0,0,0,0,0,0,0,0,0,0,0,0,0,0,0,0,0,1,0,1
NFCA,Security National Financial Corp,Financial,Insurance - Life,USA,246430000.0,6.13,9.04,-0.99%,17674.0,0,0,0,0,0,1,0,0,0,0,0,0,0,0,0,0,0,0,0,0,0,0,0,0,0,0,0,0,1,0,1
NN,Smith & Nephew plc ADR,Healthcare,Medical Devices,United Kingdom,11250000000.0,18.32,26.87,-0.19%,1602382.0,0,0,0,0,0,0,0,0,1,1,0,0,0,0,0,0,0,0,0,0,0,0,0,0,0,0,0,0,2,0,2
NOA,Sonoma Pharmaceuticals Inc,Healthcare,Drug Manufacturers - Specialty & Generic,USA,5890000.0,,1.23,0.82%,45090.0,0,0,0,0,0,0,0,0,0,0,0,0,0,0,0,0,0,0,0,0,0,0,0,0,0,1,0,0,1,0,1
NPE,Xtrackers S&P 500 Scored & Screened ETF,Financial,Exchange Traded Fund,USA,,,71.42,0.39%,209434.0,0,0,0,-1,0,0,0,0,0,0,0,0,0,0,0,0,0,0,0,0,0,0,0,0,0,0,0,0,0,1,1
NPS,Synopsys Inc,Technology,Software - Infrastructure,USA,96810000000.0,89.24,505.17,3.42%,2738471.0,0,0,0,0,0,0,0,0,1,1,0,0,0,0,0,0,0,0,0,0,0,0,0,0,0,0,0,0,2,0,2
NTG,Sentage Holdings Inc,Financial,Credit Services,China,4750000.0,,1.69,-1.74%,1676.0,0,1,0,0,0,0,0,0,0,0,0,0,0,0,0,0,0,0,0,0,0,0,0,0,0,0,0,0,1,0,1
NTH,MRP SynthEquity ETF,Financial,Exchange Traded Fund,USA,,,30.08,0.59%,112989.0,0,0,0,0,0,0,0,0,0,0,0,0,0,0,0,1,0,0,0,0,0,0,0,0,0,0,0,0,1,0,1
NWV,Sanuwave Health Inc,Healthcare,Medical Devices,USA,44730000.0,21.62,5.2,10.64%,51359.0,0,0,0,0,0,0,0,0,1,0,0,0,0,0,0,0,0,0,0,0,0,0,0,0,0,0,0,0,1,0,1
NX,TD Synnex Corp,Technology,Electronics & Computer Distribution,USA,22210000000.0,16.96,278.38,0.40%,727816.0,0,0,0,0,0,1,0,0,0,0,1,1,0,0,0,0,0,0,0,0,0,0,-1,0,0,0,0,0,3,1,4
OAR,Volato Group Inc,Industrials,Airports & Air Services,USA,14970000.0,0.86,0.28,6.32%,21915223.0,0,1,0,0,0,0,0,0,0,0,0,0,0,0,0,0,0,0,0,0,1,0,0,1,0,0,0,0,3,0,3
OBO,South Bow Corp,Energy,Oil & Gas Midstream,Canada,7120000000.0,16.41,34.15,0.62%,537478.0,0,1,0,-1,0,0,0,0,0,0,0,0,0,0,0,0,0,0,0,0,0,0,0,0,-1,0,0,0,1,2,3
OCL,Global X Social Media ETF,Financial,Exchange Traded Fund,USA,,,43.81,-0.24%,5220.0,0,1,0,-1,0,0,0,0,0,0,0,0,0,0,0,0,0,0,0,0,1,0,0,1,0,0,0,0,3,1,4
OFI,SoFi Technologies Inc,Financial,Credit Services,USA,20360000000.0,33.23,15.76,-1.01%,39079775.0,0,1,0,0,0,0,0,0,0,0,0,0,0,0,0,0,0,0,0,0,1,1,0,0,0,1,0,0,4,0,4
OFR,Amplify Samsung SOFR ETF,Financial,Exchange Traded Fund,USA,,,100.11,0.01%,2843.0,0,1,0,0,0,1,0,0,0,0,0,0,-1,-1,0,0,0,0,0,0,0,0,0,0,0,0,0,0,2,2,4
OFX,Defiance Daily Target 2X Long SOFI ETF,Financial,Exchange Traded Fund,USA,,,6.94,-1.98%,1404256.0,0,1,0,0,0,0,0,0,0,0,0,0,-1,-1,0,0,0,0,0,0,0,0,0,0,0,0,0,0,1,2,3
OGP,Sound Group Inc ADR,Communication Services,Internet Content & Information,Singapore,33630000.0,1.25,11.1,1.83%,6017.0,0,0,0,0,0,0,0,0,1,0,0,0,0,0,0,0,0,0,0,0,0,0,0,0,0,0,0,0,1,0,1
OHU,Sohu.com Ltd ADR,Communication Services,Electronic Gaming & Multimedia,China,326920000.0,1.46,12.54,-0.08%,38011.0,0,0,0,-1,0,0,0,0,0,0,0,0,0,0,0,0,0,0,0,0,0,0,0,0,0,0,0,0,0,1,1
OLT,2x Solana ETF,Financial,Exchange Traded Fund,USA,,,78.44,0.81%,376980.0,0,0,0,0,0,0,0,0,0,0,1,0,0,0,0,0,0,0,0,0,0,0,0,0,0,0,0,0,1,0,1
ONM,DNA X Inc,Financial,Capital Markets,USA,5940000.0,,3.99,-0.87%,16198.0,0,1,0,0,0,1,0,0,0,0,0,0,-1,-1,0,0,0,0,0,0,0,0,0,0,0,0,0,0,2,2,4
ONO,Sonos Inc,Technology,Consumer Electronics,USA,2060000000.0,39.17,17.43,-2.84%,1577125.0,0,0,0,0,0,0,0,0,0,0,1,0,0,0,0,0,0,0,0,0,0,0,0,0,0,0,0,0,1,0,1
OR,Source Capital,Financial,Closed-End Fund - Equity,USA,370480000.0,,45.01,0.11%,7067.0,0,0,0,0,0,0,0,0,0,0,0,0,0,0,0,0,0,0,0,0,0,0,0,0,0,1,0,0,1,0,1
ORA,AsiaStrategy,Consumer Cyclical,Luxury Goods,Hong Kong,51220000.0,,2.06,-2.37%,48026.0,0,0,0,0,0,0,0,0,0,0,0,0,-1,0,0,0,0,0,0,0,1,1,0,0,0,0,0,0,2,1,3
OS,SOS Limited,Financial,Capital Markets,China,5890000.0,,0.32,-1.48%,323544.0,0,0,0,0,0,0,0,0,1,1,0,0,0,0,0,0,0,0,0,0,0,0,0,0,0,0,0,0,2,0,2
OUL,Soulpower Acquisition Corp,Financial,Shell Companies,USA,273620000.0,47.12,10.48,-0.09%,1501.0,0,0,0,0,0,0,0,0,0,0,0,0,0,0,0,0,0,1,0,0,0,0,0,0,0,0,0,0,1,0,1
OUN,SoundHound AI Inc,Technology,Software - Application,USA,2570000000.0,,5.72,-2.72%,18246797.0,0,0,0,-1,0,0,0,0,0,0,0,0,-1,-1,0,0,0,0,0,0,0,0,0,0,0,0,0,0,0,3,3
OUX,Defiance Daily Target 2X Long SOUN ETF,Financial,Exchange Traded Fund,USA,,,7.44,-5.86%,156721.0,0,0,0,0,0,0,0,0,1,0,0,0,0,0,0,0,0,0,0,0,0,0,0,0,0,0,0,0,1,0,1
PAI,Safe Pro Group Inc,Industrials,Aerospace & Defense,USA,83490000.0,,4.1,-6.39%,245358.0,0,1,0,0,0,0,0,0,0,0,0,0,-1,0,0,0,0,0,0,0,0,0,0,0,0,0,0,0,1,1,2
PAM,Themes Cybersecurity ETF,Financial,Exchange Traded Fund,USA,,,49.18,2.03%,7080.0,0,0,0,0,0,0,0,-1,0,0,0,0,0,0,0,0,0,0,0,0,0,0,0,0,0,0,0,0,0,1,1
PBC,Simplify US Equity PLUS Bitcoin Strategy ETF,Financial,Exchange Traded Fund,USA,,,51.34,0.60%,7903.0,0,0,0,-1,0,0,0,-1,0,0,0,0,0,0,0,0,0,1,0,0,0,0,0,0,0,0,0,0,1,2,3
PCE,Virgin Galactic Holdings Inc,Industrials,Aerospace & Defense,USA,465400000.0,,3.07,0.66%,4868502.0,0,1,0,0,0,1,0,0,0,0,0,0,0,0,0,0,0,0,0,0,0,0,0,0,0,0,0,0,2,0,2
PCK,The SPAC and New Issue ETF,Financial,Exchange Traded Fund,USA,,,21.74,0.21%,3508.0,0,0,0,0,0,0,0,0,0,0,0,0,0,0,0,1,0,0,0,0,0,0,0,0,0,0,0,0,1,0,1
PCL,Defiance Daily 2X Space ETF,Financial,Exchange Traded Fund,USA,,,26.18,9.13%,52818.0,0,0,0,0,0,0,0,0,0,0,0,0,0,0,0,0,0,0,0,0,0,0,0,1,0,0,0,0,1,0,1
PDG,State Street SPDR Portfolio S&P Sector Neutral Dividend ETF,Financial,Exchange Traded Fund,USA,,,45.7,1.04%,413.0,0,0,0,0,0,0,0,0,0,0,0,0,0,0,0,0,0,0,0,0,0,0,-1,0,0,0,0,0,0,1,1
PDN,Direxion Daily S&P 500 Bear 1X ETF,Financial,Exchange Traded Fund,USA,,,8.3,-0.72%,19943598.0,0,0,0,0,0,0,0,0,1,0,0,0,0,0,0,0,0,0,0,0,0,0,0,0,0,0,0,0,1,0,1
PE,Special Opportunities Fund Inc,Financial,Closed-End Fund - Equity,USA,139530000.0,,12.66,0.48%,50182.0,0,0,0,0,0,0,0,0,1,0,0,0,0,0,0,0,0,0,0,0,0,0,0,0,0,0,0,0,1,0,1
PEM,State Street SPDR Portfolio Emerging Markets ETF,Financial,Exchange Traded Fund,USA,,,52.85,0.06%,2303568.0,0,0,0,0,0,0,0,0,0,0,1,1,0,0,0,0,0,0,0,0,0,0,0,0,-1,0,0,0,2,1,3
PH,Suburban Propane Partners LP,Utilities,Utilities - Regulated Gas,USA,1140000000.0,8.77,17.08,1.85%,112742.0,0,0,0,0,0,0,0,0,0,0,0,0,-1,0,0,0,0,0,0,0,0,0,0,1,0,0,0,0,1,1,2
PHB,Invesco S&P 500 High Beta ETF,Financial,Exchange Traded Fund,USA,,,156.77,0.77%,134303.0,0,0,0,0,0,0,0,0,0,0,0,0,0,0,0,1,0,0,0,0,0,0,0,0,0,0,0,0,1,0,1
PHQ,Invesco S&P 500 Quality ETF,Financial,Exchange Traded Fund,USA,,,85.6,0.07%,1173489.0,0,0,0,0,0,0,0,0,1,0,0,0,0,0,0,0,0,0,0,0,0,0,0,0,0,0,0,0,1,0,1
PIB,State Street SPDR Portfolio Intermediate Term Corporate Bond ETF,Financial,Exchange Traded Fund,USA,,,32.27,0.25%,7012708.0,0,1,0,0,0,0,0,0,0,0,0,0,0,0,0,0,0,0,0,0,0,0,0,0,0,0,0,0,1,0,1
PIN,State Street US Equity Premium Income ETF,Financial,Exchange Traded Fund,USA,,,34.02,0.49%,187.0,0,0,0,0,0,0,0,-1,0,0,0,0,0,0,0,0,0,0,0,0,0,0,0,0,0,0,0,0,0,1,1
PMO,Invesco S&P 500 Momentum ETF,Financial,Exchange Traded Fund,USA,,,152.99,-0.11%,1672202.0,0,0,0,0,0,0,0,0,0,0,1,0,0,0,0,0,0,0,0,0,0,0,0,0,0,0,0,0,1,0,1
POK,Spok Holdings Inc,Healthcare,Health Information Services,USA,229260000.0,18.87,10.96,-0.09%,136208.0,0,0,0,0,0,0,0,0,0,0,0,0,-1,-1,0,0,0,0,0,0,1,0,0,0,0,1,0,0,2,2,4
PPL,Simpple Ltd,Industrials,Specialty Industrial Machinery,Singapore,19570000.0,,2.0,-0.99%,855.0,0,0,0,0,0,0,0,0,0,0,0,0,-1,0,0,0,0,0,0,0,0,0,0,0,0,0,0,0,0,1,1
PTL,State Street SPDR Portfolio Long Term Treasury ETF,Financial,Exchange Traded Fund,USA,,,23.7,0.25%,11861122.0,0,0,0,0,0,0,0,0,1,0,0,0,0,0,0,0,0,0,0,0,0,0,0,0,0,0,0,0,1,0,1
PTM,State Street SPDR Portfolio S&P 1500 Composite Stock Market ETF,Financial,Exchange Traded Fund,USA,,,94.15,0.58%,354368.0,0,1,0,0,0,0,0,0,0,0,0,0,0,0,0,0,0,0,0,0,0,0,0,0,0,0,0,0,1,0,1
PTU,State Street SPDR Portfolio Ultra Short TBill ETF,Financial,Exchange Traded Fund,USA,,,25.01,-0.02%,4574.0,0,1,0,-1,0,1,0,0,0,0,0,0,0,0,0,0,0,0,0,0,1,1,0,0,0,0,0,0,4,1,5
PUS,SP Funds S&P 500 Sharia Industry Exclusions ETF,Financial,Exchange Traded Fund,USA,,,61.15,0.56%,296180.0,0,0,0,0,0,0,0,0,0,0,1,1,0,0,0,0,0,0,0,0,0,0,0,0,0,0,0,0,2,0,2
PUT,Innovator Equity Premium Income Daily PutWrite ETF,Financial,Exchange Traded Fund,USA,,,28.92,0.33%,1147.0,0,0,0,0,0,0,0,0,0,0,1,0,0,0,0,0,0,0,0,0,0,0,0,0,0,0,0,0,1,0,1
PUU,Direxion Daily S&P 500 Bull 2X ETF,Financial,Exchange Traded Fund,USA,,,231.34,1.03%,10427.0,0,0,0,0,0,0,0,0,0,0,1,0,0,0,0,0,0,0,0,0,0,0,0,0,0,0,0,0,1,0,1
PWH,Sportsman's Warehouse Holdings Inc,Consumer Cyclical,Specialty Retail,USA,44620000.0,,1.14,-1.72%,108936.0,0,0,0,0,0,0,0,0,1,0,0,0,0,0,0,0,0,0,0,0,0,0,0,0,0,0,0,0,1,0,1
PWO,SP Funds S&P World (ex-US) ETF,Financial,Exchange Traded Fund,USA,,,34.5,-0.35%,85542.0,0,0,0,0,0,0,0,0,0,0,0,0,0,0,0,1,0,0,0,0,0,0,0,0,0,0,0,0,1,0,1
PWR,SunPower Inc,Technology,Solar,USA,96120000.0,,0.3,-3.60%,3064130.0,0,0,0,0,0,0,0,0,1,0,0,0,0,0,0,0,0,0,0,0,0,0,0,0,0,0,0,0,1,0,1
PXC,SPX Technologies Inc,Industrials,Building Products & Equipment,USA,8810000000.0,30.81,175.82,-0.55%,695901.0,0,0,0,0,0,0,0,0,0,0,0,0,-1,0,0,0,0,0,0,0,1,0,0,0,0,0,0,0,1,1,2
PXN,ProShares S&P 500 Ex-Financials ETF,Financial,Exchange Traded Fund,USA,,,86.36,0.67%,82.0,0,0,0,0,0,0,0,-1,0,0,0,0,0,0,0,0,0,0,0,0,0,0,0,0,0,0,0,0,0,1,1
PYA,Twin Oak Endure ETF,Financial,Exchange Traded Fund,USA,,,31.13,0.62%,10.0,0,0,0,0,0,0,0,0,0,0,1,0,0,0,0,0,0,0,0,0,0,0,0,0,0,0,0,0,1,0,1
PYG,State Street SPDR Portfolio S&P 500 Growth ETF,Financial,Exchange Traded Fund,USA,,,126.5,0.60%,3317595.0,0,0,0,0,0,0,0,-1,0,0,0,0,0,0,0,0,0,0,0,0,0,0,0,0,0,0,0,0,0,1,1
PYH,NEOS S&P 500 Hedged Equity Income ETF,Financial,Exchange Traded Fund,USA,,,56.96,0.42%,9711.0,0,0,0,-1,0,0,0,-1,0,0,0,0,0,0,0,0,0,0,0,0,0,0,0,0,0,0,0,0,0,2,2
PYT,Defiance S&P 500 Target Income ETF,Financial,Exchange Traded Fund,USA,,,17.19,0.53%,107257.0,0,0,0,0,0,0,0,0,0,0,0,0,-1,-1,0,0,0,0,0,0,1,0,0,0,0,0,0,0,1,2,3
PYX,State Street SPDR S&P 500 Fossil Fuel Reserves Free ETF,Financial,Exchange Traded Fund,USA,,,63.87,0.65%,249781.0,0,0,0,0,0,0,0,0,0,0,0,0,0,0,0,0,0,1,0,0,0,0,0,0,0,0,0,0,1,0,1
QM,Sociedad Quimica Y Minera de Chile SA ADR,Basic Materials,Specialty Chemicals,Chile,9450000000.0,13.66,66.17,0.52%,538925.0,0,0,0,0,0,0,0,0,1,0,0,0,0,0,0,0,0,0,0,0,0,0,0,0,0,0,0,0,1,0,1
QMX,FT Vest U.S. Equity Quarterly Max Buffer ETF,Financial,Exchange Traded Fund,USA,,,35.04,0.16%,7053.0,0,0,0,-1,0,0,0,0,0,0,0,0,0,0,0,0,0,0,0,0,0,0,0,0,0,0,0,0,0,1,1
QNS,Sequans Communications S.A ADR,Technology,Semiconductors,France,42550000.0,,2.79,1.82%,15358.0,0,0,0,0,0,0,0,0,0,0,0,0,-1,0,0,0,0,0,0,0,0,0,0,1,0,0,0,0,1,1,2
QQQ,ProShares UltraPro Short QQQ -3x Shares,Financial,Exchange Traded Fund,USA,,,31.83,-1.30%,38928296.0,0,0,0,0,0,0,0,0,1,0,0,0,0,0,0,0,0,0,0,0,0,0,0,0,0,0,0,0,1,0,1
QS,Sapient Quality Select ETF,Financial,Exchange Traded Fund,USA,,,28.73,0.99%,503.0,0,1,0,0,0,0,0,0,0,0,0,0,0,0,0,0,0,0,0,0,0,0,0,0,0,0,0,0,1,0,1
R,Spire Inc,Utilities,Utilities - Regulated Gas,USA,4620000000.0,8.71,78.17,0.98%,286098.0,0,0,0,0,0,0,0,0,0,0,0,0,-1,0,0,0,0,0,0,0,0,0,0,1,0,0,0,0,1,1,2
RAD,Sportradar Group AG,Technology,Software - Application,Switzerland,3800000000.0,202.33,12.18,0.83%,1409656.0,0,0,0,-1,0,0,0,0,1,1,0,0,0,0,0,0,0,0,0,0,0,0,0,0,0,0,0,0,2,1,3
RCE,1st Source Corp,Financial,Banks - Regional,USA,2069999999.9999998,12.19,85.77,-0.57%,93226.0,0,0,0,0,0,0,0,0,0,0,0,0,-1,0,0,0,0,0,0,0,0,0,0,0,0,0,0,0,0,1,1
RE,Sempra,Utilities,Utilities - Diversified,USA,52290000000.0,23.18,79.97,2.32%,2898146.0,0,0,0,0,0,0,0,0,1,0,0,0,0,0,0,0,0,0,0,0,0,0,0,0,0,0,0,0,1,0,1
RG,Seritage Growth Properties,Real Estate,Real Estate Services,USA,96880000.0,,1.72,-1.71%,115976.0,0,0,0,0,0,0,0,0,1,0,0,0,0,0,0,0,0,0,0,0,0,0,0,0,0,0,0,0,1,0,1
RZN,Surrozen Inc,Healthcare,Biotechnology,USA,309940000.0,,26.37,-9.47%,603823.0,0,0,0,0,0,0,0,0,0,0,0,0,0,0,0,0,0,0,0,0,0,0,-1,0,0,0,0,0,0,1,1
SAC,SPACSphere Acquisition Corp,Financial,Shell Companies,USA,241250000.0,195.19,10.15,0.10%,864.0,0,0,0,0,0,1,0,0,0,0,0,0,0,0,0,0,0,1,0,0,0,0,0,0,0,0,0,0,2,0,2
SBI,Summit State Bank,Financial,Banks - Regional,USA,85190000.0,37.57,12.58,3.03%,2024.0,0,0,0,0,0,0,0,0,1,1,0,0,0,0,0,0,0,0,0,0,0,0,0,0,0,0,0,0,2,0,2
SD,Simpson Manufacturing Co Inc,Basic Materials,Lumber & Wood Production,USA,7170000000.0,19.11,175.02,1.30%,306258.0,0,0,0,0,0,0,0,0,0,0,1,0,0,0,0,0,0,0,0,0,0,0,0,0,0,0,0,0,1,0,1
SEA,Starry Sea Acquisition Corp,Financial,Shell Companies,USA,79220000.0,90.79,10.35,0.00%,711.0,0,0,0,0,0,0,0,-1,0,0,0,0,0,0,0,0,0,0,0,0,0,0,0,0,0,0,0,0,0,1,1
SFI,Day Hagan Smart Sector Fixed Income ETF,Financial,Exchange Traded Fund,USA,,,20.29,0.25%,148.0,0,0,0,0,0,0,0,0,1,0,0,0,0,0,0,0,0,0,0,0,0,0,0,0,0,0,0,0,1,0,1
SMG,Virtus Silvant Small/Mid Growth ETF,Financial,Exchange Traded Fund,USA,,,26.27,0.46%,2492.0,0,0,0,0,0,0,0,0,0,0,0,0,-1,0,0,0,0,0,0,0,0,0,0,0,0,0,0,0,0,1,1
SP,E.W. Scripps Co,Communication Services,Broadcasting,USA,270590000.0,,2.92,7.35%,997572.0,0,0,0,0,0,0,0,0,1,0,0,0,0,0,0,0,0,0,0,0,0,0,0,0,0,0,0,0,1,0,1
ST,System1 Inc,Industrials,Specialty Business Services,USA,24750000.0,,2.36,2.61%,103764.0,0,0,0,0,0,0,0,0,0,0,1,0,0,0,0,0,0,0,0,0,0,0,-1,0,0,0,0,0,1,1,2
SYS,Stratasys Ltd,Technology,Computer Hardware,USA,749750000.0,,8.56,-0.23%,530859.0,0,0,0,0,0,0,0,0,0,0,0,0,-1,0,0,0,0,0,0,0,0,0,0,0,0,1,0,0,1,1,2
T,Sensata Technologies Holding Plc,Technology,Scientific & Technical Instruments,USA,6390000000.0,72.54,43.92,1.74%,1231213.0,0,0,0,0,0,0,0,0,1,0,0,0,0,0,0,0,0,0,0,0,0,0,0,0,0,0,0,0,1,0,1
TAA,Staar Surgical Co,Healthcare,Medical Instruments & Supplies,USA,1110000000.0,333.08,22.15,-1.86%,637470.0,0,0,0,0,0,0,0,0,1,0,0,0,0,0,0,0,0,0,0,0,0,0,0,0,0,0,0,0,1,0,1
TBF,Performance Trust Short Term Bond ETF,Financial,Exchange Traded Fund,USA,,,24.91,0.12%,32633.0,0,0,0,0,0,0,0,0,0,0,0,0,-1,-1,0,0,0,0,0,0,0,0,0,0,0,0,0,0,0,2,2
TC,Stewart Information Services Corp,Financial,Insurance - Property & Casualty,USA,1580000000.0,11.35,51.72,1.75%,289137.0,0,0,0,0,0,0,0,0,0,0,1,0,0,0,0,0,0,0,0,0,0,0,0,0,0,0,0,0,1,0,1
TEP,StepStone Group Inc,Financial,Asset Management,USA,5450000000.0,,45.16,-2.00%,938370.0,0,1,0,0,0,0,0,0,0,0,0,0,-1,0,0,0,0,0,0,0,0,0,0,0,0,0,0,0,1,1,2
TEX,Streamex Corp,Financial,Capital Markets,USA,60220000.0,,0.52,-12.74%,2342032.0,0,0,0,0,0,0,0,0,1,1,0,0,0,0,0,0,0,0,0,0,0,0,0,0,0,0,0,0,2,0,2
TK,Columbia Seligman Premium Technology Growth Fund Inc,Financial,Closed-End Fund - Equity,USA,995520000.0,,56.26,1.75%,57114.0,0,0,0,0,0,0,0,0,0,0,1,0,0,0,0,0,0,0,0,0,0,0,0,0,0,0,0,0,1,0,1
TLA,Stellantis N.V,Consumer Cyclical,Auto Manufacturers,Netherlands,13340000000.0,,4.61,2.67%,29793393.0,0,0,0,0,0,0,0,0,1,0,0,0,0,0,0,0,0,0,0,0,0,0,0,0,0,0,0,0,1,0,1
TLD,Steel Dynamics Inc,Basic Materials,Steel,USA,34140000000.0,21.6,238.17,-1.19%,872850.0,0,0,0,0,0,0,0,0,0,0,0,0,-1,-1,0,0,0,0,0,0,0,0,0,0,0,0,0,0,0,2,2
TLN,Starling Oncology Inc,Healthcare,Medical Care Facilities,USA,657890000.0,,6.58,4.44%,985796.0,0,0,0,-1,0,0,0,-1,0,0,0,0,0,0,0,0,0,0,0,0,0,0,0,0,0,0,0,0,0,2,2
TLU,2x Stellar ETF,Financial,Exchange Traded Fund,USA,,,21.21,0.05%,7629.0,0,0,0,0,0,0,0,0,0,0,0,0,-1,0,0,0,0,0,0,0,0,0,0,0,0,0,0,0,0,1,1
TNC,Hennessy Sustainable ETF,Financial,Exchange Traded Fund,USA,,,36.32,0.92%,346.0,0,1,0,0,0,0,0,0,0,0,0,0,0,0,0,0,0,0,0,0,0,0,0,0,0,0,0,0,1,0,1
TNE,StoneCo Ltd,Technology,Software - Infrastructure,Brazil,2830000000.0,4.7,11.62,0.69%,11103581.0,0,0,0,0,0,0,0,0,0,0,0,0,-1,-1,0,0,0,0,0,0,0,0,0,0,0,1,0,0,1,2,3
TNG,Scorpio Tankers Inc,Energy,Oil & Gas Midstream,Monaco,4320000000.0,5.43,86.23,-0.21%,1002886.0,0,0,0,0,0,0,0,0,0,0,1,0,0,0,0,0,0,0,0,0,0,0,-1,0,0,0,0,0,1,1,2
TOX,Horizon Core Equity ETF,Financial,Exchange Traded Fund,USA,,,32.57,0.54%,17047.0,0,0,0,0,0,0,0,0,0,0,1,0,0,0,0,0,0,0,0,0,0,0,-1,0,0,0,0,0,1,1,2
TPZ,PIMCO 1-5 Year U.S. TIPS Index ETF,Financial,Exchange Traded Fund,USA,,,51.96,0.01%,70795.0,0,0,0,0,0,0,0,0,1,0,0,0,0,0,0,0,0,0,0,0,0,0,0,0,0,0,0,0,1,0,1
TRA,Strategic Education Inc,Consumer Defensive,Education & Training Services,USA,1770000000.0,13.31,79.82,0.68%,176272.0,0,0,0,0,0,0,0,0,0,0,1,1,0,0,0,0,0,0,0,0,0,0,0,0,0,0,0,0,2,0,2
TRN,SMART Trend 25 ETF,Financial,Exchange Traded Fund,USA,,,27.56,0.58%,2724.0,0,0,0,0,0,0,0,0,1,0,0,0,0,0,0,0,0,0,0,0,0,0,0,0,0,0,0,0,1,0,1
TRR,Star Equity Holdings Inc,Industrials,Staffing & Employment Services,USA,36930000.0,,10.01,2.14%,2351.0,0,1,0,0,0,0,0,0,0,0,0,0,0,0,0,0,0,0,0,0,0,0,0,0,0,0,0,0,1,0,1
TSM,Defiance Daily Target 2X Short TSM ETF,Financial,Exchange Traded Fund,USA,,,26.21,1.20%,15327.0,0,0,0,0,0,0,0,0,1,0,0,0,0,0,0,0,0,0,0,0,0,0,0,0,0,0,0,0,1,0,1
TTK,Shattuck Labs Inc,Healthcare,Biotechnology,USA,588130000.0,,5.86,-9.85%,1595353.0,0,0,0,0,0,0,0,0,0,0,1,0,0,0,0,0,0,0,0,0,0,0,0,0,-1,0,0,0,1,1,2
TVN,Stevanato Group Spa,Healthcare,Medical Instruments & Supplies,Italy,5420000000.0,34.53,19.86,-0.95%,236061.0,0,0,0,0,0,0,0,0,0,0,1,1,0,0,0,0,0,1,0,0,0,0,0,0,0,0,0,0,3,0,3
TWD,Starwood Property Trust Inc,Real Estate,REIT - Mortgage,USA,4790000000.0,21.72,12.93,-0.39%,6170080.0,0,0,0,0,0,1,0,0,1,1,0,0,0,0,0,0,0,0,0,0,0,0,0,0,0,0,0,0,3,0,3
TXD,Strive 1000 Dividend Growth ETF,Financial,Exchange Traded Fund,USA,,,39.42,0.51%,3005.0,0,1,0,0,0,0,0,0,0,0,0,0,0,0,0,0,0,0,0,0,0,0,0,0,0,0,0,0,1,0,1
TXF,Strive 500 ETF,Financial,Exchange Traded Fund,USA,,,50.43,0.66%,64281.0,0,0,0,0,0,0,0,0,0,0,1,0,0,0,0,0,0,0,0,0,0,0,0,0,0,0,0,0,1,0,1
TXL,Defiance Daily Target 2x Long STX ETF,Financial,Exchange Traded Fund,USA,,,27.12,-18.09%,2007685.0,0,0,0,0,0,0,0,0,1,0,0,0,0,0,0,0,0,0,0,0,0,0,0,0,0,0,0,0,1,0,1
TXT,Strive Total Return Bond ETF,Financial,Exchange Traded Fund,USA,,,18.93,-0.29%,10267.0,0,0,0,0,0,1,0,0,0,0,0,0,0,0,0,0,0,0,0,-1,0,0,0,0,0,0,0,0,1,1,2
TXU,Leverage Shares 2X Long STX Daily ETF,Financial,Exchange Traded Fund,USA,,,10.33,-18.21%,1678875.0,0,0,0,0,0,0,0,0,1,0,0,0,0,0,0,0,0,0,0,0,0,0,0,0,0,0,0,0,1,0,1
TXX,Tradr 2X Long STX Daily ETF,Financial,Exchange Traded Fund,USA,,,34.45,-18.17%,630898.0,0,0,0,0,0,0,0,0,1,0,0,0,0,0,0,0,0,0,0,0,0,0,0,0,0,0,0,0,1,0,1
TZ,Constellation Brands Inc,Consumer Defensive,Beverages - Brewers,USA,19750000000.0,11.03,115.67,2.08%,6072623.0,0,0,0,0,0,1,0,0,1,0,0,0,0,0,0,0,0,0,0,0,0,0,0,0,0,0,0,0,2,0,2
UIS,Canary Staked SUI ETF,Financial,Exchange Traded Fund,USA,,,30.74,-0.83%,2690.0,0,0,0,0,0,0,0,0,0,0,0,0,0,0,0,0,0,0,0,0,0,0,0,0,0,1,0,0,1,0,1
UN,Sunoco LP,Energy,Oil & Gas Refining & Marketing,USA,14940000000.0,16.01,72.96,4.39%,263299.0,0,0,0,-1,0,0,0,0,0,0,0,0,0,0,0,0,0,0,0,0,0,0,0,0,0,0,0,0,0,1,1
UNS,Sunrise Realty Trust Inc,Real Estate,REIT - Mortgage,USA,80280000.0,6.12,5.94,0.00%,99629.0,0,0,0,0,0,0,0,0,0,0,0,0,-1,0,0,0,0,0,0,0,0,0,0,0,0,0,0,0,0,1,1
UPN,Supernus Pharmaceuticals Inc,Healthcare,Drug Manufacturers - Specialty & Generic,USA,2490000000.0,,42.83,0.16%,748264.0,0,0,0,-1,0,1,0,0,0,0,0,0,0,0,0,0,0,0,0,-1,0,0,0,0,0,0,0,0,1,2,3
UPP,TCW Transform Supply Chain ETF,Financial,Exchange Traded Fund,USA,,,82.2,0.73%,275.0,0,0,0,0,0,0,0,0,1,1,0,0,0,0,0,0,0,0,0,0,0,0,0,0,0,0,0,0,2,0,2
URG,Surgepays Inc,Communication Services,Telecom Services,USA,7930000.0,,0.15,3.24%,1986228.0,0,0,0,0,0,0,0,0,0,0,0,0,0,0,0,0,0,0,0,-1,0,0,0,0,0,0,0,0,0,1,1
USL,iShares ESG MSCI USA Leaders ETF,Financial,Exchange Traded Fund,USA,,,139.42,0.48%,7718.0,0,1,0,0,0,0,0,0,0,0,0,0,0,0,0,0,0,0,0,0,0,0,0,0,0,0,0,0,1,0,1
VIX,-1x Short VIX Futures ETF,Financial,Exchange Traded Fund,USA,,,29.98,2.67%,1449241.0,0,0,0,0,0,0,0,-1,0,0,0,0,0,0,0,0,0,0,0,0,0,0,0,0,0,0,0,0,0,1,1
VM,Silvercorp Metals Inc,Basic Materials,Silver,Canada,2330000000.0,101.45,10.51,-0.38%,2598939.0,0,0,0,0,0,0,0,0,1,0,0,0,0,0,0,0,0,0,0,0,0,0,0,0,0,0,0,0,1,0,1
W,Smurfit WestRock plc,Consumer Cyclical,Packaging & Containers,Ireland,22170000000.0,45.08,42.39,-0.05%,2736874.0,0,0,0,0,0,0,0,0,0,0,1,0,-1,0,0,0,0,0,0,0,0,0,0,0,0,0,0,0,1,1,2
WBI,Smith & Wesson Brands Inc,Industrials,Aerospace & Defense,USA,651070000.0,26.81,14.52,-1.22%,385447.0,0,0,0,0,0,0,0,0,1,0,0,0,0,0,0,0,0,0,0,0,0,0,0,0,0,0,0,0,1,0,1
WIM,Latham Group Inc,Industrials,Building Products & Equipment,USA,751760000.0,154.72,6.39,0.00%,384723.0,0,0,0,0,0,0,0,0,0,0,0,0,0,0,0,0,0,0,0,0,0,0,0,0,0,0,0,1,1,0,1
WRD,Stewards Inc,Financial,Credit Services,USA,597900000.0,,2.65,13.25%,175465.0,0,0,0,0,0,0,0,0,1,1,0,0,0,0,0,0,0,0,0,0,0,0,0,0,0,0,0,0,2,0,2
XC,SunCoke Energy Inc,Basic Materials,Coking Coal,USA,852150000.0,,10.04,1.01%,1233188.0,0,0,0,-1,0,1,0,-1,0,0,0,0,0,0,0,0,0,0,0,0,0,0,0,0,0,0,0,0,1,2,3
XQG,ETC 6 Meridian Quality Growth ETF,Financial,Exchange Traded Fund,USA,,,34.24,0.55%,2525.0,0,0,0,0,0,0,0,-1,0,0,0,0,0,0,0,0,0,0,0,0,0,0,0,0,0,0,0,0,0,1,1
YK,Stryker Corp,Healthcare,Medical Devices,USA,106710000000.0,28.83,278.2,-2.46%,2855990.0,0,0,0,0,0,0,0,0,1,0,0,0,0,0,0,0,0,0,0,0,0,0,0,0,0,0,0,0,1,0,1
YNA,Synaptics Inc,Technology,Semiconductors,USA,4740000000.0,,119.39,-0.28%,1537458.0,0,0,0,0,0,0,0,0,1,0,0,0,0,0,0,0,0,0,0,0,0,0,0,0,0,0,0,0,1,0,1
YNX,Silynxcom Ltd,Technology,Communication Equipment,Israel,5970000.0,,0.9,4.05%,8377.0,0,0,0,0,0,0,0,0,1,0,0,0,0,0,0,0,0,0,0,0,0,0,0,0,0,0,0,0,1,0,1
YRE,Spyre Therapeutics Inc,Healthcare,Biotechnology,USA,7060000000.0,,80.11,-13.60%,4252337.0,0,0,0,0,0,0,0,0,1,0,0,0,0,0,0,0,0,0,0,0,0,0,0,0,0,0,0,0,1,0,1
YSB,iShares Systematic Bond ETF,Financial,Exchange Traded Fund,USA,,,84.04,0.28%,84188.0,0,0,0,0,0,0,0,0,0,0,0,0,0,0,0,0,0,0,0,-1,0,0,0,0,0,0,0,0,0,1,1
YY,Sysco Corp,Consumer Defensive,Food Distribution,USA,38100000000.0,21.19,77.45,1.40%,3341507.0,0,0,0,0,0,0,0,0,0,0,0,0,0,0,0,1,0,0,0,0,0,0,0,0,0,0,0,0,1,0,1
ZK,ProShares UltraShort Consumer Staples,Financial,Exchange Traded Fund,USA,,,21.79,-1.98%,716.0,0,0,0,0,0,1,0,0,0,0,0,0,0,0,0,1,0,0,0,0,0,0,0,0,0,0,0,0,2,0,2
ABD,Transamerica Bond Active ETF,Financial,Exchange Traded Fund,USA,,,23.9,0.29%,7175.0,0,0,0,0,0,0,0,0,1,0,0,0,0,0,0,0,0,0,0,0,0,0,0,0,0,0,0,0,1,0,1
ACN,T. Rowe Price Active Core International Equity ETF,Financial,Exchange Traded Fund,USA,,,28.53,0.48%,10355.0,0,0,0,0,0,0,0,0,0,0,1,0,0,0,0,0,0,0,0,0,0,0,0,0,0,0,0,0,1,0,1
ACT,Transact Technologies Inc,Technology,Computer Hardware,USA,48730000.0,,4.72,4.19%,5774.0,0,0,0,0,0,0,0,0,1,0,0,0,0,0,0,0,0,0,0,0,0,0,0,0,0,0,0,0,1,0,1
ACU,T. Rowe Price Active Core U.S. Equity ETF,Financial,Exchange Traded Fund,USA,,,28.58,0.67%,3742.0,0,0,0,0,0,0,0,0,0,0,1,0,0,0,0,0,0,0,0,0,0,0,0,0,0,0,0,0,1,0,1
AFI,AB Tax-Aware Short Duration Municipal ETF,Financial,Exchange Traded Fund,USA,,,24.59,-0.20%,2838744.0,0,0,0,0,0,0,0,0,1,0,0,0,0,0,0,0,0,0,0,0,0,0,0,0,0,0,0,0,1,0,1
AL,TAL Education Group ADR,Consumer Defensive,Education & Training Services,China,4210000000.0,7.78,12.6,2.36%,2797276.0,0,0,0,-1,0,0,0,0,0,0,0,0,0,0,0,0,0,0,0,0,0,0,0,0,0,0,0,1,1,1,2
AN,Invesco Solar ETF,Financial,Exchange Traded Fund,USA,,,44.4,1.67%,732209.0,0,1,0,0,0,0,0,0,0,0,0,0,0,0,0,0,0,0,0,0,0,0,0,0,0,0,0,0,1,0,1
AOX,TAO Synergies Inc,Financial,Capital Markets,USA,34120000.0,,4.56,2.93%,150420.0,0,0,0,0,0,0,0,0,0,0,0,0,-1,0,0,0,0,0,0,0,0,0,0,0,0,0,0,0,0,1,1
AOZ,Thornburg American Opportunities Fund,Financial,Exchange Traded Fund,USA,,,89.13,0.33%,165.0,0,0,0,0,0,1,0,0,0,0,0,0,0,0,0,0,0,0,0,0,0,0,0,0,0,0,0,0,1,0,1
AP,Molson Coors Beverage Company,Consumer Defensive,Beverages - Brewers,USA,6940000000.0,,36.91,1.07%,3306763.0,0,0,0,0,0,0,0,0,1,0,0,0,0,0,0,0,0,0,0,0,0,0,0,0,0,0,0,0,1,0,1
ARA,Protara Therapeutics Inc,Healthcare,Biotechnology,USA,150990000.0,,2.56,-2.85%,803564.0,0,0,0,0,0,0,0,0,1,0,0,0,0,0,0,0,0,0,0,0,0,0,0,0,0,0,0,0,1,0,1
ARK,Tradr 2X Long Innovation ETF,Financial,Exchange Traded Fund,USA,,,56.54,-5.09%,9066.0,0,0,0,-1,0,0,0,0,0,0,0,0,0,0,0,0,0,0,0,0,0,0,0,0,0,0,0,0,0,1,1
AYD,Taylor Devices Inc,Industrials,Specialty Industrial Machinery,USA,194730000.0,29.18,60.29,2.94%,30845.0,0,0,0,0,0,1,0,0,0,0,0,0,-1,0,0,0,0,0,0,0,0,0,0,0,0,1,0,0,2,1,3
BCH,Turtle Beach Corp,Technology,Consumer Electronics,USA,241960000.0,,13.51,-2.53%,757097.0,0,0,0,0,0,0,0,0,0,0,1,0,0,0,0,0,0,0,0,0,0,0,0,0,0,0,0,0,1,0,1
BFG,The Brinsmere Fund Growth ETF,Financial,Exchange Traded Fund,USA,,,32.82,0.27%,14.0,0,0,0,0,0,0,0,0,0,0,1,0,0,0,0,0,0,0,0,0,1,0,0,0,0,0,0,0,2,0,2
BIL,F/m US Treasury 3 Month Bill Fund,Financial,Exchange Traded Fund,USA,,,49.88,0.00%,2882649.0,0,1,0,0,0,1,0,0,0,0,0,0,0,0,0,0,0,0,0,0,1,1,0,0,0,0,0,0,4,0,4
BLL,Invesco Short Term Treasury ETF,Financial,Exchange Traded Fund,USA,,,105.65,0.01%,195276.0,0,1,0,0,0,1,0,0,0,0,0,0,0,0,0,0,0,0,0,0,1,0,0,0,0,0,0,0,3,0,3
BLU,Tortoise Global Water ETF,Financial,Exchange Traded Fund,USA,,,49.73,-0.03%,1250.0,0,0,0,0,0,0,0,0,0,0,0,0,-1,0,0,0,0,0,0,0,1,0,0,0,0,0,0,0,1,1,2
BT,ProShares UltraShort 20+ Yr Treasury,Financial,Exchange Traded Fund,USA,,,42.76,-0.42%,248730.0,0,0,0,0,0,0,0,-1,0,0,0,0,0,0,0,0,0,0,0,0,0,0,0,0,0,0,0,0,0,1,1
BUX,T. Rowe Price Ultra Short-Term Bond ETF,Financial,Exchange Traded Fund,USA,,,49.7,0.08%,848565.0,0,1,0,-1,0,0,0,0,0,0,0,0,0,0,0,0,0,0,0,0,0,0,0,0,0,0,0,0,1,1,2
CAF,T. Rowe Price Capital Appreciation Equity ETF,Financial,Exchange Traded Fund,USA,,,43.34,0.58%,511096.0,0,0,0,0,0,0,0,0,0,0,0,0,0,0,0,0,0,1,0,0,0,0,0,0,0,0,0,0,1,0,1
CAI,Tortoise AI Infrastructure ETF,Financial,Exchange Traded Fund,USA,,,49.21,2.78%,35227.0,0,0,0,0,0,0,0,0,1,0,0,0,0,0,0,0,0,0,0,0,0,0,0,0,0,0,0,0,1,0,1
CAL,T. Rowe Price Capital Appreciation Premium Income ETF,Financial,Exchange Traded Fund,USA,,,22.25,0.59%,86257.0,0,1,0,0,0,0,0,0,0,0,0,0,0,0,0,0,0,0,0,0,0,0,0,0,0,0,0,0,1,0,1
CAN,21Shares Canton Network ETF,Financial,Exchange Traded Fund,USA,,,21.71,0.33%,30793.0,0,0,0,0,0,0,0,0,0,0,1,0,0,0,0,0,0,0,0,0,0,0,0,0,0,0,0,0,1,0,1
CBI,Texas Capital Bancshares Inc,Financial,Banks - Regional,USA,4040000000.0,12.09,92.97,-0.77%,466083.0,0,0,0,0,0,0,0,0,0,0,1,0,0,0,0,0,0,0,0,0,0,0,0,0,0,0,0,0,1,0,1
CBS,Texas Community Bancshares Inc,Financial,Banks - Regional,USA,48840000.0,14.31,17.0,0.00%,847.0,0,0,0,0,0,0,0,0,0,0,0,0,0,0,0,1,0,0,0,0,0,0,0,0,0,0,0,0,1,0,1
CX,Tucows Inc,Technology,Software - Infrastructure,Canada,105000000.0,,9.39,2.29%,37151.0,0,0,0,0,0,0,0,0,0,0,0,0,0,0,0,0,0,0,0,0,0,0,0,1,0,0,0,0,1,0,1
DAQ,TappAlpha Innovation 100 Growth & Daily Income ETF,Financial,Exchange Traded Fund,USA,,,28.02,0.47%,628423.0,0,0,0,0,0,0,0,0,0,0,0,0,0,0,0,1,0,0,0,0,0,0,0,0,0,0,0,0,1,0,1
DEC,FT Vest Emerging Markets Buffer ETF - December,Financial,Exchange Traded Fund,USA,,,27.55,-0.01%,6445.0,0,0,0,0,0,0,0,-1,0,0,0,0,0,0,0,0,0,0,0,0,0,0,0,0,0,0,0,0,0,1,1
DOG,21Shares Dogecoin ETF,Financial,Exchange Traded Fund,USA,,,18.89,-1.66%,2188.0,0,1,0,0,0,0,0,0,0,0,0,0,0,0,0,0,0,0,0,0,0,0,0,0,0,0,0,1,2,0,2
DS,Telephone And Data Systems Inc,Communication Services,Telecom Services,USA,3780000000.0,12.92,35.15,0.11%,1389223.0,0,0,0,0,0,0,0,0,0,0,0,0,0,0,0,0,0,0,0,0,0,0,0,0,0,1,0,0,1,0,1
DSB,ETC Cabana Target Beta ETF,Financial,Exchange Traded Fund,USA,,,24.63,0.56%,2687.0,0,0,0,0,0,0,0,0,0,0,1,0,0,0,0,0,0,0,0,0,0,0,0,0,0,0,0,0,1,0,1
DSC,ETC Cabana Target Drawdown 10 ETF,Financial,Exchange Traded Fund,USA,,,28.56,0.62%,3678.0,0,0,0,0,0,0,0,0,0,0,0,0,-1,0,0,0,0,0,0,0,0,0,0,0,0,0,0,0,0,1,1
DTH,Trident Digital Tech Holdings Ltd,Technology,Information Technology Services,Singapore,1100000000.0,,0.98,2.64%,33525.0,0,0,0,0,0,0,0,0,0,0,0,0,0,0,0,0,0,0,0,0,0,0,0,1,0,0,0,0,1,0,1
DTT,Northern Trust iBoxx 3-Year Target Duration TIPS ETF,Financial,Exchange Traded Fund,USA,,,23.29,0.09%,596791.0,0,0,0,0,0,0,0,0,1,0,0,0,0,0,0,0,0,0,0,0,0,0,0,0,0,0,0,0,1,0,1
DV,ProShares S&P Technology Dividend Aristocrats ETF,Financial,Exchange Traded Fund,USA,,,102.96,0.21%,8808.0,0,0,0,0,0,0,0,0,0,0,0,0,0,0,0,1,0,0,0,0,0,0,0,0,0,0,0,0,1,0,1
DY,Teledyne Technologies Inc,Technology,Scientific & Technical Instruments,USA,28840000000.0,30.06,622.22,0.42%,169703.0,0,0,0,0,0,0,0,0,0,0,0,0,0,0,0,0,0,0,0,0,1,0,0,0,0,0,0,0,1,0,1
E,T1 Energy Inc,Industrials,Electrical Equipment & Parts,USA,1120000000.0,,3.8,2.70%,19792626.0,0,0,0,0,0,0,0,0,0,0,0,0,0,0,0,0,0,0,0,0,0,0,0,1,0,0,0,0,1,0,1
EAD,Teads Holding Co,Communication Services,Internet Content & Information,USA,55410000.0,,0.57,-0.23%,142150.0,0,0,0,0,0,1,0,0,0,0,0,0,0,0,0,0,0,0,0,0,0,0,0,0,0,0,0,0,1,0,1
EC,Harbor Transformative Technologies ETF,Financial,Exchange Traded Fund,USA,,,36.07,0.68%,721.0,0,0,0,0,0,0,0,0,0,0,1,1,0,0,0,0,0,0,0,0,0,0,0,0,0,0,0,0,2,0,2
ECY,GraniteShares YieldBOOST Technology ETF,Financial,Exchange Traded Fund,USA,,,21.25,0.26%,343.0,0,0,0,0,0,0,0,0,1,0,0,0,0,0,0,0,0,0,0,0,0,0,0,0,0,0,0,0,1,0,1
EKX,State Street Galaxy Transformative Tech Accelerators ETF,Financial,Exchange Traded Fund,USA,,,63.49,0.22%,1068.0,0,0,0,0,0,0,0,0,0,0,1,0,0,0,0,0,0,0,0,0,0,0,0,0,0,0,0,0,1,0,1
EL,TE Connectivity plc,Technology,Electronic Components,Ireland,63550000000.0,21.52,219.51,0.26%,1394670.0,0,0,0,0,0,0,0,0,0,0,1,0,0,0,0,0,0,0,0,0,0,0,0,0,0,0,0,0,1,0,1
EM,Tempus AI Inc,Healthcare,Health Information Services,USA,12990000000.0,,71.98,-13.85%,16564747.0,0,0,0,0,0,0,0,0,0,0,0,0,0,0,0,0,0,0,0,0,0,0,0,0,0,1,0,0,1,0,1
EMX,Touchstone Sands Capital Emerging Markets ex-China Growth ETF,Financial,Exchange Traded Fund,USA,,,38.79,-0.95%,390.0,0,0,0,0,0,0,0,0,1,0,0,0,0,0,0,0,0,0,0,0,0,0,0,0,0,0,0,0,1,0,1
ENB,Tenable Holdings Inc,Technology,Software - Infrastructure,USA,4350000000.0,682.79,39.47,2.48%,3378377.0,0,0,0,0,0,0,0,0,0,0,0,0,0,0,0,1,0,0,0,0,0,0,0,0,0,0,0,0,1,0,1
ENJ,iShares Large Cap 10% Target Buffer Jun ETF,Financial,Exchange Traded Fund,USA,,,28.65,0.42%,294.0,0,0,0,0,0,0,0,0,0,0,1,0,0,0,0,0,0,0,0,0,0,0,0,0,0,0,0,0,1,0,1
EQI,T. Rowe Price Equity Income ETF,Financial,Exchange Traded Fund,USA,,,51.1,0.41%,7698.0,0,0,0,0,0,0,0,0,0,0,0,0,0,0,0,0,0,0,0,0,0,0,-1,0,0,0,0,0,0,1,1
ER,Teradyne Inc,Technology,Semiconductor Equipment & Materials,USA,67280000000.0,59.04,430.32,-3.20%,2011086.0,0,0,0,0,0,0,0,0,0,0,0,0,0,0,0,1,0,0,0,0,0,0,0,0,0,0,0,0,1,0,1
ERC,Corgi TER 2x Daily ETF,Financial,Exchange Traded Fund,USA,,,26.86,-6.25%,635.0,0,0,0,0,0,0,0,0,0,0,0,0,-1,0,0,0,0,0,0,0,0,0,0,0,0,0,0,0,0,1,1
ERG,Leverage Shares 2X Long TER Daily ETF,Financial,Exchange Traded Fund,USA,,,50.0,-6.10%,29888.0,0,1,0,0,0,1,0,0,0,0,0,0,-1,-1,0,0,0,0,0,0,0,0,0,0,0,0,0,0,2,2,4
ESL,Simplify Volt TSLA Revolution ETF,Financial,Exchange Traded Fund,USA,,,14.46,0.70%,1374.0,0,0,0,0,0,0,0,0,1,0,0,0,0,0,0,0,0,0,0,0,0,0,0,0,0,0,0,0,1,0,1
EST,YieldMax TSLA Performance & Distribution Target 25 ETF,Financial,Exchange Traded Fund,USA,,,38.0,-0.07%,1189.0,0,0,0,0,0,0,0,0,1,0,0,0,0,0,0,0,0,0,0,0,0,0,0,0,0,0,0,0,1,0,1
EXN,iShares Texas Equity ETF,Financial,Exchange Traded Fund,USA,,,34.37,1.08%,3384.0,0,0,0,0,0,0,0,0,0,0,1,0,0,0,0,0,0,0,0,0,0,0,0,0,0,0,0,0,1,0,1
EXU,Direxion Daily Energy Top 5 Bull 2X ETF,Financial,Exchange Traded Fund,USA,,,41.91,0.73%,189.0,0,0,0,0,0,0,0,0,0,0,1,0,0,0,0,0,0,0,0,0,0,0,-1,0,0,0,0,0,1,1,2
EXX,Horizon Kinetics Texas ETF,Financial,Exchange Traded Fund,USA,,,29.56,1.75%,514.0,0,0,0,0,0,1,0,0,0,0,1,1,0,0,0,0,0,0,0,0,0,0,-1,0,0,0,0,0,3,1,4
FII,TFI International Inc,Industrials,Trucking,Canada,9360000000.0,27.99,113.94,-0.75%,582451.0,0,0,0,0,0,0,0,0,1,1,0,0,0,0,0,0,0,0,0,0,0,0,0,0,0,0,0,0,2,0,2
FLO,iShares Treasury Floating Rate Bond ETF,Financial,Exchange Traded Fund,USA,,,50.54,0.00%,2315070.0,0,1,0,-1,0,1,0,0,0,0,0,0,0,0,0,0,0,0,0,0,0,0,0,0,0,0,0,0,2,1,3
FNS,T. Rowe Price Financials ETF,Financial,Exchange Traded Fund,USA,,,27.76,0.17%,802.0,0,0,0,0,0,0,0,0,0,0,0,0,0,0,0,0,0,0,0,0,0,0,-1,0,0,0,0,0,0,1,1
FPM,Triple Flag Precious Metals Corp,Basic Materials,Other Precious Metals & Mining,Canada,6320000000.0,15.42,30.68,0.66%,401857.0,0,0,0,0,0,0,0,0,0,0,0,0,0,0,0,0,0,0,0,0,0,0,0,1,0,0,0,0,1,0,1
FPN,Blueprint Chesapeake Multi-Asset Trend ETF,Financial,Exchange Traded Fund,USA,,,30.39,0.61%,4345.0,0,1,0,0,0,0,0,0,0,0,0,0,0,0,0,0,0,0,0,0,0,0,0,0,0,0,0,0,1,0,1
G,Tredegar Corp,Industrials,Metal Fabrication,USA,245660000.0,7.46,7.03,0.43%,144789.0,0,1,0,0,0,0,0,0,0,0,0,0,0,0,0,0,0,0,0,0,0,0,0,0,0,0,0,0,1,0,1
GE,Generation Essentials Group,Financial,Asset Management,France,58150000.0,4.2,1.2,10.09%,1306737.0,0,0,0,0,0,0,0,0,0,0,0,0,0,0,0,0,0,0,0,0,0,0,0,0,0,1,0,0,1,0,1
GL,Treasure Global Inc,Technology,Software - Application,USA,2460000.0,,1.26,0.00%,65437.0,0,0,0,0,0,0,0,0,1,1,0,0,0,0,0,0,0,0,0,0,0,0,0,0,0,0,0,0,2,0,2
GLB,T. Rowe Price Global Equity ETF,Financial,Exchange Traded Fund,USA,,,30.83,0.87%,1183.0,0,0,0,0,0,0,0,0,0,0,0,0,0,0,0,0,0,0,0,0,0,0,-1,0,0,0,0,0,0,1,1
GLS,Tecnoglass Holdings Inc,Basic Materials,Building Materials,USA,1630000000.0,12.9,36.68,5.07%,377959.0,0,1,0,0,0,0,0,0,0,0,0,0,0,0,0,0,0,0,0,0,0,0,0,0,0,0,0,0,1,0,1
GRT,T. Rowe Price Growth ETF,Financial,Exchange Traded Fund,USA,,,48.65,0.68%,124273.0,0,0,0,0,0,0,0,0,0,0,1,1,0,0,0,0,0,0,0,0,0,0,0,0,0,0,0,0,2,0,2
GS,Transportadora de Gas del Sur ADR,Energy,Oil & Gas Integrated,Argentina,1880000000.0,10.36,27.04,1.73%,313020.0,0,1,0,-1,0,0,0,0,0,0,0,0,0,0,0,0,0,0,0,0,0,0,0,0,0,0,0,0,1,1,2
GT,Target Corp,Consumer Defensive,Discount Stores,USA,70110000000.0,16.01,154.33,0.88%,3739200.0,0,0,0,0,0,1,0,0,0,0,0,0,0,0,0,0,0,0,0,0,0,0,0,0,0,0,0,0,1,0,1
GTX,TG Therapeutics Inc,Healthcare,Biotechnology,USA,7990000000.0,19.01,52.19,-3.19%,2412370.0,0,0,0,0,0,0,0,0,0,0,1,0,0,0,0,0,0,0,0,0,0,0,0,0,-1,0,0,0,1,1,2
HCH,TH International Ltd,Consumer Cyclical,Restaurants,China,39080000.0,,1.22,0.00%,8043.0,0,0,0,-1,0,0,0,0,0,0,0,0,0,0,0,0,0,0,0,0,0,0,0,0,0,0,0,0,0,1,1
HD,iShares MSCI Thailand ETF,Financial,Exchange Traded Fund,USA,,,71.91,0.60%,14269.0,0,1,0,-1,0,0,0,0,0,0,1,1,0,0,0,0,0,0,0,0,0,0,0,0,0,0,0,0,3,1,4
HEQ,T. Rowe Price Hedged Equity ETF,Financial,Exchange Traded Fund,USA,,,30.64,0.60%,348.0,0,0,0,0,0,0,0,0,0,0,1,1,0,0,0,0,0,0,0,0,0,0,0,0,0,0,0,0,2,0,2
HG,Hanover Insurance Group Inc,Financial,Insurance - Property & Casualty,USA,7660000000.0,10.5,220.04,-0.16%,248334.0,0,0,0,0,0,0,0,0,0,0,0,0,0,0,0,0,0,0,0,0,0,0,-1,0,0,0,0,0,0,1,1
HLV,THOR Equal Weight Low Volatility ETF,Financial,Exchange Traded Fund,USA,,,31.36,0.07%,11592.0,0,0,0,0,0,0,0,0,0,0,1,0,0,0,0,0,0,0,0,0,0,0,0,0,0,0,0,0,1,0,1
HM,International Tower Hill Mines Ltd,Basic Materials,Gold,Canada,609620000.0,,2.33,-4.12%,517292.0,0,0,0,0,0,0,0,0,0,0,1,0,0,0,0,0,0,0,0,0,0,0,0,0,0,0,0,0,1,0,1
HMZ,Lazard Equity Megatrends ETF,Financial,Exchange Traded Fund,USA,,,35.08,0.22%,7036.0,0,0,0,-1,0,0,0,0,0,0,0,0,0,0,0,0,0,0,0,0,0,0,0,0,0,0,0,0,0,1,1
HNQ,ROBO Global Artificial Intelligence ETF,Financial,Exchange Traded Fund,USA,,,100.74,0.15%,16567.0,0,0,0,0,0,0,0,-1,0,0,0,0,0,0,0,0,0,0,0,0,0,0,0,0,0,0,0,0,0,1,1
HO,Thor Industries Inc,Consumer Cyclical,Recreational Vehicles,USA,3490000000.0,19.97,67.63,0.58%,803685.0,0,0,0,0,0,1,0,0,1,0,0,0,0,0,0,0,0,0,0,-1,0,0,0,0,0,0,0,0,2,1,3
HRV,Prospera Income ETF,Financial,Exchange Traded Fund,USA,,,23.34,0.39%,695.0,0,0,0,-1,0,0,0,0,0,0,0,0,0,0,0,0,0,0,0,0,0,0,0,0,0,0,0,0,0,1,1
HTA,SoFi Enhanced Yield ETF,Financial,Exchange Traded Fund,USA,,,15.77,0.06%,59764.0,0,0,0,-1,0,0,0,0,0,0,0,0,0,0,0,0,0,0,0,0,0,0,0,0,0,0,0,0,0,1,1
HYF,T. Rowe Price U.S. High Yield ETF,Financial,Exchange Traded Fund,USA,,,50.11,0.48%,10971.0,0,0,0,-1,0,0,0,0,0,0,0,0,0,0,0,0,0,0,0,0,0,0,0,0,0,0,0,0,0,1,1
IC,TIC Solutions Inc,Industrials,Specialty Business Services,USA,1930000000.0,,8.85,7.14%,1796581.0,0,0,0,0,0,0,0,0,0,0,0,0,0,0,0,0,0,0,0,0,1,0,0,1,0,0,0,0,2,0,2
IH,The Investment House ETF,Financial,Exchange Traded Fund,USA,,,25.21,0.81%,47802.0,0,0,0,0,0,0,0,0,0,0,0,0,-1,0,0,0,0,0,0,0,0,0,0,1,0,0,0,0,1,1,2
II,Titan Mining Corp,Basic Materials,Other Industrial Metals & Mining,USA,241510000.0,,2.44,-2.40%,156782.0,0,0,0,0,0,0,0,0,0,0,0,0,0,0,0,0,0,0,0,0,0,0,0,0,0,1,0,0,1,0,1
ILL,Teucrium Agricultural Strategy No K-1 ETF,Financial,Exchange Traded Fund,USA,,,20.72,1.27%,199002.0,0,0,0,0,0,0,0,0,0,0,0,0,0,0,0,0,0,0,0,0,0,0,-1,0,0,0,0,0,0,1,1
INT,ProShares Smart Materials ETF,Financial,Exchange Traded Fund,USA,,,38.91,0.67%,919.0,0,0,0,0,0,0,0,0,0,0,1,0,0,0,0,0,0,0,0,0,0,0,0,0,-1,0,0,0,1,1,2
INY,ProShares Nanotechnology ETF,Financial,Exchange Traded Fund,USA,,,81.4,-0.74%,514.0,0,1,0,0,0,0,0,0,0,0,0,0,0,0,0,0,0,0,0,0,0,0,0,0,0,0,0,0,1,0,1
IP,iShares TIPS Bond ETF,Financial,Exchange Traded Fund,USA,,,104.18,0.19%,1869221.0,0,0,0,0,0,0,0,0,1,0,0,0,0,0,0,0,0,0,0,0,0,0,0,0,0,0,0,0,1,0,1
IPC,Northern Trust 2045 Inflation-Linked Distributing Ladder ETF,Financial,Exchange Traded Fund,USA,,,92.69,0.28%,114.0,0,0,0,0,0,0,0,0,1,0,0,0,0,0,0,0,0,0,0,0,0,0,0,0,0,0,0,0,1,0,1
IPD,Northern Trust 2055 Inflation-Linked Distributing Ladder ETF,Financial,Exchange Traded Fund,USA,,,90.16,0.23%,407.0,0,0,0,0,0,0,0,0,1,0,0,0,0,0,0,0,0,0,0,0,0,0,0,0,0,0,0,0,1,0,1
IPT,Tiptree Inc,Financial,Asset Management,USA,639410000.0,,17.17,-0.98%,295684.0,0,0,0,-1,0,0,0,-1,0,0,0,0,0,0,0,0,0,0,0,0,0,0,0,0,0,0,0,0,0,2,2
ISI,Team Inc,Industrials,Specialty Business Services,USA,126540000.0,,27.61,-2.71%,40406.0,0,1,0,0,0,0,0,0,0,0,0,0,0,0,0,0,0,0,0,0,0,0,0,0,0,0,0,0,1,0,1
KLF,Tokyo Lifestyle Co Ltd ADR,Consumer Cyclical,Specialty Retail,Japan,6540000.0,9.2,1.54,3.00%,82241.0,0,0,0,0,0,0,0,0,1,0,0,0,0,0,0,0,0,0,0,0,0,0,0,0,0,0,0,0,1,0,1
KO,TKO Group Holdings Inc,Communication Services,Entertainment,USA,33400000000.0,61.04,176.46,-0.33%,580890.0,0,0,0,0,0,0,0,0,1,0,0,0,0,0,0,0,0,0,0,0,0,0,0,0,0,0,0,0,1,0,1
LA,GraniteShares Autocallable TSLA ETF,Financial,Exchange Traded Fund,USA,,,25.14,-0.24%,9376.0,0,1,0,-1,0,0,0,0,0,0,1,0,0,0,0,0,0,0,0,0,0,0,0,0,0,0,0,0,2,1,3
LDR,The Laddered T-Bill ETF,Financial,Exchange Traded Fund,USA,,,25.0,-0.04%,7738.0,0,1,0,0,0,0,0,0,1,1,0,0,0,0,0,0,0,0,0,0,0,0,0,0,0,0,0,0,3,0,3
LIH,Ten League International Holdings Ltd,Industrials,Industrial Distribution,Singapore,16910000.0,4.37,5.75,-0.17%,1780.0,0,1,0,0,0,0,0,0,0,0,0,0,0,0,0,0,0,0,0,0,0,0,0,0,0,0,0,0,1,0,1
LS,Telos Corp,Technology,Software - Infrastructure,USA,324350000.0,,4.34,-2.03%,509993.0,0,0,0,0,0,0,0,0,0,0,0,0,-1,-1,0,0,0,0,0,0,0,0,0,0,0,0,0,0,0,2,2
LSA,Tiziana Life Sciences Ltd,Healthcare,Biotechnology,Bermuda,142420000.0,,1.11,3.74%,634192.0,0,0,0,0,0,1,0,0,1,1,0,0,0,0,0,0,0,0,0,0,0,0,0,0,0,0,0,0,3,0,3
LSI,TriSalus Life Sciences Inc,Healthcare,Medical Devices,USA,262930000.0,,4.27,-2.51%,153597.0,0,0,0,0,0,0,0,0,0,0,0,0,0,0,0,0,0,0,0,0,0,0,0,0,0,0,0,1,1,0,1
LT,iShares 20+ Year Treasury Bond ETF,Financial,Exchange Traded Fund,USA,,,77.28,0.22%,31085912.0,0,0,0,0,0,0,0,0,1,0,0,0,0,0,0,0,0,0,0,0,0,0,0,0,0,0,0,0,1,0,1
LTI,NEOS Enhanced Income 20+ Year Treasury Bond ETF,Financial,Exchange Traded Fund,USA,,,41.13,0.34%,11042.0,0,0,0,0,0,0,0,0,1,1,0,0,0,0,0,0,0,0,0,0,0,0,0,0,0,0,0,0,2,0,2
LTP,Amplify TLT U.S. Treasury 12% Option Income ETF,Financial,Exchange Traded Fund,USA,,,18.77,0.35%,18649.0,0,0,0,0,0,0,0,0,0,0,0,0,0,0,0,0,0,0,0,-1,0,0,0,0,0,0,0,0,0,1,1
LTW,iShares 20+ Year Treasury Bond BuyWrite Strategy ETF,Financial,Exchange Traded Fund,USA,,,19.93,0.23%,1355899.0,0,0,0,0,0,1,0,0,1,1,0,0,0,0,0,0,0,0,0,0,0,0,0,0,0,0,0,0,3,0,3
LTX,Global X Treasury Bond Enhanced Income ETF,Financial,Exchange Traded Fund,USA,,,19.92,-0.40%,5639.0,0,0,0,0,0,0,0,0,0,0,0,0,0,0,0,0,0,0,0,-1,0,0,0,0,0,0,0,0,0,1,1
LX,Telix Pharmaceuticals Ltd ADR,Healthcare,Biotechnology,Australia,3660000000.0,115.29,10.78,-0.92%,235101.0,0,0,0,-1,0,1,0,-1,0,0,0,0,0,0,0,0,0,0,0,0,0,0,0,0,0,0,0,0,1,2,3
LYS,Tillys Inc,Consumer Cyclical,Apparel Retail,USA,135200000.0,79.78,4.42,-4.12%,115427.0,0,1,0,-1,0,0,0,0,0,0,1,1,0,0,0,0,0,0,0,0,1,0,0,0,-1,0,0,0,4,2,6
MAR,FT Vest Emerging Markets Buffer ETF - March,Financial,Exchange Traded Fund,USA,,,27.18,-0.22%,3204.0,0,0,0,-1,0,0,0,-1,0,0,0,0,0,0,0,0,0,0,0,0,0,0,0,0,0,0,0,0,0,2,2
MB,Thornburg Multi Sector Bond ETF,Financial,Exchange Traded Fund,USA,,,24.59,0.08%,70289.0,0,0,0,0,0,1,0,0,0,0,0,0,0,0,0,0,0,0,0,-1,0,0,0,0,0,0,0,0,1,1,2
MC,TMC the metals company Inc,Basic Materials,Other Industrial Metals & Mining,Canada,1630000000.0,,3.7,-1.86%,3847291.0,0,0,0,0,0,0,0,0,1,0,0,0,0,0,0,0,0,0,0,0,0,0,0,0,0,0,0,0,1,0,1
ME,Tencent Music Entertainment Group ADR,Communication Services,Internet Content & Information,China,4740000000.0,9.5,7.93,0.76%,4314942.0,0,0,0,0,0,0,0,0,1,1,0,0,0,0,0,0,0,0,0,0,0,0,0,0,0,0,0,0,2,0,2
MF,Direxion Daily 20+ Year Treasury Bull 3X Shares,Financial,Exchange Traded Fund,USA,,,25.36,0.67%,6337566.0,0,0,0,0,0,0,0,0,1,1,0,0,0,0,0,0,0,0,0,0,0,0,0,0,0,0,0,0,2,0,2
MFE,Motley Fool Capital Efficiency 100 Index ETF,Financial,Exchange Traded Fund,USA,,,31.04,0.42%,6384.0,0,0,0,0,0,0,0,-1,0,0,0,0,0,0,0,0,0,0,0,0,0,0,0,0,0,0,0,0,0,1,1
MH,Toyota Motor Corp ADRhedged,Financial,Exchange Traded Fund,USA,,,48.99,0.85%,270.0,0,0,0,0,0,0,0,0,0,0,1,0,0,0,0,0,0,0,0,0,0,0,0,0,0,0,0,0,1,0,1
MLP,Tortoise MLP ETF,Financial,Exchange Traded Fund,USA,,,28.62,0.86%,43.0,0,1,0,0,0,0,0,0,0,0,0,0,0,0,0,0,0,1,0,0,0,0,0,0,0,0,0,0,2,0,2
MQ,Trilogy Metals Inc,Basic Materials,Other Industrial Metals & Mining,Canada,513070000.00000006,,2.97,-2.30%,1473848.0,0,0,0,0,0,0,0,0,1,0,0,0,0,0,0,0,0,0,0,0,0,0,0,0,0,0,0,0,1,0,1
MUS,T-Mobile US Inc,Communication Services,Telecom Services,USA,177990000000.0,17.36,165.93,0.78%,4324430.0,0,0,0,0,0,0,0,0,0,0,0,0,0,0,0,1,0,0,0,-1,0,0,0,0,0,0,0,0,1,1,2
MV,Direxion Daily 20+ Year Treasury Bear -3X Shares,Financial,Exchange Traded Fund,USA,,,50.51,-0.65%,1307992.0,0,0,0,0,0,0,0,-1,0,0,0,0,0,0,0,0,0,0,0,0,0,0,0,0,0,0,0,0,0,1,1
NK,Teekay Tankers Ltd,Energy,Oil & Gas Midstream,Bermuda,3510000000.0,5.97,101.24,-2.07%,447236.0,0,1,0,0,0,0,0,0,0,0,0,0,0,0,0,0,0,0,0,0,0,0,0,0,0,0,0,0,1,0,1
NL,Travel+Leisure Co,Consumer Cyclical,Travel Services,USA,3840000000.0,17.1,62.82,1.78%,641066.0,0,0,0,0,0,0,0,0,0,0,1,0,0,0,0,0,0,0,0,0,0,0,0,0,-1,0,0,0,1,1,2
NMG,TNL Mediagene,Communication Services,Publishing,Taiwan,3150000.0,,4.14,-5.91%,61735.0,0,0,0,0,0,0,0,0,1,0,0,0,0,0,0,0,0,0,0,0,0,0,0,0,0,0,0,0,1,0,1
NXP,Tonix Pharmaceuticals Holding Corp,Healthcare,Biotechnology,USA,131979999.99999999,,7.7,-4.65%,2538794.0,0,0,0,0,0,1,0,0,0,0,0,0,0,0,0,0,0,0,0,0,0,0,0,0,0,0,0,0,1,0,1
NXT,T. Rowe Price Innovation Leaders ETF,Financial,Exchange Traded Fund,USA,,,29.24,-0.14%,1777.0,0,0,0,-1,0,0,0,0,0,0,0,0,0,0,0,0,0,0,0,0,0,0,0,0,0,0,0,0,0,1,1
OAO,Twin Oak Active Opportunities III ETF,Financial,Exchange Traded Fund,USA,,,28.01,0.72%,6.0,0,0,0,0,0,1,0,-1,0,0,0,0,0,0,0,1,0,0,0,0,0,0,0,0,0,0,0,0,2,1,3
OLL,Tema Durable Quality ETF,Financial,Exchange Traded Fund,USA,,,41.81,0.25%,3477.0,0,0,0,0,0,0,0,0,0,0,0,0,0,0,0,1,0,0,0,0,0,0,0,0,0,0,0,0,1,0,1
ONT,Graf Global Corp,Financial,Shell Companies,USA,154760000.0,61.23,10.93,0.00%,157.0,0,0,0,0,0,0,0,0,0,0,0,0,0,0,0,1,0,0,0,0,0,0,0,0,0,0,0,0,1,0,1
ONX,TON Strategy Co,Technology,Software - Application,USA,197160000.0,,3.58,-0.28%,143827.0,0,0,0,0,0,1,0,0,0,0,0,0,0,0,0,0,0,0,0,0,0,0,0,0,0,0,0,0,1,0,1
OPW,Roundhill Top WeeklyPay ETF,Financial,Exchange Traded Fund,USA,,,34.8,0.06%,69333.0,0,0,0,0,0,0,0,0,0,0,0,0,-1,0,0,0,0,0,0,0,0,0,0,0,0,1,0,0,1,1,2
ORO,Toro Corp,Energy,Oil & Gas Midstream,Cyprus,175220000.0,465.14,5.07,-3.80%,51652.0,0,0,0,0,0,0,0,0,0,0,1,0,0,0,0,0,0,0,0,0,0,0,-1,0,0,0,0,0,1,1,2
OUR,Tuniu Corp ADR,Consumer Cyclical,Travel Services,China,48550000.0,17.77,5.01,1.62%,4538.0,0,0,0,0,0,0,0,0,1,0,0,0,0,0,0,0,0,0,0,0,0,0,0,0,0,0,0,0,1,0,1
OV,JLens 500 Jewish Advocacy U.S. ETF,Financial,Exchange Traded Fund,USA,,,32.92,0.68%,3303.0,0,1,0,0,0,0,0,0,0,0,0,0,0,0,0,0,0,0,0,0,0,0,0,0,0,0,0,0,1,0,1
OVX,Theriva Biologics Inc,Healthcare,Biotechnology,USA,10190000.0,,0.22,-1.33%,407437.0,0,0,0,0,0,0,0,0,1,0,0,0,0,0,0,0,0,0,0,0,0,0,0,0,0,0,0,0,1,0,1
PB,Turning Point Brands Inc,Consumer Defensive,Tobacco,USA,1170000000.0,25.07,58.27,1.15%,251158.0,0,0,0,0,0,0,0,0,0,0,0,0,-1,0,0,0,0,0,0,0,0,0,0,0,0,0,0,0,0,1,1
PC,Tutor Perini Corp,Industrials,Engineering & Construction,USA,4680000000.0,38.53,89.06,3.04%,460449.0,0,0,0,0,0,0,0,0,0,0,1,0,0,0,0,0,0,0,0,0,1,0,-1,0,0,0,0,0,2,1,3
PL,Texas Pacific Land Corp,Energy,Oil & Gas E&P,USA,24500000000.0,45.28,355.16,3.04%,394180.0,0,0,0,0,0,1,0,0,1,0,0,0,0,0,0,0,0,0,0,0,0,0,0,0,0,0,0,0,2,0,2
PLX,Corgi TPL 2x Daily ETF,Financial,Exchange Traded Fund,USA,,,21.06,5.51%,445.0,0,0,0,0,0,0,0,0,1,0,0,0,0,0,0,0,0,0,0,0,0,0,0,0,0,0,0,0,1,0,1
PST,Tempest Therapeutics Inc,Healthcare,Biotechnology,USA,13300000.0,,0.79,-0.64%,218008.0,0,0,0,0,0,0,0,0,1,0,0,0,0,0,0,0,0,0,0,0,0,0,0,0,0,0,0,0,1,0,1
PUT,T. Rowe Price Capital Appreciation Market Opportunities ETF,Financial,Exchange Traded Fund,USA,,,25.18,0.12%,4254.0,0,0,0,0,0,0,0,0,0,0,0,0,-1,0,0,0,0,0,0,0,0,0,0,0,0,0,0,0,0,1,1
PVG,TriplePoint Venture Growth BDC Corp,Financial,Asset Management,USA,195820000.0,4.84,4.81,-0.41%,118228.0,0,0,0,0,0,0,0,0,0,0,0,0,-1,0,0,0,0,0,0,0,0,0,0,1,0,0,0,0,1,1,2
PYP,Tortoise North American Pipeline ETF,Financial,Exchange Traded Fund,USA,,,41.43,1.15%,38409.0,0,1,0,-1,0,0,0,0,0,0,0,0,0,0,0,0,0,0,0,0,0,0,0,0,0,0,0,0,1,1,2
R,Tootsie Roll Industries Inc,Consumer Defensive,Confectioners,USA,2850000000.0,29.38,37.36,-0.66%,122363.0,0,0,0,0,0,0,0,0,0,0,0,0,0,0,0,1,0,0,0,0,0,0,0,0,0,0,0,0,1,0,1
REE,LendingTree Inc,Financial,Insurance Brokers,USA,346780000.0,1.91,24.7,0.78%,201778.0,0,0,0,0,0,0,0,0,1,0,0,0,0,0,0,0,0,0,0,0,0,0,0,0,0,0,0,0,1,0,1
REX,TREX Co Inc,Industrials,Building Products & Equipment,USA,4570000000.0,26.51,44.86,1.47%,1180512.0,0,1,0,0,0,0,0,0,0,0,0,0,0,0,0,0,0,0,0,0,1,0,-1,0,0,0,0,0,2,1,3
RFM,AAM Transformers ETF,Financial,Exchange Traded Fund,USA,,,61.66,1.12%,20833.0,0,0,0,0,0,0,0,0,0,0,1,1,0,0,0,0,0,0,0,0,0,0,0,0,-1,0,0,0,2,1,3
RI,Thomson-Reuters Corp,Industrials,Specialty Business Services,Canada,42500000000.0,26.3,98.09,1.04%,1042319.0,0,0,0,0,0,0,0,0,0,0,0,0,0,0,0,0,0,0,0,0,1,0,0,0,0,0,0,0,1,0,1
RIO,MC Trio Equity Buffered ETF,Financial,Exchange Traded Fund,USA,,,66.36,0.23%,1995.0,0,0,0,0,0,0,0,0,0,0,1,0,0,0,0,0,0,0,0,0,0,0,0,0,-1,0,0,0,1,1,2
RMK,Trustmark Corp,Financial,Banks - Regional,USA,2620000000.0,11.48,45.19,-0.77%,281310.0,0,0,0,0,0,0,0,0,1,0,0,0,0,0,0,0,0,0,0,0,0,0,0,0,0,0,0,0,1,0,1
RND,Pacer Trendpilot Fund of Funds ETF,Financial,Exchange Traded Fund,USA,,,37.31,0.58%,655.0,0,0,0,0,0,0,0,0,0,0,1,0,0,0,0,0,0,0,0,0,0,0,-1,0,0,0,0,0,1,1,2
RNS,Transcat Inc,Industrials,Specialty Business Services,USA,840510000.0,246.23,89.8,-0.85%,50458.0,0,0,0,0,0,0,0,0,0,0,0,0,-1,0,0,0,0,0,0,0,0,0,0,0,0,0,0,0,0,1,1
RON,Tron Inc,Consumer Cyclical,Leisure,USA,611960000.0,,1.29,-4.44%,759593.0,0,0,0,0,0,0,0,0,0,0,0,0,0,0,0,1,0,0,0,0,0,0,0,0,0,0,0,0,1,0,1
ROX,Tronox Holdings plc,Basic Materials,Chemicals,USA,618040000.0,,3.87,-1.02%,1236927.0,0,0,0,0,0,0,0,0,1,0,0,0,0,0,0,0,0,0,0,0,0,0,0,0,0,0,0,0,1,0,1
RSG,Tungray Technologies Inc,Industrials,Metal Fabrication,Singapore,19410000.0,,1.19,5.03%,11847.0,0,0,0,0,0,0,0,0,1,0,0,0,0,0,0,0,0,0,0,0,0,0,0,0,0,0,0,0,1,0,1
RST,Trustco Bank Corp,Financial,Banks - Regional,USA,938740000.0,15.31,55.13,-0.09%,102254.0,0,0,0,-1,0,0,0,0,0,0,0,0,0,0,0,0,0,0,0,0,0,0,0,0,0,0,0,0,0,1,1
RSY,Xtrackers US 0-1 Year Treasury ETF,Financial,Exchange Traded Fund,USA,,,30.14,0.05%,32414.0,0,1,0,0,0,1,0,0,0,0,0,0,0,0,0,0,0,0,0,0,0,0,0,0,0,0,0,0,2,0,2
RTX,TPG RE Finance Trust Inc,Real Estate,REIT - Mortgage,USA,464450000.0,11.04,6.05,0.50%,764305.0,0,0,0,0,0,0,0,0,0,0,0,0,0,0,0,0,0,0,0,0,1,0,0,0,0,0,0,0,1,0,1
RTY,Cambria Trinity ETF,Financial,Exchange Traded Fund,USA,,,31.64,0.22%,8360.0,0,0,0,0,0,0,0,0,0,0,0,0,0,0,0,0,0,1,0,0,0,0,0,0,0,0,0,0,1,0,1
RUF,VanEck Financials TruSector ETF,Financial,Exchange Traded Fund,USA,,,28.17,0.24%,123.0,0,0,0,0,0,0,0,0,0,0,0,0,0,0,0,0,0,0,0,0,0,0,-1,0,0,0,0,0,0,1,1
RUP,Trupanion Inc,Financial,Insurance - Property & Casualty,USA,1080000000.0,46.43,24.68,0.45%,333296.0,0,0,0,0,0,0,0,0,0,0,0,0,0,0,0,0,0,0,0,0,0,0,0,1,0,0,0,0,1,0,1
S,Tenaris SA ADR,Energy,Oil & Gas Equipment & Services,Luxembourg,30480000000.0,15.19,56.87,-2.72%,2037494.0,0,0,0,0,0,0,0,0,1,0,0,0,0,0,0,0,0,0,0,0,0,0,0,0,-1,0,0,0,1,1,2
SCO,Tractor Supply Co,Consumer Cyclical,Specialty Retail,USA,16820000000.0,16.86,32.29,2.77%,10700824.0,0,0,0,0,0,0,0,0,0,0,0,0,0,0,0,0,0,0,0,0,0,0,0,0,0,1,0,0,1,0,1
SEL,Touchstone Sands Capital US Select Growth ETF,Financial,Exchange Traded Fund,USA,,,30.22,0.06%,7141.0,0,0,0,0,0,0,0,0,0,0,1,0,0,0,0,0,0,0,0,0,0,0,0,0,0,0,0,0,1,0,1
SEM,Tower Semiconductor Ltd,Technology,Semiconductors,Israel,29160000000.0,101.92,258.41,3.54%,2381716.0,0,1,0,0,0,0,0,0,0,0,0,0,-1,-1,0,0,0,0,0,0,1,0,0,0,0,0,0,0,2,2,4
SES,Truth Social American Energy Security ETF,Financial,Exchange Traded Fund,USA,,,31.85,2.06%,1532.0,0,0,0,0,0,1,0,0,0,0,1,1,0,0,0,0,0,0,0,0,1,0,0,0,-1,0,0,0,4,1,5
SI,TCW Strategic Income Fund Inc,Financial,Closed-End Fund - Debt,USA,268870000.0,,4.22,-0.47%,26001.0,0,0,0,0,0,0,0,0,1,0,0,0,0,0,0,0,0,0,0,0,0,0,0,0,0,0,0,0,1,0,1
SIC,Truth Social American Icons ETF,Financial,Exchange Traded Fund,USA,,,23.68,1.04%,111.0,0,0,0,0,0,0,0,0,1,0,0,0,0,0,0,0,0,0,0,0,0,0,0,0,0,0,0,0,1,0,1
SLI,ProShares Ultra TSLA,Financial,Exchange Traded Fund,USA,,,19.26,1.10%,6163.0,0,0,0,0,0,0,0,0,1,0,0,0,0,0,0,0,0,0,0,0,0,0,0,0,0,0,0,0,1,0,1
SLL,Direxion Daily TSLA Bull 2X ETF,Financial,Exchange Traded Fund,USA,,,10.31,0.98%,48492918.0,0,0,0,0,0,0,0,0,1,0,0,0,0,0,0,0,0,0,0,0,0,0,0,0,0,0,0,0,1,0,1
SLQ,Tradr 2X Short TSLA Daily ETF,Financial,Exchange Traded Fund,USA,,,16.74,-0.83%,3921133.0,0,0,0,0,0,1,0,0,0,0,0,0,0,0,0,0,0,0,0,0,0,0,0,0,0,0,0,0,1,0,1
SLR,GraniteShares 2x Long TSLA Daily ETF,Financial,Exchange Traded Fund,USA,,,17.94,0.96%,719883.0,0,0,0,0,0,0,0,0,1,0,0,0,0,0,0,0,0,0,0,0,0,0,0,0,0,0,0,0,1,0,1
SLY,YieldMax TSLA Option Income Strategy ETF,Financial,Exchange Traded Fund,USA,,,22.7,0.35%,272674.0,0,0,0,-1,0,0,0,0,0,0,0,0,0,0,0,0,0,0,0,0,0,0,0,0,0,0,0,0,0,1,1
SMY,YieldMax TSM Option Income Strategy ETF,Financial,Exchange Traded Fund,USA,,,16.32,0.06%,160298.0,0,0,0,0,0,0,0,0,0,0,0,0,0,0,0,0,0,0,0,0,1,0,0,1,0,0,0,0,2,0,2
SN,Tyson Foods Inc,Consumer Defensive,Farm Products,USA,17920000000.0,31.39,51.97,0.50%,2416776.0,0,0,0,0,0,0,0,0,1,1,0,0,0,0,0,0,0,0,0,0,0,0,0,0,0,0,0,0,2,0,2
SSI,TSS Inc,Technology,Information Technology Services,USA,293190000.0,20.45,10.39,3.38%,836089.0,0,0,0,0,0,0,0,0,1,1,0,0,0,0,0,0,0,0,0,0,0,0,0,0,0,0,0,0,2,0,2
SYW,Roundhill Treasury Bond WeeklyPay ETF,Financial,Exchange Traded Fund,USA,,,37.82,0.35%,1057.0,0,0,0,0,0,0,0,0,1,0,0,0,0,0,0,0,0,0,0,0,0,0,0,0,0,0,0,0,1,0,1
SYX,TSPY Lift ETF,Financial,Exchange Traded Fund,USA,,,23.46,0.71%,5049.0,0,0,0,0,0,0,0,0,0,0,0,0,0,0,0,1,0,0,0,0,0,0,0,0,0,0,0,0,1,0,1
T,Trane Technologies plc,Industrials,Building Products & Equipment,Ireland,104820000000.0,36.09,476.39,1.20%,1580558.0,0,0,0,0,0,0,0,0,0,0,0,0,0,0,0,0,0,0,0,0,0,0,0,0,0,0,-1,0,0,1,1
TAN,ServiceTitan Inc,Technology,Software - Application,USA,6620000000.0,,68.67,-4.84%,1574645.0,0,0,0,0,0,0,0,0,0,0,0,0,0,0,0,0,0,0,0,0,0,0,0,0,0,1,0,0,1,0,1
TC,Toro Co,Industrials,Tools & Accessories,USA,9360000000.0,26.48,98.89,-0.05%,481695.0,0,0,0,0,0,0,0,0,0,0,1,0,0,0,0,0,0,0,0,0,0,0,0,0,0,0,0,0,1,0,1
TE,TotalEnergies SE,Energy,Oil & Gas Integrated,France,186790000000.0,10.36,83.98,-0.46%,4150229.0,0,0,0,0,0,0,0,0,0,0,0,0,0,0,0,0,0,0,0,0,0,0,0,0,-1,0,0,0,0,1,1
TEC,TTEC Holdings Inc,Technology,Information Technology Services,USA,66550000.0,,1.35,-2.17%,298969.0,0,0,0,0,0,0,0,0,1,1,0,0,0,0,0,0,0,0,0,0,0,0,0,0,0,0,0,0,2,0,2
TMI,TTM Technologies Inc,Technology,Electronic Components,USA,13980000000.0,59.9,132.71,-0.32%,1435190.0,0,0,0,0,0,1,0,0,0,0,0,0,0,0,0,0,0,0,0,0,0,0,0,0,0,0,0,0,1,0,1
TT,ProShares UltraPro Short 20+ Year Treasury -3x Shares,Financial,Exchange Traded Fund,USA,,,89.56,-0.88%,4235.0,0,0,0,0,0,0,0,-1,0,0,0,0,0,0,0,0,0,0,0,0,0,0,0,0,0,0,0,0,0,1,1
USB,Thrivent Ultra Short Bond ETF,Financial,Exchange Traded Fund,USA,,,50.41,0.08%,29761.0,0,1,0,0,0,0,0,0,0,0,0,0,0,0,0,1,0,0,0,0,0,0,0,0,0,0,0,0,2,0,2
UYA,Tuya Inc ADR,Technology,Software - Infrastructure,China,939320000.0,15.46,1.73,2.98%,369229.0,0,0,0,0,0,0,0,0,0,0,0,0,0,0,0,0,0,0,0,0,0,0,0,1,0,0,0,0,1,0,1
V,Grupo Televisa SAB ADR,Communication Services,Telecom Services,Mexico,1200000000.0,,2.28,-0.44%,776967.0,0,1,0,0,0,0,0,0,0,0,0,0,0,0,0,0,0,0,0,0,0,0,0,0,0,0,0,0,1,0,1
VAL,T. Rowe Price Value ETF,Financial,Exchange Traded Fund,USA,,,42.64,0.52%,109886.0,0,0,0,0,0,0,0,0,0,0,0,0,0,0,0,0,0,0,0,0,0,0,-1,0,0,0,0,0,0,1,1
VGN,Tevogen Inc,Healthcare,Biotechnology,USA,42260000.0,,6.49,-1.67%,2845.0,0,0,0,0,0,0,0,0,0,0,0,0,-1,0,0,0,0,0,0,0,0,0,0,1,0,0,0,0,1,1,2
W,Tradeweb Markets Inc,Financial,Capital Markets,USA,25170000000.0,25.67,107.54,0.40%,2086757.0,0,0,0,0,0,0,0,0,1,0,0,0,0,0,0,0,0,0,0,0,0,0,0,0,0,0,0,0,1,0,1
WI,Titan International Inc,Industrials,Farm & Heavy Construction Machinery,USA,453740000.0,,7.03,0.72%,527519.0,0,0,0,0,0,0,0,0,0,0,0,0,0,0,0,0,0,0,0,0,1,0,0,1,0,0,0,0,2,0,2
WOX,iShares Large Cap Accelerated Outcome ETF,Financial,Exchange Traded Fund,USA,,,30.67,0.52%,1081.0,0,0,0,-1,0,0,0,0,0,0,0,0,0,0,0,0,0,0,0,0,0,0,0,0,0,0,0,0,0,1,1
XN,Texas Instruments Inc,Technology,Semiconductors,USA,271440000000.0,45.22,297.23,0.79%,3285873.0,0,0,0,0,0,0,0,0,1,1,0,0,0,0,0,0,0,0,0,0,0,0,-1,0,0,0,0,0,2,1,3
XNU,Direxion Daily TXN Bull 2X ETF,Financial,Exchange Traded Fund,USA,,,49.34,1.99%,90049.0,0,0,0,0,0,1,0,0,0,0,0,0,0,0,0,0,0,0,0,0,0,0,0,0,0,0,0,0,1,0,1
XT,Textron Inc,Industrials,Aerospace & Defense,USA,12990000000.0,14.25,75.53,-0.29%,1608554.0,0,1,0,0,0,0,0,0,0,0,0,0,0,0,0,0,0,0,0,0,0,0,0,0,0,0,0,0,1,0,1
Y,Tri-Continental Corp,Financial,Closed-End Fund - Equity,USA,1850000000.0,,34.54,0.99%,37198.0,0,0,0,-1,0,0,0,0,1,0,0,0,0,0,0,0,0,0,0,0,0,0,0,0,0,0,0,0,1,1,2
YD,Direxion Daily 7-10 Year Treasury Bull 3X Shares,Financial,Exchange Traded Fund,USA,,,19.91,0.61%,42784.0,0,0,0,0,0,1,0,0,0,0,0,0,0,0,0,0,0,0,0,0,0,0,0,0,0,0,0,0,1,0,1
YO,Direxion Daily 7-10 Year Treasury Bear -3X Shares,Financial,Exchange Traded Fund,USA,,,15.68,-0.62%,6980.0,0,0,0,0,0,0,0,0,0,0,0,0,0,0,0,0,0,1,0,0,0,0,0,0,0,0,0,0,1,0,1
YYY,xETFs TSLA Daily Income ETF,Financial,Exchange Traded Fund,USA,,,39.31,0.51%,112.0,0,0,0,0,0,0,0,0,0,0,0,0,-1,0,0,0,0,0,0,0,0,0,0,0,0,0,0,0,0,1,1
,Unity Software Inc,Technology,Software - Application,USA,19780000000.0,,44.95,-1.60%,8758293.0,0,0,0,0,0,0,0,0,0,0,0,0,-1,0,0,0,0,0,0,0,0,0,0,0,0,0,0,0,0,1,1
AE,iShares MSCI UAE ETF,Financial,Exchange Traded Fund,USA,,,19.74,-0.08%,97131.0,0,0,0,0,0,0,0,0,0,0,1,1,0,0,0,0,0,0,0,0,0,0,0,0,0,0,0,0,2,0,2
BEW,Roundhill UBER WeeklyPay ETF,Financial,Exchange Traded Fund,USA,,,23.23,-0.80%,3509.0,0,1,0,0,0,0,0,0,0,0,0,0,0,0,0,0,0,0,0,-1,0,0,0,0,0,0,0,0,1,1,2
BND,VictoryShares Core Plus Bond ETF,Financial,Exchange Traded Fund,USA,,,20.67,0.24%,271448.0,0,0,0,0,0,0,0,0,1,0,0,0,0,0,0,0,0,0,0,0,0,0,0,0,0,0,0,0,1,0,1
BRL,GraniteShares 2x Long UBER Daily ETF,Financial,Exchange Traded Fund,USA,,,12.99,-1.44%,234490.0,0,0,0,0,0,1,0,0,0,0,0,0,0,0,0,0,0,0,0,0,0,0,0,0,0,0,0,0,1,0,1
BT,ProShares Ultra 20+ Year Treasury 2x Shares,Financial,Exchange Traded Fund,USA,,,13.14,0.23%,120387.0,0,0,0,0,0,0,0,0,1,1,0,0,0,0,0,0,0,0,0,0,0,0,0,0,0,0,0,0,2,0,2
CC,ProShares Ultra Consumer Discretionary,Financial,Exchange Traded Fund,USA,,,42.43,2.54%,3157.0,0,0,0,0,0,0,0,0,0,0,1,0,0,0,0,0,0,0,0,0,0,0,0,0,0,0,0,0,1,0,1
COP,ProShares Ultra Copper K-1 Free ETF,Financial,Exchange Traded Fund,USA,,,41.79,0.58%,746.0,0,0,0,-1,0,0,0,0,0,0,0,0,0,0,0,0,0,0,0,0,0,0,0,0,0,0,0,0,0,1,1
CRD,VictoryShares Corporate Bond ETF,Financial,Exchange Traded Fund,USA,,,20.53,0.22%,10.0,0,0,0,0,0,0,0,0,1,0,0,0,0,0,0,0,0,0,0,0,0,0,0,0,0,0,0,0,1,0,1
EC,Uranium Energy Corp,Energy,Uranium,USA,5010000000.0,,10.11,8.13%,16233612.0,0,0,0,0,0,0,0,0,1,0,0,0,0,0,0,0,0,0,0,0,0,0,0,0,0,0,0,0,1,0,1
EVM,VictoryShares USAA MSCI Emerging Markets Value Momentum ETF,Financial,Exchange Traded Fund,USA,,,59.09,0.40%,2283.0,0,1,0,-1,0,0,0,0,0,0,0,0,0,0,0,0,0,0,0,0,0,0,0,0,0,0,0,0,1,1,2
FG,Uni Fuels Holdings Ltd,Industrials,Marine Shipping,Singapore,12650000.0,,0.39,-3.79%,96379.0,0,0,0,0,0,0,0,0,1,0,0,0,0,0,0,0,0,0,0,0,0,0,0,0,0,0,0,0,1,0,1
FOD,Tuttle Capital UFO Disclosure ETF,Financial,Exchange Traded Fund,USA,,,24.62,1.21%,4704.0,0,0,0,0,0,0,0,0,1,0,1,0,0,0,0,0,0,0,0,0,0,0,0,0,0,0,0,0,2,0,2
FPI,UFP Industries Inc,Basic Materials,Lumber & Wood Production,USA,4360000000.0,18.22,79.0,1.23%,512375.0,0,0,0,0,0,0,0,0,0,0,0,0,-1,0,0,0,0,0,0,0,0,0,0,0,0,0,0,0,0,1,1
GE,ProShares Ultra Consumer Staples,Financial,Exchange Traded Fund,USA,,,17.82,2.11%,11043.0,0,0,0,0,0,0,0,0,0,0,0,0,-1,0,0,0,0,0,0,0,0,0,0,0,0,0,0,0,0,1,1
JUL,Innovator U.S. Equity Ultra Buffer ETF - July,Financial,Exchange Traded Fund,USA,,,41.83,0.29%,12386.0,0,0,0,0,0,0,0,0,0,0,1,0,0,0,0,0,0,0,0,0,0,0,0,0,0,0,0,0,1,0,1
JUN,Innovator U.S. Equity Ultra Buffer ETF - June,Financial,Exchange Traded Fund,USA,,,39.62,0.40%,12966.0,0,0,0,0,0,1,0,0,0,0,0,0,0,0,0,0,0,0,0,0,0,0,0,0,0,0,0,0,1,0,1
L,Unilever plc ADR,Consumer Defensive,Household & Personal Products,United Kingdom,130979999999.99998,20.31,60.8,1.37%,2922439.0,0,0,0,0,0,0,0,0,0,0,0,0,0,0,0,1,0,0,0,0,0,0,0,0,0,0,0,0,1,0,1
LCC,Frontier Group Holdings Inc,Industrials,Airlines,USA,1440000000.0,,6.25,2.29%,1816881.0,0,0,0,0,0,0,0,0,0,0,0,0,0,0,0,0,0,0,0,0,1,0,-1,0,0,0,0,0,1,1,2
LTA,Ulta Beauty Inc,Consumer Cyclical,Specialty Retail,USA,23400000000.0,19.94,547.29,0.84%,319453.0,0,0,0,0,0,0,0,0,0,0,1,1,0,0,0,0,0,0,0,0,0,0,0,0,0,0,0,0,2,0,2
LTY,YieldMax Ultra Option Income Strategy ETF,Financial,Exchange Traded Fund,USA,,,26.0,0.31%,454180.0,0,0,0,0,0,0,0,0,1,1,0,0,0,0,0,0,0,0,0,0,0,0,0,0,0,0,0,0,2,0,2
MAC,Unusual Machines Inc,Technology,Computer Hardware,USA,1120000000.0,,22.36,2.43%,2165013.0,0,0,0,0,0,0,0,0,0,0,1,0,0,0,0,0,0,0,0,0,0,0,-1,0,0,0,0,0,1,1,2
MAY,Innovator U.S. Equity Ultra Buffer ETF - May,Financial,Exchange Traded Fund,USA,,,39.16,0.33%,4243.0,0,0,0,0,0,0,0,0,0,0,0,0,0,0,0,0,0,1,0,0,0,0,0,0,0,0,0,0,1,0,1
NFI,United Natural Foods Inc,Consumer Defensive,Food Distribution,USA,2670000000.0,33.16,44.29,-0.54%,493036.0,0,0,0,0,0,0,0,0,0,0,0,0,0,0,0,1,0,0,0,0,0,0,0,0,0,0,0,0,1,0,1
NG,United States Natural Gas Fund,Financial,Exchange Traded Fund,USA,,,10.74,1.80%,26387511.0,0,0,0,0,0,0,0,0,0,0,0,0,-1,0,0,0,0,0,0,0,0,0,0,0,0,0,0,0,0,1,1
NIT,Uniti Group Inc,Real Estate,REIT - Specialty,USA,1970000000.0,3.03,8.1,1.89%,3176558.0,0,0,0,0,0,0,0,0,1,0,0,0,0,0,0,0,0,0,0,0,0,0,0,0,0,0,0,0,1,0,1
NX,Tradr 2X Long U Daily ETF,Financial,Exchange Traded Fund,USA,,,26.04,-4.53%,2957.0,0,0,0,0,0,0,0,0,1,0,0,0,0,0,0,0,0,0,0,0,0,0,0,0,0,0,0,0,1,0,1
PAL,ProShares Ultra Palladium K-1 Free ETF,Financial,Exchange Traded Fund,USA,,,18.74,-0.60%,1801.0,0,0,0,0,0,0,0,0,0,0,0,0,-1,0,0,0,0,0,0,0,0,0,0,0,0,0,0,0,0,1,1
PAR,UPAR Ultra Risk Parity ETF,Financial,Exchange Traded Fund,USA,,,15.04,0.50%,3009.0,0,0,0,0,0,0,0,0,0,0,0,0,-1,-1,0,0,0,0,0,0,0,0,0,0,0,0,0,0,0,2,2
PC,Universe Pharmaceuticals INC,Healthcare,Drug Manufacturers - Specialty & Generic,China,21160000.0,,4.21,-3.00%,26056.0,0,0,0,0,0,1,0,0,0,0,0,0,0,0,0,0,0,0,0,0,0,0,0,0,0,0,0,0,1,0,1
PGD,Invesco Bloomberg Analyst Rating Improvers ETF,Financial,Exchange Traded Fund,USA,,,81.17,0.11%,169702.0,0,0,0,-1,0,0,0,0,0,0,0,0,0,0,0,0,0,0,0,0,0,0,0,0,0,0,0,0,0,1,1
PLT,ProShares Ultra Platinum K-1 Free ETF,Financial,Exchange Traded Fund,USA,,,22.55,-1.42%,73.0,0,0,0,0,0,0,0,0,0,0,1,0,0,0,0,0,0,0,0,0,0,0,0,0,0,0,0,0,1,0,1
PSD,Aptus Large Cap Upside ETF,Financial,Exchange Traded Fund,USA,,,30.83,1.21%,3625.0,0,0,0,-1,0,0,0,0,0,0,0,0,0,0,0,0,0,0,0,0,0,0,0,0,0,0,0,0,0,1,1
PST,Upstart Holdings Inc,Financial,Credit Services,USA,2320000000.0,43.45,23.86,-2.01%,4445626.0,0,1,0,0,0,0,0,0,0,0,0,0,0,0,0,0,0,0,0,0,0,0,0,0,0,0,0,0,1,0,1
PSX,Tradr 2X Long UPST Daily ETF,Financial,Exchange Traded Fund,USA,,,9.32,-3.62%,146412.0,0,0,0,0,0,0,0,0,0,0,0,0,-1,0,0,0,0,0,0,0,0,0,0,0,0,0,0,0,0,1,1
PWK,Upwork Inc,Communication Services,Internet Content & Information,USA,1040000000.0,10.93,8.36,0.00%,1865905.0,0,0,0,0,0,0,0,0,0,0,0,0,-1,0,0,0,0,0,0,0,0,0,0,0,0,1,0,0,1,1,2
RA,Global X Uranium ETF,Financial,Exchange Traded Fund,USA,,,41.8,4.01%,8729939.0,0,0,0,0,0,0,0,0,1,0,0,0,0,0,0,0,0,0,0,0,0,0,0,0,0,0,0,0,1,0,1
RAA,Direxion Daily Uranium Industry Bull 2X ETF,Financial,Exchange Traded Fund,USA,,,21.54,10.69%,184995.0,0,0,0,0,0,1,0,0,0,0,0,0,0,0,0,0,0,0,0,0,0,0,0,0,0,0,0,0,1,0,1
RAN,Themes Uranium & Nuclear ETF,Financial,Exchange Traded Fund,USA,,,36.56,5.36%,6787.0,0,0,0,0,0,1,0,0,0,0,0,0,0,0,0,0,0,0,0,0,0,0,0,0,0,0,0,0,1,0,1
RBN,Urban Outfitters Inc,Consumer Cyclical,Apparel Retail,USA,6870000000.0,12.52,80.25,-1.65%,1684655.0,0,0,0,0,0,0,0,-1,0,0,0,0,0,0,0,0,0,0,0,0,0,0,0,0,0,0,0,0,0,1,1
RG,Ur-Energy Inc,Energy,Uranium,USA,445610000.0,,1.12,5.66%,8883059.0,0,0,0,0,0,0,0,0,1,0,0,0,0,0,0,0,0,0,0,0,0,0,0,0,0,0,0,0,1,0,1
SAC,USA Compression Partners LP,Energy,Oil & Gas Equipment & Services,USA,3750000000.0,24.17,25.84,1.77%,42776.0,0,0,0,0,0,0,0,0,0,0,0,0,-1,0,0,0,0,0,0,0,0,0,0,0,0,0,0,0,0,1,1
SAF,Atlas America Fund,Financial,Exchange Traded Fund,USA,,,27.87,0.65%,4577.0,0,0,0,0,0,0,0,0,0,0,0,0,0,0,0,0,0,0,0,0,1,0,0,0,0,0,0,0,1,0,1
SAI,Pacer American Energy Infrastructure ETF,Financial,Exchange Traded Fund,USA,,,45.43,1.42%,4381.0,0,1,0,-1,0,0,0,0,0,0,0,0,0,0,0,0,0,0,0,0,0,0,0,0,-1,0,0,0,1,2,3
SAS,Americas Gold and Silver Corp,Basic Materials,Other Industrial Metals & Mining,Canada,1510000000.0,,4.47,0.90%,2555955.0,0,0,0,0,0,0,0,0,1,0,0,0,0,0,0,0,0,0,0,0,0,0,0,0,0,0,0,0,1,0,1
SBC,USBC Inc,Technology,Scientific & Technical Instruments,USA,213290000.0,,0.55,1.76%,75268.0,0,0,0,0,0,0,0,0,0,0,0,0,-1,0,0,0,0,0,0,0,0,0,0,0,0,1,0,0,1,1,2
SD,ProShares Ultra Semiconductors 2X Shares,Financial,Exchange Traded Fund,USA,,,103.77,0.78%,636101.0,0,0,0,0,0,0,0,0,0,0,0,0,0,0,0,1,0,0,0,0,0,0,0,0,0,0,0,0,1,0,1
SDU,WisdomTree Bloomberg U.S. Dollar Bullish Fund,Financial,Exchange Traded Fund,USA,,,27.03,-0.18%,229606.0,0,0,0,-1,0,0,0,0,0,0,0,0,0,0,0,0,0,1,0,0,0,0,0,0,0,0,0,0,1,1,2
SEP,Innovator U.S. Equity Ultra Buffer ETF - September,Financial,Exchange Traded Fund,USA,,,42.47,0.33%,34540.0,0,0,0,0,0,0,0,-1,0,0,0,0,0,0,0,0,0,0,0,0,0,0,0,0,0,0,0,0,0,1,1
SFR,WisdomTree Floating Rate Treasury Fund,Financial,Exchange Traded Fund,USA,,,50.41,0.00%,5822937.0,0,1,0,-1,0,1,0,0,0,0,0,0,0,0,0,0,0,1,0,0,0,0,0,0,0,0,0,0,3,1,4
SG,USCF Gold Strategy Plus Income Fund,Financial,Exchange Traded Fund,USA,,,31.78,0.72%,13867.0,0,0,0,0,0,0,0,0,1,0,0,0,0,0,0,0,0,0,0,0,0,0,0,0,0,0,0,0,1,0,1
SGO,U.S. GoldMining Inc,Basic Materials,Other Industrial Metals & Mining,Canada,92220000.0,,6.57,-0.15%,68356.0,0,0,0,0,0,0,0,0,1,0,0,0,0,0,0,0,0,0,0,0,0,0,0,0,0,0,0,0,1,0,1
SLM,United States Lime & Minerals Inc,Basic Materials,Building Materials,USA,3210000000.0,23.92,111.81,0.93%,142892.0,0,0,0,0,0,0,0,0,1,0,0,0,0,0,0,0,0,0,0,0,0,0,0,0,0,0,0,0,1,0,1
SLN,iShares Broad USD Floating Rate Loan ETF,Financial,Exchange Traded Fund,USA,,,50.33,-0.16%,3742.0,0,1,0,0,0,1,0,0,0,0,0,0,0,0,0,0,0,0,0,0,0,0,0,0,0,0,0,0,2,0,2
SMF,WisdomTree U.S. Multifactor Fund,Financial,Exchange Traded Fund,USA,,,53.26,0.30%,21730.0,0,1,0,0,0,0,0,0,0,0,0,0,-1,-1,0,0,0,0,0,0,0,0,0,0,0,0,0,0,1,2,3
SOI,UBS AG ETRACS Crude Oil Shares Covered Call ETNs,Financial,Exchange Traded Fund,USA,,,44.98,1.26%,162433.0,0,0,0,0,0,0,0,0,0,0,1,0,0,0,0,0,0,0,0,0,0,0,0,0,0,0,0,0,1,0,1
SOY,Defiance Oil Enhanced Options Income ETF,Financial,Exchange Traded Fund,USA,,,7.28,0.41%,285239.0,0,0,0,0,0,0,0,0,0,0,1,0,0,0,0,0,0,0,0,0,0,0,0,0,0,0,0,0,1,0,1
SSE,Segall Bryant & Hamill Select Equity ETF,Financial,Exchange Traded Fund,USA,,,42.5,1.21%,43333.0,0,0,0,0,0,0,0,-1,0,0,0,0,0,0,0,0,0,0,0,0,0,0,0,0,0,0,0,0,0,1,1
SSG,Xtrackers MSCI USA Selection Equity ETF,Financial,Exchange Traded Fund,USA,,,73.05,0.37%,5238.0,0,1,0,0,0,0,0,0,0,0,0,0,0,0,0,0,0,0,0,0,0,0,0,0,0,0,0,0,1,0,1
ST,ProShares Ultra 7-10 Year Treasury 2x Shares,Financial,Exchange Traded Fund,USA,,,37.91,0.62%,3652.0,0,0,0,0,0,1,0,0,0,0,0,0,0,0,0,0,0,0,0,0,0,0,0,0,0,0,0,0,1,0,1
SVN,F/m US Treasury 7 Year Note ETF,Financial,Exchange Traded Fund,USA,,,45.38,0.21%,428.0,0,0,0,0,0,1,0,0,0,0,0,0,0,0,0,0,0,0,0,0,0,0,0,0,0,0,0,0,1,0,1
SXF,iShares ESG Advanced MSCI USA ETF,Financial,Exchange Traded Fund,USA,,,70.0,0.66%,101611.0,0,0,0,0,0,0,0,0,0,0,0,0,0,0,0,0,0,1,0,0,0,0,0,0,0,0,0,0,1,0,1
TEN,F/m US Treasury 10 Year Note ETF,Financial,Exchange Traded Fund,USA,,,40.52,0.28%,216779.0,0,0,0,0,0,1,0,0,0,0,0,0,0,0,0,0,0,0,0,0,0,0,0,0,0,0,0,0,1,0,1
TES,Virtus Reaves Utilities ETF,Financial,Exchange Traded Fund,USA,,,76.06,5.59%,360514.0,0,1,0,0,0,0,0,0,0,0,0,0,0,0,0,0,0,0,0,0,0,0,0,0,0,0,0,0,1,0,1
THR,United Therapeutics Corp,Healthcare,Drug Manufacturers - Specialty & Generic,USA,23230000000.0,19.37,541.62,0.97%,1213468.0,0,0,0,0,0,0,0,0,0,0,0,0,-1,0,0,0,0,0,0,0,0,0,0,0,0,0,0,0,0,1,1
THY,F/m US Treasury 30 Year Bond ETF,Financial,Exchange Traded Fund,USA,,,36.53,0.25%,56407.0,0,0,0,0,0,0,0,0,1,0,0,0,0,0,0,0,0,0,0,0,0,0,0,0,0,0,0,0,1,0,1
TI,Universal Technical Institute Inc,Consumer Defensive,Education & Training Services,USA,1080000000.0,31.97,19.67,2.61%,1048495.0,0,1,0,0,0,0,0,0,0,0,0,0,0,0,0,0,0,0,0,0,0,0,0,0,0,0,0,0,1,0,1
TWY,F/m US Treasury 20 Year Bond ETF,Financial,Exchange Traded Fund,USA,,,38.92,0.22%,3736.0,0,0,0,0,0,0,0,0,1,0,0,0,0,0,0,0,0,0,0,0,0,0,0,0,0,0,0,0,1,0,1
UPP,Principal CLO ETF,Financial,Exchange Traded Fund,USA,,,25.08,0.04%,11.0,0,1,0,0,0,0,0,0,0,0,0,0,0,0,0,0,0,0,0,0,0,0,0,0,0,0,0,0,1,0,1
VE,Universal Insurance Holdings Inc,Financial,Insurance - Property & Casualty,USA,1210000000.0,5.73,43.51,-0.34%,91890.0,0,0,0,0,0,1,0,0,0,0,0,0,0,0,0,0,0,1,0,0,0,0,-1,0,0,0,0,0,2,1,3
XJA,FT Vest U.S. Equity Uncapped Accelerator ETF - January,Financial,Exchange Traded Fund,USA,,,39.67,0.73%,924.0,0,0,0,0,0,0,0,0,0,0,1,0,0,0,0,0,0,0,0,0,0,0,0,0,0,0,0,0,1,0,1
YLD,Angel Oak UltraShort Income ETF,Financial,Exchange Traded Fund,USA,,,50.78,0.06%,214551.0,0,1,0,-1,0,0,0,0,0,0,0,0,0,0,0,0,0,0,0,-1,0,0,0,0,0,0,0,0,1,2,3
ABK,Virginia National Bankshares Corp,Financial,Banks - Regional,USA,261230000.00000003,10.56,48.15,1.48%,4141.0,0,0,0,0,0,0,0,0,0,0,1,0,0,0,0,0,0,0,0,0,0,0,-1,0,0,0,0,0,1,1,2
AIE,VegaShares US Equity Autocallable Income ETF,Financial,Exchange Traded Fund,USA,,,24.89,1.10%,39375.0,0,0,0,0,0,0,0,0,0,0,0,0,-1,0,0,0,0,0,0,0,0,0,0,1,0,0,0,0,1,1,2
ALE,Vale SA ADR,Basic Materials,Other Industrial Metals & Mining,Brazil,57340000000.0,29.69,14.08,-0.49%,53022599.0,0,0,0,0,0,0,0,0,0,0,0,0,-1,0,0,0,0,0,0,0,0,0,0,0,0,0,0,0,0,1,1
ALG,Leverage Shares 2X Long VALE Daily ETF,Financial,Exchange Traded Fund,USA,,,15.7,-0.88%,112.0,0,0,0,0,0,0,0,0,1,0,0,0,0,0,0,0,0,0,0,0,0,0,0,0,0,0,0,0,1,0,1
ALU,Value Line Inc,Financial,Financial Data & Stock Exchanges,USA,384660000.0,19.43,41.0,0.99%,2030.0,0,0,0,0,0,0,0,0,0,0,1,0,0,0,0,0,0,0,0,0,0,0,0,0,-1,0,0,0,1,1,2
BCA,Vanguard Target Maturity 2027 Corporate Bond ETF,Financial,Exchange Traded Fund,USA,,,75.34,0.11%,52590.0,0,1,0,-1,0,0,0,0,0,0,0,0,0,0,0,0,0,0,0,0,0,0,0,0,0,0,0,0,1,1,2
BCD,Vanguard Target Maturity 2030 Corporate Bond ETF,Financial,Exchange Traded Fund,USA,,,73.32,0.17%,11081.0,0,0,0,-1,0,0,0,0,0,0,0,0,0,0,0,0,0,0,0,0,0,0,0,0,0,0,0,0,0,1,1
BIL,Vanguard 0-3 Month Treasury Bill ETF,Financial,Exchange Traded Fund,USA,,,75.55,0.00%,6244792.0,0,0,0,-1,0,1,0,0,0,0,0,0,0,0,0,0,0,1,0,0,0,0,0,0,0,0,0,0,2,1,3
BK,Vanguard Morningstar Small-Cap Growth ETF,Financial,Exchange Traded Fund,USA,,,347.44,-0.05%,216105.0,0,0,0,0,0,0,0,0,0,0,0,0,0,0,0,0,0,0,0,0,0,0,-1,0,0,0,0,0,0,1,1
BNK,VersaBank,Financial,Banks - Regional,Canada,722320000.0,29.27,22.28,-0.36%,76788.0,0,0,0,0,0,0,0,0,0,0,1,0,0,0,0,0,0,0,0,0,0,0,-1,0,0,0,0,0,1,1,2
COB,Voya Core Bond ETF,Financial,Exchange Traded Fund,USA,,,47.42,0.20%,2295.0,0,1,0,0,0,1,0,0,0,0,0,0,0,0,0,0,0,0,0,0,0,0,0,0,0,0,0,0,2,0,2
DV,Vanguard Developed Markets ex-US Value Index ETF,Financial,Exchange Traded Fund,USA,,,76.64,0.20%,3609.0,0,0,0,0,0,0,0,0,0,0,1,1,0,0,0,0,0,0,0,0,0,0,0,0,0,0,0,0,2,0,2
EA,Vanguard FTSE Developed Markets ETF,Financial,Exchange Traded Fund,USA,,,71.11,-0.03%,10219808.0,0,0,0,0,0,0,0,-1,0,0,0,0,0,0,0,0,0,0,0,0,0,0,0,0,0,0,0,0,0,1,1
EGA,AdvisorShares STAR Global Buy-Write ETF,Financial,Exchange Traded Fund,USA,,,53.12,0.49%,6029.0,0,0,0,-1,0,0,0,0,0,0,0,0,0,0,0,0,0,0,0,0,0,0,0,0,0,0,0,0,0,1,1
EL,Velocity Financial Inc,Financial,Mortgage Finance,USA,587090000.0,5.48,14.87,1.64%,130308.0,0,0,0,0,0,0,0,0,0,0,0,0,-1,0,0,0,0,0,0,0,0,0,0,0,0,0,0,0,0,1,1
ELO,Velo3D Inc,Technology,Computer Hardware,USA,307670000.0,,9.57,0.00%,2457513.0,0,0,0,0,0,0,0,0,0,0,0,0,0,0,0,0,0,0,0,0,0,0,0,0,0,0,-1,0,0,1,1
ERA,Vera Therapeutics Inc,Healthcare,Biotechnology,USA,2120000000.0,,29.42,-1.37%,2395807.0,0,0,0,0,0,0,0,0,1,0,0,0,0,0,0,0,0,0,0,0,0,0,0,0,0,0,0,0,1,0,1
ERS,ProShares Metaverse ETF,Financial,Exchange Traded Fund,USA,,,74.6,-0.19%,332.0,0,0,0,0,0,0,0,0,0,0,0,0,0,0,0,1,0,0,0,0,0,0,0,0,0,0,0,0,1,0,1
ERX,Vertex Inc,Technology,Software - Application,USA,1990000000.0,571.63,12.29,0.08%,1214292.0,0,1,0,-1,0,1,0,0,0,0,0,0,-1,-1,0,0,0,0,0,0,0,0,0,0,0,1,0,0,3,3,6
EU,Vanguard FTSE All-World ex-US ETF,Financial,Exchange Traded Fund,USA,,,83.81,-0.08%,2246064.0,0,0,0,0,0,0,0,-1,0,0,0,0,0,0,0,0,0,0,0,0,0,0,0,0,0,0,0,0,0,1,1
EXC,Vanguard Emerging Markets Ex-China ETF,Financial,Exchange Traded Fund,USA,,,98.12,-0.04%,12835.0,0,0,0,0,0,0,0,0,0,0,1,0,0,0,0,0,0,0,0,0,1,0,0,0,0,0,0,0,2,0,2
FMO,Vanguard U.S. Momentum Factor ETF,Financial,Exchange Traded Fund,USA,,,231.29,-0.57%,46702.0,0,0,0,0,0,0,0,0,1,0,0,0,0,0,0,1,0,0,0,0,0,0,0,0,0,0,0,0,2,0,2
FS,VinFast Auto Ltd,Consumer Cyclical,Auto Manufacturers,Vietnam,7210000000.0,,3.08,0.00%,263565.0,0,0,0,0,0,0,0,0,0,0,0,0,-1,0,0,0,0,0,0,0,0,0,0,0,0,0,0,0,0,1,1
GAS,Verde Clean Fuels Inc,Utilities,Utilities - Renewable,USA,47630000.0,,1.08,-0.92%,8985.0,0,0,0,0,0,0,0,0,0,0,0,0,-1,0,0,0,0,0,0,0,0,0,0,0,0,0,0,0,0,1,1
GLT,Vanguard Long-Term Treasury ETF,Financial,Exchange Traded Fund,USA,,,49.79,0.22%,2891951.0,0,0,0,0,0,0,0,0,1,1,0,0,0,0,0,0,0,0,0,0,0,0,0,0,0,0,0,0,2,0,2
GM,Invesco Trust for Investment Grade Municipals,Financial,Closed-End Fund - Debt,USA,476700000.0,,8.79,1.27%,371636.0,0,1,0,0,0,0,0,0,0,0,0,0,0,0,0,0,0,0,0,0,0,0,0,0,0,0,0,0,1,0,1
GNT,Versigent Plc,Consumer Cyclical,Auto Parts,Switzerland,3360000000.0,,47.37,0.21%,432944.0,0,0,0,0,0,0,0,0,0,0,1,0,0,0,0,0,0,0,0,0,0,0,-1,0,0,0,0,0,1,1,2
GUS,Vanguard Ultra-Short Treasury ETF,Financial,Exchange Traded Fund,USA,,,75.46,0.01%,213992.0,0,1,0,-1,0,0,0,0,0,0,0,0,0,0,0,0,0,0,0,0,0,0,0,0,0,0,0,0,1,1,2
GVT,Vanguard Government Securities Active ETF,Financial,Exchange Traded Fund,USA,,,71.89,0.09%,2786.0,0,0,0,0,0,1,0,0,0,0,0,0,0,0,0,0,0,0,0,-1,0,0,0,0,0,0,0,0,1,1,2
HC,Virnetx Holding Corp,Technology,Software - Infrastructure,USA,50410000.0,,11.95,5.61%,13261.0,0,0,0,0,0,1,0,0,0,0,0,0,0,0,0,0,0,0,0,-1,0,0,0,0,0,0,0,0,1,1,2
IAV,Viavi Solutions Inc,Technology,Communication Equipment,USA,11840000000.0,,48.14,2.62%,4674806.0,0,0,0,0,0,0,0,0,0,0,0,0,0,0,0,1,0,0,0,0,0,0,0,0,0,0,0,0,1,0,1
ICI,VICI Properties Inc,Real Estate,REIT - Diversified,USA,25030000000.0,8.81,22.73,0.89%,7529200.0,0,0,0,0,0,0,0,0,1,1,0,0,0,0,0,0,0,0,0,0,0,0,0,0,0,0,0,0,2,0,2
IDI,Vident International Equity Strategy ETF,Financial,Exchange Traded Fund,USA,,,39.78,-0.43%,458100.0,0,0,0,0,0,0,0,0,0,0,1,0,0,0,0,0,0,0,0,0,0,0,-1,0,0,0,0,0,1,1,2
INP,Vinci Compass Investments Ltd,Financial,Asset Management,Brazil,704310000.0,15.74,10.75,0.28%,79793.0,0,0,0,-1,0,1,0,0,1,0,0,0,0,0,0,0,0,0,0,-1,0,0,0,0,0,0,0,0,2,2,4
IP,Vulcan Infrastructure and Power Inc,Financial,Capital Markets,USA,51970000.0,18.69,1.46,-3.95%,113373.0,0,0,0,0,0,0,0,0,0,0,0,0,-1,0,0,0,0,0,0,0,0,0,0,0,0,0,0,0,0,1,1
IR,Vir Biotechnology Inc,Healthcare,Biotechnology,USA,1960000000.0,,11.6,-1.53%,2586736.0,0,1,0,0,0,0,0,0,0,0,0,0,0,0,0,0,0,0,0,0,0,0,0,0,0,0,0,0,1,0,1
IRT,Virtu Financial Inc,Financial,Capital Markets,USA,9560000000.0,10.23,61.62,-2.00%,1444460.0,0,0,0,0,0,0,0,0,0,0,0,0,0,0,0,0,0,0,0,0,0,0,-1,0,0,0,0,0,0,1,1
IST,Vista Energy SAB de CV ADR,Energy,Oil & Gas E&P,Mexico,7330000000.0,8.83,66.06,-0.72%,1055880.0,0,0,0,0,0,0,0,0,0,0,1,0,0,0,0,0,0,0,0,0,0,0,-1,0,0,0,0,0,1,1,2
ITL,Vital Farms Inc,Consumer Defensive,Farm Products,USA,403560000.0,,9.4,1.62%,1445132.0,0,0,0,0,0,0,0,0,0,0,0,0,0,0,0,1,0,0,0,0,0,0,0,0,0,0,0,0,1,0,1
IVO,VivoPower Plc,Technology,Software - Infrastructure,United Kingdom,105260000.0,,3.29,-2.08%,291719.0,0,0,0,0,0,0,0,0,0,0,0,0,0,0,0,1,0,0,0,0,0,0,0,0,0,0,0,0,1,0,1
IVS,VivoSim Labs Inc,Healthcare,Biotechnology,USA,3350000.0,,0.2,-2.18%,378048.0,0,0,0,0,0,0,0,0,1,0,0,0,0,0,0,0,0,0,0,0,0,0,0,0,0,0,0,0,1,0,1
JET,Catheter Precision Inc,Healthcare,Medical Devices,USA,1950000.0,,1.03,-36.42%,2416974.0,0,0,0,0,0,0,0,0,1,0,0,0,0,0,0,0,0,0,0,0,0,0,0,0,0,0,0,0,1,0,1
KTX,Viking Therapeutics Inc,Healthcare,Biotechnology,USA,3610000000.0,,28.38,-3.07%,7109612.0,0,0,0,0,0,1,0,0,0,0,1,0,0,0,0,0,0,0,0,0,0,0,-1,0,0,0,0,0,2,1,3
LO,Valero Energy Corp,Energy,Oil & Gas Refining & Marketing,USA,120700000000.0,17.39,419.22,-0.03%,1909107.0,0,0,0,0,0,0,0,0,0,0,0,0,0,0,0,0,0,1,0,0,0,0,0,0,0,0,0,0,1,0,1
LRS,Controladora Vuela Cia De Aviacion ADR,Industrials,Airlines,Mexico,747180000.0,,6.5,0.78%,648858.0,0,0,0,0,0,0,0,0,0,0,0,0,-1,0,0,0,0,0,0,0,0,0,0,1,0,0,0,0,1,1,2
LU,State Street SPDR S&P 1500 Value Tilt ETF,Financial,Exchange Traded Fund,USA,,,243.13,0.50%,13407.0,0,0,0,0,0,0,0,0,0,0,0,0,0,0,0,0,0,0,0,0,0,0,-1,0,0,0,0,0,0,1,1
LUE,iShares MSCI USA Value Factor ETF,Financial,Exchange Traded Fund,USA,,,200.22,0.23%,307376.0,0,0,0,0,0,0,0,0,0,0,1,1,0,0,0,0,0,0,0,0,0,0,0,0,-1,0,0,0,2,1,3
MAX,Hartford US Value ETF,Financial,Exchange Traded Fund,USA,,,62.89,0.34%,261.0,0,0,0,0,0,0,0,0,0,0,0,0,0,0,0,0,0,0,0,0,0,0,-1,0,0,0,0,0,0,1,1
MBS,Vanguard Mortgage-Backed Securities ETF,Financial,Exchange Traded Fund,USA,,,44.29,0.31%,3198967.0,0,0,0,0,0,0,0,0,0,0,0,0,-1,0,0,0,0,0,0,0,0,0,0,0,0,0,0,0,0,1,1
MD,Viemed Healthcare Inc,Healthcare,Medical Devices,USA,355370000.0,25.49,9.33,0.97%,260521.0,0,1,0,0,0,0,0,0,0,0,0,0,0,0,0,0,0,0,0,0,0,0,0,0,0,0,0,0,1,0,1
MET,Versamet Royalties Corp,Basic Materials,Other Precious Metals & Mining,Canada,943560000.0,9.38,8.67,1.64%,147132.0,0,0,0,0,0,0,0,0,1,0,0,0,0,0,0,0,0,0,0,0,0,0,0,0,0,0,0,0,1,0,1
NET,VNET Group Inc ADR,Technology,Information Technology Services,China,1510000000.0,,5.4,-0.83%,7132161.0,0,0,0,0,0,0,0,0,1,1,0,0,0,0,0,0,0,0,0,0,0,0,0,0,0,0,0,0,2,0,2
NM,VanEck Vietnam ETF,Financial,Exchange Traded Fund,USA,,,16.93,0.21%,243507.0,0,0,0,0,0,0,0,0,0,0,0,0,-1,0,0,0,0,0,0,0,0,0,0,0,0,0,0,0,0,1,1
NME,Vendome Acquisition Corp I,Financial,Shell Companies,USA,258230000.00000003,36.59,10.33,0.18%,8.0,0,0,0,0,0,0,0,0,0,0,0,0,0,0,0,0,0,1,0,0,0,0,0,0,0,0,0,0,1,0,1
NOM,Viper Energy Inc,Energy,Oil & Gas Midstream,USA,14940000000.0,325.69,41.59,1.76%,2838468.0,0,0,0,0,0,0,0,0,1,0,1,0,0,0,0,0,0,0,0,0,0,0,0,0,0,0,0,0,2,0,2
NTG,Vantage Corp,Industrials,Marine Shipping,Singapore,20200000.0,,0.65,1.32%,47864.0,0,1,0,0,0,0,0,0,0,0,0,0,0,0,0,0,0,0,0,0,0,0,0,1,0,0,0,0,2,0,2
OC,VOC Energy Trust,Energy,Oil & Gas E&P,USA,58140000.0,8.44,3.42,0.00%,17461.0,0,0,0,0,0,0,0,0,0,0,0,0,0,0,0,1,0,0,0,0,0,0,0,0,0,0,0,0,1,0,1
OD,Vodafone Group plc ADR,Communication Services,Telecom Services,United Kingdom,38300000000.0,,16.53,-1.55%,3399038.0,0,0,0,-1,0,0,0,0,0,0,0,0,0,0,0,0,0,0,0,0,0,0,0,0,0,0,0,0,0,1,1
OLT,Tema Electrification ETF,Financial,Exchange Traded Fund,USA,,,37.4,2.13%,188033.0,0,0,0,0,0,0,0,0,0,0,0,0,0,0,0,1,0,0,0,0,0,0,-1,0,0,0,0,0,1,1,2
ONE,Vanguard Russell 1000 Index ETF,Financial,Exchange Traded Fund,USA,,,352.04,0.56%,133185.0,0,0,0,0,0,0,0,0,0,0,0,0,0,0,0,0,0,1,0,0,0,0,0,0,0,0,0,0,1,0,1
OOG,Vanguard S&P 500 Growth ETF,Financial,Exchange Traded Fund,USA,,,87.81,0.60%,1275544.0,0,0,0,0,0,0,0,-1,0,0,0,0,0,0,0,0,0,0,0,0,0,0,0,0,0,0,0,0,0,1,1
OT,Vanguard Morningstar Mid-Cap Growth ETF,Financial,Exchange Traded Fund,USA,,,304.03,1.33%,193556.0,0,0,0,0,0,0,0,0,0,0,0,0,-1,0,0,0,0,0,0,0,0,0,0,0,0,0,0,0,0,1,1
OTE,TCW Transform 500 ETF,Financial,Exchange Traded Fund,USA,,,91.96,0.64%,16595.0,0,0,0,0,0,0,0,0,0,0,1,0,0,0,0,0,0,0,0,0,0,0,-1,0,0,0,0,0,1,1,2
OX,Vanguard Communication Services ETF,Financial,Exchange Traded Fund,USA,,,193.03,0.19%,138848.0,0,0,0,0,0,0,0,0,0,0,0,0,0,0,0,1,0,0,0,0,0,0,0,0,0,0,0,0,1,0,1
OYG,Voyager Technologies Inc,Industrials,Aerospace & Defense,USA,1880000000.0,,30.88,2.25%,1789261.0,0,0,0,0,0,0,0,0,0,0,0,0,-1,0,0,0,0,0,0,0,0,0,0,1,0,0,-1,0,1,2,3
PLS,Vanguard Core Plus Bond ETF,Financial,Exchange Traded Fund,USA,,,73.82,0.27%,285810.0,0,0,0,0,0,0,0,0,1,0,0,0,0,0,0,0,0,0,0,0,0,0,0,0,0,0,0,0,1,0,1
RA,Vera Bradley Inc,Consumer Cyclical,Footwear & Accessories,USA,145740000.0,,5.08,1.20%,551325.0,0,0,0,0,0,0,0,0,0,0,0,0,0,0,0,0,0,0,0,0,1,0,0,0,0,0,0,0,1,0,1
RM,Vroom Inc,Financial,Credit Services,USA,48940000.0,,9.35,3.66%,2902.0,0,0,0,0,0,0,0,0,1,0,0,0,0,0,0,0,0,0,0,0,0,0,0,0,0,0,0,0,1,0,1
RP,Invesco Variable Rate Preferred ETF,Financial,Exchange Traded Fund,USA,,,23.72,0.21%,645436.0,0,0,0,0,0,0,0,0,1,0,0,0,0,0,0,0,0,0,0,0,0,0,0,0,0,0,0,0,1,0,1
RSK,Verisk Analytics Inc,Industrials,Consulting Services,USA,21500000000.0,25.38,165.2,1.18%,884636.0,0,0,0,0,0,0,0,0,0,0,1,0,0,0,0,0,0,0,0,0,0,0,0,0,0,0,0,0,1,0,1
RSN,Verisign Inc,Technology,Software - Infrastructure,USA,26470000000.0,31.81,293.1,0.29%,889626.0,0,0,0,0,0,0,0,0,0,0,1,1,0,0,0,0,0,0,0,0,0,0,-1,0,0,0,0,0,2,1,3
RT,Vertiv Holdings Co,Industrials,Electrical Equipment & Parts,USA,97460000000.0,57.28,253.14,-0.19%,4243470.0,0,0,0,0,0,0,0,0,0,0,0,0,-1,-1,0,0,0,0,0,0,0,0,0,0,0,0,0,0,0,2,2
RTL,GraniteShares 2x Long VRT Daily ETF,Financial,Exchange Traded Fund,USA,,,24.94,-0.83%,293943.0,0,0,0,0,0,0,0,0,1,1,0,0,0,0,0,0,0,0,0,0,0,0,0,0,0,0,0,0,2,0,2
RTS,Virtus Investment Partners Inc,Financial,Asset Management,USA,874320000.0,7.52,132.02,-1.82%,110485.0,0,0,0,0,0,0,0,0,0,0,0,0,-1,0,0,0,0,0,0,0,0,0,0,0,0,0,0,0,0,1,1
RTX,Vertex Pharmaceuticals Inc,Healthcare,Biotechnology,USA,127320000000.0,29.22,502.31,-0.24%,775071.0,0,0,0,0,0,0,0,-1,0,0,0,0,0,0,0,0,0,0,0,0,0,0,0,0,0,0,0,0,0,1,1
SAT,Viasat Inc,Technology,Communication Equipment,USA,10250000000.0,,74.38,6.58%,2226342.0,0,1,0,0,0,0,0,0,0,0,0,0,0,0,0,0,0,0,0,0,0,0,0,0,0,0,0,0,1,0,1
SGX,Vanguard ESG International Stock ETF,Financial,Exchange Traded Fund,USA,,,82.03,0.00%,128289.0,0,0,0,0,0,0,0,0,0,0,1,0,0,0,0,0,0,0,0,0,0,0,-1,0,0,0,0,0,1,1,2
SLU,Applied Finance Valuation Large Cap ETF,Financial,Exchange Traded Fund,USA,,,49.57,0.61%,36700.0,0,0,0,0,0,0,0,0,0,0,1,0,0,0,0,0,0,0,0,0,0,0,0,0,0,0,0,0,1,0,1
SMV,VictoryShares US Multi-Factor Minimum Volatility ETF,Financial,Exchange Traded Fund,USA,,,60.0,0.04%,4385.0,0,0,0,0,0,0,0,-1,0,0,0,0,0,0,0,0,0,0,0,0,0,0,0,0,0,0,0,0,0,1,1
SS,Vanguard FTSE All-World Ex-US Small Capital Index Fund ETF,Financial,Exchange Traded Fund,USA,,,156.32,0.23%,91068.0,0,0,0,0,0,0,0,0,0,0,1,0,0,0,0,0,0,0,0,0,0,0,0,0,-1,0,0,0,1,1,2
ST,Vistra Corp,Utilities,Utilities - Independent Power Producers,USA,53870000000.0,27.09,160.5,10.77%,18110662.0,0,0,0,0,0,0,0,0,1,1,0,0,0,0,0,0,0,0,0,0,0,0,0,0,0,0,0,0,2,0,2
STL,Defiance Daily Target 2X Long VST ETF,Financial,Exchange Traded Fund,USA,,,26.5,21.12%,952503.0,0,1,0,0,0,0,0,0,1,1,0,0,0,0,0,0,0,0,0,0,0,0,0,0,0,0,0,0,3,0,3
T,Vanguard Total World Stock ETF,Financial,Exchange Traded Fund,USA,,,160.7,0.37%,1506473.0,0,0,0,-1,0,0,0,0,0,0,0,0,0,0,0,0,0,0,0,0,0,0,0,0,0,0,0,0,0,1,1
TGN,Vistagen Therapeutics Inc,Healthcare,Biotechnology,USA,11120000.0,,0.25,-4.79%,1595715.0,0,0,0,0,0,0,0,0,0,0,0,0,0,0,0,0,0,0,0,0,0,0,0,1,0,0,0,0,1,0,1
TI,Vanguard Morningstar Total Stock Market ETF,Financial,Exchange Traded Fund,USA,,,382.54,0.51%,3038101.0,0,1,0,0,0,0,0,0,0,0,0,0,0,0,0,0,0,0,0,0,0,0,0,0,0,0,0,0,1,0,1
TMX,Corporacion Inmobiliaria Vesta Sab ADR,Real Estate,Real Estate - Diversified,Mexico,3210000000.0,7.26,33.37,2.39%,62283.0,0,0,0,0,0,0,0,0,0,0,0,0,-1,0,0,0,0,0,0,0,0,0,0,0,0,0,0,0,0,1,1
TN,Invesco Trust For Investment Grade New York Municipals,Financial,Closed-End Fund - Debt,USA,140340000.0,,9.57,1.59%,142651.0,0,1,0,0,0,0,0,0,0,0,0,0,0,0,0,0,0,0,0,0,0,0,0,0,0,0,0,0,1,0,1
TP,Vanguard Total Inflation-Protected Securities ETF,Financial,Exchange Traded Fund,USA,,,72.31,0.29%,91236.0,0,1,0,0,0,0,0,0,0,0,0,0,0,0,0,0,0,0,0,0,0,0,0,0,0,0,0,0,1,0,1
TSI,VirTra Inc,Technology,Software - Application,USA,31240000.0,,2.76,-2.82%,82551.0,0,0,0,0,0,0,0,0,1,0,0,0,0,0,0,0,0,0,0,0,0,0,0,0,0,0,0,0,1,0,1
TWG,Vanguard Russell 2000 Growth Index ETF,Financial,Exchange Traded Fund,USA,,,263.14,-0.84%,27858.0,0,0,0,0,0,0,0,-1,0,0,0,0,0,0,0,0,0,0,0,0,0,0,0,0,0,0,0,0,0,1,1
USB,Vanguard Ultra-Short Bond ETF,Financial,Exchange Traded Fund,USA,,,49.44,0.04%,1705475.0,0,1,0,-1,0,0,0,0,0,0,0,0,0,0,0,0,0,0,0,0,0,0,0,0,0,0,0,0,1,1,2
USG,Vanguard Wellington U.S. Growth Active ETF,Financial,Exchange Traded Fund,USA,,,68.86,0.29%,34995.0,0,0,0,0,0,0,0,0,0,0,1,0,0,0,0,0,0,0,0,0,0,0,0,0,0,0,0,0,1,0,1
UZI,Vuzix Corp,Technology,Consumer Electronics,USA,247330000.0,,2.93,-1.68%,1035992.0,0,0,0,0,0,0,0,0,0,0,0,0,0,0,0,0,0,0,0,0,0,0,0,0,0,0,-1,0,0,1,1
VOS,Vivos Therapeutics Inc,Healthcare,Medical Devices,USA,5170000.0,,0.15,-0.26%,573014.0,0,0,0,0,0,0,0,0,0,0,0,0,0,0,0,0,0,0,0,-1,0,0,0,0,0,0,0,0,0,1,1
VR,Invesco Senior Income Trust,Financial,Closed-End Fund - Debt,USA,444840000.0,,2.89,0.70%,864580.0,0,0,0,0,0,0,0,0,1,0,0,0,0,0,0,0,0,0,0,0,0,0,0,0,0,0,0,0,1,0,1
VX,V2X Inc,Industrials,Aerospace & Defense,USA,2220000000.0,24.44,70.96,0.13%,392023.0,0,0,0,0,0,0,0,0,0,0,1,1,0,0,0,0,0,0,0,0,0,0,-1,0,0,0,0,0,2,1,3
WO,Vanguard FTSE Emerging Markets ETF,Financial,Exchange Traded Fund,USA,,,60.62,0.02%,4663713.0,0,1,0,0,0,0,0,-1,0,0,0,0,0,0,0,0,0,0,0,0,0,0,0,0,0,0,0,0,1,1,2
XUS,Vanguard Total International Stock ETF,Financial,Exchange Traded Fund,USA,,,85.8,-0.06%,4653266.0,0,0,0,0,0,0,0,-1,0,0,0,0,0,0,0,0,0,0,0,0,0,0,0,0,0,0,0,0,0,1,1
Z,Verizon Communications Inc,Communication Services,Telecom Services,USA,191040000000.0,11.97,45.98,0.28%,21490504.0,0,0,0,0,0,0,0,0,0,0,1,0,0,0,0,0,0,0,0,0,0,0,0,0,0,0,0,0,1,0,1
ZLA,Vizsla Silver Corp,Basic Materials,Other Industrial Metals & Mining,Canada,1250000000.0,,3.53,0.57%,4457133.0,0,0,0,0,0,0,0,0,0,0,0,0,0,0,0,0,0,0,0,0,1,0,0,0,0,0,0,0,1,0,1
ABC,Westamerica Bancorporation,Financial,Banks - Regional,USA,1360000000.0,12.95,58.73,-0.56%,148460.0,0,0,0,0,0,0,0,0,0,0,0,0,-1,0,0,0,0,0,0,0,0,0,0,0,0,0,0,0,0,1,1
ABF,Western Asset Bond ETF,Financial,Exchange Traded Fund,USA,,,23.57,0.15%,5890.0,0,0,0,-1,0,0,0,0,0,0,0,0,0,0,0,0,0,0,0,0,0,0,0,0,0,0,0,0,0,1,1
AFU,Wah Fu Education Group Ltd,Consumer Defensive,Education & Training Services,China,6440000.0,,1.46,-0.68%,13352.0,0,0,0,0,0,1,0,0,1,0,1,0,0,0,0,1,0,0,0,0,0,0,0,0,0,0,0,0,4,0,4
AMA,WisdomTree US Adaptive Moving Average Fund,Financial,Exchange Traded Fund,USA,,,27.35,0.65%,12788.0,0,1,0,0,0,0,0,-1,0,0,0,0,0,0,0,0,0,0,0,0,0,0,0,0,0,0,0,0,1,1,2
ANT,Direxion Daily Consumer Discretionary Bull 3X ETF,Financial,Exchange Traded Fund,USA,,,35.14,3.57%,31623.0,0,0,0,0,0,0,0,0,0,0,0,0,-1,-1,0,0,0,0,0,0,0,0,0,1,0,0,0,0,1,2,3
AR,U.S. Global Technology and Aerospace & Defense ETF,Financial,Exchange Traded Fund,USA,,,32.39,-0.15%,17720.0,0,0,0,0,0,0,0,0,0,0,0,0,0,0,0,1,0,0,0,0,0,0,0,0,0,0,0,0,1,0,1
AVE,Eco Wave Power Global AB ADR,Utilities,Utilities - Renewable,Israel,36320000.0,,5.82,-0.02%,3612.0,0,0,0,0,0,0,0,0,1,0,0,0,0,0,0,0,0,0,0,0,0,0,-1,0,0,0,0,0,1,1,2
AY,Waystar Holding Corp,Healthcare,Health Information Services,USA,5060000000.0,37.59,26.4,-0.30%,1960148.0,0,1,0,0,0,0,0,-1,0,0,1,0,0,0,0,0,0,0,0,0,0,0,0,0,0,0,0,0,2,1,3
BTN,Webtoon Entertainment Inc,Communication Services,Internet Content & Information,USA,1380000000.0,,10.2,-2.49%,1586133.0,0,0,0,0,0,0,0,0,1,0,0,0,0,0,0,0,0,0,0,0,0,0,0,0,0,0,0,0,1,0,1
BUY,Webuy Global Ltd,Consumer Cyclical,Internet Retail,Singapore,4059999.9999999995,2.21,0.74,-1.99%,133972.0,0,0,0,0,0,0,0,0,0,0,1,0,0,0,0,0,0,0,0,0,0,0,0,0,0,0,0,0,1,0,1
CAP,WarCap Unconstrained Equity ETF,Financial,Exchange Traded Fund,USA,,,9.4,0.73%,22970.0,0,0,0,0,0,0,0,0,0,0,0,0,0,0,0,1,0,0,0,0,0,0,0,0,0,0,0,0,1,0,1
CBR,WisdomTree Cybersecurity Fund,Financial,Exchange Traded Fund,USA,,,48.11,1.91%,207724.0,0,0,0,0,0,0,0,-1,0,0,0,0,0,0,0,0,0,0,0,0,0,0,0,0,0,0,0,0,0,1,1
CC,Wesco International Inc,Industrials,Industrial Distribution,USA,18720000000.0,26.54,384.09,1.86%,534436.0,0,0,0,0,0,1,0,0,0,0,1,1,0,0,0,0,0,0,0,0,1,0,0,0,0,0,0,0,4,0,4
CLD,WisdomTree Cloud Computing Fund,Financial,Exchange Traded Fund,USA,,,42.08,-0.09%,190727.0,0,0,0,-1,0,0,0,0,0,0,0,0,0,0,0,0,0,0,0,0,0,0,0,0,0,0,0,0,0,1,1
CPB,Weitz Core Plus Bond ETF,Financial,Exchange Traded Fund,USA,,,24.27,0.50%,443053.0,0,0,0,0,0,0,0,0,0,0,0,0,0,0,0,0,0,0,0,-1,0,0,0,0,0,0,0,0,0,1,1
D,Walker & Dunlop Inc,Financial,Mortgage Finance,USA,1200000000.0,31.3,35.1,6.17%,740987.0,0,0,0,0,0,0,0,0,1,0,0,0,0,0,0,0,0,0,0,0,0,0,0,0,0,0,0,0,1,0,1
DAF,WisdomTree Asia Defense Fund,Financial,Exchange Traded Fund,USA,,,30.49,-2.26%,1941.0,0,0,0,0,0,0,0,0,1,0,0,0,0,0,0,0,0,0,0,0,0,0,0,0,0,0,0,0,1,0,1
DC,Western Digital Corp,Technology,Computer Hardware,USA,148200000000.0,17.0,411.04,-6.93%,14044094.0,0,0,0,0,0,0,0,0,1,1,0,0,0,0,0,0,0,0,0,0,0,0,0,0,0,0,0,0,2,0,2
DCC,Corgi WDC 2x Daily ETF,Financial,Exchange Traded Fund,USA,,,10.46,-13.70%,266858.0,0,0,0,0,0,0,0,0,1,1,0,0,0,0,0,0,0,0,0,0,0,0,0,0,0,0,0,0,2,0,2
DNA,WisdomTree BioRevolution Fund,Financial,Exchange Traded Fund,USA,,,22.93,-5.65%,2640.0,0,0,0,0,0,0,0,0,0,0,0,0,0,0,0,0,0,1,0,0,0,0,0,0,0,0,0,0,1,0,1
DRN,"WisdomTree Physical AI, Humanoids and Drones Fund",Financial,Exchange Traded Fund,USA,,,26.79,-0.13%,6953.0,0,0,0,0,0,0,0,0,0,0,1,0,0,0,0,0,0,0,0,0,0,0,0,0,0,0,0,0,1,0,1
DS,Woodside Energy Group Ltd ADR,Energy,Oil & Gas E&P,Australia,41250000000.0,13.52,21.75,-0.09%,375313.0,0,0,0,0,0,0,0,0,0,0,0,0,0,0,0,0,0,0,0,0,0,0,0,0,-1,0,0,0,0,1,1
DTE,Defiance S&P 500 Weekly Distribution ETF,Financial,Exchange Traded Fund,USA,,,29.07,0.59%,28960.0,0,0,0,0,0,0,0,0,1,1,0,0,0,0,0,0,0,0,0,0,0,0,0,0,0,0,0,0,2,0,2
EA,Western Asset Premier Bond Fund,Financial,Closed-End Fund - Debt,USA,116700000.0,,9.83,0.05%,15863.0,0,0,0,-1,0,0,0,0,0,0,0,0,0,0,0,0,0,0,0,0,0,0,0,0,0,0,0,0,0,1,1
EAV,Weave Communications Inc,Healthcare,Health Information Services,USA,593730000.0,,7.38,0.27%,789265.0,0,0,0,0,0,0,0,0,0,0,1,0,0,0,0,0,0,0,0,0,0,0,0,0,0,0,0,0,1,0,1
EBL,Direxion Daily Dow Jones Internet Bull 3X ETF,Financial,Exchange Traded Fund,USA,,,30.74,3.05%,30768.0,0,0,0,0,0,0,0,0,0,0,1,0,0,0,0,0,0,0,0,0,0,0,0,0,-1,0,0,0,1,1,2
EBS,Direxion Daily Dow Jones Internet Bear 3X ETF,Financial,Exchange Traded Fund,USA,,,13.14,-3.03%,11658.0,0,0,0,0,0,0,0,0,1,0,0,0,0,0,0,0,0,0,0,0,0,0,0,0,0,0,0,0,1,0,1
EC,WEC Energy Group Inc,Utilities,Utilities - Regulated Electric,USA,33619999999.999996,19.98,103.19,1.87%,2450527.0,0,0,0,0,0,0,0,0,1,0,0,0,0,0,0,0,0,0,0,0,0,0,0,0,0,0,0,0,1,0,1
EED,Roundhill Cannabis ETF,Financial,Exchange Traded Fund,USA,,,20.6,1.45%,5679.0,0,0,0,0,0,0,0,0,0,0,1,0,0,0,0,0,0,0,0,0,0,0,0,0,0,0,0,0,1,0,1
EEI,Westwood Salient Enhanced Energy Income ETF,Financial,Exchange Traded Fund,USA,,,24.97,0.66%,29620.0,0,0,0,-1,0,0,0,0,0,0,0,0,0,0,0,0,0,0,0,0,0,0,0,0,0,0,0,0,0,1,1
EEK,Roundhill Weekly T-Bill ETF,Financial,Exchange Traded Fund,USA,,,100.0,-0.05%,83683.0,0,1,0,-1,0,0,0,0,0,0,0,0,0,0,0,0,0,0,0,0,0,0,0,0,0,0,0,0,1,1,2
EEL,Peerless Option Income Wheel ETF,Financial,Exchange Traded Fund,USA,,,19.97,0.27%,25990.0,0,0,0,0,0,0,0,0,0,0,1,0,0,0,0,0,0,0,0,0,0,0,0,0,-1,0,0,0,1,1,2
ELD,Tema U.S. Manufacturing & Reshoring ETF,Financial,Exchange Traded Fund,USA,,,56.02,1.12%,23442.0,0,0,0,0,0,0,0,0,1,0,0,0,0,0,0,0,0,0,0,0,0,0,0,0,0,0,0,0,1,0,1
ERN,Werner Enterprises Inc,Industrials,Trucking,USA,1970000000.0,,32.81,-3.92%,928204.0,0,0,0,0,0,0,0,0,1,0,0,0,0,0,0,0,0,0,0,0,0,0,0,0,0,0,0,0,1,0,1
EST,Westrock Coffee Company,Consumer Defensive,Packaged Foods,USA,805430000.0,,8.25,0.36%,255269.0,0,0,0,0,0,0,0,0,1,0,0,0,0,0,0,0,0,0,0,0,0,0,0,0,0,0,0,0,1,0,1
ETH,Wetouch Technology Inc,Technology,Electronic Components,China,13050000.0,1.4,0.98,-1.81%,65350.0,0,0,0,0,0,0,0,0,1,1,0,0,0,0,0,0,0,0,0,0,0,0,0,0,0,0,0,0,2,0,2
FC,Wells Fargo & Co,Financial,Banks - Diversified,USA,246490000000.0,11.84,81.51,0.09%,12180494.0,0,0,0,0,0,0,0,-1,0,0,0,0,0,0,0,0,0,0,0,0,0,0,0,0,0,0,0,0,0,1,1
FRD,Weatherford International plc,Energy,Oil & Gas Equipment & Services,USA,5810000000.0,15.79,79.94,-2.89%,651659.0,0,0,0,0,0,0,0,0,1,0,0,0,0,0,0,0,0,0,0,0,0,0,0,0,0,0,0,0,1,0,1
GMI,CoinShares Bitcoin Mining and Digital Power ETF,Financial,Exchange Traded Fund,USA,,,44.89,1.22%,344321.0,0,0,0,0,0,0,0,0,1,0,0,0,0,0,0,0,0,0,0,0,0,0,0,0,0,0,0,0,1,0,1
HWK,Whitehawk Therapeutics Inc,Healthcare,Biotechnology,USA,205800000.0,,3.61,-2.43%,468157.0,0,0,0,0,0,0,0,0,0,0,1,0,0,0,0,0,0,0,0,0,0,0,-1,0,0,0,0,0,1,1,2
IMI,Wimi Hologram Cloud Inc,Communication Services,Advertising Agencies,China,13420000.0,0.8,0.73,-3.67%,172945.0,0,0,0,0,0,0,0,0,1,0,0,0,0,0,0,0,0,0,0,0,0,0,0,0,0,0,0,0,1,0,1
IP,SPDR Intl Govt Inflation-Protected Bond,Financial,Exchange Traded Fund,USA,,,38.28,0.45%,55559.0,0,0,0,-1,0,0,0,0,0,0,0,0,0,0,0,0,0,0,0,0,0,0,0,0,0,0,0,0,0,1,1
KHS,Workhorse Group Inc,Consumer Cyclical,Auto Manufacturers,USA,32130000.000000004,,2.94,-0.34%,46845.0,0,0,0,0,0,0,0,0,0,0,0,0,0,0,0,1,0,0,0,0,0,0,0,0,0,0,0,0,1,0,1
LKP,Westlake Chemical Partners LP,Basic Materials,Chemicals,USA,760960000.0,13.21,21.59,0.79%,52549.0,0,0,0,0,0,0,0,0,0,0,0,0,-1,0,0,0,0,0,0,0,0,0,0,0,0,0,0,0,0,1,1
MB,Williams Cos Inc,Energy,Oil & Gas Midstream,USA,88550000000.0,28.9,72.39,2.23%,6439843.0,0,1,0,0,0,1,0,0,0,0,0,0,-1,-1,0,0,0,0,0,0,0,0,0,0,0,0,0,0,2,2,4
MG,Warner Music Group Corp,Communication Services,Entertainment,USA,14440000000.0,21.83,27.61,-0.07%,1783705.0,0,0,0,0,0,0,0,0,1,0,0,0,0,0,0,0,0,0,0,0,0,0,0,0,0,0,0,0,1,0,1
MS,Advanced Drainage Systems Inc,Industrials,Building Products & Equipment,USA,9810000000.0,22.45,130.07,0.49%,854085.0,0,0,0,0,0,0,0,0,1,0,0,0,0,0,0,0,0,0,0,0,0,0,0,0,0,0,0,0,1,0,1
MT,Walmart Inc,Consumer Defensive,Discount Stores,USA,850500000000.0,38.84,107.2,2.03%,22025468.0,0,0,0,0,0,1,0,0,1,0,0,0,0,0,0,0,0,0,0,0,0,0,0,0,0,0,0,0,2,0,2
QEY,WISeQey Corp,Technology,Semiconductors,Switzerland,85500000.0,,10.24,-23.58%,108161.0,0,0,0,0,0,0,0,0,0,0,0,0,-1,0,0,0,0,0,0,0,0,0,0,0,0,0,0,0,0,1,1
QTM,WisdomTree Quantum Computing Fund,Financial,Exchange Traded Fund,USA,,,32.67,1.24%,175140.0,0,0,0,0,0,0,0,0,1,0,0,0,0,0,0,0,0,0,0,0,0,0,0,0,0,0,0,0,1,0,1
RB,W.R. Berkley Corp,Financial,Insurance - Property & Casualty,USA,25860000000.0,14.32,69.65,-0.17%,3083371.0,0,0,0,0,0,0,0,0,1,0,0,0,0,0,0,0,0,0,0,0,0,0,0,0,0,0,0,0,1,0,1
RBY,Warby Parker Inc,Healthcare,Medical Instruments & Supplies,USA,3240000000.0,432.13,26.23,-1.58%,3257212.0,0,0,0,0,0,0,0,0,0,0,1,0,0,0,0,0,0,0,0,0,0,0,0,0,0,0,0,0,1,0,1
RD,WeRide Inc ADR,Technology,Software - Application,China,1590000000.0,,5.12,0.99%,1887755.0,0,0,0,0,0,0,0,0,1,1,0,0,0,0,0,0,0,0,0,0,0,0,0,0,0,0,0,0,2,0,2
RN,Western Copper & Gold Corp,Basic Materials,Other Industrial Metals & Mining,Canada,490810000.0,,2.17,0.46%,1099876.0,0,0,0,0,0,0,0,0,1,0,0,0,0,0,0,0,0,0,0,0,0,0,0,0,0,0,0,0,1,0,1
RND,NYLIM Global Equity R&D Leaders ETF,Financial,Exchange Traded Fund,USA,,,44.63,0.45%,2629.0,0,0,0,0,0,0,0,0,0,0,1,1,0,0,0,0,0,0,0,0,0,0,0,0,0,0,0,0,2,0,2
SBF,Waterstone Financial Inc,Financial,Banks - Regional,USA,357200000.0,11.51,19.87,-0.15%,69326.0,0,0,0,0,0,1,0,0,0,0,0,0,0,0,0,0,0,0,0,0,0,0,0,0,0,0,0,0,1,0,1
SBK,Winchester Bancorp Inc,Financial,Banks - Regional,USA,115680000.0,26.45,12.91,-0.08%,11050.0,0,0,0,0,0,0,0,0,0,0,0,0,0,0,0,0,0,0,0,0,1,0,0,0,0,0,0,0,1,0,1
SE,Wise Group Plc,Technology,Information Technology Services,United Kingdom,14010000000.0,24.36,11.76,0.77%,1357012.0,0,0,0,0,0,0,0,0,1,0,0,0,0,0,0,0,0,0,0,0,0,0,0,0,0,0,0,0,1,0,1
SGE,Warren Street Global Equity ETF,Financial,Exchange Traded Fund,USA,,,28.62,0.29%,100.0,0,0,0,0,0,0,0,0,0,0,1,0,0,0,0,0,0,0,0,0,0,0,0,0,-1,0,0,0,1,1,2
SMD,Wasatch Small/Mid Cap ETF,Financial,Exchange Traded Fund,USA,,,24.31,0.11%,1842.0,0,0,0,0,0,0,0,0,0,0,0,0,0,0,0,0,0,0,0,0,0,0,0,1,0,0,0,0,1,0,1
ST,West Pharmaceutical Services Inc,Healthcare,Medical Instruments & Supplies,USA,26220000000.0,47.64,372.64,-1.09%,401800.0,0,0,0,0,0,0,0,0,0,0,1,0,0,0,0,0,0,0,0,0,0,0,-1,0,0,0,0,0,1,1,2
TBN,WisdomTree Bianco Fixed Income Total Return Fund,Financial,Exchange Traded Fund,USA,,,23.99,0.25%,16818.0,0,0,0,0,0,0,0,0,0,0,0,0,0,0,0,0,0,0,0,-1,0,0,0,0,0,0,0,0,0,1,1
TI,W & T Offshore Inc,Energy,Oil & Gas E&P,USA,541880000.0,,3.59,-0.28%,2271100.0,0,1,0,0,0,0,0,0,0,0,0,0,0,0,0,0,0,0,0,0,0,0,0,0,0,0,0,0,1,0,1
TID,MicroSectorsTM Energy 3X Inverse Leveraged ETNs,Financial,Exchange Traded Fund,USA,,,2.57,-1.15%,95884.0,0,0,0,0,0,0,0,0,1,0,0,0,0,0,0,0,0,0,0,0,0,0,0,0,0,0,0,0,1,0,1
TPI,WisdomTree Equity Premium Income Fund,Financial,Exchange Traded Fund,USA,,,33.25,0.61%,100652.0,0,0,0,0,0,0,0,-1,0,0,0,0,0,0,0,0,0,0,0,0,0,0,0,0,0,0,0,0,0,1,1
TS,Watts Water Technologies Inc,Industrials,Specialty Industrial Machinery,USA,12100000000.0,31.64,362.45,-0.08%,148163.0,0,0,0,0,0,0,0,0,0,0,0,0,0,0,0,0,0,0,0,0,0,0,-1,0,0,0,0,0,0,1,1
TTR,Select Water Solutions Inc,Energy,Oil & Gas Equipment & Services,USA,2580000000.0,74.78,19.99,-0.35%,1726410.0,0,0,0,0,0,1,0,0,0,0,0,0,0,0,0,1,0,0,0,0,0,0,0,0,0,0,0,0,2,0,2
VVI,Willamette Valley Vineyard Inc,Consumer Defensive,Beverages - Wineries & Distilleries,USA,9310000.0,,1.87,-6.50%,7419.0,0,0,0,0,0,0,0,0,1,0,0,0,0,0,0,0,0,0,0,0,0,0,0,0,0,0,0,0,1,0,1
W,WW International Inc,Healthcare,Medical Care Facilities,USA,156780000.0,,15.68,5.45%,251763.0,0,1,0,-1,0,0,0,0,0,0,0,0,0,0,0,1,0,0,0,0,0,0,0,0,0,0,0,0,2,1,3
WR,Westwater Resources Inc,Basic Materials,Other Industrial Metals & Mining,USA,62250000.0,,0.48,0.88%,1097465.0,0,0,0,0,0,0,0,0,1,0,0,0,0,0,0,0,0,0,0,0,0,0,0,0,0,0,0,0,1,0,1
WW,Wolverine World Wide Inc,Consumer Cyclical,Footwear & Accessories,USA,1580000000.0,14.98,19.31,1.95%,1226369.0,0,0,0,0,0,0,0,0,0,0,1,0,0,0,0,0,0,0,0,0,0,0,0,0,0,0,0,0,1,0,1
Y,Weyerhaeuser Co,Real Estate,REIT - Specialty,USA,13410000000.0,28.44,18.6,0.59%,13661764.0,0,0,0,0,0,0,0,0,0,0,0,0,0,0,0,0,0,0,0,0,1,1,0,0,0,0,0,0,2,0,2
YNN,Wynn Resorts Ltd,Consumer Cyclical,Resorts & Casinos,USA,7890000000.0,18.35,76.62,-0.71%,2020420.0,0,0,0,0,0,0,0,0,0,0,0,0,0,0,0,0,0,0,0,-1,0,0,0,0,0,0,0,0,0,1,1
YY,Widepoint Corp,Technology,Information Technology Services,USA,71090000.0,,7.11,-1.66%,90953.0,0,0,0,0,0,0,0,0,1,0,0,0,0,0,0,0,0,0,0,0,0,0,0,0,0,0,0,0,1,0,1
A,Corgi AI Cybersecurity ETF,Financial,Exchange Traded Fund,USA,,,46.02,1.58%,12958.0,0,0,0,0,0,1,0,0,0,0,0,0,0,0,0,0,0,1,0,0,0,0,0,0,0,0,0,0,2,0,2
BB,BondBloxx BB-Rated USD High Yield Corporate Bond ETF,Financial,Exchange Traded Fund,USA,,,39.58,0.46%,21605.0,0,0,0,0,0,0,0,0,0,0,0,0,-1,0,0,0,0,0,0,0,0,0,0,0,0,0,0,0,0,1,1
BCI,NEOS Boosted Bitcoin High Income ETF,Financial,Exchange Traded Fund,USA,,,42.22,0.01%,443901.0,0,0,0,0,0,0,0,0,1,0,0,0,0,0,0,0,0,0,0,0,0,0,0,0,0,0,0,0,1,0,1
BFR,Innovator Equity Managed 10 Buffer ETF,Financial,Exchange Traded Fund,USA,,,27.37,0.61%,11684.0,0,0,0,0,0,0,0,0,0,0,1,0,0,0,0,0,0,0,0,0,0,0,0,0,0,0,0,0,1,0,1
BIL,F/m US Treasury 6 Month Bill ETF,Financial,Exchange Traded Fund,USA,,,50.03,0.02%,94107.0,0,1,0,-1,0,1,0,0,0,0,0,0,0,0,0,0,0,0,0,0,0,0,0,0,0,0,0,0,2,1,3
BIT,XBiotech Inc,Healthcare,Biotechnology,USA,65849999.99999999,,2.16,-0.92%,11714.0,0,0,0,0,0,0,0,0,1,0,0,0,0,0,0,0,0,0,0,0,0,0,0,0,0,0,0,0,1,0,1
BJL,Innovator U.S. Equity Accelerated 9 Buffer ETF - July,Financial,Exchange Traded Fund,USA,,,41.42,0.21%,1535.0,0,0,0,0,0,0,0,-1,0,0,0,0,0,0,0,0,0,0,0,0,0,0,0,0,0,0,0,0,0,1,1
C,WisdomTree True Emerging Markets Fund,Financial,Exchange Traded Fund,USA,,,31.23,0.76%,9575.0,0,0,0,0,0,0,0,0,0,0,0,0,0,0,0,0,0,0,0,0,0,0,0,1,0,0,0,0,1,0,1
CH,XCHG Ltd ADR,Industrials,Electrical Equipment & Parts,Germany,9210000.0,,3.0,-7.98%,78827.0,0,0,0,0,0,0,0,0,1,0,0,0,0,0,0,0,0,0,0,0,0,0,0,0,0,0,0,0,1,0,1
CNY,State Street SPDR S&P Emerging Markets ex-China ETF,Financial,Exchange Traded Fund,USA,,,34.54,-0.13%,386.0,0,0,0,0,0,0,0,0,0,0,1,0,0,0,0,0,0,0,0,0,0,0,0,0,0,0,0,0,1,0,1
CUR,Exicure Inc,Healthcare,Biotechnology,USA,7070000.0,,1.08,0.93%,7339.0,0,0,0,0,0,0,0,0,1,1,0,0,0,0,0,0,0,0,0,0,0,0,0,0,0,0,0,0,2,0,2
DSQ,Innovator U.S. Equity Accelerated ETF - Quarterly,Financial,Exchange Traded Fund,USA,,,45.45,0.44%,4123.0,0,0,0,0,0,0,0,0,0,0,0,0,0,0,0,0,0,1,0,0,0,0,0,0,0,0,0,0,1,0,1
DTE,Roundhill S&P 500 0DTE Covered Call Strategy ETF,Financial,Exchange Traded Fund,USA,,,38.91,0.69%,173800.0,0,0,0,0,0,0,0,0,0,0,1,0,0,0,0,0,0,0,0,0,0,0,0,0,0,0,0,0,1,0,1
ES,State Street SPDR S&P Oil & Gas Equipment & Services ETF,Financial,Exchange Traded Fund,USA,,,111.64,-0.68%,69880.0,0,0,0,0,0,0,0,0,0,0,0,0,-1,0,0,0,0,0,0,0,0,0,0,0,0,0,0,0,0,1,1
EY,GraniteShares YieldBOOST Ether ETF,Financial,Exchange Traded Fund,USA,,,20.22,-0.12%,24.0,0,0,0,0,0,0,0,0,0,0,1,0,0,0,0,0,0,0,0,0,0,0,0,0,0,0,0,0,1,0,1
FIV,BondBloxx Bloomberg Five Year Target Duration US Treasury ETF,Financial,Exchange Traded Fund,USA,,,46.63,0.16%,546817.0,0,0,0,0,0,1,0,0,0,0,0,0,0,0,0,0,0,0,0,0,0,0,0,0,0,0,0,0,1,0,1
FLH,XFLH Capital Corp,Financial,Shell Companies,USA,173970000.0,,10.07,-0.59%,2165.0,0,0,0,0,0,0,0,0,0,0,0,0,-1,0,0,0,0,0,0,0,0,0,0,0,0,0,0,0,0,1,1
FLT,XAI Floating Rate & Alternative Income Trust,Financial,Closed-End Fund - Debt,USA,291370000.0,,19.13,-0.88%,190869.0,0,0,0,0,0,0,0,0,0,0,1,0,0,0,0,0,0,0,0,0,0,0,0,0,0,0,0,0,1,0,1
FLX,FundX Flexible ETF,Financial,Exchange Traded Fund,USA,,,22.56,0.14%,2639.0,0,1,0,-1,0,0,0,0,0,0,0,0,0,0,0,0,0,0,0,0,0,0,0,0,0,0,0,0,1,1,2
FOR,X4 Pharmaceuticals Inc,Healthcare,Biotechnology,USA,274640000.0,,2.77,-4.48%,642468.0,0,0,0,0,0,0,0,0,0,0,1,0,0,0,0,0,0,0,0,0,0,0,0,0,0,0,0,0,1,0,1
HLF,BondBloxx Bloomberg Six Month Target Duration US Treasury ETF,Financial,Exchange Traded Fund,USA,,,50.13,0.03%,180070.0,0,0,0,-1,0,0,0,0,1,0,0,0,0,0,0,0,0,0,0,-1,0,0,0,0,0,0,0,0,1,2,3
HS,State Street SPDR S&P Health Care Services ETF,Financial,Exchange Traded Fund,USA,,,135.19,-0.20%,29057.0,0,0,0,0,0,0,0,0,0,0,0,0,0,0,0,0,0,0,0,0,1,0,0,0,-1,0,0,0,1,1,2
IFR,XPLR Infrastructure LP,Utilities,Utilities - Renewable,USA,2000000000.0,15.52,10.38,1.86%,1350581.0,0,1,0,0,0,0,0,0,1,0,0,0,0,0,0,0,0,0,0,0,0,0,0,0,0,0,0,0,2,0,2
IJN,FT Vest U.S. Equity Buffer & Premium Income ETF - June,Financial,Exchange Traded Fund,USA,,,30.78,0.11%,3520.0,0,0,0,0,0,0,0,0,0,0,1,0,0,0,0,0,0,0,0,0,0,0,0,0,0,0,0,0,1,0,1
IMR,FT Vest U.S. Equity Buffer & Premium Income ETF - March,Financial,Exchange Traded Fund,USA,,,31.29,0.03%,100.0,0,0,0,0,0,1,0,0,0,0,0,0,0,0,0,0,0,0,0,-1,0,0,0,0,0,0,0,0,1,1,2
ITK,State Street SPDR FactSet Innovative Technology ETF,Financial,Exchange Traded Fund,USA,,,207.21,0.22%,1476.0,0,0,0,0,0,0,0,0,0,0,1,0,0,0,0,0,0,0,0,0,0,0,-1,0,0,0,0,0,1,1,2
LBI,State Street Materials Select Sector SPDR Premium Income ETF,Financial,Exchange Traded Fund,USA,,,22.98,0.52%,1669.0,0,0,0,0,0,0,0,0,0,0,0,0,-1,0,0,0,0,0,0,0,0,0,0,0,0,0,0,0,0,1,1
LEX,Corgi U.S. Energy 2x Daily ETF,Financial,Exchange Traded Fund,USA,,,29.34,1.12%,466.0,0,0,0,0,0,0,0,0,0,0,1,0,0,0,0,0,0,0,0,0,0,0,-1,0,0,0,0,0,1,1,2
LSR,State Street US Sector Rotation ETF,Financial,Exchange Traded Fund,USA,,,67.64,0.35%,33003.0,0,1,0,0,0,0,0,-1,0,0,0,0,0,0,0,0,0,0,0,0,0,0,0,0,0,0,0,0,1,1,2
LUI,State Street Utilities Select Sector SPDR Premium Income ETF,Financial,Exchange Traded Fund,USA,,,22.11,2.89%,47467.0,0,0,0,-1,0,0,0,0,0,0,0,0,0,0,0,0,0,0,0,0,0,0,0,0,0,0,0,0,0,1,1
MAG,Defiance Large Cap ex-Mag 7 ETF,Financial,Exchange Traded Fund,USA,,,25.92,0.77%,28444.0,0,0,0,-1,0,0,0,0,0,0,0,0,0,0,0,0,0,0,0,0,0,0,0,0,0,0,0,0,0,1,1
MAX,XMax Inc,Consumer Cyclical,"Furnishings, Fixtures & Appliances",USA,568310000.0,20.19,8.76,0.57%,412087.0,0,0,0,0,0,0,0,0,0,0,1,1,0,0,0,0,0,0,0,0,0,0,-1,0,0,0,0,0,2,1,3
ME,State Street SPDR S&P Metals & Mining ETF,Financial,Exchange Traded Fund,USA,,,108.24,0.45%,971458.0,0,0,0,0,0,0,0,0,1,0,0,0,0,0,0,0,0,0,0,0,0,0,0,0,0,0,0,0,1,0,1
MMO,Invesco S&P MidCap Momentum ETF,Financial,Exchange Traded Fund,USA,,,151.74,0.13%,377621.0,0,0,0,0,0,0,0,0,1,0,0,0,0,0,0,0,0,0,0,0,0,0,0,0,0,0,0,0,1,0,1
MTR,Xometry Inc,Industrials,Industrial Distribution,USA,6340000000.0,,110.66,2.75%,1008045.0,0,0,0,0,0,0,0,0,0,0,1,0,0,0,0,0,0,0,0,0,0,0,0,0,0,0,0,0,1,0,1
MVM,Invesco S&P MidCap Value with Momentum ETF,Financial,Exchange Traded Fund,USA,,,71.66,0.06%,22781.0,0,0,0,0,0,0,0,0,0,0,0,0,0,0,0,0,0,0,0,0,0,0,-1,0,0,0,0,0,0,1,1
NET,Xunlei Ltd ADR,Technology,Software - Infrastructure,China,303720000.0,,4.76,-0.52%,127693.0,0,1,0,0,0,0,0,0,1,0,0,0,0,0,0,0,0,0,0,0,0,0,0,0,0,0,0,0,2,0,2
OM,ExxonMobil Holdings Corp,Energy,Oil & Gas Integrated,USA,676330000000.0,21.17,164.48,0.29%,9286117.0,0,0,0,0,0,0,0,0,0,0,1,0,0,0,0,0,0,0,0,0,0,0,-1,0,0,0,0,0,1,1,2
OMO,YieldMax XOM Option Income Strategy ETF,Financial,Exchange Traded Fund,USA,,,11.0,0.92%,47347.0,0,0,0,0,0,0,0,0,0,0,0,0,-1,0,0,0,0,0,0,0,0,0,0,1,0,0,0,0,1,1,2
OVR,ERShares Private-Public Crossover ETF,Financial,Exchange Traded Fund,USA,,,22.31,-0.54%,570234.0,0,0,0,0,0,0,0,-1,0,0,0,0,0,0,0,0,0,0,0,0,0,0,0,0,0,0,0,0,0,1,1
PAY,Roundhill S&P 500 Target 20 Managed Distribution ETF,Financial,Exchange Traded Fund,USA,,,52.99,0.57%,32633.0,0,0,0,0,0,0,0,0,1,0,0,0,0,0,0,0,0,0,0,0,0,0,0,0,0,0,0,0,1,0,1
PND,First Trust Expanded Technology ETF,Financial,Exchange Traded Fund,USA,,,41.51,1.04%,794.0,0,0,0,0,0,0,0,0,0,0,0,0,0,0,0,1,0,0,0,0,0,0,0,0,0,0,0,0,1,0,1
POF,Xponential Fitness Inc,Consumer Cyclical,Leisure,USA,237880000.0,,4.83,4.09%,941456.0,0,0,0,0,0,0,0,0,0,0,0,0,-1,0,0,0,0,0,0,0,0,0,0,0,0,0,0,0,0,1,1
PP,ProShares Ultra FTSE China 50 2x Shares,Financial,Exchange Traded Fund,USA,,,18.83,-0.34%,433.0,0,0,0,0,0,0,0,0,0,0,0,0,0,0,0,1,0,0,0,0,0,0,0,0,0,0,0,0,1,0,1
QTM,Corgi Quantum Computing 2x Daily ETF,Financial,Exchange Traded Fund,USA,,,12.74,1.87%,1381.0,0,0,0,0,0,0,0,0,0,0,0,0,-1,0,0,0,0,0,0,0,0,0,0,0,0,0,0,0,0,1,1
RLX,FundX Conservative ETF,Financial,Exchange Traded Fund,USA,,,49.65,0.36%,2236.0,0,0,0,0,0,0,0,0,0,0,0,0,0,0,0,1,0,0,0,0,0,0,0,0,0,0,0,0,1,0,1
RN,Chiron Real Estate Inc,Real Estate,REIT - Healthcare Facilities,USA,496870000.0,9.21,34.28,1.39%,98022.0,0,0,0,0,0,0,0,0,0,0,0,0,-1,0,0,0,0,0,0,0,0,0,0,0,0,0,0,0,0,1,1
RP,Bitwise XRP ETF,Financial,Exchange Traded Fund,USA,,,16.79,-0.06%,979656.0,0,0,0,0,0,0,0,0,0,0,1,0,0,0,0,0,0,0,0,0,0,0,0,0,0,0,0,0,1,0,1
RPI,Volatility Shares Trust XRP ETF,Financial,Exchange Traded Fund,USA,,,8.09,-0.12%,106986.0,0,0,0,0,0,0,0,0,0,0,1,0,0,0,0,0,0,0,0,0,0,0,0,0,0,0,0,0,1,0,1
RX,Xerox Holdings Corp,Industrials,Business Equipment & Supplies,USA,384750000.0,,2.93,-2.98%,2421204.0,0,0,0,0,0,0,0,0,0,0,1,0,0,0,0,0,0,0,0,0,0,0,-1,0,0,0,0,0,1,1,2
SLL,Xsolla SPAC 1,Financial,Shell Companies,USA,277000000.0,103.28,10.01,0.07%,12.0,0,0,0,0,0,0,0,0,0,0,1,0,0,0,0,0,0,0,0,0,0,0,0,0,0,0,0,0,1,0,1
SMO,Invesco S&P SmallCap Momentum ETF,Financial,Exchange Traded Fund,USA,,,83.03,-0.56%,176845.0,0,0,0,0,0,0,0,0,1,0,0,0,0,0,0,0,0,0,0,0,0,0,0,0,0,0,0,0,1,0,1
SW,State Street SPDR S&P Software & Services ETF,Financial,Exchange Traded Fund,USA,,,201.27,-0.03%,15121.0,0,0,0,0,0,0,0,-1,0,0,0,0,0,0,0,0,0,0,0,0,0,0,0,0,0,0,0,0,0,1,1
T,iShares Future Exponential Technologies ETF,Financial,Exchange Traded Fund,USA,,,85.5,0.63%,96368.0,0,0,0,0,0,0,0,0,0,0,1,1,0,0,0,0,0,0,0,0,0,0,0,0,0,0,0,0,2,0,2
TAI,Corgi Taiwan 2x Daily ETF,Financial,Exchange Traded Fund,USA,,,27.3,-0.66%,994.0,0,0,0,0,0,0,0,0,0,0,1,0,0,0,0,0,0,0,0,0,0,0,0,0,0,0,0,0,1,0,1
TJA,Innovator U.S. Equity Accelerated Plus ETF - January,Financial,Exchange Traded Fund,USA,,,35.47,0.35%,1027.0,0,0,0,-1,0,0,0,-1,0,0,0,0,0,0,0,0,0,0,0,0,0,0,0,0,0,0,0,0,0,2,2
TLB,X.T.L. Biopharmaceuticals Ltd ADR,Healthcare,Biotechnology,Israel,8560000.0,,2.02,-7.34%,36958.0,0,0,0,0,0,0,0,0,0,0,0,0,-1,0,0,0,0,0,0,0,0,0,0,0,0,0,0,0,0,1,1
TNT,Xtant Medical Holdings Inc,Healthcare,Medical Devices,USA,45010000.0,,0.32,-2.37%,201688.0,0,0,0,-1,0,0,0,0,1,1,0,0,0,0,0,1,0,0,0,0,0,0,0,0,0,0,0,0,3,1,4
TWY,BondBloxx Bloomberg Twenty Year Target Duration US Treasury ETF,Financial,Exchange Traded Fund,USA,,,32.7,0.26%,82106.0,0,0,0,0,0,1,0,0,1,0,0,0,0,0,0,0,0,0,0,0,0,0,0,0,0,0,0,0,2,0,2
USP,Innovator Uncapped Accelerated U.S. Equity ETF,Financial,Exchange Traded Fund,USA,,,54.97,0.87%,12431.0,0,0,0,0,0,0,0,-1,0,0,0,0,0,0,0,0,0,0,0,0,0,0,0,0,0,0,0,0,0,1,1
V,Simplify Target 15 Distribution ETF,Financial,Exchange Traded Fund,USA,,,24.28,-0.15%,40296.0,0,0,0,-1,0,0,0,-1,0,0,0,0,0,0,0,0,0,0,0,0,0,0,0,0,0,0,0,0,0,2,2
W,Corgi Ex-U.S. Equities 2x Daily ETF,Financial,Exchange Traded Fund,USA,,,23.42,0.03%,313.0,0,0,0,0,0,0,0,0,0,0,1,0,0,0,0,0,0,0,0,0,0,0,0,0,0,0,0,0,1,0,1
XI,Twenty One Capital Inc,Consumer Defensive,Education & Training Services,USA,4250000000.0,19.22,6.53,-2.25%,1077980.0,0,0,0,0,0,0,0,0,1,0,0,0,0,0,0,0,0,0,0,0,0,0,0,0,0,0,0,0,1,0,1
XV,Simplify Ancorato Target 25 Distribution ETF,Financial,Exchange Traded Fund,USA,,,23.67,0.60%,9729.0,0,0,0,0,0,0,0,0,0,0,0,0,0,0,0,1,0,0,0,0,0,0,0,0,0,0,0,0,1,0,1
YLD,Global X S&P 500 Covered Call ETF,Financial,Exchange Traded Fund,USA,,,41.9,0.12%,322838.0,0,0,0,-1,0,0,0,-1,0,0,0,0,0,0,0,0,0,0,0,0,0,0,0,0,0,0,0,0,0,2,2
YZ,Block Inc,Technology,Software - Infrastructure,USA,45990000000.0,136.26,76.54,0.41%,2882960.0,0,0,0,-1,0,0,0,0,0,0,0,0,0,0,0,0,0,0,0,0,0,0,-1,0,0,0,0,0,0,2,2
YZG,Leverage Shares 2X Long XYZ Daily ETF,Financial,Exchange Traded Fund,USA,,,15.46,0.92%,8915.0,0,0,0,0,0,0,0,0,0,0,0,0,0,0,0,0,0,1,0,0,0,0,0,0,0,0,0,0,1,0,1
YZY,YieldMax XYZ Option Income Strategy ETF,Financial,Exchange Traded Fund,USA,,,23.15,-0.13%,10602.0,0,1,0,0,0,1,0,0,0,0,0,0,-1,-1,0,0,0,0,0,0,0,0,0,0,0,0,0,0,2,2,4
ZO,Exzeo Group Inc,Financial,Insurance - Diversified,USA,1350000000.0,16.08,15.04,-2.27%,413168.0,0,0,0,0,0,0,0,0,0,0,0,0,0,0,0,0,0,0,0,0,0,0,0,0,0,0,0,1,1,0,1
ALL,Truth Social God Bless America ETF,Financial,Exchange Traded Fund,USA,,,43.38,0.83%,9996.0,0,1,0,-1,0,0,0,0,0,0,0,0,0,0,0,0,0,0,0,0,1,0,0,1,0,0,0,0,3,1,4
ANG,Direxion Daily FTSE China Bear 3X ETF,Financial,Exchange Traded Fund,USA,,,32.67,0.62%,371958.0,0,0,0,0,0,1,0,0,0,0,0,0,0,0,0,1,0,0,0,0,0,0,0,0,0,0,0,0,2,0,2
B,Yuanbao Inc ADR,Technology,Software - Application,China,403010000.0,2.78,12.45,-1.97%,6492.0,0,0,0,-1,0,0,0,0,0,0,0,0,-1,0,0,0,0,0,0,0,0,0,0,1,0,0,0,0,1,2,3
BTC,Roundhill Bitcoin Covered Call Strategy ETF,Financial,Exchange Traded Fund,USA,,,19.48,0.10%,81648.0,0,0,0,0,0,0,0,0,1,0,1,0,0,0,0,0,0,0,0,0,0,0,0,0,0,0,0,0,2,0,2
CLO,Franklin BSP CLO ETF,Financial,Exchange Traded Fund,USA,,,25.16,0.00%,11.0,0,0,0,-1,0,0,0,0,0,0,1,0,0,0,0,0,0,0,0,0,0,0,0,0,-1,0,0,0,1,2,3
FFI,Indexperts Yield Focused Fixed Income ETF,Financial,Exchange Traded Fund,USA,,,9.5,0.16%,1492.0,0,0,0,0,0,0,0,0,0,0,0,0,0,0,0,0,0,0,0,-1,0,0,0,0,0,0,0,0,0,1,1
FYA,Yields for You Income Strategy A ETF,Financial,Exchange Traded Fund,USA,,,9.68,0.05%,134.0,0,0,0,-1,0,0,0,0,0,0,0,0,0,0,0,0,0,0,0,0,0,0,0,0,0,0,0,0,0,1,1
GLD,Simplify Gold Strategy ETF,Financial,Exchange Traded Fund,USA,,,30.55,1.16%,16950.0,0,0,0,0,0,0,0,0,1,0,0,0,0,0,0,0,0,0,0,0,0,0,0,0,0,0,0,0,1,0,1
HGJ,Yunhong Green CTI Ltd,Consumer Cyclical,Packaging & Containers,USA,7300000.0,,2.8,3.70%,30635.0,0,0,0,0,0,0,0,0,0,0,0,0,-1,-1,0,0,0,0,0,0,0,0,0,0,0,0,0,0,0,2,2
HNA,YHN Acquisition I Ltd,Financial,Shell Companies,Hong Kong,47320000.0,549.25,11.04,-0.45%,308.0,0,0,0,0,0,1,0,0,0,0,1,1,0,0,0,0,0,0,0,0,0,0,-1,0,0,0,0,0,3,1,4
I,111 Inc ADR,Healthcare,Medical Distribution,China,16040000.0,,3.09,-1.90%,12804.0,0,0,0,0,0,0,0,0,1,0,0,0,0,0,0,0,0,0,0,0,0,0,0,0,0,0,0,0,1,0,1
LD,Principal Active High Yield ETF,Financial,Exchange Traded Fund,USA,,,18.32,0.22%,311004.0,0,0,0,-1,0,0,0,0,0,0,0,0,0,0,0,1,0,0,0,0,0,0,0,0,0,0,0,0,1,1,2
LDE,Franklin ClearBridge Enhanced Income ETF,Financial,Exchange Traded Fund,USA,,,55.17,0.61%,12886.0,0,0,0,0,0,0,0,0,0,0,1,0,0,0,0,0,0,0,0,0,0,0,0,0,0,0,0,0,1,0,1
MAG,YieldMax Magnificent 7 Fund of Option Income ETFs,Financial,Exchange Traded Fund,USA,,,11.57,0.52%,810326.0,0,0,0,0,0,0,0,0,1,1,0,0,0,0,0,0,0,0,0,0,0,0,0,0,0,0,0,0,2,0,2
MAX,YieldMax Universe Fund of Option Income ETFs,Financial,Exchange Traded Fund,USA,,,7.67,-0.52%,792387.0,0,0,0,0,0,0,0,0,1,0,0,0,0,0,0,0,0,0,0,0,0,0,0,0,0,0,0,0,1,0,1
MM,Full Truck Alliance Co Ltd ADR,Technology,Software - Application,China,7870000000.0,14.81,8.44,0.36%,6242401.0,0,0,0,0,0,0,0,0,0,0,0,0,0,0,0,0,0,0,0,0,0,0,0,0,0,0,0,1,1,0,1
OKE,YOKE Core ETF,Financial,Exchange Traded Fund,USA,,,31.37,0.22%,2547.0,0,0,0,0,0,0,0,0,0,0,0,0,-1,0,0,0,0,0,0,0,0,0,0,0,0,0,0,0,0,1,1
OLO,AdvisorShares Pure Cannabis ETF,Financial,Exchange Traded Fund,USA,,,2.8,-0.05%,23091.0,0,0,0,0,0,0,0,0,0,0,0,0,-1,0,0,0,0,0,0,0,0,0,0,1,0,0,0,0,1,1,2
OUL,Youlife Group Inc ADR,Consumer Defensive,Education & Training Services,China,27760000.0,5.08,0.4,-0.10%,31718.0,0,0,0,0,0,0,0,0,1,0,0,0,0,0,0,0,0,0,0,0,0,0,0,0,0,0,0,0,1,0,1
PF,YPF ADR,Energy,Oil & Gas Integrated,Argentina,20120000000.0,16.96,51.16,-0.16%,1010003.0,0,0,0,0,0,0,0,-1,0,0,0,0,0,0,0,0,0,0,0,0,0,0,0,0,0,0,0,0,0,1,1
Q,17 Education & Technology Group Inc ADR,Consumer Defensive,Education & Training Services,China,22980000.0,,3.36,0.60%,516.0,0,0,0,0,0,0,0,0,0,0,0,0,0,0,0,0,0,0,0,0,0,0,0,1,0,0,0,0,1,0,1
QQQ,YieldMax Short N100 Option Income Strategy ETF,Financial,Exchange Traded Fund,USA,,,9.19,-0.43%,19552.0,0,0,0,0,0,0,0,0,1,0,0,0,0,0,0,0,0,0,0,0,0,0,0,0,0,0,0,0,1,0,1
SWY,Yesway Inc,Consumer Defensive,Grocery Stores,USA,1280000000.0,,20.25,0.95%,347823.0,0,0,0,0,0,0,0,0,0,0,0,0,0,0,0,0,0,0,0,0,0,0,0,1,0,0,0,0,1,0,1
XI,ProShares Short FTSE China 50 -1x Shares,Financial,Exchange Traded Fund,USA,,,22.87,0.21%,365.0,0,0,0,0,0,1,0,0,0,0,0,0,0,0,0,1,0,0,0,0,0,0,0,0,0,0,0,0,2,0,2
ALT,Innovator U.S. Equity 10 Buffer ETF - Quarterly,Financial,Exchange Traded Fund,USA,,,34.81,0.26%,110739.0,0,0,0,0,0,0,0,-1,0,0,0,0,0,0,0,0,0,0,0,0,0,0,0,0,0,0,0,0,0,1,1
AP,Global X U.S. Electrification ETF,Financial,Exchange Traded Fund,USA,,,31.77,2.75%,126572.0,0,0,0,0,0,0,0,0,1,0,0,0,0,0,0,0,0,0,0,0,0,0,0,0,0,0,0,0,1,0,1
APR,Innovator Equity Defined Protection ETF - 1 Yr April,Financial,Exchange Traded Fund,USA,,,27.05,-0.12%,3726.0,0,0,0,0,0,0,0,0,0,0,0,0,0,0,0,0,0,1,0,0,0,0,0,0,0,0,0,0,1,0,1
BH,Zimmer Biomet Holdings Inc,Healthcare,Medical Devices,USA,17110000000.0,21.82,89.68,-2.06%,1678224.0,0,0,0,0,0,0,0,0,0,0,1,0,0,0,0,0,0,0,0,0,0,0,0,0,0,0,0,0,1,0,1
CBC,Global X Zero Coupon Bond 2032 ETF,Financial,Exchange Traded Fund,USA,,,46.89,0.21%,9.0,0,0,0,0,0,0,0,0,0,0,0,0,0,0,0,0,0,0,0,-1,0,0,0,0,0,0,0,0,0,1,1
CBF,Global X Zero Coupon Bond 2034 ETF,Financial,Exchange Traded Fund,USA,,,46.16,0.32%,9.0,0,0,0,0,0,0,0,0,1,0,0,0,0,0,0,0,0,0,0,0,0,0,0,0,0,0,0,0,1,0,1
CBG,Global X Zero Coupon Bond 2035 ETF,Financial,Exchange Traded Fund,USA,,,45.88,0.36%,10.0,0,0,0,0,0,0,0,0,1,0,0,0,0,0,0,0,0,0,0,0,0,0,0,0,0,0,0,0,1,0,1
D,Ziff Davis Inc,Communication Services,Advertising Agencies,USA,1880000000.0,,54.77,-2.16%,402125.0,0,0,0,-1,0,0,0,0,0,0,0,0,0,0,0,0,0,0,0,0,0,0,0,0,0,0,0,0,0,1,1
ECP,Zacks Earnings Consistent Portfolio ETF,Financial,Exchange Traded Fund,USA,,,37.81,0.84%,27164.0,0,0,0,-1,0,0,0,0,0,0,0,0,-1,0,0,0,0,0,0,0,0,0,0,0,0,0,0,0,0,2,2
H,Zhihu Inc ADR,Communication Services,Internet Content & Information,China,203660000.0,,3.42,1.48%,533029.0,0,0,0,0,0,0,0,0,0,0,0,0,0,0,0,0,0,0,0,0,1,0,0,1,0,0,0,0,2,0,2
JK,ZJK Industrial Co Ltd,Industrials,Tools & Accessories,China,124140000.0,12.91,1.93,-1.23%,2812.0,0,0,0,0,0,0,0,0,0,0,0,0,-1,0,0,0,0,0,0,0,0,0,0,0,0,0,0,0,0,1,1
JUL,Innovator Equity Defined Protection ETF - 1 Yr July,Financial,Exchange Traded Fund,USA,,,30.42,0.20%,5801.0,0,0,0,0,0,0,0,0,0,0,0,0,-1,0,0,0,0,0,0,0,0,0,0,0,0,0,0,0,0,1,1
JYL,Jin Medical International Ltd,Healthcare,Medical Instruments & Supplies,China,314810000.0,13.28,1.99,0.51%,5051.0,0,0,0,0,0,0,0,0,0,0,0,0,0,0,0,0,0,0,0,0,0,0,0,0,0,1,0,0,1,0,1
M,Zoom Communications Inc,Technology,Software - Application,USA,27490000000.0,8.72,94.2,0.62%,1908071.0,0,0,0,0,0,0,0,0,0,0,1,0,0,0,0,0,0,0,0,0,0,0,-1,0,0,0,0,0,1,1,2
MAR,Innovator Equity Defined Protection ETF - 1 Yr March,Financial,Exchange Traded Fund,USA,,,28.71,0.03%,1280.0,0,0,0,-1,0,0,0,-1,0,0,0,0,0,0,0,0,0,0,0,0,0,0,0,0,0,0,0,0,0,2,2
MAY,Innovator Equity Defined Protection ETF - 1 Yr May,Financial,Exchange Traded Fund,USA,,,26.44,0.12%,10924.0,0,0,0,0,0,0,0,-1,0,0,0,0,0,0,0,0,0,0,0,0,0,0,0,0,0,0,0,0,0,1,1
MUN,F/m Ultrashort Tax-Free Municipal ETF,Financial,Exchange Traded Fund,USA,,,49.54,-0.04%,2119.0,0,1,0,-1,0,0,0,0,0,0,0,0,0,0,0,0,0,0,0,0,0,0,0,0,0,0,0,0,1,1,2
NTL,Zentalis Pharmaceuticals Inc,Healthcare,Biotechnology,USA,252780000.0,,2.67,-3.96%,827895.0,0,0,0,0,0,0,0,0,0,0,0,0,-1,0,0,0,0,0,0,0,0,0,0,0,0,0,0,0,0,1,1
ROZ,PIMCO 25+ Year Zero Coupon U.S. Treasury Index ETF,Financial,Exchange Traded Fund,USA,,,52.99,0.15%,1174064.0,0,0,0,0,0,1,0,0,1,0,0,0,0,0,0,0,0,0,0,0,0,0,0,0,0,0,0,0,2,0,2
SEP,Innovator Equity Defined Protection ETF - 1 Yr September,Financial,Exchange Traded Fund,USA,,,28.05,0.32%,25356.0,0,0,0,0,0,0,0,0,0,0,1,0,0,0,0,0,0,0,0,0,0,0,0,0,0,0,0,0,1,0,1
TWO,F/M 2-Year Investment Grade Corporate Bond ETF,Financial,Exchange Traded Fund,USA,,,49.74,0.07%,546.0,0,1,0,0,0,0,0,0,0,0,0,0,0,0,0,0,0,0,0,0,0,0,0,0,0,0,0,0,1,0,1
UMZ,Zumiez Inc,Consumer Cyclical,Apparel Retail,USA,216160000.0,19.57,14.1,2.69%,267555.0,0,0,0,0,0,0,0,0,1,0,0,0,0,0,0,0,0,0,0,0,0,0,0,0,0,0,0,0,1,0,1
VOL,Volatility Premium Plus ETF,Financial,Exchange Traded Fund,USA,,,7.86,1.16%,82525.0,0,0,0,0,0,0,0,0,0,0,0,0,0,0,0,0,0,0,0,-1,0,0,0,0,0,0,0,0,0,1,1
VRA,Zevra Therapeutics Inc,Healthcare,Biotechnology,USA,637190000.0,11.57,10.73,0.28%,614594.0,0,0,0,0,0,0,0,0,1,0,0,0,0,0,0,0,0,0,0,0,0,0,0,0,0,0,-1,0,1,1,2
