Ticker,Company,Sector,Industry,Country,Market Cap,P/E,Price,Change %,Volume,Horizontal S/R,Horizontal S/R (Strong),TL Resistance,TL Resistance (Strong),TL Support,TL Support (Strong),Wedge Up,Wedge Up (Strong),Wedge Down,Wedge Down (Strong),Triangle Ascending,Triangle Ascending (Strong),Triangle Descending,Triangle Descending (Strong),Wedge,Wedge (Strong),Channel Up,Channel Up (Strong),Channel Down,Channel Down (Strong),Channel,Channel (Strong),Double Top,Double Bottom,Multiple Top,Multiple Bottom,Head & Shoulders,Head & Shoulders Inverse,Pattern_+1_Count,Pattern_-1_Count,Pattern_Total
AA,Alternative Access First Priority CLO Bond ETF,Financial,Exchange Traded Fund,USA,,,24.9,-0.15%,5437.0,0,0,0,0,0,0,0,0,1,0,0,0,0,0,0,0,0,0,0,0,0,0,0,0,0,0,0,0,1,0,1
AAA,Amplius Aggressive Asset Allocation ETF,Financial,Exchange Traded Fund,USA,,,30.77,-0.47%,1388.0,0,0,0,0,0,0,0,0,0,0,1,1,0,0,0,0,0,0,0,0,0,0,0,0,-1,0,0,0,2,1,3
ACG,ATA Creativity Global ADR,Consumer Defensive,Education & Training Services,China,33180000.0,,0.77,1.34%,4066.0,0,1,0,0,0,0,0,0,0,0,0,0,-1,0,0,0,0,0,0,0,0,0,0,0,0,0,0,0,1,1,2
ACI,Armada Acquisition Corp III,Financial,Shell Companies,USA,342340000.0,146.43,10.06,-0.05%,32133.0,0,0,0,0,0,0,0,-1,0,0,0,0,0,0,0,0,0,0,0,0,0,0,0,0,0,0,0,0,0,1,1
AL,American Airlines Group Inc,Industrials,Airlines,USA,8510000000.0,,12.85,-1.15%,54915537.0,0,0,0,0,0,0,0,0,1,0,0,0,0,0,0,0,0,0,0,0,0,0,0,0,0,0,0,0,1,0,1
AME,Atlantic American Corp,Financial,Insurance - Life,USA,25080000.0,5.46,1.23,-3.15%,51627.0,0,0,0,0,0,0,0,0,1,0,0,0,0,0,0,0,0,0,0,0,0,0,0,0,0,0,0,0,1,0,1
AMI,Acadian Asset Management Inc,Financial,Asset Management,USA,3280000000.0,32.65,92.55,-1.01%,384551.0,0,0,0,0,0,0,0,0,0,0,0,0,0,0,0,0,0,1,0,0,0,0,0,0,0,0,0,0,1,0,1
AOI,Applied Optoelectronics Inc,Technology,Communication Equipment,USA,10400000000.0,,122.54,-5.85%,10765723.0,0,0,0,0,0,0,0,0,0,0,0,0,-1,0,0,0,0,0,0,0,0,0,0,0,0,0,0,0,0,1,1
APB,GraniteShares 2x Long AAPL Daily ETF,Financial,Exchange Traded Fund,USA,,,44.3,1.78%,52332.0,0,0,0,0,0,0,0,0,0,0,1,0,0,0,0,0,0,0,0,0,0,0,-1,0,0,0,0,0,1,1,2
APG,Ascentage Pharma Group International ADR,Healthcare,Biotechnology,China,1390000000.0,,14.94,-7.15%,7242.0,0,0,0,0,0,0,0,0,1,0,0,0,0,0,0,0,0,0,0,0,0,0,0,0,0,0,0,0,1,0,1
APL,Apple Inc,Technology,Consumer Electronics,USA,4913420000000.0,38.59,336.67,0.91%,34147860.0,0,0,0,0,0,0,0,0,0,0,1,0,0,0,0,0,0,0,0,0,0,0,-1,0,0,0,0,0,1,1,2
APX,T-Rex 2X Long Apple Daily Target ETF,Financial,Exchange Traded Fund,USA,,,40.73,1.98%,29704.0,0,0,0,0,0,0,0,0,0,0,1,0,0,0,0,0,0,0,0,0,0,0,-1,0,0,0,0,0,1,1,2
APY,Kurv Yield Premium Strategy Apple (AAPL) ETF,Financial,Exchange Traded Fund,USA,,,27.9,0.95%,1096.0,0,0,0,0,0,0,0,0,0,0,1,0,0,0,0,0,0,0,0,0,0,0,-1,0,0,0,0,0,1,1,2
AUA,Alpha Architect US Equity 3 ETF,Financial,Exchange Traded Fund,USA,,,59.84,-0.09%,362.0,0,1,0,0,0,0,0,0,0,0,0,0,0,0,0,0,0,0,0,0,0,0,0,0,0,0,0,0,1,0,1
AUB,Alpha Architect US Equity 4 ETF,Financial,Exchange Traded Fund,USA,,,52.06,-0.18%,308.0,0,0,0,0,0,0,0,0,0,0,1,1,0,0,0,0,0,0,0,0,0,0,0,0,0,0,0,0,2,0,2
AVM,Alpha Architect Global Factor Equity ETF,Financial,Exchange Traded Fund,USA,,,33.58,-0.96%,2079.0,0,0,0,-1,0,0,0,-1,0,0,0,0,0,0,0,0,0,0,0,0,0,0,0,0,0,0,0,0,0,2,2
B,AllianceBernstein Holding Lp,Financial,Asset Management,USA,3270000000.0,10.36,35.1,0.03%,216686.0,0,0,0,0,0,0,0,0,1,0,0,0,0,0,0,0,0,0,0,0,0,0,0,0,0,0,0,0,1,0,1
BAT,American Battery Technology Company,Industrials,Waste Management,USA,297990000.0,,2.09,-2.79%,2133914.0,0,0,0,0,0,0,0,0,1,0,0,0,0,0,0,0,0,0,0,0,0,0,0,0,0,0,0,0,1,0,1
BEQ,Absolute Select Value ETF,Financial,Exchange Traded Fund,USA,,,37.34,-0.82%,3048.0,0,0,0,0,0,0,0,0,0,0,0,0,-1,0,0,0,0,0,0,0,0,0,0,0,0,0,0,0,0,1,1
BFL,Abacus FCF Leaders ETF,Financial,Exchange Traded Fund,USA,,,81.54,-0.47%,18481.0,0,0,0,0,0,1,0,0,0,0,0,0,-1,-1,0,0,0,0,0,0,0,0,0,0,0,0,0,0,1,2,3
BLG,Abacus FCF International Leaders ETF,Financial,Exchange Traded Fund,USA,,,30.65,-0.89%,126.0,0,0,0,0,0,0,0,0,0,0,0,0,-1,0,0,1,0,0,0,0,0,0,0,0,0,0,0,0,1,1,2
BLS,Abacus FCF Small Cap Leaders ETF,Financial,Exchange Traded Fund,USA,,,21.01,-0.81%,15.0,0,0,0,0,0,0,0,0,0,0,0,0,0,0,0,0,0,0,0,0,0,0,-1,0,0,0,0,0,0,1,1
BLV,Able View Global Inc,Consumer Cyclical,Specialty Retail,China,139710000.0,,2.53,-7.66%,166103.0,0,0,0,0,0,0,0,0,0,0,1,0,0,0,0,0,0,0,0,0,0,0,0,0,0,0,0,0,1,0,1
BOS,Acumen Pharmaceuticals Inc,Healthcare,Biotechnology,USA,151860000.0,,2.1,3.45%,623092.0,0,0,0,0,0,1,0,0,0,0,0,0,0,0,0,0,0,0,0,0,0,0,0,0,0,0,0,0,1,0,1
BOT,Abacus FCF Innovation Leaders ETF,Financial,Exchange Traded Fund,USA,,,44.53,0.10%,20.0,0,0,0,0,0,0,0,-1,0,0,0,0,0,0,0,0,0,0,0,0,0,0,0,0,0,0,0,0,0,1,1
BSI,Absci Corp,Healthcare,Biotechnology,USA,1580000000.0,,9.22,-10.22%,5850922.0,0,0,0,0,0,0,0,0,0,0,1,0,0,0,0,0,0,0,0,0,0,0,-1,0,0,0,0,0,1,1,2
BUF,Aptus Laddered Buffer ETF,Financial,Exchange Traded Fund,USA,,,28.07,-0.13%,3659.0,0,0,0,0,0,0,0,0,0,0,0,0,0,0,0,0,0,1,0,0,0,0,0,0,0,0,0,0,1,0,1
BUS,Arbutus Biopharma Corp,Healthcare,Biotechnology,USA,849870000.0,5.48,4.29,-4.24%,4790515.0,0,0,0,0,0,0,0,-1,0,0,0,0,0,0,0,0,0,0,0,0,0,0,0,0,0,0,0,0,0,1,1
BX,Abacus Global Management Inc,Financial,Insurance - Life,USA,810700000.0,29.03,8.29,-1.19%,464713.0,0,0,0,0,0,0,0,0,0,0,0,0,0,0,0,0,0,0,0,0,0,0,0,0,0,0,-1,0,0,1,1
BXB,Abacus Flexible Bond Leaders ETF,Financial,Exchange Traded Fund,USA,,,18.64,-0.02%,644.0,0,0,0,0,0,0,0,0,1,0,0,0,0,0,0,0,0,0,0,0,0,0,0,0,0,0,0,0,1,0,1
CB,Aurora Cannabis Inc,Healthcare,Drug Manufacturers - Specialty & Generic,Canada,289190000.0,,4.46,-2.83%,1383678.0,0,0,0,0,0,0,0,0,0,0,1,0,0,0,0,0,0,0,0,0,0,0,0,0,0,0,0,0,1,0,1
CCO,Acco Brands Corp,Industrials,Business Equipment & Supplies,USA,408000000.0,7.12,4.42,1.14%,412063.0,0,0,0,-1,0,0,0,0,0,0,0,0,0,0,0,0,0,0,0,0,0,0,0,0,0,0,0,0,0,1,1
CGO,Hartford Alpha Capture Growth ETF,Financial,Exchange Traded Fund,USA,,,39.95,-0.03%,2023.0,0,1,0,0,0,0,0,0,0,0,0,0,0,0,0,0,0,0,0,0,0,0,0,0,0,0,0,0,1,0,1
CGR,American Century Large Cap Growth ETF,Financial,Exchange Traded Fund,USA,,,72.97,-0.85%,452.0,0,0,0,0,0,0,0,0,0,0,1,1,0,0,0,0,0,0,0,0,0,0,0,0,0,0,0,0,2,0,2
CHC,Acadia Healthcare Company Inc,Healthcare,Medical Care Facilities,USA,2720000000.0,,29.23,0.65%,1652180.0,0,0,0,0,0,0,0,0,0,0,0,0,-1,0,0,0,0,0,0,0,0,0,0,0,0,0,0,0,0,1,1
CHR,Archer Aviation Inc,Industrials,Aerospace & Defense,USA,3600000000.0,,4.67,0.43%,33129810.0,0,0,0,0,0,0,0,0,0,0,1,0,0,0,0,0,0,0,0,0,0,0,0,0,0,0,0,0,1,0,1
CIC,American Coastal Insurance Corp,Financial,Insurance - Property & Casualty,USA,460890000.0,4.72,9.51,0.96%,247068.0,0,0,0,0,0,0,0,0,1,1,0,0,0,0,0,0,0,0,0,0,0,0,0,0,0,0,0,0,2,0,2
CII,Innovator Index Autocallable Income Strategy ETF,Financial,Exchange Traded Fund,USA,,,25.34,-0.34%,66977.0,0,0,0,0,0,0,0,0,0,0,0,0,0,0,0,1,0,0,0,0,0,0,0,0,0,0,0,0,1,0,1
CIO,Aptus Collared Investment Opportunity ETF,Financial,Exchange Traded Fund,USA,,,47.69,-0.27%,102112.0,0,0,0,0,0,0,0,-1,0,0,0,0,0,0,0,0,0,0,0,0,0,0,0,0,0,0,0,0,0,1,1
CKY,VistaShares Target 15 ACKtivist Distribution ETF,Financial,Exchange Traded Fund,USA,,,17.38,-0.55%,29019.0,0,0,0,0,0,0,0,0,0,0,0,0,-1,0,0,0,0,0,0,0,0,0,0,1,0,0,0,0,1,1,2
CLO,TCW AAA CLO ETF,Financial,Exchange Traded Fund,USA,,,50.4,0.05%,19841.0,0,1,0,-1,0,1,0,0,0,0,1,1,0,0,0,0,0,0,0,0,0,0,0,0,0,0,0,0,4,1,5
CLS,Axcelis Technologies Inc,Technology,Semiconductor Equipment & Materials,USA,4269999999.9999995,46.54,138.4,-1.95%,279452.0,0,0,0,0,0,0,0,0,1,0,0,0,0,0,0,0,0,0,0,0,0,0,0,0,0,0,0,0,1,0,1
CM,AECOM,Industrials,Engineering & Construction,USA,7500000000.0,21.28,58.28,-3.13%,1549163.0,0,0,0,0,0,0,0,0,1,0,0,0,0,0,0,0,0,0,0,0,0,0,0,0,0,0,0,0,1,0,1
CMR,ACM Research Inc,Technology,Semiconductor Equipment & Materials,USA,5070000000.0,34.57,72.77,-3.42%,1208619.0,0,0,0,0,0,0,0,0,1,0,0,0,0,0,0,0,0,0,0,0,0,0,0,0,0,0,0,0,1,0,1
CRE,Ares Commercial Real Estate Corp,Real Estate,REIT - Mortgage,USA,202500000.0,,3.65,-2.67%,556355.0,0,0,0,0,0,0,0,0,1,1,0,0,0,0,0,0,0,0,0,0,0,0,0,0,0,0,0,0,2,0,2
CSG,American Century Small Cap Growth Insights ETF,Financial,Exchange Traded Fund,USA,,,45.95,-1.65%,4573.0,0,0,0,0,0,0,0,0,0,0,0,0,0,0,0,0,0,0,0,0,0,0,-1,0,0,0,0,0,0,1,1
CSI,American Customer Satisfaction ETF,Financial,Exchange Traded Fund,USA,,,75.81,-0.26%,715.0,0,0,0,-1,0,0,0,0,0,0,0,0,0,0,0,0,0,0,0,0,0,0,-1,0,0,0,0,0,0,2,2
CT,Enact Holdings Inc,Financial,Insurance - Specialty,USA,6300000000.0,9.66,45.82,-1.08%,256246.0,0,0,0,0,0,0,0,0,0,0,0,0,0,0,0,0,0,0,0,0,0,0,-1,0,0,0,0,0,0,1,1
CTG,Acacia Research Corp,Industrials,Business Equipment & Supplies,USA,424990000.0,,4.36,-0.34%,129424.0,0,0,0,0,0,0,0,0,0,0,0,0,0,0,0,1,0,0,0,0,0,0,0,0,0,0,0,0,1,0,1
CTU,Actuate Therapeutics Inc,Healthcare,Biotechnology,USA,17390000.0,,0.72,-10.77%,637890.0,0,0,0,0,0,0,0,0,1,1,0,0,0,0,0,0,0,0,0,0,0,0,0,0,0,0,0,0,2,0,2
CWX,iShares MSCI ACWI ex US ETF,Financial,Exchange Traded Fund,USA,,,75.47,-1.19%,2131586.0,0,0,0,0,0,0,0,-1,0,0,0,0,0,0,0,0,0,0,0,0,0,0,0,0,0,0,0,0,0,1,1
CYN,FT Vest Laddered Autocallable Barrier & Income ETF,Financial,Exchange Traded Fund,USA,,,20.76,0.00%,3755877.0,0,0,0,0,0,1,0,0,0,0,1,0,0,0,0,0,0,0,0,0,0,0,0,0,0,0,0,0,2,0,2
CYS,FT Vest Laddered Autocallable Barrier & Resilient Income ETF,Financial,Exchange Traded Fund,USA,,,20.49,0.15%,491811.0,0,0,0,0,0,0,0,0,0,0,0,0,0,0,0,1,0,0,0,0,0,0,0,0,0,0,0,0,1,0,1
D,Array Digital Infrastructure Inc,Communication Services,Telecom Services,USA,2950000000.0,3.96,34.14,-0.52%,295576.0,0,0,0,0,0,0,0,0,1,1,0,0,0,0,0,0,0,0,0,0,0,0,0,0,0,0,0,0,2,0,2
DAG,Adagene Inc ADR,Healthcare,Biotechnology,China,188660000.0,,2.81,-4.10%,173065.0,0,1,0,0,0,0,0,0,1,1,0,0,0,0,0,0,0,0,0,0,0,0,0,0,0,0,0,0,3,0,3
DC,Agree Realty Corp,Real Estate,REIT - Retail,USA,8100000000.0,35.1,65.16,-0.96%,1446020.0,0,0,0,0,0,0,0,0,0,0,1,0,0,0,0,0,0,0,0,0,0,0,0,0,0,0,0,0,1,0,1
DCT,Adc Therapeutics SA,Healthcare,Drug Manufacturers - Specialty & Generic,Switzerland,181290000.0,,1.42,11.81%,1750783.0,0,0,0,0,0,0,0,0,0,0,0,0,0,0,0,0,0,0,0,0,0,0,0,0,0,1,0,0,1,0,1
DEA,Adeia Inc,Technology,Software - Application,USA,2680000000.0,22.47,24.31,-1.18%,1322128.0,0,0,0,0,0,0,0,0,0,0,0,0,0,0,0,1,0,0,0,0,0,0,0,0,0,0,0,0,1,0,1
DGM,Adagio Medical Holdings Inc,Healthcare,Medical Devices,USA,2980000.0,,0.13,-3.04%,1638286.0,0,0,0,0,0,0,0,0,1,0,0,0,0,0,0,0,0,0,0,0,0,0,0,0,0,0,0,0,1,0,1
DIV,Guinness Atkinson Asia Pacific Dividend Builder ETF,Financial,Exchange Traded Fund,USA,,,19.44,-1.16%,4290.0,0,0,0,0,0,0,0,-1,0,0,0,0,0,0,0,0,0,0,0,0,0,0,0,0,0,0,0,0,0,1,1
DM,Archer Daniels Midland Co,Consumer Defensive,Farm Products,USA,39200000000.0,22.27,81.34,-1.06%,2179300.0,0,0,0,0,0,1,0,0,0,0,1,0,0,0,0,0,0,0,0,0,1,0,-1,0,0,0,0,0,3,1,4
DNT,Adient plc,Consumer Cyclical,Auto Parts,USA,1350000000.0,29.35,17.55,0.23%,1390270.0,0,0,0,0,0,0,0,0,1,1,0,0,0,0,0,0,0,0,0,0,0,0,0,0,0,0,0,0,2,0,2
DPT,Adaptive Biotechnologies Corp,Healthcare,Diagnostics & Research,USA,4190000000.0000005,,26.28,-2.30%,2120225.0,0,0,0,0,0,0,0,-1,0,0,0,0,0,0,0,0,0,0,0,0,0,0,0,0,0,0,0,0,0,1,1
DPV,Adaptiv Select ETF,Financial,Exchange Traded Fund,USA,,,43.91,-1.15%,4594.0,0,0,0,0,0,0,0,0,1,0,0,0,0,0,0,0,0,0,0,0,0,0,0,0,0,0,0,0,1,0,1
DSE,Ads-Tec Energy Plc,Industrials,Electrical Equipment & Parts,Ireland,728550000.0,,9.69,-1.72%,37959.0,0,1,0,0,0,0,0,0,0,0,0,0,0,0,0,0,0,0,0,0,0,0,0,0,0,0,0,0,1,0,1
DX,Adams Diversified Equity Fund,Financial,Closed-End Fund - Equity,USA,3250000000.0,,26.04,-0.95%,201422.0,0,0,0,-1,0,0,0,0,0,0,1,0,0,0,0,0,0,0,0,0,0,0,0,0,-1,0,0,0,1,2,3
DXN,Addex Therapeutics Ltd ADR,Healthcare,Biotechnology,Switzerland,3320000.0,,3.13,-1.57%,9403.0,0,0,0,-1,0,0,0,0,0,0,0,0,0,0,0,0,0,0,0,-1,0,0,0,0,0,0,0,0,0,2,2
EC,Anfield Energy Inc,Energy,Uranium,Canada,66830000.0,,3.35,-4.01%,28867.0,0,0,0,0,0,0,0,0,0,0,1,0,0,0,0,0,0,0,0,0,0,0,0,0,0,0,0,0,1,0,1
EF,abrdn Emerging Markets ex-China Fund Inc,Financial,Closed-End Fund - Equity,USA,384500000.0,,9.47,-1.87%,60495.0,0,0,0,0,0,0,0,0,0,0,1,0,0,0,0,0,0,0,0,0,0,0,0,0,-1,0,0,0,1,1,2
EHG,Leverage Shares 2X Long AEHR Daily ETF,Financial,Exchange Traded Fund,USA,,,6.98,-6.06%,2452672.0,0,1,0,0,0,0,0,0,0,0,0,0,0,0,0,0,0,0,0,0,0,0,0,0,0,0,0,0,1,0,1
EIS,Advanced Energy Industries Inc,Industrials,Electrical Equipment & Parts,USA,11700000000.0,54.49,292.25,-3.47%,482428.0,0,0,0,0,0,0,0,0,1,0,0,0,-1,0,0,0,0,0,0,0,0,0,0,0,0,0,0,0,1,1,2
EMD,Aethlon Medical Inc,Healthcare,Medical Devices,USA,9740000.0,,6.07,-0.33%,28535.0,0,0,0,0,0,0,0,0,1,0,0,0,0,0,0,0,0,0,0,0,0,0,0,0,0,0,0,0,1,0,1
ENT,Alliance Entertainment Holding Corp,Communication Services,Entertainment,USA,229410000.0,17.58,4.5,-2.17%,14994.0,0,0,0,0,0,0,0,0,0,0,0,0,-1,-1,0,0,0,0,0,0,0,0,0,0,0,0,0,0,0,2,2
EO,American Eagle Outfitters Inc,Consumer Cyclical,Apparel Retail,USA,2960000000.0,9.04,17.66,-1.29%,3870482.0,0,0,0,0,0,0,0,0,0,0,0,0,-1,0,0,0,0,0,0,0,0,0,0,1,0,0,0,0,1,1,2
EON,AEON Biopharma Inc,Healthcare,Biotechnology,USA,15520000.0,,0.31,7.44%,2916241.0,0,0,0,0,0,0,0,0,1,0,0,0,0,0,0,0,0,0,0,0,0,0,0,0,0,0,0,0,1,0,1
ERO,Grupo Aeromexico SAB de CV ADR,Industrials,Airlines,Mexico,2380000000.0,11.04,16.33,-2.39%,244244.0,0,0,0,0,0,0,0,0,0,0,0,0,0,0,0,1,0,0,0,0,0,0,0,0,0,0,0,0,1,0,1
ESI,Atlas Energy Solutions Inc,Energy,Oil & Gas Equipment & Services,USA,1560000000.0,,12.46,-1.97%,2081151.0,0,0,0,0,0,0,0,0,1,0,0,0,0,0,0,0,0,0,0,0,0,0,0,0,0,0,0,0,1,0,1
ESL,Harbor AlphaEdge Small Cap Value ETF,Financial,Exchange Traded Fund,USA,,,19.47,-0.71%,156.0,0,0,0,0,0,0,0,0,1,0,0,0,0,0,0,0,0,0,0,0,0,0,0,0,0,0,0,0,1,0,1
ESP,Aeon Acquisition I Corp,Financial,Shell Companies,USA,213680000.0,1469.1,9.99,0.20%,8.0,0,0,0,0,0,0,0,0,0,0,0,0,0,0,0,0,0,0,0,0,0,0,-1,0,0,0,0,0,0,1,1
EYE,AudioEye Inc,Technology,Software - Application,USA,87360000.0,,6.95,0.43%,42763.0,0,1,0,0,0,0,0,0,0,0,0,0,-1,0,0,0,0,0,0,0,0,0,0,0,0,0,0,0,1,1,2
FEM,First Trust Active Factor Emerging Markets ETF,Financial,Exchange Traded Fund,USA,,,98.57,-1.05%,2749.0,0,1,0,0,0,0,0,0,0,0,0,0,0,0,0,0,0,0,0,0,0,0,0,0,0,0,0,0,1,0,1
FIF,Anfield Universal Fixed Income ETF,Financial,Exchange Traded Fund,USA,,,9.26,-0.11%,640085.0,0,0,0,0,0,0,0,0,1,0,0,0,0,0,0,0,0,0,0,0,0,0,0,0,0,0,-1,0,1,1,2
FIX,Allspring Broad Market Core Bond ETF,Financial,Exchange Traded Fund,USA,,,23.59,-0.08%,7789.0,0,0,0,0,0,0,0,0,0,0,0,0,0,0,0,0,0,0,0,-1,0,0,0,0,0,0,0,0,0,1,1
FMC,First Trust Active Factor Mid Cap ETF,Financial,Exchange Traded Fund,USA,,,40.11,-1.43%,21996.0,0,0,0,-1,0,0,0,0,0,0,0,0,0,0,0,0,0,0,0,0,0,0,0,0,0,0,0,0,0,1,1
FOS,ARS Focused Opportunity Strategy ETF,Financial,Exchange Traded Fund,USA,,,46.02,-0.41%,2022.0,0,0,0,0,0,0,0,0,0,0,1,1,0,0,0,0,0,0,0,0,0,0,0,0,-1,0,0,0,2,1,3
FRM,Affirm Holdings Inc,Financial,Credit Services,USA,25410000000.0,13.64,75.31,0.57%,3242114.0,0,0,0,0,0,0,0,0,0,0,1,0,0,0,0,0,0,0,0,0,0,0,0,0,0,0,0,0,1,0,1
GBK,AGI Inc,Financial,Banks - Regional,Brazil,1040000000.0,6.71,6.51,-2.40%,553132.0,0,0,0,0,0,1,0,0,1,0,0,0,0,0,0,0,0,0,0,-1,0,0,0,0,0,0,0,0,2,1,3
GEM,abrdn Emerging Markets Dividend Active ETF,Financial,Exchange Traded Fund,USA,,,48.54,-0.84%,8031.0,0,0,0,0,0,0,0,0,0,0,1,0,0,0,0,0,0,0,0,0,0,0,0,0,-1,0,0,0,1,1,2
GI,Alamos Gold Inc,Basic Materials,Gold,Canada,13200000000.0,11.35,31.53,-3.67%,2825658.0,0,1,0,0,0,0,0,0,0,0,0,0,0,0,0,0,0,0,0,0,0,0,0,0,0,0,0,0,1,0,1
GMH,AGM Group Holdings Inc,Technology,Computer Hardware,Hong Kong,2910000.0,0.11,0.56,-3.24%,596939.0,0,0,0,0,0,0,0,0,1,1,0,0,0,0,0,0,0,0,0,0,0,0,0,0,0,0,0,0,2,0,2
GNT,AGNT Inc,Real Estate,Real Estate Services,USA,632540000.0,,3.79,-0.92%,1473144.0,0,0,0,-1,0,0,0,0,1,1,0,0,0,0,0,0,0,0,0,0,0,0,0,0,0,0,0,0,2,1,3
GOX,Adaptive Alpha Opportunities ETF,Financial,Exchange Traded Fund,USA,,,33.72,-0.44%,13793.0,0,0,0,0,0,0,0,0,0,0,0,0,-1,0,0,0,0,0,0,0,0,0,0,0,0,0,0,0,0,1,1
GRW,Allspring LT Large Growth ETF,Financial,Exchange Traded Fund,USA,,,33.95,-0.17%,140.0,0,0,0,0,0,0,0,0,0,0,1,1,0,0,0,0,0,0,0,0,0,0,0,0,0,0,0,0,2,0,2
GRZ,Agroz Inc,Consumer Defensive,Farm Products,Malaysia,6250000.0,,3.39,2.42%,14640.0,0,0,0,0,0,1,0,0,0,0,0,0,-1,0,0,0,0,0,0,0,0,0,0,0,0,0,0,0,1,1,2
GX,Argan Inc,Industrials,Engineering & Construction,USA,5670000000.0,31.97,404.39,-3.63%,309149.0,0,0,0,0,0,1,0,0,0,0,0,0,0,0,0,0,0,0,0,0,0,0,0,0,0,0,0,0,1,0,1
HLT,American Beacon AHL Trend ETF,Financial,Exchange Traded Fund,USA,,,31.48,0.03%,18613.0,0,1,0,0,0,0,0,0,0,0,1,1,0,0,0,0,0,0,0,0,0,0,0,0,0,0,0,0,3,0,3
HYB,American Century Select High Yield ETF,Financial,Exchange Traded Fund,USA,,,44.77,-0.09%,1675.0,0,0,0,-1,0,0,0,0,0,0,0,0,0,0,0,0,0,0,0,0,0,0,0,0,0,0,0,0,0,1,1
I,C3.ai Inc,Technology,Software - Infrastructure,USA,1810000000.0,,11.23,-0.09%,2980472.0,0,0,0,0,0,0,0,0,0,0,0,0,-1,0,0,0,0,0,0,0,0,0,0,0,0,0,0,0,0,1,1
IB,AIB Data Centers Inc,Technology,Software - Infrastructure,USA,113970000.0,,1.5,-4.46%,1647428.0,0,0,0,0,0,0,0,0,0,0,0,0,-1,0,0,0,0,0,0,0,0,0,0,0,0,0,0,0,0,1,1
IBZ,Bitzero Holdings Inc,Technology,Software - Infrastructure,Canada,187960000.0,,3.38,-6.37%,641330.0,0,0,0,0,0,0,0,0,1,1,0,0,0,0,0,0,0,0,0,0,0,0,0,0,0,0,0,0,2,0,2
IFF,Firefly Neuroscience Inc,Technology,Software - Application,USA,19140000.0,,1.22,-2.40%,282689.0,0,0,0,0,0,0,0,0,1,0,0,0,0,0,0,0,0,0,0,0,0,0,0,0,0,0,0,0,1,0,1
IG,American International Group Inc,Financial,Insurance - Diversified,USA,39560000000.0,13.86,75.66,0.73%,4900667.0,0,0,0,0,0,0,0,0,0,0,0,0,0,0,0,0,0,0,0,0,1,0,0,0,0,0,0,0,1,0,1
IIR,Air Global Plc,Consumer Defensive,Tobacco,United Arab Emirates,1270000000.0,,7.89,3.14%,32777.0,0,0,0,0,0,0,0,0,0,0,0,0,0,0,0,1,0,0,0,0,0,0,0,0,0,0,0,0,1,0,1
IM,AIM ImmunoTech Inc,Healthcare,Biotechnology,USA,7290000.0,,0.18,0.16%,547529.0,0,0,0,-1,0,0,0,0,0,0,0,0,0,0,0,0,0,0,0,0,0,0,0,0,0,0,0,0,0,1,1
INT,FINQ DOLLAR NEUTRAL U.S. Large Cap AI-Managed Equity ETF,Financial,Exchange Traded Fund,USA,,,35.42,-0.30%,2114.0,0,0,0,0,0,0,0,0,0,0,1,0,0,0,0,0,0,0,0,0,0,0,0,0,0,0,0,0,1,0,1
IO,Virtus Artificial Intelligence & Technology Opportunities Fund,Financial,Closed-End Fund - Equity,USA,878200000.0,,25.5,-0.82%,49825.0,0,0,0,0,0,0,0,0,1,1,0,0,0,0,0,0,0,0,0,0,0,0,0,0,0,0,0,0,2,0,2
IOS,AIOS Tech Inc,Technology,Information Technology Services,China,36230000.0,,11.15,-6.14%,4173.0,0,0,0,0,0,0,0,0,0,0,0,0,0,0,0,1,0,0,0,0,0,0,0,0,0,0,0,0,1,0,1
IOT,PowerFleet Inc,Technology,Software - Application,USA,353010000.0,,2.63,-2.95%,1019402.0,0,0,0,0,0,0,0,0,0,0,0,0,-1,0,0,0,0,0,0,0,0,0,0,0,0,0,0,0,0,1,1
IPO,Defiance AI & Power Infrastructure ETF,Financial,Exchange Traded Fund,USA,,,29.37,-2.20%,1843116.0,0,0,0,0,0,0,0,0,0,0,0,0,0,0,0,1,0,0,0,0,0,0,0,0,0,0,0,0,1,0,1
IRI,Air Industries Group,Industrials,Aerospace & Defense,USA,12660000.0,,2.61,0.97%,15530.0,0,0,0,-1,0,0,0,0,0,0,0,0,0,0,0,0,0,0,0,-1,0,0,0,0,0,0,0,0,0,2,2
IRJ,AirJoule Technologies Corp,Industrials,Building Products & Equipment,USA,276760000.0,,3.68,-3.66%,774624.0,0,0,0,0,0,0,0,0,0,0,0,0,0,0,0,0,0,1,0,0,0,0,0,0,0,0,0,0,1,0,1
IRT,Air T Inc,Industrials,Conglomerates,USA,82300000.0,1.3,30.71,-0.29%,47394.0,0,0,0,0,0,0,0,0,0,0,0,0,0,0,0,1,0,0,0,0,0,0,0,0,0,0,0,0,1,0,1
ISP,Airship AI Holdings Inc,Technology,Software - Infrastructure,USA,73700000.0,2.79,2.14,1.42%,563621.0,0,0,0,0,0,0,0,0,1,0,0,0,0,0,0,0,0,0,0,0,0,0,0,0,0,0,0,0,1,0,1
IT,Applied Industrial Technologies Inc,Industrials,Industrial Distribution,USA,12290000000.0,30.53,334.58,-3.02%,206691.0,0,0,0,-1,0,0,0,0,0,0,0,0,0,0,0,0,0,0,0,0,0,0,0,0,0,0,0,0,0,1,1
IUP,FINQ FIRST U.S. Large Cap AI-Managed Equity ETF,Financial,Exchange Traded Fund,USA,,,32.21,0.11%,2183.0,0,1,0,0,0,0,0,0,0,0,0,0,0,0,0,0,0,0,0,0,0,0,0,0,0,0,0,0,1,0,1
IYY,YieldMax AI Option Income Strategy ETF,Financial,Exchange Traded Fund,USA,,,7.5,0.27%,61001.0,0,0,0,0,0,1,0,0,0,0,0,0,0,0,0,0,0,0,0,0,0,0,0,0,0,0,0,0,1,0,1
JAN,Innovator Equity Defined Protection ETF - 2 Yr to January 2028,Financial,Exchange Traded Fund,USA,,,28.72,0.08%,1325.0,0,0,0,-1,0,0,0,0,0,0,0,0,0,0,0,0,0,1,0,0,0,0,0,0,0,0,0,0,1,1,2
KA,a.k.a. Brands Holding Corp,Consumer Cyclical,Apparel Retail,USA,119320000.0,,10.86,1.46%,844.0,0,0,0,0,0,0,0,0,1,0,0,0,0,0,0,0,0,0,0,0,0,0,0,0,0,0,0,0,1,0,1
KBA,Akebia Therapeutics Inc,Healthcare,Drug Manufacturers - Specialty & Generic,USA,242030000.0,,0.87,-0.58%,9163926.0,0,0,0,0,0,0,0,0,1,0,0,0,0,0,0,0,0,0,0,0,0,0,0,0,0,0,0,0,1,0,1
KO-B,Embotelladora Andina SA ADR,Consumer Defensive,Beverages - Non-Alcoholic,Chile,2480000000.0,14.81,31.5,3.09%,2639.0,0,0,0,0,0,0,0,0,0,0,0,0,-1,0,0,1,0,0,0,0,0,0,0,0,0,0,0,0,1,1,2
KR,Acadia Realty Trust,Real Estate,REIT - Retail,USA,2520000000.0,53.46,18.08,-1.69%,1165868.0,0,0,0,0,0,0,0,0,0,0,1,0,0,0,0,0,0,0,0,0,0,0,0,0,0,0,0,0,1,0,1
LB,Albemarle Corp,Basic Materials,Specialty Chemicals,USA,12130000000.0,,102.75,-3.39%,1931386.0,0,0,0,0,0,0,0,0,1,0,0,0,0,0,0,0,0,0,0,0,0,0,0,0,0,0,0,0,1,0,1
LDX,Aldeyra Therapeutics Inc,Healthcare,Biotechnology,USA,57830000.0,,0.96,4.66%,1287897.0,0,0,0,0,0,0,0,0,0,0,1,0,0,0,0,0,0,0,0,0,0,0,0,0,0,0,0,0,1,0,1
LEC,Alector Inc,Healthcare,Biotechnology,USA,214380000.0,,1.92,6.08%,3972727.0,0,0,0,0,0,0,0,0,0,0,0,0,0,0,0,0,0,0,0,0,0,0,0,0,-1,0,0,0,0,1,1
LG,Alamo Group Inc,Industrials,Farm & Heavy Construction Machinery,USA,1910000000.0,18.8,156.91,-3.21%,112441.0,0,0,0,0,0,0,0,0,0,0,0,0,0,0,0,0,0,0,0,0,0,0,0,0,0,0,0,1,1,0,1
LGT,Allegiant Travel,Industrials,Airlines,USA,2089999999.9999998,54.22,76.28,-1.62%,384344.0,0,0,0,0,0,0,0,0,0,0,0,0,-1,0,0,0,0,0,0,0,0,0,0,0,0,1,0,0,1,1,2
LIL,Argent Focused Small Cap ETF,Financial,Exchange Traded Fund,USA,,,30.31,-1.81%,2218.0,0,0,0,0,0,0,0,0,0,0,0,0,-1,0,0,0,0,0,0,0,0,0,0,0,0,0,0,0,0,1,1
LLO,Allogene Therapeutics Inc,Healthcare,Biotechnology,USA,494060000.0,,1.43,-2.05%,3899722.0,0,0,0,0,0,0,0,0,1,0,0,0,0,0,0,0,0,0,0,0,0,0,0,0,0,0,0,0,1,0,1
LLR,Allarity Therapeutics Inc,Healthcare,Biotechnology,USA,15660000.0,,0.98,-0.13%,81041.0,0,0,0,0,0,0,0,0,0,0,0,0,0,0,0,0,0,0,0,0,0,0,0,0,0,0,-1,0,0,1,1
LMU,Aeluma Inc,Technology,Semiconductors,USA,249160000.0,,12.9,-1.68%,297140.0,0,0,0,0,0,0,0,0,0,0,0,0,0,0,0,0,0,0,0,0,0,0,0,1,0,0,0,0,1,0,1
LOV,Aldabra 4 Liquidity Opportunity Vehicle Inc,Financial,Shell Companies,USA,375570000.0,134.18,10.01,-0.15%,206.0,0,0,0,0,0,0,0,-1,0,0,0,0,0,0,0,0,0,0,0,0,0,0,0,0,0,0,0,0,0,1,1
LOY,REalloys Inc,Basic Materials,Other Industrial Metals & Mining,USA,550490000.0,,7.93,-2.34%,1389758.0,0,1,0,0,0,0,0,0,0,0,0,0,0,0,0,0,0,0,0,0,0,0,0,0,0,1,0,0,2,0,2
LRS,Alerus Financial Corp,Financial,Banks - Regional,USA,798670000.0,29.94,32.04,-0.99%,225043.0,0,0,0,0,0,0,0,0,0,0,0,0,0,0,0,0,0,0,0,0,0,0,-1,0,0,0,0,0,0,1,1
LSN,Allison Transmission Holdings Inc,Consumer Cyclical,Auto Parts,USA,9150000000.0,17.58,110.76,-3.48%,748527.0,0,0,0,0,0,0,0,0,0,0,0,0,-1,0,0,0,0,0,0,0,0,0,0,0,0,0,0,0,0,1,1
LTO,Alto Ingredients Inc,Basic Materials,Specialty Chemicals,USA,282740000.0,5.47,3.64,-2.80%,950892.0,0,0,0,0,0,0,0,0,1,0,0,0,0,0,0,0,0,0,0,0,1,0,-1,0,0,0,0,0,2,1,3
LX,Alexander's Inc,Real Estate,REIT - Retail,USA,1230000000.0,7.3,241.14,-1.77%,86040.0,0,1,0,0,0,0,0,0,0,0,0,0,-1,0,0,0,0,0,0,0,0,0,0,0,0,0,0,0,1,1,2
MAL,Amalgamated Financial Corp,Financial,Banks - Regional,USA,1390000000.0,12.43,46.63,-2.14%,222249.0,0,0,0,0,0,1,0,0,0,0,0,0,0,0,0,0,0,1,0,0,0,0,0,0,0,0,0,0,2,0,2
MBA,Ambarella Inc,Technology,Semiconductor Equipment & Materials,USA,2880000000.0,,65.33,-3.84%,826269.0,0,0,0,0,0,0,0,0,0,0,0,0,-1,0,0,0,0,0,0,0,0,0,0,0,0,0,0,0,0,1,1
MBO,Ambow Education Holding Ltd ADR,Consumer Defensive,Education & Training Services,USA,4820000.0,,1.84,0.00%,5540.0,0,0,0,0,0,0,0,0,0,0,0,0,-1,0,0,0,0,0,0,0,0,0,0,0,0,0,0,0,0,1,1
MCI,AMC Robotics Corp,Technology,Computer Hardware,USA,68210000.0,,2.91,-0.68%,28147.0,0,0,0,0,0,0,0,0,1,1,0,0,0,0,0,0,0,0,0,0,0,0,0,0,0,0,0,0,2,0,2
MRC,Ameresco Inc,Industrials,Engineering & Construction,USA,1160000000.0,42.12,21.93,-3.31%,455362.0,0,0,0,0,0,1,0,0,1,0,0,0,0,0,0,0,0,0,0,0,0,0,0,0,0,0,0,0,2,0,2
MRX,Amneal Pharmaceuticals Inc,Healthcare,Drug Manufacturers - Specialty & Generic,USA,6280000000.0,41.01,19.65,-3.18%,4663518.0,0,0,0,0,0,0,0,0,1,0,0,0,0,0,0,0,0,0,0,0,0,0,0,0,0,0,0,0,1,0,1
MS,American Shared Hospital Services,Healthcare,Medical Care Facilities,USA,8980000.0,,1.35,-2.17%,30996.0,0,0,0,0,0,0,0,0,0,0,0,0,0,0,0,1,0,0,0,0,0,0,0,0,0,0,0,0,1,0,1
MSC,American Superconductor Corp,Industrials,Specialty Industrial Machinery,USA,1540000000.0,10.48,31.74,-0.35%,1369057.0,0,1,0,0,0,1,0,0,0,0,0,0,0,0,0,0,0,0,0,0,0,0,0,0,0,0,0,0,2,0,2
MT,American Tower Corp,Real Estate,REIT - Specialty,USA,77430000000.0,22.85,166.18,0.85%,2469491.0,0,0,0,0,0,0,0,0,1,0,0,0,0,0,0,0,0,0,0,0,0,0,0,0,0,0,0,0,1,0,1
MTB,Amerant Bancorp Inc,Financial,Banks - Regional,USA,1120000000.0,20.57,28.67,-1.34%,249158.0,0,0,0,0,0,0,0,0,0,0,0,0,-1,0,0,0,0,0,0,0,0,0,0,0,0,0,0,0,0,1,1
MTX,Aemetis Inc,Basic Materials,Specialty Chemicals,USA,126290000.0,,1.75,-2.23%,316702.0,0,0,0,0,0,0,0,0,1,0,0,0,-1,0,0,0,0,0,0,0,0,0,0,0,0,0,0,0,1,1,2
MWL,American Well Corp,Healthcare,Health Information Services,USA,214990000.0,,12.64,3.02%,97177.0,0,0,0,0,0,0,0,-1,0,0,0,0,0,0,0,0,0,0,0,0,0,0,0,0,0,0,0,0,0,1,1
MYY,GraniteShares YieldBOOST AMD ETF,Financial,Exchange Traded Fund,USA,,,13.68,-0.04%,16804.0,0,0,0,0,0,0,0,0,1,0,0,0,0,0,0,0,0,0,0,0,0,0,0,0,0,0,0,0,1,0,1
MZD,Direxion Daily AMZN Bear 1X ETF,Financial,Exchange Traded Fund,USA,,,8.39,-1.41%,12786374.0,0,0,0,0,0,0,0,0,1,0,0,0,0,0,0,0,0,0,0,0,0,0,0,0,0,0,0,0,1,0,1
MZO,Tradr 2X Short AMZN Daily ETF,Financial,Exchange Traded Fund,USA,,,13.5,-2.88%,10303.0,0,0,0,0,0,0,0,0,1,0,0,0,0,0,0,0,0,0,0,0,0,0,0,0,0,0,0,0,1,0,1
MZP,Kurv Yield Premium Strategy Amazon (AMZN) ETF,Financial,Exchange Traded Fund,USA,,,26.05,1.42%,4708.0,0,0,0,0,0,0,0,0,0,0,0,0,0,0,0,1,0,0,0,0,0,0,0,0,0,0,0,0,1,0,1
MZU,Direxion Daily AMZN Bull 2X ETF,Financial,Exchange Traded Fund,USA,,,36.86,2.70%,2465086.0,0,0,0,0,0,0,0,0,0,0,1,0,0,0,0,0,0,0,0,0,0,0,0,0,-1,0,0,0,1,1,2
MZW,Roundhill AMZN WeeklyPay ETF,Financial,Exchange Traded Fund,USA,,,35.78,1.64%,16233.0,0,0,0,0,0,0,0,0,0,0,0,0,-1,0,0,0,0,0,0,0,0,0,0,0,0,0,0,0,0,1,1
MZY,YieldMax AMZN Option Income Strategy ETF,Financial,Exchange Traded Fund,USA,,,10.59,1.05%,171249.0,0,0,0,0,0,0,0,0,1,0,0,0,0,0,0,0,0,0,0,0,0,0,0,0,0,0,0,0,1,0,1
MZZ,GraniteShares 2x Long AMZN Daily ETF,Financial,Exchange Traded Fund,USA,,,34.64,2.82%,101651.0,0,0,0,0,0,0,0,0,0,0,1,0,0,0,0,0,0,0,0,0,0,0,0,0,-1,0,0,0,1,1,2
NAB,AnaptysBio Inc,Healthcare,Biotechnology,USA,1360000000.0,7.08,45.65,-4.68%,766531.0,0,0,0,0,0,0,0,0,0,0,0,0,0,0,0,0,0,0,0,0,1,0,-1,0,0,0,0,0,1,1,2
NDE,Andersons Inc,Consumer Defensive,Food Distribution,USA,2240000000.0,12.73,65.94,-1.00%,294301.0,0,0,0,0,0,1,0,0,1,0,0,0,0,0,0,0,0,0,0,0,0,0,0,0,0,0,0,0,2,0,2
NEW,ProShares MSCI Transformational Changes ETF,Financial,Exchange Traded Fund,USA,,,54.31,-0.36%,46.0,0,0,0,0,0,0,0,-1,0,0,0,0,0,0,0,0,0,0,0,0,0,0,0,0,0,0,0,0,0,1,1
NGH,Anghami Inc,Communication Services,Entertainment,United Arab Emirates,31930000.0,,3.52,-1.32%,3039.0,0,0,0,0,0,1,0,0,0,0,0,0,0,0,0,0,0,0,0,0,0,0,0,0,0,0,0,0,1,0,1
NIP,ANI Pharmaceuticals Inc,Healthcare,Drug Manufacturers - Specialty & Generic,USA,1650000000.0,15.53,71.93,0.57%,438193.0,0,0,0,0,0,0,0,0,1,0,0,0,0,0,0,0,0,0,0,0,0,0,0,0,0,0,0,0,1,0,1
NL,Adlai Nortye Group Ltd ADR,Healthcare,Biotechnology,China,825160000.0,,14.05,-2.84%,95074.0,0,0,0,0,0,0,0,0,0,0,1,0,0,0,0,0,0,0,0,0,0,0,-1,0,0,0,0,0,1,1,2
NNA,AleAnna Inc,Energy,Oil & Gas E&P,USA,177380000.0,13.68,2.65,-2.93%,184301.0,0,0,0,0,0,0,0,0,0,0,0,0,-1,0,0,0,0,0,0,0,0,0,0,0,0,0,0,0,0,1,1
NV,GraniteShares Autocallable NVDA ETF,Financial,Exchange Traded Fund,USA,,,25.28,-1.04%,8599.0,0,0,0,0,0,0,0,0,0,0,0,0,0,0,0,1,0,0,0,0,0,0,0,0,0,0,0,0,1,0,1
NVS,Annovis Bio Inc,Healthcare,Biotechnology,USA,51640000.0,,1.21,2.54%,430025.0,0,0,0,0,0,0,0,0,1,0,0,0,0,0,0,0,0,0,0,0,0,0,0,0,0,0,0,0,1,0,1
OA,iShares Core 80/20 Aggressive Allocation ETF,Financial,Exchange Traded Fund,USA,,,97.84,-0.54%,202345.0,0,0,0,0,0,0,0,0,0,0,1,0,0,0,0,0,0,0,0,0,0,0,0,0,-1,0,0,0,1,1,2
OK,iShares Core 30/70 Conservative Allocation ETF,Financial,Exchange Traded Fund,USA,,,40.4,-0.20%,285377.0,0,0,0,0,0,0,0,0,0,0,0,0,-1,0,0,0,0,0,0,0,1,0,0,0,-1,0,0,0,1,2,3
OM,iShares Core 40/60 Moderate Allocation ETF,Financial,Exchange Traded Fund,USA,,,48.72,-0.35%,909806.0,0,0,0,0,0,0,0,0,0,0,0,0,0,0,0,0,0,0,0,0,0,0,-1,0,0,0,0,0,0,1,1
OMR,Angel Oak Mortgage REIT Inc,Real Estate,REIT - Mortgage,USA,165760000.0,9.61,7.14,-3.25%,101043.0,0,0,0,0,0,0,0,0,0,0,0,0,0,0,0,0,0,0,0,0,1,0,0,0,0,0,0,0,1,0,1
ON,Aon Plc,Financial,Insurance Brokers,Ireland,57370000000.0,14.91,270.47,-1.28%,1541420.0,0,1,0,0,0,0,0,0,0,0,0,0,0,0,0,0,0,0,0,0,0,0,0,0,0,0,0,0,1,0,1
OSL,Alpha & Omega Semiconductor Ltd,Technology,Semiconductors,USA,886120000.0,,29.24,-2.34%,374950.0,0,0,0,0,0,0,0,0,1,1,0,0,0,0,0,0,0,0,0,0,0,0,0,0,0,0,0,0,2,0,2
PAC,StoneBridge Acquisition II Corp,Financial,Shell Companies,USA,82600000.0,78.32,10.26,-0.10%,208.0,0,0,0,0,0,1,0,0,0,0,0,0,0,0,0,0,0,1,0,0,0,0,0,0,0,0,0,0,2,0,2
PC,ARKO Petroleum Corp,Energy,Oil & Gas Refining & Marketing,USA,772540000.0,,16.24,-0.49%,85594.0,0,0,0,0,0,0,0,0,0,0,0,0,0,0,0,0,0,0,0,0,0,0,-1,0,0,0,0,0,0,1,1
PHG,Leverage Shares 2X Long APH Daily ETF,Financial,Exchange Traded Fund,USA,,,16.73,-1.77%,1882.0,0,0,0,0,0,0,0,0,0,0,0,0,-1,0,0,0,0,0,0,0,0,0,0,0,0,0,0,0,0,1,1
PLE,Apple Hospitality REIT Inc,Real Estate,REIT - Hotel & Motel,USA,3790000000.0,21.64,16.04,-1.78%,2648128.0,0,0,0,-1,0,0,0,0,0,0,0,0,0,0,0,0,0,0,0,0,0,0,0,0,0,0,0,0,0,1,1
PLU,Allspring Core Plus ETF,Financial,Exchange Traded Fund,USA,,,23.31,-0.34%,76065.0,0,0,0,-1,0,0,0,0,0,0,0,0,0,0,0,0,0,0,0,0,0,0,0,0,0,0,0,0,0,1,1
POG,Apogee Enterprises Inc,Industrials,Building Products & Equipment,USA,857890000.0,13.04,41.11,2.78%,606776.0,0,0,0,0,0,1,0,0,1,0,0,0,0,0,0,0,0,0,0,0,0,0,0,0,0,0,0,0,2,0,2
PPS,Digital Turbine Inc,Technology,Software - Application,USA,1290000000.0,,10.63,1.33%,3107982.0,0,0,0,0,0,0,0,-1,0,0,0,0,0,0,0,0,0,0,0,0,0,0,0,0,0,0,0,0,0,1,1
PUS,Apimeds Pharmaceuticals US Inc,Healthcare,Drug Manufacturers - Specialty & Generic,USA,10640000.0,,7.05,-1.12%,22396870.0,0,0,0,0,0,0,0,0,1,0,0,0,0,0,0,0,0,0,0,0,0,0,0,0,0,0,0,0,1,0,1
PXM,FT Vest U.S. Equity Max Buffer ETF - April,Financial,Exchange Traded Fund,USA,,,32.24,-0.06%,764.0,0,0,0,0,0,0,0,0,0,0,1,1,0,0,0,0,0,0,0,0,0,0,0,0,0,0,0,0,2,0,2
QB,AquaBounty Technologies Inc,Consumer Defensive,Farm Products,USA,4750000.0,,0.92,5.59%,64029.0,0,1,0,0,0,1,0,0,0,0,0,0,0,0,0,0,0,0,0,0,0,0,0,0,0,0,0,0,2,0,2
QLG,HCM Large Cap Growth ETF,Financial,Exchange Traded Fund,USA,,,26.36,-0.46%,8.0,0,0,0,0,0,0,0,0,1,0,0,0,0,0,0,0,0,0,0,0,0,0,0,0,0,0,0,0,1,0,1
QST,Aquestive Therapeutics Inc,Healthcare,Drug Manufacturers - Specialty & Generic,USA,579870000.0,,4.62,0.22%,1357059.0,0,0,0,-1,0,0,0,0,0,0,0,0,0,0,0,0,0,0,0,0,0,0,0,0,0,0,0,0,0,1,1
QWA,Global X Clean Water ETF,Financial,Exchange Traded Fund,USA,,,17.83,-1.71%,2892.0,0,0,0,0,0,0,0,0,1,0,0,0,0,0,0,0,0,0,0,0,0,0,0,0,0,0,0,0,1,0,1
R,Antero Resources Corp,Energy,Oil & Gas E&P,USA,10940000000.0,10.21,35.57,-0.42%,4807827.0,0,0,0,0,0,0,0,0,0,0,1,0,0,0,0,1,0,0,0,0,0,0,0,0,0,0,0,0,2,0,2
RAY,Accuray Inc,Healthcare,Medical Devices,USA,30260000.0,,0.25,-3.10%,1972825.0,0,0,0,0,0,0,0,0,1,1,0,0,0,0,0,0,0,0,0,0,0,0,0,0,0,0,0,0,2,0,2
RBB,ARB IOT Group Ltd,Technology,Information Technology Services,Singapore,7510000.0,,4.26,-5.02%,10692.0,0,0,0,0,0,0,0,0,0,0,0,0,-1,-1,0,0,0,0,0,0,0,0,0,0,0,1,0,0,1,2,3
RBE,Arbe Robotics Ltd,Technology,Scientific & Technical Instruments,Israel,75920000.0,,0.59,-0.92%,1388446.0,0,0,0,0,0,0,0,0,0,0,0,0,-1,-1,0,0,0,0,0,0,0,0,0,0,0,0,0,0,0,2,2
RCB,ArcBest Corp,Industrials,Trucking,USA,2840000000.0,182.31,126.87,-1.07%,121720.0,0,0,0,0,0,0,0,0,1,0,0,0,0,0,0,0,0,0,0,0,0,0,0,0,0,0,0,0,1,0,1
RCM,Arrow Reserve Capital Management ETF,Financial,Exchange Traded Fund,USA,,,100.0,0.03%,243.0,0,1,0,-1,0,0,0,0,0,0,0,0,0,0,0,0,0,0,0,0,0,0,0,0,0,0,0,0,1,1,2
RE,Alexandria Real Estate Equities Inc,Real Estate,REIT - Office,USA,7880000000.0,,45.21,-1.55%,2115107.0,0,0,0,0,0,0,0,0,0,0,1,0,0,0,0,0,0,0,0,0,0,0,0,0,0,0,0,0,1,0,1
RGT,Global X MSCI Argentina ETF,Financial,Exchange Traded Fund,USA,,,87.82,-2.08%,130362.0,0,0,0,0,0,0,0,0,0,0,0,0,-1,0,0,0,0,0,0,0,0,0,0,0,0,0,0,0,0,1,1
RGX,Argen X SE ADR,Healthcare,Biotechnology,Netherlands,58390000000.0,35.39,928.44,-0.22%,258329.0,0,1,0,0,0,0,0,0,0,0,0,0,0,0,0,0,0,0,0,0,0,0,0,0,0,0,0,0,1,0,1
RHS,Arhaus Inc,Consumer Cyclical,Specialty Retail,USA,1390000000.0,20.16,9.84,-0.81%,1461495.0,0,0,0,0,0,0,0,0,0,0,1,0,0,0,0,0,0,0,0,0,0,0,0,0,0,0,0,0,1,0,1
RI,Apollo Commercial Real Estate Finance Inc,Real Estate,REIT - Mortgage,USA,800830000.0,7.9,6.23,-0.32%,3996642.0,0,0,0,0,0,0,0,0,1,0,0,0,0,0,0,0,0,0,0,0,0,0,0,0,0,0,0,0,1,0,1
RKK,ARK Innovation ETF,Financial,Exchange Traded Fund,USA,,,88.3,-2.42%,5881649.0,0,0,0,-1,0,0,0,0,0,0,0,0,0,0,0,0,0,0,0,0,0,0,0,0,0,0,0,0,0,1,1
RKQ,ARK Autonomous Technology & Robotics ETF,Financial,Exchange Traded Fund,USA,,,124.99,-1.74%,132114.0,0,0,0,0,0,0,0,0,0,0,0,0,0,0,0,0,0,0,0,0,0,0,0,0,0,0,-1,0,0,1,1
RLO,Arlo Technologies Inc,Industrials,Building Products & Equipment,USA,1290000000.0,43.16,11.95,-6.64%,3438091.0,0,0,0,0,0,0,0,0,0,0,0,0,0,0,0,0,0,0,0,0,1,0,-1,0,0,0,0,0,1,1,2
RLP,"Alliance Resource Partners, LP",Energy,Thermal Coal,USA,3170000000.0,12.0,24.6,-0.28%,463531.0,0,0,0,0,0,0,0,0,0,0,0,0,-1,0,0,0,0,0,0,0,0,0,0,0,0,0,0,0,0,1,1
RMG,Leverage Shares 2X Long ARM Daily ETF,Financial,Exchange Traded Fund,USA,,,21.59,-5.35%,1081933.0,0,0,0,0,0,0,0,0,0,0,0,0,-1,0,0,0,0,0,0,0,0,0,0,0,0,0,0,0,0,1,1
RMP,Armata Pharmaceuticals Inc,Healthcare,Biotechnology,USA,141660000.0,,3.81,-1.04%,103696.0,0,0,0,0,0,0,0,0,1,0,0,0,0,0,0,0,0,0,0,0,0,0,0,0,0,0,0,0,1,0,1
RMW,Roundhill ARM WeeklyPay ETF,Financial,Exchange Traded Fund,USA,,,45.15,-3.40%,48163.0,0,0,0,0,0,0,0,0,1,0,0,0,0,0,0,0,0,0,0,0,0,0,0,0,0,0,0,0,1,0,1
ROC,Archrock Inc,Energy,Oil & Gas Equipment & Services,USA,5280000000.0,16.16,30.09,-2.40%,1683748.0,0,0,0,0,0,1,0,0,1,0,0,0,0,0,0,0,0,0,0,0,0,0,0,0,0,0,0,0,2,0,2
ROW,Arrow Financial Corp,Financial,Banks - Regional,USA,677970000.0,11.77,36.6,-1.61%,50791.0,0,0,0,0,0,0,0,0,1,0,0,0,0,0,0,0,0,0,0,0,0,0,0,0,0,0,0,0,1,0,1
RP,PMV Adaptive Risk Parity ETF,Financial,Exchange Traded Fund,USA,,,34.32,-0.41%,11096.0,0,1,0,0,0,0,0,0,0,0,0,0,0,0,0,0,0,0,0,0,0,0,0,0,0,0,0,0,1,0,1
RQT,Arcutis Biotherapeutics Inc,Healthcare,Biotechnology,USA,3040000000.0,116.71,24.17,1.05%,1725984.0,0,0,0,0,0,0,0,0,0,0,1,0,0,0,0,0,0,0,0,0,0,0,0,0,0,0,0,0,1,0,1
RRY,Array Technologies Inc,Technology,Solar,USA,588310000.0,,3.82,-5.91%,6057114.0,0,0,0,0,0,0,0,0,1,0,0,0,0,0,0,0,0,0,0,0,0,0,0,0,0,0,0,0,1,0,1
RVR,First Trust IndxxMetaverse ETF,Financial,Exchange Traded Fund,USA,,,58.79,-0.45%,386.0,0,0,0,0,0,0,0,0,0,0,0,0,0,0,0,0,0,0,0,0,0,0,-1,0,0,0,0,0,0,1,1
S,Amer Sports Inc,Consumer Cyclical,Leisure,Finland,15780000000.0,28.35,27.13,-2.27%,5228279.0,0,1,0,-1,0,0,0,0,0,0,0,0,0,0,0,0,0,0,0,0,0,0,0,0,0,0,0,0,1,1,2
SA,ASA Gold and Precious Metals Ltd,Financial,Closed-End Fund - Equity,USA,1010000000.0,,54.78,-4.00%,45519.0,0,0,0,0,0,0,0,0,1,0,0,0,0,0,0,0,0,0,0,0,0,0,0,0,0,0,0,0,1,0,1
SAN,Asana Inc,Technology,Software - Application,USA,2140000000.0000002,,9.33,0.43%,5473245.0,0,0,0,-1,0,0,0,0,0,0,0,0,0,0,0,0,0,0,0,0,0,0,0,0,0,0,0,0,0,1,1
SC,Ardmore Shipping Corp,Industrials,Marine Shipping,Bermuda,754940000.0,7.16,18.48,-1.81%,828377.0,0,0,0,0,0,0,0,0,0,0,0,0,-1,0,0,0,0,0,0,0,0,0,0,0,0,0,0,0,0,1,1
SCE,Allspring SMID Core ETF,Financial,Exchange Traded Fund,USA,,,32.91,-1.79%,395536.0,0,0,0,0,0,0,0,0,1,0,0,0,0,0,0,0,0,0,0,0,0,0,0,0,-1,0,0,0,1,1,2
SCI,abrdn International Small Cap Active ETF,Financial,Exchange Traded Fund,USA,,,37.03,-0.46%,1338.0,0,0,0,0,0,0,0,0,0,0,1,1,0,0,0,0,0,0,0,0,0,0,0,0,0,0,0,0,2,0,2
SG,Liberty All-Star Growth Fund Inc,Financial,Closed-End Fund - Equity,USA,326230000.0,,5.12,-1.54%,207293.0,0,0,0,0,0,0,0,0,0,0,1,0,0,0,0,0,0,0,0,0,0,0,0,0,0,0,0,0,1,0,1
SGI,abrdn Global Infrastructure Income Fund,Financial,Closed-End Fund - Equity,USA,603640000.0,,19.08,-2.25%,182055.0,0,0,0,0,0,0,0,0,0,0,1,0,0,0,0,0,0,0,0,0,0,0,0,0,0,0,0,0,1,0,1
SHR,Xtrackers Harvest CSI 300 China A-Shares ETF,Financial,Exchange Traded Fund,USA,,,32.45,-0.61%,2973904.0,0,0,0,0,0,0,0,0,1,0,0,0,0,0,0,0,0,0,0,0,0,0,0,0,0,0,0,0,1,0,1
SHS,Xtrackers Harvest CSI 500 China A-Shares Small Cap ETF,Financial,Exchange Traded Fund,USA,,,40.1,-0.59%,1855.0,0,0,0,0,0,0,0,0,1,0,0,0,0,0,0,0,0,0,0,0,0,0,0,0,0,0,0,0,1,0,1
SLE,AerSale Corp,Industrials,Airports & Air Services,USA,231000000.0,,4.84,-2.62%,680291.0,0,0,0,0,0,0,0,0,1,0,0,0,0,0,0,0,0,0,0,0,0,0,0,0,0,0,0,0,1,0,1
SM,Avino Silver & Gold Mines Ltd,Basic Materials,Other Precious Metals & Mining,Canada,903600000.0,19.97,5.32,-4.49%,2754681.0,0,0,0,0,0,0,0,0,0,0,0,0,0,0,0,0,0,0,0,0,1,0,0,0,0,0,0,0,1,0,1
SMF,Virtus AlphaSimplex Managed Futures ETF,Financial,Exchange Traded Fund,USA,,,27.66,0.07%,1016.0,0,1,0,0,0,0,0,0,0,0,1,0,0,0,0,0,0,0,0,0,0,0,0,0,0,0,0,0,2,0,2
SMG,Leverage Shares 2X Long ASML Daily ETF,Financial,Exchange Traded Fund,USA,,,49.13,-3.46%,106722.0,0,0,0,0,0,0,0,0,0,0,0,0,-1,-1,0,0,0,0,0,0,0,0,0,0,0,0,0,0,0,2,2
SMH,ASML Holding NV ADRhedged,Financial,Exchange Traded Fund,USA,,,12.63,-0.94%,10747.0,0,0,0,0,0,0,0,0,1,0,0,0,0,0,0,0,0,0,0,0,0,0,0,0,0,0,0,0,1,0,1
SML,ASML Holding NV,Technology,Semiconductor Equipment & Materials,Netherlands,695670000000.0,56.19,1804.96,-1.59%,1249158.0,0,1,0,0,0,0,0,0,0,0,0,0,0,0,0,1,0,0,0,0,0,0,0,0,0,0,0,0,2,0,2
SMU,Direxion Daily ASML Bull 2X ETF,Financial,Exchange Traded Fund,USA,,,32.17,-3.03%,29465.0,0,0,0,0,0,0,0,0,0,0,0,0,0,0,0,1,0,0,0,0,0,0,0,0,0,0,0,0,1,0,1
SMZ,Corgi ASML 2x Daily ETF,Financial,Exchange Traded Fund,USA,,,21.08,-3.24%,311.0,0,0,0,0,0,0,0,0,0,0,0,0,-1,0,0,0,0,0,0,0,0,0,0,0,0,0,0,0,0,1,1
SR,Grupo Aeroportuario Del Sureste SA ADR,Industrials,Airports & Air Services,Mexico,6390000000.0,12.49,230.67,-4.20%,60344.0,0,0,0,0,0,0,0,0,0,0,0,0,0,0,0,0,0,0,0,-1,0,0,0,0,0,0,0,0,0,1,1
SRV,Ameriserv Financial Inc,Financial,Banks - Regional,USA,76070000.0,8.81,4.48,1.82%,11578.0,0,0,0,0,0,0,0,0,0,0,0,0,-1,0,0,0,0,0,0,0,0,0,0,0,0,0,0,0,0,1,1
STG,Leverage Shares 2X Long ASTS Daily ETF,Financial,Exchange Traded Fund,USA,,,7.38,-7.63%,82112.0,0,0,0,0,0,0,0,0,0,0,0,0,0,0,0,0,0,0,0,0,0,0,0,0,0,1,0,0,1,0,1
STL,Algoma Steel Group Inc,Basic Materials,Steel,Canada,446940000.0,,4.23,-2.76%,361530.0,0,0,0,0,0,0,0,0,0,0,0,0,0,0,0,0,0,0,0,0,0,0,0,0,0,0,-1,0,0,1,1
STN,Defiance Daily Target 2X Short ASTS ETF,Financial,Exchange Traded Fund,USA,,,16.92,6.89%,328222.0,0,0,0,0,0,0,0,0,0,0,0,0,-1,0,0,0,0,0,0,0,0,0,0,0,0,1,0,0,1,1,2
SUP,T-REX 2X Long ASTS Daily Target ETF,Financial,Exchange Traded Fund,USA,,,6.87,-7.88%,17030.0,0,0,0,0,0,0,0,0,0,0,0,0,0,0,0,0,0,0,0,0,0,0,0,0,0,1,0,0,1,0,1
TCH,AtlasClear Holdings Inc,Financial,Capital Markets,USA,27380000.0,36.06,0.18,-1.10%,1185564.0,0,0,0,0,0,0,0,0,1,0,0,0,0,0,0,0,0,0,0,0,0,0,0,0,0,0,0,0,1,0,1
TEX,Anterix Inc,Communication Services,Telecom Services,USA,1590000000.0,23.18,81.18,-2.67%,275239.0,0,0,0,0,0,0,0,0,1,0,0,0,0,0,0,0,0,0,0,0,0,0,0,0,0,0,0,0,1,0,1
TFV,Alger 35 ETF,Financial,Exchange Traded Fund,USA,,,41.35,-0.80%,10568.0,0,0,0,0,0,0,0,0,0,0,1,0,0,0,0,0,0,0,0,0,0,0,0,0,-1,0,0,0,1,1,2
TGL,Alpha Technology Group Ltd,Technology,Software - Infrastructure,Hong Kong,71780000.0,,4.36,-9.17%,1367.0,0,0,0,0,0,1,0,0,0,0,0,0,0,0,0,0,0,0,0,0,0,0,0,0,0,0,0,0,1,0,1
THE,Alterity Therapeutics Ltd ADR,Healthcare,Biotechnology,Australia,63410000.0,,3.32,-1.48%,19349.0,0,0,0,0,0,0,0,0,0,0,0,0,0,0,0,0,0,0,0,0,0,0,0,0,0,0,-1,0,0,1,1
TLO,Ames National Corp,Financial,Banks - Regional,USA,282450000.0,12.31,31.89,-1.18%,14995.0,0,0,0,-1,0,1,0,0,0,0,0,0,0,0,0,0,0,1,0,0,0,0,0,0,0,0,0,0,2,1,3
TMU,Atmus Filtration Technologies Inc,Consumer Cyclical,Auto Parts,USA,3600000000.0,16.87,44.12,-4.00%,614958.0,0,0,0,0,0,0,0,0,1,0,0,0,0,0,0,0,0,0,0,0,0,0,0,0,0,0,0,0,1,0,1
TOS,Atossa Therapeutics Inc,Healthcare,Biotechnology,USA,24550000.0,,2.46,0.41%,19070.0,0,0,0,0,0,0,0,0,1,0,0,0,0,0,0,0,0,0,0,0,0,0,0,0,0,0,0,0,1,0,1
UC,ATIF Holdings Ltd,Financial,Capital Markets,USA,189860000.0,,8.58,-1.49%,1019.0,0,0,0,0,0,0,0,0,0,0,1,0,0,0,0,0,0,0,0,0,0,0,0,0,-1,0,0,0,1,1,2
UID,authID Inc,Technology,Software - Infrastructure,USA,6070000.0,,0.36,-6.12%,290449.0,0,0,0,0,0,0,0,0,0,0,0,0,0,0,0,0,0,0,0,-1,0,0,0,0,0,0,0,0,0,1,1
UPH,Aurinia Pharmaceuticals Inc,Healthcare,Biotechnology,Canada,2130000000.0,7.0,16.01,2.04%,682529.0,0,0,0,0,0,0,0,0,0,0,0,0,0,0,0,0,0,0,0,0,0,0,0,0,0,0,-1,0,0,1,1
UR,Aurora Innovation Inc,Consumer Cyclical,Auto Parts,USA,11460000000.0,,5.72,-0.52%,17370376.0,0,0,0,0,0,0,0,0,1,1,0,0,0,0,0,0,0,0,0,0,0,0,0,0,0,0,0,0,2,0,2
URE,Aurelion Inc,Financial,Capital Markets,Hong Kong,42580000.0,,1.1,4.76%,17676.0,0,0,0,0,0,0,0,0,0,0,0,0,-1,0,0,0,0,0,0,0,0,0,0,0,0,0,0,0,0,1,1
UST,Austin Gold Corp,Basic Materials,Gold,Canada,13410000.0,,0.98,-2.01%,34493.0,0,0,0,0,0,0,0,0,1,0,0,0,0,0,0,0,0,0,0,0,0,0,0,0,0,0,0,0,1,0,1
VEX,AEVEX Corp,Industrials,Aerospace & Defense,USA,1800000000.0,18.19,14.23,-6.07%,1484437.0,0,0,0,0,0,0,0,0,1,0,0,0,0,0,0,0,0,0,0,0,0,0,0,0,0,0,0,0,1,0,1
VGB,Avantis Credit ETF,Financial,Exchange Traded Fund,USA,,,49.83,0.14%,6323.0,0,0,0,-1,0,0,0,0,0,0,0,0,0,0,0,0,0,0,0,0,0,0,0,0,0,0,0,0,0,1,1
VGG,Leverage Shares 2X Long AVGO Daily ETF,Financial,Exchange Traded Fund,USA,,,25.08,0.00%,362161.0,0,0,0,0,0,0,0,0,1,0,0,0,0,0,0,0,0,0,0,0,0,0,0,0,0,0,0,0,1,0,1
VGO,Broadcom Inc,Technology,Semiconductors,USA,1797320000000.0,48.07,376.51,0.19%,18046104.0,0,0,0,0,0,0,0,0,1,0,0,0,0,0,0,0,0,0,0,0,0,0,0,0,0,0,0,0,1,0,1
VGU,GraniteShares 2x Long AVGO Daily ETF,Financial,Exchange Traded Fund,USA,,,31.96,-0.19%,183366.0,0,0,0,0,0,0,0,0,1,0,0,0,0,0,0,0,0,0,0,0,0,0,0,0,0,0,0,0,1,0,1
VGX,Defiance Daily Target 2X Long AVGO ETF,Financial,Exchange Traded Fund,USA,,,43.08,0.12%,578109.0,0,0,0,0,0,0,0,0,1,0,0,0,0,0,0,0,0,0,0,0,0,0,0,0,0,0,0,0,1,0,1
VIE,Avantis Inflation Focused Equity ETF,Financial,Exchange Traded Fund,USA,,,78.44,-0.21%,837.0,0,0,0,0,0,1,0,0,0,0,0,0,0,0,0,0,0,0,0,0,0,0,0,0,0,0,0,0,1,0,1
VNM,Avantis All International Markets Equity ETF,Financial,Exchange Traded Fund,USA,,,82.78,-1.21%,57699.0,0,0,0,0,0,0,0,-1,0,0,0,0,0,0,0,0,0,0,0,0,0,0,0,0,0,0,0,0,0,1,1
VPT,AvePoint Inc,Technology,Software - Infrastructure,USA,3020000000.0,45.22,14.28,-2.12%,2353706.0,0,0,0,-1,0,0,0,0,0,0,0,0,0,0,0,0,0,0,0,0,0,0,0,0,0,0,0,0,0,1,1
VR,Anteris Technologies Global Corp,Healthcare,Medical Devices,USA,664660000.0,,6.82,-3.26%,2454136.0,0,0,0,0,0,0,0,0,1,0,0,0,0,0,0,0,0,0,0,0,0,0,0,0,0,0,0,0,1,0,1
VS,Direxion Daily AVGO Bear 1X ETF,Financial,Exchange Traded Fund,USA,,,7.67,-0.18%,9580263.0,0,0,0,0,0,0,0,-1,0,0,0,0,0,0,0,0,0,0,0,0,0,0,0,0,0,0,0,0,0,1,1
VT,Avnet Inc,Technology,Electronics & Computer Distribution,USA,8410000000.0,25.69,102.53,-3.61%,875121.0,0,0,0,0,0,0,0,-1,0,0,0,0,0,0,0,0,0,0,0,0,0,0,0,0,0,0,0,0,0,1,1
VTX,Avalo Therapeutics Inc,Healthcare,Biotechnology,USA,728290000.0,,13.58,-0.07%,719022.0,0,1,0,0,0,0,0,0,0,0,0,0,-1,0,0,0,0,0,0,0,0,0,0,0,0,0,0,0,1,1,2
VX,AVAX One Technology Ltd,Technology,Software - Infrastructure,Canada,45450000.0,,6.14,3.80%,240996.0,0,0,0,0,0,1,0,0,0,0,0,0,0,0,0,0,0,0,0,0,0,0,0,0,0,0,0,0,1,0,1
VY,Avery Dennison Corp,Consumer Cyclical,Packaging & Containers,USA,12650000000.0,18.28,166.97,-0.88%,575442.0,0,0,0,0,0,0,0,0,0,0,0,0,0,0,0,0,0,0,0,0,0,0,0,0,0,0,0,1,1,0,1
WRE,Aware Inc,Technology,Software - Application,USA,23120000.0,,1.06,-0.93%,50557.0,0,0,0,0,0,0,0,0,1,0,0,0,0,0,0,0,0,0,0,0,0,0,0,0,0,0,0,0,1,0,1
WX,Avalon Holdings Corp,Industrials,Waste Management,USA,9960000.0,8.34,2.56,2.20%,5207.0,0,0,0,0,0,0,0,0,0,0,0,0,0,0,0,0,0,0,0,0,1,0,0,0,0,0,0,0,1,0,1
XTI,AXT Inc,Technology,Semiconductor Equipment & Materials,USA,5230000000.0,4289.78,79.79,-5.08%,6320521.0,0,0,0,0,0,0,0,0,0,0,0,0,-1,0,0,0,0,0,0,0,0,0,0,0,0,0,0,0,0,1,1
YA,Aya Gold & Silver Inc,Basic Materials,Silver,Canada,3770000000.0,34.19,26.14,-4.98%,973891.0,0,1,0,0,0,0,0,0,0,0,0,0,0,0,0,0,0,0,0,0,0,0,0,0,0,0,0,0,1,0,1
YTU,Aytu BioPharma Inc,Healthcare,Drug Manufacturers - Specialty & Generic,USA,22280000.0,,2.05,0.00%,5733.0,0,0,0,0,0,0,0,0,1,1,0,0,0,0,0,0,0,0,0,0,0,0,0,0,0,0,0,0,2,0,2
Z,A2Z Cust2Mate Solutions Corp,Technology,Software - Application,Canada,260200000.0,,5.91,-1.01%,657758.0,0,1,0,0,0,1,0,0,0,0,0,0,-1,-1,0,0,0,0,0,0,0,0,0,0,0,0,0,0,2,2,4
ZIO,Azio AI Holdings Inc,Technology,Software - Infrastructure,USA,18760000.0,,1.09,-7.63%,394298.0,0,0,0,0,0,0,0,0,0,0,0,0,-1,0,0,0,0,0,0,0,0,0,0,0,0,0,0,0,0,1,1
ZN,Astrazeneca plc,Healthcare,Drug Manufacturers - General,United Kingdom,248330000000.0,23.93,160.12,0.95%,2458724.0,0,0,0,0,0,0,0,0,1,0,0,0,0,0,0,0,0,0,0,0,0,0,0,0,0,0,0,0,1,0,1
ZTR,Azitra Inc,Healthcare,Biotechnology,USA,8000000.0,,0.13,1.54%,290373.0,0,0,0,0,0,0,0,0,1,0,0,0,0,0,0,0,0,0,0,0,0,0,0,0,0,0,0,0,1,0,1
A,Boeing Co,Industrials,Aerospace & Defense,USA,148840000000.0,85.76,188.32,-0.79%,6382089.0,0,0,0,0,0,0,0,0,0,0,0,0,-1,0,0,0,0,0,0,0,0,0,0,1,0,0,0,0,1,1,2
AB,Invesco Taxable Municipal Bond ETF,Financial,Exchange Traded Fund,USA,,,25.28,-0.24%,233729.0,0,0,0,0,0,0,0,0,1,0,0,0,0,0,0,0,0,0,0,0,0,0,0,0,0,0,0,0,1,0,1
ABO,YieldMax BABA Option Income Strategy ETF,Financial,Exchange Traded Fund,USA,,,7.03,-1.54%,56420.0,0,0,0,0,0,0,0,0,0,0,0,0,-1,0,0,0,0,0,0,0,0,0,0,1,0,0,0,0,1,1,2
ABU,Direxion Daily BABA Bull 2X ETF,Financial,Exchange Traded Fund,USA,,,8.58,-4.29%,130339.0,0,0,0,0,0,0,0,0,0,0,1,0,0,0,0,1,0,0,0,0,0,0,0,0,0,0,0,0,2,0,2
AGY,Amplify Bitcoin Max Income Covered Call ETF,Financial,Exchange Traded Fund,USA,,,23.28,-2.89%,1272.0,0,0,0,0,0,0,0,0,1,0,1,0,0,0,0,0,0,0,0,0,0,0,0,0,0,0,0,0,2,0,2
AK,Braskem SA ADR,Basic Materials,Chemicals,Brazil,305380000.0,,1.77,5.99%,3014437.0,0,0,0,0,0,0,0,0,1,0,0,0,0,0,0,0,0,0,0,0,0,0,0,0,0,0,0,0,1,0,1
ALY,Ballys Corp,Consumer Cyclical,Resorts & Casinos,USA,697490000.0,,13.82,-1.29%,178904.0,0,0,0,0,0,0,0,0,0,0,0,0,-1,0,0,0,0,0,0,0,0,0,0,0,0,1,0,0,1,1,2
AMB,Brookstone Intermediate Bond ETF,Financial,Exchange Traded Fund,USA,,,24.95,0.02%,5036.0,0,0,0,0,0,1,0,0,0,0,0,0,0,0,0,0,0,0,0,-1,0,0,0,0,0,0,0,0,1,1,2
AMU,Brookstone Ultra-Short Bond ETF,Financial,Exchange Traded Fund,USA,,,25.25,0.04%,5680.0,0,0,0,0,0,0,0,0,0,0,0,0,0,0,0,0,0,0,0,0,1,0,-1,0,0,0,0,0,1,1,2
ANF,Bancfirst Corp,Financial,Banks - Regional,USA,3560000000.0,14.3,106.01,-0.73%,127549.0,0,0,0,0,0,0,0,0,0,0,1,0,0,0,0,0,0,0,0,0,0,0,0,0,0,0,0,0,1,0,1
ANR,Banner Corp,Financial,Banks - Regional,USA,2430000000.0,10.92,66.2,-1.37%,178111.0,0,0,0,0,0,0,0,0,0,0,0,0,0,0,0,0,0,1,0,0,0,0,0,0,0,0,0,0,1,0,1
ANX,ArrowMark Financial Corp,Financial,Closed-End Fund - Debt,USA,188200000.0,,19.61,-1.75%,26923.0,0,0,0,0,0,0,0,0,0,0,1,0,0,0,0,0,0,0,0,0,0,0,0,0,0,0,0,0,1,0,1
ARK,BARK Inc,Consumer Cyclical,Specialty Retail,USA,74250000.0,,8.22,0.61%,24688.0,0,1,0,0,0,1,0,0,0,0,0,0,0,0,0,0,0,0,0,0,0,0,0,0,0,0,0,0,2,0,2
ATRK,Atlanta Braves Holdings Inc,Communication Services,Entertainment,USA,3340000000.0,,51.96,-0.86%,859635.0,0,0,0,-1,0,0,0,0,0,0,0,0,0,0,0,0,0,1,0,0,0,0,0,0,0,0,0,0,1,1,2
ATT,Amplify Lithium & Battery Technology ETF,Financial,Exchange Traded Fund,USA,,,14.54,-2.02%,27372.0,0,0,0,0,0,0,0,0,0,0,0,0,-1,0,0,0,0,0,0,0,0,0,0,0,0,0,0,0,0,1,1
AUG,Innovator U.S. Equity Buffer ETF - August,Financial,Exchange Traded Fund,USA,,,55.94,-0.11%,5687.0,0,0,0,0,0,0,0,0,0,0,1,0,0,0,0,0,0,0,0,0,0,0,0,0,0,0,0,0,1,0,1
BAG,JPMorgan BetaBuilders U.S. Aggregate Bond ETF,Financial,Exchange Traded Fund,USA,,,43.67,-0.08%,34350.0,0,0,0,0,0,1,0,0,0,0,0,0,0,0,0,0,0,0,0,-1,0,0,0,0,0,0,0,0,1,1,2
BAI,BigBear.ai Holdings Inc,Technology,Information Technology Services,USA,1200000000.0,,2.51,-2.71%,19385087.0,0,0,0,0,0,0,0,0,1,0,0,0,0,0,0,0,0,0,0,0,0,0,0,0,0,0,0,0,1,0,1
BBL,BondBloxx BBB Rated 10+ Year Corporate Bond ETF,Financial,Exchange Traded Fund,USA,,,43.64,-0.23%,445.0,0,0,0,0,0,0,0,0,1,0,0,0,0,0,0,0,0,0,0,0,0,0,0,0,0,0,0,0,1,0,1
BD,Banco Bradesco SA ADR,Financial,Banks - Regional,Brazil,24220000000.0,9.97,4.34,-3.77%,65760931.0,0,0,0,0,0,0,0,0,1,0,0,0,0,0,0,0,0,0,0,0,0,0,0,0,0,0,0,0,1,0,1
BEM,JPMorgan BetaBuilders Emerging Markets Equity ETF,Financial,Exchange Traded Fund,USA,,,77.38,-0.80%,9188.0,0,0,0,0,0,0,0,0,1,0,0,0,0,0,0,0,0,0,0,0,0,0,0,0,0,0,0,0,1,0,1
BH,VanEck Biotech ETF,Financial,Exchange Traded Fund,USA,,,237.87,0.67%,8165.0,0,0,0,0,0,0,0,0,0,0,1,0,0,0,0,0,0,0,0,0,0,0,0,0,-1,0,0,0,1,1,2
BIO,BridgeBio Pharma Inc,Healthcare,Biotechnology,USA,13000000000.0,,66.5,-0.69%,2064385.0,0,1,0,0,0,0,0,0,0,0,0,0,0,0,0,0,0,0,0,0,0,0,0,0,0,0,0,0,1,0,1
BJP,JPMorgan BetaBuilders Japan ETF,Financial,Exchange Traded Fund,USA,,,79.18,-1.05%,688794.0,0,0,0,-1,0,0,0,-1,0,0,0,0,0,0,0,0,0,0,0,0,0,0,0,0,0,0,0,0,0,2,2
BLB,JPMorgan BetaBuilders U.S. Treasury Bond 20+ Year ETF,Financial,Exchange Traded Fund,USA,,,72.75,-0.28%,26.0,0,0,0,0,0,1,0,0,1,1,0,0,0,0,0,0,0,0,0,0,0,0,0,0,0,0,0,0,3,0,3
BMC,JPMorgan BetaBuilders U.S. Mid Cap Equity ETF,Financial,Exchange Traded Fund,USA,,,121.56,-1.39%,17644.0,0,0,0,-1,0,0,0,0,0,0,0,0,0,0,0,0,0,0,0,0,0,0,0,0,0,0,0,0,0,1,1
BP,Virtus Biotech ETF,Financial,Exchange Traded Fund,USA,,,101.81,0.83%,6225.0,0,0,0,0,0,0,0,-1,0,0,0,0,0,0,0,0,0,0,0,0,0,0,0,0,0,0,0,0,0,1,1
BT,Beacon Financial Corp,Financial,Banks - Regional,USA,2290000000.0,19.78,27.31,-2.22%,957771.0,0,0,0,0,0,0,0,0,0,0,1,0,0,0,0,0,0,0,0,0,0,0,-1,0,0,0,0,0,1,1,2
BUC,Brookfield Business Corp,Industrials,Conglomerates,USA,5350000000.0,,26.05,-0.57%,330198.0,0,0,0,0,0,0,0,0,1,0,0,0,0,0,0,0,0,0,0,0,0,0,0,0,0,0,0,0,1,0,1
BUS,JPMorgan BetaBuilders U.S. Equity ETF,Financial,Exchange Traded Fund,USA,,,140.42,-0.28%,240162.0,0,0,0,0,0,0,0,0,0,0,1,0,0,0,0,0,0,0,0,0,0,0,0,0,0,0,0,0,1,0,1
BW,Build A Bear Workshop Inc,Consumer Cyclical,Specialty Retail,USA,315010000.0,6.34,25.57,-0.27%,244436.0,0,0,0,0,0,0,0,0,1,0,0,0,0,0,0,0,0,0,0,0,0,0,0,0,0,0,0,0,1,0,1
BWI,Bath & Body Works Inc,Consumer Cyclical,Specialty Retail,USA,3590000000.0,4.63,17.81,-0.67%,8278936.0,0,0,0,0,0,0,0,0,0,0,0,0,-1,0,0,0,0,0,0,0,0,0,0,1,0,0,0,0,1,1,2
C,Brunswick Corp,Consumer Cyclical,Recreational Vehicles,USA,4110000000.0000005,,63.36,-2.49%,640713.0,0,0,0,0,0,0,0,0,0,0,1,0,0,0,0,0,0,0,0,0,0,0,0,0,0,0,0,0,1,0,1
CDA,BioCardia Inc,Healthcare,Biotechnology,USA,16500000.0,,1.09,2.83%,167970.0,0,0,0,0,0,0,0,0,0,0,0,0,0,0,0,0,0,0,0,0,0,0,0,0,0,1,0,0,1,0,1
CEM,Baron Emerging Markets Select ETF,Financial,Exchange Traded Fund,USA,,,26.99,-2.04%,5620.0,0,1,0,0,0,0,0,0,0,0,0,0,0,0,0,0,0,0,0,0,0,0,0,0,0,0,0,0,1,0,1
CG,Binah Capital Group Inc,Financial,Asset Management,USA,16900000.0,6.46,0.99,-5.65%,22941.0,0,0,0,0,0,1,0,0,0,0,0,0,0,0,0,0,0,0,0,0,0,0,0,0,0,0,0,0,1,0,1
CGD,Baron Global Durable Advantage ETF,Financial,Exchange Traded Fund,USA,,,26.62,-0.82%,2148.0,0,0,0,-1,0,0,0,0,0,0,0,0,0,0,0,0,0,0,0,0,0,0,0,0,0,0,0,0,0,1,1
CHT,Birchtech Corp,Industrials,Pollution & Treatment Controls,USA,38150000.0,,1.45,-2.68%,65089.0,0,0,0,0,0,0,0,0,0,0,0,0,-1,0,0,0,0,0,0,0,0,0,0,1,0,0,0,0,1,1,2
CIC,BCP Investment Corp,Financial,Asset Management,USA,85190000.0,,6.88,-0.58%,14304.0,0,0,0,0,0,0,0,0,0,0,0,0,-1,0,0,0,0,0,0,0,0,0,0,0,0,0,0,0,0,1,1
CIL,Bancreek International Large Cap ETF,Financial,Exchange Traded Fund,USA,,,28.61,-1.59%,624.0,0,0,0,0,0,0,0,-1,0,0,0,0,0,0,0,0,0,0,0,0,0,0,0,0,0,0,0,0,0,1,1
CPC,Balchem Corp,Basic Materials,Specialty Chemicals,USA,5300000000.0,32.74,166.41,0.68%,480199.0,0,0,0,0,0,0,0,0,0,0,1,0,0,0,0,0,0,0,0,0,0,0,0,0,0,0,0,0,1,0,1
CPL,BNY Mellon Core Plus ETF,Financial,Exchange Traded Fund,USA,,,23.62,-0.25%,91809.0,0,0,0,0,0,0,0,0,1,0,0,0,0,0,0,0,0,0,0,0,0,0,0,0,0,0,0,0,1,0,1
CSS,Bain Capital GSS Investment Corp,Financial,Shell Companies,USA,596850000.0,48.62,10.22,-0.10%,62182.0,0,0,0,0,0,0,0,0,0,0,0,0,0,0,0,0,0,1,0,0,0,0,0,0,0,0,0,0,1,0,1
CUS,Bancreek U.S. Large Cap ETF,Financial,Exchange Traded Fund,USA,,,34.17,-1.73%,1405.0,0,1,0,0,0,0,0,0,0,0,0,0,-1,0,0,0,0,0,0,0,0,0,0,0,0,0,0,0,1,1,2
CYC,Bicycle Therapeutics Plc ADR,Healthcare,Biotechnology,United Kingdom,187920000.0,,3.73,-1.58%,479627.0,0,0,0,-1,0,0,0,0,1,1,0,0,0,0,0,0,0,0,0,0,0,0,0,0,0,0,0,0,2,1,3
DBT,Bluemonte Core Bond ETF,Financial,Exchange Traded Fund,USA,,,24.15,0.08%,91689.0,0,0,0,-1,0,0,0,0,0,0,0,0,0,0,0,0,0,0,0,0,0,0,0,0,0,0,0,0,0,1,1
DCX,ETRACS 1.5X MVIS BDC ETN,Financial,Exchange Traded Fund,USA,,,18.76,-1.41%,7397.0,0,0,0,-1,0,0,0,0,0,0,0,0,0,0,0,0,0,0,0,0,0,0,0,0,0,0,0,0,0,1,1
DEC,Innovator U.S. Equity Buffer ETF - December,Financial,Exchange Traded Fund,USA,,,55.4,-0.12%,6686.0,0,0,0,0,0,0,0,-1,0,0,0,0,0,0,0,0,0,1,0,0,0,0,0,0,0,0,0,0,1,1,2
DN,Brandywine Realty Trust,Real Estate,REIT - Office,USA,485000000.0,,2.77,0.73%,1548081.0,0,0,0,0,0,0,0,0,0,0,1,0,0,0,0,0,0,0,0,0,0,0,0,0,0,0,0,0,1,0,1
DSX,Biodesix Inc,Healthcare,Diagnostics & Research,USA,278760000.0,,26.42,-5.51%,57608.0,0,0,0,0,0,0,0,0,0,0,1,0,0,0,0,0,0,0,0,0,0,0,-1,0,0,0,0,0,1,1,2
DTX,Black Diamond Therapeutics Inc,Healthcare,Biotechnology,USA,105140000.0,,1.83,1.67%,563503.0,0,0,0,0,0,0,0,0,1,0,0,0,0,0,0,0,0,0,0,0,0,0,0,0,0,0,0,0,1,0,1
EAM,Beam Therapeutics Inc,Healthcare,Biotechnology,USA,2560000000.0,,24.77,-1.82%,2342844.0,0,0,0,0,0,0,0,0,1,0,0,0,0,0,0,0,0,0,0,0,0,0,0,0,0,0,0,0,1,0,1
ELFA,Bel Fuse Inc,Technology,Electronic Components,USA,3450000000.0,51.47,198.28,-5.39%,56066.0,0,0,0,0,0,0,0,0,1,1,0,0,0,0,0,0,0,0,0,0,0,0,0,0,0,0,-1,0,2,1,3
ELFB,Bel Fuse Inc,Technology,Electronic Components,USA,3460000000.0,64.04,246.72,-5.20%,158338.0,0,1,0,0,0,0,0,0,1,1,0,0,0,0,0,0,0,0,0,0,0,0,0,0,0,0,0,0,3,0,3
EP,Brookfield Renewable Partners LP,Utilities,Utilities - Renewable,Bermuda,8830000000.0,,29.43,0.03%,1217065.0,0,0,0,0,0,0,0,0,0,0,0,0,0,0,0,0,0,0,0,0,0,0,0,0,0,0,-1,0,0,1,1
EPC,Brookfield Renewable Corp,Utilities,Utilities - Renewable,USA,5480000000.0,,29.51,-0.47%,2095323.0,0,0,0,0,0,0,0,0,1,0,0,0,0,0,0,0,0,0,0,0,0,0,0,0,0,0,0,0,1,0,1
ESF,Bastion Energy ETF,Financial,Exchange Traded Fund,USA,,,38.41,-0.92%,3309.0,0,0,0,0,0,0,0,0,0,0,0,0,0,0,0,0,0,0,0,0,1,0,0,0,-1,0,0,0,1,1,2
F-A,Brown-Forman Corp,Consumer Defensive,Beverages - Wineries & Distilleries,USA,11980000000.0,17.06,26.46,-1.64%,111712.0,0,1,0,0,0,0,0,0,0,0,0,0,0,0,0,1,0,0,0,0,0,0,0,0,0,0,0,0,2,0,2
FEW,FT Vest Laddered U.S. Equity Equal Weight Buffer ETF,Financial,Exchange Traded Fund,USA,,,21.45,-0.51%,3280.0,0,0,0,0,0,0,0,0,0,0,0,0,-1,0,0,0,0,0,0,0,0,0,0,0,0,0,0,0,0,1,1
FIX,Build Bond Innovation ETF,Financial,Exchange Traded Fund,USA,,,24.67,0.02%,695.0,0,0,0,0,0,0,0,0,0,0,0,0,0,0,0,0,0,0,0,-1,0,0,0,0,0,0,0,0,0,1,1
FOC,FT Vest Bitcoin Strategy Floor15 ETF - October,Financial,Exchange Traded Fund,USA,,,16.95,-1.11%,16024.0,0,0,0,0,0,0,0,0,0,0,0,0,0,0,0,0,0,0,0,-1,0,0,0,0,0,0,0,0,0,1,1
FRG,Bullfrog AI Holdings Inc,Healthcare,Health Information Services,USA,13140000.0,,0.71,2.84%,25193822.0,0,0,0,0,0,0,0,0,0,0,0,0,-1,0,0,0,0,0,0,0,0,0,0,0,0,0,0,0,0,1,1
FRZ,Innovator Equity Managed 100 Buffer ETF,Financial,Exchange Traded Fund,USA,,,27.42,-0.07%,22855.0,0,1,0,-1,0,0,0,0,0,0,0,0,0,0,0,0,0,0,0,0,0,0,0,0,0,0,0,0,1,1,2
FS,Saul Centers Inc,Real Estate,REIT - Retail,USA,731130000.0,30.45,29.58,-1.07%,94509.0,0,0,0,0,0,0,0,0,1,0,0,0,0,0,0,0,0,0,0,0,0,0,0,0,0,0,0,0,1,0,1
GC,BGC Group Inc,Financial,Capital Markets,USA,5370000000.0,28.31,11.29,-4.73%,3133762.0,0,0,0,0,0,0,0,0,0,0,1,0,0,0,0,0,0,0,0,0,1,0,-1,0,0,0,0,0,2,1,3
GDE,Big Digital Energy Inc,Financial,Capital Markets,USA,29790000.0,,5.21,-2.62%,27601.0,0,0,0,0,0,0,0,0,0,0,0,0,-1,0,0,0,0,0,0,0,0,0,0,0,0,0,0,0,0,1,1
GIN,Bgin Blockchain Ltd,Technology,Computer Hardware,Singapore,250030000.0,,2.21,-0.45%,26776.0,0,0,0,0,0,0,0,0,1,0,0,0,0,0,0,0,0,0,0,0,0,0,0,0,0,0,0,0,1,0,1
GMS,Bio Green Med Solution Inc,Industrials,Building Products & Equipment,Malaysia,5630000.0,,0.85,-0.67%,5905.0,0,1,0,0,0,0,0,0,0,0,0,0,0,0,0,0,0,0,0,0,0,0,0,0,0,0,0,0,1,0,1
GRO,iShares Large Cap Growth Active ETF,Financial,Exchange Traded Fund,USA,,,45.24,-0.64%,536.0,0,0,0,0,0,0,0,0,0,0,1,1,0,0,0,0,0,0,0,0,0,0,0,0,0,0,0,0,2,0,2
GSI,Boyd Group Services Inc,Consumer Cyclical,Auto & Truck Dealerships,Canada,2140000000.0000002,169.07,76.81,-0.25%,35250.0,0,0,0,0,0,0,0,0,1,1,0,0,0,0,0,0,0,0,0,0,0,0,0,0,0,0,0,0,2,0,2
HDG,Nicholas Bitcoin Tail ETF,Financial,Exchange Traded Fund,USA,,,21.05,1.94%,4465.0,0,0,0,0,0,0,0,0,1,0,0,0,0,0,0,0,0,0,0,0,0,0,0,0,0,0,0,0,1,0,1
HF,Brighthouse Financial Inc,Financial,Insurance - Life,USA,2860000000.0,3.96,49.66,-0.74%,432227.0,0,0,0,0,0,0,0,0,1,0,0,0,0,0,0,0,0,0,0,0,0,0,0,0,0,0,0,0,1,0,1
HR,Braemar Hotels & Resorts Inc,Real Estate,REIT - Hotel & Motel,USA,100960000.0,,1.47,-3.29%,683533.0,0,0,0,0,0,0,0,0,1,0,0,0,0,0,0,0,0,0,0,0,0,0,0,0,0,0,0,0,1,0,1
HST,BioHarvest Sciences Inc,Consumer Defensive,Packaged Foods,Canada,33780000.0,,1.49,0.68%,15720.0,0,0,0,0,0,1,0,0,0,0,0,0,0,0,0,0,0,0,0,-1,0,0,0,0,0,0,0,0,1,1,2
HV,BlackRock Virginia Municipal Bond Trust,Financial,Closed-End Fund - Debt,USA,18030000.0,,11.35,-2.11%,367.0,0,0,0,0,0,0,0,0,0,0,0,0,0,0,0,0,0,0,0,0,0,0,-1,0,0,0,0,0,0,1,1
HVN,Biohaven Ltd,Healthcare,Biotechnology,USA,1790000000.0,,11.88,-1.66%,2147200.0,0,0,0,0,0,0,0,0,1,0,0,0,0,0,0,0,0,0,0,0,0,0,-1,0,0,0,0,0,1,1,2
HYB,Xtrackers USD High Yield BB-B ex Financials ETF,Financial,Exchange Traded Fund,USA,,,52.46,-0.12%,239.0,0,0,0,-1,0,0,0,0,0,0,0,0,0,0,0,0,0,0,0,0,0,0,0,0,0,0,0,0,0,1,1
IBL,Inspire 100 ETF,Financial,Exchange Traded Fund,USA,,,55.17,-1.71%,59993.0,0,0,0,0,0,0,0,0,0,0,0,0,-1,-1,0,0,0,0,0,0,0,0,0,0,0,0,0,0,0,2,2
IDD,iShares International Dividend Active ETF,Financial,Exchange Traded Fund,USA,,,29.94,-1.32%,14915.0,0,0,0,0,0,0,0,-1,0,0,0,0,0,0,0,0,0,0,0,0,0,0,0,0,0,0,0,0,0,1,1
IDU,Baidu Inc ADR,Communication Services,Internet Content & Information,China,23560000000.0,,85.3,-2.01%,1982584.0,0,0,0,0,0,0,0,0,1,0,0,0,0,0,0,0,0,0,0,0,0,0,0,0,0,0,0,0,1,0,1
IGY,YieldMax Target 12 Big 50 Option Income ETF,Financial,Exchange Traded Fund,USA,,,52.97,-1.08%,2824.0,0,1,0,0,0,0,0,0,0,0,0,0,0,0,0,0,0,0,0,0,0,0,0,0,0,0,0,0,1,0,1
IIB,Biogen Inc,Healthcare,Drug Manufacturers - General,USA,32820000000.0,39.34,222.15,-0.33%,1298200.0,0,0,0,0,0,0,0,-1,0,0,0,0,0,0,0,0,0,0,0,0,0,0,0,0,0,0,0,0,0,1,1
IL,State Street SPDR Bloomberg 1-3 Month T-Bill ETF,Financial,Exchange Traded Fund,USA,,,91.46,0.01%,8214816.0,0,1,0,0,0,1,0,0,0,0,0,0,-1,0,0,0,0,0,0,0,0,0,0,0,0,0,0,0,2,1,3
ILS,State Street SPDR Bloomberg 3-12 Month T-Bill ETF,Financial,Exchange Traded Fund,USA,,,99.12,0.01%,336573.0,0,1,0,-1,0,0,0,0,0,0,0,0,0,0,0,0,0,0,0,0,0,0,0,0,0,0,0,0,1,1,2
ILZ,PIMCO Ultra Short Government Active ETF,Financial,Exchange Traded Fund,USA,,,100.69,0.01%,101745.0,0,1,0,0,0,0,0,0,0,0,0,0,-1,0,0,0,0,0,0,0,1,1,0,0,0,1,0,0,4,1,5
INT,Bluemonte Global Equity ETF,Financial,Exchange Traded Fund,USA,,,32.58,-0.91%,25656.0,0,0,0,0,0,0,0,0,0,0,1,1,0,0,0,0,0,0,0,0,0,0,0,0,0,0,0,0,2,0,2
IO,Bio-Rad Laboratories Inc,Healthcare,Medical Devices,USA,9880000000.0,44.57,367.92,-0.25%,251955.0,0,0,0,0,0,0,0,0,0,0,0,0,0,0,0,0,0,0,0,0,0,0,-1,0,0,0,0,0,0,1,1
IOX,Bioceres Crop Solutions Corp,Basic Materials,Agricultural Inputs,Argentina,21150000.0,,0.33,-1.70%,132375.0,0,0,0,0,0,0,0,0,1,0,0,0,0,0,0,0,0,0,0,0,0,0,0,0,0,0,0,0,1,0,1
IOY,GraniteShares YieldBOOST Biotech ETF,Financial,Exchange Traded Fund,USA,,,20.01,-0.32%,919.0,0,0,0,0,0,0,0,0,1,0,0,0,0,0,0,0,0,0,0,0,0,0,0,0,0,0,0,0,1,0,1
IPC,Brookfield Infrastructure Corp,Utilities,Utilities - Regulated Gas,USA,5120000000.0,,37.64,-0.21%,1066324.0,0,1,0,0,0,0,0,0,0,0,0,0,-1,0,0,0,0,0,0,0,0,0,0,1,0,0,0,0,2,1,3
IRK,Birkenstock Holding Plc,Consumer Cyclical,Footwear & Accessories,United Kingdom,5900000000.0,15.5,33.17,-2.44%,974739.0,0,0,0,0,0,0,0,0,0,0,0,0,0,0,0,0,0,0,0,0,0,0,0,1,0,0,0,0,1,0,1
ITQ,Bitwise Crypto Industry Innovators ETF,Financial,Exchange Traded Fund,USA,,,24.33,-4.25%,152636.0,0,1,0,0,0,0,0,0,0,0,0,0,0,0,0,0,0,0,0,0,0,0,-1,0,0,0,0,0,1,1,2
ITS,Global X Blockchain & Bitcoin Strategy ETF,Financial,Exchange Traded Fund,USA,,,65.11,-3.47%,262.0,0,0,0,0,0,0,0,0,0,0,1,1,0,0,0,0,0,0,0,0,0,0,0,0,0,0,0,0,2,0,2
IZD,VanEck BDC Income ETF,Financial,Exchange Traded Fund,USA,,,12.03,-0.82%,3079514.0,0,0,0,0,0,0,0,0,0,0,1,1,0,0,0,0,0,0,0,0,0,0,0,0,0,0,0,0,2,0,2
J,BJ's Wholesale Club Holdings Inc,Consumer Defensive,Discount Stores,USA,12110000000.0,20.95,95.9,0.29%,1968665.0,0,0,0,0,0,0,0,0,1,0,0,0,0,0,0,0,0,0,0,0,0,0,0,0,0,0,0,0,1,0,1
JRI,BJ's Restaurant Inc,Consumer Cyclical,Restaurants,USA,1260000000.0,31.67,59.32,-3.28%,722376.0,0,0,0,0,0,0,0,0,1,0,0,0,0,0,0,0,0,0,0,0,0,0,0,0,0,0,0,0,1,0,1
JUL,Innovator U.S. Equity Buffer ETF - July,Financial,Exchange Traded Fund,USA,,,56.14,-0.13%,4168.0,0,0,0,0,0,0,0,0,0,0,1,0,0,0,0,0,0,0,0,0,0,0,0,0,0,0,0,0,1,0,1
JUN,Innovator U.S. Equity Buffer ETF - June,Financial,Exchange Traded Fund,USA,,,50.32,-0.16%,4545.0,0,1,0,0,0,0,0,-1,0,0,1,0,0,0,0,0,0,0,0,0,0,0,0,0,0,0,0,0,2,1,3
KAG,BNY Mellon Core Bond ETF,Financial,Exchange Traded Fund,USA,,,39.85,-0.05%,124186.0,0,0,0,0,0,0,0,0,0,0,0,0,0,0,0,0,0,0,0,-1,0,0,0,0,0,0,0,0,0,1,1
KCG,BNY Mellon Concentrated Growth ETF,Financial,Exchange Traded Fund,USA,,,40.16,-0.46%,712.0,0,0,0,0,0,0,0,-1,0,0,0,0,0,0,0,0,0,0,0,0,0,0,0,0,0,0,0,0,0,1,1
KCI,BNY Mellon Concentrated International ETF,Financial,Exchange Traded Fund,USA,,,51.7,-0.51%,6374.0,0,0,0,0,0,0,0,0,0,0,0,0,-1,0,0,0,0,0,0,0,0,0,0,0,0,0,0,0,0,1,1
KF,iShares MSCI BIC ETF,Financial,Exchange Traded Fund,USA,,,39.32,-1.16%,9510.0,0,0,0,-1,0,0,0,0,1,1,0,0,0,0,0,0,0,0,0,0,0,0,0,0,0,0,0,0,2,1,3
KFI,BNY Mellon Active Core Bond ETF,Financial,Exchange Traded Fund,USA,,,22.76,-0.06%,55991.0,0,0,0,0,0,1,0,0,0,0,0,0,0,0,0,0,0,0,0,-1,0,0,0,0,0,0,0,0,1,1,2
KH,Black Hills Corp,Utilities,Utilities - Regulated Gas,USA,5780000000.0,19.11,75.84,7.21%,4210332.0,0,0,0,0,0,0,0,0,1,0,1,0,0,0,0,0,0,0,0,0,0,0,0,0,0,0,0,0,2,0,2
KHA,Black Hawk Acquisition Corp,Financial,Shell Companies,USA,54710000.0,41.48,13.0,7.97%,7347.0,0,0,0,0,0,1,0,0,0,0,0,0,0,0,0,1,0,0,0,0,0,0,0,0,0,0,0,0,2,0,2
KLC,BNY Mellon US Large Cap Core Equity ETF,Financial,Exchange Traded Fund,USA,,,49.73,-0.26%,456458.0,0,0,0,0,0,0,0,0,0,0,1,0,0,0,0,0,0,0,0,0,0,0,0,0,0,0,0,0,1,0,1
KLN,Invesco Senior Loan ETF,Financial,Exchange Traded Fund,USA,,,20.49,-0.15%,6831907.0,0,0,0,0,0,0,0,0,0,0,1,0,0,0,0,0,0,0,0,0,1,0,0,0,0,0,0,0,2,0,2
KR,Baker Hughes Co,Energy,Oil & Gas Equipment & Services,USA,55000000000.0,17.81,55.41,-3.01%,5467990.0,0,0,0,0,0,0,0,0,1,0,0,0,0,0,0,0,0,0,0,0,0,0,0,0,0,0,0,0,1,0,1
KSY,BlackSky Technology Inc,Industrials,Specialty Business Services,USA,894210000.0,,21.85,-3.57%,732277.0,0,0,0,0,0,0,0,0,1,0,0,0,0,0,0,0,0,0,0,0,0,0,0,0,0,0,0,0,1,0,1
KU,BankUnited Inc,Financial,Banks - Regional,USA,3010000000.0,11.61,42.26,-1.49%,1354020.0,0,0,0,0,0,0,0,0,0,0,0,0,-1,0,0,0,0,0,0,0,0,0,0,0,0,0,0,0,0,1,1
KUI,BNY Mellon Ultra Short Income ETF,Financial,Exchange Traded Fund,USA,,,49.52,0.04%,48825.0,0,0,0,0,0,1,0,0,0,0,0,0,0,0,0,0,0,0,0,-1,0,0,0,0,0,0,0,0,1,1,2
KV,BKV Corp,Energy,Oil & Gas E&P,USA,2590000000.0,8.52,23.68,7.39%,4600323.0,0,0,0,0,0,0,0,0,1,0,0,0,0,0,0,0,0,0,0,0,0,0,0,0,0,0,0,0,1,0,1
KYI,Bio-Key International Inc,Industrials,Security & Protection Services,USA,2520000.0,,1.76,-3.30%,125489.0,0,0,0,0,0,0,0,0,1,0,0,0,0,0,0,0,0,0,0,0,0,0,0,0,0,0,0,0,1,0,1
L,BlackLine Inc,Technology,Software - Application,USA,1650000000.0,50.58,28.33,0.57%,693656.0,0,0,0,0,0,0,0,0,0,0,0,0,0,0,0,0,0,1,0,0,0,0,0,0,0,0,0,0,1,0,1
LIV,BeLive Holdings,Technology,Software - Application,Singapore,23910000.0,,2.22,-5.53%,146.0,0,0,0,0,0,0,0,0,0,0,0,0,0,0,0,0,0,0,0,0,0,0,0,0,0,1,0,0,1,0,1
LND,Blend Labs Inc,Technology,Software - Application,USA,238870000.0,,1.01,-0.98%,1441102.0,0,0,0,0,0,0,0,0,0,0,0,0,0,0,0,0,0,0,0,0,1,0,0,0,0,0,0,0,1,0,1
LNK,Blink Charging Co,Industrials,Engineering & Construction,USA,73970000.0,,0.51,-0.29%,1715158.0,0,0,0,0,0,0,0,0,0,0,0,0,-1,0,0,0,0,0,0,0,0,0,0,0,0,1,0,0,1,1,2
LOX,Nicholas Crypto Income ETF,Financial,Exchange Traded Fund,USA,,,13.25,-3.64%,467144.0,0,0,0,0,0,0,0,0,0,0,0,0,-1,0,0,0,0,0,0,0,0,0,0,0,0,1,0,0,1,1,2
LSG,Leverage Shares 2X Long BLSH Daily ETF,Financial,Exchange Traded Fund,USA,,,2.57,-10.12%,82944.0,0,0,0,0,0,0,0,0,1,0,0,0,0,0,0,0,0,0,0,0,0,0,0,0,0,0,0,0,1,0,1
LST,Bluemonte Short Term Bond ETF,Financial,Exchange Traded Fund,USA,,,24.39,0.08%,30284.0,0,0,0,-1,0,0,0,0,0,0,0,0,0,0,0,0,0,0,0,0,0,0,0,0,0,0,0,0,0,1,1
LTD,Bluemonte Long Term Bond ETF,Financial,Exchange Traded Fund,USA,,,23.41,-0.09%,30264.0,0,0,0,0,0,1,0,0,1,1,0,0,0,0,0,0,0,0,0,0,0,0,0,0,0,0,0,0,3,0,3
LUC,Bluemonte Large Cap Core ETF,Financial,Exchange Traded Fund,USA,,,32.65,-0.27%,26450.0,0,0,0,0,0,0,0,-1,0,0,0,0,0,0,0,0,0,0,0,0,0,0,0,0,0,0,0,0,0,1,1
LUI,Bluemonte Diversified Income ETF,Financial,Exchange Traded Fund,USA,,,24.74,-0.39%,11241.0,0,0,0,0,0,0,0,0,0,0,1,0,0,0,0,0,0,0,0,0,0,0,0,0,0,0,0,0,1,0,1
LUW,Blue Water Acquisition Corp III,Financial,Shell Companies,USA,336090000.0,38.12,10.39,0.12%,27.0,0,1,0,-1,0,0,0,0,0,0,1,1,0,0,0,0,0,0,0,0,0,0,0,0,0,0,0,0,3,1,4
LV,Vanguard Long-Term Bond ETF,Financial,Exchange Traded Fund,USA,,,62.41,-0.11%,1010842.0,0,0,0,0,0,1,0,0,1,1,0,0,0,0,0,0,0,0,0,0,0,0,0,0,0,0,0,0,3,0,3
LX,Bladex Inc,Financial,Banks - Regional,Panama,1900000000.0,8.96,54.24,-2.41%,205791.0,0,0,0,0,0,0,0,0,0,0,0,0,0,0,0,1,0,0,0,0,0,0,0,0,0,0,0,0,1,0,1
MAY,Innovator U.S. Equity Buffer ETF - May,Financial,Exchange Traded Fund,USA,,,49.1,-0.10%,2091.0,0,0,0,0,0,0,0,-1,0,0,0,0,0,0,0,0,0,0,0,0,0,0,0,0,0,0,0,0,0,1,1
MBL,Bumble Inc,Communication Services,Internet Content & Information,USA,329920000.0,,2.5,-0.40%,2155200.0,0,0,0,0,0,0,0,0,1,0,0,0,-1,0,0,0,0,0,0,0,0,0,0,0,0,0,0,0,1,1,2
MEA,Biomea Fusion Inc,Healthcare,Biotechnology,USA,95670000.0,,1.32,5.60%,836126.0,0,0,0,0,0,1,0,0,0,0,0,0,-1,0,0,0,0,0,0,0,0,0,0,0,0,0,0,0,1,1,2
MED,iShares Health Innovation Active ETF,Financial,Exchange Traded Fund,USA,,,33.98,0.71%,104.0,0,0,0,0,0,0,0,0,0,0,0,0,0,0,0,0,0,0,0,0,0,0,-1,0,0,0,0,0,0,1,1
MI,Badger Meter Inc,Technology,Scientific & Technical Instruments,USA,3600000000.0,29.04,124.07,0.27%,417236.0,0,0,0,0,0,0,0,0,0,0,0,0,0,0,0,1,0,0,0,0,0,0,0,0,0,0,0,0,1,0,1
MM,Blue Moon Metals Inc,Basic Materials,Other Industrial Metals & Mining,Canada,433200000.0,,4.93,-3.90%,362517.0,0,0,0,0,0,0,0,0,0,0,0,0,-1,0,0,0,0,0,0,0,0,0,0,0,0,0,0,0,0,1,1
MNG,Leverage Shares 2X Long BMNR Daily ETF,Financial,Exchange Traded Fund,USA,,,24.38,-11.75%,283207.0,0,0,0,0,0,0,0,0,0,0,1,0,0,0,0,0,0,0,0,0,0,0,0,0,0,0,0,0,1,0,1
NAV,Amplify Fairlead Tactical Bitcoin ETF,Financial,Exchange Traded Fund,USA,,,32.18,-1.79%,494.0,0,0,0,0,0,0,0,0,0,0,1,0,0,0,0,0,0,0,0,0,0,0,-1,0,0,0,0,0,1,1,2
NDD,Quadratic Deflation ETF,Financial,Exchange Traded Fund,USA,,,93.76,-0.58%,38.0,0,0,0,0,0,0,0,0,1,0,0,0,0,0,0,0,0,0,0,0,0,0,0,0,0,0,-1,0,1,1,2
NDI,NEOS Enhanced Income Aggregate Bond ETF,Financial,Exchange Traded Fund,USA,,,44.95,-0.00%,20896.0,0,0,0,-1,0,0,0,0,0,0,0,0,0,0,0,0,0,0,0,-1,0,0,0,0,0,0,0,0,0,2,2
NDS,Infrastructure Capital Bond Income ETF,Financial,Exchange Traded Fund,USA,,,48.34,-0.70%,30082.0,0,0,0,0,0,0,0,0,0,0,0,0,-1,-1,0,0,0,0,0,0,0,0,0,0,0,0,0,0,0,2,2
NDX,Vanguard Total International Bond ETF,Financial,Exchange Traded Fund,USA,,,46.83,-0.04%,4981530.0,0,0,0,0,0,0,0,0,1,0,0,0,0,0,0,0,0,0,0,0,0,0,0,0,0,0,0,0,1,0,1
NED,Barnes & Noble Education Inc,Consumer Cyclical,Specialty Retail,USA,404190000.0,18.18,11.66,0.17%,338283.0,0,0,0,0,0,0,0,0,1,0,0,0,0,0,0,0,0,0,0,0,0,0,0,0,0,0,0,0,1,0,1
NGE,First Trust S-Network Streaming and Gaming ETF,Financial,Exchange Traded Fund,USA,,,30.84,0.00%,220.0,0,0,0,0,0,0,0,0,0,0,0,0,0,0,0,0,0,0,0,0,0,0,0,1,0,0,0,0,1,0,1
NS,Bank Of Nova Scotia,Financial,Banks - Diversified,Canada,107510000000.0,15.79,87.23,-3.31%,1358535.0,0,0,0,0,0,0,0,-1,0,0,0,0,0,0,0,0,0,0,0,0,0,0,0,0,0,0,0,0,0,1,1
NTC,Benitec Biopharma Inc,Healthcare,Biotechnology,USA,313570000.0,,8.99,-0.11%,190056.0,0,0,0,0,0,0,0,0,0,0,0,0,0,0,0,0,0,0,0,0,1,0,0,0,0,0,0,0,1,0,1
OBP,CORE16 Best of Breed Premier Index ETF,Financial,Exchange Traded Fund,USA,,,30.42,-1.04%,1313.0,0,0,0,0,0,0,0,0,1,0,0,0,0,0,0,0,0,0,0,0,0,0,0,0,0,0,0,0,1,0,1
OCT,Innovator U.S. Equity Buffer ETF - October,Financial,Exchange Traded Fund,USA,,,55.82,-0.13%,41453.0,0,0,0,-1,0,0,0,0,0,0,0,0,0,0,0,0,0,0,0,0,0,0,0,0,0,0,0,0,0,1,1
ON,Bon Natural Life Ltd,Basic Materials,Specialty Chemicals,China,9480000.0,,1.16,-0.85%,4729.0,0,0,0,0,0,1,0,0,1,1,0,0,0,0,0,0,0,0,0,0,0,0,0,0,0,0,0,0,3,0,3
OOM,DMC Global Inc,Industrials,Conglomerates,USA,119130000.0,,5.8,-3.01%,134212.0,0,0,0,0,0,0,0,0,0,0,0,0,0,0,0,1,0,0,0,0,0,0,0,0,0,0,0,0,1,0,1
OOT,Boot Barn Holdings Inc,Consumer Cyclical,Apparel Retail,USA,3710000000.0,15.48,122.34,-1.59%,695093.0,0,0,0,0,0,0,0,0,0,0,0,0,0,0,0,1,0,0,0,0,0,0,0,0,0,0,0,0,1,0,1
ORR,Borr Drilling Ltd,Energy,Oil & Gas Drilling,Bermuda,1330000000.0,,4.3,2.14%,7267489.0,0,0,0,0,0,0,0,0,1,0,0,0,0,0,0,0,0,0,0,0,0,0,0,0,0,0,0,0,1,0,1
OTJ,Bank of the James Financial Group Inc,Financial,Banks - Regional,USA,123060000.0,10.71,27.08,-0.68%,26042.0,0,0,0,0,0,0,0,0,0,0,0,0,0,0,0,0,0,1,0,0,0,0,0,0,-1,0,0,0,1,1,2
OTT,Themes Humanoid Robotics ETF,Financial,Exchange Traded Fund,USA,,,42.61,-2.08%,9379.0,0,0,0,0,0,0,0,0,1,0,0,0,0,0,0,0,0,0,0,0,0,0,0,0,0,0,0,0,1,0,1
OTZ,Global X Funds Global X Robotics & Artificial Intelligence ETF,Financial,Exchange Traded Fund,USA,,,35.67,-1.38%,508671.0,0,0,0,0,0,0,0,0,0,0,0,0,0,0,0,1,0,0,0,0,0,0,0,0,0,0,0,0,1,0,1
OXA,Alpha Architect Aggregate Bond ETF,Financial,Exchange Traded Fund,USA,,,101.94,-0.09%,216.0,0,1,0,0,0,1,0,0,0,0,0,0,0,0,0,0,0,0,0,0,0,0,0,0,0,0,0,0,2,0,2
PH,BP p.l.c. ADRhedged,Financial,Exchange Traded Fund,USA,,,71.05,-0.51%,1293.0,0,0,0,0,0,0,0,0,0,0,1,0,0,0,0,0,0,0,0,0,0,0,-1,0,0,0,0,0,1,1,2
PRE,Bluerock Private Real Estate Fund,Financial,Asset Management,USA,,,12.8,-2.22%,1083426.0,0,0,0,0,0,0,0,0,1,1,0,0,0,0,0,0,0,0,0,0,0,0,0,0,0,0,0,0,2,0,2
Q,Boqii Holding Limited,Consumer Cyclical,Specialty Retail,China,2100000.0,,0.73,-3.04%,46560.0,0,0,0,0,0,0,0,0,0,0,0,0,0,0,0,0,0,0,0,0,1,0,0,0,0,1,0,0,2,0,2
RAG,Bragg Gaming Group Inc,Consumer Cyclical,Gambling,Canada,35250000.0,,1.13,-2.93%,2601.0,0,0,0,0,0,0,0,0,1,0,0,0,0,0,0,0,0,0,0,0,0,0,0,0,0,0,0,0,1,0,1
RCB,Black Rock Coffee Bar Inc,Consumer Cyclical,Restaurants,USA,360530000.0,95.36,7.2,-2.57%,329394.0,0,0,0,0,0,0,0,0,0,0,0,0,0,0,0,0,0,0,0,0,0,0,0,0,0,1,0,0,1,0,1
RCE,MFS Blended Research Core Equity ETF,Financial,Exchange Traded Fund,USA,,,30.72,-0.05%,1968.0,0,0,0,0,0,0,0,0,0,0,0,0,0,0,0,0,0,1,0,0,0,0,0,0,0,0,0,0,1,0,1
RIA,BrilliA Inc,Consumer Cyclical,Apparel Retail,Singapore,41950000.0,,1.37,-2.14%,6881.0,0,0,0,0,0,0,0,0,1,0,0,0,0,0,0,0,0,0,0,0,0,0,0,0,0,0,0,0,1,0,1
RKC,YieldMax BRK.B Option Income Strategy ETF,Financial,Exchange Traded Fund,USA,,,39.55,0.00%,2645.0,0,1,0,0,0,0,0,0,1,0,0,0,0,0,0,0,0,0,0,0,0,0,0,0,0,0,0,0,2,0,2
RKL,Corgi BRKB 2x Daily ETF,Financial,Exchange Traded Fund,USA,,,24.17,-0.01%,11.0,0,0,0,0,0,0,0,0,0,0,0,0,-1,0,0,0,0,0,0,0,0,0,0,0,0,0,0,0,0,1,1
RKR,Bruker Corp,Healthcare,Medical Devices,USA,9100000000.0,,59.72,-1.29%,2907784.0,0,0,0,0,0,0,0,0,0,0,0,0,0,0,0,0,0,0,0,0,0,0,0,0,-1,0,0,0,0,1,1
RKU,Direxion Daily BRKB Bull 2X ETF,Financial,Exchange Traded Fund,USA,,,22.72,0.00%,56389.0,0,0,0,0,0,0,0,0,0,0,1,0,0,0,0,0,0,0,0,0,0,0,0,0,0,0,0,0,1,0,1
RKW,Roundhill BRKB WeeklyPay ETF,Financial,Exchange Traded Fund,USA,,,38.29,0.19%,2643.0,0,0,0,0,0,0,0,0,1,0,0,0,0,0,0,0,0,0,0,0,0,0,0,0,0,0,0,0,1,0,1
RLS,Borealis Foods Inc,Consumer Defensive,Packaged Foods,Canada,25540000.0,,1.19,-3.25%,2291.0,0,0,0,0,0,0,0,0,0,0,0,0,-1,-1,0,0,0,0,0,0,0,0,0,0,0,0,0,0,0,2,2
RNY,Burney U.S. Factor Rotation ETF,Financial,Exchange Traded Fund,USA,,,58.48,-0.65%,7040.0,0,0,0,0,0,0,0,0,0,0,0,0,0,0,0,1,0,0,0,0,0,0,0,0,0,0,0,0,1,0,1
ROS,Dutch Bros Inc,Consumer Cyclical,Restaurants,USA,6670000000.0,53.82,38.18,-2.25%,3823701.0,0,1,0,0,0,0,0,0,0,0,0,0,0,0,0,0,0,0,0,0,0,0,0,0,0,0,0,0,1,0,1
RSM,MFS Blended Research Small-Mid Cap ETF,Financial,Exchange Traded Fund,USA,,,25.01,-1.39%,183.0,0,0,0,0,0,0,0,0,1,0,0,0,0,0,0,0,0,0,0,0,0,0,0,0,0,0,0,0,1,0,1
RSV,EA Bridgeway Select Small-Cap Value ETF,Financial,Exchange Traded Fund,USA,,,42.89,-0.98%,1857.0,0,0,0,0,0,0,0,0,1,0,0,0,0,0,0,0,0,0,0,0,0,0,0,0,0,0,0,0,1,0,1
RT,BRT Apartments Corp,Real Estate,REIT - Residential,USA,253150000.0,,13.47,-1.25%,69146.0,0,0,0,0,0,0,0,0,0,0,0,0,-1,0,0,0,0,0,0,0,0,0,0,0,0,0,0,0,0,1,1
RW,Saba Capital Income & Opportunities Fund,Financial,Closed-End Fund - Equity,USA,304350000.0,,5.98,-0.17%,221502.0,0,0,0,0,0,0,0,0,0,0,0,0,-1,0,0,0,0,0,0,0,0,0,0,0,0,0,0,0,0,1,1
SCQ,Invesco BulletShares 2026 Corporate Bond ETF,Financial,Exchange Traded Fund,USA,,,19.53,0.00%,660376.0,0,0,0,-1,0,0,0,0,0,0,0,0,-1,-1,0,0,0,0,0,0,0,0,0,0,0,0,0,0,0,3,3
SCV,Invesco BulletShares 2031 Corporate Bond ETF,Financial,Exchange Traded Fund,USA,,,15.85,0.16%,465605.0,0,0,0,-1,0,0,0,0,0,0,0,0,0,0,0,0,0,0,0,0,0,0,0,0,0,0,0,0,0,1,1
SCY,Invesco BulletShares 2034 Corporate Bond ETF,Financial,Exchange Traded Fund,USA,,,19.6,0.05%,514216.0,0,0,0,-1,0,0,0,0,0,0,0,0,0,0,0,0,0,0,0,0,0,0,0,0,0,0,0,0,0,1,1
SEP,Innovator U.S. Equity Buffer ETF - September,Financial,Exchange Traded Fund,USA,,,54.75,-0.27%,21394.0,0,0,0,-1,0,0,0,-1,0,0,1,0,0,0,0,0,0,1,0,0,0,0,0,0,0,0,0,0,2,2,4
SIN,Big Sky Industrial Inc,Energy,Oil & Gas E&P,USA,75070000.0,,1.43,-1.38%,208122.0,0,0,0,0,0,0,0,-1,0,0,0,0,0,0,0,0,0,0,0,0,0,0,0,0,0,0,0,0,0,1,1
SJR,Invesco BulletShares 2027 High Yield Corporate Bond ETF,Financial,Exchange Traded Fund,USA,,,22.21,-0.05%,171155.0,0,0,0,0,0,0,0,0,1,0,0,0,0,0,0,0,0,0,0,0,0,0,0,0,0,0,0,0,1,0,1
SJT,Invesco BulletShares 2029 High Yield Corporate Bond ETF,Financial,Exchange Traded Fund,USA,,,20.76,-0.10%,133727.0,0,0,0,-1,0,0,0,0,0,0,0,0,0,0,0,0,0,0,0,0,0,0,0,0,0,0,0,0,0,1,1
SJU,Invesco BulletShares 2030 High Yield Corporate Bond ETF,Financial,Exchange Traded Fund,USA,,,25.05,-0.15%,89114.0,0,0,0,-1,0,0,0,0,0,0,0,0,0,0,0,0,0,0,0,0,0,0,0,0,0,0,0,0,0,1,1
SL,Blackstone Senior Floating Rate 2027 Term Fund,Financial,Closed-End Fund - Debt,USA,168220000.0,,12.92,-0.31%,32205.0,0,0,0,-1,0,0,0,0,0,0,0,0,0,0,0,0,0,0,0,0,0,0,0,0,0,0,0,0,0,1,1
SMR,Invesco BulletShares 2027 Municipal Bond ETF,Financial,Exchange Traded Fund,USA,,,23.26,-0.21%,147761.0,0,0,0,0,0,0,0,0,1,0,0,0,0,0,0,0,0,0,0,0,0,0,0,0,0,0,0,0,1,0,1
SMS,Invesco BulletShares 2028 Municipal Bond ETF,Financial,Exchange Traded Fund,USA,,,22.81,-0.22%,177587.0,0,0,0,0,0,0,0,0,1,0,0,0,0,0,0,0,0,0,0,0,0,0,0,0,0,0,0,0,1,0,1
SMT,Invesco BulletShares 2029 Municipal Bond ETF,Financial,Exchange Traded Fund,USA,,,22.25,-0.33%,161742.0,0,0,0,0,0,0,0,0,1,0,0,0,0,0,0,0,0,0,0,0,0,0,0,0,0,0,0,0,1,0,1
SMU,Invesco BulletShares 2030 Municipal Bond ETF,Financial,Exchange Traded Fund,USA,,,20.85,-0.50%,169552.0,0,0,0,0,0,0,0,0,1,0,0,0,0,0,0,0,0,0,0,0,0,0,0,0,0,0,0,0,1,0,1
SMV,Invesco BulletShares 2031 Municipal Bond ETF,Financial,Exchange Traded Fund,USA,,,19.9,-0.27%,226346.0,0,0,0,0,0,0,0,0,1,0,0,0,0,0,0,0,0,0,0,0,0,0,0,0,0,0,0,0,1,0,1
SMW,Invesco BulletShares 2032 Municipal Bond ETF,Financial,Exchange Traded Fund,USA,,,23.55,-0.49%,152261.0,0,0,0,0,0,0,0,0,1,0,0,0,0,0,0,0,0,0,0,0,0,0,0,0,0,0,0,0,1,0,1
SR,Beacon Unified Catalyst ETF,Financial,Exchange Traded Fund,USA,,,31.02,-0.34%,18175.0,0,0,0,0,0,0,0,0,0,0,0,0,-1,0,0,0,0,0,0,0,0,0,0,0,0,0,0,0,0,1,1
STP,Innovator Buffer Step-Up Strategy ETF,Financial,Exchange Traded Fund,USA,,,40.64,-0.20%,1187.0,0,0,0,0,0,0,0,0,0,0,1,0,0,0,0,0,0,0,0,0,0,0,0,0,0,0,0,0,1,0,1
STZ,BlackRock Science and Technology Term Trust,Financial,Closed-End Fund - Equity,USA,2120000000.0,,30.78,-1.47%,199211.0,0,0,0,0,0,0,0,0,0,0,1,1,0,0,0,0,0,0,0,0,1,0,0,0,0,0,0,0,3,0,3
SX,Boston Scientific Corp,Healthcare,Medical Devices,USA,60260000000.0,16.86,41.58,-1.45%,15892353.0,0,0,0,0,0,0,0,0,0,0,0,0,-1,0,0,0,0,0,0,0,0,0,0,0,0,0,0,0,0,1,1
TAL,AGF U.S. Market Neutral Anti-Beta Fund,Financial,Exchange Traded Fund,USA,,,12.0,0.76%,489859.0,0,0,0,0,0,0,0,0,0,0,1,1,0,0,0,0,0,0,0,0,0,0,0,0,0,0,0,0,2,0,2
TBD,BT Brands Inc,Consumer Cyclical,Restaurants,USA,9760000.0,,1.63,-2.10%,3731.0,0,0,0,0,0,0,0,0,1,0,0,0,0,0,0,0,0,0,0,0,0,0,0,0,0,0,0,0,1,0,1
TBT,Bit Digital Inc,Financial,Capital Markets,USA,526520000.0,,1.46,-3.95%,14048326.0,0,0,0,0,0,0,0,0,0,0,0,0,-1,0,0,0,0,0,0,0,0,0,0,1,0,0,0,0,1,1,2
TCC,Grayscale Bitcoin High Income ETF,Financial,Exchange Traded Fund,USA,,,13.5,-1.96%,19515.0,0,0,0,0,0,0,0,0,1,0,1,0,0,0,0,0,0,0,0,0,0,0,0,0,0,0,0,0,2,0,2
TDR,Bitdeer Technologies Group,Technology,Software - Application,Singapore,2830000000.0,,10.4,-4.67%,8359236.0,0,0,0,0,0,0,0,0,0,0,0,0,0,0,0,0,0,0,0,0,0,0,0,0,0,0,-1,0,0,1,1
TLN,Brightline Interactive Inc,Technology,Software - Infrastructure,USA,14670000.0,,5.41,0.56%,11535.0,0,0,0,0,0,0,0,0,0,0,0,0,-1,0,0,0,0,0,0,0,0,0,0,0,0,1,0,0,1,1,2
TMD,biote Corp,Healthcare,Medical Care Facilities,USA,39880000.0,9.22,1.11,-2.63%,194957.0,0,0,0,0,0,0,0,0,1,0,0,0,0,0,0,0,0,0,0,0,0,0,0,0,0,0,0,0,1,0,1
TOC,Armlogi Holding Corp,Industrials,Integrated Freight & Logistics,USA,9790000.0,,0.22,-2.49%,124252.0,0,0,0,0,0,0,0,0,1,1,0,0,0,0,0,0,0,0,0,0,0,0,0,0,0,0,0,0,2,0,2
TOT,iShares Total USD Fixed Income Market ETF,Financial,Exchange Traded Fund,USA,,,47.15,-0.06%,1682.0,0,0,0,0,0,0,0,0,0,0,0,0,0,0,0,0,0,0,0,-1,0,0,0,0,0,0,0,0,0,1,1
TRN,Global X Bitcoin Trend Strategy ETF,Financial,Exchange Traded Fund,USA,,,27.13,0.00%,13.0,0,1,0,0,0,0,0,0,0,0,0,0,0,0,0,0,0,0,0,0,0,0,0,0,0,0,0,0,1,0,1
TTC,Black Titan Corp,Technology,Software - Application,Malaysia,5530000.0,,0.51,-9.71%,656145.0,0,0,0,0,0,0,0,0,1,0,0,0,0,0,0,0,0,0,0,0,0,0,0,0,0,0,0,0,1,0,1
TX,BlackRock Technology and Private Equity Term Trust,Financial,Asset Management,USA,,,9.4,-0.95%,354193.0,0,0,0,0,0,0,0,0,0,0,1,0,0,0,0,0,0,0,0,0,0,0,0,0,0,0,0,0,1,0,1
UCK,Simplify Treasury Option Income ETF,Financial,Exchange Traded Fund,USA,,,23.06,-0.17%,130771.0,0,0,0,-1,0,0,0,0,1,0,0,0,0,0,0,0,0,0,0,0,0,0,0,0,0,0,0,0,1,1,2
UDA,Buda Juice Inc,Consumer Defensive,Beverages - Non-Alcoholic,USA,93620000.0,38.9,7.45,-0.65%,2238.0,0,0,0,0,0,0,0,0,0,0,0,0,-1,0,0,0,0,0,0,0,0,0,0,1,0,0,0,0,1,1,2
UFF,Innovator Laddered Allocation Power Buffer ETF,Financial,Exchange Traded Fund,USA,,,54.36,-0.11%,54804.0,0,0,0,0,0,0,0,-1,0,0,0,0,0,0,0,0,0,0,0,0,0,0,0,0,0,0,0,0,0,1,1
UFM,AB Moderate Buffer ETF,Financial,Exchange Traded Fund,USA,,,41.15,-0.05%,40659.0,0,0,0,-1,0,0,0,-1,0,0,0,0,0,0,0,0,0,0,0,0,0,0,0,0,0,0,0,0,0,2,2
UFQ,FT Vest Laddered Nasdaq Buffer ETF,Financial,Exchange Traded Fund,USA,,,41.02,-0.05%,741635.0,0,0,0,0,0,0,0,0,0,0,0,0,0,0,0,0,0,0,0,0,1,0,0,0,0,0,0,0,1,0,1
UG,Global X Cybersecurity ETF,Financial,Exchange Traded Fund,USA,,,47.86,-1.79%,1469071.0,0,0,0,0,0,0,0,0,0,0,0,0,0,0,0,0,0,1,0,0,0,0,0,0,0,0,0,0,1,0,1
ULD,Pacer BlueStar Engineering the Future ETF,Financial,Exchange Traded Fund,USA,,,37.38,-1.70%,3908.0,0,0,0,0,0,0,0,0,0,0,0,0,0,0,0,1,0,0,0,0,0,0,0,0,0,0,0,0,1,0,1
UUU,BUUU Group Ltd,Industrials,Specialty Business Services,Hong Kong,699620000.0,,37.12,-4.08%,98331.0,0,0,0,0,0,1,0,0,0,0,0,0,0,0,0,0,0,0,0,0,0,0,0,0,0,0,0,0,1,0,1
VFL,BV Financial Inc,Financial,Banks - Regional,USA,185160000.0,14.39,21.86,1.63%,25242.0,0,0,0,0,0,0,0,0,0,0,1,1,0,0,0,0,0,0,0,0,0,0,0,0,0,0,0,0,2,0,2
VN,Compania de Minas Buenaventura SA ADR,Basic Materials,Other Precious Metals & Mining,Peru,7900000000.0,7.04,31.13,-2.54%,1614714.0,0,0,0,0,0,0,0,0,0,0,0,0,0,0,0,0,0,0,0,-1,0,0,0,0,0,0,0,0,0,1,1
W,Babcock & Wilcox Enterprises Inc,Industrials,Specialty Industrial Machinery,USA,840160000.0,,5.64,-4.57%,6881125.0,0,0,0,0,0,0,0,0,1,0,0,0,0,0,0,0,0,0,0,0,0,0,0,0,0,0,0,0,1,0,1
WA,BorgWarner Inc,Consumer Cyclical,Auto Parts,USA,12700000000.0,31.67,62.36,-1.58%,2220034.0,0,0,0,0,0,0,0,0,1,0,0,0,0,0,0,0,0,0,0,0,0,0,0,0,0,0,0,0,1,0,1
WAY,Brainsway Ltd ADR,Healthcare,Medical Devices,Israel,467700000.0,48.91,11.62,-2.27%,132355.0,0,1,0,0,0,0,0,0,0,0,0,0,0,0,0,1,0,0,0,0,0,0,0,0,0,0,0,0,2,0,2
WB,Bridgewater Bancshares Inc,Financial,Banks - Regional,USA,563530000.0,10.98,20.21,-0.79%,86649.0,0,0,0,0,0,0,0,0,0,0,0,0,0,0,0,0,0,0,0,0,0,0,-1,0,0,0,0,0,0,1,1
WFG,Bankwell Financial Group Inc,Financial,Banks - Regional,USA,520720000.0,12.2,65.32,-0.77%,38193.0,0,0,0,0,0,0,0,0,0,0,0,0,0,0,0,0,0,0,0,0,0,0,-1,0,0,0,0,0,0,1,1
WIV,Blue Water Acquisition Corp IV,Financial,Shell Companies,USA,177410000.0,272.95,9.99,0.00%,50.0,0,0,0,0,0,0,0,0,0,0,1,0,0,0,0,0,0,0,0,0,0,0,-1,0,0,0,0,0,1,1,2
WTG,Brendan Wood TopGun Index ETF,Financial,Exchange Traded Fund,USA,,,42.0,-1.21%,735.0,0,0,0,0,0,0,0,0,0,0,1,0,0,0,0,0,0,0,0,0,0,0,0,0,0,0,0,0,1,0,1
WX,State Street SPDR Bloomberg International Treasury Bond ETF,Financial,Exchange Traded Fund,USA,,,21.12,-0.33%,415356.0,0,1,0,0,0,0,0,0,0,0,0,0,0,0,0,0,0,0,0,0,0,0,0,0,0,0,0,0,1,0,1
XSL,Blackstone Secured Lending Fund,Financial,Asset Management,USA,5470000000.0,18.5,23.49,-0.13%,2343059.0,0,1,0,0,0,0,0,0,0,0,0,0,0,0,0,0,0,0,0,0,0,0,0,0,0,1,0,0,2,0,2
Y,Byline Bancorp Inc,Financial,Banks - Regional,USA,1650000000.0,11.04,36.57,-2.06%,302814.0,0,0,0,0,0,0,0,0,0,0,0,0,-1,0,0,0,0,0,0,0,0,0,0,0,0,0,0,0,0,1,1
YFC,Broadway Financial Corp,Financial,Banks - Regional,USA,108100000.0,,11.65,0.00%,371.0,0,0,0,0,0,0,0,0,0,0,0,0,0,0,0,0,0,1,0,0,0,0,0,0,0,0,0,0,1,0,1
YRN,Byrna Technologies Inc,Industrials,Aerospace & Defense,USA,94790000.0,,4.05,9.76%,863235.0,0,0,0,0,0,0,0,0,1,0,0,0,0,0,0,0,0,0,0,0,0,0,0,0,0,0,0,0,1,0,1
,Citigroup Inc,Financial,Banks - Diversified,USA,213570000000.0,13.74,127.32,-0.93%,8065413.0,0,0,0,0,0,0,0,0,0,0,1,0,0,0,0,0,0,0,0,0,0,0,0,0,0,0,0,0,1,0,1
AAA,First Trust AAA CMBS ETF,Financial,Exchange Traded Fund,USA,,,19.74,-0.29%,2610.0,0,0,0,0,0,0,0,0,0,0,0,0,-1,-1,0,0,0,0,0,0,0,0,0,0,0,0,0,0,0,2,2
AAP,Corporacion America Airports SA,Industrials,Airports & Air Services,Luxembourg,4040000000.0,13.82,24.78,-1.74%,265958.0,0,0,0,0,0,0,0,0,1,1,0,0,0,0,0,0,0,0,0,0,0,0,0,0,0,0,0,0,2,0,2
ACI,Caci International Inc,Technology,Information Technology Services,USA,12860000000.0,24.08,581.85,-2.97%,233014.0,0,0,0,0,0,0,0,0,0,0,0,0,0,0,0,0,0,0,0,0,0,0,0,1,0,0,0,0,1,0,1
AES,Cantor Equity Partners VII Inc,Financial,Shell Companies,USA,319930000.0,,10.04,0.00%,52254.0,0,0,0,0,0,0,0,0,0,0,0,0,-1,0,0,0,0,0,0,0,0,0,0,0,0,0,0,0,0,1,1
AH,Cardinal Health Inc,Healthcare,Medical Distribution,USA,53760000000.0,32.08,232.16,-0.55%,1096896.0,0,0,0,-1,0,0,0,0,0,0,0,0,0,0,0,0,0,0,0,0,0,0,0,0,0,0,0,0,0,1,1
AIE,Calamos Autocallable Income ETF,Financial,Exchange Traded Fund,USA,,,26.89,-0.07%,624966.0,0,0,0,0,0,0,0,0,0,0,1,1,0,0,0,0,0,0,0,0,0,0,0,0,-1,0,0,0,2,1,3
AII,Collective Acquisition Corp II,Financial,Shell Companies,USA,339910000.0,,10.02,0.20%,19.0,0,0,0,0,0,0,0,0,0,0,0,0,0,0,0,0,0,0,0,0,1,0,0,0,0,0,0,0,1,0,1
AIQ,Calamos Nasdaq Autocallable Income ETF,Financial,Exchange Traded Fund,USA,,,26.23,-0.22%,242403.0,0,0,0,0,0,0,0,0,0,0,0,0,-1,0,0,0,0,0,0,0,0,0,0,0,0,0,0,0,0,1,1
ALX,Calix Inc,Technology,Software - Infrastructure,USA,2240000000.0,47.29,35.54,0.71%,975680.0,0,0,0,0,0,0,0,0,1,1,0,0,0,0,0,0,0,0,0,0,0,0,0,0,0,0,0,0,2,0,2
AMC,Corgi CAMT 2x Daily ETF,Financial,Exchange Traded Fund,USA,,,16.81,-2.55%,35.0,0,0,0,0,0,0,0,0,1,0,0,0,0,0,0,0,0,0,0,0,0,0,0,0,0,0,0,0,1,0,1
AML,Congress Large Cap Growth ETF,Financial,Exchange Traded Fund,USA,,,41.63,-0.69%,35075.0,0,0,0,0,0,0,0,-1,0,0,0,0,0,0,0,0,0,0,0,0,0,0,0,0,0,0,0,0,0,1,1
ANG,Cango Inc,Financial,Capital Markets,China,146850000.0,,3.58,18.54%,2716452.0,0,0,0,0,0,0,0,0,1,0,0,0,0,0,0,0,0,0,0,0,0,0,0,0,0,0,0,0,1,0,1
ANQ,Calamos Nasdaq Equity & Income ETF,Financial,Exchange Traded Fund,USA,,,29.73,-0.20%,729.0,0,0,0,0,0,0,0,0,1,1,0,0,0,0,0,0,0,0,0,0,0,0,0,0,0,0,0,0,2,0,2
ARU,MAX Auto Industry 3X Leveraged ETN,Financial,Exchange Traded Fund,USA,,,17.33,-4.08%,46.0,0,0,0,0,0,0,0,0,0,0,0,0,0,0,0,1,0,0,0,0,0,0,0,0,0,0,0,0,1,0,1
ARY,Angel Oak Income ETF,Financial,Exchange Traded Fund,USA,,,20.14,0.07%,775787.0,0,0,0,0,0,1,0,0,1,0,0,0,0,0,0,0,0,0,0,0,0,0,0,0,0,0,0,0,2,0,2
AS,Simplify China A Shares PLUS Income ETF,Financial,Exchange Traded Fund,USA,,,23.31,-1.21%,2200.0,0,0,0,0,0,0,0,0,0,0,0,0,-1,0,0,0,0,0,0,0,0,0,0,0,0,0,0,0,0,1,1
ASH,Pathward Financial Inc,Financial,Banks - Regional,USA,1480000000.0,8.91,71.14,-2.63%,350869.0,0,0,0,0,0,0,0,0,1,1,0,0,0,0,0,0,0,0,0,0,0,0,0,0,0,0,0,0,2,0,2
ATG,Leverage Shares 2X Long CAT Daily ETF,Financial,Exchange Traded Fund,USA,,,10.3,-11.44%,307642.0,0,0,0,0,0,0,0,0,0,0,0,0,0,0,0,0,0,0,0,0,0,0,0,0,0,1,0,0,1,0,1
BAN,Colony Bankcorp Inc,Financial,Banks - Regional,USA,426960000.0,12.18,20.12,-1.52%,119187.0,0,0,0,0,0,1,0,0,0,0,0,0,0,0,0,0,0,0,0,0,0,0,0,0,0,0,0,0,1,0,1
BL,CBL& Associates Properties Inc,Real Estate,REIT - Retail,USA,1500000000.0,7.06,48.54,-2.92%,802397.0,0,0,0,0,0,0,0,0,1,0,0,0,0,0,0,0,0,0,0,0,0,0,0,0,0,0,0,0,1,0,1
BOT,Corgi Robots & Humanoids ETF,Financial,Exchange Traded Fund,USA,,,24.05,-1.51%,106.0,0,0,0,0,0,0,0,0,0,0,1,0,0,0,0,0,0,0,0,0,0,0,0,0,0,0,0,0,1,0,1
BRE,CBRE Group Inc,Real Estate,Real Estate Services,USA,36940000000.0,29.25,127.56,-2.37%,1718416.0,0,0,0,0,0,0,0,0,0,0,1,0,0,0,0,0,0,0,0,0,0,0,0,0,0,0,0,0,1,0,1
BRG,Leverage Shares 2X Long CBRS Daily ETF,Financial,Exchange Traded Fund,USA,,,2.57,-2.65%,21398439.0,0,0,0,0,0,0,0,0,0,0,0,0,-1,0,0,0,0,0,0,0,0,0,0,0,0,0,0,0,0,1,1
BRZ,Tradr 2X Short CBRS Daily ETF,Financial,Exchange Traded Fund,USA,,,10.46,3.05%,368760.0,0,0,0,0,0,0,0,0,0,0,0,0,0,0,0,0,0,0,0,0,0,0,0,0,0,1,0,0,1,0,1
BSE,Clough Select Equity ETF,Financial,Exchange Traded Fund,USA,,,47.74,-1.63%,847.0,0,0,0,0,0,0,0,0,0,0,0,0,0,0,0,1,0,0,0,0,0,0,0,0,0,0,0,0,1,0,1
BT,Cabot Corp,Basic Materials,Specialty Chemicals,USA,3890000000.0,21.26,75.41,-2.20%,420473.0,0,0,0,0,0,0,0,0,1,0,0,0,0,0,0,0,0,0,0,0,0,0,0,0,0,0,0,0,1,0,1
BTA,Calamos Bitcoin 80 Series Structured Alt Protection ETF - April,Financial,Exchange Traded Fund,USA,,,24.59,-1.49%,210.0,0,0,0,0,0,0,0,0,0,0,1,0,0,0,0,0,0,0,0,0,0,0,0,0,0,0,0,0,1,0,1
BUS,Cibus Inc,Healthcare,Biotechnology,USA,123810000.0,,1.62,3.18%,99214.0,0,0,0,0,0,0,0,0,1,0,0,0,0,0,0,0,0,0,0,0,0,0,0,0,0,0,0,0,1,0,1
BXO,Calamos Bitcoin 90 Buffer - Oct,Financial,Exchange Traded Fund,USA,,,21.73,-2.14%,18080.0,0,0,0,0,0,0,0,0,0,0,0,0,0,0,0,0,0,0,0,0,1,0,0,0,0,0,0,0,1,0,1
CAQ,Collective Acquisition Corp,Financial,Shell Companies,USA,216290000.0,58.29,10.69,0.28%,8322.0,0,0,0,-1,0,0,0,0,0,0,0,0,0,0,0,0,0,0,0,0,0,0,0,0,0,0,0,0,0,1,1
CCC,C4 Therapeutics Inc,Healthcare,Biotechnology,USA,346930000.0,,2.82,-2.08%,2267854.0,0,0,0,0,0,0,0,0,1,0,0,0,0,0,0,0,0,0,0,0,0,0,0,0,0,0,0,0,1,0,1
CEF,Calamos CEF Income & Arbitrage ETF,Financial,Exchange Traded Fund,USA,,,28.37,-0.71%,5289.0,0,0,0,0,0,0,0,0,0,0,1,0,0,0,0,0,0,0,0,0,1,0,0,0,0,0,0,0,2,0,2
CIF,Carlyle Credit Income Fund,Financial,Closed-End Fund - Debt,USA,48540000.0,,2.29,-3.38%,99125.0,0,0,0,0,0,0,0,0,1,1,0,0,0,0,0,0,0,0,0,0,0,0,0,0,0,0,0,0,2,0,2
CJ,Cameco Corp,Energy,Uranium,Canada,38790000000.0,151.43,89.07,-4.25%,3815966.0,0,0,0,0,0,0,0,0,0,0,0,0,-1,0,0,0,0,0,0,0,0,0,0,1,0,0,0,0,1,1,2
CL,Carnival Corp Ltd,Consumer Cyclical,Travel Services,USA,35160000000.0,11.42,26.15,-1.62%,14811351.0,0,0,0,0,0,0,0,0,1,0,0,0,0,0,0,0,0,0,0,0,0,0,0,0,0,0,0,0,1,0,1
CLD,CareCloud Inc,Healthcare,Health Information Services,USA,85410000.0,28.88,2.01,-2.90%,147920.0,0,0,0,0,0,0,0,0,1,0,0,0,0,0,0,0,0,0,0,0,0,0,0,0,0,0,0,0,1,0,1
CNR,ALPS/CoreCommodity Natural Resources ETF,Financial,Exchange Traded Fund,USA,,,38.46,-1.60%,7160.0,0,0,0,0,0,0,0,0,0,0,1,0,0,0,0,0,0,0,0,0,0,0,0,0,-1,0,0,0,1,1,2
CSO,Carbon Collective Climate Solutions U.S. Equity ETF,Financial,Exchange Traded Fund,USA,,,25.01,-1.74%,583.0,0,0,0,0,0,0,0,0,1,1,0,0,0,0,0,0,0,0,0,0,0,0,0,0,0,0,0,0,2,0,2
CU,Compania Cervecerias Unidas SA ADR,Consumer Defensive,Beverages - Brewers,Chile,2020000000.0,17.92,10.95,-1.26%,99454.0,0,1,0,0,0,0,0,0,1,0,0,0,0,0,0,0,0,0,0,0,0,0,0,0,0,0,0,0,2,0,2
CUP,T-REX 2X Long CRCL Daily Target ETF,Financial,Exchange Traded Fund,USA,,,20.06,-8.27%,91253.0,0,0,0,0,0,0,0,0,0,0,0,0,-1,0,0,0,0,0,0,0,0,0,0,0,0,0,0,0,0,1,1
DIG,City Different Investments Global Equity ETF,Financial,Exchange Traded Fund,USA,,,25.85,-0.28%,428.0,0,0,0,0,0,0,0,-1,0,0,0,0,0,0,0,0,0,0,0,0,0,0,0,0,0,0,0,0,0,1,1
DTG,CDT Environmental Technology Investment Holdings Ltd,Industrials,Waste Management,China,3260000.0,,1.08,-1.82%,61845.0,0,0,0,0,0,0,0,0,1,0,0,0,0,0,0,0,0,0,0,0,0,0,0,0,0,0,0,0,1,0,1
DX,Simplify High Yield ETF,Financial,Exchange Traded Fund,USA,,,20.4,0.25%,112102.0,0,0,0,0,0,0,0,0,0,0,0,0,0,0,0,0,0,0,0,-1,0,0,0,0,0,0,0,0,0,1,1
DZI,Cadiz Inc,Industrials,Pollution & Treatment Controls,USA,306530000.0,,3.62,3.43%,831514.0,0,0,0,0,0,0,0,0,0,0,1,0,0,0,0,0,0,0,0,0,0,0,0,0,0,0,0,0,1,0,1
E,Celanese Corp,Basic Materials,Chemicals,USA,4810000000.0,,43.86,-2.21%,1081027.0,0,0,0,0,0,0,0,0,1,0,0,0,0,0,0,0,0,0,0,0,0,0,0,0,0,0,0,0,1,0,1
ECO,Ceco Environmental Corp,Industrials,Pollution & Treatment Controls,USA,4170000000.0,,71.16,-5.69%,1326439.0,0,0,0,0,0,0,0,0,0,0,0,0,0,0,0,0,0,0,0,0,0,0,0,0,0,0,-1,0,0,1,1
EF,Sprott Physical Gold and Silver Trust,Financial,Asset Management,Canada,7000000000.0,,40.81,-2.42%,736864.0,0,0,0,0,0,0,0,0,1,0,0,0,0,0,0,0,0,0,0,0,0,0,0,0,0,0,0,0,1,0,1
ENX,Century Aluminum Co,Basic Materials,Aluminum,USA,3570000000.0,6.23,36.03,-3.09%,2675413.0,0,0,0,0,0,0,0,0,1,0,0,0,0,0,0,0,0,0,0,0,0,0,0,0,0,0,0,0,1,0,1
EPU,Central Puerto ADR,Utilities,Utilities - Regulated Electric,Argentina,1880000000.0,5.46,12.54,-1.42%,151096.0,0,0,0,0,0,1,0,0,0,0,0,0,0,0,0,0,0,0,0,-1,0,0,0,0,0,0,0,0,1,1,2
ERS,Cerus Corp,Healthcare,Medical Devices,USA,461490000.0,,2.29,-2.14%,888398.0,0,0,0,0,0,0,0,0,1,0,0,0,0,0,0,0,0,0,0,0,0,0,0,0,0,0,0,0,1,0,1
ET,Central Securities Corp,Financial,Closed-End Fund - Equity,USA,1650000000.0,,55.72,-1.22%,47008.0,0,0,0,0,0,0,0,-1,0,0,0,0,0,0,0,0,0,0,0,0,0,0,0,0,0,0,0,0,0,1,1
ETY,Clean Energy Technologies Inc,Industrials,Specialty Industrial Machinery,USA,11920000.0,,0.98,2.56%,15877.0,0,0,0,0,0,0,0,0,0,0,1,0,0,0,0,0,0,0,0,0,0,0,0,0,0,0,0,0,1,0,1
EV,Eaton Vance California Municipal Income Trust,Financial,Closed-End Fund - Debt,USA,71460000.0,,10.16,-0.78%,31756.0,0,0,0,0,0,0,0,0,0,0,0,0,0,0,0,0,0,0,0,0,1,0,0,1,0,0,0,0,2,0,2
EVA,Ceva Inc,Technology,Semiconductors,USA,998900000.0,,35.48,-1.91%,597689.0,0,0,0,0,0,0,0,0,1,0,0,0,0,0,0,0,0,0,0,0,0,0,0,0,0,0,0,0,1,0,1
EW,WisdomTree Emerging Currency Strategy Fund,Financial,Exchange Traded Fund,USA,,,19.64,-0.23%,255.0,0,0,0,0,0,0,0,0,0,0,0,0,0,0,0,0,0,0,0,0,0,0,0,0,-1,0,0,0,0,1,1
FND,C1 Fund Inc,Financial,Asset Management,USA,,,2.89,-0.69%,16657.0,0,0,0,-1,0,0,0,0,0,0,0,0,0,0,0,0,0,0,0,0,0,0,0,0,0,0,0,0,0,1,1
GBL,Capital Group Core Balanced ETF,Financial,Exchange Traded Fund,USA,,,37.12,-0.40%,1040370.0,0,0,0,-1,0,0,0,0,0,0,0,0,0,0,0,0,0,0,0,0,0,0,0,0,0,0,0,0,0,1,1
GC,Canopy Growth Corp,Healthcare,Drug Manufacturers - Specialty & Generic,Canada,370790000.0,,0.88,-1.59%,1253079.0,0,0,0,0,0,0,0,0,0,0,0,0,-1,0,0,0,0,0,0,0,0,0,0,0,0,0,0,0,0,1,1
GCF,Cartesian Growth Corp IV,Financial,Shell Companies,USA,340310000.0,,9.81,-0.10%,36.0,0,0,0,0,0,0,0,0,1,0,0,0,0,0,0,0,0,0,0,0,0,0,0,0,0,0,0,0,1,0,1
GDV,Capital Group Dividend Value ETF,Financial,Exchange Traded Fund,USA,,,49.51,-0.62%,3346424.0,0,0,0,-1,0,0,0,0,0,0,0,0,0,0,0,0,0,0,0,0,0,0,0,0,0,0,0,0,0,1,1
GEM,Cullinan Therapeutics Inc,Healthcare,Biotechnology,USA,1010000000.0,,15.63,-3.82%,808185.0,0,1,0,0,0,0,0,0,0,0,0,0,0,0,0,0,0,0,0,0,0,0,0,0,0,0,0,0,1,0,1
GGE,Capital Group Global Equity ETF,Financial,Exchange Traded Fund,USA,,,35.15,-0.76%,530075.0,0,0,0,-1,0,0,0,0,0,0,0,0,0,0,0,0,0,1,0,0,0,0,0,0,0,0,0,0,1,1,2
GGG,Capital Group U.S. Large Growth ETF,Financial,Exchange Traded Fund,USA,,,29.53,-0.40%,15897.0,0,0,0,0,0,0,0,0,0,0,0,0,0,0,0,1,0,0,0,0,0,0,0,0,0,0,0,0,1,0,1
GGR,Capital Group Growth ETF,Financial,Exchange Traded Fund,USA,,,48.32,-0.31%,2251842.0,0,0,0,0,0,0,0,-1,0,0,0,0,0,0,0,0,0,0,0,0,0,0,0,0,0,0,0,0,0,1,1
GHY,Capital Group High Yield Bond ETF,Financial,Exchange Traded Fund,USA,,,24.49,-0.17%,38816.0,0,0,0,-1,0,0,0,0,0,0,0,0,0,0,0,0,0,0,0,0,0,0,0,0,0,0,0,0,0,1,1
GMM,Capital Group U.S. Small and Mid Cap ETF,Financial,Exchange Traded Fund,USA,,,31.48,-1.07%,875534.0,0,0,0,-1,0,0,0,0,0,0,0,0,0,0,0,0,0,0,0,0,0,0,0,0,0,0,0,0,0,1,1
GNG,Capital Group New Geography Equity ETF,Financial,Exchange Traded Fund,USA,,,36.86,-1.29%,502120.0,0,0,0,0,0,0,0,0,0,0,0,0,0,0,0,1,0,0,0,0,0,0,0,0,0,0,0,0,1,0,1
GNX,Cognex Corp,Technology,Scientific & Technical Instruments,USA,10300000000.0,59.27,61.21,-7.75%,2936687.0,0,1,0,0,0,0,0,0,0,0,0,0,0,0,0,0,0,0,0,0,1,0,-1,0,0,0,0,0,2,1,3
GUI,Capital Group Ultra Short Income ETF,Financial,Exchange Traded Fund,USA,,,25.24,0.04%,190318.0,0,1,0,-1,0,0,0,0,0,0,0,0,0,0,0,0,0,0,0,0,0,0,0,0,0,0,0,0,1,1,2
GW,Invesco S&P Global Water Index ETF,Financial,Exchange Traded Fund,USA,,,63.09,-1.46%,21445.0,0,0,0,0,0,0,0,0,0,0,0,0,-1,0,0,0,0,0,0,0,0,0,0,0,0,0,0,0,0,1,1
GXU,Capital Group International Focus Equity ETF,Financial,Exchange Traded Fund,USA,,,34.32,-1.15%,799752.0,0,0,0,0,0,0,0,0,0,0,1,1,0,0,0,0,0,0,0,0,0,0,0,0,-1,0,0,0,2,1,3
HAR,Charlton Aria Acquisition Corp,Financial,Shell Companies,USA,120560000.0,44.0,10.99,0.14%,363205.0,0,0,0,0,0,1,0,0,0,0,0,0,0,0,0,0,0,0,0,0,0,0,0,0,0,0,0,0,1,0,1
HAT,Roundhill Generative AI & Technology ETF,Financial,Exchange Traded Fund,USA,,,94.8,-1.23%,228064.0,0,0,0,0,0,0,0,0,0,0,0,0,0,0,0,0,0,0,0,0,0,0,-1,0,0,0,0,0,0,1,1
HCI,Comstock Holding Co Inc,Real Estate,Real Estate Services,USA,193500000.0,7.98,18.82,0.37%,56222.0,0,1,0,0,0,0,0,0,0,0,0,0,0,0,0,0,0,0,0,0,0,0,0,0,0,0,0,0,1,0,1
HD,Church & Dwight Co Inc,Consumer Defensive,Household & Personal Products,USA,22950000000.0,31.13,96.75,0.22%,1823281.0,0,0,0,0,0,0,0,0,0,0,0,0,-1,0,0,0,0,0,0,0,0,0,0,0,0,0,0,0,0,1,1
HEF,Chefs' Warehouse Inc,Consumer Defensive,Food Distribution,USA,4530000000.0,52.78,111.01,-0.18%,612680.0,0,0,0,0,0,0,0,0,0,0,1,0,0,0,0,0,0,0,0,0,0,0,-1,0,0,0,0,0,1,1,2
HGG,Chegg Inc,Consumer Defensive,Education & Training Services,USA,82050000.0,,0.74,4.08%,574929.0,0,0,0,0,0,0,0,0,1,0,0,0,0,0,0,0,0,0,0,0,0,0,0,0,0,0,0,0,1,0,1
HH,Choice Hotels International Inc,Consumer Cyclical,Lodging,USA,4660000000.0,14.61,103.49,0.42%,427938.0,0,0,0,0,0,0,0,0,0,0,0,0,-1,0,0,0,0,0,0,0,0,0,0,0,0,0,0,0,0,1,1
HI,Calamos Convertible Opportunities and Income Fund,Financial,Closed-End Fund - Debt,USA,929040000.0,,11.69,-0.68%,205395.0,0,0,0,0,0,0,0,0,0,0,0,0,0,0,0,0,0,0,0,0,0,0,-1,0,0,0,0,0,0,1,1
HKP,Check Point Software Technologies Ltd,Technology,Software - Infrastructure,Israel,13300000000.0,13.35,130.31,-1.27%,772220.0,0,1,0,-1,0,1,0,0,0,0,1,1,0,0,0,0,0,0,0,0,0,0,0,0,0,0,0,0,4,1,5
HNR,China Natural Resources Inc,Basic Materials,Other Industrial Metals & Mining,Hong Kong,5140000.0,,4.09,4.46%,837.0,0,0,0,0,0,0,0,0,0,0,0,0,0,0,0,1,0,0,0,0,0,0,0,0,0,0,0,0,1,0,1
HPS,Xtrackers Semiconductor Select Equity ETF,Financial,Exchange Traded Fund,USA,,,92.38,-2.01%,62933.0,0,0,0,0,0,0,0,0,1,0,0,0,0,0,0,0,0,0,0,0,0,0,0,0,0,0,0,0,1,0,1
HRD,Chord Energy Corp,Energy,Oil & Gas E&P,USA,7440000000.0,9.12,136.05,-1.08%,541829.0,0,0,0,-1,0,0,0,0,0,0,0,0,0,0,0,0,0,0,0,0,0,0,0,0,0,0,0,0,0,1,1
HT,Chunghwa Telecom ADR,Communication Services,Telecom Services,Taiwan,35510000000.0,27.98,45.78,-0.65%,205109.0,0,0,0,0,0,0,0,0,0,0,0,0,0,0,0,0,0,0,0,0,1,0,-1,0,0,0,0,0,1,1,2
HTR,Charter Communications Inc,Communication Services,Telecom Services,USA,18730000000.0,2.78,106.96,-1.55%,4042181.0,0,0,0,0,0,0,0,0,1,0,0,0,0,0,0,0,0,0,0,0,0,0,0,0,0,0,0,0,1,0,1
HY,Calamos Convertible and High Income Fund,Financial,Closed-End Fund - Debt,USA,953380000.0,,11.97,0.04%,194364.0,0,1,0,0,0,0,0,0,0,0,0,0,0,0,0,0,0,0,0,0,0,0,0,0,0,0,0,0,1,0,1
I,Cigna Group,Healthcare,Healthcare Plans,USA,73590000000.0,11.52,278.51,1.51%,1633677.0,0,0,0,0,0,0,0,0,1,0,0,0,0,0,0,0,0,0,0,0,0,0,0,0,0,0,0,0,1,0,1
IBR,First Trust NASDAQ Cybersecurity ETF,Financial,Exchange Traded Fund,USA,,,106.57,-1.44%,1604419.0,0,0,0,0,0,0,0,-1,0,0,0,0,0,0,0,0,0,0,0,0,0,0,0,0,0,0,0,0,0,1,1
IEN,CIENA Corp,Technology,Communication Equipment,USA,63310000000.0,99.62,446.45,0.63%,3375041.0,0,0,0,0,0,0,0,0,1,1,0,0,0,0,0,0,0,0,0,0,0,0,0,0,0,0,0,0,2,0,2
IFC,Corgi CIFR 2x Daily ETF,Financial,Exchange Traded Fund,USA,,,5.51,-12.36%,97363.0,0,0,0,0,0,0,0,0,1,0,0,0,0,0,0,0,0,0,0,0,0,0,0,0,0,0,0,0,1,0,1
IFR,Cipher Digital Inc,Technology,Information Technology Services,USA,6040000000.0,,14.56,-6.06%,36663907.0,0,0,0,0,0,0,0,0,1,0,0,0,0,0,0,0,0,0,0,0,0,0,0,0,0,0,0,0,1,0,1
IG,Cia Energetica DE Minas Gerais - Cemig ADR,Utilities,Utilities - Regulated Electric,Brazil,4420000000.0,7.66,2.32,-1.69%,4589673.0,0,0,0,0,0,0,0,0,1,0,0,0,0,0,0,0,0,0,0,0,0,0,0,0,0,0,0,0,1,0,1
II,BlackRock Enhanced Large Cap Core Fund Inc,Financial,Closed-End Fund - Equity,USA,1060000000.0,,24.14,-0.58%,80579.0,0,0,0,0,0,0,0,0,1,0,0,0,0,0,0,0,0,0,0,0,0,0,-1,0,0,0,0,0,1,1,2
IK,UBS Asset Management Income Fund Inc,Financial,Closed-End Fund - Debt,USA,127820000.0,,2.33,0.00%,582161.0,0,0,0,0,0,0,0,0,1,0,0,0,0,0,0,0,0,0,0,0,0,0,0,0,0,0,0,0,1,0,1
INT,CI&T Inc,Technology,Software - Infrastructure,Brazil,399320000.0,11.09,3.12,-1.27%,81320.0,0,0,0,0,0,0,0,0,1,0,0,0,0,0,0,0,0,0,0,0,0,0,0,0,0,0,0,0,1,0,1
ISO,CISO Global Inc,Technology,Software - Infrastructure,USA,9630000.0,,0.21,0.29%,106276.0,0,0,0,0,0,0,0,0,1,0,0,0,0,0,0,0,0,0,0,0,0,0,0,0,0,0,0,0,1,0,1
ITR,CitroTech Inc,Basic Materials,Specialty Chemicals,USA,65879999.99999999,,2.9,1.40%,49011.0,0,0,0,0,0,0,0,0,1,0,0,0,0,0,0,0,0,0,0,0,0,0,0,0,0,0,0,0,1,0,1
LB,Core Laboratories Inc,Energy,Oil & Gas Equipment & Services,USA,463890000.0,17.93,10.11,-1.84%,589815.0,0,0,0,0,0,0,0,0,0,0,0,0,0,0,0,0,0,0,0,0,0,0,0,1,0,0,0,0,1,0,1
LBR,Colombier Acquisition Corp III,Financial,Shell Companies,USA,408170000.0,149.56,10.2,0.00%,242908.0,0,0,0,0,0,0,0,0,0,0,0,0,-1,0,0,0,0,0,0,0,0,0,0,0,0,0,0,0,0,1,1
LDT,Chatham Lodging Trust,Real Estate,REIT - Hotel & Motel,USA,627700000.0,175.52,13.48,-1.68%,210419.0,0,0,0,0,0,0,0,0,0,0,0,0,0,0,0,0,0,0,0,0,1,1,0,0,0,0,0,0,2,0,2
LGN,CollPlant Biotechnologies Ltd,Healthcare,Biotechnology,Israel,6540000.0,,3.46,2.06%,23056.0,0,0,0,0,0,0,0,0,0,0,0,0,0,0,0,0,0,0,0,0,0,0,0,0,0,1,0,0,1,0,1
LH,Clean Harbors Inc,Industrials,Waste Management,USA,16660000000.0,38.27,315.54,-0.79%,426306.0,0,0,0,0,0,0,0,0,0,0,0,0,-1,0,0,0,0,0,0,0,0,0,0,0,0,0,0,0,0,1,1
LIP,Global X 1-3 Month T-Bill ETF,Financial,Exchange Traded Fund,USA,,,100.1,0.01%,261383.0,0,1,0,-1,0,1,0,0,0,0,0,0,-1,0,0,0,0,0,0,0,1,1,0,0,0,0,0,0,4,2,6
LIR,ClearSign Technologies Corp,Industrials,Pollution & Treatment Controls,USA,22460000.0,,3.3,0.00%,9691.0,0,0,0,0,0,0,0,0,1,1,0,0,0,0,0,0,0,0,0,0,0,0,0,0,0,0,0,0,2,0,2
LIX,ProShares Long Online/Short Stores ETF,Financial,Exchange Traded Fund,USA,,,57.31,0.43%,80.0,0,0,0,0,0,0,0,0,0,0,1,0,0,0,0,0,0,0,0,0,0,0,0,0,0,0,0,0,1,0,1
LNN,Clene Inc,Healthcare,Biotechnology,USA,55720000.0,,3.92,1.29%,40897.0,0,0,0,0,0,0,0,0,1,0,0,0,0,0,0,0,0,0,0,0,0,0,0,0,0,0,0,0,1,0,1
LOA,iShares AAA CLO Active ETF,Financial,Exchange Traded Fund,USA,,,51.8,0.08%,767043.0,0,0,0,-1,0,0,0,0,0,0,0,0,0,0,0,0,0,0,0,0,0,0,0,0,0,0,0,0,0,1,1
LOC,AAM Crescent CLO ETF,Financial,Exchange Traded Fund,USA,,,25.06,0.10%,1018.0,0,0,0,0,0,0,0,0,0,0,1,0,0,0,0,0,0,0,0,0,0,0,0,0,0,0,0,0,1,0,1
LOD,Themes Cloud Computing ETF,Financial,Exchange Traded Fund,USA,,,36.08,-1.08%,89.0,0,0,0,0,0,0,0,0,0,0,1,0,0,0,0,0,0,0,0,0,0,0,0,0,0,0,0,0,1,0,1
LOI,VanEck CLO ETF,Financial,Exchange Traded Fund,USA,,,52.83,0.02%,190863.0,0,0,0,0,0,0,0,0,0,0,0,0,0,0,0,1,0,0,0,0,0,0,0,0,0,0,0,0,1,0,1
LOU,Global X Cloud Computing ETF,Financial,Exchange Traded Fund,USA,,,28.79,-0.93%,280866.0,0,0,0,0,0,0,0,-1,0,0,1,0,0,0,0,0,0,0,0,0,0,0,-1,0,0,0,0,0,1,2,3
LOV,Clover Health Investments Corp,Healthcare,Healthcare Plans,USA,2420000000.0,,4.56,-0.87%,7423473.0,0,0,0,0,0,0,0,0,0,0,0,0,-1,0,0,0,0,0,0,0,0,0,0,0,0,0,0,0,0,1,1
LOZ,Eldridge BBB-B CLO ETF,Financial,Exchange Traded Fund,USA,,,26.23,-0.04%,190493.0,0,0,0,0,0,0,0,0,0,0,0,0,0,0,0,1,0,0,0,0,0,0,0,0,0,0,0,0,1,0,1
LRB,Cellectar Biosciences Inc,Healthcare,Biotechnology,USA,14270000.0,,1.51,0.00%,42570.0,0,0,0,0,0,1,0,0,0,0,0,0,0,0,0,0,0,0,0,0,0,0,0,0,0,0,0,0,1,0,1
LRO,ClearOne Inc,Technology,Communication Equipment,USA,11000000.0,,4.11,1.48%,48293.0,0,0,0,0,0,0,0,0,0,0,0,0,-1,0,0,0,0,0,0,0,0,0,0,0,0,0,0,0,0,1,1
LSM,ETC Cabana Target Leading Sector Moderate ETF,Financial,Exchange Traded Fund,USA,,,28.26,-0.29%,6583.0,0,0,0,0,0,0,0,0,0,0,1,1,0,0,0,0,0,0,0,0,0,0,0,0,0,0,0,0,2,0,2
LSX,Tradr 2X Long CLSK Daily ETF,Financial,Exchange Traded Fund,USA,,,9.85,-12.64%,484750.0,0,0,0,0,0,0,0,0,1,0,0,0,-1,0,0,0,0,0,0,0,0,0,0,0,0,0,0,0,1,1,2
LX,Clorox Co,Consumer Defensive,Household & Personal Products,USA,9940000000.0,17.09,82.21,-1.57%,2155327.0,0,0,0,0,0,0,0,0,1,0,0,0,0,0,0,0,0,0,0,0,0,0,0,0,0,0,0,0,1,0,1
MAG,Corgi Mag 7 ETF,Financial,Exchange Traded Fund,USA,,,27.63,0.11%,464.0,0,0,0,0,0,0,0,-1,0,0,0,0,0,0,0,0,0,0,0,0,0,0,0,0,0,0,0,0,0,1,1
MBS,iShares CMBS ETF,Financial,Exchange Traded Fund,USA,,,47.3,0.25%,36348.0,0,0,0,0,0,0,0,0,0,0,0,0,0,0,0,0,0,0,0,-1,0,0,0,0,0,0,0,0,0,1,1
MC,Commercial Metals Co,Industrials,Metal Fabrication,USA,7000000000.0,11.92,63.25,-2.56%,809041.0,0,0,0,0,0,0,0,0,0,0,0,0,0,0,0,1,0,0,0,0,0,0,0,0,0,0,0,0,1,0,1
MCL,Caledonia Mining Corp Plc,Basic Materials,Gold,United Kingdom,466940000.0,7.17,24.15,-2.78%,187023.0,0,0,0,-1,0,0,0,0,0,0,0,0,0,0,0,0,0,0,0,0,0,0,0,0,0,0,0,0,0,1,1
MCM,Cheetah Mobile Inc ADR,Communication Services,Internet Content & Information,China,26210000.0,,2.53,0.40%,3465.0,0,0,0,0,0,0,0,0,1,0,0,0,0,0,0,0,0,0,0,0,0,0,0,0,0,0,0,0,1,0,1
MCSA,Comcast Corp,Communication Services,Telecom Services,USA,74310000000.0,6.78,20.94,-2.88%,30095660.0,0,1,0,0,0,0,0,0,0,0,0,0,0,0,0,0,0,0,0,0,0,0,0,0,0,0,0,0,1,0,1
MP,Compass Minerals International Inc,Basic Materials,Other Industrial Metals & Mining,USA,947510000.0,53.51,22.57,-0.57%,322274.0,0,0,0,0,0,0,0,0,1,0,0,0,0,0,0,0,0,0,0,0,0,0,0,0,0,0,0,0,1,0,1
MPR,Cimpress plc,Industrials,Specialty Business Services,Ireland,1790000000.0,19.48,73.59,-0.08%,306921.0,0,0,0,0,0,0,0,0,0,0,1,1,0,0,0,0,0,0,0,0,0,0,0,0,0,0,0,0,2,0,2
MPS,Compass Pathways Plc ADR,Healthcare,Medical Care Facilities,United Kingdom,1620000000.0,,11.69,1.12%,1586412.0,0,0,0,0,0,0,0,0,0,0,1,0,0,0,0,0,0,0,0,0,0,0,0,0,-1,0,0,0,1,1,2
MRE,Costamare Inc,Industrials,Marine Shipping,Monaco,1820000000.0,5.7,15.04,-0.40%,345397.0,0,0,0,0,0,0,0,0,0,0,0,0,-1,0,0,0,0,0,0,0,0,0,0,1,0,0,0,0,1,1,2
MT,Core Molding Technologies,Basic Materials,Specialty Chemicals,USA,203970000.0,27.25,23.05,-2.00%,21552.0,0,0,0,0,0,0,0,0,0,0,0,0,-1,0,0,0,0,0,0,0,0,0,0,0,0,0,0,0,0,1,1
MTV,Community Bancorp Inc Vermont,Financial,Banks - Regional,USA,236140000.0,12.82,42.16,-1.33%,29128.0,0,0,0,0,0,0,0,0,0,0,1,0,0,0,0,0,0,0,0,0,0,0,0,0,0,0,0,0,1,0,1
NC,Centene Corp,Healthcare,Healthcare Plans,USA,32100000000.0,,64.99,0.59%,5217335.0,0,0,0,0,0,0,0,0,0,0,1,0,0,0,0,0,0,0,0,0,0,0,0,0,-1,0,0,0,1,1,2
NDT,Conduent Inc,Technology,Information Technology Services,USA,248830000.0,,1.6,-1.23%,466676.0,0,0,0,0,0,0,0,0,0,0,1,0,0,0,0,0,0,0,0,0,0,0,0,0,0,0,0,0,1,0,1
NEY,CN Energy Group Inc,Basic Materials,Specialty Chemicals,China,4070000.0000000005,,0.5,-4.10%,5444134.0,0,0,0,0,0,0,0,0,0,0,0,0,0,0,0,0,0,0,0,0,0,0,0,0,0,0,-1,0,0,1,1
NH,CNH Industrial NV,Industrials,Farm & Heavy Construction Machinery,United Kingdom,15420000000.0,49.92,12.46,-6.10%,21136366.0,0,1,0,0,0,1,0,0,0,0,0,0,0,0,0,0,0,0,0,0,0,0,0,0,0,0,0,0,2,0,2
NK,Cinemark Holdings Inc,Communication Services,Entertainment,USA,4219999999.9999995,20.25,36.42,3.23%,1432688.0,0,0,0,-1,0,0,0,0,0,0,1,0,0,0,0,0,0,0,0,0,0,0,0,0,-1,0,0,0,1,2,3
NL,Collective Mining Ltd,Basic Materials,Gold,USA,1010000000.0,,11.67,-4.50%,170209.0,0,0,0,0,0,0,0,0,1,0,0,0,0,0,0,0,0,0,0,0,0,0,0,0,0,0,0,0,1,0,1
NM,Core & Main Inc,Industrials,Industrial Distribution,USA,7750000000.0,16.81,40.7,-3.33%,2376183.0,0,0,0,-1,0,1,0,0,1,1,0,0,0,0,0,0,0,0,0,0,0,0,0,0,0,0,0,0,3,1,4
NNE,Cannae Holdings Inc,Consumer Cyclical,Restaurants,USA,674030000.0,,15.54,0.26%,275312.0,0,0,0,-1,0,0,0,0,0,0,0,0,0,0,0,0,0,0,0,0,0,0,0,0,0,0,0,0,0,1,1
NO,CNO Financial Group Inc,Financial,Insurance - Life,USA,4900000000.0,18.23,52.99,-1.94%,1483045.0,0,0,0,0,0,0,0,0,0,0,0,0,-1,0,0,0,0,0,0,0,0,0,0,0,0,0,0,0,0,1,1
NOB,ConnectOne Bancorp Inc,Financial,Banks - Regional,USA,1510000000.0,9.83,29.96,-1.45%,407900.0,0,0,0,0,0,0,0,0,1,0,0,0,0,0,0,0,0,0,0,0,0,0,0,0,0,0,0,0,1,0,1
NP,Centerpoint Energy Inc,Utilities,Utilities - Regulated Electric,USA,25380000000.0,22.71,38.53,-0.08%,9918226.0,0,1,0,0,0,0,0,0,0,0,0,0,0,0,0,0,0,0,0,0,0,0,0,0,0,0,0,0,1,0,1
NQ,Canadian Natural Resources Ltd,Energy,Oil & Gas E&P,Canada,97920000000.0,11.72,47.5,-1.25%,4396799.0,0,0,0,0,0,0,0,0,0,0,1,0,0,0,0,0,0,0,0,0,0,0,0,0,0,0,0,0,1,0,1
NR,Core Natural Resources Inc,Energy,Thermal Coal,USA,4410000000.0,44.86,88.87,-1.49%,364141.0,0,0,0,0,0,0,0,0,1,0,0,0,0,0,0,0,0,0,0,0,0,0,0,0,0,0,0,0,1,0,1
NS,Cohen & Steers Inc,Financial,Asset Management,USA,3630000000.0,21.65,70.5,-2.84%,283573.0,0,0,0,0,0,0,0,0,1,0,0,0,0,0,0,0,0,0,0,0,0,0,0,0,0,0,0,0,1,0,1
NTB,Connect Biopharma Holdings Ltd,Healthcare,Biotechnology,USA,59490000.0,,0.94,4.34%,1224838.0,0,0,0,0,0,0,0,0,0,0,0,0,-1,-1,0,0,0,0,0,0,0,0,0,0,0,0,0,0,0,2,2
NTN,Canton Strategic Holdings Inc,Healthcare,Biotechnology,USA,180080000.0,,2.26,-3.42%,711333.0,0,0,0,0,0,0,0,0,1,0,0,0,0,0,0,0,0,0,0,0,0,0,0,0,0,0,0,0,1,0,1
NTY,Century Casinos Inc,Consumer Cyclical,Resorts & Casinos,USA,27970000.0,,0.99,-2.56%,120318.0,0,0,0,0,0,0,0,0,1,0,0,0,0,0,0,0,0,0,0,0,0,0,0,0,0,0,0,0,1,0,1
NVS,Cineverse Corp,Communication Services,Entertainment,USA,45640000.0,,1.92,-0.52%,96842.0,0,0,0,0,0,0,0,0,0,0,0,0,-1,0,0,0,0,0,0,0,1,0,0,0,0,0,0,0,1,1,2
NX,CNX Resources Corp,Energy,Oil & Gas E&P,USA,5010000000.0,5.67,33.89,1.96%,1663431.0,0,0,0,0,0,0,0,0,1,1,0,0,0,0,0,0,0,0,0,0,0,0,0,0,0,0,0,0,2,0,2
OAL,Range Global Coal Index ETF,Financial,Exchange Traded Fund,USA,,,24.25,-1.62%,69211.0,0,0,0,0,0,0,0,0,0,0,0,0,0,0,0,0,0,0,0,0,1,0,-1,0,0,0,0,0,1,1,2
OCH,Envoy Medical Inc,Healthcare,Medical Devices,USA,50570000.0,,0.65,0.34%,76550.0,0,0,0,0,0,0,0,0,0,0,0,0,0,0,0,0,0,1,0,0,0,0,0,0,0,0,0,0,1,0,1
OCP,Cocrystal Pharma Inc,Healthcare,Biotechnology,USA,20420000.0,,1.06,-4.50%,30212.0,0,0,0,0,0,0,0,0,0,0,0,0,-1,0,0,0,0,0,0,0,0,0,0,0,0,0,0,0,0,1,1
OE,51 Talk Online Education Group ADR,Consumer Defensive,Education & Training Services,Singapore,42430000.0,,9.96,-3.30%,19233.0,0,0,0,0,0,0,0,0,1,0,0,0,0,0,0,0,0,0,0,0,0,0,0,0,0,0,0,0,1,0,1
OHR,Coherent Corp,Technology,Scientific & Technical Instruments,USA,65519999999.99999,81.36,334.56,-1.12%,5550804.0,0,0,0,0,0,0,0,0,0,0,0,0,-1,0,0,0,0,0,0,0,0,0,0,0,0,0,0,0,0,1,1
OHU,Cohu Inc,Technology,Semiconductor Equipment & Materials,USA,3350000000.0,,70.78,-3.17%,1414185.0,0,0,0,0,0,0,0,0,0,0,0,0,0,0,0,1,0,0,0,0,0,0,0,0,0,0,0,0,1,0,1
OIG,Leverage Shares 2X Long COIN Daily ETF,Financial,Exchange Traded Fund,USA,,,5.11,-7.70%,137405.0,0,0,0,0,0,0,0,0,0,0,0,0,-1,0,0,0,0,0,0,0,0,0,0,0,0,0,0,0,0,1,1
OIN,Coinbase Global Inc,Financial,Financial Data & Stock Exchanges,USA,47080000000.0,,178.45,-3.92%,7127041.0,0,0,0,0,0,0,0,0,0,0,0,0,0,0,0,0,0,0,0,0,1,0,0,0,0,0,0,0,1,0,1
OIW,Roundhill COIN WeeklyPay ETF,Financial,Exchange Traded Fund,USA,,,8.27,-4.72%,215649.0,0,0,0,-1,0,0,0,0,1,0,0,0,0,0,0,0,0,0,0,0,0,0,0,0,0,0,0,0,1,1,2
OLD,Americold Realty Trust Inc,Real Estate,REIT - Industrial,USA,3900000000.0,,13.65,-1.52%,2773255.0,0,0,0,0,0,0,0,0,0,0,0,0,-1,-1,0,0,0,0,0,0,0,0,0,0,0,0,0,0,0,2,2
OLM,Columbia Sportswear Co,Consumer Cyclical,Apparel Manufacturing,USA,2890000000.0,14.66,56.53,-1.60%,585623.0,0,0,0,0,0,0,0,0,1,0,0,0,0,0,0,0,0,0,0,0,0,0,0,0,0,0,0,0,1,0,1
ON,Concentra Group Holdings Parent Inc,Healthcare,Medical Care Facilities,USA,4640000000.0,23.93,36.4,0.00%,1293125.0,0,0,0,0,0,0,0,-1,0,0,1,0,0,0,0,0,0,0,0,0,0,0,0,0,0,0,0,0,1,1,2
ONI,GraniteShares 2x Short COIN Daily ETF,Financial,Exchange Traded Fund,USA,,,25.99,7.80%,196824.0,0,0,0,0,0,0,0,0,1,1,0,0,0,0,0,0,0,0,0,0,0,0,0,0,0,0,0,0,2,0,2
ONY,YieldMax COIN Option Income Strategy ETF,Financial,Exchange Traded Fund,USA,,,19.16,-3.38%,801198.0,0,0,0,-1,0,0,0,0,0,0,0,0,0,0,0,0,0,0,0,0,0,0,0,0,0,0,0,0,0,1,1
OPL,Copley Acquisition Corp,Financial,Shell Companies,Hong Kong,191680000.0,323.24,10.57,-0.09%,171.0,0,0,0,0,0,0,0,0,0,0,0,0,0,0,0,1,0,0,0,0,0,0,0,0,0,0,0,0,1,0,1
OPZ,Defiance Daily Target 2X Long Copper Miners ETF,Financial,Exchange Traded Fund,USA,,,14.88,-5.98%,2957.0,0,0,0,0,0,0,0,0,0,0,0,0,0,0,0,0,0,0,0,0,1,0,0,0,0,0,0,0,1,0,1
ORD,T-REX 2X Inverse CRWV Daily Target ETF,Financial,Exchange Traded Fund,USA,,,2.79,7.31%,10127830.0,0,1,0,0,0,0,0,0,0,0,0,0,0,0,0,0,0,0,0,0,0,0,0,0,0,0,0,0,1,0,1
ORO,iShares International Country Rotation Active ETF,Financial,Exchange Traded Fund,USA,,,36.25,-1.25%,3087573.0,0,1,0,0,0,0,0,0,0,0,1,0,0,0,0,0,0,0,0,0,1,0,-1,0,0,0,0,0,3,1,4
ORP,PIMCO Investment Grade Corporate Bond Index ETF,Financial,Exchange Traded Fund,USA,,,91.69,-0.01%,268589.0,0,0,0,0,0,0,0,0,1,0,0,0,0,0,0,0,0,0,0,0,0,0,0,0,0,0,0,0,1,0,1
ORZ,Core Scientific Inc,Technology,Software - Infrastructure,USA,5120000000.0,,15.94,-4.44%,9353618.0,0,0,0,0,0,0,0,0,1,0,0,0,0,0,0,0,0,0,0,0,0,0,0,0,0,0,0,0,1,0,1
OSO,CoastalSouth Bancshares Inc,Financial,Banks - Regional,USA,319060000.0,12.02,26.69,-1.15%,74897.0,0,0,0,0,0,0,0,0,0,0,0,0,0,0,0,0,0,0,0,0,0,0,-1,0,0,0,0,0,0,1,1
OST,Costco Wholesale Corp,Consumer Defensive,Discount Stores,USA,417670000000.0,45.39,942.25,0.70%,1772394.0,0,1,0,0,0,1,0,0,1,1,0,0,0,0,0,0,0,0,0,0,0,0,0,0,0,0,0,0,4,0,4
OSW,Roundhill COST WeeklyPay ETF,Financial,Exchange Traded Fund,USA,,,37.87,0.92%,2213.0,0,0,0,0,0,0,0,0,1,0,0,0,0,0,0,0,0,0,0,0,0,0,0,0,0,0,0,0,1,0,1
OTG,Leverage Shares 2X Long COST Daily ETF,Financial,Exchange Traded Fund,USA,,,12.4,1.34%,94334.0,0,0,0,0,0,1,0,0,0,0,0,0,0,0,0,0,0,0,0,0,0,0,0,0,0,0,0,0,1,0,1
OWG,Pacer US Large Cap Cash Cows Growth Leaders ETF,Financial,Exchange Traded Fund,USA,,,40.85,-0.40%,192832.0,0,0,0,0,0,0,0,-1,0,0,0,0,0,0,0,0,0,0,0,0,0,0,0,0,0,0,0,0,0,1,1
OYA,Coya Therapeutics Inc,Healthcare,Biotechnology,USA,115180000.0,,4.91,1.24%,95518.0,0,0,0,0,0,0,0,0,0,0,0,0,-1,0,0,0,0,0,0,0,0,0,0,1,0,0,0,0,1,1,2
P,Canadian Pacific Kansas City Limited,Industrials,Railroads,Canada,73520000000.0,26.86,83.63,-2.11%,2189062.0,0,0,0,0,0,0,0,0,0,0,0,0,0,0,0,0,0,1,0,0,0,0,0,0,0,0,0,0,1,0,1
PA,Copa Holdings SA,Industrials,Airlines,Panama,5610000000.0,8.95,136.27,-1.47%,253106.0,0,0,0,0,0,0,0,0,0,0,0,0,0,0,0,1,0,0,0,0,0,0,0,0,0,0,0,0,1,0,1
PAC,Cementos Pacasmayo SAA ADR,Basic Materials,Building Materials,Peru,1040000000.0,16.96,12.22,-0.57%,11411.0,0,0,0,0,0,0,0,0,0,0,0,0,0,0,0,0,0,0,0,0,0,0,-1,0,0,0,0,0,0,1,1
PER,United States Commodity Index Funds Trust,Financial,Exchange Traded Fund,USA,,,39.81,-0.55%,388957.0,0,0,0,-1,0,0,0,0,0,0,1,1,0,0,0,0,0,0,0,0,0,0,0,0,0,0,0,0,2,1,3
PHC,Canterbury Park Holding Corp,Consumer Cyclical,Resorts & Casinos,USA,81250000.0,664.19,15.68,-0.48%,250.0,0,0,0,0,0,0,0,0,1,0,0,0,0,0,0,0,0,0,0,0,0,0,0,0,0,0,0,0,1,0,1
PHY,F/m Compoundr High Yield Bond ETF,Financial,Exchange Traded Fund,USA,,,50.77,-0.13%,10.0,0,0,0,0,0,0,0,0,0,0,0,0,0,0,0,0,0,0,0,0,0,0,0,1,0,0,0,0,1,0,1
PII,American Beacon Ionic Inflation Protection ETF,Financial,Exchange Traded Fund,USA,,,19.11,0.05%,13.0,0,0,0,0,0,0,0,0,1,0,0,0,0,0,0,0,0,0,0,0,0,0,0,0,0,0,0,0,1,0,1
PIX,Cumberland Pharmaceuticals Inc,Healthcare,Drug Manufacturers - Specialty & Generic,USA,103230000.0,,6.89,-3.50%,24598.0,0,0,0,0,0,1,0,0,0,0,0,0,0,0,0,0,0,0,0,0,0,0,0,0,0,0,0,0,1,0,1
PK,Chesapeake Utilities Corp,Utilities,Utilities - Regulated Gas,USA,3080000000.0,20.39,127.83,-0.20%,170050.0,0,0,0,0,0,0,0,0,0,0,0,0,0,0,0,0,0,0,0,0,1,0,0,0,0,0,0,0,1,0,1
PNG,Coupang Inc,Consumer Cyclical,Internet Retail,USA,26620000000.0,,14.81,2.70%,20574460.0,0,0,0,0,0,0,0,0,1,1,0,0,0,0,0,0,0,0,0,0,0,0,0,0,0,0,0,0,2,0,2
PNJ,Calamos Nasdaq - 100 Structured Alt Protection ETF -June,Financial,Exchange Traded Fund,USA,,,27.97,-0.04%,2752.0,0,0,0,0,0,0,0,0,0,0,1,0,0,0,0,0,0,0,0,0,0,0,0,0,0,0,0,0,1,0,1
PNX,Tradr 2X Long CPNG Daily ETF,Financial,Exchange Traded Fund,USA,,,10.86,4.68%,1906.0,0,0,0,0,0,0,0,0,1,0,0,0,0,0,0,0,0,0,0,0,0,0,0,0,0,0,0,0,1,0,1
PRI,Capri Holdings Ltd,Consumer Cyclical,Luxury Goods,United Kingdom,1640000000.0,15.77,14.44,-1.57%,1891400.0,0,0,0,0,0,0,0,0,1,0,0,0,0,0,0,0,0,0,0,0,0,0,0,0,0,0,0,0,1,0,1
PRT,Copart Inc,Industrials,Specialty Business Services,USA,24660000000.0,17.16,26.62,-0.75%,8294043.0,0,0,0,0,0,0,0,0,0,0,1,0,0,0,0,0,0,0,0,0,0,0,0,0,0,0,0,0,1,0,1
PRY,Calamos Russell 2000 Structured Alt Protection ETF January,Financial,Exchange Traded Fund,USA,,,28.24,-0.15%,87.0,0,0,0,0,0,0,0,0,0,0,1,0,0,0,0,0,0,0,0,0,0,0,0,0,-1,0,0,0,1,1,2
PS,Cooper-Standard Holdings Inc,Consumer Cyclical,Auto Parts,USA,388440000.0,,21.86,-1.49%,175158.0,0,0,0,0,0,0,0,0,1,0,0,0,0,0,0,0,0,0,0,0,0,0,0,0,0,0,0,0,1,0,1
PSJ,Calamos S&P 500 Structured Alt Protection ETF July,Financial,Exchange Traded Fund,USA,,,28.08,0.02%,303.0,0,0,0,0,0,0,0,0,0,0,1,0,0,0,0,0,0,0,0,0,0,0,0,0,0,0,0,0,1,0,1
PSM,Calamos S&P 500 Structured Alt Protection ETF May,Financial,Exchange Traded Fund,USA,,,29.67,-0.12%,2406.0,0,0,0,0,0,0,0,0,0,0,1,1,0,0,0,0,0,0,0,0,0,0,0,0,0,0,0,0,2,0,2
PSR,Calamos S&P 500 Structured Alt Protection ETF - March,Financial,Exchange Traded Fund,USA,,,26.26,-0.04%,130.0,0,0,0,0,0,0,0,-1,0,0,0,0,0,0,0,0,0,0,0,0,0,0,0,0,0,0,0,0,0,1,1
PSS,Consumer Portfolio Service Inc,Financial,Credit Services,USA,207230000.0,10.37,9.46,4.99%,40919.0,0,0,0,0,0,0,0,0,1,0,0,0,0,0,0,0,0,0,0,0,0,0,0,0,0,0,0,0,1,0,1
PST,Calamos S&P 500 Structured Alt Protection ETF September,Financial,Exchange Traded Fund,USA,,,28.24,-0.02%,26916.0,0,0,0,0,0,0,0,-1,0,0,0,0,0,0,0,0,0,0,0,0,0,0,0,0,0,0,0,0,0,1,1
PXR,USCF Daily Target 2X Copper Index ETF,Financial,Exchange Traded Fund,USA,,,31.68,-1.00%,6059.0,0,1,0,0,0,0,0,0,0,0,1,0,0,0,0,0,0,0,0,0,0,0,0,0,0,0,0,0,2,0,2
RAC,Crown Reserve Acquisition Corp I,Financial,Shell Companies,Cayman Islands,229280000.0,83.13,10.25,0.00%,20546.0,0,0,0,0,0,0,0,0,0,0,0,0,0,0,0,0,0,1,0,0,0,0,0,0,0,0,0,0,1,0,1
RAI,CRA International Inc,Industrials,Consulting Services,USA,1100000000.0,23.3,174.94,2.05%,138642.0,0,1,0,0,0,0,0,0,0,0,0,0,0,0,0,0,0,0,0,0,0,0,0,0,0,0,0,0,1,0,1
RBN,iShares Low Carbon Optimized MSCI ACWI ETF,Financial,Exchange Traded Fund,USA,,,259.15,-0.49%,15967.0,0,0,0,0,0,0,0,0,0,0,1,0,0,0,0,0,0,0,0,0,0,0,0,0,-1,0,0,0,1,1,2
RBU,Caribou Biosciences Inc,Healthcare,Biotechnology,USA,66190000.0,,0.62,-45.60%,37509909.0,0,0,0,0,0,0,0,0,1,0,0,0,0,0,0,0,0,0,0,0,0,0,0,0,0,0,0,0,1,0,1
RC,California Resources Corp,Energy,Oil & Gas E&P,USA,4620000000.0,,52.06,-0.78%,578247.0,0,0,0,0,0,0,0,0,1,0,0,0,0,0,0,0,0,0,0,0,0,0,0,0,0,0,0,0,1,0,1
RCA,ProShares Ultra CRCL,Financial,Exchange Traded Fund,USA,,,16.71,-7.98%,433079.0,0,0,0,0,0,0,0,0,1,0,0,0,-1,0,0,0,0,0,0,0,0,0,0,0,0,0,0,0,1,1,2
RCG,Leverage Shares 2X Long CRCL Daily ETF,Financial,Exchange Traded Fund,USA,,,11.42,-7.83%,2017384.0,0,0,0,0,0,0,0,0,0,0,0,0,-1,0,0,0,0,0,0,0,0,0,0,0,0,0,0,0,0,1,1
RCO,YieldMax CRCL Option Income Strategy ETF,Financial,Exchange Traded Fund,USA,,,12.98,-2.41%,134232.0,0,0,0,0,0,0,0,0,1,0,0,0,0,0,0,0,0,0,0,0,0,0,0,0,0,0,0,0,1,0,1
RDU,Tradr 2X Long CRDO Daily ETF,Financial,Exchange Traded Fund,USA,,,11.4,-0.78%,2231817.0,0,0,0,0,0,0,0,0,1,0,0,0,0,0,0,0,0,0,0,0,0,0,0,0,0,0,0,0,1,0,1
RE,Cre8 Enterprise Ltd,Industrials,Specialty Business Services,Hong Kong,5340000.0,7.08,2.65,1.92%,10497.0,0,1,0,0,0,1,0,0,0,0,0,0,0,0,0,0,0,0,0,0,0,0,0,0,0,0,0,0,2,0,2
RESY,Cresud ADR,Industrials,Conglomerates,Argentina,824920000.0,6.55,11.63,-4.12%,105586.0,0,0,0,0,0,1,0,0,0,0,1,0,0,0,0,0,0,0,0,0,0,0,0,0,0,0,0,0,2,0,2
RF,Cornerstone Total Return Fund,Financial,Closed-End Fund - Equity,USA,1040000000.0,,6.18,-1.12%,1083940.0,0,0,0,-1,0,0,0,0,0,0,0,0,0,0,0,1,0,0,0,0,0,0,0,0,0,0,0,0,1,1,2
RGO,Freightos Ltd,Technology,Software - Application,Israel,42310000.0,,0.81,-6.61%,80577.0,0,0,0,0,0,0,0,0,0,0,0,0,-1,-1,0,0,0,0,0,0,0,0,0,0,0,0,0,0,0,2,2
RH,CRH Plc,Basic Materials,Building Materials,USA,54190000000.0,14.37,81.46,-2.56%,4178176.0,0,0,0,0,0,0,0,0,1,1,0,0,0,0,0,0,0,0,0,0,0,0,0,0,0,0,0,0,2,0,2
RIS,Curis Inc,Healthcare,Biotechnology,USA,1540000.0,,0.74,-1.66%,141921.0,0,0,0,0,0,0,0,0,1,0,0,0,0,0,0,0,0,0,0,0,0,0,0,0,0,0,0,0,1,0,1
RK,Comstock Resources Inc,Energy,Oil & Gas E&P,USA,4050000000.0,8.01,13.78,0.95%,2406960.0,0,0,0,0,0,0,0,0,0,0,0,0,-1,0,0,0,0,0,0,0,0,0,0,0,0,1,0,0,1,1,2
RMU,Leverage Shares 2x Long CRML Daily ETF,Financial,Exchange Traded Fund,USA,,,1.91,-7.73%,721779.0,0,0,0,0,0,0,0,0,1,0,0,0,0,0,0,0,0,0,0,0,0,0,0,0,0,0,0,0,1,0,1
RNT,Ceragon Networks Ltd,Technology,Communication Equipment,Israel,193600000.0,,2.13,0.00%,216750.0,0,0,0,0,0,0,0,0,0,0,0,0,0,0,0,0,0,0,0,0,0,0,0,1,0,0,0,0,1,0,1
RPT,First Trust SkyBridge Crypto Industry and Digital Economy ETF,Financial,Exchange Traded Fund,USA,,,15.41,-3.10%,20840.0,0,0,0,0,0,0,0,0,0,0,0,0,0,0,0,0,0,0,0,0,1,0,0,0,0,0,0,0,1,0,1
RSH,YieldMax Short TSLA Option Income Strategy ETF,Financial,Exchange Traded Fund,USA,,,18.87,0.97%,11947.0,0,0,0,0,0,0,0,0,1,0,0,0,0,0,0,0,0,0,0,0,0,0,0,0,0,0,0,0,1,0,1
RTC,Xtrackers US National Critical Technologies ETF,Financial,Exchange Traded Fund,USA,,,42.03,-0.37%,22761.0,0,0,0,-1,0,0,0,-1,0,0,0,0,0,0,0,0,0,0,0,0,0,0,0,0,0,0,0,0,0,2,2
RUX,Columbia Core Bond ETF,Financial,Exchange Traded Fund,USA,,,28.49,0.00%,259895.0,0,1,0,0,0,0,0,0,0,0,0,0,0,0,0,0,0,0,0,0,0,0,0,0,0,0,0,0,1,0,1
RVO,CervoMed Inc,Healthcare,Biotechnology,USA,48080000.0,,3.18,-4.79%,309461.0,0,0,0,0,0,0,0,0,0,0,0,0,-1,0,0,0,0,0,0,0,0,0,0,0,0,1,0,0,1,1,2
RWD,Crowdstrike Holdings Inc,Technology,Software - Infrastructure,USA,271790000000.00003,7435.29,265.44,-4.81%,8805172.0,0,0,0,-1,0,0,0,0,0,0,0,0,0,0,0,0,0,0,0,0,0,0,0,0,0,0,0,0,0,1,1
RWL,GraniteShares 2x Long CRWD Daily ETF,Financial,Exchange Traded Fund,USA,,,104.51,-9.81%,159199.0,0,0,0,-1,0,0,0,0,0,0,0,0,0,0,0,0,0,1,0,0,0,0,0,0,0,0,0,0,1,1,2
RWS,Crown Crafts Inc,Consumer Cyclical,"Furnishings, Fixtures & Appliances",USA,26260000.0,5.22,2.44,-1.21%,49184.0,0,0,0,0,0,0,0,0,0,0,0,0,-1,0,0,0,0,0,0,0,0,0,0,0,0,0,0,0,0,1,1
RWU,T-REX 2X Long CRWV Daily Target ETF,Financial,Exchange Traded Fund,USA,,,36.22,-6.94%,75662.0,0,0,0,0,0,0,0,0,1,0,0,0,0,0,0,0,0,0,0,0,0,0,0,0,0,0,0,0,1,0,1
RWV,CoreWeave Inc,Technology,Software - Infrastructure,USA,48780000000.0,,88.45,-3.57%,19905135.0,0,0,0,0,0,0,0,0,1,0,0,0,0,0,0,0,0,0,0,0,0,0,0,0,0,0,0,0,1,0,1
SBR,Champions Oncology Inc,Healthcare,Biotechnology,USA,67920000.0,,4.88,-2.59%,27223.0,0,0,0,0,0,0,0,0,1,0,0,0,0,0,0,0,0,0,0,0,0,0,0,0,0,0,0,0,1,0,1
SCS,Direxion Daily CSCO Bear 1X ETF,Financial,Exchange Traded Fund,USA,,,12.83,0.30%,11718.0,0,0,0,0,0,0,0,0,0,0,0,0,0,0,0,0,0,0,0,0,1,0,0,1,0,0,0,0,2,0,2
SD,Invesco S&P Spin-Off ETF,Financial,Exchange Traded Fund,USA,,,128.82,-1.61%,15232.0,0,0,0,0,0,0,0,0,1,0,0,0,0,0,0,0,0,0,0,0,0,0,0,0,0,0,0,0,1,0,1
SHI,NEOS Enhanced Income 1-3 Month T-Bill ETF,Financial,Exchange Traded Fund,USA,,,49.76,0.00%,550462.0,0,1,0,0,0,1,0,0,0,0,0,0,-1,-1,0,0,0,0,0,0,0,0,0,0,0,0,0,0,2,2,4
SHR,CoinShares Plc,Financial,Capital Markets,United Kingdom,635280000.0,25.53,4.82,-2.82%,184618.0,0,0,0,-1,0,0,0,0,0,0,0,0,0,0,0,1,0,0,0,0,0,0,0,0,0,0,0,0,1,1,2
SL,Carlisle Companies Inc,Industrials,Building Products & Equipment,USA,12640000000.0,18.14,318.22,-2.31%,422235.0,0,1,0,0,0,1,0,0,1,0,0,0,0,0,0,0,0,0,0,0,0,0,0,0,0,0,0,0,3,0,3
SPI,CSP Inc,Technology,Information Technology Services,USA,75500000.0,,7.49,-4.22%,2643.0,0,0,0,-1,0,0,0,0,1,1,0,0,0,0,0,0,0,0,0,0,0,0,0,0,0,0,0,0,2,1,3
SQ,Calamos Strategic Total Return Fund,Financial,Closed-End Fund - Debt,USA,3270000000.0,,20.51,-0.44%,165302.0,0,0,0,-1,0,0,0,0,0,0,0,0,0,0,0,0,0,0,0,0,0,0,0,0,0,0,0,0,0,1,1
SR,Centerspace,Real Estate,REIT - Residential,USA,962120000.0,68.99,54.42,-1.86%,187171.0,0,0,0,0,0,0,0,0,1,0,0,0,0,0,0,0,0,0,0,0,0,0,0,0,0,0,0,0,1,0,1
STM,Constellium SE,Basic Materials,Aluminum,France,3450000000.0,6.54,25.42,-0.31%,1342161.0,0,0,0,0,0,0,0,0,1,0,0,0,0,0,0,0,0,0,0,0,0,0,0,0,0,0,0,0,1,0,1
SV,Carriage Services Inc,Consumer Cyclical,Personal Services,USA,536820000.00000006,12.1,33.8,2.77%,322085.0,0,0,0,0,0,0,0,0,1,1,0,0,0,0,0,0,0,0,0,0,0,0,0,0,0,0,0,0,2,0,2
TAA,ClearThink 1 Acquisition Corp,Financial,Shell Companies,USA,169340000.0,,9.96,-0.20%,11.0,0,0,0,0,0,0,0,0,0,0,1,0,0,0,0,0,0,0,0,0,0,0,-1,0,0,0,0,0,1,1,2
TAP,Simplify US Equity PLUS Managed Futures Strategy ETF,Financial,Exchange Traded Fund,USA,,,29.96,-0.86%,18679.0,0,0,0,0,0,0,0,0,0,0,0,0,-1,0,0,0,0,0,0,0,0,0,0,0,0,0,0,0,0,1,1
TEX,ProShares S&P Kensho Cleantech ETF,Financial,Exchange Traded Fund,USA,,,31.17,-2.48%,328.0,0,0,0,0,0,1,0,0,0,0,0,0,0,0,0,0,0,0,0,0,0,0,0,0,0,0,0,0,1,0,1
TGO,Contango Silver & Gold Inc,Basic Materials,Gold,USA,543410000.0,,16.25,-5.30%,262883.0,0,0,0,-1,0,0,0,0,1,1,0,0,0,0,0,0,0,0,0,0,0,0,0,0,0,0,0,0,2,1,3
TJN,Corgi U.S. Equities 30% Structured Buffer ETF - June Series,Financial,Exchange Traded Fund,USA,,,25.55,-0.11%,3009.0,0,0,0,0,0,0,0,0,0,0,0,0,0,0,0,0,0,0,0,0,0,0,0,1,0,0,0,0,1,0,1
TKB,Cytek BioSciences Inc,Healthcare,Medical Devices,USA,694110000.0,,5.34,-0.74%,1781998.0,0,0,0,0,0,0,0,0,0,0,0,0,0,0,0,0,0,0,0,0,0,0,0,0,0,0,0,1,1,0,1
TM,Castellum Inc,Technology,Information Technology Services,USA,59790000.0,,0.63,-0.61%,273838.0,0,0,0,0,0,0,0,0,0,0,0,0,-1,0,0,0,0,0,0,0,0,0,0,1,0,0,0,0,1,1,2
TMA,Corgi U.S. Equities 30% Structured Buffer ETF - May Series,Financial,Exchange Traded Fund,USA,,,25.96,-0.04%,6.0,0,0,0,0,0,0,0,-1,0,0,0,0,0,0,0,0,0,0,0,0,0,0,0,0,0,0,0,0,0,1,1
TOR,Citius Oncology Inc,Healthcare,Drug Manufacturers - Specialty & Generic,USA,79120000.0,,0.85,0.12%,105505.0,0,0,0,0,0,0,0,0,0,0,0,0,0,0,0,0,0,0,0,0,0,0,0,1,0,0,0,0,1,0,1
TRI,Centuri Holdings Inc,Utilities,Utilities - Regulated Gas,USA,2100000000.0,67.42,20.76,-2.08%,1800522.0,0,1,0,0,0,0,0,0,0,0,0,0,0,0,0,0,0,0,0,0,0,0,0,0,0,0,0,0,1,0,1
TSO,Cytosorbents Corp,Healthcare,Medical Devices,USA,12200000.0,,3.87,-2.27%,6377.0,0,0,0,0,0,0,0,0,1,0,0,0,0,0,0,0,0,0,0,0,0,0,0,0,0,0,0,0,1,0,1
TXR,Citius Pharmaceuticals Inc,Healthcare,Biotechnology,USA,13760000.0,,0.5,4.24%,161919.0,0,0,0,0,0,1,0,0,0,0,0,0,0,0,0,0,0,0,0,0,0,0,0,0,0,0,0,0,1,0,1
UB,Lionheart Holdings,Financial,Shell Companies,USA,285170000.0,321.53,10.9,0.00%,140850.0,0,0,0,0,0,0,0,0,0,0,0,0,0,0,0,0,0,0,0,0,0,0,-1,0,0,0,0,0,0,1,1
UE,Cue Biopharma Inc,Healthcare,Biotechnology,USA,163520000.0,,22.51,-2.72%,133169.0,0,0,0,0,0,0,0,0,0,0,1,0,0,0,0,0,0,0,0,0,0,0,-1,0,0,0,0,0,1,1,2
ULP,Culp Inc,Consumer Cyclical,Textile Manufacturing,USA,46480000.0,,3.65,0.00%,63924.0,0,0,0,0,0,0,0,0,0,0,0,0,0,0,0,0,0,1,0,0,0,0,0,0,0,0,0,0,1,0,1
UPR,Cuprina Holdings (Cayman) Ltd,Healthcare,Medical Instruments & Supplies,Singapore,11720000.0,,1.99,-8.29%,85285.0,0,0,0,0,0,1,0,0,0,0,0,0,0,0,0,0,0,0,0,0,0,0,0,0,0,0,0,0,1,0,1
URR,Currenc Group Inc,Technology,Software - Application,Singapore,311020000.0,,2.77,-1.42%,160821.0,0,0,0,0,0,0,0,0,0,0,0,0,0,0,0,1,0,0,0,0,0,0,0,0,0,0,0,0,1,0,1
URX,Curanex Pharmaceuticals Inc,Healthcare,Biotechnology,USA,7480000.0,,4.77,-4.41%,102005.0,0,0,0,0,0,0,0,0,1,0,0,0,0,0,0,0,0,0,0,0,0,0,0,0,0,0,0,0,1,0,1
V,CapsoVision Inc,Healthcare,Medical Devices,USA,348000000.0,,6.54,0.62%,104533.0,0,0,0,-1,0,0,0,0,0,0,0,0,0,0,0,1,0,0,0,0,0,0,0,0,0,0,0,0,1,1,2
VEO,Civeo Corp,Consumer Cyclical,Lodging,USA,329130000.0,,31.84,-2.54%,66692.0,0,1,0,-1,0,0,0,0,0,0,0,0,0,0,0,1,0,0,0,0,0,0,0,0,0,0,0,0,2,1,3
VIE,Calvert International Responsible Index ETF,Financial,Exchange Traded Fund,USA,,,82.98,-1.36%,21392.0,0,0,0,0,0,0,0,0,0,0,1,0,0,0,0,0,0,0,0,0,0,0,0,0,-1,0,0,0,1,1,2
VNA,Carvana Co,Consumer Cyclical,Auto & Truck Dealerships,USA,69070000000.0,29.11,62.76,-1.75%,6563070.0,0,0,0,0,0,0,0,0,0,0,0,0,0,0,0,1,0,0,0,0,0,0,0,0,0,0,0,0,1,0,1
VNY,YieldMax CVNA Option Income Strategy ETF,Financial,Exchange Traded Fund,USA,,,17.7,-0.28%,11735.0,0,0,0,0,0,0,0,0,1,0,0,0,0,0,0,0,0,0,0,0,0,0,0,0,0,0,0,0,1,0,1
VR,Chicago Rivet & Machine Co,Industrials,Tools & Accessories,USA,10490000.0,,10.85,-1.90%,1002.0,0,1,0,0,0,0,0,0,0,0,0,0,-1,0,0,0,0,0,0,0,0,0,0,0,0,0,0,0,1,1,2
VRD,Madison Covered Call ETF,Financial,Exchange Traded Fund,USA,,,18.1,-0.24%,14.0,0,0,0,0,0,0,0,0,0,0,0,0,0,0,0,0,0,0,0,0,1,0,0,0,0,0,0,0,1,0,1
VRT,Calamos Convertible Equity Alternative ETF,Financial,Exchange Traded Fund,USA,,,47.1,-0.86%,5039.0,0,0,0,0,0,0,0,0,1,1,0,0,0,0,0,0,0,0,0,0,0,0,0,0,0,0,0,0,2,0,2
VSA,Covista Inc,Consumer Defensive,Education & Training Services,USA,4310000000.0,19.43,127.3,-0.05%,267334.0,0,0,0,-1,0,0,0,0,0,0,0,0,0,0,0,0,0,0,0,0,0,0,0,0,0,0,0,0,0,1,1
VSB,Calvert Ultra-Short Investment Grade ETF,Financial,Exchange Traded Fund,USA,,,50.48,-0.01%,32404.0,0,1,0,0,0,0,0,0,0,0,0,0,0,0,0,0,0,0,0,0,0,0,0,0,0,0,0,0,1,0,1
VU,CPI Aerostructures Inc,Industrials,Aerospace & Defense,USA,67570000.0,17.76,5.1,-1.54%,25939.0,0,0,0,0,0,0,0,-1,0,0,0,0,0,0,0,0,0,0,0,0,0,0,0,0,0,0,0,0,0,1,1
WBC,Community West Bancshares,Financial,Banks - Regional,USA,707030000.0,14.06,26.06,-1.10%,177172.0,0,0,0,0,0,0,0,0,0,0,0,0,-1,0,0,0,0,0,0,0,0,0,0,0,0,0,0,0,0,1,1
WCO,Consolidated Water Co Ltd,Utilities,Utilities - Regulated Water,Cayman Islands,484390000.0,30.11,30.25,-0.43%,98740.0,0,0,0,0,0,0,0,0,1,1,0,0,0,0,0,0,0,0,0,0,0,0,0,0,0,0,0,0,2,0,2
WD,CaliberCos Inc,Financial,Asset Management,USA,5270000.0,,0.51,-2.12%,222180.0,0,0,0,0,0,0,0,0,1,0,0,0,0,0,0,0,0,0,0,0,0,0,0,0,0,0,0,0,1,0,1
WEB,Direxion Daily CSI China Internet Index Bull 2X ETF,Financial,Exchange Traded Fund,USA,,,18.02,-1.85%,442453.0,0,0,0,0,0,0,0,0,0,0,0,0,-1,0,0,0,0,0,0,0,0,0,0,1,0,0,0,0,1,1,2
WEN,Clearway Energy Inc,Utilities,Utilities - Renewable,USA,6220000000.0,38.31,30.29,-1.43%,1154408.0,0,0,0,0,0,0,0,0,1,0,0,0,0,0,0,0,0,0,0,0,0,0,0,0,0,0,0,0,1,0,1
WI,State Street SPDR MSCI ACWI ex-US ETF,Financial,Exchange Traded Fund,USA,,,40.31,-1.27%,282494.0,0,0,0,-1,0,0,0,-1,0,0,0,0,0,0,0,0,0,1,0,0,0,0,0,0,0,0,0,0,1,2,3
WVX,Tradr 2X Long CRWV Daily ETF,Financial,Exchange Traded Fund,USA,,,15.58,-6.87%,984343.0,0,0,0,0,0,0,0,0,1,0,0,0,0,0,0,0,0,0,0,0,0,0,0,0,0,0,0,0,1,0,1
XII,Churchill Capital Corp XII,Financial,Shell Companies,USA,591610000.0,,10.65,-0.93%,7507.0,0,1,0,0,0,0,0,0,0,0,0,0,0,0,0,0,0,0,0,0,0,0,0,0,0,0,0,0,1,0,1
XM,Sprinklr Inc,Technology,Software - Application,USA,1200000000.0,55.15,5.19,0.58%,1782140.0,0,0,0,0,0,0,0,0,0,0,0,0,0,0,0,0,0,0,0,0,0,0,0,1,0,0,0,0,1,0,1
XSE,WisdomTree China ex-State-Owned Enterprises Fund,Financial,Exchange Traded Fund,USA,,,34.74,-0.89%,240527.0,0,0,0,0,0,0,0,0,1,0,0,0,0,0,0,0,0,0,0,0,0,0,0,0,0,0,0,0,1,0,1
XW,CoreCivic Inc,Industrials,Security & Protection Services,USA,3150000000.0,25.35,31.82,0.13%,1724455.0,0,0,0,0,0,0,0,0,0,0,0,0,-1,0,0,0,0,0,0,0,0,0,0,0,0,0,0,0,0,1,1
YRX,CryoPort Inc,Industrials,Integrated Freight & Logistics,USA,878760000.0,,17.35,-2.53%,1365531.0,0,1,0,0,0,0,0,0,0,0,0,0,0,0,0,0,0,1,0,0,0,0,0,0,0,0,0,0,2,0,2
ZWI,Citizens Community Bancorp Inc MD,Financial,Banks - Regional,USA,206130000.0,16.24,21.36,-0.47%,18715.0,0,0,0,0,0,0,0,0,1,0,0,0,0,0,0,0,0,0,0,0,0,0,0,0,0,0,-1,0,1,1,2
ABS,DoubleLine Asset-Backed Securities ETF,Financial,Exchange Traded Fund,USA,,,49.6,-0.03%,11481.0,0,0,0,0,0,1,0,0,1,1,0,0,0,0,0,0,0,0,0,0,0,0,0,0,0,0,0,0,3,0,3
ADS,Digital Asset Debt Strategy ETF,Financial,Exchange Traded Fund,USA,,,19.37,-0.95%,1406.0,0,0,0,0,0,0,0,0,0,0,0,0,0,0,0,0,0,0,0,0,0,0,0,0,0,0,-1,0,0,1,1
AKT,Daktronics Inc,Technology,Electronic Components,USA,856530000.0,18.1,17.81,-0.22%,450497.0,0,1,0,0,0,0,0,0,1,0,0,0,0,0,0,0,0,0,0,0,0,0,0,0,0,0,0,0,2,0,2
ANA,Dana Limited Volatility ETF,Financial,Exchange Traded Fund,USA,,,24.97,0.00%,405.0,0,0,0,0,0,1,0,0,1,1,0,0,0,0,0,0,0,0,0,-1,0,0,0,0,0,0,0,0,3,1,4
APR,FT Vest U.S. Equity Deep Buffer ETF - April,Financial,Exchange Traded Fund,USA,,,42.09,0.02%,6166.0,0,0,0,0,0,0,0,-1,0,0,0,0,0,0,0,0,0,0,0,0,0,0,0,0,0,0,0,0,0,1,1
AR,Darling Ingredients Inc,Consumer Defensive,Packaged Foods,USA,9470000000.0,16.13,60.02,-1.88%,1651887.0,0,0,0,-1,0,0,0,0,0,0,0,0,0,0,0,0,0,0,0,0,0,0,0,0,0,0,0,0,0,1,1
AVA,Endava plc ADR,Technology,Software - Infrastructure,United Kingdom,81480000.0,,1.91,1.60%,251264.0,0,0,0,0,0,0,0,0,0,0,0,0,0,0,0,0,0,0,0,-1,0,0,0,0,0,0,0,0,0,1,1
BAW,Xtrackers MSCI All World ex US Hedged Equity ETF,Financial,Exchange Traded Fund,USA,,,47.92,-1.01%,19487.0,0,0,0,0,0,0,0,0,0,0,0,0,0,0,0,1,0,0,0,0,0,0,0,0,0,0,0,0,1,0,1
BB,Invesco DB Base Metals Fund,Financial,Exchange Traded Fund,USA,,,25.12,-0.24%,127430.0,0,0,0,0,0,0,0,0,0,0,0,0,0,0,0,1,0,0,0,0,0,0,0,0,0,0,0,0,1,0,1
BJP,Xtrackers MSCI Japan Hedged Equity ETF,Financial,Exchange Traded Fund,USA,,,117.98,-1.49%,38305.0,0,0,0,0,0,0,0,0,0,0,0,0,0,0,0,0,0,1,0,0,0,0,0,0,0,0,0,0,1,0,1
BL,DoubleLine Opportunistic Credit Fund,Financial,Closed-End Fund - Debt,USA,262370000.0,,13.27,-0.38%,132366.0,0,0,0,-1,0,0,0,0,0,0,0,0,0,0,0,0,0,0,0,0,0,0,0,0,0,0,0,0,0,1,1
BND,DoubleLine Opportunistic Core Bond ETF,Financial,Exchange Traded Fund,USA,,,43.39,-0.03%,79202.0,0,0,0,0,0,0,0,0,1,1,0,0,0,0,0,0,0,0,0,0,0,0,0,0,0,0,0,0,2,0,2
CH,Dauch Corp,Consumer Cyclical,Auto Parts,USA,1380000000.0,,5.79,-1.03%,3920964.0,0,0,0,0,0,0,0,0,0,0,0,0,-1,0,0,0,0,0,0,0,0,0,0,0,0,0,0,0,0,1,1
COY,Decoy Therapeutics Inc,Healthcare,Biotechnology,USA,2960000.0,,1.61,3.87%,84325.0,0,0,0,0,0,0,0,0,1,0,0,0,0,0,0,0,0,0,0,0,0,0,0,0,0,0,0,0,1,0,1
CX,Digital Currency X Technology Inc,Consumer Cyclical,Auto Manufacturers,Cayman Islands,7310000.0,,2.93,-5.79%,139801.0,0,0,0,0,0,0,0,0,1,0,0,0,0,0,0,0,0,0,0,0,0,0,0,0,0,0,0,0,1,0,1
D,DuPont de Nemours Inc,Basic Materials,Specialty Chemicals,USA,17700000000.0,311.35,131.08,-1.65%,638329.0,0,0,0,0,0,0,0,0,0,0,0,0,-1,0,0,0,0,0,0,0,0,0,0,0,0,0,0,0,0,1,1
DD,3D Systems Corp,Technology,Computer Hardware,USA,566560000.0,,3.41,-5.01%,2083578.0,0,0,0,0,0,0,0,0,0,0,1,0,0,0,0,0,0,0,0,0,0,0,0,0,-1,0,0,0,1,1,2
DEC,FT Vest U.S. Equity Deep Buffer ETF - December,Financial,Exchange Traded Fund,USA,,,48.94,0.05%,7026.0,0,0,0,-1,0,0,0,0,0,0,0,0,0,0,0,0,0,1,0,0,0,0,0,0,0,0,0,0,1,1,2
DFA,Innovator Equity Dual Directional 15 Buffer ETF - April,Financial,Exchange Traded Fund,USA,,,20.7,0.05%,4375.0,0,0,0,0,0,1,0,0,0,0,0,0,0,0,0,0,0,1,0,0,0,0,0,0,0,0,0,0,2,0,2
DFL,Innovator Equity Dual Directional 15 Buffer ETF - July,Financial,Exchange Traded Fund,USA,,,21.71,-0.34%,7204.0,0,0,0,0,0,0,0,-1,0,0,0,0,0,0,0,0,0,0,0,0,0,0,0,0,0,0,0,0,0,1,1
DFZ,Innovator Equity Dual Directional 15 Buffer ETF - June,Financial,Exchange Traded Fund,USA,,,19.85,-0.07%,16104.0,0,0,0,0,0,0,0,0,0,0,1,0,0,0,0,0,0,0,0,0,0,0,0,0,0,0,0,0,1,0,1
DLS,WisdomTree Dynamic International SmallCap Equity Fund,Financial,Exchange Traded Fund,USA,,,44.61,-1.06%,11237.0,0,0,0,0,0,0,0,0,0,0,1,1,0,0,0,0,0,0,0,0,0,0,0,0,0,0,0,0,2,0,2
DSQ,Innovator Equity Dual Directional 5 Buffer ETF - Quarterly,Financial,Exchange Traded Fund,USA,,,21.57,-0.14%,50122.0,0,0,0,0,0,0,0,0,0,0,0,0,0,0,0,0,0,0,0,0,0,0,-1,0,0,0,0,0,0,1,1
DTL,Innovator Equity Dual Directional 10 Buffer ETF - July,Financial,Exchange Traded Fund,USA,,,22.69,-0.20%,5862.0,0,0,0,0,0,0,0,-1,0,0,1,0,0,0,0,0,0,0,0,0,0,0,0,0,0,0,0,0,1,1,2
DTN,Innovator Equity Dual Directional 10 Buffer ETF - November,Financial,Exchange Traded Fund,USA,,,21.18,-0.05%,3004.0,0,0,0,0,0,0,0,-1,0,0,0,0,0,0,0,0,0,0,0,0,0,0,0,0,0,0,0,0,0,1,1
DTS,Innovator Equity Dual Directional 10 Buffer ETF - September,Financial,Exchange Traded Fund,USA,,,23.2,-0.07%,7356.0,0,0,0,0,0,0,0,-1,0,0,1,0,0,0,0,0,0,0,0,0,0,0,0,0,0,0,0,0,1,1,2
DTY,Innovator Equity Dual Directional 10 Buffer ETF - May,Financial,Exchange Traded Fund,USA,,,20.91,0.01%,6143.0,0,0,0,0,0,0,0,-1,0,0,0,0,0,0,0,0,0,0,0,0,0,0,0,0,0,0,0,0,0,1,1
DWM,WisdomTree Dynamic International Equity Fund,Financial,Exchange Traded Fund,USA,,,45.33,-1.41%,97319.0,0,0,0,0,0,0,0,0,0,0,1,0,0,0,0,0,0,0,0,0,0,0,0,0,0,0,0,0,1,0,1
DXX,Defined Duration 20 ETF,Financial,Exchange Traded Fund,USA,,,27.93,-0.92%,283.0,0,0,0,0,0,0,0,0,0,0,1,0,0,0,0,0,0,0,0,0,0,0,-1,0,0,0,0,0,1,1,2
EC,Diversified Energy Co,Energy,Oil & Gas Integrated,USA,992900000.0,,14.03,0.00%,734560.0,0,0,0,0,0,0,0,0,0,0,0,0,-1,0,0,0,0,0,0,0,0,0,0,0,0,0,0,0,0,1,1
ECP,PGIM S&P 500 Buffer 12 ETF - December,Financial,Exchange Traded Fund,USA,,,33.78,0.13%,1459.0,0,0,0,0,0,0,0,0,0,0,1,0,0,0,0,0,0,0,0,0,0,0,0,0,0,0,0,0,1,0,1
ECT,AllianzIM U.S. Equity Buffer10 Dec ETF,Financial,Exchange Traded Fund,USA,,,40.86,-0.11%,26783.0,0,0,0,0,0,0,0,0,0,0,0,0,0,0,0,0,0,1,0,0,0,0,0,0,0,0,0,0,1,0,1
ECZ,TrueShares Structured Outcome (December) ETF,Financial,Exchange Traded Fund,USA,,,44.54,-0.21%,997.0,0,0,0,0,0,0,0,0,0,0,1,0,0,0,0,0,0,0,0,0,0,0,0,0,0,0,0,0,1,0,1
EED,First Trust TCW Securitized Plus ETF,Financial,Exchange Traded Fund,USA,,,20.29,-0.05%,10633.0,0,0,0,0,0,0,0,0,1,0,0,0,0,0,0,0,0,0,0,0,0,0,0,0,0,0,0,0,1,0,1
EEF,Xtrackers FTSE Developed ex US Multifactor ETF,Financial,Exchange Traded Fund,USA,,,38.76,-0.60%,211.0,0,0,0,0,0,0,0,0,0,0,1,0,0,0,0,0,0,0,0,0,0,0,0,0,0,0,0,0,1,0,1
EM,WisdomTree Emerging Markets High Dividend Fund,Financial,Exchange Traded Fund,USA,,,55.44,-0.57%,131448.0,0,1,0,0,0,0,0,-1,0,0,0,0,0,0,0,0,0,0,0,0,0,0,0,0,0,0,0,0,1,1,2
ETX,Liberty Defense Holdings Ltd,Industrials,Security & Protection Services,USA,11330000.0,,2.0,1.79%,11657.0,0,0,0,0,0,0,0,0,1,1,0,0,0,0,0,0,0,0,0,0,0,0,0,0,0,0,0,0,2,0,2
FAX,Dimensional World ex U.S. Core Equity 2 ETF,Financial,Exchange Traded Fund,USA,,,37.08,-1.23%,1008143.0,0,0,0,-1,0,0,0,-1,0,0,0,0,0,0,0,0,0,0,0,0,0,0,0,0,0,0,0,0,0,2,2
FCA,Dimensional California Municipal Bond ETF,Financial,Exchange Traded Fund,USA,,,47.64,-0.29%,228372.0,0,0,0,0,0,0,0,0,1,0,0,0,0,0,0,0,0,0,0,0,0,0,0,0,0,0,0,0,1,0,1
FCF,Dimensional Core Fixed Income ETF,Financial,Exchange Traded Fund,USA,,,40.18,-0.02%,2194326.0,0,0,0,0,0,0,0,0,1,1,0,0,0,0,0,0,0,0,0,0,0,0,0,0,0,0,0,0,2,0,2
FE,WisdomTree Europe SmallCap Dividend Fund,Financial,Exchange Traded Fund,USA,,,72.62,-1.53%,2053.0,0,0,0,0,0,0,0,0,0,0,1,1,0,0,0,0,0,0,0,0,0,0,0,0,0,0,0,0,2,0,2
FGX,Dimensional International Core Fixed Income ETF,Financial,Exchange Traded Fund,USA,,,51.3,-0.02%,298313.0,0,0,0,0,0,0,0,0,1,0,0,0,0,0,0,0,0,0,0,0,0,0,0,0,0,0,0,0,1,0,1
FH,Dream Finders Homes Inc,Consumer Cyclical,Residential Construction,USA,860080000.0,6.69,9.5,-2.46%,1464765.0,0,0,0,0,0,0,0,0,0,0,0,0,-1,-1,0,0,0,0,0,0,1,0,0,0,0,0,0,0,1,2,3
FMC,U.S. Micro Cap Portfolio ETF Class Shares,Financial,Exchange Traded Fund,USA,,,57.5,-1.29%,14657.0,0,0,0,0,0,0,0,0,1,0,0,0,0,0,0,0,0,0,0,0,0,0,0,0,0,0,0,0,1,0,1
FSC,DEFSEC Technologies Inc,Industrials,Aerospace & Defense,Canada,2430000.0,,0.91,-8.10%,90425.0,0,0,0,0,0,0,0,0,1,0,0,0,0,0,0,0,0,0,0,0,0,0,0,0,0,0,0,0,1,0,1
GAP,FT Vest U.S. Equity Buffer & Digital Return ETF - April,Financial,Exchange Traded Fund,USA,,,31.29,-0.05%,7.0,0,0,0,0,0,0,0,-1,0,0,0,0,0,0,0,0,0,0,0,0,0,0,0,0,0,0,0,0,0,1,1
GRW,WisdomTree U.S. Quality Dividend Growth Fund,Financial,Exchange Traded Fund,USA,,,98.76,-0.54%,661518.0,0,0,0,0,0,0,0,0,0,0,0,0,0,0,0,0,0,0,0,0,0,0,-1,0,0,0,0,0,0,1,1
GZ,DB Gold Short ETN,Financial,Exchange Traded Fund,USA,,,5.5,4.40%,446.0,0,0,0,0,0,0,0,0,1,0,0,0,0,0,0,0,0,0,0,0,0,0,0,0,0,0,0,0,1,0,1
HI,D.R. Horton Inc,Consumer Cyclical,Residential Construction,USA,37280000000.0,12.68,133.28,-2.54%,3571855.0,0,0,0,0,0,0,0,0,0,0,1,1,0,0,0,0,0,0,0,0,0,0,0,0,0,0,0,0,2,0,2
IOD,Diodes Inc,Technology,Semiconductors,USA,4640000000.0,54.21,100.65,-6.58%,777760.0,0,0,0,0,0,0,0,0,1,0,0,0,0,0,0,0,0,0,0,0,0,0,0,0,0,0,0,0,1,0,1
ISK,Tema Memory ETF,Financial,Exchange Traded Fund,USA,,,37.83,-0.11%,49548.0,0,0,0,0,0,0,0,0,0,0,1,0,0,0,0,0,0,0,0,0,1,0,0,0,0,0,0,0,2,0,2
IT,Amcon Distributing Company,Consumer Defensive,Food Distribution,USA,63580000.0,34.63,65.14,-5.58%,591.0,0,0,0,0,0,1,0,0,1,1,0,0,0,0,0,0,0,0,0,0,0,0,0,0,0,0,0,0,3,0,3
JAN,FT Vest U.S. Equity Deep Buffer ETF - January,Financial,Exchange Traded Fund,USA,,,46.98,-0.11%,21043.0,0,0,0,-1,0,0,0,0,0,0,0,0,0,0,0,0,0,0,0,0,0,0,0,0,0,0,0,0,0,1,1
JD,Invesco Dow Jones Industrial Average Dividend ETF,Financial,Exchange Traded Fund,USA,,,62.82,-0.35%,63054.0,0,0,0,0,0,0,0,0,0,0,0,0,0,0,0,0,0,1,0,0,0,0,0,0,0,0,0,0,1,0,1
JT,Trump Media & Technology Group Corp,Communication Services,Internet Content & Information,USA,2280000000.0,,8.22,-4.97%,4159499.0,0,0,0,0,0,0,0,0,0,0,1,0,0,0,0,0,0,0,0,0,0,0,0,0,0,0,0,0,1,0,1
JUN,FT Vest U.S. Equity Deep Buffer ETF - June,Financial,Exchange Traded Fund,USA,,,50.58,-0.12%,14943.0,0,0,0,0,0,0,0,-1,0,0,0,0,0,0,0,0,0,0,0,0,0,0,0,0,0,0,0,0,0,1,1
KL,Delek Logistics Partners LP,Energy,Oil & Gas Refining & Marketing,USA,3230000000.0,19.43,55.97,-0.44%,65192.0,0,0,0,0,0,0,0,0,0,0,0,0,0,0,0,1,0,0,0,0,0,0,0,0,0,0,0,0,1,0,1
KNG,DraftKings Inc,Consumer Cyclical,Gambling,USA,17030000000.000002,,19.15,-3.04%,11839533.0,0,1,0,0,0,0,0,0,0,0,0,0,-1,0,0,0,0,0,0,0,0,0,0,0,0,0,0,0,1,1,2
KS,Dicks Sporting Goods Inc,Consumer Cyclical,Specialty Retail,USA,11670000000.0,14.09,131.18,-2.74%,2150012.0,0,0,0,0,0,0,0,0,0,0,0,0,0,0,0,0,0,0,0,0,0,0,0,1,0,0,0,0,1,0,1
LAG,FT Vest U.S. Equity Dual Directional Buffer ETF - August,Financial,Exchange Traded Fund,USA,,,34.05,0.01%,11223.0,0,0,0,-1,0,0,0,-1,0,0,0,0,0,0,0,0,0,0,0,0,0,0,0,0,0,0,0,0,0,2,2
LO,DLocal Limited,Technology,Software - Infrastructure,Uruguay,4170000000.0,21.61,14.77,1.65%,1765546.0,0,0,0,-1,0,0,0,0,0,0,0,0,0,0,0,0,0,0,0,0,0,0,0,0,0,0,0,0,0,1,1
LPN,Dolphin Entertainment Inc,Communication Services,Advertising Agencies,USA,13090000.0,,1.0,-6.17%,10463.0,0,0,0,0,0,0,0,0,1,0,0,0,0,0,0,0,0,0,0,0,0,0,0,0,0,0,0,0,1,0,1
LR,Digital Realty Trust Inc,Real Estate,REIT - Specialty,USA,66950000000.0,87.79,180.47,-2.26%,1772373.0,0,0,0,0,0,0,0,0,0,0,0,0,-1,-1,0,0,0,0,0,0,0,0,0,0,0,0,0,0,0,2,2
LTH,Duluth Holdings Inc,Consumer Cyclical,Apparel Retail,USA,152780000.0,28.88,4.02,-0.99%,62707.0,0,0,0,0,0,0,0,0,0,0,0,0,0,0,0,1,0,0,0,0,0,0,0,0,0,0,0,0,1,0,1
LX,Deluxe Corp,Industrials,Conglomerates,USA,1030000000.0,10.25,22.37,-0.75%,874530.0,0,0,0,0,0,0,0,0,1,0,0,0,0,0,0,0,0,0,0,0,0,0,0,0,0,0,0,0,1,0,1
MA,Destra Multi-Alternative Fund,Financial,Closed-End Fund - Equity,USA,66870000.00000001,,7.46,-0.53%,7279.0,0,0,0,0,0,0,0,0,0,0,1,0,0,0,0,0,0,0,0,0,0,0,0,0,0,0,0,0,1,0,1
MAY,FT Vest U.S. Equity Deep Buffer ETF - May,Financial,Exchange Traded Fund,USA,,,48.4,-0.16%,56627.0,0,0,0,0,0,0,0,-1,0,0,1,0,0,0,0,0,0,0,0,0,0,0,0,0,0,0,0,0,1,1,2
MLP,Dorchester Minerals LP,Energy,Oil & Gas E&P,USA,1420000000.0,16.55,29.01,-0.36%,75061.0,0,0,0,-1,0,0,0,0,0,0,0,0,0,0,0,0,0,0,0,0,0,0,0,0,0,0,0,0,0,1,1
MX,DoubleLine Multi-Sector Income ETF,Financial,Exchange Traded Fund,USA,,,48.95,0.05%,9509.0,0,0,0,-1,0,0,0,0,0,0,0,0,0,0,0,0,0,0,0,0,0,0,0,0,0,0,0,0,0,1,1
NA,Ginkgo Bioworks Holdings Inc,Healthcare,Biotechnology,USA,772390000.0,,11.47,-7.57%,6457673.0,0,1,0,0,0,0,0,0,0,0,0,0,0,0,0,0,0,0,0,0,0,0,0,0,0,0,0,0,1,0,1
NL,WisdomTree Global ex-U.S. Quality Growth Fund,Financial,Exchange Traded Fund,USA,,,45.04,-1.24%,25358.0,0,0,0,-1,0,0,0,0,0,0,0,0,0,0,0,0,0,1,0,0,0,0,0,0,0,0,0,0,1,1,2
NLI,Denali Therapeutics Inc,Healthcare,Biotechnology,USA,3060000000.0,,19.16,-0.62%,1314473.0,0,1,0,0,0,0,0,0,0,0,0,0,0,0,0,0,0,0,0,0,0,0,0,0,0,0,0,0,1,0,1
NUT,Krispy Kreme Inc,Consumer Defensive,Grocery Stores,USA,506620000.0,,2.92,-3.31%,1978260.0,0,0,0,0,0,0,0,0,1,0,0,0,0,0,0,0,0,0,0,0,0,0,0,0,0,0,0,0,1,0,1
OLE,Dole plc,Consumer Defensive,Farm Products,Ireland,1210000000.0,16.48,12.8,0.63%,1458974.0,0,0,0,-1,0,0,0,0,0,0,0,0,0,0,0,0,0,0,0,0,0,0,0,0,0,0,0,0,0,1,1
OMH,Dominari Holdings Inc,Financial,Capital Markets,USA,52360000.0,,2.16,6.93%,138843.0,0,0,0,0,0,0,0,0,1,1,0,0,0,0,0,0,0,0,0,0,0,0,0,0,0,0,0,0,2,0,2
OO,BRP Inc,Consumer Cyclical,Recreational Vehicles,Canada,3960000000.0,50.72,55.66,-0.76%,185853.0,0,0,0,-1,0,0,0,0,0,0,0,0,0,0,0,1,0,0,0,0,0,0,0,0,0,0,0,0,1,1,2
OW,Dow Inc,Basic Materials,Chemicals,USA,20060000000.0,,27.77,-1.38%,7837045.0,0,0,0,0,0,0,0,0,0,0,0,0,-1,0,0,0,0,0,0,0,0,0,0,0,0,0,0,0,0,1,1
OYU,DouYu International Holdings Ltd ADR,Communication Services,Internet Content & Information,China,123740000.0,,4.1,-4.65%,24163.0,0,1,0,0,0,1,0,0,0,0,0,0,-1,-1,0,0,0,0,0,0,0,0,0,0,0,0,0,0,2,2,4
PG,Duff & Phelps Utility and Infrastructure Fund Inc,Financial,Closed-End Fund - Equity,USA,468320000.0,,13.01,-0.31%,61435.0,0,0,0,0,0,0,0,0,0,0,0,0,0,0,0,0,0,0,0,0,0,0,0,0,-1,0,0,0,0,1,1
PRO,Draganfly Inc,Industrials,Aerospace & Defense,Canada,174600000.0,,4.7,-6.00%,980098.0,0,0,0,0,0,0,0,0,1,1,0,0,0,0,0,0,0,0,0,0,0,0,0,0,0,0,0,0,2,0,2
RAI,Draco Evolution AI ETF,Financial,Exchange Traded Fund,USA,,,32.91,-0.31%,614.0,0,0,0,0,0,0,0,0,1,0,0,0,0,0,0,0,0,0,0,0,0,0,0,0,0,0,0,0,1,0,1
RAL,Defiance Daily Target 2X Long DRAM ETF,Financial,Exchange Traded Fund,USA,,,11.34,2.16%,196438.0,0,1,0,0,0,0,0,0,0,0,1,0,0,0,0,0,0,0,0,0,0,0,0,0,0,0,0,0,2,0,2
RAY,YieldMax DKNG Option Income Strategy ETF,Financial,Exchange Traded Fund,USA,,,11.28,-2.50%,5572.0,0,1,0,0,0,0,0,0,0,0,0,0,0,0,0,0,0,0,0,-1,0,0,0,0,0,0,0,0,1,1,2
RI,Darden Restaurants Inc,Consumer Cyclical,Restaurants,USA,22800000000.0,19.68,201.49,-0.81%,1455224.0,0,1,0,0,0,0,0,0,0,0,0,0,0,0,0,0,0,0,0,0,0,0,0,0,0,0,0,0,1,0,1
RIP,Direxion Daily S&P Oil & Gas Exp. & Prod. Bear 2X ETF,Financial,Exchange Traded Fund,USA,,,34.16,0.59%,612822.0,0,1,0,0,0,0,0,0,1,0,0,0,0,0,0,0,0,0,0,0,0,0,0,0,0,0,0,0,2,0,2
RNZ,REX Drone ETF,Financial,Exchange Traded Fund,USA,,,18.57,-4.18%,151482.0,0,0,0,0,0,0,0,0,1,0,0,0,0,0,0,0,0,0,0,0,0,0,0,0,0,0,0,0,1,0,1
RTS,Alpha Tau Medical Ltd,Healthcare,Biotechnology,Israel,1320000000.0,,14.25,-1.59%,466366.0,0,0,0,-1,0,0,0,-1,0,0,0,0,0,0,0,0,0,0,0,0,0,0,0,0,0,0,0,0,0,2,2
SAC,Daedalus Special Acquisition Corp,Financial,Shell Companies,United Kingdom,343930000.0,56.48,10.11,-0.10%,31123.0,0,0,0,-1,0,0,0,-1,0,0,0,0,0,0,0,0,0,0,0,0,0,0,0,0,0,0,0,0,0,2,2
SGN,Design Therapeutics Inc,Healthcare,Biotechnology,USA,731580000.0,,11.69,-2.34%,344466.0,0,0,0,0,0,0,0,0,0,0,1,1,0,0,0,0,0,0,0,0,0,0,0,0,-1,0,0,0,2,1,3
SI,iShares ESG MSCI KLD 400 ETF,Financial,Exchange Traded Fund,USA,,,149.2,-0.59%,93244.0,0,1,0,0,0,0,0,-1,0,0,0,0,0,0,0,0,0,0,0,0,0,0,0,0,0,0,0,0,1,1,2
SL,Doubleline Income Solutions Fund,Financial,Closed-End Fund - Debt,USA,1120000000.0,,9.8,-1.01%,1116833.0,0,0,0,0,0,0,0,0,0,0,0,0,-1,0,0,0,0,0,0,0,0,0,0,0,0,0,0,0,0,1,1
SM,BNY Mellon Strategic Municipal Bond Fund Inc,Financial,Closed-End Fund - Debt,USA,252090000.0,,5.1,-2.11%,284538.0,0,0,0,0,0,0,0,0,0,0,1,0,0,0,0,0,0,0,0,0,0,0,0,0,0,0,0,0,1,0,1
TAN,Sparkline International Intangible Value ETF,Financial,Exchange Traded Fund,USA,,,32.46,-0.31%,227.0,0,0,0,0,0,0,0,-1,0,0,0,0,0,0,0,0,0,0,0,0,0,0,0,0,0,0,0,0,0,1,1
TCX,Datacentrex Inc,Financial,Financial Data & Stock Exchanges,USA,86260000.0,,1.83,0.55%,99141.0,0,0,0,0,0,0,0,0,0,0,0,0,-1,0,0,0,0,0,0,0,0,0,0,0,0,0,0,0,0,1,1
TEC,ALPS Disruptive Technologies ETF,Financial,Exchange Traded Fund,USA,,,51.52,-0.02%,1043.0,0,0,0,0,0,0,0,-1,0,0,0,0,0,0,0,0,0,0,0,0,0,0,0,0,0,0,0,0,0,1,1
TRE,First Trust Alerian Disruptive Technology Real Estate ETF,Financial,Exchange Traded Fund,USA,,,39.78,-0.55%,2168.0,0,0,0,0,0,0,0,0,0,0,0,0,0,0,0,0,0,0,0,0,0,0,0,0,-1,0,0,0,0,1,1
TSQ,DT Cloud Star Acquisition Corp,Financial,Shell Companies,USA,42090000.0,120.88,11.52,-0.52%,50.0,0,0,0,0,0,0,0,0,0,0,0,0,0,0,0,0,0,1,0,0,0,0,0,0,0,0,0,0,1,0,1
TST,Data Storage Corp,Technology,Information Technology Services,USA,7600000.0,,3.25,-5.25%,6430.0,0,0,0,0,0,0,0,0,1,0,0,0,0,0,0,0,0,0,0,0,0,0,0,0,0,0,0,0,1,0,1
UBS,Aptus Large Cap Enhanced Yield ETF,Financial,Exchange Traded Fund,USA,,,43.64,-0.24%,27766.0,0,0,0,0,0,0,0,-1,0,0,0,0,0,0,0,0,0,0,0,0,0,0,0,0,0,0,0,0,0,1,1
UG,ProShares UltraShort Energy,Financial,Exchange Traded Fund,USA,,,14.61,1.04%,131833.0,0,0,0,0,0,0,0,0,1,0,0,0,0,0,0,0,0,0,0,0,0,0,0,0,0,0,0,0,1,0,1
UKX,Ocean Park International ETF,Financial,Exchange Traded Fund,USA,,,28.53,-1.19%,524.0,0,0,0,0,0,0,0,0,0,0,1,1,0,0,0,0,0,0,0,0,1,0,0,0,0,0,0,0,3,0,3
UNK,Dana Unconstrained Equity ETF,Financial,Exchange Traded Fund,USA,,,28.92,-0.11%,6641.0,0,0,0,0,0,0,0,-1,0,0,0,0,0,0,0,0,0,0,0,0,0,0,0,0,0,0,0,0,0,1,1
UO,Fangdd Network Group Ltd,Real Estate,Real Estate Services,China,23320000.0,,0.61,0.82%,70784.0,0,0,0,0,0,0,0,0,1,0,0,0,0,0,0,0,0,0,0,0,0,0,0,0,0,0,0,0,1,0,1
UOG,Leverage Shares 2X Long DUOL Daily ETF,Financial,Exchange Traded Fund,USA,,,58.5,4.66%,3211.0,0,0,0,0,0,0,0,0,0,0,0,0,0,0,0,0,0,1,0,0,0,0,0,0,0,0,0,0,1,0,1
UOT,Duos Technologies Group Inc,Technology,Software - Application,USA,269400000.0,8.72,8.56,-7.26%,840736.0,0,0,0,0,0,0,0,0,0,0,0,0,0,0,0,1,0,0,0,0,0,0,0,0,0,0,-1,0,1,1,2
UTY,U.S. Defense ETF,Financial,Exchange Traded Fund,USA,,,26.73,-2.00%,1912.0,0,0,0,0,0,1,0,0,0,0,0,0,0,0,0,0,0,0,0,0,0,0,0,0,0,0,0,0,1,0,1
VA,DaVita Inc,Healthcare,Medical Care Facilities,USA,11280000000.0,14.91,176.78,-2.01%,650300.0,0,0,0,0,0,0,0,0,1,0,0,0,0,0,0,0,0,0,0,0,0,0,0,0,0,0,0,0,1,0,1
VDN,Kingsbarn Dividend Opportunity ETF,Financial,Exchange Traded Fund,USA,,,13.29,-1.56%,4612.0,0,0,0,0,0,0,0,0,1,0,0,0,0,0,0,0,0,0,0,0,0,0,0,0,0,0,0,0,1,0,1
VN,Devon Energy Corp,Energy,Oil & Gas E&P,USA,52670000000.0,11.34,47.88,-0.29%,5551917.0,0,0,0,0,0,0,0,0,0,0,1,0,0,0,0,0,0,0,0,0,0,0,-1,0,0,0,0,0,1,1,2
VYE,iShares Emerging Markets Dividend ETF,Financial,Exchange Traded Fund,USA,,,34.78,-0.91%,56530.0,0,0,0,-1,0,0,0,0,0,0,0,0,0,0,0,0,0,0,0,0,0,0,0,0,0,0,0,0,0,1,1
WAS,Invesco Dorsey Wright SmallCap Momentum ETF,Financial,Exchange Traded Fund,USA,,,105.86,-1.56%,16843.0,0,0,0,0,0,0,0,0,1,0,0,0,0,0,0,0,0,0,0,0,0,0,0,0,0,0,0,0,1,0,1
WAW,AdvisorShares Dorsey Wright FSM All Cap World ETF,Financial,Exchange Traded Fund,USA,,,49.9,0.02%,62.0,0,0,0,0,0,0,0,0,0,0,0,0,0,0,0,0,0,0,0,0,1,0,0,0,-1,0,0,0,1,1,2
WMF,WisdomTree International Multifactor ETF,Financial,Exchange Traded Fund,USA,,,32.9,-1.24%,2471.0,0,0,0,0,0,0,0,0,0,0,0,0,0,0,0,1,0,0,0,0,0,0,0,0,0,0,0,0,1,0,1
WTX,Dogwood Therapeutics Inc,Healthcare,Biotechnology,USA,48610000.0,,1.43,-5.92%,50517.0,0,1,0,0,0,0,0,0,0,0,0,0,-1,0,0,0,0,0,0,0,0,0,0,0,0,0,0,0,1,1,2
WWN,Principal Long Duration ETF,Financial,Exchange Traded Fund,USA,,,21.97,-0.53%,13.0,0,0,0,0,0,0,0,0,0,0,0,0,-1,0,0,0,0,0,0,0,0,0,0,0,0,0,0,0,0,1,1
WX,State Street SPDR S&P International Dividend ETF,Financial,Exchange Traded Fund,USA,,,45.26,-0.19%,147074.0,0,0,0,0,0,0,0,0,0,0,1,0,0,0,0,0,0,0,0,0,0,0,0,0,0,0,0,0,1,0,1
XCM,Dexcom Inc,Healthcare,Medical Devices,USA,31810000000.0,33.28,84.3,1.09%,2863835.0,0,0,0,0,0,0,0,0,0,0,0,0,-1,0,0,0,0,0,0,0,0,0,0,0,0,0,0,0,0,1,1
XF,Eason Technology Ltd ADR,Financial,Credit Services,China,1630000.0,,0.51,8.82%,215538.0,0,0,0,0,0,0,0,0,0,0,0,0,0,0,0,0,0,0,0,0,0,0,0,1,0,0,0,0,1,0,1
XJ,WisdomTree Japan Hedged Equity Fund,Financial,Exchange Traded Fund,USA,,,182.0,-1.02%,769917.0,0,0,0,0,0,0,0,-1,0,0,0,0,0,0,0,0,0,0,0,0,0,0,0,0,0,0,0,0,0,1,1
XLG,Destination XL Group Inc,Consumer Cyclical,Apparel Retail,USA,20700000.0,,0.37,-4.09%,189916.0,0,0,0,0,0,0,0,0,0,0,0,0,0,0,0,1,0,0,0,0,0,0,0,0,0,0,0,0,1,0,1
XR,Daxor Corp,Healthcare,Medical Instruments & Supplies,USA,61380000.0,8.61,10.51,2.04%,7379.0,0,0,0,0,0,0,0,0,0,0,1,0,0,0,0,0,0,0,0,0,0,0,0,0,0,0,0,0,1,0,1
YFI,IDX Dynamic Fixed Income ETF,Financial,Exchange Traded Fund,USA,,,22.22,-0.07%,4246.0,0,0,0,0,0,0,0,0,1,1,0,0,0,0,0,0,0,0,0,0,0,0,0,0,0,0,0,0,2,0,2
,Eni Spa ADR,Energy,Oil & Gas Integrated,Italy,78630000000.0,13.54,53.96,-1.08%,296646.0,0,1,0,0,0,0,0,0,0,0,1,0,0,0,0,0,0,0,0,0,1,0,0,0,-1,0,0,0,3,1,4
AD,Allspring Income Opportunities Fund,Financial,Closed-End Fund - Debt,USA,354550000.0,,6.0,-0.50%,373287.0,0,0,0,-1,0,0,0,0,1,1,0,0,0,0,0,0,0,0,0,0,0,0,0,0,0,0,0,0,2,1,3
AF,GrafTech International Ltd,Industrials,Electrical Equipment & Parts,USA,223090000.0,,8.55,-9.04%,409246.0,0,0,0,0,0,0,0,0,0,0,0,0,0,0,0,0,0,0,0,0,1,0,0,0,0,0,0,0,1,0,1
ALT,Innovator U.S. Equity 5 to 15 Buffer ETF - Quarterly,Financial,Exchange Traded Fund,USA,,,36.93,-0.30%,17659.0,0,1,0,-1,0,0,0,-1,0,0,0,0,0,0,0,0,0,0,0,0,0,0,0,0,0,0,0,0,1,2,3
APR,Innovator Emerging Markets Power Buffer ETF April,Financial,Exchange Traded Fund,USA,,,33.97,-0.85%,43789.0,0,1,0,0,0,0,0,0,0,0,0,0,0,0,0,0,0,0,0,0,0,0,0,0,0,0,0,0,1,0,1
ARN,Ellington Credit Co,Financial,Asset Management,USA,132830000.00000001,,3.48,-2.52%,1076763.0,0,0,0,0,0,0,0,0,1,0,0,0,0,0,0,0,0,0,0,0,0,0,0,0,0,0,0,0,1,0,1
ART,Global X Rare Earth & Critical Materials ETF,Financial,Exchange Traded Fund,USA,,,27.67,-1.51%,198304.0,0,0,0,0,0,0,0,0,1,1,0,0,0,0,0,0,0,0,0,0,0,0,0,0,0,0,0,0,2,0,2
BF,Ennis Inc,Industrials,Specialty Business Services,USA,569650000.0,14.7,22.5,-0.27%,159881.0,0,0,0,0,0,0,0,0,0,0,1,0,0,0,0,0,0,0,0,0,0,0,-1,0,0,0,0,0,1,1,2
BON,Ebang International Holdings Inc,Technology,Computer Hardware,China,11870000.0,,1.89,-5.50%,6339.0,0,1,0,0,0,0,0,0,0,0,0,0,-1,-1,0,0,0,0,0,0,0,0,0,0,0,1,0,0,2,2,4
C,Ecopetrol SA ADR,Energy,Oil & Gas Integrated,Colombia,34189999999.999996,9.77,16.63,-1.95%,952369.0,0,0,0,0,0,0,0,-1,0,0,0,0,0,0,0,0,0,0,0,0,0,0,0,0,0,0,0,0,0,1,1
CC,Eagle Point Credit Company,Financial,Closed-End Fund - Debt,USA,411000000.0,,3.09,-6.08%,2179429.0,0,0,0,0,0,0,0,0,0,0,0,0,-1,0,0,0,0,0,0,0,0,0,0,0,0,0,0,0,0,1,1
CF,Ellsworth Growth and Income Fund Ltd,Financial,Closed-End Fund - Equity,USA,164580000.0,,12.05,1.18%,44889.0,0,0,0,0,0,0,0,0,1,0,0,0,0,0,0,0,0,0,0,0,0,0,0,0,0,0,0,0,1,0,1
CG,Everus Construction Group,Industrials,Engineering & Construction,USA,6400000000.0,25.2,125.26,-5.64%,482771.0,0,0,0,0,0,0,0,0,0,0,0,0,-1,0,0,0,0,0,0,0,0,0,0,0,0,0,0,0,0,1,1
CH,iShares MSCI Chile ETF,Financial,Exchange Traded Fund,USA,,,37.43,-2.30%,372765.0,0,1,0,0,0,0,0,0,1,0,0,0,0,0,0,0,0,0,0,0,0,0,0,0,0,0,0,0,2,0,2
CL,Ecolab Inc,Basic Materials,Specialty Chemicals,USA,77960000000.0,37.31,278.1,-0.97%,1146403.0,0,0,0,0,0,0,0,0,0,0,0,0,0,0,0,0,0,0,0,0,0,0,0,0,0,0,0,1,1,0,1
CNS,iShares MSCI China Small-Cap ETF,Financial,Exchange Traded Fund,USA,,,27.24,-0.22%,8351.0,0,0,0,0,0,0,0,0,1,0,0,0,0,0,0,0,0,0,0,0,0,0,0,0,0,0,0,0,1,0,1
COW,Pacer Emerging Markets Cash Cows 100 ETF,Financial,Exchange Traded Fund,USA,,,26.71,-0.22%,9625.0,0,0,0,0,0,0,0,0,0,0,0,0,-1,-1,0,0,0,0,0,0,0,0,0,0,0,0,0,0,0,2,2
CPG,Encore Capital Group Inc,Financial,Credit Services,USA,2109999999.9999998,7.51,99.26,0.08%,284691.0,0,0,0,0,0,0,0,0,0,0,0,0,-1,0,0,0,0,0,0,0,0,0,0,0,0,0,0,0,0,1,1
CVT,Ecovyst Inc,Basic Materials,Specialty Chemicals,USA,1130000000.0,,10.31,-0.58%,1097055.0,0,0,0,0,0,0,0,0,1,0,0,0,0,0,0,0,0,0,0,0,0,0,0,0,0,0,0,0,1,0,1
D,Consolidated Edison Inc,Utilities,Utilities - Regulated Electric,USA,38560000000.0,17.18,104.64,-0.46%,2177989.0,0,0,0,0,0,0,0,0,0,0,0,0,-1,0,0,0,0,0,0,0,0,0,0,0,0,0,0,0,0,1,1
DC,Direxion Daily MSCI Emerging Markets Bull 3X ETF,Financial,Exchange Traded Fund,USA,,,78.38,-4.00%,113221.0,0,0,0,0,0,0,0,0,0,0,0,0,0,0,0,0,0,0,0,0,0,0,0,0,0,0,-1,0,0,1,1
DF,Virtus Stone Harbor Emerging Markets Income Fund,Financial,Closed-End Fund - Foreign,USA,152510000.0,,4.74,-2.07%,87706.0,0,0,0,0,0,0,0,0,1,0,0,0,0,0,0,0,0,0,0,0,0,0,0,0,0,0,0,0,1,0,1
DGH,3EDGE Dynamic Hard Assets ETF,Financial,Exchange Traded Fund,USA,,,33.44,-0.98%,43871.0,0,0,0,0,0,0,0,0,0,0,0,0,0,0,0,0,0,0,0,0,1,0,0,0,0,0,0,0,1,0,1
DGX,Global X U.S. 500 Income Edge ETF,Financial,Exchange Traded Fund,USA,,,27.13,-0.16%,2901.0,0,0,0,0,0,0,0,0,0,0,1,0,0,0,0,0,0,0,0,0,0,0,0,0,0,0,0,0,1,0,1
DIV,State Street SPDR S&P Emerging Markets Dividend ETF,Financial,Exchange Traded Fund,USA,,,39.95,-0.60%,224551.0,0,0,0,0,0,0,0,0,1,0,0,0,0,0,0,0,0,0,0,0,0,0,0,0,0,0,0,0,1,0,1
DN,Empresa Distribuidora y Comercial Norte SA ADR,Utilities,Utilities - Regulated Electric,Argentina,446360000.0,4.97,20.17,-3.68%,80186.0,0,0,0,0,0,0,0,0,1,0,0,0,0,0,0,0,0,0,0,0,0,0,0,0,0,0,0,0,1,0,1
DOG,ALPS Emerging Sector Dividend Dogs ETF,Financial,Exchange Traded Fund,USA,,,23.82,-0.33%,1110.0,0,0,0,0,0,0,0,0,0,0,0,0,0,0,0,0,0,0,0,0,0,0,0,0,0,0,0,1,1,0,1
DSA,Edesa Biotech Inc,Healthcare,Biotechnology,Canada,52620000.0,,3.89,4.70%,20192.0,0,1,0,0,0,0,0,0,0,0,0,0,0,0,0,0,0,0,0,0,0,0,0,0,0,0,0,0,1,0,1
DU,New Oriental Education & Technology Group Inc ADR,Consumer Defensive,Education & Training Services,China,8020000000.0,19.19,57.3,0.33%,242276.0,0,1,0,0,0,0,0,0,0,0,0,0,0,0,0,0,0,0,0,0,0,0,0,0,0,0,0,1,2,0,2
DV,Vanguard Extended Duration Treasury ETF,Financial,Exchange Traded Fund,USA,,,54.17,-0.39%,3266788.0,0,0,0,0,0,0,0,0,1,0,0,0,0,0,0,0,0,0,0,0,0,0,0,0,0,0,0,0,1,0,1
DVA,Endovia Health Sciences Inc,Healthcare,Biotechnology,USA,1830000.0,,0.17,-1.73%,221084.0,0,0,0,0,0,0,0,0,1,0,0,0,0,0,0,0,0,0,0,0,0,0,0,0,0,0,0,0,1,0,1
DZ,Direxion Daily MSCI Emerging Markets Bear 3X ETF,Financial,Exchange Traded Fund,USA,,,14.1,3.98%,635110.0,0,0,0,0,0,0,0,0,1,0,0,0,0,0,0,0,0,0,0,0,0,0,0,0,0,0,0,0,1,0,1
EE,CYBER HORNET S&P 500 and Ethereum 75/25 Strategy ETF,Financial,Exchange Traded Fund,USA,,,23.15,-1.39%,529.0,0,0,0,0,0,0,0,0,0,0,0,0,0,0,0,0,0,0,0,0,0,0,0,0,-1,0,0,0,0,1,1
EMA,iShares MSCI Emerging Markets Asia ETF,Financial,Exchange Traded Fund,USA,,,116.38,-1.20%,138892.0,0,0,0,0,0,0,0,0,0,0,0,0,0,0,0,1,0,0,0,0,0,0,0,0,0,0,0,0,1,0,1
EMV,iShares MSCI Emerging Markets Min Vol Factor ETF,Financial,Exchange Traded Fund,USA,,,74.36,-1.20%,217254.0,0,0,0,0,0,0,0,0,0,0,1,1,0,0,0,0,0,0,0,0,0,0,0,0,-1,0,0,0,2,1,3
ES,WisdomTree U.S. SmallCap Fund,Financial,Exchange Traded Fund,USA,,,65.06,-1.24%,16914.0,0,0,0,0,0,0,0,0,1,0,0,0,0,0,0,0,0,0,0,0,0,0,0,0,0,0,0,0,1,0,1
ET,ProShares Ultra MSCI Emerging Markets 2x Shares,Financial,Exchange Traded Fund,USA,,,109.79,-2.72%,629.0,0,0,0,0,0,0,0,0,1,0,0,0,0,0,0,0,0,0,0,0,0,0,0,0,0,0,-1,0,1,1,2
EV,ProShares UltraShort MSCI Emerging Markets -2x Shares,Financial,Exchange Traded Fund,USA,,,10.4,2.45%,53084.0,0,0,0,0,0,0,0,0,0,0,0,0,-1,0,0,0,0,0,0,0,0,0,0,1,0,0,0,0,1,1,2
FIV,State Street SPDR S&P 500 ESG ETF,Financial,Exchange Traded Fund,USA,,,75.38,-0.28%,18781.0,0,0,0,-1,0,0,0,0,0,0,0,0,0,0,0,0,0,0,0,0,0,0,0,0,0,0,0,0,0,1,1
FRA,iShares Environmental Infrastructure and Industrials ETF,Financial,Exchange Traded Fund,USA,,,34.29,-1.73%,224.0,0,0,0,0,0,0,0,0,0,0,0,0,-1,0,0,0,0,0,0,0,0,0,0,0,0,0,0,0,0,1,1
FT,Eaton Vance Floating-Rate Income Trust,Financial,Closed-End Fund - Debt,USA,282260000.0,,10.62,-0.38%,92658.0,0,0,0,0,0,0,0,0,0,0,0,0,-1,-1,0,0,0,0,0,0,0,0,0,0,0,0,0,0,0,2,2
FU,ProShares UltraShort MSCI EAFE -2x Shares,Financial,Exchange Traded Fund,USA,,,7.39,2.46%,10329.0,0,1,0,0,0,0,0,0,0,0,0,0,0,0,0,0,0,0,0,0,0,0,0,0,0,0,0,0,1,0,1
FXT,Enerflex Ltd,Energy,Oil & Gas Equipment & Services,Canada,2890000000.0,54.83,23.69,-2.79%,286786.0,0,1,0,0,0,0,0,0,0,0,0,0,-1,0,0,0,0,0,0,0,0,0,0,0,0,0,0,0,1,1,2
FZ,ProShares Short MSCI EAFE -1X Shares,Financial,Exchange Traded Fund,USA,,,23.18,1.12%,9371.0,0,1,0,0,0,0,0,0,0,0,0,0,0,0,0,0,0,0,0,0,0,0,0,0,0,0,0,0,1,0,1
GAN,eGain Corp,Technology,Software - Application,USA,137140000.0,16.47,5.24,-0.95%,265220.0,0,0,0,0,0,0,0,0,1,0,0,0,0,0,0,0,0,0,0,0,0,0,0,0,0,0,0,0,1,0,1
GGS,NestYield Total Return Guard ETF,Financial,Exchange Traded Fund,USA,,,37.48,-0.76%,3427.0,0,0,0,0,0,0,0,0,1,0,0,0,0,0,0,0,0,0,0,0,0,0,0,0,0,0,0,0,1,0,1
GGY,NestYield Dynamic Income ETF,Financial,Exchange Traded Fund,USA,,,35.43,-0.70%,43779.0,0,0,0,0,0,0,0,0,0,0,0,0,0,0,0,0,0,0,0,0,0,0,0,1,0,0,0,0,1,0,1
GLE,Global X S&P 500 U.S. Revenue Leaders ETF,Financial,Exchange Traded Fund,USA,,,32.49,-0.18%,54.0,0,0,0,0,0,0,0,-1,0,0,0,0,0,0,0,0,0,0,0,0,0,0,0,0,0,0,0,0,0,1,1
GP,Eastgroup Properties Inc,Real Estate,REIT - Industrial,USA,10250000000.0,33.45,190.55,-1.20%,366007.0,0,0,0,0,0,0,0,0,1,0,0,0,0,0,0,0,0,0,0,0,0,0,0,0,0,0,0,0,1,0,1
GY,VAALCO Energy Inc,Energy,Oil & Gas E&P,USA,609060000.0,,5.79,0.17%,1190283.0,0,0,0,0,0,0,0,0,0,0,1,0,0,0,0,0,0,0,0,0,0,0,0,0,0,0,0,0,1,0,1
H,EHang Holdings Ltd ADR,Industrials,Aerospace & Defense,China,233000000.0,,4.14,0.98%,857590.0,0,0,0,0,0,0,0,0,1,1,0,0,0,0,0,0,0,0,0,0,0,0,0,0,0,0,0,0,2,0,2
IG,Employers Holdings Inc,Financial,Insurance - Specialty,USA,883300000.0,70.59,49.18,0.57%,128240.0,0,0,0,0,0,0,0,0,1,0,0,0,0,0,0,0,0,0,0,0,0,0,0,0,0,0,0,0,1,0,1
IKN,Eikon Therapeutics Inc,Healthcare,Biotechnology,USA,408400000.0,,7.54,0.40%,920164.0,0,1,0,0,0,0,0,0,0,0,0,0,0,0,0,1,0,0,0,0,0,0,0,0,0,0,0,0,2,0,2
INC,VanEck Energy Income ETF,Financial,Exchange Traded Fund,USA,,,115.05,-1.41%,1551.0,0,1,0,0,0,0,0,0,0,0,0,0,0,0,0,0,0,0,0,0,0,0,0,0,0,0,0,0,1,0,1
IPI,FT Energy Income Partners Enhanced Income ETF,Financial,Exchange Traded Fund,USA,,,21.86,-0.55%,130533.0,0,0,0,-1,0,1,0,0,0,0,0,0,0,0,0,0,0,0,0,0,0,0,0,0,0,0,0,0,1,1,2
IRL,iShares MSCI Ireland ETF,Financial,Exchange Traded Fund,USA,,,80.28,-0.55%,7430.0,0,0,0,0,0,0,0,-1,0,0,0,0,0,0,0,0,0,0,0,0,0,0,0,0,0,0,0,0,0,1,1
LDN,Eledon Pharmaceuticals Inc,Healthcare,Biotechnology,USA,196650000.0,,2.42,-1.22%,583597.0,0,0,0,0,0,0,0,0,1,0,0,0,0,0,0,0,0,0,0,0,0,0,-1,0,0,0,0,0,1,1,2
LIL,Direxion Daily LLY Bull 2X ETF,Financial,Exchange Traded Fund,USA,,,28.98,5.11%,73463.0,0,0,0,0,0,0,0,0,0,0,0,0,-1,0,0,0,0,0,0,0,0,0,0,0,0,0,0,0,0,1,1
LPC,Cia Paranaense De Energia Copel ADR,Utilities,Utilities - Diversified,Brazil,10370000000.0,17.39,13.96,0.50%,704384.0,0,0,0,0,0,0,0,0,0,0,0,0,-1,0,0,0,0,0,0,0,0,0,0,0,0,0,0,0,0,1,1
LTK,Eltek Ltd,Technology,Electronic Components,Israel,52630000.0,,7.83,-2.13%,208.0,0,0,0,0,0,0,0,0,0,0,0,0,-1,0,0,0,0,0,0,0,0,0,0,1,0,0,0,0,1,1,2
LUT,Elutia Inc,Healthcare,Medical Devices,USA,36320000.0,,0.82,5.56%,261070.0,0,0,0,0,0,1,0,0,0,0,0,0,0,0,0,0,0,0,0,0,0,0,0,0,0,0,0,0,1,0,1
LVR,Elevra Lithium Ltd ADR,Basic Materials,Other Industrial Metals & Mining,Australia,669900000.0,9.57,34.71,-7.24%,67438.0,0,0,0,0,0,0,0,0,1,0,0,0,0,0,0,0,0,0,0,0,0,0,0,0,0,0,0,0,1,0,1
LWT,Elauwit Connection Inc,Communication Services,Telecom Services,USA,39650000.0,,5.99,-4.16%,2275.0,0,0,0,0,0,0,0,0,1,0,0,0,0,0,0,0,0,0,0,0,0,0,0,0,0,0,0,0,1,0,1
MAT,Evolution Metals & Technologies Corp,Basic Materials,Other Industrial Metals & Mining,USA,1100000000.0,,1.75,-8.85%,973715.0,0,0,0,0,0,0,0,0,1,0,0,0,0,0,0,0,0,0,0,0,0,0,0,0,0,0,0,0,1,0,1
MAU,Corgi EM 15% Buffer - Aug,Financial,Exchange Traded Fund,USA,,,25.45,-1.12%,109.0,0,0,0,0,0,0,0,0,0,0,1,1,0,0,0,0,0,0,0,0,0,0,-1,0,0,0,0,0,2,1,3
MC,Global X Emerging Markets Great Consumer ETF,Financial,Exchange Traded Fund,USA,,,37.53,-1.47%,472.0,0,0,0,0,0,0,0,0,0,0,0,0,0,0,0,1,0,0,0,0,0,0,0,0,0,0,0,0,1,0,1
MCB,WisdomTree Emerging Markets Corporate Bond Fund,Financial,Exchange Traded Fund,USA,,,63.97,0.01%,3353.0,0,0,0,0,0,0,0,0,1,0,0,0,0,0,0,0,0,0,0,0,0,0,0,0,0,0,0,0,1,0,1
MCS,Xtrackers MSCI Emerging Markets Select ETF,Financial,Exchange Traded Fund,USA,,,46.84,-0.98%,5573.0,0,1,0,0,0,0,0,0,0,0,0,0,0,0,0,0,0,0,0,0,0,0,0,0,0,0,0,0,1,0,1
MDM,First Trust Bloomberg Emerging Market Democracies ETF,Financial,Exchange Traded Fund,USA,,,42.36,-1.64%,3895.0,0,0,0,0,0,0,0,0,0,0,0,0,0,0,0,1,0,0,0,0,0,0,0,0,0,0,0,0,1,0,1
ME,Emcor Group Inc,Industrials,Engineering & Construction,USA,34610000000.0,24.35,784.66,-4.83%,369106.0,0,0,0,0,0,0,0,0,1,0,0,0,0,0,0,0,0,0,0,0,0,0,0,0,0,0,0,0,1,0,1
MEQ,Nomura Focused Emerging Markets Equity ETF,Financial,Exchange Traded Fund,USA,,,66.38,-1.23%,59388.0,0,0,0,0,0,0,0,0,1,0,0,0,0,0,0,0,0,0,0,0,0,0,0,0,0,0,0,0,1,0,1
MET,VanEck Copper and Electrification Metals ETF,Financial,Exchange Traded Fund,USA,,,40.81,-2.59%,3370.0,0,0,0,0,0,0,0,0,0,0,0,0,-1,-1,0,0,0,0,0,0,0,0,0,0,0,0,0,0,0,2,2
MIF,iShares Emerging Markets Infrastructure ETF,Financial,Exchange Traded Fund,USA,,,27.21,-1.00%,1751.0,0,0,0,0,0,0,0,0,1,1,0,0,0,0,0,0,0,0,0,0,0,0,0,0,0,0,0,0,2,0,2
MJL,Corgi EM 15% Buffer - Jul,Financial,Exchange Traded Fund,USA,,,24.45,-1.46%,3006.0,0,0,0,0,0,0,0,0,1,0,0,0,0,0,0,0,0,0,0,0,0,0,0,0,0,0,0,0,1,0,1
MKT,Lazard Emerging Markets Opportunities ETF,Financial,Exchange Traded Fund,USA,,,31.58,-1.20%,4460.0,0,0,0,0,0,0,0,0,0,0,0,0,0,0,0,1,0,0,0,0,0,0,0,0,0,0,0,0,1,0,1
ML,Eastern Co,Industrials,Tools & Accessories,USA,150080000.0,18.73,24.94,-0.40%,5943.0,0,0,0,0,0,0,0,0,0,0,0,0,-1,0,0,0,0,0,0,0,0,0,0,0,0,0,0,0,0,1,1
MLP,First Trust North American Energy Infrastructure Fund,Financial,Exchange Traded Fund,USA,,,42.09,-0.73%,325405.0,0,1,0,0,0,1,0,0,0,0,0,0,0,0,0,0,0,0,0,0,0,0,0,0,0,0,0,0,2,0,2
MN,Eastman Chemical Co,Basic Materials,Specialty Chemicals,USA,7230000000.0,16.48,63.25,-1.34%,1598416.0,0,0,0,0,0,0,0,0,0,0,0,0,0,0,0,1,0,0,0,0,0,0,0,0,0,0,0,0,1,0,1
MNT,PIMCO Enhanced Short Maturity Active ESG ETF,Financial,Exchange Traded Fund,USA,,,98.46,0.02%,35628.0,0,1,0,0,0,0,0,0,0,0,0,0,0,0,0,0,0,0,0,0,0,0,0,0,0,0,0,0,1,0,1
MOP,AB Emerging Markets Opportunities ETF,Financial,Exchange Traded Fund,USA,,,51.66,-1.67%,98218.0,0,0,0,0,0,0,0,0,0,0,0,0,0,0,0,1,0,0,0,0,0,0,0,0,0,0,0,0,1,0,1
MPB,Efficient Market Portfolio Plus ETF,Financial,Exchange Traded Fund,USA,,,35.02,-1.54%,16535.0,0,0,0,0,0,0,0,0,0,0,0,0,0,0,0,0,0,1,0,0,0,0,0,0,0,0,0,0,1,0,1
MQQ,EMQQ The Emerging Markets Internet ETF,Financial,Exchange Traded Fund,USA,,,31.53,-0.55%,13305.0,0,0,0,0,0,0,0,0,0,0,1,0,0,0,0,0,0,0,0,0,0,0,0,0,0,0,0,0,1,0,1
MR,Emerson Electric Co,Industrials,Specialty Industrial Machinery,USA,88810000000.0,34.79,159.22,-1.35%,3040497.0,0,0,0,0,0,0,0,0,0,0,1,0,0,0,0,0,0,0,0,0,0,0,0,0,0,0,0,0,1,0,1
MXF,iShares ESG Advanced MSCI EM ETF,Financial,Exchange Traded Fund,USA,,,57.58,-1.31%,8845.0,0,0,0,0,0,0,0,0,0,0,1,0,0,0,0,0,0,0,0,0,1,0,-1,0,0,0,0,0,2,1,3
NDW,Cambria Endowment Style ETF,Financial,Exchange Traded Fund,USA,,,34.24,-0.71%,9220.0,0,1,0,0,0,0,0,0,0,0,0,0,0,0,0,0,0,0,0,0,0,0,0,0,0,0,0,0,1,0,1
NFR,Alerian Energy Infrastructure ETF,Financial,Exchange Traded Fund,USA,,,37.61,-1.62%,94205.0,0,0,0,0,0,0,0,0,0,0,0,0,0,0,0,0,0,0,0,0,0,0,0,0,-1,0,0,0,0,1,1
NGS,Energys Group Ltd,Industrials,Waste Management,United Kingdom,140700000.0,,3.16,1.28%,1356238.0,0,0,0,0,0,0,0,0,0,0,1,1,0,0,0,0,0,0,0,0,0,0,0,0,0,0,0,0,2,0,2
NHU,iShares Enhanced Large Cap Core Active ETF,Financial,Exchange Traded Fund,USA,,,29.0,-0.22%,10.0,0,0,0,0,0,0,0,0,0,0,1,0,0,0,0,0,0,0,0,0,0,0,0,0,-1,0,0,0,1,1,2
NOR,iShares MSCI Norway ETF,Financial,Exchange Traded Fund,USA,,,34.97,-0.57%,24586.0,0,0,0,0,0,0,0,0,0,0,0,0,0,0,0,0,0,0,0,0,0,0,0,0,-1,0,0,0,0,1,1
NPH,Enphase Energy Inc,Technology,Solar,USA,4430000000.0,33.2,33.5,-1.21%,3472850.0,0,0,0,0,0,0,0,0,0,0,0,0,0,0,0,0,0,0,0,0,0,0,0,0,0,1,0,0,1,0,1
NR,Energizer Holdings Inc,Industrials,Electrical Equipment & Parts,USA,1480000000.0,18.33,21.54,-0.23%,769357.0,0,0,0,0,0,0,0,0,0,0,0,0,-1,0,0,0,0,0,0,0,0,0,0,0,0,0,0,0,0,1,1
NS,Enersys,Industrials,Electrical Equipment & Parts,USA,6580000000.0,19.52,182.49,-5.20%,496996.0,0,0,0,0,0,0,0,0,1,0,0,0,0,0,0,0,0,0,0,0,0,0,0,0,0,0,0,0,1,0,1
NSC,Ensysce Biosciences Inc,Healthcare,Biotechnology,USA,8350000.0,,0.43,-0.09%,195280.0,0,1,0,-1,0,0,0,0,0,0,0,0,0,0,0,0,0,0,0,0,0,0,0,0,0,0,0,0,1,1,2
NTA,Enanta Pharmaceuticals Inc,Healthcare,Biotechnology,USA,360290000.0,,12.37,1.64%,191666.0,0,1,0,0,0,0,0,0,0,0,0,0,0,0,0,0,0,0,0,0,0,0,0,0,0,0,0,0,1,0,1
NTG,Entegris Inc,Technology,Semiconductor Equipment & Materials,USA,25410000000.0,83.3,166.32,-0.34%,2160817.0,0,0,0,0,0,0,0,0,0,0,0,0,-1,0,0,0,0,0,0,0,0,0,0,0,0,0,0,0,0,1,1
OD,Allspring Global Dividend Opportunity Fund,Financial,Closed-End Fund - Equity,USA,275620000.0,,6.4,-0.16%,102914.0,0,0,0,0,0,0,0,0,0,0,0,0,0,0,0,0,0,0,0,0,1,0,-1,0,0,0,0,0,1,1,2
OG,EOG Resources Inc,Energy,Oil & Gas E&P,USA,75640000000.0,11.22,144.21,-0.05%,2141433.0,0,0,0,-1,0,0,0,0,0,0,0,0,0,0,0,0,0,0,0,0,0,0,0,0,0,0,0,0,0,1,1
OI,Eaton Vance Enhanced Equity Income Fund,Financial,Closed-End Fund - Equity,USA,820440000.0,,20.01,0.20%,49232.0,0,0,0,0,0,0,0,-1,0,0,0,0,0,0,0,0,0,0,0,0,0,0,0,0,0,0,0,0,0,1,1
ONR,EON Resources Inc,Energy,Oil & Gas E&P,USA,26710000.0,,0.48,-1.64%,378971.0,0,0,0,0,0,0,0,0,1,0,0,0,0,0,0,0,0,0,0,0,0,0,0,0,0,0,0,0,1,0,1
P,Empire Petroleum Corp,Energy,Oil & Gas E&P,USA,113570000.0,,2.73,-1.80%,29619.0,0,0,0,0,0,1,0,0,0,0,0,0,0,0,0,0,0,0,0,0,0,0,0,0,0,0,0,0,1,0,1
PAC,Enerpac Tool Group Corp,Industrials,Specialty Industrial Machinery,USA,1790000000.0,19.83,35.08,-1.74%,389031.0,0,0,0,0,0,0,0,0,0,0,0,0,0,0,0,0,0,1,0,0,0,0,0,0,0,0,0,0,1,0,1
PAI,Harbor AI Inflection Strategy ETF,Financial,Exchange Traded Fund,USA,,,28.16,-2.23%,275.0,0,0,0,0,0,0,0,0,1,0,0,0,0,0,0,0,0,0,0,0,0,0,0,0,0,0,0,0,1,0,1
PD,Enterprise Products Partners L P,Energy,Oil & Gas Midstream,USA,79710000000.0,12.83,36.91,-0.94%,2063181.0,0,0,0,0,0,0,0,0,0,0,0,0,0,0,0,0,0,0,0,0,0,0,0,0,-1,0,0,0,0,1,1
PEM,Harbor Emerging Markets Equity ETF,Financial,Exchange Traded Fund,USA,,,31.02,-0.89%,10.0,0,1,0,0,0,0,0,0,0,0,1,0,0,0,0,0,0,0,0,0,0,0,0,0,-1,0,0,0,2,1,3
PHE,iShares MSCI Philippines ETF,Financial,Exchange Traded Fund,USA,,,22.72,-0.13%,27479.0,0,1,0,0,0,0,0,0,0,0,0,0,-1,0,0,0,0,0,0,0,1,0,0,0,0,0,0,0,2,1,3
PM,Evolution Petroleum Corp,Energy,Oil & Gas E&P,USA,145020000.0,,3.61,-0.82%,250753.0,0,0,0,0,0,0,0,0,1,0,0,0,0,0,0,0,0,0,0,0,0,0,0,0,0,0,0,0,1,0,1
POW,E-Power Inc,Industrials,Electrical Equipment & Parts,China,9140000.0,,3.24,-10.25%,7957.0,0,0,0,0,0,0,0,0,1,0,0,0,0,0,0,0,0,0,0,0,0,0,0,0,0,0,0,0,1,0,1
PRF,Innovator S&P Investment Grade Preferred ETF,Financial,Exchange Traded Fund,USA,,,15.6,-0.98%,6177.0,0,0,0,0,0,0,0,0,1,0,0,0,0,0,0,0,0,0,0,0,0,0,0,0,0,0,0,0,1,0,1
PSM,Epsium Enterprise Ltd,Consumer Defensive,Beverages - Wineries & Distilleries,China,3280000.0,,1.23,0.00%,17223.0,0,0,0,0,0,1,0,0,0,0,0,0,-1,-1,0,0,0,0,0,0,0,0,0,0,0,0,0,0,1,2,3
PSN,Epsilon Energy Ltd,Energy,Oil & Gas E&P,USA,182910000.0,,6.04,1.17%,144047.0,0,1,0,0,0,0,0,0,0,0,1,1,0,0,0,0,0,0,0,0,0,0,0,0,-1,0,0,0,3,1,4
PSV,Harbor SMID Cap Value ETF,Financial,Exchange Traded Fund,USA,,,29.1,-1.68%,797.0,0,0,0,0,0,0,0,0,1,0,0,0,0,0,0,0,0,0,0,0,0,0,0,0,0,0,0,0,1,0,1
PV,ProShares UltraShort FTSE Europe -2X Shares,Financial,Exchange Traded Fund,USA,,,19.4,2.59%,22462.0,0,1,0,0,0,0,0,0,0,0,0,0,0,0,0,0,0,0,0,0,0,0,0,0,0,0,0,0,1,0,1
QIX,Equinix Inc,Real Estate,REIT - Specialty,USA,101810000000.0,66.4,1031.77,-1.49%,442990.0,0,0,0,0,0,0,0,0,0,0,0,0,-1,0,0,0,0,0,0,0,1,0,0,0,-1,0,0,0,1,2,3
QPT,Equipmentshare.Com Inc,Industrials,Rental & Leasing Services,USA,4490000000.0,228.13,17.68,-6.46%,3470144.0,0,0,0,0,0,0,0,0,1,0,0,0,0,0,0,0,0,0,0,0,0,0,0,0,0,0,0,0,1,0,1
QT,EQT Corp,Energy,Oil & Gas E&P,USA,32720000000.0,12.13,52.31,-0.30%,6873290.0,0,0,0,0,0,0,0,0,0,0,0,0,-1,-1,0,0,0,0,0,0,0,0,0,0,0,0,0,0,0,2,2
RIC,Telefonaktiebolaget L M Ericsson ADR,Technology,Communication Equipment,Sweden,28800000000.0,12.1,9.46,0.32%,6814930.0,0,0,0,0,0,0,0,0,1,0,0,0,0,0,0,0,0,0,0,0,0,0,0,0,0,0,0,0,1,0,1
RIE,Erie Indemnity Co,Financial,Insurance Brokers,USA,10140000000.0,19.88,217.77,-2.44%,222877.0,0,0,0,0,0,0,0,0,0,0,0,0,0,0,0,0,0,0,0,0,0,0,0,0,0,1,0,0,1,0,1
RO,Ero Copper Corp,Basic Materials,Copper,Canada,3840000000.0,12.42,36.78,-3.03%,943633.0,0,1,0,0,0,0,0,0,0,0,0,0,0,0,0,0,0,0,0,0,0,0,0,0,0,0,0,0,1,0,1
ROK,EagleRock Land LLC,Energy,Oil & Gas Equipment & Services,USA,2850000000.0,,21.65,-0.55%,451940.0,0,1,0,0,0,0,0,0,0,0,0,0,0,0,0,0,0,0,0,0,0,0,0,0,0,0,0,0,1,0,1
RY,Direxion Daily Energy Bear 2X ETF,Financial,Exchange Traded Fund,USA,,,8.93,1.02%,19670813.0,0,0,0,0,0,0,0,0,1,0,0,0,0,0,0,0,0,0,0,0,0,0,0,0,0,0,0,0,1,0,1
S,Eversource Energy,Utilities,Utilities - Regulated Electric,USA,24570000000.0,16.9,65.24,-0.03%,2289540.0,0,1,0,0,0,0,0,0,0,0,0,0,0,0,0,0,0,0,0,0,0,0,0,0,0,0,0,0,1,0,1
SBA,Empire State Realty OP LP,Real Estate,REIT - Office,USA,1210000000.0,239.44,4.31,0.23%,24003.0,0,0,0,0,0,0,0,0,1,0,0,0,0,0,0,0,0,0,0,0,0,0,0,0,0,0,0,0,1,0,1
SBG,"First Trust Enhanced Stocks, Bonds & Gold ETF",Financial,Exchange Traded Fund,USA,,,20.6,-1.23%,29.0,0,1,0,0,0,0,0,0,0,0,0,0,0,0,0,0,0,0,0,0,1,0,0,0,0,0,0,0,2,0,2
SEA,Euroseas Ltd,Industrials,Marine Shipping,Greece,478980000.0,3.75,72.85,0.87%,23749.0,0,0,0,-1,0,0,0,0,0,0,0,0,0,0,0,0,0,1,0,0,0,0,0,0,0,0,0,0,1,1,2
SGG,Northern Trust STOXX Global ESG Select ETF,Financial,Exchange Traded Fund,USA,,,240.5,-0.19%,580.0,0,0,0,0,0,0,0,0,0,0,0,0,0,0,0,0,0,0,0,0,0,0,0,0,-1,0,0,0,0,1,1
SGU,iShares Trust iShares ESG Aware MSCI USA ETF,Financial,Exchange Traded Fund,USA,,,170.08,-0.33%,247773.0,0,0,0,0,0,0,0,0,0,0,1,0,0,0,0,0,0,0,0,0,0,0,0,0,0,0,0,0,1,0,1
SI,Element Solutions Inc,Basic Materials,Specialty Chemicals,USA,9060000000.0,50.65,37.17,-1.51%,2417208.0,0,0,0,0,0,0,0,0,1,0,0,0,0,0,0,0,0,0,0,0,0,0,0,0,0,0,0,0,1,0,1
SLG,Eventide Large Cap Growth ETF,Financial,Exchange Traded Fund,USA,,,29.02,-0.54%,6458.0,0,0,0,-1,0,0,0,0,0,0,0,0,0,0,0,0,0,0,0,0,0,0,0,0,0,0,0,0,0,1,1
SLT,Elbit Systems Ltd,Industrials,Aerospace & Defense,Israel,31360000000.0,50.43,669.13,-3.18%,81083.0,0,0,0,0,0,1,0,0,1,1,0,0,0,0,0,0,0,0,0,0,0,0,0,0,0,0,0,0,3,0,3
SN,Essential 40 Stock ETF,Financial,Exchange Traded Fund,USA,,,20.5,-0.10%,51104.0,0,0,0,-1,0,0,0,0,0,0,0,0,0,0,0,0,0,1,0,0,0,0,0,0,0,0,0,0,1,1,2
SPO,VanEck Video Gaming and eSports ETF,Financial,Exchange Traded Fund,USA,,,97.32,-0.33%,7182.0,0,0,0,0,0,0,0,0,0,0,1,0,0,0,0,0,0,0,0,0,0,0,0,0,0,0,0,0,1,0,1
SQ,Esquire Financial Holdings Inc,Financial,Banks - Regional,USA,1400000000.0,19.11,115.7,-0.64%,148863.0,0,0,0,0,0,0,0,0,1,0,0,0,0,0,0,0,0,0,0,0,0,0,0,0,0,0,0,0,1,0,1
SRT,Empire State Realty Trust Inc,Real Estate,REIT - Diversified,USA,773910000.0,248.33,4.47,0.90%,6811543.0,0,1,0,0,0,0,0,0,0,0,0,0,0,0,0,0,0,0,0,0,0,0,0,0,0,0,0,0,1,0,1
T,Energy Transfer LP,Energy,Oil & Gas Midstream,USA,70520000000.0,14.03,20.48,-1.25%,5943905.0,0,0,0,-1,0,0,0,0,0,0,0,0,0,0,0,0,0,0,0,0,0,0,0,0,0,0,0,0,0,1,1
TB,Eaton Vance Tax-Managed Buy-Write Income Fund,Financial,Closed-End Fund - Equity,USA,454720000.0,,15.48,0.00%,34989.0,0,1,0,-1,0,0,0,-1,0,0,0,0,0,0,0,0,0,0,0,0,0,0,0,0,0,0,0,0,1,2,3
TEC,iShares Breakthrough Environmental Solutions ETF,Financial,Exchange Traded Fund,USA,,,24.52,-1.34%,867.0,0,0,0,0,0,0,0,0,1,0,0,0,0,0,0,0,0,0,0,0,0,0,0,0,0,0,0,0,1,0,1
TG,Eaton Vance Tax-Advantaged Global Dividend Income Fund,Financial,Closed-End Fund - Equity,USA,1760000000.0,,23.07,-0.39%,80277.0,0,1,0,0,0,0,0,0,0,0,0,0,0,0,0,0,0,0,0,0,0,0,0,0,0,0,0,0,1,0,1
TJ,Eaton Vance Risk-Managed Diversified Equity Income Fund,Financial,Closed-End Fund - Equity,USA,546490000.0,,8.12,-0.73%,282404.0,0,1,0,-1,0,0,0,0,1,0,0,0,0,0,0,0,0,0,0,0,0,0,0,0,0,0,0,0,2,1,3
TV,Eaton Vance Tax-Managed Buy-Write Opportunities Fund,Financial,Closed-End Fund - Equity,USA,1740000000.0,,14.9,-0.20%,179052.0,0,0,0,0,0,0,0,-1,0,0,0,0,0,0,0,0,0,0,0,0,0,0,0,0,0,0,0,0,0,1,1
U,enCore Energy Corp,Energy,Uranium,USA,209820000.0,,1.08,-5.26%,2293584.0,0,0,0,0,0,1,0,0,1,0,0,0,0,0,0,0,0,0,0,0,0,0,0,0,0,0,0,0,2,0,2
UM,ProShares Short MSCI Emerging Markets -1x Shares,Financial,Exchange Traded Fund,USA,,,15.58,1.37%,46004.0,0,0,0,0,0,0,0,0,0,0,0,0,0,0,0,1,0,0,0,0,0,0,0,0,0,0,0,0,1,0,1
URK,Eureka Acquisition Corp,Financial,Shell Companies,Hong Kong,25020000.0,313.35,11.5,0.00%,5570.0,0,0,0,0,0,0,0,0,0,0,0,0,0,0,0,0,0,0,0,0,0,0,-1,0,0,0,0,0,0,1,1
VCM,EverCommerce Inc,Technology,Software - Application,USA,1640000000.0,47.94,9.3,0.32%,178600.0,0,1,0,0,0,0,0,0,1,0,0,0,0,0,0,0,0,0,0,0,0,0,0,0,0,0,0,0,2,0,2
VEX,Eve Holding Inc,Industrials,Aerospace & Defense,USA,588940000.0,,1.69,-1.17%,697505.0,0,0,0,0,0,0,0,0,1,1,0,0,0,0,0,0,0,0,0,0,0,0,0,0,0,0,0,0,2,0,2
VG,Eaton Vance Short Duration Diversified Income Fund,Financial,Closed-End Fund - Debt,USA,135650000.0,,10.08,-0.10%,30932.0,0,0,0,-1,0,0,0,0,0,0,0,0,0,0,0,0,0,0,0,0,0,0,0,0,0,0,0,0,0,1,1
VGO,EVgo Inc,Consumer Cyclical,Specialty Retail,USA,405720000.0,,1.29,-2.27%,3044586.0,0,0,0,0,0,0,0,0,1,0,0,0,0,0,0,0,0,0,0,0,0,0,0,0,0,0,0,0,1,0,1
VHY,Eaton Vance High Yield ETF,Financial,Exchange Traded Fund,USA,,,50.74,-0.06%,962.0,0,0,0,-1,0,0,0,0,0,0,0,0,0,0,0,0,0,0,0,0,0,0,0,0,0,0,0,0,0,1,1
VLN,Eaton Vance Floating-Rate ETF,Financial,Exchange Traded Fund,USA,,,48.28,-0.01%,51045.0,0,0,0,0,0,0,0,0,0,0,1,0,0,0,0,0,0,0,0,0,0,0,0,0,0,0,0,0,1,0,1
VMT,Invesco Electric Vehicle Metals Commodity Strategy No K-1 ETF,Financial,Exchange Traded Fund,USA,,,17.34,-0.14%,369.0,0,0,0,0,0,0,0,0,0,0,1,1,0,0,0,1,0,0,0,0,0,0,0,0,0,0,0,0,3,0,3
VO,Evotec SE ADR,Healthcare,Drug Manufacturers - Specialty & Generic,Germany,571840000.0,,1.61,-1.23%,93136.0,0,0,0,-1,0,0,0,0,0,0,0,0,0,0,0,0,0,0,0,0,0,0,0,0,0,0,0,0,0,1,1
VSB,Eaton Vance Ultra-Short Income ETF,Financial,Exchange Traded Fund,USA,,,50.68,0.07%,131543.0,0,1,0,0,0,0,0,0,0,0,0,0,0,0,0,0,0,0,0,0,0,0,0,0,0,0,0,0,1,0,1
VTC,Evertec Inc,Technology,Software - Infrastructure,USA,1730000000.0,18.9,28.96,-0.31%,499046.0,0,0,0,0,0,0,0,0,0,0,0,0,0,0,0,0,0,0,0,0,0,0,0,0,0,0,0,1,1,0,1
VTR,Eaton Vance Total Return Bond ETF,Financial,Exchange Traded Fund,USA,,,48.24,-0.06%,2571069.0,0,0,0,0,0,1,0,0,1,1,0,0,0,0,0,0,0,0,0,0,0,0,0,0,0,0,0,0,3,0,3
W,Edwards Lifesciences Corp,Healthcare,Medical Devices,USA,49440000000.0,50.9,85.78,-0.81%,3508090.0,0,0,0,0,0,1,0,0,0,0,0,0,0,0,0,1,0,0,0,0,0,0,0,0,0,0,0,0,2,0,2
WA,iShares MSCI Australia ETF,Financial,Exchange Traded Fund,USA,,,28.23,-1.12%,2714258.0,0,1,0,0,0,0,0,0,0,0,1,1,0,0,0,0,0,0,0,0,0,0,0,0,0,0,0,0,3,0,3
WBC,East West Bancorp Inc,Financial,Banks - Regional,USA,17160000000.0,12.03,125.27,-1.46%,1075568.0,0,0,0,0,0,0,0,0,0,0,0,0,0,0,0,0,0,0,0,0,0,0,0,0,-1,0,0,0,0,1,1
WD,iShares MSCI Sweden ETF,Financial,Exchange Traded Fund,USA,,,49.99,-0.71%,107145.0,0,0,0,0,0,0,0,0,0,0,1,1,0,0,0,0,0,0,0,0,0,0,0,0,0,0,0,0,2,0,2
WJ,iShares MSCI Japan ETF,Financial,Exchange Traded Fund,USA,,,98.32,-1.01%,2678662.0,0,0,0,0,0,0,0,-1,0,0,0,0,0,0,0,0,0,0,0,0,0,0,0,0,0,0,0,0,0,1,1
WK,iShares MSCI Belgium ETF,Financial,Exchange Traded Fund,USA,,,25.38,-0.78%,72801.0,0,0,0,0,0,0,0,0,0,0,1,0,0,0,0,0,0,0,0,0,0,0,0,0,0,0,0,0,1,0,1
WN,iShares MSCI Netherlands ETF,Financial,Exchange Traded Fund,USA,,,66.73,-2.04%,58134.0,0,1,0,0,0,0,0,0,0,0,0,0,0,0,0,0,0,0,0,0,0,0,0,0,0,0,0,0,1,0,1
WT,iShares MSCI Taiwan ETF,Financial,Exchange Traded Fund,USA,,,116.24,-1.16%,4044312.0,0,0,0,0,0,0,0,0,0,0,1,0,0,0,0,0,0,0,0,0,0,0,0,0,0,0,0,0,1,0,1
WTX,Edgewise Therapeutics Inc,Healthcare,Biotechnology,USA,4300000000.0,,39.57,-1.12%,1446112.0,0,0,0,0,0,1,0,0,0,0,0,0,0,0,0,0,0,0,0,0,0,0,0,0,0,0,0,0,1,0,1
WV,ProShares UltraShort MSCI Japan -2x Shares,Financial,Exchange Traded Fund,USA,,,15.61,2.21%,2918.0,0,0,0,0,0,0,0,0,1,1,0,0,0,0,0,0,0,0,0,0,0,0,0,0,0,0,0,0,2,0,2
WW,iShares MSCI Mexico ETF,Financial,Exchange Traded Fund,USA,,,71.97,-0.99%,1364989.0,0,0,0,0,0,0,0,0,0,0,0,0,-1,-1,0,0,0,0,0,0,0,0,0,0,0,0,0,0,0,2,2
WX,State Street SPDR S&P Emerging Markets Small Cap ETF,Financial,Exchange Traded Fund,USA,,,71.61,-0.67%,15049.0,0,0,0,0,0,0,0,0,0,0,0,0,0,0,0,0,0,0,0,0,0,0,0,0,0,0,-1,0,0,1,1
WZS,iShares MSCI Brazil Small-Cap ETF,Financial,Exchange Traded Fund,USA,,,15.94,-0.16%,1386630.0,0,0,0,0,0,0,0,0,0,0,0,0,0,0,0,0,0,0,0,0,0,0,0,0,0,0,0,1,1,0,1
XE,Expand Energy Corp,Energy,Oil & Gas E&P,USA,20400000000.0,7.61,88.12,-0.12%,2058724.0,0,1,0,0,0,0,0,0,0,0,0,0,0,0,0,0,0,0,0,0,0,0,0,0,0,0,0,0,1,0,1
XK,Endeavour Silver Corp,Basic Materials,Silver,Canada,2460000000.0,46.98,8.32,-4.04%,5870950.0,0,0,0,0,0,0,0,0,1,0,0,0,0,0,0,0,0,0,0,0,0,0,0,0,0,0,0,0,1,0,1
XOZ,eXoZymes Inc,Healthcare,Biotechnology,USA,51420000.0,,5.54,0.36%,7551.0,0,0,0,0,0,0,0,0,1,0,0,0,0,0,0,0,0,0,0,0,0,0,0,0,0,0,0,0,1,0,1
XP,Eagle Materials Inc,Basic Materials,Building Materials,USA,5140000000.0,13.25,167.5,-2.36%,614817.0,0,0,0,0,0,0,0,0,0,0,1,0,0,0,0,0,0,0,0,0,0,0,0,0,0,0,0,0,1,0,1
XPD,Expeditors International Of Washington Inc,Industrials,Integrated Freight & Logistics,USA,24810000000.0,27.77,190.85,-0.50%,832974.0,0,0,0,0,0,0,0,-1,0,0,0,0,0,0,0,0,0,0,0,0,0,0,0,0,0,0,0,0,0,1,1
YLD,Cambria Emerging Shareholder Yield ETF,Financial,Exchange Traded Fund,USA,,,48.33,-0.58%,70779.0,0,1,0,0,0,0,0,0,0,0,1,0,0,0,0,0,0,0,0,0,0,0,-1,0,0,0,0,0,2,1,3
ZJ,ProShares Ultra MSCI Japan 2x Shares,Financial,Exchange Traded Fund,USA,,,69.92,-2.25%,3261.0,0,1,0,-1,0,0,0,0,0,0,1,1,0,0,0,0,0,0,0,0,0,0,0,0,0,0,0,0,3,1,4
AAA,Fidelity AAA CLO ETF,Financial,Exchange Traded Fund,USA,,,50.29,-0.03%,62777.0,0,0,0,-1,0,0,0,0,0,0,0,0,0,0,0,0,0,1,0,0,0,0,0,0,0,0,0,0,1,1,2
AD,First Trust Multi Cap Growth AlphaDEX Fund,Financial,Exchange Traded Fund,USA,,,183.01,-1.51%,16314.0,0,0,0,0,0,0,0,0,1,1,0,0,0,0,0,0,0,0,0,0,0,0,0,0,0,0,0,0,2,0,2
AN,First Trust Global Wind Energy ETF,Financial,Exchange Traded Fund,USA,,,22.17,-1.90%,39318.0,0,0,0,0,0,0,0,0,0,0,0,0,-1,-1,0,0,0,0,0,0,0,0,0,0,0,0,0,0,0,2,2
ANG,Diamondback Energy Inc,Energy,Oil & Gas E&P,USA,51630000000.0,35.72,184.38,-0.32%,2323211.0,0,1,0,0,0,0,0,0,0,0,0,0,0,0,0,0,0,0,0,0,0,0,0,0,-1,0,0,0,1,1,2
APR,FT Vest U.S. Equity Buffer ETF - April,Financial,Exchange Traded Fund,USA,,,48.27,-0.21%,26144.0,0,0,0,0,0,0,0,-1,0,0,0,0,0,0,0,0,0,0,0,0,0,0,0,0,0,0,0,0,0,1,1
AUG,FT Vest U.S. Equity Buffer ETF - August,Financial,Exchange Traded Fund,USA,,,58.36,-0.15%,21129.0,0,0,0,0,0,0,0,-1,0,0,0,0,0,0,0,0,0,0,0,0,0,0,0,0,0,0,0,0,0,1,1
AX,abrdn Asia-Pacific Income Fund Inc,Financial,Closed-End Fund - Debt,USA,528000000.0,,12.79,-0.54%,209135.0,0,0,0,0,0,0,0,0,1,0,0,0,0,0,0,0,0,0,0,0,0,0,0,0,0,0,0,0,1,0,1
B,ProShares S&P 500 Dynamic Buffer ETF,Financial,Exchange Traded Fund,USA,,,45.88,-0.01%,1084.0,0,0,0,0,0,1,0,0,0,0,0,0,0,0,0,0,0,0,0,0,0,0,0,0,0,0,0,0,1,0,1
BDC,FT Confluence BDC & Specialty Finance Income ETF,Financial,Exchange Traded Fund,USA,,,16.42,-0.83%,11587.0,0,0,0,0,0,0,0,0,0,0,0,0,-1,0,0,0,0,0,0,0,0,0,0,0,0,0,0,0,0,1,1
BGL,FBS Global Ltd,Industrials,Engineering & Construction,USA,4840000.0,,3.58,0.56%,80561.0,0,0,0,0,0,0,0,0,0,0,0,0,-1,0,0,0,0,0,0,0,0,0,0,0,0,0,0,0,0,1,1
BIZ,First Business Financial Services Inc,Financial,Banks - Regional,USA,586620000.0,10.69,70.1,-0.86%,73053.0,0,0,0,0,0,0,0,0,0,0,1,0,0,0,0,0,0,0,0,0,0,0,-1,0,0,0,0,0,1,1,2
BOT,Fidelity Disruptive Automation ETF,Financial,Exchange Traded Fund,USA,,,39.67,-1.39%,8290.0,0,0,0,0,0,0,0,-1,0,0,0,0,0,0,0,0,0,0,0,0,0,0,0,0,0,0,0,0,0,1,1
BRT,Franklin BSP Realty Trust Inc,Real Estate,REIT - Mortgage,USA,509900000.0,13.96,6.14,0.00%,1164707.0,0,0,0,0,0,0,0,0,0,0,0,0,0,0,0,0,0,0,0,-1,0,0,0,0,0,0,0,0,0,1,1
BT,First Trust NYSE Arca Biotechnology Index Fund,Financial,Exchange Traded Fund,USA,,,263.49,-0.56%,64032.0,0,0,0,0,0,0,0,0,0,0,1,0,0,0,0,0,0,0,0,0,0,0,-1,0,0,0,0,0,1,1,2
BY,YieldMax META Option Income Strategy ETF,Financial,Exchange Traded Fund,USA,,,9.47,-1.66%,163189.0,0,0,0,0,0,0,0,0,0,0,0,0,0,0,0,0,0,0,0,-1,0,0,0,0,0,0,0,0,0,1,1
C,Franklin Covey Co,Consumer Defensive,Education & Training Services,USA,203860000.0,106.99,18.05,3.44%,56583.0,0,0,0,0,0,0,0,0,0,0,0,0,0,0,0,0,0,0,0,0,0,0,0,0,0,0,-1,0,0,1,1
CBC,First Community Bankshares Inc,Financial,Banks - Regional,USA,898990000.0,15.03,47.54,-0.52%,58280.0,0,0,0,0,0,1,0,0,0,0,0,0,0,0,0,0,0,1,0,0,0,0,0,0,0,0,0,0,2,0,2
CFY,First Trust S&P 500 Diversified Free Cash Flow ETF,Financial,Exchange Traded Fund,USA,,,29.18,-0.27%,12.0,0,0,0,0,0,0,0,-1,0,0,0,0,0,0,0,0,0,0,0,0,0,0,0,0,0,0,0,0,0,1,1
CLO,Fidelity CLO ETF,Financial,Exchange Traded Fund,USA,,,50.4,-0.07%,3499.0,0,0,0,0,0,1,0,0,0,0,0,0,0,0,0,0,0,0,0,0,0,0,0,0,0,0,0,0,1,0,1
CN,FTI Consulting Inc,Industrials,Consulting Services,USA,3800000000.0,16.65,137.73,0.09%,454741.0,0,0,0,0,0,1,0,0,1,1,0,0,0,0,0,0,0,0,0,0,0,0,0,0,0,0,0,0,3,0,3
CPI,Fidelity Stocks for Inflation ETF,Financial,Exchange Traded Fund,USA,,,56.91,-0.36%,6440.0,0,0,0,-1,0,0,0,0,0,0,0,0,0,0,0,0,0,0,0,0,0,0,0,0,0,0,0,0,0,1,1
CSH,Federated Hermes Short Duration Corporate ETF,Financial,Exchange Traded Fund,USA,,,23.69,0.00%,345.0,0,0,0,0,0,0,0,0,1,0,0,0,0,0,0,0,0,0,0,0,0,0,0,0,0,0,0,0,1,0,1
CVT,First Trust SSI Strategic Convertible Securities ETF,Financial,Exchange Traded Fund,USA,,,49.37,-1.30%,7474.0,0,0,0,0,0,0,0,0,0,0,0,0,0,0,0,1,0,0,0,0,0,0,0,0,0,0,0,0,1,0,1
DAT,Tactical Advantage ETF,Financial,Exchange Traded Fund,USA,,,22.34,-0.49%,1347.0,0,1,0,0,0,0,0,0,0,0,0,0,0,0,0,0,0,0,0,0,0,0,0,0,0,0,0,0,1,0,1
DBC,Fidelity D&D Bancorp Inc,Financial,Banks - Regional,USA,325330000.0,10.67,56.01,0.99%,11706.0,0,0,0,0,0,0,0,-1,0,0,0,0,0,0,0,0,0,0,0,0,0,0,0,0,0,0,0,0,0,1,1
DCF,Fidelity Disruptive Communications ETF,Financial,Exchange Traded Fund,USA,,,52.65,-0.24%,5627.0,0,0,0,0,0,0,0,0,0,0,1,1,0,0,0,0,0,0,0,0,0,0,0,0,0,0,0,0,2,0,2
DFF,Fidelity Disruptive Finance ETF,Financial,Exchange Traded Fund,USA,,,34.78,-0.71%,4396.0,0,0,0,0,0,0,0,0,0,0,0,0,0,0,0,0,0,1,0,0,0,0,0,0,0,0,0,0,1,0,1
DHY,Fidelity Enhanced High Yield ETF,Financial,Exchange Traded Fund,USA,,,47.84,0.17%,64357.0,0,0,0,-1,0,0,0,0,0,0,0,0,0,0,0,0,0,0,0,0,0,0,0,0,0,0,0,0,0,1,1
DIF,Fidelity Disruptors ETF,Financial,Exchange Traded Fund,USA,,,42.13,-0.81%,2900.0,0,0,0,-1,0,0,0,-1,0,0,0,0,0,0,0,0,0,0,0,0,0,0,0,0,0,0,0,0,0,2,2
DIQ,Invesco Bloomberg Financial Data Providers ETF,Financial,Exchange Traded Fund,USA,,,68.25,-0.34%,1262.0,0,0,0,0,0,0,0,0,0,0,0,0,0,0,0,0,0,0,0,0,0,0,-1,0,0,0,0,0,0,1,1
DN,First Trust Dow Jones Internet Index Fund,Financial,Exchange Traded Fund,USA,,,295.5,-0.44%,135646.0,0,0,0,0,0,0,0,-1,0,0,0,0,0,0,0,0,0,0,0,0,0,0,0,0,0,0,0,0,0,1,1
DND,FT Vest Dow Jones Internet & Target Income ETF,Financial,Exchange Traded Fund,USA,,,22.88,-0.39%,26.0,0,0,0,0,0,0,0,0,0,0,1,0,0,0,0,0,0,0,0,0,0,0,0,0,-1,0,0,0,1,1,2
DRR,Fidelity Dividend ETF for Rising Rates,Financial,Exchange Traded Fund,USA,,,69.13,-0.42%,20690.0,0,0,0,0,0,0,0,0,0,0,0,0,0,0,0,0,0,0,0,0,0,0,0,0,-1,0,0,0,0,1,1
DRS,Founder-Led ETF,Financial,Exchange Traded Fund,USA,,,26.43,-1.34%,1581.0,0,0,0,0,0,0,0,0,0,0,1,0,0,0,0,0,0,0,0,0,0,0,0,0,0,0,0,0,1,0,1
DRX,Founder-Led 2X Daily ETF,Financial,Exchange Traded Fund,USA,,,25.93,-2.09%,506.0,0,0,0,0,0,0,0,0,0,0,1,0,0,0,0,0,0,0,0,0,0,0,-1,0,0,0,0,0,1,1,2
DTS,First Trust Developed Markets ex-US Small Cap AlphaDEX Fund,Financial,Exchange Traded Fund,USA,,,71.21,-1.37%,558.0,0,1,0,0,0,0,0,0,0,0,1,0,0,0,0,0,0,0,0,0,1,0,0,0,0,0,0,0,3,0,3
E,Firstenergy Corp,Utilities,Utilities - Regulated Electric,USA,25800000000.0,23.79,44.58,0.72%,6748389.0,0,0,0,0,0,0,0,0,1,0,0,0,0,0,0,0,0,0,0,0,0,0,0,0,0,0,0,0,1,0,1
EAC,Fidelity Enhanced U.S. All-Cap Equity ETF,Financial,Exchange Traded Fund,USA,,,33.46,-0.31%,2121.0,0,0,0,0,0,0,0,0,0,0,0,0,0,0,0,1,0,0,0,0,0,0,0,0,0,0,0,0,1,0,1
EAM,5E Advanced Materials Inc,Basic Materials,Specialty Chemicals,USA,129520000.00000001,,3.11,-17.29%,1820129.0,0,0,0,0,0,0,0,0,0,0,1,0,0,0,0,0,0,0,0,0,0,0,0,0,0,0,0,0,1,0,1
EBO,Fenbo Holdings Ltd,Technology,Consumer Electronics,Hong Kong,2420000.0,,0.79,4.62%,25432.0,0,0,0,0,0,1,0,0,0,0,0,0,0,0,0,0,0,0,0,0,0,0,0,0,0,0,0,0,1,0,1
EBT,AllianzIM U.S. Equity Buffer10 Feb ETF,Financial,Exchange Traded Fund,USA,,,42.62,-0.13%,14674.0,0,0,0,0,0,0,0,-1,0,0,0,0,0,0,0,0,0,0,0,0,0,0,0,0,0,0,0,0,0,1,1
EDU,Four Seasons Education (Cayman) Inc ADR,Consumer Defensive,Education & Training Services,China,22830000.0,5.34,10.1,-2.88%,8335.0,0,0,0,0,0,0,0,0,1,0,0,0,0,0,0,0,0,0,0,0,0,0,0,0,0,0,0,0,1,0,1
EIG,Northern Trust ESG & Climate Investment Grade Corporate Core ETF,Financial,Exchange Traded Fund,USA,,,38.62,-0.04%,129.0,0,0,0,0,0,0,0,0,1,0,0,0,0,0,0,0,0,0,0,0,0,0,0,0,0,0,0,0,1,0,1
EIM,Frequency Electronics Inc,Technology,Communication Equipment,USA,892280000.0,305.83,79.15,-9.16%,326839.0,0,1,0,0,0,0,0,0,0,0,0,0,0,0,0,0,0,0,0,0,0,0,0,0,0,0,0,0,1,0,1
ELC,Fidelity Enhanced Large Cap Core ETF,Financial,Exchange Traded Fund,USA,,,44.11,-0.25%,947657.0,0,0,0,0,0,0,0,0,0,0,1,0,0,0,0,0,0,0,0,0,0,0,0,0,0,0,0,0,1,0,1
ELG,Fidelity Enhanced Large Cap Growth ETF,Financial,Exchange Traded Fund,USA,,,46.25,-0.28%,475037.0,0,0,0,0,0,0,0,-1,0,0,0,0,0,0,0,0,0,0,0,0,0,0,0,0,0,0,0,0,0,1,1
EM,First Trust Emerging Markets AlphaDEX Fund,Financial,Exchange Traded Fund,USA,,,32.94,-1.23%,84186.0,0,0,0,0,0,0,0,0,0,0,1,0,0,0,0,0,0,0,0,0,0,0,0,0,-1,0,0,0,1,1,2
EMB,First Trust Emerging Markets Local Currency Bond ETF,Financial,Exchange Traded Fund,USA,,,28.65,-0.73%,513710.0,0,0,0,0,0,0,0,0,0,0,0,0,0,0,0,0,0,0,0,0,0,0,0,1,0,0,0,0,1,0,1
EMY,Femasys Inc,Healthcare,Medical Instruments & Supplies,USA,16750000.0,,2.0,-3.85%,80797.0,0,0,0,0,0,0,0,0,1,0,0,0,0,0,0,0,0,0,0,0,0,0,0,0,0,0,0,0,1,0,1
ENG,Phoenix New Media Ltd ADR,Communication Services,Internet Content & Information,China,7560000.0,3.96,1.4,-0.70%,1346.0,0,0,0,0,0,0,0,0,1,0,0,0,0,0,0,0,0,0,0,0,0,0,0,0,0,0,0,0,1,0,1
EP,First Trust Europe AlphaDEX Fund,Financial,Exchange Traded Fund,USA,,,55.31,-1.45%,34003.0,0,0,0,-1,0,0,0,-1,0,0,0,0,0,0,0,0,0,0,0,0,0,0,0,0,0,0,0,0,0,2,2
EPI,REX FANG & Innovation Equity Premium Income ETF,Financial,Exchange Traded Fund,USA,,,43.59,-0.17%,229692.0,0,0,0,0,0,0,0,0,0,0,0,0,0,0,0,0,0,0,0,0,0,0,0,1,0,0,0,0,1,0,1
ESC,First Eagle Small Cap Equity ETF,Financial,Exchange Traded Fund,USA,,,22.83,-1.60%,13165.0,0,0,0,0,0,0,0,0,1,0,0,0,0,0,0,0,0,0,0,0,0,0,0,0,0,0,0,0,1,0,1
ET,Forum Energy Technologies Inc,Energy,Oil & Gas Equipment & Services,USA,944200000.0,,82.3,-2.52%,170462.0,0,0,0,0,0,0,0,0,0,0,0,0,0,0,0,0,0,0,0,0,0,0,-1,0,0,0,0,0,0,1,1
EUZ,First Trust Eurozone AlphaDEX ETF,Financial,Exchange Traded Fund,USA,,,62.72,-1.29%,1306.0,0,0,0,0,0,0,0,0,0,0,0,0,0,0,0,0,0,0,0,0,0,0,0,0,-1,0,0,0,0,1,1
FA,First Trust Enhanced Equity Income Fund,Financial,Closed-End Fund - Equity,USA,447930000.0,,22.41,0.72%,54510.0,0,0,0,0,0,0,0,-1,0,0,0,0,0,0,0,0,0,0,0,0,0,0,0,0,0,0,0,0,0,1,1
FEM,Fidelity Fundamental Emerging Markets ETF,Financial,Exchange Traded Fund,USA,,,42.16,-1.38%,12267.0,0,0,0,0,0,0,0,0,0,0,0,0,0,0,0,1,0,0,0,0,0,0,0,0,0,0,0,0,1,0,1
FGX,Fidelity Fundamental Global ex-U.S. ETF,Financial,Exchange Traded Fund,USA,,,33.67,-1.65%,8668.0,0,0,0,0,0,0,0,-1,0,0,0,0,0,0,0,0,0,0,0,0,0,0,0,0,0,0,0,0,0,1,1
FIU,UVA Unconstrained Medium-Term Fixed Income ETF,Financial,Exchange Traded Fund,USA,,,20.47,0.01%,30.0,0,0,0,0,0,1,0,0,1,0,0,0,0,0,0,0,0,0,0,-1,0,0,0,0,0,0,0,0,2,1,3
GBI,First Guaranty Bancshares Inc,Financial,Banks - Regional,USA,136940000.0,,8.28,-2.59%,17684.0,0,0,0,0,0,0,0,0,1,0,0,0,0,0,0,0,0,0,0,0,0,0,0,0,0,0,0,0,1,0,1
GC,FG Communities Holdings Inc,Financial,Asset Management,USA,36020000.0,,7.65,9.91%,106598.0,0,0,0,0,0,0,0,0,0,0,0,0,0,0,0,0,0,0,0,0,1,0,0,1,0,0,0,0,2,0,2
GI,FGI Industries Ltd,Consumer Cyclical,"Furnishings, Fixtures & Appliances",USA,14840000.0,,7.68,0.20%,6367.0,0,0,0,0,0,0,0,0,0,0,1,0,0,0,0,0,0,0,0,0,0,0,-1,0,0,0,0,0,1,1,2
GM,First Trust Germany AlphaDEX Fund,Financial,Exchange Traded Fund,USA,,,57.44,-1.63%,1021.0,0,0,0,0,0,0,0,0,0,0,0,0,0,0,0,1,0,0,0,0,0,0,0,0,0,0,0,0,1,0,1
GRU,T-REX 2X Long FIGR Daily Target ETF,Financial,Exchange Traded Fund,USA,,,6.86,1.70%,63682.0,0,0,0,0,0,0,0,0,1,0,0,0,0,0,0,0,0,0,0,0,0,0,0,0,0,0,0,0,1,0,1
HDG,FT Vest U.S. Equity Quarterly Dynamic Buffer ETF,Financial,Exchange Traded Fund,USA,,,37.51,-0.11%,514.0,0,0,0,0,0,0,0,-1,0,0,0,0,0,0,0,0,0,0,0,0,0,0,0,0,0,0,0,0,0,1,1
HN,First Horizon Corp,Financial,Banks - Regional,USA,10890000000.0,11.04,22.99,-1.50%,5568358.0,0,0,0,0,0,0,0,0,0,0,1,0,0,0,0,0,0,0,0,0,0,0,0,0,0,0,0,0,1,0,1
IAT,YieldMax Short COIN Option Income Strategy ETF,Financial,Exchange Traded Fund,USA,,,15.81,2.53%,49024.0,0,1,0,0,0,0,0,0,1,1,0,0,0,0,0,0,0,0,0,0,0,0,0,0,0,0,0,0,3,0,3
IAX,Nicholas Fixed Income Alternative ETF,Financial,Exchange Traded Fund,USA,,,17.06,0.11%,10314.0,0,0,0,-1,0,0,0,0,0,0,0,0,0,0,0,0,0,0,0,0,0,0,0,0,0,0,0,0,0,1,1
IEE,FiEE Inc,Technology,Communication Equipment,Hong Kong,31470000.0,9.95,3.69,2.50%,1582.0,0,0,0,0,0,0,0,0,1,0,0,0,0,0,0,0,0,0,0,0,0,0,0,0,0,0,0,0,1,0,1
IG,Figma Inc,Technology,Software - Application,USA,11520000000.0,,21.62,-1.41%,5704417.0,0,0,0,0,0,0,0,0,0,0,0,0,0,0,0,0,0,0,0,0,0,0,0,1,0,0,0,0,1,0,1
IGB,Fidelity Investment Grade Bond ETF,Financial,Exchange Traded Fund,USA,,,40.84,0.20%,70965.0,0,0,0,0,0,0,0,0,0,0,0,0,0,0,0,0,0,0,0,-1,0,0,0,0,0,0,0,0,0,1,1
IGR,Figure Technology Solutions Inc,Financial,Capital Markets,USA,6210000000.0,32.68,27.68,1.21%,4033311.0,0,0,0,0,0,0,0,0,0,0,0,0,-1,0,0,0,0,0,0,0,0,0,0,0,0,0,0,0,0,1,1
INT,Frontier Asset Total International Equity ETF,Financial,Exchange Traded Fund,USA,,,36.04,-1.05%,751.0,0,0,0,-1,0,0,0,0,0,0,0,0,0,0,0,0,0,0,0,0,0,0,0,0,0,0,0,0,0,1,1
IP,FTAI Infrastructure Inc,Industrials,Conglomerates,USA,335640000.0,,2.84,6.37%,1221236.0,0,0,0,0,0,0,0,0,1,0,0,0,0,0,0,0,0,0,0,0,0,0,0,0,0,0,0,0,1,0,1
IVN,Five9 Inc,Technology,Software - Infrastructure,USA,2520000000.0,49.31,33.78,1.47%,1961606.0,0,0,0,0,0,0,0,-1,0,0,0,0,0,0,0,0,0,0,0,0,0,0,0,0,0,0,0,0,0,1,1
IX,Comfort Systems USA Inc,Industrials,Engineering & Construction,USA,61290000000.0,42.84,1741.36,-4.21%,369524.0,0,0,0,0,0,1,0,0,0,0,0,0,0,0,0,1,0,0,0,0,0,0,0,0,0,0,0,0,2,0,2
JP,First Trust Japan AlphaDEX Fund,Financial,Exchange Traded Fund,USA,,,78.65,-1.17%,28494.0,0,0,0,0,0,0,0,0,0,0,1,0,0,0,0,0,0,0,0,0,0,0,0,0,0,0,0,0,1,0,1
JUN,FT Vest U.S. Equity Buffer ETF - June,Financial,Exchange Traded Fund,USA,,,61.92,-0.11%,23308.0,0,0,0,0,0,0,0,-1,0,0,0,0,0,0,0,0,0,0,0,0,0,0,0,0,0,0,0,0,0,1,1
LBL,Franklin Senior Loan ETF,Financial,Exchange Traded Fund,USA,,,22.75,-0.20%,3219998.0,0,0,0,0,0,0,0,0,0,0,1,1,0,0,0,0,0,0,0,0,0,0,0,0,0,0,0,0,2,0,2
LBR,Franklin FTSE Brazil ETF,Financial,Exchange Traded Fund,USA,,,26.37,-1.42%,194464.0,0,0,0,0,0,0,0,0,1,0,0,0,0,0,0,0,0,0,0,0,0,0,0,0,0,0,0,0,1,0,1
LDB,Fidelity Low Duration Bond ETF,Financial,Exchange Traded Fund,USA,,,50.2,0.01%,148607.0,0,0,0,0,0,1,0,0,0,0,0,0,0,0,0,0,0,0,0,0,0,0,0,0,0,0,0,0,1,0,1
LEX,Flex Ltd,Technology,Electronic Components,USA,44090000000.0,46.08,119.34,-1.68%,3022831.0,0,0,0,0,0,0,0,0,1,0,0,0,0,0,0,0,0,0,0,0,0,0,0,0,0,0,0,0,1,0,1
LJH,Franklin FTSE Japan Hedged ETF,Financial,Exchange Traded Fund,USA,,,46.98,-0.78%,13758.0,0,0,0,0,0,0,0,0,0,0,1,1,0,0,0,0,0,0,0,0,1,0,0,0,-1,0,0,0,3,1,4
LJP,Franklin FTSE Japan ETF,Financial,Exchange Traded Fund,USA,,,41.78,-0.85%,1006215.0,0,0,0,0,0,0,0,-1,0,0,0,0,0,0,0,0,0,0,0,0,0,0,0,0,0,0,0,0,0,1,1
LLA,Franklin FTSE Latin America ETF,Financial,Exchange Traded Fund,USA,,,29.62,-1.43%,13223.0,0,0,0,0,0,0,0,0,0,0,0,0,-1,0,0,0,0,0,0,0,0,0,0,0,0,0,0,0,0,1,1
LMX,Franklin FTSE Mexico ETF,Financial,Exchange Traded Fund,USA,,,34.91,-0.79%,19057.0,0,0,0,0,0,0,0,0,0,0,0,0,-1,0,0,0,0,0,0,0,0,0,0,0,0,0,0,0,0,1,1
LN,First Trust Latin America AlphaDEX Fund,Financial,Exchange Traded Fund,USA,,,27.28,-1.52%,5251.0,0,0,0,0,0,0,0,0,0,0,0,0,-1,0,0,0,0,0,0,0,0,0,0,0,0,0,0,0,0,1,1
LNT,Fluent Inc,Communication Services,Advertising Agencies,USA,87550000.0,,2.77,3.75%,63580.0,0,0,0,0,0,0,0,0,1,0,0,0,0,0,0,0,0,0,0,0,0,0,0,0,0,0,0,0,1,0,1
LO,Flowers Foods Inc,Consumer Defensive,Packaged Foods,USA,1240000000.0,22.64,5.84,1.74%,10702731.0,0,0,0,0,0,0,0,0,0,0,0,0,-1,0,0,0,0,0,0,0,0,0,0,0,0,0,0,0,0,1,1
LOC,Flowco Holdings Inc,Energy,Oil & Gas Equipment & Services,USA,1720000000.0,22.62,19.09,2.86%,693315.0,0,0,0,0,0,0,0,0,0,0,0,0,-1,0,0,0,0,0,0,0,0,0,0,0,0,0,-1,0,0,2,2
LOT,iShares Floating Rate Bond ETF,Financial,Exchange Traded Fund,USA,,,50.91,-0.02%,2337391.0,0,1,0,-1,0,0,0,0,0,0,1,0,0,0,0,0,0,0,0,0,0,0,0,0,0,0,0,0,2,1,3
LRN,State Street SPDR Bloomberg Investment Grade Floating Rate ETF,Financial,Exchange Traded Fund,USA,,,30.75,0.03%,465296.0,0,1,0,0,0,1,0,0,0,0,0,0,0,0,0,0,0,1,0,0,0,0,0,0,0,0,0,0,3,0,3
LRT,Pacer Aristotle Pacific Floating Rate High Income ETF,Financial,Exchange Traded Fund,USA,,,46.5,-0.02%,387321.0,0,0,0,0,0,0,0,0,0,0,0,0,0,0,0,1,0,0,0,0,0,0,0,0,0,0,0,0,1,0,1
LSA,Franklin FTSE Saudi Arabia ETF,Financial,Exchange Traded Fund,USA,,,31.78,-0.67%,389.0,0,0,0,0,0,0,0,0,0,0,0,0,-1,-1,0,0,0,0,0,0,0,0,0,0,0,0,0,0,0,2,2
LTR,VanEck IG Floating Rate ETF,Financial,Exchange Traded Fund,USA,,,25.53,0.04%,2340292.0,0,0,0,0,0,0,0,0,0,0,0,0,0,0,0,1,0,0,0,0,0,0,0,0,0,0,0,0,1,0,1
LTW,Franklin FTSE Taiwan ETF,Financial,Exchange Traded Fund,USA,,,111.97,-1.43%,87306.0,0,0,0,0,0,0,0,0,0,0,1,0,0,0,0,0,0,0,0,0,0,0,0,0,0,0,0,0,1,0,1
LUT,Flutter Entertainment Plc,Consumer Cyclical,Gambling,USA,13160000000.0,,75.85,-0.52%,2938761.0,0,1,0,-1,0,0,0,0,0,0,0,0,0,0,0,0,0,0,0,0,1,1,0,0,0,0,0,0,3,1,4
LUX,Flux Power Holdings inc,Industrials,Electrical Equipment & Parts,USA,10790000.0,,0.5,1.24%,904438.0,0,0,0,0,0,0,0,0,1,0,0,0,0,0,0,0,0,0,0,0,0,0,0,0,0,0,0,0,1,0,1
LX,BingEx Ltd ADR,Industrials,Integrated Freight & Logistics,China,78080000.0,,1.49,0.68%,212562.0,0,0,0,0,0,0,0,0,1,0,0,0,0,0,0,0,0,0,0,0,0,0,0,0,0,0,0,0,1,0,1
LXR,TCW Flexible Income ETF,Financial,Exchange Traded Fund,USA,,,37.79,-0.08%,825460.0,0,0,0,-1,0,0,0,0,0,0,0,0,0,0,0,0,0,0,0,0,0,0,0,0,0,0,0,0,0,1,1
LYD,MicroSectors Travel -3x Inverse Leveraged ETN,Financial,Exchange Traded Fund,USA,,,55.29,2.78%,303.0,0,0,0,0,0,0,0,0,1,0,0,0,0,0,0,0,0,0,0,0,0,0,0,0,0,0,0,0,1,0,1
LYE,Fly-E Group Inc,Consumer Cyclical,Auto Manufacturers,USA,2069999.9999999998,,1.27,-4.51%,24351.0,0,0,0,0,0,0,0,0,0,0,0,0,0,0,0,0,0,0,0,0,1,1,0,0,0,0,0,0,2,0,2
LYU,MicroSectors Travel 3x Leveraged ETN,Financial,Exchange Traded Fund,USA,,,34.25,-2.75%,485.0,0,0,0,0,0,0,0,-1,0,0,0,0,0,0,0,0,0,0,0,0,0,0,0,0,0,0,0,0,0,1,1
LYW,Flywire Corp,Technology,Software - Infrastructure,USA,2210000000.0,68.85,18.15,-0.36%,1070991.0,0,0,0,0,0,0,0,-1,0,0,0,0,0,0,0,0,0,0,0,0,0,0,0,0,0,0,0,0,0,1,1
MAY,FT Vest U.S. Equity Buffer ETF - May,Financial,Exchange Traded Fund,USA,,,58.11,-0.14%,19811.0,0,1,0,0,0,0,0,-1,0,0,1,0,0,0,0,0,0,0,0,0,0,0,0,0,0,0,0,0,2,1,3
MC,FMC Corp,Basic Materials,Agricultural Inputs,USA,1410000000.0,,9.09,0.66%,4508027.0,0,0,0,0,0,0,0,0,1,1,0,0,0,0,0,0,0,0,0,0,0,0,0,0,0,0,0,0,2,0,2
MCX,FM Focus Equity ETF,Financial,Exchange Traded Fund,USA,,,36.49,-0.44%,831.0,0,0,0,-1,0,0,0,0,0,0,0,0,0,0,0,0,0,0,0,0,0,0,0,0,0,0,0,0,0,1,1
MED,Fidelity Disruptive Medicine ETF,Financial,Exchange Traded Fund,USA,,,31.05,-0.67%,7076.0,0,0,0,0,0,0,0,0,0,0,1,0,0,0,0,0,0,0,0,0,0,0,-1,0,0,0,0,0,1,1,2
MET,Fidelity Metaverse ETF,Financial,Exchange Traded Fund,USA,,,39.85,-0.54%,2074.0,0,0,0,0,0,0,0,0,0,0,1,0,0,0,0,0,0,0,0,0,0,0,-1,0,0,0,0,0,1,1,2
MKT,The Free Markets ETF,Financial,Exchange Traded Fund,USA,,,21.71,-1.90%,1055.0,0,0,0,0,0,0,0,0,0,0,1,0,0,0,0,0,0,0,0,0,0,0,0,0,0,0,0,0,1,0,1
MST,Foremost Clean Energy Ltd,Basic Materials,Other Industrial Metals & Mining,Canada,9720000.0,,0.56,13.18%,5101648.0,0,0,0,0,0,1,0,0,0,0,0,0,0,0,0,0,0,0,0,0,0,0,0,0,0,0,0,0,1,0,1
MTL,First Trust Indxx Critical Metals ETF,Financial,Exchange Traded Fund,USA,,,34.56,-2.78%,2409.0,0,1,0,-1,0,0,0,0,0,0,0,0,0,0,0,0,0,0,0,0,1,0,0,0,0,0,0,0,2,1,3
MX,Fomento Economico Mexicano SAB de CV ADR,Consumer Defensive,Beverages - Brewers,Mexico,23600000000.0,22.75,117.11,0.11%,451043.0,0,0,0,0,0,0,0,0,0,0,0,0,-1,0,0,0,0,0,0,0,0,0,0,0,0,0,0,0,0,1,1
N,Fabrinet,Technology,Electronic Components,Cayman Islands,17850000000.0,38.18,497.99,1.81%,939991.0,0,0,0,0,0,0,0,0,1,1,0,0,0,0,0,0,0,0,0,0,0,0,0,0,0,0,0,0,2,0,2
NDB,Schwab Fundamental U.S. Broad Market ETF,Financial,Exchange Traded Fund,USA,,,30.98,-0.43%,99581.0,0,0,0,0,0,0,0,0,0,0,0,0,0,0,0,0,0,0,0,0,0,0,-1,0,0,0,0,0,0,1,1
NDC,Schwab Fundamental International Small Equity ETF,Financial,Exchange Traded Fund,USA,,,49.51,-1.06%,500465.0,0,1,0,0,0,0,0,0,0,0,0,0,0,0,0,0,0,0,0,0,0,0,0,0,0,0,0,0,1,0,1
NDE,Schwab Fundamental Emerging Markets Equity ETF,Financial,Exchange Traded Fund,USA,,,42.47,-0.96%,2049556.0,0,0,0,0,0,0,0,-1,0,0,0,0,0,0,0,0,0,0,0,0,0,0,0,0,0,0,0,0,0,1,1
NDF,Schwab Fundamental International Equity ETF,Financial,Exchange Traded Fund,USA,,,53.42,-0.98%,1912450.0,0,1,0,0,0,0,0,0,0,0,0,0,0,0,0,0,0,0,0,0,0,0,0,0,0,0,0,0,1,0,1
NGO,MicroSectors FANG+Index 2X Leveraged ETNs,Financial,Exchange Traded Fund,USA,,,166.64,1.18%,1421.0,0,0,0,0,0,0,0,0,0,0,1,0,0,0,0,0,0,0,0,0,0,0,0,0,0,0,0,0,1,0,1
NGR,FingerMotion Inc,Communication Services,Telecom Services,Singapore,15440000.0,,0.2,-8.19%,6342029.0,0,0,0,0,0,0,0,0,1,0,0,0,0,0,0,0,0,0,0,0,0,0,0,0,0,0,0,0,1,0,1
NKO,Funko Inc,Consumer Cyclical,Leisure,USA,353910000.0,,6.31,3.27%,915719.0,0,1,0,0,0,0,0,0,0,0,0,0,0,0,0,0,0,0,0,0,0,0,0,0,0,0,0,0,1,0,1
NLC,First Bancorp Inc (ME),Financial,Banks - Regional,USA,375820000.0,9.9,33.31,-1.30%,34050.0,0,0,0,0,0,0,0,0,0,0,0,0,0,0,0,0,0,0,0,0,1,0,0,0,-1,0,0,0,1,1,2
NRN,First Northern Community Bancorp,Financial,Banks - Regional,USA,287580000.0,12.98,17.54,-0.62%,59989.0,0,0,0,0,0,0,0,0,1,0,0,0,0,0,0,0,0,0,0,0,0,0,0,0,0,0,0,0,1,0,1
NUC,Frontier Nuclear and Minerals Inc,Basic Materials,Other Industrial Metals & Mining,Canada,39740000.0,,1.1,-5.17%,296833.0,0,0,0,0,0,0,0,0,1,1,0,0,0,0,0,0,0,0,0,0,0,0,0,0,0,0,0,0,2,0,2
NY,First Trust Mid Cap Growth AlphaDEX Fund,Financial,Exchange Traded Fund,USA,,,98.96,-1.82%,13434.0,0,1,0,0,0,0,0,0,1,0,0,0,0,0,0,0,0,0,0,0,0,0,0,0,0,0,-1,0,2,1,3
OF,Cohen & Steers Closed-End Opportunity Fund Inc,Financial,Closed-End Fund - Equity,USA,346150000.0,,12.44,0.00%,46252.0,0,0,0,0,0,0,0,0,1,0,0,0,0,0,0,0,0,0,0,0,0,0,0,0,0,0,0,0,1,0,1
OFO,Hang Feng Technology Innovation Co Ltd,Industrials,Consulting Services,Hong Kong,23600000.0,,2.04,0.99%,8009.0,0,0,0,0,0,0,0,0,0,0,0,0,0,0,0,0,0,0,0,0,0,0,0,1,0,0,0,0,1,0,1
OPC,Frontier Asset Opportunistic Credit ETF,Financial,Exchange Traded Fund,USA,,,24.34,-0.04%,441.0,0,0,0,0,0,1,0,0,1,1,0,0,0,0,0,0,0,0,0,0,0,0,0,0,0,0,0,0,3,0,3
ORM,FormFactor Inc,Technology,Semiconductor Equipment & Materials,USA,10920000000.0,95.85,139.8,-1.06%,1058523.0,0,0,0,0,0,0,0,0,0,0,0,0,0,0,0,0,0,0,0,0,0,0,0,0,-1,0,0,0,0,1,1
ORTY,Formula Systems (1985) Ltd ADR,Technology,Information Technology Services,Israel,1720000000.0,2.79,111.9,0.31%,270.0,0,0,0,0,0,0,0,0,1,0,0,0,0,0,0,0,0,0,0,0,0,0,0,0,0,0,0,0,1,0,1
OSL,Fossil Group Inc,Consumer Cyclical,Footwear & Accessories,USA,418690000.0,,7.08,0.28%,610087.0,0,0,0,0,0,0,0,0,0,0,0,0,0,0,0,0,0,1,0,0,0,0,0,0,0,0,0,0,1,0,1
OX,Fox Corp,Communication Services,Entertainment,USA,24920000000.0,14.6,55.98,0.72%,643240.0,0,1,0,0,0,0,0,0,0,0,1,0,0,0,0,0,0,0,0,0,0,0,0,0,0,0,0,0,2,0,2
OXX,Foxx Development Holdings Inc,Technology,Consumer Electronics,USA,17620000.0,,2.49,-0.40%,11013.0,0,0,0,0,0,0,0,0,0,0,0,0,-1,0,0,0,0,0,0,0,0,0,0,0,0,0,0,0,0,1,1
PA,First Trust Asia Pacific ex-Japan AlphaDEX Fund,Financial,Exchange Traded Fund,USA,,,49.72,-2.12%,2816.0,0,0,0,0,0,0,0,0,0,0,0,0,0,0,0,0,0,0,0,0,0,0,0,0,0,0,-1,0,0,1,1
PAA,FPA Global Allocation ETF,Financial,Exchange Traded Fund,USA,,,24.75,-0.50%,4621.0,0,0,0,0,0,0,0,0,0,0,0,0,0,0,0,0,0,0,0,0,0,0,-1,0,0,0,0,0,0,1,1
PFD,Fidelity Preferred Securities & Income ETF,Financial,Exchange Traded Fund,USA,,,20.47,-0.26%,19285.0,0,0,0,-1,0,0,0,0,0,0,0,0,0,0,0,0,0,0,0,0,0,0,0,0,0,0,0,0,0,1,1
PS,Forgent Power Solutions Inc,Industrials,Electrical Equipment & Parts,USA,12380000000.0,151.17,40.65,-1.69%,6751541.0,0,0,0,0,0,0,0,0,0,0,0,0,0,0,0,0,0,0,0,0,1,0,0,0,0,0,0,0,1,0,1
PSX,Leverage Shares 2X Long FPS Daily ETF,Financial,Exchange Traded Fund,USA,,,4.97,-3.87%,221425.0,0,0,0,0,0,0,0,0,0,0,0,0,-1,0,0,0,0,0,0,0,0,0,0,1,0,0,0,0,1,1,2
PWR,First Trust EIP Power Solutions ETF,Financial,Exchange Traded Fund,USA,,,35.31,-1.06%,13981.0,0,1,0,-1,0,0,0,0,0,0,0,0,0,0,0,0,0,0,0,0,0,0,0,0,0,0,0,0,1,1,2
PXE,First Trust IPOX (R) Europe Equity Opportunities ETF,Financial,Exchange Traded Fund,USA,,,31.76,-1.40%,55.0,0,0,0,0,0,0,0,0,1,0,0,0,0,0,0,0,0,0,0,0,0,0,0,0,0,0,0,0,1,0,1
PXI,First Trust International Equity Opportunities ETF,Financial,Exchange Traded Fund,USA,,,68.41,-1.81%,6434.0,0,0,0,0,0,0,0,0,1,0,0,0,0,0,0,0,0,0,0,0,0,0,0,0,0,0,0,0,1,0,1
QAL,Fidelity Quality Factor ETF,Financial,Exchange Traded Fund,USA,,,84.53,-0.45%,27964.0,0,0,0,0,0,0,0,0,0,0,0,0,0,0,0,0,0,0,0,0,0,0,0,0,-1,0,0,0,0,1,1
RA,Blackrock Floating Rate Income Strategies Fund Inc,Financial,Closed-End Fund - Debt,USA,365330000.0,,10.31,-0.58%,200783.0,0,0,0,0,0,0,0,0,0,0,1,0,0,0,0,0,0,0,0,0,0,0,0,0,0,0,0,0,1,0,1
RAF,Franklin Financial Services Corp,Financial,Banks - Regional,USA,285550000.0,11.57,63.46,-0.14%,47512.0,0,0,0,0,0,0,0,0,0,0,1,0,0,0,0,0,0,0,0,0,0,0,0,0,-1,0,0,0,1,1,2
RBT,Forbright Inc,Financial,Banks - Diversified,USA,957130000.0,,18.11,0.22%,63528.0,0,0,0,0,0,0,0,0,1,1,0,0,0,0,0,0,0,0,0,0,0,0,0,0,0,0,0,0,2,0,2
RD,Friedman Industries Inc,Basic Materials,Steel,USA,310080000.0,11.28,42.99,1.69%,36076.0,0,0,0,0,0,0,0,0,1,0,0,0,0,0,0,0,0,0,0,0,0,0,0,0,0,0,0,0,1,0,1
RGN,Horizon International Equity ETF,Financial,Exchange Traded Fund,USA,,,31.14,-1.47%,52595.0,0,0,0,0,0,0,0,0,0,0,1,1,0,0,0,0,0,0,0,0,1,0,0,0,-1,0,0,0,3,1,4
RGT,Freight Technologies Inc,Technology,Software - Application,USA,160000.0,,0.25,-21.65%,13047362.0,0,0,0,0,0,0,0,0,1,0,0,0,0,0,0,0,0,0,0,0,0,0,0,0,0,0,0,0,1,0,1
RNM,Freenome Inc,Healthcare,Diagnostics & Research,USA,1720000000.0,,16.03,-2.02%,648258.0,0,0,0,-1,0,0,0,0,0,0,0,0,0,0,0,0,0,0,0,0,0,0,0,0,0,0,0,0,0,1,1
RNW,Fidelity Clean Energy ETF,Financial,Exchange Traded Fund,USA,,,21.02,-1.82%,21941.0,0,0,0,0,0,0,0,0,1,0,0,0,0,0,0,0,0,0,0,0,0,0,0,0,0,0,0,0,1,0,1
RPT,Freshpet Inc,Consumer Defensive,Packaged Foods,USA,3040000000.0,16.67,63.25,0.76%,1169117.0,0,0,0,0,0,0,0,0,0,0,0,0,0,0,0,0,0,0,0,0,0,0,0,0,0,0,0,1,1,0,1
RST,Primis Financial Corp,Financial,Banks - Regional,USA,378190000.0,7.1,15.25,-1.49%,127999.0,0,0,0,0,0,0,0,0,0,0,1,0,0,0,0,0,0,0,0,0,0,0,-1,0,0,0,0,0,1,1,2
RSX,Foresight Autonomous Holdings Ltd ADR,Consumer Cyclical,Auto Parts,Israel,4960000.0,,0.95,-12.01%,73206.0,0,0,0,-1,0,0,0,0,0,0,0,0,0,0,0,0,0,0,0,-1,0,0,0,0,0,0,0,0,0,2,2
RVO,Fervo Energy Co,Utilities,Utilities - Renewable,USA,4120000000.0,,13.97,-2.51%,5744494.0,0,0,0,0,0,0,0,0,1,0,0,0,0,0,0,0,0,0,0,0,0,0,0,0,0,0,0,0,1,0,1
SEP,FT Vest U.S. Equity Buffer ETF - September,Financial,Exchange Traded Fund,USA,,,57.83,-0.09%,83622.0,0,0,0,0,0,0,0,-1,0,0,0,0,0,0,0,0,0,0,0,0,0,0,0,0,0,0,0,0,0,1,1
SI,Flexible Solutions International Inc,Basic Materials,Specialty Chemicals,Canada,80210000.0,,6.28,-0.79%,2228.0,0,0,0,0,0,0,0,0,1,0,0,0,0,0,0,0,0,0,0,0,0,0,0,0,0,0,0,0,1,0,1
SLY,Fastly Inc,Technology,Software - Application,USA,4030000000.0000005,,25.28,-0.90%,2658620.0,0,0,0,0,0,0,0,0,0,0,0,0,0,0,0,1,0,0,0,0,0,0,0,0,0,0,0,0,1,0,1
SMB,First Trust Short Duration Managed Municipal ETF,Financial,Exchange Traded Fund,USA,,,19.45,-0.21%,674200.0,0,0,0,0,0,0,0,0,1,0,0,0,0,0,0,0,0,0,0,0,0,0,0,0,0,0,0,0,1,0,1
SMD,Fidelity Small-Mid Multifactor ETF,Financial,Exchange Traded Fund,USA,,,49.62,-1.35%,117110.0,0,0,0,0,0,0,0,0,1,0,0,0,0,0,0,0,0,0,0,0,0,0,0,0,0,0,0,0,1,0,1
SML,Franklin Small Cap Enhanced ETF,Financial,Exchange Traded Fund,USA,,,28.85,-1.58%,5295.0,0,0,0,0,0,0,0,0,1,0,0,0,0,0,0,0,0,0,0,0,0,0,0,0,0,0,0,0,1,0,1
SP,Franklin Street Properties Corp,Real Estate,REIT - Office,USA,33840000.0,,0.33,5.75%,731097.0,0,0,0,0,0,0,0,0,1,0,0,0,0,0,0,0,0,0,0,0,0,0,0,0,0,0,0,0,1,0,1
SS,Federal Signal Corp,Industrials,Farm & Heavy Construction Machinery,USA,6980000000.0,24.64,114.41,-3.16%,876929.0,0,0,0,0,0,0,0,0,0,0,0,0,-1,0,0,0,0,0,0,0,0,0,0,0,0,0,0,0,0,1,1
SV,FirstService Corp,Real Estate,Real Estate Services,Canada,5800000000.0,35.94,126.87,-1.51%,149421.0,0,0,0,0,0,0,0,0,0,0,0,0,-1,0,0,0,0,0,0,0,0,0,0,0,0,0,0,0,0,1,1
TBI,First Trust Balanced Income ETF,Financial,Exchange Traded Fund,USA,,,21.14,-0.89%,3326.0,0,0,0,0,0,0,0,0,0,0,0,0,0,0,0,0,0,0,0,0,1,0,-1,0,0,0,0,0,1,1,2
TC,First Trust Large Capital Growth AlphaDEX Fund,Financial,Exchange Traded Fund,USA,,,180.95,-1.29%,5099.0,0,0,0,0,0,0,0,0,0,0,0,0,-1,-1,0,0,0,0,0,0,0,0,0,0,0,0,0,0,0,2,2
TCB,First Trust Core Investment Grade ETF,Financial,Exchange Traded Fund,USA,,,19.69,-0.25%,3907544.0,0,0,0,0,0,0,0,0,1,0,0,0,0,0,0,0,0,0,0,0,0,0,0,0,0,0,0,0,1,0,1
TCI,FTC Solar Inc,Technology,Solar,USA,31720000.0,,1.92,-2.54%,186956.0,0,0,0,0,0,0,0,0,1,1,0,0,0,0,0,0,0,0,0,0,0,0,0,0,0,0,0,0,2,0,2
TDR,Frontdoor Inc,Consumer Cyclical,Personal Services,USA,5360000000.0,20.59,77.81,-1.22%,681135.0,0,1,0,0,0,0,0,0,0,0,0,0,0,0,0,0,0,0,0,0,0,0,0,0,0,0,0,0,1,0,1
TDS,First Trust Dividend Strength ETF,Financial,Exchange Traded Fund,USA,,,61.92,-1.06%,1125.0,0,0,0,0,0,1,0,0,0,0,0,0,0,0,0,0,0,0,0,0,0,0,0,0,0,0,0,0,1,0,1
THI,First Trust BuyWrite Income ETF,Financial,Exchange Traded Fund,USA,,,23.88,-0.25%,1344261.0,0,1,0,0,0,0,0,-1,0,0,0,0,0,0,0,0,0,0,0,0,0,0,0,0,0,0,0,0,1,1,2
THY,First Trust High Yield Opportunities 2027 Term Fund,Financial,Closed-End Fund - Debt,USA,467020000.0,,12.7,-0.24%,143466.0,0,0,0,0,0,0,0,0,1,0,0,0,0,0,0,0,0,0,0,0,0,0,0,0,0,0,0,0,1,0,1
TI,TechnipFMC plc,Energy,Oil & Gas Equipment & Services,USA,26820000000.0,23.84,68.4,-2.13%,2469709.0,0,0,0,-1,0,0,0,0,0,0,0,0,0,0,0,0,0,0,0,0,0,0,0,0,0,0,0,0,0,1,1
TLS,First Trust Long/Short Equity ETF,Financial,Exchange Traded Fund,USA,,,77.76,-0.03%,99506.0,0,0,0,0,0,0,0,-1,0,0,0,0,0,0,0,0,0,0,0,0,0,0,0,0,0,0,0,0,0,1,1
TNT,Fortinet Inc,Technology,Software - Infrastructure,USA,138880000000.0,66.69,189.28,-1.04%,3859562.0,0,1,0,0,0,1,0,-1,0,0,0,0,0,0,0,0,0,0,0,0,0,0,0,0,0,0,0,0,2,1,3
TQI,First Trust Nasdaq BuyWrite Income ETF,Financial,Exchange Traded Fund,USA,,,22.3,-0.22%,1669689.0,0,0,0,-1,0,0,0,-1,0,0,0,0,0,0,0,0,0,0,0,0,0,0,0,0,0,0,0,0,0,2,2
TRE,Fortrea Holdings Inc,Healthcare,Biotechnology,USA,1960000000.0,,20.56,-1.06%,2245344.0,0,0,0,0,0,0,0,-1,0,0,0,0,0,0,0,0,0,0,0,0,0,0,0,0,0,0,0,0,0,1,1
TSM,First Trust Enhanced Short Maturity ETF,Financial,Exchange Traded Fund,USA,,,59.58,0.02%,845441.0,0,1,0,0,0,0,0,0,0,0,0,0,0,0,0,0,0,0,0,0,0,0,0,0,0,0,0,0,1,0,1
UBO,fuboTV Inc,Communication Services,Broadcasting,USA,1010000000.0,2.14,9.25,4.76%,1003066.0,0,1,0,0,0,0,0,0,0,0,0,0,-1,0,0,0,0,0,0,0,0,0,0,0,0,1,0,0,2,1,3
UFU,BitFuFu Inc,Financial,Capital Markets,Singapore,221650000.0,,1.33,-6.34%,116715.0,0,0,0,0,0,0,0,0,1,1,0,0,0,0,0,0,0,0,0,0,0,0,0,0,0,0,0,0,2,0,2
UL,H.B. Fuller Company,Basic Materials,Specialty Chemicals,USA,2690000000.0,13.9,49.91,-1.42%,593379.0,0,0,0,-1,0,0,0,0,0,0,0,0,0,0,0,1,0,0,0,-1,0,0,0,0,0,0,0,0,1,2,3
URY,Fury Gold Mines Ltd,Basic Materials,Gold,Canada,98160000.0,,0.52,1.59%,176145.0,0,0,0,0,0,0,0,0,1,0,0,0,0,0,0,0,0,0,0,0,0,0,0,0,0,0,0,0,1,0,1
USE,Fusemachines Inc,Technology,Software - Application,USA,12670000.0,25.26,0.44,-2.46%,154656.0,0,0,0,0,0,0,0,0,0,0,0,0,-1,0,0,0,0,0,0,0,0,0,0,0,0,0,0,0,0,1,1
USI,American Century Ultrashort Income ETF,Financial,Exchange Traded Fund,USA,,,50.4,0.02%,23121.0,0,0,0,-1,0,0,0,-1,0,0,0,0,0,0,0,0,0,0,0,0,0,0,0,0,0,0,0,0,0,2,2
VAL,Fidelity Value Factor ETF,Financial,Exchange Traded Fund,USA,,,82.14,-0.15%,52604.0,0,0,0,0,0,0,0,0,0,0,0,0,0,0,0,0,0,0,0,0,0,0,0,0,-1,0,0,0,0,1,1
VAV,Fortress Value Acquisition Corp V,Financial,Shell Companies,USA,370050000.0,,10.25,-0.10%,8.0,0,0,0,0,0,0,0,0,0,0,1,0,0,0,0,0,0,0,0,0,0,0,-1,0,0,0,0,0,1,1,2
WRG,First Watch Restaurant Group Inc,Consumer Cyclical,Restaurants,USA,647980000.0,37.17,10.5,-1.04%,1801000.0,0,0,0,0,0,0,0,0,0,0,0,0,-1,0,0,0,0,0,0,0,0,0,0,1,0,0,0,0,1,1,2
XA,Invesco CurrencyShares Australian Dollar Trust,Financial,Exchange Traded Fund,USA,,,68.95,-0.26%,5376.0,0,0,0,0,0,0,0,0,0,0,1,0,0,0,0,0,0,0,0,0,0,0,-1,0,0,0,0,0,1,1,2
XAC,FortuneX Acquisition Corp,Financial,Shell Companies,USA,113840000.0,,10.1,0.10%,256.0,0,0,0,0,0,0,0,0,0,0,1,0,0,0,0,0,0,0,0,0,0,0,-1,0,0,0,0,0,1,1,2
XD,First Trust Consumer Discretionary AlphaDEX Fund,Financial,Exchange Traded Fund,USA,,,64.46,-0.92%,7793.0,0,0,0,0,0,0,0,0,0,0,1,0,0,0,0,0,0,0,0,0,0,0,0,0,0,0,0,0,1,0,1
XED,Sound Enhanced Fixed Income ETF,Financial,Exchange Traded Fund,USA,,,16.4,-0.82%,4963.0,0,0,0,-1,0,0,0,0,1,0,0,0,0,0,0,0,0,0,0,0,0,0,0,0,0,0,0,0,1,1,2
XF,Invesco CurrencyShares Swiss Franc Trust,Financial,Exchange Traded Fund,USA,,,105.59,-0.26%,16312.0,0,0,0,0,0,0,0,0,0,0,0,0,0,0,0,0,0,0,0,-1,0,0,0,0,0,0,0,0,0,1,1
XI,iShares China Large-Cap ETF,Financial,Exchange Traded Fund,USA,,,33.42,-1.04%,16547440.0,0,0,0,-1,0,0,0,0,0,0,1,0,0,0,0,1,0,0,0,0,0,0,0,0,0,0,0,0,2,1,3
XL,First Trust Technology AlphaDEX Fund,Financial,Exchange Traded Fund,USA,,,227.82,-1.15%,21705.0,0,0,0,0,0,0,0,0,0,0,1,0,0,0,0,0,0,0,0,0,0,0,0,0,0,0,0,0,1,0,1
XP,ProShares UltraShort FTSE China 50,Financial,Exchange Traded Fund,USA,,,22.67,1.93%,658.0,0,0,0,0,0,1,0,0,0,0,0,0,0,0,0,0,0,0,0,0,0,0,0,0,0,0,0,0,1,0,1
XR,First Trust Industrials/Producer Durables AlphaDEX Fund,Financial,Exchange Traded Fund,USA,,,82.25,-1.92%,17020.0,0,0,0,0,0,0,0,0,0,0,1,0,0,0,0,0,0,0,0,0,0,0,0,0,0,0,0,0,1,0,1
XZ,First Trust Materials AlphaDEX Fund,Financial,Exchange Traded Fund,USA,,,76.81,-2.57%,26933.0,0,0,0,0,0,0,0,0,0,0,0,0,0,0,0,0,0,1,0,0,0,0,0,0,0,0,0,0,1,0,1
YC,First Trust Small Cap Growth AlphaDEX Fund,Financial,Exchange Traded Fund,USA,,,114.26,-1.44%,46696.0,0,0,0,0,0,0,0,0,1,0,0,0,0,0,0,0,0,0,0,0,0,0,0,0,0,0,0,0,1,0,1
AA,Cambria Global Asset Allocation ETF,Financial,Exchange Traded Fund,USA,,,34.96,-0.70%,6692.0,0,1,0,0,0,0,0,0,0,0,0,0,0,0,0,0,0,0,0,0,0,0,0,0,0,0,0,0,1,0,1
AB,Gabelli Equity Trust Inc,Financial,Closed-End Fund - Equity,USA,1790000000.0,,5.2,-1.33%,684248.0,0,0,0,0,0,0,0,0,0,0,0,0,-1,0,0,0,0,0,0,0,0,0,0,0,0,0,0,0,0,1,1
AIA,Gaia Inc,Communication Services,Entertainment,USA,35600000.0,,1.4,-0.71%,61730.0,0,0,0,0,0,0,0,0,0,0,0,0,0,0,0,0,0,0,0,0,0,0,0,1,0,0,0,0,1,0,1
AME,GameSquare Holdings Inc,Communication Services,Electronic Gaming & Multimedia,USA,40110000.0,,3.07,4.78%,130895.0,0,0,0,0,0,1,0,0,0,0,1,1,0,0,0,1,0,0,0,0,0,0,0,0,0,0,0,0,4,0,4
ANX,Gain Therapeutics Inc,Healthcare,Biotechnology,USA,72880000.0,,1.67,0.00%,373931.0,0,1,0,0,0,0,0,0,0,0,0,0,-1,0,0,0,0,0,0,0,0,0,0,0,0,0,0,0,1,1,2
AP,Gap Inc,Consumer Cyclical,Apparel Retail,USA,8289999999.999999,7.05,23.61,-0.76%,5470691.0,0,0,0,0,0,0,0,0,0,0,0,0,0,0,0,1,0,0,0,0,0,0,0,0,0,0,0,0,1,0,1
APR,FT Vest U.S. Equity Moderate Buffer ETF - April,Financial,Exchange Traded Fund,USA,,,42.93,-0.01%,4760.0,0,0,0,0,0,0,0,-1,0,0,0,0,0,0,0,0,0,0,0,0,0,0,0,0,0,0,0,0,0,1,1
ARY,Mango Growth ETF,Financial,Exchange Traded Fund,USA,,,28.67,-0.79%,14676.0,0,0,0,0,0,0,0,0,0,0,1,0,0,0,0,0,0,0,0,0,0,0,0,0,0,0,0,0,1,0,1
ASZ,Corgi Natural Gas Power & Turbines ETF,Financial,Exchange Traded Fund,USA,,,21.88,-2.97%,1525.0,0,0,0,0,0,1,0,0,1,1,0,0,0,0,0,0,0,0,0,0,0,0,0,0,0,0,0,0,3,0,3
ATX,GATX Corp,Industrials,Rental & Leasing Services,USA,5770000000.0,16.19,163.34,-4.41%,234880.0,0,0,0,0,0,0,0,0,0,0,0,0,-1,0,0,0,0,0,0,0,0,0,0,0,0,0,0,0,0,1,1
AU,Galiano Gold Inc,Basic Materials,Gold,Canada,510100000.0,7.39,1.95,-5.34%,2460848.0,0,0,0,0,0,0,0,0,1,0,0,0,0,0,0,0,0,0,0,0,0,0,0,0,0,0,0,0,1,0,1
AUG,FT Vest U.S. Equity Moderate Buffer ETF - August,Financial,Exchange Traded Fund,USA,,,42.54,-0.05%,55519.0,0,0,0,0,0,0,0,0,0,0,1,0,0,0,0,0,0,0,0,0,0,0,0,0,0,0,0,0,1,0,1
BIL,Goldman Sachs Access Treasury 0-1 Year ETF,Financial,Exchange Traded Fund,USA,,,99.92,0.02%,537363.0,0,1,0,-1,0,0,0,0,0,0,1,1,0,0,0,0,0,0,0,0,0,0,0,0,0,0,0,0,3,1,4
BND,Goldman Sachs Core Bond ETF,Financial,Exchange Traded Fund,USA,,,47.92,-0.14%,39899.0,0,1,0,0,0,1,0,0,0,0,0,0,0,0,0,0,0,0,0,-1,0,0,0,0,0,0,0,0,2,1,3
BR,New Concept Energy Inc,Real Estate,Real Estate Services,USA,3790000.0,,0.74,0.96%,19127.0,0,0,0,0,0,0,0,0,1,0,0,0,0,0,0,0,0,0,0,0,0,0,0,0,0,0,0,0,1,0,1
CGR,General Catalyst Global Resilience Merger Corp,Financial,Shell Companies,USA,467500000.0,,10.1,-0.08%,13.0,0,0,0,0,0,0,0,-1,0,0,0,0,0,0,0,0,0,0,0,0,0,0,0,0,0,0,0,0,0,1,1
CL,GCL Global Holdings Ltd,Communication Services,Electronic Gaming & Multimedia,Singapore,100780000.0,,0.79,0.48%,140793.0,0,1,0,0,0,0,0,0,0,0,1,0,0,0,0,0,0,0,0,0,0,0,0,0,0,0,0,0,2,0,2
COW,Pacer Global Cash Cows Dividend ETF,Financial,Exchange Traded Fund,USA,,,44.66,0.11%,294226.0,0,0,0,0,0,0,0,0,0,0,1,0,0,0,0,0,0,0,0,0,0,0,0,0,0,0,0,0,1,0,1
CSH,Guggenheim Ultra Short Income ETF,Financial,Exchange Traded Fund,USA,,,49.83,0.00%,33693.0,0,0,0,0,0,0,0,0,1,1,0,0,0,0,0,0,0,0,0,0,0,0,0,0,0,0,0,0,2,0,2
CTS,GCT Semiconductor Holding Inc,Technology,Semiconductors,USA,189460000.0,,2.06,-2.83%,1382938.0,0,0,0,0,0,0,0,0,0,0,0,0,-1,0,0,0,0,0,0,0,0,0,0,0,0,0,0,0,0,1,1
DDY,Godaddy Inc,Technology,Software - Infrastructure,USA,12310000000.0,14.41,97.21,-0.99%,1477758.0,0,0,0,0,0,0,0,0,0,0,1,0,0,0,0,0,0,0,0,0,0,0,0,0,0,0,0,0,1,0,1
DO,Western Asset Global Corporate Defined Opportunity Fund Inc,Financial,Closed-End Fund - Debt,USA,71660000.0,,9.53,-1.45%,30057.0,0,0,0,0,0,0,0,0,1,0,0,0,0,0,0,0,0,0,0,0,0,0,0,0,0,0,0,0,1,0,1
DTC,CytoMed Therapeutics Ltd,Healthcare,Biotechnology,Singapore,11590000.0,,0.98,5.40%,15184.0,0,0,0,0,0,0,0,0,0,0,0,0,0,0,0,1,0,0,0,0,0,0,0,0,0,0,0,0,1,0,1
DYN,Grid Dynamics Holdings Inc,Technology,Information Technology Services,USA,622240000.0,224.27,7.67,-1.92%,530652.0,0,0,0,0,0,0,0,0,0,0,0,0,0,0,0,0,0,0,0,0,0,0,0,1,0,0,0,0,1,0,1
EL,Genesis Energy LP,Energy,Oil & Gas Midstream,USA,1750000000.0,71.31,14.32,0.28%,258549.0,0,0,0,0,0,0,0,0,0,0,0,0,-1,0,0,0,0,0,0,0,0,0,0,1,0,0,0,0,1,1,2
ELS,Gelteq Ltd,Healthcare,Drug Manufacturers - Specialty & Generic,Australia,6000000.0,,0.56,-3.38%,89386.0,0,0,0,0,0,0,0,0,0,0,0,0,0,0,0,1,0,0,0,0,0,0,0,0,0,0,0,0,1,0,1
EMI,Gemini Space Station Inc,Financial,Capital Markets,USA,582140000.0,,4.49,-3.85%,1998550.0,0,0,0,0,0,0,0,0,0,0,0,0,0,0,0,0,0,0,0,0,0,0,0,0,0,1,0,0,1,0,1
END,Genter Capital Dividend Income ETF,Financial,Exchange Traded Fund,USA,,,12.8,-0.50%,122.0,0,0,0,0,0,1,0,-1,0,0,0,0,0,0,0,0,0,1,0,0,0,0,0,0,0,0,0,0,2,1,3
ENZ,VanEck Digital Native Economy ETF,Financial,Exchange Traded Fund,USA,,,37.18,-0.46%,569.0,0,0,0,0,0,0,0,0,0,0,0,0,0,0,0,0,0,1,0,0,0,0,0,0,0,0,0,0,1,0,1
EO,Geo Group Inc,Industrials,Security & Protection Services,USA,4019999999.9999995,14.4,30.52,1.94%,2708077.0,0,0,0,0,0,0,0,0,0,0,1,0,0,0,0,0,0,0,0,0,0,0,0,0,-1,0,0,0,1,1,2
EV,GE Vernova Inc,Industrials,Specialty Industrial Machinery,USA,265560000000.0,28.54,997.09,-3.12%,2019282.0,0,1,0,0,0,0,0,0,0,0,0,0,0,0,0,0,0,0,0,0,0,0,0,0,0,0,0,0,1,0,1
EVC,Corgi GEV 2x Daily ETF,Financial,Exchange Traded Fund,USA,,,19.74,-6.15%,2743.0,0,0,0,0,0,0,0,0,1,1,0,0,0,0,0,0,0,0,0,0,0,0,0,0,0,0,0,0,2,0,2
EVG,Leverage Shares 2X Long GEV Daily ETF,Financial,Exchange Traded Fund,USA,,,23.89,-6.00%,20130.0,0,0,0,0,0,0,0,0,1,0,0,0,0,0,0,0,0,0,0,0,0,0,0,0,0,0,0,0,1,0,1
EVX,Tradr 2X Long GEV Daily ETF,Financial,Exchange Traded Fund,USA,,,18.92,-6.08%,201890.0,0,0,0,0,0,0,0,0,0,0,0,0,-1,-1,0,0,0,0,0,0,0,0,0,0,0,0,0,0,0,2,2
FL,GFL Environmental Inc,Industrials,Waste Management,USA,18330000000.0,,42.04,-1.13%,3039083.0,0,1,0,-1,0,0,0,0,0,0,0,0,0,0,0,0,0,0,0,0,0,0,0,0,0,0,0,0,1,1,2
FUZ,General Fusion Group Ltd,Industrials,Specialty Industrial Machinery,Canada,403800000.0,,7.6,0.40%,54137.0,0,0,0,0,0,0,0,0,1,0,0,0,0,0,0,0,0,0,0,0,0,0,0,0,0,0,0,0,1,0,1
GB,Gerdau SA ADR,Basic Materials,Steel,Brazil,6220000000.0,22.88,5.02,-1.95%,13301291.0,0,0,0,0,0,1,0,-1,0,0,0,0,0,0,0,0,0,0,0,0,0,0,0,0,0,0,0,0,1,1,2
GLL,Direxion Daily GOOGL Bull 2X ETF,Financial,Exchange Traded Fund,USA,,,102.95,1.51%,1240593.0,0,0,0,0,0,0,0,0,0,0,0,0,0,0,0,1,0,0,0,0,0,0,0,0,0,0,0,0,1,0,1
HG,GreenTree Hospitality Group Ltd ADR,Consumer Cyclical,Lodging,China,62840000.0,16.08,0.95,-1.01%,7318.0,0,0,0,0,0,0,0,0,0,0,0,0,0,0,0,0,0,0,0,-1,0,0,0,0,0,0,0,0,0,1,1
HI,Greystone Housing Impact Investors LP,Financial,Mortgage Finance,USA,125870000.0,,5.41,3.44%,103541.0,0,0,0,0,0,0,0,0,0,0,0,0,0,0,0,0,0,0,0,0,0,0,0,0,0,1,0,0,1,0,1
HXI,Gores Holdings XI Inc,Financial,Shell Companies,USA,365740000.0,,9.99,0.00%,508.0,0,0,0,0,0,0,0,0,0,0,0,0,-1,0,0,0,0,0,0,0,0,0,0,0,0,0,0,0,0,1,1
HY,PGIM Global High Yield Fund Inc,Financial,Closed-End Fund - Debt,USA,446480000.0,,10.9,0.18%,209800.0,0,0,0,0,0,0,0,0,1,0,0,0,0,0,0,0,0,0,0,0,0,0,0,0,0,0,0,0,1,0,1
HYB,Goldman Sachs Access High Yield Corporate Bond ETF,Financial,Exchange Traded Fund,USA,,,43.21,0.13%,8184.0,0,0,0,-1,0,0,0,0,0,0,0,0,0,0,0,0,0,0,0,0,0,0,0,0,0,0,0,0,0,1,1
IGM,Gigamedia,Communication Services,Electronic Gaming & Multimedia,Taiwan,15140000.0,,1.37,-0.72%,3711.0,0,1,0,0,0,1,0,0,0,0,0,0,-1,0,0,0,0,0,0,0,1,1,0,0,0,1,0,0,5,1,6
INN,Goldman Sachs Innovate Equity ETF,Financial,Exchange Traded Fund,USA,,,81.48,-0.57%,1943.0,0,0,0,0,0,0,0,0,0,0,0,0,0,0,0,0,0,0,0,0,0,0,-1,0,0,0,0,0,0,1,1
IPR,Generation Income Properties Inc,Real Estate,REIT - Diversified,USA,1510000.0,,0.49,29.80%,143692849.0,0,0,0,0,0,0,0,0,1,0,0,0,0,0,0,0,0,0,0,0,0,0,0,0,0,0,0,0,1,0,1
ITS,Global Interactive Technologies Inc,Communication Services,Internet Content & Information,South Korea,7100000.0,,1.69,-2.87%,21155.0,0,0,0,0,0,0,0,0,0,0,0,0,-1,-1,0,0,0,0,0,0,0,0,0,0,0,0,0,0,0,2,2
JAN,FT Vest U.S. Equity Moderate Buffer ETF - January,Financial,Exchange Traded Fund,USA,,,46.43,-0.03%,15724.0,0,0,0,-1,0,0,0,-1,0,0,0,0,0,0,0,0,0,1,0,0,0,0,0,0,0,0,0,0,1,2,3
JUL,FT Vest U.S. Equity Moderate Buffer ETF - July,Financial,Exchange Traded Fund,USA,,,44.94,-0.12%,2521.0,0,0,0,0,0,0,0,0,0,0,1,0,0,0,0,0,0,0,0,0,0,0,0,0,0,0,0,0,1,0,1
JUN,FT Vest U.S. Equity Moderate Buffer ETF - June,Financial,Exchange Traded Fund,USA,,,42.37,-0.00%,15628.0,0,0,0,0,0,0,0,-1,0,0,0,0,0,0,0,0,0,0,0,0,0,0,0,0,0,0,0,0,0,1,1
K,AdvisorShares Gerber Kawasaki ETF,Financial,Exchange Traded Fund,USA,,,29.78,-0.17%,154.0,0,0,0,0,0,0,0,0,0,0,1,1,0,0,0,0,0,0,0,0,0,0,0,0,-1,0,0,0,2,1,3
LAD,Gladstone Capital Corp,Financial,Asset Management,USA,422940000.0,9.95,18.72,-0.69%,206763.0,0,1,0,0,0,0,0,0,0,0,0,0,0,0,0,0,0,1,0,0,0,0,0,0,0,0,0,0,2,0,2
LAM,"Corgi Beauty, Skincare & Aesthetics ETF",Financial,Exchange Traded Fund,USA,,,28.07,0.47%,23.0,0,0,0,0,0,0,0,0,0,0,0,0,0,0,0,0,0,0,0,0,0,0,-1,0,0,0,0,0,0,1,1
LBS,Globus Maritime Ltd,Industrials,Marine Shipping,Greece,72950000.0,10.78,3.38,4.00%,96840.0,0,0,0,0,0,0,0,-1,0,0,0,0,0,0,0,0,0,0,0,0,0,0,0,0,0,0,0,0,0,1,1
LDG,GoldMining Inc,Basic Materials,Gold,Canada,184750000.0,,0.86,-4.55%,349875.0,0,0,0,0,0,0,0,0,1,0,0,0,0,0,0,0,0,0,0,0,0,0,0,0,0,0,0,0,1,0,1
LDI,UBS AG ETRACS Gold Shares Covered Call ETNs,Financial,Exchange Traded Fund,USA,,,139.0,-1.49%,107969.0,0,0,0,0,0,0,0,0,0,0,0,0,0,0,0,0,0,0,0,-1,0,0,0,0,0,0,0,0,0,1,1
LDW,Roundhill Gold WeeklyPay ETF,Financial,Exchange Traded Fund,USA,,,38.51,-2.08%,9228.0,0,0,0,0,0,0,0,0,1,0,0,0,0,0,0,0,0,0,0,0,0,0,0,0,0,0,0,0,1,0,1
LE,Global Engine Group Holding Ltd,Technology,Information Technology Services,Hong Kong,7320000.0,,0.4,-2.30%,145076.0,0,0,0,-1,0,1,0,0,0,0,0,0,0,0,0,1,0,0,0,0,0,0,0,0,0,0,0,0,2,1,3
LGG,Leverage Shares 2X Long GLXY Daily ETF,Financial,Exchange Traded Fund,USA,,,3.62,-6.68%,121491.0,0,0,0,0,0,0,0,0,0,0,0,0,-1,0,0,0,0,0,0,0,0,0,0,0,0,0,0,0,0,1,1
LIN,VanEck India Growth Leaders ETF,Financial,Exchange Traded Fund,USA,,,42.52,-1.17%,2271.0,0,0,0,0,0,0,0,0,0,0,0,0,-1,0,0,0,0,0,0,0,0,0,0,0,0,0,0,0,0,1,1
LOB,Globant SA,Technology,Information Technology Services,Luxembourg,1530000000.0,13.93,35.49,-0.20%,483684.0,0,0,0,-1,0,0,0,0,0,0,0,0,0,0,0,1,0,0,0,0,0,0,0,0,0,0,0,0,1,1,2
LOO,Gloo Holdings Inc,Technology,Software - Application,USA,364290000.0,,3.98,-0.25%,477062.0,0,0,0,0,0,0,0,0,1,0,0,0,0,0,0,0,0,0,0,0,0,0,0,0,0,0,0,0,1,0,1
LOW,VictoryShares WestEnd Global Equity ETF,Financial,Exchange Traded Fund,USA,,,34.67,-0.54%,5248.0,0,0,0,-1,0,0,0,0,0,0,0,0,0,0,0,0,0,0,0,0,0,0,0,0,0,0,0,0,0,1,1
LPI,Gaming and Leisure Properties Inc,Real Estate,REIT - Specialty,USA,10990000000.0,11.08,37.78,-0.79%,2652251.0,0,0,0,0,0,1,0,0,1,1,0,0,0,0,0,0,0,0,0,0,0,0,0,0,0,0,0,0,3,0,3
LRY,Inspire Growth ETF,Financial,Exchange Traded Fund,USA,,,38.36,-1.69%,13343.0,0,0,0,0,0,0,0,0,0,0,0,0,0,0,0,0,0,0,0,0,0,0,0,0,0,0,-1,0,0,1,1
LSI,Greenwich LifeSciences Inc,Healthcare,Biotechnology,USA,225900000.0,,15.39,-2.53%,147562.0,0,1,0,0,0,0,0,0,0,0,0,0,0,0,0,0,0,0,0,0,0,0,0,0,0,0,0,0,1,0,1
LUE,Monte Rosa Therapeutics Inc,Healthcare,Biotechnology,USA,867630000.0,,10.17,3.04%,2081663.0,0,0,0,0,0,0,0,0,0,0,1,0,0,0,0,0,0,0,0,0,0,0,0,0,0,0,0,0,1,0,1
LXU,T-REX 2X Long GLXY Daily Target ETF,Financial,Exchange Traded Fund,USA,,,4.24,-6.81%,198016.0,0,0,0,0,0,0,0,0,0,0,0,0,-1,0,0,0,0,0,0,0,0,0,0,0,0,0,0,0,0,1,1
MAY,FT Vest U.S. Equity Moderate Buffer ETF - May,Financial,Exchange Traded Fund,USA,,,44.33,-0.14%,13788.0,0,0,0,0,0,1,0,0,0,0,1,0,0,0,0,0,0,1,0,0,0,0,0,0,0,0,0,0,3,0,3
MED,Globus Medical Inc,Healthcare,Medical Devices,USA,9900000000.0,18.86,73.75,-3.51%,2473994.0,0,0,0,0,0,0,0,0,1,0,0,0,0,0,0,0,0,0,0,0,0,0,0,0,0,0,0,0,1,0,1
MF,State Street SPDR S&P Emerging Asia Pacific ETF,Financial,Exchange Traded Fund,USA,,,157.26,-1.19%,1672.0,0,0,0,0,0,0,0,0,0,0,0,0,0,0,0,1,0,0,0,0,0,0,0,0,0,0,0,0,1,0,1
MHS,Gamehaus Holdings Inc,Communication Services,Electronic Gaming & Multimedia,China,34850000.0,7.13,0.61,2.22%,1096132.0,0,0,0,0,0,1,0,0,1,0,0,0,0,0,0,0,0,0,0,0,0,0,0,0,0,0,0,0,2,0,2
MM,Global Mofy AI Ltd,Technology,Information Technology Services,China,16960000.0,,1.74,-0.57%,8970.0,0,1,0,0,0,0,0,0,0,0,0,0,0,0,0,0,0,0,0,0,0,0,0,0,0,0,0,0,1,0,1
MMA,GammaRoad Market Navigation ETF,Financial,Exchange Traded Fund,USA,,,22.13,-0.18%,10.0,0,0,0,0,0,0,0,-1,0,0,0,0,0,0,0,0,0,0,0,0,0,0,0,0,0,0,0,0,0,1,1
MOC,GMO Ultra-Short Income ETF,Financial,Exchange Traded Fund,USA,,,50.08,0.02%,714.0,0,0,0,0,0,1,0,0,0,0,0,0,0,0,0,0,0,1,0,0,0,0,0,0,0,0,0,0,2,0,2
MTL,Guardian Metal Resources Plc ADR,Basic Materials,Other Precious Metals & Mining,United Kingdom,307340000.0,,7.73,-6.42%,259332.0,0,1,0,0,0,0,0,0,0,0,0,0,0,0,0,0,0,0,0,0,0,0,0,0,0,0,0,0,1,0,1
NE,Genie Energy Ltd,Utilities,Utilities - Regulated Electric,USA,439000000.0,17.43,16.68,1.58%,95526.0,0,1,0,0,0,0,0,0,0,0,0,0,0,0,0,0,0,0,0,0,0,0,0,0,0,0,0,0,1,0,1
NL,Global Net Lease Inc,Real Estate,REIT - Diversified,USA,1850000000.0,,8.01,-1.60%,2714662.0,0,0,0,0,0,0,0,0,0,0,0,0,0,0,0,0,0,0,0,-1,0,0,0,0,0,0,0,0,0,1,1
NLN,Greenlane Holdings Inc,Consumer Defensive,Tobacco,USA,2049999.9999999998,,2.95,-5.14%,16128.0,0,0,0,-1,0,0,0,0,0,0,0,0,-1,-1,0,0,0,0,0,0,0,0,0,0,0,1,0,0,1,3,4
NMX,Corgi Genomics & Precision Medicine ETF,Financial,Exchange Traded Fund,USA,,,36.4,-1.23%,3368.0,0,0,0,0,0,1,0,-1,0,0,0,0,0,0,0,0,0,0,0,0,0,0,0,0,0,0,0,0,1,1,2
NOM,Global X Genomics & Biotechnology ETF,Financial,Exchange Traded Fund,USA,,,66.85,-1.11%,131302.0,0,0,0,-1,0,0,0,0,0,0,0,0,0,0,0,0,0,1,0,0,0,0,0,0,0,0,0,0,1,1,2
NRC,Generac Holdings Inc,Industrials,Specialty Industrial Machinery,USA,13070000000.0,51.02,221.34,-1.02%,879636.0,0,0,0,0,0,0,0,0,1,0,0,0,0,0,0,0,0,0,0,0,0,0,0,0,0,0,0,0,1,0,1
NSS,Genasys Inc,Technology,Scientific & Technical Instruments,USA,65580000.0,,1.44,0.00%,58226.0,0,0,0,0,0,1,0,0,0,0,0,0,0,0,0,0,0,0,0,-1,0,0,0,0,0,0,0,0,1,1,2
NT,"GAMCO Natural Resources, Gold & Income Trust",Financial,Closed-End Fund - Equity,USA,141220000.0,,8.4,-1.75%,43464.0,0,0,0,0,0,1,0,0,0,0,0,0,0,0,0,0,0,0,0,0,0,0,0,0,0,0,0,0,1,0,1
O,Grocery Outlet Holding Corp,Consumer Defensive,Grocery Stores,USA,1180000000.0,,11.94,4.65%,1476610.0,0,0,0,0,0,0,0,0,0,0,0,0,0,0,0,0,0,1,0,0,0,0,0,0,0,0,0,0,1,0,1
OLD,Gold.com Inc,Financial,Capital Markets,USA,1180000000.0,13.92,40.68,-2.14%,634571.0,0,1,0,0,0,1,0,0,0,0,0,0,-1,0,0,0,0,0,0,0,0,0,0,0,0,0,0,0,2,1,3
OOD,Gladstone Commercial Corp,Real Estate,REIT - Diversified,USA,616070000.0,50.42,12.63,-0.63%,305872.0,0,0,0,-1,0,0,0,-1,0,0,0,0,0,0,0,0,0,0,0,0,0,0,0,0,0,0,0,0,0,2,2
OOGL,Alphabet Inc,Communication Services,Internet Content & Information,USA,4269399999999.9995,17.61,350.5,0.81%,20911609.0,0,0,0,0,0,0,0,0,0,0,0,0,0,0,0,1,0,0,0,0,0,0,0,0,0,0,0,0,1,0,1
OOY,YieldMax GOOGL Option Income Strategy ETF,Financial,Exchange Traded Fund,USA,,,12.17,0.58%,176937.0,0,0,0,0,0,0,0,0,1,1,0,0,0,0,0,0,0,0,0,0,0,0,0,0,0,0,0,0,2,0,2
OP,Subversive Congressional Republicans Trading ETF,Financial,Exchange Traded Fund,USA,,,45.27,-1.22%,8804.0,0,0,0,0,0,0,0,0,0,0,0,0,0,0,0,0,0,1,0,0,0,0,0,0,0,0,0,0,1,0,1
ORO,Goldgroup Mining Inc,Basic Materials,Gold,Canada,444930000.0,,3.28,-2.67%,1120894.0,0,0,0,0,0,0,0,0,1,0,0,0,0,0,0,0,0,0,0,0,0,0,0,0,0,0,0,0,1,0,1
OU,GraniteShares 2x Long GOOGL Daily ETF,Financial,Exchange Traded Fund,USA,,,26.04,1.69%,138108.0,0,0,0,0,0,0,0,0,0,0,0,0,0,0,0,1,0,0,0,0,0,0,0,0,0,0,0,0,1,0,1
OVZ,iShares 25+ Year Treasury STRIPS Bond ETF,Financial,Exchange Traded Fund,USA,,,30.37,-0.33%,1127530.0,0,0,0,0,0,0,0,0,1,0,0,0,0,0,0,0,0,0,0,0,0,0,0,0,0,0,0,0,1,0,1
PGI,GPGI Inc,Industrials,Metal Fabrication,USA,3710000000.0,,12.8,-2.81%,1290636.0,0,0,0,-1,0,0,0,0,1,1,0,0,0,0,0,0,0,0,0,0,0,0,0,0,0,0,0,0,2,1,3
PI,Group 1 Automotive Inc,Consumer Cyclical,Auto & Truck Dealerships,USA,2770000000.0,9.7,232.61,-1.84%,283356.0,0,0,0,0,0,0,0,0,1,0,0,0,0,0,0,0,0,0,0,0,0,0,0,0,0,0,0,0,1,0,1
PK,Graphic Packaging Holding Co,Consumer Cyclical,Packaging & Containers,USA,2520000000.0,13.06,8.52,-1.05%,7555525.0,0,0,0,0,0,0,0,-1,0,0,0,0,0,0,0,0,0,0,0,0,0,0,0,0,0,0,0,0,0,1,1
PMT,Granite Point Mortgage Trust Inc,Real Estate,REIT - Mortgage,USA,35520000.0,,7.37,-3.03%,44770.0,0,0,0,0,0,0,0,0,1,0,0,0,0,0,0,0,0,0,0,0,0,0,0,0,0,0,0,0,1,0,1
POR,Gulfport Energy Corp,Energy,Oil & Gas E&P,USA,2870000000.0,6.48,162.04,0.50%,247432.0,0,0,0,0,0,0,0,0,0,0,0,0,0,0,0,0,0,0,0,0,0,0,0,1,0,0,0,0,1,0,1
PRE,Green Plains Inc,Basic Materials,Chemicals,USA,1080000000.0,9.95,15.34,1.19%,969491.0,0,0,0,0,0,0,0,0,1,0,0,0,0,0,0,0,0,0,0,0,0,0,0,0,0,0,0,0,1,0,1
PRO,GoPro Inc,Technology,Consumer Electronics,USA,228320000.0,,1.22,-7.58%,9998422.0,0,0,0,0,0,0,0,0,0,0,0,0,0,0,0,0,0,0,0,0,1,0,-1,0,0,0,0,0,1,1,2
PT,Intelligent Alpha Atlas ETF,Financial,Exchange Traded Fund,USA,,,34.85,-1.17%,7412.0,0,1,0,0,0,0,0,-1,0,0,0,0,0,0,0,0,0,0,0,0,0,0,0,0,0,0,0,0,1,1,2
QGU,GQG US Equity ETF,Financial,Exchange Traded Fund,USA,,,26.97,-0.33%,448572.0,0,0,0,0,0,0,0,0,0,0,0,0,0,0,0,1,0,0,0,0,0,0,0,0,0,0,0,0,1,0,1
QI,Natixis Gateway Quality Income ETF,Financial,Exchange Traded Fund,USA,,,61.14,-0.07%,45343.0,0,0,0,-1,0,0,0,-1,0,0,0,0,0,0,0,0,0,0,0,0,0,0,0,0,0,0,0,0,0,2,2
RAB,Grab Holdings Limited,Technology,Software - Application,Singapore,12560000000.0,22.24,3.08,0.33%,90241075.0,0,0,0,-1,0,0,0,0,0,0,0,0,0,0,0,0,0,0,0,-1,0,0,0,0,0,0,0,0,0,2,2
RAG,Leverage Shares 2X Long GRAB Daily ETF,Financial,Exchange Traded Fund,USA,,,4.25,1.31%,18896.0,0,0,0,0,0,0,0,0,0,0,0,0,0,0,0,0,0,0,0,-1,0,0,0,0,0,0,0,0,0,1,1
RC,Gorman-Rupp Co,Industrials,Specialty Industrial Machinery,USA,1960000000.0,31.35,74.21,-3.90%,183888.0,0,0,0,0,0,0,0,0,1,0,0,0,0,0,0,0,0,0,0,0,0,0,0,0,0,0,0,0,1,0,1
RDX,GridAI Technologies Corp,Healthcare,Biotechnology,USA,29380000.0,,4.12,-1.20%,117635.0,0,0,0,0,0,0,0,0,0,0,0,0,0,0,0,0,0,0,0,0,0,0,0,0,0,0,-1,0,0,1,1
RF,Eagle Capital Growth Fund Inc,Financial,Closed-End Fund - Equity,USA,39040000.0,,9.84,-0.20%,895.0,0,0,0,0,0,0,0,0,0,0,0,0,0,0,0,1,0,0,0,0,0,0,0,0,0,0,0,0,1,0,1
RID,First Trust Clean Edge Smart Grid,Financial,Exchange Traded Fund,USA,,,179.79,-2.45%,769684.0,0,0,0,0,0,0,0,0,0,0,0,0,0,0,0,1,0,0,0,0,0,0,0,0,0,0,0,0,1,0,1
RIN,VictoryShares International Free Cash Flow Growth ETF,Financial,Exchange Traded Fund,USA,,,32.54,-1.64%,22771.0,0,0,0,0,0,0,0,0,0,0,1,0,0,0,0,0,0,0,0,0,0,0,-1,0,0,0,0,0,1,1,2
RNI,Fundstrat Granny Shots US Large Cap & Income ETF,Financial,Exchange Traded Fund,USA,,,21.35,-0.61%,25301.0,0,1,0,-1,0,0,0,-1,0,0,0,0,0,0,0,0,0,0,0,0,0,0,0,0,0,0,0,0,1,2,3
RNJ,Fundstrat Granny Shots US Small & Mid-Cap ETF,Financial,Exchange Traded Fund,USA,,,30.02,-2.25%,57314.0,0,0,0,0,0,0,0,0,0,0,0,0,0,0,0,1,0,0,0,0,0,0,0,0,0,0,0,0,1,0,1
RNT,Granite Ridge Resources Inc,Energy,Oil & Gas E&P,USA,605420000.0,,4.59,-0.43%,958562.0,0,0,0,0,0,0,0,0,0,0,0,0,-1,0,0,0,0,0,0,0,0,0,0,0,0,0,0,0,0,1,1
RNY,Fundstrat Granny Shots US Large Cap ETF,Financial,Exchange Traded Fund,USA,,,28.52,-0.83%,906630.0,0,0,0,0,0,0,0,-1,0,0,0,0,0,0,0,0,0,0,0,0,0,0,0,0,0,0,0,0,0,1,1
RO,Brazil Potash Corp,Basic Materials,Other Industrial Metals & Mining,Canada,135660000.0,,2.19,-3.95%,551515.0,0,0,0,0,0,0,0,0,1,0,0,0,0,0,0,0,0,0,0,0,0,0,0,0,0,0,0,0,1,0,1
RPN,Groupon Inc,Communication Services,Internet Content & Information,USA,749460000.0,,18.43,-2.18%,940675.0,0,0,0,0,0,0,0,0,0,0,0,0,0,0,0,0,0,0,0,0,0,0,0,0,0,0,-1,0,0,1,1
RRR,Gorilla Technology Group Inc,Technology,Software - Infrastructure,United Kingdom,323520000.0,,11.76,-3.45%,637147.0,0,0,0,0,0,0,0,0,1,0,0,0,0,0,0,0,0,0,0,0,0,0,0,0,0,0,-1,0,1,1,2
RSD,Grandstand Ltd,Consumer Cyclical,Gambling,United Kingdom,52300000.0,,1.49,-1.32%,116595.0,0,0,0,0,0,0,0,0,1,0,0,0,0,0,0,0,0,0,0,0,0,0,0,0,0,0,0,0,1,0,1
SC,Goldman Sachs Small Cap Equity ETF,Financial,Exchange Traded Fund,USA,,,61.93,-1.50%,14779.0,0,0,0,0,0,0,0,0,1,0,0,0,0,0,0,0,0,0,0,0,0,0,0,0,0,0,0,0,1,0,1
SGO,Goldman Sachs Growth Opportunities ETF,Financial,Exchange Traded Fund,USA,,,46.53,-0.49%,7321.0,0,0,0,0,0,0,0,0,0,0,1,0,0,0,0,0,0,0,0,0,0,0,0,0,0,0,0,0,1,0,1
SIB,Themes Global Systemically Important Banks ETF,Financial,Exchange Traded Fund,USA,,,60.5,-2.22%,10805.0,0,0,0,0,0,0,0,-1,0,0,0,0,0,0,0,0,0,0,0,0,0,0,0,0,0,0,0,0,0,1,1
SIT,GSI Technology Inc,Technology,Semiconductors,USA,206960000.0,,5.39,-3.49%,268626.0,0,0,0,0,0,0,0,0,0,0,0,0,0,0,0,0,0,0,0,0,0,0,0,0,0,1,0,0,1,0,1
SK,GSK Plc ADR,Healthcare,Drug Manufacturers - General,United Kingdom,94210000000.0,14.81,47.02,0.90%,5852631.0,0,0,0,-1,0,0,0,0,1,1,0,0,0,0,0,0,0,0,0,0,0,0,0,0,0,0,0,0,2,1,3
SKH,GSK plc ADRhedged,Financial,Exchange Traded Fund,USA,,,67.1,1.25%,312.0,0,0,0,0,0,0,0,0,1,0,0,0,0,0,0,0,0,0,0,0,0,0,0,0,0,0,0,0,1,0,1
SM,Ferroglobe Plc,Basic Materials,Other Industrial Metals & Mining,United Kingdom,807230000.0,,4.32,-0.46%,1282335.0,0,0,0,0,0,0,0,0,0,0,0,0,0,0,0,0,0,0,0,0,0,0,0,0,0,0,0,1,1,0,1
SPY,Gotham Enhanced 500 ETF,Financial,Exchange Traded Fund,USA,,,43.0,-0.13%,1610.0,0,0,0,0,0,0,0,0,0,0,1,0,0,0,0,0,0,0,0,0,0,0,0,0,-1,0,0,0,1,1,2
SST,Goldman Sachs Ultra Short Bond ETF,Financial,Exchange Traded Fund,USA,,,50.35,0.04%,374203.0,0,1,0,0,0,0,0,0,0,0,0,0,0,0,0,0,0,0,0,0,0,0,0,0,0,0,0,0,1,0,1
SUI,Grayscale Sui Staking ETF,Financial,Exchange Traded Fund,USA,,,16.16,-6.10%,61745.0,0,0,0,0,0,0,0,0,0,0,0,0,0,0,0,0,0,0,0,0,0,0,0,0,0,1,0,0,1,0,1
SWO,Goldman Sachs ActiveBeta World Equity ETF,Financial,Exchange Traded Fund,USA,,,65.43,-0.41%,42299.0,0,0,0,0,0,0,0,0,0,0,0,0,0,0,0,0,0,0,0,0,0,0,0,0,-1,0,0,0,0,1,1
SY,Invesco Ultra Short Duration ETF,Financial,Exchange Traded Fund,USA,,,50.02,0.02%,743029.0,0,1,0,0,0,0,0,0,0,0,0,0,0,0,0,0,0,0,0,0,0,0,0,0,0,0,0,0,1,0,1
TEC,Greenland Technologies Holding Corp,Consumer Cyclical,Auto Parts,USA,21040000.0,1.32,0.79,1.42%,199554.0,0,0,0,0,0,0,0,0,0,0,0,0,-1,0,0,0,0,0,0,0,0,0,0,0,0,0,0,0,0,1,1
TEK,Goldman Sachs Future Tech Leaders Equity ETF,Financial,Exchange Traded Fund,USA,,,60.86,-1.37%,5579.0,0,0,0,0,0,0,0,0,1,0,0,0,0,0,0,1,0,0,0,0,0,0,0,0,0,0,0,0,2,0,2
TIP,Goldman Sachs Access Inflation Protected USD Bond ETF,Financial,Exchange Traded Fund,USA,,,46.34,0.06%,25199.0,0,1,0,0,0,0,0,0,0,0,0,0,0,0,0,0,0,0,0,0,0,0,0,0,0,0,0,0,1,0,1
TM,ZoomInfo Technologies Inc,Technology,Software - Application,USA,1080000000.0,,3.69,1.23%,5467844.0,0,0,0,0,0,0,0,0,0,0,1,0,0,0,0,0,0,0,0,0,0,0,0,0,0,0,0,0,1,0,1
TOC,Invesco Core Fixed Income ETF,Financial,Exchange Traded Fund,USA,,,23.93,0.04%,17149.0,0,0,0,0,0,0,0,0,1,1,0,0,0,0,0,0,0,0,0,0,0,0,0,0,0,0,0,0,2,0,2
TOH,Invesco Short Duration High Yield ETF,Financial,Exchange Traded Fund,USA,,,24.74,-0.17%,211.0,0,0,0,-1,0,0,0,0,0,0,0,0,0,0,0,0,0,0,0,0,0,0,0,0,0,0,0,0,0,1,1
TR,WisdomTree Target Range Fund,Financial,Exchange Traded Fund,USA,,,27.45,-0.51%,1794.0,0,0,0,-1,0,0,0,0,0,0,0,0,0,0,0,0,0,0,0,0,0,0,0,0,0,0,0,0,0,1,1
TY,Getty Realty Corp,Real Estate,REIT - Retail,USA,1710000000.0,16.83,27.55,-1.22%,673747.0,0,0,0,0,0,0,0,0,0,0,0,0,0,0,0,0,0,0,0,0,0,0,0,0,0,0,-1,0,0,1,1
UMI,Goldman Sachs Ultra Short Municipal Income ETF,Financial,Exchange Traded Fund,USA,,,50.08,-0.02%,42094.0,0,1,0,0,0,0,0,0,0,0,0,0,0,0,0,0,0,0,0,0,0,0,0,0,0,0,0,0,1,0,1
URE,Gulf Resources Inc,Basic Materials,Chemicals,China,5240000.0,,2.89,-4.30%,5461.0,0,0,0,0,0,0,0,0,1,0,0,0,0,0,0,0,0,0,0,0,0,0,0,0,0,0,0,0,1,0,1
USE,Goldman Sachs Enhanced U.S. Equity ETF,Financial,Exchange Traded Fund,USA,,,46.65,-0.23%,7915.0,0,0,0,0,0,0,0,0,0,0,1,0,0,0,0,0,0,0,0,0,0,0,0,0,0,0,0,0,1,0,1
USH,Direxion Daily S&P Oil & Gas Exp. & Prod. Bull 2X ETF,Financial,Exchange Traded Fund,USA,,,44.46,-0.16%,308957.0,0,0,0,0,0,0,0,0,0,0,1,0,0,0,0,0,0,0,0,0,0,0,-1,0,0,0,0,0,1,1,2
VAL,Cambria Global Value ETF,Financial,Exchange Traded Fund,USA,,,38.48,-0.59%,199456.0,0,0,0,0,0,0,0,-1,0,0,0,0,0,0,0,0,0,0,0,0,0,0,0,0,0,0,0,0,0,1,1
VH,Globavend Holdings Ltd,Industrials,Integrated Freight & Logistics,Australia,4730000.0,12.51,1.1,-1.79%,24525.0,0,0,0,0,0,0,0,0,0,0,0,0,0,0,0,0,0,0,0,0,0,0,-1,0,0,0,0,0,0,1,1
VLU,Gotham 1000 Value ETF,Financial,Exchange Traded Fund,USA,,,27.18,-0.89%,7450.0,0,1,0,0,0,0,0,0,0,0,0,0,0,0,0,0,0,0,0,0,0,0,0,0,0,0,0,0,1,0,1
WX,State Street SPDR S&P International Small Cap ETF,Financial,Exchange Traded Fund,USA,,,45.48,-0.74%,28512.0,0,0,0,0,0,0,0,0,0,0,1,0,0,0,0,0,0,0,0,0,0,0,0,0,-1,0,0,0,1,1,2
XAI,Gaxos.AI Inc,Communication Services,Electronic Gaming & Multimedia,USA,5020000.0,,0.45,-2.51%,97914.0,0,0,0,0,0,0,0,0,1,0,0,0,0,0,0,0,0,0,0,0,0,0,0,0,0,0,0,0,1,0,1
XDW,Global X Dorsey Wright Thematic ETF,Financial,Exchange Traded Fund,USA,,,24.97,-1.98%,20838.0,0,0,0,0,0,0,0,0,0,0,0,0,0,0,0,0,0,0,0,0,0,0,0,1,0,0,0,0,1,0,1
XIG,Global X Investment Grade Corporate Bond ETF,Financial,Exchange Traded Fund,USA,,,23.55,0.01%,27.0,0,0,0,-1,0,0,0,0,0,0,0,0,0,0,0,0,0,0,0,-1,0,0,0,0,0,0,0,0,0,2,2
XO,GXO Logistics Inc,Industrials,Integrated Freight & Logistics,USA,5270000000.0,40.55,45.99,-0.88%,978503.0,0,0,0,0,0,0,0,0,1,0,0,0,0,0,0,0,0,0,0,0,0,0,0,0,0,0,0,0,1,0,1
XPD,Global X PureCap MSCI Consumer Discretionary ETF,Financial,Exchange Traded Fund,USA,,,25.55,0.25%,5140.0,0,0,0,0,0,0,0,0,0,0,0,0,0,0,0,1,0,0,0,0,0,0,0,0,0,0,0,0,1,0,1
XPS,Global X PureCap MSCI Consumer Staples ETF,Financial,Exchange Traded Fund,USA,,,26.2,0.08%,23359.0,0,1,0,0,0,1,0,0,0,0,0,0,-1,-1,0,0,0,0,0,0,0,0,0,0,0,0,0,0,2,2,4
XUS,Goldman Sachs MarketBeta Total International Equity ETF,Financial,Exchange Traded Fund,USA,,,62.42,-1.24%,45.0,0,0,0,0,0,0,0,-1,0,0,0,0,0,0,0,0,0,0,0,0,0,0,0,0,0,0,0,0,0,1,1
YLD,Arrow Dow Jones Global Yield ETF,Financial,Exchange Traded Fund,USA,,,13.22,-1.40%,8046.0,0,0,0,0,0,0,0,0,0,0,0,0,0,0,0,0,0,0,0,0,0,0,0,0,-1,0,0,0,0,1,1
YRE,Gyre Therapeutics Inc,Healthcare,Biotechnology,USA,746480000.0,,7.04,-0.56%,99192.0,0,0,0,0,0,0,0,0,0,0,0,0,0,0,0,0,0,0,0,0,0,0,0,1,0,0,0,0,1,0,1
AE,Haemonetics Corp,Healthcare,Medical Devices,USA,4630000000.0,49.61,101.71,-1.75%,625614.0,0,0,0,0,0,0,0,0,0,0,0,0,0,0,0,0,0,0,0,0,0,0,-1,0,0,0,0,0,0,1,1
AKY,Amplify HACK Cybersecurity Covered Call ETF,Financial,Exchange Traded Fund,USA,,,32.77,-1.52%,22126.0,0,0,0,0,0,0,0,0,0,0,0,0,0,0,0,0,0,0,0,0,0,0,0,0,-1,0,0,0,0,1,1
AUS,Residential REIT ETF,Financial,Exchange Traded Fund,USA,,,16.56,-1.71%,1704.0,0,0,0,0,0,0,0,0,1,0,0,0,0,0,0,0,0,0,0,0,0,0,0,0,0,0,0,0,1,0,1
AWK,HawkEye 360 Inc,Industrials,Aerospace & Defense,USA,1380000000.0,,14.08,-2.02%,1040149.0,0,0,0,0,0,0,0,0,0,0,1,0,0,0,0,0,0,0,0,0,0,0,0,0,0,0,0,0,1,0,1
AWX,iShares Currency Hedged MSCI ACWI ex U.S. ETF,Financial,Exchange Traded Fund,USA,,,45.51,-1.03%,19753.0,0,1,0,0,0,0,0,0,0,0,0,0,0,0,0,0,0,0,0,0,0,0,0,0,0,0,0,0,1,0,1
BDC,Hilton BDC Corporate Bond ETF,Financial,Exchange Traded Fund,USA,,,24.34,0.16%,968.0,0,1,0,-1,0,0,0,0,0,0,0,0,0,0,0,0,0,0,0,0,0,0,0,0,0,0,0,0,1,1,2
BNB,Hotel101 Global Holdings Corp,Real Estate,Real Estate Services,Singapore,1060000000.0,,4.51,-2.39%,4133.0,0,0,0,0,0,1,0,0,1,0,0,0,0,0,0,0,0,0,0,0,0,0,0,0,0,0,0,0,2,0,2
BNC,Horizon Bancorp Inc (IN),Financial,Banks - Regional,USA,989920000.0,,19.28,-0.16%,1195636.0,0,0,0,-1,0,0,0,0,0,0,0,0,0,0,0,0,0,0,0,0,0,0,0,0,0,0,0,0,0,1,1
BT,HBT Financial Inc,Financial,Banks - Regional,USA,1290000000.0,15.28,35.53,-2.09%,297987.0,0,0,0,0,0,0,0,0,0,0,0,0,-1,0,0,0,0,0,0,0,0,0,0,0,0,0,0,0,0,1,1
BTA,Horizon Expedition Plus ETF,Financial,Exchange Traded Fund,USA,,,33.66,-0.20%,26433.0,0,1,0,0,0,0,0,0,0,0,1,1,0,0,0,0,0,0,0,0,0,0,0,0,0,0,0,0,3,0,3
CC,Warrior Met Coal Inc,Basic Materials,Coking Coal,USA,4730000000.0,21.54,89.57,-3.08%,418924.0,0,0,0,0,0,0,0,0,0,0,1,0,0,0,0,0,0,0,0,0,0,0,-1,0,0,0,0,0,1,1,2
CKT,Hackett Group Inc,Technology,Information Technology Services,USA,267440000.0,16.72,10.75,0.23%,133822.0,0,0,0,0,0,0,0,0,0,0,0,0,-1,0,0,0,0,0,0,0,0,0,0,0,0,0,0,0,0,1,1
CMT,Direxion HCM Tactical Enhanced US ETF,Financial,Exchange Traded Fund,USA,,,44.4,-0.54%,48433.0,0,0,0,0,0,0,0,0,0,0,1,0,0,0,0,0,0,0,0,0,0,0,0,0,0,0,0,0,1,0,1
DB,HDFC Bank Ltd ADR,Financial,Banks - Regional,India,113790000000.0,13.06,22.14,-1.25%,7511965.0,0,0,0,0,0,0,0,0,1,1,0,0,0,0,0,0,0,0,0,0,0,0,0,0,0,0,0,0,2,0,2
DG,ProShares Hedge Replication ETF,Financial,Exchange Traded Fund,USA,,,54.04,-0.37%,1360.0,0,0,0,0,0,0,0,0,0,0,1,0,0,0,0,0,0,0,0,0,0,0,0,0,-1,0,0,0,1,1,2
DL,Super Hi International Holding LTD ADR,Consumer Cyclical,Restaurants,Singapore,679600000.0,66.27,11.55,-2.94%,30.0,0,0,0,0,0,0,0,0,0,0,0,0,0,0,0,0,0,0,0,-1,0,0,0,0,0,0,0,0,0,1,1
DV,iShares Core High Dividend ETF,Financial,Exchange Traded Fund,USA,,,28.28,-0.28%,2297447.0,0,0,0,0,0,1,0,0,0,0,0,0,0,0,0,0,0,0,0,0,0,0,0,0,0,0,0,0,1,0,1
E,Hawaiian Electric Industries Inc,Utilities,Utilities - Regulated Electric,USA,1510000000.0,6.78,8.77,-1.79%,2475661.0,0,0,0,0,0,0,0,0,1,0,0,0,0,0,0,0,0,0,0,0,0,0,0,0,0,0,0,0,1,0,1
EDG,Equable Shares Hedged Equity ETF,Financial,Exchange Traded Fund,USA,,,30.91,-0.19%,26087.0,0,0,0,-1,0,0,0,-1,0,0,0,0,0,0,0,0,0,0,0,0,0,0,0,0,0,0,0,0,0,2,2
EDJ,WisdomTree Europe Hedged Equity Fund,Financial,Exchange Traded Fund,USA,,,55.39,-0.47%,28485.0,0,0,0,0,0,0,0,0,0,0,0,0,-1,0,0,0,0,0,0,0,0,0,0,0,0,0,0,0,0,1,1
EFT,Hedgeye Fourth Turning ETF,Financial,Exchange Traded Fund,USA,,,26.57,-0.08%,9759.0,0,0,0,0,0,0,0,0,0,0,0,0,-1,0,0,0,0,0,0,0,0,0,0,0,0,0,0,0,0,1,1
ELE,Helen of Troy Ltd,Consumer Defensive,Household & Personal Products,Bermuda,595110000.0,,25.55,0.91%,622018.0,0,1,0,0,0,0,0,0,0,0,1,1,0,0,0,0,0,0,0,0,0,0,0,0,-1,0,0,0,3,1,4
EMI,Hartford Equity Premium Income ETF,Financial,Exchange Traded Fund,USA,,,41.99,0.09%,28.0,0,0,0,0,0,0,0,0,0,0,0,0,-1,-1,0,0,0,0,0,0,0,0,0,0,0,0,0,0,0,2,2
EPS,D-MARKET Electronic Services & Trading ADR,Consumer Cyclical,Internet Retail,Turkey,946660000.0,,2.65,7.72%,534657.0,0,1,0,0,0,1,0,0,0,0,0,0,0,0,0,0,0,0,0,0,0,0,0,0,0,0,0,0,2,0,2
EQQ,JPMorgan Nasdaq Hedged Equity Laddered Overlay ETF,Financial,Exchange Traded Fund,USA,,,62.91,0.13%,16.0,0,0,0,0,0,0,0,-1,0,0,0,0,0,0,0,0,0,0,0,0,0,0,0,0,0,0,0,0,0,1,1
EQT,Simplify Hedged Equity ETF,Financial,Exchange Traded Fund,USA,,,34.78,-0.09%,31468.0,0,0,0,0,0,0,0,-1,0,0,0,0,0,0,0,0,0,0,0,0,0,0,0,0,0,0,0,0,0,1,1
ERO,Global X Video Games & Esports ETF,Financial,Exchange Traded Fund,USA,,,27.15,0.33%,2004.0,0,0,0,0,0,0,0,0,0,0,1,0,0,0,0,0,0,0,0,0,0,0,0,0,0,0,0,0,1,0,1
ESM,Hess Midstream LP,Energy,Oil & Gas Midstream,USA,6810000000.0,11.39,33.03,-14.63%,11911589.0,0,1,0,0,0,0,0,0,0,0,0,0,0,0,0,0,0,0,0,0,0,0,0,0,0,0,0,0,1,0,1
EWJ,iShares Currency Hedged MSCI Japan ETF,Financial,Exchange Traded Fund,USA,,,66.15,-1.00%,38635.0,0,0,0,0,0,0,0,0,0,0,0,0,0,0,0,1,0,0,0,0,0,0,0,0,0,0,0,0,1,0,1
FFG,HF Foods Group Inc,Consumer Defensive,Food Distribution,USA,86240000.0,,1.6,-0.62%,51092.0,0,0,0,0,0,0,0,0,0,0,0,0,-1,-1,0,0,0,0,0,0,0,0,0,0,0,0,0,0,0,2,2
FGO,Hartford Large Cap Growth ETF,Financial,Exchange Traded Fund,USA,,,31.15,-0.24%,33853.0,0,0,0,0,0,0,0,0,0,0,1,0,0,0,0,0,0,0,0,0,0,0,0,0,0,0,0,0,1,0,1
FMF,Unlimited HFMF Managed Futures ETF,Financial,Exchange Traded Fund,USA,,,22.48,0.22%,1634.0,0,0,0,0,0,0,0,0,1,0,0,0,0,0,0,0,0,0,0,0,0,0,0,0,0,0,0,0,1,0,1
FRO,Highland Opportunities and Income Fund,Financial,Closed-End Fund - Debt,USA,359470000.0,,6.51,-2.25%,65118.0,0,0,0,0,0,0,0,0,1,0,0,0,0,0,0,0,0,0,0,0,0,0,0,0,0,0,0,0,1,0,1
FSI,Hartford Strategic Income ETF,Financial,Exchange Traded Fund,USA,,,33.56,0.04%,291855.0,0,0,0,0,0,0,0,0,1,0,0,0,0,0,0,0,0,0,0,0,0,0,0,0,0,0,0,0,1,0,1
FSP,TradersAI Large Cap Equity & Cash ETF,Financial,Exchange Traded Fund,USA,,,13.4,-0.74%,12.0,0,0,0,0,0,1,0,0,1,0,0,0,0,0,0,0,0,0,0,0,0,0,0,0,0,0,0,0,2,0,2
FXI,NYLIM FTSE International Equity Currency Neutral ETF,Financial,Exchange Traded Fund,USA,,,37.08,-0.96%,1026897.0,0,1,0,0,0,0,0,0,0,0,0,0,0,0,0,0,0,0,0,0,0,0,0,0,0,0,0,0,1,0,1
GRO,Hedgeye Quality Growth ETF,Financial,Exchange Traded Fund,USA,,,30.48,-0.32%,13512.0,0,0,0,0,0,0,0,0,0,0,0,0,-1,0,0,0,0,0,0,0,0,0,0,0,0,0,0,0,0,1,1
HH,Howard Hughes Holdings Inc,Real Estate,Real Estate - Diversified,USA,4290000000.0,14.55,71.85,-1.95%,840864.0,0,0,0,0,0,0,0,0,0,0,0,0,0,0,0,0,0,0,0,0,1,0,0,0,0,0,0,0,1,0,1
IBL,Direxion Daily S&P 500 High Beta Bull 3X ETF,Financial,Exchange Traded Fund,USA,,,119.2,-3.14%,34053.0,0,0,0,0,0,0,0,0,0,0,0,0,0,0,0,1,0,0,0,0,0,0,0,0,0,0,0,0,1,0,1
IBS,Direxion Daily S&P 500 High Beta Bear 3X ETF,Financial,Exchange Traded Fund,USA,,,15.73,3.35%,136424.0,0,0,0,0,0,0,0,0,1,0,0,0,0,0,0,0,0,0,0,0,0,0,0,0,0,0,0,0,1,0,1
IDV,AB US High Dividend ETF,Financial,Exchange Traded Fund,USA,,,90.05,-0.15%,40287.0,0,0,0,0,0,0,0,0,0,0,0,0,0,0,0,0,0,0,0,0,0,0,-1,0,0,0,0,0,0,1,1
IFS,Hingham Institution For Savings,Financial,Banks - Regional,USA,623440000.0,9.52,285.95,-0.16%,30534.0,0,0,0,-1,0,0,0,0,0,0,0,0,0,0,0,1,0,0,0,0,0,0,0,0,0,0,0,0,1,1,2
IGH,Simplify Enhanced Income ETF,Financial,Exchange Traded Fund,USA,,,21.22,-0.79%,14959.0,0,1,0,0,0,1,0,0,0,0,0,0,-1,0,0,0,0,0,0,0,0,0,0,0,0,1,0,0,3,1,4
II,Huntington Ingalls Industries Inc,Industrials,Aerospace & Defense,USA,10270000000.0,15.54,260.67,-1.17%,566099.0,0,0,0,0,0,0,0,0,1,0,0,0,0,0,0,0,0,0,0,0,0,0,0,0,0,0,0,0,1,0,1
IMC,Corgi HIMS 2x Daily ETF,Financial,Exchange Traded Fund,USA,,,15.07,1.67%,706.0,0,0,0,0,0,0,0,0,1,0,0,0,0,0,0,0,0,0,0,0,0,0,0,0,0,0,0,0,1,0,1
IO,Western Asset High Income Opportunity Fund Inc,Financial,Closed-End Fund - Debt,USA,310020000.0,,3.26,-0.61%,445520.0,0,0,0,0,0,0,0,0,1,0,0,0,0,0,0,0,0,0,0,0,0,0,0,0,0,0,0,0,1,0,1
IPS,GraniteShares HIPS US High Income ETF,Financial,Exchange Traded Fund,USA,,,10.6,-0.56%,62843.0,0,0,0,0,0,0,0,0,0,0,0,0,-1,0,0,0,0,0,0,0,0,0,0,0,0,0,0,0,0,1,1
L,Hecla Mining Co,Basic Materials,Other Precious Metals & Mining,USA,11010000000.0,21.02,16.39,-4.15%,41360046.0,0,0,0,0,0,0,0,0,1,0,0,0,0,0,0,0,0,0,0,0,0,0,0,0,0,0,0,0,1,0,1
LIT,Harmonic Inc,Technology,Communication Equipment,USA,1230000000.0,,11.27,0.45%,1194615.0,0,0,0,0,0,0,0,0,0,0,0,0,-1,-1,0,0,0,0,0,0,0,0,0,0,0,0,0,0,0,2,2
LN,Haleon plc ADR,Healthcare,Drug Manufacturers - Specialty & Generic,United Kingdom,39670000000.0,18.55,9.02,1.69%,18243683.0,0,0,0,0,0,0,0,0,0,0,0,0,-1,0,0,0,0,0,0,0,0,0,0,0,0,1,0,0,1,1,2
LP,Hongli Group Inc,Basic Materials,Steel,China,189090000.0,95.83,2.53,0.40%,47662.0,0,1,0,0,0,0,0,0,0,0,0,0,0,0,0,0,0,0,0,0,0,0,0,0,0,0,0,0,1,0,1
LXC,Helix Acquisition Corp III,Financial,Shell Companies,USA,231190000.0,,10.48,-0.57%,260.0,0,0,0,0,0,0,0,0,0,0,0,0,-1,0,0,0,0,0,0,0,0,0,0,0,0,0,0,0,0,1,1
MH,HMH Holding Inc,Energy,Oil & Gas Equipment & Services,USA,796320000.0,20.47,18.06,-4.44%,139388.0,0,0,0,0,0,0,0,0,1,0,0,0,0,0,0,0,0,0,0,0,0,0,0,0,0,0,0,0,1,0,1
NRG,Hallador Energy Co,Utilities,Utilities - Independent Power Producers,USA,643500000.0,659.42,13.65,-7.83%,1304936.0,0,0,0,0,0,0,0,0,1,0,0,0,0,0,0,0,0,0,0,0,0,0,0,0,0,0,0,0,1,0,1
ODU,Direxion Daily HOOD Bull 2X ETF,Financial,Exchange Traded Fund,USA,,,12.54,-4.64%,150686.0,0,0,0,0,0,0,0,0,0,0,1,0,0,0,0,0,0,0,0,0,0,0,0,0,0,0,0,0,1,0,1
OG,Harley-Davidson Inc,Consumer Cyclical,Recreational Vehicles,USA,2800000000.0,16.67,26.95,0.04%,2093348.0,0,0,0,0,0,0,0,0,0,0,0,0,0,0,0,0,0,0,0,0,1,0,0,0,-1,0,0,0,1,1,2
OLA,JPMorgan International Hedged Equity Laddered Overlay ETF,Financial,Exchange Traded Fund,USA,,,55.19,-0.69%,22314.0,0,0,0,0,0,0,0,0,0,0,1,0,0,0,0,0,0,0,0,0,0,0,0,0,-1,0,0,0,1,1,2
OLO,MicroCloud Hologram Inc,Technology,Software - Application,China,33910000.0,,1.48,0.00%,219601.0,0,0,0,0,0,0,0,0,1,0,0,0,0,0,0,0,0,0,0,0,0,0,0,0,0,0,0,0,1,0,1
ON,Honeywell International Inc,Industrials,Conglomerates,USA,65959999999.99999,7.7,208.11,-2.24%,2041221.0,0,1,0,0,0,0,0,0,0,0,0,0,0,0,0,0,0,0,0,0,0,0,0,0,0,0,0,0,1,0,1
OOC,Corgi HOOD 2x Daily ETF,Financial,Exchange Traded Fund,USA,,,19.5,-4.43%,229.0,0,0,0,0,0,0,0,0,0,0,0,0,0,0,0,0,0,0,0,0,1,0,-1,0,0,0,0,0,1,1,2
OOG,Leverage Shares 2X Long HOOD Daily ETF,Financial,Exchange Traded Fund,USA,,,30.32,-4.59%,449759.0,0,0,0,0,0,0,0,0,0,0,1,0,0,0,0,0,0,0,0,0,0,0,0,0,0,0,0,0,1,0,1
OOX,Defiance Daily Target 2X Long HOOD ETF,Financial,Exchange Traded Fund,USA,,,34.13,-4.56%,20084.0,0,0,0,0,0,0,0,0,0,0,1,0,0,0,0,0,0,0,0,0,0,0,0,0,0,0,0,0,1,0,1
OS,Hornbeck Offshore Services Inc,Industrials,Marine Shipping,USA,1660000000.0,46.98,7.47,-3.24%,2004134.0,0,0,0,0,0,0,0,-1,0,0,0,0,0,0,0,0,0,0,0,0,0,0,0,0,0,0,0,0,0,1,1
OST,Host Digital Inc,Technology,Software - Infrastructure,USA,90530000.0,,3.21,-4.75%,243889.0,0,0,0,0,0,0,0,0,0,0,0,0,0,0,0,0,0,0,0,0,0,0,-1,0,0,0,0,0,0,1,1
OUR,Hour Loop Inc,Consumer Cyclical,Internet Retail,USA,63710000.0,36.42,1.81,3.43%,18966.0,0,0,0,0,0,0,0,0,0,0,0,0,-1,0,0,0,0,0,0,0,0,0,0,0,0,0,0,0,0,1,1
PE,Hewlett Packard Enterprise Co,Technology,Communication Equipment,USA,95700000000.0,37.59,72.09,2.28%,25720326.0,0,0,0,0,0,0,0,0,0,0,1,1,0,0,0,0,0,0,0,0,0,0,0,0,0,0,0,0,2,0,2
PI,John Hancock Preferred Income Fund,Financial,Closed-End Fund - Debt,USA,370800000.0,,13.84,-0.93%,93617.0,0,1,0,0,0,0,0,0,0,0,0,0,0,0,0,0,0,0,0,0,0,0,0,0,0,0,0,0,1,0,1
PK,HighPeak Energy Inc,Energy,Oil & Gas E&P,USA,1080000000.0,,8.52,3.65%,634537.0,0,0,0,0,0,1,0,-1,0,0,0,0,0,0,0,0,0,0,0,0,0,0,0,0,0,0,0,0,1,1,2
QGO,Hartford US Quality Growth ETF,Financial,Exchange Traded Fund,USA,,,68.29,-0.10%,1925.0,0,0,0,0,0,0,0,0,0,0,1,0,0,0,0,0,0,0,0,0,0,0,0,0,0,0,0,0,1,0,1
QI,HireQuest Inc,Industrials,Staffing & Employment Services,USA,256459999.99999997,31.46,18.45,-2.02%,51091.0,0,0,0,0,0,0,0,-1,0,0,0,0,0,0,0,0,0,0,0,0,0,0,0,0,0,0,0,0,0,1,1
RSK,Toews Agility Shares Hedged Risk ETF,Financial,Exchange Traded Fund,USA,,,25.59,-0.39%,41418.0,0,0,0,0,0,0,0,0,1,0,0,0,0,0,0,0,0,0,0,0,0,0,0,0,0,0,0,0,1,0,1
SAI,Hesai Group ADR,Consumer Cyclical,Auto Parts,China,2080000000.0,34.36,16.0,-1.66%,619931.0,0,0,0,-1,0,0,0,0,0,0,0,0,0,0,0,0,0,0,0,0,0,0,0,0,0,0,0,0,0,1,1
SCZ,iShares Currency Hedged MSCI EAFE Small-Cap ETF,Financial,Exchange Traded Fund,USA,,,43.33,-0.43%,14301.0,0,0,0,-1,0,0,0,0,0,0,0,0,0,0,0,0,0,0,0,0,0,0,0,0,0,0,0,0,0,1,1
SLV,Highlander Silver Corp,Basic Materials,Silver,Canada,976900000.0,154.34,4.8,-7.34%,1045835.0,0,0,0,0,0,1,0,0,1,0,0,0,0,0,0,0,0,0,0,0,0,0,0,0,0,0,0,0,2,0,2
SY,Hershey Company,Consumer Defensive,Confectioners,USA,32220000000.0,23.43,160.34,-0.29%,944545.0,0,0,0,0,0,0,0,0,1,0,0,0,0,0,0,0,0,0,0,0,0,0,0,0,0,0,0,0,1,0,1
TB,HomeTrust Bancshares Inc,Financial,Banks - Regional,USA,770050000.0,12.08,46.13,-0.73%,143352.0,0,0,0,0,0,0,0,0,1,0,0,0,0,0,0,0,0,0,0,0,0,0,0,0,0,0,0,0,1,0,1
TD,John Hancock Tax- Advantaged Dividend Income,Financial,Closed-End Fund - Debt,USA,789420000.0,,22.28,-0.80%,77564.0,0,0,0,0,0,0,0,0,0,0,1,0,0,0,0,0,0,0,0,0,0,0,0,0,0,0,0,0,1,0,1
TH,Hilltop Holdings Inc,Financial,Financial Conglomerates,USA,2100000000.0,13.59,36.6,-1.35%,401768.0,0,0,0,0,0,0,0,0,0,0,1,0,0,0,0,0,0,0,0,0,0,0,0,0,0,0,0,0,1,0,1
TLM,HomesToLife Ltd,Consumer Cyclical,Specialty Retail,Singapore,161440000.0,16.45,1.8,1.69%,6385.0,0,0,0,0,0,0,0,0,0,0,0,0,-1,0,0,0,0,0,0,0,0,0,0,0,0,1,0,0,1,1,2
TO,H2O America,Utilities,Utilities - Regulated Water,USA,2430000000.0,20.49,57.98,-0.34%,449656.0,0,0,0,0,0,0,0,0,0,0,0,0,0,0,0,0,0,0,0,0,0,0,-1,0,0,0,0,0,0,1,1
UBB,Hubbell Inc,Industrials,Electrical Equipment & Parts,USA,25120000000.0,28.15,475.41,-2.06%,503917.0,0,0,0,0,0,0,0,0,1,1,0,0,0,0,0,0,0,0,0,0,0,0,0,0,0,0,0,0,2,0,2
UBS,HubSpot Inc,Technology,Software - Application,USA,10980000000.0,77.97,220.27,1.46%,1070407.0,0,1,0,0,0,0,0,0,0,0,1,0,0,0,0,0,0,0,0,0,0,0,0,0,0,0,0,0,2,0,2
UDI,Huadi International Group Co Ltd,Basic Materials,Steel,China,10130000.0,,0.71,1.33%,4375.0,0,1,0,0,0,0,0,0,0,0,0,0,0,0,0,0,0,0,0,0,0,0,0,0,0,0,0,0,1,0,1
UTG,Leverage Shares 2X Long HUT Daily ETF,Financial,Exchange Traded Fund,USA,,,13.24,-6.06%,124818.0,0,0,0,0,0,0,0,0,1,0,0,0,0,0,0,0,0,0,0,0,0,0,0,0,0,0,0,0,1,0,1
VAC,AdvisorShares HVAC and Industrials ETF,Financial,Exchange Traded Fund,USA,,,34.86,-2.74%,1676.0,0,0,0,0,0,0,0,0,0,0,0,0,-1,0,0,0,0,0,0,0,0,0,0,0,0,0,-1,0,0,2,2
WBK,Hawthorn Bancshares Inc,Financial,Banks - Regional,USA,263120000.0,10.38,38.13,-1.06%,12850.0,0,0,0,0,0,0,0,0,0,0,0,0,0,0,0,0,0,0,0,0,0,0,0,0,-1,0,0,0,0,1,1
XHX,Haoxin Holdings Ltd,Industrials,Integrated Freight & Logistics,China,4750000.0,8.02,0.32,1.67%,653670.0,0,1,0,0,0,1,0,0,0,0,0,0,-1,0,0,0,0,0,0,0,0,0,0,0,0,0,0,0,2,1,3
Y,Hyster Yale Inc,Industrials,Farm & Heavy Construction Machinery,USA,591170000.0,,32.97,2.61%,172382.0,0,0,0,0,0,0,0,0,0,0,0,0,0,0,0,0,0,0,0,0,0,0,-1,0,0,0,0,0,0,1,1
YBI,NEOS Enhanced Income Credit Select ETF,Financial,Exchange Traded Fund,USA,,,48.23,0.00%,23606.0,0,0,0,-1,0,0,0,0,1,1,0,0,0,0,0,0,0,0,0,0,0,0,0,0,0,0,0,0,2,1,3
YGH,iShares Interest Rate Hedged High Yield Bond ETF,Financial,Exchange Traded Fund,USA,,,85.29,-0.22%,54997.0,0,0,0,0,0,0,0,0,0,0,0,0,-1,0,0,0,0,0,0,0,0,0,0,1,0,0,0,0,1,1,2
YIN,WisdomTree Private Credit and Alternative Income Fund,Financial,Exchange Traded Fund,USA,,,12.37,-1.19%,31246.0,0,0,0,0,0,0,0,0,0,0,0,0,-1,0,0,0,0,0,0,0,0,0,0,0,0,0,0,0,0,1,1
YLB,Xtrackers USD High Yield Corporate Bond ETF,Financial,Exchange Traded Fund,USA,,,35.16,-0.14%,1203076.0,0,0,0,-1,0,0,0,0,0,0,0,0,0,0,0,0,0,0,0,0,0,0,0,0,0,0,0,0,0,1,1
YMC,Hycroft Mining Holding Corp,Basic Materials,Gold,USA,1670000000.0,,17.96,-5.92%,2101446.0,0,0,0,0,0,0,0,0,1,0,0,0,0,0,0,0,0,0,0,0,0,0,0,0,0,0,0,0,1,0,1
YNE,Hoyne Bancorp Inc,Financial,Banks - Regional,USA,136110000.0,491.52,16.81,1.27%,9579.0,0,0,0,0,0,0,0,0,0,0,1,0,0,0,0,0,0,0,0,0,0,0,0,0,0,0,0,0,1,0,1
YP,Golden Eagle Dynamic Hypergrowth ETF,Financial,Exchange Traded Fund,USA,,,30.05,-1.13%,2888.0,0,0,0,0,0,0,0,0,0,0,0,0,-1,0,0,0,0,0,0,0,0,0,0,1,0,0,0,0,1,1,2
YT,BlackRock Corporate High Yield Fund Inc,Financial,Closed-End Fund - Debt,USA,1520000000.0,,7.79,-0.26%,653619.0,0,0,0,-1,0,0,0,0,0,0,0,0,0,0,0,0,0,0,0,0,0,0,0,0,0,0,0,0,0,1,1
YTI,FT Vest High Yield & Target Income ETF,Financial,Exchange Traded Fund,USA,,,18.3,-0.19%,59725.0,0,1,0,0,0,0,0,0,0,0,0,0,0,0,0,0,0,0,0,0,0,0,0,0,0,0,0,0,1,0,1
YTR,CP High Yield Trend ETF,Financial,Exchange Traded Fund,USA,,,20.78,-0.01%,52670.0,0,0,0,0,0,0,0,0,1,1,0,0,0,0,0,0,0,0,0,0,0,0,0,0,0,0,0,0,2,0,2
YUP,Xtrackers High Beta High Yield Bond ETF,Financial,Exchange Traded Fund,USA,,,39.63,-0.15%,3228.0,0,0,0,-1,0,0,0,0,0,0,0,0,0,0,0,0,0,0,0,0,0,0,0,0,0,0,0,0,0,1,1
ZO,Marinemax Inc,Consumer Cyclical,Specialty Retail,USA,1160000000.0,363.37,52.47,0.15%,547101.0,0,1,0,0,0,0,0,0,0,0,0,0,0,0,0,0,0,0,0,0,0,0,0,0,0,0,0,0,1,0,1
AE,Voya Asia Pacific High Dividend Equity Income Fund,Financial,Closed-End Fund - Foreign,USA,94710000.0,,8.81,-2.54%,247172.0,0,0,0,0,0,0,0,0,0,0,0,0,0,0,0,1,0,0,0,0,0,0,0,0,0,0,0,0,1,0,1
ALT,iShares Systematic Alternatives Active ETF,Financial,Exchange Traded Fund,USA,,,30.02,-0.23%,4012851.0,0,0,0,0,0,1,0,0,0,0,0,0,0,0,0,0,0,0,0,0,0,0,0,0,0,0,0,0,1,0,1
AUI,NEOS Gold High Income ETF,Financial,Exchange Traded Fund,USA,,,47.76,-1.38%,210711.0,0,0,0,0,0,0,0,0,1,0,0,0,0,0,0,0,0,0,0,0,0,0,0,0,0,0,0,0,1,0,1
BDR,iShares iBonds Dec 2026 Term Corporate ETF,Financial,Exchange Traded Fund,USA,,,24.18,0.00%,1419336.0,0,0,0,-1,0,0,0,0,0,0,0,0,-1,-1,0,0,0,0,0,0,0,0,0,0,0,1,0,0,1,3,4
BDS,iShares iBonds Dec 2027 Term Corporate ETF,Financial,Exchange Traded Fund,USA,,,24.08,0.04%,546602.0,0,0,0,0,0,1,0,0,0,0,0,0,0,0,0,0,0,0,0,-1,0,0,0,0,0,0,0,0,1,1,2
BDT,iShares iBonds Dec 2028 Term Corporate ETF,Financial,Exchange Traded Fund,USA,,,24.95,0.12%,492939.0,0,1,0,0,0,0,0,0,0,0,0,0,0,0,0,0,0,0,0,-1,0,0,0,0,0,0,0,0,1,1,2
BDW,iShares iBonds Dec 2031 Term Corporate ETF,Financial,Exchange Traded Fund,USA,,,20.06,0.10%,679538.0,0,1,0,0,0,0,0,0,0,0,0,0,0,0,0,0,0,0,0,0,0,0,0,0,0,0,0,0,1,0,1
BFR,Innovator International Developed Managed 10 Buffer ETF,Financial,Exchange Traded Fund,USA,,,49.96,-0.66%,1048.0,0,0,0,0,0,0,0,0,0,0,0,0,0,0,0,0,0,0,0,0,0,0,-1,0,0,0,0,0,0,1,1
BGB,iShares iBonds Dec 2045 Term Treasury ETF,Financial,Exchange Traded Fund,USA,,,22.08,-0.24%,418.0,0,0,0,0,0,0,0,0,1,0,0,0,0,0,0,0,0,0,0,0,0,0,0,0,0,0,0,0,1,0,1
BGK,iShares iBonds Dec 2054 Term Treasury ETF,Financial,Exchange Traded Fund,USA,,,20.87,-0.25%,203.0,0,0,0,0,0,0,0,0,1,0,0,0,0,0,0,0,0,0,0,0,0,0,0,0,0,0,0,0,1,0,1
BGL,iShares iBonds Dec 2055 Term Treasury ETF,Financial,Exchange Traded Fund,USA,,,21.44,-0.25%,637.0,0,0,0,0,0,0,0,0,1,1,0,0,0,0,0,0,0,0,0,0,0,0,0,0,0,0,0,0,2,0,2
BGM,iShares iBonds Dec 2056 Term Treasury ETF,Financial,Exchange Traded Fund,USA,,,22.29,-0.27%,8035.0,0,0,0,0,0,0,0,0,1,0,0,0,0,0,0,0,0,0,0,0,0,0,0,0,0,0,0,0,1,0,1
BHG,iShares iBonds 2027 Term High Yield and Income ETF,Financial,Exchange Traded Fund,USA,,,21.73,-0.09%,98935.0,0,0,0,0,0,0,0,0,1,0,0,0,0,0,0,0,0,0,0,0,0,0,0,0,0,0,0,0,1,0,1
BHH,iShares iBonds 2028 Term High Yield and Income ETF,Financial,Exchange Traded Fund,USA,,,23.12,0.00%,97956.0,0,0,0,0,0,0,0,0,0,0,0,0,-1,0,0,0,0,0,0,0,0,0,0,0,0,0,0,0,0,1,1
BIE,iShares iBonds Oct 2028 Term TIPS ETF,Financial,Exchange Traded Fund,USA,,,25.62,0.08%,51492.0,0,0,0,0,0,0,0,0,1,0,0,0,0,0,0,0,0,0,0,0,0,0,0,0,0,0,0,0,1,0,1
BM,International Business Machines Corp,Technology,Information Technology Services,USA,207750000000.0,19.57,220.51,-0.35%,3895506.0,0,0,0,0,0,0,0,0,1,0,0,0,0,0,0,0,0,0,0,0,0,0,0,0,0,0,0,0,1,0,1
BMO,iShares iBonds Dec 2026 Term Muni Bond ETF,Financial,Exchange Traded Fund,USA,,,25.58,-0.14%,43811.0,0,1,0,-1,0,1,0,0,0,0,0,0,0,0,0,0,0,0,0,0,1,1,0,0,0,0,0,0,4,1,5
BMP,iShares iBonds Dec 2027 Term Muni Bond ETF,Financial,Exchange Traded Fund,USA,,,25.21,0.00%,164441.0,0,0,0,0,0,0,0,0,1,0,0,0,0,0,0,0,0,0,0,0,0,0,0,0,0,0,0,0,1,0,1
BMR,iShares iBonds Dec 2029 Term Muni Bond ETF,Financial,Exchange Traded Fund,USA,,,24.74,-0.12%,181699.0,0,0,0,0,0,0,0,0,1,0,0,0,0,0,0,0,0,0,0,0,0,0,0,0,0,0,0,0,1,0,1
BND,State Street SPDR Bloomberg International Corporate Bond ETF,Financial,Exchange Traded Fund,USA,,,29.63,-0.50%,43406.0,0,0,0,0,0,0,0,0,1,0,0,0,0,0,0,0,0,0,0,0,0,0,0,0,0,0,0,0,1,0,1
BO,Impact BioMedical Inc,Healthcare,Biotechnology,USA,38270000.0,,4.48,-4.27%,10757.0,0,1,0,0,0,0,0,0,0,0,0,0,-1,-1,0,0,0,0,0,0,0,0,0,0,0,0,0,0,1,2,3
BOT,VanEck Robotics ETF,Financial,Exchange Traded Fund,USA,,,66.07,-1.67%,19017.0,0,0,0,0,0,0,0,0,0,0,0,0,0,0,0,0,0,0,0,0,0,0,-1,0,0,0,0,0,0,1,1
BP,Installed Building Products Inc,Consumer Cyclical,Residential Construction,USA,4900000000.0,19.85,184.4,-4.38%,454370.0,0,0,0,0,0,0,0,0,0,0,0,0,-1,0,0,0,0,0,0,0,0,0,0,0,0,0,0,0,0,1,1
BRX,ImmunityBio Inc,Healthcare,Biotechnology,USA,10330000000.0,,9.75,0.62%,11780003.0,0,1,0,0,0,0,0,0,0,0,0,0,0,0,0,0,0,1,0,0,0,0,0,0,0,0,0,0,2,0,2
BTG,iShares iBonds Dec 2026 Term Treasury ETF,Financial,Exchange Traded Fund,USA,,,22.83,0.04%,898696.0,0,0,0,-1,0,0,0,0,0,0,0,0,0,0,0,0,0,0,0,0,0,0,0,0,0,0,0,0,0,1,1
BTL,iShares iBonds Dec 2031 Term Treasury ETF,Financial,Exchange Traded Fund,USA,,,19.46,0.08%,463158.0,0,0,0,0,0,0,0,0,1,1,0,0,0,0,0,0,0,0,0,0,0,0,0,0,0,0,0,0,2,0,2
BTQ,iShares iBonds Dec 2035 Term Treasury ETF,Financial,Exchange Traded Fund,USA,,,23.59,0.00%,176093.0,0,0,0,0,0,0,0,0,1,1,0,0,0,0,0,0,0,0,0,0,0,0,0,0,0,0,0,0,2,0,2
BX,Tradr 2X Long IBM Daily ETF,Financial,Exchange Traded Fund,USA,,,15.44,-0.71%,221964.0,0,0,0,0,0,0,0,0,1,0,0,0,0,0,0,0,0,0,0,0,0,0,0,0,0,0,0,0,1,0,1
CAP,Infrastructure Capital Equity Income ETF,Financial,Exchange Traded Fund,USA,,,27.72,-0.84%,17190.0,0,0,0,0,0,0,0,0,1,0,0,0,0,0,0,0,0,0,0,0,0,0,0,0,0,0,0,0,1,0,1
CCC,Immucell Corp,Healthcare,Biotechnology,USA,88010000.0,115.49,9.69,-2.81%,5160.0,0,0,0,0,0,0,0,0,0,0,0,0,-1,0,0,0,0,0,0,0,0,0,0,0,0,0,0,0,0,1,1
CL,ICL Group Ltd,Basic Materials,Agricultural Inputs,Israel,6560000000.0,21.51,5.08,0.00%,824827.0,0,0,0,0,0,0,0,0,0,0,0,0,-1,0,0,0,0,0,0,0,0,0,0,0,0,0,0,0,0,1,1
CLR,Icon Plc,Healthcare,Diagnostics & Research,Ireland,12660000000.0,297.84,164.08,1.48%,776242.0,0,0,0,0,0,0,0,0,0,0,1,0,0,0,0,0,0,0,0,0,0,0,0,0,0,0,0,0,1,0,1
CMB,Investcorp Credit Management BDC Inc,Financial,Asset Management,USA,9720000.0,,0.67,-6.78%,99463.0,0,0,0,0,0,0,0,0,1,0,0,0,0,0,0,0,0,0,0,0,0,0,0,0,0,0,0,0,1,0,1
CON,Icon Energy Corp,Industrials,Marine Shipping,USA,,,0.88,-4.84%,11253.0,0,0,0,0,0,0,0,0,0,0,0,0,0,0,0,0,0,0,0,0,0,0,0,0,0,1,0,0,1,0,1
CSH,iShares Ultra Short Duration Bond Active ETF,Financial,Exchange Traded Fund,USA,,,50.29,0.01%,1855313.0,0,0,0,-1,0,0,0,0,0,0,0,0,0,0,0,0,0,0,0,0,0,0,0,0,0,0,0,0,0,1,1
DEC,Innovator International Developed Power Buffer ETF December,Financial,Exchange Traded Fund,USA,,,34.3,-0.95%,798.0,0,1,0,0,0,0,0,0,0,0,0,0,0,0,0,0,0,0,0,0,0,0,0,0,0,0,0,0,1,0,1
DEQ,Lazard International Dynamic Equity ETF,Financial,Exchange Traded Fund,USA,,,34.81,-1.22%,582234.0,0,0,0,0,0,0,0,-1,0,0,0,0,0,0,0,0,0,0,0,0,0,0,0,0,0,0,0,0,0,1,1
DEV,iShares Core MSCI International Developed Markets ETF,Financial,Exchange Traded Fund,USA,,,88.79,-1.19%,1992079.0,0,1,0,0,0,0,0,0,0,0,0,0,0,0,0,0,0,0,0,0,0,0,0,0,0,0,0,0,1,0,1
DGT,iShares U.S. Digital Infrastructure and Real Estate ETF,Financial,Exchange Traded Fund,USA,,,118.03,-0.27%,10218.0,0,0,0,0,0,0,0,0,0,0,0,0,0,0,0,0,0,0,0,0,0,0,0,0,0,0,-1,0,0,1,1
DMO,Invesco S&P International Developed Momentum ETF,Financial,Exchange Traded Fund,USA,,,60.51,-2.02%,487999.0,0,0,0,0,0,0,0,-1,0,0,0,0,0,0,0,0,0,0,0,0,0,0,0,0,0,0,0,0,0,1,1
DVO,Amplify CWP International Enhanced Dividend Income ETF,Financial,Exchange Traded Fund,USA,,,41.47,-1.82%,270336.0,0,0,0,0,0,0,0,0,0,0,1,0,0,0,0,0,0,0,0,0,1,0,0,0,0,0,0,0,2,0,2
DVZ,Polen International Dividend Income Fund,Financial,Exchange Traded Fund,USA,,,33.2,-0.54%,18954.0,0,0,0,0,0,0,0,0,0,0,0,0,0,0,0,0,0,0,0,0,1,0,0,0,0,0,0,0,1,0,1
DYN,iShares International Equity Factor Rotation Active ETF,Financial,Exchange Traded Fund,USA,,,30.02,-1.24%,1351.0,0,0,0,0,0,0,0,0,0,0,1,0,0,0,0,0,0,0,0,0,0,0,0,0,0,0,0,0,1,0,1
EAG,Infinite Eagle Acquisition Corp,Financial,Shell Companies,USA,441080000.0,110.08,10.16,-0.20%,111922.0,0,0,0,0,0,0,0,0,0,0,0,0,0,0,0,0,0,0,0,0,0,0,0,0,-1,0,0,0,0,1,1
EFA,iShares Core MSCI EAFE ETF,Financial,Exchange Traded Fund,USA,,,96.2,-1.08%,11674699.0,0,1,0,0,0,0,0,0,0,0,0,0,0,0,0,0,0,0,0,0,0,0,0,0,0,0,0,0,1,0,1
EUS,iShares MSCI Europe Small-Cap ETF,Financial,Exchange Traded Fund,USA,,,68.73,-1.41%,1985.0,0,0,0,-1,0,0,0,0,0,0,1,0,0,0,0,0,0,0,0,0,0,0,0,0,0,0,0,0,1,1,2
FBD,Infobird Co Ltd,Technology,Software - Application,Hong Kong,6570000.0,,0.8,-2.34%,20869.0,0,0,0,0,0,0,0,0,0,0,0,0,0,0,0,0,0,1,0,0,0,0,0,0,0,0,0,0,1,0,1
FF,International Flavors & Fragrances Inc,Basic Materials,Specialty Chemicals,USA,21460000000.0,78.04,84.11,0.23%,2398955.0,0,1,0,0,0,0,0,0,0,0,0,0,0,0,0,0,0,0,0,0,0,0,0,0,0,0,0,0,1,0,1
FLR,Innovator International Developed Managed Floor ETF,Financial,Exchange Traded Fund,USA,,,52.46,-0.96%,4942.0,0,0,0,0,0,0,0,0,0,0,1,0,0,0,0,0,0,0,0,0,0,0,0,0,0,0,0,0,1,0,1
FN,Aberdeen India Fund Inc,Financial,Closed-End Fund - Equity,USA,451280000.0,,10.42,-1.42%,147534.0,0,0,0,0,0,0,0,0,0,0,0,0,-1,0,0,0,0,0,0,0,0,0,0,0,0,0,0,0,0,1,1
GBH,iShares Interest Rate Hedged Long-Term Corporate Bond ETF,Financial,Exchange Traded Fund,USA,,,24.6,-0.08%,79493.0,0,0,0,0,0,0,0,0,0,0,0,0,0,0,0,1,0,0,0,0,0,0,0,0,0,0,0,0,1,0,1
GC,IGC Pharma Inc,Healthcare,Biotechnology,USA,28950000.0,,0.28,0.00%,307232.0,0,0,0,0,0,0,0,0,0,0,0,0,-1,0,0,0,0,0,0,0,0,0,0,0,0,0,0,0,0,1,1
GHG,ProShares Investment Grade-Interest Rate Hedged,Financial,Exchange Traded Fund,USA,,,77.89,0.06%,40129.0,0,0,0,0,0,0,0,0,0,0,0,0,0,0,0,0,0,1,0,0,0,0,0,0,0,0,0,0,1,0,1
GLB,iShares 10 Year Investment Grade Corporate Bond ETF,Financial,Exchange Traded Fund,USA,,,45.53,-0.09%,1924923.0,0,0,0,0,0,0,0,0,1,0,0,0,0,0,0,0,0,0,0,0,0,0,0,0,0,0,0,0,1,0,1
GOV,iShares International Treasury Bond ETF,Financial,Exchange Traded Fund,USA,,,39.7,-0.48%,493218.0,0,0,0,0,0,0,0,0,0,0,0,0,-1,0,0,0,0,0,0,0,0,0,0,0,0,0,0,0,0,1,1
GSB,iShares 1-5 Yr IG Corporate Bond,Financial,Exchange Traded Fund,USA,,,51.22,0.06%,3889593.0,0,1,0,-1,0,0,0,0,0,0,0,0,0,0,0,0,0,0,0,0,0,0,0,0,0,0,0,0,1,1,2
H,iHuman Inc ADR,Consumer Defensive,Education & Training Services,China,25670000.0,19.46,1.15,0.88%,4011.0,0,0,0,0,0,0,0,0,0,0,0,0,0,0,0,0,0,0,0,-1,0,0,0,0,0,0,0,0,0,1,1
HAK,iShares Cybersecurity and Tech ETF,Financial,Exchange Traded Fund,USA,,,69.39,-1.91%,628762.0,0,0,0,0,0,0,0,0,0,0,1,0,0,0,0,0,0,1,0,0,0,0,0,0,0,0,0,0,2,0,2
HD,Voya Emerging Markets High Dividend Equity Fund,Financial,Closed-End Fund - Foreign,USA,134620000.0,,7.59,-1.17%,914078.0,0,0,0,0,0,0,0,0,0,0,0,0,0,0,0,1,0,0,0,0,0,0,0,0,0,0,0,0,1,0,1
HDG,WisdomTree International Hedged Quality Dividend Growth Fund,Financial,Exchange Traded Fund,USA,,,51.58,-0.94%,60533.0,0,1,0,0,0,0,0,0,0,0,0,0,0,0,0,0,0,0,0,0,0,0,0,0,0,0,0,0,1,0,1
HF,iShares U.S. Healthcare Providers ETF,Financial,Exchange Traded Fund,USA,,,55.96,0.11%,375493.0,0,0,0,0,0,0,0,0,0,0,0,0,0,0,0,0,0,0,0,0,0,0,0,0,-1,0,0,0,0,1,1
HG,Intercontinental Hotels Group ADR,Consumer Cyclical,Lodging,United Kingdom,23390000000.0,34.03,159.9,-0.40%,118445.0,0,0,0,0,0,0,0,0,0,0,0,0,-1,0,0,0,0,0,0,0,0,0,0,0,0,0,0,0,0,1,1
HI,iShares U.S. Medical Devices ETF,Financial,Exchange Traded Fund,USA,,,50.95,0.04%,1625498.0,0,0,0,0,0,1,0,0,0,0,0,0,0,0,0,0,0,0,0,0,0,0,0,0,0,0,0,0,1,0,1
HS,IHS Holding Ltd,Real Estate,Real Estate Services,United Kingdom,2860000000.0,20.16,8.44,0.00%,598870.0,0,0,0,0,0,1,0,0,0,0,0,0,0,0,0,0,0,0,0,0,0,0,0,0,0,0,0,0,1,0,1
HT,Innsuites Hospitality Trust,Real Estate,REIT - Hotel & Motel,USA,15520000.0,,1.12,-6.68%,60152.0,0,0,0,0,0,0,0,0,0,0,0,0,0,0,0,0,0,0,0,0,0,0,0,0,0,0,-1,0,0,1,1
JT,iShares S&P Small-Cap 600 Growth ETF,Financial,Exchange Traded Fund,USA,,,161.6,-1.43%,152776.0,0,0,0,0,0,0,0,0,0,0,0,0,0,0,0,0,0,0,0,0,0,0,-1,0,0,0,0,0,0,1,1
JUN,Innovator International Developed Power Buffer ETF - June,Financial,Exchange Traded Fund,USA,,,31.13,-0.59%,6033.0,0,0,0,-1,0,0,0,0,0,0,0,0,0,0,0,0,0,0,0,0,0,0,0,0,0,0,0,0,0,1,1
LAG,Intelligent Living Application Group Inc,Industrials,Building Products & Equipment,Hong Kong,6080000.0,,2.81,3.69%,34958.0,0,0,0,0,0,0,0,0,0,0,1,0,0,0,0,0,0,0,0,0,0,0,0,0,0,0,0,0,1,0,1
LDR,First Trust Innovation Leaders ETF,Financial,Exchange Traded Fund,USA,,,40.71,-0.27%,43027.0,0,0,0,0,0,0,0,0,0,0,1,1,0,0,0,0,0,0,0,0,0,0,0,0,0,0,0,0,2,0,2
LIT,iShares Lithium Miners and Producers ETF,Financial,Exchange Traded Fund,USA,,,12.35,-2.14%,5362.0,0,0,0,0,0,0,0,0,1,0,0,0,0,0,0,0,0,0,0,0,0,0,0,0,0,0,0,0,1,0,1
LOW,AB International Low Volatility Equity ETF,Financial,Exchange Traded Fund,USA,,,45.04,-0.86%,44056.0,0,1,0,0,0,0,0,0,0,0,0,0,0,0,0,0,0,0,0,0,0,0,0,0,0,0,0,0,1,0,1
LPT,Industrial Logistics Properties Trust,Real Estate,REIT - Industrial,USA,477900000.0,,7.16,-0.49%,204184.0,0,0,0,0,0,0,0,0,0,0,0,0,-1,0,0,0,0,0,0,0,0,0,0,0,0,0,0,0,0,1,1
LTB,iShares Core 10+ Year USD Bond ETF,Financial,Exchange Traded Fund,USA,,,44.61,-0.18%,107689.0,0,0,0,0,0,1,0,0,1,1,0,0,0,0,0,0,0,0,0,0,0,0,0,0,0,0,0,0,3,0,3
MFL,Invesco International Developed Dynamic Multifactor ETF,Financial,Exchange Traded Fund,USA,,,33.26,-0.57%,22767.0,0,1,0,0,0,0,0,0,0,0,0,0,0,0,0,0,0,0,0,0,1,0,0,0,0,0,0,0,2,0,2
MKTA,Ingles Markets Inc,Consumer Defensive,Grocery Stores,USA,1580000000.0,15.47,85.17,-0.29%,186705.0,0,0,0,-1,0,0,0,0,0,0,0,0,0,0,0,0,0,0,0,0,0,0,0,0,0,0,0,0,0,1,1
MNN,Imunon Inc,Healthcare,Biotechnology,USA,6390000.0,,1.14,1.79%,107637.0,0,0,0,0,0,0,0,0,0,0,0,0,0,0,0,0,0,0,0,-1,0,0,0,0,0,0,0,0,0,1,1
MO,Imperial Oil Ltd,Energy,Oil & Gas Integrated,Canada,57690000000.0,19.42,119.3,-2.37%,530820.0,0,0,0,0,0,0,0,0,0,0,0,0,0,0,0,0,0,0,0,0,0,0,-1,0,0,0,0,0,0,1,1
MOM,Alpha Architect International Quantitative Momentum ETF,Financial,Exchange Traded Fund,USA,,,39.7,-2.29%,9397.0,0,0,0,0,0,0,0,0,0,0,0,0,-1,0,0,0,0,0,0,0,0,0,0,1,0,0,0,0,1,1,2
MSR,Terrestrial Energy Inc,Utilities,Utilities - Regulated Electric,USA,386670000.0,,3.65,-7.12%,1328767.0,0,0,0,0,0,0,0,0,1,0,0,0,0,0,0,0,0,0,0,0,0,0,0,0,0,0,0,0,1,0,1
MTB,iShares Core 5-10 Year USD Bond ETF,Financial,Exchange Traded Fund,USA,,,41.26,-0.10%,463999.0,0,0,0,0,0,0,0,0,0,0,0,0,0,0,0,0,0,0,0,-1,0,0,0,0,0,0,0,0,0,1,1
MTE,Integrated Media Technology Limited,Technology,Electronic Components,Australia,1650000.0,,0.48,4.81%,27720.0,0,0,0,0,0,0,0,0,1,0,0,0,0,0,0,0,0,0,0,0,0,0,0,0,0,0,0,0,1,0,1
MTM,iShares MSCI Intl Momentum Factor ET,Financial,Exchange Traded Fund,USA,,,52.4,-1.82%,489213.0,0,0,0,0,0,0,0,-1,0,0,0,0,0,0,0,0,0,0,0,0,0,0,0,0,0,0,0,0,0,1,1
MTX,Immatics N.V,Healthcare,Biotechnology,Germany,1110000000.0,,7.45,-0.67%,926189.0,0,0,0,0,0,0,0,0,0,0,0,0,0,0,0,0,0,0,0,0,0,0,0,0,0,0,-1,0,0,1,1
NAC,Indigo Acquisition Corp,Financial,Shell Companies,USA,153310000.0,40.12,10.39,0.19%,29.0,0,0,0,0,0,0,0,0,0,0,0,0,0,0,0,0,0,1,0,0,0,0,0,0,0,0,0,0,1,0,1
NCR,Intercure Ltd,Healthcare,Drug Manufacturers - Specialty & Generic,Israel,60790000.0,,5.13,-3.57%,7774.0,0,0,0,0,0,0,0,0,0,0,1,0,0,0,0,0,0,0,0,0,0,0,0,0,0,0,0,0,1,0,1
ND,Xtrackers Nifty 500 India ETF,Financial,Exchange Traded Fund,USA,,,21.34,-1.07%,699.0,0,0,0,0,0,0,0,0,0,0,0,0,0,0,0,1,0,0,0,0,0,0,0,0,0,0,0,0,1,0,1
NDA,iShares MSCI India ETF,Financial,Exchange Traded Fund,USA,,,46.11,-1.33%,5590519.0,0,0,0,0,0,0,0,0,0,0,0,0,-1,0,0,0,0,0,0,0,0,0,0,0,0,0,0,0,0,1,1
NDE,Matthews India Active ETF,Financial,Exchange Traded Fund,USA,,,28.7,-0.97%,843.0,0,0,0,0,0,0,0,-1,0,0,0,0,0,0,0,0,0,0,0,0,0,0,0,0,0,0,0,0,0,1,1
NDH,WisdomTree India Hedged Equity Fund,Financial,Exchange Traded Fund,USA,,,36.79,-0.89%,1510.0,0,0,0,0,0,0,0,0,0,0,1,0,0,0,0,0,0,0,0,0,0,0,0,0,0,0,0,0,1,0,1
NDL,Direxion Daily MSCI India Bull 2X ETF,Financial,Exchange Traded Fund,USA,,,38.56,-2.68%,16061.0,0,0,0,0,0,0,0,0,0,0,0,0,-1,0,0,0,0,0,0,0,0,0,0,0,0,0,0,0,0,1,1
NDQ,Pacer ActiveAlpha India Quality ETF,Financial,Exchange Traded Fund,USA,,,24.1,-2.05%,12.0,0,0,0,0,0,0,0,0,0,0,0,0,0,0,0,0,0,0,0,0,1,0,0,0,0,0,0,0,1,0,1
NEO,INNEOVA Holdings Ltd,Consumer Cyclical,Auto Parts,Singapore,8660000.0,,0.54,-7.80%,9098.0,0,0,0,0,0,1,0,0,0,0,0,0,0,0,0,0,0,0,0,0,0,0,0,0,0,0,0,0,1,0,1
NFO,Harbor PanAgora Dynamic Large Cap Core ETF,Financial,Exchange Traded Fund,USA,,,28.59,-0.23%,13835.0,0,0,0,0,0,0,0,0,0,0,1,0,0,0,0,0,0,0,0,0,0,0,0,0,0,0,0,0,1,0,1
NFQ,Infleqtion Inc,Technology,Software - Infrastructure,USA,2620000000.0,,11.64,-7.18%,8556393.0,0,0,0,0,0,0,0,0,1,0,0,0,-1,0,0,0,0,0,0,0,0,0,0,0,0,0,0,0,1,1,2
NFY,Infosys Ltd ADR,Technology,Information Technology Services,India,42810000000.0,12.93,10.55,0.00%,28397689.0,0,0,0,0,0,0,0,0,0,0,0,0,0,0,0,0,0,0,0,-1,0,0,0,0,0,0,0,0,0,1,1
NGM,Ingram Micro Holding Corp,Technology,Information Technology Services,USA,6360000000.0,15.05,27.65,-1.85%,1277612.0,0,0,0,0,0,0,0,0,0,0,0,0,0,0,0,1,0,0,0,0,0,0,0,0,0,0,0,0,1,0,1
NGR,Ingredion Inc,Consumer Defensive,Packaged Foods,USA,5940000000.0,10.27,94.25,-2.58%,736662.0,0,0,0,0,0,0,0,0,0,0,0,0,-1,0,0,0,0,0,0,0,0,0,0,0,0,0,0,0,0,1,1
NIO,Innio NV,Industrials,Specialty Industrial Machinery,Germany,15250000000.0,,20.34,-4.73%,3497020.0,0,0,0,0,0,0,0,0,1,0,0,0,0,0,0,0,0,0,0,0,0,0,0,1,0,0,0,0,2,0,2
NKM,State Street Income Allocation ETF,Financial,Exchange Traded Fund,USA,,,33.07,-0.39%,2738.0,0,0,0,0,0,0,0,0,0,0,1,0,0,0,0,0,0,0,0,0,0,0,0,0,0,0,0,0,1,0,1
NLX,Intellinetics Inc,Technology,Software - Application,USA,23550000.0,,5.24,8.04%,40163.0,0,0,0,0,0,0,0,0,0,0,0,0,0,0,0,0,0,0,0,0,1,0,0,0,0,0,0,0,1,0,1
NM,InMed Pharmaceuticals Inc,Healthcare,Drug Manufacturers - Specialty & Generic,Canada,7310000.0,,1.33,0.00%,19997.0,0,0,0,0,0,0,0,0,1,0,0,0,0,0,0,0,0,0,0,0,0,0,0,0,0,0,0,0,1,0,1
NR,Infinity Natural Resources Inc,Energy,Oil & Gas E&P,USA,860010000.0,5.65,13.56,0.44%,149748.0,0,0,0,0,0,0,0,0,0,0,0,0,0,0,0,0,0,0,0,0,1,0,0,0,0,1,0,0,2,0,2
NTR,Inter & Co Inc,Financial,Banks - Regional,Brazil,3160000000.0,11.01,7.18,2.13%,16905194.0,0,0,0,0,0,0,0,0,0,0,0,0,-1,0,0,0,0,0,0,0,0,0,0,0,0,1,0,0,1,1,2
NTW,GraniteShares 2x Long INTC Daily ETF,Financial,Exchange Traded Fund,USA,,,27.58,0.99%,4715171.0,0,0,0,0,0,0,0,0,0,0,0,0,0,0,0,0,0,0,0,0,0,0,-1,0,0,0,0,0,0,1,1
NTZ,Intrusion Inc,Technology,Software - Infrastructure,USA,17160000.0,,0.7,-1.37%,32985.0,0,0,0,0,0,1,0,0,1,1,0,0,0,0,0,0,0,0,0,0,0,0,0,0,0,0,0,0,3,0,3
NVA,Innoviva Inc,Healthcare,Biotechnology,USA,1520000000.0,5.13,21.06,1.10%,636390.0,0,0,0,0,0,0,0,0,0,0,0,0,0,0,0,0,0,0,0,-1,0,0,0,0,0,0,0,0,0,1,1
NYY,YieldMax INTC Option Income Strategy ETF,Financial,Exchange Traded Fund,USA,,,38.83,0.60%,81444.0,0,0,0,0,0,0,0,0,0,0,0,0,0,0,0,0,0,0,0,0,0,0,0,1,0,0,0,0,1,0,1
ON,ProShares S&P Global Core Battery Metals ETF,Financial,Exchange Traded Fund,USA,,,45.36,-0.99%,5861.0,0,0,0,0,0,0,0,0,1,0,0,0,0,0,0,0,0,0,0,0,0,0,0,0,0,0,0,0,1,0,1
ONC,Corgi IONQ 2x Daily ETF,Financial,Exchange Traded Fund,USA,,,12.36,-8.62%,388.0,0,0,0,0,0,0,0,0,0,0,1,0,0,0,0,0,0,0,0,0,0,0,0,0,0,0,0,0,1,0,1
ONL,GraniteShares 2x Long IONQ Daily ETF,Financial,Exchange Traded Fund,USA,,,13.42,-8.83%,779600.0,0,0,0,0,0,0,0,0,0,0,0,0,0,0,0,0,0,0,0,0,0,0,0,0,0,1,0,0,1,0,1
ONR,ioneer Ltd ADR,Basic Materials,Other Industrial Metals & Mining,Australia,232370000.0,,3.01,-3.83%,101327.0,0,0,0,0,0,0,0,0,0,0,0,0,-1,0,0,0,0,0,0,0,0,0,0,0,0,0,0,0,0,1,1
OPP,Simplify Tara India Opportunities ETF,Financial,Exchange Traded Fund,USA,,,24.83,-1.26%,54.0,0,0,0,0,0,0,0,0,0,0,1,0,0,0,0,0,0,0,0,0,0,0,0,0,0,0,0,0,1,0,1
OT,Samsara Inc,Technology,Software - Infrastructure,USA,23720000000.0,263.05,40.51,-2.95%,4098427.0,0,0,0,0,0,0,0,-1,0,0,0,0,0,0,0,0,0,1,0,0,0,0,0,0,0,0,0,0,1,1,2
OTR,iOThree Ltd,Communication Services,Telecom Services,Singapore,9100000.0,,1.87,-6.03%,1685.0,0,0,0,0,0,0,0,0,0,0,0,0,-1,0,0,0,0,0,0,0,0,0,0,0,0,0,0,0,0,1,1
OVA,Iovance Biotherapeutics Inc,Healthcare,Biotechnology,USA,5850000000.0,,12.91,-0.35%,14530801.0,0,0,0,0,0,1,0,0,0,0,0,0,0,0,0,0,0,0,0,0,0,0,0,0,0,0,0,0,1,0,1
PAR,Interparfums Inc,Consumer Defensive,Household & Personal Products,USA,3550000000.0,21.23,111.0,-1.64%,143594.0,0,0,0,0,0,0,0,0,1,0,0,0,0,0,0,0,0,0,0,0,0,0,0,0,0,0,0,0,1,0,1
PAV,Global X Infrastructure Development ex-U.S. ETF,Financial,Exchange Traded Fund,USA,,,30.21,-2.15%,1109.0,0,0,0,0,0,0,0,0,1,0,0,0,-1,0,0,0,0,0,0,0,0,0,0,0,0,0,0,0,1,1,2
PM,Intelligent Protection Management Corp,Technology,Software - Application,USA,15990000.0,,1.77,-0.56%,9481.0,0,0,0,0,0,0,0,0,0,0,0,0,0,0,0,1,0,0,0,0,0,0,0,0,0,0,0,0,1,0,1
PO,Renaissance IPO ETF,Financial,Exchange Traded Fund,USA,,,54.06,-1.67%,10968.0,0,0,0,0,0,0,0,0,0,0,0,0,0,0,0,1,0,0,0,0,0,0,0,0,0,0,0,0,1,0,1
POS,Renaissance International IPO ETF,Financial,Exchange Traded Fund,USA,,,21.01,-2.43%,2341.0,0,0,0,0,0,0,0,0,1,0,0,0,0,0,0,0,0,0,0,0,0,0,0,0,0,0,0,0,1,0,1
PWR,Ideal Power Inc,Technology,Semiconductors,USA,63610000.0,,3.87,-2.03%,94227.0,0,0,0,0,0,0,0,0,0,0,0,0,0,0,0,0,0,0,0,0,0,0,0,0,0,0,-1,0,0,1,1
PX,IperionX Ltd ADR,Basic Materials,Other Industrial Metals & Mining,USA,573360000.0,,15.83,-6.94%,227791.0,0,0,0,0,0,0,0,0,1,0,0,0,0,0,0,0,0,0,0,0,0,0,0,0,0,0,0,0,1,0,1
QDF,Northern Trust International Quality Dividend ETF,Financial,Exchange Traded Fund,USA,,,34.37,-1.07%,34853.0,0,1,0,0,0,0,0,0,0,0,0,0,0,0,0,0,0,0,0,0,0,0,0,0,0,0,0,0,1,0,1
QDY,Northern Trust International Quality Dividend Dynamic ETF,Financial,Exchange Traded Fund,USA,,,41.84,-1.45%,2316.0,0,1,0,0,0,0,0,0,0,0,1,0,0,0,0,0,0,0,0,0,0,0,-1,0,0,0,0,0,2,1,3
QLT,iShares MSCI Intl Quality Factor ETF,Financial,Exchange Traded Fund,USA,,,49.31,-0.92%,1756097.0,0,1,0,0,0,0,0,0,0,0,0,0,0,0,0,0,0,0,0,0,0,0,0,0,0,0,0,0,1,0,1
QMX,IQM Quantum Computers Oyj ADR,Technology,Computer Hardware,USA,1980000000.0,,10.45,-3.86%,145668.0,0,0,0,0,0,0,0,0,1,0,0,0,-1,0,0,0,0,0,0,0,0,0,0,1,0,0,0,0,2,1,3
QST,iQSTEL Inc,Communication Services,Telecom Services,USA,11030000.0,,1.01,0.00%,141357.0,0,0,0,0,0,0,0,0,0,0,0,0,0,0,0,0,0,0,0,0,0,0,0,0,0,1,0,0,1,0,1
RE,Defiance Daily Target 2X Long IREN ETF,Financial,Exchange Traded Fund,USA,,,8.08,-12.65%,11885614.0,0,0,0,0,0,0,0,0,1,0,0,0,0,0,0,0,0,0,0,0,0,0,0,0,0,0,0,0,1,0,1
REG,Leverage Shares 2X Long IREN Daily ETF,Financial,Exchange Traded Fund,USA,,,6.73,-12.37%,1269535.0,0,0,0,0,0,0,0,0,1,0,0,0,0,0,0,0,0,0,0,0,0,0,0,0,0,0,0,0,1,0,1
REN,IREN Ltd,Financial,Capital Markets,Australia,15230000000.0,,38.69,-6.27%,52598650.0,0,0,0,0,0,0,0,0,1,0,0,0,0,0,0,0,0,0,0,0,0,0,0,0,0,0,0,0,1,0,1
REX,Tradr 2X Long IREN Daily ETF,Financial,Exchange Traded Fund,USA,,,11.83,-12.31%,1849544.0,0,0,0,0,0,0,0,0,1,0,0,0,0,0,0,0,0,0,0,0,0,0,0,0,0,0,0,0,1,0,1
RMD,Iradimed Corp,Healthcare,Medical Devices,USA,1090000000.0,47.71,85.47,0.77%,197892.0,0,0,0,0,0,0,0,0,0,0,0,0,-1,0,0,0,0,0,0,0,0,0,0,1,0,0,0,0,1,1,2
RS,Irsa Inversiones Y Representaciones SA ADR,Real Estate,Real Estate Services,Argentina,1180000000.0,4.49,13.99,-1.96%,160821.0,0,0,0,0,0,0,0,0,0,0,0,0,-1,0,0,0,0,0,0,0,0,0,0,0,0,0,0,0,0,1,1
RTC,iRhythm Holdings Inc,Healthcare,Medical Devices,USA,3460000000.0,,104.99,-2.06%,450304.0,0,1,0,0,0,0,0,0,0,0,1,1,0,0,0,0,0,0,0,0,0,0,0,0,0,0,0,0,3,0,3
SBA,Isabella Bank Corp,Financial,Banks - Regional,USA,290050000.0,13.99,38.02,-0.82%,18042.0,0,0,0,0,0,0,0,0,1,0,0,0,0,0,0,0,0,0,0,0,0,0,0,0,0,0,0,0,1,0,1
SCG,iShares Morningstar Small-Cap Growth ETF,Financial,Exchange Traded Fund,USA,,,61.51,-1.62%,18826.0,0,0,0,0,0,0,0,0,1,0,0,0,0,0,0,0,0,0,0,0,0,0,0,0,0,0,0,0,1,0,1
SHG,iShares -3 Year International Treasury Bond ETF,Financial,Exchange Traded Fund,USA,,,73.73,-0.28%,42070.0,0,0,0,0,0,0,0,0,0,0,0,0,0,0,0,0,0,0,0,0,1,0,0,0,0,0,0,0,1,0,1
SOU,IsoEnergy Ltd,Energy,Uranium,Canada,634330000.0,,9.72,-6.36%,160717.0,0,1,0,0,0,1,0,0,1,1,0,0,0,0,0,0,0,0,0,0,0,0,0,0,0,0,0,0,4,0,4
SRA,VanEck Israel ETF,Financial,Exchange Traded Fund,USA,,,65.62,-2.04%,5599.0,0,0,0,0,0,0,0,0,0,0,0,0,0,0,0,1,0,0,0,0,0,0,0,0,0,0,0,0,1,0,1
STM,iShares Strategic Metals ETF,Financial,Exchange Traded Fund,USA,,,29.53,-1.39%,2560.0,0,0,0,0,0,0,0,0,0,0,0,0,-1,-1,0,0,0,0,0,0,0,0,0,0,0,0,0,0,0,2,2
STR,Investar Holding Corp,Financial,Banks - Regional,USA,399400000.0,12.75,28.99,-1.06%,74910.0,0,0,0,0,0,0,0,-1,0,0,0,0,0,0,0,0,0,0,0,0,0,0,0,0,0,0,0,0,0,1,1
SUL,GraniteShares 2x Long ISRG Daily ETF,Financial,Exchange Traded Fund,USA,,,16.94,4.89%,26693.0,0,0,0,0,0,0,0,0,0,0,0,0,0,0,0,0,0,0,0,0,0,0,0,1,0,0,0,0,1,0,1
SWN,Amplify BlackSwan ISWN ETF,Financial,Exchange Traded Fund,USA,,,20.76,-1.03%,2666.0,0,0,0,0,0,0,0,0,0,0,0,0,0,0,0,0,0,0,0,0,0,0,0,0,0,0,-1,0,0,1,1
T,Gartner Inc,Technology,Information Technology Services,USA,11730000000.0,16.67,185.77,0.46%,736907.0,0,0,0,0,0,0,0,-1,0,0,0,0,0,0,0,0,0,0,0,0,0,0,0,0,0,0,0,0,0,1,1
TAN,Sparkline Intangible Value ETF,Financial,Exchange Traded Fund,USA,,,43.83,-0.41%,37036.0,0,0,0,0,0,0,0,-1,0,0,0,0,0,0,0,0,0,0,0,0,0,0,0,0,-1,0,0,0,0,2,2
TDG,iShares LifePath Target Date 2055 ETF,Financial,Exchange Traded Fund,USA,,,42.81,-0.69%,2490.0,0,0,0,-1,0,0,0,0,0,0,1,0,0,0,0,0,0,0,0,0,0,0,0,0,-1,0,0,0,1,2,3
TDI,iShares LifePath Target Date 2065 ETF,Financial,Exchange Traded Fund,USA,,,42.85,-0.73%,8486.0,0,0,0,0,0,0,0,0,0,0,1,0,0,0,0,0,0,0,0,0,0,0,0,0,-1,0,0,0,1,1,2
TDJ,iShares LifePath Target Date 2070 ETF,Financial,Exchange Traded Fund,USA,,,33.32,-0.67%,2294.0,0,0,0,-1,0,0,0,0,0,0,0,0,0,0,0,0,0,0,0,0,0,0,0,0,0,0,0,0,0,1,1
TOC,iTonic Holdings Ltd,Healthcare,Medical Devices,China,30360000.0,,4.15,0.97%,31847.0,0,1,0,0,0,0,0,0,0,0,0,0,0,0,0,0,0,0,0,0,0,0,0,0,0,0,0,0,1,0,1
TP,IT Tech Packaging Inc,Basic Materials,Paper & Paper Products,China,2420000.0,,0.14,-4.36%,31185.0,0,0,0,0,0,0,0,0,1,0,0,0,0,0,0,0,0,0,0,0,0,0,0,0,0,0,0,0,1,0,1
TT,ITT Inc,Industrials,Specialty Industrial Machinery,USA,17910000000.0,39.35,200.39,-3.34%,539415.0,0,1,0,0,0,0,0,0,0,0,1,0,0,0,0,0,0,0,0,0,1,0,0,0,-1,0,0,0,3,1,4
TUB,Itau Unibanco Holding SA ADR,Financial,Banks - Regional,Brazil,52640000000.0,12.69,9.74,-4.04%,41687950.0,0,0,0,0,0,0,0,0,1,0,0,0,0,0,0,0,0,0,0,0,0,0,0,0,0,0,0,0,1,0,1
USG,iShares Core S&P U.S.Growth ETF,Financial,Exchange Traded Fund,USA,,,198.62,-0.24%,486291.0,0,0,0,0,0,0,0,0,0,0,1,1,0,0,0,0,0,0,0,0,0,0,0,0,0,0,0,0,2,0,2
VDA,Iveda Solutions Inc,Industrials,Security & Protection Services,USA,3500000.0,,0.28,2.45%,192047.0,0,1,0,0,0,0,0,0,0,0,0,0,-1,0,0,0,0,0,0,0,0,0,0,0,0,0,0,0,1,1,2
VES,Dan IVES Wedbush AI Revolution ETF,Financial,Exchange Traded Fund,USA,,,42.0,-0.92%,371929.0,0,0,0,0,0,0,0,0,0,0,1,0,0,0,0,0,0,0,0,0,0,0,0,0,0,0,0,0,1,0,1
VSI,Applied Finance IVS International Large ETF,Financial,Exchange Traded Fund,USA,,,28.64,-0.61%,233.0,0,0,0,0,0,0,0,0,0,0,0,0,0,0,0,0,0,0,0,0,0,0,-1,0,0,0,0,0,0,1,1
VVB,iShares Large Cap Deep Quarterly Laddered ETF,Financial,Exchange Traded Fund,USA,,,35.81,-0.22%,6211.0,0,0,0,0,0,0,0,-1,0,0,0,0,0,0,0,0,0,0,0,0,0,0,0,0,0,0,0,0,0,1,1
VVD,Invivyd Inc,Healthcare,Biotechnology,USA,214760000.0,,0.73,-9.65%,9468296.0,0,0,0,0,0,1,0,0,0,0,0,0,0,0,0,0,0,0,0,-1,0,0,0,0,0,0,0,0,1,1,2
VW,iShares S&P 500 Growth ETF,Financial,Exchange Traded Fund,USA,,,145.89,-0.16%,1234631.0,0,0,0,0,0,0,0,-1,0,0,0,0,0,0,0,0,0,0,0,0,0,0,0,0,0,0,0,0,0,1,1
WB,iShares Russell 1000 ETF,Financial,Exchange Traded Fund,USA,,,424.19,-0.35%,252400.0,0,0,0,0,0,0,0,0,0,0,0,0,0,0,0,0,0,1,0,0,0,0,0,0,0,0,0,0,1,0,1
WC,iShares Micro-Cap ETF,Financial,Exchange Traded Fund,USA,,,183.36,-1.09%,183609.0,0,0,0,0,0,0,0,0,0,0,1,0,0,0,0,0,0,0,0,0,0,0,-1,0,0,0,0,0,1,1,2
WD,iShares Russell 1000 Value ETF,Financial,Exchange Traded Fund,USA,,,250.78,-0.38%,1150492.0,0,0,0,0,0,0,0,0,0,0,0,0,0,0,0,0,0,0,0,0,0,0,-1,0,0,0,0,0,0,1,1
WFG,NYLIM Winslow Focused Large Cap Growth ETF,Financial,Exchange Traded Fund,USA,,,56.76,-0.18%,659627.0,0,0,0,0,0,0,0,-1,0,0,0,0,0,0,0,0,0,0,0,0,0,0,0,0,0,0,0,0,0,1,1
WLG,NYLIM Winslow Large Cap Growth ETF,Financial,Exchange Traded Fund,USA,,,59.37,-0.10%,4580.0,0,0,0,0,0,0,0,0,0,0,1,1,0,0,0,0,0,0,0,0,0,0,0,0,0,0,0,0,2,0,2
WMY,Defiance R2000 Weekly Distribution ETF,Financial,Exchange Traded Fund,USA,,,16.96,-1.17%,104925.0,0,0,0,-1,0,0,0,0,0,0,0,0,0,0,0,0,0,0,0,0,0,0,0,0,0,0,0,0,0,1,1
WO,iShares Russell 2000 Growth ETF,Financial,Exchange Traded Fund,USA,,,355.37,-1.43%,486808.0,0,0,0,0,0,0,0,0,0,0,0,0,0,0,0,0,0,0,0,0,1,0,-1,0,0,0,0,0,1,1,2
X,Orix Corp ADR,Financial,Financial Conglomerates,Japan,40350000000.0,10.19,36.84,-0.86%,446206.0,0,0,0,0,0,0,0,0,0,0,0,0,-1,0,0,0,0,0,0,0,0,0,0,0,0,0,0,0,0,1,1
XHL,Incannex Healthcare Inc,Healthcare,Drug Manufacturers - Specialty & Generic,Australia,39880000.0,,3.18,0.32%,27015.0,0,0,0,0,0,0,0,0,0,0,0,0,-1,-1,0,0,0,0,0,0,0,0,0,0,0,1,0,0,1,2,3
XP,iShares Global Comm Services ETF,Financial,Exchange Traded Fund,USA,,,118.74,0.03%,24838.0,0,0,0,0,0,0,0,0,0,0,0,0,-1,0,0,0,0,0,0,0,0,0,0,0,0,0,0,0,0,1,1
XUS,iShares Core MSCI Total International Stock ETF,Financial,Exchange Traded Fund,USA,,,94.9,-1.21%,1025558.0,0,0,0,0,0,0,0,-1,0,0,0,0,0,0,0,0,0,0,0,0,0,0,0,0,0,0,0,0,0,1,1
YC,iShares U.S. Consumer Discretionary ETF,Financial,Exchange Traded Fund,USA,,,96.49,-0.10%,87080.0,0,0,0,0,0,0,0,0,0,0,0,0,0,0,0,1,0,0,0,0,0,0,0,0,0,0,0,0,1,0,1
YK,iShares U.S. Consumer Staples ETF,Financial,Exchange Traded Fund,USA,,,71.89,-0.13%,230651.0,0,0,0,0,0,0,0,0,0,0,1,0,0,0,0,0,0,0,0,0,0,0,0,0,0,0,0,0,1,0,1
ZRL,ARK Israel Innovative Technology ETF,Financial,Exchange Traded Fund,USA,,,27.93,-1.73%,9018.0,0,0,0,0,0,0,0,0,1,0,0,0,0,0,0,0,0,0,0,0,0,0,0,0,0,0,0,0,1,0,1
AAA,Janus Henderson AAA CLO ETF,Financial,Exchange Traded Fund,USA,,,50.51,0.02%,7209437.0,0,0,0,0,0,0,0,0,0,0,0,0,-1,0,0,0,0,0,0,0,0,0,0,0,0,0,0,0,0,1,1
ABS,Janus Henderson Asset-Backed Securities ETF,Financial,Exchange Traded Fund,USA,,,49.38,0.04%,15271.0,0,1,0,0,0,0,0,0,0,0,0,0,0,0,0,0,0,0,0,0,0,0,0,0,0,0,0,0,1,0,1
ACS,Jackson Acquisition Company II,Financial,Shell Companies,USA,320460000.0,37.62,10.83,0.00%,184.0,0,0,0,-1,0,1,0,0,0,0,0,0,0,0,0,0,0,1,0,0,0,0,0,0,0,0,0,0,2,1,3
AJL,Innovator Equity Defined Protection ETF - 6mo Jan/Jul,Financial,Exchange Traded Fund,USA,,,30.42,0.05%,12902.0,0,0,0,0,0,0,0,0,0,0,0,0,0,0,0,0,0,1,0,0,0,0,0,0,0,0,0,0,1,0,1
AKK,Jakks Pacific Inc,Consumer Cyclical,Leisure,USA,317830000.0,19.98,27.77,1.24%,116588.0,0,0,0,0,0,0,0,0,0,0,0,0,0,0,0,0,0,1,0,0,0,0,0,0,0,0,0,0,1,0,1
ANT,AllianzIM U.S. Equity Buffer10 Jan ETF,Financial,Exchange Traded Fund,USA,,,45.66,-0.09%,7866.0,0,0,0,-1,0,0,0,-1,0,0,0,0,0,0,0,0,0,1,0,0,0,0,0,0,0,0,0,0,1,2,3
ANU,AllianzIM U.S. Equity Buffer15 Uncapped Jan ETF,Financial,Exchange Traded Fund,USA,,,30.94,-0.24%,1340.0,0,0,0,0,0,0,0,0,0,0,0,0,0,0,0,1,0,0,0,0,0,0,0,0,0,0,0,0,1,0,1
ANW,AllianzIM U.S. Equity Buffer20 Jan ETF,Financial,Exchange Traded Fund,USA,,,39.8,0.03%,23270.0,0,0,0,-1,0,0,0,0,0,0,0,0,0,0,0,0,0,0,0,0,0,0,0,0,0,0,0,0,0,1,1
BDI,JBDI Holdings Ltd,Consumer Cyclical,Specialty Retail,USA,,,1.0,5.26%,10366.0,0,0,0,0,0,0,0,0,1,0,0,0,0,0,0,0,0,0,0,0,0,0,0,0,0,0,0,0,1,0,1
BGS,JBG SMITH Properties,Real Estate,REIT - Diversified,USA,806630000.0,,10.81,-0.46%,1412969.0,0,1,0,0,0,0,0,0,1,0,0,0,0,0,0,0,0,0,0,0,0,0,0,0,0,0,0,0,2,0,2
BI,Janus International Group Inc,Industrials,Building Products & Equipment,USA,574390000.0,17.56,4.21,-2.55%,1999885.0,0,0,0,0,0,0,0,0,1,0,0,0,0,0,0,0,0,0,0,0,0,0,0,0,0,0,0,0,1,0,1
BL,Jabil Inc,Technology,Electronic Components,USA,31380000000.0,30.63,299.47,-3.14%,1420818.0,0,0,0,0,0,1,0,0,1,0,0,0,0,0,0,1,0,0,0,0,0,0,0,0,0,0,0,0,3,0,3
BS,JBS NV,Consumer Defensive,Packaged Foods,Netherlands,13110000000.0,11.42,12.24,1.83%,9243514.0,0,0,0,0,0,0,0,0,1,0,0,0,0,0,0,0,0,0,0,0,0,0,0,0,0,0,0,0,1,0,1
CHI,JPMorgan Active China ETF,Financial,Exchange Traded Fund,USA,,,50.89,-0.88%,568.0,0,0,0,0,0,0,0,0,0,0,0,0,0,0,0,1,0,0,0,0,0,0,0,0,0,0,0,0,1,0,1
CPI,JPMorgan Inflation Managed Bond ETF,Financial,Exchange Traded Fund,USA,,,46.12,0.04%,33443.0,0,1,0,0,0,0,0,0,1,1,0,0,0,0,0,0,0,0,0,0,0,0,0,0,0,0,0,0,3,0,3
D,JD.com Inc ADR,Consumer Cyclical,Internet Retail,China,32509999999.999996,18.23,27.03,2.00%,7068027.0,0,0,0,0,0,0,0,0,0,0,0,0,0,0,0,0,0,0,0,0,1,0,-1,0,0,0,0,0,1,1,2
DVI,John Hancock Disciplined Value International Select ETF,Financial,Exchange Traded Fund,USA,,,39.68,-1.07%,306299.0,0,1,0,0,0,0,0,0,0,0,0,0,0,0,0,0,0,0,0,0,0,0,0,0,0,0,0,0,1,0,1
EDI,Defiance Drone and Modern Warfare ETF,Financial,Exchange Traded Fund,USA,,,24.46,-2.98%,77177.0,0,0,0,0,0,0,0,0,1,0,0,0,0,0,0,0,0,0,0,0,0,0,0,0,0,0,-1,0,1,1,2
ELH,Janus Henderson Equity Linked High Income ETF,Financial,Exchange Traded Fund,USA,,,25.77,0.53%,7672.0,0,0,0,0,0,1,0,0,0,0,0,0,0,0,0,0,0,0,0,0,0,0,0,0,0,0,0,0,1,0,1
ELM,Janus Henderson Equity Linked Moderate Income ETF,Financial,Exchange Traded Fund,USA,,,25.58,0.35%,12163.0,0,0,0,0,0,1,0,0,0,0,0,0,0,0,0,0,0,0,0,0,0,0,0,0,0,0,0,0,1,0,1
EM,707 Cayman Holdings Ltd,Consumer Cyclical,Apparel Retail,USA,,,3.57,-2.19%,13533.0,0,1,0,0,0,0,0,0,0,0,0,0,0,0,0,0,0,0,0,0,0,0,0,0,0,0,0,0,1,0,1
EMB,Janus Henderson Emerging Markets Debt Hard Currency ETF,Financial,Exchange Traded Fund,USA,,,50.52,-0.63%,3481.0,0,0,0,0,0,0,0,0,0,0,1,0,0,0,0,0,0,0,0,0,0,0,0,0,0,0,0,0,1,0,1
EPI,JPMorgan Equity Premium Income ETF,Financial,Exchange Traded Fund,USA,,,56.45,-0.16%,4275309.0,0,0,0,0,0,0,0,0,0,0,1,0,0,0,0,0,0,0,0,0,0,0,0,0,0,0,0,0,1,0,1
ETS,ESS U.S.Global Jets ETF,Financial,Exchange Traded Fund,USA,,,27.67,-1.53%,4403128.0,0,0,0,0,0,0,0,0,1,0,0,0,0,0,0,0,0,0,0,0,0,0,-1,0,0,0,0,0,1,1,2
F,J and Friends Holdings Ltd ADR,Financial,Credit Services,China,15720000.0,,0.92,-5.04%,2125.0,0,0,0,0,0,0,0,0,1,1,0,0,0,0,0,0,0,0,0,0,0,0,0,0,0,0,0,0,2,0,2
FIN,Jiayin Group Inc ADR,Financial,Credit Services,China,34450000.0,2.21,1.36,1.49%,16682.0,0,0,0,0,0,0,0,0,1,0,0,0,0,0,0,0,0,0,0,0,0,0,0,0,0,0,0,0,1,0,1
HAC,John Hancock Fundamental All Cap Core ETF,Financial,Exchange Traded Fund,USA,,,15.52,-0.39%,670.0,0,0,0,0,0,0,0,-1,0,0,0,0,0,0,0,0,0,0,0,0,0,0,0,0,0,0,0,0,0,1,1
HHY,John Hancock High Yield ETF,Financial,Exchange Traded Fund,USA,,,24.75,-0.25%,18277.0,0,0,0,-1,0,0,0,0,0,0,0,0,0,0,0,0,0,0,0,0,0,0,0,0,0,0,0,0,0,1,1
HLN,John Hancock Global Senior Loan ETF,Financial,Exchange Traded Fund,USA,,,24.46,-0.02%,2318.0,0,0,0,0,0,0,0,0,0,0,0,0,0,0,0,0,0,0,0,0,1,0,0,1,0,0,0,0,2,0,2
IG,JPMorgan International Growth ETF,Financial,Exchange Traded Fund,USA,,,85.1,-1.07%,21842.0,0,0,0,0,0,0,0,0,1,0,0,0,0,0,0,0,0,0,0,0,0,0,0,0,0,0,0,0,1,0,1
KS,JinkoSolar Holding Co Ltd ADR,Technology,Solar,China,447310000.0,,8.9,-2.09%,750119.0,0,0,0,0,0,1,0,0,0,0,0,0,0,0,0,0,0,0,0,0,0,0,0,0,0,0,0,0,1,0,1
LL,Jones Lang Lasalle Inc,Real Estate,Real Estate Services,USA,13650000000.0,14.21,296.66,-2.29%,465908.0,0,1,0,0,0,0,0,0,0,0,0,0,0,0,0,0,0,0,0,0,0,0,0,0,0,0,0,0,1,0,1
MOM,JPMorgan U.S. Momentum Factor ETF,Financial,Exchange Traded Fund,USA,,,85.03,-0.90%,123777.0,0,0,0,0,0,0,0,0,0,0,1,0,0,0,0,0,0,0,0,0,0,0,0,0,0,0,0,0,1,0,1
NJ,Johnson & Johnson,Healthcare,Drug Manufacturers - General,USA,622840000000.0,29.96,258.45,1.44%,5405036.0,0,0,0,-1,0,0,0,-1,0,0,0,0,0,0,0,0,0,0,0,0,0,0,0,0,0,0,0,0,0,2,2
OBY,Joby Aviation Inc,Industrials,Airports & Air Services,USA,5710000000.0,,5.75,-0.52%,23503300.0,0,0,0,0,0,0,0,0,1,0,0,0,0,0,0,0,0,0,0,0,0,0,0,0,0,0,0,0,1,0,1
OUL,Corgi High Voltage Grid Equipment ETF,Financial,Exchange Traded Fund,USA,,,23.12,-2.76%,2030.0,0,0,0,0,0,0,0,0,0,0,0,0,-1,0,0,0,0,0,0,0,0,0,0,1,0,0,0,0,1,1,2
OYT,JPMorgan Equity and Options Total Return ETF,Financial,Exchange Traded Fund,USA,,,60.05,-0.01%,2882.0,0,1,0,0,0,0,0,0,0,0,0,0,0,0,0,0,0,0,0,0,0,0,0,0,0,0,0,0,1,0,1
PEF,JPMorgan Equity Focus ETF,Financial,Exchange Traded Fund,USA,,,82.78,-0.42%,49609.0,0,0,0,0,0,0,0,-1,0,0,0,0,0,0,0,0,0,0,0,0,0,0,0,0,0,0,0,0,0,1,1
PEM,JPMorgan Diversified Return Emerging Markets Equity ETF,Financial,Exchange Traded Fund,USA,,,63.95,-1.02%,7847.0,0,0,0,0,0,0,0,0,0,0,1,0,0,0,0,0,0,0,0,0,0,0,0,0,0,0,0,0,1,0,1
PST,JPMorgan Ultra-Short Income ETF,Financial,Exchange Traded Fund,USA,,,50.27,0.04%,6290575.0,0,1,0,0,0,0,0,0,0,0,0,0,0,0,0,0,0,0,0,0,0,0,0,0,0,0,0,0,1,0,1
QC,Nuveen Credit Strategies Income Fund,Financial,Closed-End Fund - Debt,USA,687350000.0,,4.65,-0.21%,544977.0,0,0,0,0,0,0,0,0,1,1,0,0,0,0,0,0,0,0,0,0,0,0,0,0,0,0,0,0,2,0,2
QUA,JPMorgan U.S. Quality Factor ETF,Financial,Exchange Traded Fund,USA,,,75.16,-0.40%,644945.0,0,0,0,0,0,0,0,0,0,0,1,0,0,0,0,0,0,0,0,0,0,0,0,0,0,0,0,0,1,0,1
RI,Nuveen Real Asset Income and Growth Fund,Financial,Closed-End Fund - Equity,USA,379720000.0,,10.49,-1.32%,279220.0,0,1,0,0,0,0,0,0,0,0,0,0,0,0,0,0,0,0,0,0,0,0,0,0,0,0,0,0,1,0,1
SMD,Janus Henderson Small/Mid Cap Growth Alpha ETF,Financial,Exchange Traded Fund,USA,,,90.6,-1.34%,55551.0,0,0,0,0,0,0,0,0,1,0,0,0,0,0,0,0,0,0,0,0,0,0,0,0,0,0,0,0,1,0,1
SML,Janus Henderson Small Cap Growth Alpha ETF,Financial,Exchange Traded Fund,USA,,,86.53,-1.55%,13481.0,0,0,0,0,0,0,0,0,0,0,0,0,0,0,0,0,0,0,0,0,1,0,-1,0,0,0,0,0,1,1,2
SPR,Jasper Therapeutics Inc,Healthcare,Biotechnology,USA,18960000.0,,0.57,1.71%,365535.0,0,0,0,0,0,0,0,0,0,0,0,0,0,0,0,0,0,0,0,0,0,0,0,0,0,0,0,1,1,0,1
TEK,JPMorgan U.S. Tech Leaders ETF,Financial,Exchange Traded Fund,USA,,,107.42,-1.27%,229990.0,0,0,0,0,0,0,0,0,0,0,0,0,0,0,0,0,0,0,0,0,0,0,-1,0,0,0,0,0,0,1,1
UDO,Janus Henderson U.S. Equity Enhanced Income ETF,Financial,Exchange Traded Fund,USA,,,28.66,-0.24%,527.0,0,0,0,0,0,1,0,0,0,0,0,0,0,0,0,0,0,0,0,0,0,0,0,0,0,0,0,0,1,0,1
ULB,Aptus July Buffer ETF,Financial,Exchange Traded Fund,USA,,,28.43,-0.14%,1562.0,0,0,0,0,0,0,0,0,0,0,1,0,0,0,0,0,0,0,0,0,0,0,0,0,0,0,0,0,1,0,1
ULC,Corgi U.S. Equities 10% Structured Buffer ETF - July Series,Financial,Exchange Traded Fund,USA,,,25.99,-0.10%,6.0,0,0,0,0,0,0,0,0,0,0,1,0,0,0,0,0,0,0,0,0,0,0,0,0,0,0,0,0,1,0,1
ULJ,Innovator Premium Income 30 Barrier ETF - July,Financial,Exchange Traded Fund,USA,,,24.9,0.01%,133.0,0,0,0,0,0,0,0,0,0,0,0,0,0,0,0,0,0,0,0,0,0,0,0,0,0,1,0,0,1,0,1
ULP,PGIM S&P 500 Buffer 12 ETF - July,Financial,Exchange Traded Fund,USA,,,33.72,0.09%,206.0,0,0,0,0,0,0,0,0,0,0,1,0,0,0,0,0,0,0,0,0,0,0,0,0,0,0,0,0,1,0,1
ULT,AllianzIM U.S. Equity Buffer10 Jul ETF,Financial,Exchange Traded Fund,USA,,,49.38,-0.09%,1289.0,0,0,0,0,0,0,0,0,0,0,1,0,0,0,0,0,0,0,0,0,0,0,0,0,0,0,0,0,1,0,1
UNP,PGIM S&P 500 Buffer 12 ETF - June,Financial,Exchange Traded Fund,USA,,,32.69,0.05%,7980.0,0,0,0,0,0,0,0,0,0,0,1,0,0,0,0,0,0,0,0,0,0,0,0,0,0,0,0,0,1,0,1
UNW,AllianzIM U.S. Equity Buffer20 Jun ETF,Financial,Exchange Traded Fund,USA,,,35.21,-0.23%,42955.0,0,0,0,0,0,0,0,-1,0,0,0,0,0,0,0,0,0,0,0,0,0,0,0,0,0,0,0,0,0,1,1
XG,JX Luxventure Group Inc,Consumer Cyclical,Apparel Manufacturing,China,87320000.0,,7.24,-5.24%,6320.0,0,0,0,0,0,0,0,0,1,0,0,0,0,0,0,0,0,0,0,0,0,0,0,0,0,0,0,0,1,0,1
XX,Janus Henderson Transformational Growth ETF,Financial,Exchange Traded Fund,USA,,,32.4,-1.07%,458.0,0,0,0,0,0,0,0,0,0,0,0,0,0,0,0,1,0,0,0,0,0,0,0,0,0,0,0,0,1,0,1
YNT,Joint Corp,Healthcare,Medical Care Facilities,USA,101830000.0,27.6,7.2,1.27%,66115.0,0,1,0,0,0,0,0,0,1,0,0,0,0,0,0,0,0,0,0,0,0,0,0,0,0,0,0,0,2,0,2
APA,Kairos Pharma Ltd,Healthcare,Biotechnology,USA,2940000.0,,0.87,-24.35%,1098886.0,0,0,0,0,0,1,0,0,1,1,0,0,0,0,0,0,0,0,0,0,0,0,0,0,0,0,0,0,3,0,3
ARS,KraneShares Electric Vehicles and Future Mobility Index ETF,Financial,Exchange Traded Fund,USA,,,27.84,-1.92%,2656.0,0,0,0,0,0,1,0,0,1,1,0,0,0,0,0,0,0,0,0,0,0,0,0,0,0,0,0,0,3,0,3
AZR,Skyline Builders Group Holding Ltd,Industrials,Engineering & Construction,Hong Kong,41090000.0,,2.29,-0.43%,63239.0,0,0,0,0,0,0,0,0,1,0,0,0,0,0,0,0,0,0,0,0,0,0,0,0,0,0,0,0,1,0,1
BA,KraneSharesBosera MSCI China A 50 Connect Index ETF,Financial,Exchange Traded Fund,USA,,,30.67,-0.82%,5424.0,0,0,0,0,0,1,0,0,1,1,0,0,0,0,0,0,0,0,0,0,0,0,0,0,0,0,0,0,3,0,3
BFR,Innovator U.S. Small Cap Managed 10 Buffer ETF,Financial,Exchange Traded Fund,USA,,,26.38,-0.87%,1000.0,0,0,0,0,0,0,0,0,1,0,0,0,0,0,0,0,0,0,0,0,0,0,0,0,0,0,0,0,1,0,1
BON,Karbon Capital Partners Corp,Financial,Shell Companies,USA,444550000.0,97.87,10.1,-0.20%,15.0,0,0,0,-1,0,0,0,0,0,0,0,0,0,0,0,1,0,0,0,0,0,0,0,0,0,0,0,0,1,1,2
BSX,FST Corp,Consumer Cyclical,Leisure,Taiwan,71620000.0,,1.6,-3.03%,19162.0,0,0,0,0,0,0,0,0,1,0,0,0,0,0,0,0,0,0,0,0,0,0,0,0,0,0,0,0,1,0,1
BWD,Invesco KBW High Dividend Yield Financial ETF,Financial,Exchange Traded Fund,USA,,,10.64,-1.66%,722174.0,0,0,0,0,0,0,0,0,0,0,0,0,-1,0,0,0,0,0,0,0,0,0,0,0,0,0,0,0,0,1,1
C,Kingsoft Cloud Holdings Ltd ADR,Technology,Software - Application,China,2770000000.0,,9.23,-1.28%,455269.0,0,0,0,0,0,0,0,0,1,0,0,0,0,0,0,0,0,0,0,0,0,0,0,0,0,0,0,0,1,0,1
CA-U,Kensington Capital Acquisition Corp VI,Financial,Shell Companies,USA,237590000.0,,10.07,0.00%,2010.0,0,0,0,0,0,0,0,0,1,0,0,0,0,0,0,0,0,0,0,0,0,0,0,0,0,0,0,0,1,0,1
CCA,Kraneshares California Carbon Allowance Strategy ETF,Financial,Exchange Traded Fund,USA,,,17.05,0.29%,11853.0,0,1,0,0,0,0,0,0,0,0,1,0,0,0,0,0,0,0,0,0,0,0,0,0,0,0,0,0,2,0,2
CHV,Kochav Defense Acquisition Corp,Financial,Shell Companies,USA,358680000.0,40.03,10.48,-0.19%,57583.0,0,0,0,0,0,0,0,0,0,0,0,0,0,0,0,0,0,1,0,0,0,0,0,0,0,0,0,0,1,0,1
COP,Kurv Copper & Mining Enhanced Income ETF,Financial,Exchange Traded Fund,USA,,,22.86,-2.18%,11991.0,0,0,0,-1,0,0,0,0,0,0,0,0,0,0,0,1,0,0,0,0,0,0,0,0,0,0,0,0,1,1,2
CSH,KraneShares Sustainable Ultra Short Duration Index ETF,Financial,Exchange Traded Fund,USA,,,25.04,0.04%,373.0,0,1,0,0,0,0,0,0,0,0,0,0,0,0,0,0,0,0,0,0,0,0,0,0,0,0,0,0,1,0,1
E,Kimball Electronics Inc,Industrials,Electrical Equipment & Parts,USA,697450000.0,25.74,29.07,0.92%,264516.0,0,0,0,0,0,0,0,0,0,0,1,0,0,0,0,0,0,0,0,0,0,0,0,0,0,0,0,0,1,0,1
EEL,Keel Infrastructure Corp,Technology,Information Technology Services,USA,2060000000.0,,3.33,-4.03%,28515123.0,0,0,0,0,0,0,0,0,1,0,0,0,0,0,0,0,0,0,0,0,0,0,0,0,0,0,0,0,1,0,1
EMQ,KraneShares EM Internet & Tech,Financial,Exchange Traded Fund,USA,,,24.88,-0.80%,1912.0,0,0,0,-1,0,0,0,0,0,0,0,0,0,0,0,1,0,0,0,0,0,0,0,0,0,0,0,0,1,1,2
EQU,Kewaunee Scientific Corp,Consumer Cyclical,"Furnishings, Fixtures & Appliances",USA,97980000.0,12.24,33.84,0.36%,3128.0,0,0,0,0,0,0,0,0,0,0,0,0,-1,-1,0,0,0,0,0,0,0,0,0,0,0,0,0,0,0,2,2
EX,Kirby Corp,Industrials,Marine Shipping,USA,7250000000.0,21.1,137.36,-0.82%,417425.0,0,1,0,0,0,0,0,0,0,0,0,0,-1,0,0,0,0,0,0,0,0,0,0,0,0,0,0,0,1,1,2
FII,K&F Growth Acquisition Corp II,Financial,Shell Companies,USA,420430000.0,39.78,10.71,0.09%,973.0,0,0,0,0,0,1,0,0,0,0,0,0,0,0,0,0,0,0,0,0,0,0,0,0,0,0,0,0,1,0,1
GS,Kodiak Gas Services Inc,Energy,Oil & Gas Equipment & Services,USA,5520000000.0,65.2,54.64,-2.24%,1668999.0,0,0,0,0,0,0,0,0,1,0,0,0,0,0,0,0,0,0,0,0,0,0,0,0,0,0,0,0,1,0,1
IO,KKR Income Opportunities Fund,Financial,Closed-End Fund - Debt,USA,418460000.0,,10.21,-1.64%,167637.0,0,0,0,0,0,0,0,0,1,0,0,0,0,0,0,0,0,0,0,0,0,0,0,0,0,0,0,0,1,0,1
JD,KraneShares 2x Long JD Daily ETF,Financial,Exchange Traded Fund,USA,,,14.83,3.62%,5568.0,0,0,0,0,0,0,0,0,0,0,0,0,-1,0,0,0,0,0,0,0,0,0,0,0,0,0,0,0,0,1,1
JUL,Innovator U.S. Small Cap Power Buffer ETF - July,Financial,Exchange Traded Fund,USA,,,32.88,-0.79%,203677.0,0,0,0,0,0,0,0,0,1,0,0,0,0,0,0,0,0,0,0,0,0,0,0,0,0,0,0,0,1,0,1
JUN,Innovator U.S. Small Cap Power Buffer ETF - June,Financial,Exchange Traded Fund,USA,,,28.94,-0.74%,10359.0,0,0,0,0,0,0,0,0,1,0,0,0,0,0,0,0,0,0,0,0,0,0,0,0,0,0,0,0,1,0,1
LAC,KLA Corp,Technology,Semiconductor Equipment & Materials,USA,256860000000.0,53.67,196.83,-0.32%,7160382.0,0,1,0,0,0,0,0,0,0,0,0,0,0,0,0,0,0,0,0,0,0,0,0,0,0,0,0,0,1,0,1
LIP,KraneShares KWEB Covered Call Strategy ETF,Financial,Exchange Traded Fund,USA,,,21.76,-0.50%,33211.0,0,0,0,0,0,0,0,0,1,0,0,0,0,0,0,0,0,0,0,0,0,0,0,0,0,0,0,0,1,0,1
LMN,Invesco MSCI North America Climate ETF,Financial,Exchange Traded Fund,USA,,,31.89,-0.40%,34.0,0,0,0,0,0,0,0,0,0,0,1,0,0,0,0,0,0,0,0,0,0,0,0,0,-1,0,0,0,1,1,2
LMT,Invesco MSCI Global Climate 500 ETF,Financial,Exchange Traded Fund,USA,,,35.16,-0.60%,26.0,0,0,0,0,0,0,0,0,0,0,0,0,0,0,0,0,0,0,0,0,0,0,0,0,-1,0,0,0,0,1,1
MI,Kinder Morgan Inc,Energy,Oil & Gas Midstream,USA,70860000000.0,20.53,31.82,-1.06%,7419166.0,0,1,0,0,0,1,0,0,1,1,0,0,0,0,0,0,0,0,0,0,0,0,0,0,0,0,0,0,4,0,4
MID,Virtus KAR Mid-Cap ETF,Financial,Exchange Traded Fund,USA,,,23.35,-1.82%,7834.0,0,0,0,0,0,0,0,0,0,0,0,0,-1,0,0,0,0,0,0,0,0,0,0,0,0,1,0,0,1,1,2
MPR,Kemper Corp,Financial,Insurance - Property & Casualty,USA,1550000000.0,,26.25,0.69%,813434.0,0,0,0,0,0,0,0,0,0,0,1,0,0,0,0,0,0,0,0,0,0,0,0,0,0,0,0,0,1,0,1
MTS,Kestra Medical Technologies Ltd,Healthcare,Medical Instruments & Supplies,USA,1580000000.0,,26.49,-2.25%,399480.0,0,0,0,-1,0,0,0,0,0,0,1,1,0,0,0,0,0,0,0,0,0,0,0,0,0,0,0,0,2,1,3
N,Knowles Corp,Technology,Electronic Components,USA,3250000000.0,49.11,38.07,-2.86%,552443.0,0,0,0,0,0,0,0,0,1,0,0,0,0,0,0,0,0,0,0,0,0,0,0,0,0,0,0,0,1,0,1
NF,Knife River Corp,Basic Materials,Building Materials,USA,2870000000.0,20.59,50.54,-5.05%,830617.0,0,0,0,0,0,0,0,0,0,0,1,0,0,0,0,0,0,0,0,0,0,0,0,0,0,0,0,0,1,0,1
NG,FT Vest S&P 500 Dividend Aristocrats Target Income ETF,Financial,Exchange Traded Fund,USA,,,48.18,-0.84%,842104.0,0,0,0,0,0,0,0,0,0,0,0,0,-1,0,0,0,0,0,0,0,0,0,0,0,0,0,0,0,0,1,1
NO,AXS Knowledge Leaders ETF,Financial,Exchange Traded Fund,USA,,,63.14,-0.16%,1128.0,0,0,0,0,0,0,0,0,0,0,1,0,0,0,0,0,0,0,0,0,0,0,-1,0,0,0,0,0,1,1,2
NOP,KNOT Offshore Partners LP,Energy,Oil & Gas Midstream,United Kingdom,357280000.0,23.68,10.34,0.88%,37376.0,0,0,0,0,0,1,0,0,0,0,1,0,0,0,0,0,0,0,0,0,0,0,0,0,-1,0,0,0,2,1,3
NSA,Kiniksa Pharmaceuticals International Plc,Healthcare,Drug Manufacturers - Specialty & Generic,United Kingdom,6080000000.0,79.27,77.96,1.13%,381045.0,0,0,0,0,0,0,0,0,0,0,0,0,0,0,0,0,0,0,0,0,1,0,0,0,-1,0,0,0,1,1,2
NSL,Kinsale Capital Group Inc,Financial,Insurance - Property & Casualty,USA,7530000000.0,13.4,330.7,-1.71%,259743.0,0,0,0,0,0,0,0,0,0,0,0,0,0,0,0,0,0,0,0,0,0,0,0,0,0,0,0,1,1,0,1
NTK,Kinetik Holdings Inc,Energy,Oil & Gas Midstream,USA,8720000000.0,19.45,53.72,-0.43%,1385723.0,0,0,0,-1,0,0,0,0,0,0,0,0,0,0,0,0,0,0,0,0,0,0,0,0,0,0,0,0,0,1,1
NX,Knight-Swift Transportation Holdings Inc,Industrials,Trucking,USA,10350000000.0,241.99,63.62,-1.56%,2161943.0,0,0,0,0,0,0,0,0,1,0,0,0,0,0,0,0,0,0,0,0,0,0,0,0,0,0,0,0,1,0,1
O,Coca-Cola Co,Consumer Defensive,Beverages - Non-Alcoholic,USA,369240000000.0,25.86,85.82,-0.41%,12967225.0,0,0,0,-1,0,0,0,0,0,0,0,0,0,0,0,0,0,0,0,0,0,0,0,0,0,0,0,0,0,1,1
OKU,Xtrackers MSCI Kokusai Equity ETF,Financial,Exchange Traded Fund,USA,,,133.64,-0.49%,98.0,0,0,0,0,0,0,0,0,0,0,0,0,0,0,0,0,0,1,0,0,0,0,0,0,0,0,0,0,1,0,1
OMP,State Street SPDR S&P Kensho New Economies Composite ETF,Financial,Exchange Traded Fund,USA,,,66.4,-2.23%,61736.0,0,0,0,0,0,0,0,0,0,0,1,0,0,0,0,1,0,0,0,0,0,0,0,0,0,0,0,0,2,0,2
OOL,North Shore Equity Rotation ETF,Financial,Exchange Traded Fund,USA,,,14.89,-0.79%,499.0,0,0,0,0,0,0,0,-1,0,0,0,0,0,0,0,0,0,0,0,0,0,0,0,0,0,0,0,0,0,1,1
ORP,American Century Diversified Corporate Bond ETF,Financial,Exchange Traded Fund,USA,,,44.31,-0.05%,100100.0,0,0,0,0,0,0,0,0,1,0,0,0,0,0,0,0,0,0,0,0,0,0,0,0,0,0,0,0,1,0,1
OS,Kosmos Energy Ltd,Energy,Oil & Gas E&P,USA,1540000000.0,,2.59,-0.38%,11770759.0,0,1,0,0,0,0,0,0,0,0,0,0,-1,0,0,0,0,0,0,0,0,0,0,0,0,0,0,0,1,1,2
OYN,CSLM Digital Asset Acquisition Corp III Ltd,Financial,Shell Companies,USA,323790000.0,67.54,10.26,0.10%,1388662.0,0,0,0,-1,0,0,0,0,0,0,0,0,0,0,0,0,0,1,0,0,0,0,0,0,0,0,0,0,1,1,2
PRX,Kiora Pharmaceuticals Inc,Healthcare,Biotechnology,USA,11190000.0,,2.53,1.20%,21012.0,0,0,0,0,0,0,0,0,0,0,0,0,0,0,0,1,0,0,0,0,0,0,0,0,0,0,0,0,1,0,1
QQQ,Kurv Technology Titans Select ETF,Financial,Exchange Traded Fund,USA,,,30.15,0.32%,34179.0,0,0,0,0,0,0,0,0,0,0,0,0,0,0,0,1,0,0,0,0,0,0,0,0,0,0,0,0,1,0,1
RKR,36Kr Holdings Inc ADR,Communication Services,Advertising Agencies,China,5500000.0,1.47,3.09,0.00%,773.0,0,0,0,0,0,0,0,0,1,0,0,0,0,0,0,0,0,0,0,0,0,0,0,0,0,0,0,0,1,0,1
RMD,KORU Medical Systems Inc,Healthcare,Medical Instruments & Supplies,USA,137600000.0,,2.98,-0.67%,111046.0,0,0,0,0,0,0,0,0,1,0,0,0,0,0,0,0,0,0,0,0,0,0,0,0,0,0,0,0,1,0,1
RNT,Kornit Digital Ltd,Industrials,Specialty Industrial Machinery,Israel,770390000.0,,17.93,-1.21%,300014.0,0,0,0,0,0,1,0,0,0,0,0,0,0,0,0,0,0,1,0,0,0,0,0,0,0,0,0,0,2,0,2
RNY,Kearny Financial Corp,Financial,Banks - Regional,USA,591510000.0,15.87,9.11,-1.19%,505834.0,0,0,0,0,0,0,0,-1,0,0,0,0,0,0,0,0,0,0,0,0,0,0,0,0,0,0,0,0,0,1,1
ROS,Keros Therapeutics Inc,Healthcare,Biotechnology,USA,222270000.0,,11.21,1.82%,195962.0,0,0,0,0,0,1,0,0,0,0,0,0,0,0,0,0,0,0,0,-1,0,0,0,0,0,0,0,0,1,1,2
RP,Kimbell Royalty Partners LP,Energy,Oil & Gas E&P,USA,1920000000.0,21.0,14.92,-0.13%,521011.0,0,1,0,0,0,1,0,0,0,0,0,0,0,0,0,0,0,0,0,0,1,0,0,0,-1,0,0,0,3,1,4
RSP,Rice Acquisition Corp 3,Financial,Shell Companies,USA,486710000.0,59.77,10.58,-0.66%,291.0,0,0,0,0,0,0,0,0,0,0,1,1,0,0,0,0,0,0,0,0,0,0,0,0,-1,0,0,0,2,1,3
RYS,Krystal Biotech Inc,Healthcare,Biotechnology,USA,9610000000.0,40.68,324.57,-0.69%,354152.0,0,0,0,0,0,0,0,0,0,0,0,0,0,0,0,1,0,0,0,0,0,0,0,0,0,0,0,0,1,0,1
SA,iShares MSCI Saudi Arabia ETF,Financial,Exchange Traded Fund,USA,,,36.73,-0.46%,410940.0,0,0,0,0,0,0,0,0,0,0,0,0,-1,-1,0,0,0,0,0,0,0,0,0,0,0,0,0,0,0,2,2
SLV,Kurv Silver Enhanced Income ETF,Financial,Exchange Traded Fund,USA,,,23.34,-2.91%,96125.0,0,0,0,0,0,0,0,0,1,0,0,0,0,0,0,0,0,0,0,0,0,0,0,0,0,0,0,0,1,0,1
STR,KraneShares China Technology & Semiconductor STAR 50 Index ETF,Financial,Exchange Traded Fund,USA,,,22.09,-0.72%,684912.0,0,0,0,0,0,0,0,0,1,0,0,0,0,0,0,0,0,0,0,0,0,0,0,0,0,0,0,0,1,0,1
TEC,KraneShares Hang Seng TECH Index ETF,Financial,Exchange Traded Fund,USA,,,11.58,-1.45%,82083.0,0,0,0,0,0,0,0,0,0,0,0,0,-1,0,0,0,0,0,0,0,0,0,0,0,0,0,0,0,0,1,1
TTA,Pasithea Therapeutics Corp,Healthcare,Biotechnology,USA,14820000.0,,0.44,-0.81%,132492.0,0,0,0,0,0,0,0,0,1,0,0,0,0,0,0,0,0,0,0,0,0,0,0,0,0,0,0,0,1,0,1
URA,Kura Oncology Inc,Healthcare,Biotechnology,USA,949210000.0,,10.67,1.33%,1098973.0,0,0,0,-1,0,1,0,0,0,0,0,0,0,0,0,0,0,0,0,0,0,0,0,0,0,0,0,0,1,1,2
URE,KraneShares MSCI All China Health Care Index ETF,Financial,Exchange Traded Fund,USA,,,19.11,-1.95%,172139.0,0,0,0,0,0,0,0,0,0,0,1,0,0,0,0,0,0,0,0,0,0,0,0,0,0,0,0,0,1,0,1
XI,iShares Global Consumer Staples ETF,Financial,Exchange Traded Fund,USA,,,65.92,0.06%,89947.0,0,0,0,0,0,0,0,0,1,0,0,0,0,0,0,0,0,0,0,0,0,0,0,0,0,0,0,0,1,0,1
YIV,Kyivstar Group Ltd,Communication Services,Telecom Services,United Arab Emirates,2900000000.0,18.27,12.51,-0.64%,182898.0,0,0,0,0,0,0,0,0,1,0,0,0,0,0,0,0,0,0,0,0,0,0,0,0,0,0,0,0,1,0,1
YMR,Kymera Therapeutics Inc,Healthcare,Biotechnology,USA,9010000000.0,,108.35,2.24%,1167424.0,0,0,0,-1,0,0,0,0,0,0,0,0,0,0,0,0,0,0,0,0,0,0,0,0,0,0,0,0,0,1,1
YN,Kayne Anderson Energy Infrastructure Fund Inc,Financial,Closed-End Fund - Equity,USA,2370000000.0,,14.0,-1.69%,304425.0,0,0,0,0,0,0,0,0,0,0,0,0,0,0,0,0,0,1,0,0,0,0,0,0,0,0,0,0,1,0,1
YTX,Kyverna Therapeutics Inc,Healthcare,Biotechnology,USA,381580000.0,,6.17,0.16%,650547.0,0,0,0,0,0,0,0,0,0,0,0,0,-1,0,0,0,0,0,0,0,0,0,0,0,0,0,0,0,0,1,1
ADR,Ladder Capital Corp,Real Estate,REIT - Mortgage,USA,1100000000.0,20.88,8.67,-0.12%,1364653.0,0,1,0,-1,0,0,0,0,1,1,0,0,0,0,0,0,0,0,0,0,0,0,0,0,0,0,0,0,3,1,4
ALT,First Trust Multi-Strategy Alternative ETF,Financial,Exchange Traded Fund,USA,,,24.87,0.16%,285550.0,0,0,0,0,0,0,0,0,0,0,0,0,-1,-1,0,0,0,0,0,0,0,0,0,0,0,0,0,0,0,2,2
AR,Lithium Argentina AG,Basic Materials,Other Industrial Metals & Mining,Switzerland,866720000.0,,5.37,-3.76%,1244810.0,0,0,0,0,0,0,0,0,1,0,0,0,0,0,0,0,0,0,0,0,0,0,0,0,0,0,0,0,1,0,1
AUR,Laureate Education Inc,Consumer Defensive,Education & Training Services,USA,5310000000.0,17.31,38.56,0.81%,1631119.0,0,0,0,0,0,0,0,0,0,0,0,0,-1,0,0,0,0,0,0,0,0,0,0,0,0,0,0,0,0,1,1
AZ,Lazard Inc,Financial,Capital Markets,USA,3490000000.0,17.56,35.82,-1.49%,1149960.0,0,0,0,0,0,0,0,0,0,0,0,0,0,0,0,1,0,0,0,0,0,0,0,0,0,0,0,0,1,0,1
CDS,JPMorgan Fundamental Data Science Large Core ETF,Financial,Exchange Traded Fund,USA,,,74.59,-0.23%,469.0,0,0,0,-1,0,0,0,0,0,0,0,0,0,0,0,0,0,0,0,0,0,0,0,0,0,0,0,0,0,1,1
CF,Touchstone US Large Cap Focused ETF,Financial,Exchange Traded Fund,USA,,,46.51,-0.36%,336.0,0,0,0,0,0,0,0,-1,0,0,0,0,0,0,0,0,0,0,0,0,0,0,0,0,-1,0,0,0,0,2,2
CO,LOGIQ Contrarian Opportunities ETF,Financial,Exchange Traded Fund,USA,,,27.98,-1.06%,10.0,0,0,0,0,0,0,0,0,0,0,0,0,0,0,0,0,0,0,0,0,0,0,0,0,-1,0,0,0,0,1,1
CTO,Kurv U.S. Large Cap TaxOptimized ETF,Financial,Exchange Traded Fund,USA,,,24.94,-0.41%,18.0,0,0,0,0,0,0,0,0,0,0,0,0,-1,0,0,0,0,0,0,0,0,0,0,0,0,0,0,0,0,1,1
CTX,Lineage Cell Therapeutics Inc,Healthcare,Biotechnology,USA,239650000.0,,0.95,1.03%,1477422.0,0,0,0,0,0,0,0,0,1,0,0,0,0,0,0,0,0,0,0,0,0,0,0,0,0,0,0,0,1,0,1
DDR,LifeX 2035 Income Bucket ETF,Financial,Exchange Traded Fund,USA,,,74.12,0.02%,5446.0,0,0,0,0,0,0,0,0,0,0,0,0,0,0,0,0,0,0,0,-1,0,0,0,0,0,0,0,0,0,1,1
DEM,iShares ESG MSCI EM Leaders ETF,Financial,Exchange Traded Fund,USA,,,60.9,-1.30%,154.0,0,0,0,0,0,0,0,0,0,0,0,0,0,0,0,1,0,0,0,0,0,0,0,0,0,0,0,0,1,0,1
DRH,iShares iBonds 1-5 Year High Yield and Income Ladder ETF,Financial,Exchange Traded Fund,USA,,,23.99,-0.06%,1959.0,0,0,0,-1,0,0,0,0,0,0,0,0,0,0,0,0,0,0,0,0,0,0,0,0,0,0,0,0,0,1,1
DRT,iShares iBonds 1-5 Year Treasury Ladder ETF,Financial,Exchange Traded Fund,USA,,,24.57,0.04%,41589.0,0,0,0,0,0,1,0,0,0,0,0,0,0,0,0,0,0,0,0,-1,0,0,0,0,0,0,0,0,1,1,2
DSF,First Trust Low Duration Strategic Focus ETF,Financial,Exchange Traded Fund,USA,,,18.43,-0.11%,38499.0,0,0,0,0,0,0,0,0,1,0,0,0,0,0,0,0,0,0,0,0,0,0,0,0,0,0,0,0,1,0,1
E,Lands' End Inc,Consumer Cyclical,Apparel Retail,USA,314050000.0,0.95,10.63,0.95%,183494.0,0,1,0,0,0,0,0,0,0,0,0,0,0,0,0,0,0,0,0,0,0,0,0,0,0,0,0,0,1,0,1
EA,Lear Corp,Consumer Cyclical,Auto Parts,USA,5900000000.0,11.15,119.63,-1.94%,421900.0,0,0,0,0,0,0,0,0,1,0,0,0,0,0,0,0,0,0,0,0,0,0,0,0,0,0,0,0,1,0,1
EE,Lee Enterprises Inc,Communication Services,Publishing,USA,164290000.0,,7.37,4.32%,19475.0,0,0,0,0,0,0,0,0,1,1,0,0,0,0,0,0,0,0,0,0,0,0,0,0,0,0,-1,0,2,1,3
EGR,First Trust Indxx Innovative Transaction & Process ETF,Financial,Exchange Traded Fund,USA,,,64.82,-1.32%,2224.0,0,0,0,0,0,0,0,0,0,0,0,0,0,0,0,0,0,0,0,0,0,0,-1,0,0,0,0,0,0,1,1
EN,Lennar Corp,Consumer Cyclical,Residential Construction,USA,18100000000.0,14.4,76.13,-1.65%,5233541.0,0,0,0,0,0,1,0,0,0,0,0,0,0,0,0,0,0,0,0,-1,0,0,0,0,0,0,0,0,1,1,2
EU,Centrus Energy Corp,Energy,Uranium,USA,3010000000.0,67.14,147.14,-4.38%,872728.0,0,0,0,0,0,0,0,0,1,0,0,0,0,0,0,0,0,0,0,0,0,0,0,0,0,0,0,0,1,0,1
EUX,Tradr 2X Long LEU Daily ETF,Financial,Exchange Traded Fund,USA,,,7.88,-8.69%,234637.0,0,0,0,0,0,0,0,0,1,0,0,0,0,0,0,0,0,0,0,0,0,0,0,0,0,0,0,0,1,0,1
FDR,LifeX Durable Income ETF,Financial,Exchange Traded Fund,USA,,,167.12,-0.25%,10.0,0,0,0,0,0,0,0,0,1,0,0,0,0,0,0,0,0,0,0,0,0,0,0,0,0,0,0,0,1,0,1
FEQ,VanEck Long/Flat Trend ETF,Financial,Exchange Traded Fund,USA,,,61.94,-0.22%,160.0,0,0,0,0,0,0,0,0,0,0,1,0,0,0,0,0,0,0,0,0,0,0,0,0,-1,0,0,0,1,1,2
FUS,Littelfuse Inc,Technology,Electronic Components,USA,11040000000.0,,434.74,-4.30%,237752.0,0,0,0,0,0,0,0,0,0,0,0,0,-1,0,0,0,0,0,0,0,0,0,0,0,0,0,0,0,0,1,1
GCL,Lucas GC Ltd,Technology,Software - Application,China,3670000.0,0.0,2.82,24.78%,45644977.0,0,0,0,0,0,0,0,0,0,0,1,0,0,0,0,0,0,0,0,0,0,0,0,0,0,0,0,0,1,0,1
GH,HCM Defender 500 Index ETF,Financial,Exchange Traded Fund,USA,,,67.51,-0.26%,14603.0,0,0,0,0,0,0,0,-1,0,0,0,0,0,0,0,0,0,0,0,0,0,0,0,0,0,0,0,0,0,1,1
GHT,Langar Global HealthTech ETF,Financial,Exchange Traded Fund,USA,,,10.43,0.87%,2040.0,0,0,0,0,0,0,0,0,0,0,0,0,0,0,0,0,0,0,0,0,0,0,0,1,0,0,0,0,1,0,1
GL,LGL Group Inc,Technology,Scientific & Technical Instruments,USA,86650000.0,,6.87,-0.72%,4805.0,0,1,0,-1,0,0,0,0,0,0,0,0,-1,0,0,0,0,0,0,0,0,0,0,0,0,0,0,0,1,2,3
GLV,State Street SPDR US Large Cap Low Volatility Index ETF,Financial,Exchange Traded Fund,USA,,,175.48,-0.88%,10126.0,0,1,0,0,0,0,0,0,0,0,0,0,0,0,0,0,0,0,0,0,0,0,0,0,0,0,0,0,1,0,1
GN,Legence Corp,Industrials,Engineering & Construction,USA,5770000000.0,,53.35,-5.31%,997897.0,0,0,0,0,0,0,0,0,1,0,0,0,0,0,0,0,0,0,0,0,0,0,0,0,0,0,0,0,1,0,1
GOV,First Trust Long Duration Opportunities ETF,Financial,Exchange Traded Fund,USA,,,19.54,-0.20%,295018.0,0,1,0,0,0,0,0,0,0,0,0,0,0,0,0,0,0,0,0,-1,0,0,0,0,0,0,0,0,1,1,2
GPS,LogProstyle Inc,Industrials,Conglomerates,Japan,16700000.0,3.31,0.71,-3.93%,49081.0,0,0,0,0,0,0,0,0,0,0,0,0,0,0,0,0,0,0,0,0,0,0,0,0,0,1,0,0,1,0,1
IAE,LifeX 2050 Inflation-Protected Longevity Income ETF,Financial,Exchange Traded Fund,USA,,,192.27,-0.03%,404.0,0,0,0,0,0,1,0,0,0,0,0,0,0,0,0,0,0,0,0,0,0,0,0,0,0,0,0,0,1,0,1
IAM,LifeX 2055 Inflation-Protected Longevity Income ETF,Financial,Exchange Traded Fund,USA,,,216.36,-0.06%,212.0,0,0,0,0,0,1,0,0,0,0,0,0,0,0,0,0,0,0,0,-1,0,0,0,0,0,0,0,0,1,1,2
IAU,LifeX 2060 Inflation-Protected Longevity Income ETF,Financial,Exchange Traded Fund,USA,,,238.05,-0.09%,9.0,0,0,0,0,0,1,0,0,0,0,0,0,0,0,0,0,0,0,0,-1,0,0,0,0,0,0,0,0,1,1,2
IBD,LifeX 2065 Inflation-Protected Longevity Income ETF,Financial,Exchange Traded Fund,USA,,,251.64,-0.15%,14.0,0,0,0,0,0,1,0,0,1,1,0,0,0,0,0,0,0,0,0,0,0,0,0,0,0,0,0,0,3,0,3
ILA,Liberty Latin America Ltd,Communication Services,Telecom Services,USA,1740000000.0,,8.91,0.22%,222780.0,0,0,0,0,0,0,0,0,0,0,1,0,0,0,0,0,0,0,0,0,0,0,0,0,0,0,0,0,1,0,1
IND,Lindblad Expeditions Holdings Inc,Consumer Cyclical,Travel Services,USA,2300000000.0,,35.01,-2.97%,1312664.0,0,0,0,0,0,0,0,0,0,0,0,0,-1,0,0,0,0,0,0,0,0,0,0,0,0,0,0,0,0,1,1
INK,Interlink Electronics,Technology,Electronic Components,USA,83020000.0,,5.27,-6.31%,55414.0,0,0,0,0,0,0,0,0,0,0,1,0,0,0,0,0,0,0,0,0,0,0,0,0,-1,0,0,0,1,1,2
IQT,LiqTech International Inc,Industrials,Pollution & Treatment Controls,Denmark,15420000.0,,0.47,-4.86%,37704.0,0,0,0,0,0,0,0,0,1,0,0,0,0,0,0,0,0,0,0,0,0,0,0,0,0,0,0,0,1,0,1
IT,Global X Lithium & Battery Tech ETF,Financial,Exchange Traded Fund,USA,,,69.51,-2.20%,67248.0,0,1,0,0,0,1,0,0,0,0,0,0,-1,-1,0,0,0,0,0,0,0,0,0,0,0,0,0,0,2,2,4
ITB,LightInTheBox Holding Co Ltd ADR,Consumer Cyclical,Internet Retail,Singapore,52370000.0,5.9,2.89,3.39%,15399.0,0,0,0,0,0,0,0,0,0,0,0,0,-1,0,0,0,0,0,0,0,0,0,0,0,0,0,0,0,0,1,1
ITC,Corgi LITE 2x Daily ETF,Financial,Exchange Traded Fund,USA,,,39.22,-3.52%,2339.0,0,0,0,0,0,0,0,0,0,0,1,0,0,0,0,0,0,0,0,0,0,0,0,0,0,0,0,0,1,0,1
ITE,Lumentum Holdings Inc,Technology,Communication Equipment,USA,99660000000.0,,1111.07,-1.97%,3391496.0,0,0,0,0,0,0,0,0,0,0,0,0,-1,0,0,0,0,0,0,0,0,0,0,0,0,0,0,0,0,1,1
ITP,Sprott Lithium Miners ETF,Financial,Exchange Traded Fund,USA,,,8.84,-2.75%,15829.0,0,0,0,0,0,0,0,0,1,0,0,0,0,0,0,0,0,0,0,0,0,0,0,0,0,0,0,0,1,0,1
ITU,T-REX 2X Long LITE Daily Target ETF,Financial,Exchange Traded Fund,USA,,,27.43,-3.84%,35290.0,0,0,0,0,0,0,0,0,0,0,1,0,0,0,0,0,0,0,0,0,0,0,0,0,0,0,0,0,1,0,1
ITX,Tradr 2X Long LITE Daily ETF,Financial,Exchange Traded Fund,USA,,,44.03,-3.97%,1236467.0,0,0,0,0,0,0,0,0,1,0,0,0,0,0,0,0,0,0,0,0,0,0,0,0,0,0,0,0,1,0,1
JAN,Innovator Premium Income 15 Buffer ETF - January,Financial,Exchange Traded Fund,USA,,,24.72,-0.00%,1068.0,0,1,0,0,0,0,0,0,0,0,1,1,0,0,0,0,0,0,0,0,0,0,0,0,0,0,0,0,3,0,3
JUL,Innovator Premium Income 15 Buffer ETF - July,Financial,Exchange Traded Fund,USA,,,23.95,-0.06%,726.0,0,0,0,0,0,0,0,0,0,0,1,0,0,0,0,0,0,0,0,0,0,0,0,0,0,0,0,0,1,0,1
KFN,Lakeland Financial Corp,Financial,Banks - Regional,USA,1420000000.0,13.15,57.19,-1.36%,182418.0,0,0,0,0,0,0,0,0,0,0,1,0,0,0,0,0,0,0,0,0,0,0,0,0,0,0,0,0,1,0,1
KQ,LKQ Corp,Consumer Cyclical,Auto Parts,USA,5570000000.0,12.13,22.03,-1.61%,2548568.0,0,0,0,0,0,0,0,0,1,0,0,0,0,0,0,0,0,0,0,0,0,0,0,0,0,0,0,0,1,0,1
LYVA,Liberty Live Holdings Inc,Communication Services,Entertainment,USA,8940000000.0,,94.69,-1.62%,147422.0,0,0,0,-1,0,0,0,0,0,0,0,0,0,0,0,0,0,0,0,0,0,0,0,0,0,0,0,0,0,1,1
LYVK,Liberty Live Holdings Inc,Communication Services,Entertainment,USA,8970000000.0,,98.11,-1.30%,173924.0,0,0,0,0,0,0,0,0,0,0,0,0,0,0,0,0,0,0,0,0,0,0,-1,0,0,0,0,0,0,1,1
MND,Lemonade Inc,Financial,Insurance - Property & Casualty,USA,3620000000.0,,46.83,1.14%,1004244.0,0,0,0,0,0,0,0,0,1,0,0,0,0,0,0,0,0,0,0,0,0,0,0,0,0,0,0,0,1,0,1
ND,Brasilagro Companhia Brasileira De Propriedade Agricola ADR,Consumer Defensive,Farm Products,Brazil,377520000.0,,3.79,2.43%,59424.0,0,0,0,0,0,0,0,0,1,1,0,0,0,0,0,0,0,0,0,0,0,0,0,0,0,0,0,0,2,0,2
NG,Cheniere Energy Inc,Energy,Oil & Gas Midstream,USA,56220000000.0,20.25,272.2,-1.11%,1191680.0,0,0,0,0,0,0,0,0,0,0,1,0,0,0,0,0,0,0,0,0,0,0,-1,0,0,0,0,0,1,1,2
NGX,Global X U.S. Natural Gas ETF,Financial,Exchange Traded Fund,USA,,,43.69,0.46%,10698.0,0,0,0,0,0,0,0,0,0,0,1,1,0,0,0,0,0,0,0,0,0,0,0,0,0,0,0,0,2,0,2
NN,Lindsay Corp,Industrials,Farm & Heavy Construction Machinery,USA,1150000000.0,21.74,113.33,-1.22%,165647.0,0,0,0,0,0,0,0,0,0,0,0,0,0,0,0,1,0,0,0,0,0,0,0,0,0,0,0,0,1,0,1
NSR,LENSAR Inc,Healthcare,Medical Devices,USA,79990000.0,,6.51,-2.84%,32269.0,0,0,0,0,0,0,0,0,0,0,0,0,0,0,0,0,0,0,0,0,0,0,0,1,0,0,0,0,1,0,1
OAR,Loar Holdings Inc,Industrials,Aerospace & Defense,USA,5710000000.0,85.88,61.0,-0.46%,813846.0,0,0,0,0,0,0,0,0,0,0,1,0,0,0,0,0,0,0,0,0,0,0,-1,0,0,0,0,0,1,1,2
OCL,Local Bounti Corp,Consumer Defensive,Farm Products,USA,25720000.0,,1.1,1.85%,6426.0,0,0,0,0,0,0,0,0,0,0,0,0,-1,0,0,0,0,0,0,0,0,0,0,0,0,0,0,0,0,1,1
OCT,Innovator Premium Income 15 Buffer ETF - October,Financial,Exchange Traded Fund,USA,,,23.89,0.02%,64.0,0,0,0,0,0,0,0,0,0,0,1,0,0,0,0,0,0,0,0,0,0,0,0,0,0,0,0,0,1,0,1
ODI,AAM SLC Low Duration Income ETF,Financial,Exchange Traded Fund,USA,,,24.89,0.04%,12322.0,0,0,0,-1,0,0,0,0,0,0,0,0,0,0,0,0,0,0,0,0,0,0,0,0,0,0,0,0,0,1,1
OGI,Logitech International SA,Technology,Computer Hardware,Switzerland,14670000000.0,18.78,102.18,-0.22%,440766.0,0,0,0,0,0,1,0,0,0,0,0,0,0,0,0,0,0,0,0,0,0,0,0,0,0,0,0,0,1,0,1
OGO,Alpha Brands Consumption Leaders ETF,Financial,Exchange Traded Fund,USA,,,20.52,-0.37%,766.0,0,0,0,0,0,0,0,0,0,0,0,0,-1,-1,0,0,0,0,0,0,0,0,0,0,0,0,0,0,0,2,2
ONZ,PIMCO Senior Loan Active ExchangeTraded Fund,Financial,Exchange Traded Fund,USA,,,48.88,-0.06%,40062.0,0,0,0,0,0,0,0,0,0,0,0,0,0,0,0,1,0,0,0,0,0,0,0,0,0,0,0,0,1,0,1
OPE,Grand Canyon Education Inc,Consumer Defensive,Education & Training Services,USA,4059999999.9999995,18.81,155.68,0.08%,270069.0,0,0,0,0,0,0,0,0,0,0,0,0,0,0,0,1,0,0,0,0,0,0,0,0,0,0,0,0,1,0,1
OPP,Gabelli Love Our Planet & People ETF,Financial,Exchange Traded Fund,USA,,,35.71,-1.60%,22.0,0,0,0,0,0,0,0,0,1,0,0,0,0,0,0,0,0,0,0,0,0,0,0,0,0,0,0,0,1,0,1
OTI,Liberty One Tactical Income ETF,Financial,Exchange Traded Fund,USA,,,25.42,0.06%,2616.0,0,0,0,0,0,0,0,0,0,0,0,0,0,0,0,0,0,0,0,0,1,0,0,0,0,0,0,0,1,0,1
OUP,Innovator Deepwater Frontier Tech ETF,Financial,Exchange Traded Fund,USA,,,91.04,-1.91%,6115.0,0,0,0,0,0,0,0,0,0,0,0,0,-1,-1,0,0,0,0,0,0,0,0,0,0,0,0,0,0,0,2,2
OVE,Lovesac Company,Consumer Cyclical,"Furnishings, Fixtures & Appliances",USA,206540000.0,11.76,14.32,-2.98%,133461.0,0,0,0,0,0,0,0,0,1,0,0,0,0,0,0,0,0,0,0,0,0,0,0,0,0,0,0,0,1,0,1
OW,Lowe's Cos. Inc,Consumer Cyclical,Home Improvement Retail,USA,101850000000.0,15.35,181.54,-1.16%,2371280.0,0,1,0,0,0,0,0,0,0,0,0,0,0,0,0,0,0,0,0,0,0,0,0,0,0,0,0,0,1,0,1
PA,Logistic Properties of the Americas,Real Estate,Real Estate - Development,USA,98580000.0,5.74,3.11,1.97%,45297.0,0,0,0,0,0,0,0,0,0,0,0,0,0,0,0,0,0,0,0,0,0,0,0,0,0,0,-1,0,0,1,1
PTH,Lightpath Technologies Inc,Technology,Electronic Components,USA,728370000.0,,10.4,-4.32%,2157137.0,0,1,0,0,0,0,0,0,0,0,0,0,-1,0,0,0,0,0,0,0,0,0,0,0,0,0,0,0,1,1,2
PX,Louisiana-Pacific Corp,Industrials,Building Products & Equipment,USA,4530000000.0,83.93,64.74,-3.21%,1212013.0,0,0,0,0,0,0,0,0,0,0,0,0,-1,-1,0,0,0,0,0,0,0,0,0,0,0,0,0,0,0,2,2
Q,Simplify Tax Aware Alternatives ETF,Financial,Exchange Traded Fund,USA,,,23.73,-0.36%,13.0,0,0,0,0,0,0,0,0,0,0,0,0,-1,0,0,0,0,0,0,0,0,0,0,0,0,1,0,0,1,1,2
QDH,iShares Interest Rate Hedged Corporate Bond ETF,Financial,Exchange Traded Fund,USA,,,92.52,-0.03%,36975.0,0,0,0,0,0,0,0,0,1,0,0,0,0,0,0,1,0,0,0,0,0,0,0,0,0,0,0,0,2,0,2
QDT,Liquidity Services Inc,Consumer Cyclical,Internet Retail,USA,1290000000.0,40.38,41.3,-0.51%,578522.0,0,0,0,-1,0,0,0,-1,0,0,0,0,0,0,0,0,0,0,0,0,0,0,0,0,0,0,0,0,0,2,2
QDW,iShares Investment Grade Corporate Bond BuyWrite Strategy ETF,Financial,Exchange Traded Fund,USA,,,22.43,0.09%,64935.0,0,0,0,0,0,0,0,0,1,0,0,0,0,0,0,0,0,0,0,0,0,0,0,0,0,0,0,0,1,0,1
RCC,Corgi LRCX 2x Daily ETF,Financial,Exchange Traded Fund,USA,,,19.22,-2.45%,2156.0,0,0,0,0,0,0,0,0,0,0,1,0,0,0,0,0,0,0,0,0,0,0,0,0,0,0,0,0,1,0,1
RCX,Lam Research Corp,Technology,Semiconductor Equipment & Materials,USA,412360000000.0,57.17,329.51,-1.31%,6394442.0,0,0,0,0,0,1,0,0,0,0,0,0,0,0,0,0,0,0,0,0,0,0,0,0,0,0,0,0,1,0,1
RE,Lead Real Estate Co Ltd ADR,Real Estate,Real Estate - Development,Japan,14460000.0,4.16,1.06,0.63%,3541.0,0,0,0,0,0,0,0,0,1,0,0,0,0,0,0,0,0,0,0,0,0,0,0,0,0,0,0,0,1,0,1
RGF,iShares U.S. Equity Factor ETF,Financial,Exchange Traded Fund,USA,,,79.37,-0.39%,115278.0,0,0,0,0,0,0,0,0,0,0,1,0,0,0,0,0,0,0,0,0,0,0,0,0,0,0,0,0,1,0,1
RMR,Larimar Therapeutics Inc,Healthcare,Biotechnology,USA,285670000.0,,2.75,-1.08%,717993.0,0,0,0,0,0,0,0,0,0,0,0,0,-1,0,0,0,0,0,0,0,0,0,0,0,0,0,0,0,0,1,1
SAF,LeaderShares AlphaFactor US Core Equity ETF,Financial,Exchange Traded Fund,USA,,,53.84,-0.77%,7266.0,0,0,0,0,0,0,0,0,0,0,0,0,0,0,0,0,0,0,0,0,0,0,-1,0,0,0,0,0,0,1,1
SAT,LeaderShares AlphaFactor Tactical Focused ETF,Financial,Exchange Traded Fund,USA,,,44.66,-1.25%,1721.0,0,0,0,-1,0,0,0,0,0,0,0,0,0,0,0,0,0,0,0,0,0,0,0,0,0,0,0,0,0,1,1
SBK,Lake Shore Bancorp Inc,Financial,Banks - Regional,USA,140980000.0,16.02,17.95,-0.22%,2619.0,0,0,0,0,0,0,0,0,0,0,1,0,0,0,0,0,0,0,0,0,0,0,-1,0,0,0,0,0,1,1,2
SCC,Lattice Semiconductor Corp,Technology,Semiconductors,USA,18600000000.0,505.95,130.99,-2.59%,1778782.0,0,0,0,0,0,0,0,0,1,0,0,0,0,0,0,0,0,0,0,0,0,0,0,0,0,0,0,0,1,0,1
SE,Leishen Energy Holding Co Ltd,Energy,Oil & Gas Equipment & Services,China,76620000.0,4500.0,4.5,-1.95%,6594.0,0,0,0,0,0,0,0,0,0,0,1,0,0,0,0,0,0,0,0,0,0,0,0,0,0,0,0,0,1,0,1
SEQ,Harbor Long-Short Equity ETF,Financial,Exchange Traded Fund,USA,,,33.15,-0.48%,908.0,0,1,0,-1,0,0,0,0,0,0,0,0,0,0,0,0,0,0,0,0,0,0,0,0,0,0,0,0,1,1,2
SGR,Natixis Loomis Sayles Focused Growth ETF,Financial,Exchange Traded Fund,USA,,,45.92,-0.20%,36570.0,0,0,0,0,0,0,0,0,0,0,1,1,0,0,0,0,0,0,0,0,0,0,0,0,0,0,0,0,2,0,2
SPD,Lightspeed Commerce Inc,Technology,Software - Application,Canada,1360000000.0,,10.23,0.89%,600529.0,0,0,0,-1,0,0,0,0,0,0,0,0,0,0,0,0,0,0,0,0,0,0,0,0,0,0,0,0,0,1,1
TBR,Lightbridge Corp,Industrials,Electrical Equipment & Parts,USA,240480000.0,,6.42,-6.14%,754679.0,0,0,0,0,0,0,0,0,1,0,0,0,0,0,0,0,0,0,0,0,0,0,0,0,0,0,0,0,1,0,1
TGR,Long Table Growth Corp,Financial,Shell Companies,USA,229080000.0,,9.96,0.00%,25.0,0,0,0,0,0,0,0,0,0,0,0,0,0,0,0,0,0,0,0,0,0,0,-1,0,0,0,0,0,0,1,1
TL,ProShares Ultra Communication Services,Financial,Exchange Traded Fund,USA,,,23.98,-0.49%,223.0,0,0,0,0,0,0,0,0,1,1,0,0,0,0,0,0,0,0,0,0,0,0,0,0,0,0,0,0,2,0,2
TM,LATAM Airlines Group SA ADR,Industrials,Airlines,Chile,14630000000.0,9.57,50.97,-2.41%,523804.0,0,0,0,0,0,0,0,0,0,0,0,0,-1,0,0,0,0,0,0,0,0,0,0,0,0,0,0,0,0,1,1
TRX,Lantronix Inc,Technology,Communication Equipment,USA,338000000.0,,7.21,-1.64%,632381.0,0,0,0,0,0,0,0,0,0,0,0,0,-1,-1,0,0,0,0,0,0,0,0,0,0,0,1,0,0,1,2,3
U,Lufax Holding Ltd ADR,Financial,Credit Services,China,822940000.0,,0.98,-2.83%,4758669.0,0,0,0,0,0,0,0,0,0,0,0,0,-1,0,0,0,0,0,0,0,0,0,0,0,0,0,0,0,0,1,1
UCD,Lucid Diagnostics Inc,Healthcare,Medical Devices,USA,126730000.0,,0.62,3.92%,1712838.0,0,0,0,0,0,1,0,0,0,0,0,0,0,0,0,0,0,0,0,-1,0,0,0,0,0,0,0,0,1,1,2
UCY,Innovative Eyewear Inc,Healthcare,Medical Instruments & Supplies,USA,7950000.0,,0.91,-1.38%,27968.0,0,0,0,0,0,0,0,0,1,0,0,0,0,0,0,0,0,0,0,0,0,0,0,0,0,0,0,0,1,0,1
ULG,Leverage Shares 2X Long LULU Daily ETF,Financial,Exchange Traded Fund,USA,,,3.46,-3.82%,722481.0,0,0,0,0,0,0,0,0,0,0,0,0,0,0,0,0,0,0,0,-1,0,0,0,0,0,0,0,0,0,1,1
ULU,Lululemon Athletica Inc,Consumer Cyclical,Apparel Retail,Canada,10640000000.0,7.53,91.88,-1.85%,4480341.0,0,0,0,0,0,0,0,0,1,0,0,0,0,0,0,0,0,0,0,0,0,0,0,0,0,0,0,0,1,0,1
UNG,Pulmonx Corp,Healthcare,Medical Devices,USA,79030000.0,,1.84,3.37%,379732.0,0,0,0,0,0,0,0,0,0,0,0,0,0,0,0,0,0,0,0,0,0,0,0,0,0,1,0,0,1,0,1
VHI,Franklin International Low Volatility High Dividend Index ETF,Financial,Exchange Traded Fund,USA,,,41.56,-0.41%,1432872.0,0,0,0,0,0,0,0,-1,0,0,0,0,0,0,0,0,0,0,0,0,0,0,0,0,0,0,0,0,0,1,1
VLN,State Street SPDR S&P Leveraged Loan ETF,Financial,Exchange Traded Fund,USA,,,24.58,-0.08%,924.0,0,0,0,0,0,0,0,0,0,0,0,0,0,0,0,1,0,0,0,0,0,0,0,0,0,0,0,0,1,0,1
VS,Las Vegas Sands Corp,Consumer Cyclical,Resorts & Casinos,USA,23190000000.0,13.95,35.81,-1.38%,4824752.0,0,0,0,0,0,0,0,0,0,0,0,0,0,0,0,0,0,0,0,-1,0,0,0,0,0,0,0,0,0,1,1
XEO,Lexeo Therapeutics Inc,Healthcare,Biotechnology,USA,271710000.0,,3.31,0.30%,1195143.0,0,0,0,0,0,0,0,0,0,0,0,0,0,0,0,0,0,0,0,-1,0,0,0,0,0,0,0,0,0,1,1
XU,LSB Industries Inc,Basic Materials,Chemicals,USA,734370000.0,20.11,10.2,0.29%,479939.0,0,0,0,0,0,0,0,0,0,0,0,0,-1,-1,0,0,0,0,0,-1,0,0,0,0,0,0,0,0,0,3,3
YLD,Cambria Large Cap Shareholder Yield ETF,Financial,Exchange Traded Fund,USA,,,32.03,-0.61%,193.0,0,0,0,0,0,0,0,0,0,0,0,0,0,0,0,0,0,0,0,0,0,0,-1,0,0,0,0,0,0,1,1
Z,LegalZoom.com Inc,Industrials,Specialty Business Services,USA,993340000.0,61.83,5.8,0.52%,2829113.0,0,1,0,0,0,0,0,0,0,0,0,0,0,0,0,0,0,0,0,0,0,0,0,0,0,0,0,0,1,0,1
ZM,Lifezone Metals Ltd,Basic Materials,Other Industrial Metals & Mining,United Kingdom,336280000.0,,3.74,-2.60%,332857.0,0,0,0,0,0,0,0,0,1,0,0,0,0,0,0,0,0,0,0,0,0,0,0,0,0,0,0,0,1,0,1
AAS,Maase Inc,Technology,Information Technology Services,China,5400000000.0,,12.4,3.77%,111006.0,0,0,0,0,0,0,0,0,0,0,0,0,0,0,0,1,0,0,0,0,0,0,0,0,0,0,0,0,1,0,1
AGX,Roundhill Daily 2X Long Magnificent Seven ETF,Financial,Exchange Traded Fund,USA,,,64.92,-0.29%,28655.0,0,0,0,0,0,0,0,-1,0,0,0,0,0,0,0,0,0,0,0,0,0,0,0,0,0,0,0,0,0,1,1
AMB,Monarch Ambassador Income Index ETF,Financial,Exchange Traded Fund,USA,,,22.97,-0.28%,18147.0,0,0,0,0,0,0,0,0,1,0,0,0,0,0,0,0,0,0,0,0,0,0,0,0,0,0,0,0,1,0,1
ANU,Manchester United Plc,Communication Services,Entertainment,United Kingdom,3490000000.0,,20.25,-0.74%,313610.0,0,0,0,0,0,0,0,0,1,0,0,0,0,0,0,0,0,0,0,0,0,0,0,0,0,0,0,0,1,0,1
AR,Marriott International Inc,Consumer Cyclical,Lodging,USA,92960000000.0,36.95,356.5,-1.32%,1270139.0,0,0,0,0,0,0,0,0,0,0,0,0,0,0,0,0,0,0,0,0,0,0,0,0,0,0,-1,0,0,1,1
ARO,YieldMax MARA Option Income Strategy ETF,Financial,Exchange Traded Fund,USA,,,3.56,-5.32%,1132437.0,0,0,0,0,0,0,0,0,1,0,0,0,0,0,0,0,0,0,0,0,0,0,0,0,0,0,0,0,1,0,1
ARPS,Marine Petroleum Trust,Energy,Oil & Gas Midstream,USA,8560000.0,12.97,4.28,0.71%,1622.0,0,0,0,0,0,0,0,0,1,1,0,0,0,0,0,0,0,0,0,0,0,0,0,0,0,0,0,0,2,0,2
AT,Mattel Inc,Consumer Cyclical,Leisure,USA,4680000000.0,12.06,16.37,2.76%,11621990.0,0,0,0,0,0,0,0,0,0,0,0,0,0,0,0,0,0,0,0,0,0,0,0,1,0,0,0,0,1,0,1
ATX,Matson Inc,Industrials,Marine Shipping,USA,6670000000.0,14.9,222.92,-0.83%,233791.0,0,0,0,-1,0,1,0,0,0,0,0,0,-1,0,0,0,0,1,0,0,0,0,0,0,0,0,0,0,2,2,4
AYC,Corgi U.S. Equities 10% Structured Buffer ETF - May Series,Financial,Exchange Traded Fund,USA,,,26.44,-0.07%,13.0,0,0,0,0,0,0,0,0,0,0,1,0,0,0,0,0,0,0,0,0,0,0,0,0,0,0,0,0,1,0,1
AYS,J.W. Mays Inc,Real Estate,Real Estate Services,USA,80370000.0,,39.61,-0.33%,40.0,0,0,0,0,0,1,0,0,0,0,0,0,0,0,0,0,0,0,0,0,0,0,0,0,0,0,0,0,1,0,1
AYT,AllianzIM U.S. Equity Buffer10 May ETF,Financial,Exchange Traded Fund,USA,,,40.37,-0.10%,27824.0,0,0,0,0,0,0,0,-1,0,0,0,0,0,0,0,0,0,0,0,0,0,0,0,0,0,0,0,0,0,1,1
AYW,AllianzIM U.S. Equity Buffer20 May ETF,Financial,Exchange Traded Fund,USA,,,35.72,-0.06%,37533.0,0,0,0,0,0,0,0,-1,0,0,0,0,0,0,0,0,0,0,0,0,0,0,0,0,0,0,0,0,0,1,1
BAI,MBody AI Ltd,Technology,Software - Infrastructure,Canada,49090000.0,0.62,3.21,-0.93%,21199.0,0,1,0,0,0,0,0,0,1,0,0,0,0,0,0,0,0,0,0,0,0,0,0,0,0,0,0,0,2,0,2
BBC,Marathon Bancorp Inc,Financial,Banks - Regional,USA,45440000.0,23.32,15.1,1.31%,2044.0,0,0,0,0,0,0,0,0,0,0,0,0,0,0,0,1,0,0,0,0,0,0,0,0,0,0,0,0,1,0,1
BC,MasterBrand Inc,Consumer Cyclical,"Furnishings, Fixtures & Appliances",USA,1410000000.0,,6.93,-2.39%,2636391.0,0,0,0,0,0,0,0,0,0,0,0,0,0,0,0,0,0,0,0,0,0,0,0,1,0,0,0,0,1,0,1
BLY,Mobileye Global Inc,Consumer Cyclical,Auto Parts,Israel,6080000000.0,,7.15,-4.28%,4283208.0,0,0,0,-1,0,0,0,0,0,0,0,0,0,0,0,1,0,0,0,0,0,0,0,0,0,0,0,0,1,1,2
BS,Angel Oak Mortgage-Backed Securities ETF,Financial,Exchange Traded Fund,USA,,,8.16,0.00%,110053.0,0,0,0,0,0,1,0,0,0,0,0,0,0,0,0,0,0,0,0,0,0,0,0,0,0,0,0,0,1,0,1
BSF,Regan Floating Rate MBS ETF,Financial,Exchange Traded Fund,USA,,,25.42,0.04%,50950.0,0,1,0,0,0,0,0,0,0,0,0,0,0,0,0,0,0,0,0,0,0,0,0,0,0,0,0,0,1,0,1
BSX,Regan Fixed Rate MBS ETF,Financial,Exchange Traded Fund,USA,,,26.38,4.25%,1472.0,0,1,0,0,0,0,0,0,0,0,0,0,0,0,0,0,0,0,0,0,0,0,0,0,0,0,0,0,1,0,1
CBS,MetroCity Bankshares Inc,Financial,Banks - Regional,USA,994680000.0,11.98,34.56,-0.86%,103557.0,0,0,0,0,0,0,0,0,1,0,0,0,0,0,0,0,0,0,0,0,0,0,0,0,0,0,0,0,1,0,1
CD,McDonald's Corp,Consumer Cyclical,Restaurants,USA,163380000000.0,18.75,230.88,-0.68%,4664122.0,0,0,0,0,0,1,0,0,1,0,0,0,0,0,0,0,0,0,0,0,0,0,0,0,0,0,0,0,2,0,2
CH,Matthews China Active ETF,Financial,Exchange Traded Fund,USA,,,26.86,-1.17%,300.0,0,0,0,0,0,0,0,0,0,0,1,0,0,0,0,0,0,0,0,0,0,0,0,0,0,0,0,0,1,0,1
CHI,iShares MSCI China ETF,Financial,Exchange Traded Fund,USA,,,51.64,-1.11%,1917985.0,0,0,0,-1,0,0,0,0,0,0,0,0,0,0,0,1,0,0,0,0,0,0,0,0,0,0,0,0,1,1,2
CHS,Matthews China Innovators Active ETF,Financial,Exchange Traded Fund,USA,,,39.45,-0.93%,513.0,0,0,0,0,0,0,0,0,1,0,0,0,0,0,0,0,0,0,0,0,0,0,0,0,0,0,0,0,1,0,1
CN,XAI Madison Equity Premium Income Fund,Financial,Closed-End Fund - Equity,USA,110010000.0,,5.24,-0.57%,15113.0,0,0,0,0,0,0,0,0,0,0,0,0,0,0,0,0,0,0,0,-1,0,0,0,0,0,0,0,0,0,1,1
CRB,Seres Therapeutics Inc,Healthcare,Biotechnology,USA,27040000.0,,2.72,-6.21%,60381.0,0,0,0,0,0,1,0,0,1,1,0,0,0,0,0,0,0,0,0,0,0,0,0,0,0,0,0,0,3,0,3
CRI,Monarch Casino & Resort Inc,Consumer Cyclical,Resorts & Casinos,USA,2120000000.0,18.97,118.17,-0.89%,249424.0,0,0,0,0,0,0,0,0,1,0,0,0,0,0,0,0,0,0,0,0,0,0,0,0,0,0,0,0,1,0,1
CVT,Miller Convertible Total Return ETF,Financial,Exchange Traded Fund,USA,,,27.38,-1.13%,1374.0,0,0,0,0,0,0,0,0,1,0,0,0,0,0,0,0,0,0,0,0,0,0,0,0,0,0,0,0,1,0,1
D,Pediatrix Medical Group Inc,Healthcare,Medical Care Facilities,USA,2100000000.0,12.41,25.83,-0.65%,655844.0,0,0,0,0,0,1,0,0,0,0,0,0,0,0,0,0,0,0,0,0,0,0,0,0,0,0,0,0,1,0,1
DA,MDA Space Ltd,Industrials,Aerospace & Defense,Canada,4700000000.0,50.3,29.0,-4.13%,1006919.0,0,0,0,0,0,0,0,0,0,0,0,0,0,0,0,0,0,0,0,0,0,0,0,0,0,0,-1,0,0,1,1
DBH,MDB Capital Holdings LLC,Financial,Capital Markets,USA,20880000.0,,2.0,-4.33%,9838.0,0,0,0,0,0,0,0,0,1,0,0,0,0,0,0,0,0,0,0,0,0,0,0,0,0,0,0,0,1,0,1
DGL,Madrigal Pharmaceuticals Inc,Healthcare,Biotechnology,USA,11270000000.0,,487.72,-1.76%,256248.0,0,0,0,0,0,0,0,0,0,0,0,0,0,0,0,1,0,0,0,0,0,0,0,0,0,0,0,0,1,0,1
DST,Westwood Salient Enhanced Midstream Income ETF,Financial,Exchange Traded Fund,USA,,,28.14,-1.19%,124390.0,0,1,0,0,0,0,0,0,0,0,0,0,0,0,0,0,0,0,0,0,0,0,0,0,0,0,0,0,1,0,1
DWD,MediWound Ltd,Healthcare,Biotechnology,Israel,165900000.0,,12.85,-2.28%,72534.0,0,0,0,0,0,0,0,0,1,0,0,0,0,0,0,0,0,0,0,0,0,0,0,0,0,0,0,0,1,0,1
ED,Medifast Inc,Consumer Cyclical,Personal Services,USA,127910000.0,,11.44,-0.61%,84174.0,0,0,0,0,0,0,0,0,0,0,0,0,0,0,0,0,0,0,0,0,1,0,0,0,-1,0,0,0,1,1,2
EDI,Harbor Health Care ETF,Financial,Exchange Traded Fund,USA,,,32.51,0.46%,4708.0,0,0,0,0,0,0,0,-1,0,0,0,0,0,0,0,0,0,0,0,0,0,0,0,0,0,0,0,0,0,1,1
EGL,Magic Empire Global Ltd,Financial,Capital Markets,Hong Kong,51360000.0,,0.76,-2.81%,27020.0,0,0,0,0,0,0,0,0,1,0,0,0,0,0,0,0,0,0,0,0,0,0,0,0,0,0,0,0,1,0,1
EI,Methode Electronics Inc,Technology,Electronic Components,USA,538600000.0,,15.11,0.07%,1308824.0,0,1,0,0,0,0,0,0,0,0,0,0,-1,0,0,0,0,0,0,0,0,0,0,0,0,0,0,0,1,1,2
EM,Matthews Emerging Markets Equity Active ETF,Financial,Exchange Traded Fund,USA,,,43.61,-1.51%,2090.0,0,0,0,0,0,0,0,0,0,0,0,0,0,0,0,1,0,0,0,0,0,0,0,0,0,0,0,0,1,0,1
EME,Roundhill Meme Stock ETF,Financial,Exchange Traded Fund,USA,,,8.9,-2.63%,110125.0,0,0,0,0,0,0,0,0,0,0,0,0,-1,0,0,0,0,0,0,0,0,0,0,0,0,0,-1,0,0,2,2
EMS,Matthews Emerging Markets Discovery Active ETF,Financial,Exchange Traded Fund,USA,,,30.57,-1.20%,4094.0,0,0,0,0,0,0,0,0,0,0,0,0,0,0,0,1,0,0,0,0,0,0,0,0,0,0,0,0,1,0,1
ENS,Jyong Biotech Ltd,Healthcare,Biotechnology,Taiwan,152920000.0,,2.06,1.98%,26744.0,0,1,0,0,0,0,0,0,0,0,1,0,0,0,0,0,0,0,0,0,0,0,0,0,0,0,0,0,2,0,2
EOH,Methanex Corp,Basic Materials,Chemicals,Canada,4670000000.0,53.18,60.41,-0.66%,603910.0,0,0,0,0,0,0,0,0,0,0,1,0,0,0,0,0,0,0,0,0,0,0,0,0,0,0,0,0,1,0,1
ET,Metlife Inc,Financial,Insurance - Life,USA,60870000000.0,18.33,95.78,-1.42%,3175988.0,0,0,0,0,0,0,0,0,0,0,0,0,-1,0,0,0,0,0,0,0,0,0,0,0,0,0,0,0,0,1,1
ETA,Meta Platforms Inc,Communication Services,Internet Content & Information,USA,1837540000000.0,27.17,721.31,-2.38%,13231579.0,0,1,0,0,0,0,0,0,0,0,0,0,0,0,0,0,0,0,0,0,0,0,0,0,0,0,0,0,1,0,1
EVO,M Evo Global Acquisition Corp II,Financial,Shell Companies,USA,400800000.0,,10.02,0.00%,256.0,0,0,0,0,0,0,0,0,0,0,0,0,0,0,0,0,0,1,0,0,0,0,0,0,0,0,0,0,1,0,1
F,MindForge Inc,Communication Services,Advertising Agencies,China,19910000.0,,11.0,-3.51%,89916.0,0,0,0,0,0,0,0,0,1,0,0,0,0,0,0,0,0,0,0,0,0,0,0,0,0,0,0,0,1,0,1
FA,MFA Financial Inc,Real Estate,REIT - Mortgage,USA,722780000.0,7.15,7.15,-1.79%,2893687.0,0,0,0,0,0,0,0,0,1,1,0,0,0,0,0,0,0,0,0,0,0,0,0,0,0,0,0,0,2,0,2
FIG,Motley Fool Innovative Growth ETF,Financial,Exchange Traded Fund,USA,,,22.1,-0.45%,3432.0,0,0,0,0,0,0,0,-1,0,0,0,0,0,0,0,0,0,0,0,0,0,0,0,0,0,0,0,0,0,1,1
FSG,MFS Active Growth ETF,Financial,Exchange Traded Fund,USA,,,31.28,-0.41%,25465.0,0,0,0,0,0,0,0,0,0,0,1,1,0,0,0,0,0,0,0,0,0,0,0,0,0,0,0,0,2,0,2
GC,Vanguard Morningstar Mega Cap ETF,Financial,Exchange Traded Fund,USA,,,287.79,-0.14%,105755.0,0,0,0,0,0,0,0,-1,0,0,0,0,0,0,0,0,0,0,0,0,0,0,0,0,0,0,0,0,0,1,1
GIH,Millennium Group International Holdings Ltd,Consumer Cyclical,Packaging & Containers,Hong Kong,16660000.0,,1.48,1.37%,8153.0,0,0,0,0,0,0,0,0,0,0,0,0,0,0,0,1,0,0,0,0,0,0,0,0,0,0,0,0,1,0,1
GK,Vanguard Morningstar Mega Cap Growth ETF,Financial,Exchange Traded Fund,USA,,,94.92,-0.20%,1291493.0,0,0,0,0,0,0,0,0,0,0,1,0,0,0,0,0,0,0,0,0,0,0,0,0,0,0,0,0,1,0,1
GLD,Marygold Companies Inc,Financial,Asset Management,USA,86270000.0,,2.02,1.00%,19815.0,0,1,0,0,0,1,0,0,0,0,0,0,0,0,0,0,0,0,0,0,0,0,0,0,0,0,0,0,2,0,2
GNR,American Beacon GLG Natural Resources ETF,Financial,Exchange Traded Fund,USA,,,49.08,-2.31%,151932.0,0,0,0,0,0,0,0,0,0,0,0,0,0,0,0,0,0,0,0,0,0,0,-1,0,0,0,0,0,0,1,1
GNX,Macrogenics Inc,Healthcare,Biotechnology,USA,226140000.0,,3.55,-2.47%,509978.0,0,0,0,0,0,0,0,0,1,0,0,0,0,0,0,0,0,0,0,0,0,0,0,0,0,0,0,0,1,0,1
GOV,First Trust Intermediate Government Opportunities ETF,Financial,Exchange Traded Fund,USA,,,19.02,-0.16%,80397.0,0,0,0,0,0,0,0,0,1,1,0,0,0,0,0,0,0,0,0,0,0,0,0,0,0,0,0,0,2,0,2
GPI,MGP Ingredients Inc,Consumer Defensive,Beverages - Wineries & Distilleries,USA,279240000.0,,13.04,0.15%,188069.0,0,0,0,0,0,0,0,0,1,0,0,0,0,0,0,0,0,0,0,0,0,0,0,0,0,0,0,0,1,0,1
GRX,Mangoceuticals Inc,Healthcare,Health Information Services,USA,9570000.0,,0.44,-1.40%,646131.0,0,1,0,0,0,0,0,0,0,0,0,0,0,0,0,0,0,0,0,0,0,0,0,0,0,0,0,0,1,0,1
H,McGraw Hill Inc,Consumer Defensive,Education & Training Services,USA,2510000000.0,27.02,13.1,0.92%,505056.0,0,0,0,-1,0,0,0,0,0,0,0,0,0,0,0,0,0,0,0,0,0,0,0,0,0,0,0,0,0,1,1
IAX,Miami International Holdings Inc,Financial,Capital Markets,USA,2990000000.0,38.87,30.18,-1.98%,3843929.0,0,0,0,0,0,0,0,0,1,0,0,0,0,0,0,0,0,0,0,0,0,0,0,0,0,0,0,0,1,0,1
ICC,Magnum Ice Cream Company NV,Consumer Defensive,Packaged Foods,Netherlands,10380000000.0,49.9,16.96,-1.28%,797929.0,0,0,0,0,0,0,0,0,0,0,1,0,0,0,0,0,0,0,0,0,0,0,0,0,0,0,0,0,1,0,1
ID,American Century Mid Cap Growth Impact ETF,Financial,Exchange Traded Fund,USA,,,72.03,-1.07%,1668.0,0,0,0,0,0,0,0,-1,0,0,0,0,0,0,0,0,0,1,0,0,0,0,0,0,0,0,0,0,1,1,2
IMI,Mint Inc Ltd,Industrials,Engineering & Construction,Hong Kong,13030000.0,,0.88,3.74%,3014460.0,0,1,0,0,0,0,0,0,0,0,0,0,0,0,0,0,0,0,0,0,0,0,0,0,0,0,0,0,1,0,1
IND,MIND Technology Inc,Technology,Scientific & Technical Instruments,USA,39360000.0,,4.33,-5.25%,55224.0,0,0,0,0,0,0,0,0,1,0,0,0,0,0,0,0,0,0,0,0,0,0,0,0,0,0,0,0,1,0,1
INV,Matthews Asia Innovators Active ETF,Financial,Exchange Traded Fund,USA,,,48.55,-1.56%,5043.0,0,0,0,0,0,0,0,0,1,0,0,0,0,0,0,0,0,0,0,0,0,0,0,0,0,0,0,0,1,0,1
IR,Mirion Technologies Inc,Industrials,Specialty Industrial Machinery,USA,4099999999.9999995,186.51,16.45,1.11%,5766721.0,0,0,0,0,0,1,0,0,1,1,0,0,0,0,0,0,0,0,0,0,0,0,0,0,0,0,0,0,3,0,3
ITK,Mitek Systems Inc,Technology,Software - Application,USA,787840000.0,37.44,17.46,-0.06%,536491.0,0,0,0,0,0,1,0,-1,0,0,0,0,0,0,0,0,0,0,0,0,0,0,0,0,0,0,0,0,1,1,2
ITQ,Moving iMage Technologies Inc,Technology,Communication Equipment,USA,5650000.0,,0.57,-3.09%,8019.0,0,0,0,0,0,0,0,0,0,0,0,0,-1,-1,0,0,0,0,0,0,0,0,0,0,0,0,0,0,0,2,2
IY,BlackRock MuniYield Michigan Quality Fund Inc,Financial,Closed-End Fund - Debt,USA,325160000.0,,11.22,0.18%,75242.0,0,0,0,0,0,0,0,0,0,0,1,0,0,0,0,0,0,0,0,0,0,0,0,0,0,0,0,0,1,0,1
JSC,MUFG Japan Small Cap Active ETF,Financial,Exchange Traded Fund,USA,,,62.54,-0.47%,149.0,0,0,0,-1,0,0,0,-1,0,0,0,0,0,0,0,0,0,0,0,0,0,0,0,0,0,0,0,0,0,2,2
KAM,MKAM ETF,Financial,Exchange Traded Fund,USA,,,32.51,-0.12%,156.0,0,0,0,0,0,0,0,-1,0,0,0,0,0,0,0,0,0,0,0,0,0,0,0,0,0,0,0,0,0,1,1
KC,McCormick & Co Inc,Consumer Defensive,Packaged Foods,USA,12200000000.0,8.18,45.25,-0.33%,4117977.0,0,0,0,0,0,0,0,0,1,0,0,0,0,0,0,0,0,0,0,0,0,0,0,0,0,0,0,0,1,0,1
LCI,Mount Logan Capital Inc,Financial,Asset Management,USA,34680000.0,,3.1,-2.52%,25252.0,0,0,0,0,0,0,0,0,0,0,0,0,0,0,0,0,0,0,0,0,0,0,0,1,0,0,0,0,1,0,1
LDR,Global X Intermediate-Term Treasury Ladder ETF,Financial,Exchange Traded Fund,USA,,,46.62,0.03%,16.0,0,0,0,0,0,0,0,0,0,0,0,0,0,0,0,0,0,0,0,-1,0,0,0,0,0,0,0,0,0,1,1
LI,Mueller Industries Inc,Industrials,Metal Fabrication,USA,13320000000.0,15.7,60.22,-4.61%,1150865.0,0,1,0,0,0,0,0,0,0,0,1,1,0,0,0,0,0,0,0,0,0,0,0,0,0,0,0,0,3,0,3
LP,Maui Land & Pineapple Co Inc,Real Estate,Real Estate Services,USA,307820000.0,,15.5,-0.90%,39221.0,0,0,0,0,0,0,0,0,1,0,0,0,0,0,0,0,0,0,0,0,0,0,0,0,0,0,0,0,1,0,1
LPB,UBS ETRACS Alerian MLP Infrastructure Index ETN,Financial,Exchange Traded Fund,USA,,,29.46,-1.49%,740.0,0,0,0,0,0,0,0,0,0,0,0,0,0,0,0,0,0,1,0,0,0,0,0,0,0,0,0,0,1,0,1
LPD,Global X MLP & Energy Infrastructure Covered Call ETF,Financial,Exchange Traded Fund,USA,,,24.49,-1.07%,6863.0,0,1,0,-1,0,0,0,0,0,0,0,0,0,0,0,0,0,0,0,0,0,0,0,0,0,0,0,0,1,1,2
LPR,ETRACS Quarterly Pay 1.5X Leveraged Alerian MLP Index ETN,Financial,Exchange Traded Fund,USA,,,70.26,-3.64%,133.0,0,0,0,-1,0,0,0,0,0,0,0,0,0,0,0,0,0,0,0,0,0,0,0,0,0,0,0,0,0,1,1
LPX,Global X MLP & Energy Infrastructure ETF,Financial,Exchange Traded Fund,USA,,,71.5,-1.34%,202176.0,0,0,0,0,0,0,0,0,0,0,0,0,0,0,0,0,0,0,0,0,0,0,0,0,-1,0,0,0,0,1,1
LR,Miller Industries Inc,Consumer Cyclical,Auto Parts,USA,602230000.0,42.8,53.05,-1.98%,54540.0,0,0,0,0,0,1,0,0,0,0,0,0,0,0,0,0,0,0,0,0,0,0,0,0,0,0,0,0,1,0,1
LYS,Mineralys Therapeutics Inc,Healthcare,Biotechnology,USA,1950000000.0,,22.09,0.64%,989115.0,0,1,0,0,0,0,0,0,0,0,0,0,0,0,0,0,0,0,0,0,1,0,0,0,0,0,0,0,2,0,2
MA,Mixed Martial Arts Group Ltd,Consumer Cyclical,Leisure,Australia,9500000.0,,0.36,-1.27%,225769.0,0,0,0,0,0,0,0,0,1,0,0,0,0,0,0,0,0,0,0,0,0,0,0,0,0,0,0,0,1,0,1
MK,State Street Prime Money Market ETF,Financial,Exchange Traded Fund,USA,,,100.07,0.01%,3790.0,0,1,0,0,0,1,0,0,0,0,0,0,0,0,0,0,0,0,0,0,0,0,0,0,0,0,0,0,2,0,2
MLP,Martin Midstream Partners LP,Energy,Oil & Gas Midstream,USA,72770000.0,,1.86,-5.10%,146394.0,0,0,0,0,0,0,0,0,1,0,0,0,0,0,0,0,0,0,0,0,0,0,0,0,0,0,0,0,1,0,1
MS,Maximus Inc,Industrials,Specialty Business Services,USA,2910000000.0,8.22,55.65,1.77%,869534.0,0,0,0,0,0,0,0,0,0,0,0,0,-1,-1,0,0,0,0,0,0,0,0,0,0,0,1,0,0,1,2,3
MSC,First Trust Multi-Manager Small Cap Opportunities ETF,Financial,Exchange Traded Fund,USA,,,26.61,-1.57%,3130.0,0,0,0,0,0,0,0,0,0,0,0,0,-1,0,0,0,0,0,0,0,0,0,0,0,0,0,0,0,0,1,1
MT,Aberdeen Multi-Market Income Fund,Financial,Closed-End Fund - Debt,USA,491810000.0,,4.24,0.00%,278588.0,0,0,0,0,0,0,0,0,0,0,0,0,0,0,0,0,0,0,0,-1,0,0,0,0,0,0,0,0,0,1,1
MTX,Miluna Acquisition Corp,Financial,Shell Companies,Taiwan,90480000.0,3203.12,10.25,0.39%,14.0,0,0,0,0,0,0,0,-1,0,0,0,0,0,0,0,0,0,0,0,0,0,0,0,0,0,0,0,0,0,1,1
NA,NYLIM Merger Arbitrage ETF,Financial,Exchange Traded Fund,USA,,,36.65,-0.30%,60059.0,0,1,0,-1,0,0,0,-1,0,0,0,0,0,0,0,0,0,0,0,0,0,0,0,0,0,0,0,0,1,2,3
NDO,Mind C.T.I Ltd,Technology,Software - Application,Israel,19760000.0,6.08,0.97,-1.03%,21181.0,0,0,0,0,0,0,0,0,0,0,0,0,0,0,0,1,0,0,0,0,0,0,0,0,0,0,0,0,1,0,1
NDY,Monday.Com Ltd,Technology,Software - Application,Israel,3530000000.0,35.6,83.51,-0.93%,583803.0,0,0,0,0,0,0,0,-1,0,0,0,0,0,0,0,0,0,0,0,0,0,0,0,0,0,0,0,0,0,1,1
NSO,MINISO Group Holding Ltd ADR,Consumer Cyclical,Specialty Retail,China,2630000000.0,15.29,8.94,0.34%,685052.0,0,0,0,0,0,1,0,0,0,0,0,0,0,0,0,0,0,0,0,0,0,0,0,0,0,0,0,0,1,0,1
NVT,Moonvest ETF,Financial,Exchange Traded Fund,USA,,,27.57,-1.89%,13537.0,0,0,0,0,0,0,0,0,1,0,0,0,0,0,0,0,0,0,0,0,0,0,0,0,0,0,0,0,1,0,1
OB,Mobilicom Limited,Industrials,Aerospace & Defense,Israel,52890000.0,,4.11,-4.42%,73578.0,0,0,0,0,0,0,0,0,1,1,0,0,0,0,0,0,0,0,0,0,0,0,0,0,0,0,0,0,2,0,2
OBI,Mobia Medical Inc,Healthcare,Medical Devices,USA,283310000.0,,8.51,-3.30%,115072.0,0,0,0,0,0,0,0,0,1,1,0,0,0,0,0,0,0,0,0,0,0,0,0,0,0,0,0,0,2,0,2
ODL,VictoryShares WestEnd U.S. Sector ETF,Financial,Exchange Traded Fund,USA,,,53.31,-0.07%,182995.0,0,0,0,0,0,0,0,0,0,0,1,0,0,0,0,0,0,0,0,0,0,0,0,0,0,0,0,0,1,0,1
OG-A,Moog Inc,Industrials,Aerospace & Defense,USA,11410000000.0,30.65,360.39,-4.09%,350074.0,0,0,0,0,0,0,0,0,1,0,0,0,0,0,0,0,0,0,0,0,0,0,0,0,0,0,0,0,1,0,1
OGU,MOGU Inc ADR,Consumer Cyclical,Internet Retail,China,12640000.0,,1.76,-5.11%,17119.0,0,0,0,0,0,0,0,0,1,0,0,0,0,0,0,0,0,0,0,0,0,0,0,0,0,0,0,0,1,0,1
OMO,Hello Group Inc ADR,Communication Services,Internet Content & Information,China,492420000.0,4.89,4.76,-0.21%,662930.0,0,0,0,-1,0,0,0,0,0,0,0,0,0,0,0,0,0,0,0,0,0,0,0,0,0,0,0,0,0,1,1
OV,Movado Group Inc,Consumer Cyclical,Luxury Goods,USA,519549999.99999994,18.03,32.56,-0.88%,213466.0,0,0,0,0,0,0,0,0,0,0,0,0,0,0,0,0,0,0,0,0,0,0,0,0,-1,0,0,0,0,1,1
OVE,Corvex Inc,Technology,Software - Infrastructure,USA,315520000.0,,10.0,-5.57%,99669.0,0,0,0,0,0,0,0,0,1,1,0,0,-1,0,0,0,0,0,0,0,0,0,0,0,0,0,0,0,2,1,3
P,MP Materials Corp,Basic Materials,Other Industrial Metals & Mining,USA,8250000000.0,,46.31,-4.57%,5946817.0,0,0,0,0,0,0,0,0,1,0,0,0,0,0,0,0,0,0,0,0,0,0,0,0,0,0,0,0,1,0,1
PB,Mid Penn Bancorp Inc,Financial,Banks - Regional,USA,905230000.0,12.67,35.73,-1.73%,85210.0,0,1,0,0,0,0,0,0,0,0,0,0,0,0,0,0,0,0,0,0,0,0,0,0,0,0,0,0,1,0,1
PG,Leverage Shares 2X Long MP Daily ETF,Financial,Exchange Traded Fund,USA,,,3.51,-8.79%,249985.0,0,0,0,0,0,0,0,0,1,0,0,0,0,0,0,0,0,0,0,0,0,0,0,0,0,0,0,0,1,0,1
PLY,Monopoly ETF,Financial,Exchange Traded Fund,USA,,,33.92,-0.36%,2299.0,0,0,0,0,0,0,0,-1,0,0,0,0,0,0,0,0,0,0,0,0,0,0,0,0,0,0,0,0,0,1,1
PRO,Monarch ProCap Index ETF,Financial,Exchange Traded Fund,USA,,,31.65,-0.25%,13457.0,0,0,0,0,0,0,0,0,0,0,1,0,0,0,0,0,0,0,0,0,0,0,0,0,0,0,0,0,1,0,1
PV,Barings Participation Investors,Financial,Closed-End Fund - Debt,USA,173860000.0,,16.11,-1.47%,8510.0,0,0,0,0,0,0,0,0,1,0,0,0,0,0,0,0,0,0,0,0,0,0,0,0,0,0,0,0,1,0,1
PWX,Tradr 2X Long MPWR Daily ETF,Financial,Exchange Traded Fund,USA,,,16.28,-6.44%,7857.0,0,0,0,0,0,0,0,0,1,0,0,0,0,0,0,0,0,0,0,0,0,0,0,0,0,0,0,0,1,0,1
Q,Marqeta Inc,Technology,Software - Infrastructure,USA,1780000000.0,173.9,17.06,3.08%,1087146.0,0,1,0,0,0,1,0,0,0,0,0,0,0,0,0,0,0,0,0,0,0,0,0,0,0,0,0,0,2,0,2
REO,Mereo Biopharma Group Plc ADR,Healthcare,Biotechnology,United Kingdom,56310000.0,,0.35,0.77%,1139464.0,0,0,0,0,0,0,0,0,0,0,0,0,-1,0,0,0,0,0,0,0,0,0,0,0,0,0,0,0,0,1,1
RKR,Marker Therapeutics Inc,Healthcare,Biotechnology,USA,17340000.0,,1.04,2.97%,37479.0,0,0,0,0,0,0,0,0,1,0,0,0,0,0,0,0,0,0,0,0,0,0,0,0,0,0,0,0,1,0,1
RM,MEDIROM Healthcare Technologies Inc ADR,Consumer Cyclical,Personal Services,Japan,4340000.0,,0.55,-0.02%,24172.0,0,0,0,0,0,0,0,0,1,1,0,0,0,0,0,0,0,0,0,0,0,0,0,0,0,0,0,0,2,0,2
RNY,YieldMax MRNA Option Income Strategy ETF,Financial,Exchange Traded Fund,USA,,,40.2,3.90%,315706.0,0,0,0,0,0,0,0,0,0,0,0,0,0,0,0,0,0,0,0,0,0,0,-1,0,0,0,0,0,0,1,1
RSK,Toews Agility Shares Managed Risk ETF,Financial,Exchange Traded Fund,USA,,,40.04,-0.60%,23984.0,0,1,0,0,0,0,0,0,1,0,0,0,0,0,0,0,0,0,0,0,0,0,0,0,0,0,0,0,2,0,2
RT,Marti Technologies Inc,Technology,Software - Application,Turkey,166060000.0,,1.93,-1.53%,16511.0,0,0,0,0,0,0,0,0,0,0,1,0,0,0,0,0,0,0,0,0,0,0,0,0,0,0,0,0,1,0,1
SB,Mesabi Trust,Basic Materials,Steel,USA,241670000.0,37.26,18.42,-1.13%,50819.0,0,0,0,0,0,1,0,0,0,0,0,0,0,0,0,0,0,0,0,-1,0,0,0,0,0,0,0,0,1,1,2
SBI,Midland States Bancorp Inc,Financial,Banks - Regional,USA,669250000.0,20.71,32.25,-1.62%,200802.0,0,0,0,0,0,0,0,0,0,0,0,0,-1,0,0,0,0,0,0,0,0,0,0,0,0,0,0,0,0,1,1
SEX,Middlesex Water Co,Utilities,Utilities - Regulated Water,USA,1000000000.0,20.51,53.14,0.45%,138330.0,0,1,0,0,0,0,0,0,0,0,0,0,0,0,0,0,0,0,0,0,0,0,0,0,0,0,0,0,1,0,1
SFC,Corgi MSFT 2x Daily ETF,Financial,Exchange Traded Fund,USA,,,52.88,0.10%,2388.0,0,0,0,0,0,0,0,0,0,0,1,1,0,0,0,0,0,0,0,0,0,0,0,0,0,0,0,0,2,0,2
SFO,YieldMax MSFT Option Income Strategy ETF,Financial,Exchange Traded Fund,USA,,,12.61,-0.32%,28310.0,0,1,0,-1,0,0,0,0,0,0,1,0,0,0,0,0,0,0,0,0,0,0,0,0,0,0,0,0,2,1,3
SFW,Roundhill MSFT WeeklyPay ETF,Financial,Exchange Traded Fund,USA,,,33.74,0.01%,2849.0,0,0,0,-1,0,0,0,0,0,0,0,0,0,0,0,0,0,0,0,0,0,0,0,0,0,0,0,0,0,1,1
SGM,Motorsport Games Inc,Communication Services,Electronic Gaming & Multimedia,USA,24550000.0,12.42,5.35,2.88%,87779.0,0,0,0,0,0,0,0,0,0,0,0,0,0,0,0,0,0,0,0,0,1,0,0,0,0,0,0,0,1,0,1
SLE,Satellos Bioscience Inc,Healthcare,Biotechnology,Canada,161910000.0,,7.63,1.19%,47667.0,0,0,0,0,0,0,0,0,0,0,0,0,0,0,0,0,0,0,0,0,0,0,0,1,0,0,0,0,1,0,1
SM,MSC Industrial Direct Co Inc,Industrials,Industrial Distribution,USA,7280000000.0,31.55,130.38,0.05%,1366036.0,0,0,0,0,0,0,0,0,0,0,0,0,-1,0,0,0,0,0,0,0,0,0,0,0,0,0,0,0,0,1,1
SOX,AdvisorShares MSOS 2x Daily ETF,Financial,Exchange Traded Fund,USA,,,2.35,1.29%,1518255.0,0,0,0,0,0,0,0,0,0,0,1,0,0,0,0,0,0,0,0,0,0,0,0,0,0,0,0,0,1,0,1
SSM,Morgan Stanley Pathway Small-Mid Cap Equity ETF,Financial,Exchange Traded Fund,USA,,,57.13,-1.51%,15536.0,0,0,0,0,0,0,0,0,0,0,0,0,0,0,0,0,0,0,0,0,0,0,-1,0,0,0,0,0,0,1,1
STW,Roundhill MSTR WeeklyPay ETF,Financial,Exchange Traded Fund,USA,,,4.83,-8.17%,1569889.0,0,0,0,0,0,0,0,0,1,0,0,0,0,0,0,0,0,0,0,0,0,0,0,0,0,0,0,0,1,0,1
STY,YieldMax MSTR Option Income Strategy ETF,Financial,Exchange Traded Fund,USA,,,15.83,-5.61%,3851256.0,0,0,0,0,0,0,0,0,1,0,0,0,0,0,0,0,0,0,0,0,0,0,0,0,0,0,0,0,1,0,1
TD,Mettler-Toledo International Inc,Healthcare,Diagnostics & Research,USA,30730000000.0,34.51,1533.48,0.03%,227314.0,0,0,0,0,0,0,0,-1,0,0,0,0,0,0,0,0,0,0,0,0,0,0,0,0,0,0,0,0,0,1,1
TGP,WisdomTree Mortgage Plus Bond Fund,Financial,Exchange Traded Fund,USA,,,41.95,-0.10%,5203.0,0,0,0,0,0,0,0,0,0,0,0,0,0,0,0,0,0,0,0,-1,0,0,0,0,0,0,0,0,0,1,1
TN,Vail Resorts Inc,Consumer Cyclical,Resorts & Casinos,USA,5160000000.0,34.92,144.67,-0.37%,632725.0,0,0,0,0,0,0,0,0,1,0,0,0,0,0,0,0,0,0,0,0,0,0,0,0,0,0,0,0,1,0,1
TRA,Invesco International Growth Focus ETF,Financial,Exchange Traded Fund,USA,,,26.22,-1.17%,11.0,0,0,0,0,0,0,0,0,0,0,1,1,0,0,0,0,0,0,0,0,0,0,0,0,0,0,0,0,2,0,2
TSG,Leverage Shares 2X Long MTSI Daily ETF,Financial,Exchange Traded Fund,USA,,,8.63,-8.77%,72424.0,0,0,0,0,0,0,0,0,0,0,0,0,0,0,0,0,0,0,0,0,0,0,0,1,0,0,0,0,1,0,1
TSI,MACOM Technology Solutions Holdings Inc,Technology,Semiconductors,USA,25650000000.0,108.04,335.91,-4.21%,1519346.0,0,0,0,0,0,1,0,0,0,0,0,0,0,0,0,1,0,0,0,0,0,0,0,0,0,0,0,0,2,0,2
TUS,Metallus Inc,Basic Materials,Steel,USA,827740000.0,112.89,19.97,-4.54%,276883.0,0,0,0,0,0,0,0,0,0,0,1,0,0,0,0,0,0,0,0,0,0,0,0,0,0,0,0,0,1,0,1
UA,BlackRock Muniassets Fund Inc,Financial,Closed-End Fund - Debt,USA,463260000.0,,9.2,-2.23%,418950.0,0,0,0,0,0,0,0,0,1,0,0,0,0,0,0,0,0,0,0,0,0,0,0,0,0,0,0,0,1,0,1
UFG,Mitsubishi UFJ Financial Group Inc ADR,Financial,Banks - Diversified,Japan,254940000000.0,14.76,22.65,-2.37%,2804031.0,0,0,0,0,0,0,0,-1,0,0,0,0,0,0,0,0,0,0,0,0,0,0,0,0,0,0,0,0,0,1,1
UIB,Direxion MU Defined Income Boost ETF,Financial,Exchange Traded Fund,USA,,,32.98,4.02%,1018.0,0,1,0,0,0,0,0,0,0,0,0,0,0,0,0,0,0,0,0,0,0,0,0,0,0,0,0,0,1,0,1
ULL,GraniteShares 2x Long MU Daily ETF,Financial,Exchange Traded Fund,USA,,,26.43,8.10%,7490965.0,0,0,0,0,0,0,0,0,0,0,0,0,-1,0,0,0,0,0,0,0,0,0,0,0,0,0,0,0,0,1,1
USA,Murphy USA Inc,Consumer Cyclical,Specialty Retail,USA,9400000000.0,15.57,511.52,-0.29%,121873.0,0,0,0,0,0,0,0,0,0,0,0,0,-1,0,0,0,0,0,0,0,0,0,0,0,0,0,0,0,0,1,1
USQ,MUSQ Global Music Industry Index ETF,Financial,Exchange Traded Fund,USA,,,25.04,1.14%,863.0,0,0,0,0,0,0,0,0,0,0,0,0,0,0,0,1,0,0,0,0,0,0,0,0,0,0,0,0,1,0,1
UST,Columbia Multi-Sector Municipal Income ETF,Financial,Exchange Traded Fund,USA,,,19.03,-0.83%,394734.0,0,0,0,0,0,0,0,0,1,0,0,0,0,0,0,0,0,0,0,0,0,0,0,0,0,0,0,0,1,0,1
UU,Direxion Daily MU Bull 2X ETF,Financial,Exchange Traded Fund,USA,,,37.88,7.80%,38381405.0,0,0,0,0,0,0,0,0,1,0,0,0,0,0,0,0,0,0,0,0,0,0,0,0,0,0,0,0,1,0,1
VFD,Monarch Volume Factor Dividend Tree Index ETF,Financial,Exchange Traded Fund,USA,,,30.68,-0.52%,26812.0,0,0,0,0,0,0,0,0,0,0,1,1,0,0,0,0,0,0,0,0,0,0,0,0,0,0,0,0,2,0,2
VPL,Miller Value Partners Leverage ETF,Financial,Exchange Traded Fund,USA,,,45.32,-0.46%,1062.0,0,0,0,0,0,0,0,-1,0,0,0,0,0,0,0,1,0,0,0,0,0,0,0,0,0,0,0,0,1,1,2
VRL,ETRACS Monthly Pay 1.5X Leveraged Mortgage REIT ETN,Financial,Exchange Traded Fund,USA,,,9.29,-3.05%,6791.0,0,0,0,0,0,0,0,0,1,0,0,0,0,0,0,0,0,0,0,0,0,0,0,0,0,0,0,0,1,0,1
WH,SOLV Energy Inc,Utilities,Utilities - Renewable,USA,5210000000.0,,25.75,-2.90%,919904.0,0,0,0,0,0,0,0,0,0,0,0,0,-1,-1,0,0,0,0,0,0,0,0,0,0,0,1,0,0,1,2,3
WHS,Skylar Electricity Futures ETF,Financial,Exchange Traded Fund,USA,,,19.95,0.00%,8.0,0,0,0,0,0,0,0,0,0,0,0,0,0,0,0,0,0,0,0,0,0,0,0,1,0,0,0,0,1,0,1
X,MagnaChip Semiconductor Corp,Technology,Semiconductors,South Korea,118290000.0,,3.24,-5.54%,854849.0,0,0,0,0,0,1,0,0,0,0,0,0,0,0,0,0,0,0,0,0,0,0,0,0,0,0,0,0,1,0,1
XCT,MaxCyte Inc,Healthcare,Medical Devices,USA,107330000.0,,1.04,-4.59%,311945.0,0,0,0,0,0,0,0,0,0,0,0,0,0,0,0,1,0,0,0,0,0,0,0,0,0,0,0,0,1,0,1
XE,Mexico Equity And Income Fund Inc,Financial,Closed-End Fund - Foreign,USA,55750000.0,,12.67,1.08%,478.0,0,0,0,0,0,0,0,0,0,0,0,0,0,0,0,1,0,0,0,0,0,0,0,0,0,0,0,0,1,0,1
YCF,State Street My2026 Corporate Bond ETF,Financial,Exchange Traded Fund,USA,,,25.0,0.02%,6839.0,0,1,0,0,0,0,0,0,0,0,0,0,0,0,0,0,0,0,0,0,1,1,0,0,0,0,0,0,3,0,3
YGN,Myriad Genetics Inc,Healthcare,Diagnostics & Research,USA,409380000.0,,4.28,0.00%,1600180.0,0,0,0,0,0,0,0,0,1,0,0,0,0,0,0,0,0,0,0,0,0,0,0,0,0,0,0,0,1,0,1
YHD,State Street My2030 High Yield Corporate Bond ETF,Financial,Exchange Traded Fund,USA,,,24.23,-0.25%,117.0,0,1,0,0,0,0,0,0,0,0,0,0,0,0,0,0,0,0,0,0,0,0,0,0,0,0,0,0,1,0,1
YMJ,State Street My2030 Municipal Bond ETF,Financial,Exchange Traded Fund,USA,,,23.84,-0.29%,22.0,0,1,0,0,0,0,0,0,0,0,0,0,0,0,0,0,0,0,0,0,0,0,0,0,0,0,0,0,1,0,1
YND,Mynd.ai Inc ADR,Consumer Defensive,Education & Training Services,USA,14330000.0,,0.3,0.43%,83885.0,0,0,0,0,0,0,0,0,0,0,0,0,-1,-1,0,0,0,0,0,0,0,0,0,0,0,0,0,0,0,2,2
YY,ProShares Short Midcap400 -1x Shares,Financial,Exchange Traded Fund,USA,,,15.88,1.64%,1574.0,0,0,0,0,0,1,0,0,0,0,0,0,0,0,0,0,0,0,0,0,0,0,0,0,0,0,0,0,1,0,1
AAS,Naas Technology Inc ADR,Consumer Cyclical,Specialty Retail,China,72690000.0,,3.01,-2.36%,12831.0,0,0,0,0,0,0,0,0,0,0,1,0,0,0,0,0,0,0,0,0,0,0,0,0,0,0,0,0,1,0,1
ABL,N-able Inc,Technology,Information Technology Services,USA,846290000.0,,4.48,1.36%,2155849.0,0,0,0,0,0,0,0,0,0,0,0,0,-1,0,0,0,0,0,0,0,0,0,0,1,0,0,0,0,1,1,2
ACP,Impact Shares NAACP Minority Empowerment ETF,Financial,Exchange Traded Fund,USA,,,62.11,-0.34%,2238.0,0,0,0,0,0,0,0,-1,0,0,0,0,0,0,0,0,0,0,0,0,0,0,0,0,0,0,0,0,0,1,1
AGE,Niagen Bioscience Inc,Consumer Defensive,Packaged Foods,USA,215220000.0,14.45,2.72,1.12%,361105.0,0,0,0,0,0,0,0,0,1,1,0,0,0,0,0,0,0,0,0,0,0,0,0,0,0,0,0,0,2,0,2
AIL,Direxion Daily Homebuilders & Supplies Bull 3X ETF,Financial,Exchange Traded Fund,USA,,,25.83,-7.68%,4461273.0,0,0,0,0,0,0,0,0,0,0,1,0,0,0,0,0,0,0,0,0,0,0,0,0,0,0,0,0,1,0,1
AK,Northern Dynasty Minerals Ltd,Basic Materials,Other Industrial Metals & Mining,Canada,668960000.0,,1.19,-8.46%,4751381.0,0,0,0,0,0,0,0,0,0,0,0,0,-1,0,0,0,0,0,0,0,0,0,0,0,0,0,0,0,0,1,1
AMI,Jinxin Technology Holding Co ADR,Communication Services,Internet Content & Information,China,6920000.0,,2.19,-3.10%,22797.0,0,0,0,0,0,0,0,0,1,0,0,0,0,0,0,0,0,0,0,0,0,0,0,0,0,0,0,0,1,0,1
ANC,Subversive Congressional Democrats Trading ETF,Financial,Exchange Traded Fund,USA,,,53.17,-0.57%,10081.0,0,0,0,0,0,0,0,-1,0,0,0,0,0,0,0,0,0,0,0,0,0,0,0,0,0,0,0,0,0,1,1
AVI,Navient Corp,Financial,Credit Services,USA,847810000.0,,9.04,1.23%,1682015.0,0,0,0,0,0,0,0,0,0,0,0,0,0,0,0,0,0,1,0,0,0,0,0,0,0,0,0,0,1,0,1
B,NioCorp Developments Ltd,Basic Materials,Other Industrial Metals & Mining,USA,503180000.0,,3.45,-1.99%,2068113.0,0,0,0,0,0,0,0,0,1,1,0,0,0,0,0,0,0,0,0,0,0,0,0,0,0,0,0,0,2,0,2
BCR,Neuberger Core Equity ETF,Financial,Exchange Traded Fund,USA,,,34.69,-0.26%,24437.0,0,1,0,0,0,0,0,0,0,0,0,0,0,0,0,0,0,1,0,0,0,0,0,0,0,0,0,0,2,0,2
BDS,Neuberger Disrupters ETF,Financial,Exchange Traded Fund,USA,,,42.33,-0.38%,959.0,0,1,0,0,0,0,0,0,0,0,0,0,0,0,0,0,0,0,0,0,0,0,0,0,0,0,0,0,1,0,1
BET,Neuberger Energy Transition & Infrastructure ETF,Financial,Exchange Traded Fund,USA,,,40.21,-1.20%,1422.0,0,0,0,-1,0,0,0,0,0,0,0,0,0,0,0,0,0,0,0,0,0,0,0,0,0,0,0,0,0,1,1
BFR,Innovator Nasdaq-100 Managed 10 Buffer ETF,Financial,Exchange Traded Fund,USA,,,27.52,0.15%,3011.0,0,0,0,0,0,0,0,0,0,0,1,0,0,0,0,0,0,0,0,0,0,0,0,0,0,0,0,0,1,0,1
BGX,Neuberger Growth ETF,Financial,Exchange Traded Fund,USA,,,30.9,-0.33%,8.0,0,0,0,0,0,0,0,-1,0,0,1,0,0,0,0,0,0,0,0,0,0,0,0,0,0,0,0,0,1,1,2
BJP,Neuberger Japan Equity ETF,Financial,Exchange Traded Fund,USA,,,36.31,-0.99%,1971.0,0,0,0,0,0,0,0,0,1,0,0,0,0,0,0,1,0,0,0,0,0,0,0,0,0,0,0,0,2,0,2
BR,Nabors Industries Ltd,Energy,Oil & Gas Drilling,Bermuda,1220000000.0,5.96,80.09,-1.39%,245830.0,0,0,0,0,0,0,0,0,0,0,0,0,-1,-1,0,0,0,0,0,0,0,0,0,0,0,0,-1,0,0,3,3
BTX,Nanobiotix ADR,Healthcare,Biotechnology,France,1250000000.0,,24.62,-2.42%,142649.0,0,0,0,0,0,0,0,0,0,0,0,0,0,0,0,1,0,0,0,0,0,0,0,0,0,0,0,0,1,0,1
CEL,NewcelX Ltd,Healthcare,Biotechnology,Switzerland,16340000.0,,3.04,2.51%,1467.0,0,0,0,0,0,0,0,0,0,0,0,0,-1,0,0,0,0,0,0,0,0,0,0,0,0,0,0,0,0,1,1
CLH,Norwegian Cruise Line Holdings Ltd,Consumer Cyclical,Travel Services,USA,6910000000.0,9.51,15.05,-2.97%,25733567.0,0,0,0,0,0,0,0,0,1,0,0,0,0,0,0,0,0,0,0,0,0,0,0,0,0,0,0,0,1,0,1
CMI,National Cinemedia Inc,Communication Services,Advertising Agencies,USA,206950000.0,,2.2,1.85%,1184268.0,0,0,0,0,0,1,0,0,0,0,0,0,0,0,0,0,0,0,0,0,0,0,0,0,0,0,0,0,1,0,1
CNA,NuCana plc ADR,Healthcare,Biotechnology,United Kingdom,4910000.0,,1.14,4.59%,51157.0,0,0,0,0,0,0,0,0,0,0,0,0,-1,0,0,0,0,0,0,0,0,0,0,0,0,0,0,0,0,1,1
CT,Intercont (Cayman) Ltd,Industrials,Marine Shipping,Hong Kong,1860000.0,,1.52,1.33%,1127950.0,0,0,0,0,0,0,0,0,0,0,1,0,0,0,0,0,0,0,0,0,0,0,0,0,0,0,0,0,1,0,1
CV,Virtus Convertible & Income Fund,Financial,Closed-End Fund - Debt,USA,344780000.0,,15.26,-0.33%,100956.0,0,0,0,0,0,0,0,0,0,0,0,0,0,0,0,0,0,0,0,0,0,0,0,0,-1,0,0,0,0,1,1
CZ,Virtus Convertible & Income Fund II,Financial,Closed-End Fund - Debt,USA,266790000.00000003,,14.02,-0.14%,96540.0,0,0,0,0,0,0,0,0,1,0,0,0,0,0,0,0,0,0,0,0,0,0,0,0,0,0,0,0,1,0,1
DIA,Global X India Active ETF,Financial,Exchange Traded Fund,USA,,,25.57,-1.56%,3888.0,0,0,0,0,0,0,0,0,0,0,0,0,0,0,0,1,0,0,0,0,0,0,0,0,0,0,0,0,1,0,1
DIV,Amplify Energy & Natural Resources Covered Call ETF,Financial,Exchange Traded Fund,USA,,,33.3,-1.26%,12900.0,0,1,0,0,0,0,0,0,0,0,0,0,0,0,0,0,0,0,0,0,0,0,0,0,0,0,0,0,1,0,1
DOW,Anydrus Advantage ETF,Financial,Exchange Traded Fund,USA,,,28.89,-0.29%,2329.0,0,0,0,0,0,0,0,0,1,0,0,0,0,0,0,0,0,0,0,0,0,0,0,0,0,0,0,0,1,0,1
DSN,Nordson Corp,Industrials,Specialty Industrial Machinery,USA,18250000000.0,33.16,327.69,-1.95%,499949.0,0,1,0,0,0,1,0,0,0,0,0,0,0,0,0,0,0,0,0,0,0,0,0,0,0,0,0,0,2,0,2
EGG,Newegg Commerce Inc,Consumer Cyclical,Internet Retail,USA,251900000.0,,12.01,0.84%,27710.0,0,0,0,0,0,0,0,0,0,0,0,0,0,0,0,0,0,0,0,-1,0,0,0,0,0,0,0,0,0,1,1
EN,New England Realty Associates LP,Real Estate,Real Estate Services,USA,138300000.0,,49.75,0.00%,44.0,0,0,0,-1,0,0,0,0,1,1,0,0,0,0,0,0,0,0,0,0,0,0,0,0,0,0,0,0,2,1,3
EOV,NeoVolta Inc,Industrials,Electrical Equipment & Parts,USA,164650000.0,,2.79,-2.11%,1044628.0,0,0,0,0,0,1,0,0,0,0,0,0,0,0,0,0,0,0,0,0,0,0,0,0,0,0,0,0,1,0,1
ET,Cloudflare Inc,Technology,Software - Infrastructure,USA,122120000000.0,,342.97,-3.39%,2326935.0,0,0,0,-1,0,1,0,0,0,0,0,0,0,0,0,0,0,1,0,0,0,0,0,0,0,0,0,0,2,1,3
ETG,Leverage Shares 2X Long NET Daily ETF,Financial,Exchange Traded Fund,USA,,,23.23,-7.28%,85860.0,0,0,0,-1,0,0,0,0,0,0,0,0,0,0,0,0,0,0,0,0,0,0,0,0,0,0,0,0,0,1,1
EUP,Neuphoria Therapeutics Inc,Healthcare,Biotechnology,USA,18500000.0,,3.42,-0.87%,4480.0,0,0,0,0,0,0,0,0,1,0,0,0,0,0,0,0,0,0,0,0,0,0,0,0,0,0,0,0,1,0,1
EXA,Nexa Resources SA,Basic Materials,Other Industrial Metals & Mining,Luxembourg,1670000000.0,6.01,12.6,1.20%,684017.0,0,0,0,0,0,0,0,0,0,0,1,0,0,0,0,0,0,0,0,0,0,0,0,0,0,0,0,0,1,0,1
EXT,NextDecade Corp,Energy,Oil & Gas Equipment & Services,USA,1770000000.0,,6.66,-2.49%,2896802.0,0,0,0,0,0,0,0,0,1,0,0,0,0,0,0,0,0,0,0,0,0,0,0,0,0,0,0,0,1,0,1
FEB,Innovator Growth-100 Power Buffer ETF - February,Financial,Exchange Traded Fund,USA,,,31.48,0.12%,7204.0,0,0,0,0,0,0,0,-1,0,0,0,0,0,0,0,0,0,0,0,0,0,0,0,0,0,0,0,0,0,1,1
FG,National Fuel Gas Co,Energy,Oil & Gas Integrated,USA,7380000000.0,10.81,77.68,-0.86%,804074.0,0,0,0,0,0,0,0,0,0,0,0,0,-1,0,0,0,0,0,0,0,1,0,0,1,0,0,0,0,2,1,3
FLP,Kurv Yield Premium Strategy Netflix (NFLX) ETF,Financial,Exchange Traded Fund,USA,,,16.11,1.54%,3570.0,0,0,0,0,0,0,0,0,1,0,0,0,0,0,0,0,0,0,0,0,0,0,0,0,0,0,0,0,1,0,1
FLU,T-Rex 2X Long NFLX Daily Target ETF,Financial,Exchange Traded Fund,USA,,,14.6,2.89%,181822.0,0,0,0,0,0,0,0,0,1,0,0,0,0,0,0,0,0,0,0,0,0,0,0,0,0,0,0,0,1,0,1
FLW,Roundhill NFLX WeeklyPay ETF,Financial,Exchange Traded Fund,USA,,,14.17,1.72%,19953.0,0,0,0,0,0,0,0,0,1,0,0,0,0,0,0,0,0,0,0,0,0,0,0,0,0,0,0,0,1,0,1
FLX,Netflix Inc,Communication Services,Entertainment,USA,290230000000.0,21.96,69.7,1.47%,30206244.0,0,0,0,0,0,0,0,0,1,0,0,0,0,0,0,0,0,0,0,0,0,0,0,0,0,0,0,0,1,0,1
FLY,YieldMax NFLX Option Income Strategy ETF,Financial,Exchange Traded Fund,USA,,,6.75,0.90%,34584.0,0,0,0,0,0,0,0,0,1,0,0,0,0,0,0,0,0,0,0,0,0,0,0,0,0,0,0,0,1,0,1
FXL,Direxion Daily NFLX Bull 2X ETF,Financial,Exchange Traded Fund,USA,,,13.82,2.75%,2259067.0,0,0,0,0,0,0,0,0,1,0,0,0,0,0,0,0,0,0,0,0,0,0,0,0,0,0,0,0,1,0,1
GG,National Grid Plc ADR,Utilities,Utilities - Regulated Electric,United Kingdom,76520000000.0,17.44,76.11,-0.96%,947158.0,0,0,0,-1,0,0,0,0,1,1,0,0,0,0,0,0,0,0,0,0,0,0,0,0,0,0,0,0,2,1,3
GS,Natural Gas Services Group Inc,Energy,Oil & Gas Equipment & Services,USA,428740000.0,20.68,33.24,-2.41%,73546.0,0,0,0,0,0,1,0,0,1,1,0,0,0,0,0,0,0,0,0,0,0,0,0,0,0,0,0,0,3,0,3
GVC,Natural Grocers by Vitamin Cottage Inc,Consumer Defensive,Grocery Stores,USA,692300000.0,14.66,30.04,0.67%,67681.0,0,0,0,0,0,1,0,0,0,0,0,0,0,0,0,0,0,0,0,0,0,0,0,0,0,0,0,0,1,0,1
GVT,Ingevity Corp,Basic Materials,Specialty Chemicals,USA,2440000000.0,47.03,70.92,-2.58%,330958.0,0,0,0,0,0,0,0,0,0,0,1,1,0,0,0,0,0,0,0,0,0,0,-1,0,0,0,0,0,2,1,3
HC,National Healthcare Corp,Healthcare,Medical Care Facilities,USA,3460000000.0,24.86,221.19,-3.10%,100952.0,0,0,0,0,0,0,0,0,0,0,0,0,0,0,0,0,0,1,0,0,0,0,0,0,0,0,0,0,1,0,1
HP,National Healthcare Properties Inc,Real Estate,REIT - Healthcare Facilities,USA,367180000.0,,15.39,-1.72%,429650.0,0,0,0,0,0,0,0,0,1,0,0,0,0,0,0,0,0,0,0,0,0,0,0,0,0,0,0,0,1,0,1
HS,Neuberger High Yield Strategies Fund Inc,Financial,Closed-End Fund - Debt,USA,225600000.0,,5.39,-0.83%,512517.0,0,0,0,0,0,0,0,0,0,0,0,0,0,0,0,0,0,0,0,-1,0,0,0,0,0,0,0,0,0,1,1
ICM,Nicola Mining Inc ADR,Basic Materials,Other Industrial Metals & Mining,Canada,104260000.0,,5.45,2.63%,2846.0,0,0,0,0,0,0,0,0,1,0,0,0,0,0,0,0,0,0,0,0,0,0,0,0,0,0,0,0,1,0,1
IE,Virtus Equity & Convertible Income Fund,Financial,Closed-End Fund - Equity,USA,706020000.0,,25.48,0.79%,122499.0,0,0,0,0,0,0,0,0,0,0,0,0,0,0,0,0,0,0,0,0,0,0,0,0,-1,0,0,0,0,1,1
IHI,NEOS MSCI EAFE High Income ETF,Financial,Exchange Traded Fund,USA,,,50.69,-0.78%,63137.0,0,0,0,0,0,0,0,0,0,0,1,0,0,0,0,0,0,0,0,0,0,0,0,0,0,0,0,0,1,0,1
IKI,Niki BioSolutions Inc,Healthcare,Biotechnology,USA,14500000.0,,4.65,-6.24%,4665.0,0,0,0,0,0,0,0,0,0,0,0,0,-1,0,0,0,0,0,0,0,0,0,0,0,0,0,0,0,0,1,1
ISM,NYLIM International Small-Mid Cap Equity ETF,Financial,Exchange Traded Fund,USA,,,24.9,-1.21%,6.0,0,0,0,0,0,0,0,0,0,0,0,0,-1,0,0,0,0,0,0,0,1,0,0,0,0,0,0,0,1,1,2
ITE,The Nightview Fund NITE,Financial,Exchange Traded Fund,USA,,,39.38,-0.71%,927.0,0,0,0,0,0,0,0,0,0,0,1,0,0,0,0,0,0,0,0,0,0,0,-1,0,0,0,0,0,1,1,2
IU,Niu Technologies ADR,Consumer Cyclical,Auto Manufacturers,China,133160000.0,,1.88,-2.08%,61185.0,0,0,0,0,0,0,0,0,1,0,0,0,0,0,0,0,0,0,0,0,0,0,0,0,0,0,0,0,1,0,1
JNK,Columbia U.S. High Yield ETF,Financial,Exchange Traded Fund,USA,,,19.38,0.03%,2234.0,0,0,0,-1,0,0,0,0,0,0,0,0,0,0,0,0,0,0,0,0,0,0,0,0,0,0,0,0,0,1,1
KTR,Nektar Therapeutics,Healthcare,Biotechnology,USA,1370000000.0,,40.26,0.88%,1510549.0,0,0,0,0,0,0,0,0,0,0,0,0,-1,0,0,0,0,0,0,0,0,0,0,0,0,0,0,0,0,1,1
KTX,Nkarta Inc,Healthcare,Biotechnology,USA,162590000.0,,2.27,-1.73%,566520.0,0,0,0,0,0,1,0,0,0,0,0,0,0,0,0,0,0,0,0,0,0,0,0,0,0,0,0,0,1,0,1
MBL,NovaTide Flexible Allocation ETF,Financial,Exchange Traded Fund,USA,,,21.07,-0.89%,699.0,0,0,0,0,0,0,0,0,0,0,1,1,0,0,0,0,0,0,0,0,0,0,0,0,-1,0,0,0,2,1,3
ML,Neuberger Energy Infrastructure and Income Fund Inc,Financial,Closed-End Fund - Equity,USA,571120000.0,,10.08,-2.42%,73567.0,0,0,0,-1,0,0,0,0,0,0,0,0,0,0,0,0,0,0,0,0,0,0,0,0,0,0,0,0,0,1,1
MRK,Newmark Group Inc,Real Estate,Real Estate Services,USA,2210000000.0,15.17,12.19,-3.14%,1653420.0,0,0,0,0,0,0,0,0,0,0,0,0,0,0,0,1,0,0,0,0,0,0,0,0,0,0,0,0,1,0,1
MTC,NeuroOne Medical Technologies Corp,Healthcare,Medical Devices,USA,10110000.0,,1.11,-1.77%,116061.0,0,0,0,0,0,0,0,0,1,0,0,0,0,0,0,0,0,0,0,0,0,0,0,0,0,0,0,0,1,0,1
NBR,NN Inc,Industrials,Conglomerates,USA,331970000.0,,4.02,-0.50%,1786965.0,0,0,0,0,0,0,0,0,0,0,1,0,0,0,0,0,0,0,0,0,0,0,-1,0,0,0,0,0,1,1,2
NE,Nano Nuclear Energy Inc,Industrials,Specialty Industrial Machinery,USA,859700000.0,,16.01,-2.91%,1787238.0,0,0,0,0,0,0,0,0,1,0,0,0,0,0,0,0,0,0,0,0,0,0,0,0,0,0,0,0,1,0,1
NOX,Nano X Imaging Ltd,Healthcare,Medical Devices,Israel,46760000.0,,0.6,-3.31%,674009.0,0,0,0,0,0,0,0,0,1,0,0,0,0,0,0,0,0,0,0,0,0,0,0,0,0,0,0,0,1,0,1
OAH,Noah Holdings Ltd ADR,Financial,Asset Management,China,520150000.0,6.37,7.73,-0.39%,79442.0,0,0,0,0,0,0,0,0,1,0,0,0,0,0,0,0,0,0,0,0,0,0,0,0,0,0,0,0,1,0,1
ODK,NI Holdings Inc,Financial,Insurance - Property & Casualty,USA,300770000.0,39.67,14.74,-0.20%,28982.0,0,0,0,0,0,0,0,0,1,0,0,0,0,0,0,0,0,0,0,0,0,0,0,0,0,0,0,0,1,0,1
OEQ,Northern Trust US Equity ETF,Financial,Exchange Traded Fund,USA,,,29.95,-0.08%,6.0,0,0,0,0,0,0,0,0,0,0,1,0,0,0,0,0,0,0,0,0,0,0,0,0,-1,0,0,0,1,1,2
OMA,Nomadar Corp,Consumer Cyclical,Leisure,USA,30940000.0,,1.74,7.41%,32300.0,0,1,0,0,0,0,0,0,0,0,0,0,0,0,0,0,0,0,0,0,0,0,0,0,0,0,0,0,1,0,1
OV,NOV Inc,Energy,Oil & Gas Equipment & Services,USA,6640000000.0,71.48,18.62,-2.00%,4238985.0,0,0,0,-1,0,0,0,-1,0,0,0,0,0,0,0,0,0,0,0,0,0,0,0,0,0,0,0,0,0,2,2
OVP,PGIM S&P 500 Buffer 12 ETF - November,Financial,Exchange Traded Fund,USA,,,33.96,0.07%,3862.0,0,0,0,0,0,0,0,-1,0,0,0,0,0,0,0,0,0,0,0,0,0,0,0,0,0,0,0,0,0,1,1
OVT,Novanta Inc,Technology,Scientific & Technical Instruments,USA,5430000000.0,91.81,143.64,-3.66%,263592.0,0,0,0,0,0,0,0,0,0,0,0,0,0,0,0,0,0,0,0,0,0,0,-1,0,0,0,0,0,0,1,1
OWL,GraniteShares 2x Long NOW Daily ETF,Financial,Exchange Traded Fund,USA,,,7.43,-0.27%,3127473.0,0,0,0,0,0,0,0,0,0,0,1,0,0,0,0,0,0,0,0,0,1,0,0,0,0,1,0,0,3,0,3
P,Neptune Insurance Holdings Inc,Financial,Insurance Brokers,USA,3820000000.0,121.45,27.86,2.46%,404059.0,0,0,0,0,0,0,0,0,0,0,0,0,0,0,0,0,0,0,0,0,0,0,0,0,-1,0,0,0,0,1,1
PCE,NeuroPace Inc,Healthcare,Medical Devices,USA,437980000.0,,12.76,0.71%,127176.0,0,0,0,0,0,0,0,0,0,0,0,0,-1,0,0,0,0,0,0,0,0,0,0,0,0,0,0,0,0,1,1
PFE,NPF Core Equity ETF,Financial,Exchange Traded Fund,USA,,,28.45,-0.36%,1668.0,0,0,0,0,0,0,0,0,0,0,0,0,0,0,0,0,0,1,0,0,0,0,-1,0,0,0,0,0,1,1,2
PK,National Presto Industries Inc,Industrials,Aerospace & Defense,USA,1050000000.0,24.66,147.68,-0.86%,86016.0,0,1,0,0,0,0,0,0,0,0,0,0,0,0,0,0,0,0,0,0,0,0,0,0,0,0,0,0,1,0,1
PO,Enpro Inc,Industrials,Specialty Industrial Machinery,USA,6720000000.0,154.95,317.68,-4.33%,167353.0,0,0,0,0,0,0,0,0,1,1,0,0,0,0,0,0,0,0,0,0,0,0,0,0,0,0,0,0,2,0,2
PWR,NET Power Inc,Industrials,Specialty Industrial Machinery,USA,276570000.0,,1.23,-6.11%,596238.0,0,0,0,0,0,0,0,0,1,0,0,0,0,0,0,0,0,0,0,0,0,0,0,0,0,0,0,0,1,0,1
QLT,Neuberger Quality Select ETF,Financial,Exchange Traded Fund,USA,,,25.57,-0.06%,186.0,0,0,0,0,0,0,0,0,0,0,0,0,0,0,0,1,0,0,0,0,0,0,0,0,0,0,0,0,1,0,1
RC,NRC Health,Healthcare,Health Information Services,USA,446590000.0,81.28,20.19,0.55%,68575.0,0,1,0,-1,0,0,0,0,0,0,1,0,0,0,0,0,0,0,0,0,0,0,0,0,0,0,0,0,2,1,3
RDY,Nerdy Inc,Technology,Software - Application,USA,88140000.0,,6.9,2.22%,23547.0,0,1,0,0,0,0,0,0,0,0,0,0,0,0,0,0,0,0,0,0,0,0,0,0,0,0,0,0,1,0,1
RG,NRG Energy Inc,Utilities,Utilities - Independent Power Producers,USA,22830000000.0,28.73,108.61,4.84%,5387236.0,0,1,0,0,0,0,0,0,1,1,0,0,0,0,0,0,0,0,0,0,0,0,0,0,0,0,0,0,3,0,3
RGV,Energy Vault Holdings Inc,Utilities,Utilities - Renewable,USA,665540000.0,,3.66,-5.67%,3896499.0,0,0,0,0,0,0,0,0,1,0,0,0,0,0,0,0,0,0,0,0,0,0,0,0,0,0,0,0,1,0,1
RSH,Aztlan North America Nearshoring Stock Selection ETF,Financial,Exchange Traded Fund,USA,,,31.29,-2.23%,81.0,0,0,0,0,0,0,0,0,0,0,0,0,-1,-1,0,0,0,0,0,0,0,0,0,0,0,0,0,0,0,2,2
RSN,NeuroSense Therapeutics Ltd,Healthcare,Biotechnology,Israel,7250000.0,,3.82,-6.14%,12891.0,0,0,0,0,0,1,0,0,1,0,0,0,0,0,0,0,0,0,0,0,0,0,0,0,0,0,0,0,2,0,2
RXP,NRX Pharmaceuticals Inc,Healthcare,Biotechnology,USA,125560000.0,,2.9,-1.36%,405069.0,0,0,0,0,0,0,0,0,1,0,0,0,0,0,0,0,0,0,0,0,0,0,0,0,0,0,0,0,1,0,1
SCI,Nuveen Securitized Income ETF,Financial,Exchange Traded Fund,USA,,,24.86,0.04%,53921.0,0,1,0,0,0,0,0,0,0,0,0,0,0,0,0,0,0,0,0,0,0,0,0,0,0,0,0,0,1,0,1
SRX,Nasus Pharma Ltd,Healthcare,Drug Manufacturers - General,Israel,44210000.0,,3.78,-1.69%,9582.0,0,0,0,0,0,0,0,0,0,0,1,0,0,0,0,0,0,0,0,0,0,0,0,0,0,0,0,0,1,0,1
TB,Bank of N T Butterfield & Son Ltd,Financial,Banks - Diversified,Bermuda,2260000000.0,10.11,57.42,-2.36%,160161.0,0,0,0,0,0,0,0,0,1,0,0,0,0,0,0,0,0,0,0,0,0,0,0,0,0,0,0,0,1,0,1
TCL,NetClass Technology Inc,Technology,Software - Application,Singapore,4179999.9999999995,,1.97,0.42%,9831.0,0,1,0,0,0,0,0,0,0,0,0,0,0,0,0,0,0,0,0,0,0,0,0,0,0,0,0,0,1,0,1
TCT,Netscout Systems Inc,Technology,Software - Infrastructure,USA,2910000000.0,24.44,40.07,-2.24%,734956.0,0,0,0,0,0,0,0,0,1,0,0,0,0,0,0,0,0,0,0,0,0,0,0,0,0,0,0,0,1,0,1
TGR,Netgear Inc,Technology,Communication Equipment,USA,627830000.0,,23.1,0.26%,312349.0,0,0,0,0,0,0,0,0,1,0,0,0,0,0,0,0,0,0,0,0,0,0,0,0,0,0,0,0,1,0,1
THI,NeOnc Technologies Holdings Inc,Healthcare,Biotechnology,USA,78060000.0,,2.71,-9.36%,228755.0,0,0,0,0,0,0,0,0,1,0,0,0,0,0,0,0,0,0,0,0,0,0,0,0,0,0,0,0,1,0,1
TIP,Network-1 Technologies Inc,Industrials,Specialty Business Services,USA,35900000.0,,1.57,-3.68%,10104.0,0,0,0,0,0,1,0,0,0,0,0,0,0,0,0,1,0,0,0,0,0,0,0,0,0,0,0,0,2,0,2
TLA,Intellia Therapeutics Inc,Healthcare,Biotechnology,USA,1640000000.0,,11.71,-5.34%,8298219.0,0,1,0,0,0,0,0,0,0,0,0,0,0,0,0,0,0,0,0,0,0,0,0,0,0,0,0,0,1,0,1
TR,Nutrien Ltd,Basic Materials,Agricultural Inputs,Canada,33320000000.0,14.17,69.97,-1.73%,1226746.0,0,0,0,0,0,0,0,0,0,0,0,0,-1,0,0,0,0,0,0,0,0,0,0,0,0,0,0,0,0,1,1
TRS,Northern Trust Corp,Financial,Asset Management,USA,30770000000.0,14.44,168.18,-0.76%,1083513.0,0,0,0,0,0,0,0,0,0,0,0,0,0,0,0,0,0,0,0,0,0,0,0,0,-1,0,0,0,0,1,1
TSD,WisdomTree Efficient U.S. Plus International Equity Fund,Financial,Exchange Traded Fund,USA,,,47.43,-1.09%,7174.0,0,1,0,0,0,0,0,0,0,0,0,0,0,0,0,0,0,1,0,0,0,0,0,0,0,0,0,0,2,0,2
UAI,New Era Energy & Digital Inc,Technology,Software - Infrastructure,USA,589280000.0,,5.53,-5.63%,6781132.0,0,0,0,0,0,0,0,0,0,0,1,0,0,0,0,0,0,0,0,0,0,0,0,0,0,0,0,0,1,0,1
UE,Nucor Corp,Basic Materials,Steel,USA,55910000000.0,19.66,246.44,-1.84%,1062981.0,0,0,0,0,0,0,0,0,1,0,1,0,0,0,0,0,0,0,0,0,0,0,0,0,-1,0,0,0,2,1,3
UEM,Nuveen ESG Emerging Markets Equity ETF,Financial,Exchange Traded Fund,USA,,,42.74,-1.71%,15376.0,0,0,0,0,0,0,0,0,0,0,1,0,0,0,0,0,0,0,0,0,0,0,0,0,-1,0,0,0,1,1,2
UG,Leverage Shares 2X Long NU Daily ETF,Financial,Exchange Traded Fund,USA,,,10.91,-1.54%,4736.0,0,0,0,0,0,0,0,0,0,0,0,0,-1,0,0,0,0,0,0,0,0,0,0,0,0,1,0,0,1,1,2
UGO,Nuveen Growth Opportunities ETF,Financial,Exchange Traded Fund,USA,,,45.38,-0.20%,7128.0,0,0,0,0,0,0,0,0,0,0,1,1,0,0,0,0,0,0,0,0,0,0,0,0,0,0,0,0,2,0,2
UHY,Nuveen ESG High Yield Corporate Bond ETF,Financial,Exchange Traded Fund,USA,,,20.43,-0.22%,38455.0,0,0,0,-1,0,0,0,0,0,0,0,0,0,0,0,0,0,0,0,0,0,0,0,0,0,0,0,0,0,1,1
UKX,Nicholas Nuclear Income ETF,Financial,Exchange Traded Fund,USA,,,32.71,-2.89%,4172.0,0,0,0,0,0,0,0,0,1,0,0,0,0,0,0,0,0,0,0,0,0,0,0,0,0,0,0,0,1,0,1
UKZ,Range Nuclear Renaissance Index ETF,Financial,Exchange Traded Fund,USA,,,61.78,-2.54%,119190.0,0,0,0,0,0,0,0,0,1,0,0,0,0,0,0,0,0,0,0,0,0,0,0,0,0,0,0,0,1,0,1
USB,Nuveen Ultra Short Income ETF,Financial,Exchange Traded Fund,USA,,,25.16,0.04%,2582.0,0,0,0,-1,0,0,0,0,0,0,0,0,0,0,0,0,0,0,0,0,0,0,0,0,0,0,0,0,0,1,1
VBT,AllianzIM U.S. Equity Buffer10 Nov ETF,Financial,Exchange Traded Fund,USA,,,41.3,-0.16%,204.0,0,0,0,0,0,0,0,-1,0,0,0,0,0,0,0,0,0,0,0,0,0,0,0,0,0,0,0,0,0,1,1
VBW,AllianzIM U.S. Equity Buffer20 Nov ETF,Financial,Exchange Traded Fund,USA,,,36.81,-0.05%,1064.0,0,0,0,0,0,0,0,-1,0,0,0,0,0,0,0,0,0,1,0,0,0,0,0,0,0,0,0,0,1,1,2
VC,Corgi NVDA 2x Daily ETF,Financial,Exchange Traded Fund,USA,,,34.51,-1.30%,2175.0,0,0,0,0,0,0,0,0,0,0,0,0,-1,0,0,0,0,0,0,0,1,0,0,0,0,0,0,0,1,1,2
VD,GraniteShares 2x Short NVDA Daily ETF,Financial,Exchange Traded Fund,USA,,,3.35,1.52%,54020632.0,0,0,0,0,0,0,0,0,1,0,0,0,0,0,0,0,0,0,0,0,0,0,0,0,0,0,0,0,1,0,1
VDA,NVIDIA Corp,Technology,Semiconductors,USA,5723030000000.0,30.02,237.47,-0.74%,81772404.0,0,0,0,0,0,0,0,0,0,0,1,0,0,0,0,0,0,0,0,0,0,0,0,0,0,0,0,0,1,0,1
VDD,Direxion Daily NVDA Bear 1X ETF,Financial,Exchange Traded Fund,USA,,,27.71,0.84%,117132.0,0,0,0,0,0,0,0,0,0,0,0,0,0,0,0,0,0,0,0,0,1,0,0,0,0,0,0,0,1,0,1
VDQ,T-Rex 2X Inverse NVIDIA Daily Target ETF,Financial,Exchange Traded Fund,USA,,,7.52,1.21%,6460538.0,0,0,0,0,0,0,0,0,1,0,0,0,0,0,0,0,0,0,0,0,0,0,0,0,0,0,0,0,1,0,1
VDY,YieldMax NVDA Option Income Strategy ETF,Financial,Exchange Traded Fund,USA,,,13.01,-0.31%,1129259.0,0,0,0,0,0,0,0,0,1,0,0,0,0,0,0,0,0,0,0,0,0,0,0,0,0,0,0,0,1,0,1
VIR,Horizon Kinetics Energy and Remediation ETF,Financial,Exchange Traded Fund,USA,,,38.62,-1.31%,256.0,0,1,0,-1,0,0,0,0,0,0,0,0,0,0,0,0,0,0,0,0,1,0,0,0,0,0,0,0,2,1,3
VRI,Enviri Corp,Industrials,Waste Management,USA,554220000.0,,19.66,-1.40%,216936.0,0,0,0,0,0,0,0,0,1,0,0,0,0,0,0,0,0,0,0,0,0,0,0,0,0,0,0,0,1,0,1
VS,Novartis AG ADR,Healthcare,Drug Manufacturers - General,Switzerland,262279999999.99997,21.61,143.28,1.77%,1852257.0,0,0,0,0,0,1,0,0,0,0,0,0,0,0,0,0,0,0,0,0,0,0,0,0,0,0,0,0,1,0,1
WE,NorthWestern Energy Group Inc,Utilities,Utilities - Regulated Electric,USA,4550000000.0,26.61,73.97,7.33%,1793447.0,0,0,0,0,0,0,0,0,0,0,1,1,0,0,0,0,0,0,0,0,0,0,0,0,0,0,0,0,2,0,2
WG,NatWest Group Plc ADR,Financial,Banks - Regional,United Kingdom,68340000000.0,8.62,17.25,-2.38%,7097016.0,0,0,0,0,0,0,0,0,0,0,1,0,0,0,0,0,0,0,0,0,0,0,0,0,0,0,0,0,1,0,1
WN,Northwest Natural Holding Co,Utilities,Utilities - Regulated Gas,USA,2009999999.9999998,15.88,47.78,0.67%,241958.0,0,0,0,0,0,0,0,0,1,1,0,0,0,0,0,0,0,0,0,0,0,0,0,0,0,0,0,0,2,0,2
X,Quanex Building Products Corp,Industrials,Building Products & Equipment,USA,842740000.0,18.51,18.39,-2.44%,295312.0,0,0,0,0,0,0,0,0,0,0,0,0,0,0,0,0,0,0,0,0,0,0,0,0,0,0,0,1,1,0,1
XB,NextBoat Inc,Consumer Cyclical,Auto & Truck Dealerships,USA,51040000.0,,2.03,2.53%,13212.0,0,0,0,0,0,0,0,0,0,0,0,0,-1,0,0,0,0,0,0,0,0,0,0,0,0,0,0,0,0,1,1
XG,NXG NextGen Infrastructure Income Fund,Financial,Closed-End Fund - Equity,USA,415730000.0,,56.7,-2.22%,36690.0,0,0,0,0,0,0,0,0,0,0,0,0,-1,0,0,0,0,0,0,0,0,0,0,0,0,0,0,0,0,1,1
XGL,Nexgel Inc,Healthcare,Medical Instruments & Supplies,USA,2180000.0,,0.18,2.49%,637479.0,0,0,0,0,0,0,0,0,0,0,0,0,0,0,0,0,0,0,0,-1,0,0,0,0,0,0,0,0,0,1,1
XL,Nexalin Technology Inc,Healthcare,Medical Devices,USA,3580000.0,,4.32,-4.00%,94394.0,0,0,0,0,0,0,0,0,1,0,0,0,0,0,0,0,0,0,0,0,0,0,0,0,0,0,0,0,1,0,1
XP,Nuveen Select Tax-Free Income Portfolio,Financial,Closed-End Fund - Debt,USA,827400000.0,,13.13,-0.68%,330523.0,0,0,0,0,0,0,0,0,0,0,0,0,0,0,0,0,0,0,0,0,0,0,0,0,-1,0,0,0,0,1,1
XPL,NextPlat Corp,Technology,Software - Application,USA,25200000.0,,9.29,0.22%,2691.0,0,0,0,-1,0,0,0,0,0,0,0,0,0,0,0,0,0,0,0,0,0,0,0,0,0,0,0,0,0,1,1
XST,Nexstar Media Group Inc,Communication Services,Broadcasting,USA,4870000000.0,30.16,158.05,0.44%,358837.0,0,0,0,0,0,0,0,0,0,0,0,0,-1,0,0,0,0,0,0,0,0,0,0,0,0,0,0,0,0,1,1
XTE,AXS Green Alpha ETF,Financial,Exchange Traded Fund,USA,,,48.56,-1.27%,212.0,0,0,0,0,0,0,0,0,1,0,0,0,0,0,0,0,0,0,0,0,0,0,0,0,0,0,0,0,1,0,1
YT,New York Times Co,Communication Services,Publishing,USA,10470000000.0,27.08,64.9,1.30%,1999334.0,0,0,0,0,0,0,0,0,0,0,0,0,-1,0,0,0,0,0,0,0,0,0,0,0,0,0,0,0,0,1,1
YXH,Nyxoah SA,Healthcare,Medical Devices,Belgium,144610000.0,,1.42,-0.70%,81495.0,0,0,0,0,0,0,0,0,0,0,0,0,0,0,0,0,0,0,0,0,1,0,0,0,0,1,0,0,2,0,2
,Realty Income Corp,Real Estate,REIT - Retail,USA,50480000000.0,39.02,53.35,-1.66%,6546512.0,0,1,0,0,0,0,0,0,0,0,0,0,-1,0,0,0,0,0,0,0,0,0,0,0,0,0,0,0,1,1,2
ABI,OmniAb Inc,Healthcare,Biotechnology,USA,662980000.0,,4.56,4.83%,1498537.0,0,0,0,0,0,0,0,0,0,0,0,0,0,0,0,0,0,0,0,0,0,0,-1,0,0,0,0,0,0,1,1
AIM,OneAscent International Equity ETF,Financial,Exchange Traded Fund,USA,,,47.14,-1.48%,18347.0,0,0,0,0,0,0,0,0,0,0,1,0,0,0,0,0,0,0,0,0,0,0,-1,0,0,0,0,0,1,1,2
ASC,OneAscent Enhanced Small and Mid Cap ETF,Financial,Exchange Traded Fund,USA,,,34.17,-1.44%,4472.0,0,0,0,0,0,0,0,0,0,0,0,0,0,0,0,1,0,0,0,0,0,0,0,0,0,0,0,0,1,0,1
BDC,Blue Owl Capital Corp,Financial,Asset Management,USA,4940000000.0,17.6,10.02,-0.10%,5117710.0,0,0,0,0,0,0,0,0,0,0,0,0,0,0,0,0,0,0,0,0,1,0,0,0,0,0,0,0,1,0,1
BIL,F/m US Treasury 12 Month Bill ETF,Financial,Exchange Traded Fund,USA,,,49.9,0.03%,55650.0,0,1,0,0,0,0,0,0,0,0,0,0,0,0,0,0,0,0,0,0,0,0,0,0,0,0,0,0,1,0,1
BK,Origin Bancorp Inc,Financial,Banks - Regional,USA,1610000000.0,16.37,52.32,-0.95%,216500.0,0,0,0,0,0,0,0,0,0,0,0,0,0,0,0,0,0,0,0,0,1,0,-1,0,0,0,0,0,1,1,2
BND,State Street Loomis Sayles Opportunistic Bond ETF,Financial,Exchange Traded Fund,USA,,,24.69,-0.16%,1027.0,0,0,0,0,0,0,0,0,0,0,0,0,-1,-1,0,0,0,0,0,-1,0,0,0,0,0,0,0,0,0,3,3
C,Owens Corning,Industrials,Building Products & Equipment,USA,9070000000.0,,114.68,-4.26%,1899274.0,0,0,0,0,0,0,0,0,0,0,0,0,0,0,0,0,0,0,0,0,0,0,-1,0,0,0,0,0,0,1,1
CC,Optical Cable Corp,Technology,Communication Equipment,USA,142890000.0,55.92,16.16,-3.41%,72220.0,0,1,0,0,0,0,0,0,0,0,0,0,-1,0,0,0,0,0,0,0,0,0,0,0,0,0,0,0,1,1,2
CCI,OFS Credit Company Inc,Financial,Closed-End Fund - Debt,USA,60700000.0,,2.04,-4.23%,188381.0,0,0,0,0,0,0,0,0,1,0,0,0,0,0,0,0,0,0,0,0,0,0,0,0,0,0,0,0,1,0,1
CGN,Ocugen Inc,Healthcare,Biotechnology,USA,339110000.0,,1.0,-3.85%,5221078.0,0,0,0,0,0,0,0,0,1,0,0,0,0,0,0,0,0,0,0,0,0,0,0,0,0,0,0,0,1,0,1
CIO,ClearShares OCIO ETF,Financial,Exchange Traded Fund,USA,,,38.17,-0.48%,1206.0,0,0,0,0,0,0,0,0,0,0,0,0,0,0,0,1,0,0,0,0,0,0,0,0,0,0,0,0,1,0,1
CSL,Oaktree Specialty Lending Corp,Financial,Asset Management,USA,1030000000.0,24.3,11.65,-0.43%,455093.0,0,0,0,0,0,0,0,-1,0,0,0,0,0,0,0,0,0,0,0,0,0,0,0,0,0,0,0,0,0,1,1
CTJ,Innovator Premium Income 30 Barrier ETF - October,Financial,Exchange Traded Fund,USA,,,23.92,-0.13%,2454.0,0,0,0,-1,0,0,0,-1,0,0,0,0,0,0,0,0,0,0,0,0,0,0,0,0,0,0,0,0,0,2,2
CTM,FT Vest U.S. Equity Max Buffer ETF - October,Financial,Exchange Traded Fund,USA,,,34.24,0.01%,575.0,0,0,0,-1,0,0,0,0,0,0,0,0,0,0,0,0,0,0,0,0,0,0,0,0,0,0,0,0,0,1,1
CTP,PGIM S&P 500 Buffer 12 ETF - October,Financial,Exchange Traded Fund,USA,,,33.89,0.09%,13015.0,0,0,0,0,0,0,0,-1,0,0,0,0,0,0,0,0,0,0,0,0,0,0,0,0,0,0,0,0,0,1,1
CTV,Octave Intelligence Plc,Technology,Software - Application,USA,5290000000.0,,19.72,0.00%,1482291.0,0,0,0,0,0,1,0,0,0,0,0,0,0,0,0,0,0,1,0,0,0,0,0,0,0,0,0,0,2,0,2
CTZ,TrueShares Structured Outcome (October) ETF,Financial,Exchange Traded Fund,USA,,,46.98,-0.14%,2190.0,0,0,0,0,0,0,0,-1,0,0,0,0,0,0,0,0,0,0,0,0,0,0,0,0,0,0,0,0,0,1,1
DC,Oil-Dri Corp Of America,Basic Materials,Specialty Chemicals,USA,1180000000.0,22.67,87.81,-0.36%,130302.0,0,0,0,0,0,0,0,0,1,0,0,0,0,0,0,0,0,0,0,0,0,0,0,0,0,0,0,0,1,0,1
DDS,Pacer BlueStar Digital Entertainment ETF,Financial,Exchange Traded Fund,USA,,,23.41,-0.76%,393.0,0,1,0,0,0,0,0,0,0,0,1,0,0,0,0,0,0,0,0,0,0,0,0,0,0,0,0,0,2,0,2
DTE,VegaShares SPX NDX RTY Premium Income ETF,Financial,Exchange Traded Fund,USA,,,25.14,-0.57%,523.0,0,0,0,0,0,0,0,0,1,1,0,0,0,0,0,0,0,0,0,0,0,0,0,0,0,0,0,0,2,0,2
EI,Optimized Equity Income ETF,Financial,Exchange Traded Fund,USA,,,26.42,-0.02%,3061.0,0,1,0,0,0,0,0,0,0,0,0,0,0,0,0,0,0,0,0,0,0,0,0,0,0,0,0,0,1,0,1
FLX,Omega Flex Inc,Industrials,Specialty Industrial Machinery,USA,265680000.0,22.41,26.32,-0.30%,46556.0,0,0,0,0,0,0,0,0,1,0,0,0,0,0,0,0,0,0,0,0,0,0,0,0,0,0,0,0,1,0,1
FS,OFS Capital Corp,Financial,Asset Management,USA,55470000.0,,4.14,-0.48%,119083.0,0,0,0,0,0,0,0,0,0,0,0,0,0,0,0,1,0,0,0,0,0,0,0,0,0,0,0,0,1,0,1
GE,Oge Energy Corp,Utilities,Utilities - Regulated Electric,USA,9480000000.0,20.1,45.89,0.11%,1923920.0,0,1,0,0,0,1,0,0,1,0,0,0,0,0,0,0,0,0,0,0,0,0,-1,0,0,0,0,0,3,1,4
GS,ONE Gas Inc,Utilities,Utilities - Regulated Gas,USA,4570000000.0,15.68,72.65,-0.68%,510769.0,0,0,0,0,0,0,0,0,1,0,0,0,0,0,0,0,0,0,0,0,0,0,0,0,0,0,0,0,1,0,1
GSP,Obra High Grade Structured Products ETF,Financial,Exchange Traded Fund,USA,,,9.92,-0.05%,279.0,0,0,0,-1,0,0,0,0,0,0,0,0,0,0,0,0,0,0,0,0,0,0,0,0,0,0,0,0,0,1,1
I,O-I Glass Inc,Consumer Cyclical,Packaging & Containers,USA,888150000.0,,5.78,0.52%,4140682.0,0,0,0,0,0,0,0,0,1,0,0,0,0,0,0,0,0,0,0,0,0,0,0,0,0,0,0,0,1,0,1
IA,Invesco Municipal Income Opportunities Trust,Financial,Closed-End Fund - Debt,USA,273210000.0,,5.7,-0.70%,152261.0,0,0,0,0,0,0,0,0,1,0,0,0,0,0,0,0,0,0,0,0,0,0,0,0,0,0,0,0,1,0,1
II,Oceaneering International Inc,Energy,Oil & Gas Equipment & Services,USA,4350000000.0,12.58,43.7,-2.82%,889551.0,0,0,0,0,0,0,0,0,1,0,0,0,0,0,0,0,0,0,0,0,0,0,0,0,0,0,0,0,1,0,1
ILD,MicroSectors Oil & Gas E&P -3X ETN,Financial,Exchange Traded Fund,USA,,,29.48,2.08%,47449.0,0,0,0,0,0,0,0,0,1,0,0,0,0,0,0,0,0,0,0,0,0,0,0,0,0,0,0,0,1,0,1
ILK,ProShares K-1 Free Crude Oil ETF,Financial,Exchange Traded Fund,USA,,,55.98,0.09%,62047.0,0,0,0,0,0,0,0,0,0,0,0,0,0,0,0,0,0,0,0,0,0,0,0,0,0,0,-1,0,0,1,1
ILU,MicroSectors Oil & Gas E&P 3X ETN,Financial,Exchange Traded Fund,USA,,,49.26,-2.12%,32195.0,0,0,0,0,0,0,0,0,0,0,1,0,0,0,0,0,0,0,0,0,0,0,-1,0,0,0,0,0,1,1,2
IM,OneIM Acquisition Corp,Financial,Shell Companies,USA,365710000.0,87.09,10.12,0.00%,8.0,0,0,0,0,0,0,0,0,0,0,0,0,-1,0,0,0,0,0,0,0,0,0,0,0,0,0,0,0,0,1,1
KE,Oneok Inc,Energy,Oil & Gas Midstream,USA,55510000000.0,15.21,88.05,-1.32%,3116366.0,0,0,0,-1,0,1,0,0,0,0,0,0,0,0,0,0,0,1,0,0,0,0,0,0,0,0,0,0,2,1,3
KYO,OKYO Pharma Limited,Healthcare,Biotechnology,United Kingdom,74000000.0,,1.41,-3.42%,33741.0,0,0,0,0,0,0,0,0,0,0,0,0,-1,0,0,0,0,0,0,0,1,0,0,0,0,1,0,0,2,1,3
LED,Universal Display Corp,Technology,Electronic Components,USA,3550000000.0,18.69,77.22,-3.06%,1338662.0,0,0,0,0,0,0,0,0,1,0,0,0,0,0,0,0,0,0,0,-1,0,0,0,0,0,0,0,0,1,1,2
LLI,Ollies Bargain Outlet Holdings Inc,Consumer Defensive,Discount Stores,USA,5120000000.0,19.25,86.13,-1.85%,1684720.0,0,0,0,0,0,0,0,0,0,0,0,0,0,0,0,0,0,0,0,0,0,0,0,0,0,0,0,1,1,0,1
LP,One Liberty Properties Inc,Real Estate,REIT - Diversified,USA,478840000.0,13.93,21.94,-0.77%,63634.0,0,0,0,0,0,0,0,0,1,0,0,0,0,0,0,0,0,0,0,0,0,0,0,0,0,0,0,0,1,0,1
M,Outset Medical Inc,Healthcare,Medical Devices,USA,79040000.0,,4.21,1.69%,134991.0,0,0,0,0,0,0,0,0,0,0,0,0,-1,0,0,0,0,0,0,0,0,0,0,0,0,0,0,0,0,1,1
MAB,Grupo Aeroportuario del Centro Norte SAB de C.V ADR,Industrials,Airports & Air Services,Mexico,3860000000.0,14.67,91.69,-3.12%,135727.0,0,0,0,0,0,0,0,0,0,0,0,0,-1,0,0,0,0,0,0,0,0,0,0,0,0,0,0,0,0,1,1
MCL,Omnicell Inc,Healthcare,Health Information Services,USA,1610000000.0,41.63,35.21,-0.71%,570638.0,0,0,0,0,0,0,0,0,0,0,0,0,-1,0,0,0,0,0,0,0,0,0,0,1,0,0,0,0,1,1,2
MSE,OMS Energy Technologies Inc,Energy,Oil & Gas Equipment & Services,Singapore,188060000.0,5.84,4.43,-1.55%,4808.0,0,0,0,0,0,0,0,0,0,0,0,0,0,0,0,0,0,0,0,-1,0,0,0,0,0,0,0,0,0,1,1
NCY,Oncolytics Biotech Inc,Healthcare,Biotechnology,USA,75970000.0,,0.6,-0.37%,669464.0,0,1,0,0,0,1,0,0,0,0,0,0,0,0,0,0,0,0,0,-1,0,0,0,0,0,0,0,0,2,1,3
ND,ProShares On-Demand ETF,Financial,Exchange Traded Fund,USA,,,33.05,0.07%,88.0,0,1,0,0,0,0,0,0,0,0,1,1,0,0,0,0,0,0,0,0,0,0,0,0,0,0,0,0,3,0,3
NDS,Ondas Inc,Technology,Communication Equipment,USA,4190000000.0000005,80.43,7.19,-2.97%,61851870.0,0,0,0,0,0,0,0,0,1,0,0,0,0,0,0,0,0,0,0,0,0,0,0,0,0,0,0,0,1,0,1
NDU,Tradr 2X Long ONDS Daily ETF,Financial,Exchange Traded Fund,USA,,,13.24,-5.49%,22863.0,0,1,0,0,0,0,0,0,0,0,0,0,0,0,0,0,0,0,0,0,0,0,0,0,0,0,0,0,1,0,1
NIT,Onity Group Inc,Financial,Mortgage Finance,USA,227000000.0,1.72,27.17,-2.16%,186177.0,0,0,0,0,0,0,0,0,1,0,0,0,0,0,0,0,0,0,0,0,0,0,0,0,0,0,0,0,1,0,1
NLN,ProShares Online Retail ETF,Financial,Exchange Traded Fund,USA,,,55.51,0.31%,933.0,0,0,0,0,0,0,0,0,0,0,1,0,0,0,0,0,0,0,0,0,0,0,0,0,0,0,0,0,1,0,1
NMD,OneMedNet Corp,Healthcare,Health Information Services,USA,29520000.0,,4.91,-1.21%,30077.0,0,1,0,0,0,0,0,0,0,0,0,0,-1,0,0,0,0,0,0,0,0,0,0,0,0,0,0,0,1,1,2
NOF,Global X Adaptive U.S. Risk Management ETF,Financial,Exchange Traded Fund,USA,,,41.62,-0.24%,3067.0,0,0,0,0,0,0,0,-1,0,0,0,0,0,0,0,0,0,0,0,0,0,0,0,0,0,0,0,0,0,1,1
NT,Onterris Inc,Industrials,Waste Management,USA,499370000.0,,14.22,-2.07%,521422.0,0,0,0,0,0,0,0,0,1,0,0,0,0,0,0,0,0,0,0,0,0,0,0,0,0,0,0,0,1,0,1
NTO,Onto Innovation Inc,Technology,Semiconductor Equipment & Materials,USA,14940000000.0,113.92,304.4,-2.97%,934072.0,0,0,0,0,0,0,0,0,0,0,0,0,0,0,0,1,0,0,0,0,0,0,0,0,0,0,0,0,1,0,1
OMA,Ooma Inc,Technology,Software - Application,USA,544280000.0,50.88,19.72,-0.70%,497857.0,0,0,0,0,0,0,0,-1,0,0,0,0,0,0,0,0,0,0,0,0,0,0,0,0,0,0,0,0,0,1,1
OSP,Obra Opportunistic Structured Products ETF,Financial,Exchange Traded Fund,USA,,,9.99,0.00%,11661.0,0,0,0,0,0,1,0,0,0,0,0,0,-1,-1,0,0,0,0,0,0,0,0,0,0,0,0,0,0,1,2,3
PAD,Offerpad Solutions Inc,Real Estate,Real Estate Services,USA,14400000.0,,2.98,-2.93%,34401.0,0,0,0,0,0,1,0,0,0,0,0,0,0,0,0,0,0,0,0,0,0,0,0,0,0,0,0,0,1,0,1
PEG,Leverage Shares 2X Long OPEN Daily ETF,Financial,Exchange Traded Fund,USA,,,0.89,-2.95%,268836.0,0,0,0,0,0,0,0,0,0,0,0,0,0,0,0,0,0,0,0,-1,0,0,0,0,0,0,0,0,0,1,1
PEN,Opendoor Technologies Inc,Real Estate,Real Estate Services,USA,2200000000.0,,2.27,0.00%,35744037.0,0,1,0,0,0,0,0,0,0,0,0,0,0,0,0,0,0,0,0,0,0,0,0,0,0,0,0,0,1,0,1
PER,ClearShares Ultra-Short Maturity ETF,Financial,Exchange Traded Fund,USA,,,100.12,0.01%,5190.0,0,1,0,0,0,1,0,0,0,0,0,0,0,0,0,0,0,0,0,0,0,0,0,0,0,0,0,0,2,0,2
PEX,Tradr 2X Long OPEN Daily ETF,Financial,Exchange Traded Fund,USA,,,3.42,0.00%,149336.0,0,0,0,0,0,0,0,0,0,0,0,0,0,0,0,0,0,0,0,-1,0,0,0,0,0,0,0,0,0,1,1
PI,Office Properties Income Trust,Real Estate,REIT - Office,USA,341590000.0,,15.56,-1.95%,82617.0,0,0,0,0,0,0,0,0,1,0,0,0,0,0,0,0,0,0,0,0,0,0,0,0,0,0,0,0,1,0,1
PLN,Openlane Inc,Consumer Cyclical,Auto & Truck Dealerships,USA,4269999999.9999995,,34.79,-0.49%,1123072.0,0,0,0,0,0,0,0,0,0,0,0,0,0,0,0,0,0,0,0,0,0,0,-1,0,0,0,0,0,0,1,1
PNW,OpenWorld Inc,Technology,Information Technology Services,USA,7980000.0,,6.06,-2.26%,56052.0,0,0,0,0,0,0,0,0,0,0,0,0,0,0,0,0,0,0,0,0,1,0,0,0,0,0,0,0,1,0,1
PPE,WisdomTree European Opportunities Fund,Financial,Exchange Traded Fund,USA,,,56.89,-1.22%,12334.0,0,0,0,-1,0,0,0,-1,0,0,0,0,0,0,0,0,0,0,0,0,0,0,0,0,0,0,0,0,0,2,2
PPJ,WisdomTree Trust WisdomTree Japan Opportunities Fund,Financial,Exchange Traded Fund,USA,,,59.48,-0.84%,29022.0,0,0,0,0,0,0,0,0,0,0,1,0,0,0,0,0,0,0,0,0,0,0,0,0,-1,0,0,0,1,1,2
PTU,Optimum Communications Inc,Communication Services,Telecom Services,USA,381430000.0,,1.0,4.17%,1076894.0,0,0,0,0,0,0,0,0,0,0,1,0,0,0,0,0,0,0,0,0,0,0,0,0,0,0,0,0,1,0,1
PTZ,Optimize Strategy Index ETF,Financial,Exchange Traded Fund,USA,,,46.1,-1.06%,5121.0,0,0,0,0,0,0,0,0,0,0,0,0,0,0,0,1,0,0,0,0,0,0,0,0,0,0,0,0,1,0,1
PXS,Optex Systems Holdings Inc,Industrials,Aerospace & Defense,USA,70920000.0,18.16,10.19,-0.10%,11735.0,0,0,0,0,0,0,0,0,1,0,0,0,0,0,0,0,0,0,0,0,0,0,0,0,0,0,0,0,1,0,1
RA,Ormat Technologies Inc,Utilities,Utilities - Renewable,USA,5530000000.0,44.08,89.97,-3.33%,660565.0,0,0,0,0,0,0,0,0,1,1,0,0,0,0,0,0,0,0,0,0,0,0,0,0,0,0,0,0,2,0,2
RC,Orchid Island Capital Inc,Real Estate,REIT - Mortgage,USA,987040000.0,3.36,5.0,-1.38%,9260729.0,0,0,0,0,0,0,0,0,1,1,0,0,0,0,0,0,0,0,0,0,0,0,0,0,0,0,0,0,2,0,2
RCU,Direxion Daily ORCL Bull 2X ETF,Financial,Exchange Traded Fund,USA,,,7.15,-1.79%,4308277.0,0,0,0,0,0,0,0,0,1,0,0,0,0,0,0,0,0,0,0,0,0,0,0,0,0,0,0,0,1,0,1
RCX,Defiance Daily Target 2X Long ORCL ETF,Financial,Exchange Traded Fund,USA,,,20.0,-1.62%,970682.0,0,0,0,0,0,0,0,0,1,0,0,0,0,0,0,0,0,0,0,0,0,0,0,0,0,0,0,0,1,0,1
RGO,Organogenesis Holdings Inc,Healthcare,Drug Manufacturers - Specialty & Generic,USA,169850000.0,,1.32,-1.49%,772027.0,0,0,0,0,0,0,0,0,0,0,0,0,0,0,0,0,0,0,0,0,1,0,0,0,0,0,0,0,1,0,1
RKT,Orangekloud Technology Inc,Technology,Software - Application,Singapore,5890000.0,,1.01,4.12%,114937.0,0,0,0,0,0,0,0,0,0,0,1,0,0,0,0,0,0,0,0,0,0,0,0,0,0,0,0,0,1,0,1
RLY,O'Reilly Automotive Inc,Consumer Cyclical,Auto Parts,USA,68450000000.0,26.91,84.61,-0.62%,6667984.0,0,0,0,0,0,0,0,0,1,0,0,0,0,0,0,0,0,0,0,0,0,0,0,0,0,0,0,0,1,0,1
RMP,Oramed Pharmaceuticals Inc,Healthcare,Biotechnology,USA,181780000.0,1.06,4.37,-0.23%,84752.0,0,0,0,0,0,0,0,0,0,0,0,0,0,0,0,0,0,1,0,0,0,0,0,0,0,0,0,0,1,0,1
RO,Arrow Valtoro ETF,Financial,Exchange Traded Fund,USA,,,20.51,-2.13%,14.0,0,0,0,0,0,0,0,0,0,0,0,0,0,0,0,0,0,0,0,0,0,0,-1,0,0,0,0,0,0,1,1
RR,Militia Long/Short Equity ETF,Financial,Exchange Traded Fund,USA,,,38.25,-0.18%,44346.0,0,0,0,0,0,0,0,0,1,0,0,0,0,0,0,0,0,0,0,0,0,0,0,0,0,0,0,0,1,0,1
SCX,Defiance Daily Target 2x Long OSCR ETF,Financial,Exchange Traded Fund,USA,,,38.55,3.98%,12219.0,0,0,0,0,0,0,0,-1,0,0,0,0,0,0,0,1,0,0,0,0,0,0,0,0,0,0,0,0,1,1,2
SEA,Harbor International Compounders ETF,Financial,Exchange Traded Fund,USA,,,29.19,-0.98%,31661.0,0,0,0,0,0,0,0,0,0,0,1,0,0,0,0,0,0,0,0,0,0,0,0,0,0,0,0,0,1,0,1
SG,Octave Specialty Group Inc,Financial,Insurance - Specialty,USA,208140000.0,,4.62,0.00%,551179.0,0,0,0,0,0,0,0,0,0,0,0,0,0,0,0,0,0,0,0,0,0,0,0,1,0,0,0,0,1,0,1
SIS,OSI Systems Inc,Technology,Electronic Components,USA,3090000000.0,21.6,194.05,-2.27%,224252.0,0,0,0,0,0,0,0,0,1,0,0,0,-1,0,0,0,0,0,0,0,0,0,0,0,0,0,0,0,1,1,2
SPN,OneSpan Inc,Technology,Software - Infrastructure,USA,652280000.0,9.94,17.7,-3.70%,590168.0,0,0,0,0,0,0,0,-1,0,0,0,0,0,0,0,0,0,0,0,0,0,0,0,0,0,0,0,0,0,1,1
STX,OS Therapies Inc,Healthcare,Biotechnology,USA,72550000.0,,1.55,4.03%,586760.0,0,0,0,0,0,0,0,0,1,0,0,0,0,0,0,0,0,0,0,0,0,0,0,0,0,0,-1,0,1,1,2
TGL,OTG Latin America ETF,Financial,Exchange Traded Fund,USA,,,11.26,-1.59%,1460.0,0,0,0,0,0,0,0,0,0,0,0,0,0,0,0,1,0,0,0,0,0,0,0,0,0,0,0,0,1,0,1
UST,Ouster Inc,Technology,Electronic Components,USA,3000000000.0,,41.67,-7.21%,2801880.0,0,0,0,0,0,0,0,0,1,0,0,0,0,0,0,0,0,0,0,0,0,0,0,0,0,0,0,0,1,0,1
UT,Outfront Media Inc,Real Estate,REIT - Specialty,USA,5100000000.0,21.12,28.93,-0.48%,1752752.0,0,0,0,0,0,0,0,0,0,0,0,0,0,0,0,0,0,0,0,0,0,0,0,0,-1,0,0,0,0,1,1
VB,Overlay Shares Core Bond ETF,Financial,Exchange Traded Fund,USA,,,19.49,-0.31%,10474.0,0,1,0,0,0,0,0,0,1,0,0,0,0,0,0,0,0,0,0,0,0,0,0,0,0,0,0,0,2,0,2
VBC,Ohio Valley Banc Corp,Financial,Banks - Regional,USA,215380000.0,15.16,45.72,0.16%,22261.0,0,0,0,0,0,1,0,0,0,0,0,0,0,0,0,1,0,0,0,0,0,0,0,0,0,0,-1,0,2,1,3
VF,Overlay Shares Foreign Equity ETF,Financial,Exchange Traded Fund,USA,,,30.83,-1.15%,21300.0,0,0,0,-1,0,0,0,0,0,0,0,0,0,0,0,0,0,0,0,0,0,0,0,0,0,0,0,0,0,1,1
VID,Ovid Therapeutics Inc,Healthcare,Biotechnology,USA,460910000.0,,2.36,-0.42%,1003730.0,0,0,0,0,0,0,0,0,0,0,1,0,0,0,0,0,0,0,0,0,0,0,0,0,-1,0,0,0,1,1,2
VLY,Oak Valley Bancorp,Financial,Banks - Regional,USA,286540000.0,12.07,34.06,-1.36%,12002.0,0,0,0,0,0,0,0,0,0,0,1,0,0,0,0,0,0,0,0,0,0,0,0,0,-1,0,0,0,1,1,2
VV,Ovintiv Inc,Energy,Oil & Gas E&P,USA,16930000000.0,17.18,61.44,-0.07%,3030066.0,0,1,0,-1,0,0,0,0,0,0,0,0,0,0,0,0,0,0,0,0,0,0,0,0,0,0,0,0,1,1,2
WLT,Owlet Inc,Healthcare,Medical Devices,USA,138210000.0,,4.73,-3.27%,125617.0,0,1,0,0,0,0,0,0,0,0,0,0,-1,-1,0,0,0,0,0,0,0,0,0,0,0,1,0,0,2,2,4
WNB,Bitwise Bitcoin Standard Corps ETF,Financial,Exchange Traded Fund,USA,,,21.71,-3.88%,289.0,0,0,0,0,0,0,0,0,0,0,1,0,0,0,0,0,0,0,0,0,0,0,0,0,0,0,0,0,1,0,1
XLC,Oxford Lane Capital Corp,Financial,Closed-End Fund - Debt,USA,829330000.0,,8.46,-2.53%,1712314.0,0,1,0,0,0,0,0,0,0,0,0,0,-1,0,0,0,0,0,0,0,0,0,0,0,0,0,0,0,1,1,2
YSE,Oyster Enterprises II Acquisition Corp,Financial,Shell Companies,USA,352880000.0,38.11,10.4,0.00%,29.0,0,0,0,0,0,0,0,0,0,0,0,0,0,0,0,0,0,1,0,0,0,0,0,0,0,0,0,0,1,0,1
Z,Belpointe PREP LLC,Real Estate,Real Estate - Development,USA,163970000.0,,40.45,-1.29%,36123.0,0,0,0,0,0,0,0,0,1,0,0,0,0,0,0,0,0,0,0,0,0,0,0,0,0,0,0,0,1,0,1
ZEM,Roundhill GLP-1 & Weight Loss ETF,Financial,Exchange Traded Fund,USA,,,30.09,-0.04%,12330.0,0,1,0,0,0,0,0,0,0,0,0,0,0,0,0,0,0,0,0,0,0,0,0,0,0,0,0,0,1,0,1
AA,Plains All American Pipeline LP,Energy,Oil & Gas Midstream,USA,17000000000.0,6.67,24.09,0.12%,1631476.0,0,0,0,-1,0,0,0,0,0,0,0,0,0,0,0,0,0,1,0,0,0,0,0,0,0,0,0,0,1,1,2
AAC,Proem Acquisition Corp I,Financial,Shell Companies,USA,177410000.0,129.33,10.01,0.00%,70.0,0,0,0,0,0,0,0,0,0,0,1,0,0,0,0,0,0,0,0,0,0,0,-1,0,0,0,0,0,1,1,2
AAS,Pan American Silver Corp,Basic Materials,Gold,Canada,18390000000.0,13.36,44.35,-3.42%,2954185.0,0,0,0,0,0,0,0,0,0,0,0,0,0,0,0,0,0,0,0,-1,0,0,0,0,0,0,0,0,0,1,1
ABU,iShares Paris-Aligned Climate Optimized MSCI USA ETF,Financial,Exchange Traded Fund,USA,,,80.39,-0.33%,27791.0,0,0,0,0,0,0,0,0,0,0,1,0,0,0,0,0,0,0,0,0,0,0,0,0,0,0,0,0,1,0,1
AC,Grupo Aeroportuario Del Pacifico SAB de CV ADR,Industrials,Airports & Air Services,Mexico,10460000000.0,18.55,201.41,-3.72%,276632.0,0,0,0,0,0,0,0,0,1,0,0,0,0,0,0,0,0,0,0,0,0,0,0,0,0,0,0,0,1,0,1
ACB,Pacific Biosciences of California Inc,Healthcare,Medical Devices,USA,845460000.0,,2.72,0.74%,20366653.0,0,0,0,0,0,0,0,0,0,0,0,0,0,0,0,0,0,0,0,0,0,0,0,1,0,0,0,0,1,0,1
ACS,PACS Group Inc,Healthcare,Medical Care Facilities,USA,6840000000.0,25.88,43.19,0.89%,673370.0,0,1,0,0,0,0,0,0,0,0,0,0,0,0,0,0,0,0,0,0,0,0,0,0,0,0,0,0,1,0,1
AGP,Plains GP Holdings LP,Energy,Oil & Gas Midstream,USA,19970000000.0,9.58,26.21,-0.11%,1347058.0,0,0,0,-1,0,0,0,0,0,0,0,0,0,0,0,0,0,0,0,0,0,0,0,0,0,0,0,0,0,1,1
AGS,PagSeguro Digital Ltd,Technology,Software - Infrastructure,Brazil,2920000000.0,7.39,10.51,-1.96%,4984468.0,0,0,0,0,0,0,0,0,0,0,0,0,0,0,0,0,0,0,0,0,0,0,0,0,0,1,0,0,1,0,1
AI,Western Asset Investment Grade Income Fund Inc,Financial,Closed-End Fund - Debt,USA,107470000.0,,11.3,-0.44%,34652.0,0,0,0,0,0,0,0,0,0,0,0,0,-1,0,0,0,0,0,0,0,0,0,0,0,0,0,0,0,0,1,1
ALL,Abrdn Palladium ETF Trust,Financial,Exchange Traded Fund,USA,,,20.3,-4.47%,1079236.0,0,0,0,0,0,0,0,0,1,0,0,0,0,0,0,0,0,0,0,0,0,0,0,0,0,0,0,0,1,0,1
AM,Pampa Energia SA ADR,Industrials,Conglomerates,Argentina,4280000000.0000005,7.49,80.12,-1.67%,105575.0,0,1,0,0,0,0,0,0,0,0,0,0,0,0,0,0,0,0,0,0,1,0,0,0,0,0,0,0,2,0,2
AMT,PAMT Corp,Industrials,Trucking,USA,257589999.99999997,,12.3,6.49%,86090.0,0,0,0,0,0,0,0,0,1,0,0,0,0,0,0,0,0,0,0,0,0,0,0,0,0,0,0,0,1,0,1
API,Parametric Equity Premium Income ETF,Financial,Exchange Traded Fund,USA,,,26.45,-0.68%,88245.0,0,0,0,0,0,0,0,0,0,0,1,0,0,0,0,0,0,0,0,0,0,0,0,0,0,0,0,0,1,0,1
APR,Innovator U.S. Equity Power Buffer ETF - April,Financial,Exchange Traded Fund,USA,,,43.36,-0.14%,24770.0,0,0,0,0,0,0,0,0,0,0,0,0,0,0,0,0,0,1,0,0,0,0,0,0,0,0,0,0,1,0,1
AR,Par Technology Corp,Technology,Software - Application,USA,611340000.0,,14.78,1.93%,688217.0,0,0,0,0,0,0,0,0,0,0,1,0,0,0,0,0,0,0,0,0,0,0,0,0,0,0,0,0,1,0,1
ARK,Park Dental Partners Inc,Healthcare,Medical Care Facilities,USA,99580000.0,,20.94,2.00%,38488.0,0,0,0,0,0,1,0,0,0,0,0,0,0,0,0,0,0,0,0,0,0,0,0,0,0,0,0,0,1,0,1
ARR,Par Pacific Holdings Inc,Energy,Oil & Gas Refining & Marketing,USA,4310000000.0,5.03,86.12,-0.91%,697902.0,0,0,0,0,0,0,0,0,0,0,1,0,0,0,0,0,0,0,0,0,0,0,0,0,0,0,0,0,1,0,1
AX,Patria Investments Ltd,Financial,Asset Management,Cayman Islands,1790000000.0,25.39,11.11,-0.80%,1128946.0,0,0,0,0,0,0,0,0,1,0,0,0,0,0,0,0,0,0,0,0,0,0,0,0,0,0,0,0,1,0,1
AYM,TrueShares S&P Autocallable Defensive Income ETF,Financial,Exchange Traded Fund,USA,,,25.47,-0.88%,55654.0,0,1,0,0,0,0,0,0,0,0,0,0,0,0,0,0,0,0,0,0,0,0,0,0,0,0,0,0,1,0,1
BDC,Putnam BDC Income ETF,Financial,Exchange Traded Fund,USA,,,25.32,-1.29%,156388.0,0,0,0,0,0,0,0,0,0,0,0,0,0,0,0,0,0,0,0,0,1,0,0,0,0,0,0,0,1,0,1
BF,PBF Energy Inc,Energy,Oil & Gas Refining & Marketing,USA,9920000000.0,7.4,83.68,0.97%,2285233.0,0,0,0,-1,0,0,0,0,0,0,0,0,0,0,0,0,0,1,0,0,0,0,0,0,0,0,0,0,1,1,2
BH,Prestige Consumer Healthcare Inc,Healthcare,Drug Manufacturers - Specialty & Generic,USA,2250000000.0,13.32,47.57,2.43%,460879.0,0,0,0,0,0,0,0,0,0,0,0,0,-1,0,0,0,0,0,0,0,0,0,0,0,0,1,0,0,1,1,2
BJ,Invesco Food & Beverage ETF,Financial,Exchange Traded Fund,USA,,,45.42,-0.68%,7701.0,0,0,0,0,0,0,0,0,0,0,0,0,0,0,0,0,0,0,0,-1,0,0,0,0,0,0,0,0,0,1,1
BJL,PGIM S&P 500 Buffer 20 ETF - July,Financial,Exchange Traded Fund,USA,,,32.12,-0.11%,4753.0,0,0,0,0,0,0,0,0,0,0,0,0,0,0,0,1,0,0,0,0,0,0,0,0,0,0,0,0,1,0,1
BJN,PGIM S&P 500 Buffer 20 ETF - June,Financial,Exchange Traded Fund,USA,,,31.66,-0.10%,4791.0,0,0,0,0,0,0,0,0,0,0,1,0,0,0,0,0,0,0,0,0,0,0,0,0,0,0,0,0,1,0,1
BM,Psyence Biomedical Ltd,Healthcare,Biotechnology,Canada,18620000.0,,4.88,-2.79%,16931.0,0,0,0,0,0,0,0,0,0,0,0,0,-1,0,0,0,0,0,0,0,0,0,0,0,0,0,0,0,0,1,1
BOT,Pictet AI & Automation ETF,Financial,Exchange Traded Fund,USA,,,35.77,-1.29%,741.0,0,0,0,0,0,0,0,-1,0,0,0,0,0,0,0,0,0,0,0,0,0,0,0,0,0,0,0,0,0,1,1
BP,Invesco S&P 500 BuyWrite ETF,Financial,Exchange Traded Fund,USA,,,23.5,0.06%,29911.0,0,1,0,0,0,0,0,0,0,0,1,0,0,0,0,0,0,0,0,0,0,0,0,0,0,0,0,0,2,0,2
BTP,Invesco 0-5 Yr US TIPS ETF,Financial,Exchange Traded Fund,USA,,,25.52,0.04%,62090.0,0,0,0,0,0,0,0,0,1,0,0,0,0,0,0,0,0,0,0,0,0,0,0,0,0,0,0,0,1,0,1
BUS,Invesco MSCI USA ETF,Financial,Exchange Traded Fund,USA,,,77.92,-0.37%,131876.0,0,0,0,0,0,0,0,0,0,0,1,0,0,0,0,0,0,0,0,0,0,0,-1,0,0,0,0,0,1,1,2
BW,Invesco WilderHill Clean Energy ETF,Financial,Exchange Traded Fund,USA,,,28.92,-2.89%,413784.0,0,0,0,0,0,0,0,0,0,0,0,0,0,0,0,0,0,0,0,0,0,0,0,0,0,0,-1,0,0,1,1
CAP,ProCap Acquisition Corp,Financial,Shell Companies,USA,329310000.0,37.78,10.4,-0.10%,5.0,0,1,0,0,0,0,0,0,0,0,0,0,0,0,0,0,0,0,0,0,0,0,0,0,0,0,0,0,1,0,1
CB,PCB Bancorp,Financial,Banks - Regional,USA,388050000.0,9.57,27.63,-1.67%,28928.0,0,0,0,0,0,0,0,0,1,0,0,0,0,0,0,0,0,0,0,0,0,0,0,0,0,0,0,0,1,0,1
CF,High Income Securities Fund,Financial,Closed-End Fund - Debt,USA,93960000.0,,5.02,-0.59%,67926.0,0,0,0,0,0,0,0,0,1,1,0,0,0,0,0,0,0,0,0,0,0,0,0,0,0,0,0,0,2,0,2
CHI,Polen High Income ETF,Financial,Exchange Traded Fund,USA,,,23.6,0.36%,6158.0,0,0,0,0,0,0,0,0,1,0,0,0,0,0,0,0,0,0,0,0,0,0,0,0,0,0,0,0,1,0,1
CLA,PicoCELA Inc ADR,Communication Services,Telecom Services,Japan,63330000.0,,6.59,0.61%,5824.0,0,1,0,-1,0,0,0,0,0,0,1,0,0,0,0,0,0,0,0,0,0,0,0,0,0,0,0,0,2,1,3
CLG,Polen Focus Growth ETF,Financial,Exchange Traded Fund,USA,,,23.36,-0.28%,5595.0,0,0,0,0,0,0,0,0,0,0,1,0,0,0,0,0,0,0,0,0,0,0,0,0,0,0,0,0,1,0,1
CLO,VIRTUS SEIX AAA Private Credit CLO ETF,Financial,Exchange Traded Fund,USA,,,24.93,0.02%,344.0,0,1,0,-1,0,1,0,0,0,0,0,0,-1,-1,0,0,0,0,0,0,0,0,0,0,0,1,0,0,3,3,6
CMM,BondBloxx Private Credit CLO ETF,Financial,Exchange Traded Fund,USA,,,49.85,-0.06%,51049.0,0,0,0,0,0,0,0,0,0,0,1,1,0,0,0,0,0,0,0,0,0,0,0,0,0,0,0,0,2,0,2
CPP,Porter & Company Porter Portfolio Index ETF,Financial,Exchange Traded Fund,USA,,,26.72,-0.19%,18129.0,0,0,0,0,0,0,0,0,0,0,1,0,0,0,0,0,0,0,0,0,0,0,-1,0,0,0,0,0,1,1,2
CR,Simplify VettaFi Private Credit Strategy ETF,Financial,Exchange Traded Fund,USA,,,17.76,-0.89%,743.0,0,0,0,0,0,0,0,0,0,0,0,0,-1,-1,0,0,0,0,0,0,0,0,0,0,0,0,0,0,0,2,2
CRX,Pacira BioSciences Inc,Healthcare,Drug Manufacturers - Specialty & Generic,USA,1000000000.0,72.62,25.2,1.78%,802325.0,0,0,0,0,0,0,0,-1,0,0,0,0,0,0,0,0,0,0,0,0,0,0,0,0,0,0,0,0,0,1,1
CSA,Processa Pharmaceuticals Inc,Healthcare,Biotechnology,USA,3970000.0,,1.42,-6.58%,12904.0,0,0,0,0,0,0,0,0,0,0,0,0,-1,-1,0,0,0,0,0,0,0,0,0,0,0,0,0,0,0,2,2
CYO,Pure Cycle Corp,Utilities,Utilities - Regulated Water,USA,264110000.0,17.98,10.96,-0.27%,52613.0,0,0,0,0,0,0,0,0,0,0,1,1,0,0,0,0,0,0,0,0,0,0,0,0,0,0,0,0,2,0,2
DC,Perpetuals.com Ltd ADR,Technology,Software - Application,Japan,22340000.0,,3.3,-1.49%,15143.0,0,0,0,0,0,0,0,0,1,0,0,0,0,0,0,0,0,0,0,0,0,0,0,0,0,0,0,0,1,0,1
DCC,Pearl Diver Credit Company Inc,Financial,Asset Management,USA,67730000.0,,8.28,-2.25%,760.0,0,0,0,0,0,0,0,0,1,0,0,0,0,0,0,0,0,0,0,0,0,0,0,0,0,0,0,0,1,0,1
DFS,PDF Solutions Inc,Technology,Software - Application,USA,2250000000.0,210.66,53.17,-2.33%,429152.0,0,0,0,0,0,0,0,0,0,0,0,0,0,0,0,0,0,0,0,0,0,0,0,0,0,0,-1,0,0,1,1
DP,Invesco Dorsey Wright Momentum ETF,Financial,Exchange Traded Fund,USA,,,139.51,-0.97%,19249.0,0,0,0,0,0,0,0,0,0,0,0,0,0,0,0,1,0,0,0,0,0,0,0,0,0,0,0,0,1,0,1
DS,Precision Drilling Corp,Energy,Oil & Gas Drilling,Canada,1050000000.0,,83.56,-1.37%,144883.0,0,0,0,-1,0,0,0,0,0,0,0,0,0,0,0,0,0,0,0,0,0,0,0,0,0,0,0,0,0,1,1
EB,Pebblebrook Hotel Trust,Real Estate,REIT - Hotel & Motel,USA,2109999999.9999998,,18.71,-1.42%,3313562.0,0,0,0,0,0,0,0,0,0,0,0,0,-1,0,0,0,0,0,0,0,0,0,0,0,0,0,0,0,0,1,1
EGA,Pegasystems Inc,Technology,Software - Application,USA,5650000000.0,19.41,34.35,-0.72%,1118102.0,0,1,0,0,0,0,0,0,0,0,0,0,0,0,0,0,0,0,0,0,0,0,0,0,0,0,0,0,1,0,1
EMX,Putnam Emerging Markets ex-China ETF,Financial,Exchange Traded Fund,USA,,,87.6,-1.29%,2677.0,0,0,0,0,0,0,0,0,1,0,0,0,0,0,0,0,0,0,0,0,0,0,0,0,0,0,0,0,1,0,1
EP,PepsiCo Inc,Consumer Defensive,Beverages - Non-Alcoholic,USA,168880000000.0,16.23,123.73,-1.58%,13341126.0,0,1,0,0,0,0,0,0,0,0,0,0,-1,0,0,0,0,0,0,0,0,0,0,0,0,0,0,0,1,1,2
EPS,Parametric Equity Plus ETF,Financial,Exchange Traded Fund,USA,,,33.6,-0.02%,239.0,0,0,0,0,0,0,0,-1,0,0,0,0,0,0,0,0,0,0,0,0,0,0,0,0,0,0,0,0,0,1,1
ERI,Perion Network Ltd,Communication Services,Advertising Agencies,Israel,341380000.0,,8.68,1.52%,224804.0,0,0,0,0,0,0,0,0,1,0,0,0,0,0,0,0,0,0,0,0,0,0,0,0,0,0,0,0,1,0,1
ETZ,TDH Holdings Inc,Real Estate,Real Estate Services,China,13940000.0,7.75,1.35,3.85%,905.0,0,0,0,0,0,0,0,0,0,0,1,0,0,0,0,0,0,0,0,0,0,0,-1,0,0,0,0,0,1,1,2
EVC,Pacer PE/VC ETF,Financial,Exchange Traded Fund,USA,,,32.67,-1.43%,364.0,0,0,0,0,0,0,0,-1,0,0,0,0,0,0,0,0,0,0,0,0,0,0,0,0,0,0,0,0,0,1,1
EZ,Invesco Dorsey Wright Consumer Cyclicals Momentum ETF,Financial,Exchange Traded Fund,USA,,,93.75,-0.52%,308.0,0,0,0,0,0,0,0,0,0,0,0,0,0,0,0,0,0,0,0,0,0,0,0,1,0,0,0,0,1,0,1
FBC,"Preferred Bank (Los Angeles, CA)",Financial,Banks - Regional,USA,1220000000.0,9.41,103.03,-1.44%,68690.0,0,0,0,0,0,0,0,0,0,0,0,0,0,0,0,0,0,0,0,0,0,0,0,0,-1,0,0,0,0,1,1
FFA,Virtus InfraCap U.S. Preferred Stock ETF,Financial,Exchange Traded Fund,USA,,,19.45,-1.47%,1173813.0,0,0,0,0,0,0,0,0,0,0,0,0,-1,0,0,0,0,0,0,0,0,0,0,0,0,0,0,0,0,1,1
FFL,ETRACSA 2xMonthlyA PayA LeveragedA PreferredA StockA IndexA ETN,Financial,Exchange Traded Fund,USA,,,6.67,-1.36%,183.0,0,0,0,0,0,0,0,0,1,0,0,0,0,0,0,0,0,0,0,0,0,0,0,0,0,0,0,0,1,0,1
FIG,Invesco Fundamental Investment Grade Corporate Bond ETF,Financial,Exchange Traded Fund,USA,,,23.13,0.09%,20808.0,0,0,0,0,0,1,0,0,0,0,0,0,0,0,0,0,0,0,0,0,0,0,0,0,0,0,0,0,1,0,1
FIS,Peoples Financial Services Corp,Financial,Banks - Regional,USA,684210000.0,12.11,68.35,-1.31%,33713.0,0,0,0,0,0,0,0,0,0,0,0,0,0,0,0,0,0,0,0,0,0,0,-1,0,0,0,0,0,0,1,1
FO,Flaherty & Crumrine Preferred and Income Opportunity Fund Inc,Financial,Closed-End Fund - Debt,USA,111160000.0,,8.5,-0.35%,19942.0,0,0,0,0,0,0,0,0,1,0,0,0,0,0,0,0,0,0,0,0,0,0,0,0,0,0,0,0,1,0,1
FXF,VanEck Preferred Securities ex Financials ETF,Financial,Exchange Traded Fund,USA,,,17.69,-0.34%,1143049.0,0,0,0,0,0,0,0,0,0,0,0,0,-1,0,0,0,0,0,0,0,0,0,0,1,0,0,-1,0,1,2,3
G,Procter & Gamble Co,Consumer Defensive,Household & Personal Products,USA,343340000000.0,22.33,147.82,-0.40%,8676328.0,0,0,0,0,0,1,0,0,0,0,1,0,0,0,0,0,0,0,0,0,0,0,0,0,0,0,0,0,2,0,2
GC,Peapack-Gladstone Financial Corp,Financial,Banks - Regional,USA,769570000.0,15.1,43.41,-1.74%,145837.0,0,0,0,0,0,0,0,0,0,0,0,0,0,0,0,0,0,0,0,-1,0,0,0,0,0,0,0,0,0,1,1
GEN,Precigen Inc,Healthcare,Biotechnology,USA,2700000000.0,,7.54,-0.13%,4152552.0,0,0,0,-1,0,0,0,-1,0,0,0,0,0,0,0,0,0,0,0,0,0,0,0,0,0,0,0,0,0,2,2
GF,Invesco Financial Preferred ETF,Financial,Exchange Traded Fund,USA,,,12.61,-0.63%,393391.0,0,0,0,-1,0,0,0,0,0,0,0,0,0,0,0,0,0,0,0,0,0,0,0,0,0,0,0,0,0,1,1
GP,Pimco Global StocksPLUS & Income Fund,Financial,Closed-End Fund - Foreign,USA,95400000.0,,8.23,-1.56%,42183.0,0,0,0,0,0,0,0,0,0,0,0,0,-1,0,0,0,0,0,0,0,0,0,0,1,0,0,0,0,1,1,2
GR,Progressive Corp,Financial,Insurance - Property & Casualty,USA,124430000000.0,10.73,214.12,0.98%,2551326.0,0,0,0,0,0,0,0,0,1,0,0,0,0,0,0,0,0,0,0,0,0,0,0,0,0,0,0,0,1,0,1
GRO,Putnam Focused Large Cap Growth ETF,Financial,Exchange Traded Fund,USA,,,49.48,-0.10%,4736.0,0,0,0,0,0,0,0,0,0,0,0,0,0,0,0,1,0,0,0,0,0,0,0,0,0,0,0,0,1,0,1
GZ,Principal Real Estate Income Fund,Financial,Closed-End Fund - Debt,USA,59240000.0,,8.85,-0.45%,22377.0,0,0,0,0,0,0,0,0,0,0,0,0,0,0,0,0,0,0,0,0,1,0,0,0,0,0,0,0,1,0,1
H,Parker-Hannifin Corp,Industrials,Specialty Industrial Machinery,USA,120160000000.0,33.44,952.79,-3.26%,451136.0,0,0,0,0,0,0,0,0,0,0,0,0,0,0,0,0,0,0,0,0,0,0,0,0,0,0,0,1,1,0,1
HAR,Pharming Group NV ADR,Healthcare,Biotechnology,Netherlands,683030000.0,77.57,9.65,-0.31%,3833.0,0,0,0,0,0,0,0,0,1,0,0,0,0,0,0,0,0,0,0,0,0,0,0,0,0,0,0,0,1,0,1
HAT,Phathom Pharmaceuticals Inc,Healthcare,Biotechnology,USA,550940000.0,,6.81,0.44%,1630667.0,0,0,0,0,0,0,0,0,0,0,0,0,0,0,0,0,0,0,0,-1,0,0,0,0,0,0,0,0,0,1,1
HDG,Invesco S&P 500 Downside Hedged ETF,Financial,Exchange Traded Fund,USA,,,41.81,-0.29%,585.0,0,0,0,0,0,0,0,0,1,0,0,0,0,0,0,0,0,0,0,0,0,0,0,0,0,0,0,0,1,0,1
HG,Koninklijke Philips NV ADR,Healthcare,Medical Devices,Netherlands,23550000000.0,17.95,24.09,-0.25%,1443487.0,0,0,0,0,0,1,0,0,0,0,0,0,0,0,0,0,0,0,0,-1,0,0,0,0,0,0,0,0,1,1,2
HIO,Phio Pharmaceuticals Corp,Healthcare,Biotechnology,USA,11610000.0,,1.0,0.51%,92956.0,0,0,0,0,0,0,0,0,0,0,0,0,-1,0,0,0,0,0,0,0,0,0,0,0,0,0,0,0,0,1,1
HOX,Aura AI Photonics ETF,Financial,Exchange Traded Fund,USA,,,25.28,-0.99%,982.0,0,0,0,0,0,0,0,0,0,0,1,0,0,0,0,0,0,0,0,0,0,0,0,0,0,0,0,0,1,0,1
HR,Phreesia Inc,Healthcare,Health Information Services,USA,651750000.0,62.17,10.5,2.44%,595965.0,0,0,0,-1,0,0,0,0,0,0,0,0,0,0,0,0,0,0,0,0,0,0,0,0,0,0,0,0,0,1,1
HVS,Pharvaris NV,Healthcare,Biotechnology,Netherlands,2210000000.0,,31.68,1.80%,341842.0,0,0,0,0,0,1,0,0,0,0,0,0,0,0,0,0,0,0,0,0,0,0,0,0,0,0,0,0,1,0,1
HYL,PGIM Active High Yield Bond ETF,Financial,Exchange Traded Fund,USA,,,33.62,-0.12%,122769.0,0,0,0,-1,0,0,0,0,0,0,0,0,0,0,0,0,0,0,0,0,0,0,0,0,0,0,0,0,0,1,1
IEL,Pacer International Export Leaders ETF,Financial,Exchange Traded Fund,USA,,,28.59,-0.68%,7.0,0,0,0,0,0,0,0,0,0,0,1,0,0,0,0,0,0,0,0,0,0,0,-1,0,0,0,0,0,1,1,2
IM,Franklin Master Intermediate Income Trust,Financial,Closed-End Fund - Debt,USA,144070000.0,,2.99,-0.33%,35105.0,0,0,0,-1,0,0,0,0,0,0,0,0,0,0,0,0,0,0,0,0,0,0,0,0,0,0,0,0,0,1,1
INK,Simplify Health Care ETF,Financial,Exchange Traded Fund,USA,,,37.78,0.00%,347190.0,0,0,0,0,0,0,0,0,0,0,0,0,0,0,0,0,0,0,0,0,0,0,-1,0,0,0,0,0,0,1,1
IPE,Invesco SteelPath MLP & Energy Infrastructure ETF,Financial,Exchange Traded Fund,USA,,,29.05,-1.46%,1439.0,0,0,0,0,0,0,0,0,0,0,0,0,0,0,0,0,0,0,0,0,0,0,0,0,-1,0,0,0,0,1,1
JFG,PGIM Jennison Focused Growth ETF,Financial,Exchange Traded Fund,USA,,,124.18,-0.17%,1259.0,0,0,0,0,0,0,0,-1,0,0,0,0,0,0,0,0,0,0,0,0,0,0,0,0,0,0,0,0,0,1,1
JFM,PGIM Jennison Focused Mid-Cap ETF,Financial,Exchange Traded Fund,USA,,,65.4,-1.65%,46.0,0,0,0,0,0,0,0,0,0,0,0,0,-1,0,0,0,0,0,0,0,0,0,0,0,0,0,0,0,0,1,1
JIO,PGIM Jennison Focused International Equity ETF,Financial,Exchange Traded Fund,USA,,,63.81,-1.91%,82.0,0,0,0,0,0,0,0,0,0,0,0,0,0,0,0,1,0,0,0,0,0,0,0,0,0,0,0,0,1,0,1
JUL,Innovator U.S. Equity Power Buffer ETF - July,Financial,Exchange Traded Fund,USA,,,50.21,-0.12%,34450.0,0,0,0,0,0,0,0,-1,0,0,1,0,0,0,0,0,0,0,0,0,0,0,0,0,0,0,0,0,1,1,2
JUN,Innovator U.S. Equity Power Buffer ETF - June,Financial,Exchange Traded Fund,USA,,,44.47,-0.11%,13772.0,0,0,0,0,0,1,0,0,0,0,0,0,0,0,0,1,0,0,0,0,0,0,0,0,0,0,0,0,2,0,2
KBK,Parke Bancorp Inc,Financial,Banks - Regional,USA,380130000.0,8.42,32.32,-1.40%,35017.0,0,0,0,0,0,0,0,0,0,0,0,0,0,0,0,0,0,0,0,0,0,0,-1,0,0,0,0,0,0,1,1
KE,Park Aerospace Corp,Industrials,Aerospace & Defense,USA,636440000.0,47.08,29.26,-2.66%,260596.0,0,1,0,0,0,1,0,0,0,0,0,0,0,0,0,0,0,0,0,0,0,0,0,0,0,0,0,0,2,0,2
KX,POSCO Holdings Inc ADR,Basic Materials,Steel,South Korea,17020000000.0,18.44,56.26,-4.22%,191773.0,0,0,0,0,0,0,0,0,1,0,0,0,0,0,0,0,0,0,0,0,0,0,0,0,0,0,0,0,1,0,1
LAB,Photronics Inc,Technology,Semiconductor Equipment & Materials,USA,1780000000.0,10.64,30.11,-2.30%,601663.0,0,0,0,0,0,0,0,0,1,1,0,0,0,0,0,0,0,0,0,0,0,0,0,0,0,0,0,0,2,0,2
LAY,Dave & Buster's Entertainment Inc,Communication Services,Entertainment,USA,228490000.0,,6.56,-4.37%,1759409.0,0,0,0,0,0,0,0,0,0,0,0,0,-1,-1,0,0,0,0,0,0,0,0,0,0,0,0,0,0,0,2,2
LBC,Plumas Bancorp,Financial,Banks - Regional,USA,427070000.0,12.07,61.37,-0.53%,39302.0,0,0,0,0,0,0,0,0,0,0,0,0,-1,0,0,0,0,0,0,0,0,0,0,0,0,0,0,0,0,1,1
LBL,Polibeli Group Ltd,Consumer Cyclical,Department Stores,Indonesia,2069999999.9999998,,5.64,-3.42%,179722.0,0,0,0,0,0,0,0,0,0,0,0,0,0,0,0,0,0,0,0,0,0,0,0,1,0,0,0,0,1,0,1
LBY,Playboy Inc,Consumer Cyclical,Apparel Manufacturing,USA,122200000.0,425.0,1.02,-1.92%,228939.0,0,1,0,0,0,0,0,0,1,0,0,0,0,0,0,0,0,0,0,0,0,0,0,0,0,0,0,0,2,0,2
LCE,Childrens Place Inc,Consumer Cyclical,Apparel Manufacturing,USA,42690000.0,,1.92,0.52%,60054.0,0,0,0,0,0,0,0,0,1,0,0,0,0,0,0,0,0,0,0,0,0,0,0,0,0,0,0,0,1,0,1
LGO,Pelagos Insurance Capital Ltd,Financial,Insurance - Diversified,Bermuda,1970000000.0,5.83,23.81,0.17%,480930.0,0,0,0,0,0,0,0,0,0,0,0,0,-1,0,0,0,0,0,0,0,0,0,0,0,0,0,0,0,0,1,1
LNT,Planet Fitness Inc,Consumer Cyclical,Leisure,USA,3250000000.0,14.62,43.09,1.99%,1734894.0,0,0,0,0,0,0,0,0,0,0,1,0,0,0,0,0,0,0,0,0,0,0,0,0,0,0,0,0,1,0,1
LRX,Pliant Therapeutics Inc,Healthcare,Biotechnology,USA,61300000.0,,0.99,-3.88%,756501.0,0,0,0,0,0,0,0,0,1,0,0,0,0,0,0,0,0,0,0,0,0,0,0,0,0,0,0,0,1,0,1
LTM,GraniteShares Platinum Shares,Financial,Exchange Traded Fund,USA,,,15.66,-4.45%,123208.0,0,0,0,0,0,0,0,0,1,0,0,0,0,0,0,0,0,0,0,0,0,0,0,0,0,0,0,0,1,0,1
LTW,Roundhill PLTR WeeklyPay ETF,Financial,Exchange Traded Fund,USA,,,25.49,1.35%,65081.0,0,0,0,0,0,0,0,0,0,0,1,1,0,0,0,0,0,0,0,0,0,0,0,0,0,0,0,0,2,0,2
LTY,YieldMax PLTR Option Income Strategy ETF,Financial,Exchange Traded Fund,USA,,,37.54,0.91%,126527.0,0,0,0,0,0,0,0,0,0,0,1,0,0,0,0,0,0,0,0,0,0,0,0,0,0,0,0,0,1,0,1
LUT,Plutus Financial Group Ltd,Financial,Capital Markets,Hong Kong,32229999.999999996,,2.1,-8.70%,38603.0,0,0,0,0,0,0,0,0,0,0,0,0,-1,0,0,0,0,0,0,0,0,0,0,0,0,0,0,0,0,1,1
LXS,Plexus Corp,Technology,Electronic Components,USA,7100000000.0,39.32,266.57,-2.22%,206005.0,0,0,0,0,0,0,0,0,1,1,0,0,0,0,0,0,0,0,0,0,0,0,0,0,0,0,0,0,2,0,2
MA,PMA Graphene Technology Group Inc,Industrials,Engineering & Construction,Hong Kong,16350000.000000002,,1.26,2.44%,10006.0,0,0,0,0,0,0,0,0,1,0,1,1,0,0,0,1,0,0,0,0,0,0,0,0,0,0,0,0,4,0,4
MBS,PIMCO Mortgage-Backed Securities Active ETF,Financial,Exchange Traded Fund,USA,,,46.05,-0.11%,274068.0,0,0,0,0,0,0,0,0,0,0,0,0,0,0,0,0,0,0,0,-1,0,0,0,0,0,0,0,0,0,1,1
MCB,PharmaCyte Biotech Inc,Healthcare,Biotechnology,USA,4350000.0,,0.41,-3.98%,97500.0,0,0,0,0,0,0,0,0,1,0,0,0,0,0,0,0,0,0,0,0,0,0,0,0,0,0,0,0,1,0,1
MI,Picard Medical Inc,Healthcare,Medical Devices,USA,21910000.0,,9.37,7.21%,792561.0,0,0,0,0,0,0,0,0,0,0,0,0,0,0,0,0,0,0,0,0,0,0,0,1,0,0,0,0,1,0,1
MMF,iShares Prime Money Market ETF,Financial,Exchange Traded Fund,USA,,,100.25,-0.07%,166600.0,0,1,0,0,0,1,0,0,0,0,0,0,-1,-1,0,0,0,0,0,0,0,0,0,0,0,0,0,0,2,2,4
MN,ProMIS Neurosciences Inc,Healthcare,Biotechnology,Canada,81780000.0,,9.12,-0.98%,25166.0,0,0,0,0,0,0,0,0,1,0,0,0,0,0,0,0,0,0,0,0,0,0,0,0,0,0,0,0,1,0,1
MT,Pennymac Mortgage Investment Trust,Real Estate,REIT - Mortgage,USA,688890000.0,5.53,7.9,-1.62%,2657062.0,0,0,0,0,0,0,0,0,0,0,0,0,0,0,0,0,0,0,0,-1,0,0,0,0,0,0,0,0,0,1,1
MTS,CPI Card Group Inc,Financial,Credit Services,USA,293050000.0,21.81,25.28,1.69%,132341.0,0,0,0,0,0,1,0,0,0,0,0,0,0,0,0,0,0,0,0,0,0,0,0,0,0,0,0,0,1,0,1
MVP,PMV Pharmaceuticals Inc,Healthcare,Biotechnology,USA,113270000.0,,1.5,-6.83%,607439.0,0,0,0,0,0,0,0,0,0,0,0,0,0,0,0,0,0,0,0,0,1,0,0,0,0,0,0,0,1,0,1
NBK,Patriot National Bancorp Inc,Financial,Banks - Regional,USA,114460000.0,,0.93,0.09%,143597.0,0,0,0,0,0,0,0,0,0,0,0,0,0,0,0,0,0,0,0,0,0,0,0,0,0,1,0,0,1,0,1
NR,Pentair plc,Industrials,Specialty Industrial Machinery,United Kingdom,8330000000.0,13.13,52.19,-1.42%,2334231.0,0,0,0,0,0,0,0,0,0,0,0,0,0,0,0,0,0,0,0,-1,0,0,0,0,0,0,0,0,0,1,1
NRG,PrimeEnergy Resources Corp,Energy,Oil & Gas E&P,USA,331660000.0,20.19,209.57,-0.32%,63000.0,0,0,0,0,0,0,0,0,0,0,0,0,-1,0,0,0,0,0,0,0,0,0,0,0,0,0,0,0,0,1,1
OCI,Precision Optics Corp Inc,Healthcare,Medical Instruments & Supplies,USA,49600000.0,,4.52,0.44%,20863.0,0,0,0,0,0,0,0,0,0,0,1,0,0,0,0,0,0,0,0,0,0,0,0,0,0,0,0,0,1,0,1
ODC,PodcastOne Inc,Communication Services,Internet Content & Information,USA,65040000.00000001,,2.15,-3.15%,34354.0,0,0,0,0,0,0,0,0,0,0,0,0,0,0,0,0,0,0,0,0,0,0,0,1,0,0,0,0,1,0,1
ODD,Insulet Corp,Healthcare,Medical Devices,USA,9320000000.0,26.64,134.36,-0.27%,1032906.0,0,0,0,0,0,0,0,0,1,1,0,0,0,0,0,0,0,0,0,0,0,0,0,0,0,0,0,0,2,0,2
OLA,Polar Power Inc,Industrials,Electrical Equipment & Parts,USA,4950000.0,,1.15,0.88%,54206.0,0,0,0,0,0,0,0,0,0,0,0,0,-1,0,0,0,0,0,0,0,0,0,0,0,0,0,0,0,0,1,1
ONY,Pony AI Inc ADR,Technology,Information Technology Services,China,2140000000.0000002,,6.07,-0.98%,3864221.0,0,0,0,0,0,0,0,0,1,0,0,0,0,0,0,0,0,0,0,0,0,0,0,0,0,0,0,0,1,0,1
OOL,Pool Corp,Industrials,Industrial Distribution,USA,5600000000.0,14.17,154.14,-2.59%,822359.0,0,0,0,-1,0,0,0,0,0,0,0,0,0,0,0,0,0,0,0,0,0,0,0,0,0,0,0,0,0,1,1
OR,Portland General Electric Co,Utilities,Utilities - Regulated Electric,USA,5270000000.0,19.84,44.83,1.26%,1523404.0,0,1,0,0,0,0,0,0,0,0,1,0,0,0,0,0,0,0,0,0,0,0,0,0,0,0,0,0,2,0,2
OST,Post Holdings Inc,Consumer Defensive,Packaged Foods,USA,3190000000.0,13.32,72.54,-1.06%,777863.0,0,0,0,0,0,0,0,0,1,0,0,0,0,0,0,0,0,0,0,0,0,0,0,0,0,0,0,0,1,0,1
OW,VistaShares Electrification Supercycle ETF,Financial,Exchange Traded Fund,USA,,,27.04,-1.93%,43451.0,0,0,0,0,0,1,0,0,0,0,0,0,0,0,0,1,0,0,0,0,0,0,0,0,0,0,0,0,2,0,2
OWA,Invesco Bloomberg Pricing Power ETF,Financial,Exchange Traded Fund,USA,,,87.1,-1.10%,2792.0,0,0,0,0,0,0,0,0,0,0,1,0,0,0,0,0,0,0,0,0,0,0,0,0,0,0,0,0,1,0,1
OWR,iShares U.S. Power Infrastructure ETF,Financial,Exchange Traded Fund,USA,,,25.42,-0.97%,100556.0,0,0,0,0,0,1,0,0,0,0,0,0,0,0,0,0,0,0,0,0,0,0,0,0,0,0,0,0,1,0,1
OWW,Outdoor Holding Co,Industrials,Aerospace & Defense,USA,258810000.0,81.09,2.23,3.24%,506660.0,0,0,0,0,0,0,0,0,0,0,0,0,0,0,0,0,0,1,0,0,0,0,0,0,0,0,0,0,1,0,1
PC,Pilgrim's Pride Corp,Consumer Defensive,Packaged Foods,USA,6700000000.0,12.29,28.12,0.82%,1339141.0,0,0,0,0,0,1,0,0,0,0,0,0,0,0,0,0,0,0,0,0,0,0,0,0,0,0,0,0,1,0,1
PL,PPL Corp,Utilities,Utilities - Regulated Electric,USA,25550000000.0,20.17,33.95,0.74%,6874903.0,0,0,0,0,0,0,0,0,1,1,0,0,0,0,0,0,0,0,0,0,0,0,0,0,0,0,0,0,2,0,2
PTA,Perpetua Resources Corp,Basic Materials,Other Precious Metals & Mining,USA,2500000000.0,,19.99,-3.06%,962407.0,0,0,0,0,0,0,0,0,0,0,0,0,0,0,0,0,0,0,0,-1,0,0,0,0,0,0,0,0,0,1,1
QNT,Pictet AI Enhanced International Equity ETF,Financial,Exchange Traded Fund,USA,,,22.64,-1.07%,284.0,0,0,0,0,0,0,0,0,0,0,0,0,0,0,0,0,0,0,0,0,0,0,-1,0,0,0,0,0,0,1,1
QUS,Pictet AI Enhanced US Equity ETF,Financial,Exchange Traded Fund,USA,,,29.05,-0.06%,23323.0,0,1,0,0,0,0,0,0,0,0,1,0,0,0,0,0,0,0,0,0,0,0,0,0,0,0,0,0,2,0,2
QV,PGIM S&P 500 Quarterly Buffer 5 ETF,Financial,Exchange Traded Fund,USA,,,25.76,-0.10%,11.0,0,0,0,0,0,0,0,-1,0,0,1,0,0,0,0,0,0,0,0,0,0,0,-1,0,0,0,0,0,1,2,3
R,Permian Resources Holdings Inc,Energy,Oil & Gas E&P,USA,18570000000.0,14.72,22.17,-0.81%,7565655.0,0,0,0,-1,0,0,0,0,0,0,0,0,0,0,0,0,0,0,0,0,0,0,0,0,0,0,0,0,0,1,1
RAB,State Street IG Public & Private ABS ETF,Financial,Exchange Traded Fund,USA,,,24.67,-0.04%,18.0,0,0,0,0,0,0,0,0,1,1,0,0,0,0,0,0,0,0,0,0,0,0,0,0,0,0,0,0,2,0,2
RAY,FIS Trust,Financial,Exchange Traded Fund,USA,,,35.28,-0.83%,21565.0,0,0,0,0,0,0,0,0,0,0,1,0,0,0,0,0,0,0,0,0,0,0,-1,0,0,0,0,0,1,1,2
RF,Invesco RAFI US 1000 ETF,Financial,Exchange Traded Fund,USA,,,55.09,-0.42%,538211.0,0,0,0,0,0,0,0,0,0,0,0,0,0,0,0,0,0,0,0,0,0,0,-1,0,0,0,0,0,0,1,1
RFZ,Invesco RAFI US 1500 Small-Mid ETF,Financial,Exchange Traded Fund,USA,,,52.73,-1.20%,78369.0,0,0,0,0,0,0,0,0,1,0,0,0,0,0,0,0,0,0,0,0,0,0,0,0,0,0,0,0,1,0,1
RIM,Primoris Services Corp,Industrials,Engineering & Construction,USA,4420000000.0,32.33,82.16,-3.31%,1205062.0,0,0,0,0,0,0,0,0,0,0,0,0,0,0,0,0,0,0,0,0,0,0,0,1,0,0,0,0,1,0,1
RLB,Proto Labs Inc,Industrials,Metal Fabrication,USA,2230000000.0,74.3,93.27,-4.12%,232828.0,0,0,0,0,0,1,0,0,0,0,0,0,0,0,0,0,0,0,0,0,0,0,0,0,0,0,0,0,1,0,1
RMB,Primo Brands Corp,Consumer Defensive,Beverages - Non-Alcoholic,USA,6880000000.0,69.5,19.0,-1.14%,10923500.0,0,0,0,0,0,0,0,-1,0,0,0,0,0,0,0,0,0,0,0,0,0,0,0,0,0,0,0,0,0,1,1
RME,Prime Medicine Inc,Healthcare,Biotechnology,USA,707370000.0,,3.9,11.43%,11202328.0,0,0,0,0,0,0,0,0,0,0,1,0,0,0,0,1,0,0,0,0,0,0,0,0,0,0,0,0,2,0,2
RMR,PeakShares RMR Prime Equity ETF,Financial,Exchange Traded Fund,USA,,,29.1,-0.37%,18956.0,0,0,0,-1,0,0,0,0,0,0,0,0,0,0,0,0,0,0,0,0,0,0,0,0,0,0,0,0,0,1,1
RN,Invesco Dorsey Wright Industrials Momentum ETF,Financial,Exchange Traded Fund,USA,,,196.58,-2.14%,19145.0,0,0,0,0,0,0,0,0,1,0,0,0,0,0,0,0,0,0,0,0,0,0,0,0,0,0,0,0,1,0,1
RNT,ARK 3D Printing ETF,Financial,Exchange Traded Fund,USA,,,25.48,-1.36%,6040.0,0,0,0,0,0,0,0,0,0,0,1,0,0,0,0,0,0,0,0,0,0,0,-1,0,0,0,0,0,1,1,2
ROF,Profound Medical Corp,Healthcare,Medical Devices,Canada,207490000.0,,5.68,-6.58%,395249.0,0,0,0,0,0,0,0,0,0,0,1,0,0,0,0,0,0,0,0,0,0,0,0,0,0,0,0,0,1,0,1
ROK,ProKidney Corp,Healthcare,Biotechnology,USA,474650000.0,,1.57,-1.87%,832186.0,0,0,0,0,0,1,0,0,0,0,0,0,0,0,0,0,0,0,0,0,0,0,0,0,0,0,0,0,1,0,1
ROP,Prairie Operating Co,Energy,Oil & Gas E&P,USA,45780000.0,,0.41,2.71%,440150.0,0,0,0,0,0,0,0,0,1,0,0,0,0,0,0,0,0,0,0,0,0,0,0,0,0,0,0,0,1,0,1
RT,PermRock Royalty Trust,Energy,Oil & Gas E&P,USA,21660000.0,7.57,1.78,-4.30%,67683.0,0,0,0,0,0,0,0,0,1,0,0,0,0,0,0,0,0,0,0,0,0,0,0,0,0,0,0,0,1,0,1
SBD,Palmer Square Capital BDC Inc,Financial,Asset Management,USA,293020000.0,,9.56,-0.42%,138474.0,0,0,0,0,0,0,0,0,0,0,0,0,-1,0,0,0,0,0,0,0,0,0,0,1,0,0,0,0,1,1,2
SCE,Invesco S&P SmallCap Energy ETF,Financial,Exchange Traded Fund,USA,,,59.69,-1.08%,36047.0,0,1,0,-1,0,0,0,0,0,0,1,0,0,0,0,0,0,0,0,0,0,0,0,0,-1,0,0,0,2,2,4
SCM,Invesco S&P SmallCap Materials ETF,Financial,Exchange Traded Fund,USA,,,95.15,-1.92%,82.0,0,0,0,0,0,0,0,0,1,0,0,0,0,0,0,0,0,0,0,0,0,0,0,0,0,0,0,0,1,0,1
SCU,Invesco S&P SmallCap Utilities & Communication Services ETF,Financial,Exchange Traded Fund,USA,,,59.95,0.14%,1973.0,0,0,0,0,0,0,0,0,0,0,1,1,0,0,0,0,0,0,0,0,0,0,0,0,-1,0,0,0,2,1,3
SCW,Pacer Swan SOS Conservative (April) ETF,Financial,Exchange Traded Fund,USA,,,30.81,-0.13%,6.0,0,0,0,0,0,0,0,0,0,0,0,0,0,0,0,0,0,1,0,0,0,0,0,0,0,0,0,0,1,0,1
SEP,Innovator U.S. Equity Power Buffer ETF - September,Financial,Exchange Traded Fund,USA,,,47.34,-0.13%,39863.0,0,0,0,0,0,0,0,-1,0,0,0,0,0,0,0,0,0,0,0,0,0,0,0,0,0,0,0,0,0,1,1
SFE,Paysafe Limited,Technology,Software - Infrastructure,United Kingdom,298150000.0,,5.71,2.70%,313073.0,0,0,0,0,0,0,0,0,1,0,0,0,0,0,0,0,0,0,0,0,0,0,0,0,0,0,0,0,1,0,1
SL,Invesco Dorsey Wright Consumer Staples Momentum ETF,Financial,Exchange Traded Fund,USA,,,108.31,-0.08%,1706.0,0,0,0,0,0,0,0,0,0,0,0,0,0,0,0,0,0,0,0,0,1,0,0,0,0,0,0,0,1,0,1
SLV,Sprott Physical Silver Trust,Financial,Asset Management,Canada,11840000000.0,,19.43,-2.85%,6870467.0,0,0,0,0,0,0,0,0,1,0,0,0,0,0,0,0,0,0,0,0,0,0,0,0,0,0,0,0,1,0,1
SMT,Pricesmart Inc,Consumer Defensive,Discount Stores,USA,5240000000.0,32.62,169.72,-1.33%,258616.0,0,0,0,0,0,0,0,0,0,0,0,0,-1,0,0,0,0,0,0,0,0,0,-1,0,0,0,0,0,0,2,2
SO,Pearson plc ADR,Communication Services,Publishing,United Kingdom,9840000000.0,24.7,16.42,0.61%,536703.0,0,0,0,0,0,0,0,0,0,0,0,0,0,0,0,0,0,0,0,0,0,0,-1,0,0,0,0,0,0,1,1
SQ,ProShares Short QQQ -1x Shares,Financial,Exchange Traded Fund,USA,,,24.25,0.29%,17231057.0,0,0,0,0,0,0,0,0,1,0,0,0,0,0,0,0,0,0,0,0,0,0,0,0,0,0,0,0,1,0,1
SQA,Palmer Square CLO Senior Debt ETF,Financial,Exchange Traded Fund,USA,,,20.56,-0.10%,21513.0,0,0,0,-1,0,0,0,0,0,0,0,0,0,0,0,0,0,0,0,0,0,0,0,0,0,0,0,0,0,1,1
SQO,Palmer Square Credit Opportunities ETF,Financial,Exchange Traded Fund,USA,,,20.56,0.00%,36277.0,0,0,0,0,0,0,0,0,0,0,1,0,0,0,0,0,0,0,0,0,0,0,-1,0,0,0,0,0,1,1,2
STL,Postal Realty Trust Inc,Real Estate,REIT - Office,USA,796840000.0,41.14,22.32,-1.63%,260664.0,0,0,0,0,0,0,0,0,0,0,0,0,-1,0,0,0,0,0,0,0,0,0,0,0,0,0,0,0,0,1,1
SWD,Xtrackers Cybersecurity Select Equity ETF,Financial,Exchange Traded Fund,USA,,,49.15,-2.00%,5616.0,0,0,0,0,0,1,0,0,0,0,1,1,0,0,0,0,0,1,0,0,0,0,-1,0,0,0,0,0,4,1,5
TC,PTC Inc,Technology,Software - Application,USA,21030000000.0,18.72,193.6,0.31%,7518927.0,0,0,0,0,0,0,0,0,0,0,0,0,0,0,0,0,0,0,0,0,0,0,0,0,0,0,0,1,1,0,1
TEN,Patterson-UTI Energy Inc,Energy,Oil & Gas Drilling,USA,4280000000.0000005,,11.23,-1.58%,5046356.0,0,0,0,0,0,0,0,0,0,0,1,0,0,0,0,0,0,0,0,0,0,0,-1,0,0,0,0,0,1,1,2
TF,Invesco Dorsey Wright Technology Momentum ETF,Financial,Exchange Traded Fund,USA,,,112.04,-0.63%,70532.0,0,0,0,0,0,0,0,0,0,0,0,0,-1,0,0,0,0,0,0,0,0,0,0,0,0,0,0,0,0,1,1
TIN,Pacer Trendpilot International ETF,Financial,Exchange Traded Fund,USA,,,36.32,-1.25%,4954.0,0,0,0,0,0,0,0,0,0,0,0,0,0,0,0,0,0,1,0,0,0,0,0,0,0,0,0,0,1,0,1
TL,Inspire 500 ETF,Financial,Exchange Traded Fund,USA,,,277.5,-1.13%,13258.0,0,0,0,0,0,0,0,0,0,0,0,0,0,0,0,0,0,0,0,0,1,0,-1,0,0,0,0,0,1,1,2
TLC,Pacer Trendpilot US Large Cap ETF,Financial,Exchange Traded Fund,USA,,,60.68,-0.25%,101460.0,0,1,0,0,0,0,0,-1,0,0,1,0,0,0,0,0,0,0,0,0,0,0,0,0,0,0,0,0,2,1,3
TLO,Portillos Inc,Consumer Cyclical,Restaurants,USA,287830000.0,19.77,3.79,0.26%,1577332.0,0,0,0,0,0,0,0,0,1,0,0,0,0,0,0,0,0,0,0,0,0,0,0,0,0,0,0,0,1,0,1
TN,Palatin Technologies Inc,Healthcare,Biotechnology,USA,16960000.0,,9.52,1.17%,9019.0,0,0,0,0,0,0,0,0,1,0,0,0,0,0,0,0,0,0,0,0,0,0,0,0,0,0,0,0,1,0,1
TNT,Corgi IP Licensing & Royalties ETF,Financial,Exchange Traded Fund,USA,,,24.61,-0.41%,14.0,0,0,0,0,0,0,0,0,0,0,0,0,-1,0,0,0,0,0,0,0,0,0,0,1,0,0,0,0,1,1,2
ULM,Pulmatrix Inc,Healthcare,Biotechnology,USA,5440000.0,,1.49,4.20%,11878.0,0,0,0,0,0,0,0,0,0,0,0,0,0,0,0,0,0,0,0,0,0,0,0,0,0,1,0,0,1,0,1
ULS,PGIM Ultra Short Bond ETF,Financial,Exchange Traded Fund,USA,,,49.51,0.04%,2643531.0,0,1,0,-1,0,0,0,0,0,0,0,0,0,0,0,0,0,0,0,0,0,0,0,0,0,0,0,0,1,1,2
UMP,ProPetro Holding Corp,Energy,Oil & Gas Equipment & Services,USA,1140000000.0,,9.28,-2.62%,2849940.0,0,0,0,0,0,0,0,0,1,0,0,0,0,0,0,0,0,0,0,0,0,0,0,0,0,0,0,0,1,0,1
USH,PGIM Ultra Short Municipal Bond ETF,Financial,Exchange Traded Fund,USA,,,49.84,0.10%,75390.0,0,1,0,0,0,0,0,0,0,0,0,0,0,0,0,0,0,0,0,-1,0,0,0,0,0,0,0,0,1,1,2
VEX,TrueShares ConVex Protect ETF,Financial,Exchange Traded Fund,USA,,,31.39,0.39%,1344.0,0,1,0,0,0,0,0,0,0,0,0,0,0,0,0,0,0,0,0,0,0,0,0,0,0,0,0,0,1,0,1
VH,PVH Corp,Consumer Cyclical,Apparel Manufacturing,USA,3610000000.0,,78.33,0.15%,836444.0,0,0,0,0,0,0,0,0,1,0,0,0,0,0,0,0,0,0,0,0,0,0,0,0,0,0,0,0,1,0,1
VI,Invesco Floating Rate Municipal Income ETF,Financial,Exchange Traded Fund,USA,,,24.86,-0.12%,1403.0,0,0,0,0,0,0,0,0,0,0,0,0,0,0,0,0,0,1,0,0,0,0,0,0,0,0,0,0,1,0,1
VL,Permianville Royalty Trust,Energy,Oil & Gas E&P,USA,59730000.0,10.34,1.81,-0.55%,17740.0,0,0,0,0,0,0,0,0,0,0,0,0,-1,0,0,0,0,0,0,0,0,0,0,0,0,0,0,0,0,1,1
WER,Nomura Energy Transition ETF,Financial,Exchange Traded Fund,USA,,,44.36,-1.35%,15.0,0,0,0,0,0,0,0,0,0,0,1,0,0,0,0,0,0,0,0,0,0,0,0,0,-1,0,0,0,1,1,2
WRD,TCW Transform Systems ETF,Financial,Exchange Traded Fund,USA,,,107.61,-1.91%,131049.0,0,0,0,0,0,0,0,0,1,0,0,0,0,0,0,0,0,0,0,0,0,0,0,0,0,0,0,0,1,0,1
WRZ,TrueShares Eagle Global Next Gen Power Infrastructure ETF,Financial,Exchange Traded Fund,USA,,,29.01,-0.49%,1478.0,0,0,0,0,0,0,0,0,1,0,0,0,0,0,0,0,0,0,0,0,0,0,0,0,0,0,0,0,1,0,1
XED,Phoenix Education Partners Inc,Consumer Defensive,Education & Training Services,USA,927140000.0,11.53,25.72,1.90%,75315.0,0,0,0,0,0,0,0,0,0,0,0,0,-1,0,0,0,0,0,0,0,0,0,0,0,0,0,0,0,0,1,1
XI,Invesco Dorsey Wright Energy Momentum ETF,Financial,Exchange Traded Fund,USA,,,64.0,-0.63%,13777.0,0,1,0,0,0,0,0,0,0,0,0,0,0,0,0,0,0,0,0,0,0,0,0,0,0,0,0,0,1,0,1
XLW,Pixelworks Inc,Technology,Semiconductors,USA,38480000.0,,6.36,-4.36%,21048.0,0,0,0,0,0,0,0,0,0,0,1,1,0,0,0,0,0,0,0,0,0,0,0,0,0,0,0,0,2,0,2
YZ,Invesco Dorsey Wright Basic Materials Momentum ETF,Financial,Exchange Traded Fund,USA,,,114.53,-1.97%,1241.0,0,0,0,0,0,0,0,0,0,0,0,0,0,0,0,0,0,0,0,0,1,0,0,0,0,0,0,0,1,0,1
ZG,Paramount Gold Nevada Corp,Basic Materials,Gold,USA,100880000.0,,1.17,-1.68%,207329.0,0,0,0,0,0,0,0,0,0,0,0,0,-1,0,0,0,0,0,0,0,0,0,0,0,0,0,0,0,0,1,1
ZZA,Papa John's International Inc,Consumer Cyclical,Restaurants,USA,637370000.0,24.31,19.36,-1.12%,978206.0,0,1,0,0,0,0,0,0,0,0,0,0,-1,-1,0,0,0,0,0,0,0,0,0,0,0,0,0,0,1,2,3
,Qnity Electronics Inc,Technology,Semiconductor Equipment & Materials,USA,27140000000.0,46.45,129.72,-2.93%,971435.0,0,1,0,0,0,1,0,0,1,1,0,0,0,0,0,0,0,0,0,0,0,0,0,0,0,0,0,0,4,0,4
AI,NYLIM Hedge Multi-Strategy Tracker ETF,Financial,Exchange Traded Fund,USA,,,36.16,-0.47%,42452.0,0,0,0,0,0,0,0,0,0,0,1,0,0,0,0,0,0,0,0,0,0,0,-1,0,0,0,0,0,1,1,2
ARP,Xtrackers Russell 1000 US Quality at a Reasonable Price ETF,Financial,Exchange Traded Fund,USA,,,67.7,-0.28%,318.0,0,0,0,-1,0,0,0,0,0,0,0,0,0,0,0,0,0,0,0,0,0,0,0,0,0,0,0,0,0,1,1
BKF,AllianzIM U.S. Small Cap Buffer15 ETF,Financial,Exchange Traded Fund,USA,,,26.02,-0.38%,5591.0,0,0,0,0,0,0,0,0,0,0,0,0,-1,0,0,0,0,0,0,0,0,0,0,0,0,0,0,0,0,1,1
BQF,AllianzIM Growth-100 Buffer15 ETF,Financial,Exchange Traded Fund,USA,,,26.19,-0.00%,4115.0,0,0,0,0,0,0,0,-1,0,0,0,0,0,0,0,0,0,0,0,0,0,0,0,0,0,0,0,0,0,1,1
BSV,AllianzIM U.S Equity Buffer5 ETF,Financial,Exchange Traded Fund,USA,,,27.42,-0.09%,4420.0,0,0,0,0,0,1,0,0,0,0,1,1,0,0,0,0,0,1,0,0,0,0,0,0,-1,0,0,0,4,1,5
BUL,TrueShares Quarterly Bull Hedge ETF,Financial,Exchange Traded Fund,USA,,,24.13,-0.05%,2412.0,0,0,0,0,0,0,0,0,0,0,0,0,-1,-1,0,0,0,0,0,0,0,0,0,0,0,0,0,0,0,2,2
CJL,FT Vest Nasdaq-100 Conservative Buffer ETF - July,Financial,Exchange Traded Fund,USA,,,26.37,-0.00%,6517.0,0,0,0,0,0,0,0,-1,0,0,0,0,0,0,0,0,0,0,0,0,0,0,0,0,0,0,0,0,0,1,1
CLR,Global X NASDAQ 100 Collar 95-110 ETF,Financial,Exchange Traded Fund,USA,,,28.49,-0.11%,6460.0,0,0,0,0,0,0,0,0,0,0,1,0,-1,0,0,0,0,0,0,0,0,0,0,0,0,0,0,0,1,1,2
CLS,Q/C Technologies Inc,Technology,Computer Hardware,USA,5170000.0,,0.63,-8.42%,297873.0,0,0,0,0,0,0,0,0,1,0,0,0,0,0,0,0,0,0,0,0,0,0,0,0,0,0,0,0,1,0,1
CMD,Direxion Daily QCOM Bear 1X ETF,Financial,Exchange Traded Fund,USA,,,16.34,2.16%,16664.0,0,0,0,0,0,0,0,0,1,0,0,0,0,0,0,0,0,0,0,0,0,0,0,0,0,0,0,0,1,0,1
CML,GraniteShares 2x Long QCOM Daily ETF,Financial,Exchange Traded Fund,USA,,,16.79,-4.41%,674939.0,0,0,0,0,0,0,0,0,0,0,0,0,-1,0,0,0,0,0,0,0,0,0,0,0,0,0,0,0,0,1,1
CMU,Direxion Daily QCOM Bull 2X ETF,Financial,Exchange Traded Fund,USA,,,20.79,-4.49%,101178.0,0,0,0,0,0,0,0,0,0,0,0,0,-1,0,0,0,0,0,0,0,0,0,0,1,0,0,0,0,1,1,2
DEL,QuidelOrtho Corp,Healthcare,Medical Devices,USA,844160000.0,,12.31,-2.07%,2456574.0,0,0,0,0,0,0,0,0,0,0,0,0,-1,0,0,0,0,0,0,0,1,0,0,1,0,0,0,0,2,1,3
DVO,Amplify CWP Growth & Income ETF,Financial,Exchange Traded Fund,USA,,,30.59,0.20%,206945.0,0,0,0,0,0,0,0,-1,0,0,0,0,0,0,0,0,0,0,0,0,0,0,0,0,0,0,0,0,0,1,1
EMM,State Street SPDR MSCI Emerging Markets StrategicFactors ETF,Financial,Exchange Traded Fund,USA,,,80.84,-1.22%,2146.0,0,0,0,0,0,0,0,0,0,0,1,0,0,0,0,0,0,0,0,0,0,0,0,0,-1,0,0,0,1,1,2
FLR,Innovator Nasdaq-100 Managed Floor ETF,Financial,Exchange Traded Fund,USA,,,36.72,0.18%,62591.0,0,0,0,-1,0,0,0,0,0,0,0,0,0,0,0,0,0,0,0,0,0,0,0,0,0,0,0,0,0,1,1
FRD,Pacer S&P 500 Quality FCF R&D Leaders,Financial,Exchange Traded Fund,USA,,,31.37,-0.85%,186.0,0,0,0,0,0,0,0,-1,0,0,0,0,0,0,0,0,0,0,0,0,0,0,0,0,0,0,0,0,0,1,1
GRW,WisdomTree U.S. Quality Growth Fund,Financial,Exchange Traded Fund,USA,,,70.57,-0.37%,647285.0,0,0,0,0,0,0,0,0,0,0,1,1,0,0,0,0,0,0,0,0,0,0,0,0,0,0,0,0,2,0,2
ID,ProShares UltraShort QQQ -2x Shares,Financial,Exchange Traded Fund,USA,,,12.58,0.48%,27803263.0,0,0,0,0,0,0,0,0,1,0,0,0,0,0,0,0,0,0,0,0,0,0,0,0,0,0,0,0,1,0,1
LEP,Quantum Leap Acquisition Corp,Financial,Shell Companies,USA,301290000.0,,10.05,0.00%,120.0,0,0,0,0,0,0,0,0,0,0,0,0,0,0,0,0,0,0,0,0,0,0,-1,0,0,0,0,0,0,1,1
LTI,GMO International Quality ETF,Financial,Exchange Traded Fund,USA,,,26.63,-0.37%,1482.0,0,0,0,0,0,0,0,0,0,0,1,0,0,0,0,0,0,0,0,0,0,0,0,0,0,0,0,0,1,0,1
LVE,Northern Trust Emerging Markets Quality Low Volatility ETF,Financial,Exchange Traded Fund,USA,,,33.9,-0.92%,13.0,0,0,0,0,0,0,0,0,0,0,0,0,0,0,0,1,0,0,0,0,0,0,0,0,0,0,0,0,1,0,1
MID,WisdomTree U.S. MidCap Quality Growth Fund,Financial,Exchange Traded Fund,USA,,,28.91,-1.22%,13.0,0,1,0,0,0,0,0,0,0,0,0,0,0,0,0,0,0,0,0,0,0,0,0,0,0,0,0,0,1,0,1
NC,Quantum eMotion Corp,Technology,Software - Infrastructure,Canada,342220000.0,,1.56,-4.29%,336639.0,0,0,0,0,0,0,0,0,1,0,0,0,0,0,0,0,0,0,0,0,0,0,0,0,0,0,0,0,1,0,1
NXT,iShares Nasdaq-100 ex Top 30 ETF,Financial,Exchange Traded Fund,USA,,,31.23,-0.99%,444.0,0,0,0,0,0,0,0,0,0,0,0,0,-1,0,0,0,0,0,0,0,0,0,0,0,0,0,-1,0,0,2,2
PX,AdvisorShares Q Dynamic Growth ETF,Financial,Exchange Traded Fund,USA,,,48.81,-0.71%,2110.0,0,0,0,0,0,0,0,0,0,0,1,1,0,0,0,0,0,0,0,0,0,0,-1,0,0,0,0,0,2,1,3
QDN,ProShares UltraShort QQQ Mega,Financial,Exchange Traded Fund,USA,,,18.74,-0.51%,21.0,0,0,0,0,0,0,0,0,1,0,0,0,0,0,0,0,0,0,0,0,0,0,0,0,0,0,0,0,1,0,1
QHG,Invesco QQQ Hedged Advantage ETF,Financial,Exchange Traded Fund,USA,,,68.68,-0.03%,23.0,0,1,0,0,0,0,0,0,0,0,0,0,0,0,0,0,0,0,0,0,0,0,0,0,0,0,0,0,1,0,1
QQD,Direxion Daily Magnificent 7 Bear 1X ETF,Financial,Exchange Traded Fund,USA,,,11.49,0.09%,14373.0,0,0,0,0,0,0,0,0,1,0,0,0,0,0,0,0,0,0,0,0,0,0,0,0,0,0,0,0,1,0,1
QQP,Tradr 2X Long Innovation 100 Quarterly ETF,Financial,Exchange Traded Fund,USA,,,242.75,-0.43%,234.0,0,0,0,0,0,0,0,0,0,0,1,0,0,0,0,0,0,0,0,0,0,0,0,0,0,0,0,0,1,0,1
QQS,Invesco NASDAQ Future Gen 200 ETF,Financial,Exchange Traded Fund,USA,,,42.03,-1.20%,5249.0,0,0,0,0,0,0,0,-1,0,0,0,0,0,0,0,0,0,0,0,0,0,0,0,0,0,0,0,0,0,1,1
QQU,Direxion Daily Magnificent 7 Bull 2X ETF,Financial,Exchange Traded Fund,USA,,,65.51,-0.21%,18651.0,0,0,0,0,0,0,0,0,0,0,1,0,0,0,0,0,0,0,0,0,0,0,0,0,0,0,0,0,1,0,1
QQX,Nuveen NASDAQ 100 Dynamic Overwrite Fund,Financial,Closed-End Fund - Equity,USA,1520000000.0,,30.91,-0.16%,62316.0,0,0,0,0,0,0,0,0,0,0,0,0,0,0,0,1,0,0,0,0,0,0,0,0,0,0,0,0,1,0,1
QUP,ProShares Ultra QQQ Mega,Financial,Exchange Traded Fund,USA,,,68.55,0.50%,116.0,0,0,0,0,0,0,0,-1,0,0,0,0,0,0,0,0,0,0,0,0,0,0,0,0,0,0,0,0,0,1,1
QWZ,Pacer Cash COWZ 100-Nasdaq 100 Rotator ETF,Financial,Exchange Traded Fund,USA,,,28.23,-0.19%,14982.0,0,0,0,0,0,0,0,0,0,0,1,0,0,0,0,0,0,0,0,0,0,0,0,0,-1,0,0,0,1,1,2
RMI,Global X NASDAQ 100 Risk Managed Income ETF,Financial,Exchange Traded Fund,USA,,,15.31,0.06%,3940.0,0,0,0,0,0,0,0,0,0,0,0,0,-1,0,0,0,0,0,0,0,0,0,0,1,0,0,0,0,1,1,2
S,QuantumScape Corp,Consumer Cyclical,Auto Parts,USA,2800000000.0,,4.52,-2.80%,11270190.0,0,0,0,0,0,0,0,0,1,0,0,0,0,0,0,0,0,0,0,0,0,0,0,0,0,0,0,0,1,0,1
SI,Quantum-Si Incorporated,Healthcare,Medical Devices,USA,280170000.0,,1.28,4.92%,8036980.0,0,0,0,0,0,0,0,0,0,0,0,0,0,0,0,0,0,0,0,0,0,0,0,1,0,0,0,0,1,0,1
SIX,Pacer Metaurus Nasdaq 100 Dividend Multiplier 600 ETF,Financial,Exchange Traded Fund,USA,,,44.23,-0.18%,189.0,0,0,0,0,0,0,0,0,0,0,0,0,0,0,0,1,0,0,0,0,0,0,0,0,0,0,0,0,1,0,1
SR,Restaurant Brands International Inc,Consumer Cyclical,Restaurants,USA,31560000000.0,20.52,69.43,-1.15%,2000913.0,0,0,0,0,0,0,0,0,0,0,1,0,0,0,0,0,0,0,0,0,1,0,-1,0,0,0,0,0,2,1,3
TPI,North Square Tax-Adv Preferred Income,Financial,Exchange Traded Fund,USA,,,24.64,-0.72%,10727.0,0,0,0,0,0,0,0,0,1,0,0,0,0,0,0,0,0,0,0,0,0,0,0,0,0,0,0,0,1,0,1
TRX,Quanterix Corp,Healthcare,Medical Devices,USA,157250000.0,,3.33,-3.34%,493638.0,0,0,0,0,0,0,0,0,0,0,0,0,-1,0,0,0,0,0,0,0,0,0,0,0,0,1,0,0,1,1,2
TUM,Defiance Quantum ETF,Financial,Exchange Traded Fund,USA,,,154.44,-1.87%,273347.0,0,0,0,0,0,0,0,0,0,0,0,0,0,0,0,1,0,0,0,0,0,0,0,0,0,0,0,0,1,0,1
UAD,Quad/Graphics Inc,Industrials,Specialty Business Services,USA,479460000.0,14.86,9.31,-0.85%,221451.0,0,0,0,0,0,1,0,0,0,0,0,0,0,0,0,0,0,0,0,0,0,0,0,0,0,0,0,0,1,0,1
UBX,Tradr 2X Long QUBT Daily ETF,Financial,Exchange Traded Fund,USA,,,22.87,-6.12%,29783.0,0,0,0,0,0,0,0,0,0,0,0,0,-1,-1,0,0,0,0,0,0,0,0,0,0,0,0,0,0,0,2,2
USA,VistaShares Target 15 USA Quality Income ETF,Financial,Exchange Traded Fund,USA,,,17.85,-0.45%,3943.0,0,0,0,0,0,0,0,0,0,0,0,0,-1,0,0,0,0,0,0,0,0,0,0,0,0,0,0,0,0,1,1
XL,Quantum X Labs Inc,Technology,Information Technology Services,Israel,86700000.0,,4.02,-1.71%,43856.0,0,1,0,0,0,1,0,0,0,0,0,0,-1,0,0,0,0,0,0,0,0,0,0,0,0,0,-1,0,2,2,4
XO,QXO Inc,Industrials,Industrial Distribution,USA,11730000000.0,,11.31,-6.61%,46473885.0,0,0,0,0,0,1,0,0,0,0,0,0,0,0,0,0,0,0,0,0,0,0,0,0,0,0,0,0,1,0,1
XQ,SGI Enhanced Nasdaq-100 ETF,Financial,Exchange Traded Fund,USA,,,33.71,-0.19%,3977.0,0,0,0,0,0,0,0,0,0,0,0,0,0,0,0,1,0,0,0,0,0,0,0,0,0,0,0,0,1,0,1
AA,SMI 3Fourteen REAL Asset Allocation ETF,Financial,Exchange Traded Fund,USA,,,30.21,-0.46%,47864.0,0,0,0,0,0,0,0,0,0,0,1,0,0,0,0,0,0,0,0,0,0,0,-1,0,0,0,0,0,1,1,2
AAA,Reckoner Yield Enhanced AAA CLO ETF,Financial,Exchange Traded Fund,USA,,,25.06,-0.00%,2094.0,0,0,0,0,0,0,0,0,0,0,0,0,0,0,0,1,0,0,0,0,0,0,0,0,0,0,0,0,1,0,1
AAX,VanEck Real Assets ETF,Financial,Exchange Traded Fund,USA,,,40.29,-1.47%,251471.0,0,0,0,0,0,0,0,0,0,0,0,0,-1,0,0,0,0,0,0,0,0,0,0,0,0,0,0,0,0,1,1
ACD,Research Alliance Corp IV,Financial,Shell Companies,USA,102750000.0,,11.41,-2.65%,29.0,0,0,0,0,0,0,0,0,1,0,0,0,0,0,0,0,0,0,0,0,0,0,0,0,0,0,0,0,1,0,1
AFE,Pimco Rafi ESG U.S. ETF,Financial,Exchange Traded Fund,USA,,,49.39,-0.14%,18364.0,0,0,0,-1,0,0,0,0,0,0,0,0,0,0,0,0,0,0,0,0,0,0,0,0,0,0,0,0,0,1,1
AIN,Rain Enhancement Technologies Holdco Inc,Industrials,Pollution & Treatment Controls,USA,8720000.0,,0.75,0.00%,71557.0,0,0,0,0,0,0,0,0,1,0,0,0,0,0,0,0,0,0,0,0,0,0,0,0,0,0,0,0,1,0,1
AM,Roundhill T-REX 2X Long DRAM Daily Target ETF,Financial,Exchange Traded Fund,USA,,,13.49,1.81%,9422973.0,0,1,0,0,0,0,0,0,0,0,1,1,0,0,0,0,0,0,0,0,1,0,0,0,0,0,0,0,4,0,4
AMZ,T-REX 2X Inverse DRAM Daily Target ETF,Financial,Exchange Traded Fund,USA,,,13.92,-1.97%,969553.0,0,0,0,0,0,0,0,0,1,0,0,0,0,0,0,0,0,0,0,0,0,0,0,0,0,0,0,0,1,0,1
ANI,Rani Therapeutics Holdings Inc,Healthcare,Biotechnology,USA,113200000.0,,0.81,-2.01%,232208.0,0,0,0,0,0,0,0,0,1,0,0,0,0,0,0,0,0,0,0,0,0,0,0,0,0,0,0,0,1,0,1
AUS,RACWI US ETF,Financial,Exchange Traded Fund,USA,,,30.55,-0.16%,1691.0,0,0,0,0,0,0,0,0,0,0,1,0,0,0,0,0,0,0,0,0,0,0,0,0,0,0,0,0,1,0,1
AVE,Rave Restaurant Group Inc,Consumer Cyclical,Restaurants,USA,32970000.0,11.5,2.32,1.31%,28271.0,0,0,0,0,0,0,0,0,0,0,1,0,0,0,0,0,0,0,0,0,0,0,0,0,0,0,0,0,1,0,1
AVI,Northern Trust Ultra-Short Fixed Income ETF,Financial,Exchange Traded Fund,USA,,,75.03,0.02%,92594.0,0,1,0,-1,0,0,0,0,0,0,0,0,0,0,0,0,0,0,0,0,0,0,0,0,0,0,0,0,1,1,2
BB,RBB Bancorp,Financial,Banks - Regional,USA,437450000.0,10.64,25.86,-0.92%,99481.0,0,0,0,0,0,0,0,0,0,0,0,0,-1,0,0,0,0,0,0,0,0,0,0,0,0,0,0,0,0,1,1
BIL,F/m Ultrashort Treasury Inflation-Protected Security (TIPS) ETF,Financial,Exchange Traded Fund,USA,,,50.01,0.03%,32025.0,0,0,0,0,0,0,0,0,1,1,0,0,0,0,0,0,0,0,0,0,0,0,0,0,0,0,-1,0,2,1,3
BKB,Rhinebeck Bancorp Inc,Financial,Banks - Regional,USA,202800000.0,20.16,12.97,-1.89%,33959.0,0,0,0,-1,0,0,0,0,0,0,0,0,0,0,0,0,0,0,0,0,0,0,0,0,0,0,0,0,0,1,1
BLD,First Trust Alerian U.S. NextGen Infrastructure ETF,Financial,Exchange Traded Fund,USA,,,84.7,-1.40%,647.0,0,1,0,0,0,0,0,0,0,0,0,0,0,0,0,0,0,0,0,0,0,0,0,0,-1,0,0,0,1,1,2
BLX,Roblox Corp,Communication Services,Electronic Gaming & Multimedia,USA,33150000000.0,,46.41,1.87%,12605810.0,0,0,0,0,0,0,0,0,0,0,0,0,0,0,0,0,0,0,0,-1,0,0,0,0,0,0,0,0,0,1,1
BUF,Innovator U.S. Small Cap 10 Buffer ETF - Quarterly,Financial,Exchange Traded Fund,USA,,,31.04,-0.42%,5666.0,0,0,0,0,0,0,0,0,0,0,0,0,-1,0,0,0,0,0,0,0,0,0,0,0,0,0,0,0,0,1,1
C,Ready Capital Corp,Real Estate,REIT - Mortgage,USA,203180000.0,,1.23,9.82%,2202531.0,0,0,0,0,0,0,0,0,1,1,0,0,0,0,0,0,0,0,0,0,0,0,0,0,0,0,0,0,2,0,2
CAT,Red Cat Holdings Inc,Industrials,Aerospace & Defense,USA,939190000.0,,6.15,-3.00%,7883238.0,0,0,0,0,0,0,0,0,1,0,0,0,0,0,0,0,0,0,0,0,0,0,0,0,0,0,0,0,1,0,1
CAX,Defiance Daily Target 2x Long RCAT ETF,Financial,Exchange Traded Fund,USA,,,7.54,-6.37%,68294.0,0,0,0,0,0,0,0,0,1,0,0,0,0,0,0,0,0,0,0,0,0,0,0,0,0,0,0,0,1,0,1
CS,PIMCO Strategic Income Fund Inc,Financial,Closed-End Fund - Debt,USA,237200000.0,,5.01,-0.79%,183348.0,0,1,0,0,0,0,0,0,0,0,0,0,0,0,0,0,0,0,0,0,0,0,0,0,0,0,0,0,1,0,1
CTR,First Trust Bloomberg Nuclear Power ETF,Financial,Exchange Traded Fund,USA,,,32.92,-1.26%,1379.0,0,0,0,0,0,1,0,0,1,0,0,0,0,0,0,0,0,0,0,0,0,0,0,0,0,0,0,0,2,0,2
DAC,Rising Dragon Acquisition Corp,Financial,Shell Companies,China,19250000.0,40.67,5.61,0.63%,5237.0,0,0,0,0,0,0,0,0,0,0,0,0,-1,-1,0,0,0,0,0,0,0,0,0,0,0,0,0,0,0,2,2
DFI,Rareview Dynamic Fixed Income ETF,Financial,Exchange Traded Fund,USA,,,21.29,-0.90%,11129.0,0,1,0,0,0,0,0,0,0,0,0,0,0,0,0,0,0,0,0,0,0,0,0,0,0,0,0,0,1,0,1
DNW,RideNow Group Inc,Consumer Cyclical,Auto & Truck Dealerships,USA,190370000.0,,4.88,0.00%,56540.0,0,0,0,0,0,0,0,0,1,0,0,0,0,0,0,0,0,0,0,0,0,0,0,0,0,0,-1,0,1,1,2
DOG,ALPS REIT Dividend Dogs ETF,Financial,Exchange Traded Fund,USA,,,37.45,-0.87%,1245.0,0,0,0,0,0,0,0,0,0,0,0,0,-1,0,0,0,0,0,0,0,0,0,0,0,0,0,0,0,0,1,1
DTL,GraniteShares 2x Long RDDT Daily ETF,Financial,Exchange Traded Fund,USA,,,12.88,4.97%,589417.0,0,0,0,0,0,0,0,0,0,0,0,0,-1,0,0,0,0,0,0,0,0,0,0,0,0,0,0,0,0,1,1
DTY,YieldMax R2000 0DTE Covered Strategy ETF,Financial,Exchange Traded Fund,USA,,,34.45,-1.60%,19281.0,0,1,0,0,0,0,0,0,0,0,0,0,0,0,0,0,0,0,0,0,0,0,0,0,0,0,0,0,1,0,1
DVT,Red Violet Inc,Technology,Software - Application,USA,1250000000.0,68.93,77.85,-0.22%,130255.0,0,0,0,0,0,0,0,-1,0,0,0,0,0,0,0,0,0,0,0,0,0,0,0,0,0,0,0,0,0,1,1
DW,Redwire Corp,Industrials,Aerospace & Defense,USA,2560000000.0,,10.24,-3.58%,14118468.0,0,0,0,0,0,0,0,0,0,0,0,0,0,0,0,0,0,0,0,0,0,0,0,0,0,0,-1,0,0,1,1
DY,Dr. Reddy's Laboratories Ltd ADR,Healthcare,Drug Manufacturers - Specialty & Generic,India,10220000000.0,27.57,12.27,-1.76%,3124891.0,0,0,0,0,0,0,0,0,1,0,0,0,0,0,0,0,0,0,0,0,0,0,0,1,0,0,0,0,2,0,2
DYY,YieldMax RDDT Option Income Strategy ETF,Financial,Exchange Traded Fund,USA,,,15.26,2.18%,19210.0,0,1,0,0,0,0,0,0,1,1,0,0,0,0,0,0,0,0,0,0,0,0,0,0,0,0,0,0,3,0,3
DZN,Roadzen Inc,Technology,Software - Application,USA,101350000.0,,1.19,-2.46%,454483.0,0,0,0,0,0,0,0,0,0,0,0,0,0,0,0,1,0,0,0,0,0,0,0,0,0,0,0,0,1,0,1
EAL,Therealreal Inc,Consumer Cyclical,Luxury Goods,USA,1140000000.0,,9.4,-0.11%,2868368.0,0,0,0,0,0,0,0,0,0,0,0,0,-1,0,0,0,0,0,0,0,0,0,0,1,0,0,0,0,1,1,2
EAX,Real REMAX Group Inc,Real Estate,Real Estate Services,USA,595620000.0,,16.29,-2.69%,450228.0,0,0,0,0,0,0,0,0,0,0,0,0,0,0,0,0,0,0,0,0,0,0,0,0,0,1,0,0,1,0,1
ECS,Columbia Research Enhanced Core ETF,Financial,Exchange Traded Fund,USA,,,45.7,-0.41%,667723.0,0,0,0,0,0,0,0,0,0,0,0,0,0,0,0,0,0,0,0,0,0,0,-1,0,0,0,0,0,0,1,1
EFR,Research Frontiers Inc,Technology,Electronic Components,USA,23830000.0,,0.68,-4.59%,100377.0,0,0,0,0,0,0,0,0,0,0,0,0,0,0,0,0,0,0,0,0,0,0,0,0,0,1,0,0,1,0,1
EGS,Columbia Large Cap Growth ETF,Financial,Exchange Traded Fund,USA,,,11.85,-0.46%,12388.0,0,0,0,0,0,0,0,0,0,0,1,0,0,0,0,0,0,0,0,0,0,0,0,0,0,0,0,0,1,0,1
ELL,Richardson Electronics Ltd,Technology,Electronic Components,USA,293220000.0,45.48,20.0,4.99%,1451489.0,0,1,0,0,0,0,0,0,0,0,0,0,0,0,0,0,0,0,0,0,0,0,0,0,0,0,0,0,1,0,1
EM,iShares Mortgage Real Estate ETF,Financial,Exchange Traded Fund,USA,,,17.34,-1.98%,2098704.0,0,0,0,0,0,0,0,0,0,0,0,0,0,0,0,1,0,0,0,0,0,0,0,0,0,0,0,0,1,0,1
EMX,VanEck Rare Earth/Strategic Metals ETF,Financial,Exchange Traded Fund,USA,,,61.88,-2.99%,1237860.0,0,0,0,0,0,0,0,0,1,0,0,0,0,0,0,0,0,0,0,0,0,0,0,0,0,0,0,0,1,0,1
ENT,Rent the Runway Inc,Consumer Cyclical,Apparel Retail,USA,56740000.0,0.13,1.68,1.82%,115103.0,0,0,0,0,0,0,0,0,1,0,0,0,0,0,0,0,0,0,0,0,0,0,0,0,0,0,0,0,1,0,1
ENX,RenX Enterprises Corp,Real Estate,Real Estate - Development,USA,4970000.0,,1.88,-3.09%,186253.0,0,0,0,0,0,0,0,0,0,0,0,0,0,0,0,0,0,0,0,0,0,0,0,0,0,1,0,0,1,0,1
EPX,Riley Exploration Permian Inc,Energy,Oil & Gas E&P,USA,957260000.0,7.95,43.21,0.79%,143642.0,0,0,0,-1,0,0,0,0,0,0,0,0,0,0,0,0,0,0,0,0,0,0,0,0,0,0,0,0,0,1,1
ES,RPC Inc,Energy,Oil & Gas Equipment & Services,USA,1320000000.0,59.28,5.94,-1.66%,1960693.0,0,0,0,0,0,0,0,0,1,0,0,0,0,0,0,0,0,0,0,0,0,0,0,0,0,0,0,0,1,0,1
EX,REX American Resources Corp,Basic Materials,Chemicals,USA,1470000000.0,12.15,44.31,0.61%,263157.0,0,0,0,0,0,0,0,0,0,0,0,0,-1,0,0,0,0,0,0,0,0,0,0,0,0,0,0,0,0,1,1
EXC,Sprott Rare Earths Ex-China ETF,Financial,Exchange Traded Fund,USA,,,15.16,-2.84%,156216.0,0,0,0,-1,0,0,0,0,0,0,0,0,0,0,0,1,0,0,0,0,0,0,0,0,0,0,0,0,1,1,2
FFC,ALPS Active Equity Opportunity ETF,Financial,Exchange Traded Fund,USA,,,77.17,-0.42%,341.0,0,0,0,0,0,0,0,0,0,0,1,0,0,0,0,0,0,1,0,0,0,0,0,0,0,0,0,0,2,0,2
FG,Invesco S&P MidCap 400 Pure Growth ETF,Financial,Exchange Traded Fund,USA,,,59.83,-1.94%,22609.0,0,0,0,0,0,0,0,0,0,0,0,0,0,0,0,0,0,0,0,0,1,0,-1,0,0,0,0,0,1,1,2
FIX,Simplify Bond Bull ETF,Financial,Exchange Traded Fund,USA,,,36.27,-0.93%,675979.0,0,0,0,0,0,0,0,0,0,0,0,0,-1,-1,0,0,0,0,0,0,0,0,0,0,0,0,0,0,0,2,2
FL,Rafael Holdings Inc,Real Estate,Real Estate Services,USA,76980000.0,,1.48,-0.67%,55439.0,0,0,0,0,0,0,0,0,1,0,0,0,0,0,0,0,0,0,0,0,0,0,0,0,0,0,0,0,1,0,1
FLR,Innovator U.S. Small Cap Managed Floor ETF,Financial,Exchange Traded Fund,USA,,,31.39,-0.89%,8036.0,0,0,0,0,0,0,0,0,1,0,0,0,0,0,0,0,0,0,0,0,0,0,0,0,0,0,0,0,1,0,1
FV,Invesco S&P MidCap 400 Pure Value ETF,Financial,Exchange Traded Fund,USA,,,143.89,-1.53%,2702.0,0,0,0,0,0,0,0,0,0,0,0,0,0,0,0,0,0,0,0,0,0,0,-1,0,0,0,0,0,0,1,1
GP,Resources Connection Inc,Industrials,Consulting Services,USA,129789999.99999999,,3.74,1.36%,799947.0,0,1,0,0,0,0,0,0,1,0,1,1,0,0,0,1,0,0,0,0,0,0,0,0,0,0,0,0,5,0,5
GR,"Sturm, Ruger & Co Inc",Industrials,Aerospace & Defense,USA,702240000.0,59.11,43.95,0.69%,185508.0,0,0,0,0,0,0,0,0,1,1,0,0,0,0,0,0,0,0,0,0,0,0,0,0,0,0,0,0,2,0,2
GS,Regis Corp,Consumer Cyclical,Personal Services,USA,74250000.0,12.29,29.7,-0.17%,6393.0,0,0,0,0,0,0,0,0,0,0,1,1,0,0,0,0,0,0,0,0,0,0,0,0,-1,0,0,0,2,1,3
GTI,Rigetti Computing Inc,Technology,Computer Hardware,USA,4870000000.0,,14.59,-3.82%,13739212.0,0,0,0,0,0,0,0,0,0,0,0,0,-1,0,0,0,0,0,0,0,0,0,0,1,0,0,0,0,1,1,2
GTU,Tradr 2X Long RGTI Daily ETF,Financial,Exchange Traded Fund,USA,,,9.0,-7.60%,92661.0,0,0,0,0,0,0,0,0,1,0,0,0,0,0,0,0,0,0,0,0,0,0,0,0,0,0,0,0,1,0,1
GTX,Defiance Daily Target 2X Long RGTI ETF,Financial,Exchange Traded Fund,USA,,,8.0,-7.73%,2055594.0,0,0,0,0,0,0,0,0,1,0,0,0,0,0,0,0,0,0,0,0,0,0,0,0,0,0,0,0,1,0,1
HP,Ryman Hospitality Properties Inc,Real Estate,REIT - Hotel & Motel,USA,8140000000.000001,29.3,119.29,-1.34%,428627.0,0,0,0,0,0,0,0,0,0,0,0,0,-1,0,0,0,0,0,0,0,1,0,0,0,0,0,0,0,1,1,2
HRX,Adaptive Tactical Rotation ETF,Financial,Exchange Traded Fund,USA,,,21.79,-0.18%,4155.0,0,0,0,0,0,0,0,0,0,0,0,0,-1,0,0,0,0,0,0,0,0,0,0,0,0,0,0,0,0,1,1
HTX,RH Tactical Outlook ETF,Financial,Exchange Traded Fund,USA,,,19.89,-0.91%,10.0,0,0,0,0,0,0,0,0,0,0,1,0,0,0,0,0,0,0,0,0,1,0,0,0,0,0,0,0,2,0,2
IGL,Rigel Pharmaceuticals,Healthcare,Biotechnology,USA,896450000.0,2.94,47.99,4.08%,232584.0,0,0,0,0,0,0,0,0,0,0,1,0,0,0,0,0,0,0,0,0,0,0,0,0,0,0,0,0,1,0,1
INF,ProShares Inflation Expectations ETF,Financial,Exchange Traded Fund,USA,,,32.73,0.30%,1386.0,0,0,0,0,0,0,0,0,0,0,1,0,0,0,0,0,0,0,0,0,0,0,-1,0,0,0,0,0,1,1,2
ISR,FolioBeyond Alternative Income and Interest Rate Hedge ETF,Financial,Exchange Traded Fund,USA,,,37.21,0.16%,138493.0,0,0,0,0,0,0,0,-1,0,0,0,0,0,0,0,0,0,0,0,0,0,0,0,0,0,0,0,0,0,1,1
ITM,Rithm Capital Corp,Real Estate,REIT - Mortgage,USA,4760000000.0,14.2,8.53,-1.50%,7967955.0,0,0,0,0,0,0,0,0,0,0,1,0,0,0,0,0,0,0,0,0,0,0,0,0,0,0,0,0,1,0,1
IV,RiverNorth Opportunities Fund Inc,Financial,Closed-End Fund - Equity,USA,280540000.0,,10.34,-1.24%,78847.0,0,0,0,0,0,0,0,0,1,0,0,0,0,0,0,0,0,0,0,0,0,0,0,0,0,0,0,0,1,0,1
IZE,Principal Inflation Protection ETF,Financial,Exchange Traded Fund,USA,,,24.36,0.08%,1032.0,0,0,0,0,0,0,0,0,1,0,0,0,0,0,0,0,0,0,0,0,0,0,0,0,0,0,0,0,1,0,1
JET,Republic Airways Holdings Inc,Industrials,Airlines,USA,830110000.0,,17.73,0.80%,46041.0,0,1,0,0,0,1,0,0,0,0,0,0,-1,-1,0,0,0,0,0,0,0,0,0,0,0,0,0,0,2,2,4
JMI,RJ Eagle Municipal Income ETF,Financial,Exchange Traded Fund,USA,,,23.87,-0.46%,32424.0,0,0,0,0,0,0,0,0,1,0,0,0,0,0,0,0,0,0,0,0,0,0,0,0,0,0,0,0,1,0,1
KLB,Rocket Lab Corp,Industrials,Aerospace & Defense,USA,43040000000.0,,71.92,-4.18%,20500741.0,0,0,0,0,0,0,0,0,0,0,0,0,0,0,0,0,0,0,0,0,0,0,0,0,0,1,0,0,1,0,1
KT,Rocket Companies Inc,Financial,Mortgage Finance,USA,32390000000.0,76.11,11.44,-1.29%,39961887.0,0,0,0,0,0,0,0,0,0,0,0,0,-1,-1,0,0,0,0,0,0,0,0,0,0,0,0,0,0,0,2,2
KX,Corgi RKLB 2x Daily ETF,Financial,Exchange Traded Fund,USA,,,11.35,-8.28%,18628.0,0,0,0,0,0,0,0,0,0,0,0,0,-1,0,0,0,0,0,0,0,0,0,0,0,0,0,0,0,0,1,1
LAY,Relay Therapeutics Inc,Healthcare,Biotechnology,USA,3930000000.0,,17.95,-4.22%,3433042.0,0,0,0,0,0,0,0,0,1,0,0,0,0,0,0,0,0,0,0,0,0,0,-1,0,0,0,0,0,1,1,2
LX,RLX Technology Inc ADR,Consumer Defensive,Tobacco,China,1580000000.0,15.78,1.73,1.76%,622508.0,0,0,0,-1,0,0,0,0,1,0,0,0,0,0,0,0,0,0,0,0,0,0,0,0,0,0,0,0,1,1,2
LYB,Rallybio Corp,Healthcare,Biotechnology,USA,89900000.0,2.17,16.93,-0.88%,7461.0,0,0,0,0,0,0,0,0,0,0,0,0,0,0,0,0,0,0,0,0,0,0,0,0,-1,0,0,0,0,1,1
MBI,Richmond Mutual Bancorporation Inc,Financial,Banks - Regional,USA,255070000.0,12.5,15.22,-0.39%,58560.0,0,1,0,0,0,0,0,0,0,0,0,0,0,0,0,0,0,0,0,0,0,0,0,0,0,0,0,0,1,0,1
MBS,Rambus Inc,Technology,Semiconductors,USA,12090000000.0,51.03,111.48,-2.29%,1070898.0,0,0,0,0,0,0,0,0,0,0,0,0,0,0,0,0,0,0,0,0,0,0,0,0,0,1,0,0,1,0,1
MI,RiverNorth Opportunistic Municipal Income Fund Inc,Financial,Closed-End Fund - Debt,USA,87210000.0,7.57,13.67,-0.73%,15708.0,0,1,0,0,0,0,0,0,0,0,0,0,0,0,0,0,0,0,0,0,0,0,0,0,0,0,0,0,1,0,1
MME,Rareview Government Money Market ETF,Financial,Exchange Traded Fund,USA,,,100.12,0.01%,1113.0,0,1,0,0,0,1,0,0,0,0,0,0,-1,-1,0,0,0,0,0,0,0,0,0,0,0,0,0,0,2,2,4
NAC,Cartesian Therapeutics Inc,Healthcare,Biotechnology,USA,202100000.0,,6.68,-1.04%,86411.0,0,0,0,0,0,0,0,0,0,0,0,0,0,0,0,0,0,0,0,0,0,0,-1,0,0,0,0,0,0,1,1
ND,First Trust Bloomberg R&D Leaders ETF,Financial,Exchange Traded Fund,USA,,,34.28,-0.10%,1698.0,0,0,0,0,0,0,0,-1,0,0,0,0,0,0,0,0,0,0,0,0,0,0,0,0,0,0,0,0,0,1,1
NR,RenaissanceRe Holdings Ltd,Financial,Insurance - Reinsurance,Bermuda,13420000000.0,5.55,323.03,-0.43%,465347.0,0,0,0,0,0,0,0,-1,0,0,0,0,0,0,0,0,0,0,0,0,0,0,0,0,0,0,0,0,0,1,1
NTX,Rein Therapeutics Inc,Healthcare,Biotechnology,USA,68040000.0,,0.79,-4.40%,446969.0,0,0,0,0,0,0,0,0,1,0,0,0,0,0,0,0,0,0,0,0,0,0,0,0,0,0,0,0,1,0,1
NXT,RenovoRx Inc,Healthcare,Biotechnology,USA,61830000.0,,1.37,-1.44%,594618.0,0,1,0,0,0,0,0,0,0,0,0,0,0,0,0,0,0,0,0,0,0,0,0,0,0,0,0,0,1,0,1
OAD,Construction Partners Inc,Industrials,Engineering & Construction,USA,5030000000.0,34.9,88.71,-5.52%,748187.0,0,0,0,0,0,0,0,0,1,0,0,0,0,0,0,0,0,0,0,0,0,0,0,0,0,0,0,0,1,0,1
OBT,First Trust Nasdaq Artificial Intelligence and Robotics ETF,Financial,Exchange Traded Fund,USA,,,60.08,-1.33%,29789.0,0,0,0,0,0,0,0,0,0,0,1,1,0,0,0,0,0,0,0,0,0,0,0,0,0,0,0,0,2,0,2
OCY,JPMorgan Equity Premium Yield ETF,Financial,Exchange Traded Fund,USA,,,55.55,-0.11%,237995.0,0,0,0,0,0,1,0,0,0,0,0,0,0,0,0,0,0,0,0,0,0,0,0,0,0,0,0,0,1,0,1
ODM,Hartford Multifactor Developed Markets (ex-US) ETF,Financial,Exchange Traded Fund,USA,,,40.55,-0.83%,92303.0,0,0,0,0,0,0,0,-1,0,0,0,0,0,0,0,0,0,0,0,0,0,0,0,0,0,0,0,0,0,1,1
OL,Rollins Inc,Consumer Cyclical,Personal Services,USA,14850000000.0,28.02,30.87,1.71%,9114974.0,0,0,0,0,0,0,0,0,0,0,0,0,0,0,0,0,0,0,0,-1,0,0,0,0,0,0,0,0,0,1,1
OMA,Roma Green Finance Ltd,Industrials,Consulting Services,Hong Kong,523570000.00000006,,8.79,0.57%,204.0,0,0,0,0,0,0,0,0,0,0,1,0,0,0,0,0,0,0,0,0,0,0,0,0,-1,0,0,0,1,1,2
ONB,Baron First Principles ETF,Financial,Exchange Traded Fund,USA,,,24.94,-1.34%,124145.0,0,0,0,0,0,0,0,0,1,0,1,0,0,0,0,0,0,0,0,0,0,0,0,0,0,0,0,0,2,0,2
PAR,RPAR Risk Parity ETF,Financial,Exchange Traded Fund,USA,,,21.12,-0.66%,12468.0,0,0,0,0,0,0,0,0,0,0,0,0,-1,-1,0,0,0,0,0,0,0,0,0,0,0,0,0,0,0,2,2
PAY,Repay Holdings Corp,Technology,Software - Infrastructure,USA,335990000.0,,3.81,-0.52%,147480.0,0,1,0,0,0,0,0,0,0,0,0,0,-1,0,0,0,0,0,0,0,0,0,0,0,0,0,0,0,1,1,2
PG,Invesco S&P 500 Pure Growth ETF,Financial,Exchange Traded Fund,USA,,,59.89,-0.89%,97710.0,0,0,0,0,0,0,0,0,0,0,0,0,0,0,0,1,0,0,0,0,0,0,0,0,0,0,0,0,1,0,1
PRX,Royalty Pharma plc,Healthcare,Biotechnology,USA,32640000000.0,30.22,56.76,0.57%,3671203.0,0,0,0,0,0,1,0,0,0,0,0,0,0,0,0,0,0,1,0,0,0,0,0,0,0,0,0,0,2,0,2
PT,Rithm Property Trust Inc,Real Estate,REIT - Mortgage,USA,83240000.0,,10.71,-1.29%,20044.0,0,0,0,0,0,0,0,0,0,0,0,0,0,0,0,0,0,0,0,-1,0,0,0,0,0,0,0,0,0,1,1
RBI,Red River Bancshares Inc,Financial,Banks - Regional,USA,659860000.0,14.43,100.22,-2.60%,119193.0,0,0,0,0,0,0,0,-1,0,0,0,0,0,0,0,0,0,0,0,0,0,0,0,0,0,0,0,0,0,1,1
RC,Range Resources Corp,Energy,Oil & Gas E&P,USA,9310000000.0,10.99,39.83,-0.47%,2594283.0,0,0,0,0,0,0,0,0,0,0,0,0,0,0,0,1,0,0,0,0,0,0,0,0,0,0,0,0,1,0,1
SBT,Return Stacked Bonds & Managed Futures ETF,Financial,Exchange Traded Fund,USA,,,19.49,-0.20%,22413.0,0,1,0,0,0,0,0,0,0,0,0,0,0,0,0,0,0,0,0,0,1,1,0,0,0,0,0,0,3,0,3
SBY,Return Stacked Bonds & Futures Yield ETF,Financial,Exchange Traded Fund,USA,,,18.1,0.36%,3881.0,0,0,0,-1,0,0,0,0,0,0,0,0,-1,0,0,0,0,0,0,0,0,0,0,0,0,0,0,0,0,2,2
SEE,Rareview Systematic Equity ETF,Financial,Exchange Traded Fund,USA,,,39.4,-0.93%,5417.0,0,1,0,0,0,0,0,0,0,0,0,0,0,0,0,0,0,0,0,0,0,0,0,0,0,0,0,0,1,0,1
SF,RiverNorth Capital and Income Fund,Financial,Asset Management,USA,49130000.0,10.44,14.2,-0.70%,4470.0,0,0,0,0,0,0,0,0,0,0,0,0,-1,0,0,0,0,0,0,0,0,0,0,0,0,0,0,0,0,1,1
SMC,Rockefeller U.S. Small-Mid Cap ETF,Financial,Exchange Traded Fund,USA,,,27.51,-1.79%,26688.0,0,0,0,0,0,0,0,0,1,0,0,0,0,0,0,0,0,0,0,0,0,0,0,0,0,0,0,0,1,0,1
SMV,Relative Strength Managed Volatility Strategy ETF,Financial,Exchange Traded Fund,USA,,,29.01,-0.17%,1481.0,0,0,0,0,0,0,0,0,0,0,0,0,0,0,0,0,0,0,0,0,0,0,-1,0,0,0,0,0,0,1,1
SPC,Invesco S&P 500 Equal Weight Communication Services ETF,Financial,Exchange Traded Fund,USA,,,35.06,0.12%,10506.0,0,0,0,0,0,1,0,0,0,0,0,0,0,0,0,0,0,0,0,0,0,0,0,0,0,0,0,0,1,0,1
SPM,Invesco S&P 500 Equal Weight Materials ETF,Financial,Exchange Traded Fund,USA,,,37.19,-1.46%,25185.0,0,0,0,0,0,0,0,0,0,0,1,0,0,0,0,0,0,0,0,0,0,0,0,0,0,0,0,0,1,0,1
SSS,Research Solutions Inc,Technology,Software - Application,USA,68200000.0,23.3,2.02,-0.98%,7390.0,0,0,0,0,0,0,0,0,1,1,0,0,0,0,0,0,0,0,0,0,0,0,0,0,0,0,0,0,2,0,2
SVR,Reservoir Media Inc,Communication Services,Entertainment,USA,639530000.0,73.54,9.7,1.36%,28122.0,0,0,0,0,0,0,0,0,0,0,0,0,0,0,0,0,0,0,0,0,0,0,-1,0,0,0,0,0,0,1,1
TB,RTB Digital Inc,Technology,Software - Application,USA,118090000.0,,8.43,-3.44%,42280.0,0,0,0,0,0,0,0,0,1,0,0,0,0,0,0,0,0,0,0,0,0,0,-1,0,0,0,0,0,1,1,2
ULE,Adaptive Core ETF,Financial,Exchange Traded Fund,USA,,,31.19,-0.11%,2424.0,0,0,0,0,0,0,0,0,1,0,0,0,0,0,0,0,0,0,0,0,0,0,0,0,0,0,0,0,1,0,1
UN,Sunrun Inc,Technology,Solar,USA,1830000000.0,5.12,7.61,-2.06%,13392375.0,0,0,0,0,0,0,0,0,1,0,0,0,0,0,0,0,0,0,0,0,0,0,0,0,0,0,0,0,1,0,1
USC,Russell Investments U.S. Small Cap Equity ETF,Financial,Exchange Traded Fund,USA,,,36.22,-1.45%,3839.0,0,0,0,0,0,0,0,0,1,0,0,0,0,0,0,0,0,0,0,0,0,0,0,0,0,0,0,0,1,0,1
VNL,GraniteShares 2x Long RIVN Daily ETF,Financial,Exchange Traded Fund,USA,,,19.29,-2.58%,97563.0,0,1,0,0,0,0,0,0,0,0,0,0,0,0,0,0,0,0,0,0,0,0,0,0,0,0,0,0,1,0,1
VP,Retractable Technologies Inc,Healthcare,Medical Instruments & Supplies,USA,20680000.0,,0.69,-0.01%,26712.0,0,1,0,-1,0,0,0,0,0,0,0,0,0,0,0,0,0,1,0,0,0,0,0,0,0,0,0,0,2,1,3
VSB,Riverview Bancorp Inc,Financial,Banks - Regional,USA,116730000.0,,5.85,-0.17%,83349.0,0,1,0,0,0,1,0,0,0,0,0,0,0,0,0,0,0,0,0,0,1,0,-1,0,0,0,0,0,3,1,4
VSN,Rail Vision Ltd,Industrials,Railroads,Israel,7740000.0,,3.53,-0.87%,8387.0,0,0,0,0,0,0,0,0,0,0,0,0,-1,0,0,0,0,0,0,0,0,0,0,0,0,0,0,0,0,1,1
WEM,Rayliant NxtGen Multifactor Emerging Markets Equity ETF,Financial,Exchange Traded Fund,USA,,,35.83,-0.79%,2791.0,0,1,0,0,0,1,0,0,0,0,0,0,-1,0,0,1,0,0,0,0,0,0,0,0,0,0,0,0,3,1,4
WL,Invesco S&P 500 Revenue ETF,Financial,Exchange Traded Fund,USA,,,131.11,-0.18%,301868.0,0,0,0,0,0,0,0,0,0,0,0,0,0,0,0,0,0,0,0,0,0,0,-1,0,0,0,0,0,0,1,1
WLC,Rayliant NxtGen Multifactor US Equity ETF,Financial,Exchange Traded Fund,USA,,,39.43,0.17%,4129.0,0,0,0,0,0,0,0,0,0,0,0,0,0,0,0,0,0,0,0,0,0,0,-1,0,0,0,0,0,0,1,1
WT,Redwood Trust Inc,Real Estate,REIT - Mortgage,USA,419550000.0,,3.34,-2.91%,3038480.0,0,0,0,0,0,0,0,0,0,0,0,0,0,0,0,0,0,0,0,-1,0,0,0,0,0,0,0,0,0,1,1
XD,ProShares UltraShort Health Care -2x Shares,Financial,Exchange Traded Fund,USA,,,14.87,-2.05%,5505.0,0,0,0,0,0,0,0,0,1,0,0,0,0,0,0,0,0,0,0,0,0,0,0,0,0,0,0,0,1,0,1
XI,iShares Global Consumer Discretionary ETF,Financial,Exchange Traded Fund,USA,,,187.01,-0.46%,7578.0,0,0,0,0,0,0,0,0,0,0,1,0,0,0,0,0,0,0,0,0,0,0,0,0,0,0,0,0,1,0,1
XRX,Recursion Pharmaceuticals Inc,Healthcare,Biotechnology,USA,2290000000.0,,4.27,-7.78%,40730497.0,0,1,0,0,0,0,0,0,0,0,0,0,0,0,0,0,0,0,0,0,0,0,0,0,0,0,0,0,1,0,1
XT,Rackspace Technology Inc,Technology,Software - Infrastructure,USA,981260000.0,,3.85,-4.23%,3641367.0,0,0,0,0,0,0,0,0,1,0,0,0,0,0,0,0,0,0,0,0,0,0,0,0,0,0,0,0,1,0,1
YAAY,Ryanair Holdings Plc ADR,Industrials,Airlines,Ireland,29000000000.0,13.56,56.0,0.24%,1519821.0,0,0,0,0,0,0,0,0,0,0,0,0,0,0,0,0,0,0,0,0,0,0,0,1,0,0,0,0,1,0,1
YAM,Rayonier Advanced Materials Inc,Basic Materials,Chemicals,USA,459300000.0,,6.79,0.00%,1291155.0,0,0,0,0,0,0,0,0,0,0,0,0,-1,0,0,0,0,0,0,0,0,0,0,0,0,0,0,0,0,1,1
YDE,Ryde Group Ltd,Technology,Software - Application,Singapore,121340000.0,,0.73,7.20%,133772.0,0,0,0,0,0,0,0,0,0,0,0,0,0,0,0,1,0,0,0,0,0,0,0,0,0,0,0,0,1,0,1
YET,Ruanyun Edai Technology Inc,Consumer Defensive,Education & Training Services,China,34950000.0,,0.94,-3.92%,26636.0,0,0,0,0,0,0,0,0,0,0,0,0,0,0,0,0,0,0,0,-1,0,0,0,0,0,0,0,0,0,1,1
YOJ,rYojbaba Co Ltd,Industrials,Consulting Services,Japan,32220000.0,27900.0,2.79,1.45%,5357.0,0,0,0,0,0,0,0,0,0,0,0,0,0,0,0,0,0,0,0,0,0,0,0,0,0,1,0,0,1,0,1
ZLT,Rezolute Inc,Healthcare,Biotechnology,USA,423640000.0,,4.38,1.39%,1689851.0,0,0,0,0,0,0,0,0,1,0,0,0,0,0,0,0,0,0,0,0,0,0,0,0,0,0,0,0,1,0,1
ZLV,Rezolve AI Plc,Technology,Software - Infrastructure,United Kingdom,867090000.0,,2.08,-3.26%,11648014.0,0,1,0,0,0,0,0,0,0,0,0,0,0,0,0,0,0,0,0,0,1,1,0,0,0,0,0,0,3,0,3
,SentinelOne Inc,Technology,Software - Infrastructure,USA,8810000000.0,,25.31,-1.90%,8036946.0,0,0,0,0,0,0,0,0,0,0,1,0,0,0,0,0,0,0,0,0,0,0,0,0,0,0,0,0,1,0,1
AAQ,Space Asset Acquisition Corp,Financial,Shell Companies,USA,474790000.0,176.14,10.04,-0.01%,1060.0,0,0,0,0,0,0,0,0,1,0,0,0,0,0,0,0,0,0,0,0,0,0,0,0,0,0,0,0,1,0,1
ABS,SAB Biotherapeutics Inc,Healthcare,Biotechnology,USA,262040000.00000003,,2.88,-1.71%,681679.0,0,0,0,0,0,0,0,0,0,0,0,0,-1,0,0,0,0,0,0,0,0,0,0,0,0,0,0,0,0,1,1
ACH,Sachem Capital Corp,Real Estate,REIT - Mortgage,USA,42200000.0,,0.88,0.00%,107213.0,0,0,0,0,0,0,0,0,1,0,0,0,0,0,0,0,0,0,0,0,0,0,0,0,0,0,0,0,1,0,1
AFX,XCF Global Inc,Utilities,Utilities - Renewable,USA,127500000.0,,0.31,1.49%,1884875.0,0,0,0,0,0,0,0,0,0,0,0,0,-1,0,0,0,0,0,0,0,0,0,0,0,0,0,0,0,0,1,1
AM,Boston Beer Co Inc,Consumer Defensive,Beverages - Brewers,USA,1730000000.0,,168.16,-1.30%,196698.0,0,0,0,0,0,0,0,0,1,0,0,0,-1,0,0,0,0,0,0,0,1,0,0,1,0,0,0,0,3,1,4
AMM,Strategas Macro Momentum ETF,Financial,Exchange Traded Fund,USA,,,36.14,-0.76%,20812.0,0,0,0,0,0,0,0,0,0,0,1,0,0,0,0,0,0,0,0,0,0,0,0,0,0,0,0,0,1,0,1
AMT,Strategas Macro Thematic Opportunities ETF,Financial,Exchange Traded Fund,USA,,,42.41,-1.00%,160466.0,0,0,0,0,0,0,0,0,1,0,0,0,0,0,0,0,0,0,0,0,0,0,0,0,0,0,0,0,1,0,1
AN,Banco Santander SA ADR,Financial,Banks - Diversified,Spain,198690000000.0,10.76,13.66,-2.50%,10858174.0,0,1,0,0,0,0,0,0,0,0,0,0,0,0,0,0,0,0,0,0,0,0,0,0,0,0,0,0,1,0,1
ANG,Sangoma Technologies Corp,Technology,Software - Infrastructure,Canada,162400000.0,,4.84,-0.10%,141998.0,0,0,0,0,0,0,0,0,0,0,0,0,-1,0,0,0,0,0,0,0,0,0,0,1,0,0,0,0,1,1,2
AR,Saratoga Investment Corp,Financial,Asset Management,USA,239770000.0,,14.91,-5.69%,518788.0,0,0,0,0,0,0,0,0,0,0,0,0,-1,0,0,0,0,0,0,0,0,0,0,0,0,0,0,0,0,1,1
ARK,Tradr 1X Short Innovation Daily ETF,Financial,Exchange Traded Fund,USA,,,23.92,2.49%,101112.0,0,0,0,0,0,1,0,0,0,0,0,0,0,0,0,0,0,0,0,0,0,0,0,0,0,0,0,0,1,0,1
BAR,Simplify Barrier Income ETF,Financial,Exchange Traded Fund,USA,,,25.26,-0.67%,84726.0,0,1,0,0,0,0,0,0,0,0,0,0,0,0,0,0,0,0,0,0,0,0,0,0,0,0,0,0,1,0,1
BIL,Simplify Government Money Market ETF,Financial,Exchange Traded Fund,USA,,,100.14,0.02%,293765.0,0,1,0,-1,0,1,0,0,0,0,0,0,0,0,0,0,0,0,0,0,1,1,0,0,0,0,0,0,4,1,5
BMT,Silver Bow Mining Corp,Basic Materials,Other Industrial Metals & Mining,USA,236230000.0,,8.0,-0.74%,51707.0,0,0,0,0,0,0,0,0,0,0,0,0,0,0,0,1,0,0,0,0,0,0,0,0,0,0,0,0,1,0,1
BR,Sabine Royalty Trust,Energy,Oil & Gas Midstream,USA,1050000000.0,14.77,72.34,-0.01%,26492.0,0,0,0,0,0,0,0,0,1,0,0,0,0,0,0,0,0,0,0,0,0,0,0,0,0,0,0,0,1,0,1
BS,Companhia de Saneamento Basico do Estado de Sao Paulo ADR,Utilities,Utilities - Regulated Water,Brazil,22340000000.0,14.71,6.37,-0.62%,15621771.0,0,0,0,0,0,0,0,0,1,0,0,0,0,0,0,0,0,0,0,0,0,0,0,0,0,0,0,0,1,0,1
BUX,Starbucks Corp,Consumer Cyclical,Restaurants,USA,106680000000.0,53.96,93.58,-2.63%,9429294.0,0,0,0,0,0,0,0,0,0,0,0,0,0,0,0,0,0,0,0,0,0,0,0,0,-1,0,0,0,0,1,1
BXD,SilverBox Corp IV,Financial,Shell Companies,USA,73150000.0,54.16,11.39,0.00%,0.0,0,0,0,0,0,1,0,0,0,0,0,0,0,0,0,0,0,0,0,0,0,0,0,0,0,0,0,0,1,0,1
CAP,Infrastructure Capital Small Cap Income ETF,Financial,Exchange Traded Fund,USA,,,35.83,-1.90%,5768.0,0,0,0,0,0,0,0,0,0,0,1,0,0,0,0,0,0,0,0,0,0,0,-1,0,0,0,0,0,1,1,2
CEP,Sterling Capital Hedged Equity Premium Income ETF,Financial,Exchange Traded Fund,USA,,,25.21,0.12%,47213.0,0,0,0,0,0,0,0,0,0,0,0,0,-1,0,0,0,0,0,0,0,0,0,0,0,0,0,0,0,0,1,1
CHB,Schwab U.S. Broad Market ETF,Financial,Exchange Traded Fund,USA,,,29.85,-0.40%,9389690.0,0,1,0,0,0,0,0,0,0,0,1,0,0,0,0,0,0,0,0,0,0,0,-1,0,0,0,0,0,2,1,3
CHE,Schwab Emerging Markets Equity ETF,Financial,Exchange Traded Fund,USA,,,36.78,-1.26%,2571398.0,0,0,0,0,0,0,0,-1,0,0,0,0,0,0,0,0,0,0,0,0,0,0,0,0,0,0,0,0,0,1,1
CHJ,Schwab 1-5 Year Corporate Bond ETF,Financial,Exchange Traded Fund,USA,,,24.1,0.04%,372884.0,0,1,0,0,0,0,0,0,0,0,0,0,0,0,0,0,0,0,0,0,0,0,0,0,0,0,0,0,1,0,1
CHK,Schwab 1000 Index ETF,Financial,Exchange Traded Fund,USA,,,37.36,-0.35%,938635.0,0,0,0,0,0,0,0,0,0,0,1,0,0,0,0,0,0,0,0,0,0,0,-1,0,0,0,0,0,1,1,2
CHM,Schwab U.S. Mid-Cap ETF,Financial,Exchange Traded Fund,USA,,,34.36,-1.49%,2531846.0,0,0,0,0,0,0,0,0,0,0,0,0,0,0,0,0,0,0,0,0,0,0,-1,0,0,0,0,0,0,1,1
CHP,Schwab U.S. Tips ETF,Financial,Exchange Traded Fund,USA,,,25.13,0.04%,6831618.0,0,0,0,0,0,0,0,0,1,0,0,0,0,0,0,0,0,0,0,0,0,0,0,0,0,0,0,0,1,0,1
CHQ,Schwab US Long-Term U.S. Treasury ETF,Financial,Exchange Traded Fund,USA,,,28.21,-0.18%,927007.0,0,0,0,0,0,0,0,0,1,1,0,0,0,0,0,0,0,0,0,0,0,0,0,0,0,0,0,0,2,0,2
CHX,Schwab U.S. Large-Cap ETF,Financial,Exchange Traded Fund,USA,,,30.6,-0.33%,10058299.0,0,0,0,0,0,0,0,0,0,0,0,0,0,0,0,0,0,1,0,0,0,0,0,0,0,0,0,0,1,0,1
CIO,First Trust Structured Credit Income Opportunities ETF,Financial,Exchange Traded Fund,USA,,,19.97,0.30%,240904.0,0,0,0,0,0,0,0,0,1,1,0,0,0,0,0,0,0,0,0,0,0,0,0,0,0,0,0,0,2,0,2
CJ,iShares MSCI Japan Small-Cap ETF,Financial,Exchange Traded Fund,USA,,,110.19,-0.63%,68314.0,0,0,0,0,0,0,0,-1,0,0,0,0,0,0,0,0,0,0,0,0,0,0,0,0,0,0,0,0,0,1,1
CLZ,Swan Enhanced Dividend Income ETF,Financial,Exchange Traded Fund,USA,,,57.65,-0.09%,118.0,0,0,0,-1,0,0,0,-1,0,0,0,0,0,0,0,0,0,0,0,0,0,0,0,0,0,0,0,0,0,2,2
CM,Stellus Capital Investment Corp,Financial,Asset Management,USA,203060000.0,6.9,7.13,-2.33%,105102.0,0,1,0,0,0,0,0,0,0,0,0,0,0,0,0,0,0,0,0,0,0,0,0,0,0,0,0,0,1,0,1
CNI,Scinai Immunotherapeutics Ltd ADR,Healthcare,Biotechnology,Israel,800000.0,,1.13,-7.38%,40439.0,0,0,0,0,0,0,0,0,1,1,0,0,0,0,0,0,0,0,0,0,0,0,0,0,0,0,0,0,2,0,2
CO,ProShares UltraShort Bloomberg Crude Oil -2x Shares,Financial,Exchange Traded Fund,USA,,,19.38,-0.46%,5752052.0,0,0,0,0,0,0,0,0,0,0,0,0,0,0,0,0,0,0,0,0,1,0,0,0,0,0,0,0,1,0,1
COP,Sprott Physical Copper Trust,Financial,Exchange Traded Fund,USA,,,12.05,0.08%,37383.0,0,0,0,0,0,0,0,0,0,0,0,0,0,0,0,1,0,0,0,0,0,0,0,0,0,0,0,0,1,0,1
CWO,374Water Inc,Industrials,Pollution & Treatment Controls,USA,46880000.0,,2.66,-3.97%,38496.0,0,0,0,0,0,0,0,0,0,0,0,0,0,0,0,0,0,0,0,0,1,0,0,0,0,0,0,0,1,0,1
CYB,Schwab High Yield Bond ETF,Financial,Exchange Traded Fund,USA,,,25.17,-0.16%,1174394.0,0,0,0,-1,0,0,0,0,0,0,0,0,0,0,0,0,0,0,0,0,0,0,0,0,0,0,0,0,0,1,1
D,Sandridge Energy Inc,Energy,Oil & Gas E&P,USA,508680000.0,6.11,13.72,-0.29%,540862.0,0,0,0,0,0,0,0,0,0,0,0,0,-1,0,0,0,0,0,0,0,0,0,0,0,0,0,0,0,0,1,1
DEM,Global X MSCI SuperDividend Emerging Markets ETF,Financial,Exchange Traded Fund,USA,,,33.89,-0.77%,790.0,0,0,0,0,0,1,0,-1,0,0,0,0,0,0,0,0,0,0,0,0,0,0,0,0,0,0,0,0,1,1,2
DFI,AB Short Duration Income ETF,Financial,Exchange Traded Fund,USA,,,34.79,0.00%,60488.0,0,0,0,-1,0,0,0,0,0,0,0,0,0,0,0,0,0,0,0,0,0,0,0,0,0,0,0,0,0,1,1
DHC,Smith Douglas Homes Corp,Real Estate,Real Estate - Development,USA,502180000.0,13.8,9.88,-3.04%,55095.0,0,0,0,0,0,0,0,0,1,0,0,0,0,0,0,0,0,0,0,0,0,0,0,0,0,0,0,0,1,0,1
DST,Stardust Power Inc,Industrials,Electrical Equipment & Parts,USA,3040000.0,,0.08,-6.37%,28460874.0,0,0,0,0,0,0,0,0,1,0,0,0,0,0,0,0,0,0,0,0,0,0,0,0,0,0,0,0,1,0,1
DTY,YieldMax S&P 500 0DTE Covered Call Strategy ETF,Financial,Exchange Traded Fund,USA,,,40.96,-0.67%,5198.0,0,0,0,-1,0,0,0,0,0,0,0,0,0,0,0,1,0,0,0,0,0,0,0,0,0,0,0,0,1,1,2
EB,Seaboard Corp,Industrials,Conglomerates,USA,3870000000.0,6.11,4042.0,-1.72%,10644.0,0,0,0,0,0,0,0,0,1,1,0,0,0,0,0,0,0,0,0,0,0,0,0,0,0,0,0,0,2,0,2
ECT,Main Sector Rotation ETF,Financial,Exchange Traded Fund,USA,,,72.93,-0.52%,85147.0,0,0,0,0,0,0,0,0,0,0,1,0,0,0,0,0,0,0,0,0,0,0,0,0,-1,0,0,0,1,1,2
EIM,SEI QiM U.S. Large Cap Momentum Active ETF,Financial,Exchange Traded Fund,USA,,,54.87,-0.78%,68874.0,0,0,0,0,0,0,0,0,0,0,1,0,0,0,0,0,0,0,0,0,0,0,-1,0,0,0,0,0,1,1,2
EIQ,SEI QiM U.S. Large Cap Quality Active ETF,Financial,Exchange Traded Fund,USA,,,41.69,-0.07%,41423.0,0,0,0,0,0,0,0,0,0,0,0,0,0,0,0,0,0,0,0,0,0,0,-1,0,0,0,0,0,0,1,1
EIS,SEI Select Small Cap ETF,Financial,Exchange Traded Fund,USA,,,31.34,-1.46%,46138.0,0,0,0,0,0,0,0,0,0,0,0,0,0,0,0,0,0,0,0,0,0,0,-1,0,0,0,0,0,0,1,1
EIV,SEI QiM U.S. Large Cap Value Active ETF,Financial,Exchange Traded Fund,USA,,,49.88,-0.30%,97544.0,0,0,0,0,0,0,0,0,0,0,0,0,0,0,0,0,0,0,0,0,0,0,-1,0,0,0,0,0,0,1,1
ELF,Global Self Storage Inc,Real Estate,REIT - Specialty,USA,55960000.0,26.52,4.9,0.00%,17557.0,0,1,0,0,0,0,0,0,0,0,0,0,0,0,0,0,0,0,0,0,0,0,0,0,0,0,0,0,1,0,1
EMI,Columbia Select Technology ETF,Financial,Exchange Traded Fund,USA,,,41.16,-0.39%,8991.0,0,0,0,0,0,0,0,0,0,0,0,0,0,0,0,1,0,0,0,0,0,0,0,0,0,0,0,0,1,0,1
EPU,AllianzIM U.S. Equity Buffer15 Uncapped Sep ETF,Financial,Exchange Traded Fund,USA,,,32.07,-0.19%,14137.0,0,1,0,0,0,0,0,-1,0,0,0,0,0,0,0,0,0,0,0,0,0,0,0,0,0,0,0,0,1,1,2
ERA,Sera Prognostics Inc,Healthcare,Medical Devices,USA,81660000.0,,2.07,0.98%,772.0,0,0,0,0,0,0,0,0,0,0,0,0,0,0,0,1,0,0,0,0,0,0,0,0,0,0,0,0,1,0,1
EUS,SEI QiM U.S. Equity Factor Allocation Active ETF,Financial,Exchange Traded Fund,USA,,,25.95,-0.30%,17242.0,0,0,0,0,0,0,0,0,0,0,0,0,0,0,0,0,0,0,0,0,0,0,-1,0,0,0,0,0,0,1,1
EV,Aptera Motors Corp,Consumer Cyclical,Auto Manufacturers,USA,66720000.0,,1.63,-1.81%,143639.0,0,0,0,0,0,0,0,0,0,0,0,0,-1,0,0,0,0,0,0,0,0,0,0,0,0,0,0,0,0,1,1
EVN,Seven Hills Realty Trust,Real Estate,REIT - Mortgage,USA,153840000.0,10.23,6.79,-1.59%,175562.0,0,0,0,0,0,1,0,0,0,0,0,0,0,0,0,0,0,0,0,0,0,0,0,0,0,0,0,0,1,0,1
FHG,Samfine Creation Holdings Group Ltd,Industrials,Specialty Business Services,Hong Kong,8369999.999999999,,2.06,-2.83%,2257.0,0,0,0,0,0,0,0,0,1,1,0,0,0,0,0,0,0,0,0,0,0,0,0,0,0,0,0,0,2,0,2
FTX,Horizon International Managed Risk ETF,Financial,Exchange Traded Fund,USA,,,30.64,-1.32%,52807.0,0,0,0,0,0,0,0,0,0,0,1,0,0,0,0,0,0,0,0,0,0,0,0,0,-1,0,0,0,1,1,2
FTY,Horizon Managed Risk ETF,Financial,Exchange Traded Fund,USA,,,32.19,-0.22%,53039.0,0,0,0,0,0,0,0,0,0,0,1,0,0,0,0,0,0,0,0,0,0,0,0,0,0,0,0,0,1,0,1
FWL,Shengfeng Development Ltd,Industrials,Integrated Freight & Logistics,China,46750000.0,3.75,8.5,-5.56%,1681.0,0,0,0,0,0,0,0,0,0,0,0,0,0,0,0,0,0,0,0,-1,0,0,0,0,0,0,0,0,0,1,1
FY,SoFi Select 500 ETF,Financial,Exchange Traded Fund,USA,,,156.89,-0.25%,14961.0,0,0,0,0,0,0,0,-1,0,0,0,0,0,0,0,0,0,0,0,0,0,0,0,0,0,0,0,0,0,1,1
FYI,SoFi Social 50 Income ETF,Financial,Exchange Traded Fund,USA,,,25.42,-0.21%,1129.0,0,0,0,0,0,0,0,0,0,0,0,0,0,0,0,1,0,0,0,0,0,0,0,0,0,0,0,0,1,0,1
GC,SuperiorGroup of Companies Inc,Consumer Cyclical,Apparel Manufacturing,USA,209670000.0,23.92,13.15,0.77%,35619.0,0,0,0,0,0,1,0,0,0,0,0,0,0,0,0,0,0,0,0,0,0,0,0,0,0,0,0,0,1,0,1
GHC,Super Group (SGHC) Limited,Consumer Cyclical,Gambling,United Kingdom,5770000000.0,15.6,11.35,-0.70%,2136713.0,0,0,0,0,0,0,0,0,0,0,0,0,0,0,0,0,0,0,0,0,0,0,0,0,0,0,-1,0,0,1,1
GI,Somnigroup International Inc,Consumer Cyclical,"Furnishings, Fixtures & Appliances",USA,14220000000.0,24.62,61.76,-1.56%,3156806.0,0,0,0,0,0,0,0,0,0,0,0,0,-1,-1,0,0,0,0,0,0,0,0,0,0,0,0,0,1,1,2,3
GML,Sigma Lithium Corp,Basic Materials,Other Industrial Metals & Mining,Brazil,1110000000.0,,9.86,1.54%,2923054.0,0,0,0,0,0,0,0,0,0,0,0,0,-1,0,0,0,0,0,0,0,0,0,0,0,0,0,0,0,0,1,1
GOV,iShares 0-3 Month Treasury Bond ETF,Financial,Exchange Traded Fund,USA,,,100.47,0.01%,20270321.0,0,1,0,-1,0,1,0,0,0,0,0,0,0,0,0,0,0,0,0,0,0,0,0,0,0,0,0,0,2,1,3
GVT,Schwab Government Money Market ETF,Financial,Exchange Traded Fund,USA,,,100.56,0.01%,251451.0,0,1,0,-1,0,1,0,0,0,0,1,1,0,0,0,0,0,0,0,0,0,0,0,0,0,0,0,0,4,1,5
HC,Sotera Health Co,Healthcare,Diagnostics & Research,USA,5110000000.0,31.48,17.9,-1.92%,1609460.0,0,1,0,0,0,0,0,0,0,0,1,1,0,0,0,0,0,0,0,0,0,0,0,0,0,0,0,0,3,0,3
HDG,Soundwatch Hedged Equity ETF,Financial,Exchange Traded Fund,USA,,,33.9,-0.10%,937.0,0,0,0,0,0,0,0,-1,0,0,0,0,0,0,0,0,0,0,0,0,0,0,0,0,0,0,0,0,0,1,1
HEN,Shenandoah Telecommunications Co,Communication Services,Telecom Services,USA,654960000.0,,11.83,2.87%,550278.0,0,0,0,0,0,0,0,0,0,0,0,0,-1,0,0,0,0,0,0,0,0,0,0,0,0,0,0,0,0,1,1
HFS,SHF Holdings Inc,Financial,Banks - Regional,USA,640000.0,,0.62,-11.10%,3859986.0,0,1,0,0,0,0,0,0,0,0,0,0,0,0,0,0,0,0,0,0,0,0,0,0,0,0,0,0,1,0,1
HIP,Seanergy Maritime Holdings Corp,Industrials,Marine Shipping,Greece,373560000.0,6.03,17.24,-1.49%,190365.0,0,0,0,-1,0,0,0,0,0,0,0,0,0,0,0,0,0,0,0,0,0,0,0,0,0,0,0,0,0,1,1
HMD,SCHMID Group NV,Industrials,Specialty Industrial Machinery,Germany,298970000.0,,4.49,1.35%,647646.0,0,0,0,0,0,0,0,0,1,1,0,0,0,0,0,0,0,0,0,0,0,0,0,0,0,0,0,0,2,0,2
HO,Sunstone Hotel Investors Inc,Real Estate,REIT - Hotel & Motel,USA,2080000000.0,49.91,11.2,-0.18%,1467216.0,0,0,0,0,0,0,0,0,0,0,0,0,0,0,0,0,0,0,0,0,0,0,-1,0,0,0,0,0,0,1,1
HPU,Direxion Daily SHOP Bull 2X ETF,Financial,Exchange Traded Fund,USA,,,20.73,1.71%,32041.0,0,0,0,0,0,0,0,0,0,0,1,0,0,0,0,0,0,0,0,0,0,0,0,0,0,0,0,0,1,0,1
HV,iShares 0-1 Year Treasury Bond ETF,Financial,Exchange Traded Fund,USA,,,110.12,0.03%,3496990.0,0,1,0,-1,0,1,0,0,0,0,0,0,0,0,0,0,0,0,0,0,0,0,0,0,0,0,0,0,2,1,3
HW,Sherwin-Williams Co,Basic Materials,Specialty Chemicals,USA,76470000000.0,29.04,315.0,-1.92%,1746006.0,0,0,0,0,0,0,0,0,0,0,0,0,0,0,0,0,0,0,0,0,0,0,0,0,0,0,0,1,1,0,1
HYD,VanEck Short High Yield Muni ETF,Financial,Exchange Traded Fund,USA,,,21.89,-0.18%,546080.0,0,0,0,0,0,0,0,0,1,0,0,0,0,0,0,0,0,0,0,0,0,0,0,0,0,0,0,0,1,0,1
ID,Companhia Siderurgica Nacional ADR,Basic Materials,Steel,Brazil,1630000000.0,,1.23,0.00%,8037553.0,0,0,0,0,0,0,0,0,0,0,1,0,0,0,0,0,0,0,0,0,0,0,0,0,0,0,0,0,1,0,1
IF,SIFCO Industries Inc,Industrials,Aerospace & Defense,USA,142910000.0,35.53,22.85,-0.70%,16604.0,0,1,0,0,0,0,0,0,0,0,0,0,0,0,0,0,0,0,0,0,0,0,0,0,0,0,0,0,1,0,1
IFY,Sify Technologies Limited ADR,Communication Services,Telecom Services,India,932900000.0,,12.88,-3.45%,24012.0,0,0,0,0,0,0,0,0,1,0,0,0,0,0,0,0,0,0,0,0,0,0,0,0,0,0,0,0,1,0,1
IG,Signet Jewelers Ltd,Consumer Cyclical,Luxury Goods,Bermuda,3860000000.0,11.91,103.38,1.25%,601152.0,0,0,0,0,0,0,0,0,0,0,0,0,0,0,0,0,0,0,0,0,0,0,0,0,0,0,0,1,1,0,1
II,Sprott Inc,Financial,Asset Management,Canada,2970000000.0,28.23,115.32,-3.43%,91473.0,0,0,0,0,0,0,0,0,1,0,0,0,0,0,0,0,0,0,0,0,0,0,0,0,0,0,0,0,1,0,1
ILC,Silicom Ltd,Technology,Communication Equipment,Israel,344570000.0,,59.95,-2.76%,145226.0,0,0,0,0,0,0,0,0,0,0,1,0,0,0,0,0,0,0,0,0,1,1,0,0,0,0,0,0,3,0,3
ILJ,Amplify Junior Silver Miners ETF,Financial,Exchange Traded Fund,USA,,,26.27,-3.91%,3479893.0,0,0,0,0,0,0,0,0,1,0,0,0,0,0,0,0,0,0,0,0,0,0,0,0,0,0,0,0,1,0,1
IM,Grupo Simec SAB de CV ADR,Basic Materials,Steel,Mexico,4760000000.0,22.13,28.7,0.00%,271.0,0,0,0,0,0,0,0,0,1,0,0,0,0,0,0,0,0,0,0,0,0,0,0,0,0,0,0,0,1,0,1
IMS,State Street SPDR S&P Kensho Intelligent Structures ETF,Financial,Exchange Traded Fund,USA,,,42.48,-2.09%,977.0,0,0,0,0,0,0,0,0,0,0,0,0,0,0,0,0,0,0,0,-1,0,0,0,0,0,0,0,0,0,1,1
INT,SINTX Technologies Inc,Healthcare,Medical Devices,USA,14460000.0,,2.17,-0.46%,40891.0,0,0,0,0,0,0,0,0,0,0,0,0,0,0,0,0,0,0,0,0,0,0,0,1,0,0,0,0,1,0,1
IOO,VistaShares Target 15 S&P 100 Distribution ETF,Financial,Exchange Traded Fund,USA,,,19.68,-0.04%,13588.0,0,0,0,0,0,0,0,0,0,0,1,0,0,0,0,0,0,0,0,0,0,0,0,0,0,0,0,0,1,0,1
IRI,Sirius XM Holdings Inc,Communication Services,Entertainment,USA,8750000000.0,10.22,25.95,-1.56%,4005312.0,0,0,0,0,0,0,0,0,1,0,0,0,0,0,0,0,0,0,0,0,0,0,0,0,0,0,0,0,1,0,1
ITM,SiTime Corp,Technology,Semiconductors,USA,20000000000.0,1348.12,665.16,-6.46%,340273.0,0,0,0,0,0,0,0,0,0,0,1,1,0,0,0,1,0,0,0,0,0,0,0,0,0,0,0,0,3,0,3
IXA,ETC 6 Meridian Mega Cap Equity ETF,Financial,Exchange Traded Fund,USA,,,57.05,0.08%,160.0,0,0,0,-1,0,0,0,0,0,0,0,0,0,0,0,0,0,1,0,0,0,0,0,0,0,0,0,0,1,1,2
IXH,ETC 6 Meridian Hedged Equity Index Option ETF,Financial,Exchange Traded Fund,USA,,,43.99,0.21%,480.0,0,1,0,0,0,0,0,-1,0,0,0,0,0,0,0,0,0,0,0,0,0,0,0,0,0,0,0,0,1,1,2
IXP,AllianzIM U.S. Equity 6 Month Buffer10 Mar/Sep ETF,Financial,Exchange Traded Fund,USA,,,34.85,-0.11%,1130.0,0,0,0,-1,0,0,0,0,0,0,0,0,0,0,0,0,0,0,0,0,0,0,0,0,0,0,0,0,0,1,1
IXZ,AllianzIM U.S. Equity 6 Month Buffer10 May/Nov ETF,Financial,Exchange Traded Fund,USA,,,32.66,-0.03%,3630.0,0,0,0,0,0,0,0,-1,0,0,0,0,0,0,0,0,0,0,0,0,0,0,0,0,0,0,0,0,0,1,1
JCP,SanJac Alpha Core Plus Bond ETF,Financial,Exchange Traded Fund,USA,,,24.62,-0.14%,255.0,0,0,0,0,0,0,0,0,0,0,1,0,0,0,0,0,0,0,0,0,0,0,0,0,0,0,0,0,1,0,1
KHN,Tradr 2X Short SK hynix Daily ETF,Financial,Exchange Traded Fund,USA,,,10.94,4.49%,99752.0,0,0,0,0,0,0,0,0,0,0,0,0,0,0,0,0,0,0,0,0,0,0,0,1,0,0,0,0,1,0,1
KHY,SK Hynix Inc ADR,Technology,Semiconductors,South Korea,1299200000000.0,11.58,178.25,-2.36%,20918200.0,0,0,0,0,0,0,0,0,0,0,1,0,0,0,0,0,0,0,0,0,0,0,0,0,0,0,0,0,1,0,1
KHZ,Leverage Shares 1x Short SK Hynix Daily ETF,Financial,Exchange Traded Fund,USA,,,9.85,2.28%,927379.0,0,0,0,0,0,0,0,0,0,0,0,0,0,0,0,0,0,0,0,0,0,0,0,1,0,0,0,0,1,0,1
KIN,SkinHealth Systems Inc,Consumer Defensive,Household & Personal Products,USA,76770000.0,,0.59,0.67%,219424.0,0,0,0,0,0,0,0,0,0,0,0,0,-1,0,0,0,0,0,0,0,0,0,0,0,0,0,0,0,0,1,1
KOR,Northern Trust Credit-Scored US Corporate Bond ETF,Financial,Exchange Traded Fund,USA,,,46.79,0.03%,172790.0,0,1,0,0,0,0,0,0,0,0,0,0,0,0,0,0,0,0,0,0,0,0,0,0,0,0,0,0,1,0,1
KWD,Skyward Specialty Insurance Group Inc,Financial,Insurance - Property & Casualty,USA,2550000000.0,13.38,57.47,1.73%,595056.0,0,0,0,0,0,0,0,0,1,0,0,0,0,0,0,0,0,0,0,0,0,0,0,0,0,0,0,0,1,0,1
KY,Champion Homes Inc,Consumer Cyclical,Residential Construction,USA,4400000000.0,23.71,81.03,-5.66%,792692.0,0,0,0,0,0,0,0,0,0,0,1,0,0,0,0,0,0,0,0,0,0,0,0,0,0,0,0,1,2,0,2
KYA,SkyAI Inc,Technology,Software - Infrastructure,USA,78280000.0,,1.81,-3.72%,436596.0,0,0,0,0,0,0,0,0,0,0,0,0,0,0,0,0,0,0,0,0,0,0,0,1,0,0,0,0,1,0,1
KYE,Skye Bioscience Inc,Healthcare,Biotechnology,USA,7300000.0,,1.65,1.85%,55684.0,0,0,0,0,0,0,0,0,1,0,0,0,0,0,0,0,0,0,0,0,0,0,0,0,0,0,0,0,1,0,1
LDP,Solid Power Inc,Consumer Cyclical,Auto Parts,USA,547640000.0,,2.4,2.13%,2428608.0,0,0,0,0,0,0,0,0,1,0,0,0,0,0,0,0,0,0,0,0,0,0,0,0,0,0,0,0,1,0,1
LDR,Global X Short-Term Treasury Ladder ETF,Financial,Exchange Traded Fund,USA,,,49.41,0.05%,1378.0,0,0,0,0,0,0,0,0,1,0,0,0,0,0,0,0,0,0,0,0,0,0,0,0,0,0,0,0,1,0,1
LE,Super League Enterprise Inc,Communication Services,Internet Content & Information,USA,14320000.0,,4.76,-5.37%,69354.0,0,0,0,0,0,0,0,0,0,0,0,0,0,0,0,1,0,0,0,0,0,0,0,0,0,0,0,0,1,0,1
LI,Standard Lithium Ltd,Basic Materials,Other Industrial Metals & Mining,Canada,407190000.0,,1.65,-4.62%,1273920.0,0,0,0,0,0,0,0,0,1,1,0,0,0,0,0,0,0,0,0,0,0,0,0,0,0,0,0,0,2,0,2
LJY,Amplify SILJ Junior Silver Miners Covered Call ETF,Financial,Exchange Traded Fund,USA,,,26.97,-3.26%,44042.0,0,0,0,0,0,0,0,0,1,0,0,0,0,0,0,0,0,0,0,0,0,0,0,0,0,0,0,0,1,0,1
LM,SLM Corp,Financial,Credit Services,USA,4250000000.0,6.33,22.6,0.09%,2003870.0,0,0,0,0,0,0,0,0,0,0,0,0,0,0,0,0,0,1,0,0,0,0,0,0,0,0,0,0,1,0,1
LND,Southland Holdings Inc,Industrials,Engineering & Construction,USA,38650000.0,,0.71,-1.39%,674648.0,0,0,0,0,0,0,0,0,0,0,0,0,-1,-1,0,0,0,0,0,0,0,0,0,0,0,0,0,0,0,2,2
LNZ,TCW Senior Loan ETF,Financial,Exchange Traded Fund,USA,,,45.33,-0.02%,6798.0,0,0,0,0,0,0,0,0,0,0,1,1,0,0,0,0,0,0,0,0,0,0,0,0,0,0,0,0,2,0,2
LS,SELLAS Life Sciences Group Inc,Healthcare,Biotechnology,USA,2280000000.0,,11.31,-0.26%,3142286.0,0,0,0,0,0,0,0,0,0,0,0,0,0,0,0,0,0,0,0,0,0,0,-1,0,0,0,0,0,0,1,1
LSN,Solesence Inc,Consumer Defensive,Household & Personal Products,USA,57880000.0,,0.82,2.39%,155677.0,0,0,0,0,0,0,0,0,1,0,0,0,0,0,0,0,0,0,0,0,0,0,0,0,0,0,0,0,1,0,1
LSR,Solaris Resources Inc,Basic Materials,Other Precious Metals & Mining,Switzerland,1140000000.0,,6.83,-4.21%,76929.0,0,0,0,0,0,0,0,0,1,0,0,0,0,0,0,0,0,0,0,0,0,0,0,0,0,0,0,0,1,0,1
LVM,Sylvamo Corp,Basic Materials,Paper & Paper Products,USA,1260000000.0,16.83,31.77,-3.46%,338015.0,0,0,0,0,0,0,0,0,1,0,0,0,0,0,0,0,0,0,0,0,0,0,0,0,0,0,0,0,1,0,1
LVX,Nicholas Silver Income ETF,Financial,Exchange Traded Fund,USA,,,13.11,-5.19%,13863.0,0,1,0,0,0,0,0,0,0,0,0,0,0,0,0,0,0,0,0,0,0,0,0,0,0,0,0,0,1,0,1
LWS,Wisdom Short Duration Income ETF,Financial,Exchange Traded Fund,USA,,,100.38,0.08%,13.0,0,1,0,0,0,0,0,0,0,0,0,0,0,0,0,0,0,0,0,0,0,0,0,0,0,0,0,0,1,0,1
LX,VanEck Steel ETF,Financial,Exchange Traded Fund,USA,,,102.43,-2.48%,6464.0,0,0,0,0,0,0,0,0,0,0,0,0,0,0,0,0,0,0,0,0,0,0,-1,0,0,0,0,0,0,1,1
MAY,FT Vest U.S. Small Cap Moderate Buffer ETF - May,Financial,Exchange Traded Fund,USA,,,27.64,-0.73%,12097.0,0,0,0,0,0,0,0,0,1,0,0,0,0,0,0,0,0,0,0,0,0,0,0,0,0,0,0,0,1,0,1
MC,Summit Midstream Corp,Energy,Oil & Gas Midstream,USA,655750000.0,,32.29,-2.59%,74954.0,0,1,0,0,0,0,0,0,0,0,0,0,0,0,0,0,0,0,0,0,0,0,0,0,0,0,0,0,1,0,1
MCO,Hilton Small-MidCap Opportunity ETF,Financial,Exchange Traded Fund,USA,,,27.93,-1.32%,7413.0,0,0,0,0,0,0,0,0,0,0,0,0,0,0,0,0,0,0,0,0,0,0,-1,0,0,0,0,0,0,1,1
MFG,Sumitomo Mitsui Financial Group Inc ADR,Financial,Banks - Diversified,Japan,319350000000.0,29.19,25.4,-1.66%,2067646.0,0,0,0,0,0,0,0,-1,0,0,0,0,0,0,0,0,0,0,0,0,0,0,0,0,0,0,0,0,0,1,1
MMT,Summit Therapeutics Inc,Healthcare,Biotechnology,USA,14320000000.0,,17.95,3.70%,8175297.0,0,0,0,0,0,1,0,0,1,0,0,0,0,0,0,0,0,0,0,0,0,0,0,0,0,0,0,0,2,0,2
MOG,VanEck Low Carbon Energy ETF,Financial,Exchange Traded Fund,USA,,,135.45,-1.38%,369.0,0,0,0,0,0,0,0,0,1,0,0,0,0,0,0,0,0,0,0,0,0,0,0,0,0,0,0,0,1,0,1
MOX,Horizon Small/Mid Cap Core Equity ETF,Financial,Exchange Traded Fund,USA,,,28.99,-1.73%,30560.0,0,0,0,0,0,0,0,0,0,0,0,0,-1,0,0,0,0,0,0,0,0,0,0,0,0,0,0,0,0,1,1
MPL,Simply Good Foods Co,Consumer Defensive,Packaged Foods,USA,874880000.0,,9.89,-0.70%,1775132.0,0,0,0,0,0,0,0,0,0,0,0,0,-1,0,0,0,0,0,0,0,0,0,0,0,0,0,0,0,0,1,1
MXT,SolarMax Technology Inc,Technology,Solar,USA,20820000.0,,4.39,28.36%,1159040.0,0,0,0,0,0,1,0,0,0,0,0,0,0,0,0,0,0,0,0,0,0,0,0,0,0,0,0,0,1,0,1
MZ,Tradr 2X Short SMR Daily ETF,Financial,Exchange Traded Fund,USA,,,19.48,7.98%,230459.0,0,0,0,0,0,0,0,0,1,0,0,0,0,0,0,0,0,0,0,0,0,0,0,0,0,0,0,0,1,0,1
NAG,Leverage Shares 2x Long SNAP Daily ETF,Financial,Exchange Traded Fund,USA,,,6.1,0.87%,10327.0,0,0,0,0,0,0,0,0,0,0,0,0,-1,0,0,0,0,0,0,0,0,0,0,0,0,0,0,0,0,1,1
NAP,Snap Inc,Communication Services,Internet Content & Information,USA,9830000000.0,,5.81,0.52%,29503056.0,0,0,0,0,0,0,0,0,0,0,1,0,0,0,0,0,0,0,0,0,0,0,0,0,0,0,0,0,1,0,1
NAV,Mohr Sector Nav ETF,Financial,Exchange Traded Fund,USA,,,39.42,-0.16%,2175.0,0,0,0,0,0,0,0,-1,0,0,0,0,0,0,0,0,0,0,0,0,0,0,0,0,0,0,0,0,0,1,1
NDA,Sonida Senior Living Inc,Healthcare,Medical Care Facilities,USA,1740000000.0,,36.21,-2.45%,690190.0,0,0,0,0,0,0,0,0,1,0,0,0,0,0,0,0,0,0,0,0,0,0,0,0,0,0,0,0,1,0,1
NDC,Corgi SNDK 2x Daily ETF,Financial,Exchange Traded Fund,USA,,,8.21,3.66%,144153.0,0,0,0,0,0,0,0,0,0,0,1,0,0,0,0,0,0,0,0,0,0,0,0,0,0,0,0,0,1,0,1
NDL,SNDL Inc,Consumer Defensive,Beverages - Wineries & Distilleries,Canada,307650000.0,,1.25,1.63%,1257375.0,0,0,0,0,0,0,0,0,1,0,0,0,0,0,0,0,0,0,0,0,0,0,0,0,0,0,0,0,1,0,1
NDR,Schneider National Inc,Industrials,Trucking,USA,5470000000.0,49.17,31.19,-1.30%,585266.0,0,0,0,0,0,0,0,0,1,0,0,0,0,0,0,0,0,0,0,0,0,0,-1,0,0,0,0,0,1,1,2
NDX,Syndax Pharmaceuticals Inc,Healthcare,Biotechnology,USA,1520000000.0,,17.03,-1.96%,1589729.0,0,0,0,0,0,0,0,0,0,0,1,0,0,0,0,0,0,0,0,0,0,0,-1,0,0,0,0,0,1,1,2
NEX,StoneX Group Inc,Financial,Capital Markets,USA,7410000000.0,15.93,61.46,-6.88%,1208030.0,0,0,0,0,0,0,0,0,1,0,0,0,0,0,0,0,0,0,0,0,0,0,0,0,0,0,0,0,1,0,1
NFCA,Security National Financial Corp,Financial,Insurance - Life,USA,246430000.0,6.13,9.04,0.00%,21787.0,0,0,0,0,0,1,0,0,0,0,0,0,0,0,0,0,0,0,0,0,0,0,0,0,0,0,0,0,1,0,1
NN,Smith & Nephew plc ADR,Healthcare,Medical Devices,United Kingdom,11250000000.0,18.33,26.89,0.07%,1050035.0,0,0,0,0,0,0,0,0,1,1,0,0,0,0,0,0,0,0,0,0,0,0,0,0,0,0,0,0,2,0,2
NOA,Sonoma Pharmaceuticals Inc,Healthcare,Drug Manufacturers - Specialty & Generic,USA,5840000.0,,1.22,-0.81%,37853.0,0,0,0,0,0,0,0,0,0,0,0,0,0,0,0,0,0,0,0,0,0,0,0,0,0,1,0,0,1,0,1
NPE,Xtrackers S&P 500 Scored & Screened ETF,Financial,Exchange Traded Fund,USA,,,71.22,-0.28%,176888.0,0,0,0,-1,0,0,0,0,0,0,0,0,0,0,0,0,0,0,0,0,0,0,0,0,0,0,0,0,0,1,1
NPS,Synopsys Inc,Technology,Software - Infrastructure,USA,96330000000.0,88.8,502.67,-0.49%,1632873.0,0,0,0,0,0,0,0,0,1,0,0,0,0,0,0,0,0,0,0,0,0,0,0,0,0,0,0,0,1,0,1
NTG,Sentage Holdings Inc,Financial,Credit Services,China,4820000.0,,1.72,1.78%,1645.0,0,1,0,0,0,0,0,0,0,0,0,0,0,0,0,0,0,0,0,0,0,0,0,0,0,0,0,0,1,0,1
NTH,MRP SynthEquity ETF,Financial,Exchange Traded Fund,USA,,,29.99,-0.28%,25472.0,0,0,0,0,0,0,0,0,0,0,0,0,0,0,0,1,0,0,0,0,0,0,0,0,0,0,0,0,1,0,1
NWV,Sanuwave Health Inc,Healthcare,Medical Devices,USA,47650000.0,23.04,5.54,6.54%,104149.0,0,0,0,0,0,0,0,0,1,0,0,0,0,0,0,0,0,0,0,0,0,0,0,0,0,0,0,0,1,0,1
NX,TD Synnex Corp,Technology,Electronics & Computer Distribution,USA,21660000000.0,16.54,271.52,-2.46%,568492.0,0,0,0,0,0,1,0,0,0,0,1,1,0,0,0,0,0,0,0,0,0,0,-1,0,0,0,0,0,3,1,4
O,Southern Company,Utilities,Utilities - Regulated Electric,USA,98290000000.0,20.62,85.44,0.00%,5626504.0,0,0,0,0,0,1,0,0,0,0,0,0,0,0,0,0,0,0,0,0,0,0,0,0,0,0,0,0,1,0,1
OAR,Volato Group Inc,Industrials,Airports & Air Services,USA,14700000.0,0.84,0.27,-1.79%,7477124.0,0,1,0,0,0,0,0,0,0,0,0,0,0,0,0,0,0,0,0,0,1,0,0,1,0,0,0,0,3,0,3
OBO,South Bow Corp,Energy,Oil & Gas Midstream,Canada,6960000000.0,16.03,33.37,-2.28%,370472.0,0,1,0,0,0,0,0,0,0,0,0,0,0,0,0,0,0,0,0,0,0,0,0,0,-1,0,0,0,1,1,2
OCL,Global X Social Media ETF,Financial,Exchange Traded Fund,USA,,,43.73,-0.17%,9873.0,0,1,0,-1,0,0,0,0,0,0,0,0,0,0,0,0,0,0,0,0,1,0,0,1,0,0,0,0,3,1,4
OFI,SoFi Technologies Inc,Financial,Credit Services,USA,20230000000.0,33.02,15.66,-0.63%,32992213.0,0,1,0,0,0,0,0,0,0,0,0,0,0,0,0,0,0,0,0,0,1,1,0,0,0,1,0,0,4,0,4
OFR,Amplify Samsung SOFR ETF,Financial,Exchange Traded Fund,USA,,,100.13,0.02%,6883.0,0,1,0,0,0,1,0,0,0,0,0,0,-1,-1,0,0,0,0,0,0,0,0,0,0,0,0,0,0,2,2,4
OFX,Defiance Daily Target 2X Long SOFI ETF,Financial,Exchange Traded Fund,USA,,,6.83,-1.59%,1429015.0,0,1,0,0,0,0,0,0,0,0,0,0,-1,-1,0,0,0,0,0,0,0,0,0,0,0,0,0,0,1,2,3
OGP,Sound Group Inc ADR,Communication Services,Internet Content & Information,Singapore,33330000.0,1.24,11.0,-0.90%,2062.0,0,0,0,0,0,0,0,0,1,0,0,0,0,0,0,0,0,0,0,0,0,0,0,0,0,0,0,0,1,0,1
OHU,Sohu.com Ltd ADR,Communication Services,Electronic Gaming & Multimedia,China,330050000.0,1.47,12.66,0.96%,39384.0,0,0,0,-1,0,0,0,0,0,0,0,0,0,0,0,0,0,0,0,0,0,0,0,0,0,0,0,0,0,1,1
ONM,DNA X Inc,Financial,Capital Markets,USA,5760000.0,,3.87,-3.01%,8403.0,0,1,0,0,0,1,0,0,0,0,0,0,-1,-1,0,0,0,0,0,0,0,0,0,0,0,0,0,0,2,2,4
ORA,AsiaStrategy,Consumer Cyclical,Luxury Goods,Hong Kong,51970000.0,33.17,2.09,1.46%,21586.0,0,0,0,0,0,0,0,0,0,0,0,0,-1,0,0,0,0,0,0,0,1,1,0,0,0,0,0,0,2,1,3
OS,SOS Limited,Financial,Capital Markets,China,5590000.0,,0.3,-5.00%,6102497.0,0,0,0,-1,0,0,0,0,1,1,0,0,0,0,0,0,0,0,0,0,0,0,0,0,0,0,0,0,2,1,3
OUL,Soulpower Acquisition Corp,Financial,Shell Companies,USA,274140000.0,47.17,10.49,0.09%,2087.0,0,0,0,0,0,0,0,0,0,0,0,0,0,0,0,0,0,1,0,0,0,0,0,0,0,0,0,0,1,0,1
OUN,SoundHound AI Inc,Technology,Software - Application,USA,2530000000.0,,5.63,-1.57%,14781903.0,0,0,0,-1,0,0,0,0,0,0,0,0,-1,-1,0,0,0,0,0,0,0,0,0,0,0,0,0,0,0,3,3
OUX,Defiance Daily Target 2X Long SOUN ETF,Financial,Exchange Traded Fund,USA,,,7.15,-3.84%,106287.0,0,0,0,0,0,0,0,0,1,0,0,0,0,0,0,0,0,0,0,0,0,0,0,0,0,0,0,0,1,0,1
PAI,Safe Pro Group Inc,Industrials,Aerospace & Defense,USA,95910000.0,,4.71,14.88%,5705631.0,0,1,0,0,0,0,0,0,0,0,0,0,-1,0,0,0,0,0,0,0,0,0,0,1,0,0,0,0,2,1,3
PAM,Themes Cybersecurity ETF,Financial,Exchange Traded Fund,USA,,,48.12,-2.15%,3555.0,0,0,0,0,0,0,0,-1,0,0,0,0,0,0,0,0,0,0,0,0,0,0,0,0,0,0,0,0,0,1,1
PBC,Simplify US Equity PLUS Bitcoin Strategy ETF,Financial,Exchange Traded Fund,USA,,,51.05,-0.56%,1511.0,0,0,0,-1,0,0,0,-1,0,0,0,0,0,0,0,0,0,1,0,0,0,0,0,0,0,0,0,0,1,2,3
PCE,Virgin Galactic Holdings Inc,Industrials,Aerospace & Defense,USA,456300000.0,,3.01,-1.95%,4525494.0,0,1,0,0,0,1,0,0,0,0,0,0,0,0,0,0,0,0,0,0,0,0,0,0,0,0,0,0,2,0,2
PCL,Defiance Daily 2X Space ETF,Financial,Exchange Traded Fund,USA,,,24.03,-8.21%,36379.0,0,0,0,0,0,0,0,0,0,0,0,0,0,0,0,0,0,0,0,0,0,0,0,1,0,0,0,0,1,0,1
PDF,Defender Risk Adaptive 500 ETF,Financial,Exchange Traded Fund,USA,,,28.52,-0.37%,35668.0,0,0,0,0,0,0,0,0,0,0,0,0,0,0,0,1,0,0,0,0,0,0,0,0,0,0,0,0,1,0,1
PDG,State Street SPDR Portfolio S&P Sector Neutral Dividend ETF,Financial,Exchange Traded Fund,USA,,,45.29,-0.90%,920.0,0,0,0,0,0,0,0,0,0,0,0,0,0,0,0,0,0,0,0,0,0,0,-1,0,0,0,0,0,0,1,1
PE,Special Opportunities Fund Inc,Financial,Closed-End Fund - Equity,USA,138430000.0,,12.56,-0.79%,35435.0,0,0,0,0,0,0,0,0,1,0,0,0,0,0,0,0,0,0,0,0,0,0,0,0,0,0,0,0,1,0,1
PEM,State Street SPDR Portfolio Emerging Markets ETF,Financial,Exchange Traded Fund,USA,,,52.2,-1.23%,1977194.0,0,0,0,0,0,0,0,0,0,0,1,1,0,0,0,0,0,0,0,0,0,0,0,0,-1,0,0,0,2,1,3
PH,Suburban Propane Partners LP,Utilities,Utilities - Regulated Gas,USA,1130000000.0,8.71,16.97,-0.64%,169421.0,0,0,0,0,0,0,0,0,0,0,0,0,-1,0,0,0,0,0,0,0,0,0,0,1,0,0,0,0,1,1,2
PHB,Invesco S&P 500 High Beta ETF,Financial,Exchange Traded Fund,USA,,,155.25,-0.97%,195655.0,0,0,0,0,0,0,0,0,0,0,0,0,-1,0,0,1,0,0,0,0,0,0,0,0,0,0,0,0,1,1,2
PHQ,Invesco S&P 500 Quality ETF,Financial,Exchange Traded Fund,USA,,,85.21,-0.46%,1282122.0,0,0,0,0,0,0,0,0,1,0,0,0,0,0,0,0,0,0,0,0,0,0,0,0,0,0,0,0,1,0,1
PIB,State Street SPDR Portfolio Intermediate Term Corporate Bond ETF,Financial,Exchange Traded Fund,USA,,,32.29,0.06%,5330733.0,0,1,0,0,0,0,0,0,0,0,0,0,0,0,0,0,0,0,0,0,0,0,0,0,0,0,0,0,1,0,1
PIN,State Street US Equity Premium Income ETF,Financial,Exchange Traded Fund,USA,,,33.98,-0.11%,1284.0,0,0,0,0,0,0,0,-1,0,0,0,0,0,0,0,0,0,0,0,0,0,0,0,0,0,0,0,0,0,1,1
PMO,Invesco S&P 500 Momentum ETF,Financial,Exchange Traded Fund,USA,,,153.0,0.01%,2043792.0,0,0,0,0,0,0,0,0,0,0,1,0,0,0,0,0,0,0,0,0,0,0,0,0,0,0,0,0,1,0,1
POK,Spok Holdings Inc,Healthcare,Health Information Services,USA,231140000.0,19.03,11.05,0.82%,121139.0,0,0,0,0,0,0,0,0,0,0,0,0,-1,-1,0,0,0,0,0,0,1,0,0,0,0,1,0,0,2,2,4
PTL,State Street SPDR Portfolio Long Term Treasury ETF,Financial,Exchange Traded Fund,USA,,,23.66,-0.17%,17727123.0,0,0,0,0,0,0,0,0,1,1,0,0,0,0,0,0,0,0,0,0,0,0,0,0,0,0,0,0,2,0,2
PTM,State Street SPDR Portfolio S&P 1500 Composite Stock Market ETF,Financial,Exchange Traded Fund,USA,,,93.82,-0.35%,318096.0,0,1,0,0,0,0,0,0,0,0,0,0,0,0,0,0,0,0,0,0,0,0,0,0,0,0,0,0,1,0,1
PTU,State Street SPDR Portfolio Ultra Short TBill ETF,Financial,Exchange Traded Fund,USA,,,25.02,0.02%,5116.0,0,1,0,-1,0,1,0,0,0,0,0,0,0,0,0,0,0,0,0,0,1,1,0,0,0,0,0,0,4,1,5
PUS,SP Funds S&P 500 Sharia Industry Exclusions ETF,Financial,Exchange Traded Fund,USA,,,61.07,-0.13%,360650.0,0,0,0,0,0,0,0,0,0,0,1,1,0,0,0,0,0,0,0,0,0,0,0,0,0,0,0,0,2,0,2
PUT,Innovator Equity Premium Income Daily PutWrite ETF,Financial,Exchange Traded Fund,USA,,,28.89,-0.10%,14308.0,0,0,0,0,0,0,0,0,0,0,1,0,0,0,0,0,0,0,0,0,0,0,0,0,0,0,0,0,1,0,1
PUU,Direxion Daily S&P 500 Bull 2X ETF,Financial,Exchange Traded Fund,USA,,,230.04,-0.56%,15433.0,0,0,0,0,0,0,0,0,0,0,1,0,0,0,0,0,0,0,0,0,0,0,-1,0,0,0,0,0,1,1,2
PWH,Sportsman's Warehouse Holdings Inc,Consumer Cyclical,Specialty Retail,USA,43840000.0,,1.12,-1.75%,247011.0,0,0,0,0,0,0,0,0,1,0,0,0,0,0,0,0,0,0,0,0,0,0,0,0,0,0,0,0,1,0,1
PWO,SP Funds S&P World (ex-US) ETF,Financial,Exchange Traded Fund,USA,,,34.13,-1.07%,92044.0,0,0,0,0,0,0,0,0,0,0,0,0,0,0,0,1,0,0,0,0,0,0,0,0,0,0,0,0,1,0,1
PWR,SunPower Inc,Technology,Solar,USA,93750000.0,,0.29,-2.47%,1495905.0,0,0,0,0,0,0,0,0,1,0,0,0,0,0,0,0,0,0,0,0,0,0,0,0,0,0,0,0,1,0,1
PXC,SPX Technologies Inc,Industrials,Building Products & Equipment,USA,8550000000.000001,29.9,170.62,-2.96%,538862.0,0,0,0,0,0,0,0,0,0,0,0,0,-1,0,0,0,0,0,0,0,0,0,0,0,0,0,0,0,0,1,1
PXN,ProShares S&P 500 Ex-Financials ETF,Financial,Exchange Traded Fund,USA,,,86.21,-0.17%,107.0,0,0,0,0,0,0,0,-1,0,0,0,0,0,0,0,0,0,0,0,0,0,0,0,0,0,0,0,0,0,1,1
PYG,State Street SPDR Portfolio S&P 500 Growth ETF,Financial,Exchange Traded Fund,USA,,,126.28,-0.17%,1528150.0,0,0,0,0,0,0,0,-1,0,0,0,0,0,0,0,0,0,0,0,0,0,0,0,0,0,0,0,0,0,1,1
PYH,NEOS S&P 500 Hedged Equity Income ETF,Financial,Exchange Traded Fund,USA,,,56.89,-0.11%,17906.0,0,0,0,-1,0,0,0,-1,0,0,0,0,0,0,0,0,0,0,0,0,0,0,0,0,0,0,0,0,0,2,2
PYT,Defiance S&P 500 Target Income ETF,Financial,Exchange Traded Fund,USA,,,17.19,0.00%,81873.0,0,0,0,0,0,0,0,0,0,0,0,0,-1,-1,0,0,0,0,0,0,1,0,0,0,0,0,0,0,1,2,3
PYX,State Street SPDR S&P 500 Fossil Fuel Reserves Free ETF,Financial,Exchange Traded Fund,USA,,,63.7,-0.27%,63684.0,0,0,0,0,0,0,0,0,0,0,0,0,0,0,0,0,0,1,0,0,0,0,0,0,0,0,0,0,1,0,1
QM,Sociedad Quimica Y Minera de Chile SA ADR,Basic Materials,Specialty Chemicals,Chile,9230000000.0,13.34,64.61,-2.36%,849724.0,0,0,0,0,0,0,0,0,1,0,0,0,0,0,0,0,0,0,0,0,0,0,0,0,0,0,0,0,1,0,1
QMX,FT Vest U.S. Equity Quarterly Max Buffer ETF,Financial,Exchange Traded Fund,USA,,,35.01,-0.09%,90340.0,0,0,0,-1,0,0,0,0,0,0,0,0,0,0,0,0,0,0,0,0,0,0,0,0,0,0,0,0,0,1,1
QNS,Sequans Communications S.A ADR,Technology,Semiconductors,France,42550000.0,,2.79,0.00%,24189.0,0,0,0,0,0,0,0,0,0,0,0,0,-1,0,0,0,0,0,0,0,0,0,0,1,0,0,0,0,1,1,2
QQQ,ProShares UltraPro Short QQQ -3x Shares,Financial,Exchange Traded Fund,USA,,,32.07,0.75%,42837326.0,0,0,0,0,0,0,0,0,1,0,0,0,0,0,0,0,0,0,0,0,0,0,0,0,0,0,0,0,1,0,1
QS,Sapient Quality Select ETF,Financial,Exchange Traded Fund,USA,,,28.73,0.00%,7410.0,0,1,0,0,0,0,0,0,0,0,0,0,0,0,0,0,0,0,0,0,0,0,0,0,0,0,0,0,1,0,1
R,Spire Inc,Utilities,Utilities - Regulated Gas,USA,4600000000.0,8.67,77.82,-0.45%,349861.0,0,0,0,0,0,0,0,0,0,0,0,0,-1,0,0,0,0,0,0,0,0,0,0,1,0,0,0,0,1,1,2
RAD,Sportradar Group AG,Technology,Software - Application,Switzerland,3760000000.0,200.33,12.06,-0.99%,1629830.0,0,0,0,-1,0,0,0,0,1,1,0,0,0,0,0,0,0,0,0,0,0,0,0,0,0,0,0,0,2,1,3
RE,Sempra,Utilities,Utilities - Diversified,USA,52110000000.0,23.09,79.69,-0.35%,2494596.0,0,0,0,0,0,0,0,0,1,0,0,0,0,0,0,0,0,0,0,0,0,0,0,0,0,0,0,0,1,0,1
RG,Seritage Growth Properties,Real Estate,Real Estate Services,USA,93500000.0,,1.66,-3.49%,128360.0,0,0,0,0,0,0,0,0,1,0,0,0,0,0,0,0,0,0,0,0,0,0,0,0,0,0,0,0,1,0,1
RHQ,SRH U.S. Quality GARP ETF,Financial,Exchange Traded Fund,USA,,,47.18,-1.10%,181.0,0,0,0,0,0,0,0,0,0,0,0,0,-1,0,0,0,0,0,0,0,0,0,0,0,0,0,0,0,0,1,1
RL,Scully Royalty Ltd,Financial,Capital Markets,China,74190000.0,,4.98,-2.06%,6203.0,0,0,0,0,0,0,0,0,1,0,0,0,0,0,0,0,0,0,0,0,0,0,0,0,0,0,0,0,1,0,1
RZN,Surrozen Inc,Healthcare,Biotechnology,USA,295540000.0,,25.15,-4.65%,374286.0,0,0,0,0,0,0,0,0,0,0,0,0,0,0,0,0,0,0,0,0,0,0,-1,0,0,0,0,0,0,1,1
SAC,SPACSphere Acquisition Corp,Financial,Shell Companies,USA,241010000.0,195.0,10.14,-0.10%,5272.0,0,0,0,0,0,1,0,0,0,0,0,0,0,0,0,0,0,1,0,0,0,0,0,0,0,0,0,0,2,0,2
SBI,Summit State Bank,Financial,Banks - Regional,USA,85730000.0,37.81,12.66,0.64%,3045.0,0,0,0,0,0,0,0,0,1,1,0,0,0,0,0,0,0,0,0,0,0,0,0,0,0,0,0,0,2,0,2
SD,Simpson Manufacturing Co Inc,Basic Materials,Lumber & Wood Production,USA,7020000000.0,18.7,171.22,-2.17%,405937.0,0,0,0,0,0,0,0,0,0,0,1,0,0,0,0,0,0,0,0,0,0,0,0,0,0,0,0,0,1,0,1
SEA,Starry Sea Acquisition Corp,Financial,Shell Companies,USA,79340000.0,91.14,10.39,0.39%,8.0,0,0,0,0,0,0,0,-1,0,0,0,0,0,0,0,0,0,0,0,0,0,0,0,0,0,0,0,0,0,1,1
SFI,Day Hagan Smart Sector Fixed Income ETF,Financial,Exchange Traded Fund,USA,,,20.27,-0.10%,2299.0,0,0,0,0,0,0,0,0,1,0,0,0,0,0,0,0,0,0,0,0,0,0,0,0,0,0,0,0,1,0,1
SMG,Virtus Silvant Small/Mid Growth ETF,Financial,Exchange Traded Fund,USA,,,25.74,-2.00%,12.0,0,0,0,0,0,0,0,0,0,0,0,0,-1,0,0,0,0,0,0,0,0,0,0,0,0,0,0,0,0,1,1
SP,E.W. Scripps Co,Communication Services,Broadcasting,USA,263180000.0,,2.84,-2.74%,756292.0,0,0,0,0,0,0,0,0,1,0,0,0,0,0,0,0,0,0,0,0,0,0,0,0,0,0,0,0,1,0,1
ST,System1 Inc,Industrials,Specialty Business Services,USA,24650000.0,,2.35,-0.42%,46990.0,0,0,0,0,0,0,0,0,0,0,1,0,0,0,0,0,0,0,0,0,0,0,-1,0,0,0,0,0,1,1,2
SYS,Stratasys Ltd,Technology,Computer Hardware,USA,721710000.0,,8.24,-3.74%,510579.0,0,0,0,0,0,0,0,0,0,0,0,0,-1,-1,0,0,0,0,0,0,0,0,0,0,0,1,0,0,1,2,3
T,Sensata Technologies Holding Plc,Technology,Scientific & Technical Instruments,USA,6170000000.0,69.98,42.37,-3.53%,897905.0,0,0,0,0,0,0,0,0,1,0,0,0,0,0,0,0,0,0,0,0,0,0,0,0,0,0,0,0,1,0,1
TAA,Staar Surgical Co,Healthcare,Medical Instruments & Supplies,USA,1120000000.0,336.24,22.36,0.95%,779784.0,0,0,0,0,0,0,0,0,1,0,0,0,0,0,0,0,0,0,0,0,0,0,0,0,0,0,0,0,1,0,1
TBQ,Amplify Stablecoin Technology Leaders ETF,Financial,Exchange Traded Fund,USA,,,23.13,-2.18%,464.0,0,0,0,0,0,0,0,-1,0,0,0,0,0,0,0,0,0,0,0,0,0,0,0,0,0,0,0,0,0,1,1
TC,Stewart Information Services Corp,Financial,Insurance - Property & Casualty,USA,1540000000.0,11.06,50.4,-2.55%,357873.0,0,0,0,0,0,0,0,0,0,0,1,0,0,0,0,0,0,0,0,0,0,0,0,0,0,0,0,0,1,0,1
TEP,StepStone Group Inc,Financial,Asset Management,USA,5330000000.0,,44.18,-2.17%,1028061.0,0,1,0,0,0,0,0,0,0,0,0,0,-1,0,0,0,0,0,0,0,0,0,0,0,0,0,0,0,1,1,2
TEX,Streamex Corp,Financial,Capital Markets,USA,61930000.0,,0.53,2.86%,1469958.0,0,0,0,0,0,0,0,0,0,0,0,0,-1,-1,0,0,0,0,0,0,0,0,0,0,0,0,0,0,0,2,2
TK,Columbia Seligman Premium Technology Growth Fund Inc,Financial,Closed-End Fund - Equity,USA,983320000.0,,55.57,-1.23%,48114.0,0,0,0,0,0,0,0,0,0,0,1,0,0,0,0,0,0,0,0,0,0,0,0,0,0,0,0,0,1,0,1
TKE,Sol Strategies Inc,Financial,Capital Markets,Canada,65950000.0,,1.67,-9.24%,452633.0,0,0,0,0,0,1,0,0,0,0,0,0,0,0,0,0,0,0,0,0,0,0,0,0,0,0,0,0,1,0,1
TLA,Stellantis N.V,Consumer Cyclical,Auto Manufacturers,Netherlands,13340000000.0,,4.61,0.00%,29153546.0,0,0,0,0,0,0,0,0,1,0,0,0,0,0,0,0,0,0,0,0,0,0,0,0,0,0,0,0,1,0,1
TLD,Steel Dynamics Inc,Basic Materials,Steel,USA,33549999999.999996,21.23,234.09,-1.71%,579915.0,0,0,0,0,0,0,0,0,0,0,0,0,-1,-1,0,0,0,0,0,0,0,0,0,0,0,0,0,0,0,2,2
TLN,Starling Oncology Inc,Healthcare,Medical Care Facilities,USA,642890000.0,,6.43,-2.28%,949109.0,0,0,0,-1,0,0,0,-1,0,0,0,0,0,0,0,0,0,0,0,0,0,0,0,0,0,0,0,0,0,2,2
TLU,2x Stellar ETF,Financial,Exchange Traded Fund,USA,,,18.32,-13.63%,237998.0,0,0,0,0,0,0,0,0,0,0,0,0,-1,0,0,0,0,0,0,0,0,0,0,0,0,0,0,0,0,1,1
TNC,Hennessy Sustainable ETF,Financial,Exchange Traded Fund,USA,,,36.0,-0.88%,163.0,0,1,0,0,0,0,0,0,0,0,0,0,0,0,0,0,0,0,0,0,0,0,0,0,0,0,0,0,1,0,1
TNE,StoneCo Ltd,Technology,Software - Infrastructure,Brazil,2800000000.0,4.65,11.51,-0.95%,5859715.0,0,0,0,0,0,0,0,0,0,0,0,0,-1,-1,0,0,0,0,0,0,0,0,0,0,0,1,0,0,1,2,3
TNG,Scorpio Tankers Inc,Energy,Oil & Gas Midstream,Monaco,4230000000.0000005,5.32,84.51,-1.99%,1073552.0,0,0,0,0,0,0,0,0,0,0,1,0,0,0,0,0,0,0,0,0,0,0,-1,0,0,0,0,0,1,1,2
TOX,Horizon Core Equity ETF,Financial,Exchange Traded Fund,USA,,,32.56,-0.01%,25653.0,0,0,0,0,0,0,0,0,0,0,1,0,0,0,0,0,0,0,0,0,0,0,-1,0,0,0,0,0,1,1,2
TPZ,PIMCO 1-5 Year U.S. TIPS Index ETF,Financial,Exchange Traded Fund,USA,,,52.05,0.17%,87254.0,0,0,0,0,0,0,0,0,1,1,0,0,0,0,0,0,0,0,0,0,0,0,0,0,0,0,0,0,2,0,2
TRA,Strategic Education Inc,Consumer Defensive,Education & Training Services,USA,1790000000.0,13.45,80.68,1.08%,441802.0,0,0,0,0,0,0,0,0,0,0,1,1,0,0,0,0,0,0,0,0,0,0,0,0,0,0,0,0,2,0,2
TRN,SMART Trend 25 ETF,Financial,Exchange Traded Fund,USA,,,27.47,-0.34%,3363.0,0,0,0,0,0,0,0,0,1,0,0,0,0,0,0,0,0,0,0,0,0,0,0,0,0,0,0,0,1,0,1
TRR,Star Equity Holdings Inc,Industrials,Staffing & Employment Services,USA,36890000.0,,10.0,-0.10%,4977.0,0,1,0,0,0,0,0,0,0,0,0,0,0,0,0,0,0,0,0,0,0,0,0,0,0,0,0,0,1,0,1
TSM,Defiance Daily Target 2X Short TSM ETF,Financial,Exchange Traded Fund,USA,,,27.37,4.43%,7878.0,0,0,0,0,0,0,0,0,1,0,0,0,0,0,0,0,0,0,0,0,0,0,0,0,0,0,0,0,1,0,1
TTK,Shattuck Labs Inc,Healthcare,Biotechnology,USA,567560000.0,,5.66,-3.50%,1109328.0,0,0,0,0,0,0,0,0,0,0,1,0,0,0,0,0,0,0,0,0,0,0,0,0,-1,0,0,0,1,1,2
TVN,Stevanato Group Spa,Healthcare,Medical Instruments & Supplies,Italy,5310000000.0,33.8,19.44,-2.11%,285701.0,0,0,0,0,0,0,0,-1,0,0,1,1,0,0,0,0,0,0,0,0,0,0,0,0,0,0,0,0,2,1,3
TWD,Starwood Property Trust Inc,Real Estate,REIT - Mortgage,USA,4690000000.0,21.27,12.66,-2.09%,7443380.0,0,0,0,0,0,1,0,0,1,1,0,0,0,0,0,0,0,0,0,0,0,0,0,0,0,0,0,0,3,0,3
TXD,Strive 1000 Dividend Growth ETF,Financial,Exchange Traded Fund,USA,,,39.24,-0.47%,5599.0,0,1,0,0,0,0,0,0,0,0,0,0,0,0,0,0,0,0,0,0,0,0,0,0,0,0,0,0,1,0,1
TXL,Defiance Daily Target 2x Long STX ETF,Financial,Exchange Traded Fund,USA,,,27.12,0.00%,938684.0,0,0,0,0,0,0,0,0,1,0,0,0,0,0,0,0,0,0,0,0,0,0,0,0,0,0,0,0,1,0,1
TXT,Strive Total Return Bond ETF,Financial,Exchange Traded Fund,USA,,,18.98,0.25%,17531.0,0,0,0,0,0,1,0,0,0,0,0,0,0,0,0,0,0,0,0,-1,0,0,0,0,0,0,0,0,1,1,2
TXU,Leverage Shares 2X Long STX Daily ETF,Financial,Exchange Traded Fund,USA,,,10.37,0.39%,713169.0,0,0,0,0,0,0,0,0,1,0,0,0,0,0,0,0,0,0,0,0,0,0,0,0,0,0,0,0,1,0,1
TXX,Tradr 2X Long STX Daily ETF,Financial,Exchange Traded Fund,USA,,,34.49,0.12%,268404.0,0,0,0,0,0,0,0,0,1,0,0,0,0,0,0,0,0,0,0,0,0,0,0,0,0,0,0,0,1,0,1
TZ,Constellation Brands Inc,Consumer Defensive,Beverages - Brewers,USA,20220000000.0,10.62,118.39,2.35%,6349181.0,0,0,0,0,0,1,0,0,1,0,0,0,0,0,0,0,0,0,0,0,0,0,0,0,0,0,0,0,2,0,2
UIS,Canary Staked SUI ETF,Financial,Exchange Traded Fund,USA,,,29.01,-5.64%,4629.0,0,0,0,0,0,0,0,0,0,0,0,0,0,0,0,0,0,0,0,0,0,0,0,0,0,1,0,0,1,0,1
UN,Sunoco LP,Energy,Oil & Gas Refining & Marketing,USA,14750000000.0,15.79,71.99,-1.33%,292345.0,0,0,0,-1,0,0,0,0,0,0,0,0,0,0,0,0,0,0,0,0,0,0,0,0,0,0,0,0,0,1,1
UNS,Sunrise Realty Trust Inc,Real Estate,REIT - Mortgage,USA,82170000.0,6.27,6.08,2.36%,78134.0,0,0,0,0,0,0,0,0,0,0,0,0,-1,0,0,0,0,0,0,0,0,0,0,0,0,0,0,0,0,1,1
UPN,Supernus Pharmaceuticals Inc,Healthcare,Drug Manufacturers - Specialty & Generic,USA,2510000000.0,,43.05,0.51%,571037.0,0,0,0,-1,0,1,0,0,0,0,0,0,0,0,0,0,0,0,0,-1,0,0,0,0,0,0,0,0,1,2,3
UPP,TCW Transform Supply Chain ETF,Financial,Exchange Traded Fund,USA,,,80.6,-1.94%,328.0,0,0,0,0,0,0,0,0,1,1,0,0,0,0,0,0,0,0,0,0,0,0,0,0,0,0,0,0,2,0,2
URG,Surgepays Inc,Communication Services,Telecom Services,USA,7880000.0,,0.15,-0.60%,985783.0,0,0,0,0,0,0,0,0,0,0,0,0,0,0,0,0,0,0,0,-1,0,0,0,0,0,0,0,0,0,1,1
USB,iShares Trust iShares ESG Aware 1-5 Year USD Corporate Bond ETF,Financial,Exchange Traded Fund,USA,,,24.43,0.08%,287097.0,0,1,0,0,0,0,0,0,0,0,0,0,0,0,0,0,0,0,0,0,0,0,0,0,0,0,0,0,1,0,1
USL,iShares ESG MSCI USA Leaders ETF,Financial,Exchange Traded Fund,USA,,,138.82,-0.43%,14927.0,0,1,0,0,0,0,0,0,0,0,0,0,0,0,0,0,0,0,0,0,0,0,0,0,0,0,0,0,1,0,1
VIV,Spring Valley Acquisition Corp IV,Financial,Shell Companies,USA,309580000.0,,10.08,0.00%,110.0,0,0,0,0,0,0,0,0,1,0,0,0,0,0,0,0,0,0,0,0,0,0,0,0,0,0,0,0,1,0,1
VIX,-1x Short VIX Futures ETF,Financial,Exchange Traded Fund,USA,,,29.79,-0.63%,1724842.0,0,0,0,0,0,0,0,-1,0,0,0,0,0,0,0,0,0,0,0,0,0,0,0,0,0,0,0,0,0,1,1
VM,Silvercorp Metals Inc,Basic Materials,Silver,Canada,2220000000.0,96.91,10.04,-4.47%,1746290.0,0,0,0,0,0,0,0,0,1,0,0,0,0,0,0,0,0,0,0,0,0,0,0,0,0,0,0,0,1,0,1
W,Smurfit WestRock plc,Consumer Cyclical,Packaging & Containers,Ireland,21590000000.0,43.91,41.29,-2.59%,3627772.0,0,0,0,0,0,0,0,0,0,0,1,0,-1,0,0,0,0,0,0,0,0,0,0,0,0,0,0,0,1,1,2
WBI,Smith & Wesson Brands Inc,Industrials,Aerospace & Defense,USA,650620000.0,26.79,14.51,-0.07%,406885.0,0,0,0,0,0,0,0,0,1,0,0,0,0,0,0,0,0,0,0,0,0,0,0,0,0,0,0,0,1,0,1
WIM,Latham Group Inc,Industrials,Building Products & Equipment,USA,749410000.0,154.24,6.37,-0.31%,488690.0,0,0,0,0,0,0,0,0,0,0,0,0,0,0,0,0,0,0,0,0,0,0,0,0,0,0,0,1,1,0,1
WRD,Stewards Inc,Financial,Credit Services,USA,575350000.0,,2.55,-3.77%,217702.0,0,0,0,0,0,0,0,0,1,1,0,0,0,0,0,0,0,0,0,0,0,0,0,0,0,0,0,0,2,0,2
XC,SunCoke Energy Inc,Basic Materials,Coking Coal,USA,834320000.0,,9.83,-2.09%,1160338.0,0,0,0,-1,0,1,0,-1,0,0,0,0,0,0,0,0,0,0,0,0,0,0,0,0,0,0,0,0,1,2,3
XQG,ETC 6 Meridian Quality Growth ETF,Financial,Exchange Traded Fund,USA,,,34.19,-0.13%,216.0,0,0,0,0,0,0,0,-1,0,0,0,0,0,0,0,0,0,0,0,0,0,0,0,0,0,0,0,0,0,1,1
YK,Stryker Corp,Healthcare,Medical Devices,USA,105640000000.0,28.54,275.4,-1.01%,1918979.0,0,0,0,0,0,0,0,0,1,0,0,0,0,0,0,0,0,0,0,0,0,0,0,0,0,0,0,0,1,0,1
YNA,Synaptics Inc,Technology,Semiconductors,USA,4740000000.0,,119.46,0.06%,718094.0,0,0,0,0,0,0,0,0,1,0,0,0,0,0,0,0,0,0,0,0,0,0,0,0,0,0,0,0,1,0,1
YNX,Silynxcom Ltd,Technology,Communication Equipment,Israel,6230000.0,,0.94,4.33%,3844.0,0,0,0,0,0,0,0,0,1,0,0,0,0,0,0,0,0,0,0,0,0,0,0,0,0,0,0,0,1,0,1
YRE,Spyre Therapeutics Inc,Healthcare,Biotechnology,USA,7130000000.0,,80.85,0.92%,2719344.0,0,0,0,0,0,0,0,0,1,0,0,0,-1,0,0,0,0,0,0,0,0,0,0,0,0,0,0,0,1,1,2
YY,Sysco Corp,Consumer Defensive,Food Distribution,USA,37770000000.0,21.01,76.79,-0.85%,2378236.0,0,0,0,0,0,0,0,0,0,0,0,0,0,0,0,1,0,0,0,0,0,0,0,0,0,0,0,0,1,0,1
ZK,ProShares UltraShort Consumer Staples,Financial,Exchange Traded Fund,USA,,,21.84,0.21%,1270.0,0,0,0,0,0,1,0,0,0,0,0,0,0,0,0,1,0,0,0,0,0,0,0,0,0,0,0,0,2,0,2
ACN,T. Rowe Price Active Core International Equity ETF,Financial,Exchange Traded Fund,USA,,,28.16,-1.30%,1328.0,0,0,0,0,0,0,0,0,0,0,1,0,0,0,0,0,0,0,0,0,0,0,0,0,0,0,0,0,1,0,1
ACT,Transact Technologies Inc,Technology,Computer Hardware,USA,47800000.0,,4.63,-1.91%,33293.0,0,0,0,0,0,0,0,0,1,0,0,0,0,0,0,0,0,0,0,0,0,0,0,0,0,0,0,0,1,0,1
AFI,AB Tax-Aware Short Duration Municipal ETF,Financial,Exchange Traded Fund,USA,,,24.54,-0.20%,616498.0,0,0,0,0,0,0,0,0,1,0,0,0,0,0,0,0,0,0,0,0,0,0,0,0,0,0,0,0,1,0,1
AGG,T. Rowe Price QM U.S. Bond ETF,Financial,Exchange Traded Fund,USA,,,40.54,-0.01%,455395.0,0,0,0,0,0,0,0,0,1,1,0,0,0,0,0,0,0,0,0,0,0,0,0,0,0,0,0,0,2,0,2
AL,TAL Education Group ADR,Consumer Defensive,Education & Training Services,China,4260000000.0,7.88,12.76,1.27%,1515101.0,0,0,0,-1,0,0,0,0,0,0,0,0,0,0,0,0,0,0,0,0,0,0,0,0,0,0,0,1,1,1,2
AN,Invesco Solar ETF,Financial,Exchange Traded Fund,USA,,,43.53,-1.96%,983876.0,0,1,0,0,0,0,0,0,0,0,0,0,0,0,0,0,0,0,0,0,0,0,0,0,0,0,0,0,1,0,1
ANH,Tantech Holdings Ltd,Consumer Defensive,Household & Personal Products,China,11280000.0,0.67,16.9,0.12%,121908.0,0,0,0,0,0,0,0,0,0,0,1,0,0,0,0,0,0,0,0,0,0,0,0,0,0,0,0,0,1,0,1
AOX,TAO Synergies Inc,Financial,Capital Markets,USA,29630000.0,,3.96,-13.16%,222601.0,0,0,0,0,0,0,0,0,0,0,0,0,-1,0,0,0,0,0,0,0,0,0,0,0,0,0,0,0,0,1,1
AOZ,Thornburg American Opportunities Fund,Financial,Exchange Traded Fund,USA,,,88.78,-0.40%,11.0,0,0,0,0,0,1,0,0,0,0,0,0,0,0,0,0,0,0,0,0,0,0,0,0,0,0,0,0,1,0,1
AP,Molson Coors Beverage Company,Consumer Defensive,Beverages - Brewers,USA,6940000000.0,,36.95,0.11%,3846144.0,0,0,0,0,0,0,0,0,1,0,0,0,0,0,0,0,0,0,0,0,0,0,0,0,0,0,0,0,1,0,1
ARA,Protara Therapeutics Inc,Healthcare,Biotechnology,USA,153060000.0,,2.59,1.37%,731351.0,0,0,0,0,0,0,0,0,1,0,0,0,0,0,0,0,0,0,0,0,0,0,0,0,0,0,0,0,1,0,1
ARK,Tradr 2X Long Innovation ETF,Financial,Exchange Traded Fund,USA,,,53.86,-4.75%,326122.0,0,0,0,-1,0,0,0,0,0,0,0,0,0,0,0,0,0,0,0,0,0,0,0,0,0,0,0,0,0,1,1
AYD,Taylor Devices Inc,Industrials,Specialty Industrial Machinery,USA,191180000.0,28.65,59.19,-1.82%,23742.0,0,0,0,0,0,1,0,0,0,0,0,0,-1,0,0,0,0,0,0,0,0,0,0,0,0,1,0,0,2,1,3
BCH,Turtle Beach Corp,Technology,Consumer Electronics,USA,235510000.0,,13.15,-2.66%,226607.0,0,0,0,0,0,0,0,0,0,0,1,0,0,0,0,0,0,0,0,0,1,0,0,0,0,0,0,0,2,0,2
BFG,The Brinsmere Fund Growth ETF,Financial,Exchange Traded Fund,USA,,,32.68,-0.44%,18.0,0,0,0,0,0,0,0,0,0,0,0,0,0,0,0,0,0,0,0,0,1,0,0,0,0,0,0,0,1,0,1
BIL,F/m US Treasury 3 Month Bill Fund,Financial,Exchange Traded Fund,USA,,,49.89,0.02%,2083451.0,0,1,0,0,0,1,0,0,0,0,0,0,0,0,0,0,0,0,0,0,1,1,0,0,0,0,0,0,4,0,4
BLL,Invesco Short Term Treasury ETF,Financial,Exchange Traded Fund,USA,,,105.67,0.02%,230680.0,0,1,0,0,0,1,0,0,0,0,0,0,0,0,0,0,0,0,0,0,1,0,0,0,0,0,0,0,3,0,3
BLU,Tortoise Global Water ETF,Financial,Exchange Traded Fund,USA,,,48.81,-1.85%,1059.0,0,0,0,0,0,0,0,0,0,0,0,0,-1,0,0,0,0,0,0,0,1,0,0,0,0,0,0,0,1,1,2
BN,Tamboran Resources Corp,Energy,Oil & Gas E&P,Australia,1200000000.0,,34.43,-0.72%,83294.0,0,0,0,0,0,0,0,0,0,0,0,0,0,0,0,1,0,0,0,0,0,0,0,0,0,0,0,0,1,0,1
BT,ProShares UltraShort 20+ Yr Treasury,Financial,Exchange Traded Fund,USA,,,42.98,0.51%,214383.0,0,0,0,0,0,0,0,-1,0,0,0,0,0,0,0,0,0,0,0,0,0,0,0,0,0,0,0,0,0,1,1
BUX,T. Rowe Price Ultra Short-Term Bond ETF,Financial,Exchange Traded Fund,USA,,,49.69,-0.02%,269932.0,0,1,0,-1,0,0,0,0,0,0,0,0,0,0,0,0,0,0,0,0,0,0,0,0,0,0,0,0,1,1,2
CAF,T. Rowe Price Capital Appreciation Equity ETF,Financial,Exchange Traded Fund,USA,,,43.45,0.25%,528879.0,0,0,0,0,0,0,0,0,0,0,0,0,0,0,0,0,0,1,0,0,0,0,0,0,0,0,0,0,1,0,1
CAI,Tortoise AI Infrastructure ETF,Financial,Exchange Traded Fund,USA,,,48.29,-1.87%,67462.0,0,0,0,0,0,0,0,0,1,0,0,0,0,0,0,0,0,0,0,0,0,0,0,0,0,0,0,0,1,0,1
CAL,T. Rowe Price Capital Appreciation Premium Income ETF,Financial,Exchange Traded Fund,USA,,,22.17,-0.36%,34723.0,0,1,0,0,0,0,0,0,0,0,0,0,0,0,0,0,0,0,0,0,0,0,0,0,0,0,0,0,1,0,1
CAN,21Shares Canton Network ETF,Financial,Exchange Traded Fund,USA,,,20.29,-6.53%,15093.0,0,0,0,0,0,0,0,0,0,0,1,0,0,0,0,0,0,0,0,0,0,0,0,0,0,0,0,0,1,0,1
CBI,Texas Capital Bancshares Inc,Financial,Banks - Regional,USA,3940000000.0,11.78,90.58,-2.57%,863598.0,0,0,0,0,0,0,0,0,0,0,1,0,0,0,0,0,0,0,0,0,0,0,0,0,0,0,0,0,1,0,1
CBS,Texas Community Bancshares Inc,Financial,Banks - Regional,USA,48840000.0,14.31,17.0,0.00%,2754.0,0,0,0,0,0,0,0,0,0,0,0,0,0,0,0,1,0,0,0,0,0,0,0,0,0,0,0,0,1,0,1
CX,Tucows Inc,Technology,Software - Infrastructure,Canada,107240000.0,,9.59,2.13%,29082.0,0,0,0,0,0,0,0,0,0,0,0,0,0,0,0,0,0,0,0,0,0,0,0,1,0,0,0,0,1,0,1
DAQ,TappAlpha Innovation 100 Growth & Daily Income ETF,Financial,Exchange Traded Fund,USA,,,27.97,-0.18%,585198.0,0,0,0,0,0,0,0,0,0,0,0,0,0,0,0,1,0,0,0,0,0,0,0,0,0,0,0,0,1,0,1
DEC,FT Vest Emerging Markets Buffer ETF - December,Financial,Exchange Traded Fund,USA,,,27.46,-0.34%,734.0,0,0,0,0,0,0,0,-1,0,0,0,0,0,0,0,0,0,0,0,0,0,0,0,0,0,0,0,0,0,1,1
DOG,21Shares Dogecoin ETF,Financial,Exchange Traded Fund,USA,,,17.8,-5.76%,2755.0,0,1,0,0,0,0,0,0,0,0,0,0,0,0,0,0,0,0,0,0,0,0,0,0,0,0,0,1,2,0,2
DOT,21shares Polkadot Staking ETF,Financial,Exchange Traded Fund,USA,,,13.28,-8.92%,4289.0,0,0,0,0,0,0,0,0,0,0,0,0,0,0,0,1,0,0,0,0,0,0,0,0,0,0,0,0,1,0,1
DS,Telephone And Data Systems Inc,Communication Services,Telecom Services,USA,3800000000.0,12.99,35.35,0.57%,1657326.0,0,0,0,0,0,0,0,0,0,0,0,0,0,0,0,0,0,0,0,0,0,0,0,0,0,1,0,0,1,0,1
DSB,ETC Cabana Target Beta ETF,Financial,Exchange Traded Fund,USA,,,24.61,-0.10%,4770.0,0,0,0,0,0,0,0,0,0,0,1,0,0,0,0,0,0,0,0,0,0,0,0,0,0,0,0,0,1,0,1
DSC,ETC Cabana Target Drawdown 10 ETF,Financial,Exchange Traded Fund,USA,,,28.51,-0.19%,7717.0,0,0,0,0,0,0,0,0,0,0,0,0,-1,0,0,0,0,0,0,0,0,0,0,0,0,0,0,0,0,1,1
DTH,Trident Digital Tech Holdings Ltd,Technology,Information Technology Services,Singapore,1160000000.0,,1.02,4.61%,22528.0,0,0,0,0,0,0,0,0,0,0,0,0,0,0,0,0,0,0,0,0,0,0,0,1,0,0,0,0,1,0,1
DTT,Northern Trust iBoxx 3-Year Target Duration TIPS ETF,Financial,Exchange Traded Fund,USA,,,23.32,0.12%,898196.0,0,0,0,0,0,0,0,0,1,0,0,0,0,0,0,0,0,0,0,0,0,0,0,0,0,0,0,0,1,0,1
DV,ProShares S&P Technology Dividend Aristocrats ETF,Financial,Exchange Traded Fund,USA,,,101.95,-0.98%,8299.0,0,0,0,0,0,0,0,0,0,0,0,0,0,0,0,1,0,0,0,0,0,0,0,0,0,0,0,0,1,0,1
DY,Teledyne Technologies Inc,Technology,Scientific & Technical Instruments,USA,28010000000.0,29.19,604.15,-2.90%,301037.0,0,0,0,0,0,0,0,0,0,0,0,0,0,0,0,0,0,0,0,0,1,0,0,0,0,0,0,0,1,0,1
E,T1 Energy Inc,Industrials,Electrical Equipment & Parts,USA,1100000000.0,,3.73,-1.84%,11965428.0,0,0,0,0,0,0,0,0,0,0,0,0,0,0,0,0,0,0,0,0,0,0,0,1,0,0,0,0,1,0,1
EAD,Teads Holding Co,Communication Services,Internet Content & Information,USA,52120000.0,,0.53,-5.96%,411063.0,0,0,0,0,0,1,0,0,0,0,0,0,0,0,0,0,0,0,0,0,0,0,0,0,0,0,0,0,1,0,1
EC,Harbor Transformative Technologies ETF,Financial,Exchange Traded Fund,USA,,,35.86,-0.59%,250.0,0,0,0,0,0,0,0,0,0,0,1,1,0,0,0,0,0,0,0,0,0,0,0,0,0,0,0,0,2,0,2
ECY,GraniteShares YieldBOOST Technology ETF,Financial,Exchange Traded Fund,USA,,,21.25,-0.02%,364.0,0,0,0,0,0,0,0,0,1,0,0,0,0,0,0,0,0,0,0,0,0,0,0,0,0,0,0,0,1,0,1
EKX,State Street Galaxy Transformative Tech Accelerators ETF,Financial,Exchange Traded Fund,USA,,,61.62,-2.95%,2399.0,0,0,0,0,0,0,0,0,0,0,1,0,0,0,0,0,0,0,0,0,0,0,0,0,0,0,0,0,1,0,1
EL,TE Connectivity plc,Technology,Electronic Components,Ireland,62490000000.0,21.16,215.83,-1.68%,1846410.0,0,0,0,0,0,0,0,0,0,0,1,0,0,0,0,0,0,0,0,0,0,0,0,0,0,0,0,0,1,0,1
ELG,Leverage Shares 2X Long TEL Daily ETF,Financial,Exchange Traded Fund,USA,,,13.91,-3.48%,12.0,0,0,0,0,0,0,0,0,0,0,1,0,0,0,0,0,0,0,0,0,0,0,0,0,0,0,0,0,1,0,1
EM,Tempus AI Inc,Healthcare,Health Information Services,USA,12690000000.0,,70.35,-2.26%,9013652.0,0,0,0,0,0,0,0,0,0,0,0,0,0,0,0,0,0,0,0,0,0,0,0,0,0,1,0,0,1,0,1
ENB,Tenable Holdings Inc,Technology,Software - Infrastructure,USA,4290000000.0,673.7,38.94,-1.33%,2883976.0,0,0,0,0,0,0,0,0,0,0,0,0,0,0,0,1,0,0,0,0,0,0,0,0,0,0,0,0,1,0,1
ENJ,iShares Large Cap 10% Target Buffer Jun ETF,Financial,Exchange Traded Fund,USA,,,28.63,-0.05%,598.0,0,0,0,0,0,0,0,0,0,0,1,0,0,0,0,0,0,0,0,0,0,0,0,0,0,0,0,0,1,0,1
EQI,T. Rowe Price Equity Income ETF,Financial,Exchange Traded Fund,USA,,,50.89,-0.42%,9350.0,0,0,0,0,0,0,0,0,0,0,0,0,0,0,0,0,0,0,0,0,0,0,-1,0,0,0,0,0,0,1,1
ERC,Corgi TER 2x Daily ETF,Financial,Exchange Traded Fund,USA,,,24.58,-8.49%,1784.0,0,0,0,0,0,0,0,0,0,0,0,0,-1,0,0,0,0,0,0,0,0,0,0,0,0,0,0,0,0,1,1
ERG,Leverage Shares 2X Long TER Daily ETF,Financial,Exchange Traded Fund,USA,,,45.55,-8.91%,42879.0,0,1,0,0,0,1,0,0,0,0,0,0,-1,0,0,0,0,0,0,0,0,0,0,0,0,0,0,0,2,1,3
ESL,Simplify Volt TSLA Revolution ETF,Financial,Exchange Traded Fund,USA,,,14.32,-0.93%,2401.0,0,0,0,0,0,0,0,0,1,0,0,0,0,0,0,0,0,0,0,0,0,0,0,0,0,0,0,0,1,0,1
EST,YieldMax TSLA Performance & Distribution Target 25 ETF,Financial,Exchange Traded Fund,USA,,,37.85,-0.40%,808.0,0,0,0,0,0,0,0,0,1,0,0,0,0,0,0,0,0,0,0,0,0,0,0,0,0,0,0,0,1,0,1
EXN,iShares Texas Equity ETF,Financial,Exchange Traded Fund,USA,,,33.89,-1.39%,4026.0,0,0,0,0,0,0,0,0,0,0,1,0,0,0,0,0,0,0,0,0,0,0,0,0,0,0,0,0,1,0,1
EXU,Direxion Daily Energy Top 5 Bull 2X ETF,Financial,Exchange Traded Fund,USA,,,42.33,1.00%,1749.0,0,0,0,0,0,0,0,0,0,0,1,0,0,0,0,0,0,0,0,0,0,0,-1,0,0,0,0,0,1,1,2
EXX,Horizon Kinetics Texas ETF,Financial,Exchange Traded Fund,USA,,,29.34,-0.75%,149.0,0,0,0,0,0,1,0,0,0,0,1,1,0,0,0,0,0,0,0,0,0,0,-1,0,0,0,0,0,3,1,4
FII,TFI International Inc,Industrials,Trucking,Canada,9230000000.0,27.6,112.35,-1.40%,497837.0,0,0,0,0,0,0,0,0,1,0,0,0,0,0,0,0,0,0,0,0,0,0,0,0,0,0,0,0,1,0,1
FLO,iShares Treasury Floating Rate Bond ETF,Financial,Exchange Traded Fund,USA,,,50.54,0.00%,1964360.0,0,1,0,-1,0,1,0,0,0,0,0,0,0,0,0,0,0,0,0,0,0,0,0,0,0,0,0,0,2,1,3
FNS,T. Rowe Price Financials ETF,Financial,Exchange Traded Fund,USA,,,27.59,-0.59%,49420.0,0,0,0,0,0,0,0,0,0,0,0,0,0,0,0,0,0,0,0,0,0,0,-1,0,0,0,0,0,0,1,1
FPM,Triple Flag Precious Metals Corp,Basic Materials,Other Precious Metals & Mining,Canada,6210000000.0,15.14,30.13,-1.79%,422518.0,0,0,0,0,0,0,0,0,0,0,0,0,0,0,0,0,0,0,0,0,0,0,0,1,0,0,0,0,1,0,1
FPN,Blueprint Chesapeake Multi-Asset Trend ETF,Financial,Exchange Traded Fund,USA,,,30.1,-0.94%,4998.0,0,1,0,0,0,0,0,0,0,0,0,0,0,0,0,0,0,0,0,0,0,0,0,0,0,0,0,0,1,0,1
FSL,TFS Financial Corp,Financial,Banks - Regional,USA,4520000000.0,44.72,16.12,-2.72%,923434.0,0,0,0,0,0,0,0,0,0,0,0,0,-1,0,0,0,0,0,0,0,0,0,0,0,0,0,0,0,0,1,1
GE,Generation Essentials Group,Financial,Asset Management,France,53790000.0,3.88,1.11,-7.50%,637959.0,0,0,0,0,0,0,0,0,0,0,0,0,0,0,0,0,0,0,0,0,0,0,0,0,0,1,0,0,1,0,1
GL,Treasure Global Inc,Technology,Software - Application,USA,2560000.0,,1.31,3.97%,75071.0,0,0,0,0,0,0,0,0,1,1,0,0,0,0,0,0,0,0,0,0,0,0,0,0,0,0,0,0,2,0,2
GLB,T. Rowe Price Global Equity ETF,Financial,Exchange Traded Fund,USA,,,30.46,-1.21%,738.0,0,0,0,0,0,0,0,0,0,0,0,0,0,0,0,0,0,0,0,0,1,0,0,0,-1,0,0,0,1,1,2
GLS,Tecnoglass Holdings Inc,Basic Materials,Building Materials,USA,1660000000.0,13.19,37.52,2.29%,1095642.0,0,1,0,0,0,0,0,0,0,0,0,0,0,0,0,0,0,0,0,0,0,0,0,0,0,0,0,0,1,0,1
GRT,T. Rowe Price Growth ETF,Financial,Exchange Traded Fund,USA,,,48.49,-0.33%,88594.0,0,0,0,0,0,0,0,0,0,0,1,1,0,0,0,0,0,0,0,0,0,0,0,0,0,0,0,0,2,0,2
GS,Transportadora de Gas del Sur ADR,Energy,Oil & Gas Integrated,Argentina,1820000000.0,10.05,26.24,-2.96%,121384.0,0,1,0,-1,0,0,0,0,0,0,0,0,0,0,0,0,0,0,0,0,0,0,0,0,0,0,0,0,1,1,2
GT,Target Corp,Consumer Defensive,Discount Stores,USA,68560000000.0,15.66,150.92,-2.21%,4512718.0,0,0,0,0,0,1,0,0,0,0,0,0,0,0,0,0,0,0,0,0,0,0,0,0,0,0,0,0,1,0,1
GTX,TG Therapeutics Inc,Healthcare,Biotechnology,USA,8109999999.999999,19.29,52.95,1.46%,1506391.0,0,0,0,0,0,0,0,0,0,0,1,0,0,0,0,0,0,0,0,0,0,0,0,0,-1,0,0,0,1,1,2
HCH,TH International Ltd,Consumer Cyclical,Restaurants,China,36840000.0,,1.15,-5.74%,5021.0,0,0,0,-1,0,0,0,0,0,0,0,0,0,0,0,0,0,0,0,0,0,0,0,0,0,0,0,0,0,1,1
HD,iShares MSCI Thailand ETF,Financial,Exchange Traded Fund,USA,,,71.8,-0.15%,93422.0,0,1,0,-1,0,0,0,0,0,0,1,1,0,0,0,0,0,0,0,0,0,0,0,0,0,0,0,0,3,1,4
HEQ,T. Rowe Price Hedged Equity ETF,Financial,Exchange Traded Fund,USA,,,30.57,-0.24%,265.0,0,0,0,0,0,0,0,0,0,0,1,1,0,0,0,0,0,0,0,0,0,0,0,0,-1,0,0,0,2,1,3
HG,Hanover Insurance Group Inc,Financial,Insurance - Property & Casualty,USA,7580000000.0,10.38,217.61,-1.10%,272926.0,0,0,0,0,0,0,0,0,0,0,0,0,0,0,0,0,0,0,0,0,0,0,-1,0,0,0,0,0,0,1,1
HLV,THOR Equal Weight Low Volatility ETF,Financial,Exchange Traded Fund,USA,,,31.39,0.09%,4123.0,0,0,0,0,0,0,0,0,0,0,1,0,0,0,0,0,0,0,0,0,0,0,0,0,0,0,0,0,1,0,1
HMZ,Lazard Equity Megatrends ETF,Financial,Exchange Traded Fund,USA,,,34.75,-0.96%,2631.0,0,0,0,-1,0,0,0,0,0,0,1,0,0,0,0,0,0,0,0,0,0,0,0,0,-1,0,0,0,1,2,3
HNQ,ROBO Global Artificial Intelligence ETF,Financial,Exchange Traded Fund,USA,,,99.01,-1.72%,50553.0,0,0,0,0,0,0,0,-1,0,0,0,0,0,0,0,0,0,0,0,0,0,0,0,0,0,0,0,0,0,1,1
HO,Thor Industries Inc,Consumer Cyclical,Recreational Vehicles,USA,3400000000.0,19.44,65.84,-2.65%,698563.0,0,0,0,0,0,1,0,0,1,0,0,0,0,0,0,0,0,0,0,-1,0,0,0,0,0,0,0,0,2,1,3
HRV,Prospera Income ETF,Financial,Exchange Traded Fund,USA,,,23.28,-0.26%,284.0,0,0,0,-1,0,0,0,0,0,0,0,0,0,0,0,0,0,0,0,0,0,0,0,0,0,0,0,0,0,1,1
HTA,SoFi Enhanced Yield ETF,Financial,Exchange Traded Fund,USA,,,15.79,0.10%,36299.0,0,0,0,-1,0,0,0,0,0,0,0,0,0,0,0,0,0,0,0,0,0,0,0,0,0,0,0,0,0,1,1
IC,TIC Solutions Inc,Industrials,Specialty Business Services,USA,1910000000.0,,8.77,-0.90%,1157795.0,0,0,0,0,0,0,0,0,0,0,0,0,0,0,0,0,0,0,0,0,1,0,0,1,0,0,0,0,2,0,2
IH,The Investment House ETF,Financial,Exchange Traded Fund,USA,,,25.13,-0.32%,60592.0,0,0,0,0,0,0,0,0,0,0,0,0,-1,0,0,0,0,0,0,0,0,0,0,1,0,0,0,0,1,1,2
II,Titan Mining Corp,Basic Materials,Other Industrial Metals & Mining,USA,225670000.0,,2.28,-6.56%,635131.0,0,0,0,0,0,0,0,0,0,0,0,0,0,0,0,0,0,0,0,0,0,0,0,0,0,1,0,0,1,0,1
ILL,Teucrium Agricultural Strategy No K-1 ETF,Financial,Exchange Traded Fund,USA,,,20.49,-1.11%,158674.0,0,0,0,0,0,0,0,0,0,0,0,0,0,0,0,0,0,0,0,0,0,0,-1,0,0,0,0,0,0,1,1
INT,ProShares Smart Materials ETF,Financial,Exchange Traded Fund,USA,,,37.98,-2.38%,43.0,0,0,0,0,0,0,0,0,0,0,0,0,0,0,0,0,0,0,0,0,0,0,0,0,-1,0,0,0,0,1,1
INY,ProShares Nanotechnology ETF,Financial,Exchange Traded Fund,USA,,,79.95,-1.77%,522.0,0,1,0,0,0,0,0,0,0,0,0,0,0,0,0,0,0,0,0,0,0,0,0,0,0,0,0,0,1,0,1
IP,iShares TIPS Bond ETF,Financial,Exchange Traded Fund,USA,,,104.24,0.06%,1704252.0,0,0,0,0,0,0,0,0,1,0,0,0,0,0,0,0,0,0,0,0,0,0,0,0,0,0,0,0,1,0,1
IPC,Northern Trust 2045 Inflation-Linked Distributing Ladder ETF,Financial,Exchange Traded Fund,USA,,,92.7,0.02%,582.0,0,0,0,0,0,0,0,0,1,0,0,0,0,0,0,0,0,0,0,0,0,0,0,0,0,0,0,0,1,0,1
IPD,Northern Trust 2055 Inflation-Linked Distributing Ladder ETF,Financial,Exchange Traded Fund,USA,,,90.22,0.07%,20.0,0,0,0,0,0,0,0,0,1,0,0,0,0,0,0,0,0,0,0,0,0,0,0,0,0,0,0,0,1,0,1
IPT,Tiptree Inc,Financial,Asset Management,USA,641270000.0,,17.22,0.29%,282528.0,0,0,0,-1,0,0,0,-1,0,0,0,0,0,0,0,0,0,0,0,0,0,0,0,0,0,0,0,0,0,2,2
ISI,Team Inc,Industrials,Specialty Business Services,USA,126450000.0,,27.59,-0.07%,7296.0,0,1,0,0,0,0,0,0,0,0,0,0,0,0,0,0,0,0,0,0,0,0,0,0,0,0,0,0,1,0,1
KLF,Tokyo Lifestyle Co Ltd ADR,Consumer Cyclical,Specialty Retail,Japan,6460000.0,9.09,1.53,-1.17%,3227.0,0,0,0,0,0,0,0,0,1,0,0,0,0,0,0,0,0,0,0,0,0,0,0,0,0,0,0,0,1,0,1
KO,TKO Group Holdings Inc,Communication Services,Entertainment,USA,33810000000.000004,61.8,178.64,1.24%,1000437.0,0,0,0,0,0,0,0,0,1,0,0,0,0,0,0,0,0,0,0,0,0,0,0,0,0,0,0,0,1,0,1
LA,GraniteShares Autocallable TSLA ETF,Financial,Exchange Traded Fund,USA,,,24.78,-1.39%,19881.0,0,1,0,-1,0,0,0,0,0,0,1,1,0,0,0,0,0,0,0,0,0,0,0,0,0,0,0,0,3,1,4
LDR,The Laddered T-Bill ETF,Financial,Exchange Traded Fund,USA,,,25.01,0.02%,1383.0,0,1,0,0,0,0,0,0,1,1,0,0,0,0,0,0,0,0,0,0,0,0,0,0,0,0,0,0,3,0,3
LIH,Ten League International Holdings Ltd,Industrials,Industrial Distribution,Singapore,16910000.0,4.37,5.75,0.00%,1693.0,0,1,0,0,0,0,0,0,0,0,0,0,0,0,0,0,0,0,0,0,0,0,0,0,0,0,0,0,1,0,1
LRY,Tilray Brands Inc,Healthcare,Drug Manufacturers - Specialty & Generic,Canada,549010000.0,,3.71,-1.72%,3368214.0,0,0,0,0,0,0,0,0,1,0,0,0,0,0,0,0,0,0,0,0,0,0,0,0,0,0,0,0,1,0,1
LS,Telos Corp,Technology,Software - Infrastructure,USA,322120000.0,,4.31,-0.69%,426299.0,0,0,0,0,0,0,0,0,0,0,0,0,-1,-1,0,0,0,0,0,0,0,0,0,0,0,0,0,0,0,2,2
LSA,Tiziana Life Sciences Ltd,Healthcare,Biotechnology,Bermuda,141140000.0,,1.1,-0.90%,384744.0,0,0,0,0,0,1,0,0,1,1,0,0,0,0,0,0,0,0,0,0,0,0,0,0,0,0,0,0,3,0,3
LSI,TriSalus Life Sciences Inc,Healthcare,Medical Devices,USA,261690000.0,,4.25,-0.47%,185278.0,0,0,0,0,0,0,0,0,0,0,0,0,0,0,0,0,0,0,0,0,0,0,0,0,0,0,0,1,1,0,1
LT,iShares 20+ Year Treasury Bond ETF,Financial,Exchange Traded Fund,USA,,,77.14,-0.17%,40200003.0,0,0,0,0,0,0,0,0,1,1,0,0,0,0,0,0,0,0,0,0,0,0,0,0,0,0,0,0,2,0,2
LTI,NEOS Enhanced Income 20+ Year Treasury Bond ETF,Financial,Exchange Traded Fund,USA,,,41.03,-0.24%,7204.0,0,0,0,0,0,0,0,0,1,1,0,0,0,0,0,0,0,0,0,0,0,0,0,0,0,0,0,0,2,0,2
LTP,Amplify TLT U.S. Treasury 12% Option Income ETF,Financial,Exchange Traded Fund,USA,,,18.7,-0.37%,10824.0,0,0,0,0,0,0,0,0,0,0,0,0,0,0,0,0,0,0,0,-1,0,0,0,0,0,0,0,0,0,1,1
LTW,iShares 20+ Year Treasury Bond BuyWrite Strategy ETF,Financial,Exchange Traded Fund,USA,,,19.91,-0.10%,2274830.0,0,0,0,0,0,1,0,0,1,1,0,0,0,0,0,0,0,0,0,0,0,0,0,0,0,0,0,0,3,0,3
LTX,Global X Treasury Bond Enhanced Income ETF,Financial,Exchange Traded Fund,USA,,,19.92,0.01%,2065.0,0,0,0,0,0,0,0,0,0,0,0,0,0,0,0,0,0,0,0,-1,0,0,0,0,0,0,0,0,0,1,1
LX,Telix Pharmaceuticals Ltd ADR,Healthcare,Biotechnology,Australia,3780000000.0,118.93,11.12,3.15%,817437.0,0,0,0,-1,0,1,0,-1,0,0,0,0,0,0,0,0,0,0,0,0,0,0,0,0,0,0,0,0,1,2,3
LYS,Tillys Inc,Consumer Cyclical,Apparel Retail,USA,135510000.0,79.96,4.43,0.23%,218501.0,0,1,0,-1,0,0,0,0,0,0,1,1,0,0,0,0,0,0,0,0,1,0,0,0,-1,0,0,0,4,2,6
MAR,FT Vest Emerging Markets Buffer ETF - March,Financial,Exchange Traded Fund,USA,,,26.97,-0.78%,781.0,0,0,0,-1,0,0,0,-1,0,0,0,0,0,0,0,0,0,0,0,0,0,0,0,0,0,0,0,0,0,2,2
MAT,Main Thematic Innovation ETF,Financial,Exchange Traded Fund,USA,,,30.36,-2.10%,20124.0,0,0,0,0,0,0,0,0,0,0,0,0,0,0,0,0,0,0,0,0,0,0,0,0,-1,0,0,0,0,1,1
MB,Thornburg Multi Sector Bond ETF,Financial,Exchange Traded Fund,USA,,,24.62,0.12%,60072.0,0,0,0,0,0,1,0,0,0,0,0,0,0,0,0,0,0,0,0,-1,0,0,0,0,0,0,0,0,1,1,2
MC,TMC the metals company Inc,Basic Materials,Other Industrial Metals & Mining,Canada,1550000000.0,,3.52,-4.86%,4413465.0,0,0,0,0,0,0,0,0,1,0,0,0,0,0,0,0,0,0,0,0,0,0,0,0,0,0,0,0,1,0,1
ME,Tencent Music Entertainment Group ADR,Communication Services,Internet Content & Information,China,5040000000.0,9.57,7.99,0.76%,2795685.0,0,0,0,0,0,0,0,0,1,1,0,0,0,0,0,0,0,0,0,0,0,0,0,0,0,0,0,0,2,0,2
MF,Direxion Daily 20+ Year Treasury Bull 3X Shares,Financial,Exchange Traded Fund,USA,,,25.23,-0.51%,10663691.0,0,0,0,0,0,0,0,0,1,1,0,0,0,0,0,0,0,0,0,0,0,0,0,0,0,0,0,0,2,0,2
MFE,Motley Fool Capital Efficiency 100 Index ETF,Financial,Exchange Traded Fund,USA,,,30.93,-0.34%,2940.0,0,0,0,0,0,0,0,-1,0,0,0,0,0,0,0,0,0,0,0,0,0,0,0,0,0,0,0,0,0,1,1
MH,Toyota Motor Corp ADRhedged,Financial,Exchange Traded Fund,USA,,,48.28,-1.45%,234.0,0,0,0,0,0,0,0,0,0,0,1,0,0,0,0,0,0,0,0,0,0,0,0,0,0,0,0,0,1,0,1
MLP,Tortoise MLP ETF,Financial,Exchange Traded Fund,USA,,,27.89,-2.56%,5011.0,0,1,0,0,0,0,0,0,0,0,0,0,0,0,0,0,0,1,0,0,0,0,0,0,0,0,0,0,2,0,2
MQ,Trilogy Metals Inc,Basic Materials,Other Industrial Metals & Mining,Canada,516880000.0,,2.85,-4.04%,1433543.0,0,0,0,0,0,0,0,0,1,0,0,0,0,0,0,0,0,0,0,0,0,0,0,0,0,0,0,0,1,0,1
MUS,T-Mobile US Inc,Communication Services,Telecom Services,USA,179830000000.0,17.54,167.65,1.04%,3885314.0,0,0,0,0,0,0,0,0,0,0,0,0,0,0,0,0,0,0,0,-1,0,0,0,0,0,0,0,0,0,1,1
MV,Direxion Daily 20+ Year Treasury Bear -3X Shares,Financial,Exchange Traded Fund,USA,,,50.79,0.55%,1111143.0,0,0,0,0,0,0,0,-1,0,0,0,0,0,0,0,0,0,0,0,0,0,0,0,0,0,0,0,0,0,1,1
MVE,Thrivent Mid Cap Value ETF,Financial,Exchange Traded Fund,USA,,,17.02,-1.06%,3148.0,0,0,0,0,0,0,0,0,1,0,0,0,0,0,0,0,0,0,0,0,0,0,0,0,0,0,0,0,1,0,1
NK,Teekay Tankers Ltd,Energy,Oil & Gas Midstream,Bermuda,3540000000.0,6.02,102.12,0.87%,399179.0,0,1,0,0,0,0,0,0,0,0,0,0,0,0,0,0,0,0,0,0,0,0,0,0,0,0,0,0,1,0,1
NL,Travel+Leisure Co,Consumer Cyclical,Travel Services,USA,3850000000.0,17.12,62.9,0.13%,749970.0,0,0,0,0,0,0,0,0,0,0,1,0,0,0,0,0,0,0,0,0,0,0,0,0,-1,0,0,0,1,1,2
NMG,TNL Mediagene,Communication Services,Publishing,Taiwan,3060000.0,,4.02,-2.90%,51835.0,0,0,0,0,0,0,0,0,0,0,0,0,0,0,0,0,0,0,0,0,0,0,0,0,0,1,0,0,1,0,1
NXT,T. Rowe Price Innovation Leaders ETF,Financial,Exchange Traded Fund,USA,,,29.15,-0.31%,3343.0,0,0,0,-1,0,0,0,0,0,0,0,0,0,0,0,0,0,0,0,0,0,0,0,0,0,0,0,0,0,1,1
OAO,Twin Oak Active Opportunities III ETF,Financial,Exchange Traded Fund,USA,,,27.9,-0.41%,6.0,0,0,0,0,0,1,0,-1,0,0,0,0,0,0,0,1,0,0,0,0,0,0,0,0,0,0,0,0,2,1,3
OLL,Tema Durable Quality ETF,Financial,Exchange Traded Fund,USA,,,41.56,-0.60%,4400.0,0,0,0,0,0,0,0,0,0,0,0,0,0,0,0,1,0,0,0,0,0,0,0,0,0,0,0,0,1,0,1
ONT,Graf Global Corp,Financial,Shell Companies,USA,154550000.0,61.23,10.93,0.00%,473.0,0,0,0,0,0,0,0,0,0,0,0,0,0,0,0,1,0,0,0,0,0,0,0,0,0,0,0,0,1,0,1
ONX,TON Strategy Co,Technology,Software - Application,USA,193300000.0,,3.51,-1.96%,231111.0,0,0,0,0,0,1,0,0,0,0,0,0,0,0,0,0,0,0,0,0,0,0,0,0,0,0,0,0,1,0,1
OPW,Roundhill Top WeeklyPay ETF,Financial,Exchange Traded Fund,USA,,,34.75,-0.14%,42145.0,0,0,0,0,0,0,0,0,0,0,0,0,-1,0,0,0,0,0,0,0,0,0,0,0,0,1,0,0,1,1,2
ORO,Toro Corp,Energy,Oil & Gas Midstream,Cyprus,180060000.0,477.98,5.21,2.76%,63668.0,0,0,0,0,0,0,0,0,0,0,0,0,0,0,0,0,0,0,0,0,0,0,-1,0,0,0,0,0,0,1,1
OUR,Tuniu Corp ADR,Consumer Cyclical,Travel Services,China,49610000.0,18.16,5.12,2.20%,17129.0,0,0,0,0,0,0,0,0,1,0,0,0,0,0,0,0,0,0,0,0,0,0,0,0,0,0,0,0,1,0,1
OV,JLens 500 Jewish Advocacy U.S. ETF,Financial,Exchange Traded Fund,USA,,,32.82,-0.30%,7476.0,0,1,0,0,0,0,0,0,0,0,0,0,0,0,0,0,0,0,0,0,0,0,0,0,0,0,0,0,1,0,1
OVX,Theriva Biologics Inc,Healthcare,Biotechnology,USA,10740000.0,,0.23,5.41%,808294.0,0,0,0,0,0,0,0,0,1,0,0,0,0,0,0,0,0,0,0,0,0,0,0,0,0,0,0,0,1,0,1
PB,Turning Point Brands Inc,Consumer Defensive,Tobacco,USA,1150000000.0,24.68,57.37,-1.54%,823249.0,0,0,0,0,0,0,0,0,0,0,0,0,-1,0,0,0,0,0,0,0,0,0,0,0,0,0,0,0,0,1,1
PC,Tutor Perini Corp,Industrials,Engineering & Construction,USA,4520000000.0,37.17,85.91,-3.54%,556295.0,0,0,0,0,0,0,0,0,0,0,1,0,0,0,0,0,0,0,0,0,1,0,-1,0,0,0,0,0,2,1,3
PL,Texas Pacific Land Corp,Energy,Oil & Gas E&P,USA,23850000000.0,44.08,345.79,-2.64%,286273.0,0,0,0,0,0,1,0,0,1,0,0,0,0,0,0,0,0,0,0,0,0,0,0,0,0,0,0,0,2,0,2
PLX,Corgi TPL 2x Daily ETF,Financial,Exchange Traded Fund,USA,,,20.03,-4.89%,75.0,0,0,0,0,0,0,0,0,1,0,0,0,0,0,0,0,0,0,0,0,0,0,0,0,0,0,0,0,1,0,1
PST,Tempest Therapeutics Inc,Healthcare,Biotechnology,USA,13370000.0,,0.79,0.50%,308099.0,0,0,0,0,0,0,0,0,1,0,0,0,0,0,0,0,0,0,0,0,0,0,0,0,0,0,0,0,1,0,1
PUT,T. Rowe Price Capital Appreciation Market Opportunities ETF,Financial,Exchange Traded Fund,USA,,,25.15,-0.10%,6952.0,0,0,0,0,0,0,0,0,0,0,0,0,-1,0,0,0,0,0,0,0,0,0,0,0,0,0,0,0,0,1,1
PVG,TriplePoint Venture Growth BDC Corp,Financial,Asset Management,USA,190110000.0,4.7,4.67,-2.91%,183383.0,0,0,0,0,0,0,0,0,0,0,0,0,-1,0,0,0,0,0,0,0,0,0,0,1,0,0,0,0,1,1,2
PYP,Tortoise North American Pipeline ETF,Financial,Exchange Traded Fund,USA,,,40.92,-1.22%,43912.0,0,1,0,0,0,0,0,0,0,0,0,0,0,0,0,0,0,0,0,0,0,0,0,0,0,0,0,0,1,0,1
R,Tootsie Roll Industries Inc,Consumer Defensive,Confectioners,USA,2820000000.0,29.02,36.91,-1.20%,187007.0,0,0,0,0,0,0,0,0,0,0,0,0,0,0,0,1,0,0,0,0,0,0,0,0,0,0,0,0,1,0,1
REE,LendingTree Inc,Financial,Insurance Brokers,USA,341020000.0,1.88,24.29,-1.66%,264054.0,0,0,0,0,0,0,0,0,1,0,0,0,0,0,0,0,0,0,0,0,0,0,0,0,0,0,0,0,1,0,1
REX,TREX Co Inc,Industrials,Building Products & Equipment,USA,4460000000.0,25.89,43.82,-2.32%,1309631.0,0,1,0,0,0,0,0,0,0,0,0,0,0,0,0,0,0,0,0,0,1,0,-1,0,0,0,0,0,2,1,3
RFM,AAM Transformers ETF,Financial,Exchange Traded Fund,USA,,,60.85,-1.31%,36172.0,0,0,0,0,0,0,0,0,0,0,1,1,0,0,0,0,0,0,0,0,0,0,0,0,-1,0,0,0,2,1,3
RI,Thomson-Reuters Corp,Industrials,Specialty Business Services,Canada,43010000000.0,26.62,99.28,1.21%,1029245.0,0,0,0,0,0,0,0,0,0,0,0,0,0,0,0,0,0,0,0,0,1,0,0,0,0,0,0,0,1,0,1
RIO,MC Trio Equity Buffered ETF,Financial,Exchange Traded Fund,USA,,,66.19,-0.24%,1961.0,0,0,0,0,0,0,0,0,0,0,1,0,0,0,0,0,0,0,0,0,0,0,0,0,-1,0,0,0,1,1,2
RMK,Trustmark Corp,Financial,Banks - Regional,USA,2580000000.0,11.27,44.37,-1.81%,320460.0,0,0,0,0,0,0,0,0,1,0,0,0,0,0,0,0,0,0,0,0,0,0,0,0,0,0,0,0,1,0,1
RND,Pacer Trendpilot Fund of Funds ETF,Financial,Exchange Traded Fund,USA,,,37.07,-0.64%,3945.0,0,0,0,0,0,0,0,0,0,0,1,0,0,0,0,0,0,0,0,0,0,0,-1,0,0,0,0,0,1,1,2
RNS,Transcat Inc,Industrials,Specialty Business Services,USA,831060000.0,243.46,88.79,-1.12%,111554.0,0,0,0,0,0,0,0,0,0,0,0,0,-1,0,0,0,0,0,0,0,0,0,0,0,0,0,0,0,0,1,1
RON,Tron Inc,Consumer Cyclical,Leisure,USA,607210000.0,,1.28,-0.78%,571224.0,0,0,0,0,0,0,0,0,0,0,0,0,0,0,0,1,0,0,0,0,0,0,0,0,0,0,0,0,1,0,1
ROX,Tronox Holdings plc,Basic Materials,Chemicals,USA,592490000.0,,3.71,-4.13%,2076213.0,0,0,0,0,0,0,0,0,1,0,0,0,0,0,0,0,0,0,0,0,0,0,0,0,0,0,0,0,1,0,1
RST,Trustco Bank Corp,Financial,Banks - Regional,USA,923930000.0,15.07,54.26,-1.58%,68866.0,0,0,0,-1,0,0,0,0,0,0,0,0,0,0,0,0,0,0,0,0,0,0,0,0,0,0,0,0,0,1,1
RSY,Xtrackers US 0-1 Year Treasury ETF,Financial,Exchange Traded Fund,USA,,,30.14,-0.02%,3214.0,0,1,0,0,0,1,0,0,0,0,0,0,0,0,0,0,0,0,0,0,0,0,0,0,0,0,0,0,2,0,2
RTX,TPG RE Finance Trust Inc,Real Estate,REIT - Mortgage,USA,457540000.0,10.87,5.96,-1.49%,1722470.0,0,0,0,0,0,0,0,0,0,0,0,0,0,0,0,0,0,0,0,0,1,0,0,0,0,0,0,0,1,0,1
RTY,Cambria Trinity ETF,Financial,Exchange Traded Fund,USA,,,31.47,-0.54%,14540.0,0,0,0,0,0,0,0,0,0,0,0,0,0,0,0,0,0,1,0,0,0,0,0,0,0,0,0,0,1,0,1
RUF,VanEck Financials TruSector ETF,Financial,Exchange Traded Fund,USA,,,28.04,-0.49%,13.0,0,0,0,0,0,0,0,0,0,0,0,0,0,0,0,0,0,0,0,0,0,0,-1,0,0,0,0,0,0,1,1
RUH,VanEck Healthcare TruSector ETF,Financial,Exchange Traded Fund,USA,,,29.44,1.00%,262.0,0,0,0,0,0,0,0,0,0,0,0,0,-1,0,0,0,0,0,0,0,0,0,0,0,0,0,0,0,0,1,1
RUM,VanEck Materials TruSector ETF,Financial,Exchange Traded Fund,USA,,,24.42,-1.50%,512.0,0,0,0,0,0,0,0,0,1,0,0,0,0,0,0,0,0,0,0,0,0,0,0,0,0,0,0,0,1,0,1
RUP,Trupanion Inc,Financial,Insurance - Property & Casualty,USA,1080000000.0,46.33,24.63,-0.20%,499458.0,0,0,0,0,0,0,0,0,0,0,0,0,0,0,0,0,0,0,0,0,0,0,0,1,0,0,0,0,1,0,1
S,Tenaris SA ADR,Energy,Oil & Gas Equipment & Services,Luxembourg,29790000000.0,14.84,55.58,-2.27%,956484.0,0,0,0,0,0,0,0,0,1,0,0,0,0,0,0,0,0,0,0,0,0,0,0,0,0,0,0,0,1,0,1
SDD,GraniteShares 2x Short TSLA Daily ETF,Financial,Exchange Traded Fund,USA,,,7.11,1.43%,7291792.0,0,0,0,0,0,0,0,0,0,0,0,0,0,0,0,0,0,0,0,0,0,0,0,0,0,1,0,0,1,0,1
SEL,Touchstone Sands Capital US Select Growth ETF,Financial,Exchange Traded Fund,USA,,,30.17,-0.17%,2108.0,0,0,0,0,0,0,0,0,0,0,1,0,0,0,0,0,0,0,0,0,0,0,0,0,0,0,0,0,1,0,1
SEM,Tower Semiconductor Ltd,Technology,Semiconductors,Israel,28010000000.0,97.92,248.25,-3.93%,1486657.0,0,1,0,0,0,0,0,0,0,0,0,0,-1,-1,0,0,0,0,0,0,1,0,0,0,0,0,0,0,2,2,4
SES,Truth Social American Energy Security ETF,Financial,Exchange Traded Fund,USA,,,31.62,-0.73%,400.0,0,0,0,0,0,1,0,0,0,0,1,1,0,0,0,0,0,0,0,0,0,0,0,0,-1,0,0,0,3,1,4
SEU,Tradr 2X Long TSEM Daily ETF,Financial,Exchange Traded Fund,USA,,,17.83,-7.34%,3476.0,0,0,0,0,0,0,0,0,1,1,0,0,0,0,0,0,0,0,0,0,0,0,0,0,0,0,0,0,2,0,2
SI,TCW Strategic Income Fund Inc,Financial,Closed-End Fund - Debt,USA,268240000.0,,4.21,-0.24%,92942.0,0,0,0,0,0,0,0,0,1,0,0,0,0,0,0,0,0,0,0,0,0,0,0,0,0,0,0,0,1,0,1
SLI,ProShares Ultra TSLA,Financial,Exchange Traded Fund,USA,,,19.0,-1.35%,3360.0,0,0,0,0,0,0,0,0,1,0,0,0,0,0,0,0,0,0,0,0,0,0,0,0,0,0,0,0,1,0,1
SLL,Direxion Daily TSLA Bull 2X ETF,Financial,Exchange Traded Fund,USA,,,10.15,-1.55%,46530204.0,0,0,0,0,0,0,0,0,1,0,0,0,0,0,0,0,0,0,0,0,0,0,0,0,0,0,0,0,1,0,1
SLY,YieldMax TSLA Option Income Strategy ETF,Financial,Exchange Traded Fund,USA,,,22.6,-0.44%,237209.0,0,0,0,-1,0,0,0,0,0,0,0,0,0,0,0,0,0,0,0,0,0,0,0,0,0,0,0,0,0,1,1
SMY,YieldMax TSM Option Income Strategy ETF,Financial,Exchange Traded Fund,USA,,,16.05,-1.65%,124559.0,0,0,0,0,0,0,0,0,0,0,0,0,0,0,0,0,0,0,0,0,1,0,0,1,0,0,0,0,2,0,2
SN,Tyson Foods Inc,Consumer Defensive,Farm Products,USA,17830000000.0,31.23,51.7,-0.52%,3322881.0,0,0,0,0,0,0,0,0,1,1,0,0,0,0,0,0,0,0,0,0,0,0,0,0,0,0,0,0,2,0,2
SSI,TSS Inc,Technology,Information Technology Services,USA,291790000.0,20.35,10.34,-0.48%,626523.0,0,0,0,0,0,0,0,0,1,1,0,0,0,0,0,0,0,0,0,0,0,0,0,0,0,0,0,0,2,0,2
SYW,Roundhill Treasury Bond WeeklyPay ETF,Financial,Exchange Traded Fund,USA,,,37.68,-0.38%,88.0,0,0,0,0,0,0,0,0,1,0,0,0,0,0,0,0,0,0,0,0,0,0,0,0,0,0,0,0,1,0,1
SYX,TSPY Lift ETF,Financial,Exchange Traded Fund,USA,,,23.28,-0.74%,24854.0,0,0,0,0,0,0,0,0,0,0,0,0,0,0,0,1,0,0,0,0,0,0,0,0,0,0,0,0,1,0,1
T,Trane Technologies plc,Industrials,Building Products & Equipment,Ireland,102810000000.0,35.4,467.27,-1.91%,1605679.0,0,0,0,0,0,0,0,0,0,0,0,0,0,0,0,0,0,0,0,0,0,0,0,0,0,0,-1,0,0,1,1
TAN,ServiceTitan Inc,Technology,Software - Application,USA,6920000000.0,,71.74,4.47%,2216179.0,0,0,0,0,0,0,0,0,0,0,0,0,0,0,0,0,0,0,0,0,0,0,0,0,0,1,0,0,1,0,1
TC,Toro Co,Industrials,Tools & Accessories,USA,9130000000.0,25.82,96.42,-2.50%,635656.0,0,0,0,0,0,0,0,0,0,0,1,0,0,0,0,0,0,0,0,0,0,0,0,0,0,0,0,0,1,0,1
TE,TotalEnergies SE,Energy,Oil & Gas Integrated,France,187340000000.0,10.39,84.23,0.30%,1924539.0,0,0,0,0,0,0,0,0,0,0,0,0,0,0,0,0,0,0,0,0,0,0,0,0,-1,0,0,0,0,1,1
TEC,TTEC Holdings Inc,Technology,Information Technology Services,USA,71970000.0,,1.46,8.15%,425603.0,0,0,0,0,0,0,0,0,1,1,0,0,0,0,0,0,0,0,0,0,0,0,0,0,0,0,0,0,2,0,2
TMI,TTM Technologies Inc,Technology,Electronic Components,USA,13510000000.0,57.86,128.2,-3.40%,1757171.0,0,0,0,0,0,1,0,0,0,0,0,0,0,0,0,0,0,0,0,0,0,0,0,0,0,0,0,0,1,0,1
TT,ProShares UltraPro Short 20+ Year Treasury -3x Shares,Financial,Exchange Traded Fund,USA,,,90.4,0.94%,8281.0,0,0,0,0,0,0,0,-1,0,0,0,0,0,0,0,0,0,0,0,0,0,0,0,0,0,0,0,0,0,1,1
USB,Thrivent Ultra Short Bond ETF,Financial,Exchange Traded Fund,USA,,,50.45,0.08%,45935.0,0,1,0,0,0,1,0,0,0,0,0,0,0,0,0,1,0,0,0,0,0,0,0,0,0,0,0,0,3,0,3
UYA,Tuya Inc ADR,Technology,Software - Infrastructure,China,949230000.0,15.64,1.75,1.16%,284994.0,0,0,0,0,0,0,0,0,0,0,0,0,-1,0,0,0,0,0,0,0,0,0,0,1,0,0,0,0,1,1,2
V,Grupo Televisa SAB ADR,Communication Services,Telecom Services,Mexico,1180000000.0,,2.23,-2.19%,719091.0,0,1,0,0,0,0,0,0,0,0,0,0,0,0,0,0,0,0,0,0,0,0,0,0,0,0,0,0,1,0,1
VAL,T. Rowe Price Value ETF,Financial,Exchange Traded Fund,USA,,,42.47,-0.40%,109448.0,0,0,0,0,0,0,0,0,0,0,0,0,0,0,0,0,0,0,0,0,0,0,-1,0,0,0,0,0,0,1,1
VGN,Tevogen Inc,Healthcare,Biotechnology,USA,42260000.0,,6.49,0.00%,1758.0,0,0,0,0,0,0,0,0,0,0,0,0,-1,0,0,0,0,0,0,0,0,0,0,1,0,0,0,0,1,1,2
W,Tradeweb Markets Inc,Financial,Capital Markets,USA,25130000000.0,25.64,107.4,-0.13%,1005786.0,0,0,0,0,0,0,0,0,1,0,0,0,0,0,0,0,0,0,0,0,0,0,0,0,0,0,0,0,1,0,1
WAV,TaoWeave Inc,Financial,Asset Management,USA,6470000.0,,1.67,-10.22%,61548.0,0,0,0,0,0,0,0,0,0,0,1,0,0,0,0,0,0,0,0,0,0,0,0,0,0,0,0,0,1,0,1
WI,Titan International Inc,Industrials,Farm & Heavy Construction Machinery,USA,442110000.0,,6.85,-2.56%,489918.0,0,0,0,0,0,0,0,0,0,0,0,0,0,0,0,0,0,0,0,0,1,0,0,1,0,0,0,0,2,0,2
XN,Texas Instruments Inc,Technology,Semiconductors,USA,263910000000.00003,43.96,288.98,-2.78%,4568336.0,0,0,0,0,0,0,0,0,1,1,0,0,0,0,0,0,0,0,0,0,0,0,-1,0,0,0,0,0,2,1,3
XNU,Direxion Daily TXN Bull 2X ETF,Financial,Exchange Traded Fund,USA,,,46.61,-5.53%,3473.0,0,0,0,0,0,1,0,0,0,0,0,0,0,0,0,0,0,0,0,0,0,0,0,0,0,0,0,0,1,0,1
XRH,Texas Roadhouse Inc,Consumer Cyclical,Restaurants,USA,10670000000.0,26.02,162.48,-0.67%,1460282.0,0,0,0,0,0,0,0,0,0,0,0,0,0,0,0,0,0,0,0,0,0,0,0,1,0,0,0,0,1,0,1
XT,Textron Inc,Industrials,Aerospace & Defense,USA,12560000000.0,13.78,73.03,-3.31%,2424986.0,0,1,0,0,0,1,0,0,0,0,0,0,-1,-1,0,0,0,0,0,0,0,0,0,0,0,0,0,0,2,2,4
Y,Tri-Continental Corp,Financial,Closed-End Fund - Equity,USA,1840000000.0,,34.52,-0.06%,28386.0,0,0,0,-1,0,0,0,0,1,0,0,0,0,0,0,0,0,0,0,0,0,0,0,0,0,0,0,0,1,1,2
YD,Direxion Daily 7-10 Year Treasury Bull 3X Shares,Financial,Exchange Traded Fund,USA,,,19.92,0.05%,41331.0,0,0,0,0,0,1,0,0,0,0,0,0,0,0,0,0,0,0,0,0,0,0,0,0,0,0,0,0,1,0,1
YO,Direxion Daily 7-10 Year Treasury Bear -3X Shares,Financial,Exchange Traded Fund,USA,,,15.69,0.06%,15808.0,0,0,0,0,0,0,0,0,0,0,0,0,0,0,0,0,0,1,0,0,0,0,0,0,0,0,0,0,1,0,1
,Unity Software Inc,Technology,Software - Application,USA,20000000000.0,,45.44,1.09%,12807682.0,0,0,0,0,0,0,0,0,0,0,0,0,-1,0,0,0,0,0,0,0,0,0,0,0,0,0,0,0,0,1,1
AC,United Acquisition Corp I,Financial,Shell Companies,USA,138400000.0,,10.01,0.00%,7.0,0,0,0,0,0,0,0,-1,0,0,0,0,0,0,0,0,0,0,0,0,0,0,0,0,0,0,0,0,0,1,1
AE,iShares MSCI UAE ETF,Financial,Exchange Traded Fund,USA,,,19.74,0.03%,172315.0,0,0,0,0,0,0,0,0,0,0,1,1,0,0,0,0,0,0,0,0,0,0,0,0,0,0,0,0,2,0,2
BEW,Roundhill UBER WeeklyPay ETF,Financial,Exchange Traded Fund,USA,,,23.04,-0.78%,2679.0,0,1,0,0,0,0,0,0,0,0,0,0,0,0,0,0,0,0,0,-1,0,0,0,0,0,0,0,0,1,1,2
BND,VictoryShares Core Plus Bond ETF,Financial,Exchange Traded Fund,USA,,,20.66,-0.10%,345530.0,0,0,0,0,0,0,0,0,1,0,0,0,0,0,0,0,0,0,0,0,0,0,0,0,0,0,0,0,1,0,1
BOT,Direxion Robotics & AI Bull 2X,Financial,Exchange Traded Fund,USA,,,22.18,-2.65%,5427.0,0,0,0,0,0,0,0,0,0,0,0,0,0,0,0,1,0,0,0,0,0,0,0,0,0,0,0,0,1,0,1
BT,ProShares Ultra 20+ Year Treasury 2x Shares,Financial,Exchange Traded Fund,USA,,,13.07,-0.53%,85047.0,0,0,0,0,0,0,0,0,1,1,0,0,0,0,0,0,0,0,0,0,0,0,0,0,0,0,0,0,2,0,2
CC,ProShares Ultra Consumer Discretionary,Financial,Exchange Traded Fund,USA,,,42.15,-0.66%,265.0,0,0,0,0,0,0,0,0,0,0,1,0,0,0,0,0,0,0,0,0,0,0,0,0,0,0,0,0,1,0,1
COP,ProShares Ultra Copper K-1 Free ETF,Financial,Exchange Traded Fund,USA,,,41.4,-0.91%,356.0,0,0,0,-1,0,0,0,0,0,0,0,0,0,0,0,0,0,0,0,0,0,0,0,0,0,0,0,0,0,1,1
CRD,VictoryShares Corporate Bond ETF,Financial,Exchange Traded Fund,USA,,,20.53,0.02%,281.0,0,0,0,0,0,0,0,0,1,0,0,0,0,0,0,0,0,0,0,0,0,0,0,0,0,0,0,0,1,0,1
CTT,Ultra Clean Hldgs Inc,Technology,Semiconductor Equipment & Materials,USA,3230000000.0,,71.42,-2.48%,974048.0,0,0,0,0,0,0,0,0,1,0,0,0,0,0,0,0,0,0,0,0,0,0,0,0,0,0,0,0,1,0,1
EC,Uranium Energy Corp,Energy,Uranium,USA,4690000000.0,,9.47,-6.33%,8969371.0,0,0,0,0,0,0,0,0,1,0,0,0,0,0,0,0,0,0,0,0,0,0,0,0,0,0,0,0,1,0,1
FG,Uni Fuels Holdings Ltd,Industrials,Marine Shipping,Singapore,12050000.0,,0.37,-4.74%,102123.0,0,0,0,0,0,0,0,0,1,0,0,0,0,0,0,0,0,0,0,0,0,0,0,0,0,0,0,0,1,0,1
FOD,Tuttle Capital UFO Disclosure ETF,Financial,Exchange Traded Fund,USA,,,23.94,-2.75%,2011.0,0,0,0,0,0,0,0,0,1,0,0,0,0,0,0,0,0,0,0,0,0,0,0,0,0,0,0,0,1,0,1
FPI,UFP Industries Inc,Basic Materials,Lumber & Wood Production,USA,4219999999.9999995,17.63,76.44,-3.24%,589624.0,0,0,0,0,0,0,0,0,0,0,0,0,-1,0,0,0,0,0,0,0,0,0,0,0,0,0,0,0,0,1,1
GE,ProShares Ultra Consumer Staples,Financial,Exchange Traded Fund,USA,,,17.79,-0.17%,26192.0,0,0,0,0,0,0,0,0,1,0,0,0,0,0,0,0,0,0,0,0,0,0,0,0,0,0,0,0,1,0,1
JUL,Innovator U.S. Equity Ultra Buffer ETF - July,Financial,Exchange Traded Fund,USA,,,41.76,-0.15%,12994.0,0,0,0,0,0,0,0,0,0,0,1,0,0,0,0,0,0,0,0,0,0,0,0,0,0,0,0,0,1,0,1
JUN,Innovator U.S. Equity Ultra Buffer ETF - June,Financial,Exchange Traded Fund,USA,,,39.57,-0.12%,6851.0,0,0,0,0,0,1,0,0,0,0,0,0,0,0,0,0,0,0,0,0,0,0,0,0,0,0,0,0,1,0,1
LCC,Frontier Group Holdings Inc,Industrials,Airlines,USA,1400000000.0,,6.07,-2.88%,5002406.0,0,0,0,0,0,0,0,0,0,0,0,0,0,0,0,0,0,0,0,0,1,0,-1,0,0,0,0,0,1,1,2
LTA,Ulta Beauty Inc,Consumer Cyclical,Specialty Retail,USA,23320000000.0,19.87,545.48,-0.33%,321752.0,0,0,0,0,0,0,0,0,0,0,1,1,0,0,0,0,0,0,0,0,0,0,0,0,0,0,0,0,2,0,2
MAC,Unusual Machines Inc,Technology,Computer Hardware,USA,1090000000.0,,21.88,-2.15%,3682032.0,0,0,0,0,0,0,0,0,0,0,1,0,0,0,0,0,0,0,0,0,0,0,-1,0,0,0,0,0,1,1,2
MAY,Innovator U.S. Equity Ultra Buffer ETF - May,Financial,Exchange Traded Fund,USA,,,39.13,-0.07%,4551.0,0,0,0,0,0,0,0,-1,0,0,0,0,0,0,0,0,0,0,0,0,0,0,0,0,0,0,0,0,0,1,1
NFI,United Natural Foods Inc,Consumer Defensive,Food Distribution,USA,2630000000.0,32.63,43.59,-1.58%,821900.0,0,0,0,0,0,0,0,0,0,0,0,0,0,0,0,1,0,0,0,0,0,0,0,0,0,0,0,0,1,0,1
NG,United States Natural Gas Fund,Financial,Exchange Traded Fund,USA,,,11.03,2.70%,34906517.0,0,0,0,0,0,0,0,0,0,0,0,0,-1,0,0,0,0,0,0,0,0,0,0,0,0,0,0,0,0,1,1
NIT,Uniti Group Inc,Real Estate,REIT - Specialty,USA,1900000000.0,2.94,7.84,-3.21%,3767841.0,0,0,0,0,0,0,0,0,1,0,0,0,0,0,0,0,0,0,0,0,0,0,0,0,0,0,0,0,1,0,1
NL,United States 12 Month Natural Gas Fund LP,Financial,Exchange Traded Fund,USA,,,5.78,1.20%,54639.0,0,0,0,0,0,0,0,0,1,0,0,0,0,0,0,0,0,0,0,0,0,0,0,0,0,0,0,0,1,0,1
NX,Tradr 2X Long U Daily ETF,Financial,Exchange Traded Fund,USA,,,26.8,2.93%,9400.0,0,0,0,0,0,0,0,0,1,0,0,0,0,0,0,0,0,0,0,0,0,0,0,0,0,0,0,0,1,0,1
PAL,ProShares Ultra Palladium K-1 Free ETF,Financial,Exchange Traded Fund,USA,,,17.09,-8.81%,3850.0,0,0,0,0,0,0,0,0,0,0,0,0,-1,0,0,0,0,0,0,0,0,0,0,0,0,0,0,0,0,1,1
PAR,UPAR Ultra Risk Parity ETF,Financial,Exchange Traded Fund,USA,,,14.9,-0.91%,2009.0,0,0,0,0,0,0,0,0,0,0,0,0,-1,-1,0,0,0,0,0,0,0,0,0,0,0,0,0,0,0,2,2
PC,Universe Pharmaceuticals INC,Healthcare,Drug Manufacturers - Specialty & Generic,China,21630000.0,,4.3,2.26%,32824.0,0,0,0,0,0,1,0,0,0,0,0,0,0,0,0,0,0,0,0,0,0,0,0,0,0,0,0,0,1,0,1
PGD,Invesco Bloomberg Analyst Rating Improvers ETF,Financial,Exchange Traded Fund,USA,,,80.62,-0.68%,1569.0,0,0,0,-1,0,0,0,0,0,0,0,0,0,0,0,0,0,0,0,0,0,0,0,0,0,0,0,0,0,1,1
PLT,ProShares Ultra Platinum K-1 Free ETF,Financial,Exchange Traded Fund,USA,,,20.53,-8.93%,1859.0,0,0,0,0,0,0,0,0,0,0,1,0,0,0,0,0,0,0,0,0,0,0,0,0,0,0,0,0,1,0,1
PSD,Aptus Large Cap Upside ETF,Financial,Exchange Traded Fund,USA,,,30.77,-0.19%,9815.0,0,0,0,-1,0,0,0,0,0,0,0,0,0,0,0,0,0,0,0,0,0,0,0,0,0,0,0,0,0,1,1
PST,Upstart Holdings Inc,Financial,Credit Services,USA,2340000000.0,43.74,24.02,0.67%,3175458.0,0,1,0,0,0,0,0,0,0,0,0,0,0,0,0,0,0,0,0,0,0,0,0,0,0,0,0,0,1,0,1
PSX,Tradr 2X Long UPST Daily ETF,Financial,Exchange Traded Fund,USA,,,9.43,1.18%,73837.0,0,0,0,0,0,0,0,0,0,0,0,0,-1,0,0,0,0,0,0,0,0,0,0,0,0,0,0,0,0,1,1
PWK,Upwork Inc,Communication Services,Internet Content & Information,USA,1050000000.0,10.98,8.4,0.48%,2250321.0,0,0,0,0,0,0,0,0,0,0,0,0,-1,0,0,0,0,0,0,0,0,0,0,0,0,1,0,0,1,1,2
RA,Global X Uranium ETF,Financial,Exchange Traded Fund,USA,,,39.93,-4.47%,4045375.0,0,0,0,0,0,0,0,0,1,0,0,0,0,0,0,0,0,0,0,0,0,0,0,0,0,0,0,0,1,0,1
RAA,Direxion Daily Uranium Industry Bull 2X ETF,Financial,Exchange Traded Fund,USA,,,19.65,-8.77%,79084.0,0,0,0,0,0,1,0,0,0,0,0,0,0,0,0,0,0,0,0,0,0,0,0,0,0,0,0,0,1,0,1
RAN,Themes Uranium & Nuclear ETF,Financial,Exchange Traded Fund,USA,,,35.79,-2.12%,2692.0,0,0,0,0,0,1,0,0,0,0,0,0,0,0,0,0,0,0,0,0,0,0,0,0,0,0,0,0,1,0,1
RG,Ur-Energy Inc,Energy,Uranium,USA,437650000.0,,1.1,-1.79%,6070411.0,0,0,0,0,0,0,0,0,1,0,0,0,0,0,0,0,0,0,0,0,0,0,0,0,0,0,0,0,1,0,1
SAC,USA Compression Partners LP,Energy,Oil & Gas Equipment & Services,USA,3700000000.0,23.87,25.52,-1.24%,64162.0,0,0,0,0,0,0,0,0,0,0,0,0,-1,0,0,0,0,0,0,0,0,0,0,0,0,0,0,0,0,1,1
SAF,Atlas America Fund,Financial,Exchange Traded Fund,USA,,,27.69,-0.61%,191.0,0,0,0,0,0,0,0,0,0,0,0,0,0,0,0,0,0,0,0,0,1,0,0,0,0,0,0,0,1,0,1
SAI,Pacer American Energy Infrastructure ETF,Financial,Exchange Traded Fund,USA,,,44.72,-1.57%,17263.0,0,1,0,-1,0,0,0,0,0,0,0,0,0,0,0,0,0,0,0,0,0,0,0,0,-1,0,0,0,1,2,3
SAS,Americas Gold and Silver Corp,Basic Materials,Other Industrial Metals & Mining,Canada,1410000000.0,,4.17,-6.71%,3667649.0,0,0,0,0,0,0,0,0,1,0,0,0,0,0,0,0,0,0,0,0,0,0,0,0,0,0,0,0,1,0,1
SBC,USBC Inc,Technology,Scientific & Technical Instruments,USA,209600000.0,,0.54,-1.73%,101150.0,0,0,0,0,0,0,0,0,0,0,0,0,-1,0,0,0,0,0,0,0,0,0,0,0,0,1,0,0,1,1,2
SD,ProShares Ultra Semiconductors 2X Shares,Financial,Exchange Traded Fund,USA,,,102.77,-0.96%,340005.0,0,0,0,0,0,0,0,0,0,0,0,0,0,0,0,1,0,0,0,0,0,0,0,0,0,0,0,0,1,0,1
SDU,WisdomTree Bloomberg U.S. Dollar Bullish Fund,Financial,Exchange Traded Fund,USA,,,27.04,0.04%,815588.0,0,0,0,-1,0,0,0,0,0,0,0,0,0,0,0,0,0,1,0,0,0,0,0,0,0,0,0,0,1,1,2
SEP,Innovator U.S. Equity Ultra Buffer ETF - September,Financial,Exchange Traded Fund,USA,,,42.45,-0.03%,10763.0,0,0,0,0,0,0,0,-1,0,0,0,0,0,0,0,0,0,0,0,0,0,0,0,0,0,0,0,0,0,1,1
SFR,WisdomTree Floating Rate Treasury Fund,Financial,Exchange Traded Fund,USA,,,50.42,0.02%,5202791.0,0,1,0,-1,0,1,0,0,0,0,0,0,0,0,0,0,0,1,0,0,0,0,0,0,0,0,0,0,3,1,4
SG,USCF Gold Strategy Plus Income Fund,Financial,Exchange Traded Fund,USA,,,31.26,-1.64%,9755.0,0,0,0,0,0,0,0,0,1,0,0,0,0,0,0,0,0,0,0,0,0,0,0,0,0,0,0,0,1,0,1
SGO,U.S. GoldMining Inc,Basic Materials,Other Industrial Metals & Mining,Canada,87720000.0,,6.25,-4.87%,93968.0,0,0,0,0,0,0,0,0,1,0,0,0,0,0,0,0,0,0,0,0,0,0,0,0,0,0,0,0,1,0,1
SLM,United States Lime & Minerals Inc,Basic Materials,Building Materials,USA,3160000000.0,23.59,110.27,-1.38%,88390.0,0,0,0,0,0,0,0,0,1,0,0,0,0,0,0,0,0,0,0,0,0,0,0,0,0,0,0,0,1,0,1
SLN,iShares Broad USD Floating Rate Loan ETF,Financial,Exchange Traded Fund,USA,,,50.08,-0.51%,8230.0,0,1,0,0,0,1,0,0,0,0,0,0,0,0,0,0,0,0,0,0,0,0,0,0,0,0,0,0,2,0,2
SMC,Principal U.S. Mega-Cap ETF,Financial,Exchange Traded Fund,USA,,,78.39,0.26%,39577.0,0,0,0,0,0,0,0,-1,0,0,0,0,0,0,0,0,0,0,0,0,0,0,0,0,0,0,0,0,0,1,1
SMF,WisdomTree U.S. Multifactor Fund,Financial,Exchange Traded Fund,USA,,,52.93,-0.62%,17031.0,0,1,0,0,0,0,0,0,0,0,0,0,-1,-1,0,0,0,0,0,0,0,0,0,0,0,0,0,0,1,2,3
SOY,Defiance Oil Enhanced Options Income ETF,Financial,Exchange Traded Fund,USA,,,7.24,-0.48%,374757.0,0,0,0,0,0,0,0,0,0,0,1,0,0,0,0,0,0,0,0,0,0,0,0,0,0,0,0,0,1,0,1
SSE,Segall Bryant & Hamill Select Equity ETF,Financial,Exchange Traded Fund,USA,,,42.25,-0.59%,48099.0,0,0,0,0,0,0,0,-1,0,0,0,0,0,0,0,0,0,0,0,0,0,0,0,0,0,0,0,0,0,1,1
SSG,Xtrackers MSCI USA Selection Equity ETF,Financial,Exchange Traded Fund,USA,,,72.78,-0.37%,7378.0,0,1,0,0,0,0,0,0,0,0,0,0,0,0,0,0,0,0,0,0,0,0,0,0,0,0,0,0,1,0,1
ST,ProShares Ultra 7-10 Year Treasury 2x Shares,Financial,Exchange Traded Fund,USA,,,37.93,0.05%,1728.0,0,0,0,0,0,1,0,0,0,0,0,0,0,0,0,0,0,0,0,0,0,0,0,0,0,0,0,0,1,0,1
SXF,iShares ESG Advanced MSCI USA ETF,Financial,Exchange Traded Fund,USA,,,69.62,-0.55%,77471.0,0,0,0,0,0,0,0,0,0,0,0,0,0,0,0,0,0,1,0,0,0,0,0,0,0,0,0,0,1,0,1
TES,Virtus Reaves Utilities ETF,Financial,Exchange Traded Fund,USA,,,76.43,0.49%,136728.0,0,1,0,0,0,0,0,0,0,0,0,0,0,0,0,0,0,0,0,0,0,0,0,0,0,0,0,0,1,0,1
THR,United Therapeutics Corp,Healthcare,Drug Manufacturers - Specialty & Generic,USA,23380000000.0,19.49,545.0,0.62%,1005292.0,0,0,0,0,0,0,0,0,0,0,0,0,-1,0,0,0,0,0,0,0,0,0,0,0,0,0,0,0,0,1,1
THY,F/m US Treasury 30 Year Bond ETF,Financial,Exchange Traded Fund,USA,,,36.44,-0.25%,140829.0,0,0,0,0,0,0,0,0,1,0,0,0,0,0,0,0,0,0,0,0,0,0,0,0,0,0,0,0,1,0,1
TI,Universal Technical Institute Inc,Consumer Defensive,Education & Training Services,USA,1100000000.0,32.33,19.89,1.12%,1444341.0,0,1,0,0,0,0,0,0,0,0,0,0,0,0,0,0,0,0,0,0,0,0,0,0,0,0,0,0,1,0,1
TWY,F/m US Treasury 20 Year Bond ETF,Financial,Exchange Traded Fund,USA,,,38.83,-0.22%,19763.0,0,0,0,0,0,0,0,0,1,0,0,0,0,0,0,0,0,0,0,0,0,0,0,0,0,0,0,0,1,0,1
UPP,Principal CLO ETF,Financial,Exchange Traded Fund,USA,,,25.08,0.02%,11.0,0,1,0,0,0,0,0,0,0,0,0,0,0,0,0,0,0,0,0,0,0,0,0,0,0,0,0,0,1,0,1
VE,Universal Insurance Holdings Inc,Financial,Insurance - Property & Casualty,USA,1260000000.0,5.96,45.25,4.00%,383025.0,0,0,0,0,0,1,0,0,0,0,0,0,0,0,0,0,0,1,0,0,0,0,0,0,0,0,0,0,2,0,2
XJA,FT Vest U.S. Equity Uncapped Accelerator ETF - January,Financial,Exchange Traded Fund,USA,,,39.56,-0.29%,2195.0,0,0,0,0,0,0,0,0,0,0,1,0,0,0,0,0,0,0,0,0,0,0,0,0,0,0,0,0,1,0,1
XRP,ProShares Ultra XRP ETF,Financial,Exchange Traded Fund,USA,,,15.38,-11.46%,162954.0,0,0,0,0,0,0,0,0,0,0,1,0,0,0,0,0,0,0,0,0,0,0,0,0,0,0,0,0,1,0,1
YLD,Angel Oak UltraShort Income ETF,Financial,Exchange Traded Fund,USA,,,50.82,0.09%,236784.0,0,1,0,-1,0,1,0,0,0,0,0,0,0,0,0,0,0,0,0,0,0,0,0,0,0,0,0,0,2,1,3
ABK,Virginia National Bankshares Corp,Financial,Banks - Regional,USA,262100000.00000003,10.6,48.31,0.33%,5589.0,0,0,0,0,0,0,0,0,0,0,1,0,0,0,0,0,0,0,0,0,0,0,-1,0,0,0,0,0,1,1,2
AIE,VegaShares US Equity Autocallable Income ETF,Financial,Exchange Traded Fund,USA,,,24.8,-0.36%,50241.0,0,0,0,0,0,0,0,0,0,0,0,0,-1,0,0,0,0,0,0,0,0,0,0,1,0,0,0,0,1,1,2
ALE,Vale SA ADR,Basic Materials,Other Industrial Metals & Mining,Brazil,55420000000.0,28.7,13.61,-3.34%,45300697.0,0,0,0,0,0,0,0,0,0,0,0,0,-1,0,0,0,0,0,0,0,0,0,0,0,0,0,0,0,0,1,1
ALG,Leverage Shares 2X Long VALE Daily ETF,Financial,Exchange Traded Fund,USA,,,14.67,-6.55%,1381.0,0,0,0,0,0,0,0,0,1,0,0,0,0,0,0,0,0,0,0,0,0,0,0,0,0,0,0,0,1,0,1
BCA,Vanguard Target Maturity 2027 Corporate Bond ETF,Financial,Exchange Traded Fund,USA,,,75.36,0.02%,73448.0,0,1,0,-1,0,0,0,0,0,0,0,0,0,0,0,0,0,0,0,0,0,0,0,0,0,0,0,0,1,1,2
BCD,Vanguard Target Maturity 2030 Corporate Bond ETF,Financial,Exchange Traded Fund,USA,,,73.36,0.05%,22063.0,0,0,0,-1,0,0,0,0,0,0,0,0,0,0,0,0,0,0,0,0,0,0,0,0,0,0,0,0,0,1,1
BF,Invesco Bond Fund,Financial,Closed-End Fund - Debt,USA,160980000.0,,14.09,-0.70%,12249.0,0,0,0,0,0,0,0,0,1,0,0,0,0,0,0,0,0,0,0,0,0,0,0,0,0,0,0,0,1,0,1
BIL,Vanguard 0-3 Month Treasury Bill ETF,Financial,Exchange Traded Fund,USA,,,75.56,0.01%,4588790.0,0,0,0,-1,0,1,0,0,0,0,0,0,0,0,0,0,0,1,0,0,0,0,0,0,0,0,0,0,2,1,3
BK,Vanguard Morningstar Small-Cap Growth ETF,Financial,Exchange Traded Fund,USA,,,342.24,-1.50%,132849.0,0,0,0,0,0,0,0,0,0,0,0,0,0,0,0,0,0,0,0,0,0,0,-1,0,0,0,0,0,0,1,1
BNK,VersaBank,Financial,Banks - Regional,Canada,710000000.0,28.77,21.9,-1.71%,105884.0,0,0,0,0,0,0,0,0,0,0,1,0,0,0,0,0,0,0,0,0,0,0,-1,0,0,0,0,0,1,1,2
COB,Voya Core Bond ETF,Financial,Exchange Traded Fund,USA,,,47.41,-0.03%,535.0,0,1,0,0,0,1,0,0,0,0,0,0,0,0,0,0,0,0,0,0,0,0,0,0,0,0,0,0,2,0,2
DC,Vanguard Consumer Staples ETF,Financial,Exchange Traded Fund,USA,,,221.62,-0.07%,66327.0,0,0,0,0,0,0,0,0,1,0,0,0,0,0,0,0,0,0,0,0,0,0,0,0,0,0,0,0,1,0,1
DV,Vanguard Developed Markets ex-US Value Index ETF,Financial,Exchange Traded Fund,USA,,,75.88,-1.00%,7458.0,0,0,0,0,0,0,0,0,0,0,1,1,0,0,0,0,0,0,0,0,0,0,0,0,0,0,0,0,2,0,2
EGA,AdvisorShares STAR Global Buy-Write ETF,Financial,Exchange Traded Fund,USA,,,52.9,-0.42%,6410.0,0,0,0,-1,0,0,0,0,0,0,0,0,0,0,0,0,0,0,0,0,0,0,0,0,0,0,0,0,0,1,1
EL,Velocity Financial Inc,Financial,Mortgage Finance,USA,581960000.0,5.43,14.74,-0.87%,151570.0,0,0,0,0,0,0,0,0,0,0,0,0,-1,0,0,0,0,0,0,0,0,0,0,0,0,0,0,0,0,1,1
ELO,Velo3D Inc,Technology,Computer Hardware,USA,292560000.0,,9.1,-4.91%,1589076.0,0,0,0,0,0,0,0,0,0,0,0,0,0,0,0,0,0,0,0,0,0,0,0,0,0,0,-1,0,0,1,1
ERA,Vera Therapeutics Inc,Healthcare,Biotechnology,USA,2180000000.0,,30.25,2.82%,3290714.0,0,0,0,0,0,0,0,0,1,0,0,0,0,0,0,0,0,0,0,0,0,0,0,0,0,0,0,0,1,0,1
ERX,Vertex Inc,Technology,Software - Application,USA,2000000000.0,573.49,12.33,0.33%,786635.0,0,1,0,-1,0,1,0,0,0,0,0,0,-1,-1,0,0,0,0,0,0,0,0,0,0,0,1,0,0,3,3,6
EXC,Vanguard Emerging Markets Ex-China ETF,Financial,Exchange Traded Fund,USA,,,96.91,-1.23%,23223.0,0,0,0,0,0,0,0,0,0,0,1,0,0,0,0,0,0,0,0,0,1,0,-1,0,0,0,0,0,2,1,3
FMO,Vanguard U.S. Momentum Factor ETF,Financial,Exchange Traded Fund,USA,,,228.78,-1.09%,43939.0,0,0,0,0,0,0,0,0,1,0,0,0,0,0,0,1,0,0,0,0,0,0,0,0,0,0,0,0,2,0,2
FS,VinFast Auto Ltd,Consumer Cyclical,Auto Manufacturers,Vietnam,7090000000.0,,3.03,-1.62%,329073.0,0,0,0,0,0,0,0,0,0,0,0,0,-1,0,0,0,0,0,0,0,0,0,0,0,0,0,0,0,0,1,1
GAS,Verde Clean Fuels Inc,Utilities,Utilities - Renewable,USA,47630000.0,,1.08,0.00%,15714.0,0,0,0,0,0,0,0,0,0,0,0,0,-1,0,0,0,0,0,0,0,0,0,0,0,0,0,0,0,0,1,1
GI,Virtus Global Multi-Sector Income Fund,Financial,Closed-End Fund - Debt,USA,75390000.0,,6.66,-0.53%,32863.0,0,0,0,-1,0,0,0,0,0,0,0,0,0,0,0,0,0,0,0,0,0,0,0,0,0,0,0,0,0,1,1
GLT,Vanguard Long-Term Treasury ETF,Financial,Exchange Traded Fund,USA,,,49.72,-0.13%,4548754.0,0,0,0,0,0,0,0,0,1,1,0,0,0,0,0,0,0,0,0,0,0,0,0,0,0,0,0,0,2,0,2
GM,Invesco Trust for Investment Grade Municipals,Financial,Closed-End Fund - Debt,USA,466390000.0,,8.6,-2.16%,384520.0,0,1,0,0,0,0,0,0,0,0,0,0,0,0,0,0,0,0,0,0,0,0,0,0,0,0,0,0,1,0,1
GNT,Versigent Plc,Consumer Cyclical,Auto Parts,Switzerland,3210000000.0,,45.29,-4.39%,676228.0,0,0,0,0,0,0,0,0,0,0,1,0,0,0,0,0,0,0,0,0,0,0,-1,0,0,0,0,0,1,1,2
GUS,Vanguard Ultra-Short Treasury ETF,Financial,Exchange Traded Fund,USA,,,75.47,0.01%,466096.0,0,1,0,-1,0,1,0,0,0,0,0,0,0,0,0,0,0,0,0,0,0,0,0,0,0,0,0,0,2,1,3
GVT,Vanguard Government Securities Active ETF,Financial,Exchange Traded Fund,USA,,,71.89,-0.01%,10000.0,0,1,0,0,0,0,0,0,0,0,0,0,0,0,0,0,0,0,0,-1,0,0,0,0,0,0,0,0,1,1,2
HC,Virnetx Holding Corp,Technology,Software - Infrastructure,USA,49550000.0,,11.81,-1.21%,19323.0,0,0,0,0,0,1,0,0,0,0,0,0,0,0,0,0,0,0,0,-1,0,0,0,0,0,0,0,0,1,1,2
IAG,Leverage Shares 2X Long VIAV Daily ETF,Financial,Exchange Traded Fund,USA,,,14.42,-7.94%,10413.0,0,0,0,0,0,0,0,0,0,0,0,0,0,0,0,0,0,0,0,0,1,0,0,0,0,0,0,0,1,0,1
IAV,Viavi Solutions Inc,Technology,Communication Equipment,USA,11380000000.0,,46.27,-3.88%,3349654.0,0,0,0,0,0,0,0,0,0,0,0,0,0,0,0,1,0,0,0,0,0,0,0,0,0,0,0,0,1,0,1
ICI,VICI Properties Inc,Real Estate,REIT - Diversified,USA,24930000000.0,8.78,22.64,-0.40%,10768468.0,0,0,0,0,0,0,0,0,1,1,0,0,0,0,0,0,0,0,0,0,0,0,0,0,0,0,0,0,2,0,2
IDI,Vident International Equity Strategy ETF,Financial,Exchange Traded Fund,USA,,,39.5,-0.70%,20678.0,0,0,0,0,0,0,0,0,0,0,1,0,0,0,0,0,0,0,0,0,0,0,-1,0,0,0,0,0,1,1,2
INP,Vinci Compass Investments Ltd,Financial,Asset Management,Brazil,710200000.0,15.87,10.84,0.84%,38059.0,0,0,0,-1,0,1,0,0,1,0,0,0,0,0,0,0,0,0,0,-1,0,0,0,0,0,0,0,0,2,2,4
IP,Vulcan Infrastructure and Power Inc,Financial,Capital Markets,USA,50200000.0,18.05,1.41,-3.42%,126263.0,0,0,0,0,0,0,0,0,0,0,0,0,-1,0,0,0,0,0,0,0,0,0,0,0,0,0,0,0,0,1,1
IR,Vir Biotechnology Inc,Healthcare,Biotechnology,USA,1950000000.0,,11.52,-0.69%,3561898.0,0,1,0,0,0,0,0,0,0,0,0,0,0,0,0,0,0,0,0,0,0,0,0,0,0,0,0,0,1,0,1
IRT,Virtu Financial Inc,Financial,Capital Markets,USA,9130000000.0,9.76,58.81,-4.56%,1186236.0,0,0,0,0,0,0,0,0,0,0,0,0,0,0,0,0,0,0,0,0,0,0,-1,0,0,0,0,0,0,1,1
IST,Vista Energy SAB de CV ADR,Energy,Oil & Gas E&P,Mexico,7260000000.0,8.74,65.43,-0.95%,753227.0,0,0,0,0,0,0,0,0,0,0,1,0,0,0,0,0,0,0,0,0,0,0,-1,0,0,0,0,0,1,1,2
ITL,Vital Farms Inc,Consumer Defensive,Farm Products,USA,396690000.0,,9.24,-1.70%,1219211.0,0,0,0,0,0,0,0,0,0,0,0,0,0,0,0,1,0,0,0,0,0,0,0,0,0,0,0,0,1,0,1
IVO,VivoPower Plc,Technology,Software - Infrastructure,United Kingdom,103980000.0,,3.25,-1.22%,254550.0,0,0,0,0,0,0,0,0,0,0,0,0,0,0,0,1,0,0,0,0,0,0,0,0,0,0,0,0,1,0,1
IVS,VivoSim Labs Inc,Healthcare,Biotechnology,USA,3180000.0,,0.19,-5.15%,881231.0,0,0,0,0,0,0,0,0,1,0,0,0,0,0,0,0,0,0,0,0,0,0,0,0,0,0,0,0,1,0,1
JET,Flyte Aviation Inc,Healthcare,Medical Devices,USA,1770000.0,,0.93,-9.25%,648241.0,0,0,0,0,0,0,0,0,1,0,0,0,0,0,0,0,0,0,0,0,0,0,0,0,0,0,0,0,1,0,1
KTX,Viking Therapeutics Inc,Healthcare,Biotechnology,USA,3630000000.0,,28.54,0.56%,5410048.0,0,0,0,0,0,1,0,0,0,0,1,0,0,0,0,0,0,0,0,0,0,0,-1,0,0,0,0,0,2,1,3
LO,Valero Energy Corp,Energy,Oil & Gas Refining & Marketing,USA,122110000000.0,17.59,424.1,1.16%,1833476.0,0,0,0,0,0,0,0,0,0,0,0,0,0,0,0,0,0,1,0,0,0,0,0,0,0,0,0,0,1,0,1
LRS,Controladora Vuela Cia De Aviacion ADR,Industrials,Airlines,Mexico,729930000.0,,6.35,-2.31%,322759.0,0,0,0,0,0,0,0,0,0,0,0,0,-1,0,0,0,0,0,0,0,0,0,0,1,0,0,0,0,1,1,2
LU,State Street SPDR S&P 1500 Value Tilt ETF,Financial,Exchange Traded Fund,USA,,,242.25,-0.36%,5906.0,0,0,0,0,0,0,0,0,0,0,0,0,0,0,0,0,0,0,0,0,0,0,-1,0,0,0,0,0,0,1,1
LUE,iShares MSCI USA Value Factor ETF,Financial,Exchange Traded Fund,USA,,,201.1,0.44%,538013.0,0,0,0,0,0,0,0,0,0,0,1,1,0,0,0,0,0,0,0,0,0,0,0,0,-1,0,0,0,2,1,3
MAX,Hartford US Value ETF,Financial,Exchange Traded Fund,USA,,,62.75,-0.22%,201.0,0,0,0,0,0,0,0,0,0,0,0,0,0,0,0,0,0,0,0,0,0,0,-1,0,0,0,0,0,0,1,1
MD,Viemed Healthcare Inc,Healthcare,Medical Devices,USA,356880000.0,25.6,9.37,0.43%,366625.0,0,1,0,0,0,0,0,0,0,0,0,0,0,0,0,0,0,0,0,0,0,0,0,0,0,0,0,0,1,0,1
MET,Versamet Royalties Corp,Basic Materials,Other Precious Metals & Mining,Canada,925600000.0,9.2,8.51,-1.90%,226622.0,0,0,0,0,0,0,0,0,1,0,0,0,0,0,0,0,0,0,0,0,0,0,0,0,0,0,0,0,1,0,1
NET,VNET Group Inc ADR,Technology,Information Technology Services,China,1510000000.0,,5.39,-0.19%,3855132.0,0,0,0,0,0,0,0,0,1,1,0,0,0,0,0,0,0,0,0,0,0,0,0,0,0,0,0,0,2,0,2
NM,VanEck Vietnam ETF,Financial,Exchange Traded Fund,USA,,,16.87,-0.35%,130134.0,0,0,0,0,0,0,0,0,0,0,0,0,-1,0,0,0,0,0,0,0,0,0,0,0,0,0,0,0,0,1,1
NME,Vendome Acquisition Corp I,Financial,Shell Companies,USA,257880000.0,36.62,10.34,0.10%,8.0,0,0,0,0,0,0,0,0,0,0,0,0,0,0,0,0,0,1,0,0,0,0,0,0,0,0,0,0,1,0,1
NOM,Viper Energy Inc,Energy,Oil & Gas Midstream,USA,14750000000.0,321.61,41.07,-1.25%,2352143.0,0,0,0,0,0,0,0,0,1,0,0,0,0,0,0,0,0,0,0,0,0,0,0,0,0,0,0,0,1,0,1
NTG,Vantage Corp,Industrials,Marine Shipping,Singapore,19390000.0,,0.63,-4.02%,330487.0,0,1,0,0,0,0,0,0,0,0,0,0,0,0,0,0,0,0,0,0,0,0,0,1,0,0,0,0,2,0,2
OC,VOC Energy Trust,Energy,Oil & Gas E&P,USA,57970000.0,8.42,3.41,-0.29%,34550.0,0,0,0,0,0,0,0,0,0,0,0,0,0,0,0,1,0,0,0,0,0,0,0,0,0,0,0,0,1,0,1
OD,Vodafone Group plc ADR,Communication Services,Telecom Services,United Kingdom,38900000000.0,,16.79,1.57%,4020421.0,0,0,0,-1,0,0,0,0,0,0,0,0,0,0,0,0,0,0,0,0,0,0,0,0,0,0,0,0,0,1,1
OLT,Tema Electrification ETF,Financial,Exchange Traded Fund,USA,,,36.63,-2.06%,145875.0,0,0,0,0,0,0,0,0,0,0,0,0,0,0,0,1,0,0,0,0,0,0,-1,0,0,0,0,0,1,1,2
ONE,Vanguard Russell 1000 Index ETF,Financial,Exchange Traded Fund,USA,,,350.88,-0.33%,66031.0,0,0,0,0,0,0,0,0,0,0,0,0,0,0,0,0,0,1,0,0,0,0,0,0,0,0,0,0,1,0,1
OOG,Vanguard S&P 500 Growth ETF,Financial,Exchange Traded Fund,USA,,,87.69,-0.14%,1108633.0,0,0,0,0,0,0,0,-1,0,0,0,0,0,0,0,0,0,0,0,0,0,0,0,0,0,0,0,0,0,1,1
OT,Vanguard Morningstar Mid-Cap Growth ETF,Financial,Exchange Traded Fund,USA,,,300.18,-1.27%,217551.0,0,0,0,0,0,0,0,0,0,0,0,0,-1,0,0,0,0,0,0,0,0,0,0,0,0,0,0,0,0,1,1
OTE,TCW Transform 500 ETF,Financial,Exchange Traded Fund,USA,,,91.72,-0.26%,11981.0,0,0,0,0,0,0,0,0,0,0,1,0,0,0,0,0,0,0,0,0,0,0,-1,0,0,0,0,0,1,1,2
OX,Vanguard Communication Services ETF,Financial,Exchange Traded Fund,USA,,,192.2,-0.43%,269743.0,0,0,0,0,0,0,0,0,0,0,0,0,0,0,0,1,0,0,0,0,0,0,0,0,0,0,0,0,1,0,1
OXP,Vox Populi ETF,Financial,Exchange Traded Fund,USA,,,40.55,-0.32%,12.0,0,0,0,0,0,0,0,0,0,0,0,0,0,0,0,0,0,0,0,0,0,0,0,0,-1,0,0,0,0,1,1
OYG,Voyager Technologies Inc,Industrials,Aerospace & Defense,USA,1760000000.0,,28.76,-6.87%,2736099.0,0,0,0,0,0,0,0,0,0,0,0,0,-1,0,0,0,0,0,0,0,0,0,0,1,0,0,-1,0,1,2,3
PLS,Vanguard Core Plus Bond ETF,Financial,Exchange Traded Fund,USA,,,73.79,-0.05%,452891.0,0,0,0,0,0,0,0,0,1,0,0,0,0,0,0,0,0,0,0,0,0,0,0,0,0,0,0,0,1,0,1
RA,Vera Bradley Inc,Consumer Cyclical,Footwear & Accessories,USA,142870000.0,,4.98,-1.97%,178607.0,0,0,0,0,0,0,0,0,0,0,0,0,0,0,0,0,0,0,0,0,1,0,0,0,0,0,0,0,1,0,1
RIG,Invesco Variable Rate Investment Grade ETF,Financial,Exchange Traded Fund,USA,,,25.05,0.02%,737548.0,0,0,0,0,0,0,0,0,0,0,0,0,0,0,0,1,0,0,0,0,0,0,0,0,0,0,0,0,1,0,1
RM,Vroom Inc,Financial,Credit Services,USA,46380000.0,,8.86,-5.24%,5166.0,0,0,0,0,0,0,0,0,1,0,0,0,0,0,0,0,0,0,0,0,0,0,0,0,0,0,0,0,1,0,1
RP,Invesco Variable Rate Preferred ETF,Financial,Exchange Traded Fund,USA,,,23.7,-0.08%,777418.0,0,0,0,0,0,0,0,0,1,0,0,0,0,0,0,0,0,0,0,0,0,0,0,0,0,0,0,0,1,0,1
RSK,Verisk Analytics Inc,Industrials,Consulting Services,USA,21950000000.0,25.92,168.68,2.11%,915706.0,0,0,0,0,0,0,0,0,0,0,1,0,0,0,0,0,0,0,0,0,0,0,0,0,0,0,0,0,1,0,1
RSN,Verisign Inc,Technology,Software - Infrastructure,USA,26570000000.0,31.93,294.22,0.38%,1731932.0,0,0,0,0,0,0,0,0,0,0,1,1,0,0,0,0,0,0,0,0,0,0,-1,0,0,0,0,0,2,1,3
RT,Vertiv Holdings Co,Industrials,Electrical Equipment & Parts,USA,94900000000.0,55.77,246.49,-2.63%,5491384.0,0,0,0,0,0,0,0,0,0,0,0,0,-1,-1,0,0,0,0,0,0,0,0,0,0,0,0,0,0,0,2,2
RTL,GraniteShares 2x Long VRT Daily ETF,Financial,Exchange Traded Fund,USA,,,23.76,-4.73%,322970.0,0,0,0,0,0,0,0,0,1,1,0,0,0,0,0,0,0,0,0,0,0,0,0,0,0,0,0,0,2,0,2
RTS,Virtus Investment Partners Inc,Financial,Asset Management,USA,866980000.0,7.46,130.91,-0.84%,165394.0,0,0,0,0,0,0,0,0,0,0,0,0,-1,0,0,0,0,0,0,0,0,0,0,0,0,0,0,0,0,1,1
RTX,Vertex Pharmaceuticals Inc,Healthcare,Biotechnology,USA,128160000000.0,29.42,505.64,0.66%,806840.0,0,0,0,0,0,0,0,-1,0,0,0,0,0,0,0,0,0,0,0,0,0,0,0,0,0,0,0,0,0,1,1
S,Versus Systems Inc,Technology,Software - Application,USA,6460000.0,,1.04,-3.70%,12543.0,0,0,0,0,0,0,0,0,0,0,0,0,-1,0,0,0,0,0,0,0,0,0,0,0,0,0,0,0,0,1,1
SDB,Vanguard Short Duration Bond ETF,Financial,Exchange Traded Fund,USA,,,74.56,-0.03%,67991.0,0,0,0,0,0,0,0,0,0,0,0,0,-1,-1,0,0,0,0,0,0,0,0,0,0,0,0,0,0,0,2,2
SGX,Vanguard ESG International Stock ETF,Financial,Exchange Traded Fund,USA,,,81.04,-1.21%,127068.0,0,0,0,0,0,0,0,0,0,0,1,0,0,0,0,0,0,0,0,0,0,0,-1,0,0,0,0,0,1,1,2
SLU,Applied Finance Valuation Large Cap ETF,Financial,Exchange Traded Fund,USA,,,49.49,-0.16%,22663.0,0,0,0,0,0,0,0,0,0,0,1,0,0,0,0,0,0,0,0,0,0,0,0,0,0,0,0,0,1,0,1
SMV,VictoryShares US Multi-Factor Minimum Volatility ETF,Financial,Exchange Traded Fund,USA,,,60.01,0.01%,3408.0,0,0,0,0,0,0,0,-1,0,0,0,0,0,0,0,0,0,0,0,0,0,0,0,0,0,0,0,0,0,1,1
SS,Vanguard FTSE All-World Ex-US Small Capital Index Fund ETF,Financial,Exchange Traded Fund,USA,,,154.53,-1.15%,140152.0,0,0,0,0,0,0,0,0,0,0,1,0,0,0,0,0,0,0,0,0,0,0,0,0,-1,0,0,0,1,1,2
ST,Vistra Corp,Utilities,Utilities - Independent Power Producers,USA,55960000000.0,28.14,166.72,3.88%,12009012.0,0,0,0,0,0,0,0,0,1,1,0,0,0,0,0,0,0,0,0,0,0,0,0,0,0,0,0,0,2,0,2
STL,Defiance Daily Target 2X Long VST ETF,Financial,Exchange Traded Fund,USA,,,28.55,7.74%,937351.0,0,1,0,0,0,0,0,0,1,1,0,0,0,0,0,0,0,0,0,0,0,0,0,0,0,0,0,0,3,0,3
SXY,Victoria's Secret & Co,Consumer Cyclical,Apparel Retail,USA,6840000000.0,19.39,85.79,0.82%,1019646.0,0,0,0,0,0,0,0,0,1,0,0,0,0,0,0,0,0,0,0,0,0,0,0,0,0,0,0,0,1,0,1
T,Vanguard Total World Stock ETF,Financial,Exchange Traded Fund,USA,,,159.64,-0.66%,3519824.0,0,0,0,-1,0,0,0,0,0,0,0,0,0,0,0,0,0,0,0,0,0,0,0,0,0,0,0,0,0,1,1
TGN,Vistagen Therapeutics Inc,Healthcare,Biotechnology,USA,10960000.0,,0.25,-1.40%,780416.0,0,0,0,0,0,0,0,0,0,0,0,0,0,0,0,0,0,0,0,0,0,0,0,1,0,0,0,0,1,0,1
THR,Vanguard Russell 3000 Index ETF,Financial,Exchange Traded Fund,USA,,,341.27,-0.41%,33391.0,0,0,0,0,0,0,0,0,0,0,0,0,0,0,0,0,0,1,0,0,0,0,0,0,0,0,0,0,1,0,1
TI,Vanguard Morningstar Total Stock Market ETF,Financial,Exchange Traded Fund,USA,,,381.03,-0.39%,2736760.0,0,1,0,0,0,0,0,0,0,0,0,0,0,0,0,0,0,0,0,0,0,0,0,0,0,0,0,0,1,0,1
TMX,Corporacion Inmobiliaria Vesta Sab ADR,Real Estate,Real Estate - Diversified,Mexico,3240000000.0,7.32,33.63,0.78%,94444.0,0,0,0,0,0,0,0,0,0,0,0,0,-1,0,0,0,0,0,0,0,0,0,0,0,0,0,0,0,0,1,1
TN,Invesco Trust For Investment Grade New York Municipals,Financial,Closed-End Fund - Debt,USA,136530000.0,,9.31,-2.72%,78263.0,0,1,0,0,0,0,0,0,0,0,0,0,0,0,0,0,0,0,0,0,0,0,0,0,0,0,0,0,1,0,1
TP,Vanguard Total Inflation-Protected Securities ETF,Financial,Exchange Traded Fund,USA,,,72.34,0.04%,49952.0,0,1,0,0,0,0,0,0,0,0,0,0,0,0,0,0,0,0,0,0,0,0,0,0,0,0,0,0,1,0,1
TSI,VirTra Inc,Technology,Software - Application,USA,30220000.0,,2.67,-3.26%,43095.0,0,0,0,0,0,0,0,0,1,0,0,0,0,0,0,0,0,0,0,0,0,0,0,0,0,0,0,0,1,0,1
USB,Vanguard Ultra-Short Bond ETF,Financial,Exchange Traded Fund,USA,,,49.48,0.08%,3032563.0,0,1,0,-1,0,0,0,0,0,0,0,0,0,0,0,0,0,0,0,0,0,0,0,0,0,0,0,0,1,1,2
USG,Vanguard Wellington U.S. Growth Active ETF,Financial,Exchange Traded Fund,USA,,,68.91,0.07%,78401.0,0,0,0,0,0,0,0,0,0,0,1,0,0,0,0,0,0,0,0,0,0,0,0,0,0,0,0,0,1,0,1
UZI,Vuzix Corp,Technology,Consumer Electronics,USA,227070000.0,,2.69,-8.19%,1354761.0,0,0,0,0,0,0,0,0,0,0,0,0,0,0,0,0,0,0,0,0,0,0,0,0,0,0,-1,0,0,1,1
V,Vanguard Morningstar Large-Cap ETF,Financial,Exchange Traded Fund,USA,,,358.66,-0.26%,250560.0,0,1,0,0,0,0,0,0,0,0,0,0,0,0,0,0,0,0,0,0,0,0,0,0,0,0,0,0,1,0,1
VOS,Vivos Therapeutics Inc,Healthcare,Medical Devices,USA,5080000.0,,0.15,-1.76%,419749.0,0,0,0,0,0,0,0,0,0,0,0,0,0,0,0,0,0,0,0,-1,0,0,0,0,0,0,0,0,0,1,1
VR,Invesco Senior Income Trust,Financial,Closed-End Fund - Debt,USA,441760000.0,,2.87,-0.69%,487010.0,0,0,0,0,0,0,0,0,1,0,0,0,0,0,0,0,0,0,0,0,0,0,0,0,0,0,0,0,1,0,1
VX,V2X Inc,Industrials,Aerospace & Defense,USA,2130000000.0,23.45,68.07,-4.07%,393325.0,0,0,0,0,0,0,0,0,0,0,1,0,0,0,0,0,0,0,0,0,0,0,-1,0,0,0,0,0,1,1,2
WO,Vanguard FTSE Emerging Markets ETF,Financial,Exchange Traded Fund,USA,,,59.85,-1.27%,5277163.0,0,1,0,0,0,0,0,-1,0,0,0,0,0,0,0,0,0,0,0,0,0,0,0,0,0,0,0,0,1,1,2
XF,Vanguard Extended Market Index ETF,Financial,Exchange Traded Fund,USA,,,233.49,-1.56%,252548.0,0,0,0,0,0,0,0,0,1,0,0,0,0,0,0,0,0,0,0,0,0,0,0,0,0,0,0,0,1,0,1
Z,Verizon Communications Inc,Communication Services,Telecom Services,USA,190160000000.0,11.92,45.77,-0.46%,15893088.0,0,0,0,0,0,0,0,0,0,0,1,0,0,0,0,0,0,0,0,0,0,0,0,0,0,0,0,0,1,0,1
ZLA,Vizsla Silver Corp,Basic Materials,Other Industrial Metals & Mining,Canada,1210000000.0,,3.42,-3.12%,5454350.0,0,0,0,0,0,0,0,0,0,0,1,0,0,0,0,0,0,0,0,0,1,0,0,0,0,0,0,0,2,0,2
ABC,Westamerica Bancorporation,Financial,Banks - Regional,USA,1350000000.0,12.86,58.31,-0.72%,184828.0,0,0,0,0,0,0,0,0,0,0,0,0,-1,0,0,0,0,0,0,0,0,0,0,0,0,0,0,0,0,1,1
ABF,Western Asset Bond ETF,Financial,Exchange Traded Fund,USA,,,23.58,0.04%,43.0,0,0,0,-1,0,0,0,0,0,0,0,0,0,0,0,0,0,0,0,0,0,0,0,0,0,0,0,0,0,1,1
AFU,Wah Fu Education Group Ltd,Consumer Defensive,Education & Training Services,China,6440000.0,,1.46,0.00%,14272.0,0,0,0,0,0,1,0,0,1,0,1,0,0,0,0,1,0,0,0,0,0,0,0,0,0,0,0,0,4,0,4
AMA,WisdomTree US Adaptive Moving Average Fund,Financial,Exchange Traded Fund,USA,,,27.31,-0.18%,4339.0,0,1,0,0,0,0,0,-1,0,0,0,0,0,0,0,0,0,0,0,0,0,0,0,0,0,0,0,0,1,1,2
ANT,Direxion Daily Consumer Discretionary Bull 3X ETF,Financial,Exchange Traded Fund,USA,,,34.85,-0.83%,34967.0,0,0,0,0,0,0,0,0,0,0,0,0,-1,-1,0,0,0,0,0,0,0,0,0,1,0,0,0,0,1,2,3
AR,U.S. Global Technology and Aerospace & Defense ETF,Financial,Exchange Traded Fund,USA,,,31.59,-2.46%,7488.0,0,0,0,0,0,0,0,0,0,0,0,0,0,0,0,1,0,0,0,0,0,0,0,0,0,0,0,0,1,0,1
AVE,Eco Wave Power Global AB ADR,Utilities,Utilities - Renewable,Israel,36820000.0,,5.9,1.37%,10936.0,0,0,0,0,0,0,0,0,1,0,0,0,0,0,0,0,0,0,0,0,0,0,-1,0,0,0,0,0,1,1,2
AY,Waystar Holding Corp,Healthcare,Health Information Services,USA,4940000000.0,36.69,25.77,-2.39%,1773024.0,0,1,0,0,0,0,0,-1,0,0,1,0,0,0,0,0,0,0,0,0,0,0,0,0,0,0,0,0,2,1,3
BTN,Webtoon Entertainment Inc,Communication Services,Internet Content & Information,USA,1330000000.0,,9.8,-3.92%,563109.0,0,0,0,0,0,0,0,0,1,0,0,0,0,0,0,0,0,0,0,0,0,0,0,0,0,0,0,0,1,0,1
CAP,WarCap Unconstrained Equity ETF,Financial,Exchange Traded Fund,USA,,,9.4,-0.09%,512.0,0,0,0,0,0,0,0,0,0,0,0,0,0,0,0,1,0,0,0,0,0,0,0,0,0,0,0,0,1,0,1
CBR,WisdomTree Cybersecurity Fund,Financial,Exchange Traded Fund,USA,,,47.35,-1.58%,81906.0,0,0,0,0,0,0,0,-1,0,0,0,0,0,0,0,0,0,0,0,0,0,0,0,0,0,0,0,0,0,1,1
CC,Wesco International Inc,Industrials,Industrial Distribution,USA,17840000000.0,25.3,366.12,-4.68%,811177.0,0,0,0,0,0,1,0,0,0,0,1,1,0,0,0,0,0,0,0,0,1,0,-1,0,0,0,0,0,4,1,5
CN,Waste Connections Inc,Industrials,Waste Management,Canada,39110000000.0,37.44,155.16,0.35%,1711037.0,0,0,0,0,0,0,0,0,0,0,0,0,0,0,0,0,0,0,0,0,0,0,0,0,0,1,0,0,1,0,1
CPB,Weitz Core Plus Bond ETF,Financial,Exchange Traded Fund,USA,,,24.25,-0.08%,74138.0,0,0,0,0,0,0,0,0,0,0,0,0,0,0,0,0,0,0,0,-1,0,0,0,0,0,0,0,0,0,1,1
D,Walker & Dunlop Inc,Financial,Mortgage Finance,USA,1170000000.0,30.29,33.96,-3.25%,742461.0,0,0,0,0,0,0,0,0,1,0,0,0,0,0,0,0,0,0,0,0,0,0,0,0,0,0,0,0,1,0,1
DC,Western Digital Corp,Technology,Computer Hardware,USA,146170000000.0,16.77,405.42,-1.37%,7258503.0,0,0,0,0,0,0,0,0,1,1,0,0,0,0,0,0,0,0,0,0,0,0,0,0,0,0,0,0,2,0,2
DCC,Corgi WDC 2x Daily ETF,Financial,Exchange Traded Fund,USA,,,10.09,-3.54%,141669.0,0,0,0,0,0,0,0,0,1,1,0,0,0,0,0,0,0,0,0,0,0,0,0,0,0,0,0,0,2,0,2
DNA,WisdomTree BioRevolution Fund,Financial,Exchange Traded Fund,USA,,,22.79,-0.64%,2002.0,0,0,0,0,0,0,0,0,0,0,0,0,0,0,0,0,0,1,0,0,0,0,0,0,0,0,0,0,1,0,1
DRN,"WisdomTree Physical AI, Humanoids and Drones Fund",Financial,Exchange Traded Fund,USA,,,26.21,-2.14%,4671.0,0,0,0,0,0,0,0,0,0,0,1,0,0,0,0,0,0,0,0,0,0,0,0,0,0,0,0,0,1,0,1
DTE,Defiance S&P 500 Weekly Distribution ETF,Financial,Exchange Traded Fund,USA,,,29.05,-0.07%,13685.0,0,0,0,0,0,0,0,0,1,1,0,0,0,0,0,0,0,0,0,0,0,0,0,0,0,0,0,0,2,0,2
EA,Western Asset Premier Bond Fund,Financial,Closed-End Fund - Debt,USA,115930000.0,,9.77,-0.66%,25868.0,0,0,0,-1,0,0,0,0,0,0,0,0,0,0,0,0,0,0,0,0,0,0,0,0,0,0,0,0,0,1,1
EAV,Weave Communications Inc,Healthcare,Health Information Services,USA,592920000.0,,7.37,-0.14%,674232.0,0,0,0,0,0,0,0,0,0,0,1,0,0,0,0,0,0,0,0,0,0,0,0,0,0,0,0,0,1,0,1
EBL,Direxion Daily Dow Jones Internet Bull 3X ETF,Financial,Exchange Traded Fund,USA,,,30.3,-1.43%,16030.0,0,0,0,0,0,0,0,0,0,0,1,0,0,0,0,0,0,0,0,0,0,0,0,0,-1,0,0,0,1,1,2
EBS,Direxion Daily Dow Jones Internet Bear 3X ETF,Financial,Exchange Traded Fund,USA,,,13.3,1.22%,29690.0,0,0,0,0,0,0,0,0,1,0,0,0,0,0,0,0,0,0,0,0,0,0,0,0,0,0,0,0,1,0,1
EED,Roundhill Cannabis ETF,Financial,Exchange Traded Fund,USA,,,20.56,-0.17%,8864.0,0,0,0,0,0,0,0,0,0,0,1,0,0,0,0,0,0,0,0,0,0,0,0,0,-1,0,0,0,1,1,2
EEK,Roundhill Weekly T-Bill ETF,Financial,Exchange Traded Fund,USA,,,100.02,0.02%,42315.0,0,1,0,-1,0,0,0,0,0,0,0,0,0,0,0,0,0,0,0,0,0,0,0,0,0,0,0,0,1,1,2
EEL,Peerless Option Income Wheel ETF,Financial,Exchange Traded Fund,USA,,,19.9,-0.36%,36176.0,0,0,0,0,0,0,0,0,0,0,1,0,0,0,0,0,0,0,0,0,0,0,0,0,-1,0,0,0,1,1,2
ELD,Tema U.S. Manufacturing & Reshoring ETF,Financial,Exchange Traded Fund,USA,,,54.04,-3.53%,21476.0,0,0,0,0,0,0,0,0,1,0,0,0,0,0,0,0,0,0,0,0,0,0,0,0,0,0,0,0,1,0,1
ERN,Werner Enterprises Inc,Industrials,Trucking,USA,1940000000.0,,32.34,-1.43%,639661.0,0,0,0,0,0,0,0,0,1,0,0,0,0,0,0,0,0,0,0,0,0,0,0,0,0,0,0,0,1,0,1
EST,Westrock Coffee Company,Consumer Defensive,Packaged Foods,USA,797620000.0,,8.17,-0.97%,234919.0,0,0,0,0,0,0,0,0,1,0,0,0,0,0,0,0,0,0,0,0,0,0,0,0,0,0,0,0,1,0,1
ETH,Wetouch Technology Inc,Technology,Electronic Components,China,13030000.0,1.4,0.97,-0.12%,29673.0,0,0,0,0,0,0,0,0,1,1,0,0,0,0,0,0,0,0,0,0,0,0,0,0,0,0,0,0,2,0,2
FC,Wells Fargo & Co,Financial,Banks - Diversified,USA,242710000000.0,11.66,80.26,-1.53%,13583974.0,0,0,0,0,0,0,0,-1,0,0,0,0,0,0,0,0,0,0,0,0,0,0,0,0,0,0,0,0,0,1,1
FF,WF Holding Ltd,Industrials,Specialty Industrial Machinery,Malaysia,88030000.0,,2.1,4.48%,134350.0,0,0,0,-1,0,0,0,0,0,0,0,0,0,0,0,0,0,0,0,0,0,0,0,0,0,0,0,0,0,1,1
FRD,Weatherford International plc,Energy,Oil & Gas Equipment & Services,USA,5550000000.0,15.1,76.42,-4.40%,761284.0,0,0,0,0,0,0,0,0,1,0,0,0,0,0,0,0,0,0,0,0,0,0,0,0,0,0,0,0,1,0,1
GMI,CoinShares Bitcoin Mining and Digital Power ETF,Financial,Exchange Traded Fund,USA,,,42.98,-4.25%,506689.0,0,0,0,0,0,0,0,0,1,0,0,0,0,0,0,0,0,0,0,0,0,0,0,0,0,0,0,0,1,0,1
HWK,Whitehawk Therapeutics Inc,Healthcare,Biotechnology,USA,194400000.0,,3.41,-5.54%,435719.0,0,0,0,0,0,0,0,0,0,0,1,0,0,0,0,0,0,0,0,0,0,0,-1,0,0,0,0,0,1,1,2
IMI,Wimi Hologram Cloud Inc,Communication Services,Advertising Agencies,China,12670000.0,0.75,0.69,-5.62%,195609.0,0,0,0,0,0,0,0,0,1,0,0,0,0,0,0,0,0,0,0,0,0,0,0,0,0,0,0,0,1,0,1
ING,Wingstop Inc,Consumer Cyclical,Restaurants,USA,3180000000.0,27.7,116.68,3.99%,1051198.0,0,0,0,0,0,0,0,0,1,0,0,0,0,0,0,0,0,0,0,0,0,0,0,0,0,0,0,0,1,0,1
INN,Harbor Long-Term Growers ETF,Financial,Exchange Traded Fund,USA,,,35.24,-0.21%,69911.0,0,0,0,0,0,0,0,-1,0,0,0,0,0,0,0,0,0,0,0,0,0,0,0,0,0,0,0,0,0,1,1
IP,SPDR Intl Govt Inflation-Protected Bond,Financial,Exchange Traded Fund,USA,,,38.13,-0.39%,49119.0,0,0,0,-1,0,0,0,0,0,0,0,0,0,0,0,0,0,0,0,0,0,0,0,0,0,0,0,0,0,1,1
KHS,Workhorse Group Inc,Consumer Cyclical,Auto Manufacturers,USA,32130000.000000004,,2.94,0.00%,26990.0,0,0,0,0,0,0,0,0,0,0,0,0,0,0,0,1,0,0,0,0,0,0,0,0,0,0,0,0,1,0,1
LKP,Westlake Chemical Partners LP,Basic Materials,Chemicals,USA,753560000.0,13.08,21.38,-0.97%,15603.0,0,0,0,0,0,0,0,0,0,0,0,0,-1,0,0,0,0,0,0,0,0,0,0,0,0,0,0,0,0,1,1
MB,Williams Cos Inc,Energy,Oil & Gas Midstream,USA,87410000000.0,28.53,71.46,-1.28%,5173847.0,0,1,0,0,0,1,0,0,0,0,0,0,-1,-1,0,0,0,0,0,0,0,0,0,0,0,0,0,0,2,2,4
MG,Warner Music Group Corp,Communication Services,Entertainment,USA,14730000000.0,22.27,28.16,1.99%,2404445.0,0,0,0,0,0,0,0,0,1,0,0,0,0,0,0,0,0,0,0,0,0,0,0,0,0,0,0,0,1,0,1
MS,Advanced Drainage Systems Inc,Industrials,Building Products & Equipment,USA,9510000000.0,21.76,126.08,-3.07%,771219.0,0,0,0,0,0,0,0,0,1,0,0,0,0,0,0,0,0,0,0,0,0,0,0,0,0,0,0,0,1,0,1
MT,Walmart Inc,Consumer Defensive,Discount Stores,USA,858110000000.0,39.19,108.16,0.90%,16137748.0,0,0,0,0,0,1,0,0,1,0,0,0,0,0,0,0,0,0,0,0,0,0,0,0,0,0,0,0,2,0,2
PRT,Westport Fuel Systems Inc,Consumer Cyclical,Auto Parts,Canada,34580000.0,,1.82,-1.09%,8723.0,0,0,0,0,0,0,0,0,1,0,0,0,0,0,0,0,0,0,0,0,0,0,0,0,0,0,0,0,1,0,1
QEY,WISeQey Corp,Technology,Semiconductors,Switzerland,40880000.0,,9.78,-4.49%,80583.0,0,0,0,0,0,0,0,0,0,0,0,0,-1,0,0,0,0,0,0,0,0,0,0,0,0,0,0,0,0,1,1
QTM,WisdomTree Quantum Computing Fund,Financial,Exchange Traded Fund,USA,,,31.91,-2.33%,197181.0,0,0,0,0,0,0,0,0,1,0,0,0,0,0,0,0,0,0,0,0,0,0,0,0,0,0,0,0,1,0,1
RB,W.R. Berkley Corp,Financial,Insurance - Property & Casualty,USA,25890000000.0,14.34,69.73,0.11%,2220442.0,0,0,0,0,0,0,0,0,1,0,0,0,0,0,0,0,0,0,0,0,0,0,0,0,0,0,0,0,1,0,1
RBY,Warby Parker Inc,Healthcare,Medical Instruments & Supplies,USA,3130000000.0,416.97,25.31,-3.51%,1725708.0,0,0,0,0,0,0,0,0,0,0,1,0,0,0,0,0,0,0,0,0,0,0,0,0,0,0,0,0,1,0,1
RD,WeRide Inc ADR,Technology,Software - Application,China,1540000000.0,,4.96,-3.12%,2773983.0,0,0,0,0,0,0,0,0,1,1,0,0,0,0,0,0,0,0,0,0,0,0,0,0,0,0,0,0,2,0,2
RN,Western Copper & Gold Corp,Basic Materials,Other Industrial Metals & Mining,Canada,468190000.0,,2.07,-4.61%,709875.0,0,0,0,0,0,0,0,0,1,0,0,0,0,0,0,0,0,0,0,0,0,0,0,0,0,0,0,0,1,0,1
RND,NYLIM Global Equity R&D Leaders ETF,Financial,Exchange Traded Fund,USA,,,44.31,-0.71%,36.0,0,0,0,0,0,0,0,0,0,0,1,1,0,0,0,0,0,0,0,0,0,0,0,0,0,0,0,0,2,0,2
S,Worthington Steel Inc,Basic Materials,Steel,USA,1810000000.0,,35.56,-6.89%,1429406.0,0,0,0,0,0,0,0,0,0,0,0,0,0,0,0,1,0,0,0,0,0,0,0,0,0,0,0,0,1,0,1
SBK,Winchester Bancorp Inc,Financial,Banks - Regional,USA,115950000.0,26.51,12.94,0.23%,9524.0,0,0,0,0,0,0,0,0,0,0,0,0,0,0,0,0,0,0,0,0,1,0,0,0,0,0,0,0,1,0,1
SE,Wise Group Plc,Technology,Information Technology Services,United Kingdom,14050000000.0,24.46,11.81,0.43%,2263817.0,0,0,0,0,0,0,0,0,1,0,0,0,0,0,0,0,0,0,0,0,0,0,0,0,0,0,0,0,1,0,1
SGE,Warren Street Global Equity ETF,Financial,Exchange Traded Fund,USA,,,28.42,-0.73%,17.0,0,0,0,0,0,0,0,0,0,0,1,0,0,0,0,0,0,0,0,0,0,0,0,0,-1,0,0,0,1,1,2
SMD,Wasatch Small/Mid Cap ETF,Financial,Exchange Traded Fund,USA,,,23.88,-1.80%,2205.0,0,0,0,0,0,0,0,0,0,0,0,0,0,0,0,0,0,0,0,0,0,0,0,1,0,0,0,0,1,0,1
SML,iShares MSCI World Small-Cap ETF,Financial,Exchange Traded Fund,USA,,,33.96,-1.30%,2002.0,0,0,0,0,0,0,0,0,0,0,0,0,-1,0,0,0,0,0,0,0,0,0,0,0,0,0,0,0,0,1,1
ST,West Pharmaceutical Services Inc,Healthcare,Medical Instruments & Supplies,USA,25790000000.0,46.85,366.48,-1.65%,438374.0,0,0,0,0,0,0,0,0,0,0,1,0,0,0,0,0,0,0,0,0,0,0,-1,0,0,0,0,0,1,1,2
T,WisdomTree Inc,Financial,Asset Management,USA,3540000000.0,44.86,23.37,-3.35%,1949274.0,0,0,0,0,0,0,0,0,0,0,1,0,0,0,0,0,0,0,0,0,0,0,-1,0,0,0,0,0,1,1,2
TBN,WisdomTree Bianco Fixed Income Total Return Fund,Financial,Exchange Traded Fund,USA,,,23.96,-0.14%,3944.0,0,0,0,0,0,0,0,0,0,0,0,0,0,0,0,0,0,0,0,-1,0,0,0,0,0,0,0,0,0,1,1
TI,W & T Offshore Inc,Energy,Oil & Gas E&P,USA,538870000.0,,3.57,-0.56%,2867453.0,0,1,0,0,0,0,0,0,0,0,0,0,0,0,0,0,0,0,0,0,0,0,0,0,0,0,0,0,1,0,1
TID,MicroSectorsTM Energy 3X Inverse Leveraged ETNs,Financial,Exchange Traded Fund,USA,,,2.55,-0.78%,60214.0,0,0,0,0,0,0,0,0,1,0,0,0,0,0,0,0,0,0,0,0,0,0,0,0,0,0,0,0,1,0,1
TM,White Mountains Insurance Group Ltd,Financial,Insurance - Property & Casualty,USA,4850000000.0,4.62,2031.5,-0.28%,20410.0,0,0,0,0,0,0,0,0,0,0,0,0,-1,0,0,0,0,0,0,0,0,0,0,1,0,0,0,0,1,1,2
TPI,WisdomTree Equity Premium Income Fund,Financial,Exchange Traded Fund,USA,,,33.21,-0.12%,72015.0,0,1,0,0,0,0,0,-1,0,0,0,0,0,0,0,0,0,0,0,0,0,0,0,0,0,0,0,0,1,1,2
TS,Watts Water Technologies Inc,Industrials,Specialty Industrial Machinery,USA,11630000000.0,30.4,348.26,-3.92%,259237.0,0,0,0,0,0,0,0,0,0,0,0,0,0,0,0,0,0,0,0,0,0,0,-1,0,0,0,0,0,0,1,1
TTR,Select Water Solutions Inc,Energy,Oil & Gas Equipment & Services,USA,2490000000.0,72.32,19.33,-3.30%,1844975.0,0,0,0,0,0,1,0,0,0,0,0,0,0,0,0,1,0,0,0,0,0,0,0,0,0,0,0,0,2,0,2
VVI,Willamette Valley Vineyard Inc,Consumer Defensive,Beverages - Wineries & Distilleries,USA,9110000.0,,1.83,-2.14%,9697.0,0,0,0,0,0,0,0,0,1,0,0,0,0,0,0,0,0,0,0,0,0,0,0,0,0,0,0,0,1,0,1
W,WW International Inc,Healthcare,Medical Care Facilities,USA,150780000.0,,15.08,-3.83%,128891.0,0,0,0,-1,0,0,0,0,0,0,0,0,0,0,0,1,0,0,0,0,0,0,0,0,0,0,0,0,1,1,2
WR,Westwater Resources Inc,Basic Materials,Other Industrial Metals & Mining,USA,61070000.0,,0.47,-1.90%,491989.0,0,0,0,0,0,0,0,0,1,0,0,0,0,0,0,0,0,0,0,0,0,0,0,0,0,0,0,0,1,0,1
WW,Wolverine World Wide Inc,Consumer Cyclical,Footwear & Accessories,USA,1550000000.0,14.62,18.85,-2.38%,915431.0,0,0,0,0,0,0,0,0,0,0,1,0,0,0,0,0,0,0,0,0,0,0,0,0,0,0,0,0,1,0,1
Y,Weyerhaeuser Co,Real Estate,REIT - Specialty,USA,13380000000.0,28.4,18.57,-0.16%,12467781.0,0,0,0,0,0,0,0,0,0,0,0,0,0,0,0,0,0,0,0,0,1,1,0,0,0,0,0,0,2,0,2
YNN,Wynn Resorts Ltd,Consumer Cyclical,Resorts & Casinos,USA,7720000000.0,17.96,74.97,-2.15%,2404767.0,0,0,0,0,0,0,0,0,0,0,0,0,0,0,0,0,0,0,0,-1,0,0,0,0,0,0,0,0,0,1,1
YY,Widepoint Corp,Technology,Information Technology Services,USA,70090000.0,,7.01,-1.41%,114313.0,0,0,0,0,0,0,0,0,1,0,0,0,0,0,0,0,0,0,0,0,0,0,0,0,0,0,0,0,1,0,1
A,Corgi AI Cybersecurity ETF,Financial,Exchange Traded Fund,USA,,,45.03,-2.14%,15157.0,0,0,0,-1,0,1,0,0,0,0,0,0,0,0,0,0,0,1,0,0,0,0,0,0,0,0,0,0,2,1,3
BFR,Innovator Equity Managed 10 Buffer ETF,Financial,Exchange Traded Fund,USA,,,27.3,-0.26%,4217.0,0,0,0,0,0,0,0,0,0,0,1,0,0,0,0,0,0,0,0,0,0,0,0,0,0,0,0,0,1,0,1
BIL,F/m US Treasury 6 Month Bill ETF,Financial,Exchange Traded Fund,USA,,,50.03,0.00%,88531.0,0,1,0,-1,0,1,0,0,0,0,0,0,0,0,0,0,0,0,0,0,0,0,0,0,0,0,0,0,2,1,3
BIT,XBiotech Inc,Healthcare,Biotechnology,USA,66760000.00000001,,2.19,1.39%,100377.0,0,0,0,0,0,0,0,0,1,0,0,0,0,0,0,0,0,0,0,0,0,0,0,0,0,0,0,0,1,0,1
BJL,Innovator U.S. Equity Accelerated 9 Buffer ETF - July,Financial,Exchange Traded Fund,USA,,,41.39,-0.06%,1788.0,0,0,0,0,0,0,0,-1,0,0,0,0,0,0,0,0,0,0,0,0,0,0,0,0,0,0,0,0,0,1,1
C,WisdomTree True Emerging Markets Fund,Financial,Exchange Traded Fund,USA,,,30.87,-1.15%,1532.0,0,0,0,0,0,0,0,0,0,0,0,0,0,0,0,0,0,0,0,0,0,0,0,1,0,0,0,0,1,0,1
CH,XCHG Ltd ADR,Industrials,Electrical Equipment & Parts,Germany,9460000.0,,3.08,2.67%,86482.0,0,0,0,0,0,0,0,0,1,0,0,0,0,0,0,0,0,0,0,0,0,0,0,0,0,0,0,0,1,0,1
CNY,State Street SPDR S&P Emerging Markets ex-China ETF,Financial,Exchange Traded Fund,USA,,,34.15,-1.15%,131.0,0,0,0,0,0,0,0,0,0,0,1,0,0,0,0,0,0,0,0,0,0,0,-1,0,0,0,0,0,1,1,2
CUR,Exicure Inc,Healthcare,Biotechnology,USA,6680000.0,,1.02,-5.56%,9236.0,0,0,0,0,0,0,0,0,1,1,0,0,0,0,0,0,0,0,0,0,0,0,0,0,0,0,0,0,2,0,2
DSQ,Innovator U.S. Equity Accelerated ETF - Quarterly,Financial,Exchange Traded Fund,USA,,,45.38,-0.15%,3486.0,0,0,0,0,0,0,0,0,0,0,0,0,0,0,0,0,0,1,0,0,0,0,0,0,0,0,0,0,1,0,1
DTE,Roundhill S&P 500 0DTE Covered Call Strategy ETF,Financial,Exchange Traded Fund,USA,,,38.77,-0.36%,214692.0,0,0,0,0,0,0,0,0,0,0,1,0,0,0,0,0,0,0,0,0,0,0,0,0,0,0,0,0,1,0,1
ES,State Street SPDR S&P Oil & Gas Equipment & Services ETF,Financial,Exchange Traded Fund,USA,,,109.41,-2.00%,82929.0,0,0,0,0,0,0,0,0,0,0,0,0,-1,0,0,0,0,0,0,0,0,0,0,0,0,0,0,0,0,1,1
FLT,XAI Floating Rate & Alternative Income Trust,Financial,Closed-End Fund - Debt,USA,288930000.0,,18.97,-0.84%,174792.0,0,0,0,0,0,0,0,0,0,0,1,0,0,0,0,0,0,0,0,0,0,0,0,0,0,0,0,0,1,0,1
FLX,FundX Flexible ETF,Financial,Exchange Traded Fund,USA,,,22.54,-0.09%,13.0,0,1,0,-1,0,0,0,0,0,0,0,0,0,0,0,0,0,0,0,0,0,0,0,0,0,0,0,0,1,1,2
FOR,X4 Pharmaceuticals Inc,Healthcare,Biotechnology,USA,278610000.0,,2.81,1.44%,435381.0,0,0,0,0,0,0,0,0,0,0,1,0,0,0,0,0,0,0,0,0,0,0,0,0,0,0,0,0,1,0,1
HLF,BondBloxx Bloomberg Six Month Target Duration US Treasury ETF,Financial,Exchange Traded Fund,USA,,,50.15,0.03%,496497.0,0,0,0,-1,0,0,0,0,1,0,0,0,0,0,0,0,0,0,0,-1,0,0,0,0,0,0,0,0,1,2,3
HS,State Street SPDR S&P Health Care Services ETF,Financial,Exchange Traded Fund,USA,,,134.42,-0.57%,18079.0,0,0,0,0,0,0,0,0,0,0,0,0,-1,0,0,0,0,0,0,0,1,0,0,0,-1,0,0,0,1,2,3
IFR,XPLR Infrastructure LP,Utilities,Utilities - Renewable,USA,2000000000.0,15.5,10.36,-0.19%,1213705.0,0,1,0,0,0,0,0,0,1,0,0,0,0,0,0,0,0,0,0,0,0,0,0,0,0,0,0,0,2,0,2
IJN,FT Vest U.S. Equity Buffer & Premium Income ETF - June,Financial,Exchange Traded Fund,USA,,,30.77,-0.03%,6383.0,0,0,0,0,0,0,0,0,0,0,1,0,0,0,0,0,0,0,0,0,0,0,0,0,0,0,0,0,1,0,1
IMR,FT Vest U.S. Equity Buffer & Premium Income ETF - March,Financial,Exchange Traded Fund,USA,,,31.3,0.02%,1362.0,0,0,0,0,0,1,0,0,0,0,0,0,0,0,0,0,0,0,0,-1,0,0,0,0,0,0,0,0,1,1,2
ITK,State Street SPDR FactSet Innovative Technology ETF,Financial,Exchange Traded Fund,USA,,,205.41,-0.87%,688.0,0,0,0,0,0,0,0,0,0,0,1,0,0,0,0,0,0,0,0,0,0,0,-1,0,0,0,0,0,1,1,2
LBI,State Street Materials Select Sector SPDR Premium Income ETF,Financial,Exchange Traded Fund,USA,,,22.65,-1.44%,7992.0,0,0,0,0,0,0,0,0,0,0,0,0,-1,0,0,0,0,0,0,0,0,0,0,0,0,0,0,0,0,1,1
LC,State Street Communication Services Select Sector SPDR ETF,Financial,Exchange Traded Fund,USA,,,111.26,-0.35%,4262353.0,0,0,0,0,0,0,0,0,1,0,0,0,0,0,0,0,0,0,0,0,0,0,0,0,0,0,0,0,1,0,1
LEX,Corgi U.S. Energy 2x Daily ETF,Financial,Exchange Traded Fund,USA,,,29.01,-1.15%,204.0,0,0,0,0,0,0,0,0,0,0,1,0,0,0,0,0,0,0,0,0,0,0,-1,0,0,0,0,0,1,1,2
LP,State Street Consumer Staples Select Sector SPDR ETF,Financial,Exchange Traded Fund,USA,,,81.7,-0.12%,9443199.0,0,0,0,0,0,0,0,0,0,0,0,0,-1,0,0,0,0,0,0,0,0,0,0,0,0,0,0,0,0,1,1
LSR,State Street US Sector Rotation ETF,Financial,Exchange Traded Fund,USA,,,67.73,0.14%,39576.0,0,0,0,0,0,0,0,-1,0,0,0,0,0,0,0,0,0,0,0,0,0,0,0,0,0,0,0,0,0,1,1
LUI,State Street Utilities Select Sector SPDR Premium Income ETF,Financial,Exchange Traded Fund,USA,,,22.15,0.18%,44757.0,0,0,0,-1,0,0,0,0,0,0,0,0,0,0,0,0,0,0,0,0,0,0,0,0,0,0,0,0,0,1,1
LVX,Corgi U.S. Healthcare 2x Daily ETF,Financial,Exchange Traded Fund,USA,,,32.45,2.00%,95.0,0,0,0,0,0,0,0,0,0,0,0,0,-1,0,0,0,0,0,0,0,0,0,0,0,0,0,0,0,0,1,1
LYI,SPDR Consumer Disc Premium Income,Financial,Exchange Traded Fund,USA,,,21.66,-0.18%,25819.0,0,0,0,0,0,0,0,0,0,0,0,0,0,0,0,0,0,0,0,-1,0,0,0,0,0,0,0,0,0,1,1
MAX,XMax Inc,Consumer Cyclical,"Furnishings, Fixtures & Appliances",USA,567010000.0,20.15,8.74,-0.23%,386723.0,0,0,0,0,0,0,0,0,0,0,1,1,0,0,0,0,0,0,0,0,0,0,-1,0,0,0,0,0,2,1,3
ME,State Street SPDR S&P Metals & Mining ETF,Financial,Exchange Traded Fund,USA,,,104.84,-3.14%,1429739.0,0,0,0,0,0,0,0,0,1,0,0,0,0,0,0,0,0,0,0,0,0,0,0,0,0,0,0,0,1,0,1
MMO,Invesco S&P MidCap Momentum ETF,Financial,Exchange Traded Fund,USA,,,148.32,-2.25%,422830.0,0,0,0,0,0,0,0,0,1,0,0,0,0,0,0,0,0,0,0,0,0,0,0,0,0,0,0,0,1,0,1
MTR,Xometry Inc,Industrials,Industrial Distribution,USA,6180000000.0,,107.8,-2.58%,835778.0,0,0,0,0,0,0,0,0,0,0,1,0,0,0,0,0,0,0,0,0,0,0,0,0,0,0,0,0,1,0,1
MVM,Invesco S&P MidCap Value with Momentum ETF,Financial,Exchange Traded Fund,USA,,,70.79,-1.21%,12785.0,0,0,0,0,0,0,0,0,0,0,0,0,0,0,0,0,0,0,0,0,0,0,-1,0,0,0,0,0,0,1,1
NET,Xunlei Ltd ADR,Technology,Software - Infrastructure,China,306590000.0,,4.81,0.94%,217834.0,0,1,0,0,0,0,0,0,1,0,0,0,0,0,0,0,0,0,0,0,0,0,0,0,0,0,0,0,2,0,2
OM,ExxonMobil Holdings Corp,Energy,Oil & Gas Integrated,USA,674560000000.0,21.11,164.05,-0.26%,9517710.0,0,0,0,0,0,0,0,0,0,0,1,0,0,0,0,0,0,0,0,0,0,0,-1,0,0,0,0,0,1,1,2
OMO,YieldMax XOM Option Income Strategy ETF,Financial,Exchange Traded Fund,USA,,,10.98,-0.18%,23720.0,0,0,0,0,0,0,0,0,0,0,0,0,-1,0,0,0,0,0,0,0,0,0,0,1,0,0,0,0,1,1,2
PAY,Roundhill S&P 500 Target 20 Managed Distribution ETF,Financial,Exchange Traded Fund,USA,,,52.86,-0.25%,29392.0,0,0,0,0,0,0,0,0,1,0,0,0,0,0,0,0,0,0,0,0,0,0,0,0,0,0,0,0,1,0,1
POF,Xponential Fitness Inc,Consumer Cyclical,Leisure,USA,238850000.0,,4.85,0.41%,857910.0,0,0,0,0,0,0,0,0,0,0,0,0,-1,0,0,0,0,0,0,0,0,0,0,0,0,0,0,0,0,1,1
QTM,Corgi Quantum Computing 2x Daily ETF,Financial,Exchange Traded Fund,USA,,,11.9,-6.55%,359.0,0,0,0,0,0,0,0,0,0,0,0,0,-1,-1,0,0,0,0,0,0,0,0,0,0,0,0,0,0,0,2,2
RLX,FundX Conservative ETF,Financial,Exchange Traded Fund,USA,,,49.56,-0.18%,1829.0,0,0,0,0,0,0,0,0,0,0,0,0,0,0,0,1,0,0,0,0,0,0,0,0,0,0,0,0,1,0,1
RN,Chiron Real Estate Inc,Real Estate,REIT - Healthcare Facilities,USA,494270000.0,9.16,34.1,-0.53%,104578.0,0,0,0,0,0,0,0,0,0,0,0,0,-1,0,0,0,0,0,0,0,0,0,0,0,0,0,0,0,0,1,1
RP,Bitwise XRP ETF,Financial,Exchange Traded Fund,USA,,,15.82,-5.78%,1094469.0,0,0,0,0,0,0,0,0,0,0,1,0,0,0,0,0,0,0,0,0,0,0,0,0,0,0,0,0,1,0,1
RX,Xerox Holdings Corp,Industrials,Business Equipment & Supplies,USA,395260000.0,,3.01,2.73%,2697731.0,0,0,0,0,0,0,0,0,0,0,1,0,0,0,0,0,0,0,0,0,0,0,-1,0,0,0,0,0,1,1,2
SLL,Xsolla SPAC 1,Financial,Shell Companies,USA,276870000.0,103.25,10.01,-0.02%,7.0,0,0,0,0,0,0,0,0,0,0,1,0,0,0,0,0,0,0,0,0,0,0,0,0,0,0,0,0,1,0,1
SMO,Invesco S&P SmallCap Momentum ETF,Financial,Exchange Traded Fund,USA,,,81.9,-1.36%,193721.0,0,0,0,0,0,0,0,0,1,0,0,0,0,0,0,0,0,0,0,0,0,0,0,0,0,0,0,0,1,0,1
SPI,NEOS Boosted S&P 500 High Income ETF,Financial,Exchange Traded Fund,USA,,,49.97,-1.60%,69393.0,0,0,0,0,0,0,0,0,0,0,1,0,0,0,0,0,0,0,0,0,0,0,0,0,-1,0,0,0,1,1,2
SW,State Street SPDR S&P Software & Services ETF,Financial,Exchange Traded Fund,USA,,,199.92,-0.67%,54417.0,0,0,0,0,0,0,0,-1,0,0,0,0,0,0,0,0,0,0,0,0,0,0,0,0,0,0,0,0,0,1,1
T,iShares Future Exponential Technologies ETF,Financial,Exchange Traded Fund,USA,,,84.88,-0.73%,59057.0,0,0,0,0,0,0,0,0,0,0,1,1,0,0,0,0,0,0,0,0,0,0,0,0,0,0,0,0,2,0,2
TJA,Innovator U.S. Equity Accelerated Plus ETF - January,Financial,Exchange Traded Fund,USA,,,35.42,-0.13%,3266.0,0,0,0,-1,0,0,0,0,0,0,0,0,0,0,0,0,0,0,0,0,0,0,0,0,0,0,0,0,0,1,1
TLB,X.T.L. Biopharmaceuticals Ltd ADR,Healthcare,Biotechnology,Israel,8400000.0,,1.98,-1.98%,27815.0,0,0,0,0,0,0,0,0,0,0,0,0,-1,-1,0,0,0,0,0,0,0,0,0,0,0,0,0,0,0,2,2
TNT,Xtant Medical Holdings Inc,Healthcare,Medical Devices,USA,45100000.0,,0.32,0.22%,86563.0,0,0,0,-1,0,0,0,0,1,1,0,0,0,0,0,1,0,0,0,0,0,0,0,0,0,0,0,0,3,1,4
TWY,BondBloxx Bloomberg Twenty Year Target Duration US Treasury ETF,Financial,Exchange Traded Fund,USA,,,32.62,-0.24%,43328.0,0,0,0,0,0,1,0,0,1,0,0,0,0,0,0,0,0,0,0,0,0,0,0,0,0,0,0,0,2,0,2
USP,Innovator Uncapped Accelerated U.S. Equity ETF,Financial,Exchange Traded Fund,USA,,,54.79,-0.32%,2011.0,0,0,0,0,0,0,0,-1,0,0,0,0,0,0,0,0,0,0,0,0,0,0,0,0,0,0,0,0,0,1,1
V,Simplify Target 15 Distribution ETF,Financial,Exchange Traded Fund,USA,,,24.14,-0.59%,32598.0,0,0,0,-1,0,0,0,-1,0,0,0,0,0,0,0,0,0,0,0,0,0,0,0,0,0,0,0,0,0,2,2
W,Corgi Ex-U.S. Equities 2x Daily ETF,Financial,Exchange Traded Fund,USA,,,22.84,-2.45%,313.0,0,0,0,0,0,0,0,0,0,0,1,0,0,0,0,0,0,0,0,0,0,0,0,0,0,0,0,0,1,0,1
XI,Twenty One Capital Inc,Consumer Defensive,Education & Training Services,USA,4160000000.0,18.81,6.39,-2.14%,1049542.0,0,0,0,0,0,0,0,0,1,0,0,0,0,0,0,0,0,0,0,0,0,0,0,0,0,0,0,0,1,0,1
XV,Simplify Ancorato Target 25 Distribution ETF,Financial,Exchange Traded Fund,USA,,,23.62,-0.19%,26740.0,0,0,0,0,0,0,0,0,0,0,0,0,0,0,0,1,0,0,0,0,0,0,0,0,0,0,0,0,1,0,1
YLD,Global X S&P 500 Covered Call ETF,Financial,Exchange Traded Fund,USA,,,41.9,0.00%,387638.0,0,0,0,-1,0,0,0,-1,0,0,0,0,0,0,0,0,0,0,0,0,0,0,0,0,0,0,0,0,0,2,2
YZ,Block Inc,Technology,Software - Infrastructure,USA,45700000000.0,135.43,76.07,-0.61%,3010478.0,0,0,0,-1,0,0,0,0,0,0,0,0,0,0,0,0,0,0,0,0,0,0,-1,0,0,0,0,0,0,2,2
YZG,Leverage Shares 2X Long XYZ Daily ETF,Financial,Exchange Traded Fund,USA,,,15.26,-1.28%,5348.0,0,0,0,0,0,0,0,0,0,0,0,0,0,0,0,0,0,1,0,0,0,0,0,0,0,0,0,0,1,0,1
YZY,YieldMax XYZ Option Income Strategy ETF,Financial,Exchange Traded Fund,USA,,,23.1,-0.20%,21872.0,0,1,0,0,0,1,0,0,0,0,0,0,-1,-1,0,0,0,0,0,0,0,0,0,0,0,0,0,0,2,2,4
ZO,Exzeo Group Inc,Financial,Insurance - Diversified,USA,1370000000.0,16.27,15.22,1.20%,265298.0,0,0,0,0,0,0,0,0,0,0,0,0,0,0,0,0,0,0,0,0,0,0,0,0,0,0,0,1,1,0,1
ALA,Yalla Group Limited ADR,Technology,Software - Application,United Arab Emirates,687310000.0,6.96,5.36,-1.47%,218738.0,0,0,0,0,0,0,0,0,0,0,1,0,0,0,0,0,0,0,0,0,0,0,0,0,0,0,0,0,1,0,1
ALL,Truth Social God Bless America ETF,Financial,Exchange Traded Fund,USA,,,43.07,-0.72%,9995.0,0,1,0,-1,0,0,0,0,0,0,0,0,0,0,0,0,0,0,0,0,1,0,0,1,0,0,0,0,3,1,4
ANG,Direxion Daily FTSE China Bear 3X ETF,Financial,Exchange Traded Fund,USA,,,33.68,3.09%,451597.0,0,0,0,0,0,0,0,0,0,0,0,0,0,0,0,1,0,0,0,0,0,0,0,0,0,0,0,0,1,0,1
B,Yuanbao Inc ADR,Technology,Software - Application,China,388760000.0,2.69,12.01,-3.53%,16650.0,0,0,0,-1,0,0,0,0,0,0,0,0,-1,0,0,0,0,0,0,0,0,0,0,1,0,0,0,0,1,2,3
CBD,cbdMD Inc,Healthcare,Drug Manufacturers - Specialty & Generic,USA,4560000.0,,0.41,-0.25%,77497.0,0,0,0,0,0,0,0,0,1,0,0,0,0,0,0,0,0,0,0,0,0,0,0,0,0,0,0,0,1,0,1
CLO,Franklin BSP CLO ETF,Financial,Exchange Traded Fund,USA,,,25.17,0.04%,15.0,0,0,0,0,0,0,0,0,0,0,0,0,0,0,0,0,0,0,0,0,1,0,0,0,-1,0,0,0,1,1,2
FYA,Yields for You Income Strategy A ETF,Financial,Exchange Traded Fund,USA,,,9.69,0.05%,91.0,0,0,0,-1,0,0,0,0,0,0,0,0,0,0,0,0,0,0,0,0,0,0,0,0,0,0,0,0,0,1,1
GLD,Simplify Gold Strategy ETF,Financial,Exchange Traded Fund,USA,,,29.85,-2.30%,10516.0,0,0,0,0,0,0,0,0,1,0,0,0,0,0,0,0,0,0,0,0,0,0,0,0,0,0,0,0,1,0,1
HGJ,Yunhong Green CTI Ltd,Consumer Cyclical,Packaging & Containers,USA,6920000.0,,2.65,-5.36%,8683.0,0,0,0,0,0,0,0,0,0,0,0,0,-1,-1,0,0,0,0,0,0,0,0,0,0,0,0,0,0,0,2,2
HNA,YHN Acquisition I Ltd,Financial,Shell Companies,Hong Kong,47530000.0,551.74,11.09,0.45%,7.0,0,0,0,0,0,1,0,0,0,0,1,1,0,0,0,0,0,0,0,0,0,0,-1,0,0,0,0,0,3,1,4
I,111 Inc ADR,Healthcare,Medical Distribution,China,16350000.000000002,,3.15,1.94%,18830.0,0,0,0,0,0,0,0,0,1,0,0,0,0,0,0,0,0,0,0,0,0,0,0,0,0,0,0,0,1,0,1
LD,Principal Active High Yield ETF,Financial,Exchange Traded Fund,USA,,,18.3,-0.11%,659644.0,0,0,0,-1,0,0,0,0,0,0,0,0,0,0,0,1,0,0,0,0,0,0,0,0,0,0,0,0,1,1,2
LDE,Franklin ClearBridge Enhanced Income ETF,Financial,Exchange Traded Fund,USA,,,54.96,-0.39%,9555.0,0,0,0,0,0,0,0,0,0,0,1,0,0,0,0,0,0,0,0,0,0,0,0,0,0,0,0,0,1,0,1
MAG,YieldMax Magnificent 7 Fund of Option Income ETFs,Financial,Exchange Traded Fund,USA,,,11.49,-0.69%,845266.0,0,0,0,0,0,0,0,0,1,0,0,0,0,0,0,0,0,0,0,0,0,0,0,0,0,0,0,0,1,0,1
MAX,YieldMax Universe Fund of Option Income ETFs,Financial,Exchange Traded Fund,USA,,,7.53,-1.83%,687371.0,0,0,0,0,0,0,0,0,1,0,0,0,0,0,0,0,0,0,0,0,0,0,0,0,0,0,0,0,1,0,1
MM,Full Truck Alliance Co Ltd ADR,Technology,Software - Application,China,7790000000.0,14.65,8.35,-1.07%,7018224.0,0,0,0,0,0,0,0,0,0,0,0,0,0,0,0,0,0,0,0,0,0,0,0,0,0,0,0,1,1,0,1
OKE,YOKE Core ETF,Financial,Exchange Traded Fund,USA,,,31.19,-0.60%,2835.0,0,0,0,0,0,0,0,0,0,0,0,0,-1,0,0,0,0,0,0,0,0,0,0,0,0,0,0,0,0,1,1
OLO,AdvisorShares Pure Cannabis ETF,Financial,Exchange Traded Fund,USA,,,2.77,-1.20%,19980.0,0,0,0,0,0,0,0,0,0,0,0,0,-1,0,0,0,0,0,0,0,0,0,0,1,0,0,0,0,1,1,2
OUL,Youlife Group Inc ADR,Consumer Defensive,Education & Training Services,China,27590000.0,5.04,0.4,-0.60%,74779.0,0,0,0,0,0,0,0,0,1,0,0,0,0,0,0,0,0,0,0,0,0,0,0,0,0,0,0,0,1,0,1
PF,YPF ADR,Energy,Oil & Gas Integrated,Argentina,19460000000.0,16.4,49.48,-3.28%,928854.0,0,0,0,0,0,0,0,-1,0,0,0,0,0,0,0,0,0,0,0,0,0,0,0,0,0,0,0,0,0,1,1
Q,17 Education & Technology Group Inc ADR,Consumer Defensive,Education & Training Services,China,22980000.0,,3.36,0.00%,2114.0,0,0,0,0,0,0,0,0,0,0,0,0,0,0,0,0,0,0,0,0,0,0,0,1,0,0,0,0,1,0,1
QQQ,YieldMax Short N100 Option Income Strategy ETF,Financial,Exchange Traded Fund,USA,,,9.23,0.37%,19514.0,0,0,0,0,0,0,0,0,1,0,0,0,0,0,0,0,0,0,0,0,0,0,0,0,0,0,0,0,1,0,1
SWY,Yesway Inc,Consumer Defensive,Grocery Stores,USA,1290000000.0,,20.47,1.09%,139023.0,0,0,0,0,0,0,0,0,0,0,0,0,0,0,0,0,0,0,0,0,0,0,0,1,0,0,0,0,1,0,1
XI,ProShares Short FTSE China 50 -1x Shares,Financial,Exchange Traded Fund,USA,,,23.11,1.03%,2002.0,0,0,0,0,0,1,0,0,0,0,0,0,0,0,0,1,0,0,0,0,0,0,0,0,0,0,0,0,2,0,2
ALT,Innovator U.S. Equity 10 Buffer ETF - Quarterly,Financial,Exchange Traded Fund,USA,,,34.77,-0.11%,194299.0,0,0,0,0,0,0,0,-1,0,0,0,0,0,0,0,0,0,0,0,0,0,0,0,0,0,0,0,0,0,1,1
AP,Global X U.S. Electrification ETF,Financial,Exchange Traded Fund,USA,,,31.61,-0.50%,399564.0,0,0,0,0,0,0,0,0,1,0,0,0,0,0,0,0,0,0,0,0,0,0,0,0,0,0,0,0,1,0,1
APR,Innovator Equity Defined Protection ETF - 1 Yr April,Financial,Exchange Traded Fund,USA,,,27.09,0.17%,9482.0,0,0,0,0,0,0,0,0,0,0,0,0,0,0,0,0,0,1,0,0,0,0,0,0,0,0,0,0,1,0,1
BH,Zimmer Biomet Holdings Inc,Healthcare,Medical Devices,USA,16879999999.999998,21.53,88.49,-1.33%,1991445.0,0,0,0,0,0,0,0,0,0,0,1,0,0,0,0,0,0,0,0,0,0,0,0,0,0,0,0,0,1,0,1
CBC,Global X Zero Coupon Bond 2032 ETF,Financial,Exchange Traded Fund,USA,,,46.9,0.01%,9.0,0,0,0,0,0,0,0,0,0,0,0,0,0,0,0,0,0,0,0,-1,0,0,0,0,0,0,0,0,0,1,1
CBF,Global X Zero Coupon Bond 2034 ETF,Financial,Exchange Traded Fund,USA,,,46.13,-0.06%,9.0,0,0,0,0,0,0,0,0,1,0,0,0,0,0,0,0,0,0,0,0,0,0,0,0,0,0,0,0,1,0,1
CBG,Global X Zero Coupon Bond 2035 ETF,Financial,Exchange Traded Fund,USA,,,45.84,-0.08%,11.0,0,0,0,0,0,0,0,0,1,0,0,0,0,0,0,0,0,0,0,0,0,0,0,0,0,0,0,0,1,0,1
D,Ziff Davis Inc,Communication Services,Advertising Agencies,USA,1880000000.0,,54.9,0.24%,341580.0,0,0,0,-1,0,0,0,0,0,0,0,0,0,0,0,0,0,0,0,0,0,0,0,0,0,0,0,0,0,1,1
ECP,Zacks Earnings Consistent Portfolio ETF,Financial,Exchange Traded Fund,USA,,,37.62,-0.49%,44626.0,0,0,0,-1,0,0,0,0,0,0,0,0,-1,0,0,0,0,0,0,0,0,0,0,0,0,0,0,0,0,2,2
H,Zhihu Inc ADR,Communication Services,Internet Content & Information,China,206040000.0,,3.46,1.17%,340425.0,0,0,0,0,0,0,0,0,0,0,0,0,0,0,0,0,0,0,0,0,1,0,0,1,0,0,0,0,2,0,2
JK,ZJK Industrial Co Ltd,Industrials,Tools & Accessories,China,126070000.0,13.11,1.96,1.55%,3028.0,0,0,0,0,0,0,0,0,0,0,0,0,-1,0,0,0,0,0,0,0,0,0,0,0,0,0,0,0,0,1,1
JUL,Innovator Equity Defined Protection ETF - 1 Yr July,Financial,Exchange Traded Fund,USA,,,30.42,-0.02%,6247.0,0,0,0,0,0,0,0,0,0,0,0,0,-1,0,0,0,0,0,0,0,0,0,0,0,0,0,0,0,0,1,1
JYL,Jin Medical International Ltd,Healthcare,Medical Instruments & Supplies,China,335380000.0,14.15,2.12,6.53%,22185.0,0,0,0,0,0,0,0,0,0,0,0,0,0,0,0,0,0,0,0,0,0,0,0,0,0,1,0,0,1,0,1
M,Zoom Communications Inc,Technology,Software - Application,USA,27650000000.0,8.78,94.77,0.61%,2342962.0,0,0,0,0,0,0,0,0,0,0,1,0,0,0,0,0,0,0,0,0,0,0,-1,0,0,0,0,0,1,1,2
MAR,Innovator Equity Defined Protection ETF - 1 Yr March,Financial,Exchange Traded Fund,USA,,,28.72,0.03%,36735.0,0,0,0,-1,0,0,0,-1,0,0,0,0,0,0,0,0,0,0,0,0,0,0,0,0,0,0,0,0,0,2,2
MAY,Innovator Equity Defined Protection ETF - 1 Yr May,Financial,Exchange Traded Fund,USA,,,26.43,-0.02%,19376.0,0,0,0,0,0,0,0,-1,0,0,0,0,0,0,0,0,0,0,0,0,0,0,0,0,0,0,0,0,0,1,1
MUN,F/m Ultrashort Tax-Free Municipal ETF,Financial,Exchange Traded Fund,USA,,,49.49,-0.10%,5230.0,0,1,0,-1,0,0,0,0,0,0,0,0,0,0,0,0,0,0,0,0,0,0,0,0,0,0,0,0,1,1,2
NTL,Zentalis Pharmaceuticals Inc,Healthcare,Biotechnology,USA,241410000.0,,2.55,-4.49%,820075.0,0,0,0,0,0,0,0,0,0,0,0,0,-1,0,0,0,0,0,0,0,0,0,0,0,0,0,0,0,0,1,1
OOZ,Zooz Strategy Ltd,Industrials,Electrical Equipment & Parts,Israel,52240000.0,,6.53,-12.97%,26377.0,0,0,0,0,0,0,0,0,0,0,1,0,0,0,0,0,0,0,0,0,0,0,0,0,0,0,0,0,1,0,1
ROZ,PIMCO 25+ Year Zero Coupon U.S. Treasury Index ETF,Financial,Exchange Traded Fund,USA,,,52.77,-0.42%,1301203.0,0,0,0,0,0,1,0,0,1,0,0,0,0,0,0,0,0,0,0,0,0,0,0,0,0,0,0,0,2,0,2
SEP,Innovator Equity Defined Protection ETF - 1 Yr September,Financial,Exchange Traded Fund,USA,,,28.0,-0.18%,150294.0,0,0,0,0,0,0,0,-1,0,0,1,0,0,0,0,0,0,0,0,0,0,0,0,0,-1,0,0,0,1,2,3
TWO,F/M 2-Year Investment Grade Corporate Bond ETF,Financial,Exchange Traded Fund,USA,,,49.76,0.04%,127.0,0,1,0,0,0,0,0,0,0,0,0,0,0,0,0,0,0,0,0,0,0,0,0,0,0,0,0,0,1,0,1
UMZ,Zumiez Inc,Consumer Cyclical,Apparel Retail,USA,216470000.0,19.6,14.12,0.14%,282057.0,0,0,0,0,0,0,0,0,1,0,0,0,0,0,0,0,0,0,0,0,0,0,0,0,0,0,0,0,1,0,1
VOL,Volatility Premium Plus ETF,Financial,Exchange Traded Fund,USA,,,7.87,0.13%,37300.0,0,0,0,0,0,0,0,0,0,0,0,0,0,0,0,0,0,0,0,-1,0,0,0,0,0,0,0,0,0,1,1
VRA,Zevra Therapeutics Inc,Healthcare,Biotechnology,USA,657970000.0,11.95,11.08,3.26%,936491.0,0,0,0,0,0,0,0,0,1,0,0,0,0,0,0,0,0,0,0,0,0,0,0,0,0,0,-1,0,1,1,2
