Ticker,Company,Sector,Industry,Country,Market Cap,P/E,Price,Change %,Volume,Horizontal S/R,Horizontal S/R (Strong),TL Resistance,TL Resistance (Strong),TL Support,TL Support (Strong),Wedge Up,Wedge Up (Strong),Wedge Down,Wedge Down (Strong),Triangle Ascending,Triangle Ascending (Strong),Triangle Descending,Triangle Descending (Strong),Wedge,Wedge (Strong),Channel Up,Channel Up (Strong),Channel Down,Channel Down (Strong),Channel,Channel (Strong),Double Top,Double Bottom,Multiple Top,Multiple Bottom,Head & Shoulders,Head & Shoulders Inverse,Pattern_+1_Count,Pattern_-1_Count,Pattern_Total
AAA,Amplius Aggressive Asset Allocation ETF,Financial,Exchange Traded Fund,USA,,,30.81,0.37%,3606.0,0,0,0,0,0,0,0,0,0,0,1,0,0,0,0,0,0,0,0,0,0,0,0,0,-1,0,0,0,1,1,2
ACG,ATA Creativity Global ADR,Consumer Defensive,Education & Training Services,China,33130000.000000004,,0.77,0.00%,2915.0,0,1,0,0,0,0,0,0,0,0,0,0,-1,0,0,0,0,0,0,0,0,0,0,0,0,0,0,0,1,1,2
ACI,Armada Acquisition Corp III,Financial,Shell Companies,USA,343700000.0,147.02,10.1,0.40%,728.0,0,0,0,0,0,0,0,-1,0,0,0,0,0,0,0,0,0,0,0,0,0,0,0,0,0,0,0,0,0,1,1
AL,American Airlines Group Inc,Industrials,Airlines,USA,8490000000.0,,12.83,-0.85%,43080362.0,0,0,0,0,0,0,0,0,1,0,0,0,0,0,0,0,0,0,0,0,0,0,0,0,0,0,0,0,1,0,1
AMI,Acadian Asset Management Inc,Financial,Asset Management,USA,3410000000.0,33.93,96.16,2.11%,475453.0,0,0,0,0,0,0,0,0,0,0,0,0,0,0,0,0,0,1,0,0,0,0,0,0,0,0,0,0,1,0,1
AOG,Leverage Shares 2X Long AAOI Daily ETF,Financial,Exchange Traded Fund,USA,,,3.01,10.87%,7171664.0,0,0,0,0,0,0,0,0,0,0,0,0,0,0,0,0,0,0,0,0,0,0,0,1,0,0,0,0,1,0,1
AOI,Applied Optoelectronics Inc,Technology,Communication Equipment,USA,10320000000.0,,121.57,5.17%,9354092.0,0,0,0,0,0,0,0,0,0,0,0,0,-1,0,0,0,0,0,0,0,0,0,0,0,0,0,-1,0,0,2,2
APB,GraniteShares 2x Long AAPL Daily ETF,Financial,Exchange Traded Fund,USA,,,43.32,-0.29%,16620.0,0,0,0,0,0,0,0,0,0,0,1,0,0,0,0,0,0,0,0,0,0,0,-1,0,0,0,0,0,1,1,2
APG,Ascentage Pharma Group International ADR,Healthcare,Biotechnology,China,1360000000.0,,14.6,-4.95%,3588.0,0,0,0,0,0,0,0,0,1,1,0,0,0,0,0,0,0,0,0,0,0,0,0,0,0,0,0,0,2,0,2
APL,Apple Inc,Technology,Consumer Electronics,USA,4858260000000.0,38.16,332.89,-0.24%,34400850.0,0,0,0,0,0,0,0,0,0,0,1,0,0,0,0,0,0,0,0,0,0,0,-1,0,0,0,0,0,1,1,2
APX,T-Rex 2X Long Apple Daily Target ETF,Financial,Exchange Traded Fund,USA,,,39.87,-0.22%,18468.0,0,0,0,0,0,0,0,0,0,0,1,0,0,0,0,0,0,0,0,0,0,0,-1,0,0,0,0,0,1,1,2
APY,Kurv Yield Premium Strategy Apple (AAPL) ETF,Financial,Exchange Traded Fund,USA,,,27.57,-0.12%,1814.0,0,0,0,0,0,0,0,0,0,0,1,0,0,0,0,0,0,0,0,0,0,0,-1,0,0,0,0,0,1,1,2
ARD,Aardvark Therapeutics Inc,Healthcare,Biotechnology,USA,114240000.0,,5.22,4.61%,62253.0,0,0,0,0,0,0,0,0,0,0,0,0,0,0,0,0,0,0,0,0,0,0,0,1,0,0,0,0,1,0,1
AUB,Alpha Architect US Equity 4 ETF,Financial,Exchange Traded Fund,USA,,,51.92,0.77%,10146.0,0,0,0,0,0,0,0,0,0,0,1,1,0,0,0,0,0,0,0,0,0,0,0,0,0,0,0,0,2,0,2
AVM,Alpha Architect Global Factor Equity ETF,Financial,Exchange Traded Fund,USA,,,33.87,0.40%,907.0,0,0,0,-1,0,0,0,-1,0,0,0,0,0,0,0,0,0,0,0,0,0,0,0,0,0,0,0,0,0,2,2
B,AllianceBernstein Holding Lp,Financial,Asset Management,USA,3260000000.0,10.35,35.04,0.11%,301344.0,0,0,0,0,0,0,0,0,1,0,0,0,0,0,0,0,0,0,0,0,0,0,0,0,0,0,0,0,1,0,1
BAT,American Battery Technology Company,Industrials,Waste Management,USA,309400000.0,,2.17,-0.91%,2640927.0,0,0,0,0,0,0,0,0,1,0,0,0,0,0,0,0,0,0,0,0,0,0,0,0,0,0,0,0,1,0,1
BCL,AbCellera Biologics Inc,Healthcare,Biotechnology,Canada,4470000000.0,,13.78,0.29%,4075087.0,0,0,0,0,0,0,0,-1,0,0,0,0,0,0,0,0,0,0,0,0,0,0,0,0,0,0,0,0,0,1,1
BFL,Abacus FCF Leaders ETF,Financial,Exchange Traded Fund,USA,,,81.37,0.47%,14014.0,0,0,0,0,0,0,0,0,0,0,0,0,-1,-1,0,0,0,0,0,0,0,0,0,0,0,0,0,0,0,2,2
BLG,Abacus FCF International Leaders ETF,Financial,Exchange Traded Fund,USA,,,31.01,0.84%,135.0,0,0,0,0,0,0,0,0,0,0,0,0,-1,0,0,1,0,0,0,0,0,0,0,0,0,0,0,0,1,1,2
BLS,Abacus FCF Small Cap Leaders ETF,Financial,Exchange Traded Fund,USA,,,21.04,1.48%,988.0,0,0,0,0,0,0,0,0,0,0,0,0,0,0,0,0,0,0,0,0,0,0,-1,0,0,0,0,0,0,1,1
BLV,Able View Global Inc,Consumer Cyclical,Specialty Retail,China,140810000.0,,2.55,6.25%,115633.0,0,0,0,0,0,0,0,0,0,0,1,0,0,0,0,0,0,0,0,0,0,0,0,0,0,0,0,0,1,0,1
BOS,Acumen Pharmaceuticals Inc,Healthcare,Biotechnology,USA,154040000.0,,2.13,4.41%,713980.0,0,0,0,0,0,1,0,0,0,0,0,0,0,0,0,0,0,0,0,0,0,0,0,0,0,0,0,0,1,0,1
BOT,Abacus FCF Innovation Leaders ETF,Financial,Exchange Traded Fund,USA,,,44.24,1.34%,126.0,0,0,0,0,0,0,0,-1,0,0,0,0,0,0,0,0,0,0,0,0,0,0,0,0,0,0,0,0,0,1,1
BUF,Aptus Laddered Buffer ETF,Financial,Exchange Traded Fund,USA,,,28.02,0.32%,28391.0,0,0,0,0,0,0,0,0,0,0,0,0,0,0,0,0,0,1,0,0,0,0,0,0,0,0,0,0,1,0,1
BUS,Arbutus Biopharma Corp,Healthcare,Biotechnology,USA,925150000.0,5.96,4.67,4.94%,6183039.0,0,0,0,0,0,0,0,-1,0,0,0,0,0,0,0,0,0,0,0,0,0,0,0,0,0,0,0,0,0,1,1
BX,Abacus Global Management Inc,Financial,Insurance - Life,USA,805810000.0,28.85,8.24,-0.36%,493479.0,0,0,0,0,0,0,0,0,0,0,0,0,0,0,0,0,0,0,0,0,0,0,0,0,0,0,-1,0,0,1,1
BXB,Abacus Flexible Bond Leaders ETF,Financial,Exchange Traded Fund,USA,,,18.62,0.07%,16.0,0,0,0,0,0,0,0,0,1,0,0,0,0,0,0,0,0,0,0,0,0,0,0,0,0,0,0,0,1,0,1
CB,Aurora Cannabis Inc,Healthcare,Drug Manufacturers - Specialty & Generic,Canada,289190000.0,,4.46,13.78%,4630944.0,0,0,0,0,0,0,0,0,0,0,1,0,0,0,0,0,0,0,0,0,0,0,0,0,0,0,0,0,1,0,1
CCO,Acco Brands Corp,Industrials,Business Equipment & Supplies,USA,400610000.0,6.99,4.34,0.93%,538421.0,0,0,0,-1,0,0,0,0,0,0,0,0,0,0,0,0,0,0,0,0,0,0,0,0,0,0,0,0,0,1,1
CGO,Hartford Alpha Capture Growth ETF,Financial,Exchange Traded Fund,USA,,,39.73,0.89%,37.0,0,1,0,0,0,0,0,0,0,0,0,0,0,0,0,0,0,0,0,0,0,0,0,0,0,0,0,0,1,0,1
CGR,American Century Large Cap Growth ETF,Financial,Exchange Traded Fund,USA,,,72.39,0.60%,21.0,0,0,0,0,0,0,0,0,0,0,1,1,0,0,0,0,0,0,0,0,0,0,0,0,0,0,0,0,2,0,2
CHC,Acadia Healthcare Company Inc,Healthcare,Medical Care Facilities,USA,2690000000.0,,28.87,2.89%,2431129.0,0,0,0,0,0,0,0,0,0,0,0,0,-1,0,0,0,0,0,0,0,0,0,0,0,0,0,0,0,0,1,1
CHR,Archer Aviation Inc,Industrials,Aerospace & Defense,USA,3630000000.0,,4.72,-3.48%,19579803.0,0,0,0,0,0,0,0,0,0,0,1,0,0,0,0,0,0,0,0,0,0,0,0,0,0,0,0,0,1,0,1
CIC,American Coastal Insurance Corp,Financial,Insurance - Property & Casualty,USA,449750000.0,4.61,9.28,-0.54%,261141.0,0,0,0,0,0,0,0,0,1,1,0,0,0,0,0,0,0,0,0,0,0,0,0,0,0,0,0,0,2,0,2
CII,Innovator Index Autocallable Income Strategy ETF,Financial,Exchange Traded Fund,USA,,,25.42,0.03%,174885.0,0,0,0,0,0,0,0,0,0,0,0,0,0,0,0,1,0,0,0,0,0,0,0,0,0,0,0,0,1,0,1
CIO,Aptus Collared Investment Opportunity ETF,Financial,Exchange Traded Fund,USA,,,47.52,0.59%,79855.0,0,0,0,0,0,0,0,-1,0,0,0,0,0,0,0,0,0,0,0,0,0,0,0,0,0,0,0,0,0,1,1
CKY,VistaShares Target 15 ACKtivist Distribution ETF,Financial,Exchange Traded Fund,USA,,,17.36,0.87%,10127.0,0,0,0,0,0,0,0,0,0,0,0,0,-1,0,0,0,0,0,0,0,0,0,0,1,0,0,0,0,1,1,2
CLO,TCW AAA CLO ETF,Financial,Exchange Traded Fund,USA,,,50.39,-0.02%,75829.0,0,1,0,-1,0,1,0,0,0,0,1,1,0,0,0,0,0,0,0,0,0,0,0,0,0,0,0,0,4,1,5
CLS,Axcelis Technologies Inc,Technology,Semiconductor Equipment & Materials,USA,4390000000.0,47.85,142.31,-3.69%,372690.0,0,0,0,0,0,0,0,0,1,0,0,0,0,0,0,0,0,0,0,0,0,0,0,0,0,0,0,0,1,0,1
CM,AECOM,Industrials,Engineering & Construction,USA,7690000000.0,21.82,59.76,0.17%,1567024.0,0,0,0,0,0,0,0,0,1,0,0,0,0,0,0,0,0,0,0,0,0,0,0,0,0,0,0,0,1,0,1
CRE,Ares Commercial Real Estate Corp,Real Estate,REIT - Mortgage,USA,205280000.0,,3.7,-3.39%,1084748.0,0,0,0,0,0,0,0,0,1,1,0,0,0,0,0,0,0,0,0,0,0,0,0,0,0,0,0,0,2,0,2
CSG,American Century Small Cap Growth Insights ETF,Financial,Exchange Traded Fund,USA,,,47.16,1.10%,1463.0,0,0,0,0,0,0,0,0,0,0,0,0,0,0,0,0,0,0,0,0,0,0,-1,0,0,0,0,0,0,1,1
CSI,American Customer Satisfaction ETF,Financial,Exchange Traded Fund,USA,,,75.28,0.26%,62.0,0,0,0,-1,0,0,0,0,0,0,0,0,0,0,0,0,0,1,0,0,0,0,-1,0,0,0,0,0,1,2,3
CT,Enact Holdings Inc,Financial,Insurance - Specialty,USA,6310000000.0,9.67,45.87,1.35%,454170.0,0,0,0,0,0,0,0,0,0,0,0,0,0,0,0,0,0,0,0,0,0,0,-1,0,0,0,0,0,0,1,1
CTG,Acacia Research Corp,Industrials,Business Equipment & Supplies,USA,419630000.0,,4.3,-0.92%,101608.0,0,0,0,0,0,0,0,0,0,0,0,0,0,0,0,1,0,0,0,0,0,0,0,0,0,0,0,0,1,0,1
CTU,Actuate Therapeutics Inc,Healthcare,Biotechnology,USA,21010000.0,,0.87,6.83%,202227.0,0,0,0,0,0,0,0,0,1,1,0,0,0,0,0,0,0,0,0,0,0,0,0,0,0,0,0,0,2,0,2
CV,Virtus Diversified Income & Convertible Fund,Financial,Closed-End Fund - Equity,USA,250960000.0,,24.14,-0.37%,36810.0,0,0,0,0,0,0,0,0,0,0,1,0,0,0,0,0,0,0,0,0,0,0,0,0,0,0,0,0,1,0,1
CWX,iShares MSCI ACWI ex US ETF,Financial,Exchange Traded Fund,USA,,,76.46,0.59%,1672070.0,0,0,0,0,0,0,0,-1,0,0,0,0,0,0,0,0,0,0,0,0,0,0,0,0,0,0,0,0,0,1,1
CYN,FT Vest Laddered Autocallable Barrier & Income ETF,Financial,Exchange Traded Fund,USA,,,20.76,0.05%,2633544.0,0,0,0,0,0,1,0,0,0,0,1,0,0,0,0,0,0,0,0,0,0,0,0,0,0,0,0,0,2,0,2
CYS,FT Vest Laddered Autocallable Barrier & Resilient Income ETF,Financial,Exchange Traded Fund,USA,,,20.46,-0.10%,416505.0,0,0,0,0,0,0,0,0,0,0,0,0,0,0,0,1,0,0,0,0,0,0,0,0,0,0,0,0,1,0,1
D,Array Digital Infrastructure Inc,Communication Services,Telecom Services,USA,2980000000.0,4.01,34.5,0.32%,250161.0,0,0,0,0,0,0,0,0,1,1,0,0,0,0,0,0,0,0,0,0,0,0,0,0,0,0,0,0,2,0,2
DAG,Adagene Inc ADR,Healthcare,Biotechnology,China,187990000.0,,2.8,-1.75%,325707.0,0,1,0,0,0,0,0,0,1,1,0,0,0,0,0,0,0,0,0,0,0,0,0,0,0,0,0,0,3,0,3
DC,Agree Realty Corp,Real Estate,REIT - Retail,USA,8160000000.0,35.33,65.58,-0.46%,2652513.0,0,0,0,0,0,0,0,0,0,0,1,0,0,0,0,0,0,0,0,0,0,0,0,0,0,0,0,0,1,0,1
DCT,Adc Therapeutics SA,Healthcare,Drug Manufacturers - Specialty & Generic,Switzerland,157030000.0,,1.23,8.85%,1752167.0,0,0,0,0,0,0,0,0,0,0,0,0,0,0,0,0,0,0,0,0,0,0,0,0,0,1,0,0,1,0,1
DEA,Adeia Inc,Technology,Software - Application,USA,2880000000.0,24.09,26.07,1.28%,1172047.0,0,0,0,0,0,0,0,0,0,0,0,0,0,0,0,1,0,0,0,0,0,0,0,0,0,0,0,0,1,0,1
DGM,Adagio Medical Holdings Inc,Healthcare,Medical Devices,USA,3130000.0,,0.14,-7.84%,1632890.0,0,0,0,0,0,0,0,0,1,0,0,0,0,0,0,0,0,0,0,0,0,0,0,0,0,0,0,0,1,0,1
DIV,Guinness Atkinson Asia Pacific Dividend Builder ETF,Financial,Exchange Traded Fund,USA,,,19.6,0.95%,8700.0,0,0,0,0,0,0,0,-1,0,0,0,0,0,0,0,0,0,0,0,0,0,0,0,0,0,0,0,0,0,1,1
DM,Archer Daniels Midland Co,Consumer Defensive,Farm Products,USA,39750000000.0,22.57,82.47,2.51%,4388653.0,0,0,0,0,0,1,0,0,0,0,0,0,0,0,0,0,0,0,0,0,1,0,-1,0,0,0,0,0,2,1,3
DNT,Adient plc,Consumer Cyclical,Auto Parts,USA,1330000000.0,28.83,17.24,-0.40%,848366.0,0,0,0,0,0,0,0,0,1,1,0,0,0,0,0,0,0,0,0,0,0,0,0,0,0,0,0,0,2,0,2
DPV,Adaptiv Select ETF,Financial,Exchange Traded Fund,USA,,,44.54,0.84%,5209.0,0,0,0,0,0,0,0,0,1,0,0,0,0,0,0,0,0,0,0,0,0,0,0,0,0,0,0,0,1,0,1
DSE,Ads-Tec Energy Plc,Industrials,Electrical Equipment & Parts,Ireland,756370000.0,,10.06,-5.00%,25363.0,0,1,0,0,0,0,0,0,0,0,0,0,0,0,0,0,0,0,0,0,0,0,0,0,0,0,0,0,1,0,1
DX,Adams Diversified Equity Fund,Financial,Closed-End Fund - Equity,USA,3230000000.0,,25.87,0.31%,296630.0,0,0,0,-1,0,0,0,0,0,0,0,0,0,0,0,0,0,0,0,0,0,0,0,0,0,0,0,0,0,1,1
DXN,Addex Therapeutics Ltd ADR,Healthcare,Biotechnology,Switzerland,3290000.0,,3.1,0.98%,5903.0,0,0,0,-1,0,0,0,0,0,0,0,0,0,0,0,0,0,0,0,-1,0,0,0,0,0,0,0,0,0,2,2
EBI,Aebi Schmidt Holding AG,Industrials,Farm & Heavy Construction Machinery,Switzerland,864500000.0,32.65,11.14,2.11%,358258.0,0,0,0,0,0,0,0,-1,0,0,0,0,0,0,0,0,0,0,0,0,0,0,0,0,0,0,0,0,0,1,1
EC,Anfield Energy Inc,Energy,Uranium,Canada,68630000.0,,3.44,0.00%,16981.0,0,0,0,0,0,0,0,0,0,0,1,0,0,0,0,0,0,0,0,0,0,0,0,0,0,0,0,0,1,0,1
EF,abrdn Emerging Markets ex-China Fund Inc,Financial,Closed-End Fund - Equity,USA,395460000.0,,9.74,1.46%,71576.0,0,0,0,0,0,0,0,0,0,0,1,0,0,0,0,0,0,0,0,0,0,0,0,0,-1,0,0,0,1,1,2
EHG,Leverage Shares 2X Long AEHR Daily ETF,Financial,Exchange Traded Fund,USA,,,9.73,-4.98%,1310356.0,0,1,0,0,0,0,0,0,0,0,0,0,0,0,0,0,0,0,0,0,0,0,0,0,0,0,0,0,1,0,1
EIS,Advanced Energy Industries Inc,Industrials,Electrical Equipment & Parts,USA,11910000000.0,55.43,297.29,-2.30%,592631.0,0,0,0,0,0,0,0,0,1,0,0,0,-1,0,0,0,0,0,0,0,0,0,0,0,0,0,0,0,1,1,2
EMD,Aethlon Medical Inc,Healthcare,Medical Devices,USA,10470000.0,,6.53,1.16%,96054.0,0,0,0,0,0,0,0,0,1,0,0,0,0,0,0,0,0,0,0,0,0,0,0,0,0,0,0,0,1,0,1
ENT,Alliance Entertainment Holding Corp,Communication Services,Entertainment,USA,239100000.0,18.32,4.69,4.45%,34269.0,0,0,0,0,0,0,0,0,0,0,0,0,-1,-1,0,0,0,0,0,0,0,0,0,0,0,0,0,0,0,2,2
EO,American Eagle Outfitters Inc,Consumer Cyclical,Apparel Retail,USA,3030000000.0,9.27,18.11,2.26%,4913348.0,0,0,0,0,0,0,0,0,0,0,0,0,-1,0,0,0,0,0,0,0,0,0,0,1,0,0,0,0,1,1,2
EON,AEON Biopharma Inc,Healthcare,Biotechnology,USA,13470000.0,,0.27,-3.23%,1746016.0,0,0,0,0,0,0,0,0,1,0,0,0,0,0,0,0,0,0,0,0,0,0,0,0,0,0,0,0,1,0,1
ERO,Grupo Aeromexico SAB de CV ADR,Industrials,Airlines,Mexico,2260000000.0,10.49,15.52,0.84%,189464.0,0,0,0,0,0,0,0,0,0,0,0,0,0,0,0,1,0,0,0,0,0,0,0,0,0,0,0,0,1,0,1
ESI,Atlas Energy Solutions Inc,Energy,Oil & Gas Equipment & Services,USA,1590000000.0,,12.72,5.65%,4749026.0,0,0,0,0,0,0,0,0,1,0,0,0,0,0,0,0,0,0,0,0,0,0,0,0,0,0,0,0,1,0,1
EXA,American Exceptionalism Acquisition Corp A,Financial,Shell Companies,USA,546040000.0,,11.04,-0.72%,49646.0,0,0,0,0,0,0,0,0,0,0,1,0,0,0,0,0,0,0,0,0,0,0,0,0,0,0,0,0,1,0,1
EYE,AudioEye Inc,Technology,Software - Application,USA,84590000.0,,6.73,-2.75%,59969.0,0,1,0,0,0,0,0,0,0,0,0,0,-1,0,0,0,0,0,0,0,0,0,0,0,0,0,0,0,1,1,2
FEM,First Trust Active Factor Emerging Markets ETF,Financial,Exchange Traded Fund,USA,,,100.29,1.50%,2346.0,0,1,0,0,0,0,0,0,0,0,0,0,0,0,0,0,0,0,0,0,0,0,0,0,0,0,0,0,1,0,1
FIF,Anfield Universal Fixed Income ETF,Financial,Exchange Traded Fund,USA,,,9.25,0.00%,9543424.0,0,0,0,0,0,0,0,0,1,0,0,0,0,0,0,0,0,0,0,0,0,0,0,0,0,0,0,0,1,0,1
FIX,Allspring Broad Market Core Bond ETF,Financial,Exchange Traded Fund,USA,,,23.55,-0.17%,2344.0,0,0,0,0,0,0,0,0,0,0,0,0,0,0,0,0,0,0,0,-1,0,0,0,0,0,0,0,0,0,1,1
FMC,First Trust Active Factor Mid Cap ETF,Financial,Exchange Traded Fund,USA,,,40.69,0.49%,34328.0,0,0,0,-1,0,0,0,0,0,0,0,0,0,0,0,0,0,0,0,0,0,0,0,0,0,0,0,0,0,1,1
FOS,ARS Focused Opportunity Strategy ETF,Financial,Exchange Traded Fund,USA,,,45.87,0.83%,18471.0,0,0,0,0,0,0,0,0,0,0,1,1,0,0,0,0,0,0,0,0,0,0,0,0,-1,0,0,0,2,1,3
FRM,Affirm Holdings Inc,Financial,Credit Services,USA,25220000000.0,13.54,74.75,5.62%,4263750.0,0,0,0,0,0,0,0,0,0,0,1,0,0,0,0,0,0,0,0,0,0,0,0,0,0,0,0,0,1,0,1
GBK,AGI Inc,Financial,Banks - Regional,Brazil,1080000000.0,6.94,6.74,23.44%,785761.0,0,0,0,0,0,1,0,0,1,0,0,0,0,0,0,0,0,0,0,-1,0,0,0,0,0,0,0,0,2,1,3
GEM,abrdn Emerging Markets Dividend Active ETF,Financial,Exchange Traded Fund,USA,,,49.53,1.40%,10339.0,0,0,0,0,0,0,0,0,0,0,1,1,0,0,0,0,0,0,0,0,1,0,0,0,-1,0,0,0,3,1,4
GEN,Agenus Inc,Healthcare,Biotechnology,USA,394260000.0,3.29,8.73,4.43%,956303.0,0,0,0,0,0,0,0,-1,0,0,0,0,0,0,0,0,0,0,0,0,0,0,0,0,0,0,0,0,0,1,1
GGS,Harbor Disciplined Bond ETF,Financial,Exchange Traded Fund,USA,,,38.9,-0.09%,86.0,0,1,0,0,0,0,0,0,0,0,0,0,0,0,0,0,0,0,0,0,0,0,0,0,0,0,0,0,1,0,1
GI,Alamos Gold Inc,Basic Materials,Gold,Canada,13520000000.0,11.63,32.31,-0.46%,2682832.0,0,1,0,0,0,0,0,0,0,0,0,0,0,0,0,0,0,0,0,0,0,0,0,0,0,0,0,0,1,0,1
GMH,AGM Group Holdings Inc,Technology,Computer Hardware,Hong Kong,3770000.0,0.15,0.73,4.27%,69171815.0,0,0,0,0,0,0,0,0,1,1,0,0,0,0,0,0,0,0,0,0,0,0,0,0,0,0,0,0,2,0,2
GNT,AGNT Inc,Real Estate,Real Estate Services,USA,646750000.0,,3.87,6.03%,2515978.0,0,0,0,-1,0,0,0,0,1,1,0,0,0,0,0,0,0,0,0,0,0,0,0,0,0,0,0,0,2,1,3
GOX,Adaptive Alpha Opportunities ETF,Financial,Exchange Traded Fund,USA,,,33.91,1.18%,10730.0,0,0,0,0,0,0,0,0,0,0,0,0,-1,0,0,0,0,0,0,0,0,0,0,0,0,0,0,0,0,1,1
GRW,Allspring LT Large Growth ETF,Financial,Exchange Traded Fund,USA,,,33.75,0.98%,27.0,0,0,0,0,0,0,0,0,0,0,0,0,0,0,0,1,0,0,0,0,0,0,0,0,0,0,0,0,1,0,1
GRZ,Agroz Inc,Consumer Defensive,Farm Products,Malaysia,6280000.0,,3.4,4.77%,16581.0,0,0,0,0,0,1,0,0,0,0,0,0,-1,0,0,0,0,0,0,0,0,0,0,0,0,0,0,0,1,1,2
HLT,American Beacon AHL Trend ETF,Financial,Exchange Traded Fund,USA,,,31.66,1.15%,11183.0,0,0,0,0,0,0,0,0,0,0,1,1,0,0,0,0,0,0,0,0,0,0,0,0,0,0,0,0,2,0,2
HYB,American Century Select High Yield ETF,Financial,Exchange Traded Fund,USA,,,44.88,0.13%,2230.0,0,0,0,-1,0,0,0,0,0,0,0,0,0,0,0,0,0,0,0,0,0,0,0,0,0,0,0,0,0,1,1
I,C3.ai Inc,Technology,Software - Infrastructure,USA,1780000000.0,,11.09,0.73%,3693053.0,0,0,0,0,0,0,0,0,0,0,0,0,-1,0,0,0,0,0,0,0,0,0,0,0,0,0,0,0,0,1,1
IA,iShares Asia 50 ETF,Financial,Exchange Traded Fund,USA,,,146.85,1.51%,1847467.0,0,0,0,0,0,0,0,0,0,0,0,0,0,0,0,1,0,0,0,0,0,0,0,0,0,0,0,0,1,0,1
IB,AIB Data Centers Inc,Technology,Software - Infrastructure,USA,123090000.0,,1.62,-1.22%,6734897.0,0,0,0,0,0,0,0,0,0,0,0,0,-1,0,0,0,0,0,0,0,0,0,0,0,0,0,0,0,0,1,1
IBZ,Bitzero Holdings Inc,Technology,Software - Infrastructure,Canada,221880000.0,,3.99,-0.25%,334458.0,0,0,0,0,0,0,0,0,1,1,0,0,0,0,0,0,0,0,0,0,0,0,0,0,0,0,0,0,2,0,2
IEQ,Amplify AI Powered Equity ETF,Financial,Exchange Traded Fund,USA,,,49.82,0.78%,2678.0,0,0,0,-1,0,0,0,0,0,0,0,0,0,0,0,0,0,0,0,0,0,0,0,0,0,0,0,0,0,1,1
IFF,Firefly Neuroscience Inc,Technology,Software - Application,USA,20400000.0,,1.3,-4.41%,298426.0,0,0,0,0,0,0,0,0,1,0,0,0,0,0,0,0,0,0,0,0,0,0,0,0,0,0,0,0,1,0,1
IG,American International Group Inc,Financial,Insurance - Diversified,USA,39280000000.0,13.76,75.12,0.25%,4452237.0,0,0,0,0,0,0,0,0,0,0,0,0,0,0,0,0,0,0,0,0,1,0,0,0,0,0,0,0,1,0,1
IIR,Air Global Plc,Consumer Defensive,Tobacco,United Arab Emirates,1230000000.0,,7.69,4.06%,8822.0,0,0,0,0,0,0,0,0,0,0,0,0,0,0,0,1,0,0,0,0,0,0,0,0,0,0,0,0,1,0,1
IM,AIM ImmunoTech Inc,Healthcare,Biotechnology,USA,7440000.0,,0.19,5.56%,1126407.0,0,0,0,-1,0,0,0,0,0,0,0,0,0,0,0,0,0,0,0,0,0,0,0,0,0,0,0,0,0,1,1
INT,FINQ DOLLAR NEUTRAL U.S. Large Cap AI-Managed Equity ETF,Financial,Exchange Traded Fund,USA,,,35.55,-0.24%,5113.0,0,0,0,0,0,0,0,0,0,0,1,0,0,0,0,0,0,0,0,0,0,0,0,0,0,0,0,0,1,0,1
IO,Virtus Artificial Intelligence & Technology Opportunities Fund,Financial,Closed-End Fund - Equity,USA,869930000.0,,25.26,-0.86%,90885.0,0,0,0,0,0,0,0,0,1,1,0,0,0,0,0,0,0,0,0,0,0,0,0,0,0,0,0,0,2,0,2
IOS,AIOS Tech Inc,Technology,Information Technology Services,China,39480000.0,,12.15,7.33%,68784.0,0,0,0,0,0,0,0,0,0,0,0,0,0,0,0,1,0,0,0,0,0,0,0,0,0,0,0,0,1,0,1
IOT,PowerFleet Inc,Technology,Software - Application,USA,378510000.0,,2.82,0.36%,1358123.0,0,0,0,0,0,0,0,0,0,0,0,0,-1,0,0,0,0,0,0,0,0,0,0,0,0,0,0,0,0,1,1
IRI,Air Industries Group,Industrials,Aerospace & Defense,USA,11980000.0,,2.47,-9.19%,28838.0,0,0,0,0,0,0,0,0,0,0,0,0,0,0,0,0,0,0,0,-1,0,0,0,0,0,0,0,0,0,1,1
IRJ,AirJoule Technologies Corp,Industrials,Building Products & Equipment,USA,284280000.0,,3.78,-3.57%,845832.0,0,0,0,0,0,0,0,0,0,0,0,0,0,0,0,0,0,1,0,0,0,0,0,0,0,0,0,0,1,0,1
IRT,Air T Inc,Industrials,Conglomerates,USA,80960000.0,1.28,30.21,1.38%,18853.0,0,0,0,0,0,0,0,0,0,0,0,0,0,0,0,1,0,0,0,0,0,0,0,0,0,0,0,0,1,0,1
ISP,Airship AI Holdings Inc,Technology,Software - Infrastructure,USA,69570000.0,2.63,2.02,-4.72%,2450332.0,0,0,0,0,0,0,0,0,1,0,0,0,0,0,0,0,0,0,0,0,0,0,0,0,0,0,0,0,1,0,1
IT,Applied Industrial Technologies Inc,Industrials,Industrial Distribution,USA,12700000000.0,31.56,345.79,0.68%,318386.0,0,0,0,-1,0,0,0,0,0,0,0,0,0,0,0,0,0,0,0,0,0,0,0,0,0,0,0,0,0,1,1
IUP,FINQ FIRST U.S. Large Cap AI-Managed Equity ETF,Financial,Exchange Traded Fund,USA,,,32.39,0.54%,3232.0,0,1,0,0,0,0,0,0,0,0,0,0,0,0,0,0,0,0,0,0,0,0,0,0,0,0,0,0,1,0,1
JAN,Innovator Equity Defined Protection ETF - 2 Yr to January 2028,Financial,Exchange Traded Fund,USA,,,28.65,0.10%,1178.0,0,0,0,-1,0,0,0,0,0,0,0,0,0,0,0,0,0,1,0,0,0,0,0,0,0,0,0,0,1,1,2
KA,a.k.a. Brands Holding Corp,Consumer Cyclical,Apparel Retail,USA,119400000.0,,10.7,-1.38%,918.0,0,0,0,0,0,0,0,0,1,0,0,0,0,0,0,0,0,0,0,0,0,0,0,0,0,0,0,0,1,0,1
KBA,Akebia Therapeutics Inc,Healthcare,Drug Manufacturers - Specialty & Generic,USA,252310000.0,,0.91,5.26%,7505272.0,0,0,0,0,0,0,0,0,1,0,0,0,0,0,0,0,0,0,0,0,0,0,0,0,0,0,0,0,1,0,1
KO-B,Embotelladora Andina SA ADR,Consumer Defensive,Beverages - Non-Alcoholic,Chile,2350000000.0,13.98,29.73,3.70%,6850.0,0,0,0,0,0,0,0,0,0,0,0,0,0,0,0,1,0,0,0,0,0,0,0,0,0,0,0,0,1,0,1
KR,Acadia Realty Trust,Real Estate,REIT - Retail,USA,2570000000.0,54.44,18.41,-1.18%,1756121.0,0,0,0,0,0,0,0,0,0,0,1,0,0,0,0,0,0,0,0,0,0,0,0,0,0,0,0,0,1,0,1
LB,Albemarle Corp,Basic Materials,Specialty Chemicals,USA,12320000000.0,,104.37,-0.21%,2029202.0,0,0,0,0,0,0,0,0,1,0,0,0,0,0,0,0,0,0,0,0,0,0,0,0,0,0,0,0,1,0,1
LCO,Alico Inc,Consumer Defensive,Farm Products,USA,284800000.0,183.16,38.39,0.21%,19268.0,0,0,0,0,0,0,0,0,0,0,0,0,0,0,0,1,0,0,0,0,0,0,0,0,0,0,0,0,1,0,1
LDX,Aldeyra Therapeutics Inc,Healthcare,Biotechnology,USA,55720000.0,,0.92,-21.05%,7027895.0,0,0,0,0,0,0,0,0,0,0,1,0,0,0,0,0,0,0,0,0,0,0,0,0,0,0,0,0,1,0,1
LF,Centurion Acquisition Corp,Financial,Shell Companies,USA,132509999.99999999,41.63,10.92,0.00%,117.0,0,0,0,0,0,0,0,0,1,0,0,0,0,0,0,0,0,0,0,0,0,0,0,0,0,0,0,0,1,0,1
LG,Alamo Group Inc,Industrials,Farm & Heavy Construction Machinery,USA,1980000000.0,19.46,162.39,0.86%,165440.0,0,0,0,0,0,0,0,0,0,0,0,0,0,0,0,0,0,0,0,0,0,0,0,0,0,0,0,1,1,0,1
LGT,Allegiant Travel,Industrials,Airlines,USA,2049999999.9999998,53.41,75.14,-3.18%,417461.0,0,0,0,0,0,0,0,0,0,0,0,0,-1,0,0,0,0,0,0,0,0,0,0,0,0,1,0,0,1,1,2
LIL,Argent Focused Small Cap ETF,Financial,Exchange Traded Fund,USA,,,30.91,0.21%,3098.0,0,0,0,0,0,0,0,0,0,0,0,0,-1,0,0,0,0,0,0,0,0,0,0,0,0,0,0,0,0,1,1
LLO,Allogene Therapeutics Inc,Healthcare,Biotechnology,USA,518240000.0,,1.5,0.00%,4443265.0,0,0,0,0,0,0,0,0,1,0,0,0,0,0,0,0,0,0,0,0,0,0,0,0,0,0,0,0,1,0,1
LLR,Allarity Therapeutics Inc,Healthcare,Biotechnology,USA,15910000.0,,1.0,-3.85%,39172.0,0,0,0,0,0,0,0,0,0,0,0,0,0,0,0,0,0,0,0,0,0,0,0,0,0,0,-1,0,0,1,1
LMU,Aeluma Inc,Technology,Semiconductors,USA,252640000.0,,13.08,-0.30%,459432.0,0,0,0,0,0,0,0,0,0,0,0,0,0,0,0,0,0,0,0,0,0,0,0,1,0,0,0,0,1,0,1
LOV,Aldabra 4 Liquidity Opportunity Vehicle Inc,Financial,Shell Companies,USA,375940000.0,134.32,10.02,-0.00%,1473.0,0,0,0,0,0,0,0,-1,0,0,0,0,0,0,0,0,0,0,0,0,0,0,0,0,0,0,0,0,0,1,1
LOY,REalloys Inc,Basic Materials,Other Industrial Metals & Mining,USA,562990000.0,,8.11,-0.12%,882358.0,0,1,0,0,0,0,0,0,0,0,0,0,0,0,0,0,0,0,0,0,0,0,0,0,0,1,0,0,2,0,2
LRM,Alarm.com Holdings Inc,Technology,Software - Application,USA,2760000000.0,24.85,56.24,2.85%,574522.0,0,0,0,0,0,0,0,0,0,0,0,0,0,0,0,0,0,0,0,0,0,0,-1,0,0,0,0,0,0,1,1
LRS,Alerus Financial Corp,Financial,Banks - Regional,USA,807530000.0,30.27,32.4,-0.84%,165576.0,0,0,0,0,0,0,0,0,0,0,0,0,0,0,0,0,0,0,0,0,0,0,-1,0,0,0,0,0,0,1,1
LSN,Allison Transmission Holdings Inc,Consumer Cyclical,Auto Parts,USA,9560000000.0,18.38,115.75,-1.88%,807936.0,0,0,0,0,0,0,0,0,0,0,0,0,-1,0,0,0,0,0,0,0,0,0,0,0,0,0,0,0,0,1,1
LTO,Alto Ingredients Inc,Basic Materials,Specialty Chemicals,USA,293980000.0,5.69,3.79,0.53%,1094136.0,0,0,0,0,0,0,0,0,1,0,0,0,0,0,0,0,0,0,0,0,0,0,0,0,0,0,0,0,1,0,1
LVO,Alvotech,Healthcare,Drug Manufacturers - Specialty & Generic,Luxembourg,2390000000.0,,6.11,12.11%,2899038.0,0,0,0,0,0,0,0,0,0,0,0,0,0,0,0,0,0,0,0,0,0,0,0,0,0,1,0,0,1,0,1
LX,Alexander's Inc,Real Estate,REIT - Retail,USA,1250000000.0,7.42,245.23,0.56%,34496.0,0,1,0,0,0,0,0,0,0,0,0,0,-1,0,0,0,0,0,0,0,0,0,0,0,0,0,0,0,1,1,2
M,Antero Midstream Corp,Energy,Oil & Gas Midstream,USA,9760000000.0,24.68,20.56,0.98%,2592205.0,0,0,0,0,0,0,0,0,0,0,0,0,0,0,0,1,0,0,0,0,0,0,0,0,0,0,0,0,1,0,1
MAL,Amalgamated Financial Corp,Financial,Banks - Regional,USA,1430000000.0,12.73,47.73,-0.95%,186089.0,0,0,0,0,0,1,0,0,0,0,0,0,0,0,0,0,0,1,0,0,0,0,0,0,0,0,0,0,2,0,2
MBA,Ambarella Inc,Technology,Semiconductor Equipment & Materials,USA,3010000000.0,,68.26,-0.57%,1096189.0,0,0,0,0,0,0,0,0,0,0,0,0,-1,0,0,0,0,0,0,0,0,0,0,0,0,0,0,0,0,1,1
MBO,Ambow Education Holding Ltd ADR,Consumer Defensive,Education & Training Services,USA,4800000.0,,1.83,0.00%,511.0,0,0,0,0,0,0,0,0,0,0,0,0,-1,0,0,0,0,0,0,0,0,0,0,0,0,0,0,0,0,1,1
MCI,AMC Robotics Corp,Technology,Computer Hardware,USA,69610000.0,,2.97,-1.33%,33431.0,0,0,0,0,0,0,0,0,1,1,0,0,0,0,0,0,0,0,0,0,0,0,0,0,0,0,0,0,2,0,2
MDL,GraniteShares 2x Long AMD Daily ETF,Financial,Exchange Traded Fund,USA,,,84.06,-0.57%,1162612.0,0,0,0,0,0,0,0,0,0,0,0,0,0,0,0,0,0,0,0,0,0,0,-1,0,0,0,0,0,0,1,1
MMO,VistaShares Defense Supercycle ETF,Financial,Exchange Traded Fund,USA,,,24.63,0.00%,641.0,0,0,0,0,0,1,0,0,0,0,0,0,0,0,0,0,0,0,0,0,0,0,0,0,0,0,0,0,1,0,1
MRC,Ameresco Inc,Industrials,Engineering & Construction,USA,1140000000.0,41.27,21.49,-0.37%,645655.0,0,0,0,0,0,1,0,0,1,0,0,0,0,0,0,0,0,0,0,0,0,0,0,0,0,0,0,0,2,0,2
MRX,Amneal Pharmaceuticals Inc,Healthcare,Drug Manufacturers - Specialty & Generic,USA,6500000000.0,42.47,20.35,0.25%,3909039.0,0,0,0,0,0,0,0,0,1,0,0,0,0,0,0,0,0,0,0,0,0,0,0,0,0,0,0,0,1,0,1
MS,American Shared Hospital Services,Healthcare,Medical Care Facilities,USA,8980000.0,,1.35,-4.26%,12395.0,0,0,0,0,0,0,0,0,0,0,0,0,0,0,0,1,0,0,0,0,0,0,0,0,0,0,0,0,1,0,1
MSC,American Superconductor Corp,Industrials,Specialty Industrial Machinery,USA,1450000000.0,9.9,29.98,-0.10%,487666.0,0,1,0,0,0,1,0,0,0,0,0,0,0,0,0,0,0,0,0,0,0,0,0,0,0,0,0,0,2,0,2
MT,American Tower Corp,Real Estate,REIT - Specialty,USA,75610000000.0,22.31,162.26,0.04%,2506068.0,0,0,0,0,0,0,0,0,1,0,0,0,0,0,0,0,0,0,0,0,0,0,0,0,0,0,0,0,1,0,1
MTB,Amerant Bancorp Inc,Financial,Banks - Regional,USA,1150000000.0,20.99,29.25,-1.05%,225630.0,0,0,0,0,0,0,0,0,0,0,0,0,-1,0,0,0,0,0,0,0,0,0,0,0,0,0,0,0,0,1,1
MTD,AMTD IDEA Group ADR,Financial,Asset Management,France,32799999.999999996,1.23,0.77,3.79%,4687.0,0,0,0,0,0,0,0,0,0,0,0,0,0,0,0,0,0,0,0,0,0,0,0,0,0,1,0,0,1,0,1
MTX,Aemetis Inc,Basic Materials,Specialty Chemicals,USA,127020000.0,,1.76,2.33%,556185.0,0,0,0,0,0,0,0,0,1,0,0,0,-1,0,0,0,0,0,0,0,0,0,0,0,0,0,0,0,1,1,2
MWL,American Well Corp,Healthcare,Health Information Services,USA,216350000.0,,12.72,2.66%,82269.0,0,0,0,0,0,0,0,-1,0,0,0,0,0,0,0,0,0,0,0,0,0,0,0,0,0,0,0,0,0,1,1
MZD,Direxion Daily AMZN Bear 1X ETF,Financial,Exchange Traded Fund,USA,,,8.68,0.00%,12316105.0,0,0,0,0,0,0,0,0,1,0,0,0,0,0,0,0,0,0,0,0,0,0,0,0,0,0,0,0,1,0,1
MZO,Tradr 2X Short AMZN Daily ETF,Financial,Exchange Traded Fund,USA,,,14.48,0.21%,5103.0,0,0,0,0,0,0,0,0,1,0,0,0,0,0,0,0,0,0,0,0,0,0,0,0,0,0,0,0,1,0,1
MZP,Kurv Yield Premium Strategy Amazon (AMZN) ETF,Financial,Exchange Traded Fund,USA,,,25.18,-0.01%,10741.0,0,0,0,0,0,0,0,0,0,0,0,0,0,0,0,1,0,0,0,0,0,0,0,0,0,0,0,0,1,0,1
MZU,Direxion Daily AMZN Bull 2X ETF,Financial,Exchange Traded Fund,USA,,,34.61,0.06%,1931104.0,0,0,0,0,0,0,0,0,0,0,1,0,0,0,0,0,0,0,0,0,0,0,0,0,-1,0,0,0,1,1,2
MZW,Roundhill AMZN WeeklyPay ETF,Financial,Exchange Traded Fund,USA,,,34.4,-0.50%,11469.0,0,0,0,0,0,0,0,0,0,0,0,0,-1,0,0,0,0,0,0,0,0,0,0,1,0,0,0,0,1,1,2
MZY,YieldMax AMZN Option Income Strategy ETF,Financial,Exchange Traded Fund,USA,,,10.34,0.29%,180334.0,0,0,0,0,0,0,0,0,1,0,0,0,0,0,0,0,0,0,0,0,0,0,0,0,0,0,0,0,1,0,1
MZZ,GraniteShares 2x Long AMZN Daily ETF,Financial,Exchange Traded Fund,USA,,,32.37,-0.02%,103001.0,0,0,0,0,0,0,0,0,0,0,1,0,0,0,0,0,0,0,0,0,0,0,0,0,-1,0,0,0,1,1,2
NAB,AnaptysBio Inc,Healthcare,Biotechnology,USA,1470000000.0,7.63,49.2,1.38%,595576.0,0,0,0,0,0,0,0,0,0,0,0,0,0,0,0,0,0,0,0,0,1,0,-1,0,0,0,0,0,1,1,2
NDE,Andersons Inc,Consumer Defensive,Food Distribution,USA,2270000000.0,12.91,66.9,-1.21%,423644.0,0,0,0,0,0,1,0,0,1,0,0,0,0,0,0,0,0,0,0,0,0,0,0,0,0,0,0,0,2,0,2
NEW,ProShares MSCI Transformational Changes ETF,Financial,Exchange Traded Fund,USA,,,54.69,1.32%,1105.0,0,0,0,0,0,0,0,-1,0,0,0,0,0,0,0,0,0,0,0,0,0,0,0,0,0,0,0,0,0,1,1
NGH,Anghami Inc,Communication Services,Entertainment,United Arab Emirates,32270000.000000004,,3.56,-4.45%,358.0,0,0,0,0,0,1,0,0,0,0,0,0,0,0,0,0,0,0,0,0,0,0,0,0,0,0,0,0,1,0,1
NIP,ANI Pharmaceuticals Inc,Healthcare,Drug Manufacturers - Specialty & Generic,USA,1670000000.0,15.67,72.58,0.55%,346867.0,0,0,0,0,0,0,0,0,1,0,0,0,0,0,0,0,0,0,0,0,0,0,0,0,0,0,0,0,1,0,1
NL,Adlai Nortye Group Ltd ADR,Healthcare,Biotechnology,China,883300000.0,,15.04,-0.33%,460575.0,0,0,0,0,0,0,0,0,0,0,1,0,0,0,0,0,0,0,0,0,0,0,-1,0,0,0,0,0,1,1,2
NNA,AleAnna Inc,Energy,Oil & Gas E&P,USA,180050000.0,13.89,2.69,0.75%,122768.0,0,0,0,0,0,0,0,0,0,0,0,0,-1,0,0,0,0,0,0,0,0,0,0,0,0,0,0,0,0,1,1
NTA,Antalpha Platform Holding Co,Financial,Credit Services,Singapore,61180000.0,9.36,2.55,9.91%,21421.0,0,0,0,0,0,0,0,0,1,0,0,0,0,0,0,0,0,0,0,0,0,0,0,0,0,0,0,0,1,0,1
NV,GraniteShares Autocallable NVDA ETF,Financial,Exchange Traded Fund,USA,,,25.53,-0.04%,17367.0,0,0,0,0,0,0,0,0,0,0,1,0,0,0,0,0,0,0,0,0,0,0,-1,0,0,0,0,0,1,1,2
NVS,Annovis Bio Inc,Healthcare,Biotechnology,USA,51210000.0,,1.2,1.69%,657653.0,0,0,0,0,0,0,0,0,1,0,0,0,0,0,0,0,0,0,0,0,0,0,0,0,0,0,0,0,1,0,1
OK,iShares Core 30/70 Conservative Allocation ETF,Financial,Exchange Traded Fund,USA,,,40.37,0.12%,330081.0,0,0,0,0,0,0,0,0,0,0,0,0,-1,0,0,0,0,0,0,0,1,0,0,0,-1,0,0,0,1,2,3
OM,iShares Core 40/60 Moderate Allocation ETF,Financial,Exchange Traded Fund,USA,,,48.72,0.19%,344785.0,0,0,0,0,0,0,0,0,0,0,0,0,0,0,0,0,0,0,0,0,0,0,-1,0,0,0,0,0,0,1,1
OMR,Angel Oak Mortgage REIT Inc,Real Estate,REIT - Mortgage,USA,168300000.0,9.75,7.25,-0.96%,113037.0,0,0,0,0,0,0,0,0,0,0,0,0,0,0,0,0,0,0,0,0,1,0,0,0,0,0,0,0,1,0,1
ON,Aon Plc,Financial,Insurance Brokers,Ireland,57710000000.0,15.0,272.05,0.96%,1366037.0,0,1,0,0,0,0,0,0,0,0,0,0,0,0,0,0,0,0,0,0,0,0,0,0,0,0,0,0,1,0,1
OSL,Alpha & Omega Semiconductor Ltd,Technology,Semiconductors,USA,878850000.0,,29.0,-4.10%,494574.0,0,0,0,0,0,0,0,0,1,1,0,0,0,0,0,0,0,0,0,0,0,0,0,0,0,0,0,0,2,0,2
P,Ampco-Pittsburgh Corp,Industrials,Metal Fabrication,USA,199360000.0,,9.65,-0.52%,90085.0,0,0,0,0,0,0,0,0,0,0,0,0,0,0,0,0,0,0,0,0,0,0,-1,0,0,0,0,0,0,1,1
PAC,StoneBridge Acquisition II Corp,Financial,Shell Companies,USA,82680000.0,78.4,10.27,0.00%,20.0,0,0,0,0,0,1,0,0,0,0,0,0,0,0,0,0,0,1,0,0,0,0,0,0,0,0,0,0,2,0,2
PC,ARKO Petroleum Corp,Energy,Oil & Gas Refining & Marketing,USA,750180000.0,,15.77,1.74%,266274.0,0,1,0,0,0,0,0,0,0,0,0,0,0,0,0,0,0,0,0,0,0,0,-1,0,0,0,0,0,1,1,2
PHG,Leverage Shares 2X Long APH Daily ETF,Financial,Exchange Traded Fund,USA,,,16.61,0.73%,758.0,0,0,0,0,0,0,0,0,0,0,0,0,-1,0,0,0,0,0,0,0,0,0,0,0,0,0,0,0,0,1,1
PLM,Apollomics Inc,Healthcare,Biotechnology,USA,74160000.0,,24.13,6.35%,299.0,0,1,0,0,0,0,0,0,0,0,0,0,0,0,0,0,0,0,0,0,0,0,0,0,0,0,0,0,1,0,1
PLU,Allspring Core Plus ETF,Financial,Exchange Traded Fund,USA,,,23.32,-0.13%,25361.0,0,0,0,-1,0,0,0,0,0,0,0,0,0,0,0,0,0,0,0,0,0,0,0,0,0,0,0,0,0,1,1
PPS,Digital Turbine Inc,Technology,Software - Application,USA,1360000000.0,,11.21,0.36%,2540136.0,0,0,0,0,0,0,0,-1,0,0,0,0,0,0,0,0,0,0,0,0,0,0,0,0,0,0,0,0,0,1,1
PUS,Apimeds Pharmaceuticals US Inc,Healthcare,Drug Manufacturers - Specialty & Generic,USA,6930000.0,,4.59,42.55%,33787501.0,0,0,0,0,0,0,0,0,1,0,0,0,0,0,0,0,0,0,0,0,0,0,0,0,0,0,0,0,1,0,1
PXM,FT Vest U.S. Equity Max Buffer ETF - April,Financial,Exchange Traded Fund,USA,,,32.22,0.06%,134.0,0,0,0,0,0,1,0,0,0,0,1,1,0,0,0,0,0,0,0,0,0,0,0,0,0,0,0,0,3,0,3
QB,AquaBounty Technologies Inc,Consumer Defensive,Farm Products,USA,4560000.0,,0.89,-4.20%,56784.0,0,0,0,0,0,1,0,0,0,0,0,0,0,0,0,0,0,0,0,0,0,0,0,0,0,0,0,0,1,0,1
QLG,HCM Large Cap Growth ETF,Financial,Exchange Traded Fund,USA,,,26.29,0.49%,13.0,0,0,0,0,0,0,0,0,1,0,0,0,0,0,0,0,0,0,0,0,0,0,0,0,0,0,0,0,1,0,1
QMS,Aqua Metals Inc,Industrials,Waste Management,USA,7480000.0,,2.1,-9.87%,73352.0,0,0,0,0,0,0,0,0,1,0,0,0,0,0,0,0,0,0,0,0,0,0,0,0,0,0,0,0,1,0,1
QST,Aquestive Therapeutics Inc,Healthcare,Drug Manufacturers - Specialty & Generic,USA,573590000.0,,4.57,0.44%,1092970.0,0,0,0,-1,0,0,0,0,0,0,0,0,0,0,0,0,0,0,0,0,0,0,0,0,0,0,0,0,0,1,1
QWA,Global X Clean Water ETF,Financial,Exchange Traded Fund,USA,,,18.12,-0.05%,1301.0,0,0,0,0,0,0,0,0,1,0,0,0,0,0,0,0,0,0,0,0,0,0,0,0,0,0,0,0,1,0,1
R,Antero Resources Corp,Energy,Oil & Gas E&P,USA,10670000000.0,9.96,34.69,1.79%,4223784.0,0,0,0,0,0,0,0,0,0,0,1,0,0,0,0,1,0,0,0,0,0,0,0,0,0,0,0,0,2,0,2
RAY,Accuray Inc,Healthcare,Medical Devices,USA,36030000.0,,0.3,7.37%,2213133.0,0,0,0,0,0,0,0,0,0,0,0,0,-1,-1,0,0,0,0,0,0,0,0,0,0,0,1,0,0,1,2,3
RBB,ARB IOT Group Ltd,Technology,Information Technology Services,Singapore,8189999.999999999,,4.48,4.18%,4182.0,0,0,0,0,0,0,0,0,0,0,0,0,-1,-1,0,0,0,0,0,0,0,0,0,0,0,1,0,0,1,2,3
RBE,Arbe Robotics Ltd,Technology,Scientific & Technical Instruments,Israel,75790000.0,,0.59,-3.53%,1796073.0,0,0,0,0,0,0,0,0,0,0,0,0,-1,-1,0,0,0,0,0,0,0,0,0,0,0,0,0,0,0,2,2
RCB,ArcBest Corp,Industrials,Trucking,USA,2930000000.0,188.45,131.14,-1.11%,227347.0,0,0,0,0,0,0,0,0,1,0,0,0,0,0,0,0,0,0,0,0,0,0,0,0,0,0,0,0,1,0,1
RCM,Arrow Reserve Capital Management ETF,Financial,Exchange Traded Fund,USA,,,99.95,0.04%,3187.0,0,1,0,-1,0,0,0,0,0,0,0,0,0,0,0,0,0,0,0,-1,0,0,0,0,0,0,0,0,1,2,3
RGT,Global X MSCI Argentina ETF,Financial,Exchange Traded Fund,USA,,,89.53,5.93%,166870.0,0,0,0,0,0,0,0,0,0,0,0,0,-1,0,0,0,0,0,0,0,0,0,0,0,0,0,0,0,0,1,1
RGX,Argen X SE ADR,Healthcare,Biotechnology,Netherlands,57110000000.0,34.79,912.87,-0.69%,322128.0,0,1,0,0,0,0,0,0,0,0,0,0,0,0,0,0,0,0,0,0,0,0,0,0,0,0,0,0,1,0,1
RHS,Arhaus Inc,Consumer Cyclical,Specialty Retail,USA,1430000000.0,20.72,10.11,-1.27%,1656118.0,0,0,0,0,0,0,0,0,0,0,1,0,0,0,0,0,0,0,0,0,0,0,0,0,0,0,0,0,1,0,1
RI,Apollo Commercial Real Estate Finance Inc,Real Estate,REIT - Mortgage,USA,800830000.0,7.9,6.23,0.48%,4119100.0,0,0,0,0,0,0,0,0,1,0,0,0,0,0,0,0,0,0,0,0,0,0,0,0,0,0,0,0,1,0,1
RKG,ARK Genomic Revolution ETF,Financial,Exchange Traded Fund,USA,,,56.77,5.13%,5727980.0,0,0,0,0,0,0,0,-1,0,0,0,0,0,0,0,0,0,0,0,0,0,0,0,0,0,0,0,0,0,1,1
RKK,ARK Innovation ETF,Financial,Exchange Traded Fund,USA,,,92.78,3.28%,4374322.0,0,0,0,-1,0,0,0,0,0,0,0,0,0,0,0,0,0,0,0,0,0,0,0,0,0,0,0,0,0,1,1
RKQ,ARK Autonomous Technology & Robotics ETF,Financial,Exchange Traded Fund,USA,,,125.84,1.09%,150581.0,0,0,0,0,0,0,0,0,0,0,0,0,0,0,0,0,0,0,0,0,0,0,0,0,0,0,-1,0,0,1,1
RLO,Arlo Technologies Inc,Industrials,Building Products & Equipment,USA,1350000000.0,45.47,12.59,-1.49%,1456043.0,0,0,0,0,0,0,0,0,0,0,0,0,0,0,0,0,0,0,0,0,1,0,-1,0,0,0,0,0,1,1,2
RLP,"Alliance Resource Partners, LP",Energy,Thermal Coal,USA,3190000000.0,12.09,24.79,1.06%,334440.0,0,0,0,0,0,0,0,0,0,0,0,0,-1,0,0,0,0,0,0,0,0,0,0,0,0,0,0,0,0,1,1
RMA,Corgi ARM 2x Daily ETF,Financial,Exchange Traded Fund,USA,,,15.63,-2.98%,1983.0,0,0,0,0,0,0,0,0,0,0,0,0,0,0,0,0,0,0,0,0,0,0,0,1,0,0,0,0,1,0,1
RMG,Leverage Shares 2X Long ARM Daily ETF,Financial,Exchange Traded Fund,USA,,,22.84,-2.89%,1032945.0,0,0,0,0,0,0,0,0,0,0,0,0,-1,0,0,0,0,0,0,0,0,0,0,0,0,0,0,0,0,1,1
RMP,Armata Pharmaceuticals Inc,Healthcare,Biotechnology,USA,136090000.0,,3.66,3.98%,56688.0,0,0,0,0,0,0,0,0,1,0,0,0,0,0,0,0,0,0,0,0,0,0,0,0,0,0,0,0,1,0,1
RMW,Roundhill ARM WeeklyPay ETF,Financial,Exchange Traded Fund,USA,,,46.86,-3.56%,71471.0,0,0,0,0,0,0,0,0,1,0,0,0,0,0,0,0,0,0,0,0,0,0,0,0,0,0,0,0,1,0,1
ROC,Archrock Inc,Energy,Oil & Gas Equipment & Services,USA,5280000000.0,16.17,30.1,-0.76%,1979942.0,0,0,0,0,0,1,0,0,1,0,0,0,0,0,0,0,0,0,0,0,0,0,0,0,0,0,0,0,2,0,2
RQT,Arcutis Biotherapeutics Inc,Healthcare,Biotechnology,USA,3160000000.0,121.44,25.15,-0.04%,2310342.0,0,0,0,0,0,0,0,0,0,0,1,0,0,0,0,0,0,0,0,0,0,0,0,0,0,0,0,0,1,0,1
RRY,Array Technologies Inc,Technology,Solar,USA,600630000.0,,3.9,-4.41%,6320175.0,0,0,0,0,0,0,0,0,1,0,0,0,0,0,0,0,0,0,0,0,0,0,0,0,0,0,0,0,1,0,1
RVR,First Trust IndxxMetaverse ETF,Financial,Exchange Traded Fund,USA,,,59.01,0.26%,48.0,0,0,0,0,0,0,0,0,0,0,0,0,0,0,0,0,0,0,0,0,0,0,-1,0,0,0,0,0,0,1,1
RW,Arrow Electronics Inc,Technology,Electronics & Computer Distribution,USA,12230000000.0,15.35,240.22,-0.74%,773008.0,0,1,0,0,0,0,0,0,0,0,1,1,0,0,0,0,0,0,0,0,0,0,0,0,0,0,0,0,3,0,3
S,Amer Sports Inc,Consumer Cyclical,Leisure,Finland,15980000000.0,28.71,27.47,1.10%,3622685.0,0,1,0,-1,0,0,0,0,0,0,0,0,0,0,0,0,0,0,0,0,0,0,0,0,0,0,0,0,1,1,2
SA,ASA Gold and Precious Metals Ltd,Financial,Closed-End Fund - Equity,USA,1030000000.0,,56.3,-0.69%,26160.0,0,0,0,0,0,0,0,0,1,0,0,0,0,0,0,0,0,0,0,0,0,0,0,0,0,0,0,0,1,0,1
SAN,Asana Inc,Technology,Software - Application,USA,2089999999.9999998,,9.14,6.03%,3493340.0,0,0,0,-1,0,0,0,0,0,0,0,0,0,0,0,0,0,0,0,0,0,0,0,0,0,0,0,0,0,1,1
SC,Ardmore Shipping Corp,Industrials,Marine Shipping,Bermuda,790070000.0,7.49,19.34,0.21%,687839.0,0,0,0,0,0,0,0,0,0,0,0,0,-1,0,0,0,0,0,0,0,0,0,0,0,0,0,0,0,0,1,1
SCE,Allspring SMID Core ETF,Financial,Exchange Traded Fund,USA,,,33.64,0.51%,277862.0,0,0,0,0,0,0,0,0,0,0,0,0,0,0,0,0,0,0,0,0,0,0,0,0,-1,0,0,0,0,1,1
SCI,abrdn International Small Cap Active ETF,Financial,Exchange Traded Fund,USA,,,37.03,0.77%,340.0,0,0,0,0,0,0,0,0,0,0,1,1,0,0,0,0,0,0,0,0,0,0,0,0,0,0,0,0,2,0,2
SG,Liberty All-Star Growth Fund Inc,Financial,Closed-End Fund - Equity,USA,328780000.0,,5.16,1.57%,454967.0,0,0,0,0,0,0,0,0,0,0,1,0,0,0,0,0,0,0,0,0,0,0,0,0,0,0,0,0,1,0,1
SGI,abrdn Global Infrastructure Income Fund,Financial,Closed-End Fund - Equity,USA,612180000.0,,19.35,1.42%,286986.0,0,0,0,0,0,0,0,0,0,0,1,0,0,0,0,0,0,0,0,0,0,0,0,0,0,0,0,0,1,0,1
SHR,Xtrackers Harvest CSI 300 China A-Shares ETF,Financial,Exchange Traded Fund,USA,,,32.65,0.43%,2927191.0,0,0,0,0,0,0,0,0,1,0,0,0,0,0,0,0,0,0,0,0,0,0,0,0,0,0,0,0,1,0,1
SHS,Xtrackers Harvest CSI 500 China A-Shares Small Cap ETF,Financial,Exchange Traded Fund,USA,,,40.4,0.66%,9911.0,0,0,0,0,0,0,0,0,1,0,0,0,0,0,0,0,0,0,0,0,0,0,0,0,0,0,0,0,1,0,1
SLE,AerSale Corp,Industrials,Airports & Air Services,USA,236240000.0,,4.95,-1.79%,932432.0,0,0,0,0,0,0,0,0,1,0,0,0,0,0,0,0,0,0,0,0,0,0,0,0,0,0,0,0,1,0,1
SM,Avino Silver & Gold Mines Ltd,Basic Materials,Other Precious Metals & Mining,Canada,947760000.0,20.95,5.58,0.54%,2052680.0,0,0,0,0,0,0,0,0,0,0,0,0,0,0,0,0,0,0,0,0,1,0,0,0,0,0,0,0,1,0,1
SMF,Virtus AlphaSimplex Managed Futures ETF,Financial,Exchange Traded Fund,USA,,,27.65,0.40%,7767.0,0,1,0,0,0,0,0,0,0,0,1,0,0,0,0,0,0,0,0,0,0,0,0,0,0,0,0,0,2,0,2
SMG,Leverage Shares 2X Long ASML Daily ETF,Financial,Exchange Traded Fund,USA,,,52.31,-0.81%,27990.0,0,0,0,0,0,0,0,0,0,0,0,0,-1,-1,0,0,0,0,0,0,0,0,0,0,0,0,0,0,0,2,2
SMH,ASML Holding NV ADRhedged,Financial,Exchange Traded Fund,USA,,,13.0,0.00%,6431.0,0,0,0,0,0,0,0,0,1,0,0,0,0,0,0,0,0,0,0,0,0,0,0,0,0,0,0,0,1,0,1
SML,ASML Holding NV,Technology,Semiconductor Equipment & Materials,Netherlands,716830000000.0,57.9,1859.86,-0.40%,1387875.0,0,1,0,0,0,0,0,0,0,0,0,0,0,0,0,1,0,0,0,0,0,0,0,0,0,0,0,0,2,0,2
SMU,Direxion Daily ASML Bull 2X ETF,Financial,Exchange Traded Fund,USA,,,34.17,-0.99%,59369.0,0,0,0,0,0,0,0,0,0,0,0,0,0,0,0,1,0,0,0,0,0,0,0,0,0,0,0,0,1,0,1
SR,Grupo Aeroportuario Del Sureste SA ADR,Industrials,Airports & Air Services,Mexico,6610000000.0,12.91,238.47,1.73%,97646.0,0,0,0,0,0,0,0,0,0,0,0,0,0,0,0,0,0,0,0,-1,0,0,0,0,0,0,0,0,0,1,1
SRV,Ameriserv Financial Inc,Financial,Banks - Regional,USA,75050000.0,8.69,4.42,-4.84%,14728.0,0,0,0,0,0,0,0,0,0,0,0,0,-1,0,0,0,0,0,0,0,0,0,0,0,0,0,0,0,0,1,1
STL,Algoma Steel Group Inc,Basic Materials,Steel,Canada,470190000.0,,4.45,2.53%,833550.0,0,0,0,0,0,0,0,0,0,0,0,0,0,0,0,0,0,0,0,0,0,0,0,0,0,0,-1,0,0,1,1
STN,Defiance Daily Target 2X Short ASTS ETF,Financial,Exchange Traded Fund,USA,,,18.72,1.03%,86697.0,0,0,0,0,0,0,0,0,0,0,0,0,-1,0,0,0,0,0,0,0,0,0,0,0,0,1,0,0,1,1,2
SUR,Asure Software Inc,Technology,Software - Application,USA,227850000.0,,7.89,2.73%,128944.0,0,0,0,0,0,0,0,0,0,0,0,0,0,0,0,1,0,0,0,0,0,0,0,0,0,0,0,0,1,0,1
TCH,AtlasClear Holdings Inc,Financial,Capital Markets,USA,27030000.0,35.6,0.18,-5.37%,2347775.0,0,0,0,0,0,0,0,0,1,0,0,0,0,0,0,0,0,0,0,0,0,0,0,0,0,0,0,0,1,0,1
TEX,Anterix Inc,Communication Services,Telecom Services,USA,1680000000.0,24.44,85.61,1.52%,189718.0,0,0,0,0,0,0,0,0,1,0,0,0,0,0,0,0,0,0,0,0,0,0,0,0,0,0,0,0,1,0,1
TFV,Alger 35 ETF,Financial,Exchange Traded Fund,USA,,,41.35,0.99%,10903.0,0,0,0,0,0,0,0,0,0,0,1,0,0,0,0,0,0,0,0,0,0,0,0,0,-1,0,0,0,1,1,2
TGL,Alpha Technology Group Ltd,Technology,Software - Infrastructure,Hong Kong,79020000.0,,4.8,-7.69%,1915.0,0,0,0,0,0,1,0,0,0,0,0,0,0,0,0,0,0,0,0,0,0,0,0,0,0,0,0,0,1,0,1
THE,Alterity Therapeutics Ltd ADR,Healthcare,Biotechnology,Australia,61500000.0,,3.22,-6.67%,54635.0,0,0,0,0,0,0,0,0,0,0,0,0,0,0,0,0,0,0,0,0,0,0,0,0,0,0,-1,0,0,1,1
TLO,Ames National Corp,Financial,Banks - Regional,USA,283250000.0,12.35,31.98,-1.17%,26467.0,0,0,0,-1,0,1,0,0,0,0,0,0,0,0,0,0,0,1,0,0,0,0,0,0,0,0,0,0,2,1,3
TMU,Atmus Filtration Technologies Inc,Consumer Cyclical,Auto Parts,USA,3770000000.0,17.66,46.18,1.05%,734133.0,0,0,0,0,0,0,0,0,1,0,0,0,0,0,0,0,0,0,0,0,0,0,0,0,0,0,0,0,1,0,1
TO,Atmos Energy Corp,Utilities,Utilities - Regulated Gas,USA,26710000000.0,18.82,158.05,0.56%,857451.0,0,0,0,0,0,0,0,0,0,0,0,0,-1,0,0,0,0,0,0,0,0,0,0,0,0,0,0,0,0,1,1
TOS,Atossa Therapeutics Inc,Healthcare,Biotechnology,USA,24450000.0,,2.45,4.70%,53315.0,0,0,0,0,0,0,0,0,1,0,0,0,0,0,0,0,0,0,0,0,0,0,0,0,0,0,0,0,1,0,1
UC,ATIF Holdings Ltd,Financial,Capital Markets,USA,186980000.0,,8.45,-2.54%,776.0,0,0,0,0,0,0,0,0,0,0,1,0,0,0,0,0,0,0,0,0,0,0,0,0,-1,0,0,0,1,1,2
UID,authID Inc,Technology,Software - Infrastructure,USA,8400000.0,,0.5,14.38%,4073573.0,0,0,0,0,0,0,0,0,0,0,0,0,0,0,0,0,0,0,0,-1,0,0,0,0,0,0,0,0,0,1,1
UR,Aurora Innovation Inc,Consumer Cyclical,Auto Parts,USA,11520000000.0,,5.75,1.41%,31091227.0,0,0,0,0,0,0,0,0,1,1,0,0,0,0,0,0,0,0,0,0,0,0,0,0,0,0,0,0,2,0,2
URE,Aurelion Inc,Financial,Capital Markets,Hong Kong,41420000.0,,1.07,3.88%,68329.0,0,0,0,0,0,0,0,0,0,0,0,0,-1,0,0,0,0,0,0,0,0,0,0,0,0,0,0,0,0,1,1
UST,Austin Gold Corp,Basic Materials,Gold,Canada,13350000.0,,0.98,-1.52%,11145.0,0,0,0,0,0,0,0,0,1,0,0,0,0,0,0,0,0,0,0,0,0,0,0,0,0,0,0,0,1,0,1
VBP,ArriVent BioPharma Inc,Healthcare,Biotechnology,USA,1400000000.0,,28.46,0.67%,494757.0,0,0,0,0,0,0,0,0,0,0,0,0,-1,0,0,0,0,0,0,0,0,0,0,0,0,0,0,0,0,1,1
VEX,AEVEX Corp,Industrials,Aerospace & Defense,USA,1890000000.0,19.08,14.93,3.11%,1621999.0,0,0,0,0,0,0,0,0,1,0,0,0,0,0,0,0,0,0,0,0,0,0,0,0,0,0,0,0,1,0,1
VGB,Avantis Credit ETF,Financial,Exchange Traded Fund,USA,,,49.67,-0.17%,6559.0,0,0,0,-1,0,0,0,0,0,0,0,0,0,0,0,0,0,0,0,0,0,0,0,0,0,0,0,0,0,1,1
VGG,Leverage Shares 2X Long AVGO Daily ETF,Financial,Exchange Traded Fund,USA,,,23.4,4.19%,228188.0,0,0,0,0,0,0,0,0,1,0,0,0,0,0,0,0,0,0,0,0,0,0,0,0,0,0,0,0,1,0,1
VGO,Broadcom Inc,Technology,Semiconductors,USA,1730490000000.0,46.28,362.51,2.08%,21481581.0,0,0,0,0,0,0,0,0,1,0,0,0,0,0,0,0,0,0,0,0,0,0,0,0,0,0,0,0,1,0,1
VGU,GraniteShares 2x Long AVGO Daily ETF,Financial,Exchange Traded Fund,USA,,,29.76,3.87%,161491.0,0,0,0,0,0,0,0,0,1,0,0,0,0,0,0,0,0,0,0,0,0,0,0,0,0,0,0,0,1,0,1
VGW,Roundhill AVGO WeeklyPay ETF,Financial,Exchange Traded Fund,USA,,,33.02,1.73%,13987.0,0,0,0,0,0,0,0,0,1,0,0,0,0,0,0,0,0,0,0,0,0,0,0,0,0,0,0,0,1,0,1
VGX,Defiance Daily Target 2X Long AVGO ETF,Financial,Exchange Traded Fund,USA,,,40.19,4.44%,662817.0,0,0,0,0,0,0,0,0,1,0,0,0,0,0,0,0,0,0,0,0,0,0,0,0,0,0,0,0,1,0,1
VIE,Avantis Inflation Focused Equity ETF,Financial,Exchange Traded Fund,USA,,,78.42,0.86%,1287.0,0,0,0,0,0,1,0,0,0,0,0,0,0,0,0,0,0,0,0,0,0,0,0,0,0,0,0,0,1,0,1
VL,Direxion Daily AVGO Bull 2X ETF,Financial,Exchange Traded Fund,USA,,,38.03,4.33%,1690042.0,0,0,0,0,0,0,0,0,1,0,0,0,0,0,0,0,0,0,0,0,0,0,0,0,0,0,0,0,1,0,1
VNM,Avantis All International Markets Equity ETF,Financial,Exchange Traded Fund,USA,,,83.67,0.31%,31955.0,0,0,0,0,0,0,0,-1,0,0,0,0,0,0,0,0,0,0,0,0,0,0,0,0,0,0,0,0,0,1,1
VNV,Avantis All International Markets Value ETF,Financial,Exchange Traded Fund,USA,,,84.87,0.23%,3712.0,0,1,0,0,0,0,0,0,0,0,0,0,0,0,0,0,0,0,0,0,0,0,0,0,0,0,0,0,1,0,1
VPT,AvePoint Inc,Technology,Software - Infrastructure,USA,3100000000.0,46.42,14.66,4.19%,3169442.0,0,0,0,-1,0,0,0,0,0,0,0,0,0,0,0,0,0,0,0,0,0,0,0,0,0,0,0,0,0,1,1
VR,Anteris Technologies Global Corp,Healthcare,Medical Devices,USA,735810000.0,,7.55,-2.08%,1892812.0,0,0,0,0,0,0,0,0,1,0,0,0,0,0,0,0,0,0,0,0,0,0,0,0,0,0,0,0,1,0,1
VT,Avnet Inc,Technology,Electronics & Computer Distribution,USA,8720000000.0,26.61,106.19,-0.70%,1268854.0,0,0,0,0,0,0,0,-1,0,0,0,0,0,0,0,0,0,0,0,0,0,0,0,0,0,0,0,0,0,1,1
VTX,Avalo Therapeutics Inc,Healthcare,Biotechnology,USA,782990000.0,,14.6,-2.60%,736839.0,0,1,0,0,0,0,0,0,0,0,0,0,-1,0,0,0,0,0,0,0,0,0,0,0,0,0,0,0,1,1,2
VX,AVAX One Technology Ltd,Technology,Software - Infrastructure,Canada,46750000.0,,6.32,1.94%,260782.0,0,0,0,0,0,1,0,0,0,0,0,0,0,0,0,0,0,0,0,0,0,0,0,0,0,0,0,0,1,0,1
VY,Avery Dennison Corp,Consumer Cyclical,Packaging & Containers,USA,12880000000.0,18.61,170.0,0.08%,924437.0,0,0,0,0,0,0,0,0,0,0,0,0,0,0,0,0,0,0,0,0,0,0,0,0,0,0,0,1,1,0,1
WRE,Aware Inc,Technology,Software - Application,USA,23550000.0,,1.08,-1.82%,29102.0,0,0,0,0,0,0,0,0,0,0,0,0,-1,0,0,0,0,0,0,0,0,0,0,0,0,0,0,0,0,1,1
XTI,AXT Inc,Technology,Semiconductor Equipment & Materials,USA,5680000000.0,4659.14,86.66,0.92%,4952311.0,0,0,0,0,0,0,0,0,0,0,0,0,-1,0,0,0,0,0,0,0,0,0,0,0,0,0,0,0,0,1,1
YA,Aya Gold & Silver Inc,Basic Materials,Silver,Canada,3890000000.0,35.36,27.03,-0.33%,826132.0,0,1,0,0,0,0,0,0,0,0,0,0,0,0,0,0,0,0,0,0,0,0,0,0,0,0,0,0,1,0,1
YTU,Aytu BioPharma Inc,Healthcare,Drug Manufacturers - Specialty & Generic,USA,22160000.0,,2.04,-1.45%,63926.0,0,0,0,0,0,0,0,0,1,1,0,0,0,0,0,0,0,0,0,0,0,0,0,0,0,0,0,0,2,0,2
Z,A2Z Cust2Mate Solutions Corp,Technology,Software - Application,Canada,274280000.0,,6.23,0.65%,483716.0,0,1,0,0,0,1,0,0,0,0,0,0,-1,-1,0,0,0,0,0,0,0,0,0,0,0,0,0,0,2,2,4
ZIO,Azio AI Holdings Inc,Technology,Software - Infrastructure,USA,20140000.0,,1.17,-0.85%,194813.0,0,0,0,0,0,0,0,0,0,0,0,0,-1,0,0,0,0,0,0,0,0,0,0,0,0,0,0,0,0,1,1
ZN,Astrazeneca plc,Healthcare,Drug Manufacturers - General,United Kingdom,242760000000.0,23.39,156.53,-0.24%,2256372.0,0,0,0,0,0,0,0,0,1,0,0,0,0,0,0,0,0,0,0,0,0,0,0,0,0,0,0,0,1,0,1
ZTR,Azitra Inc,Healthcare,Biotechnology,USA,8279999.999999999,,0.14,3.48%,622890.0,0,0,0,0,0,0,0,0,1,0,0,0,0,0,0,0,0,0,0,0,0,0,0,0,0,0,0,0,1,0,1
A,Boeing Co,Industrials,Aerospace & Defense,USA,152320000000.0,87.77,192.72,-0.43%,6504650.0,0,0,0,0,0,0,0,0,0,0,0,0,-1,0,0,0,0,0,0,0,0,0,0,1,0,0,0,0,1,1,2
AB,Invesco Taxable Municipal Bond ETF,Financial,Exchange Traded Fund,USA,,,25.27,-0.04%,1811351.0,0,0,0,0,0,0,0,0,1,0,0,0,0,0,0,0,0,0,0,0,0,0,0,0,0,0,0,0,1,0,1
ABO,YieldMax BABA Option Income Strategy ETF,Financial,Exchange Traded Fund,USA,,,7.21,3.63%,21981.0,0,0,0,0,0,0,0,0,0,0,0,0,-1,0,0,0,0,0,0,0,0,0,0,1,0,0,0,0,1,1,2
ABU,Direxion Daily BABA Bull 2X ETF,Financial,Exchange Traded Fund,USA,,,9.23,9.24%,227401.0,0,0,0,0,0,0,0,0,0,0,1,0,0,0,0,1,0,0,0,0,0,0,0,0,0,0,0,0,2,0,2
AGX,EA Bridgeway Aggressive Investors ETF,Financial,Exchange Traded Fund,USA,,,102.43,0.58%,2526.0,0,0,0,0,0,0,0,0,0,0,1,0,0,0,0,0,0,0,0,0,0,0,0,0,0,0,0,0,1,0,1
AGY,Amplify Bitcoin Max Income Covered Call ETF,Financial,Exchange Traded Fund,USA,,,23.97,2.00%,2986.0,0,0,0,0,0,0,0,0,1,0,1,0,0,0,0,0,0,0,0,0,0,0,0,0,0,0,0,0,2,0,2
AK,Braskem SA ADR,Basic Materials,Chemicals,Brazil,277770000.0,,1.61,3.87%,1478553.0,0,0,0,0,0,0,0,0,1,0,0,0,0,0,0,0,0,0,0,0,0,0,0,0,0,0,0,0,1,0,1
ALY,Ballys Corp,Consumer Cyclical,Resorts & Casinos,USA,695980000.0,,13.79,-2.13%,85267.0,0,0,0,0,0,0,0,0,0,0,0,0,0,0,0,0,0,0,0,0,0,0,0,0,0,1,0,0,1,0,1
AMB,Brookstone Intermediate Bond ETF,Financial,Exchange Traded Fund,USA,,,24.91,-0.02%,2725.0,0,0,0,0,0,1,0,0,0,0,0,0,0,0,0,0,0,0,0,-1,0,0,0,0,0,0,0,0,1,1,2
AMU,Brookstone Ultra-Short Bond ETF,Financial,Exchange Traded Fund,USA,,,25.24,0.00%,1950.0,0,0,0,0,0,0,0,0,0,0,0,0,0,0,0,0,0,0,0,0,1,0,-1,0,0,0,0,0,1,1,2
ANF,Bancfirst Corp,Financial,Banks - Regional,USA,3610000000.0,14.51,107.57,-0.47%,147898.0,0,0,0,0,0,0,0,0,0,0,1,0,0,0,0,0,0,0,0,0,0,0,0,0,0,0,0,0,1,0,1
ANR,Banner Corp,Financial,Banks - Regional,USA,2470000000.0,11.12,67.4,-0.71%,253684.0,0,0,0,0,0,0,0,-1,0,0,0,0,0,0,0,0,0,0,0,0,0,0,0,0,0,0,0,0,0,1,1
ANX,ArrowMark Financial Corp,Financial,Closed-End Fund - Debt,USA,193570000.0,,20.17,0.85%,30421.0,0,0,0,0,0,0,0,0,0,0,1,0,0,0,0,0,0,0,0,0,0,0,0,0,0,0,0,0,1,0,1
ARK,BARK Inc,Consumer Cyclical,Specialty Retail,USA,73170000.0,,8.1,-0.25%,21525.0,0,1,0,0,0,1,0,0,0,0,0,0,0,0,0,0,0,0,0,0,0,0,0,0,0,0,0,0,2,0,2
ATRK,Atlanta Braves Holdings Inc,Communication Services,Entertainment,USA,3350000000.0,,52.17,0.27%,468532.0,0,0,0,-1,0,0,0,0,0,0,0,0,0,0,0,0,0,1,0,0,0,0,0,0,0,0,0,0,1,1,2
ATT,Amplify Lithium & Battery Technology ETF,Financial,Exchange Traded Fund,USA,,,14.69,0.79%,72202.0,0,0,0,0,0,0,0,0,0,0,0,0,-1,0,0,0,0,0,0,0,0,0,0,0,0,0,-1,0,0,2,2
AUG,Innovator U.S. Equity Buffer ETF - August,Financial,Exchange Traded Fund,USA,,,55.77,0.39%,9483.0,0,0,0,0,0,0,0,0,0,0,1,0,0,0,0,0,0,0,0,0,0,0,0,0,0,0,0,0,1,0,1
BAG,JPMorgan BetaBuilders U.S. Aggregate Bond ETF,Financial,Exchange Traded Fund,USA,,,43.61,-0.08%,88968.0,0,0,0,0,0,1,0,0,0,0,0,0,0,0,0,0,0,0,0,-1,0,0,0,0,0,0,0,0,1,1,2
BAI,BigBear.ai Holdings Inc,Technology,Information Technology Services,USA,1250000000.0,,2.61,-1.51%,15658538.0,0,0,0,0,0,0,0,0,1,0,0,0,0,0,0,0,0,0,0,0,0,0,0,0,0,0,0,0,1,0,1
BBL,BondBloxx BBB Rated 10+ Year Corporate Bond ETF,Financial,Exchange Traded Fund,USA,,,43.56,-0.06%,321.0,0,0,0,0,0,0,0,0,1,0,0,0,0,0,0,0,0,0,0,0,0,0,0,0,0,0,0,0,1,0,1
BD,Banco Bradesco SA ADR,Financial,Banks - Regional,Brazil,24160000000.0,9.94,4.33,18.63%,127385869.0,0,0,0,0,0,0,0,0,1,0,0,0,0,0,0,0,0,0,0,0,0,0,0,0,0,0,0,0,1,0,1
BH,VanEck Biotech ETF,Financial,Exchange Traded Fund,USA,,,240.53,1.30%,9387.0,0,0,0,0,0,0,0,0,0,0,1,0,0,0,0,0,0,0,0,0,0,0,0,0,-1,0,0,0,1,1,2
BHY,JPMorgan BetaBuilders USD High Yield Corporate Bond ETF,Financial,Exchange Traded Fund,USA,,,44.22,0.12%,91007.0,0,0,0,0,0,0,0,0,1,0,0,0,0,0,0,0,0,0,0,0,0,0,0,0,0,0,0,0,1,0,1
BIO,BridgeBio Pharma Inc,Healthcare,Biotechnology,USA,12930000000.0,,66.14,-1.65%,2168568.0,0,1,0,0,0,0,0,0,0,0,0,0,0,0,0,0,0,0,0,0,0,0,0,0,0,0,0,0,1,0,1
BJP,JPMorgan BetaBuilders Japan ETF,Financial,Exchange Traded Fund,USA,,,79.99,0.43%,1564534.0,0,0,0,-1,0,0,0,-1,0,0,0,0,0,0,0,0,0,0,0,0,0,0,0,0,0,0,0,0,0,2,2
BLB,JPMorgan BetaBuilders U.S. Treasury Bond 20+ Year ETF,Financial,Exchange Traded Fund,USA,,,72.76,-0.47%,1925.0,0,0,0,0,0,1,0,0,1,1,0,0,0,0,0,0,0,0,0,0,0,0,0,0,0,0,0,0,3,0,3
BLU,EA Bridgeway Blue Chip ETF,Financial,Exchange Traded Fund,USA,,,17.29,0.58%,60508.0,0,0,0,0,0,0,0,0,0,0,1,0,0,0,0,0,0,0,0,0,0,0,0,0,0,0,0,0,1,0,1
BMC,JPMorgan BetaBuilders U.S. Mid Cap Equity ETF,Financial,Exchange Traded Fund,USA,,,122.99,0.49%,20375.0,0,0,0,-1,0,0,0,0,0,0,0,0,0,0,0,0,0,0,0,0,0,0,0,0,0,0,0,0,0,1,1
BP,Virtus Biotech ETF,Financial,Exchange Traded Fund,USA,,,103.33,0.81%,31195.0,0,0,0,0,0,0,0,-1,0,0,0,0,0,0,0,0,0,0,0,0,0,0,0,0,0,0,0,0,0,1,1
BT,Beacon Financial Corp,Financial,Banks - Regional,USA,2360000000.0,20.38,28.13,-0.74%,679706.0,0,0,0,0,0,0,0,0,0,0,1,0,0,0,0,0,0,0,0,0,0,0,-1,0,0,0,0,0,1,1,2
BUC,Brookfield Business Corp,Industrials,Conglomerates,USA,5330000000.0,,25.95,1.37%,244563.0,0,0,0,0,0,0,0,0,0,0,0,0,-1,-1,0,0,0,0,0,0,0,0,0,0,0,0,0,0,0,2,2
BUS,JPMorgan BetaBuilders U.S. Equity ETF,Financial,Exchange Traded Fund,USA,,,140.01,0.72%,128351.0,0,0,0,0,0,0,0,0,0,0,1,0,0,0,0,0,0,0,0,0,0,0,-1,0,0,0,0,0,1,1,2
BW,Build A Bear Workshop Inc,Consumer Cyclical,Specialty Retail,USA,320300000.0,6.45,26.0,1.72%,295335.0,0,0,0,0,0,0,0,0,1,0,0,0,0,0,0,0,0,0,0,0,0,0,0,0,0,0,0,0,1,0,1
BY,Best Buy Co Inc,Consumer Cyclical,Specialty Retail,USA,18330000000.0,14.54,87.39,-0.66%,2926589.0,0,0,0,0,0,0,0,-1,0,0,0,0,0,0,0,0,0,0,0,0,0,0,0,0,0,0,0,0,0,1,1
C,Brunswick Corp,Consumer Cyclical,Recreational Vehicles,USA,4200000000.0,,64.83,-0.92%,800805.0,0,0,0,0,0,0,0,0,0,0,1,0,0,0,0,0,0,0,0,0,0,0,0,0,0,0,0,0,1,0,1
CDA,BioCardia Inc,Healthcare,Biotechnology,USA,16500000.0,,1.09,4.81%,148933.0,0,0,0,0,0,0,0,0,0,0,0,0,0,0,0,0,0,0,0,0,0,0,0,0,0,1,0,0,1,0,1
CGD,Baron Global Durable Advantage ETF,Financial,Exchange Traded Fund,USA,,,26.73,1.40%,2019.0,0,0,0,-1,0,0,0,0,0,0,0,0,0,0,0,0,0,0,0,0,0,0,0,0,0,0,0,0,0,1,1
CHT,Birchtech Corp,Industrials,Pollution & Treatment Controls,USA,38410000.0,,1.46,-2.67%,227415.0,0,0,0,0,0,0,0,0,0,0,0,0,-1,0,0,0,0,0,0,0,0,0,0,1,0,0,0,0,1,1,2
CIC,BCP Investment Corp,Financial,Asset Management,USA,85070000.0,,6.87,-0.29%,25259.0,0,0,0,0,0,0,0,0,0,0,0,0,-1,0,0,0,0,0,0,0,0,0,0,0,0,0,0,0,0,1,1
CIL,Bancreek International Large Cap ETF,Financial,Exchange Traded Fund,USA,,,29.18,-0.31%,380.0,0,0,0,0,0,0,0,-1,0,0,0,0,0,0,0,0,0,0,0,0,0,0,0,0,0,0,0,0,0,1,1
CPC,Balchem Corp,Basic Materials,Specialty Chemicals,USA,5290000000.0,32.67,166.04,-0.31%,272218.0,0,0,0,0,0,0,0,0,0,0,1,0,0,0,0,0,0,0,0,0,0,0,0,0,0,0,0,0,1,0,1
CPL,BNY Mellon Core Plus ETF,Financial,Exchange Traded Fund,USA,,,23.6,-0.25%,102549.0,0,0,0,0,0,0,0,0,1,0,0,0,0,0,0,0,0,0,0,0,0,0,0,0,0,0,0,0,1,0,1
CSF,Bain Capital Specialty Finance Inc,Financial,Asset Management,USA,707070000.0,11.06,10.9,-1.36%,623644.0,0,0,0,0,0,0,0,0,0,0,0,0,-1,0,0,0,0,0,0,0,0,0,0,0,0,0,0,0,0,1,1
CSS,Bain Capital GSS Investment Corp,Financial,Shell Companies,USA,599770000.0,48.86,10.27,-0.10%,64104.0,0,0,0,0,0,0,0,0,0,0,0,0,0,0,0,0,0,1,0,0,0,0,0,0,0,0,0,0,1,0,1
CUS,Bancreek U.S. Large Cap ETF,Financial,Exchange Traded Fund,USA,,,34.68,1.12%,4055.0,0,1,0,0,0,0,0,0,0,0,0,0,-1,0,0,0,0,0,0,0,0,0,0,0,0,0,0,0,1,1,2
CV,Bancroft Fund Ltd,Financial,Closed-End Fund - Debt,USA,130280000.0,,23.15,0.48%,25748.0,0,0,0,0,0,0,0,0,0,0,0,0,0,0,0,1,0,0,0,0,0,0,0,0,0,0,0,0,1,0,1
CYC,Bicycle Therapeutics Plc ADR,Healthcare,Biotechnology,United Kingdom,202020000.0,,4.01,18.64%,1846467.0,0,0,0,0,0,0,0,0,1,1,0,0,0,0,0,0,0,0,0,0,0,0,0,0,0,0,0,0,2,0,2
DBT,Bluemonte Core Bond ETF,Financial,Exchange Traded Fund,USA,,,24.11,0.04%,21388.0,0,0,0,-1,0,0,0,0,0,0,0,0,0,0,0,0,0,0,0,0,0,0,0,0,0,0,0,0,0,1,1
DCX,ETRACS 1.5X MVIS BDC ETN,Financial,Exchange Traded Fund,USA,,,19.26,-1.13%,5185.0,0,0,0,-1,0,0,0,0,0,0,0,0,0,0,0,0,0,0,0,0,0,0,0,0,0,0,0,0,0,1,1
DEC,Innovator U.S. Equity Buffer ETF - December,Financial,Exchange Traded Fund,USA,,,55.19,0.47%,6369.0,0,0,0,0,0,0,0,-1,0,0,0,0,0,0,0,0,0,1,0,0,0,0,0,0,0,0,0,0,1,1,2
DN,Brandywine Realty Trust,Real Estate,REIT - Office,USA,478010000.0,,2.73,-1.80%,1526180.0,0,0,0,0,0,0,0,0,0,0,1,0,0,0,0,0,0,0,0,0,0,0,0,0,0,0,0,0,1,0,1
DSX,Biodesix Inc,Healthcare,Diagnostics & Research,USA,306620000.0,,29.06,4.83%,181236.0,0,0,0,0,0,0,0,0,0,0,1,0,0,0,0,0,0,0,0,0,0,0,-1,0,0,0,0,0,1,1,2
DTX,Black Diamond Therapeutics Inc,Healthcare,Biotechnology,USA,111460000.0,,1.94,2.65%,839141.0,0,0,0,0,0,0,0,0,1,0,0,0,0,0,0,0,0,0,0,0,0,0,0,0,0,0,0,0,1,0,1
DYN,iShares Dynamic Equity Active ETF,Financial,Exchange Traded Fund,USA,,,28.15,0.49%,360602.0,0,0,0,0,0,0,0,-1,0,0,0,0,0,0,0,0,0,0,0,0,0,0,0,0,0,0,0,0,0,1,1
EAM,Beam Therapeutics Inc,Healthcare,Biotechnology,USA,2650000000.0,,25.67,4.78%,2001780.0,0,0,0,0,0,0,0,0,1,0,0,0,0,0,0,0,0,0,0,0,0,0,0,0,0,0,0,0,1,0,1
ELFA,Bel Fuse Inc,Technology,Electronic Components,USA,3610000000.0,54.17,208.71,-0.29%,50155.0,0,0,0,0,0,0,0,0,1,1,0,0,0,0,0,0,0,0,0,0,0,0,0,0,0,0,-1,0,2,1,3
ELFB,Bel Fuse Inc,Technology,Electronic Components,USA,3620000000.0,66.87,257.63,-0.12%,122643.0,0,1,0,0,0,0,0,0,1,1,0,0,0,0,0,0,0,0,0,0,0,0,0,0,0,0,0,0,3,0,3
EP,Brookfield Renewable Partners LP,Utilities,Utilities - Renewable,Bermuda,8470000000.000001,,28.22,-0.46%,948266.0,0,0,0,0,0,0,0,0,0,0,0,0,0,0,0,0,0,0,0,0,0,0,0,0,0,0,-1,0,0,1,1
ERZ,MicroSectors FANG & Innovation -3X ETN,Financial,Exchange Traded Fund,USA,,,16.12,-1.10%,41533.0,0,0,0,0,0,0,0,0,1,0,0,0,0,0,0,0,0,0,0,0,0,0,0,0,0,0,0,0,1,0,1
ESF,Bastion Energy ETF,Financial,Exchange Traded Fund,USA,,,38.29,1.25%,1584.0,0,0,0,0,0,0,0,0,0,0,0,0,0,0,0,0,0,0,0,0,1,0,0,0,-1,0,0,0,1,1,2
F-A,Brown-Forman Corp,Consumer Defensive,Beverages - Wineries & Distilleries,USA,12140000000.0,17.27,26.79,0.45%,121331.0,0,1,0,0,0,0,0,0,0,0,0,0,0,0,0,1,0,0,0,0,0,0,0,0,0,0,0,0,2,0,2
FIX,Build Bond Innovation ETF,Financial,Exchange Traded Fund,USA,,,24.66,0.04%,1467.0,0,0,0,0,0,0,0,0,0,0,0,0,0,0,0,0,0,0,0,-1,0,0,0,0,0,0,0,0,0,1,1
FLB,BufferLABS US Equity Dynamic Buffer ETF,Financial,Exchange Traded Fund,USA,,,56.01,0.47%,335.0,0,0,0,0,0,0,0,0,0,0,1,0,0,0,0,0,0,0,0,0,0,0,-1,0,0,0,0,0,1,1,2
FOC,FT Vest Bitcoin Strategy Floor15 ETF - October,Financial,Exchange Traded Fund,USA,,,17.09,-0.15%,5107.0,0,0,0,0,0,0,0,0,0,0,0,0,0,0,0,0,0,0,0,-1,0,0,0,0,0,0,0,0,0,1,1
FRG,Bullfrog AI Holdings Inc,Healthcare,Health Information Services,USA,11010000.0,,0.59,-3.81%,537916.0,0,0,0,0,0,0,0,0,0,0,0,0,-1,0,0,0,0,0,0,0,0,0,0,0,0,0,0,0,0,1,1
FRZ,Innovator Equity Managed 100 Buffer ETF,Financial,Exchange Traded Fund,USA,,,27.35,0.54%,94072.0,0,1,0,-1,0,0,0,0,0,0,0,0,0,0,0,0,0,0,0,0,0,0,0,0,0,0,0,0,1,1,2
FS,Saul Centers Inc,Real Estate,REIT - Retail,USA,730390000.0,30.42,29.55,-2.02%,157421.0,0,0,0,0,0,0,0,0,1,0,0,0,0,0,0,0,0,0,0,0,0,0,0,0,0,0,0,0,1,0,1
GC,BGC Group Inc,Financial,Capital Markets,USA,5800000000.0,30.59,12.2,3.57%,4051522.0,0,0,0,0,0,0,0,0,0,0,0,0,-1,0,0,0,0,0,0,0,0,0,0,0,0,0,0,0,0,1,1
GDE,Big Digital Energy Inc,Financial,Capital Markets,USA,30540000.0,,5.34,-2.38%,55968.0,0,0,0,0,0,0,0,0,0,0,0,0,-1,0,0,0,0,0,0,0,0,0,0,0,0,0,0,0,0,1,1
GMS,Bio Green Med Solution Inc,Industrials,Building Products & Equipment,Malaysia,5750000.0,,0.87,-1.32%,5877.0,0,1,0,0,0,0,0,0,0,0,0,0,0,0,0,0,0,0,0,0,0,0,0,0,0,0,0,0,1,0,1
GRO,iShares Large Cap Growth Active ETF,Financial,Exchange Traded Fund,USA,,,45.17,0.72%,52.0,0,0,0,0,0,0,0,0,0,0,1,1,0,0,0,0,0,0,0,0,0,0,0,0,0,0,0,0,2,0,2
GSI,Boyd Group Services Inc,Consumer Cyclical,Auto & Truck Dealerships,Canada,2180000000.0,172.07,78.17,-0.33%,55780.0,0,0,0,0,0,0,0,0,1,1,0,0,0,0,0,0,0,0,0,0,0,0,0,0,0,0,0,0,2,0,2
HDG,Nicholas Bitcoin Tail ETF,Financial,Exchange Traded Fund,USA,,,20.6,-1.16%,15.0,0,0,0,0,0,0,0,0,1,0,0,0,0,0,0,0,0,0,0,0,0,0,0,0,0,0,0,0,1,0,1
HE,Benchmark Electronics Inc,Technology,Electronic Components,USA,3090000000.0,58.8,86.11,-1.46%,380112.0,0,0,0,0,0,0,0,0,1,0,0,0,0,0,0,0,0,0,0,0,0,0,0,0,0,0,0,0,1,0,1
HF,Brighthouse Financial Inc,Financial,Insurance - Life,USA,2870000000.0,3.98,49.82,-0.40%,582057.0,0,0,0,0,0,0,0,0,1,0,0,0,0,0,0,0,0,0,0,0,0,0,0,0,0,0,0,0,1,0,1
HP,BHP Group Limited ADR,Basic Materials,Other Industrial Metals & Mining,Australia,220680000000.0,22.41,86.83,0.88%,2644779.0,0,0,0,-1,0,0,0,0,0,0,0,0,0,0,0,0,0,0,0,0,0,0,0,0,0,0,0,0,0,1,1
HR,Braemar Hotels & Resorts Inc,Real Estate,REIT - Hotel & Motel,USA,106460000.0,,1.55,-6.63%,420293.0,0,0,0,0,0,0,0,0,1,0,0,0,0,0,0,0,0,0,0,0,0,0,0,0,0,0,0,0,1,0,1
HST,BioHarvest Sciences Inc,Consumer Defensive,Packaged Foods,Canada,33210000.0,,1.47,-0.34%,18329.0,0,0,0,0,0,1,0,0,0,0,0,0,0,0,0,0,0,0,0,-1,0,0,0,0,0,0,0,0,1,1,2
HV,BlackRock Virginia Municipal Bond Trust,Financial,Closed-End Fund - Debt,USA,18420000.0,,11.6,0.17%,2035.0,0,0,0,0,0,0,0,0,0,0,0,0,0,0,0,0,0,0,0,0,0,0,-1,0,0,0,0,0,0,1,1
HVN,Biohaven Ltd,Healthcare,Biotechnology,USA,1960000000.0,,12.97,0.78%,1671767.0,0,0,0,0,0,0,0,0,1,0,0,0,0,0,0,0,0,0,0,0,0,0,-1,0,0,0,0,0,1,1,2
HYB,Xtrackers USD High Yield BB-B ex Financials ETF,Financial,Exchange Traded Fund,USA,,,52.26,0.03%,633.0,0,0,0,-1,0,0,0,0,0,0,0,0,0,0,0,0,0,0,0,0,0,0,0,0,0,0,0,0,0,1,1
IBL,Inspire 100 ETF,Financial,Exchange Traded Fund,USA,,,55.72,0.61%,30071.0,0,0,0,0,0,0,0,0,0,0,0,0,-1,0,0,0,0,0,0,0,0,0,0,0,0,0,0,0,0,1,1
IDD,iShares International Dividend Active ETF,Financial,Exchange Traded Fund,USA,,,30.49,0.16%,15252.0,0,0,0,0,0,0,0,-1,0,0,0,0,0,0,0,0,0,0,0,0,0,0,0,0,0,0,0,0,0,1,1
IDU,Baidu Inc ADR,Communication Services,Internet Content & Information,China,24030000000.0,,86.99,3.17%,2315389.0,0,0,0,0,0,0,0,0,1,0,0,0,0,0,0,0,0,0,0,0,0,0,0,0,0,0,0,0,1,0,1
IGY,YieldMax Target 12 Big 50 Option Income ETF,Financial,Exchange Traded Fund,USA,,,53.28,0.80%,7923.0,0,1,0,0,0,0,0,0,0,0,0,0,0,0,0,0,0,0,0,0,0,0,0,0,0,0,0,0,1,0,1
IIB,Biogen Inc,Healthcare,Drug Manufacturers - General,USA,33040000000.0,39.6,223.59,1.69%,951320.0,0,0,0,0,0,0,0,-1,0,0,0,0,0,0,0,0,0,0,0,0,0,0,0,0,0,0,0,0,0,1,1
IL,State Street SPDR Bloomberg 1-3 Month T-Bill ETF,Financial,Exchange Traded Fund,USA,,,91.44,0.01%,8529953.0,0,1,0,0,0,1,0,0,0,0,0,0,-1,0,0,0,0,0,0,0,0,0,0,0,0,0,0,0,2,1,3
ILS,State Street SPDR Bloomberg 3-12 Month T-Bill ETF,Financial,Exchange Traded Fund,USA,,,99.09,0.00%,291382.0,0,1,0,-1,0,0,0,0,0,0,0,0,0,0,0,0,0,0,0,0,0,0,0,0,0,0,0,0,1,1,2
ILZ,PIMCO Ultra Short Government Active ETF,Financial,Exchange Traded Fund,USA,,,100.67,0.00%,74323.0,0,1,0,0,0,0,0,0,0,0,0,0,-1,0,0,0,0,0,0,0,1,1,0,0,0,1,0,0,4,1,5
INC,iShares Flexible Income Active ETF,Financial,Exchange Traded Fund,USA,,,50.59,0.04%,2920733.0,0,0,0,0,0,0,0,0,1,0,0,0,0,0,0,0,0,0,0,0,0,0,0,0,0,0,0,0,1,0,1
INT,Bluemonte Global Equity ETF,Financial,Exchange Traded Fund,USA,,,32.87,0.52%,27136.0,0,0,0,0,0,0,0,0,0,0,1,1,0,0,0,0,0,0,0,0,0,0,0,0,0,0,0,0,2,0,2
IO,Bio-Rad Laboratories Inc,Healthcare,Medical Devices,USA,10200000000.0,46.02,379.82,2.89%,279508.0,0,0,0,0,0,0,0,0,0,0,0,0,0,0,0,0,0,0,0,0,0,0,-1,0,0,0,0,0,0,1,1
IOX,Bioceres Crop Solutions Corp,Basic Materials,Agricultural Inputs,Argentina,21860000.0,,0.35,1.14%,288396.0,0,0,0,0,0,0,0,0,1,0,0,0,0,0,0,0,0,0,0,0,0,0,0,0,0,0,0,0,1,0,1
IOY,GraniteShares YieldBOOST Biotech ETF,Financial,Exchange Traded Fund,USA,,,20.5,1.25%,3852.0,0,0,0,0,0,0,0,0,1,0,0,0,0,0,0,0,0,0,0,0,0,0,0,0,0,0,0,0,1,0,1
IPC,Brookfield Infrastructure Corp,Utilities,Utilities - Regulated Gas,USA,4950000000.0,,36.36,-0.79%,1076388.0,0,1,0,0,0,0,0,0,0,0,0,0,-1,0,0,0,0,0,0,0,0,0,0,1,0,0,0,0,2,1,3
IRK,Birkenstock Holding Plc,Consumer Cyclical,Footwear & Accessories,United Kingdom,6010000000.0,15.78,33.77,1.32%,1982939.0,0,0,0,0,0,0,0,0,0,0,0,0,0,0,0,0,0,0,0,0,0,0,0,1,0,0,0,0,1,0,1
ITQ,Bitwise Crypto Industry Innovators ETF,Financial,Exchange Traded Fund,USA,,,25.51,0.99%,134812.0,0,0,0,0,0,0,0,0,0,0,0,0,0,0,0,0,0,0,0,0,0,0,-1,0,0,0,0,0,0,1,1
ITS,Global X Blockchain & Bitcoin Strategy ETF,Financial,Exchange Traded Fund,USA,,,67.44,0.72%,720.0,0,0,0,0,0,0,0,0,0,0,1,1,0,0,0,0,0,0,0,0,0,0,0,0,0,0,0,0,2,0,2
ITW,Bitwise 10 Crypto Index ETF,Financial,Exchange Traded Fund,USA,,,56.19,1.81%,35075.0,0,0,0,0,0,0,0,0,0,0,1,0,0,0,0,0,0,0,0,0,0,0,0,0,0,0,0,0,1,0,1
IZD,VanEck BDC Income ETF,Financial,Exchange Traded Fund,USA,,,12.25,-0.57%,2106566.0,0,0,0,0,0,0,0,0,0,0,1,1,0,0,0,0,0,0,0,0,0,0,0,0,0,0,0,0,2,0,2
JRI,BJ's Restaurant Inc,Consumer Cyclical,Restaurants,USA,1310000000.0,32.92,61.66,-0.44%,513251.0,0,0,0,0,0,0,0,0,1,0,0,0,0,0,0,0,0,0,0,0,0,0,0,0,0,0,0,0,1,0,1
JUL,Innovator U.S. Equity Buffer ETF - July,Financial,Exchange Traded Fund,USA,,,56.04,0.45%,7272.0,0,0,0,0,0,0,0,0,0,0,1,0,0,0,0,0,0,0,0,0,0,0,0,0,-1,0,0,0,1,1,2
JUN,Innovator U.S. Equity Buffer ETF - June,Financial,Exchange Traded Fund,USA,,,50.16,0.54%,3711.0,0,0,0,0,0,0,0,-1,0,0,1,0,0,0,0,0,0,0,0,0,0,0,0,0,0,0,0,0,1,1,2
KAG,BNY Mellon Core Bond ETF,Financial,Exchange Traded Fund,USA,,,39.78,-0.10%,145704.0,0,0,0,0,0,0,0,0,0,0,0,0,0,0,0,0,0,0,0,-1,0,0,0,0,0,0,0,0,0,1,1
KCG,BNY Mellon Concentrated Growth ETF,Financial,Exchange Traded Fund,USA,,,40.1,0.93%,5979.0,0,0,0,0,0,0,0,-1,0,0,0,0,0,0,0,0,0,0,0,0,0,0,0,0,0,0,0,0,0,1,1
KCI,BNY Mellon Concentrated International ETF,Financial,Exchange Traded Fund,USA,,,52.0,0.11%,14649.0,0,0,0,0,0,0,0,0,0,0,0,0,-1,0,0,0,0,0,0,0,0,0,0,0,0,0,0,0,0,1,1
KF,iShares MSCI BIC ETF,Financial,Exchange Traded Fund,USA,,,39.71,2.88%,4965.0,0,0,0,-1,0,0,0,0,1,1,0,0,0,0,0,1,0,0,0,0,0,0,0,0,0,0,0,0,3,1,4
KFI,BNY Mellon Active Core Bond ETF,Financial,Exchange Traded Fund,USA,,,22.7,-0.09%,35653.0,0,0,0,0,0,1,0,0,0,0,0,0,0,0,0,0,0,0,0,-1,0,0,0,0,0,0,0,0,1,1,2
KH,Black Hills Corp,Utilities,Utilities - Regulated Gas,USA,5370000000.0,17.76,70.48,-0.68%,1073852.0,0,0,0,0,0,0,0,0,0,0,0,0,0,0,0,0,0,0,0,0,1,0,0,0,0,0,0,0,1,0,1
KHA,Black Hawk Acquisition Corp,Financial,Shell Companies,USA,51000000.0,153.88,12.28,-0.81%,1277.0,0,0,0,0,0,1,0,0,0,0,0,0,0,0,0,0,0,0,0,0,0,0,0,0,0,0,0,0,1,0,1
KHY,BNY Mellon High Yield ETF,Financial,Exchange Traded Fund,USA,,,45.58,0.05%,59830.0,0,0,0,0,0,0,0,0,0,0,0,0,-1,0,0,0,0,0,0,0,0,0,0,0,0,0,0,0,0,1,1
KLC,BNY Mellon US Large Cap Core Equity ETF,Financial,Exchange Traded Fund,USA,,,49.58,0.71%,335502.0,0,0,0,0,0,0,0,0,0,0,1,0,0,0,0,0,0,0,0,0,0,0,0,0,0,0,0,0,1,0,1
KLN,Invesco Senior Loan ETF,Financial,Exchange Traded Fund,USA,,,20.49,0.05%,11991569.0,0,0,0,0,0,0,0,0,0,0,1,0,0,0,0,0,0,0,0,0,0,0,0,0,0,0,0,0,1,0,1
KR,Baker Hughes Co,Energy,Oil & Gas Equipment & Services,USA,56960000000.0,18.44,57.38,2.46%,6665306.0,0,0,0,0,0,0,0,0,1,0,0,0,0,0,0,0,0,0,0,0,0,0,0,0,0,0,0,0,1,0,1
KSY,BlackSky Technology Inc,Industrials,Specialty Business Services,USA,874560000.0,,21.37,-2.51%,934626.0,0,0,0,0,0,0,0,0,1,0,0,0,0,0,0,0,0,0,0,0,0,0,0,0,0,0,0,0,1,0,1
KU,BankUnited Inc,Financial,Banks - Regional,USA,3080000000.0,11.87,43.23,-0.35%,827060.0,0,0,0,0,0,0,0,0,0,0,0,0,-1,0,0,0,0,0,0,0,0,0,0,0,0,0,0,0,0,1,1
KUI,BNY Mellon Ultra Short Income ETF,Financial,Exchange Traded Fund,USA,,,49.5,0.06%,28204.0,0,0,0,0,0,1,0,0,0,0,0,0,0,0,0,0,0,0,0,-1,0,0,0,0,0,0,0,0,1,1,2
KYI,Bio-Key International Inc,Industrials,Security & Protection Services,USA,2780000.0,,1.93,-8.96%,339512.0,0,0,0,0,0,0,0,0,1,0,0,0,0,0,0,0,0,0,0,0,0,0,0,0,0,0,0,0,1,0,1
L,BlackLine Inc,Technology,Software - Application,USA,1640000000.0,50.22,28.13,2.63%,944654.0,0,0,0,0,0,0,0,0,0,0,0,0,0,0,0,0,0,1,0,0,0,0,0,0,0,0,0,0,1,0,1
LIV,BeLive Holdings,Technology,Software - Application,Singapore,24990000.0,,2.3,0.00%,33812.0,0,0,0,0,0,0,0,0,0,0,0,0,0,0,0,0,0,0,0,0,0,0,0,0,0,1,0,0,1,0,1
LND,Blend Labs Inc,Technology,Software - Application,USA,245980000.0,,1.04,0.97%,1532631.0,0,0,0,0,0,0,0,0,0,0,0,0,0,0,0,0,0,0,0,0,1,0,0,0,0,0,0,0,1,0,1
LNK,Blink Charging Co,Industrials,Engineering & Construction,USA,79720000.0,,0.55,-1.91%,778836.0,0,0,0,0,0,0,0,0,0,0,0,0,-1,0,0,0,0,0,0,0,0,0,0,0,0,1,0,0,1,1,2
LOX,Nicholas Crypto Income ETF,Financial,Exchange Traded Fund,USA,,,13.88,1.61%,299093.0,0,0,0,0,0,0,0,0,0,0,0,0,-1,0,0,0,0,0,0,0,0,0,0,0,0,1,0,0,1,1,2
LSG,Leverage Shares 2X Long BLSH Daily ETF,Financial,Exchange Traded Fund,USA,,,3.03,1.00%,83811.0,0,0,0,0,0,0,0,0,1,0,0,0,0,0,0,0,0,0,0,0,0,0,0,0,0,0,0,0,1,0,1
LST,Bluemonte Short Term Bond ETF,Financial,Exchange Traded Fund,USA,,,24.35,0.05%,11723.0,0,0,0,-1,0,0,0,0,0,0,0,0,0,0,0,0,0,0,0,0,0,0,0,0,0,0,0,0,0,1,1
LTD,Bluemonte Long Term Bond ETF,Financial,Exchange Traded Fund,USA,,,23.38,-0.19%,9834.0,0,0,0,0,0,1,0,0,1,1,0,0,0,0,0,0,0,0,0,0,0,0,0,0,0,0,0,0,3,0,3
LUC,Bluemonte Large Cap Core ETF,Financial,Exchange Traded Fund,USA,,,32.55,0.71%,21772.0,0,0,0,0,0,0,0,-1,0,0,0,0,0,0,0,0,0,0,0,0,0,0,0,0,0,0,0,0,0,1,1
LUI,Bluemonte Diversified Income ETF,Financial,Exchange Traded Fund,USA,,,24.73,0.01%,11745.0,0,0,0,0,0,0,0,0,0,0,1,0,0,0,0,0,0,0,0,0,0,0,0,0,0,0,0,0,1,0,1
LUW,Blue Water Acquisition Corp III,Financial,Shell Companies,USA,335680000.0,38.11,10.39,0.10%,5133.0,0,1,0,-1,0,0,0,0,0,0,1,1,0,0,0,0,0,0,0,0,0,0,0,0,0,0,0,0,3,1,4
LUX,Bluemonte Dynamic Total Market ETF,Financial,Exchange Traded Fund,USA,,,31.87,0.57%,28658.0,0,0,0,-1,0,0,0,0,0,0,0,0,0,0,0,0,0,0,0,0,0,0,0,0,0,0,0,0,0,1,1
LV,Vanguard Long-Term Bond ETF,Financial,Exchange Traded Fund,USA,,,62.32,-0.24%,715523.0,0,0,0,0,0,1,0,0,1,1,0,0,0,0,0,0,0,0,0,0,0,0,0,0,0,0,0,0,3,0,3
LX,Bladex Inc,Financial,Banks - Regional,Panama,1930000000.0,9.09,55.02,0.44%,187017.0,0,0,0,0,0,0,0,0,0,0,0,0,0,0,0,1,0,0,0,0,0,0,0,0,0,0,0,0,1,0,1
MAY,Innovator U.S. Equity Buffer ETF - May,Financial,Exchange Traded Fund,USA,,,48.95,0.36%,6420.0,0,0,0,0,0,0,0,-1,0,0,0,0,0,0,0,0,0,0,0,0,0,0,0,0,0,0,0,0,0,1,1
MBL,Bumble Inc,Communication Services,Internet Content & Information,USA,336520000.0,,2.55,0.39%,1760831.0,0,0,0,0,0,0,0,0,1,0,0,0,-1,0,0,0,0,0,0,0,0,0,0,0,0,0,0,0,1,1,2
MEA,Biomea Fusion Inc,Healthcare,Biotechnology,USA,94220000.0,,1.3,2.36%,1044351.0,0,0,0,0,0,1,0,0,0,0,0,0,-1,0,0,0,0,0,0,0,0,0,0,0,0,0,0,0,1,1,2
MGL,Basel Medical Group Ltd,Healthcare,Medical Care Facilities,Singapore,4960000.0,,3.17,-3.35%,13383.0,0,0,0,-1,0,0,0,0,0,0,0,0,0,0,0,0,0,0,0,0,0,0,0,0,0,0,0,0,0,1,1
MM,Blue Moon Metals Inc,Basic Materials,Other Industrial Metals & Mining,Canada,429240000.0,,4.89,-0.91%,140507.0,0,0,0,0,0,0,0,0,0,0,0,0,-1,0,0,0,0,0,0,0,0,0,0,0,0,0,0,0,0,1,1
MNG,Leverage Shares 2X Long BMNR Daily ETF,Financial,Exchange Traded Fund,USA,,,29.0,3.63%,155477.0,0,0,0,0,0,0,0,0,0,0,1,0,0,0,0,0,0,0,0,0,0,0,0,0,0,0,0,0,1,0,1
NDC,Northern Trust Core Bond ETF,Financial,Exchange Traded Fund,USA,,,21.06,-0.07%,8098.0,0,0,0,0,0,0,0,0,1,1,0,0,0,0,0,0,0,0,0,0,0,0,0,0,0,0,0,0,2,0,2
NDD,Quadratic Deflation ETF,Financial,Exchange Traded Fund,USA,,,93.96,-0.61%,83.0,0,0,0,0,0,0,0,0,1,0,0,0,0,0,0,0,0,0,0,0,0,0,0,0,0,0,-1,0,1,1,2
NDI,NEOS Enhanced Income Aggregate Bond ETF,Financial,Exchange Traded Fund,USA,,,44.86,-0.02%,38754.0,0,0,0,-1,0,0,0,0,0,0,0,0,0,0,0,0,0,0,0,-1,0,0,0,0,0,0,0,0,0,2,2
NDS,Infrastructure Capital Bond Income ETF,Financial,Exchange Traded Fund,USA,,,48.6,-0.20%,24577.0,0,0,0,0,0,0,0,0,1,1,0,0,0,0,0,0,0,0,0,0,0,0,0,0,0,0,0,0,2,0,2
NDX,Vanguard Total International Bond ETF,Financial,Exchange Traded Fund,USA,,,46.79,-0.15%,7881956.0,0,0,0,0,0,0,0,0,1,0,0,0,0,0,0,0,0,0,0,0,0,0,0,0,0,0,0,0,1,0,1
NED,Barnes & Noble Education Inc,Consumer Cyclical,Specialty Retail,USA,400040000.0,17.99,11.54,-1.45%,147881.0,0,0,0,0,0,0,0,0,1,0,0,0,0,0,0,0,0,0,0,0,0,0,0,0,0,0,0,0,1,0,1
NGE,First Trust S-Network Streaming and Gaming ETF,Financial,Exchange Traded Fund,USA,,,30.8,0.82%,21.0,0,0,0,0,0,0,0,0,0,0,0,0,0,0,0,0,0,0,0,0,0,0,0,1,0,0,0,0,1,0,1
NS,Bank Of Nova Scotia,Financial,Banks - Diversified,Canada,111270000000.0,16.34,90.28,-1.00%,5794805.0,0,0,0,-1,0,0,0,-1,0,0,0,0,0,0,0,0,0,0,0,0,0,0,0,0,0,0,0,0,0,2,2
NTC,Benitec Biopharma Inc,Healthcare,Biotechnology,USA,321940000.0,,9.23,2.78%,584241.0,0,0,0,0,0,0,0,0,0,0,0,0,0,0,0,0,0,0,0,0,1,0,0,0,0,0,0,0,1,0,1
OCT,Innovator U.S. Equity Buffer ETF - October,Financial,Exchange Traded Fund,USA,,,55.64,0.38%,40772.0,0,0,0,-1,0,0,0,0,0,0,0,0,0,0,0,0,0,0,0,0,0,0,0,0,0,0,0,0,0,1,1
ON,Bon Natural Life Ltd,Basic Materials,Specialty Chemicals,China,9560000.0,,1.17,2.74%,23171.0,0,0,0,0,0,1,0,0,1,1,0,0,0,0,0,0,0,0,0,0,0,0,0,0,0,0,0,0,3,0,3
OOM,DMC Global Inc,Industrials,Conglomerates,USA,119960000.0,,5.84,0.69%,152262.0,0,0,0,0,0,0,0,0,0,0,0,0,0,0,0,1,0,0,0,0,0,0,0,0,0,0,0,0,1,0,1
OOT,Boot Barn Holdings Inc,Consumer Cyclical,Apparel Retail,USA,3720000000.0,15.55,122.88,0.82%,677355.0,0,0,0,0,0,0,0,0,0,0,0,0,0,0,0,1,0,0,0,0,0,0,0,0,0,0,0,0,1,0,1
ORR,Borr Drilling Ltd,Energy,Oil & Gas Drilling,Bermuda,1280000000.0,,4.15,6.14%,7702656.0,0,0,0,0,0,0,0,0,1,0,0,0,0,0,0,0,0,0,0,0,0,0,0,0,0,0,0,0,1,0,1
OTJ,Bank of the James Financial Group Inc,Financial,Banks - Regional,USA,124210000.0,10.81,27.34,0.15%,57900.0,0,0,0,0,0,0,0,0,0,0,0,0,0,0,0,0,0,1,0,0,0,0,0,0,-1,0,0,0,1,1,2
OTT,Themes Humanoid Robotics ETF,Financial,Exchange Traded Fund,USA,,,43.56,0.83%,6310.0,0,0,0,0,0,0,0,0,1,0,0,0,0,0,0,0,0,0,0,0,0,0,0,0,0,0,0,0,1,0,1
OXA,Alpha Architect Aggregate Bond ETF,Financial,Exchange Traded Fund,USA,,,101.63,-0.01%,405.0,0,1,0,0,0,1,0,0,0,0,0,0,0,0,0,0,0,0,0,0,1,0,0,0,0,0,0,0,3,0,3
PAC,Blueport Acquisition Ltd,Financial,Shell Companies,USA,75690000.0,285.75,10.23,0.29%,24.0,0,0,0,0,0,0,0,-1,0,0,0,0,0,0,0,0,0,0,0,0,0,0,0,0,0,0,0,0,0,1,1
PRE,Bluerock Private Real Estate Fund,Financial,Asset Management,USA,,,12.73,0.32%,645731.0,0,0,0,0,0,0,0,0,1,1,0,0,0,0,0,0,0,0,0,0,0,0,0,0,0,0,0,0,2,0,2
Q,Boqii Holding Limited,Consumer Cyclical,Specialty Retail,China,2250000.0,,0.78,-2.71%,52405.0,0,0,0,0,0,0,0,0,0,0,0,0,0,0,0,0,0,0,0,0,1,0,0,0,0,1,0,0,2,0,2
RAG,Bragg Gaming Group Inc,Consumer Cyclical,Gambling,Canada,36030000.0,,1.16,-3.33%,5813.0,0,0,0,0,0,0,0,0,1,0,0,0,0,0,0,0,0,0,0,0,0,0,0,0,0,0,0,0,1,0,1
RCE,MFS Blended Research Core Equity ETF,Financial,Exchange Traded Fund,USA,,,30.57,0.62%,1539.0,0,0,0,0,0,0,0,0,0,0,0,0,0,0,0,0,0,1,0,0,0,0,0,0,0,0,0,0,1,0,1
RES,Burney U.S. Equity Select ETF,Financial,Exchange Traded Fund,USA,,,26.77,0.45%,884.0,0,0,0,0,0,0,0,0,0,0,0,0,-1,0,0,0,0,0,0,0,0,0,0,0,0,0,0,0,0,1,1
RIA,BrilliA Inc,Consumer Cyclical,Apparel Retail,Singapore,42870000.0,,1.4,0.01%,9074.0,0,0,0,0,0,0,0,0,1,0,0,0,0,0,0,0,0,0,0,0,0,0,0,0,0,0,0,0,1,0,1
RIE,MFS Blended Research International Equity ETF,Financial,Exchange Traded Fund,USA,,,30.68,0.92%,296592.0,0,0,0,0,0,0,0,-1,0,0,0,0,0,0,0,0,0,0,0,0,0,0,0,0,0,0,0,0,0,1,1
RKC,YieldMax BRK.B Option Income Strategy ETF,Financial,Exchange Traded Fund,USA,,,39.49,0.38%,2483.0,0,1,0,0,0,0,0,0,1,0,0,0,0,0,0,0,0,0,0,0,0,0,0,0,0,0,0,0,2,0,2
RKL,Corgi BRKB 2x Daily ETF,Financial,Exchange Traded Fund,USA,,,24.06,0.67%,191.0,0,0,0,0,0,0,0,0,0,0,0,0,-1,0,0,0,0,0,0,0,0,0,0,0,0,0,0,0,0,1,1
RKU,Direxion Daily BRKB Bull 2X ETF,Financial,Exchange Traded Fund,USA,,,22.62,0.66%,29837.0,0,0,0,0,0,0,0,0,0,0,1,0,0,0,0,0,0,0,0,0,0,0,0,0,0,0,0,0,1,0,1
RKW,Roundhill BRKB WeeklyPay ETF,Financial,Exchange Traded Fund,USA,,,38.19,0.36%,423.0,0,0,0,0,0,0,0,0,1,0,0,0,0,0,0,0,0,0,0,0,0,0,0,0,0,0,0,0,1,0,1
RLS,Borealis Foods Inc,Consumer Defensive,Packaged Foods,Canada,26080000.0,,1.22,0.41%,2675.0,0,0,0,0,0,0,0,0,0,0,0,0,-1,-1,0,0,0,0,0,0,0,0,0,0,0,0,0,0,0,2,2
RN,Barnwell Industries Inc,Energy,Oil & Gas E&P,USA,13530000.0,,0.94,-4.53%,54509.0,0,0,0,0,0,0,0,0,1,0,0,0,0,0,0,0,0,0,0,0,0,0,0,0,0,0,0,0,1,0,1
ROS,Dutch Bros Inc,Consumer Cyclical,Restaurants,USA,6680000000.0,53.89,38.23,-1.14%,4465245.0,0,1,0,0,0,1,0,0,0,0,0,0,0,0,0,0,0,0,0,0,0,0,0,0,0,0,0,0,2,0,2
RW,Saba Capital Income & Opportunities Fund,Financial,Closed-End Fund - Equity,USA,303330000.0,,5.96,-1.81%,270431.0,0,0,0,0,0,0,0,0,0,0,0,0,-1,0,0,0,0,0,0,0,0,0,0,0,0,0,0,0,0,1,1
SCA,Invesco BulletShares 2036 Corporate Bond ETF,Financial,Exchange Traded Fund,USA,,,18.91,-0.00%,200149.0,0,0,0,0,0,0,0,0,1,0,0,0,0,0,0,0,0,0,0,0,0,0,0,0,0,0,0,0,1,0,1
SCQ,Invesco BulletShares 2026 Corporate Bond ETF,Financial,Exchange Traded Fund,USA,,,19.52,0.03%,549346.0,0,0,0,-1,0,0,0,0,0,0,0,0,-1,-1,0,0,0,0,0,0,0,0,0,0,0,1,0,0,1,3,4
SCR,Invesco BulletShares 2027 Corporate Bond ETF,Financial,Exchange Traded Fund,USA,,,19.57,0.05%,839556.0,0,0,0,0,0,0,0,0,0,0,0,0,0,0,0,0,0,0,0,0,1,0,0,0,0,0,0,0,1,0,1
SCT,Invesco BulletShares 2029 Corporate Bond ETF,Financial,Exchange Traded Fund,USA,,,18.23,0.11%,556537.0,0,0,0,0,0,0,0,0,1,0,0,0,0,0,0,0,0,0,0,0,0,0,0,0,0,0,0,0,1,0,1
SCU,Invesco BulletShares 2030 Corporate Bond ETF,Financial,Exchange Traded Fund,USA,,,16.17,0.12%,534561.0,0,0,0,0,0,0,0,0,1,0,0,0,0,0,0,0,0,0,0,0,0,0,0,0,0,0,0,0,1,0,1
SCV,Invesco BulletShares 2031 Corporate Bond ETF,Financial,Exchange Traded Fund,USA,,,15.8,0.13%,457278.0,0,0,0,-1,0,0,0,0,1,0,0,0,0,0,0,0,0,0,0,0,0,0,0,0,0,0,0,0,1,1,2
SCX,Invesco BulletShares 2033 Corporate Bond ETF,Financial,Exchange Traded Fund,USA,,,20.02,0.02%,554335.0,0,0,0,0,0,0,0,0,0,0,0,0,0,0,0,0,0,0,0,-1,0,0,0,0,0,0,0,0,0,1,1
SCY,Invesco BulletShares 2034 Corporate Bond ETF,Financial,Exchange Traded Fund,USA,,,19.52,0.00%,325271.0,0,0,0,-1,0,0,0,0,0,0,0,0,0,0,0,0,0,0,0,0,0,0,0,0,0,0,0,0,0,1,1
SEP,Innovator U.S. Equity Buffer ETF - September,Financial,Exchange Traded Fund,USA,,,54.59,0.41%,10921.0,0,0,0,-1,0,0,0,-1,0,0,0,0,0,0,0,0,0,0,0,0,0,0,0,0,0,0,0,0,0,2,2
SIN,Big Sky Industrial Inc,Energy,Oil & Gas E&P,USA,76640000.0,,1.46,2.82%,313996.0,0,0,0,0,0,0,0,-1,0,0,0,0,0,0,0,0,0,0,0,0,0,0,0,0,0,0,0,0,0,1,1
SJR,Invesco BulletShares 2027 High Yield Corporate Bond ETF,Financial,Exchange Traded Fund,USA,,,22.18,0.14%,170445.0,0,0,0,0,0,0,0,0,1,0,0,0,0,0,0,0,0,0,0,0,0,0,0,0,0,0,0,0,1,0,1
SJU,Invesco BulletShares 2030 High Yield Corporate Bond ETF,Financial,Exchange Traded Fund,USA,,,24.99,0.18%,150863.0,0,0,0,-1,0,0,0,0,0,0,0,0,0,0,0,1,0,0,0,0,0,0,0,0,0,0,0,0,1,1,2
SL,Blackstone Senior Floating Rate 2027 Term Fund,Financial,Closed-End Fund - Debt,USA,168220000.0,,12.92,-0.46%,28936.0,0,0,0,-1,0,0,0,0,0,0,0,0,0,0,0,0,0,0,0,0,0,0,0,0,0,0,0,0,0,1,1
SMT,Invesco BulletShares 2029 Municipal Bond ETF,Financial,Exchange Traded Fund,USA,,,22.32,0.10%,67611.0,0,0,0,-1,0,0,0,0,0,0,0,0,0,0,0,0,0,0,0,0,0,0,0,0,0,0,0,0,0,1,1
SR,Beacon Unified Catalyst ETF,Financial,Exchange Traded Fund,USA,,,30.97,0.59%,20.0,0,0,0,0,0,0,0,0,0,0,0,0,-1,0,0,0,0,0,0,0,0,0,0,0,0,0,0,0,0,1,1
SSX,Invesco BulletShares 2033 Municipal Bond ETF,Financial,Exchange Traded Fund,USA,,,24.13,0.11%,36199.0,0,1,0,0,0,0,0,0,0,0,0,0,0,0,0,0,0,0,0,0,0,0,0,0,0,0,0,0,1,0,1
STZ,BlackRock Science and Technology Term Trust,Financial,Closed-End Fund - Equity,USA,2130000000.0,,31.0,0.39%,104417.0,0,0,0,0,0,0,0,0,0,0,1,1,0,0,0,0,0,0,0,0,1,0,0,0,0,0,0,0,3,0,3
SX,Boston Scientific Corp,Healthcare,Medical Devices,USA,61450000000.0,17.19,42.4,-0.47%,13744308.0,0,0,0,0,0,0,0,0,0,0,0,0,-1,0,0,0,0,0,0,0,0,0,0,0,0,0,0,0,0,1,1
TAL,AGF U.S. Market Neutral Anti-Beta Fund,Financial,Exchange Traded Fund,USA,,,11.91,-0.83%,699925.0,0,0,0,0,0,0,0,0,0,0,1,1,0,0,0,0,0,0,0,0,0,0,0,0,0,0,0,0,2,0,2
TBT,Bit Digital Inc,Financial,Capital Markets,USA,555370000.0,,1.54,-5.52%,18970319.0,0,0,0,0,0,0,0,0,0,0,0,0,-1,0,0,0,0,0,0,0,0,0,0,1,0,0,0,0,1,1,2
TCC,Grayscale Bitcoin High Income ETF,Financial,Exchange Traded Fund,USA,,,13.68,0.66%,8034.0,0,0,0,0,0,0,0,0,1,0,1,0,0,0,0,0,0,0,0,0,0,0,0,0,0,0,0,0,2,0,2
TDR,Bitdeer Technologies Group,Technology,Software - Application,Singapore,2970000000.0,,10.93,-0.82%,8779019.0,0,0,0,0,0,0,0,0,0,0,0,0,0,0,0,0,0,0,0,0,0,0,0,0,0,0,-1,0,0,1,1
TLN,Brightline Interactive Inc,Technology,Software - Infrastructure,USA,14330000.0,,5.28,1.63%,19088.0,0,0,0,0,0,0,0,0,0,0,0,0,-1,0,0,0,0,0,0,0,0,0,0,0,0,1,0,0,1,1,2
TMD,biote Corp,Healthcare,Medical Care Facilities,USA,40240000.0,9.3,1.12,-2.61%,205195.0,0,0,0,0,0,0,0,0,1,0,0,0,0,0,0,0,0,0,0,0,0,0,0,0,0,0,0,0,1,0,1
TOC,Armlogi Holding Corp,Industrials,Integrated Freight & Logistics,USA,10380000.0,,0.23,0.48%,55897.0,0,0,0,0,0,0,0,0,0,0,0,0,-1,-1,0,0,0,0,0,0,0,0,0,0,0,0,0,0,0,2,2
TOT,iShares Total USD Fixed Income Market ETF,Financial,Exchange Traded Fund,USA,,,47.09,0.01%,21350.0,0,0,0,0,0,0,0,0,0,0,0,0,0,0,0,0,0,0,0,-1,0,0,0,0,0,0,0,0,0,1,1
TRN,Global X Bitcoin Trend Strategy ETF,Financial,Exchange Traded Fund,USA,,,27.13,-0.04%,138.0,0,1,0,0,0,0,0,0,0,0,0,0,0,0,0,0,0,0,0,0,0,0,0,0,0,0,0,0,1,0,1
TTC,Black Titan Corp,Technology,Software - Application,Malaysia,6730000.0,,0.62,-3.82%,32654470.0,0,0,0,0,0,0,0,0,1,0,0,0,0,0,0,0,0,0,0,0,0,0,0,0,0,0,0,0,1,0,1
TX,BlackRock Technology and Private Equity Term Trust,Financial,Asset Management,USA,,,9.38,1.74%,509816.0,0,0,0,0,0,0,0,0,0,0,1,0,0,0,0,0,0,0,0,0,0,0,0,0,0,0,0,0,1,0,1
UCK,Simplify Treasury Option Income ETF,Financial,Exchange Traded Fund,USA,,,23.03,-0.22%,244286.0,0,0,0,-1,0,0,0,0,1,0,0,0,0,0,0,0,0,0,0,0,0,0,0,0,0,0,0,0,1,1,2
UD,Anheuser-Busch InBev SA/NV ADR,Consumer Defensive,Beverages - Brewers,Belgium,130900000000.0,16.12,74.82,1.89%,2562384.0,0,0,0,0,0,0,0,-1,0,0,0,0,0,0,0,0,0,0,0,0,0,0,0,0,0,0,0,0,0,1,1
UDA,Buda Juice Inc,Consumer Defensive,Beverages - Non-Alcoholic,USA,90480000.0,37.6,7.2,-6.61%,5299.0,0,0,0,0,0,0,0,0,0,0,0,0,0,0,0,0,0,0,0,0,0,0,0,1,0,0,0,0,1,0,1
UFF,Innovator Laddered Allocation Power Buffer ETF,Financial,Exchange Traded Fund,USA,,,54.25,0.28%,83111.0,0,0,0,0,0,0,0,-1,0,0,0,0,0,0,0,0,0,0,0,0,0,0,0,0,0,0,0,0,0,1,1
UFM,AB Moderate Buffer ETF,Financial,Exchange Traded Fund,USA,,,41.06,0.28%,19850.0,0,0,0,-1,0,0,0,-1,0,0,0,0,0,0,0,0,0,0,0,0,0,0,0,0,0,0,0,0,0,2,2
UFP,PGIM Laddered S&P 500 Buffer 12 ETF,Financial,Exchange Traded Fund,USA,,,33.15,0.33%,37099.0,0,1,0,0,0,0,0,0,0,0,0,0,0,0,0,0,0,0,0,0,0,0,0,0,0,0,0,0,1,0,1
UFQ,FT Vest Laddered Nasdaq Buffer ETF,Financial,Exchange Traded Fund,USA,,,40.93,0.42%,179713.0,0,0,0,0,0,0,0,0,0,0,0,0,0,0,0,0,0,0,0,0,1,0,0,0,0,0,0,0,1,0,1
UG,Global X Cybersecurity ETF,Financial,Exchange Traded Fund,USA,,,47.73,1.73%,3050621.0,0,0,0,-1,0,0,0,0,0,0,0,0,0,0,0,0,0,1,0,0,0,0,0,0,0,0,0,0,1,1,2
ULD,Pacer BlueStar Engineering the Future ETF,Financial,Exchange Traded Fund,USA,,,38.21,1.77%,1808.0,0,0,0,0,0,0,0,0,0,0,0,0,0,0,0,1,0,0,0,0,0,0,0,0,0,0,0,0,1,0,1
VFL,BV Financial Inc,Financial,Banks - Regional,USA,181860000.0,14.14,21.47,1.13%,21692.0,0,0,0,0,0,0,0,0,0,0,1,1,0,0,0,0,0,0,0,0,0,0,0,0,-1,0,0,0,2,1,3
VN,Compania de Minas Buenaventura SA ADR,Basic Materials,Other Precious Metals & Mining,Peru,8020000000.0,7.14,31.59,0.64%,518093.0,0,0,0,0,0,0,0,0,0,0,0,0,0,0,0,0,0,0,0,-1,0,0,0,0,0,0,0,0,0,1,1
W,Babcock & Wilcox Enterprises Inc,Industrials,Specialty Industrial Machinery,USA,840160000.0,,5.64,-1.05%,5114893.0,0,0,0,0,0,0,0,0,1,0,0,0,0,0,0,0,0,0,0,0,0,0,0,0,0,0,0,0,1,0,1
WA,BorgWarner Inc,Consumer Cyclical,Auto Parts,USA,12270000000.0,30.61,60.26,-0.43%,2101719.0,0,0,0,0,0,0,0,0,1,0,0,0,0,0,0,0,0,0,0,0,0,0,0,0,0,0,0,0,1,0,1
WAY,Brainsway Ltd ADR,Healthcare,Medical Devices,Israel,492260000.0,51.47,12.23,-2.16%,231204.0,0,1,0,0,0,0,0,0,0,0,1,0,0,0,0,0,0,0,0,0,0,0,-1,0,0,0,0,0,2,1,3
WB,Bridgewater Bancshares Inc,Financial,Banks - Regional,USA,569660000.0,11.1,20.43,-1.35%,142605.0,0,0,0,0,0,0,0,0,0,0,0,0,0,0,0,0,0,0,0,0,0,0,-1,0,0,0,0,0,0,1,1
WEN,Broadwind Inc,Industrials,Specialty Industrial Machinery,USA,98410000.0,16.99,4.16,-2.12%,102503.0,0,0,0,-1,0,0,0,0,0,0,0,0,0,0,0,0,0,0,0,0,0,0,0,0,0,0,0,0,0,1,1
WFG,Bankwell Financial Group Inc,Financial,Banks - Regional,USA,527340000.00000006,12.35,66.15,-0.75%,53555.0,0,0,0,0,0,0,0,0,0,0,0,0,0,0,0,0,0,0,0,0,0,0,-1,0,0,0,0,0,0,1,1
WIV,Blue Water Acquisition Corp IV,Financial,Shell Companies,USA,177410000.0,272.95,9.99,0.20%,114.0,0,0,0,0,0,0,0,0,0,0,1,0,0,0,0,0,0,0,0,0,0,0,-1,0,0,0,0,0,1,1,2
WOW,Bitwise Dogecoin ETF,Financial,Exchange Traded Fund,USA,,,15.63,4.23%,604.0,0,1,0,0,0,0,0,0,0,0,0,0,0,0,0,0,0,0,0,0,0,0,0,0,0,0,0,0,1,0,1
WTG,Brendan Wood TopGun Index ETF,Financial,Exchange Traded Fund,USA,,,42.28,0.31%,53.0,0,0,0,0,0,0,0,0,0,0,1,0,0,0,0,0,0,0,0,0,0,0,0,0,0,0,0,0,1,0,1
WX,State Street SPDR Bloomberg International Treasury Bond ETF,Financial,Exchange Traded Fund,USA,,,21.14,-0.05%,1097653.0,0,1,0,0,0,0,0,0,0,0,0,0,0,0,0,0,0,0,0,0,0,0,0,0,0,0,0,0,1,0,1
XSL,Blackstone Secured Lending Fund,Financial,Asset Management,USA,5480000000.0,18.53,23.52,-0.38%,1640954.0,0,1,0,0,0,0,0,0,0,0,0,0,0,0,0,0,0,0,0,0,1,0,0,0,0,1,0,0,3,0,3
YFC,Broadway Financial Corp,Financial,Banks - Regional,USA,107720000.0,,11.61,1.66%,4630.0,0,0,0,0,0,0,0,0,0,0,0,0,0,0,0,0,0,1,0,0,0,0,0,0,0,0,0,0,1,0,1
YRN,Byrna Technologies Inc,Industrials,Aerospace & Defense,USA,84960000.0,,3.63,4.31%,676548.0,0,0,0,0,0,0,0,0,1,0,0,0,0,0,0,0,0,0,0,0,0,0,0,0,0,0,0,0,1,0,1
,Citigroup Inc,Financial,Banks - Diversified,USA,215630000000.0,13.88,128.55,0.04%,6604036.0,0,0,0,0,0,0,0,0,0,0,1,0,0,0,0,0,0,0,0,0,0,0,0,0,0,0,0,0,1,0,1
AAA,First Trust AAA CMBS ETF,Financial,Exchange Traded Fund,USA,,,19.73,-0.07%,8087.0,0,0,0,0,0,0,0,0,0,0,0,0,-1,-1,0,0,0,0,0,0,0,0,0,0,0,0,0,0,0,2,2
AAP,Corporacion America Airports SA,Industrials,Airports & Air Services,Luxembourg,4170000000.0,14.25,25.54,5.10%,340436.0,0,0,0,0,0,0,0,0,1,1,0,0,0,0,0,0,0,0,0,0,0,0,0,0,0,0,0,0,2,0,2
AE,Cae Inc,Industrials,Aerospace & Defense,Canada,7600000000.0,36.88,23.71,-1.23%,470319.0,0,0,0,0,0,0,0,0,0,0,0,0,0,0,0,0,0,0,0,0,0,0,0,0,0,1,0,0,1,0,1
AES,Cantor Equity Partners VII Inc,Financial,Shell Companies,USA,320090000.0,,10.05,0.00%,24759.0,0,0,0,0,0,0,0,0,0,0,0,0,-1,-1,0,0,0,0,0,0,0,0,0,0,0,0,0,0,0,2,2
AGE,Calamos Autocallable Growth ETF,Financial,Exchange Traded Fund,USA,,,29.55,0.85%,51253.0,0,0,0,0,0,0,0,0,0,0,1,0,0,0,0,0,0,0,0,0,0,0,0,0,0,0,0,0,1,0,1
AH,Cardinal Health Inc,Healthcare,Medical Distribution,USA,53980000000.0,32.21,233.12,2.11%,1721816.0,0,0,0,-1,0,0,0,0,0,0,0,0,0,0,0,0,0,0,0,0,0,0,0,0,0,0,0,0,0,1,1
AIE,Calamos Autocallable Income ETF,Financial,Exchange Traded Fund,USA,,,26.8,0.79%,430434.0,0,0,0,0,0,0,0,0,0,0,1,0,0,0,0,0,0,0,0,0,0,0,0,0,-1,0,0,0,1,1,2
AIQ,Calamos Nasdaq Autocallable Income ETF,Financial,Exchange Traded Fund,USA,,,26.16,0.23%,407760.0,0,0,0,0,0,0,0,0,0,0,0,0,-1,0,0,0,0,0,0,0,0,0,0,0,0,0,0,0,0,1,1
ALX,Calix Inc,Technology,Software - Infrastructure,USA,2160000000.0,45.7,34.34,-1.35%,964326.0,0,0,0,0,0,0,0,0,1,1,0,0,0,0,0,0,0,0,0,0,0,0,0,0,0,0,0,0,2,0,2
AML,Congress Large Cap Growth ETF,Financial,Exchange Traded Fund,USA,,,41.44,0.61%,16184.0,0,0,0,0,0,0,0,-1,0,0,0,0,0,0,0,0,0,0,0,0,0,0,0,0,0,0,0,0,0,1,1
AMT,Camtek Ltd,Technology,Semiconductor Equipment & Materials,Israel,7560000000.0,268.25,162.05,-1.90%,679278.0,0,0,0,0,0,0,0,0,1,0,0,0,-1,0,0,0,0,0,0,0,0,0,0,0,0,0,0,0,1,1,2
ANG,Cango Inc,Financial,Capital Markets,China,111570000.0,,2.72,1.87%,456829.0,0,0,0,0,0,0,0,0,1,0,0,0,0,0,0,0,0,0,0,0,0,0,0,0,0,0,0,0,1,0,1
ANQ,Calamos Nasdaq Equity & Income ETF,Financial,Exchange Traded Fund,USA,,,29.57,0.51%,2819.0,0,0,0,0,0,0,0,0,1,1,0,0,0,0,0,0,0,0,0,0,0,0,0,0,0,0,0,0,2,0,2
AOS,Alpha Architect Tail Risk ETF,Financial,Exchange Traded Fund,USA,,,90.8,0.18%,56054.0,0,0,0,0,0,0,0,0,0,0,0,0,0,0,0,1,0,0,0,0,0,0,0,0,0,0,0,0,1,0,1
APA,Defiance AI Capacitors & MLCC ETF,Financial,Exchange Traded Fund,USA,,,28.98,1.45%,1895.0,0,0,0,0,0,0,0,0,0,0,1,0,0,0,0,0,0,0,0,0,0,0,0,0,0,0,0,0,1,0,1
ARE,Carter Bankshares Inc,Financial,Banks - Regional,USA,677110000.0,5.26,30.55,-0.65%,121674.0,0,0,0,0,0,0,0,0,1,0,0,0,0,0,0,0,0,0,0,0,0,0,0,0,0,0,0,0,1,0,1
ARK,CastleArk Large Growth ETF,Financial,Exchange Traded Fund,USA,,,49.51,0.76%,34.0,0,1,0,0,0,0,0,0,0,0,0,0,0,0,0,0,0,0,0,0,0,0,0,0,0,0,0,0,1,0,1
ARU,MAX Auto Industry 3X Leveraged ETN,Financial,Exchange Traded Fund,USA,,,17.61,1.63%,89.0,0,0,0,0,0,0,0,0,0,0,0,0,0,0,0,1,0,0,0,0,0,0,0,0,0,0,0,0,1,0,1
ARY,Angel Oak Income ETF,Financial,Exchange Traded Fund,USA,,,20.09,-0.10%,352619.0,0,0,0,0,0,1,0,0,0,0,0,0,0,0,0,0,0,0,0,0,0,0,0,0,0,0,0,0,1,0,1
AS,Simplify China A Shares PLUS Income ETF,Financial,Exchange Traded Fund,USA,,,23.5,0.85%,3716.0,0,1,0,0,0,0,0,0,0,0,0,0,-1,0,0,0,0,0,0,0,0,0,0,0,0,0,0,0,1,1,2
ASH,Pathward Financial Inc,Financial,Banks - Regional,USA,1530000000.0,9.2,73.42,-0.73%,238937.0,0,0,0,0,0,0,0,0,1,1,0,0,0,0,0,0,0,0,0,0,0,0,0,0,0,0,0,0,2,0,2
ASS,Cass Information Systems Inc,Industrials,Specialty Business Services,USA,693450000.0,19.53,54.15,0.17%,48558.0,0,0,0,0,0,0,0,0,0,0,0,0,0,0,0,0,0,1,0,0,0,0,0,0,0,0,0,0,1,0,1
ATG,Leverage Shares 2X Long CAT Daily ETF,Financial,Exchange Traded Fund,USA,,,11.26,1.17%,55528.0,0,0,0,0,0,0,0,0,0,0,0,0,0,0,0,0,0,0,0,0,0,0,0,0,0,1,0,0,1,0,1
AUG,Corgi U.S. Equities 15% Structured Buffer ETF - August Series,Financial,Exchange Traded Fund,USA,,,25.5,0.33%,13106.0,0,0,0,0,0,0,0,0,0,0,1,0,0,0,0,0,0,0,0,0,1,0,0,0,0,0,0,0,2,0,2
BAN,Colony Bankcorp Inc,Financial,Banks - Regional,USA,433120000.0,12.36,20.41,-0.20%,112631.0,0,0,0,0,0,1,0,0,0,0,0,0,0,0,0,0,0,1,0,0,0,0,0,0,0,0,0,0,2,0,2
BL,CBL& Associates Properties Inc,Real Estate,REIT - Retail,USA,1680000000.0,7.88,54.21,-0.90%,131475.0,0,0,0,0,0,0,0,0,1,0,0,0,0,0,0,0,0,0,0,0,0,0,0,0,0,0,0,0,1,0,1
BLS,Clough Hedged Equity ETF,Financial,Exchange Traded Fund,USA,,,32.22,1.20%,2733.0,0,0,0,0,0,0,0,0,0,0,0,0,0,0,0,1,0,0,0,0,0,0,0,0,0,0,0,0,1,0,1
BOT,Corgi Robots & Humanoids ETF,Financial,Exchange Traded Fund,USA,,,24.37,1.24%,122.0,0,0,0,0,0,0,0,0,0,0,1,0,0,0,0,0,0,0,0,0,0,0,0,0,0,0,0,0,1,0,1
BRE,CBRE Group Inc,Real Estate,Real Estate Services,USA,37470000000.0,29.67,129.4,-0.14%,2003834.0,0,0,0,0,0,0,0,0,0,0,1,0,0,0,0,0,0,0,0,0,0,0,0,0,0,0,0,0,1,0,1
BRG,Leverage Shares 2X Long CBRS Daily ETF,Financial,Exchange Traded Fund,USA,,,2.76,17.45%,42204999.0,0,0,0,0,0,0,0,0,0,0,0,0,-1,0,0,0,0,0,0,0,0,0,0,0,0,0,0,0,0,1,1
BRZ,Tradr 2X Short CBRS Daily ETF,Financial,Exchange Traded Fund,USA,,,9.7,-18.07%,1226004.0,0,0,0,0,0,0,0,0,0,0,0,0,0,0,0,0,0,0,0,0,0,0,0,0,0,1,0,0,1,0,1
BSE,Clough Select Equity ETF,Financial,Exchange Traded Fund,USA,,,48.41,1.14%,3468.0,0,0,0,0,0,0,0,0,0,0,0,0,0,0,0,1,0,0,0,0,0,0,0,0,0,0,0,0,1,0,1
BT,Cabot Corp,Basic Materials,Specialty Chemicals,USA,4000000000.0,21.82,77.38,0.56%,496046.0,0,0,0,0,0,0,0,0,1,0,0,0,0,0,0,0,0,0,0,0,0,0,0,0,0,0,0,0,1,0,1
BTA,Calamos Bitcoin 80 Series Structured Alt Protection ETF - April,Financial,Exchange Traded Fund,USA,,,24.95,0.91%,217.0,0,0,0,0,0,0,0,0,0,0,1,0,0,0,0,0,0,0,0,0,0,0,0,0,0,0,0,0,1,0,1
BUS,Cibus Inc,Healthcare,Biotechnology,USA,128400000.0,,1.68,-1.75%,231397.0,0,0,0,0,0,0,0,0,1,0,0,0,0,0,0,0,0,0,0,0,0,0,0,0,0,0,0,0,1,0,1
CCC,C4 Therapeutics Inc,Healthcare,Biotechnology,USA,367840000.0,,2.99,1.36%,1463583.0,0,0,0,0,0,0,0,0,1,0,0,0,0,0,0,0,0,0,0,0,0,0,0,0,0,0,0,0,1,0,1
CEF,Calamos CEF Income & Arbitrage ETF,Financial,Exchange Traded Fund,USA,,,28.38,-0.58%,9454.0,0,0,0,0,0,0,0,0,0,0,1,0,0,0,0,0,0,0,0,0,1,0,0,0,0,0,0,0,2,0,2
CEP,Coca-Cola Europacific Partners Plc,Consumer Defensive,Beverages - Non-Alcoholic,United Kingdom,44970000000.0,19.6,101.47,0.41%,2162210.0,0,0,0,0,0,0,0,0,0,0,1,0,0,0,0,0,0,0,0,0,0,0,0,0,0,0,0,0,1,0,1
CHH,CCH Holdings Ltd,Consumer Cyclical,Restaurants,Malaysia,19660000.0,,0.99,-2.72%,4079.0,0,0,0,0,0,0,0,0,0,0,0,0,-1,0,0,0,0,0,0,0,0,0,0,0,0,0,0,0,0,1,1
CIF,Carlyle Credit Income Fund,Financial,Closed-End Fund - Debt,USA,50660000.0,,2.39,-2.45%,153039.0,0,0,0,0,0,0,0,0,1,1,0,0,0,0,0,0,0,0,0,0,0,0,0,0,0,0,0,0,2,0,2
CL,Carnival Corp Ltd,Consumer Cyclical,Travel Services,USA,34370000000.0,11.16,25.56,-0.78%,22061701.0,0,0,0,0,0,0,0,0,1,0,0,0,0,0,0,0,0,0,0,0,0,0,0,0,0,0,0,0,1,0,1
CLD,CareCloud Inc,Healthcare,Health Information Services,USA,86690000.0,29.31,2.04,0.99%,132174.0,0,0,0,0,0,0,0,0,1,0,0,0,0,0,0,0,0,0,0,0,0,0,0,0,0,0,0,0,1,0,1
CNR,ALPS/CoreCommodity Natural Resources ETF,Financial,Exchange Traded Fund,USA,,,38.92,0.40%,154803.0,0,0,0,0,0,0,0,0,0,0,0,0,0,0,0,0,0,0,0,0,0,0,0,0,-1,0,0,0,0,1,1
CSI,Consensus Cloud Solutions Inc,Technology,Software - Infrastructure,USA,666660000.0,7.38,36.38,2.88%,99307.0,0,0,0,0,0,0,0,0,0,0,0,0,-1,0,0,0,0,0,0,0,0,0,0,0,0,0,0,0,0,1,1
CSO,Carbon Collective Climate Solutions U.S. Equity ETF,Financial,Exchange Traded Fund,USA,,,25.08,1.00%,961.0,0,0,0,0,0,0,0,0,1,0,0,0,0,0,0,1,0,0,0,0,0,0,0,0,0,0,0,0,2,0,2
CU,Compania Cervecerias Unidas SA ADR,Consumer Defensive,Beverages - Brewers,Chile,2029999999.9999998,17.97,10.98,3.68%,89850.0,0,1,0,0,0,1,0,0,0,0,0,0,0,0,0,0,0,0,0,0,1,0,0,0,0,0,0,0,3,0,3
CUP,T-REX 2X Long CRCL Daily Target ETF,Financial,Exchange Traded Fund,USA,,,21.51,6.84%,60547.0,0,0,0,0,0,0,0,0,0,0,0,0,-1,0,0,0,0,0,0,0,0,0,0,0,0,0,0,0,0,1,1
DEI,"Calvert US Large-Cap Diversity, Equity and Inclusion Index ETF",Financial,Exchange Traded Fund,USA,,,95.0,0.49%,484.0,0,0,0,0,0,0,0,0,0,0,0,0,0,0,0,0,0,0,0,0,0,0,0,0,-1,0,0,0,0,1,1
DIG,City Different Investments Global Equity ETF,Financial,Exchange Traded Fund,USA,,,25.65,2.11%,5793.0,0,0,0,0,0,0,0,-1,0,0,0,0,0,0,0,0,0,0,0,0,0,0,0,0,0,0,0,0,0,1,1
DRE,Cadre Holdings Inc,Industrials,Aerospace & Defense,USA,1070000000.0000001,29.53,25.0,0.00%,443989.0,0,0,0,0,0,0,0,0,0,0,0,0,-1,0,0,0,0,0,0,0,0,0,0,0,0,0,0,0,0,1,1
DTG,CDT Environmental Technology Investment Holdings Ltd,Industrials,Waste Management,China,3110000.0,,1.03,-3.74%,51646.0,0,0,0,0,0,0,0,0,1,0,0,0,0,0,0,0,0,0,0,0,0,0,0,0,0,0,0,0,1,0,1
DZI,Cadiz Inc,Industrials,Pollution & Treatment Controls,USA,302290000.0,,3.57,-6.79%,777220.0,0,0,0,0,0,0,0,0,0,0,1,0,0,0,0,0,0,0,0,0,0,0,0,0,0,0,0,0,1,0,1
E,Celanese Corp,Basic Materials,Chemicals,USA,5000000000.0,,45.53,3.03%,1423485.0,0,0,0,0,0,0,0,0,1,0,0,0,0,0,0,0,0,0,0,0,0,0,0,0,0,0,0,0,1,0,1
ECO,Ceco Environmental Corp,Industrials,Pollution & Treatment Controls,USA,4390000000.0,,74.96,1.76%,623922.0,0,0,0,0,0,0,0,0,0,0,0,0,0,0,0,0,0,0,0,0,0,0,0,0,0,0,-1,0,0,1,1
EF,Sprott Physical Gold and Silver Trust,Financial,Asset Management,Canada,7130000000.0,,41.52,0.10%,255386.0,0,0,0,0,0,0,0,0,1,0,0,0,0,0,0,0,0,0,0,0,0,0,0,0,0,0,0,0,1,0,1
ENX,Century Aluminum Co,Basic Materials,Aluminum,USA,3660000000.0,6.39,36.94,3.71%,1863653.0,0,0,0,0,0,0,0,0,1,0,0,0,0,0,0,0,0,0,0,0,0,0,0,0,0,0,0,0,1,0,1
EPF,Cantor Equity Partners IV Inc,Financial,Shell Companies,USA,587420000.0,41.28,10.28,0.08%,18791.0,0,0,0,0,0,0,0,0,0,0,1,0,0,0,0,0,0,0,0,0,0,0,0,0,0,0,0,0,1,0,1
EPU,Central Puerto ADR,Utilities,Utilities - Regulated Electric,Argentina,1860000000.0,5.41,12.43,6.42%,339602.0,0,0,0,0,0,1,0,0,0,0,0,0,0,0,0,0,0,0,0,-1,0,0,0,0,0,0,0,0,1,1,2
ERS,Cerus Corp,Healthcare,Medical Devices,USA,471570000.0,,2.34,2.63%,1843113.0,0,0,0,0,0,0,0,0,1,0,0,0,0,0,0,0,0,0,0,0,0,0,0,0,0,0,0,0,1,0,1
ET,Central Securities Corp,Financial,Closed-End Fund - Equity,USA,1660000000.0,,56.24,0.09%,26950.0,0,0,0,0,0,0,0,-1,0,0,0,0,0,0,0,0,0,0,0,0,0,0,0,0,0,0,0,0,0,1,1
ETY,Clean Energy Technologies Inc,Industrials,Specialty Industrial Machinery,USA,11680000.0,,0.96,-1.54%,5823.0,0,0,0,0,0,0,0,0,0,0,1,0,0,0,0,0,0,0,0,0,0,0,0,0,0,0,0,0,1,0,1
EV,Eaton Vance California Municipal Income Trust,Financial,Closed-End Fund - Debt,USA,72230000.0,,10.27,-1.06%,61520.0,0,0,0,0,0,0,0,0,0,0,0,0,0,0,0,0,0,0,0,0,1,0,0,1,0,0,0,0,2,0,2
EVA,Ceva Inc,Technology,Semiconductors,USA,1030000000.0,,36.66,-1.19%,547150.0,0,0,0,0,0,0,0,0,1,0,0,0,0,0,0,0,0,0,0,0,0,0,0,0,0,0,0,0,1,0,1
EW,WisdomTree Emerging Currency Strategy Fund,Financial,Exchange Traded Fund,USA,,,19.65,0.59%,1467.0,0,0,0,0,0,0,0,0,0,0,0,0,0,0,0,0,0,0,0,0,0,0,0,0,-1,0,0,0,0,1,1
FND,C1 Fund Inc,Financial,Asset Management,USA,,,2.99,-1.96%,16883.0,0,0,0,-1,0,0,0,0,0,0,0,0,0,0,0,0,0,0,0,0,0,0,0,0,0,0,0,0,0,1,1
GBL,Capital Group Core Balanced ETF,Financial,Exchange Traded Fund,USA,,,37.12,0.51%,1164428.0,0,0,0,-1,0,0,0,0,0,0,0,0,0,0,0,0,0,0,0,0,0,0,0,0,0,0,0,0,0,1,1
GC,Canopy Growth Corp,Healthcare,Drug Manufacturers - Specialty & Generic,Canada,374180000.0,,0.88,1.04%,1723964.0,0,0,0,0,0,0,0,0,0,0,0,0,-1,0,0,0,0,0,0,0,0,0,0,0,0,0,0,0,0,1,1
GCF,Cartesian Growth Corp IV,Financial,Shell Companies,USA,340310000.0,,9.81,-0.10%,419.0,0,0,0,0,0,0,0,0,1,0,0,0,0,0,0,0,0,0,0,0,0,0,0,0,0,0,0,0,1,0,1
GDV,Capital Group Dividend Value ETF,Financial,Exchange Traded Fund,USA,,,49.56,0.73%,2773133.0,0,0,0,-1,0,0,0,0,0,0,0,0,0,0,0,0,0,0,0,0,0,0,0,0,0,0,0,0,0,1,1
GEM,Cullinan Therapeutics Inc,Healthcare,Biotechnology,USA,1030000000.0,,16.04,3.42%,1082965.0,0,1,0,0,0,0,0,0,0,0,0,0,0,0,0,0,0,0,0,0,0,0,0,0,0,0,0,0,1,0,1
GGE,Capital Group Global Equity ETF,Financial,Exchange Traded Fund,USA,,,35.28,0.51%,614026.0,0,0,0,-1,0,0,0,0,0,0,0,0,0,0,0,0,0,1,0,0,0,0,0,0,0,0,0,0,1,1,2
GGG,Capital Group U.S. Large Growth ETF,Financial,Exchange Traded Fund,USA,,,29.43,1.27%,26364.0,0,0,0,0,0,0,0,0,0,0,0,0,0,0,0,1,0,0,0,0,0,0,0,0,0,0,0,0,1,0,1
GGR,Capital Group Growth ETF,Financial,Exchange Traded Fund,USA,,,48.33,1.09%,3236753.0,0,0,0,0,0,0,0,-1,0,0,0,0,0,0,0,0,0,0,0,0,0,0,0,0,0,0,0,0,0,1,1
GHY,Capital Group High Yield Bond ETF,Financial,Exchange Traded Fund,USA,,,24.43,0.08%,40040.0,0,0,0,-1,0,0,0,0,0,0,0,0,0,0,0,0,0,0,0,0,0,0,0,0,0,0,0,0,0,1,1
GMM,Capital Group U.S. Small and Mid Cap ETF,Financial,Exchange Traded Fund,USA,,,31.65,0.83%,926046.0,0,0,0,-1,0,0,0,0,0,0,0,0,0,0,0,0,0,0,0,0,0,0,0,0,0,0,0,0,0,1,1
GNX,Cognex Corp,Technology,Scientific & Technical Instruments,USA,10830000000.0,62.33,64.37,-0.92%,2283137.0,0,1,0,0,0,0,0,0,0,0,0,0,0,0,0,0,0,0,0,0,1,0,-1,0,0,0,0,0,2,1,3
GUI,Capital Group Ultra Short Income ETF,Financial,Exchange Traded Fund,USA,,,25.23,0.08%,915366.0,0,1,0,-1,0,0,0,0,0,0,0,0,0,0,0,0,0,0,0,0,0,0,0,0,0,0,0,0,1,1,2
GW,Invesco S&P Global Water Index ETF,Financial,Exchange Traded Fund,USA,,,63.7,1.46%,38823.0,0,0,0,0,0,0,0,0,0,0,0,0,-1,0,0,0,0,0,0,0,0,0,0,0,0,0,0,0,0,1,1
GXU,Capital Group International Focus Equity ETF,Financial,Exchange Traded Fund,USA,,,34.99,0.81%,653454.0,0,0,0,0,0,0,0,0,0,0,1,1,0,0,0,0,0,0,0,0,0,0,0,0,-1,0,0,0,2,1,3
HAT,Roundhill Generative AI & Technology ETF,Financial,Exchange Traded Fund,USA,,,95.3,0.07%,289773.0,0,0,0,0,0,0,0,0,0,0,0,0,0,0,0,0,0,0,0,0,0,0,-1,0,0,0,0,0,0,1,1
HD,Church & Dwight Co Inc,Consumer Defensive,Household & Personal Products,USA,22690000000.0,30.78,95.66,1.43%,2011715.0,0,0,0,0,0,0,0,0,0,0,0,0,-1,0,0,0,0,0,0,0,0,0,0,0,0,0,0,0,0,1,1
HDN,Churchill Downs Inc,Consumer Cyclical,Gambling,USA,5410000000.0,13.31,77.57,2.00%,1338976.0,0,0,0,0,0,0,0,0,0,0,0,0,-1,0,0,0,0,0,0,0,0,0,0,0,0,0,0,0,0,1,1
HEF,Chefs' Warehouse Inc,Consumer Defensive,Food Distribution,USA,4530000000.0,52.81,111.07,-4.60%,819814.0,0,0,0,0,0,0,0,0,0,0,0,0,-1,0,0,0,0,0,0,0,0,0,0,0,0,0,0,0,0,1,1
HGG,Chegg Inc,Consumer Defensive,Education & Training Services,USA,79990000.0,,0.72,-2.38%,402879.0,0,0,0,0,0,0,0,0,1,0,0,0,0,0,0,0,0,0,0,0,0,0,0,0,0,0,0,0,1,0,1
HI,Calamos Convertible Opportunities and Income Fund,Financial,Closed-End Fund - Debt,USA,915930000.0,,11.52,-0.39%,232903.0,0,0,0,0,0,0,0,0,0,0,0,0,0,0,0,0,0,0,0,0,1,0,-1,0,0,0,0,0,1,1,2
HKP,Check Point Software Technologies Ltd,Technology,Software - Infrastructure,Israel,13230000000.0,13.27,129.58,-0.59%,898924.0,0,1,0,-1,0,1,0,0,0,0,1,1,0,0,0,0,0,0,0,0,0,0,0,0,0,0,0,0,4,1,5
HNR,China Natural Resources Inc,Basic Materials,Other Industrial Metals & Mining,Hong Kong,4860000.0,,3.87,0.26%,2371.0,0,0,0,0,0,0,0,0,0,0,0,0,0,0,0,1,0,0,0,0,0,0,0,0,0,0,0,0,1,0,1
HPS,Xtrackers Semiconductor Select Equity ETF,Financial,Exchange Traded Fund,USA,,,94.28,0.39%,40047.0,0,0,0,0,0,0,0,0,1,0,0,0,0,0,0,0,0,0,0,0,0,0,0,0,0,0,0,0,1,0,1
HRD,Chord Energy Corp,Energy,Oil & Gas E&P,USA,7610000000.0,9.33,139.11,1.53%,565809.0,0,0,0,-1,0,0,0,0,0,0,0,0,0,0,0,0,0,0,0,0,0,0,0,0,0,0,0,0,0,1,1
HRN,ChronoScale Holdings Corp,Technology,Information Technology Services,USA,2710000000.0,,18.6,-3.18%,132172.0,0,0,0,0,0,0,0,0,1,0,0,0,0,0,0,0,0,0,0,0,0,0,0,0,0,0,0,0,1,0,1
HT,Chunghwa Telecom ADR,Communication Services,Telecom Services,Taiwan,35800000000.0,28.21,46.15,-0.02%,200405.0,0,0,0,0,0,0,0,0,0,0,0,0,0,0,0,0,0,0,0,0,1,0,-1,0,0,0,0,0,1,1,2
HTR,Charter Communications Inc,Communication Services,Telecom Services,USA,18870000000.0,2.8,107.77,-1.39%,3108075.0,0,0,0,0,0,0,0,0,1,0,0,0,0,0,0,0,0,0,0,0,0,0,0,0,0,0,0,0,1,0,1
HY,Calamos Convertible and High Income Fund,Financial,Closed-End Fund - Debt,USA,929080000.0,,11.66,-0.51%,181315.0,0,1,0,0,0,0,0,0,0,0,0,0,-1,-1,0,0,0,0,0,0,0,0,0,0,0,0,0,0,1,2,3
I,Cigna Group,Healthcare,Healthcare Plans,USA,71690000000.0,11.22,271.29,0.28%,1536158.0,0,0,0,0,0,0,0,0,1,0,0,0,0,0,0,0,0,0,0,0,0,0,0,0,0,0,0,0,1,0,1
IBR,First Trust NASDAQ Cybersecurity ETF,Financial,Exchange Traded Fund,USA,,,106.01,1.25%,2812916.0,0,0,0,0,0,0,0,-1,0,0,0,0,0,0,0,0,0,0,0,0,0,0,0,0,0,0,0,0,0,1,1
IEN,CIENA Corp,Technology,Communication Equipment,USA,55260000000.0,86.96,389.69,-0.42%,2474543.0,0,0,0,0,0,0,0,0,1,1,0,0,0,0,0,0,0,0,0,0,0,0,0,0,0,0,0,0,2,0,2
IFC,Corgi CIFR 2x Daily ETF,Financial,Exchange Traded Fund,USA,,,6.27,-2.84%,185260.0,0,0,0,0,0,0,0,0,1,0,0,0,0,0,0,0,0,0,0,0,0,0,0,0,0,0,0,0,1,0,1
IFR,Cipher Digital Inc,Technology,Information Technology Services,USA,6420000000.0,,15.48,-1.46%,29654636.0,0,0,0,0,0,0,0,0,1,0,0,0,0,0,0,0,0,0,0,0,0,0,0,0,0,0,0,0,1,0,1
IFU,T-REX 2X Long CIFR Daily Target ETF,Financial,Exchange Traded Fund,USA,,,8.42,-2.66%,3121350.0,0,0,0,0,0,0,0,0,0,0,0,0,0,0,0,0,0,0,0,0,0,0,0,1,0,0,0,0,1,0,1
IG,Cia Energetica DE Minas Gerais - Cemig ADR,Utilities,Utilities - Regulated Electric,Brazil,4530000000.0,7.85,2.38,10.70%,17649756.0,0,0,0,0,0,0,0,0,1,0,0,0,0,0,0,0,0,0,0,0,0,0,0,0,0,0,0,0,1,0,1
II,BlackRock Enhanced Large Cap Core Fund Inc,Financial,Closed-End Fund - Equity,USA,1050000000.0,,24.06,-0.29%,69102.0,0,0,0,0,0,0,0,0,1,0,0,0,0,0,0,0,0,0,0,0,0,0,-1,0,0,0,0,0,1,1,2
IK,UBS Asset Management Income Fund Inc,Financial,Closed-End Fund - Debt,USA,126180000.0,,2.3,-0.86%,181757.0,0,0,0,0,0,0,0,0,1,0,0,0,0,0,0,0,0,0,0,0,0,0,0,0,0,0,0,0,1,0,1
INT,CI&T Inc,Technology,Software - Infrastructure,Brazil,407000000.0,11.3,3.18,-0.93%,76660.0,0,0,0,0,0,0,0,0,1,0,0,0,0,0,0,0,0,0,0,0,0,0,0,0,0,0,0,0,1,0,1
ISO,CISO Global Inc,Technology,Software - Infrastructure,USA,9290000.0,,0.2,-2.98%,128536.0,0,0,0,0,0,0,0,0,1,0,0,0,0,0,0,0,0,0,0,0,0,0,0,0,0,0,0,0,1,0,1
ITR,CitroTech Inc,Basic Materials,Specialty Chemicals,USA,64750000.0,,2.85,-3.39%,75530.0,0,0,0,0,0,0,0,0,1,0,0,0,0,0,0,0,0,0,0,0,0,0,0,0,0,0,0,0,1,0,1
JMB,Callan Jmb Inc,Industrials,Integrated Freight & Logistics,USA,13810000.0,,2.4,-1.64%,41488.0,0,0,0,0,0,0,0,0,0,0,0,0,-1,0,0,0,0,0,0,0,0,0,0,0,0,0,0,0,0,1,1
JUL,Corgi U.S. Equities 15% Structured Buffer ETF - July Series,Financial,Exchange Traded Fund,USA,,,25.84,0.40%,12806.0,0,0,0,0,0,0,0,0,0,0,1,1,0,0,0,0,0,0,0,0,1,0,0,0,0,0,0,0,3,0,3
L,Colgate-Palmolive Co,Consumer Defensive,Household & Personal Products,USA,68709999999.99999,34.1,86.19,2.29%,6005601.0,0,0,0,0,0,0,0,0,0,0,0,0,0,0,0,1,0,0,0,0,0,0,0,0,0,0,0,0,1,0,1
LBR,Colombier Acquisition Corp III,Financial,Shell Companies,USA,407370000.0,149.27,10.18,-0.19%,3299.0,0,0,0,0,0,0,0,0,0,0,0,0,-1,0,0,0,0,0,0,0,0,0,0,0,0,0,0,0,0,1,1
LDT,Chatham Lodging Trust,Real Estate,REIT - Hotel & Motel,USA,638880000.0,178.65,13.72,0.29%,283651.0,0,0,0,0,0,0,0,0,0,0,0,0,0,0,0,0,0,1,0,0,0,0,0,0,0,0,0,0,1,0,1
LGN,CollPlant Biotechnologies Ltd,Healthcare,Biotechnology,Israel,6440000.0,,3.41,-1.45%,7514.0,0,0,0,0,0,0,0,0,0,0,0,0,0,0,0,0,0,0,0,0,0,0,0,0,0,1,0,0,1,0,1
LH,Clean Harbors Inc,Industrials,Waste Management,USA,17020000000.0,39.1,322.37,1.21%,480825.0,0,0,0,0,0,0,0,0,0,0,0,0,-1,0,0,0,0,0,0,0,0,0,0,0,0,0,0,0,0,1,1
LIK,Click Holdings Ltd,Consumer Cyclical,Personal Services,Hong Kong,9340000.0,,1.09,2.83%,16602.0,0,0,0,0,0,0,0,0,0,0,0,0,0,0,0,0,0,0,0,0,0,0,0,1,0,0,0,0,1,0,1
LIP,Global X 1-3 Month T-Bill ETF,Financial,Exchange Traded Fund,USA,,,100.09,0.01%,355725.0,0,1,0,-1,0,1,0,0,0,0,0,0,-1,0,0,0,0,0,0,0,1,1,0,0,0,0,0,0,4,2,6
LIR,ClearSign Technologies Corp,Industrials,Pollution & Treatment Controls,USA,22460000.0,,3.3,-5.98%,41682.0,0,0,0,0,0,0,0,0,1,1,0,0,0,0,0,0,0,0,0,0,0,0,0,0,0,0,0,0,2,0,2
LIX,ProShares Long Online/Short Stores ETF,Financial,Exchange Traded Fund,USA,,,57.05,1.64%,2678.0,0,0,0,0,0,0,0,0,0,0,1,0,0,0,0,0,0,0,0,0,0,0,0,0,0,0,0,0,1,0,1
LNE,Clean Energy Fuels Corp,Energy,Oil & Gas Refining & Marketing,USA,343890000.0,,1.56,0.00%,664899.0,0,0,0,0,0,0,0,0,1,0,0,0,0,0,0,0,0,0,0,0,0,0,0,0,0,0,0,0,1,0,1
LOA,iShares AAA CLO Active ETF,Financial,Exchange Traded Fund,USA,,,51.78,0.00%,8278425.0,0,0,0,-1,0,1,0,0,0,0,0,0,0,0,0,1,0,0,0,0,0,0,0,0,0,0,0,0,2,1,3
LOC,AAM Crescent CLO ETF,Financial,Exchange Traded Fund,USA,,,25.05,0.04%,3541.0,0,0,0,0,0,0,0,0,0,0,1,0,0,0,0,0,0,0,0,0,0,0,0,0,0,0,0,0,1,0,1
LOD,Themes Cloud Computing ETF,Financial,Exchange Traded Fund,USA,,,36.09,1.04%,17.0,0,0,0,0,0,0,0,0,0,0,1,0,0,0,0,0,0,0,0,0,0,0,0,0,0,0,0,0,1,0,1
LOI,VanEck CLO ETF,Financial,Exchange Traded Fund,USA,,,52.79,0.01%,642570.0,0,0,0,0,0,0,0,0,0,0,0,0,0,0,0,1,0,0,0,0,0,0,0,0,0,0,0,0,1,0,1
LOU,Global X Cloud Computing ETF,Financial,Exchange Traded Fund,USA,,,29.2,1.35%,152095.0,0,0,0,0,0,0,0,-1,0,0,0,0,0,0,0,0,0,0,0,0,0,0,0,0,0,0,0,0,0,1,1
LOX,Eldridge AAA CLO ETF,Financial,Exchange Traded Fund,USA,,,25.56,0.16%,233578.0,0,0,0,0,0,0,0,0,0,0,1,0,0,0,0,0,0,0,0,0,1,0,0,0,0,0,0,0,2,0,2
LOZ,Eldridge BBB-B CLO ETF,Financial,Exchange Traded Fund,USA,,,26.25,0.27%,286706.0,0,0,0,0,0,0,0,0,0,0,0,0,0,0,0,1,0,0,0,0,0,0,0,0,0,0,0,0,1,0,1
LRO,ClearOne Inc,Technology,Communication Equipment,USA,10550000.0,,3.94,-3.43%,130878.0,0,0,0,0,0,0,0,0,0,0,0,0,-1,0,0,0,0,0,0,0,0,0,0,0,0,0,0,0,0,1,1
LSM,ETC Cabana Target Leading Sector Moderate ETF,Financial,Exchange Traded Fund,USA,,,28.16,0.57%,2595.0,0,0,0,0,0,0,0,0,0,0,1,1,0,0,0,0,0,0,0,0,0,0,0,0,0,0,0,0,2,0,2
LSX,Tradr 2X Long CLSK Daily ETF,Financial,Exchange Traded Fund,USA,,,11.6,-4.53%,404120.0,0,0,0,0,0,0,0,0,1,0,0,0,-1,0,0,0,0,0,0,0,0,0,0,0,0,0,0,0,1,1,2
LX,Clorox Co,Consumer Defensive,Household & Personal Products,USA,9920000000.0,17.04,82.01,1.99%,2800319.0,0,0,0,0,0,0,0,0,1,0,0,0,0,0,0,0,0,0,0,0,0,0,0,0,0,0,0,0,1,0,1
MAG,Corgi Mag 7 ETF,Financial,Exchange Traded Fund,USA,,,27.43,0.98%,184172.0,0,0,0,0,0,0,0,-1,0,0,0,0,0,0,0,0,0,0,0,0,0,0,0,0,0,0,0,0,0,1,1
MBS,iShares CMBS ETF,Financial,Exchange Traded Fund,USA,,,47.19,-0.22%,39510.0,0,0,0,0,0,0,0,0,0,0,0,0,0,0,0,0,0,0,0,-1,0,0,0,0,0,0,0,0,0,1,1
MC,Commercial Metals Co,Industrials,Metal Fabrication,USA,7250000000.0,12.35,65.51,3.04%,1425471.0,0,0,0,0,0,0,0,0,0,0,0,0,0,0,0,1,0,0,0,0,0,0,0,0,0,0,0,0,1,0,1
MCL,Caledonia Mining Corp Plc,Basic Materials,Gold,United Kingdom,470620000.0,7.22,24.34,1.37%,204338.0,0,0,0,-1,0,0,0,0,0,0,0,0,0,0,0,0,0,0,0,0,0,0,0,0,0,0,0,0,0,1,1
MCM,Cheetah Mobile Inc ADR,Communication Services,Internet Content & Information,China,27140000.0,,2.62,-2.96%,42704.0,0,0,0,0,0,0,0,0,1,0,0,0,0,0,0,0,0,0,0,0,0,0,0,0,0,0,0,0,1,0,1
MCSA,Comcast Corp,Communication Services,Telecom Services,USA,76540000000.0,6.98,21.57,0.00%,31094113.0,0,1,0,0,0,0,0,0,0,0,0,0,0,0,0,0,0,0,0,0,0,0,0,0,0,0,0,0,1,0,1
MG,Chipotle Mexican Grill,Consumer Cyclical,Restaurants,USA,39040000000.0,28.46,30.85,-4.67%,23621729.0,0,0,0,0,0,0,0,-1,0,0,0,0,0,0,0,0,0,0,0,0,0,0,0,0,0,0,0,1,1,1,2
MP,Compass Minerals International Inc,Basic Materials,Other Industrial Metals & Mining,USA,951290000.0,53.72,22.66,2.07%,300797.0,0,0,0,0,0,0,0,0,1,0,0,0,0,0,0,0,0,0,0,0,0,0,0,0,0,0,0,0,1,0,1
MPR,Cimpress plc,Industrials,Specialty Business Services,Ireland,1860000000.0,20.21,76.35,1.75%,146852.0,0,0,0,0,0,0,0,0,0,0,1,1,0,0,0,0,0,0,0,0,0,0,0,0,0,0,0,0,2,0,2
MPS,Compass Pathways Plc ADR,Healthcare,Medical Care Facilities,United Kingdom,1610000000.0,,11.6,-2.52%,3772831.0,0,0,0,0,0,0,0,0,0,0,1,0,0,0,0,0,0,0,0,0,0,0,0,0,-1,0,0,0,1,1,2
MRE,Costamare Inc,Industrials,Marine Shipping,Monaco,1860000000.0,5.83,15.39,-0.32%,394313.0,0,0,0,0,0,0,0,0,0,0,0,0,-1,0,0,0,0,0,0,0,0,0,0,1,0,0,0,0,1,1,2
MT,Core Molding Technologies,Basic Materials,Specialty Chemicals,USA,207950000.0,27.78,23.5,2.09%,32128.0,0,1,0,0,0,0,0,0,0,0,0,0,0,0,0,0,0,0,0,0,0,0,0,0,0,0,0,0,1,0,1
MTV,Community Bancorp Inc Vermont,Financial,Banks - Regional,USA,235580000.0,12.79,42.06,0.62%,16506.0,0,0,0,0,0,0,0,0,0,0,1,0,0,0,0,0,0,0,0,0,0,0,0,0,0,0,0,0,1,0,1
NC,Centene Corp,Healthcare,Healthcare Plans,USA,31760000000.0,,64.3,2.08%,4539421.0,0,0,0,0,0,0,0,0,0,0,0,0,0,0,0,0,0,0,0,0,0,0,0,0,-1,0,0,0,0,1,1
NDT,Conduent Inc,Technology,Information Technology Services,USA,255050000.0,,1.64,-0.61%,850254.0,0,0,0,0,0,0,0,0,0,0,1,0,0,0,0,0,0,0,0,0,0,0,0,0,0,0,0,0,1,0,1
NEY,CN Energy Group Inc,Basic Materials,Specialty Chemicals,China,4490000.0,,0.55,1.37%,45143.0,0,0,0,0,0,0,0,0,0,0,0,0,0,0,0,0,0,0,0,0,0,0,0,0,0,0,-1,0,0,1,1
NH,CNH Industrial NV,Industrials,Farm & Heavy Construction Machinery,United Kingdom,16460000000.0,53.29,13.3,-1.26%,10929877.0,0,1,0,0,0,1,0,0,0,0,0,0,0,0,0,0,0,0,0,0,0,0,0,0,0,0,0,0,2,0,2
NK,Cinemark Holdings Inc,Communication Services,Entertainment,USA,4170000000.0,20.0,35.97,-0.22%,2047477.0,0,0,0,-1,0,0,0,0,0,0,1,0,0,0,0,0,0,0,0,0,0,0,0,0,-1,0,0,0,1,2,3
NL,Collective Mining Ltd,Basic Materials,Gold,USA,1050000000.0,,12.11,-0.16%,202775.0,0,0,0,0,0,0,0,0,1,0,0,0,0,0,0,0,0,0,0,0,0,0,0,0,0,0,0,0,1,0,1
NM,Core & Main Inc,Industrials,Industrial Distribution,USA,7970000000.0,17.27,41.82,1.14%,2583596.0,0,0,0,0,0,1,0,0,1,1,0,0,0,0,0,0,0,0,0,0,0,0,0,0,0,0,0,0,3,0,3
NNE,Cannae Holdings Inc,Consumer Cyclical,Restaurants,USA,676210000.0,,15.59,0.32%,341989.0,0,0,0,-1,0,0,0,0,0,0,0,0,0,0,0,0,0,0,0,0,0,0,0,0,0,0,0,0,0,1,1
NO,CNO Financial Group Inc,Financial,Insurance - Life,USA,5000000000.0,18.58,54.03,0.32%,822710.0,0,0,0,0,0,0,0,0,0,0,0,0,-1,0,0,0,0,0,0,0,0,0,0,0,0,0,0,0,0,1,1
NOB,ConnectOne Bancorp Inc,Financial,Banks - Regional,USA,1540000000.0,10.02,30.52,-0.84%,323789.0,0,0,0,0,0,0,0,0,0,0,0,0,-1,0,0,0,0,0,0,0,0,0,0,0,0,0,0,0,0,1,1
NP,Centerpoint Energy Inc,Utilities,Utilities - Regulated Electric,USA,24870000000.0,22.25,37.75,-0.11%,7442025.0,0,1,0,0,0,0,0,0,0,0,0,0,0,0,0,0,0,0,0,0,0,0,0,0,0,0,0,0,1,0,1
NQ,Canadian Natural Resources Ltd,Energy,Oil & Gas E&P,Canada,99590000000.0,11.92,48.31,-0.27%,7986046.0,0,0,0,0,0,0,0,0,0,0,1,0,0,0,0,0,0,0,0,0,0,0,0,0,0,0,0,0,1,0,1
NR,Core Natural Resources Inc,Energy,Thermal Coal,USA,4520000000.0,45.94,91.01,2.30%,610489.0,0,0,0,0,0,0,0,0,1,0,0,0,0,0,0,0,0,0,0,0,0,0,0,0,0,0,0,0,1,0,1
NS,Cohen & Steers Inc,Financial,Asset Management,USA,3750000000.0,22.42,73.02,0.03%,287397.0,0,0,0,0,0,0,0,0,1,0,0,0,0,0,0,0,0,0,0,0,0,0,0,0,0,0,0,0,1,0,1
NTB,Connect Biopharma Holdings Ltd,Healthcare,Biotechnology,USA,56540000.0,,0.9,-3.14%,1431190.0,0,0,0,0,0,0,0,0,0,0,0,0,-1,-1,0,0,0,0,0,0,0,0,0,0,0,0,0,0,0,2,2
NTN,Canton Strategic Holdings Inc,Healthcare,Biotechnology,USA,185650000.0,,2.33,3.56%,739344.0,0,0,0,0,0,0,0,0,1,0,0,0,0,0,0,0,0,0,0,0,0,0,0,0,0,0,0,0,1,0,1
NTY,Century Casinos Inc,Consumer Cyclical,Resorts & Casinos,USA,28980000.0,,1.03,-0.96%,62688.0,0,0,0,0,0,0,0,0,1,0,0,0,0,0,0,0,0,0,0,0,0,0,0,0,0,0,0,0,1,0,1
NVS,Cineverse Corp,Communication Services,Entertainment,USA,46110000.0,,1.94,1.84%,85034.0,0,0,0,0,0,0,0,0,0,0,0,0,-1,0,0,0,0,0,0,0,1,0,0,0,0,0,0,0,1,1,2
NX,CNX Resources Corp,Energy,Oil & Gas E&P,USA,4770000000.0,5.39,32.24,2.35%,2162706.0,0,0,0,0,0,0,0,0,1,0,0,0,0,0,0,0,0,0,0,0,0,0,0,0,0,0,0,0,1,0,1
OAL,Range Global Coal Index ETF,Financial,Exchange Traded Fund,USA,,,24.49,1.20%,25446.0,0,0,0,0,0,0,0,0,0,0,0,0,0,0,0,0,0,0,0,0,1,0,-1,0,0,0,0,0,1,1,2
OCH,Envoy Medical Inc,Healthcare,Medical Devices,USA,50380000.0,,0.65,-3.98%,73310.0,0,0,0,0,0,0,0,0,0,0,0,0,0,0,0,0,0,1,0,0,0,0,0,0,0,0,0,0,1,0,1
OCP,Cocrystal Pharma Inc,Healthcare,Biotechnology,USA,21390000.0,,1.11,-3.06%,41304.0,0,0,0,0,0,0,0,0,0,0,0,0,-1,0,0,0,0,0,0,0,0,0,0,0,0,0,0,0,0,1,1
OE,51 Talk Online Education Group ADR,Consumer Defensive,Education & Training Services,Singapore,46600000.0,,10.94,3.40%,17151.0,0,0,0,0,0,0,0,0,1,0,0,0,0,0,0,0,0,0,0,0,0,0,0,0,0,0,0,0,1,0,1
OHH,Leverage Shares 2X Long COHR Daily ETF,Financial,Exchange Traded Fund,USA,,,7.34,-2.13%,479398.0,0,0,0,0,0,0,0,0,0,0,0,0,0,0,0,1,0,0,0,0,0,0,0,0,0,0,0,0,1,0,1
OHR,Coherent Corp,Technology,Scientific & Technical Instruments,USA,65340000000.0,81.13,333.64,-1.01%,5425910.0,0,0,0,0,0,0,0,0,0,0,0,0,-1,0,0,0,0,0,0,0,0,0,0,0,0,0,0,0,0,1,1
OHU,Cohu Inc,Technology,Semiconductor Equipment & Materials,USA,3490000000.0,,73.73,0.34%,1138110.0,0,0,0,0,0,0,0,0,0,0,0,0,0,0,0,1,0,0,0,0,0,0,0,0,0,0,0,0,1,0,1
OIG,Leverage Shares 2X Long COIN Daily ETF,Financial,Exchange Traded Fund,USA,,,5.69,6.64%,142525.0,0,0,0,0,0,0,0,0,0,0,0,0,-1,0,0,0,0,0,0,0,0,0,0,0,0,0,0,0,0,1,1
OIN,Coinbase Global Inc,Financial,Financial Data & Stock Exchanges,USA,49660000000.0,,188.22,2.85%,7828526.0,0,0,0,0,0,0,0,0,0,0,0,0,0,0,0,0,0,0,0,0,1,0,0,0,0,0,0,0,1,0,1
OLD,Americold Realty Trust Inc,Real Estate,REIT - Industrial,USA,4010000000.0,,14.05,0.57%,4158703.0,0,0,0,0,0,0,0,0,0,0,0,0,-1,-1,0,0,0,0,0,0,0,0,0,0,0,0,0,0,0,2,2
OLM,Columbia Sportswear Co,Consumer Cyclical,Apparel Manufacturing,USA,2910000000.0,14.76,56.93,-0.59%,580729.0,0,0,0,0,0,0,0,0,1,0,0,0,0,0,0,0,0,0,0,0,0,0,0,0,0,0,0,0,1,0,1
ON,Concentra Group Holdings Parent Inc,Healthcare,Medical Care Facilities,USA,4620000000.0,23.8,36.21,1.57%,1037253.0,0,0,0,0,0,0,0,-1,0,0,1,0,0,0,0,0,0,0,0,0,0,0,0,0,0,0,0,0,1,1,2
ONI,GraniteShares 2x Short COIN Daily ETF,Financial,Exchange Traded Fund,USA,,,23.5,-5.81%,240682.0,0,0,0,0,0,0,0,0,1,1,0,0,0,0,0,0,0,0,0,0,0,0,0,0,0,0,0,0,2,0,2
OOT,Australian Oilseeds Holdings Limited,Consumer Defensive,Packaged Foods,Australia,21210000.0,,0.45,-0.82%,48482.0,0,0,0,0,0,0,0,0,1,0,0,0,0,0,0,0,0,0,0,0,0,0,0,0,0,0,0,0,1,0,1
OPL,Copley Acquisition Corp,Financial,Shell Companies,Hong Kong,191770000.0,323.55,10.58,-0.05%,355.0,0,0,0,0,0,0,0,0,0,0,0,0,0,0,0,1,0,0,0,0,0,0,0,0,0,0,0,0,1,0,1
OPZ,Defiance Daily Target 2X Long Copper Miners ETF,Financial,Exchange Traded Fund,USA,,,15.87,1.09%,12055.0,0,0,0,0,0,0,0,0,0,0,0,0,0,0,0,0,0,0,0,0,1,0,0,0,0,0,0,0,1,0,1
ORD,T-REX 2X Inverse CRWV Daily Target ETF,Financial,Exchange Traded Fund,USA,,,2.89,4.89%,8494106.0,0,1,0,0,0,0,0,0,0,0,0,0,0,0,0,0,0,0,0,0,0,0,0,0,0,0,0,0,1,0,1
ORN,Teucrium Corn Fund,Financial,Exchange Traded Fund,USA,,,18.9,0.27%,150259.0,0,0,0,-1,0,0,0,0,0,0,0,0,0,0,0,0,0,0,0,0,0,0,0,0,0,0,0,0,0,1,1
ORO,iShares International Country Rotation Active ETF,Financial,Exchange Traded Fund,USA,,,36.74,0.49%,1925298.0,0,1,0,0,0,0,0,0,0,0,1,0,0,0,0,0,0,0,0,0,1,0,-1,0,0,0,0,0,3,1,4
ORP,PIMCO Investment Grade Corporate Bond Index ETF,Financial,Exchange Traded Fund,USA,,,91.46,0.01%,118553.0,0,0,0,0,0,0,0,0,1,0,0,0,0,0,0,0,0,0,0,0,0,0,0,0,0,0,0,0,1,0,1
ORZ,Core Scientific Inc,Technology,Software - Infrastructure,USA,5330000000.0,,16.6,0.91%,14730830.0,0,0,0,0,0,0,0,0,1,0,0,0,0,0,0,0,0,0,0,0,0,0,0,0,0,0,0,0,1,0,1
OSO,CoastalSouth Bancshares Inc,Financial,Banks - Regional,USA,322170000.0,12.14,26.95,-0.11%,162644.0,0,0,0,0,0,0,0,0,0,0,0,0,0,0,0,0,0,0,0,0,0,0,-1,0,0,0,0,0,0,1,1
OST,Costco Wholesale Corp,Consumer Defensive,Discount Stores,USA,409370000000.0,44.48,923.52,0.31%,1955558.0,0,1,0,0,0,1,0,0,1,1,0,0,0,0,0,0,0,0,0,0,0,0,0,0,0,0,0,0,4,0,4
OSW,Roundhill COST WeeklyPay ETF,Financial,Exchange Traded Fund,USA,,,36.93,-0.06%,728.0,0,0,0,0,0,0,0,0,1,0,0,0,0,0,0,0,0,0,0,0,0,0,0,0,0,0,0,0,1,0,1
OWG,Pacer US Large Cap Cash Cows Growth Leaders ETF,Financial,Exchange Traded Fund,USA,,,40.86,1.09%,303017.0,0,0,0,0,0,0,0,-1,0,0,0,0,0,0,0,0,0,0,0,0,0,0,0,0,0,0,0,0,0,1,1
OYA,Coya Therapeutics Inc,Healthcare,Biotechnology,USA,113770000.0,,4.85,0.83%,117247.0,0,0,0,0,0,0,0,0,0,0,0,0,-1,0,0,0,0,0,0,0,0,0,0,1,0,0,0,0,1,1,2
P,Canadian Pacific Kansas City Limited,Industrials,Railroads,Canada,75430000000.0,27.55,85.8,-0.16%,1350722.0,0,0,0,0,0,0,0,0,0,0,0,0,0,0,0,0,0,1,0,0,0,0,0,0,0,0,0,0,1,0,1
PA,Copa Holdings SA,Industrials,Airlines,Panama,5570000000.0,8.9,135.51,2.29%,344650.0,0,0,0,0,0,0,0,0,0,0,0,0,0,0,0,1,0,0,0,0,0,0,0,0,0,0,0,0,1,0,1
PAC,Cementos Pacasmayo SAA ADR,Basic Materials,Building Materials,Peru,1040000000.0,16.95,12.21,-0.89%,16740.0,0,0,0,0,0,0,0,0,0,0,1,0,0,0,0,0,0,0,0,0,0,0,-1,0,0,0,0,0,1,1,2
PER,United States Commodity Index Funds Trust,Financial,Exchange Traded Fund,USA,,,39.86,0.86%,390121.0,0,0,0,-1,0,0,0,0,0,0,1,1,0,0,0,0,0,0,0,0,0,0,0,0,0,0,0,0,2,1,3
PHC,Canterbury Park Holding Corp,Consumer Cyclical,Resorts & Casinos,USA,80860000.0,661.02,15.6,-0.95%,2711.0,0,0,0,0,0,0,0,0,1,0,0,0,0,0,0,0,0,0,0,0,0,0,0,0,0,0,0,0,1,0,1
PII,American Beacon Ionic Inflation Protection ETF,Financial,Exchange Traded Fund,USA,,,19.12,0.08%,65.0,0,0,0,0,0,0,0,0,1,0,0,0,0,0,0,0,0,0,0,0,0,0,0,0,0,0,0,0,1,0,1
PIX,Cumberland Pharmaceuticals Inc,Healthcare,Drug Manufacturers - Specialty & Generic,USA,106230000.0,,7.09,-4.06%,57057.0,0,0,0,0,0,1,0,0,0,0,0,0,0,0,0,0,0,0,0,0,0,0,0,0,0,0,0,0,1,0,1
PK,Chesapeake Utilities Corp,Utilities,Utilities - Regulated Gas,USA,3040000000.0,20.14,126.27,-0.87%,210435.0,0,0,0,0,0,0,0,0,0,0,0,0,0,0,0,0,0,0,0,0,1,0,0,0,0,0,0,0,1,0,1
PNG,Coupang Inc,Consumer Cyclical,Internet Retail,USA,25520000000.0,,14.2,3.05%,34506738.0,0,0,0,0,0,0,0,0,1,1,0,0,0,0,0,0,0,0,0,0,0,0,0,0,0,0,0,0,2,0,2
PNJ,Calamos Nasdaq - 100 Structured Alt Protection ETF -June,Financial,Exchange Traded Fund,USA,,,27.95,0.16%,10234.0,0,0,0,0,0,0,0,0,0,0,1,0,0,0,0,0,0,0,0,0,0,0,0,0,0,0,0,0,1,0,1
PRI,Capri Holdings Ltd,Consumer Cyclical,Luxury Goods,United Kingdom,1650000000.0,15.82,14.49,0.35%,3070786.0,0,0,0,0,0,0,0,0,1,0,0,0,0,0,0,0,0,0,0,0,0,0,0,0,0,0,0,0,1,0,1
PRT,Copart Inc,Industrials,Specialty Business Services,USA,25610000000.0,17.83,27.65,1.58%,11328671.0,0,0,0,0,0,0,0,0,0,0,1,0,0,0,0,0,0,0,0,0,0,0,0,0,0,0,0,0,1,0,1
PRY,Calamos Russell 2000 Structured Alt Protection ETF January,Financial,Exchange Traded Fund,USA,,,28.3,0.11%,13.0,0,0,0,0,0,0,0,-1,0,0,0,0,0,0,0,0,0,0,0,0,0,0,0,0,0,0,0,0,0,1,1
PS,Cooper-Standard Holdings Inc,Consumer Cyclical,Auto Parts,USA,391450000.0,,22.03,0.92%,167587.0,0,0,0,0,0,0,0,0,0,0,0,0,-1,0,0,0,0,0,0,0,0,0,0,0,0,0,0,0,0,1,1
PSJ,Calamos S&P 500 Structured Alt Protection ETF July,Financial,Exchange Traded Fund,USA,,,28.07,0.16%,3520.0,0,0,0,0,0,0,0,0,0,0,1,0,0,0,0,0,0,0,0,0,0,0,0,0,0,0,0,0,1,0,1
PSL,Calamos Laddered S&P 500 Structured Alt Protection ETF,Financial,Exchange Traded Fund,USA,,,28.37,0.11%,13168.0,0,0,0,0,0,0,0,0,0,0,0,0,0,0,0,0,0,0,0,0,0,0,0,0,-1,0,0,0,0,1,1
PSM,Calamos S&P 500 Structured Alt Protection ETF May,Financial,Exchange Traded Fund,USA,,,29.64,0.02%,25445.0,0,0,0,0,0,0,0,0,0,0,1,1,0,0,0,0,0,0,0,0,0,0,0,0,0,0,0,0,2,0,2
PSR,Calamos S&P 500 Structured Alt Protection ETF - March,Financial,Exchange Traded Fund,USA,,,26.25,0.22%,2023.0,0,0,0,0,0,0,0,-1,0,0,0,0,0,0,0,0,0,0,0,0,0,0,0,0,0,0,0,0,0,1,1
PSS,Consumer Portfolio Service Inc,Financial,Credit Services,USA,197370000.0,9.88,9.01,-0.88%,31173.0,0,0,0,0,0,0,0,0,1,0,0,0,0,0,0,0,0,0,0,0,0,0,0,0,0,0,0,0,1,0,1
PST,Calamos S&P 500 Structured Alt Protection ETF September,Financial,Exchange Traded Fund,USA,,,28.19,0.06%,1994.0,0,0,0,0,0,0,0,-1,0,0,0,0,0,0,0,0,0,0,0,0,0,0,0,0,0,0,0,0,0,1,1
PXR,USCF Daily Target 2X Copper Index ETF,Financial,Exchange Traded Fund,USA,,,31.84,1.87%,3324.0,0,1,0,0,0,0,0,0,0,0,1,0,0,0,0,0,0,0,0,0,0,0,0,0,0,0,0,0,2,0,2
RAC,Crown Reserve Acquisition Corp I,Financial,Shell Companies,Cayman Islands,229280000.0,83.13,10.25,0.00%,5179.0,0,0,0,0,0,0,0,0,0,0,0,0,0,0,0,0,0,1,0,0,0,0,0,0,0,0,0,0,1,0,1
RAI,CRA International Inc,Industrials,Consulting Services,USA,1080000000.0,22.81,171.29,0.53%,90479.0,0,1,0,0,0,0,0,0,0,0,0,0,0,0,0,0,0,0,0,0,0,0,0,0,0,0,0,0,1,0,1
RBN,iShares Low Carbon Optimized MSCI ACWI ETF,Financial,Exchange Traded Fund,USA,,,259.93,0.83%,13243.0,0,0,0,0,0,0,0,0,0,0,1,0,0,0,0,0,0,0,0,0,0,0,0,0,-1,0,0,0,1,1,2
RBU,Caribou Biosciences Inc,Healthcare,Biotechnology,USA,127570000.0,,1.19,-2.46%,1546867.0,0,0,0,0,0,0,0,0,1,0,0,0,0,0,0,0,0,0,0,0,0,0,0,0,0,0,0,0,1,0,1
RC,California Resources Corp,Energy,Oil & Gas E&P,USA,4710000000.0,,53.01,1.11%,736167.0,0,0,0,0,0,0,0,0,1,0,0,0,0,0,0,0,0,0,0,0,0,0,0,0,0,0,0,0,1,0,1
RCA,ProShares Ultra CRCL,Financial,Exchange Traded Fund,USA,,,17.78,4.59%,470014.0,0,0,0,0,0,0,0,0,1,0,0,0,-1,0,0,0,0,0,0,0,0,0,0,0,0,0,0,0,1,1,2
RCG,Leverage Shares 2X Long CRCL Daily ETF,Financial,Exchange Traded Fund,USA,,,12.15,5.29%,2286723.0,0,0,0,0,0,0,0,0,1,0,0,0,-1,0,0,0,0,0,0,0,0,0,0,0,0,0,0,0,1,1,2
RCO,YieldMax CRCL Option Income Strategy ETF,Financial,Exchange Traded Fund,USA,,,13.3,3.66%,84235.0,0,0,0,0,0,0,0,0,1,0,0,0,0,0,0,0,0,0,0,0,0,0,0,0,0,0,0,0,1,0,1
RDT,Simplify Opportunistic Income ETF,Financial,Exchange Traded Fund,USA,,,20.68,-0.61%,581.0,0,0,0,0,0,0,0,0,0,0,0,0,0,0,0,0,0,0,0,0,1,0,0,0,0,0,0,0,1,0,1
RDU,Tradr 2X Long CRDO Daily ETF,Financial,Exchange Traded Fund,USA,,,10.68,-5.49%,5225632.0,0,0,0,0,0,0,0,0,1,0,0,0,0,0,0,0,0,0,0,0,0,0,0,0,0,0,0,0,1,0,1
RE,Cre8 Enterprise Ltd,Industrials,Specialty Business Services,Hong Kong,5380000.0,7.13,2.67,-1.11%,9916.0,0,1,0,0,0,1,0,0,0,0,0,0,0,0,0,0,0,0,0,0,0,0,0,0,0,0,0,0,2,0,2
RESY,Cresud ADR,Industrials,Conglomerates,Argentina,842650000.0,6.69,11.88,4.76%,181140.0,0,0,0,0,0,1,0,0,0,0,0,0,0,0,0,0,0,0,0,0,0,0,0,0,0,0,0,0,1,0,1
RF,Cornerstone Total Return Fund,Financial,Closed-End Fund - Equity,USA,1040000000.0,,6.15,0.49%,871970.0,0,0,0,-1,0,0,0,0,0,0,0,0,0,0,0,1,0,0,0,0,0,0,0,0,0,0,0,0,1,1,2
RGO,Freightos Ltd,Technology,Software - Application,Israel,47370000.0,,0.91,-6.36%,33006.0,0,0,0,0,0,0,0,0,0,0,0,0,-1,-1,0,0,0,0,0,0,0,0,0,0,0,0,0,0,0,2,2
RH,CRH Plc,Basic Materials,Building Materials,USA,54990000000.0,14.57,82.65,0.87%,3940375.0,0,0,0,0,0,0,0,0,1,1,0,0,0,0,0,0,0,0,0,0,0,0,0,0,0,0,0,0,2,0,2
RI,Carters Inc,Consumer Cyclical,Apparel Retail,USA,1190000000.0,6.05,32.32,2.31%,1218491.0,0,1,0,0,0,0,0,0,0,0,0,0,0,0,0,0,0,0,0,0,0,0,0,0,0,0,0,0,1,0,1
RIS,Curis Inc,Healthcare,Biotechnology,USA,1650000.0,,0.79,-1.79%,557504.0,0,0,0,0,0,0,0,0,1,0,0,0,0,0,0,0,0,0,0,0,0,0,0,0,0,0,0,0,1,0,1
RMU,Leverage Shares 2x Long CRML Daily ETF,Financial,Exchange Traded Fund,USA,,,2.15,13.76%,1421202.0,0,0,0,0,0,0,0,0,1,0,0,0,0,0,0,0,0,0,0,0,0,0,0,0,0,0,0,0,1,0,1
RNT,Ceragon Networks Ltd,Technology,Communication Equipment,Israel,194510000.0,,2.14,-1.83%,320090.0,0,0,0,0,0,0,0,0,0,0,0,0,0,0,0,0,0,0,0,0,0,0,0,1,0,0,0,0,1,0,1
RPT,First Trust SkyBridge Crypto Industry and Digital Economy ETF,Financial,Exchange Traded Fund,USA,,,15.97,-3.45%,42517.0,0,0,0,0,0,0,0,0,0,0,0,0,0,0,0,0,0,0,0,0,1,0,0,0,0,0,0,0,1,0,1
RSH,YieldMax Short TSLA Option Income Strategy ETF,Financial,Exchange Traded Fund,USA,,,18.79,-1.32%,14608.0,0,0,0,0,0,0,0,0,1,0,0,0,0,0,0,0,0,0,0,0,0,0,0,0,0,0,0,0,1,0,1
RTC,Xtrackers US National Critical Technologies ETF,Financial,Exchange Traded Fund,USA,,,42.04,0.82%,22409.0,0,0,0,-1,0,0,0,-1,0,0,0,0,0,0,0,0,0,0,0,0,0,0,0,0,0,0,0,0,0,2,2
RUX,Columbia Core Bond ETF,Financial,Exchange Traded Fund,USA,,,28.43,-0.21%,147733.0,0,1,0,0,0,0,0,0,0,0,0,0,0,0,0,0,0,0,0,0,0,0,0,0,0,0,0,0,1,0,1
RVO,CervoMed Inc,Healthcare,Biotechnology,USA,50040000.0,,3.31,9.60%,648749.0,0,0,0,0,0,0,0,0,0,0,0,0,-1,0,0,0,0,0,0,0,0,0,0,0,0,1,0,0,1,1,2
RWD,Crowdstrike Holdings Inc,Technology,Software - Infrastructure,USA,279200000000.0,7637.82,272.67,0.97%,4840923.0,0,0,0,-1,0,0,0,0,0,0,0,0,0,0,0,0,0,0,0,0,0,0,0,0,0,0,0,0,0,1,1
RWL,GraniteShares 2x Long CRWD Daily ETF,Financial,Exchange Traded Fund,USA,,,110.82,2.26%,68669.0,0,0,0,-1,0,0,0,0,0,0,0,0,0,0,0,0,0,1,0,0,0,0,0,0,0,0,0,0,1,1,2
RWS,Crown Crafts Inc,Consumer Cyclical,"Furnishings, Fixtures & Appliances",USA,26470000.0,5.26,2.46,-0.81%,127825.0,0,0,0,0,0,0,0,0,0,0,0,0,-1,0,0,0,0,0,0,0,0,0,0,0,0,0,0,0,0,1,1
RWV,CoreWeave Inc,Technology,Software - Infrastructure,USA,48200000000.0,,87.39,-2.49%,18240603.0,0,0,0,0,0,0,0,0,1,0,0,0,0,0,0,0,0,0,0,0,0,0,0,0,0,0,0,0,1,0,1
SBR,Champions Oncology Inc,Healthcare,Biotechnology,USA,69180000.0,,4.97,0.61%,11134.0,0,0,0,0,0,0,0,0,1,0,0,0,0,0,0,0,0,0,0,0,0,0,0,0,0,0,0,0,1,0,1
SCS,Direxion Daily CSCO Bear 1X ETF,Financial,Exchange Traded Fund,USA,,,13.41,-0.33%,80785.0,0,0,0,0,0,0,0,0,0,0,0,0,0,0,0,0,0,0,0,0,1,0,0,1,0,0,0,0,2,0,2
SD,Invesco S&P Spin-Off ETF,Financial,Exchange Traded Fund,USA,,,129.94,1.04%,5046.0,0,0,0,0,0,0,0,0,1,0,0,0,0,0,0,0,0,0,0,0,0,0,0,0,0,0,0,0,1,0,1
SHI,NEOS Enhanced Income 1-3 Month T-Bill ETF,Financial,Exchange Traded Fund,USA,,,49.76,0.06%,829377.0,0,1,0,0,0,1,0,0,0,0,0,0,-1,-1,0,0,0,0,0,0,0,0,0,0,0,0,0,0,2,2,4
SHR,CoinShares Plc,Financial,Capital Markets,United Kingdom,637910000.0,25.64,4.84,-2.22%,358527.0,0,0,0,-1,0,0,0,0,0,0,0,0,0,0,0,1,0,0,0,0,0,0,0,0,0,0,0,0,1,1,2
SL,Carlisle Companies Inc,Industrials,Building Products & Equipment,USA,13140000000.0,18.86,330.98,0.50%,557360.0,0,1,0,0,0,1,0,0,1,0,0,0,0,0,0,0,0,0,0,0,0,0,0,0,0,0,0,0,3,0,3
SPF,Cohen & Steers Preferred and Income Opportunities Active ETF,Financial,Exchange Traded Fund,USA,,,25.11,-0.14%,31485.0,0,0,0,0,0,0,0,0,0,0,0,0,-1,0,0,0,0,0,0,0,0,0,0,0,0,0,0,0,0,1,1
SPI,CSP Inc,Technology,Information Technology Services,USA,76010000.0,,7.54,-0.40%,13763.0,0,0,0,-1,0,0,0,0,0,0,0,0,0,0,0,0,0,0,0,0,0,0,0,0,0,0,0,0,0,1,1
SQ,Calamos Strategic Total Return Fund,Financial,Closed-End Fund - Debt,USA,3240000000.0,,20.36,-0.54%,210200.0,0,0,0,-1,0,0,0,0,0,0,0,0,0,0,0,0,0,0,0,0,0,0,0,0,0,0,0,0,0,1,1
SR,Centerspace,Real Estate,REIT - Residential,USA,975560000.0,69.95,55.18,1.25%,272732.0,0,0,0,0,0,0,0,0,1,0,0,0,0,0,0,0,0,0,0,0,0,0,0,0,0,0,0,0,1,0,1
SSD,Cohen & Steers Short Duration Preferred and Income Active ETF,Financial,Exchange Traded Fund,USA,,,24.51,-0.08%,1305.0,0,0,0,0,0,0,0,0,0,0,1,0,0,0,0,0,0,0,0,0,0,0,0,0,0,0,0,0,1,0,1
STM,Constellium SE,Basic Materials,Aluminum,France,3430000000.0,6.51,25.29,3.65%,1845063.0,0,0,0,0,0,0,0,0,1,0,0,0,0,0,0,0,0,0,0,0,0,0,0,0,0,0,0,0,1,0,1
SV,Carriage Services Inc,Consumer Cyclical,Personal Services,USA,512679999.99999994,11.55,32.28,0.34%,148294.0,0,0,0,0,0,0,0,0,1,1,0,0,0,0,0,0,0,0,0,0,0,0,0,0,0,0,0,0,2,0,2
TAA,ClearThink 1 Acquisition Corp,Financial,Shell Companies,USA,169760000.0,,9.96,0.10%,9.0,0,0,0,0,0,0,0,0,0,0,1,0,0,0,0,0,0,0,0,0,0,0,-1,0,0,0,0,0,1,1,2
TAP,Simplify US Equity PLUS Managed Futures Strategy ETF,Financial,Exchange Traded Fund,USA,,,29.81,-0.53%,12814.0,0,0,0,0,0,0,0,0,0,0,0,0,-1,0,0,0,0,0,0,0,0,0,0,0,0,0,0,0,0,1,1
TEX,ProShares S&P Kensho Cleantech ETF,Financial,Exchange Traded Fund,USA,,,31.18,-0.39%,503.0,0,0,0,0,0,1,0,0,0,0,0,0,0,0,0,0,0,0,0,0,0,0,0,0,0,0,0,0,1,0,1
TGO,Contango Silver & Gold Inc,Basic Materials,Gold,USA,561130000.0,,16.78,0.60%,273267.0,0,0,0,-1,0,0,0,0,1,1,0,0,0,0,0,0,0,0,0,0,0,0,0,0,0,0,0,0,2,1,3
TJN,Corgi U.S. Equities 30% Structured Buffer ETF - June Series,Financial,Exchange Traded Fund,USA,,,25.5,0.39%,13006.0,0,0,0,0,0,0,0,0,0,0,1,0,0,0,0,0,0,0,0,0,1,0,0,0,-1,0,0,0,2,1,3
TKB,Cytek BioSciences Inc,Healthcare,Medical Devices,USA,791600000.0,,6.09,3.75%,1788138.0,0,0,0,0,0,0,0,0,0,0,0,0,0,0,0,0,0,0,0,0,0,0,0,0,0,0,0,1,1,0,1
TM,Castellum Inc,Technology,Information Technology Services,USA,59140000.0,,0.62,-0.89%,345557.0,0,0,0,0,0,0,0,0,0,0,0,0,-1,0,0,0,0,0,0,0,0,0,0,1,0,0,0,0,1,1,2
TMA,Corgi U.S. Equities 30% Structured Buffer ETF - May Series,Financial,Exchange Traded Fund,USA,,,25.91,0.30%,6.0,0,0,0,0,0,0,0,-1,0,0,0,0,0,0,0,0,0,0,0,0,0,0,0,0,0,0,0,0,0,1,1
TNM,Contineum Therapeutics Inc,Healthcare,Biotechnology,USA,478540000.0,,12.72,-3.05%,508398.0,0,0,0,0,0,0,0,0,0,0,0,0,0,0,0,0,0,0,0,0,0,0,0,1,0,0,0,0,1,0,1
TOR,Citius Oncology Inc,Healthcare,Drug Manufacturers - Specialty & Generic,USA,81220000.0,,0.87,-8.05%,85507.0,0,0,0,0,0,0,0,0,0,0,0,0,0,0,0,0,0,0,0,0,0,0,0,1,0,0,0,0,1,0,1
TRI,Centuri Holdings Inc,Utilities,Utilities - Regulated Gas,USA,2089999999.9999998,67.29,20.72,-0.91%,2136600.0,0,1,0,0,0,0,0,0,0,0,0,0,0,0,0,0,0,0,0,0,0,0,0,0,0,0,0,0,1,0,1
TSO,Cytosorbents Corp,Healthcare,Medical Devices,USA,12490000.0,,3.96,-2.10%,8377.0,0,0,0,0,0,0,0,0,1,0,0,0,0,0,0,0,0,0,0,0,0,0,0,0,0,0,0,0,1,0,1
TVA,Corteva Inc,Basic Materials,Agricultural Inputs,USA,8270000000.0,8.19,12.39,3.94%,183237939.0,0,0,0,0,0,1,0,0,0,0,0,0,0,0,0,0,0,0,0,0,0,0,0,0,0,0,0,0,1,0,1
TW,CTW,Communication Services,Electronic Gaming & Multimedia,Japan,124800000.0,31.55,2.0,-1.48%,787.0,0,0,0,0,0,0,0,0,0,0,0,0,-1,0,0,0,0,0,0,0,0,0,0,0,0,0,0,0,0,1,1
TXR,Citius Pharmaceuticals Inc,Healthcare,Biotechnology,USA,14270000.0,,0.52,-2.18%,132551.0,0,0,0,0,0,1,0,0,0,0,0,0,0,0,0,0,0,0,0,0,0,0,0,0,0,0,0,0,1,0,1
UB,Lionheart Holdings,Financial,Shell Companies,USA,284920000.0,321.24,10.89,-0.18%,53290.0,0,0,0,0,0,0,0,0,0,0,1,0,0,0,0,0,0,0,0,0,0,0,0,0,0,0,0,0,1,0,1
UE,Cue Biopharma Inc,Healthcare,Biotechnology,USA,176960000.0,,24.36,-4.73%,272651.0,0,0,0,0,0,0,0,0,0,0,1,0,0,0,0,0,0,0,0,0,0,0,-1,0,0,0,0,0,1,1,2
ULP,Culp Inc,Consumer Cyclical,Textile Manufacturing,USA,48140000.0,,3.78,-2.83%,70461.0,0,0,0,-1,0,0,0,0,0,0,0,0,0,0,0,0,0,1,0,0,0,0,0,0,0,0,0,0,1,1,2
UPR,Cuprina Holdings (Cayman) Ltd,Healthcare,Medical Instruments & Supplies,Singapore,13260000.0,,2.25,-7.02%,43429.0,0,0,0,0,0,1,0,0,0,0,0,0,0,0,0,0,0,0,0,0,0,0,0,0,0,0,0,0,1,0,1
URR,Currenc Group Inc,Technology,Software - Application,Singapore,331230000.0,,2.95,-4.84%,99777.0,0,0,0,0,0,0,0,0,0,0,0,0,0,0,0,1,0,0,0,0,0,0,0,0,0,0,0,0,1,0,1
URX,Curanex Pharmaceuticals Inc,Healthcare,Biotechnology,USA,7780000.0,,4.96,5.08%,87375.0,0,0,0,0,0,0,0,0,1,0,0,0,0,0,0,0,0,0,0,0,0,0,0,0,0,0,0,0,1,0,1
V,CapsoVision Inc,Healthcare,Medical Devices,USA,350390000.0,,6.59,6.73%,90366.0,0,0,0,0,0,0,0,0,0,0,0,0,0,0,0,1,0,0,0,0,0,0,0,0,0,0,0,0,1,0,1
VEO,Civeo Corp,Consumer Cyclical,Lodging,USA,335840000.0,,32.49,-2.05%,61136.0,0,1,0,-1,0,0,0,0,0,0,0,0,0,0,0,1,0,0,0,0,0,0,0,0,0,0,0,0,2,1,3
VGI,Commercial Vehicle Group Inc,Consumer Cyclical,Auto Parts,USA,121900000.0,,3.0,1.35%,213576.0,0,0,0,0,0,0,0,0,1,0,0,0,0,0,0,0,0,0,0,0,0,0,0,0,0,0,0,0,1,0,1
VIE,Calvert International Responsible Index ETF,Financial,Exchange Traded Fund,USA,,,84.13,0.31%,17953.0,0,0,0,0,0,0,0,0,0,0,1,0,0,0,0,0,0,0,0,0,0,0,0,0,-1,0,0,0,1,1,2
VNA,Carvana Co,Consumer Cyclical,Auto & Truck Dealerships,USA,70120000000.0,29.56,63.72,-0.08%,6993156.0,0,0,0,0,0,0,0,0,0,0,0,0,0,0,0,1,0,0,0,0,0,0,0,0,0,0,0,0,1,0,1
VNY,YieldMax CVNA Option Income Strategy ETF,Financial,Exchange Traded Fund,USA,,,17.7,-0.90%,13929.0,0,0,0,0,0,0,0,0,1,0,0,0,0,0,0,0,0,0,0,0,0,0,0,0,0,0,0,0,1,0,1
VR,Chicago Rivet & Machine Co,Industrials,Tools & Accessories,USA,10150000.0,,10.51,-6.16%,1780.0,0,1,0,0,0,0,0,0,0,0,0,0,-1,0,0,0,0,0,0,0,0,0,0,0,0,0,0,0,1,1,2
VRD,Madison Covered Call ETF,Financial,Exchange Traded Fund,USA,,,18.08,0.74%,395.0,0,0,0,0,0,0,0,0,0,0,0,0,0,0,0,0,0,0,0,0,1,0,0,1,0,0,0,0,2,0,2
VRT,Calamos Convertible Equity Alternative ETF,Financial,Exchange Traded Fund,USA,,,47.33,0.02%,3662.0,0,0,0,0,0,0,0,0,1,1,0,0,0,0,0,0,0,0,0,0,0,0,0,0,0,0,0,0,2,0,2
VSA,Covista Inc,Consumer Defensive,Education & Training Services,USA,4269999999.9999995,19.13,125.39,-0.07%,408267.0,0,0,0,-1,0,0,0,0,0,0,0,0,0,0,0,0,0,0,0,0,0,0,0,0,0,0,0,0,0,1,1
VSB,Calvert Ultra-Short Investment Grade ETF,Financial,Exchange Traded Fund,USA,,,50.47,0.04%,12756.0,0,1,0,0,0,0,0,0,0,0,0,0,0,0,0,0,0,0,0,0,0,0,0,0,0,0,0,0,1,0,1
VU,CPI Aerostructures Inc,Industrials,Aerospace & Defense,USA,67570000.0,17.76,5.1,-1.35%,56379.0,0,0,0,0,0,0,0,-1,0,0,0,0,0,0,0,0,0,0,0,0,0,0,0,0,0,0,0,0,0,1,1
WCO,Consolidated Water Co Ltd,Utilities,Utilities - Regulated Water,Cayman Islands,485510000.0,30.18,30.32,0.56%,97287.0,0,0,0,0,0,0,0,0,1,1,0,0,0,0,0,0,0,0,0,0,0,0,0,0,0,0,0,0,2,0,2
WD,CaliberCos Inc,Financial,Asset Management,USA,5710000.0,,0.55,-3.45%,182261.0,0,0,0,0,0,0,0,0,1,0,0,0,0,0,0,0,0,0,0,0,0,0,0,0,0,0,0,0,1,0,1
WEB,Direxion Daily CSI China Internet Index Bull 2X ETF,Financial,Exchange Traded Fund,USA,,,18.43,5.98%,667140.0,0,0,0,0,0,0,0,0,0,0,0,0,-1,0,0,0,0,0,0,0,0,0,0,1,0,0,0,0,1,1,2
WEN,Clearway Energy Inc,Utilities,Utilities - Renewable,USA,6060000000.0,37.34,29.52,0.61%,1689895.0,0,0,0,0,0,0,0,0,1,0,0,0,0,0,0,0,0,0,0,0,0,0,0,0,0,0,0,0,1,0,1
WI,State Street SPDR MSCI ACWI ex-US ETF,Financial,Exchange Traded Fund,USA,,,40.85,0.52%,455742.0,0,0,0,-1,0,0,0,-1,0,0,0,0,0,0,0,0,0,1,0,0,0,0,0,0,0,0,0,0,1,2,3
WVX,Tradr 2X Long CRWV Daily ETF,Financial,Exchange Traded Fund,USA,,,15.22,-5.23%,839212.0,0,0,0,0,0,0,0,0,1,0,0,0,0,0,0,0,0,0,0,0,0,0,0,0,0,0,0,0,1,0,1
XII,Churchill Capital Corp XII,Financial,Shell Companies,USA,597160000.0,,10.75,-0.46%,1362.0,0,1,0,0,0,0,0,0,0,0,0,0,0,0,0,0,0,0,0,0,0,0,0,0,0,0,0,0,1,0,1
XM,Sprinklr Inc,Technology,Software - Application,USA,1210000000.0,55.58,5.23,0.58%,2521306.0,0,0,0,0,0,0,0,0,0,0,0,0,0,0,0,0,0,0,0,0,0,0,0,1,0,0,0,0,1,0,1
XSE,WisdomTree China ex-State-Owned Enterprises Fund,Financial,Exchange Traded Fund,USA,,,35.1,1.66%,12594.0,0,0,0,0,0,0,0,0,1,0,0,0,0,0,0,0,0,0,0,0,0,0,0,0,0,0,0,0,1,0,1
YRX,CryoPort Inc,Industrials,Integrated Freight & Logistics,USA,918770000.0,,18.14,4.07%,1054703.0,0,1,0,0,0,0,0,0,0,0,0,0,0,0,0,0,0,1,0,0,0,0,0,0,0,0,0,0,2,0,2
ZWI,Citizens Community Bancorp Inc MD,Financial,Banks - Regional,USA,205650000.0,16.2,21.31,0.05%,24848.0,0,0,0,0,0,0,0,0,1,0,0,0,0,0,0,0,0,0,0,0,0,0,0,0,0,0,-1,0,1,1,2
,Dominion Energy Inc,Utilities,Utilities - Regulated Electric,USA,53670000000.0,21.22,61.02,-0.47%,4047246.0,0,0,0,0,0,1,0,0,0,0,0,0,0,0,0,0,0,0,0,0,0,0,0,0,0,0,0,0,1,0,1
ABS,DoubleLine Asset-Backed Securities ETF,Financial,Exchange Traded Fund,USA,,,49.6,0.03%,16667.0,0,0,0,0,0,1,0,0,1,1,0,0,0,0,0,0,0,0,0,0,0,0,0,0,0,0,0,0,3,0,3
ADS,Digital Asset Debt Strategy ETF,Financial,Exchange Traded Fund,USA,,,19.56,0.08%,1023.0,0,0,0,0,0,0,0,0,0,0,0,0,0,0,0,0,0,0,0,0,0,0,0,0,0,0,-1,0,0,1,1
AKT,Daktronics Inc,Technology,Electronic Components,USA,856050000.0,18.09,17.8,-0.89%,281485.0,0,1,0,0,0,0,0,0,1,0,0,0,0,0,0,0,0,0,0,0,0,0,0,0,0,0,0,0,2,0,2
ANA,Dana Limited Volatility ETF,Financial,Exchange Traded Fund,USA,,,24.92,0.02%,1000.0,0,0,0,0,0,1,0,0,1,1,0,0,0,0,0,0,0,0,0,-1,0,0,0,0,0,0,0,0,3,1,4
APR,FT Vest U.S. Equity Deep Buffer ETF - April,Financial,Exchange Traded Fund,USA,,,41.97,0.37%,6926.0,0,0,0,0,0,0,0,-1,0,0,0,0,0,0,0,0,0,0,0,0,0,0,0,0,0,0,0,0,0,1,1
AR,Darling Ingredients Inc,Consumer Defensive,Packaged Foods,USA,9890000000.0,16.85,62.7,-0.38%,2034365.0,0,0,0,-1,0,0,0,0,0,0,0,0,0,0,0,0,0,0,0,0,0,0,0,0,0,0,0,0,0,1,1
AUG,FT Vest U.S. Equity Deep Buffer ETF - August,Financial,Exchange Traded Fund,USA,,,47.88,0.24%,9388.0,0,0,0,0,0,0,0,0,0,0,1,0,0,0,0,0,0,0,0,0,0,0,0,0,0,0,0,0,1,0,1
AVA,Endava plc ADR,Technology,Software - Infrastructure,United Kingdom,81480000.0,,1.91,-0.52%,246138.0,0,0,0,0,0,0,0,0,0,0,0,0,0,0,0,0,0,0,0,-1,0,0,0,0,0,0,0,0,0,1,1
BAW,Xtrackers MSCI All World ex US Hedged Equity ETF,Financial,Exchange Traded Fund,USA,,,48.48,0.65%,33351.0,0,0,0,0,0,0,0,0,0,0,1,1,0,0,0,0,0,0,0,0,0,0,0,0,-1,0,0,0,2,1,3
BB,Invesco DB Base Metals Fund,Financial,Exchange Traded Fund,USA,,,25.08,0.76%,117916.0,0,0,0,0,0,0,0,0,0,0,0,0,0,0,0,1,0,0,0,0,0,0,0,0,0,0,0,0,1,0,1
BI,Designer Brands Inc,Consumer Cyclical,Footwear & Accessories,USA,305210000.0,20.94,5.97,-1.49%,636354.0,0,0,0,0,0,0,0,0,0,0,0,0,0,0,0,0,0,0,0,0,0,0,0,1,0,0,0,0,1,0,1
BJP,Xtrackers MSCI Japan Hedged Equity ETF,Financial,Exchange Traded Fund,USA,,,119.64,0.55%,37188.0,0,0,0,0,0,0,0,0,0,0,0,0,0,0,0,0,0,1,0,0,0,0,0,0,0,0,0,0,1,0,1
BL,DoubleLine Opportunistic Credit Fund,Financial,Closed-End Fund - Debt,USA,260399999.99999997,,13.17,-3.73%,524486.0,0,0,0,-1,0,0,0,0,0,0,0,0,0,0,0,0,0,0,0,0,0,0,0,0,0,0,0,0,0,1,1
BND,DoubleLine Opportunistic Core Bond ETF,Financial,Exchange Traded Fund,USA,,,43.29,-0.08%,147195.0,0,0,0,0,0,0,0,0,1,1,0,0,0,0,0,0,0,0,0,0,0,0,0,0,0,0,0,0,2,0,2
CH,Dauch Corp,Consumer Cyclical,Auto Parts,USA,1340000000.0,,5.65,0.89%,5958321.0,0,0,0,0,0,0,0,0,0,0,0,0,-1,0,0,0,0,0,0,0,0,0,0,0,0,0,0,0,0,1,1
COY,Decoy Therapeutics Inc,Healthcare,Biotechnology,USA,3080000.0,,1.67,-5.65%,108013.0,0,0,0,0,0,0,0,0,1,0,0,0,0,0,0,0,0,0,0,0,0,0,0,0,0,0,0,0,1,0,1
D,DuPont de Nemours Inc,Basic Materials,Specialty Chemicals,USA,17650000000.0,310.43,130.69,0.55%,700667.0,0,0,0,0,0,0,0,0,0,0,0,0,-1,0,0,0,0,0,0,0,0,0,0,0,0,0,0,0,0,1,1
DD,3D Systems Corp,Technology,Computer Hardware,USA,591490000.0,,3.56,-5.82%,3043990.0,0,0,0,0,0,0,0,0,0,0,1,0,0,0,0,0,0,0,0,0,0,0,-1,0,0,0,0,0,1,1,2
DEC,FT Vest U.S. Equity Deep Buffer ETF - December,Financial,Exchange Traded Fund,USA,,,48.87,0.23%,5171.0,0,0,0,0,0,0,0,0,0,0,0,0,0,0,0,0,0,1,0,0,0,0,0,0,0,0,0,0,1,0,1
DFA,Innovator Equity Dual Directional 15 Buffer ETF - April,Financial,Exchange Traded Fund,USA,,,20.66,0.15%,2512243.0,0,0,0,0,0,1,0,0,0,0,0,0,0,0,0,0,0,1,0,0,0,0,0,0,0,0,0,0,2,0,2
DFL,Innovator Equity Dual Directional 15 Buffer ETF - July,Financial,Exchange Traded Fund,USA,,,21.7,0.23%,4393.0,0,0,0,0,0,0,0,-1,0,0,0,0,0,0,0,0,0,0,0,0,0,0,0,0,0,0,0,0,0,1,1
DFZ,Innovator Equity Dual Directional 15 Buffer ETF - June,Financial,Exchange Traded Fund,USA,,,19.87,0.36%,9055.0,0,0,0,0,0,0,0,0,0,0,1,0,0,0,0,0,0,0,0,0,0,0,0,0,0,0,0,0,1,0,1
DLS,WisdomTree Dynamic International SmallCap Equity Fund,Financial,Exchange Traded Fund,USA,,,45.05,-0.18%,15779.0,0,0,0,0,0,0,0,0,0,0,1,1,0,0,0,0,0,0,0,0,0,0,0,0,0,0,0,0,2,0,2
DTL,Innovator Equity Dual Directional 10 Buffer ETF - July,Financial,Exchange Traded Fund,USA,,,22.66,0.42%,1126.0,0,0,0,0,0,0,0,-1,0,0,1,0,0,0,0,0,0,0,0,0,0,0,0,0,0,0,0,0,1,1,2
DTN,Innovator Equity Dual Directional 10 Buffer ETF - November,Financial,Exchange Traded Fund,USA,,,21.13,0.35%,1873.0,0,0,0,0,0,0,0,-1,0,0,0,0,0,0,0,0,0,0,0,0,0,0,0,0,0,0,0,0,0,1,1
DTS,Innovator Equity Dual Directional 10 Buffer ETF - September,Financial,Exchange Traded Fund,USA,,,23.11,0.25%,10365.0,0,0,0,0,0,0,0,-1,0,0,0,0,0,0,0,0,0,0,0,0,0,0,0,0,0,0,0,0,0,1,1
DTY,Innovator Equity Dual Directional 10 Buffer ETF - May,Financial,Exchange Traded Fund,USA,,,20.84,0.31%,5635.0,0,0,0,0,0,0,0,-1,0,0,0,0,0,0,0,0,0,0,0,0,0,0,0,0,0,0,0,0,0,1,1
DXX,Defined Duration 20 ETF,Financial,Exchange Traded Fund,USA,,,28.1,0.50%,2128.0,0,0,0,0,0,0,0,0,0,0,1,0,0,0,0,0,0,0,0,0,0,0,-1,0,0,0,0,0,1,1,2
EC,Diversified Energy Co,Energy,Oil & Gas Integrated,USA,963180000.0,,13.61,1.42%,504530.0,0,0,0,0,0,0,0,0,0,0,0,0,-1,0,0,0,0,0,0,0,0,0,0,0,0,0,0,0,0,1,1
ECP,PGIM S&P 500 Buffer 12 ETF - December,Financial,Exchange Traded Fund,USA,,,33.69,0.33%,814.0,0,0,0,0,0,0,0,0,0,0,1,0,0,0,0,0,0,0,0,0,0,0,0,0,0,0,0,0,1,0,1
ECT,AllianzIM U.S. Equity Buffer10 Dec ETF,Financial,Exchange Traded Fund,USA,,,40.74,0.41%,6172.0,0,0,0,0,0,0,0,0,0,0,0,0,0,0,0,0,0,1,0,0,0,0,0,0,0,0,0,0,1,0,1
ECZ,TrueShares Structured Outcome (December) ETF,Financial,Exchange Traded Fund,USA,,,44.39,0.54%,86.0,0,0,0,0,0,0,0,0,0,0,1,0,0,0,0,0,0,0,0,0,0,0,-1,0,0,0,0,0,1,1,2
EEF,Xtrackers FTSE Developed ex US Multifactor ETF,Financial,Exchange Traded Fund,USA,,,38.89,-0.14%,614.0,0,0,0,0,0,0,0,0,0,0,1,0,0,0,0,0,0,0,0,0,0,0,0,0,0,0,0,0,1,0,1
EM,WisdomTree Emerging Markets High Dividend Fund,Financial,Exchange Traded Fund,USA,,,55.83,0.74%,111579.0,0,1,0,0,0,0,0,-1,0,0,0,0,0,0,0,0,0,0,0,0,0,0,0,0,0,0,0,0,1,1,2
ETX,Liberty Defense Holdings Ltd,Industrials,Security & Protection Services,USA,11640000.0,,2.05,-2.84%,6460.0,0,0,0,0,0,0,0,0,1,1,0,0,0,0,0,0,0,0,0,0,0,0,0,0,0,0,0,0,2,0,2
FAL,Dimensional US Large Cap Core Equity Market ETF,Financial,Exchange Traded Fund,USA,,,52.17,0.63%,48804.0,0,0,0,0,0,0,0,0,1,0,0,0,0,0,0,0,0,0,0,0,0,0,0,0,0,0,0,0,1,0,1
FAX,Dimensional World ex U.S. Core Equity 2 ETF,Financial,Exchange Traded Fund,USA,,,37.45,0.46%,471994.0,0,0,0,-1,0,0,0,-1,0,0,0,0,0,0,0,0,0,0,0,0,0,0,0,0,0,0,0,0,0,2,2
FCF,Dimensional Core Fixed Income ETF,Financial,Exchange Traded Fund,USA,,,40.1,-0.02%,1766155.0,0,0,0,0,0,0,0,0,1,1,0,0,0,0,0,0,0,0,0,0,0,0,0,0,0,0,0,0,2,0,2
FE,WisdomTree Europe SmallCap Dividend Fund,Financial,Exchange Traded Fund,USA,,,73.53,-0.41%,1791.0,0,0,0,0,0,0,0,0,0,0,1,1,0,0,0,0,0,0,0,0,0,0,0,0,0,0,0,0,2,0,2
FGP,Dimensional Global Core Plus Fixed Income ETF,Financial,Exchange Traded Fund,USA,,,51.98,-0.04%,555929.0,0,0,0,0,0,0,0,0,1,0,0,0,0,0,0,0,0,0,0,0,0,0,0,0,0,0,0,0,1,0,1
FGX,Dimensional International Core Fixed Income ETF,Financial,Exchange Traded Fund,USA,,,51.29,0.07%,306879.0,0,0,0,0,0,0,0,0,1,0,0,0,0,0,0,0,0,0,0,0,0,0,0,0,0,0,0,0,1,0,1
FH,Dream Finders Homes Inc,Consumer Cyclical,Residential Construction,USA,894480000.0,6.95,9.88,-8.09%,1533984.0,0,0,0,0,0,0,0,0,0,0,0,0,-1,-1,0,0,0,0,0,0,1,0,0,0,0,0,0,0,1,2,3
FSC,DEFSEC Technologies Inc,Industrials,Aerospace & Defense,Canada,2700000.0,,1.01,-9.01%,166992.0,0,0,0,0,0,0,0,0,1,0,0,0,0,0,0,0,0,0,0,0,0,0,0,0,0,0,0,0,1,0,1
GAP,FT Vest U.S. Equity Buffer & Digital Return ETF - April,Financial,Exchange Traded Fund,USA,,,31.26,0.11%,7.0,0,0,0,0,0,0,0,-1,0,0,0,0,0,0,0,0,0,0,0,0,0,0,0,0,0,0,0,0,0,1,1
GCB,Dimensional Global Credit ETF,Financial,Exchange Traded Fund,USA,,,51.96,0.04%,73946.0,0,0,0,0,0,0,0,0,1,0,0,0,0,0,0,0,0,0,0,0,0,0,0,0,0,0,0,0,1,0,1
GRW,WisdomTree U.S. Quality Dividend Growth Fund,Financial,Exchange Traded Fund,USA,,,98.79,0.64%,276308.0,0,0,0,0,0,0,0,0,0,0,0,0,0,0,0,0,0,0,0,0,0,0,-1,0,0,0,0,0,0,1,1
HC,Diversified Healthcare Trust,Real Estate,REIT - Healthcare Facilities,USA,1830000000.0,,7.54,-2.46%,1641774.0,0,0,0,0,0,0,0,0,0,0,0,0,0,0,0,0,0,0,0,0,0,0,-1,0,0,0,0,0,0,1,1
HI,D.R. Horton Inc,Consumer Cyclical,Residential Construction,USA,37260000000.0,12.67,133.23,-1.31%,4891101.0,0,0,0,0,0,0,0,0,0,0,1,1,0,0,0,0,0,0,0,0,0,0,0,0,0,0,0,0,2,0,2
IAL,Columbia Diversified Fixed Income Allocation ETF,Financial,Exchange Traded Fund,USA,,,17.17,0.18%,76512.0,0,0,0,0,0,0,0,0,1,0,0,0,0,0,0,0,0,0,0,0,0,0,0,0,0,0,0,0,1,0,1
INT,Davis Select International ETF,Financial,Exchange Traded Fund,USA,,,28.18,0.93%,6398.0,0,0,0,0,0,0,0,-1,0,0,0,0,0,0,0,0,0,0,0,0,0,0,0,0,0,0,0,0,0,1,1
IOD,Diodes Inc,Technology,Semiconductors,USA,4770000000.0,55.76,103.53,-0.30%,421401.0,0,0,0,0,0,0,0,0,1,0,0,0,0,0,0,0,0,0,0,0,0,0,0,0,0,0,0,0,1,0,1
IS,Walt Disney Co,Communication Services,Entertainment,USA,178900000000.0,21.37,103.61,1.39%,7039344.0,0,0,0,0,0,0,0,0,0,0,0,0,0,0,0,0,0,0,0,0,0,0,0,1,0,0,0,0,1,0,1
ISK,Tema Memory ETF,Financial,Exchange Traded Fund,USA,,,39.5,0.03%,50354.0,0,0,0,0,0,0,0,0,0,0,1,0,-1,0,0,0,0,0,0,0,0,0,0,0,0,0,0,0,1,1,2
IT,Amcon Distributing Company,Consumer Defensive,Food Distribution,USA,64840000.0,36.01,67.73,0.25%,4672.0,0,0,0,0,0,1,0,0,1,1,0,0,0,0,0,0,0,0,0,0,0,0,0,0,0,0,0,0,3,0,3
JAN,FT Vest U.S. Equity Deep Buffer ETF - January,Financial,Exchange Traded Fund,USA,,,46.91,0.29%,3435.0,0,0,0,-1,0,0,0,-1,0,0,0,0,0,0,0,0,0,1,0,0,0,0,0,0,0,0,0,0,1,2,3
JD,Invesco Dow Jones Industrial Average Dividend ETF,Financial,Exchange Traded Fund,USA,,,62.56,-0.02%,31689.0,0,0,0,0,0,0,0,0,0,0,0,0,0,0,0,0,0,1,0,0,0,0,0,0,0,0,0,0,1,0,1
JUN,FT Vest U.S. Equity Deep Buffer ETF - June,Financial,Exchange Traded Fund,USA,,,50.43,0.41%,2645.0,0,0,0,0,0,0,0,-1,0,0,0,0,0,0,0,0,0,0,0,0,0,0,0,0,0,0,0,0,0,1,1
K,Delek US Holdings Inc,Energy,Oil & Gas Refining & Marketing,USA,4620000000.0,21.2,75.4,1.63%,1552177.0,0,0,0,0,0,0,0,0,0,0,0,0,0,0,0,0,0,1,0,0,0,0,0,0,0,0,0,0,1,0,1
KNG,DraftKings Inc,Consumer Cyclical,Gambling,USA,17430000000.0,,19.6,5.43%,25742334.0,0,1,0,0,0,0,0,0,0,0,0,0,-1,0,0,0,0,0,0,0,0,0,0,0,0,0,0,0,1,1,2
KS,Dicks Sporting Goods Inc,Consumer Cyclical,Specialty Retail,USA,12190000000.0,14.73,137.13,0.77%,3848574.0,0,0,0,0,0,0,0,0,0,0,0,0,0,0,0,0,0,0,0,0,0,0,0,1,0,0,0,0,1,0,1
LAG,FT Vest U.S. Equity Dual Directional Buffer ETF - August,Financial,Exchange Traded Fund,USA,,,33.94,0.30%,7666.0,0,0,0,-1,0,0,0,-1,0,0,0,0,0,0,0,0,0,0,0,0,0,0,0,0,0,0,0,0,0,2,2
LO,DLocal Limited,Technology,Software - Infrastructure,Uruguay,4099999999.9999995,21.24,14.52,5.64%,2571612.0,0,0,0,-1,0,0,0,0,0,0,0,0,0,0,0,0,0,0,0,0,0,0,0,0,0,0,0,0,0,1,1
LPN,Dolphin Entertainment Inc,Communication Services,Advertising Agencies,USA,14370000.0,,1.1,7.08%,9816.0,0,0,0,0,0,0,0,0,1,0,0,0,0,0,0,0,0,0,0,0,0,0,0,0,0,0,0,0,1,0,1
LUX,DoubleLine Ultrashort Income ETF,Financial,Exchange Traded Fund,USA,,,49.85,0.06%,19034.0,0,0,0,-1,0,0,0,0,0,0,0,0,0,0,0,0,0,0,0,0,0,0,0,0,0,0,0,0,0,1,1
LX,Deluxe Corp,Industrials,Conglomerates,USA,1040000000.0,10.38,22.67,0.27%,577038.0,0,0,0,0,0,0,0,0,1,0,0,0,0,0,0,0,0,0,0,0,0,0,0,0,0,0,0,0,1,0,1
MA,Destra Multi-Alternative Fund,Financial,Closed-End Fund - Equity,USA,67050000.0,,7.48,0.54%,4989.0,0,0,0,0,0,0,0,0,0,0,1,0,0,0,0,0,0,0,0,0,0,0,0,0,0,0,0,0,1,0,1
MAA,Drugs Made In America Acquisition Corp,Financial,Shell Companies,USA,263760000.0,58.6,10.9,0.18%,45.0,0,0,0,0,0,0,0,0,0,0,0,0,0,0,0,0,0,1,0,0,0,0,0,0,0,0,0,0,1,0,1
MAY,FT Vest U.S. Equity Deep Buffer ETF - May,Financial,Exchange Traded Fund,USA,,,48.29,0.22%,4075.0,0,0,0,0,0,0,0,-1,0,0,0,0,0,0,0,0,0,0,0,0,0,0,0,0,0,0,0,0,0,1,1
MLP,Dorchester Minerals LP,Energy,Oil & Gas E&P,USA,1420000000.0,16.54,28.99,1.22%,102193.0,0,0,0,-1,0,0,0,0,0,0,0,0,0,0,0,0,0,0,0,0,0,0,0,0,0,0,0,0,0,1,1
MX,DoubleLine Multi-Sector Income ETF,Financial,Exchange Traded Fund,USA,,,48.71,-0.10%,23004.0,0,0,0,-1,0,0,0,0,0,0,0,0,0,0,0,0,0,0,0,-1,0,0,0,0,0,0,0,0,0,2,2
NA,Ginkgo Bioworks Holdings Inc,Healthcare,Biotechnology,USA,1010000000.0,,14.98,21.30%,7690911.0,0,1,0,0,0,0,0,0,0,0,1,0,0,0,0,0,0,0,0,0,0,0,0,0,0,0,0,0,2,0,2
NL,WisdomTree Global ex-U.S. Quality Growth Fund,Financial,Exchange Traded Fund,USA,,,45.51,0.61%,22720.0,0,1,0,-1,0,0,0,0,0,0,0,0,0,0,0,0,0,1,0,0,0,0,0,0,0,0,0,0,2,1,3
NLI,Denali Therapeutics Inc,Healthcare,Biotechnology,USA,3180000000.0,,19.91,-0.45%,1717655.0,0,1,0,0,0,0,0,0,0,0,0,0,0,0,0,0,0,0,0,0,0,0,0,0,0,0,0,0,1,0,1
NUT,Krispy Kreme Inc,Consumer Defensive,Grocery Stores,USA,501420000.0,,2.89,0.00%,1772101.0,0,0,0,0,0,0,0,0,1,0,0,0,0,0,0,0,0,0,0,0,0,0,0,0,0,0,0,0,1,0,1
OLE,Dole plc,Consumer Defensive,Farm Products,Ireland,1210000000.0,16.48,12.8,0.39%,711465.0,0,0,0,-1,0,0,0,0,1,0,0,0,0,0,0,0,0,0,0,0,0,0,0,0,0,0,0,0,1,1,2
OMH,Dominari Holdings Inc,Financial,Capital Markets,USA,50920000.0,,2.1,-6.25%,86056.0,0,0,0,0,0,0,0,0,1,1,0,0,0,0,0,0,0,0,0,0,0,0,0,0,0,0,0,0,2,0,2
OO,BRP Inc,Consumer Cyclical,Recreational Vehicles,Canada,3910000000.0,50.12,55.0,-1.79%,201930.0,0,0,0,-1,0,0,0,0,0,0,0,0,0,0,0,1,0,0,0,0,0,0,0,0,0,0,0,0,1,1,2
OW,Dow Inc,Basic Materials,Chemicals,USA,20590000000.0,,28.51,1.93%,7164939.0,0,0,0,0,0,0,0,0,1,0,0,0,0,0,0,0,0,0,0,0,0,0,0,0,0,0,0,0,1,0,1
OYU,DouYu International Holdings Ltd ADR,Communication Services,Internet Content & Information,China,131889999.99999999,,4.37,-1.80%,26525.0,0,1,0,0,0,1,0,0,0,0,0,0,-1,-1,0,0,0,0,0,0,0,0,0,0,0,0,0,0,2,2,4
PG,Duff & Phelps Utility and Infrastructure Fund Inc,Financial,Closed-End Fund - Equity,USA,462200000.0,,12.84,0.08%,99624.0,0,0,0,0,0,0,0,0,0,0,0,0,0,0,0,0,0,0,0,0,1,0,0,0,-1,0,0,0,1,1,2
PRO,Draganfly Inc,Industrials,Aerospace & Defense,Canada,182040000.0,,4.9,-7.28%,1442953.0,0,0,0,0,0,0,0,0,1,1,0,0,0,0,0,0,0,0,0,0,0,0,0,0,0,0,0,0,2,0,2
PU,Top KingWin Ltd,Financial,Capital Markets,China,4240000.0,,1.41,-9.10%,8165.0,0,0,0,0,0,0,0,0,0,0,0,0,-1,0,0,0,0,0,0,0,0,0,0,0,0,0,0,0,0,1,1
RAI,Draco Evolution AI ETF,Financial,Exchange Traded Fund,USA,,,32.91,0.20%,1427.0,0,0,0,0,0,0,0,0,1,0,0,0,0,0,0,0,0,0,0,0,0,0,0,0,0,0,0,0,1,0,1
RAL,Defiance Daily Target 2X Long DRAM ETF,Financial,Exchange Traded Fund,USA,,,11.92,-0.50%,34933.0,0,1,0,0,0,0,0,0,0,0,1,0,0,0,0,0,0,0,0,0,0,0,0,0,0,0,0,0,2,0,2
RAY,YieldMax DKNG Option Income Strategy ETF,Financial,Exchange Traded Fund,USA,,,11.51,5.54%,15353.0,0,1,0,0,0,0,0,0,0,0,0,0,0,0,0,0,0,0,0,-1,0,0,0,0,0,0,0,0,1,1,2
RI,Darden Restaurants Inc,Consumer Cyclical,Restaurants,USA,22680000000.0,19.51,199.72,-0.30%,1046754.0,0,1,0,0,0,0,0,0,0,0,0,0,0,0,0,0,0,0,0,0,0,0,0,0,0,0,0,0,1,0,1
RIP,Direxion Daily S&P Oil & Gas Exp. & Prod. Bear 2X ETF,Financial,Exchange Traded Fund,USA,,,34.38,-2.52%,775660.0,0,0,0,0,0,0,0,0,1,0,0,0,0,0,0,0,0,0,0,0,0,0,0,0,0,0,0,0,1,0,1
RMY,XFUNDS Memory Income ETF,Financial,Exchange Traded Fund,USA,,,50.89,-0.11%,12006.0,0,1,0,0,0,0,0,0,0,0,0,0,0,0,0,0,0,0,0,0,0,0,0,0,0,0,0,0,1,0,1
RNZ,REX Drone ETF,Financial,Exchange Traded Fund,USA,,,19.79,-0.30%,221798.0,0,0,0,0,0,0,0,0,1,0,0,0,0,0,0,0,0,0,0,0,0,0,0,0,0,0,0,0,1,0,1
RTS,Alpha Tau Medical Ltd,Healthcare,Biotechnology,Israel,1380000000.0,,14.89,0.81%,342442.0,0,0,0,-1,0,0,0,-1,0,0,0,0,0,0,0,0,0,0,0,0,0,0,0,0,0,0,0,0,0,2,2
RUG,Bright Minds Biosciences Inc,Healthcare,Biotechnology,USA,491130000.0,,49.79,-1.78%,55951.0,0,0,0,0,0,1,0,0,0,0,0,0,0,0,0,0,0,0,0,0,0,0,0,0,0,0,0,0,1,0,1
SAC,Daedalus Special Acquisition Corp,Financial,Shell Companies,United Kingdom,343590000.0,56.54,10.12,-0.30%,168891.0,0,0,0,-1,0,0,0,-1,0,0,0,0,0,0,0,0,0,0,0,0,0,0,0,0,0,0,0,0,0,2,2
SCO,DoubleLine Securitized Credit ETF,Financial,Exchange Traded Fund,USA,,,24.3,0.04%,25732.0,0,0,0,0,0,0,0,0,1,1,0,0,0,0,0,0,0,0,0,0,0,0,0,0,0,0,0,0,2,0,2
SGN,Design Therapeutics Inc,Healthcare,Biotechnology,USA,777270000.0,,12.42,0.65%,680775.0,0,0,0,0,0,0,0,0,0,0,1,1,0,0,0,0,0,0,0,0,0,0,0,0,-1,0,0,0,2,1,3
SI,iShares ESG MSCI KLD 400 ETF,Financial,Exchange Traded Fund,USA,,,149.46,0.93%,174351.0,0,0,0,0,0,0,0,-1,0,0,0,0,0,0,0,0,0,0,0,0,0,0,0,0,0,0,0,0,0,1,1
SM,BNY Mellon Strategic Municipal Bond Fund Inc,Financial,Closed-End Fund - Debt,USA,254560000.0,,5.15,-0.58%,314691.0,0,0,0,0,0,0,0,0,0,0,1,0,0,0,0,0,0,0,0,0,0,0,0,0,0,0,0,0,1,0,1
TAN,Sparkline International Intangible Value ETF,Financial,Exchange Traded Fund,USA,,,32.46,0.38%,4746.0,0,0,0,0,0,0,0,-1,0,0,0,0,0,0,0,0,0,0,0,0,0,0,0,0,0,0,0,0,0,1,1
TCX,Datacentrex Inc,Financial,Financial Data & Stock Exchanges,USA,73860000.0,,1.84,0.55%,123723.0,0,0,0,0,0,0,0,0,0,0,0,0,-1,0,0,0,0,0,0,0,0,0,0,0,0,0,0,0,0,1,1
TEC,ALPS Disruptive Technologies ETF,Financial,Exchange Traded Fund,USA,,,51.85,1.18%,91032.0,0,0,0,0,0,0,0,-1,0,0,0,0,0,0,0,0,0,0,0,0,0,0,0,0,0,0,0,0,0,1,1
TI,Drilling Tools International Corp,Energy,Oil & Gas Equipment & Services,USA,83270000.0,,2.36,3.06%,64197.0,0,0,0,0,0,0,0,0,1,0,0,0,0,0,0,0,0,0,0,0,0,0,0,0,0,0,0,0,1,0,1
TRE,First Trust Alerian Disruptive Technology Real Estate ETF,Financial,Exchange Traded Fund,USA,,,39.72,0.26%,376.0,0,0,0,0,0,0,0,0,0,0,0,0,0,0,0,0,0,0,0,0,0,0,0,0,-1,0,0,0,0,1,1
TST,Data Storage Corp,Technology,Information Technology Services,USA,7920000.0,,3.39,2.11%,11213.0,0,0,0,0,0,0,0,0,1,0,0,0,0,0,0,0,0,0,0,0,0,0,0,0,0,0,0,0,1,0,1
UHP,US High Relative Profitability Portfolio ETF Class Shares,Financial,Exchange Traded Fund,USA,,,42.55,0.57%,1047211.0,0,0,0,-1,0,0,0,0,0,0,0,0,0,0,0,0,0,0,0,0,0,0,0,0,0,0,0,0,0,1,1
UKX,Ocean Park International ETF,Financial,Exchange Traded Fund,USA,,,28.89,1.07%,750.0,0,0,0,0,0,0,0,0,0,0,1,1,0,0,0,0,0,0,0,0,0,0,0,0,0,0,0,0,2,0,2
UNK,Dana Unconstrained Equity ETF,Financial,Exchange Traded Fund,USA,,,28.74,1.22%,3993.0,0,0,0,0,0,0,0,-1,0,0,1,0,0,0,0,0,0,0,0,0,0,0,0,0,0,0,0,0,1,1,2
UO,Fangdd Network Group Ltd,Real Estate,Real Estate Services,China,24010000.0,,0.62,-3.90%,56759.0,0,0,0,0,0,0,0,0,1,0,0,0,0,0,0,0,0,0,0,0,0,0,0,0,0,0,0,0,1,0,1
UOG,Leverage Shares 2X Long DUOL Daily ETF,Financial,Exchange Traded Fund,USA,,,55.01,3.93%,1928.0,0,0,0,0,0,0,0,0,0,0,0,0,0,0,0,0,0,1,0,0,0,0,0,0,0,0,0,0,1,0,1
UOT,Duos Technologies Group Inc,Technology,Software - Application,USA,289230000.0,9.36,9.19,0.88%,545454.0,0,0,0,0,0,0,0,0,0,0,0,0,0,0,0,1,0,0,0,0,0,0,0,0,0,0,-1,0,1,1,2
UTY,U.S. Defense ETF,Financial,Exchange Traded Fund,USA,,,26.97,0.38%,2107.0,0,0,0,0,0,1,0,0,0,0,0,0,0,0,0,0,0,0,0,0,0,0,0,0,0,0,0,0,1,0,1
VA,DaVita Inc,Healthcare,Medical Care Facilities,USA,11400000000.0,15.07,178.72,0.02%,452018.0,0,0,0,0,0,0,0,0,1,0,0,0,0,0,0,0,0,0,0,0,0,0,0,0,0,0,0,0,1,0,1
VDN,Kingsbarn Dividend Opportunity ETF,Financial,Exchange Traded Fund,USA,,,13.49,-1.50%,877.0,0,0,0,0,0,0,0,0,1,0,0,0,0,0,0,0,0,0,0,0,0,0,0,0,0,0,0,0,1,0,1
VN,Devon Energy Corp,Energy,Oil & Gas E&P,USA,52780000000.0,11.36,47.98,0.69%,9975057.0,0,0,0,0,0,0,0,0,0,0,1,0,0,0,0,0,0,0,0,0,0,0,-1,0,0,0,0,0,1,1,2
VSP,WEBs SPY Defined Volatility ETF,Financial,Exchange Traded Fund,USA,,,30.37,1.15%,2.0,0,0,0,0,0,0,0,-1,0,0,0,0,0,0,0,0,0,0,0,0,0,0,0,0,0,0,0,0,0,1,1
VYE,iShares Emerging Markets Dividend ETF,Financial,Exchange Traded Fund,USA,,,35.01,2.82%,96443.0,0,0,0,-1,0,0,0,0,0,0,0,0,0,0,0,0,0,0,0,0,0,0,0,0,0,0,0,0,0,1,1
WAS,Invesco Dorsey Wright SmallCap Momentum ETF,Financial,Exchange Traded Fund,USA,,,109.98,0.80%,15976.0,0,0,0,0,0,0,0,0,1,0,0,0,0,0,0,0,0,0,0,0,0,0,0,0,0,0,0,0,1,0,1
WAW,AdvisorShares Dorsey Wright FSM All Cap World ETF,Financial,Exchange Traded Fund,USA,,,49.88,0.00%,182.0,0,0,0,0,0,0,0,0,0,0,0,0,0,0,0,0,0,0,0,0,1,0,0,0,-1,0,0,0,1,1,2
WMF,WisdomTree International Multifactor ETF,Financial,Exchange Traded Fund,USA,,,33.22,0.17%,242.0,0,0,0,0,0,0,0,0,0,0,0,0,0,0,0,1,0,0,0,0,0,0,0,0,0,0,0,0,1,0,1
WTX,Dogwood Therapeutics Inc,Healthcare,Biotechnology,USA,51670000.0,,1.52,4.11%,99972.0,0,1,0,0,0,0,0,0,0,0,0,0,0,0,0,0,0,0,0,0,0,0,0,0,0,0,0,0,1,0,1
WWN,Principal Long Duration ETF,Financial,Exchange Traded Fund,USA,,,22.01,-0.75%,10.0,0,0,0,0,0,0,0,0,0,0,0,0,-1,0,0,0,0,0,0,0,0,0,0,0,0,0,0,0,0,1,1
WX,State Street SPDR S&P International Dividend ETF,Financial,Exchange Traded Fund,USA,,,45.42,-0.44%,15595.0,0,0,0,0,0,0,0,0,0,0,1,0,0,0,0,0,0,0,0,0,0,0,0,0,0,0,0,0,1,0,1
XF,Eason Technology Ltd ADR,Financial,Credit Services,China,1490000.0,,0.46,0.04%,70454.0,0,0,0,0,0,0,0,0,0,0,0,0,0,0,0,0,0,0,0,0,0,0,0,1,0,0,0,0,1,0,1
XJ,WisdomTree Japan Hedged Equity Fund,Financial,Exchange Traded Fund,USA,,,183.48,0.80%,202202.0,0,0,0,0,0,0,0,-1,0,0,0,0,0,0,0,0,0,0,0,0,0,0,0,0,0,0,0,0,0,1,1
XLG,Destination XL Group Inc,Consumer Cyclical,Apparel Retail,USA,22120000.0,,0.4,-8.13%,149490.0,0,0,0,0,0,0,0,0,0,0,0,0,0,0,0,1,0,0,0,0,0,0,0,0,0,0,0,0,1,0,1
XR,Daxor Corp,Healthcare,Medical Instruments & Supplies,USA,62080000.0,8.7,10.63,0.09%,30316.0,0,0,0,0,0,0,0,0,0,0,1,0,0,0,0,0,0,0,0,0,0,0,0,0,0,0,0,0,1,0,1
YFI,IDX Dynamic Fixed Income ETF,Financial,Exchange Traded Fund,USA,,,22.18,-0.05%,853.0,0,0,0,0,0,0,0,0,1,1,0,0,0,0,0,0,0,0,0,0,0,0,0,0,0,0,0,0,2,0,2
,Eni Spa ADR,Energy,Oil & Gas Integrated,Italy,79620000000.0,13.71,54.64,-0.16%,240084.0,0,1,0,0,0,0,0,0,0,0,1,0,0,0,0,0,0,0,0,0,1,0,0,0,-1,0,0,0,3,1,4
AD,Allspring Income Opportunities Fund,Financial,Closed-End Fund - Debt,USA,352190000.0,,5.96,-1.16%,285137.0,0,0,0,-1,0,0,0,0,1,1,0,0,0,0,0,0,0,0,0,0,0,0,0,0,0,0,0,0,2,1,3
AF,GrafTech International Ltd,Industrials,Electrical Equipment & Parts,USA,230130000.0,,8.82,-6.57%,375284.0,0,0,0,0,0,0,0,0,0,0,0,0,0,0,0,0,0,0,0,0,1,0,0,0,0,0,0,0,1,0,1
ALT,Innovator U.S. Equity 5 to 15 Buffer ETF - Quarterly,Financial,Exchange Traded Fund,USA,,,36.83,0.19%,79246.0,0,1,0,-1,0,0,0,-1,0,0,0,0,0,0,0,0,0,0,0,0,0,0,0,0,0,0,0,0,1,2,3
APR,Innovator Emerging Markets Power Buffer ETF April,Financial,Exchange Traded Fund,USA,,,34.35,1.03%,3200.0,0,1,0,0,0,0,0,0,0,0,0,0,0,0,0,0,0,0,0,0,0,0,0,0,0,0,0,0,1,0,1
ARN,Ellington Credit Co,Financial,Asset Management,USA,139700000.0,,3.66,-9.18%,1008636.0,0,0,0,0,0,0,0,0,0,0,0,0,-1,-1,0,0,0,0,0,0,0,0,0,0,0,0,0,0,0,2,2
ART,Global X Rare Earth & Critical Materials ETF,Financial,Exchange Traded Fund,USA,,,28.14,0.96%,8920.0,0,0,0,0,0,0,0,0,1,1,0,0,0,0,0,0,0,0,0,0,0,0,0,0,0,0,0,0,2,0,2
BF,Ennis Inc,Industrials,Specialty Business Services,USA,571240000.0,14.76,22.58,0.09%,160553.0,0,0,0,0,0,0,0,0,0,0,1,0,0,0,0,0,0,0,0,0,0,0,0,0,0,0,0,0,1,0,1
BND,State Street SPDR Bloomberg Emerging Markets Local Bond ETF,Financial,Exchange Traded Fund,USA,,,20.6,0.39%,403682.0,0,0,0,0,0,1,0,0,0,0,0,0,0,0,0,1,0,0,0,0,0,0,0,0,0,0,0,0,2,0,2
BON,Ebang International Holdings Inc,Technology,Computer Hardware,China,12690000.0,,2.02,-3.12%,1622.0,0,1,0,0,0,0,0,0,0,0,0,0,0,0,0,1,0,0,0,0,0,0,0,0,0,0,0,0,2,0,2
C,Ecopetrol SA ADR,Energy,Oil & Gas Integrated,Colombia,35460000000.0,10.13,17.25,3.92%,2064327.0,0,0,0,0,0,0,0,0,0,0,0,0,0,0,0,0,0,1,0,0,0,0,0,0,0,0,0,0,1,0,1
CC,Eagle Point Credit Company,Financial,Closed-End Fund - Debt,USA,453570000.0,,3.41,-1.45%,563010.0,0,0,0,0,0,0,0,0,0,0,0,0,-1,0,0,0,0,0,0,0,0,0,0,0,0,0,0,0,0,1,1
CF,Ellsworth Growth and Income Fund Ltd,Financial,Closed-End Fund - Equity,USA,161850000.0,,11.85,0.00%,78289.0,0,0,0,0,0,0,0,0,1,0,0,0,0,0,0,0,0,0,0,0,0,0,0,0,0,0,0,0,1,0,1
CG,Everus Construction Group,Industrials,Engineering & Construction,USA,6440000000.0,25.38,126.17,2.29%,614516.0,0,0,0,0,0,0,0,0,0,0,0,0,-1,0,0,0,0,0,0,0,0,0,0,0,0,0,0,0,0,1,1
CH,iShares MSCI Chile ETF,Financial,Exchange Traded Fund,USA,,,38.0,2.43%,405264.0,0,1,0,0,0,0,0,0,1,0,0,0,0,0,0,0,0,0,0,0,0,0,0,0,0,0,0,0,2,0,2
CL,Ecolab Inc,Basic Materials,Specialty Chemicals,USA,77670000000.0,37.17,277.07,1.23%,940174.0,0,0,0,0,0,0,0,0,0,0,0,0,0,0,0,0,0,0,0,0,0,0,0,0,0,0,0,1,1,0,1
CNS,iShares MSCI China Small-Cap ETF,Financial,Exchange Traded Fund,USA,,,27.32,0.83%,7519.0,0,0,0,0,0,0,0,0,1,0,0,0,0,0,0,0,0,0,0,0,0,0,0,0,0,0,0,0,1,0,1
COW,Pacer Emerging Markets Cash Cows 100 ETF,Financial,Exchange Traded Fund,USA,,,26.73,2.32%,20486.0,0,0,0,0,0,0,0,0,0,0,0,0,-1,-1,0,0,0,0,0,0,0,0,0,0,0,0,0,0,0,2,2
CPG,Encore Capital Group Inc,Financial,Credit Services,USA,2080000000.0,7.41,97.92,2.09%,198096.0,0,0,0,0,0,0,0,0,0,0,0,0,-1,0,0,0,0,0,0,0,0,0,0,0,0,0,0,0,0,1,1
CVT,Ecovyst Inc,Basic Materials,Specialty Chemicals,USA,1140000000.0,,10.37,2.47%,1030638.0,0,0,0,0,0,0,0,0,1,0,0,0,0,0,0,0,0,0,0,0,0,0,0,0,0,0,0,0,1,0,1
D,Consolidated Edison Inc,Utilities,Utilities - Regulated Electric,USA,38100000000.0,16.98,103.38,-0.01%,2095514.0,0,0,0,0,0,0,0,0,0,0,0,0,0,0,0,1,0,0,0,0,0,0,0,0,0,0,0,0,1,0,1
DC,Direxion Daily MSCI Emerging Markets Bull 3X ETF,Financial,Exchange Traded Fund,USA,,,83.4,4.81%,53788.0,0,0,0,0,0,0,0,0,0,0,0,0,0,0,0,0,0,0,0,0,0,0,0,0,0,0,-1,0,0,1,1
DF,Virtus Stone Harbor Emerging Markets Income Fund,Financial,Closed-End Fund - Foreign,USA,150580000.0,,4.68,-5.26%,411021.0,0,0,0,0,0,0,0,0,1,0,0,0,0,0,0,0,0,0,0,0,0,0,0,0,0,0,0,0,1,0,1
DGH,3EDGE Dynamic Hard Assets ETF,Financial,Exchange Traded Fund,USA,,,33.6,0.00%,33569.0,0,0,0,0,0,0,0,0,0,0,0,0,0,0,0,0,0,0,0,0,1,0,0,0,0,0,0,0,1,0,1
DGX,Global X U.S. 500 Income Edge ETF,Financial,Exchange Traded Fund,USA,,,27.01,0.28%,29041.0,0,0,0,0,0,0,0,0,0,0,1,0,0,0,0,0,0,0,0,0,0,0,0,0,0,0,0,0,1,0,1
DIV,State Street SPDR S&P Emerging Markets Dividend ETF,Financial,Exchange Traded Fund,USA,,,40.08,0.43%,102248.0,0,0,0,0,0,0,0,0,1,0,0,0,0,0,0,0,0,0,0,0,0,0,0,0,0,0,0,0,1,0,1
DN,Empresa Distribuidora y Comercial Norte SA ADR,Utilities,Utilities - Regulated Electric,Argentina,460970000.0,5.14,20.83,4.46%,228785.0,0,0,0,0,0,0,0,0,1,0,0,0,0,0,0,0,0,0,0,0,0,0,0,0,0,0,0,0,1,0,1
DOG,ALPS Emerging Sector Dividend Dogs ETF,Financial,Exchange Traded Fund,USA,,,24.0,1.27%,318380.0,0,0,0,0,0,0,0,0,0,0,0,0,0,0,0,0,0,0,0,0,0,0,0,0,0,0,0,1,1,0,1
DSA,Edesa Biotech Inc,Healthcare,Biotechnology,Canada,52830000.0,,3.91,1.30%,69953.0,0,1,0,0,0,0,0,0,0,0,0,0,0,0,0,0,0,0,0,0,0,0,0,0,0,0,0,0,1,0,1
DU,New Oriental Education & Technology Group Inc ADR,Consumer Defensive,Education & Training Services,China,7880000000.0,18.86,56.31,1.57%,895619.0,0,1,0,0,0,0,0,0,0,0,0,0,0,0,0,0,0,0,0,0,0,0,0,0,0,0,0,1,2,0,2
DV,Vanguard Extended Duration Treasury ETF,Financial,Exchange Traded Fund,USA,,,54.22,-0.77%,3086864.0,0,0,0,0,0,0,0,0,1,0,0,0,0,0,0,0,0,0,0,0,0,0,0,0,0,0,0,0,1,0,1
DVA,Endovia Health Sciences Inc,Healthcare,Biotechnology,USA,1060000.0,,0.17,4.08%,9037784.0,0,0,0,0,0,0,0,0,1,0,0,0,0,0,0,0,0,0,0,0,0,0,0,0,0,0,0,0,1,0,1
EE,CYBER HORNET S&P 500 and Ethereum 75/25 Strategy ETF,Financial,Exchange Traded Fund,USA,,,23.4,1.04%,1145.0,0,0,0,0,0,0,0,0,0,0,0,0,0,0,0,0,0,0,0,0,0,0,-1,0,0,0,0,0,0,1,1
EMA,iShares MSCI Emerging Markets Asia ETF,Financial,Exchange Traded Fund,USA,,,118.57,1.09%,30831.0,0,0,0,0,0,0,0,0,0,0,0,0,0,0,0,1,0,0,0,0,0,0,0,0,0,0,0,0,1,0,1
EMV,iShares MSCI Emerging Markets Min Vol Factor ETF,Financial,Exchange Traded Fund,USA,,,75.37,0.72%,369715.0,0,0,0,0,0,0,0,0,0,0,1,1,0,0,0,0,0,0,0,0,1,0,0,0,-1,0,0,0,3,1,4
ET,ProShares Ultra MSCI Emerging Markets 2x Shares,Financial,Exchange Traded Fund,USA,,,114.18,3.12%,23469.0,0,0,0,0,0,0,0,0,0,0,0,0,0,0,0,0,0,0,0,0,0,0,0,0,0,0,-1,0,0,1,1
EV,ProShares UltraShort MSCI Emerging Markets -2x Shares,Financial,Exchange Traded Fund,USA,,,10.01,-3.20%,101709.0,0,0,0,0,0,0,0,0,0,0,0,0,0,0,0,0,0,0,0,0,0,0,0,1,0,0,0,0,1,0,1
FIV,State Street SPDR S&P 500 ESG ETF,Financial,Exchange Traded Fund,USA,,,75.36,0.83%,30029.0,0,0,0,-1,0,0,0,0,0,0,0,0,0,0,0,0,0,0,0,0,0,0,0,0,0,0,0,0,0,1,1
FR,Eaton Vance Senior Floating-Rate Trust,Financial,Closed-End Fund - Debt,USA,300850000.0,,10.19,-1.64%,138759.0,0,0,0,0,0,0,0,0,0,0,0,0,-1,0,0,0,0,0,0,0,0,0,0,0,0,0,0,0,0,1,1
FRA,iShares Environmental Infrastructure and Industrials ETF,Financial,Exchange Traded Fund,USA,,,34.71,1.12%,6836.0,0,0,0,0,0,0,0,0,0,0,0,0,-1,0,0,0,0,0,0,0,0,0,0,0,0,0,0,0,0,1,1
FSC,Enterprise Financial Services Corp,Financial,Banks - Regional,USA,2170000000.0,11.9,59.82,-0.43%,219553.0,0,0,0,0,0,0,0,0,1,0,0,0,0,0,0,0,0,0,0,0,0,0,0,0,0,0,0,0,1,0,1
FT,Eaton Vance Floating-Rate Income Trust,Financial,Closed-End Fund - Debt,USA,279600000.0,,10.52,-0.85%,122662.0,0,0,0,0,0,0,0,0,0,0,0,0,-1,-1,0,0,0,0,0,0,0,0,0,1,0,0,0,0,1,2,3
FU,ProShares UltraShort MSCI EAFE -2x Shares,Financial,Exchange Traded Fund,USA,,,7.27,0.09%,15327.0,0,1,0,0,0,0,0,0,0,0,0,0,0,0,0,0,0,0,0,0,0,0,0,0,0,0,0,0,1,0,1
FZ,ProShares Short MSCI EAFE -1X Shares,Financial,Exchange Traded Fund,USA,,,22.95,-0.16%,2947.0,0,0,0,0,0,0,0,0,1,0,0,0,0,0,0,0,0,0,0,0,0,0,0,0,0,0,0,0,1,0,1
GGS,NestYield Total Return Guard ETF,Financial,Exchange Traded Fund,USA,,,37.85,0.70%,15962.0,0,0,0,0,0,0,0,0,1,0,0,0,0,0,0,0,0,0,0,0,0,0,0,0,0,0,0,0,1,0,1
GGY,NestYield Dynamic Income ETF,Financial,Exchange Traded Fund,USA,,,35.71,1.28%,68748.0,0,0,0,0,0,0,0,0,0,0,0,0,0,0,0,0,0,0,0,0,0,0,0,1,0,0,0,0,1,0,1
GLE,Global X S&P 500 U.S. Revenue Leaders ETF,Financial,Exchange Traded Fund,USA,,,32.3,0.60%,16.0,0,0,0,0,0,0,0,-1,0,0,0,0,0,0,0,0,0,0,0,0,0,0,0,0,0,0,0,0,0,1,1
GP,Eastgroup Properties Inc,Real Estate,REIT - Industrial,USA,10530000000.0,34.38,195.84,0.03%,608259.0,0,0,0,0,0,0,0,0,1,0,0,0,0,0,0,0,0,0,0,0,0,0,0,0,0,0,0,0,1,0,1
GY,VAALCO Energy Inc,Energy,Oil & Gas E&P,USA,609060000.0,,5.79,1.05%,1371112.0,0,0,0,0,0,0,0,0,0,0,1,0,0,0,0,0,0,0,0,0,0,0,0,0,0,0,0,0,1,0,1
HLS,Even Herd Long Short ETF,Financial,Exchange Traded Fund,USA,,,25.96,-0.06%,90.0,0,0,0,0,0,0,0,0,0,0,0,0,0,0,0,1,0,0,0,0,0,0,0,0,0,0,0,0,1,0,1
IG,Employers Holdings Inc,Financial,Insurance - Specialty,USA,876290000.0,70.03,48.79,-0.69%,128270.0,0,0,0,0,0,0,0,0,1,0,0,0,0,0,0,0,0,0,0,0,0,0,0,0,0,0,0,0,1,0,1
IKN,Eikon Therapeutics Inc,Healthcare,Biotechnology,USA,408400000.0,,7.54,2.86%,485356.0,0,1,0,0,0,0,0,0,0,0,0,0,0,0,0,1,0,0,0,0,0,0,0,0,0,0,0,0,2,0,2
INC,VanEck Energy Income ETF,Financial,Exchange Traded Fund,USA,,,115.22,0.78%,2047.0,0,1,0,0,0,0,0,0,0,0,0,0,0,0,0,0,0,0,0,0,0,0,0,0,0,0,0,0,1,0,1
IPI,FT Energy Income Partners Enhanced Income ETF,Financial,Exchange Traded Fund,USA,,,21.76,0.69%,49247.0,0,0,0,-1,0,1,0,0,0,0,0,0,0,0,0,0,0,0,0,0,0,0,0,0,0,0,0,0,1,1,2
IRL,iShares MSCI Ireland ETF,Financial,Exchange Traded Fund,USA,,,80.6,0.43%,4816.0,0,0,0,0,0,0,0,-1,0,0,0,0,0,0,0,0,0,0,0,0,0,0,0,0,0,0,0,0,0,1,1
LBM,Electra Battery Materials Corp,Basic Materials,Other Industrial Metals & Mining,Canada,54510000.0,,0.51,2.14%,540040.0,0,0,0,0,0,0,0,0,0,0,0,0,0,0,0,0,0,0,0,0,0,0,0,0,0,1,0,0,1,0,1
LD,WisdomTree Emerging Market Local Debt Fund,Financial,Exchange Traded Fund,USA,,,27.95,0.49%,8386.0,0,0,0,0,0,0,0,0,0,0,0,0,0,0,0,1,0,0,0,0,0,0,0,0,0,0,0,0,1,0,1
LDN,Eledon Pharmaceuticals Inc,Healthcare,Biotechnology,USA,203150000.0,,2.5,0.40%,725896.0,0,0,0,0,0,0,0,0,1,0,0,0,0,0,0,0,0,0,0,0,0,0,-1,0,0,0,0,0,1,1,2
LIL,Direxion Daily LLY Bull 2X ETF,Financial,Exchange Traded Fund,USA,,,26.95,-0.14%,27577.0,0,0,0,0,0,0,0,0,0,0,0,0,-1,0,0,0,0,0,0,0,0,0,0,0,0,0,0,0,0,1,1
LME,Elme Communities,Real Estate,REIT - Residential,USA,155500000.0,,1.75,-0.57%,2991775.0,0,0,0,0,0,0,0,0,1,0,0,0,0,0,0,0,0,0,0,0,0,0,0,0,0,0,0,0,1,0,1
LPC,Cia Paranaense De Energia Copel ADR,Utilities,Utilities - Diversified,Brazil,10340000000.0,17.34,13.92,8.24%,2231343.0,0,0,0,0,0,0,0,0,0,0,0,0,-1,0,0,0,0,0,0,0,0,0,0,0,0,0,0,0,0,1,1
LTK,Eltek Ltd,Technology,Electronic Components,Israel,52260000.0,,7.78,-2.43%,2543.0,0,0,0,0,0,0,0,0,0,0,0,0,-1,0,0,0,0,0,0,0,0,0,0,1,0,0,0,0,1,1,2
LUT,Elutia Inc,Healthcare,Medical Devices,USA,36390000.0,,0.82,5.51%,256241.0,0,0,0,0,0,1,0,0,0,0,0,0,0,0,0,0,0,0,0,0,0,0,0,0,0,0,0,0,1,0,1
LVA,Electrovaya Inc,Industrials,Electrical Equipment & Parts,Canada,318000000.0,65.63,6.36,-4.07%,280279.0,0,0,0,0,0,0,0,0,0,0,0,0,0,0,0,0,0,0,0,0,1,0,-1,0,0,0,0,0,1,1,2
LVR,Elevra Lithium Ltd ADR,Basic Materials,Other Industrial Metals & Mining,Australia,729350000.0,10.42,37.79,1.91%,39166.0,0,0,0,0,0,0,0,0,1,0,0,0,0,0,0,0,0,0,0,0,0,0,0,0,0,0,0,0,1,0,1
LWT,Elauwit Connection Inc,Communication Services,Telecom Services,USA,39570000.0,,6.12,-1.13%,19001.0,0,0,0,0,0,0,0,0,1,0,0,0,0,0,0,0,0,0,0,0,0,0,0,0,0,0,0,0,1,0,1
MAT,Evolution Metals & Technologies Corp,Basic Materials,Other Industrial Metals & Mining,USA,1290000000.0,,2.06,0.74%,1245856.0,0,0,0,0,0,0,0,0,1,0,0,0,0,0,0,0,0,0,0,0,0,0,0,0,0,0,0,0,1,0,1
MAU,Corgi EM 15% Buffer - Aug,Financial,Exchange Traded Fund,USA,,,25.81,0.93%,6.0,0,0,0,0,0,0,0,0,0,0,1,1,0,0,0,0,0,0,0,0,0,0,-1,0,0,0,0,0,2,1,3
MBD,Global X Emerging Markets Bond ETF,Financial,Exchange Traded Fund,USA,,,22.56,0.33%,139045.0,0,0,0,0,0,0,0,0,0,0,0,0,-1,0,0,0,0,0,0,0,0,0,0,0,0,0,0,0,0,1,1
MBX,VanEck Emerging Markets Bond ETF,Financial,Exchange Traded Fund,USA,,,49.38,0.53%,69841.0,0,0,0,0,0,0,0,0,0,0,0,0,-1,-1,0,0,0,0,0,0,0,0,0,0,0,0,0,0,0,2,2
MC,Global X Emerging Markets Great Consumer ETF,Financial,Exchange Traded Fund,USA,,,38.38,1.89%,1475.0,0,0,0,0,0,0,0,0,0,0,1,1,0,0,0,0,0,0,0,0,0,0,0,0,-1,0,0,0,2,1,3
MCB,WisdomTree Emerging Markets Corporate Bond Fund,Financial,Exchange Traded Fund,USA,,,63.97,-0.02%,2237.0,0,0,0,0,0,0,0,0,1,0,0,0,0,0,0,0,0,0,0,0,0,0,0,0,0,0,0,0,1,0,1
MCS,Xtrackers MSCI Emerging Markets Select ETF,Financial,Exchange Traded Fund,USA,,,47.97,1.45%,4503.0,0,1,0,0,0,0,0,0,0,0,0,0,0,0,0,0,0,0,0,0,0,0,0,0,0,0,0,0,1,0,1
ME,Emcor Group Inc,Industrials,Engineering & Construction,USA,34370000000.0,24.18,779.2,-0.94%,396354.0,0,0,0,0,0,0,0,0,1,0,0,0,0,0,0,0,0,0,0,0,0,0,0,0,0,0,0,0,1,0,1
MEQ,Nomura Focused Emerging Markets Equity ETF,Financial,Exchange Traded Fund,USA,,,68.41,1.80%,227701.0,0,0,0,0,0,0,0,0,1,0,0,0,0,0,0,0,0,0,0,0,0,0,0,0,0,0,0,0,1,0,1
MET,VanEck Copper and Electrification Metals ETF,Financial,Exchange Traded Fund,USA,,,41.85,0.50%,2266.0,0,0,0,-1,0,0,0,0,0,0,0,0,-1,-1,0,0,0,0,0,0,0,0,0,0,0,0,0,0,0,3,3
MFI,Pictet Emerging Markets Debt ETF,Financial,Exchange Traded Fund,USA,,,47.5,0.19%,3523.0,0,0,0,0,0,0,0,0,1,0,0,0,0,0,0,0,0,0,0,-1,0,0,0,0,0,0,0,0,1,1,2
MIF,iShares Emerging Markets Infrastructure ETF,Financial,Exchange Traded Fund,USA,,,27.32,3.77%,1160.0,0,0,0,0,0,0,0,0,1,1,0,0,0,0,0,0,0,0,0,0,0,0,0,0,0,0,0,0,2,0,2
MKT,Lazard Emerging Markets Opportunities ETF,Financial,Exchange Traded Fund,USA,,,32.22,1.76%,11077.0,0,0,0,0,0,0,0,0,0,0,0,0,0,0,0,1,0,0,0,0,0,0,0,0,0,0,0,0,1,0,1
ML,Eastern Co,Industrials,Tools & Accessories,USA,149170000.0,18.62,24.79,0.73%,9247.0,0,0,0,0,0,0,0,0,0,0,0,0,-1,0,0,0,0,0,0,0,0,0,0,0,0,0,0,0,0,1,1
MLC,VanEck J.P. Morgan EM Local Currency Bond ETF,Financial,Exchange Traded Fund,USA,,,24.69,0.28%,2981681.0,0,0,0,0,0,0,0,0,0,0,0,0,-1,0,0,0,0,0,0,0,0,0,0,0,0,0,0,0,0,1,1
MLP,First Trust North American Energy Infrastructure Fund,Financial,Exchange Traded Fund,USA,,,41.74,0.48%,296878.0,0,1,0,0,0,0,0,0,0,0,0,0,0,0,0,0,0,0,0,0,0,0,0,0,0,0,0,0,1,0,1
MN,Eastman Chemical Co,Basic Materials,Specialty Chemicals,USA,7430000000.0,16.92,64.94,0.11%,1362769.0,0,0,0,0,0,0,0,0,0,0,0,0,0,0,0,1,0,0,0,0,0,0,0,0,0,0,0,0,1,0,1
MNT,PIMCO Enhanced Short Maturity Active ESG ETF,Financial,Exchange Traded Fund,USA,,,98.39,-0.00%,9739.0,0,1,0,0,0,1,0,0,0,0,0,0,0,0,0,0,0,0,0,0,0,0,0,0,0,0,0,0,2,0,2
MOP,AB Emerging Markets Opportunities ETF,Financial,Exchange Traded Fund,USA,,,52.43,2.15%,87290.0,0,0,0,0,0,0,0,0,0,0,0,0,0,0,0,1,0,0,0,0,0,0,0,0,0,0,0,0,1,0,1
MOT,First Trust S&P 500 Economic Moat ETF,Financial,Exchange Traded Fund,USA,,,26.01,0.69%,6707.0,0,0,0,0,0,0,0,0,0,0,0,0,-1,0,0,0,0,0,0,0,0,0,0,0,0,0,0,0,0,1,1
MPB,Efficient Market Portfolio Plus ETF,Financial,Exchange Traded Fund,USA,,,35.5,0.80%,6043.0,0,0,0,0,0,0,0,0,0,0,0,0,0,0,0,0,0,1,0,0,0,0,0,0,0,0,0,0,1,0,1
MQQ,EMQQ The Emerging Markets Internet ETF,Financial,Exchange Traded Fund,USA,,,31.7,3.92%,86570.0,0,0,0,0,0,0,0,0,0,0,1,0,0,0,0,0,0,0,0,0,0,0,0,0,0,0,0,0,1,0,1
MR,Emerson Electric Co,Industrials,Specialty Industrial Machinery,USA,90550000000.0,35.47,162.33,0.45%,2139294.0,0,0,0,0,0,0,0,0,0,0,1,0,0,0,0,0,0,0,0,0,0,0,0,0,0,0,0,0,1,0,1
MXF,iShares ESG Advanced MSCI EM ETF,Financial,Exchange Traded Fund,USA,,,58.45,1.40%,15408.0,0,0,0,0,0,0,0,0,0,0,1,0,0,0,0,0,0,0,0,0,1,0,-1,0,0,0,0,0,2,1,3
NDW,Cambria Endowment Style ETF,Financial,Exchange Traded Fund,USA,,,34.36,0.58%,13251.0,0,1,0,0,0,0,0,0,0,0,0,0,0,0,0,0,0,0,0,0,0,0,0,0,0,0,0,0,1,0,1
NFR,Alerian Energy Infrastructure ETF,Financial,Exchange Traded Fund,USA,,,37.83,1.12%,117460.0,0,0,0,0,0,0,0,0,0,0,0,0,0,0,0,0,0,0,0,0,0,0,0,0,-1,0,0,0,0,1,1
NGS,Energys Group Ltd,Industrials,Waste Management,United Kingdom,136700000.0,,3.07,0.66%,399654.0,0,0,0,0,0,0,0,0,0,0,1,1,0,0,0,0,0,0,0,0,0,0,0,0,0,0,0,0,2,0,2
NHU,iShares Enhanced Large Cap Core Active ETF,Financial,Exchange Traded Fund,USA,,,28.91,0.67%,15.0,0,0,0,0,0,0,0,0,0,0,1,0,0,0,0,0,0,0,0,0,0,0,0,0,-1,0,0,0,1,1,2
NLT,Enlight Renewable Energy Ltd,Utilities,Utilities - Renewable,Israel,9230000000.0,105.77,65.94,-0.96%,156247.0,0,0,0,0,0,0,0,0,1,0,0,0,0,0,0,0,0,0,0,0,0,0,0,0,0,0,0,0,1,0,1
NOR,iShares MSCI Norway ETF,Financial,Exchange Traded Fund,USA,,,35.23,-0.20%,51074.0,0,0,0,0,0,0,0,0,0,0,0,0,0,0,0,0,0,0,0,0,0,0,0,0,-1,0,0,0,0,1,1
NPH,Enphase Energy Inc,Technology,Solar,USA,4420000000.0,33.15,33.45,-0.06%,3747441.0,0,0,0,0,0,0,0,0,0,0,0,0,0,0,0,0,0,0,0,0,0,0,0,0,0,1,0,0,1,0,1
NR,Energizer Holdings Inc,Industrials,Electrical Equipment & Parts,USA,1450000000.0,18.04,21.2,-4.12%,1200187.0,0,0,0,0,0,0,0,0,0,0,0,0,-1,0,0,0,0,0,0,0,0,0,0,0,0,0,0,0,0,1,1
NSC,Ensysce Biosciences Inc,Healthcare,Biotechnology,USA,8160000.0,,0.42,6.08%,603271.0,0,1,0,-1,0,0,0,0,0,0,0,0,0,0,0,0,0,0,0,0,0,0,0,0,0,0,0,0,1,1,2
NTG,Entegris Inc,Technology,Semiconductor Equipment & Materials,USA,25510000000.0,83.6,166.92,0.27%,2274466.0,0,0,0,0,0,0,0,0,0,0,0,0,-1,0,0,0,0,0,0,0,0,0,0,0,0,0,0,0,0,1,1
OD,Allspring Global Dividend Opportunity Fund,Financial,Closed-End Fund - Equity,USA,273470000.0,,6.35,0.47%,211071.0,0,0,0,0,0,0,0,0,0,0,0,0,0,0,0,0,0,0,0,0,1,0,-1,0,0,0,0,0,1,1,2
OG,EOG Resources Inc,Energy,Oil & Gas E&P,USA,75570000000.0,11.21,144.08,1.91%,2523371.0,0,0,0,-1,0,0,0,0,0,0,0,0,0,0,0,0,0,0,0,0,0,0,0,0,0,0,0,0,0,1,1
ONR,EON Resources Inc,Energy,Oil & Gas E&P,USA,27000000.0,,0.48,-0.58%,453498.0,0,0,0,0,0,0,0,0,1,0,0,0,0,0,0,0,0,0,0,0,0,0,0,0,0,0,0,0,1,0,1
P,Empire Petroleum Corp,Energy,Oil & Gas E&P,USA,111490000.0,,2.68,2.68%,50464.0,0,0,0,0,0,1,0,0,0,0,0,0,0,0,0,0,0,0,0,0,0,0,0,0,0,0,0,0,1,0,1
PAI,Harbor AI Inflection Strategy ETF,Financial,Exchange Traded Fund,USA,,,28.83,0.21%,106.0,0,0,0,0,0,0,0,0,1,0,0,0,0,0,0,0,0,0,0,0,0,0,0,0,0,0,0,0,1,0,1
PD,Enterprise Products Partners L P,Energy,Oil & Gas Midstream,USA,79470000000.0,12.79,36.8,1.71%,2877198.0,0,0,0,0,0,0,0,0,0,0,0,0,0,0,0,0,0,0,0,0,0,0,0,0,-1,0,0,0,0,1,1
PEM,Harbor Emerging Markets Equity ETF,Financial,Exchange Traded Fund,USA,,,31.24,2.64%,66.0,0,1,0,0,0,0,0,0,0,0,1,0,0,0,0,0,0,0,0,0,0,0,0,0,0,0,0,0,2,0,2
PHE,iShares MSCI Philippines ETF,Financial,Exchange Traded Fund,USA,,,23.0,1.59%,145756.0,0,1,0,0,0,0,0,0,0,0,0,0,-1,0,0,0,0,0,0,0,1,0,0,0,0,0,0,0,2,1,3
PM,Evolution Petroleum Corp,Energy,Oil & Gas E&P,USA,143020000.0,,3.56,-0.56%,346182.0,0,0,0,0,0,0,0,0,1,0,0,0,0,0,0,0,0,0,0,0,0,0,0,0,0,0,0,0,1,0,1
POW,E-Power Inc,Industrials,Electrical Equipment & Parts,China,8770000.0,,3.77,-10.66%,45207.0,0,0,0,0,0,0,0,0,1,0,0,0,0,0,0,0,0,0,0,0,0,0,0,0,0,0,0,0,1,0,1
PRF,Innovator S&P Investment Grade Preferred ETF,Financial,Exchange Traded Fund,USA,,,15.69,-0.61%,6541.0,0,0,0,0,0,0,0,0,1,0,0,0,0,0,0,0,0,0,0,0,0,0,0,0,0,0,0,0,1,0,1
PS,WisdomTree U.S. LargeCap Fund,Financial,Exchange Traded Fund,USA,,,81.09,0.62%,20806.0,0,0,0,0,0,0,0,0,0,0,1,0,0,0,0,0,0,0,0,0,0,0,0,0,-1,0,0,0,1,1,2
PSM,Epsium Enterprise Ltd,Consumer Defensive,Beverages - Wineries & Distilleries,China,3220000.0,,1.21,-3.20%,22581.0,0,0,0,0,0,0,0,0,0,0,0,0,-1,-1,0,0,0,0,0,0,0,0,0,0,0,0,0,0,0,2,2
PSN,Epsilon Energy Ltd,Energy,Oil & Gas E&P,USA,183520000.0,,6.06,5.57%,125580.0,0,1,0,0,0,0,0,0,0,0,1,0,0,0,0,0,0,0,0,0,0,0,0,0,-1,0,0,0,2,1,3
PV,ProShares UltraShort FTSE Europe -2X Shares,Financial,Exchange Traded Fund,USA,,,19.04,0.21%,26511.0,0,1,0,0,0,0,0,0,0,0,0,0,0,0,0,0,0,0,0,0,0,0,0,0,0,0,0,0,1,0,1
QH,Equitable Holdings Inc,Financial,Asset Management,USA,14740000000.0,,54.0,2.58%,3559253.0,0,0,0,0,0,0,0,-1,0,0,0,0,0,0,0,0,0,0,0,0,0,0,0,0,0,0,0,0,0,1,1
QIX,Equinix Inc,Real Estate,REIT - Specialty,USA,100980000000.0,65.86,1023.44,-0.22%,368834.0,0,0,0,0,0,0,0,0,1,0,1,0,0,0,0,0,0,0,0,0,0,0,0,0,-1,0,0,0,2,1,3
QLT,iShares MSCI Emerging Markets Quality Factor ETF,Financial,Exchange Traded Fund,USA,,,39.02,2.30%,1592.0,0,0,0,0,0,0,0,0,0,0,0,0,0,0,0,1,0,0,0,0,0,0,0,0,0,0,0,0,1,0,1
QPT,Equipmentshare.Com Inc,Industrials,Rental & Leasing Services,USA,4800000000.0,243.87,18.9,2.16%,2994223.0,0,0,0,0,0,0,0,0,1,0,0,0,0,0,0,0,0,0,0,0,0,0,0,0,0,0,0,0,1,0,1
QT,EQT Corp,Energy,Oil & Gas E&P,USA,31980000000.0,11.86,51.12,1.89%,8515405.0,0,0,0,0,0,0,0,0,0,0,0,0,-1,-1,0,0,0,0,0,0,0,0,0,0,0,0,0,0,0,2,2
RIC,Telefonaktiebolaget L M Ericsson ADR,Technology,Communication Equipment,Sweden,28070000000.0,11.79,9.22,-0.75%,5965790.0,0,0,0,0,0,0,0,0,1,0,0,0,0,0,0,0,0,0,0,0,0,0,0,0,0,0,0,0,1,0,1
RIE,Erie Indemnity Co,Financial,Insurance Brokers,USA,10310000000.0,20.22,221.46,0.17%,133243.0,0,0,0,0,0,0,0,0,0,0,0,0,0,0,0,0,0,0,0,0,0,0,0,0,0,1,0,0,1,0,1
RNA,Ernexa Therapeutics Inc,Healthcare,Biotechnology,USA,4410000.0,,2.7,-8.78%,21552.0,0,0,0,0,0,0,0,0,0,0,0,0,0,0,0,0,0,0,0,0,0,0,0,1,0,0,0,0,1,0,1
S,Eversource Energy,Utilities,Utilities - Regulated Electric,USA,24370000000.0,16.75,64.69,0.29%,2325204.0,0,1,0,0,0,0,0,0,0,0,0,0,0,0,0,0,0,0,0,0,0,0,0,0,0,0,0,0,1,0,1
SBA,Empire State Realty OP LP,Real Estate,REIT - Office,USA,1210000000.0,238.89,4.3,11.69%,13211.0,0,0,0,0,0,0,0,0,1,0,0,0,0,0,0,0,0,0,0,0,0,0,0,0,0,0,0,0,1,0,1
SBG,"First Trust Enhanced Stocks, Bonds & Gold ETF",Financial,Exchange Traded Fund,USA,,,20.65,0.29%,321.0,0,1,0,0,0,0,0,0,0,0,0,0,0,0,0,0,0,0,0,0,1,0,0,0,0,1,0,0,3,0,3
SEA,Euroseas Ltd,Industrials,Marine Shipping,Greece,480300000.0,3.76,73.05,0.87%,23405.0,0,0,0,-1,0,0,0,0,0,0,0,0,0,0,0,0,0,1,0,0,0,0,0,0,0,0,0,0,1,1,2
SGG,Northern Trust STOXX Global ESG Select ETF,Financial,Exchange Traded Fund,USA,,,239.54,0.26%,587.0,0,0,0,0,0,0,0,0,0,0,1,0,0,0,0,0,0,0,0,0,0,0,0,0,-1,0,0,0,1,1,2
SGU,iShares Trust iShares ESG Aware MSCI USA ETF,Financial,Exchange Traded Fund,USA,,,169.59,0.67%,285207.0,0,0,0,0,0,0,0,0,0,0,1,0,0,0,0,0,0,0,0,0,0,0,0,0,-1,0,0,0,1,1,2
SI,Element Solutions Inc,Basic Materials,Specialty Chemicals,USA,9150000000.0,51.15,37.54,-1.03%,3356543.0,0,0,0,0,0,0,0,0,1,0,0,0,0,0,0,0,0,0,0,0,0,0,0,0,0,0,0,0,1,0,1
SLG,Eventide Large Cap Growth ETF,Financial,Exchange Traded Fund,USA,,,28.89,0.80%,3303.0,0,0,0,-1,0,0,0,0,0,0,0,0,0,0,0,0,0,0,0,0,0,0,0,0,0,0,0,0,0,1,1
SLT,Elbit Systems Ltd,Industrials,Aerospace & Defense,Israel,33240000000.000004,53.46,709.37,1.89%,112314.0,0,0,0,0,0,1,0,0,1,1,0,0,0,0,0,0,0,0,0,0,0,0,0,0,0,0,0,0,3,0,3
SN,Essential 40 Stock ETF,Financial,Exchange Traded Fund,USA,,,20.44,0.24%,52188.0,0,0,0,-1,0,0,0,-1,0,0,0,0,0,0,0,0,0,1,0,0,0,0,0,0,0,0,0,0,1,2,3
SOA,Energy Services of America Corp,Industrials,Engineering & Construction,USA,205250000.0,18.19,11.0,-0.09%,69393.0,0,0,0,0,0,0,0,0,0,0,0,0,0,0,0,0,0,0,0,0,0,0,-1,0,0,0,0,0,0,1,1
SPO,VanEck Video Gaming and eSports ETF,Financial,Exchange Traded Fund,USA,,,98.22,0.69%,11027.0,0,0,0,0,0,0,0,0,0,0,1,0,0,0,0,0,0,0,0,0,0,0,0,0,0,0,0,0,1,0,1
SQ,Esquire Financial Holdings Inc,Financial,Banks - Regional,USA,1430000000.0,19.49,118.02,-1.58%,165126.0,0,0,0,0,0,0,0,0,1,0,0,0,0,0,0,0,0,0,0,0,0,0,0,0,0,0,0,0,1,0,1
SRT,Empire State Realty Trust Inc,Real Estate,REIT - Diversified,USA,732350000.0,235.0,4.23,1.44%,7444315.0,0,1,0,0,0,0,0,0,0,0,0,0,0,0,0,0,0,0,0,0,0,0,0,0,0,0,0,0,1,0,1
T,Energy Transfer LP,Energy,Oil & Gas Midstream,USA,71350000000.0,14.2,20.72,1.22%,4427304.0,0,0,0,-1,0,0,0,0,0,0,0,0,0,0,0,0,0,0,0,0,0,0,0,0,0,0,0,0,0,1,1
TB,Eaton Vance Tax-Managed Buy-Write Income Fund,Financial,Closed-End Fund - Equity,USA,452080000.0,,15.39,0.07%,54921.0,0,1,0,-1,0,0,0,-1,0,0,0,0,0,0,0,0,0,0,0,0,0,0,0,0,0,0,0,0,1,2,3
TEC,iShares Breakthrough Environmental Solutions ETF,Financial,Exchange Traded Fund,USA,,,24.65,-0.16%,81.0,0,0,0,0,0,0,0,0,1,0,0,0,0,0,0,0,0,0,0,0,0,0,0,0,0,0,0,0,1,0,1
TG,Eaton Vance Tax-Advantaged Global Dividend Income Fund,Financial,Closed-End Fund - Equity,USA,1760000000.0,,23.0,-0.22%,83921.0,0,1,0,0,0,0,0,0,0,0,0,0,0,0,0,0,0,0,0,0,0,0,0,0,0,0,0,0,1,0,1
TJ,Eaton Vance Risk-Managed Diversified Equity Income Fund,Financial,Closed-End Fund - Equity,USA,547840000.0,,8.14,0.12%,373224.0,0,1,0,0,0,0,0,0,1,0,0,0,0,0,0,0,0,0,0,0,0,0,0,0,0,0,0,0,2,0,2
TV,Eaton Vance Tax-Managed Buy-Write Opportunities Fund,Financial,Closed-End Fund - Equity,USA,1730000000.0,,14.86,-0.54%,183121.0,0,0,0,0,0,0,0,-1,0,0,0,0,0,0,0,0,0,0,0,0,0,0,0,0,0,0,0,0,0,1,1
U,enCore Energy Corp,Energy,Uranium,USA,207880000.0,,1.07,4.90%,1802183.0,0,0,0,0,0,1,0,0,1,0,0,0,0,0,0,0,0,0,0,0,0,0,0,0,0,0,0,0,2,0,2
UHY,iShares Euro High Yield Corporate Bond USD Hedged ETF,Financial,Exchange Traded Fund,USA,,,51.83,-0.13%,20746.0,0,0,0,0,0,0,0,0,0,0,1,0,0,0,0,0,0,0,0,0,0,0,0,0,0,0,0,0,1,0,1
UM,ProShares Short MSCI Emerging Markets -1x Shares,Financial,Exchange Traded Fund,USA,,,15.27,-1.48%,39606.0,0,0,0,0,0,0,0,0,0,0,0,0,0,0,0,1,0,0,0,0,0,0,0,0,0,0,0,0,1,0,1
VAX,Evaxion A/S ADR,Healthcare,Biotechnology,Denmark,26270000.0,,3.15,-1.56%,38242.0,0,0,0,0,0,0,0,0,0,0,0,0,-1,0,0,0,0,0,0,0,0,0,0,0,0,0,0,0,0,1,1
VCM,EverCommerce Inc,Technology,Software - Application,USA,1600000000.0,46.75,9.07,1.45%,98967.0,0,1,0,0,0,0,0,0,1,0,0,0,0,0,0,0,0,0,0,0,0,0,0,0,0,0,0,0,2,0,2
VEX,Eve Holding Inc,Industrials,Aerospace & Defense,USA,592430000.0,,1.7,-2.30%,1022697.0,0,0,0,0,0,0,0,0,1,1,0,0,0,0,0,0,0,0,0,0,0,0,0,0,0,0,0,0,2,0,2
VG,Eaton Vance Short Duration Diversified Income Fund,Financial,Closed-End Fund - Debt,USA,134300000.0,,9.98,-0.60%,135773.0,0,0,0,-1,0,0,0,0,0,0,0,0,0,0,0,0,0,0,0,0,0,0,0,0,0,0,0,0,0,1,1
VGO,EVgo Inc,Consumer Cyclical,Specialty Retail,USA,424590000.0,,1.35,-2.17%,3024939.0,0,0,0,0,0,0,0,0,1,0,0,0,0,0,0,0,0,0,0,0,0,0,0,0,0,0,0,0,1,0,1
VHY,Eaton Vance High Yield ETF,Financial,Exchange Traded Fund,USA,,,50.6,0.09%,3577.0,0,0,0,-1,0,0,0,0,0,0,0,0,0,0,0,0,0,0,0,0,0,0,0,0,0,0,0,0,0,1,1
VLN,Eaton Vance Floating-Rate ETF,Financial,Exchange Traded Fund,USA,,,48.33,-0.04%,142985.0,0,0,0,0,0,0,0,0,0,0,1,0,0,0,0,0,0,0,0,0,0,0,0,0,0,0,0,0,1,0,1
VMT,Invesco Electric Vehicle Metals Commodity Strategy No K-1 ETF,Financial,Exchange Traded Fund,USA,,,17.33,0.55%,241.0,0,0,0,0,0,0,0,0,0,0,1,1,0,0,0,1,0,0,0,0,0,0,0,0,0,0,0,0,3,0,3
VO,Evotec SE ADR,Healthcare,Drug Manufacturers - Specialty & Generic,Germany,589600000.0,,1.66,3.75%,341975.0,0,0,0,-1,0,0,0,0,0,0,0,0,0,0,0,0,0,0,0,0,0,0,0,0,0,0,0,0,0,1,1
VPF,Eaton Vance Preferred Securities and Income ETF,Financial,Exchange Traded Fund,USA,,,48.26,0.06%,55411.0,0,0,0,0,0,0,0,0,1,0,0,0,0,0,0,0,0,0,0,0,0,0,0,0,0,0,0,0,1,0,1
VSB,Eaton Vance Ultra-Short Income ETF,Financial,Exchange Traded Fund,USA,,,50.63,0.04%,258140.0,0,1,0,0,0,0,0,0,0,0,0,0,0,0,0,0,0,0,0,0,1,0,0,0,0,0,0,0,2,0,2
VSD,Eaton Vance Short Duration Income ETF,Financial,Exchange Traded Fund,USA,,,49.88,0.06%,665293.0,0,0,0,0,0,0,0,0,0,0,0,0,0,0,0,0,0,0,0,-1,0,0,0,0,0,0,0,0,0,1,1
VTR,Eaton Vance Total Return Bond ETF,Financial,Exchange Traded Fund,USA,,,48.14,-0.06%,1593891.0,0,0,0,0,0,1,0,0,0,0,0,0,0,0,0,0,0,0,0,0,0,0,0,0,0,0,0,0,1,0,1
W,Edwards Lifesciences Corp,Healthcare,Medical Devices,USA,50280000000.0,51.76,87.23,2.44%,3316112.0,0,0,0,0,0,1,0,0,0,0,0,0,0,0,0,1,0,0,0,0,0,0,0,0,0,0,0,0,2,0,2
WA,iShares MSCI Australia ETF,Financial,Exchange Traded Fund,USA,,,28.43,0.39%,2333108.0,0,1,0,-1,0,0,0,0,0,0,1,1,0,0,0,0,0,0,0,0,0,0,0,0,0,0,0,0,3,1,4
WBC,East West Bancorp Inc,Financial,Banks - Regional,USA,17380000000.0,12.18,126.84,0.50%,929697.0,0,0,0,0,0,0,0,0,0,0,0,0,0,0,0,0,0,0,0,0,0,0,0,0,-1,0,0,0,0,1,1
WD,iShares MSCI Sweden ETF,Financial,Exchange Traded Fund,USA,,,50.06,0.02%,139695.0,0,0,0,0,0,0,0,0,0,0,1,1,0,0,0,0,0,0,0,0,0,0,0,0,0,0,0,0,2,0,2
WJ,iShares MSCI Japan ETF,Financial,Exchange Traded Fund,USA,,,99.3,0.38%,3076461.0,0,0,0,-1,0,0,0,-1,0,0,0,0,0,0,0,0,0,0,0,0,0,0,0,0,0,0,0,0,0,2,2
WK,iShares MSCI Belgium ETF,Financial,Exchange Traded Fund,USA,,,25.18,-0.71%,42591.0,0,0,0,0,0,0,0,0,0,0,1,0,0,0,0,0,0,0,0,0,0,0,0,0,0,0,0,0,1,0,1
WN,iShares MSCI Netherlands ETF,Financial,Exchange Traded Fund,USA,,,67.71,-0.25%,47041.0,0,1,0,0,0,0,0,0,0,0,0,0,0,0,0,0,0,0,0,0,0,0,0,0,0,0,0,0,1,0,1
WT,iShares MSCI Taiwan ETF,Financial,Exchange Traded Fund,USA,,,118.0,1.44%,3031648.0,0,0,0,0,0,0,0,0,0,0,1,0,0,0,0,0,0,0,0,0,0,0,0,0,0,0,0,0,1,0,1
WTX,Edgewise Therapeutics Inc,Healthcare,Biotechnology,USA,4380000000.0,,40.3,-2.66%,1633799.0,0,0,0,0,0,1,0,0,0,0,0,0,0,0,0,0,0,0,0,0,0,0,0,0,0,0,0,0,1,0,1
WV,ProShares UltraShort MSCI Japan -2x Shares,Financial,Exchange Traded Fund,USA,,,15.3,-0.73%,5370.0,0,0,0,0,0,0,0,0,1,0,0,0,0,0,0,0,0,0,0,0,0,0,0,0,0,0,0,0,1,0,1
WW,iShares MSCI Mexico ETF,Financial,Exchange Traded Fund,USA,,,71.87,1.10%,1388207.0,0,0,0,0,0,0,0,0,0,0,0,0,-1,-1,0,0,0,0,0,0,0,0,0,0,0,0,0,0,0,2,2
WX,State Street SPDR S&P Emerging Markets Small Cap ETF,Financial,Exchange Traded Fund,USA,,,71.84,0.69%,10575.0,0,0,0,0,0,0,0,0,0,0,0,0,0,0,0,0,0,0,0,0,0,0,0,0,0,0,-1,0,0,1,1
WZS,iShares MSCI Brazil Small-Cap ETF,Financial,Exchange Traded Fund,USA,,,15.73,14.84%,6132152.0,0,0,0,0,0,0,0,0,0,0,0,0,0,0,0,0,0,0,0,0,0,0,0,0,0,0,0,1,1,0,1
XE,Expand Energy Corp,Energy,Oil & Gas E&P,USA,20010000000.0,7.46,86.43,1.06%,2396003.0,0,1,0,0,0,0,0,0,0,0,0,0,0,0,0,0,0,0,0,0,0,0,0,0,0,0,0,0,1,0,1
XK,Endeavour Silver Corp,Basic Materials,Silver,Canada,2550000000.0,48.56,8.6,0.00%,4540142.0,0,0,0,0,0,0,0,0,1,0,0,0,0,0,0,0,0,0,0,0,0,0,0,0,0,0,0,0,1,0,1
XOZ,eXoZymes Inc,Healthcare,Biotechnology,USA,51230000.0,,5.52,-4.33%,4451.0,0,0,0,0,0,0,0,0,1,0,0,0,0,0,0,0,0,0,0,0,0,0,0,0,0,0,0,0,1,0,1
XP,Eagle Materials Inc,Basic Materials,Building Materials,USA,5210000000.0,13.43,169.82,-0.90%,435205.0,0,0,0,0,0,0,0,0,0,0,1,0,0,0,0,0,0,0,0,0,0,0,0,0,0,0,0,0,1,0,1
XPD,Expeditors International Of Washington Inc,Industrials,Integrated Freight & Logistics,USA,25230000000.0,28.25,194.12,0.86%,1633321.0,0,0,0,0,0,0,0,-1,0,0,0,0,0,0,0,0,0,0,0,0,0,0,0,0,0,0,0,0,0,1,1
YLD,Cambria Emerging Shareholder Yield ETF,Financial,Exchange Traded Fund,USA,,,48.52,0.96%,80382.0,0,1,0,0,0,0,0,0,0,0,1,0,0,0,0,0,0,0,0,0,0,0,-1,0,0,0,0,0,2,1,3
ZJ,ProShares Ultra MSCI Japan 2x Shares,Financial,Exchange Traded Fund,USA,,,71.43,0.70%,2356.0,0,1,0,-1,0,0,0,0,0,0,1,1,0,0,0,0,0,0,0,0,0,0,0,0,0,0,0,0,3,1,4
AAA,Fidelity AAA CLO ETF,Financial,Exchange Traded Fund,USA,,,50.26,-0.02%,37454.0,0,0,0,-1,0,0,0,0,0,0,0,0,0,0,0,0,0,1,0,0,0,0,0,0,0,0,0,0,1,1,2
AD,First Trust Multi Cap Growth AlphaDEX Fund,Financial,Exchange Traded Fund,USA,,,185.36,0.52%,7018.0,0,0,0,0,0,0,0,0,1,1,0,0,0,0,0,0,0,0,0,0,0,0,0,0,0,0,0,0,2,0,2
ALN,iShares Fallen Angels USD Bond ETF,Financial,Exchange Traded Fund,USA,,,25.79,0.16%,1302757.0,0,0,0,0,0,0,0,0,0,0,0,0,-1,0,0,0,0,0,0,0,0,0,0,0,0,0,0,0,0,1,1
AN,First Trust Global Wind Energy ETF,Financial,Exchange Traded Fund,USA,,,22.47,-1.51%,11834.0,0,0,0,0,0,0,0,0,0,0,0,0,-1,-1,0,0,0,0,0,0,0,0,0,0,0,0,0,0,0,2,2
ANG,Diamondback Energy Inc,Energy,Oil & Gas E&P,USA,51550000000.0,35.66,184.08,-0.34%,2836917.0,0,1,0,0,0,0,0,0,0,0,0,0,0,0,0,0,0,0,0,0,0,0,0,0,-1,0,0,0,1,1,2
AUG,FT Vest U.S. Equity Buffer ETF - August,Financial,Exchange Traded Fund,USA,,,58.12,0.33%,15971.0,0,0,0,0,0,0,0,0,0,0,1,0,0,0,0,0,0,0,0,0,0,0,0,0,0,0,0,0,1,0,1
AX,abrdn Asia-Pacific Income Fund Inc,Financial,Closed-End Fund - Debt,USA,523049999.99999994,,12.67,-1.78%,401788.0,0,0,0,0,0,0,0,0,1,0,0,0,0,0,0,0,0,0,0,0,0,0,0,0,0,0,0,0,1,0,1
BCG,Fidelity Blue Chip Growth ETF,Financial,Exchange Traded Fund,USA,,,64.61,1.00%,576804.0,0,0,0,0,0,0,0,0,0,0,0,0,0,0,0,1,0,0,0,0,0,0,0,0,0,0,0,0,1,0,1
BDC,FT Confluence BDC & Specialty Finance Income ETF,Financial,Exchange Traded Fund,USA,,,16.68,-0.77%,9364.0,0,0,0,0,0,0,0,0,0,0,0,0,-1,0,0,0,0,0,0,0,0,0,0,0,0,1,0,0,1,1,2
BGL,FBS Global Ltd,Industrials,Engineering & Construction,USA,4790000.0,,3.55,-6.82%,10654.0,0,0,0,0,0,0,0,0,0,0,0,0,-1,0,0,0,0,0,0,0,0,0,0,0,0,0,0,0,0,1,1
BIZ,First Business Financial Services Inc,Financial,Banks - Regional,USA,591130000.0,10.77,70.64,-0.41%,60700.0,0,0,0,0,0,0,0,0,0,0,1,0,0,0,0,0,0,0,0,0,0,0,-1,0,0,0,0,0,1,1,2
BL,GraniteShares 2x Long META Daily ETF,Financial,Exchange Traded Fund,USA,,,33.2,3.75%,357895.0,0,0,0,0,0,0,0,0,0,0,0,0,0,0,0,0,0,0,0,0,0,0,0,0,0,1,0,0,1,0,1
BOT,Fidelity Disruptive Automation ETF,Financial,Exchange Traded Fund,USA,,,40.08,1.14%,13592.0,0,0,0,0,0,0,0,-1,0,0,0,0,0,0,0,0,0,0,0,0,0,0,0,0,0,0,0,0,0,1,1
BRT,Franklin BSP Realty Trust Inc,Real Estate,REIT - Mortgage,USA,512390000.0,14.03,6.17,-1.59%,1716161.0,0,0,0,0,0,0,0,0,0,0,0,0,0,0,0,0,0,0,0,-1,0,0,0,0,0,0,0,0,0,1,1
BT,First Trust NYSE Arca Biotechnology Index Fund,Financial,Exchange Traded Fund,USA,,,270.93,1.69%,51013.0,0,0,0,0,0,0,0,0,0,0,1,0,0,0,0,0,0,0,0,0,0,0,-1,0,0,0,0,0,1,1,2
BY,YieldMax META Option Income Strategy ETF,Financial,Exchange Traded Fund,USA,,,9.66,1.58%,114403.0,0,0,0,0,0,0,0,0,0,0,0,0,0,0,0,0,0,0,0,-1,0,0,0,0,0,0,0,0,0,1,1
BYD,Falcon's Beyond Global Inc,Industrials,Conglomerates,USA,988270000.0,,8.15,-4.85%,77072.0,0,0,0,0,0,0,0,0,0,0,1,0,0,0,0,0,0,0,0,0,0,0,0,0,0,0,0,0,1,0,1
C,Franklin Covey Co,Consumer Defensive,Education & Training Services,USA,195950000.0,102.85,17.35,0.12%,40114.0,0,0,0,0,0,0,0,0,0,0,0,0,0,0,0,0,0,0,0,0,0,0,0,0,0,0,-1,0,0,1,1
CAP,First Capital Inc,Financial,Banks - Regional,USA,213190000.0,11.55,63.74,1.34%,15174.0,0,0,0,0,0,0,0,-1,0,0,0,0,0,0,0,0,0,0,0,0,0,0,0,0,0,0,0,0,0,1,1
CBC,First Community Bankshares Inc,Financial,Banks - Regional,USA,905430000.0,15.14,47.88,-0.25%,96241.0,0,0,0,0,0,0,0,0,0,0,0,0,0,0,0,0,0,1,0,0,0,0,0,0,0,0,0,0,1,0,1
CFY,First Trust S&P 500 Diversified Free Cash Flow ETF,Financial,Exchange Traded Fund,USA,,,29.15,0.20%,1849.0,0,0,0,0,0,0,0,-1,0,0,0,0,0,0,0,0,0,0,0,0,0,0,0,0,0,0,0,0,0,1,1
CLO,Fidelity CLO ETF,Financial,Exchange Traded Fund,USA,,,50.4,0.00%,4431.0,0,0,0,0,0,1,0,0,0,0,0,0,0,0,0,0,0,0,0,0,0,0,0,0,0,0,0,0,1,0,1
CN,FTI Consulting Inc,Industrials,Consulting Services,USA,3810000000.0,16.69,138.02,1.19%,376429.0,0,0,0,0,0,1,0,0,1,1,0,0,0,0,0,0,0,0,0,0,0,0,0,0,0,0,0,0,3,0,3
CPI,Fidelity Stocks for Inflation ETF,Financial,Exchange Traded Fund,USA,,,57.0,0.67%,21092.0,0,0,0,-1,0,0,0,-1,0,0,0,0,0,0,0,0,0,0,0,0,0,0,0,0,0,0,0,0,0,2,2
CSH,Federated Hermes Short Duration Corporate ETF,Financial,Exchange Traded Fund,USA,,,23.64,0.06%,500.0,0,0,0,0,0,1,0,0,0,0,0,0,0,0,0,0,0,0,0,0,0,0,0,0,0,0,0,0,1,0,1
CVT,First Trust SSI Strategic Convertible Securities ETF,Financial,Exchange Traded Fund,USA,,,49.76,-0.10%,2919.0,0,0,0,0,0,0,0,0,0,0,0,0,0,0,0,1,0,0,0,0,0,0,0,0,0,0,0,0,1,0,1
DAT,Tactical Advantage ETF,Financial,Exchange Traded Fund,USA,,,22.36,0.24%,419.0,0,1,0,0,0,0,0,0,0,0,0,0,0,0,0,0,0,0,0,0,0,0,0,0,0,0,0,0,1,0,1
DBC,Fidelity D&D Bancorp Inc,Financial,Banks - Regional,USA,320050000.0,10.5,55.1,-0.39%,14264.0,0,0,0,0,0,0,0,-1,0,0,0,0,0,0,0,0,0,0,0,0,0,0,0,0,0,0,0,0,0,1,1
DCF,Fidelity Disruptive Communications ETF,Financial,Exchange Traded Fund,USA,,,52.69,1.77%,7801.0,0,0,0,0,0,0,0,0,0,0,1,1,0,0,0,0,0,0,0,0,0,0,0,0,0,0,0,0,2,0,2
DHY,Fidelity Enhanced High Yield ETF,Financial,Exchange Traded Fund,USA,,,47.62,0.21%,112082.0,0,0,0,-1,0,0,0,0,0,0,0,0,0,0,0,0,0,0,0,0,0,0,0,0,0,0,0,0,0,1,1
DIF,Fidelity Disruptors ETF,Financial,Exchange Traded Fund,USA,,,42.74,1.67%,5798.0,0,0,0,0,0,0,0,-1,0,0,0,0,0,0,0,0,0,0,0,0,0,0,0,0,0,0,0,0,0,1,1
DIQ,Invesco Bloomberg Financial Data Providers ETF,Financial,Exchange Traded Fund,USA,,,68.28,1.50%,698.0,0,0,0,0,0,0,0,0,0,0,0,0,0,0,0,0,0,0,0,0,0,0,-1,0,0,0,0,0,0,1,1
DIV,MarketDesk Focused U.S. Dividend ETF,Financial,Exchange Traded Fund,USA,,,26.23,0.35%,16281.0,0,0,0,0,0,0,0,0,0,0,1,0,0,0,0,0,0,0,0,0,0,0,0,0,0,0,0,0,1,0,1
DND,FT Vest Dow Jones Internet & Target Income ETF,Financial,Exchange Traded Fund,USA,,,22.73,0.63%,265.0,0,0,0,0,0,0,0,0,0,0,1,0,0,0,0,0,0,0,0,0,0,0,0,0,-1,0,0,0,1,1,2
DRR,Fidelity Dividend ETF for Rising Rates,Financial,Exchange Traded Fund,USA,,,68.77,0.06%,22376.0,0,0,0,0,0,0,0,-1,0,0,0,0,0,0,0,0,0,0,0,0,0,0,0,0,-1,0,0,0,0,2,2
DRS,Founder-Led ETF,Financial,Exchange Traded Fund,USA,,,26.45,1.07%,27011.0,0,0,0,0,0,0,0,0,0,0,1,0,0,0,0,0,0,0,0,0,0,0,0,0,0,0,0,0,1,0,1
DRX,Founder-Led 2X Daily ETF,Financial,Exchange Traded Fund,USA,,,25.97,2.51%,10.0,0,0,0,0,0,0,0,0,0,0,1,0,0,0,0,0,0,0,0,0,0,0,-1,0,0,0,0,0,1,1,2
DSB,Fifth District Bancorp Inc,Financial,Banks - Regional,USA,90730000.0,53.26,17.33,-0.40%,9219.0,0,0,0,0,0,0,0,-1,0,0,0,0,0,0,0,0,0,0,0,0,0,0,0,0,0,0,0,0,0,1,1
DTS,First Trust Developed Markets ex-US Small Cap AlphaDEX Fund,Financial,Exchange Traded Fund,USA,,,71.98,0.11%,443.0,0,1,0,0,0,0,0,0,0,0,1,0,0,0,0,0,0,0,0,0,1,0,0,0,0,0,0,0,3,0,3
EAC,Fidelity Enhanced U.S. All-Cap Equity ETF,Financial,Exchange Traded Fund,USA,,,33.42,0.79%,1501.0,0,0,0,0,0,0,0,0,0,0,0,0,0,0,0,1,0,0,0,0,0,0,0,0,0,0,0,0,1,0,1
EAM,5E Advanced Materials Inc,Basic Materials,Specialty Chemicals,USA,163260000.0,,3.92,1.03%,1184481.0,0,0,0,0,0,0,0,0,0,0,1,0,0,0,0,0,0,0,0,0,0,0,0,0,0,0,0,0,1,0,1
EBT,AllianzIM U.S. Equity Buffer10 Feb ETF,Financial,Exchange Traded Fund,USA,,,42.57,0.45%,11654.0,0,0,0,0,0,0,0,-1,0,0,0,0,0,0,0,0,0,0,0,0,0,0,0,0,0,0,0,0,0,1,1
EDU,Four Seasons Education (Cayman) Inc ADR,Consumer Defensive,Education & Training Services,China,22330000.0,5.22,9.88,5.67%,3209.0,0,0,0,0,0,0,0,0,1,0,0,0,0,0,0,0,0,0,0,0,0,0,0,0,0,0,0,0,1,0,1
EIG,Northern Trust ESG & Climate Investment Grade Corporate Core ETF,Financial,Exchange Traded Fund,USA,,,38.53,0.05%,78.0,0,0,0,0,0,0,0,0,1,0,0,0,0,0,0,0,0,0,0,0,0,0,0,0,0,0,0,0,1,0,1
ELC,Fidelity Enhanced Large Cap Core ETF,Financial,Exchange Traded Fund,USA,,,44.0,0.71%,1342612.0,0,0,0,0,0,0,0,0,0,0,1,0,0,0,0,0,0,0,0,0,0,0,0,0,-1,0,0,0,1,1,2
ELG,Fidelity Enhanced Large Cap Growth ETF,Financial,Exchange Traded Fund,USA,,,46.15,0.92%,492545.0,0,0,0,0,0,0,0,-1,0,0,0,0,0,0,0,0,0,0,0,0,0,0,0,0,0,0,0,0,0,1,1
EM,First Trust Emerging Markets AlphaDEX Fund,Financial,Exchange Traded Fund,USA,,,33.31,1.82%,72453.0,0,0,0,0,0,0,0,0,0,0,1,0,0,0,0,0,0,0,0,0,0,0,0,0,-1,0,0,0,1,1,2
EMB,First Trust Emerging Markets Local Currency Bond ETF,Financial,Exchange Traded Fund,USA,,,28.59,0.93%,316957.0,0,0,0,0,0,0,0,0,0,0,0,0,0,0,0,1,0,0,0,0,0,0,0,0,0,0,0,0,1,0,1
ENG,Phoenix New Media Ltd ADR,Communication Services,Internet Content & Information,China,7720000.0,4.05,1.43,2.14%,1150.0,0,0,0,0,0,0,0,0,1,0,0,0,0,0,0,0,0,0,0,0,0,0,0,0,0,0,0,0,1,0,1
EP,First Trust Europe AlphaDEX Fund,Financial,Exchange Traded Fund,USA,,,55.9,-0.25%,22800.0,0,0,0,-1,0,0,0,-1,0,0,0,0,0,0,0,0,0,0,0,0,0,0,0,0,0,0,0,0,0,2,2
EPI,REX FANG & Innovation Equity Premium Income ETF,Financial,Exchange Traded Fund,USA,,,43.45,0.56%,245247.0,0,0,0,0,0,0,0,0,0,0,0,0,0,0,0,0,0,0,0,0,0,0,0,1,0,0,0,0,1,0,1
EUZ,First Trust Eurozone AlphaDEX ETF,Financial,Exchange Traded Fund,USA,,,63.33,-0.52%,5173.0,0,0,0,0,0,0,0,0,0,0,0,0,0,0,0,0,0,0,0,0,0,0,0,0,-1,0,0,0,0,1,1
FA,First Trust Enhanced Equity Income Fund,Financial,Closed-End Fund - Equity,USA,441940000.0,,22.11,-0.45%,36630.0,0,0,0,0,0,0,0,-1,0,0,0,0,0,0,0,0,0,0,0,0,0,0,0,0,0,0,0,0,0,1,1
FEM,Fidelity Fundamental Emerging Markets ETF,Financial,Exchange Traded Fund,USA,,,43.08,1.53%,9030.0,0,0,0,0,0,0,0,0,0,0,0,0,0,0,0,1,0,0,0,0,0,0,0,0,0,0,0,0,1,0,1
FGX,Fidelity Fundamental Global ex-U.S. ETF,Financial,Exchange Traded Fund,USA,,,34.33,0.57%,6972.0,0,0,0,0,0,0,0,-1,0,0,0,0,0,0,0,0,0,0,0,0,0,0,0,0,0,0,0,0,0,1,1
FIU,UVA Unconstrained Medium-Term Fixed Income ETF,Financial,Exchange Traded Fund,USA,,,20.44,-0.11%,1963.0,0,0,0,0,0,1,0,0,1,0,0,0,0,0,0,0,0,0,0,-1,0,0,0,0,0,0,0,0,2,1,3
FLC,Fidelity Fundamental Large Cap Core ETF,Financial,Exchange Traded Fund,USA,,,59.88,1.03%,215759.0,0,0,0,-1,0,0,0,0,0,0,0,0,0,0,0,0,0,0,0,0,0,0,0,0,0,0,0,0,0,1,1
GBI,First Guaranty Bancshares Inc,Financial,Banks - Regional,USA,143890000.0,,8.7,4.69%,57267.0,0,0,0,0,0,0,0,0,1,0,0,0,0,0,0,0,0,0,0,0,0,0,0,0,0,0,0,0,1,0,1
GC,FG Communities Holdings Inc,Financial,Asset Management,USA,32360000.0,,6.88,-0.94%,11955.0,0,0,0,0,0,0,0,0,0,0,0,0,0,0,0,0,0,0,0,0,1,0,0,1,0,0,0,0,2,0,2
GI,FGI Industries Ltd,Consumer Cyclical,"Furnishings, Fixtures & Appliances",USA,14630000.0,,7.57,-2.38%,6573.0,0,0,0,0,0,0,0,0,0,0,1,0,0,0,0,0,0,0,0,0,0,0,-1,0,0,0,0,0,1,1,2
GM,First Trust Germany AlphaDEX Fund,Financial,Exchange Traded Fund,USA,,,58.17,-0.42%,3406.0,0,0,0,0,0,0,0,0,0,0,0,0,0,0,0,1,0,0,0,0,0,0,0,0,0,0,0,0,1,0,1
GRU,T-REX 2X Long FIGR Daily Target ETF,Financial,Exchange Traded Fund,USA,,,7.01,-4.17%,48484.0,0,0,0,0,0,0,0,0,1,0,0,0,0,0,0,0,0,0,0,0,0,0,0,0,0,0,0,0,1,0,1
HEQ,Fidelity Hedged Equity ETF,Financial,Exchange Traded Fund,USA,,,34.0,0.67%,63932.0,0,0,0,-1,0,0,0,0,0,0,0,0,0,0,0,0,0,0,0,0,0,0,0,0,0,0,0,0,0,1,1
HN,First Horizon Corp,Financial,Banks - Regional,USA,11070000000.0,11.22,23.36,-0.26%,5972621.0,0,0,0,0,0,0,0,0,0,0,1,0,0,0,0,0,0,0,0,0,0,0,0,0,0,0,0,0,1,0,1
HYS,Federated Hermes Short Duration High Yield ETF,Financial,Exchange Traded Fund,USA,,,22.53,0.10%,17556.0,0,0,0,0,0,0,0,0,0,0,0,0,0,0,0,0,0,0,0,-1,0,0,0,0,0,0,0,0,0,1,1
IAT,YieldMax Short COIN Option Income Strategy ETF,Financial,Exchange Traded Fund,USA,,,15.19,-2.63%,53731.0,0,1,0,0,0,0,0,0,1,1,0,0,0,0,0,0,0,0,0,0,0,0,0,0,0,0,0,0,3,0,3
IAX,Nicholas Fixed Income Alternative ETF,Financial,Exchange Traded Fund,USA,,,17.05,0.06%,4890.0,0,0,0,-1,0,0,0,0,0,0,0,0,0,0,0,0,0,0,0,0,0,0,0,0,0,0,0,0,0,1,1
ICO,Fair Isaac Corp,Technology,Software - Application,USA,14890000000.0,19.93,689.61,4.29%,1168581.0,0,0,0,0,0,0,0,0,0,0,0,0,-1,0,0,0,0,0,0,0,0,0,0,0,0,0,0,0,0,1,1
IEE,FiEE Inc,Technology,Communication Equipment,Hong Kong,31470000.0,9.95,3.69,0.54%,4782.0,0,0,0,0,0,0,0,0,1,0,0,0,0,0,0,0,0,0,0,0,0,0,0,0,0,0,0,0,1,0,1
IG,Figma Inc,Technology,Software - Application,USA,11730000000.0,,22.01,3.04%,7726451.0,0,0,0,0,0,0,0,0,0,0,0,0,0,0,0,0,0,0,0,0,0,0,0,1,0,0,0,0,1,0,1
IGB,Fidelity Investment Grade Bond ETF,Financial,Exchange Traded Fund,USA,,,40.73,-0.10%,75615.0,0,0,0,0,0,0,0,0,0,0,0,0,0,0,0,0,0,0,0,-1,0,0,0,0,0,0,0,0,0,1,1
IGR,Figure Technology Solutions Inc,Financial,Capital Markets,USA,6270000000.0,32.99,27.94,-2.07%,4316280.0,0,0,0,0,0,0,0,0,0,0,0,0,-1,0,0,0,0,0,0,0,0,0,0,0,0,0,0,0,0,1,1
INA,Fidelity MSCI North American Subset Index ETF,Financial,Exchange Traded Fund,USA,,,25.94,0.72%,2038.0,0,0,0,0,0,0,0,0,0,0,1,0,0,0,0,0,0,0,0,0,0,0,0,0,0,0,0,0,1,0,1
INT,Frontier Asset Total International Equity ETF,Financial,Exchange Traded Fund,USA,,,36.45,0.52%,1283.0,0,0,0,-1,0,0,0,0,0,0,0,0,0,0,0,0,0,0,0,0,0,0,0,0,0,0,0,0,0,1,1
IP,FTAI Infrastructure Inc,Industrials,Conglomerates,USA,320270000.0,,2.71,0.93%,821581.0,0,0,0,0,0,0,0,0,1,0,0,0,0,0,0,0,0,0,0,0,0,0,0,0,0,0,0,0,1,0,1
IVN,Five9 Inc,Technology,Software - Infrastructure,USA,2570000000.0,50.17,34.37,0.03%,2243921.0,0,0,0,0,0,0,0,-1,0,0,0,0,0,0,0,0,0,0,0,0,0,0,0,0,0,0,0,0,0,1,1
IX,Comfort Systems USA Inc,Industrials,Engineering & Construction,USA,60290000000.0,42.15,1713.07,-0.86%,257146.0,0,0,0,0,0,0,0,0,0,0,0,0,0,0,0,1,0,0,0,0,0,0,0,0,0,0,0,0,1,0,1
JP,First Trust Japan AlphaDEX Fund,Financial,Exchange Traded Fund,USA,,,79.57,0.09%,8413.0,0,0,0,0,0,0,0,0,0,0,1,0,0,0,0,0,0,0,0,0,0,0,0,0,0,0,0,0,1,0,1
JUL,FT Vest U.S. Equity Buffer ETF - July,Financial,Exchange Traded Fund,USA,,,61.75,0.31%,7576.0,0,0,0,0,0,0,0,0,0,0,1,0,0,0,0,0,0,0,0,0,0,0,0,0,0,0,0,0,1,0,1
JUN,FT Vest U.S. Equity Buffer ETF - June,Financial,Exchange Traded Fund,USA,,,61.75,0.39%,16485.0,0,0,0,0,0,0,0,-1,0,0,0,0,0,0,0,0,0,0,0,0,0,0,0,0,0,0,0,0,0,1,1
LAU,Franklin FTSE Australia ETF,Financial,Exchange Traded Fund,USA,,,33.88,0.25%,1901.0,0,0,0,0,0,0,0,0,0,0,0,0,0,0,0,1,0,0,0,0,0,0,0,0,0,0,0,0,1,0,1
LBL,Franklin Senior Loan ETF,Financial,Exchange Traded Fund,USA,,,22.8,-0.04%,1534631.0,0,0,0,0,0,0,0,0,0,0,1,1,0,0,0,0,0,0,0,0,0,0,0,0,0,0,0,0,2,0,2
LBR,Franklin FTSE Brazil ETF,Financial,Exchange Traded Fund,USA,,,26.91,12.45%,1218934.0,0,0,0,0,0,0,0,0,1,0,0,0,0,0,0,0,0,0,0,0,0,0,0,0,0,0,0,0,1,0,1
LEE,Franklin FTSE Europe ETF,Financial,Exchange Traded Fund,USA,,,37.62,-0.11%,2242.0,0,0,0,0,0,0,0,0,0,0,0,0,0,0,0,0,0,1,0,0,0,0,0,0,0,0,0,0,1,0,1
LEX,Flex Ltd,Technology,Electronic Components,USA,43130000000.0,45.08,116.76,0.13%,2604849.0,0,0,0,0,0,0,0,0,1,0,1,0,0,0,0,0,0,0,0,0,0,0,0,0,0,0,0,0,2,0,2
LHY,Franklin High Yield Corporate ETF,Financial,Exchange Traded Fund,USA,,,23.33,0.13%,464694.0,0,0,0,0,0,0,0,0,0,0,0,0,-1,0,0,0,0,0,0,0,0,0,0,0,0,0,0,0,0,1,1
LJH,Franklin FTSE Japan Hedged ETF,Financial,Exchange Traded Fund,USA,,,47.19,0.49%,11575.0,0,0,0,0,0,0,0,0,0,0,1,1,0,0,0,0,0,0,0,0,1,0,0,0,0,0,0,0,3,0,3
LJP,Franklin FTSE Japan ETF,Financial,Exchange Traded Fund,USA,,,42.15,0.36%,3363123.0,0,0,0,0,0,0,0,-1,0,0,0,0,0,0,0,0,0,0,0,0,0,0,0,0,0,0,0,0,0,1,1
LLA,Franklin FTSE Latin America ETF,Financial,Exchange Traded Fund,USA,,,29.94,8.24%,88496.0,0,0,0,0,0,0,0,0,0,0,0,0,-1,0,0,0,0,0,0,0,0,0,0,0,0,0,0,0,0,1,1
LMX,Franklin FTSE Mexico ETF,Financial,Exchange Traded Fund,USA,,,34.85,1.29%,28965.0,0,0,0,0,0,0,0,0,0,0,0,0,-1,0,0,0,0,0,0,0,0,0,0,0,0,0,0,0,0,1,1
LN,First Trust Latin America AlphaDEX Fund,Financial,Exchange Traded Fund,USA,,,27.42,6.39%,20329.0,0,1,0,0,0,0,0,0,0,0,0,0,-1,0,0,0,0,0,0,0,0,0,0,0,0,0,0,0,1,1,2
LNT,Fluent Inc,Communication Services,Advertising Agencies,USA,89760000.0,,2.84,-4.70%,21934.0,0,0,0,0,0,0,0,0,1,0,0,0,0,0,0,0,0,0,0,0,0,0,0,0,0,0,0,0,1,0,1
LO,Flowers Foods Inc,Consumer Defensive,Packaged Foods,USA,1190000000.0,21.71,5.6,0.54%,7889270.0,0,0,0,0,0,0,0,0,0,0,0,0,-1,0,0,0,0,0,0,0,0,0,0,0,0,0,0,0,0,1,1
LOC,Flowco Holdings Inc,Energy,Oil & Gas Equipment & Services,USA,1670000000.0,21.91,18.49,0.16%,678849.0,0,0,0,0,0,0,0,0,0,0,0,0,-1,0,0,0,0,0,0,0,0,0,0,0,0,0,-1,0,0,2,2
LOT,iShares Floating Rate Bond ETF,Financial,Exchange Traded Fund,USA,,,50.87,-0.04%,3357533.0,0,1,0,-1,0,0,0,0,0,0,1,0,0,0,0,0,0,0,0,0,0,0,0,0,0,0,0,0,2,1,3
LRN,State Street SPDR Bloomberg Investment Grade Floating Rate ETF,Financial,Exchange Traded Fund,USA,,,30.74,0.00%,1314129.0,0,1,0,0,0,1,0,0,0,0,0,0,0,0,0,0,0,1,0,0,0,0,0,0,0,0,0,0,3,0,3
LRT,Pacer Aristotle Pacific Floating Rate High Income ETF,Financial,Exchange Traded Fund,USA,,,46.51,0.02%,325049.0,0,0,0,0,0,0,0,0,0,0,0,0,0,0,0,1,0,0,0,0,0,0,0,0,0,0,0,0,1,0,1
LSA,Franklin FTSE Saudi Arabia ETF,Financial,Exchange Traded Fund,USA,,,31.67,0.89%,93.0,0,0,0,0,0,0,0,0,0,0,0,0,-1,0,0,0,0,0,0,0,0,0,0,0,0,0,0,0,0,1,1
LTR,VanEck IG Floating Rate ETF,Financial,Exchange Traded Fund,USA,,,25.52,0.04%,1603600.0,0,0,0,0,0,0,0,0,0,0,0,0,0,0,0,1,0,0,0,0,0,0,0,0,0,0,0,0,1,0,1
LTW,Franklin FTSE Taiwan ETF,Financial,Exchange Traded Fund,USA,,,114.08,1.52%,94772.0,0,0,0,0,0,0,0,0,0,0,1,0,0,0,0,0,0,0,0,0,0,0,0,0,0,0,0,0,1,0,1
LUT,Flutter Entertainment Plc,Consumer Cyclical,Gambling,USA,13140000000.0,,75.73,1.23%,2795037.0,0,1,0,-1,0,0,0,0,0,0,0,0,0,0,0,0,0,0,0,0,1,1,0,0,0,0,0,0,3,1,4
LUX,Flux Power Holdings inc,Industrials,Electrical Equipment & Parts,USA,11140000.0,,0.51,-19.53%,4215223.0,0,0,0,0,0,0,0,0,1,0,0,0,0,0,0,0,0,0,0,0,0,0,0,0,0,0,0,0,1,0,1
LX,BingEx Ltd ADR,Industrials,Integrated Freight & Logistics,China,79650000.0,,1.52,7.80%,124845.0,0,0,0,0,0,0,0,0,1,0,0,0,0,0,0,0,0,0,0,0,0,0,0,0,0,0,0,0,1,0,1
LXR,TCW Flexible Income ETF,Financial,Exchange Traded Fund,USA,,,37.73,-0.08%,672089.0,0,1,0,-1,0,0,0,0,0,0,0,0,0,0,0,0,0,0,0,-1,0,0,0,0,0,0,0,0,1,2,3
LYD,MicroSectors Travel -3x Inverse Leveraged ETN,Financial,Exchange Traded Fund,USA,,,55.49,1.00%,1810.0,0,0,0,0,0,0,0,0,1,0,0,0,0,0,0,0,0,0,0,0,0,0,0,0,0,0,0,0,1,0,1
LYE,Fly-E Group Inc,Consumer Cyclical,Auto Manufacturers,USA,2150000.0,,1.32,-4.69%,12525.0,0,0,0,0,0,0,0,0,0,0,0,0,0,0,0,0,0,0,0,0,1,1,0,0,0,0,0,0,2,0,2
LYU,MicroSectors Travel 3x Leveraged ETN,Financial,Exchange Traded Fund,USA,,,34.18,-1.10%,387.0,0,0,0,0,0,0,0,-1,0,0,0,0,0,0,0,0,0,0,0,0,0,0,0,0,0,0,0,0,0,1,1
LYW,Flywire Corp,Technology,Software - Infrastructure,USA,2210000000.0,68.93,18.17,3.36%,1214889.0,0,0,0,0,0,0,0,-1,0,0,0,0,0,0,0,0,0,0,0,0,0,0,0,0,0,0,0,0,0,1,1
MAY,FT Vest U.S. Equity Buffer ETF - May,Financial,Exchange Traded Fund,USA,,,57.92,0.38%,8307.0,0,0,0,0,0,0,0,-1,0,0,1,0,0,0,0,0,0,0,0,0,0,0,0,0,-1,0,0,0,1,2,3
MC,FMC Corp,Basic Materials,Agricultural Inputs,USA,1400000000.0,,9.0,6.64%,6293353.0,0,0,0,0,0,0,0,0,1,0,0,0,0,0,0,0,0,0,0,0,0,0,0,0,0,0,0,0,1,0,1
MCX,FM Focus Equity ETF,Financial,Exchange Traded Fund,USA,,,36.42,0.15%,14.0,0,0,0,-1,0,0,0,0,0,0,0,0,0,0,0,0,0,0,0,0,0,0,0,0,0,0,0,0,0,1,1
MET,Fidelity Metaverse ETF,Financial,Exchange Traded Fund,USA,,,39.86,1.57%,2092.0,0,0,0,0,0,0,0,0,0,0,1,0,0,0,0,0,0,0,0,0,0,0,-1,0,0,0,0,0,1,1,2
MKT,The Free Markets ETF,Financial,Exchange Traded Fund,USA,,,21.96,0.34%,11254.0,0,0,0,0,0,0,0,0,0,0,1,1,0,0,0,0,0,0,0,0,0,0,0,0,0,0,0,0,2,0,2
MQQ,FMQQ The Next Frontier Internet ETF,Financial,Exchange Traded Fund,USA,,,12.38,4.63%,15923.0,0,0,0,0,0,0,0,0,0,0,0,0,0,0,0,0,0,0,0,0,0,0,0,1,0,0,0,0,1,0,1
MST,Foremost Clean Energy Ltd,Basic Materials,Other Industrial Metals & Mining,Canada,9410000.0,,0.54,-7.41%,250831.0,0,0,0,0,0,1,0,0,0,0,0,0,0,0,0,0,0,0,0,0,0,0,0,0,0,0,0,0,1,0,1
MTL,First Trust Indxx Critical Metals ETF,Financial,Exchange Traded Fund,USA,,,35.21,0.66%,1542.0,0,1,0,-1,0,0,0,0,0,0,0,0,0,0,0,0,0,0,0,0,1,0,0,0,0,0,0,0,2,1,3
MX,Fomento Economico Mexicano SAB de CV ADR,Consumer Defensive,Beverages - Brewers,Mexico,23560000000.0,22.72,116.92,1.07%,232777.0,0,0,0,0,0,0,0,0,0,0,0,0,-1,0,0,0,0,0,0,0,0,0,0,0,0,0,0,0,0,1,1
N,Fabrinet,Technology,Electronic Components,Cayman Islands,16260000000.000002,34.79,453.84,-2.12%,675354.0,0,0,0,0,0,0,0,0,1,1,0,0,0,0,0,0,0,0,0,0,0,0,0,0,0,0,-1,0,2,1,3
NDB,Schwab Fundamental U.S. Broad Market ETF,Financial,Exchange Traded Fund,USA,,,31.01,0.52%,153061.0,0,0,0,0,0,0,0,0,0,0,0,0,0,0,0,0,0,0,0,0,0,0,-1,0,0,0,0,0,0,1,1
NDC,Schwab Fundamental International Small Equity ETF,Financial,Exchange Traded Fund,USA,,,49.89,0.04%,87272.0,0,1,0,0,0,0,0,0,0,0,0,0,0,0,0,0,0,0,0,0,0,0,0,0,0,0,0,0,1,0,1
NDE,Schwab Fundamental Emerging Markets Equity ETF,Financial,Exchange Traded Fund,USA,,,42.94,2.46%,1746712.0,0,0,0,-1,0,0,0,-1,0,0,0,0,0,0,0,0,0,0,0,0,0,0,0,0,0,0,0,0,0,2,2
NDF,Schwab Fundamental International Equity ETF,Financial,Exchange Traded Fund,USA,,,53.9,0.11%,1711734.0,0,1,0,0,0,0,0,0,0,0,0,0,0,0,0,0,0,0,0,0,0,0,0,0,0,0,0,0,1,0,1
NGG,Direxion Daily NYSE FANG+ Bull 2X ETF,Financial,Exchange Traded Fund,USA,,,281.98,1.53%,1249.0,0,0,0,0,0,0,0,0,0,0,1,0,0,0,0,0,0,0,0,0,0,0,0,0,0,0,0,0,1,0,1
NGO,MicroSectors FANG+Index 2X Leveraged ETNs,Financial,Exchange Traded Fund,USA,,,161.72,1.40%,5176.0,0,0,0,0,0,0,0,0,0,0,1,0,0,0,0,0,0,0,0,0,0,0,0,0,0,0,0,0,1,0,1
NGR,FingerMotion Inc,Communication Services,Telecom Services,Singapore,20570000.0,,0.27,8.87%,64591612.0,0,0,0,0,0,0,0,0,1,0,0,0,0,0,0,0,0,0,0,0,0,0,0,0,0,0,0,0,1,0,1
NKO,Funko Inc,Consumer Cyclical,Leisure,USA,340450000.0,,6.07,3.58%,762382.0,0,1,0,0,0,0,0,0,0,0,0,0,0,0,0,0,0,0,0,0,0,0,0,0,0,0,0,0,1,0,1
NLC,First Bancorp Inc (ME),Financial,Banks - Regional,USA,385970000.0,10.17,34.21,0.00%,76119.0,0,0,0,0,0,0,0,0,0,0,0,0,0,0,0,0,0,0,0,0,1,0,0,0,-1,0,0,0,1,1,2
NOV,FT Vest U.S. Equity Buffer ETF - November,Financial,Exchange Traded Fund,USA,,,60.58,0.29%,5929.0,0,0,0,0,0,0,0,-1,0,0,0,0,0,0,0,0,0,0,0,0,0,0,0,0,0,0,0,0,0,1,1
NRN,First Northern Community Bancorp,Financial,Banks - Regional,USA,290690000.0,13.12,17.73,-0.28%,76389.0,0,0,0,0,0,0,0,0,1,0,0,0,0,0,0,0,0,0,0,0,0,0,0,0,0,0,0,0,1,0,1
NUC,Frontier Nuclear and Minerals Inc,Basic Materials,Other Industrial Metals & Mining,Canada,45170000.0,,1.25,-2.34%,246627.0,0,0,0,0,0,0,0,0,1,1,0,0,0,0,0,0,0,0,0,0,0,0,0,0,0,0,0,0,2,0,2
NY,First Trust Mid Cap Growth AlphaDEX Fund,Financial,Exchange Traded Fund,USA,,,100.91,0.38%,6156.0,0,1,0,0,0,0,0,0,1,0,0,0,0,0,0,0,0,0,0,0,0,0,0,0,0,0,-1,0,2,1,3
OF,Cohen & Steers Closed-End Opportunity Fund Inc,Financial,Closed-End Fund - Equity,USA,341420000.0,,12.27,-1.84%,109395.0,0,0,0,0,0,0,0,0,1,0,0,0,0,0,0,0,0,0,0,0,0,0,0,0,0,0,0,0,1,0,1
OPC,Frontier Asset Opportunistic Credit ETF,Financial,Exchange Traded Fund,USA,,,24.3,-0.02%,2870.0,0,0,0,0,0,1,0,0,1,1,0,0,0,0,0,0,0,0,0,0,0,0,0,0,0,0,0,0,3,0,3
ORM,FormFactor Inc,Technology,Semiconductor Equipment & Materials,USA,11560000000.0,101.46,147.99,-0.78%,13931860.0,0,0,0,0,0,0,0,0,0,0,0,0,0,0,0,0,0,0,0,0,0,0,0,0,-1,0,0,0,0,1,1
ORTY,Formula Systems (1985) Ltd ADR,Technology,Information Technology Services,Israel,1810000000.0,2.95,118.14,5.49%,1391.0,0,0,0,0,0,0,0,0,1,0,0,0,0,0,0,0,0,0,0,0,0,0,0,0,0,0,-1,0,1,1,2
OSL,Fossil Group Inc,Consumer Cyclical,Footwear & Accessories,USA,426980000.0,,7.22,6.18%,1613935.0,0,0,0,0,0,0,0,0,0,0,0,0,0,0,0,0,0,1,0,0,0,0,0,0,0,0,0,0,1,0,1
OX,Fox Corp,Communication Services,Entertainment,USA,25210000000.0,14.79,56.7,1.45%,1055349.0,0,1,0,0,0,0,0,0,0,0,1,0,0,0,0,0,0,0,0,0,0,0,0,0,0,0,0,0,2,0,2
OXX,Foxx Development Holdings Inc,Technology,Consumer Electronics,USA,17750000.0,,2.51,-3.46%,5420.0,0,0,0,0,0,0,0,0,0,0,0,0,-1,0,0,0,0,0,0,0,0,0,0,1,0,0,0,0,1,1,2
PA,First Trust Asia Pacific ex-Japan AlphaDEX Fund,Financial,Exchange Traded Fund,USA,,,50.9,0.93%,3125.0,0,0,0,0,0,0,0,0,0,0,0,0,0,0,0,0,0,0,0,0,0,0,0,0,0,0,-1,0,0,1,1
PAA,FPA Global Allocation ETF,Financial,Exchange Traded Fund,USA,,,24.81,0.38%,99879.0,0,0,0,0,0,0,0,0,1,0,0,0,0,0,0,0,0,0,0,0,0,0,-1,0,0,0,0,0,1,1,2
PFD,Fidelity Preferred Securities & Income ETF,Financial,Exchange Traded Fund,USA,,,20.49,-0.22%,28188.0,0,0,0,-1,0,0,0,0,0,0,0,0,0,0,0,0,0,0,0,0,0,0,0,0,0,0,0,0,0,1,1
PS,Forgent Power Solutions Inc,Industrials,Electrical Equipment & Parts,USA,11860000000.0,144.92,38.97,-3.42%,6589900.0,0,0,0,0,0,0,0,0,0,0,0,0,0,0,0,0,0,0,0,0,1,0,0,0,0,0,0,0,1,0,1
PSX,Leverage Shares 2X Long FPS Daily ETF,Financial,Exchange Traded Fund,USA,,,4.62,-6.48%,251450.0,0,0,0,0,0,0,0,0,0,0,0,0,-1,-1,0,0,0,0,0,0,0,0,0,1,0,0,0,0,1,2,3
PWR,First Trust EIP Power Solutions ETF,Financial,Exchange Traded Fund,USA,,,34.87,0.46%,2619.0,0,1,0,-1,0,0,0,0,0,0,0,0,0,0,0,0,0,0,0,0,0,0,0,0,0,0,0,0,1,1,2
PXE,First Trust IPOX (R) Europe Equity Opportunities ETF,Financial,Exchange Traded Fund,USA,,,32.15,-0.10%,89.0,0,0,0,0,0,0,0,0,1,0,0,0,0,0,0,0,0,0,0,0,0,0,0,0,0,0,0,0,1,0,1
PXI,First Trust International Equity Opportunities ETF,Financial,Exchange Traded Fund,USA,,,69.01,1.17%,20306.0,0,0,0,0,0,0,0,0,1,0,0,0,0,0,0,0,0,0,0,0,0,0,0,0,0,0,0,0,1,0,1
QAL,Fidelity Quality Factor ETF,Financial,Exchange Traded Fund,USA,,,84.38,0.81%,21537.0,0,0,0,0,0,0,0,0,0,0,0,0,0,0,0,0,0,0,0,0,0,0,0,0,-1,0,0,0,0,1,1
RA,Blackrock Floating Rate Income Strategies Fund Inc,Financial,Closed-End Fund - Debt,USA,364620000.0,,10.29,-1.91%,336429.0,0,0,0,0,0,0,0,0,0,0,1,0,0,0,0,0,0,0,0,0,0,0,0,0,0,0,0,0,1,0,1
RAF,Franklin Financial Services Corp,Financial,Banks - Regional,USA,283290000.0,11.48,62.96,-0.32%,40329.0,0,0,0,0,0,0,0,0,0,0,1,0,0,0,0,0,0,0,0,0,0,0,0,0,-1,0,0,0,1,1,2
RBT,Forbright Inc,Financial,Banks - Diversified,USA,934420000.0,,17.68,-0.62%,73549.0,0,0,0,0,0,0,0,0,1,1,0,0,0,0,0,0,0,0,0,0,0,0,0,0,0,0,0,0,2,0,2
RD,Friedman Industries Inc,Basic Materials,Steel,USA,304380000.0,11.08,42.2,2.73%,36844.0,0,0,0,0,0,0,0,0,1,0,0,0,0,0,0,0,0,0,0,0,0,0,0,0,0,0,0,0,1,0,1
RGN,Horizon International Equity ETF,Financial,Exchange Traded Fund,USA,,,31.55,0.56%,18546.0,0,0,0,0,0,0,0,0,0,0,1,1,0,0,0,0,0,0,0,0,1,0,0,0,-1,0,0,0,3,1,4
RGT,Freight Technologies Inc,Technology,Software - Application,USA,160000.0,,0.25,-2.85%,1275999.0,0,0,0,0,0,0,0,0,1,0,0,0,0,0,0,0,0,0,0,0,0,0,0,0,0,0,0,0,1,0,1
RNM,Freenome Inc,Healthcare,Diagnostics & Research,USA,1810000000.0,,16.83,3.13%,772773.0,0,0,0,-1,0,0,0,0,0,0,0,0,0,0,0,0,0,0,0,0,0,0,0,0,0,0,0,0,0,1,1
RNW,Fidelity Clean Energy ETF,Financial,Exchange Traded Fund,USA,,,21.08,-1.17%,56159.0,0,0,0,0,0,0,0,0,1,0,0,0,0,0,0,0,0,0,0,0,0,0,0,0,0,0,0,0,1,0,1
RST,Primis Financial Corp,Financial,Banks - Regional,USA,384630000.0,7.22,15.51,-0.70%,92715.0,0,0,0,0,0,0,0,0,0,0,1,0,0,0,0,0,0,0,0,0,0,0,-1,0,0,0,0,0,1,1,2
RSX,Foresight Autonomous Holdings Ltd ADR,Consumer Cyclical,Auto Parts,Israel,5640000.0,,1.08,-3.57%,13247.0,0,0,0,-1,0,0,0,0,1,1,0,0,0,0,0,0,0,0,0,0,0,0,0,0,0,0,0,0,2,1,3
RTY,Alger Mid Cap 40 ETF,Financial,Exchange Traded Fund,USA,,,24.28,1.72%,15403.0,0,0,0,0,0,0,0,0,0,0,0,0,0,0,0,1,0,0,0,0,0,0,0,0,0,0,0,0,1,0,1
RVO,Fervo Energy Co,Utilities,Utilities - Renewable,USA,3970000000.0,,13.46,-6.85%,11879753.0,0,0,0,0,0,0,0,0,1,0,0,0,0,0,0,0,0,0,0,0,0,0,0,0,0,0,0,0,1,0,1
SI,Flexible Solutions International Inc,Basic Materials,Specialty Chemicals,Canada,78160000.0,,6.12,1.16%,6406.0,0,0,0,0,0,0,0,0,1,0,0,0,0,0,0,0,0,0,0,0,0,0,0,0,0,0,0,0,1,0,1
SLY,Fastly Inc,Technology,Software - Application,USA,4139999999.9999995,,26.01,0.77%,2548334.0,0,0,0,0,0,0,0,0,0,0,0,0,0,0,0,1,0,0,0,0,0,0,0,0,0,0,0,0,1,0,1
SP,Franklin Street Properties Corp,Real Estate,REIT - Office,USA,31540000.0,,0.3,-8.09%,1260265.0,0,0,0,0,0,0,0,0,1,0,0,0,0,0,0,0,0,0,0,0,0,0,0,0,0,0,0,0,1,0,1
SS,Federal Signal Corp,Industrials,Farm & Heavy Construction Machinery,USA,7110000000.0,25.08,116.43,0.08%,553978.0,0,0,0,0,0,0,0,0,0,0,0,0,-1,0,0,0,0,0,0,0,0,0,0,0,0,0,0,0,0,1,1
SV,FirstService Corp,Real Estate,Real Estate Services,Canada,5860000000.0,36.34,128.28,-0.66%,74495.0,0,0,0,0,0,0,0,0,0,0,0,0,-1,0,0,0,0,0,0,0,0,0,0,0,0,0,0,0,0,1,1
TBI,First Trust Balanced Income ETF,Financial,Exchange Traded Fund,USA,,,21.16,0.12%,1564.0,0,0,0,0,0,0,0,0,0,0,0,0,0,0,0,0,0,0,0,0,1,0,-1,0,0,0,0,0,1,1,2
TC,First Trust Large Capital Growth AlphaDEX Fund,Financial,Exchange Traded Fund,USA,,,181.44,0.47%,22263.0,0,0,0,0,0,0,0,0,0,0,0,0,-1,-1,0,0,0,0,0,0,0,0,0,0,0,0,0,0,0,2,2
TCB,First Trust Core Investment Grade ETF,Financial,Exchange Traded Fund,USA,,,19.73,-0.13%,539336.0,0,0,0,0,0,0,0,0,1,0,0,0,0,0,0,0,0,0,0,0,0,0,0,0,0,0,0,0,1,0,1
TCI,FTC Solar Inc,Technology,Solar,USA,32049999.999999996,,1.94,-9.77%,628796.0,0,0,0,0,0,0,0,0,1,1,0,0,0,0,0,0,0,0,0,0,0,0,0,0,0,0,0,0,2,0,2
TDR,Frontdoor Inc,Consumer Cyclical,Personal Services,USA,5350000000.0,20.54,77.62,0.49%,641497.0,0,1,0,0,0,0,0,0,0,0,0,0,0,0,0,0,0,0,0,0,0,0,0,0,0,0,0,0,1,0,1
TF,Franklin Limited Duration Income Trust,Financial,Closed-End Fund - Debt,USA,214960000.0,,5.32,-0.93%,277758.0,0,0,0,0,0,0,0,0,0,0,0,0,-1,-1,0,0,0,0,0,0,0,0,0,0,0,0,0,0,0,2,2
THY,First Trust High Yield Opportunities 2027 Term Fund,Financial,Closed-End Fund - Debt,USA,464440000.0,,12.63,0.16%,190655.0,0,0,0,0,0,0,0,0,1,0,0,0,0,0,0,0,0,0,0,0,0,0,0,0,0,0,0,0,1,0,1
TI,TechnipFMC plc,Energy,Oil & Gas Equipment & Services,USA,27550000000.0,24.48,70.25,2.08%,3295776.0,0,0,0,-1,0,0,0,0,0,0,0,0,0,0,0,0,0,0,0,0,0,0,0,0,0,0,0,0,0,1,1
TLS,First Trust Long/Short Equity ETF,Financial,Exchange Traded Fund,USA,,,77.76,0.54%,240238.0,0,0,0,0,0,0,0,-1,0,0,0,0,0,0,0,0,0,0,0,0,0,0,0,0,0,0,0,0,0,1,1
TNT,Fortinet Inc,Technology,Software - Infrastructure,USA,135100000000.0,64.88,184.13,1.76%,3062653.0,0,1,0,0,0,1,0,-1,0,0,0,0,0,0,0,0,0,0,0,0,0,0,0,0,0,0,0,0,2,1,3
TQI,First Trust Nasdaq BuyWrite Income ETF,Financial,Exchange Traded Fund,USA,,,22.38,0.40%,310540.0,0,0,0,-1,0,0,0,-1,0,0,0,0,0,0,0,0,0,0,0,0,0,0,0,0,0,0,0,0,0,2,2
TSD,Franklin Short Duration U.S. Government ETF,Financial,Exchange Traded Fund,USA,,,88.59,-0.12%,56483.0,0,0,0,0,0,0,0,0,0,0,0,0,0,0,0,0,0,0,0,-1,0,0,0,0,0,0,0,0,0,1,1
TSM,First Trust Enhanced Short Maturity ETF,Financial,Exchange Traded Fund,USA,,,59.56,0.03%,920019.0,0,1,0,0,0,0,0,0,0,0,0,0,0,0,0,0,0,0,0,0,0,0,0,0,0,0,0,0,1,0,1
TXR,First Trust Nasdaq Transportation ETF,Financial,Exchange Traded Fund,USA,,,41.68,-0.02%,26185.0,0,0,0,0,0,0,0,0,0,0,0,0,0,0,0,0,0,0,0,0,0,0,0,0,-1,0,0,0,0,1,1
UBO,fuboTV Inc,Communication Services,Broadcasting,USA,941270000.0,2.0,8.62,-0.46%,1072392.0,0,1,0,0,0,0,0,0,0,0,0,0,-1,0,0,0,0,0,0,0,0,0,0,0,0,1,0,0,2,1,3
UFU,BitFuFu Inc,Financial,Capital Markets,Singapore,249150000.0,,1.5,6.79%,130036.0,0,0,0,0,0,0,0,0,1,1,0,0,0,0,0,0,0,0,0,0,0,0,0,0,0,0,0,0,2,0,2
UL,H.B. Fuller Company,Basic Materials,Specialty Chemicals,USA,2720000000.0,14.05,50.44,0.48%,1204696.0,0,0,0,-1,0,0,0,0,0,0,0,0,0,0,0,1,0,0,0,-1,0,0,0,0,0,0,0,0,1,2,3
URY,Fury Gold Mines Ltd,Basic Materials,Gold,Canada,96830000.0,,0.51,-0.78%,166185.0,0,0,0,0,0,0,0,0,1,0,0,0,0,0,0,0,0,0,0,0,0,0,0,0,0,0,0,0,1,0,1
USE,Fusemachines Inc,Technology,Software - Application,USA,11920000.0,23.76,0.41,-17.07%,489670.0,0,0,0,0,0,0,0,0,0,0,0,0,-1,0,0,0,0,0,0,0,0,0,0,0,0,0,0,0,0,1,1
USI,American Century Ultrashort Income ETF,Financial,Exchange Traded Fund,USA,,,50.54,0.06%,24733.0,0,0,0,-1,0,0,0,-1,0,0,0,0,0,0,0,0,0,0,0,0,0,0,0,0,0,0,0,0,0,2,2
VAL,Fidelity Value Factor ETF,Financial,Exchange Traded Fund,USA,,,81.76,0.36%,30872.0,0,0,0,0,0,0,0,0,0,0,0,0,0,0,0,0,0,0,0,0,0,0,0,0,-1,0,0,0,0,1,1
WRG,First Watch Restaurant Group Inc,Consumer Cyclical,Restaurants,USA,648600000.0,37.2,10.51,-0.57%,1575709.0,0,0,0,0,0,0,0,0,0,0,0,0,-1,0,0,0,0,0,0,0,0,0,0,1,0,0,0,0,1,1,2
XA,Invesco CurrencyShares Australian Dollar Trust,Financial,Exchange Traded Fund,USA,,,68.99,0.19%,3936.0,0,0,0,0,0,0,0,0,0,0,1,0,0,0,0,0,0,0,0,0,0,0,-1,0,0,0,0,0,1,1,2
XAC,FortuneX Acquisition Corp,Financial,Shell Companies,USA,113680000.0,,10.08,0.00%,249.0,0,0,0,0,0,0,0,0,0,0,1,0,0,0,0,0,0,0,0,0,0,0,-1,0,0,0,0,0,1,1,2
XD,First Trust Consumer Discretionary AlphaDEX Fund,Financial,Exchange Traded Fund,USA,,,64.66,0.11%,16157.0,0,0,0,0,0,0,0,0,0,0,1,0,0,0,0,0,0,0,0,0,0,0,0,0,0,0,0,0,1,0,1
XED,Sound Enhanced Fixed Income ETF,Financial,Exchange Traded Fund,USA,,,16.49,-0.54%,3056.0,0,0,0,-1,0,0,0,0,1,0,0,0,0,0,0,0,0,0,0,0,0,0,0,0,0,0,0,0,1,1,2
XF,Invesco CurrencyShares Swiss Franc Trust,Financial,Exchange Traded Fund,USA,,,105.96,-0.25%,14014.0,0,0,0,0,0,0,0,0,0,0,0,0,0,0,0,0,0,0,0,-1,0,0,0,0,0,0,0,0,0,1,1
XHO,UTime Ltd,Technology,Consumer Electronics,China,264610000.0,0.03,10.07,1.36%,34232.0,0,0,0,0,0,0,0,0,1,0,0,0,0,0,0,0,0,0,0,0,0,0,0,0,0,0,0,0,1,0,1
XI,iShares China Large-Cap ETF,Financial,Exchange Traded Fund,USA,,,33.85,1.99%,22383461.0,0,0,0,-1,0,0,0,0,0,0,1,0,0,0,0,1,0,0,0,0,0,0,0,0,0,0,0,0,2,1,3
XL,First Trust Technology AlphaDEX Fund,Financial,Exchange Traded Fund,USA,,,229.92,0.82%,60143.0,0,0,0,0,0,0,0,0,0,0,1,0,0,0,0,0,0,0,0,0,0,0,0,0,0,0,0,0,1,0,1
XP,ProShares UltraShort FTSE China 50,Financial,Exchange Traded Fund,USA,,,22.15,-3.39%,4340.0,0,0,0,0,0,1,0,0,0,0,0,0,0,0,0,0,0,0,0,0,0,0,0,0,0,0,0,0,1,0,1
XR,First Trust Industrials/Producer Durables AlphaDEX Fund,Financial,Exchange Traded Fund,USA,,,83.25,0.10%,35643.0,0,0,0,0,0,0,0,0,0,0,1,0,0,0,0,0,0,0,0,0,0,0,0,0,0,0,0,0,1,0,1
YC,First Trust Small Cap Growth AlphaDEX Fund,Financial,Exchange Traded Fund,USA,,,117.29,0.71%,68255.0,0,0,0,0,0,0,0,0,1,0,0,0,0,0,0,0,0,0,0,0,0,0,0,0,0,0,0,0,1,0,1
AA,Cambria Global Asset Allocation ETF,Financial,Exchange Traded Fund,USA,,,35.15,0.52%,6399.0,0,1,0,0,0,0,0,0,0,0,0,0,0,0,0,0,0,0,0,0,0,0,0,0,0,0,0,0,1,0,1
AB,Gabelli Equity Trust Inc,Financial,Closed-End Fund - Equity,USA,1780000000.0,,5.18,-1.15%,1310815.0,0,0,0,0,0,0,0,0,0,0,0,0,-1,0,0,0,0,0,0,0,0,0,0,0,0,0,0,0,0,1,1
AEM,Simplify Gamma Emerging Market Bond ETF,Financial,Exchange Traded Fund,USA,,,25.67,0.49%,2512.0,0,0,0,0,0,0,0,0,0,0,1,0,0,0,0,0,0,0,0,0,0,0,0,0,0,0,0,0,1,0,1
AME,GameSquare Holdings Inc,Communication Services,Electronic Gaming & Multimedia,USA,39980000.0,,3.06,-0.65%,193267.0,0,0,0,0,0,1,0,0,0,0,1,1,0,0,0,1,0,0,0,0,0,0,0,0,0,0,0,0,4,0,4
ANX,Gain Therapeutics Inc,Healthcare,Biotechnology,USA,73760000.0,,1.69,-1.17%,351043.0,0,0,0,0,0,0,0,0,0,0,0,0,-1,-1,0,0,0,0,0,0,0,0,0,0,0,0,0,0,0,2,2
AP,Gap Inc,Consumer Cyclical,Apparel Retail,USA,8180000000.0,6.96,23.3,3.51%,6939271.0,0,0,0,0,0,0,0,0,0,0,0,0,0,0,0,1,0,0,0,0,0,0,0,0,0,0,0,0,1,0,1
APR,FT Vest U.S. Equity Moderate Buffer ETF - April,Financial,Exchange Traded Fund,USA,,,42.81,0.15%,2728.0,0,0,0,0,0,0,0,-1,0,0,0,0,0,0,0,0,0,0,0,0,0,0,0,0,0,0,0,0,0,1,1
ARY,Mango Growth ETF,Financial,Exchange Traded Fund,USA,,,28.82,1.00%,18252.0,0,0,0,0,0,0,0,0,0,0,1,0,0,0,0,0,0,0,0,0,0,0,0,0,0,0,0,0,1,0,1
ASZ,Corgi Natural Gas Power & Turbines ETF,Financial,Exchange Traded Fund,USA,,,22.15,0.39%,1708.0,0,0,0,0,0,0,0,0,1,1,0,0,0,0,0,0,0,0,0,0,0,0,0,0,0,0,0,0,2,0,2
ATX,GATX Corp,Industrials,Rental & Leasing Services,USA,6080000000.0,17.08,172.27,0.73%,286026.0,0,0,0,0,0,0,0,0,0,0,0,0,-1,0,0,1,0,0,0,0,0,0,0,0,0,0,0,0,1,1,2
AU,Galiano Gold Inc,Basic Materials,Gold,Canada,520559999.99999994,7.54,1.99,0.00%,4314145.0,0,0,0,0,0,0,0,0,1,0,0,0,0,0,0,0,0,0,0,0,0,0,0,0,0,0,0,0,1,0,1
AUG,FT Vest U.S. Equity Moderate Buffer ETF - August,Financial,Exchange Traded Fund,USA,,,42.38,0.20%,6939.0,0,0,0,0,0,0,0,0,0,0,1,0,0,0,0,0,0,0,0,0,0,0,0,0,0,0,0,0,1,0,1
BIL,Goldman Sachs Access Treasury 0-1 Year ETF,Financial,Exchange Traded Fund,USA,,,99.88,0.00%,593715.0,0,1,0,-1,0,0,0,0,0,0,1,1,0,0,0,0,0,0,0,0,0,0,0,0,0,0,0,0,3,1,4
BND,Goldman Sachs Core Bond ETF,Financial,Exchange Traded Fund,USA,,,47.87,-0.07%,30396.0,0,1,0,0,0,1,0,0,0,0,0,0,0,0,0,0,0,0,0,-1,0,0,0,0,0,0,0,0,2,1,3
BR,New Concept Energy Inc,Real Estate,Real Estate Services,USA,3690000.0,,0.72,-6.23%,118848.0,0,0,0,0,0,0,0,0,1,0,0,0,0,0,0,0,0,0,0,0,0,0,0,0,0,0,0,0,1,0,1
BTC,Grayscale Bitcoin Trust,Financial,Exchange Traded Fund,USA,,,66.23,1.72%,1482758.0,0,0,0,0,0,0,0,0,0,0,1,0,0,0,0,0,0,0,0,0,0,0,0,0,0,0,0,0,1,0,1
CDT,Green Circle Decarbonize Technology Ltd,Industrials,Specialty Industrial Machinery,USA,,,0.43,7.28%,289892.0,0,0,0,0,0,0,0,0,1,0,0,0,0,0,0,0,0,0,0,0,0,0,0,0,0,0,0,0,1,0,1
CGR,General Catalyst Global Resilience Merger Corp,Financial,Shell Companies,USA,467920000.0,,10.13,0.01%,229.0,0,0,0,0,0,0,0,-1,0,0,0,0,0,0,0,0,0,0,0,0,0,0,0,0,0,0,0,0,0,1,1
CL,GCL Global Holdings Ltd,Communication Services,Electronic Gaming & Multimedia,Singapore,87980000.0,,0.69,-9.33%,266242.0,0,1,0,0,0,0,0,0,0,0,1,0,0,0,0,0,0,0,0,0,0,0,0,0,0,0,0,0,2,0,2
COW,Pacer Global Cash Cows Dividend ETF,Financial,Exchange Traded Fund,USA,,,44.47,-0.02%,567989.0,0,0,0,0,0,0,0,0,0,0,1,0,0,0,0,0,0,0,0,0,0,0,0,0,0,0,0,0,1,0,1
CSH,Guggenheim Ultra Short Income ETF,Financial,Exchange Traded Fund,USA,,,49.81,-0.26%,31624.0,0,0,0,0,0,0,0,0,1,1,0,0,0,0,0,0,0,0,0,0,0,0,0,0,0,0,0,0,2,0,2
CTS,GCT Semiconductor Holding Inc,Technology,Semiconductors,USA,192210000.0,,2.09,-7.11%,1270196.0,0,0,0,0,0,0,0,0,0,0,0,0,-1,0,0,0,0,0,0,0,0,0,0,0,0,0,0,0,0,1,1
DDY,Godaddy Inc,Technology,Software - Infrastructure,USA,12630000000.0,14.79,99.74,2.60%,1557438.0,0,0,0,0,0,0,0,0,0,0,1,0,0,0,0,0,0,0,0,0,0,0,0,0,0,0,0,0,1,0,1
DHG,Golden Heaven Group Holdings Ltd,Consumer Cyclical,Leisure,China,69300000.0,,1.16,-0.43%,18656.0,0,0,0,0,0,0,0,0,1,0,0,0,0,0,0,0,0,0,0,0,0,0,0,0,0,0,0,0,1,0,1
DO,Western Asset Global Corporate Defined Opportunity Fund Inc,Financial,Closed-End Fund - Debt,USA,73090000.0,,9.72,-0.31%,22411.0,0,0,0,0,0,0,0,0,1,0,0,0,0,0,0,0,0,0,0,0,0,0,0,0,0,0,0,0,1,0,1
DOG,Grayscale Dogecoin Trust ETF,Financial,Exchange Traded Fund,USA,,,11.18,4.29%,61672.0,0,1,0,0,0,0,0,0,0,0,0,0,0,0,0,0,0,0,0,0,0,0,0,0,0,0,0,0,1,0,1
DTC,CytoMed Therapeutics Ltd,Healthcare,Biotechnology,Singapore,11960000.0,,1.01,9.78%,68329.0,0,0,0,0,0,0,0,0,0,0,0,0,-1,-1,0,0,0,0,0,0,0,0,0,0,0,0,0,0,0,2,2
DYN,Grid Dynamics Holdings Inc,Technology,Information Technology Services,USA,636040000.0,229.24,7.84,-2.24%,757349.0,0,0,0,0,0,0,0,0,0,0,0,0,0,0,0,0,0,0,0,0,0,0,0,1,0,0,0,0,1,0,1
EL,Genesis Energy LP,Energy,Oil & Gas Midstream,USA,1710000000.0,69.82,14.02,-0.21%,170775.0,0,0,0,0,0,0,0,0,0,0,0,0,-1,0,0,0,0,0,0,0,0,0,0,1,0,0,0,0,1,1,2
ELS,Gelteq Ltd,Healthcare,Drug Manufacturers - Specialty & Generic,Australia,5820000.0,,0.54,4.29%,37336.0,0,0,0,0,0,0,0,0,0,0,0,0,0,0,0,1,0,0,0,0,0,0,0,0,0,0,0,0,1,0,1
EMI,Gemini Space Station Inc,Financial,Capital Markets,USA,618450000.0,,4.77,2.14%,1423067.0,0,0,0,0,0,0,0,0,0,0,0,0,0,0,0,0,0,0,0,0,0,0,0,0,0,1,0,0,1,0,1
END,Genter Capital Dividend Income ETF,Financial,Exchange Traded Fund,USA,,,12.82,-0.10%,512.0,0,0,0,0,0,1,0,-1,0,0,0,0,0,0,0,0,0,1,0,0,0,0,0,0,0,0,0,0,2,1,3
ENT,Genter Capital Taxable Quality Intermediate ETF,Financial,Exchange Traded Fund,USA,,,9.89,0.13%,23895.0,0,0,0,0,0,1,0,0,0,0,0,0,0,0,0,0,0,0,0,-1,0,0,0,0,0,0,0,0,1,1,2
EO,Geo Group Inc,Industrials,Security & Protection Services,USA,4260000000.0,15.26,32.34,3.12%,4635723.0,0,0,0,0,0,0,0,0,0,0,1,0,0,0,0,0,0,0,0,0,0,0,0,0,0,0,0,0,1,0,1
EV,GE Vernova Inc,Industrials,Specialty Industrial Machinery,USA,263670000000.00003,28.34,990.0,0.13%,1666975.0,0,1,0,0,0,0,0,0,0,0,0,0,0,0,0,0,0,0,0,0,0,0,0,0,0,0,0,0,1,0,1
EVG,Leverage Shares 2X Long GEV Daily ETF,Financial,Exchange Traded Fund,USA,,,23.62,0.04%,6694.0,0,0,0,0,0,0,0,0,1,0,0,0,0,0,0,0,0,0,0,0,0,0,0,0,0,0,0,0,1,0,1
EVX,Tradr 2X Long GEV Daily ETF,Financial,Exchange Traded Fund,USA,,,18.65,0.21%,82385.0,0,0,0,0,0,0,0,0,0,0,0,0,-1,-1,0,0,0,0,0,0,0,0,0,0,0,0,0,0,0,2,2
FAI,Guardforce AI Co Ltd,Industrials,Security & Protection Services,Singapore,9230000.0,,0.29,-4.51%,268352.0,0,0,0,0,0,0,0,0,1,0,0,0,0,0,0,0,0,0,0,0,0,0,0,0,0,0,0,0,1,0,1
FL,GFL Environmental Inc,Industrials,Waste Management,USA,18430000000.0,,42.28,0.71%,3650492.0,0,1,0,-1,0,0,0,0,0,0,0,0,0,0,0,0,0,0,0,0,0,0,0,0,0,0,0,0,1,1,2
FLW,VictoryShares Free Cash Flow Growth ETF,Financial,Exchange Traded Fund,USA,,,34.16,0.89%,838744.0,0,0,0,0,0,0,0,0,0,0,1,0,0,0,0,0,0,0,0,0,0,0,-1,0,0,0,0,0,1,1,2
FUZ,General Fusion Group Ltd,Industrials,Specialty Industrial Machinery,Canada,400080000.0,,7.53,-0.66%,157327.0,0,0,0,0,0,0,0,0,1,0,0,0,-1,0,0,0,0,0,0,0,0,0,0,1,0,0,0,0,2,1,3
GAL,Grupo Financiero Galicia ADR,Financial,Banks - Regional,Argentina,5070000000.0,51.09,38.25,6.58%,1823913.0,0,0,0,0,0,0,0,0,0,0,0,0,-1,0,0,0,0,0,0,0,1,0,0,0,0,0,0,0,1,1,2
GB,Gerdau SA ADR,Basic Materials,Steel,Brazil,6410000000.0,23.56,5.17,3.19%,30967093.0,0,0,0,0,0,1,0,-1,0,0,0,0,0,0,0,0,0,0,0,0,0,0,0,0,0,0,0,0,1,1,2
GLL,Direxion Daily GOOGL Bull 2X ETF,Financial,Exchange Traded Fund,USA,,,100.85,1.81%,918948.0,0,0,0,0,0,0,0,0,0,0,0,0,0,0,0,1,0,0,0,0,0,0,0,0,0,0,0,0,1,0,1
GME,Invesco Next Gen Media and Gaming ETF,Financial,Exchange Traded Fund,USA,,,66.54,0.94%,380.0,0,0,0,0,0,0,0,-1,0,0,0,0,0,0,0,0,0,0,0,0,0,0,0,0,0,0,0,0,0,1,1
GRW,Gabelli Growth Innovators ETF,Financial,Exchange Traded Fund,USA,,,38.35,0.82%,23.0,0,0,0,-1,0,0,0,0,0,0,0,0,0,0,0,0,0,0,0,0,0,0,0,0,0,0,0,0,0,1,1
HI,Greystone Housing Impact Investors LP,Financial,Mortgage Finance,USA,121910000.0,,5.24,-5.24%,90309.0,0,0,0,0,0,0,0,0,0,0,0,0,0,0,0,0,0,0,0,0,0,0,0,0,0,1,0,0,1,0,1
HXI,Gores Holdings XI Inc,Financial,Shell Companies,USA,365760000.0,,9.99,-0.19%,910.0,0,0,0,0,0,0,0,0,0,0,0,0,-1,0,0,0,0,0,0,0,0,0,0,0,0,0,0,0,0,1,1
HY,PGIM Global High Yield Fund Inc,Financial,Closed-End Fund - Debt,USA,440330000.0,,10.75,-1.10%,287775.0,0,0,0,0,0,0,0,0,1,0,0,0,0,0,0,0,0,0,0,0,0,0,0,0,0,0,0,0,1,0,1
IGB,Goldman Sachs Access Investment Grade Corporate Bond ETF,Financial,Exchange Traded Fund,USA,,,43.38,0.05%,48087.0,0,0,0,0,0,0,0,0,1,0,0,0,0,0,0,0,0,0,0,0,0,0,0,0,0,0,0,0,1,0,1
IGM,Gigamedia,Communication Services,Electronic Gaming & Multimedia,Taiwan,15430000.0,,1.4,-2.34%,11402.0,0,1,0,0,0,1,0,0,0,0,0,0,-1,0,0,0,0,0,0,0,1,1,0,0,0,1,0,0,5,1,6
INN,Goldman Sachs Innovate Equity ETF,Financial,Exchange Traded Fund,USA,,,81.92,1.00%,773.0,0,0,0,0,0,0,0,0,0,0,0,0,0,0,0,0,0,0,0,0,0,0,-1,0,0,0,0,0,0,1,1
IPR,Generation Income Properties Inc,Real Estate,REIT - Diversified,USA,1270000.0,,0.42,-4.91%,1369889.0,0,0,0,0,0,0,0,0,1,0,0,0,0,0,0,0,0,0,0,0,0,0,0,0,0,0,0,0,1,0,1
ITS,Global Interactive Technologies Inc,Communication Services,Internet Content & Information,South Korea,7190000.0,,1.71,-5.52%,17642.0,0,0,0,0,0,0,0,0,0,0,0,0,-1,-1,0,0,0,0,0,0,0,0,0,0,0,0,0,0,0,2,2
JAN,FT Vest U.S. Equity Moderate Buffer ETF - January,Financial,Exchange Traded Fund,USA,,,46.32,0.15%,14416.0,0,0,0,-1,0,0,0,-1,0,0,0,0,0,0,0,0,0,1,0,0,0,0,0,0,0,0,0,0,1,2,3
JUL,FT Vest U.S. Equity Moderate Buffer ETF - July,Financial,Exchange Traded Fund,USA,,,44.81,0.11%,8378.0,0,0,0,0,0,0,0,0,0,0,1,0,0,0,0,0,0,0,0,0,0,0,0,0,0,0,0,0,1,0,1
JUN,FT Vest U.S. Equity Moderate Buffer ETF - June,Financial,Exchange Traded Fund,USA,,,42.25,0.23%,25532.0,0,0,0,0,0,0,0,-1,0,0,0,0,0,0,0,0,0,0,0,0,0,0,0,0,0,0,0,0,0,1,1
K,AdvisorShares Gerber Kawasaki ETF,Financial,Exchange Traded Fund,USA,,,29.43,0.28%,2804.0,0,0,0,0,0,0,0,0,0,0,1,1,0,0,0,0,0,0,0,0,0,0,0,0,-1,0,0,0,2,1,3
KAT,Scharf Global Opportunity ETF,Financial,Exchange Traded Fund,USA,,,44.43,1.01%,747.0,0,0,0,0,0,0,0,-1,0,0,0,0,0,0,0,0,0,0,0,0,0,0,0,0,0,0,0,0,0,1,1
LAD,Gladstone Capital Corp,Financial,Asset Management,USA,431980000.0,10.16,19.12,-0.16%,161417.0,0,1,0,0,0,0,0,0,0,0,0,0,0,0,0,0,0,0,0,0,0,0,0,0,0,0,0,0,1,0,1
LAM,"Corgi Beauty, Skincare & Aesthetics ETF",Financial,Exchange Traded Fund,USA,,,27.9,1.03%,58.0,0,0,0,0,0,0,0,0,0,0,0,0,0,0,0,0,0,0,0,0,0,0,-1,0,0,0,0,0,0,1,1
LBS,Globus Maritime Ltd,Industrials,Marine Shipping,Greece,72950000.0,10.78,3.38,-3.43%,142423.0,0,0,0,0,0,0,0,-1,0,0,0,0,0,0,0,0,0,0,0,0,0,0,0,0,0,0,0,0,0,1,1
LDG,GoldMining Inc,Basic Materials,Gold,Canada,195080000.0,,0.91,-3.38%,503750.0,0,0,0,0,0,0,0,0,1,0,0,0,0,0,0,0,0,0,0,0,0,0,0,0,0,0,0,0,1,0,1
LDI,UBS AG ETRACS Gold Shares Covered Call ETNs,Financial,Exchange Traded Fund,USA,,,139.8,-0.54%,70116.0,0,0,0,0,0,0,0,0,0,0,0,0,0,0,0,0,0,0,0,-1,0,0,0,0,0,0,0,0,0,1,1
LDW,Roundhill Gold WeeklyPay ETF,Financial,Exchange Traded Fund,USA,,,39.01,-0.60%,10435.0,0,0,0,0,0,0,0,0,1,0,0,0,0,0,0,0,0,0,0,0,0,0,0,0,0,0,0,0,1,0,1
LE,Global Engine Group Holding Ltd,Technology,Information Technology Services,Hong Kong,7940000.0,,0.43,-2.50%,188272.0,0,0,0,-1,0,1,0,0,0,0,0,0,0,0,0,1,0,0,0,0,0,0,0,0,0,0,0,0,2,1,3
LGG,Leverage Shares 2X Long GLXY Daily ETF,Financial,Exchange Traded Fund,USA,,,4.06,-3.49%,23564.0,0,0,0,0,0,0,0,0,0,0,0,0,-1,0,0,0,0,0,0,0,0,0,0,0,0,0,0,0,0,1,1
LIN,VanEck India Growth Leaders ETF,Financial,Exchange Traded Fund,USA,,,42.99,0.31%,4813.0,0,1,0,0,0,0,0,0,0,0,0,0,-1,0,0,0,0,0,0,0,0,0,0,0,0,0,0,0,1,1,2
LOB,Globant SA,Technology,Information Technology Services,Luxembourg,1540000000.0,14.04,35.75,1.85%,684350.0,0,0,0,-1,0,0,0,0,0,0,0,0,0,0,0,1,0,0,0,0,0,0,0,0,0,0,0,0,1,1,2
LOO,Gloo Holdings Inc,Technology,Software - Application,USA,380770000.0,,4.16,0.97%,718316.0,0,0,0,0,0,0,0,0,1,0,0,0,0,0,0,0,0,0,0,0,0,0,0,0,0,0,0,0,1,0,1
LOW,VictoryShares WestEnd Global Equity ETF,Financial,Exchange Traded Fund,USA,,,34.74,0.49%,15069.0,0,0,0,-1,0,0,0,0,0,0,0,0,0,0,0,0,0,0,0,0,0,0,0,0,0,0,0,0,0,1,1
LPI,Gaming and Leisure Properties Inc,Real Estate,REIT - Specialty,USA,11030000000.0,11.12,37.91,0.61%,3668925.0,0,0,0,0,0,1,0,0,1,1,0,0,0,0,0,0,0,0,0,0,0,0,0,0,0,0,0,0,3,0,3
LRY,Inspire Growth ETF,Financial,Exchange Traded Fund,USA,,,38.65,0.00%,31439.0,0,0,0,0,0,0,0,0,0,0,0,0,0,0,0,0,0,0,0,0,0,0,0,0,0,0,-1,0,0,1,1
LSI,Greenwich LifeSciences Inc,Healthcare,Biotechnology,USA,248210000.0,,16.91,-0.41%,98728.0,0,1,0,0,0,0,0,0,0,0,0,0,0,0,0,0,0,0,0,0,0,0,0,0,0,0,0,0,1,0,1
LXU,T-REX 2X Long GLXY Daily Target ETF,Financial,Exchange Traded Fund,USA,,,4.76,-4.03%,89066.0,0,0,0,0,0,0,0,0,0,0,0,0,-1,0,0,0,0,0,0,0,0,0,0,0,0,0,0,0,0,1,1
MAY,FT Vest U.S. Equity Moderate Buffer ETF - May,Financial,Exchange Traded Fund,USA,,,44.21,0.20%,12816.0,0,0,0,0,0,1,0,0,0,0,1,0,0,0,0,0,0,1,0,0,0,0,0,0,0,0,0,0,3,0,3
MED,Globus Medical Inc,Healthcare,Medical Devices,USA,10280000000.0,19.58,76.57,1.28%,1607010.0,0,0,0,0,0,0,0,0,0,0,0,0,0,0,0,0,0,0,0,0,0,0,0,0,0,1,0,0,1,0,1
MF,State Street SPDR S&P Emerging Asia Pacific ETF,Financial,Exchange Traded Fund,USA,,,159.53,1.54%,1149.0,0,0,0,0,0,0,0,0,0,0,1,0,0,0,0,0,0,0,0,0,0,0,-1,0,0,0,0,0,1,1,2
MHS,Gamehaus Holdings Inc,Communication Services,Electronic Gaming & Multimedia,China,34090000.0,6.98,0.6,-1.66%,3457.0,0,0,0,0,0,1,0,0,1,0,0,0,0,0,0,0,0,0,0,0,0,0,0,0,0,0,0,0,2,0,2
MM,Global Mofy AI Ltd,Technology,Information Technology Services,China,16970000.0,,1.74,-3.87%,15433.0,0,1,0,0,0,0,0,0,0,0,0,0,0,0,0,0,0,0,0,0,0,0,0,0,0,0,0,0,1,0,1
MMA,GammaRoad Market Navigation ETF,Financial,Exchange Traded Fund,USA,,,22.07,0.41%,11.0,0,0,0,0,0,0,0,-1,0,0,0,0,0,0,0,0,0,0,0,0,0,0,0,0,0,0,0,0,0,1,1
MOC,GMO Ultra-Short Income ETF,Financial,Exchange Traded Fund,USA,,,50.06,-0.03%,118.0,0,0,0,0,0,1,0,0,0,0,0,0,0,0,0,0,0,1,0,0,0,0,0,0,0,0,0,0,2,0,2
MRS,GMR Solutions Inc,Healthcare,Medical Care Facilities,USA,539130000.0,,9.98,0.91%,435972.0,0,0,0,0,0,0,0,0,0,0,0,0,-1,0,0,1,0,0,0,0,0,0,0,0,0,0,0,0,1,1,2
MTL,Guardian Metal Resources Plc ADR,Basic Materials,Other Precious Metals & Mining,United Kingdom,339950000.0,,8.55,-0.93%,110654.0,0,1,0,0,0,0,0,0,0,0,0,0,0,0,0,0,0,0,0,0,0,0,0,0,0,0,0,0,1,0,1
NE,Genie Energy Ltd,Utilities,Utilities - Regulated Electric,USA,424010000.0,16.84,16.11,-1.95%,125338.0,0,1,0,0,0,0,0,0,0,0,0,0,0,0,0,0,0,0,0,0,0,0,0,0,0,0,0,0,1,0,1
NL,Global Net Lease Inc,Real Estate,REIT - Diversified,USA,1880000000.0,,8.14,-1.33%,3782822.0,0,0,0,0,0,1,0,0,0,0,0,0,0,0,0,0,0,0,0,-1,0,0,0,0,0,0,0,0,1,1,2
NLN,Greenlane Holdings Inc,Consumer Defensive,Tobacco,USA,2430000.0,,3.5,31.58%,153403.0,0,0,0,-1,0,0,0,0,0,0,0,0,-1,-1,0,0,0,0,0,0,0,0,0,0,0,1,0,0,1,3,4
NMX,Corgi Genomics & Precision Medicine ETF,Financial,Exchange Traded Fund,USA,,,39.2,3.90%,6197.0,0,0,0,0,0,1,0,-1,0,0,0,0,0,0,0,0,0,0,0,0,0,0,0,0,0,0,0,0,1,1,2
NOM,Global X Genomics & Biotechnology ETF,Financial,Exchange Traded Fund,USA,,,72.3,3.85%,62763.0,0,0,0,0,0,0,0,0,0,0,0,0,0,0,0,0,0,1,0,0,0,0,0,0,0,0,0,0,1,0,1
NRC,Generac Holdings Inc,Industrials,Specialty Industrial Machinery,USA,12710000000.0,49.61,215.2,-0.74%,932178.0,0,0,0,0,0,0,0,0,1,0,0,0,0,0,0,0,0,0,0,0,0,0,0,0,0,0,0,0,1,0,1
NSS,Genasys Inc,Technology,Scientific & Technical Instruments,USA,65129999.99999999,,1.43,-1.38%,41644.0,0,0,0,0,0,1,0,0,0,0,0,0,0,0,0,0,0,0,0,-1,0,0,0,0,0,0,0,0,1,1,2
NT,"GAMCO Natural Resources, Gold & Income Trust",Financial,Closed-End Fund - Equity,USA,143400000.0,,8.53,0.47%,71072.0,0,0,0,0,0,1,0,0,0,0,0,0,0,0,0,0,0,0,0,0,0,0,0,0,0,0,0,0,1,0,1
O,Grocery Outlet Holding Corp,Consumer Defensive,Grocery Stores,USA,1130000000.0,,11.42,-1.72%,2851500.0,0,0,0,0,0,0,0,0,0,0,0,0,0,0,0,0,0,1,0,0,0,0,0,0,0,0,0,0,1,0,1
OLD,Gold.com Inc,Financial,Capital Markets,USA,1210000000.0,14.25,41.64,-1.54%,447818.0,0,1,0,0,0,1,0,0,0,0,0,0,-1,0,0,0,0,0,0,0,0,0,0,0,0,0,0,0,2,1,3
OOD,Gladstone Commercial Corp,Real Estate,REIT - Diversified,USA,623870000.0,51.06,12.79,-1.16%,703937.0,0,0,0,-1,0,0,0,-1,0,0,0,0,0,0,0,0,0,0,0,0,0,0,0,0,0,0,0,0,0,2,2
OOY,YieldMax GOOGL Option Income Strategy ETF,Financial,Exchange Traded Fund,USA,,,12.07,0.84%,264445.0,0,0,0,0,0,0,0,0,1,1,0,0,0,0,0,0,0,0,0,0,0,0,0,0,0,0,0,0,2,0,2
OP,Subversive Congressional Republicans Trading ETF,Financial,Exchange Traded Fund,USA,,,45.45,0.20%,11528.0,0,0,0,0,0,0,0,0,0,0,0,0,0,0,0,0,0,1,0,0,0,0,0,0,0,0,0,0,1,0,1
ORO,Goldgroup Mining Inc,Basic Materials,Gold,Canada,440860000.0,,3.25,-0.31%,1424460.0,0,0,0,0,0,0,0,0,1,0,0,0,0,0,0,0,0,0,0,0,0,0,0,0,0,0,0,0,1,0,1
OU,GraniteShares 2x Long GOOGL Daily ETF,Financial,Exchange Traded Fund,USA,,,25.4,1.41%,378588.0,0,0,0,0,0,0,0,0,0,0,0,0,0,0,0,1,0,0,0,0,0,0,0,0,0,0,0,0,1,0,1
OVZ,iShares 25+ Year Treasury STRIPS Bond ETF,Financial,Exchange Traded Fund,USA,,,30.41,-0.94%,1085688.0,0,0,0,0,0,0,0,0,1,0,0,0,0,0,0,0,0,0,0,0,0,0,0,0,0,0,0,0,1,0,1
PGI,GPGI Inc,Industrials,Metal Fabrication,USA,3760000000.0,,12.98,0.62%,1957058.0,0,0,0,-1,0,0,0,0,1,1,0,0,0,0,0,0,0,0,0,0,0,0,0,0,0,0,0,0,2,1,3
PI,Group 1 Automotive Inc,Consumer Cyclical,Auto & Truck Dealerships,USA,2880000000.0,10.07,241.44,-3.36%,302338.0,0,0,0,0,0,0,0,0,1,0,0,0,0,0,0,0,0,0,0,0,0,0,0,0,0,0,0,0,1,0,1
PIQ,Goldman Sachs Nasdaq-100 Premium Income ETF,Financial,Exchange Traded Fund,USA,,,58.41,0.67%,1626907.0,0,0,0,0,0,0,0,0,0,0,0,0,0,0,0,1,0,0,0,0,0,0,0,0,0,0,0,0,1,0,1
PK,Graphic Packaging Holding Co,Consumer Cyclical,Packaging & Containers,USA,2550000000.0,13.2,8.61,-1.94%,10975913.0,0,0,0,0,0,0,0,-1,0,0,0,0,0,0,0,0,0,0,0,0,0,0,0,0,0,0,0,0,0,1,1
PRE,Green Plains Inc,Basic Materials,Chemicals,USA,1060000000.0,9.83,15.15,-0.53%,918322.0,0,0,0,0,0,0,0,0,1,0,0,0,0,0,0,0,0,0,0,0,0,0,0,0,0,0,0,0,1,0,1
PRO,GoPro Inc,Technology,Consumer Electronics,USA,254510000.0,,1.36,0.74%,10308947.0,0,0,0,0,0,0,0,0,0,0,0,0,0,0,0,0,0,0,0,0,1,0,-1,0,0,0,0,0,1,1,2
PT,Intelligent Alpha Atlas ETF,Financial,Exchange Traded Fund,USA,,,35.45,1.91%,2229.0,0,1,0,0,0,0,0,-1,0,0,0,0,0,0,0,0,0,0,0,0,0,0,0,0,0,0,0,0,1,1,2
QGU,GQG US Equity ETF,Financial,Exchange Traded Fund,USA,,,26.84,0.21%,516920.0,0,0,0,0,0,0,0,0,0,0,0,0,0,0,0,1,0,0,0,0,0,0,0,0,0,0,0,0,1,0,1
QI,Natixis Gateway Quality Income ETF,Financial,Exchange Traded Fund,USA,,,61.07,0.76%,24153.0,0,0,0,0,0,0,0,0,0,0,0,0,0,0,0,0,0,1,0,0,0,0,0,0,0,0,0,0,1,0,1
RAB,Grab Holdings Limited,Technology,Software - Application,Singapore,12930000000.0,22.89,3.17,2.92%,78101037.0,0,0,0,-1,0,0,0,0,0,0,0,0,0,0,0,0,0,0,0,-1,0,0,0,0,0,0,0,0,0,2,2
RAG,Leverage Shares 2X Long GRAB Daily ETF,Financial,Exchange Traded Fund,USA,,,4.45,3.72%,38911.0,0,0,0,0,0,0,0,0,0,0,0,0,0,0,0,0,0,0,0,-1,0,0,0,0,0,0,0,0,0,1,1
RC,Gorman-Rupp Co,Industrials,Specialty Industrial Machinery,USA,2049999999.9999998,32.77,77.55,0.38%,109363.0,0,0,0,0,0,0,0,0,1,0,0,0,0,0,0,0,0,0,0,0,0,0,0,0,0,0,0,0,1,0,1
RDX,GridAI Technologies Corp,Healthcare,Biotechnology,USA,27310000.0,,3.83,0.52%,191961.0,0,0,0,0,0,0,0,0,0,0,0,0,0,0,0,0,0,0,0,0,0,0,0,0,0,0,-1,0,0,1,1
RF,Eagle Capital Growth Fund Inc,Financial,Closed-End Fund - Equity,USA,39120000.0,,9.86,-2.94%,575.0,0,0,0,0,0,0,0,0,0,0,0,0,-1,-1,0,0,0,0,0,0,0,0,0,0,0,0,0,0,0,2,2
RID,First Trust Clean Edge Smart Grid,Financial,Exchange Traded Fund,USA,,,182.11,-0.44%,478106.0,0,0,0,-1,0,0,0,0,0,0,0,0,0,0,0,1,0,0,0,0,0,0,0,0,0,0,0,0,1,1,2
RIN,VictoryShares International Free Cash Flow Growth ETF,Financial,Exchange Traded Fund,USA,,,33.06,-0.12%,18077.0,0,0,0,0,0,0,0,0,0,0,1,0,0,0,0,0,0,0,0,0,0,0,-1,0,0,0,0,0,1,1,2
RNI,Fundstrat Granny Shots US Large Cap & Income ETF,Financial,Exchange Traded Fund,USA,,,21.32,0.52%,30102.0,0,1,0,-1,0,0,0,-1,0,0,0,0,0,0,0,0,0,0,0,0,0,0,0,0,0,0,0,0,1,2,3
RNJ,Fundstrat Granny Shots US Small & Mid-Cap ETF,Financial,Exchange Traded Fund,USA,,,30.28,-0.13%,288642.0,0,0,0,0,0,0,0,0,0,0,0,0,0,0,0,1,0,0,0,0,0,0,0,0,0,0,0,0,1,0,1
RNT,Granite Ridge Resources Inc,Energy,Oil & Gas E&P,USA,594870000.0,,4.51,0.89%,1243410.0,0,0,0,0,0,0,0,0,0,0,0,0,-1,0,0,0,0,0,0,0,0,0,0,0,0,0,0,0,0,1,1
RO,Brazil Potash Corp,Basic Materials,Other Industrial Metals & Mining,Canada,139370000.0,,2.25,4.65%,300524.0,0,0,0,0,0,0,0,0,1,0,0,0,0,0,0,0,0,0,0,0,0,0,0,0,0,0,0,0,1,0,1
RRR,Gorilla Technology Group Inc,Technology,Software - Infrastructure,United Kingdom,336990000.0,,12.25,-6.99%,878966.0,0,0,0,0,0,0,0,0,1,0,0,0,0,0,0,0,0,0,0,0,0,0,0,0,0,0,0,0,1,0,1
RSD,Grandstand Ltd,Consumer Cyclical,Gambling,United Kingdom,54400000.0,,1.55,2.65%,237382.0,0,0,0,0,0,0,0,0,1,0,0,0,0,0,0,0,0,0,0,0,0,0,0,0,0,0,0,0,1,0,1
RWG,GrowGeneration Corp,Consumer Cyclical,Specialty Retail,USA,91920000.0,,1.56,-0.64%,206694.0,0,0,0,0,0,0,0,-1,0,0,0,0,0,0,0,0,0,0,0,0,0,0,0,0,0,0,0,0,0,1,1
SGO,Goldman Sachs Growth Opportunities ETF,Financial,Exchange Traded Fund,USA,,,46.53,0.81%,3686.0,0,0,0,0,0,0,0,0,0,0,1,0,0,0,0,0,0,0,0,0,0,0,0,0,0,0,0,0,1,0,1
SIB,Themes Global Systemically Important Banks ETF,Financial,Exchange Traded Fund,USA,,,61.49,0.47%,6880.0,0,0,0,0,0,0,0,-1,0,0,0,0,0,0,0,0,0,0,0,0,0,0,0,0,0,0,0,0,0,1,1
SIT,GSI Technology Inc,Technology,Semiconductors,USA,216760000.0,,5.64,0.53%,378441.0,0,0,0,0,0,0,0,0,0,0,0,0,0,0,0,0,0,0,0,0,0,0,0,0,0,1,0,0,1,0,1
SK,GSK Plc ADR,Healthcare,Drug Manufacturers - General,United Kingdom,93260000000.0,14.67,46.55,-1.02%,3480792.0,0,0,0,-1,0,0,0,0,1,1,0,0,0,0,0,0,0,0,0,0,0,0,0,0,0,0,0,0,2,1,3
SKH,GSK plc ADRhedged,Financial,Exchange Traded Fund,USA,,,66.38,-0.88%,316.0,0,0,0,0,0,0,0,0,1,0,0,0,0,0,0,0,0,0,0,0,0,0,0,0,0,0,0,0,1,0,1
SM,Ferroglobe Plc,Basic Materials,Other Industrial Metals & Mining,United Kingdom,818450000.0,,4.38,2.82%,992168.0,0,0,0,0,0,0,0,0,0,0,0,0,0,0,0,0,0,0,0,0,0,0,0,0,0,0,0,1,1,0,1
SPY,Gotham Enhanced 500 ETF,Financial,Exchange Traded Fund,USA,,,42.82,0.51%,20077.0,0,0,0,0,0,0,0,0,0,0,0,0,0,0,0,0,0,0,0,0,0,0,0,0,-1,0,0,0,0,1,1
SST,Goldman Sachs Ultra Short Bond ETF,Financial,Exchange Traded Fund,USA,,,50.31,0.02%,189233.0,0,1,0,0,0,0,0,0,0,0,0,0,0,0,0,0,0,0,0,-1,0,0,0,0,0,0,0,0,1,1,2
SUI,Grayscale Sui Staking ETF,Financial,Exchange Traded Fund,USA,,,17.47,7.24%,93364.0,0,0,0,0,0,0,0,0,0,0,0,0,0,0,0,0,0,0,0,0,0,0,0,0,0,1,0,0,1,0,1
SWO,Goldman Sachs ActiveBeta World Equity ETF,Financial,Exchange Traded Fund,USA,,,65.39,0.43%,78013.0,0,0,0,0,0,0,0,0,0,0,1,0,0,0,0,0,0,0,0,0,0,0,0,0,-1,0,0,0,1,1,2
SY,Invesco Ultra Short Duration ETF,Financial,Exchange Traded Fund,USA,,,50.01,0.06%,723692.0,0,1,0,0,0,0,0,0,0,0,0,0,0,0,0,0,0,0,0,0,0,0,0,0,0,0,0,0,1,0,1
TEC,Greenland Technologies Holding Corp,Consumer Cyclical,Auto Parts,USA,21050000.0,1.32,0.79,-2.09%,485238.0,0,0,0,0,0,0,0,0,0,0,0,0,-1,0,0,0,0,0,0,0,0,0,0,0,0,0,0,0,0,1,1
TEK,Goldman Sachs Future Tech Leaders Equity ETF,Financial,Exchange Traded Fund,USA,,,61.88,1.36%,16693.0,0,0,0,0,0,0,0,0,1,0,0,0,0,0,0,1,0,0,0,0,0,0,0,0,0,0,0,0,2,0,2
TM,ZoomInfo Technologies Inc,Technology,Software - Application,USA,1090000000.0,,3.75,1.08%,6892267.0,0,0,0,0,0,0,0,0,0,0,1,0,0,0,0,0,0,0,0,0,0,0,0,0,0,0,0,0,1,0,1
TOC,Invesco Core Fixed Income ETF,Financial,Exchange Traded Fund,USA,,,23.87,-0.12%,15069.0,0,0,0,0,0,0,0,0,1,1,0,0,0,0,0,0,0,0,0,0,0,0,0,0,0,0,0,0,2,0,2
TOH,Invesco Short Duration High Yield ETF,Financial,Exchange Traded Fund,USA,,,24.67,0.12%,680.0,0,0,0,-1,0,0,0,0,0,0,0,0,0,0,0,1,0,0,0,0,0,0,0,0,0,0,0,0,1,1,2
TR,WisdomTree Target Range Fund,Financial,Exchange Traded Fund,USA,,,27.55,0.34%,1374.0,0,0,0,-1,0,0,0,0,0,0,0,0,0,0,0,0,0,0,0,0,0,0,0,0,0,0,0,0,0,1,1
TX,Garrett Motion Inc,Consumer Cyclical,Auto Parts,USA,4980000000.0,14.6,26.68,-1.44%,3304961.0,0,0,0,0,0,0,0,0,1,0,0,0,0,0,0,0,0,0,0,0,0,0,0,0,0,0,0,0,1,0,1
TY,Getty Realty Corp,Real Estate,REIT - Retail,USA,1730000000.0,17.03,27.87,-1.17%,726038.0,0,0,0,0,0,0,0,0,0,0,0,0,0,0,0,0,0,0,0,0,0,0,0,0,0,0,-1,0,0,1,1
UMI,Goldman Sachs Ultra Short Municipal Income ETF,Financial,Exchange Traded Fund,USA,,,50.06,-0.07%,59917.0,0,1,0,0,0,0,0,0,0,0,0,0,0,0,0,0,0,0,0,0,0,0,0,0,0,0,0,0,1,0,1
URE,Gulf Resources Inc,Basic Materials,Chemicals,China,5610000.0,,3.09,2.49%,19835.0,0,0,0,0,0,0,0,0,1,0,0,0,0,0,0,0,0,0,0,0,0,0,0,0,0,0,0,0,1,0,1
URU,Global X Guru Index ETF,Financial,Exchange Traded Fund,USA,,,68.44,0.81%,672.0,0,0,0,0,0,0,0,0,0,0,0,0,0,0,0,0,0,1,0,0,0,0,0,0,0,0,0,0,1,0,1
USE,Goldman Sachs Enhanced U.S. Equity ETF,Financial,Exchange Traded Fund,USA,,,46.47,0.71%,8204.0,0,0,0,0,0,0,0,0,0,0,1,0,0,0,0,0,0,0,0,0,0,0,-1,0,0,0,0,0,1,1,2
USH,Direxion Daily S&P Oil & Gas Exp. & Prod. Bull 2X ETF,Financial,Exchange Traded Fund,USA,,,44.06,2.73%,528059.0,0,0,0,0,0,0,0,0,0,0,1,0,0,0,0,0,0,0,0,0,0,0,-1,0,0,0,0,0,1,1,2
UT,Gabelli Utility Trust,Financial,Closed-End Fund - Equity,USA,514960000.00000006,,5.72,-3.87%,191569.0,0,0,0,0,0,0,0,0,1,0,0,0,0,0,0,0,0,0,0,0,0,0,0,0,0,0,0,0,1,0,1
VAL,Cambria Global Value ETF,Financial,Exchange Traded Fund,USA,,,38.95,2.39%,70189.0,0,0,0,0,0,0,0,-1,0,0,0,0,0,0,0,0,0,0,0,0,0,0,0,0,0,0,0,0,0,1,1
VH,Globavend Holdings Ltd,Industrials,Integrated Freight & Logistics,Australia,4780000.0,12.63,1.11,0.00%,22147.0,0,0,0,0,0,0,0,0,0,0,0,0,0,0,0,0,0,0,0,0,0,0,-1,0,0,0,0,0,0,1,1
VI,iShares Intermediate Government/Credit Bond ETF,Financial,Exchange Traded Fund,USA,,,102.84,0.06%,190694.0,0,0,0,0,0,0,0,0,0,0,0,0,0,0,0,0,0,0,0,-1,0,0,0,0,0,0,0,0,0,1,1
VLU,Gotham 1000 Value ETF,Financial,Exchange Traded Fund,USA,,,27.3,0.62%,495.0,0,1,0,0,0,0,0,0,0,0,0,0,0,0,0,0,0,0,0,0,0,0,0,0,0,0,0,0,1,0,1
WW,W.W. Grainger Inc,Industrials,Industrial Distribution,USA,60610000000.0,32.66,1286.84,0.51%,207546.0,0,0,0,0,0,0,0,0,1,0,0,0,0,0,0,0,0,0,0,0,0,0,0,0,0,0,0,0,1,0,1
WX,State Street SPDR S&P International Small Cap ETF,Financial,Exchange Traded Fund,USA,,,45.73,-0.07%,32123.0,0,0,0,0,0,0,0,0,0,0,1,0,0,0,0,0,0,0,0,0,0,0,0,0,-1,0,0,0,1,1,2
XAI,Gaxos.AI Inc,Communication Services,Electronic Gaming & Multimedia,USA,5380000.0,,0.49,-5.60%,257360.0,0,0,0,0,0,0,0,0,1,0,0,0,0,0,0,0,0,0,0,0,0,0,0,0,0,0,0,0,1,0,1
XDW,Global X Dorsey Wright Thematic ETF,Financial,Exchange Traded Fund,USA,,,25.54,1.34%,1934.0,0,0,0,0,0,0,0,0,0,0,0,0,0,0,0,0,0,0,0,0,0,0,0,1,0,0,0,0,1,0,1
XIG,Global X Investment Grade Corporate Bond ETF,Financial,Exchange Traded Fund,USA,,,23.44,-0.12%,234.0,0,0,0,-1,0,0,0,0,0,0,0,0,0,0,0,0,0,0,0,-1,0,0,0,0,0,0,0,0,0,2,2
XO,GXO Logistics Inc,Industrials,Integrated Freight & Logistics,USA,5270000000.0,40.55,45.99,-1.22%,1042028.0,0,0,0,0,0,0,0,0,1,0,0,0,0,0,0,0,0,0,0,0,0,0,0,0,0,0,0,0,1,0,1
XPD,Global X PureCap MSCI Consumer Discretionary ETF,Financial,Exchange Traded Fund,USA,,,25.18,0.34%,6295.0,0,0,0,0,0,0,0,0,0,0,0,0,0,0,0,1,0,0,0,0,0,0,0,0,0,0,0,0,1,0,1
XPS,Global X PureCap MSCI Consumer Staples ETF,Financial,Exchange Traded Fund,USA,,,25.93,0.82%,15659.0,0,1,0,0,0,1,0,0,0,0,0,0,-1,-1,0,0,0,0,0,0,0,0,0,0,0,0,0,0,2,2,4
XUS,Goldman Sachs MarketBeta Total International Equity ETF,Financial,Exchange Traded Fund,USA,,,63.18,0.54%,76.0,0,0,0,0,0,0,0,-1,0,0,0,0,0,0,0,0,0,0,0,0,0,0,0,0,0,0,0,0,0,1,1
YLD,Arrow Dow Jones Global Yield ETF,Financial,Exchange Traded Fund,USA,,,13.32,0.04%,35707.0,0,0,0,0,0,0,0,0,0,0,0,0,0,0,0,0,0,0,0,0,0,0,0,0,-1,0,0,0,0,1,1
YRE,Gyre Therapeutics Inc,Healthcare,Biotechnology,USA,779350000.0,,7.35,3.38%,181458.0,0,0,0,0,0,0,0,0,0,0,0,0,0,0,0,0,0,0,0,0,0,0,0,1,0,0,0,0,1,0,1
AE,Haemonetics Corp,Healthcare,Medical Devices,USA,4760000000.0,51.06,104.68,0.00%,652650.0,0,0,0,0,0,0,0,0,0,0,0,0,0,0,0,0,0,0,0,0,0,0,-1,0,0,0,0,0,0,1,1
AIL,State Street SPDR S&P Kensho Smart Mobility ETF,Financial,Exchange Traded Fund,USA,,,34.33,0.35%,2812.0,0,0,0,0,0,0,0,0,1,0,0,0,0,0,0,0,0,0,0,0,0,0,0,0,0,0,0,0,1,0,1
AKY,Amplify HACK Cybersecurity Covered Call ETF,Financial,Exchange Traded Fund,USA,,,32.75,0.95%,12737.0,0,0,0,0,0,0,0,0,0,0,0,0,0,0,0,0,0,0,0,0,0,0,0,0,-1,0,0,0,0,1,1
API,Harbor Human Capital Factor US Large Cap ETF,Financial,Exchange Traded Fund,USA,,,46.46,0.57%,7749.0,0,0,0,0,0,0,0,0,0,0,0,0,0,0,0,0,0,0,0,0,0,0,0,0,-1,0,0,0,0,1,1
AUS,Residential REIT ETF,Financial,Exchange Traded Fund,USA,,,16.71,-0.09%,531.0,0,0,0,0,0,0,0,0,1,0,0,0,0,0,0,0,0,0,0,0,0,0,0,0,0,0,0,0,1,0,1
AWK,HawkEye 360 Inc,Industrials,Aerospace & Defense,USA,1410000000.0,,14.38,-2.90%,1487063.0,0,0,0,0,0,0,0,0,0,0,1,0,0,0,0,0,0,0,0,0,0,0,0,0,0,0,0,0,1,0,1
AWX,iShares Currency Hedged MSCI ACWI ex U.S. ETF,Financial,Exchange Traded Fund,USA,,,46.06,0.52%,10071.0,0,1,0,0,0,0,0,0,0,0,0,0,0,0,0,0,0,0,0,0,0,0,0,0,0,0,0,0,1,0,1
BDC,Hilton BDC Corporate Bond ETF,Financial,Exchange Traded Fund,USA,,,24.25,0.14%,114.0,0,1,0,-1,0,0,0,0,0,0,0,0,0,0,0,0,0,0,0,0,0,0,0,0,0,0,0,0,1,1,2
BNB,Hotel101 Global Holdings Corp,Real Estate,Real Estate Services,Singapore,1070000000.0000001,,4.55,-4.41%,805.0,0,0,0,0,0,1,0,0,1,0,0,0,0,0,0,0,0,0,0,0,0,0,0,0,0,0,0,0,2,0,2
BNC,Horizon Bancorp Inc (IN),Financial,Banks - Regional,USA,987870000.0,,19.24,-1.23%,739151.0,0,0,0,-1,0,0,0,0,0,0,0,0,0,0,0,0,0,0,0,0,0,0,0,0,0,0,0,0,0,1,1
BT,HBT Financial Inc,Financial,Banks - Regional,USA,1320000000.0,15.61,36.31,-0.08%,111348.0,0,0,0,0,0,0,0,0,0,0,0,0,-1,0,0,0,0,0,0,0,0,0,0,0,0,0,0,0,0,1,1
BTA,Horizon Expedition Plus ETF,Financial,Exchange Traded Fund,USA,,,33.51,0.29%,218375.0,0,1,0,0,0,0,0,0,0,0,1,1,0,0,0,0,0,0,0,0,0,0,0,0,0,0,0,0,3,0,3
CC,Warrior Met Coal Inc,Basic Materials,Coking Coal,USA,4870000000.0,22.2,92.29,3.29%,663423.0,0,0,0,0,0,0,0,0,0,0,1,0,0,0,0,0,0,0,0,0,0,0,-1,0,0,0,0,0,1,1,2
CKT,Hackett Group Inc,Technology,Information Technology Services,USA,269180000.0,16.83,10.82,0.37%,152424.0,0,0,0,0,0,0,0,0,0,0,0,0,-1,0,0,0,0,0,0,0,0,0,0,0,0,0,0,0,0,1,1
CMT,Direxion HCM Tactical Enhanced US ETF,Financial,Exchange Traded Fund,USA,,,44.19,1.47%,29769.0,0,0,0,0,0,0,0,0,0,0,1,0,0,0,0,0,0,0,0,0,0,0,0,0,0,0,0,0,1,0,1
DB,HDFC Bank Ltd ADR,Financial,Banks - Regional,India,113640000000.0,13.04,22.11,-1.03%,7856863.0,0,0,0,0,0,0,0,0,1,1,0,0,0,0,0,0,0,0,0,0,0,0,0,0,0,0,0,0,2,0,2
DG,ProShares Hedge Replication ETF,Financial,Exchange Traded Fund,USA,,,54.33,0.45%,1300.0,0,0,0,0,0,0,0,0,0,0,1,0,0,0,0,0,0,0,0,0,0,0,0,0,-1,0,0,0,1,1,2
DL,Super Hi International Holding LTD ADR,Consumer Cyclical,Restaurants,Singapore,700200000.0,68.27,11.9,5.22%,301.0,0,0,0,0,0,0,0,0,0,0,0,0,0,0,0,0,0,0,0,-1,0,0,0,0,0,0,0,0,0,1,1
E,Hawaiian Electric Industries Inc,Utilities,Utilities - Regulated Electric,USA,1520000000.0,6.81,8.81,-1.01%,3727552.0,0,0,0,0,0,0,0,0,1,0,0,0,0,0,0,0,0,0,0,0,0,0,0,0,0,0,0,0,1,0,1
EAL,Global X HealthTech ETF,Financial,Exchange Traded Fund,USA,,,29.81,3.22%,2928.0,0,0,0,0,0,0,0,-1,0,0,0,0,0,0,0,0,0,0,0,0,0,0,0,0,0,0,0,0,0,1,1
EDG,Equable Shares Hedged Equity ETF,Financial,Exchange Traded Fund,USA,,,30.96,0.40%,58282.0,0,0,0,-1,0,0,0,-1,0,0,0,0,0,0,0,0,0,0,0,0,0,0,0,0,0,0,0,0,0,2,2
EDJ,WisdomTree Europe Hedged Equity Fund,Financial,Exchange Traded Fund,USA,,,55.69,0.10%,64064.0,0,0,0,0,0,0,0,0,0,0,0,0,-1,0,0,0,0,0,0,0,0,0,0,0,0,0,0,0,0,1,1
EFT,Hedgeye Fourth Turning ETF,Financial,Exchange Traded Fund,USA,,,26.57,0.38%,13151.0,0,0,0,0,0,0,0,0,0,0,0,0,-1,0,0,0,0,0,0,0,0,0,0,0,0,0,0,0,0,1,1
ELE,Helen of Troy Ltd,Consumer Defensive,Household & Personal Products,Bermuda,597210000.0,,25.64,-4.11%,581508.0,0,1,0,0,0,0,0,0,0,0,1,0,0,0,0,0,0,0,0,0,0,0,0,0,-1,0,0,0,2,1,3
EMI,Hartford Equity Premium Income ETF,Financial,Exchange Traded Fund,USA,,,41.79,0.53%,19.0,0,0,0,0,0,0,0,0,0,0,0,0,-1,-1,0,0,0,0,0,0,0,0,0,0,0,0,0,0,0,2,2
EPS,D-MARKET Electronic Services & Trading ADR,Consumer Cyclical,Internet Retail,Turkey,864500000.0,,2.42,-0.82%,322466.0,0,1,0,0,0,1,0,0,0,0,0,0,0,0,0,0,0,0,0,0,0,0,0,0,0,0,0,0,2,0,2
EQQ,JPMorgan Nasdaq Hedged Equity Laddered Overlay ETF,Financial,Exchange Traded Fund,USA,,,62.81,0.23%,1634.0,0,0,0,0,0,0,0,-1,0,0,0,0,0,0,0,0,0,0,0,0,0,0,0,0,0,0,0,0,0,1,1
EQT,Simplify Hedged Equity ETF,Financial,Exchange Traded Fund,USA,,,34.65,0.61%,34225.0,0,0,0,0,0,0,0,-1,0,0,0,0,0,0,0,0,0,0,0,0,0,0,0,0,0,0,0,0,0,1,1
ERO,Global X Video Games & Esports ETF,Financial,Exchange Traded Fund,USA,,,27.32,-0.07%,7005.0,0,0,0,0,0,0,0,0,0,0,1,0,0,0,0,0,0,0,0,0,0,0,0,0,0,0,0,0,1,0,1
ESM,Hess Midstream LP,Energy,Oil & Gas Midstream,USA,7920000000.0,13.25,38.41,1.75%,985791.0,0,0,0,0,0,0,0,-1,0,0,0,0,0,0,0,0,0,0,0,0,0,0,0,0,0,0,0,0,0,1,1
EWJ,iShares Currency Hedged MSCI Japan ETF,Financial,Exchange Traded Fund,USA,,,66.78,0.56%,23386.0,0,0,0,0,0,0,0,0,0,0,0,0,0,0,0,1,0,0,0,0,0,0,0,0,0,0,0,0,1,0,1
FFG,HF Foods Group Inc,Consumer Defensive,Food Distribution,USA,86240000.0,,1.6,-1.84%,71565.0,0,0,0,-1,0,0,0,0,0,0,0,0,-1,-1,0,0,0,0,0,0,0,0,0,0,0,0,0,0,0,3,3
FGO,Hartford Large Cap Growth ETF,Financial,Exchange Traded Fund,USA,,,31.05,1.17%,13154.0,0,0,0,0,0,0,0,0,0,0,1,0,0,0,0,0,0,0,0,0,0,0,0,0,0,0,0,0,1,0,1
FMF,Unlimited HFMF Managed Futures ETF,Financial,Exchange Traded Fund,USA,,,22.48,-0.18%,1985.0,0,0,0,0,0,0,0,0,1,0,0,0,0,0,0,0,0,0,0,0,0,0,0,0,0,0,0,0,1,0,1
FRO,Highland Opportunities and Income Fund,Financial,Closed-End Fund - Debt,USA,371620000.0,,6.73,-1.46%,69325.0,0,0,0,0,0,0,0,0,1,0,0,0,0,0,0,0,0,0,0,0,0,0,0,0,0,0,0,0,1,0,1
FSI,Hartford Strategic Income ETF,Financial,Exchange Traded Fund,USA,,,33.51,-0.10%,342299.0,0,0,0,0,0,0,0,0,1,0,0,0,0,0,0,0,0,0,0,0,0,0,0,0,0,0,0,0,1,0,1
FSP,TradersAI Large Cap Equity & Cash ETF,Financial,Exchange Traded Fund,USA,,,13.51,0.15%,15.0,0,0,0,0,0,1,0,0,1,0,0,0,0,0,0,0,0,0,0,0,0,0,0,0,0,0,0,0,2,0,2
FXI,NYLIM FTSE International Equity Currency Neutral ETF,Financial,Exchange Traded Fund,USA,,,37.5,0.16%,371009.0,0,1,0,0,0,0,0,0,0,0,0,0,0,0,0,0,0,0,0,0,0,0,0,0,0,0,0,0,1,0,1
GRO,Hedgeye Quality Growth ETF,Financial,Exchange Traded Fund,USA,,,30.55,0.79%,10366.0,0,0,0,0,0,0,0,0,0,0,0,0,-1,0,0,0,0,0,0,0,0,0,0,0,0,0,0,0,0,1,1
HH,Howard Hughes Holdings Inc,Real Estate,Real Estate - Diversified,USA,4280000000.0000005,14.51,71.66,0.87%,831329.0,0,0,0,0,0,0,0,0,0,0,0,0,0,0,0,0,0,0,0,0,1,0,0,0,0,0,0,0,1,0,1
IBL,Direxion Daily S&P 500 High Beta Bull 3X ETF,Financial,Exchange Traded Fund,USA,,,120.41,1.22%,15990.0,0,0,0,0,0,0,0,0,0,0,0,0,0,0,0,1,0,0,0,0,0,0,0,0,0,0,0,0,1,0,1
IBS,Direxion Daily S&P 500 High Beta Bear 3X ETF,Financial,Exchange Traded Fund,USA,,,15.61,-1.27%,107114.0,0,0,0,0,0,0,0,0,1,0,0,0,0,0,0,0,0,0,0,0,0,0,0,0,0,0,0,0,1,0,1
IDV,AB US High Dividend ETF,Financial,Exchange Traded Fund,USA,,,89.66,0.23%,25779.0,0,0,0,0,0,0,0,0,0,0,0,0,0,0,0,0,0,0,0,0,0,0,-1,0,0,0,0,0,0,1,1
IFS,Hingham Institution For Savings,Financial,Banks - Regional,USA,618840000.0,9.45,283.84,-1.37%,43934.0,0,0,0,-1,0,0,0,0,0,0,0,0,0,0,0,1,0,0,0,0,0,0,0,0,0,0,0,0,1,1,2
IGH,Simplify Enhanced Income ETF,Financial,Exchange Traded Fund,USA,,,21.3,0.24%,15655.0,0,1,0,0,0,1,0,0,0,0,0,0,-1,0,0,0,0,0,0,0,0,0,0,0,0,1,0,0,3,1,4
II,Huntington Ingalls Industries Inc,Industrials,Aerospace & Defense,USA,10500000000.0,15.89,266.48,-0.77%,566151.0,0,0,0,0,0,0,0,0,1,0,0,0,0,0,0,0,0,0,0,0,0,0,0,0,0,0,0,0,1,0,1
IMC,Corgi HIMS 2x Daily ETF,Financial,Exchange Traded Fund,USA,,,15.27,5.73%,13.0,0,0,0,0,0,0,0,0,1,0,0,0,0,0,0,0,0,0,0,0,0,0,0,0,0,0,0,0,1,0,1
IO,Western Asset High Income Opportunity Fund Inc,Financial,Closed-End Fund - Debt,USA,308120000.0,,3.24,-1.52%,652502.0,0,0,0,0,0,0,0,0,1,0,0,0,0,0,0,0,0,0,0,0,0,0,0,0,0,0,0,0,1,0,1
ISF,First Trust High Income Strategic Focus ETF,Financial,Exchange Traded Fund,USA,,,42.31,0.00%,24062.0,0,0,0,0,0,0,0,0,1,0,0,0,0,0,0,0,0,0,0,0,0,0,0,0,0,0,0,0,1,0,1
L,Hecla Mining Co,Basic Materials,Other Precious Metals & Mining,USA,11430000000.0,21.81,17.01,-1.10%,37321847.0,0,0,0,0,0,0,0,0,1,0,0,0,0,0,0,0,0,0,0,0,0,0,0,0,0,0,0,0,1,0,1
LIT,Harmonic Inc,Technology,Communication Equipment,USA,1220000000.0,,11.22,0.45%,1490167.0,0,0,0,0,0,0,0,0,0,0,0,0,-1,-1,0,0,0,0,0,0,0,0,0,0,0,0,0,0,0,2,2
LP,Hongli Group Inc,Basic Materials,Steel,China,184600000.0,93.56,2.47,-3.14%,25225.0,0,1,0,0,0,0,0,0,0,0,0,0,0,0,0,0,0,0,0,0,0,0,0,0,0,0,0,0,1,0,1
LXC,Helix Acquisition Corp III,Financial,Shell Companies,USA,233170000.0,,10.57,0.00%,41.0,0,0,0,0,0,0,0,0,0,0,0,0,-1,0,0,1,0,0,0,0,0,0,0,0,0,0,0,0,1,1,2
MH,HMH Holding Inc,Energy,Oil & Gas Equipment & Services,USA,845710000.0,21.74,19.18,4.75%,259357.0,0,0,0,0,0,0,0,0,1,0,0,0,0,0,0,0,0,0,0,0,0,0,0,0,0,0,0,0,1,0,1
NRG,Hallador Energy Co,Utilities,Utilities - Independent Power Producers,USA,657650000.0,673.91,13.95,3.41%,590865.0,0,0,0,0,0,0,0,0,1,0,0,0,0,0,0,0,0,0,0,0,0,0,0,0,0,0,0,0,1,0,1
ODU,Direxion Daily HOOD Bull 2X ETF,Financial,Exchange Traded Fund,USA,,,13.67,2.31%,169367.0,0,0,0,0,0,0,0,0,0,0,1,0,0,0,0,0,0,0,0,0,0,0,0,0,0,0,0,0,1,0,1
OG,Harley-Davidson Inc,Consumer Cyclical,Recreational Vehicles,USA,2730000000.0,16.2,26.19,6.68%,3703619.0,0,0,0,0,0,0,0,0,0,0,0,0,0,0,0,0,0,0,0,0,1,0,0,0,-1,0,0,0,1,1,2
OLA,JPMorgan International Hedged Equity Laddered Overlay ETF,Financial,Exchange Traded Fund,USA,,,55.42,0.12%,6968.0,0,0,0,0,0,0,0,0,0,0,1,0,0,0,0,0,0,0,0,0,0,0,0,0,-1,0,0,0,1,1,2
OLO,MicroCloud Hologram Inc,Technology,Software - Application,China,35280000.0,,1.54,-1.28%,144969.0,0,0,0,0,0,0,0,0,1,0,0,0,0,0,0,0,0,0,0,0,0,0,0,0,0,0,0,0,1,0,1
ON,Honeywell International Inc,Industrials,Conglomerates,USA,67870000000.00001,7.92,214.14,0.07%,1744789.0,0,1,0,0,0,0,0,0,0,0,0,0,0,0,0,0,0,0,0,0,0,0,0,0,0,0,0,0,1,0,1
OOC,Corgi HOOD 2x Daily ETF,Financial,Exchange Traded Fund,USA,,,21.21,2.28%,946.0,0,0,0,0,0,0,0,0,0,0,0,0,0,0,0,0,0,0,0,0,1,0,-1,0,0,0,0,0,1,1,2
OOG,Leverage Shares 2X Long HOOD Daily ETF,Financial,Exchange Traded Fund,USA,,,33.07,2.45%,257366.0,0,0,0,0,0,0,0,0,0,0,1,0,0,0,0,0,0,0,0,0,0,0,0,0,0,0,0,0,1,0,1
OOX,Defiance Daily Target 2X Long HOOD ETF,Financial,Exchange Traded Fund,USA,,,37.18,2.24%,14458.0,0,0,0,0,0,0,0,0,0,0,1,0,0,0,0,0,0,0,0,0,0,0,0,0,0,0,0,0,1,0,1
OS,Hornbeck Offshore Services Inc,Industrials,Marine Shipping,USA,1740000000.0,49.37,7.85,3.43%,3808764.0,0,0,0,0,0,0,0,-1,0,0,0,0,0,0,0,0,0,0,0,0,0,0,0,0,0,0,0,0,0,1,1
OST,Host Digital Inc,Technology,Software - Infrastructure,USA,87140000.0,,3.09,-14.17%,131768.0,0,0,0,0,0,0,0,0,0,0,0,0,0,0,0,0,0,0,0,0,0,0,-1,0,0,0,0,0,0,1,1
OUR,Hour Loop Inc,Consumer Cyclical,Internet Retail,USA,64060000.0,36.62,1.82,-2.15%,18892.0,0,0,0,0,0,0,0,0,0,0,0,0,-1,0,0,0,0,0,0,0,0,0,0,0,0,0,0,0,0,1,1
PE,Hewlett Packard Enterprise Co,Technology,Communication Equipment,USA,90750000000.0,35.65,68.36,-1.40%,15822710.0,0,0,0,0,0,0,0,0,0,0,1,1,0,0,0,0,0,0,0,0,0,0,0,0,0,0,0,0,2,0,2
PI,John Hancock Preferred Income Fund,Financial,Closed-End Fund - Debt,USA,370000000.0,,13.81,-2.40%,128816.0,0,1,0,0,0,0,0,0,0,0,0,0,0,0,0,0,0,0,0,0,0,0,0,0,0,0,0,0,1,0,1
PK,HighPeak Energy Inc,Energy,Oil & Gas E&P,USA,1020000000.0,,8.09,3.06%,333854.0,0,0,0,0,0,1,0,-1,0,0,0,0,0,0,0,0,0,0,0,0,0,0,0,0,0,0,0,0,1,1,2
QGO,Hartford US Quality Growth ETF,Financial,Exchange Traded Fund,USA,,,68.12,0.69%,1541.0,0,0,0,0,0,0,0,0,0,0,1,0,0,0,0,0,0,0,0,0,0,0,0,0,0,0,0,0,1,0,1
RSK,Toews Agility Shares Hedged Risk ETF,Financial,Exchange Traded Fund,USA,,,25.62,0.86%,44722.0,0,0,0,0,0,0,0,0,1,0,0,0,0,0,0,0,0,0,0,0,0,0,0,0,0,0,0,0,1,0,1
SAI,Hesai Group ADR,Consumer Cyclical,Auto Parts,China,2069999999.9999998,34.17,15.91,3.45%,761518.0,0,0,0,-1,0,0,0,0,0,0,0,0,0,0,0,0,0,0,0,0,0,0,0,0,0,0,0,0,0,1,1
SBH,HSBC Holdings plc ADRhedged,Financial,Exchange Traded Fund,USA,,,108.4,0.75%,279.0,0,0,0,0,0,0,0,0,0,0,0,0,0,0,0,0,0,0,0,0,0,0,-1,0,0,0,0,0,0,1,1
SCZ,iShares Currency Hedged MSCI EAFE Small-Cap ETF,Financial,Exchange Traded Fund,USA,,,43.61,0.41%,25588.0,0,0,0,-1,0,0,0,0,0,0,0,0,0,0,0,0,0,0,0,0,0,0,0,0,0,0,0,0,0,1,1
SLV,Highlander Silver Corp,Basic Materials,Silver,Canada,1070000000.0000001,168.81,5.25,0.00%,626780.0,0,0,0,0,0,1,0,0,1,0,0,0,0,0,0,0,0,0,0,0,0,0,0,0,0,0,0,0,2,0,2
SY,Hershey Company,Consumer Defensive,Confectioners,USA,32350000000.0,23.52,161.01,0.51%,1594374.0,0,0,0,0,0,0,0,0,1,0,0,0,0,0,0,0,0,0,0,0,0,0,0,0,0,0,0,0,1,0,1
TB,HomeTrust Bancshares Inc,Financial,Banks - Regional,USA,776740000.0,12.19,46.53,-0.13%,129368.0,0,0,0,0,0,0,0,0,1,0,0,0,0,0,0,0,0,0,0,0,0,0,0,0,0,0,0,0,1,0,1
TH,Hilltop Holdings Inc,Financial,Financial Conglomerates,USA,2190000000.0,14.16,38.15,-0.78%,300358.0,0,0,0,0,0,0,0,0,0,0,1,0,0,0,0,0,0,0,0,0,0,0,0,0,0,0,0,0,1,0,1
TLM,HomesToLife Ltd,Consumer Cyclical,Specialty Retail,Singapore,174000000.0,17.73,1.94,2.11%,78656.0,0,0,0,0,0,0,0,0,0,0,0,0,-1,-1,0,0,0,0,0,0,0,0,0,0,0,1,0,0,1,2,3
TO,H2O America,Utilities,Utilities - Regulated Water,USA,2450000000.0,20.65,58.44,-2.81%,723393.0,0,0,0,0,0,0,0,0,0,0,0,0,0,0,0,0,0,0,0,0,0,0,-1,0,0,0,0,0,0,1,1
TOO,Fusion Elements Plc,Utilities,Utilities - Renewable,Ireland,15750000.0,,2.1,-2.56%,2419.0,0,0,0,0,0,0,0,0,1,0,0,0,0,0,0,0,0,0,0,0,0,0,0,0,0,0,0,0,1,0,1
UBB,Hubbell Inc,Industrials,Electrical Equipment & Parts,USA,25390000000.0,28.46,480.65,1.08%,399964.0,0,0,0,0,0,0,0,0,1,1,0,0,0,0,0,0,0,0,0,0,0,0,0,0,0,0,0,0,2,0,2
UBS,HubSpot Inc,Technology,Software - Application,USA,11000000000.0,78.09,220.61,2.83%,1073653.0,0,1,0,0,0,0,0,0,0,0,1,0,0,0,0,0,0,0,0,0,0,0,0,0,0,0,0,0,2,0,2
UDI,Huadi International Group Co Ltd,Basic Materials,Steel,China,10020000.0,,0.7,2.37%,100568.0,0,1,0,0,0,0,0,0,0,0,0,0,0,0,0,0,0,0,0,0,0,0,0,0,0,0,0,0,1,0,1
UTG,Leverage Shares 2X Long HUT Daily ETF,Financial,Exchange Traded Fund,USA,,,13.24,-1.48%,129736.0,0,0,0,0,0,0,0,0,1,0,0,0,0,0,0,0,0,0,0,0,0,0,0,0,0,0,0,0,1,0,1
VAC,AdvisorShares HVAC and Industrials ETF,Financial,Exchange Traded Fund,USA,,,34.98,-0.31%,4103.0,0,0,0,0,0,0,0,0,0,0,0,0,-1,0,0,0,0,0,0,0,0,0,0,0,0,0,-1,0,0,2,2
WBK,Hawthorn Bancshares Inc,Financial,Banks - Regional,USA,264640000.0,10.44,38.35,-0.72%,24028.0,0,0,0,0,0,0,0,0,0,0,0,0,0,0,0,0,0,0,0,0,0,0,0,0,-1,0,0,0,0,1,1
XHX,Haoxin Holdings Ltd,Industrials,Integrated Freight & Logistics,China,4940000.0,8.35,0.34,-13.53%,636428.0,0,1,0,0,0,1,0,0,0,0,0,0,-1,-1,0,0,0,0,0,0,0,0,0,0,0,0,0,0,2,2,4
Y,Hyster Yale Inc,Industrials,Farm & Heavy Construction Machinery,USA,572700000.0,,31.94,2.27%,112620.0,0,0,0,0,0,0,0,0,0,0,1,1,0,0,0,0,0,0,0,0,0,0,-1,0,0,0,0,0,2,1,3
YBI,NEOS Enhanced Income Credit Select ETF,Financial,Exchange Traded Fund,USA,,,48.24,0.09%,53207.0,0,0,0,-1,0,0,0,0,1,1,0,0,0,0,0,0,0,0,0,0,0,0,0,0,0,0,0,0,2,1,3
YBL,State Street Blackstone High Income ETF,Financial,Exchange Traded Fund,USA,,,27.46,0.04%,88983.0,0,0,0,0,0,0,0,0,0,0,1,0,0,0,0,0,0,0,0,0,0,0,0,0,0,0,0,0,1,0,1
YBX,TCW High Yield Bond ETF,Financial,Exchange Traded Fund,USA,,,28.67,0.47%,2703.0,0,0,0,0,0,0,0,0,0,0,0,0,0,0,0,0,0,0,0,-1,0,0,0,0,0,0,0,0,0,1,1
YDB,iShares High Yield Systematic Bond ETF,Financial,Exchange Traded Fund,USA,,,44.78,0.11%,126262.0,0,0,0,0,0,0,0,0,1,0,0,0,0,0,0,0,0,0,0,0,0,0,0,0,0,0,0,0,1,0,1
YG,iShares iBoxx USD High Yield Corporate Bond ETF,Financial,Exchange Traded Fund,USA,,,76.98,0.09%,39142763.0,0,0,0,0,0,0,0,0,1,0,0,0,0,0,0,0,0,0,0,0,0,0,0,0,0,0,0,0,1,0,1
YGM,Amplify HYG High Yield 10% Target Income ETF,Financial,Exchange Traded Fund,USA,,,23.69,0.09%,139.0,0,0,0,0,0,0,0,0,0,0,0,0,0,0,0,0,0,0,0,-1,0,0,0,0,0,0,0,0,0,1,1
YGV,Northern Trust High Yield Value-Scored Bond ETF,Financial,Exchange Traded Fund,USA,,,38.65,0.13%,153892.0,0,0,0,0,0,0,0,0,0,0,0,0,-1,0,0,0,0,0,0,0,0,0,0,0,0,0,0,0,0,1,1
YGW,iShares High Yield Corporate Bond BuyWrite Strategy ETF,Financial,Exchange Traded Fund,USA,,,27.92,0.10%,21440.0,0,0,0,0,0,0,0,0,0,0,0,0,0,0,0,0,0,0,0,-1,0,0,0,0,0,0,0,0,0,1,1
YHG,ProShares High Yield-Interest Rate Hedged ETF,Financial,Exchange Traded Fund,USA,,,63.82,0.11%,37104.0,0,0,0,0,0,0,0,0,0,0,1,0,0,0,0,0,0,0,0,0,0,0,0,0,0,0,0,0,1,0,1
YIN,WisdomTree Private Credit and Alternative Income Fund,Financial,Exchange Traded Fund,USA,,,12.53,-0.81%,14786.0,0,0,0,0,0,0,0,0,0,0,0,0,-1,0,0,0,0,0,0,0,0,0,0,0,0,0,0,0,0,1,1
YLB,Xtrackers USD High Yield Corporate Bond ETF,Financial,Exchange Traded Fund,USA,,,35.06,0.11%,1178830.0,0,0,0,-1,0,0,0,0,0,0,0,0,0,0,0,0,0,0,0,0,0,0,0,0,0,0,0,0,0,1,1
YMC,Hycroft Mining Holding Corp,Basic Materials,Gold,USA,1750000000.0,,18.8,0.48%,1538611.0,0,0,0,0,0,0,0,0,1,1,0,0,0,0,0,0,0,0,0,0,0,0,0,0,0,0,0,0,2,0,2
YP,Golden Eagle Dynamic Hypergrowth ETF,Financial,Exchange Traded Fund,USA,,,30.66,0.86%,1927.0,0,0,0,0,0,0,0,0,0,0,0,0,-1,0,0,0,0,0,0,0,0,0,0,0,0,0,0,0,0,1,1
YS,PIMCO 0-5 Year High Yield Corporate Bond Index ETF,Financial,Exchange Traded Fund,USA,,,90.17,0.23%,122073.0,0,0,0,0,0,0,0,0,0,0,0,0,-1,0,0,0,0,0,0,0,0,0,0,0,0,0,0,0,0,1,1
YSA,BondBloxx High Yield Income ETF,Financial,Exchange Traded Fund,USA,,,14.31,-0.07%,239594.0,0,0,0,0,0,0,0,0,0,0,0,0,-1,0,0,0,0,0,0,0,0,0,0,0,0,0,0,0,0,1,1
YT,BlackRock Corporate High Yield Fund Inc,Financial,Closed-End Fund - Debt,USA,1530000000.0,,7.8,-0.51%,1769641.0,0,0,0,-1,0,0,0,0,0,0,0,0,0,0,0,0,0,0,0,0,0,0,0,0,0,0,0,0,0,1,1
YTI,FT Vest High Yield & Target Income ETF,Financial,Exchange Traded Fund,USA,,,18.29,0.31%,13480.0,0,1,0,0,0,0,0,0,0,0,0,0,0,0,0,0,0,0,0,0,0,0,0,0,0,0,0,0,1,0,1
YTR,CP High Yield Trend ETF,Financial,Exchange Traded Fund,USA,,,20.78,0.02%,47686.0,0,0,0,0,0,0,0,0,1,1,0,0,0,0,0,0,0,0,0,0,0,0,0,0,0,0,0,0,2,0,2
YUP,Xtrackers High Beta High Yield Bond ETF,Financial,Exchange Traded Fund,USA,,,39.46,-0.06%,6489.0,0,0,0,-1,0,0,0,0,0,0,0,0,0,0,0,1,0,0,0,0,0,0,0,0,0,0,0,0,1,1,2
YXF,iShares ESG Advanced High Yield Corporate Bond ETF,Financial,Exchange Traded Fund,USA,,,44.92,0.13%,11686.0,0,0,0,0,0,0,0,0,0,0,0,0,-1,0,0,0,0,0,0,0,0,0,0,0,0,0,0,0,0,1,1
ZO,Marinemax Inc,Consumer Cyclical,Specialty Retail,USA,1160000000.0,362.53,52.35,0.00%,1023728.0,0,1,0,0,0,0,0,0,0,0,0,0,0,0,0,0,0,0,0,0,0,0,0,0,0,0,0,0,1,0,1
AE,Voya Asia Pacific High Dividend Equity Income Fund,Financial,Closed-End Fund - Foreign,USA,98260000.0,,9.14,3.22%,78524.0,0,0,0,0,0,0,0,0,0,0,0,0,0,0,0,1,0,0,0,0,0,0,0,0,0,0,0,0,1,0,1
AGG,iShares International Aggregate Bond Fund,Financial,Exchange Traded Fund,USA,,,49.03,0.08%,2096683.0,0,0,0,0,0,0,0,0,1,0,0,0,0,0,0,0,0,0,0,0,0,0,0,0,0,0,0,0,1,0,1
ALT,iShares Systematic Alternatives Active ETF,Financial,Exchange Traded Fund,USA,,,30.01,0.13%,2645607.0,0,0,0,0,0,1,0,-1,0,0,0,0,0,0,0,0,0,0,0,0,0,0,0,0,0,0,0,0,1,1,2
ART,Integra Lifesciences Holdings Corp,Healthcare,Medical Devices,USA,1030000000.0,,13.29,4.81%,1859001.0,0,0,0,0,0,0,0,0,1,0,0,0,0,0,0,0,0,0,0,0,0,0,0,0,0,0,0,0,1,0,1
AUI,NEOS Gold High Income ETF,Financial,Exchange Traded Fund,USA,,,48.13,-0.17%,200541.0,0,0,0,0,0,0,0,0,1,0,0,0,0,0,0,0,0,0,0,0,0,0,0,0,0,0,0,0,1,0,1
BCA,iShares iBonds Dec 2035 Term Corporate ETF,Financial,Exchange Traded Fund,USA,,,23.97,-0.08%,147728.0,0,0,0,0,0,0,0,0,0,0,0,0,0,0,0,0,0,0,0,-1,0,0,0,0,0,0,0,0,0,1,1
BDR,iShares iBonds Dec 2026 Term Corporate ETF,Financial,Exchange Traded Fund,USA,,,24.17,0.00%,530172.0,0,0,0,-1,0,0,0,0,0,0,0,0,-1,-1,0,0,0,0,0,0,0,0,0,0,0,1,0,0,1,3,4
BDS,iShares iBonds Dec 2027 Term Corporate ETF,Financial,Exchange Traded Fund,USA,,,24.06,0.04%,787421.0,0,0,0,0,0,1,0,0,0,0,0,0,0,0,0,0,0,0,0,-1,0,0,0,0,0,0,0,0,1,1,2
BDT,iShares iBonds Dec 2028 Term Corporate ETF,Financial,Exchange Traded Fund,USA,,,24.91,0.08%,706875.0,0,0,0,0,0,0,0,0,0,0,0,0,0,0,0,0,0,0,0,-1,0,0,0,0,0,0,0,0,0,1,1
BDU,iShares iBonds Dec 2029 Term Corporate ETF,Financial,Exchange Traded Fund,USA,,,22.65,0.18%,788594.0,0,0,0,0,0,0,0,0,0,0,0,0,0,0,0,0,0,0,0,-1,0,0,0,0,0,0,0,0,0,1,1
BDV,iShares iBonds Dec 2030 Term Corporate ETF,Financial,Exchange Traded Fund,USA,,,21.09,0.09%,1032005.0,0,0,0,0,0,0,0,0,1,1,0,0,0,0,0,0,0,0,0,0,0,0,0,0,0,0,0,0,2,0,2
BDZ,iShares iBonds Dec 2034 Term Corporate ETF,Financial,Exchange Traded Fund,USA,,,24.53,0.04%,159068.0,0,0,0,0,0,0,0,0,0,0,0,0,0,0,0,0,0,0,0,-1,0,0,0,0,0,0,0,0,0,1,1
BFR,Innovator International Developed Managed 10 Buffer ETF,Financial,Exchange Traded Fund,USA,,,50.21,0.04%,159.0,0,0,0,0,0,0,0,0,0,0,0,0,0,0,0,0,0,0,0,0,0,0,-1,0,0,0,0,0,0,1,1
BGC,iShares iBonds Dec 2046 Term Treasury ETF,Financial,Exchange Traded Fund,USA,,,22.62,-0.43%,27871.0,0,0,0,0,0,0,0,0,1,0,0,0,0,0,0,0,0,0,0,0,0,0,0,0,0,0,0,0,1,0,1
BGK,iShares iBonds Dec 2054 Term Treasury ETF,Financial,Exchange Traded Fund,USA,,,20.87,-0.48%,796.0,0,0,0,0,0,0,0,0,1,0,0,0,0,0,0,0,0,0,0,0,0,0,0,0,0,0,0,0,1,0,1
BGL,iShares iBonds Dec 2055 Term Treasury ETF,Financial,Exchange Traded Fund,USA,,,21.44,-0.50%,908.0,0,0,0,0,0,0,0,0,1,1,0,0,0,0,0,0,0,0,0,0,0,0,0,0,0,0,0,0,2,0,2
BGM,iShares iBonds Dec 2056 Term Treasury ETF,Financial,Exchange Traded Fund,USA,,,22.3,-0.51%,17205.0,0,0,0,0,0,0,0,0,1,0,0,0,0,0,0,0,0,0,0,0,0,0,0,0,0,0,0,0,1,0,1
BHG,iShares iBonds 2027 Term High Yield and Income ETF,Financial,Exchange Traded Fund,USA,,,21.7,0.00%,155257.0,0,0,0,0,0,0,0,0,1,0,0,0,0,0,0,0,0,0,0,0,0,0,0,0,0,0,0,0,1,0,1
BKR,Interactive Brokers Group Inc,Financial,Capital Markets,USA,40350000000.0,35.45,89.05,0.85%,2935545.0,0,0,0,0,0,0,0,0,0,0,0,0,-1,0,0,0,0,0,0,0,0,0,0,0,0,0,0,0,0,1,1
BM,International Business Machines Corp,Technology,Information Technology Services,USA,208760000000.0,19.67,221.58,-0.48%,6318086.0,0,0,0,0,0,0,0,0,1,0,0,0,0,0,0,0,0,0,0,0,0,0,0,0,0,0,0,0,1,0,1
BMO,iShares iBonds Dec 2026 Term Muni Bond ETF,Financial,Exchange Traded Fund,USA,,,25.59,0.04%,178467.0,0,1,0,-1,0,1,0,0,0,0,0,0,0,0,0,0,0,0,0,0,1,1,0,0,0,0,0,0,4,1,5
BMP,iShares iBonds Dec 2027 Term Muni Bond ETF,Financial,Exchange Traded Fund,USA,,,25.2,0.04%,174071.0,0,0,0,0,0,0,0,0,0,0,0,0,-1,0,0,0,0,0,0,0,0,0,0,0,0,0,0,0,0,1,1
BND,State Street SPDR Bloomberg International Corporate Bond ETF,Financial,Exchange Traded Fund,USA,,,29.61,-0.27%,89763.0,0,0,0,0,0,0,0,0,1,0,0,0,0,0,0,0,0,0,0,0,0,0,0,0,0,0,0,0,1,0,1
BO,Impact BioMedical Inc,Healthcare,Biotechnology,USA,41350000.0,,4.84,-9.02%,17360.0,0,1,0,0,0,0,0,0,0,0,0,0,-1,-1,0,0,0,0,0,0,0,0,0,0,0,0,0,0,1,2,3
BOT,VanEck Robotics ETF,Financial,Exchange Traded Fund,USA,,,67.29,1.10%,10419.0,0,0,0,0,0,0,0,0,0,0,0,0,0,0,0,0,0,0,0,0,0,0,-1,0,0,0,0,0,0,1,1
BP,Installed Building Products Inc,Consumer Cyclical,Residential Construction,USA,5080000000.0,20.57,191.11,-0.98%,476700.0,0,0,0,0,0,0,0,0,0,0,0,0,-1,0,0,0,0,0,0,0,0,0,0,0,0,0,0,0,0,1,1
BRX,ImmunityBio Inc,Healthcare,Biotechnology,USA,11000000000.0,,10.38,0.92%,16866948.0,0,1,0,0,0,0,0,0,0,0,0,0,0,0,0,0,0,0,0,0,0,0,0,0,0,0,0,0,1,0,1
BTG,iShares iBonds Dec 2026 Term Treasury ETF,Financial,Exchange Traded Fund,USA,,,22.83,0.04%,510037.0,0,0,0,-1,0,0,0,0,0,0,0,0,0,0,0,0,0,0,0,-1,0,0,0,0,0,0,0,0,0,2,2
BTL,iShares iBonds Dec 2031 Term Treasury ETF,Financial,Exchange Traded Fund,USA,,,19.42,0.05%,209045.0,0,0,0,0,0,0,0,0,1,1,0,0,0,0,0,0,0,0,0,0,0,0,0,0,0,0,0,0,2,0,2
BTQ,iShares iBonds Dec 2035 Term Treasury ETF,Financial,Exchange Traded Fund,USA,,,23.53,-0.12%,150756.0,0,0,0,0,0,0,0,0,1,1,0,0,0,0,0,0,0,0,0,0,0,0,0,0,0,0,0,0,2,0,2
BX,Tradr 2X Long IBM Daily ETF,Financial,Exchange Traded Fund,USA,,,15.59,-0.95%,366068.0,0,0,0,0,0,0,0,0,1,0,0,0,0,0,0,0,0,0,0,0,0,0,0,0,0,0,0,0,1,0,1
CAP,Infrastructure Capital Equity Income ETF,Financial,Exchange Traded Fund,USA,,,27.4,-0.22%,18765.0,0,0,0,0,0,0,0,0,1,0,0,0,0,0,0,0,0,0,0,0,0,0,0,0,0,0,0,0,1,0,1
CCC,Immucell Corp,Healthcare,Biotechnology,USA,88550000.0,116.21,9.75,0.00%,11262.0,0,0,0,0,0,0,0,0,0,0,0,0,-1,0,0,0,0,0,0,0,0,0,0,0,0,0,0,0,0,1,1
CL,ICL Group Ltd,Basic Materials,Agricultural Inputs,Israel,6530000000.0,21.42,5.06,0.40%,878319.0,0,0,0,0,0,0,0,0,0,0,0,0,-1,0,0,0,0,0,0,0,0,0,0,0,0,0,0,0,0,1,1
CLR,Icon Plc,Healthcare,Diagnostics & Research,Ireland,12990000000.0,305.55,168.33,3.88%,932547.0,0,0,0,0,0,0,0,0,0,0,1,0,0,0,0,0,0,0,0,0,0,0,0,0,0,0,0,0,1,0,1
CMB,Investcorp Credit Management BDC Inc,Financial,Asset Management,USA,10220000.0,,0.71,-10.38%,71377.0,0,0,0,0,0,0,0,0,1,0,0,0,0,0,0,0,0,0,0,0,0,0,0,0,0,0,0,0,1,0,1
CON,Icon Energy Corp,Industrials,Marine Shipping,USA,,,0.92,-5.15%,10162.0,0,0,0,0,0,0,0,0,0,0,0,0,0,0,0,0,0,0,0,0,0,0,0,0,0,1,0,0,1,0,1
CSH,iShares Ultra Short Duration Bond Active ETF,Financial,Exchange Traded Fund,USA,,,50.28,0.04%,1756002.0,0,0,0,-1,0,1,0,0,0,0,0,0,0,0,0,0,0,0,0,-1,0,0,0,0,0,0,0,0,1,2,3
DEQ,Lazard International Dynamic Equity ETF,Financial,Exchange Traded Fund,USA,,,35.32,0.63%,354079.0,0,0,0,0,0,0,0,-1,0,0,0,0,0,0,0,0,0,0,0,0,0,0,0,0,0,0,0,0,0,1,1
DEV,iShares Core MSCI International Developed Markets ETF,Financial,Exchange Traded Fund,USA,,,89.65,0.08%,1720333.0,0,1,0,0,0,0,0,0,0,0,0,0,0,0,0,0,0,0,0,0,0,0,0,0,0,0,0,0,1,0,1
DGT,iShares U.S. Digital Infrastructure and Real Estate ETF,Financial,Exchange Traded Fund,USA,,,114.95,-0.30%,38339.0,0,0,0,0,0,0,0,0,0,0,0,0,0,0,0,0,0,0,0,0,0,0,0,0,0,0,-1,0,0,1,1
DMO,Invesco S&P International Developed Momentum ETF,Financial,Exchange Traded Fund,USA,,,61.58,0.10%,312545.0,0,0,0,0,0,0,0,-1,0,0,0,0,0,0,0,0,0,0,0,0,0,0,0,0,0,0,0,0,0,1,1
DVO,Amplify CWP International Enhanced Dividend Income ETF,Financial,Exchange Traded Fund,USA,,,42.15,1.27%,217391.0,0,1,0,-1,0,0,0,0,0,0,1,0,0,0,0,0,0,0,0,0,0,0,0,0,0,0,0,0,2,1,3
DVZ,Polen International Dividend Income Fund,Financial,Exchange Traded Fund,USA,,,33.26,1.37%,23098.0,0,0,0,0,0,0,0,0,0,0,1,0,0,0,0,0,0,0,0,0,0,0,0,0,0,0,0,0,1,0,1
DYN,iShares International Equity Factor Rotation Active ETF,Financial,Exchange Traded Fund,USA,,,30.38,-0.01%,9041.0,0,0,0,0,0,0,0,0,0,0,1,0,0,0,0,0,0,0,0,0,0,0,0,0,0,0,0,0,1,0,1
EAG,Infinite Eagle Acquisition Corp,Financial,Shell Companies,USA,443030000.0,110.29,10.18,0.00%,12.0,0,0,0,0,0,0,0,0,0,0,0,0,0,0,0,0,0,0,0,0,0,0,0,0,-1,0,0,0,0,1,1
EF,iShares 7-10 Year Treasury Bond ETF,Financial,Exchange Traded Fund,USA,,,88.92,-0.15%,11070643.0,0,0,0,0,0,1,0,0,0,0,0,0,0,0,0,0,0,0,0,0,0,0,0,0,0,0,0,0,1,0,1
EFA,iShares Core MSCI EAFE ETF,Financial,Exchange Traded Fund,USA,,,97.12,0.11%,8749975.0,0,1,0,0,0,0,0,0,0,0,0,0,0,0,0,0,0,0,0,0,0,0,0,0,0,0,0,0,1,0,1
EUS,iShares MSCI Europe Small-Cap ETF,Financial,Exchange Traded Fund,USA,,,69.43,-0.36%,4708.0,0,0,0,-1,0,0,0,0,0,0,1,0,0,0,0,0,0,0,0,0,0,0,0,0,0,0,0,0,1,1,2
FBD,Infobird Co Ltd,Technology,Software - Application,Hong Kong,6890000.0,,0.84,-2.49%,19813.0,0,0,0,0,0,0,0,0,0,0,0,0,0,0,0,0,0,1,0,0,0,0,0,0,0,0,0,0,1,0,1
FEB,Innovator International Developed Power Buffer ETF-February,Financial,Exchange Traded Fund,USA,,,31.39,0.06%,1848.0,0,0,0,0,0,0,0,0,0,0,1,0,0,0,0,0,0,0,0,0,0,0,0,0,0,0,0,0,1,0,1
FF,International Flavors & Fragrances Inc,Basic Materials,Specialty Chemicals,USA,21240000000.0,77.25,83.26,1.02%,1646171.0,0,1,0,0,0,0,0,0,0,0,0,0,0,0,0,0,0,0,0,0,0,0,0,0,0,0,0,0,1,0,1
FLR,Innovator International Developed Managed Floor ETF,Financial,Exchange Traded Fund,USA,,,52.82,0.08%,3971.0,0,0,0,0,0,0,0,0,0,0,1,0,0,0,0,0,0,0,0,0,0,0,0,0,0,0,0,0,1,0,1
FN,Aberdeen India Fund Inc,Financial,Closed-End Fund - Equity,USA,452580000.0,,10.45,-0.38%,272078.0,0,0,0,0,0,0,0,0,0,0,0,0,-1,0,0,0,0,0,0,0,0,0,0,0,0,0,0,0,0,1,1
GAC,Invest Green Acquisition Corp,Financial,Shell Companies,USA,182930000.0,105.1,10.1,-0.30%,1030.0,0,0,0,0,0,0,0,-1,0,0,0,0,0,0,0,0,0,0,0,0,0,0,0,0,0,0,0,0,0,1,1
GBH,iShares Interest Rate Hedged Long-Term Corporate Bond ETF,Financial,Exchange Traded Fund,USA,,,24.54,0.29%,67976.0,0,0,0,0,0,0,0,0,0,0,0,0,0,0,0,1,0,0,0,0,0,0,0,0,0,0,0,0,1,0,1
GC,IGC Pharma Inc,Healthcare,Biotechnology,USA,29150000.0,,0.28,2.58%,1769563.0,0,0,0,0,0,0,0,0,0,0,0,0,-1,0,0,0,0,0,0,0,0,0,0,0,0,0,0,0,0,1,1
GHG,ProShares Investment Grade-Interest Rate Hedged,Financial,Exchange Traded Fund,USA,,,77.7,0.34%,47050.0,0,0,0,0,0,0,0,0,0,0,0,0,0,0,0,0,0,1,0,0,0,0,0,0,0,0,0,0,1,0,1
GLB,iShares 10 Year Investment Grade Corporate Bond ETF,Financial,Exchange Traded Fund,USA,,,45.4,-0.13%,1971773.0,0,1,0,0,0,0,0,0,1,0,0,0,0,0,0,0,0,0,0,0,0,0,0,0,0,0,0,0,2,0,2
GOV,iShares International Treasury Bond ETF,Financial,Exchange Traded Fund,USA,,,39.77,-0.10%,392745.0,0,0,0,0,0,0,0,0,0,0,0,0,-1,0,0,0,0,0,0,0,0,0,0,0,0,0,0,0,0,1,1
GSB,iShares 1-5 Yr IG Corporate Bond,Financial,Exchange Traded Fund,USA,,,51.12,0.10%,4266942.0,0,1,0,0,0,0,0,0,0,0,0,0,0,0,0,0,0,0,0,-1,0,0,0,0,0,0,0,0,1,1,2
H,iHuman Inc ADR,Consumer Defensive,Education & Training Services,China,25670000.0,19.46,1.15,0.88%,1347.0,0,0,0,0,0,0,0,0,0,0,0,0,0,0,0,0,0,0,0,-1,0,0,0,0,0,0,0,0,0,1,1
HAK,iShares Cybersecurity and Tech ETF,Financial,Exchange Traded Fund,USA,,,69.64,1.37%,142744.0,0,0,0,0,0,0,0,-1,0,0,0,0,0,0,0,0,0,0,0,0,0,0,0,0,0,0,0,0,0,1,1
HD,Voya Emerging Markets High Dividend Equity Fund,Financial,Closed-End Fund - Foreign,USA,137450000.0,,7.75,1.44%,63129.0,0,0,0,0,0,0,0,0,0,0,0,0,0,0,0,1,0,0,0,0,0,0,0,0,0,0,0,0,1,0,1
HDG,WisdomTree International Hedged Quality Dividend Growth Fund,Financial,Exchange Traded Fund,USA,,,52.09,0.23%,104963.0,0,1,0,0,0,0,0,0,0,0,0,0,0,0,0,0,0,0,0,0,0,0,0,0,0,0,0,0,1,0,1
HF,iShares U.S. Healthcare Providers ETF,Financial,Exchange Traded Fund,USA,,,56.04,1.72%,1194439.0,0,0,0,0,0,0,0,0,0,0,0,0,0,0,0,0,0,0,0,0,0,0,0,0,-1,0,0,0,0,1,1
HG,Intercontinental Hotels Group ADR,Consumer Cyclical,Lodging,United Kingdom,23340000000.0,33.95,159.51,-1.38%,113059.0,0,0,0,0,0,0,0,0,0,0,0,0,-1,0,0,0,0,0,0,0,0,0,0,0,0,0,0,0,0,1,1
HI,iShares U.S. Medical Devices ETF,Financial,Exchange Traded Fund,USA,,,51.59,2.26%,4817623.0,0,0,0,0,0,1,0,0,0,0,0,0,0,0,0,0,0,0,0,0,0,0,0,0,0,0,0,0,1,0,1
HT,Innsuites Hospitality Trust,Real Estate,REIT - Hotel & Motel,USA,18160000.0,,1.31,-0.76%,4344.0,0,0,0,0,0,0,0,0,1,0,0,0,0,0,0,0,0,0,0,0,0,0,0,0,0,0,-1,0,1,1,2
IGD,Invesco Investment Grade Defensive ETF,Financial,Exchange Traded Fund,USA,,,23.83,0.11%,87354.0,0,0,0,0,0,0,0,0,1,1,0,0,0,0,0,0,0,0,0,0,0,0,0,0,0,0,0,0,2,0,2
JT,iShares S&P Small-Cap 600 Growth ETF,Financial,Exchange Traded Fund,USA,,,163.99,0.34%,197752.0,0,0,0,0,0,0,0,0,0,0,0,0,0,0,0,0,0,0,0,0,0,0,-1,0,0,0,0,0,0,1,1
LAG,Intelligent Living Application Group Inc,Industrials,Building Products & Equipment,Hong Kong,5600000.0,,2.7,-6.90%,53.0,0,0,0,0,0,0,0,0,0,0,1,0,0,0,0,0,0,0,0,0,0,0,0,0,0,0,0,0,1,0,1
LDR,First Trust Innovation Leaders ETF,Financial,Exchange Traded Fund,USA,,,40.5,0.92%,71137.0,0,0,0,0,0,0,0,0,0,0,0,0,0,0,0,1,0,0,0,0,0,0,0,0,0,0,0,0,1,0,1
LIT,iShares Lithium Miners and Producers ETF,Financial,Exchange Traded Fund,USA,,,12.57,1.05%,5875.0,0,0,0,0,0,0,0,0,1,0,0,0,0,0,0,0,0,0,0,0,0,0,0,0,0,0,0,0,1,0,1
LOW,AB International Low Volatility Equity ETF,Financial,Exchange Traded Fund,USA,,,45.42,-0.26%,35708.0,0,1,0,0,0,0,0,0,0,0,0,0,0,0,0,0,0,0,0,0,0,0,0,0,0,0,0,0,1,0,1
LPT,Industrial Logistics Properties Trust,Real Estate,REIT - Industrial,USA,474560000.0,,7.11,0.42%,317108.0,0,0,0,0,0,0,0,0,0,0,0,0,-1,0,0,0,0,0,0,0,0,0,0,0,0,0,0,0,0,1,1
LTB,iShares Core 10+ Year USD Bond ETF,Financial,Exchange Traded Fund,USA,,,44.52,-0.34%,132785.0,0,0,0,0,0,1,0,0,1,1,0,0,0,0,0,0,0,0,0,0,0,0,0,0,0,0,0,0,3,0,3
MCR,Immunocore Holdings plc ADR,Healthcare,Biotechnology,United Kingdom,1520000000.0,,29.59,-0.40%,329450.0,0,0,0,0,0,0,0,0,0,0,0,0,0,0,0,0,0,0,0,0,0,0,0,0,0,1,0,0,1,0,1
MFL,Invesco International Developed Dynamic Multifactor ETF,Financial,Exchange Traded Fund,USA,,,33.5,-0.21%,40675.0,0,1,0,0,0,0,0,0,0,0,0,0,0,0,0,0,0,0,0,0,1,0,0,0,0,0,0,0,2,0,2
MKTA,Ingles Markets Inc,Consumer Defensive,Grocery Stores,USA,1610000000.0,15.72,86.51,-0.16%,91057.0,0,0,0,-1,0,0,0,0,0,0,0,0,0,0,0,0,0,0,0,0,0,0,0,0,0,0,0,0,0,1,1
MNN,Imunon Inc,Healthcare,Biotechnology,USA,6960000.0,,1.24,-3.12%,82722.0,0,0,0,0,0,0,0,0,0,0,0,0,0,0,0,0,0,0,0,-1,0,0,0,0,0,0,0,0,0,1,1
MO,Imperial Oil Ltd,Energy,Oil & Gas Integrated,Canada,59730000000.0,20.1,123.51,-1.73%,503176.0,0,0,0,0,0,0,0,0,0,0,1,0,0,0,0,0,0,0,0,0,0,0,-1,0,0,0,0,0,1,1,2
MOM,Alpha Architect International Quantitative Momentum ETF,Financial,Exchange Traded Fund,USA,,,40.81,0.30%,8725.0,0,0,0,0,0,0,0,0,0,0,0,0,-1,0,0,0,0,0,0,0,0,0,0,0,0,0,0,0,0,1,1
MSR,Terrestrial Energy Inc,Utilities,Utilities - Regulated Electric,USA,397260000.0,,3.75,-0.79%,1197081.0,0,0,0,0,0,0,0,0,1,0,0,0,0,0,0,0,0,0,0,0,0,0,0,0,0,0,0,0,1,0,1
MTB,iShares Core 5-10 Year USD Bond ETF,Financial,Exchange Traded Fund,USA,,,41.19,-0.10%,106760.0,0,0,0,0,0,0,0,0,0,0,0,0,0,0,0,0,0,0,0,-1,0,0,0,0,0,0,0,0,0,1,1
MTE,Integrated Media Technology Limited,Technology,Electronic Components,Australia,1540000.0,,0.45,-0.47%,29979.0,0,0,0,0,0,0,0,0,1,0,0,0,0,0,0,0,0,0,0,0,0,0,0,0,0,0,0,0,1,0,1
MTM,iShares MSCI Intl Momentum Factor ET,Financial,Exchange Traded Fund,USA,,,53.16,0.21%,271464.0,0,0,0,0,0,0,0,-1,0,0,0,0,0,0,0,0,0,0,0,0,0,0,0,0,0,0,0,0,0,1,1
MTX,Immatics N.V,Healthcare,Biotechnology,Germany,1160000000.0,,7.73,1.84%,554119.0,0,0,0,0,0,0,0,0,1,1,0,0,0,0,0,0,0,0,0,0,0,0,0,0,0,0,0,0,2,0,2
NCR,Intercure Ltd,Healthcare,Drug Manufacturers - Specialty & Generic,Israel,64580000.0,,5.45,0.55%,1491.0,0,0,0,0,0,0,0,0,0,0,1,0,0,0,0,0,0,0,0,0,0,0,0,0,0,0,0,0,1,0,1
ND,Xtrackers Nifty 500 India ETF,Financial,Exchange Traded Fund,USA,,,21.51,0.05%,859.0,0,0,0,0,0,0,0,0,0,0,0,0,0,0,0,1,0,0,0,0,0,0,0,0,0,0,0,0,1,0,1
NDE,Matthews India Active ETF,Financial,Exchange Traded Fund,USA,,,28.74,0.33%,3331.0,0,0,0,0,0,0,0,-1,0,0,0,0,0,0,0,0,0,0,0,0,0,0,0,0,0,0,0,0,0,1,1
NDH,WisdomTree India Hedged Equity Fund,Financial,Exchange Traded Fund,USA,,,36.91,-0.08%,51.0,0,0,0,0,0,0,0,0,0,0,1,0,0,0,0,0,0,0,0,0,0,0,0,0,0,0,0,0,1,0,1
NDL,Direxion Daily MSCI India Bull 2X ETF,Financial,Exchange Traded Fund,USA,,,39.28,0.10%,12333.0,0,0,0,0,0,0,0,0,0,0,0,0,-1,0,0,0,0,0,0,0,0,0,0,0,0,0,0,0,0,1,1
NDQ,Pacer ActiveAlpha India Quality ETF,Financial,Exchange Traded Fund,USA,,,24.62,-0.39%,1693.0,0,0,0,0,0,0,0,0,0,0,0,0,0,0,0,0,0,0,0,0,1,0,0,0,0,0,0,0,1,0,1
NFO,Harbor PanAgora Dynamic Large Cap Core ETF,Financial,Exchange Traded Fund,USA,,,28.51,0.79%,12098.0,0,0,0,0,0,0,0,0,0,0,1,0,0,0,0,0,0,0,0,0,0,0,0,0,0,0,0,0,1,0,1
NFQ,Infleqtion Inc,Technology,Software - Infrastructure,USA,2850000000.0,,12.66,-3.73%,7820466.0,0,0,0,0,0,0,0,0,0,0,0,0,-1,0,0,0,0,0,0,0,0,0,0,0,0,0,0,0,0,1,1
NFY,Infosys Ltd ADR,Technology,Information Technology Services,India,43670000000.0,13.19,10.76,-2.54%,17223297.0,0,0,0,0,0,0,0,0,0,0,0,0,0,0,0,0,0,0,0,-1,0,0,0,0,0,0,0,0,0,1,1
NGM,Ingram Micro Holding Corp,Technology,Information Technology Services,USA,6340000000.0,15.01,27.58,-3.23%,1591228.0,0,0,0,0,0,0,0,0,0,0,0,0,0,0,0,1,0,0,0,0,0,0,0,0,0,0,0,0,1,0,1
NKM,State Street Income Allocation ETF,Financial,Exchange Traded Fund,USA,,,33.07,0.06%,13758.0,0,0,0,0,0,0,0,0,0,0,1,0,0,0,0,0,0,0,0,0,0,0,0,0,0,0,0,0,1,0,1
NM,InMed Pharmaceuticals Inc,Healthcare,Drug Manufacturers - Specialty & Generic,Canada,7310000.0,,1.33,0.00%,29767.0,0,0,0,0,0,0,0,0,1,0,0,0,0,0,0,0,0,0,0,0,0,0,0,0,0,0,0,0,1,0,1
NR,Infinity Natural Resources Inc,Energy,Oil & Gas E&P,USA,837810000.0,5.5,13.21,2.32%,190815.0,0,0,0,0,0,0,0,0,0,0,0,0,0,0,0,0,0,0,0,0,0,0,0,0,0,1,0,0,1,0,1
NTR,Inter & Co Inc,Financial,Banks - Regional,Brazil,2890000000.0,10.06,6.56,19.71%,28306223.0,0,0,0,0,0,0,0,0,0,0,0,0,-1,0,0,0,0,0,0,0,0,0,0,0,0,1,0,0,1,1,2
NTW,GraniteShares 2x Long INTC Daily ETF,Financial,Exchange Traded Fund,USA,,,29.21,-5.19%,4029410.0,0,0,0,0,0,0,0,0,0,0,0,0,0,0,0,0,0,0,0,0,0,0,-1,0,0,0,0,0,0,1,1
NTZ,Intrusion Inc,Technology,Software - Infrastructure,USA,16910000.0,,0.69,-4.03%,39230.0,0,0,0,0,0,1,0,0,1,1,0,0,0,0,0,0,0,0,0,0,0,0,0,0,0,0,0,0,3,0,3
NVA,Innoviva Inc,Healthcare,Biotechnology,USA,1490000000.0,5.03,20.64,0.68%,993390.0,0,0,0,0,0,0,0,0,0,0,0,0,0,0,0,0,0,0,0,-1,0,0,0,0,0,0,0,0,0,1,1
NVG,GMO Systematic Investment Grade Credit ETF,Financial,Exchange Traded Fund,USA,,,24.08,0.02%,463.0,0,0,0,0,0,0,0,0,0,0,0,0,0,0,0,0,0,0,0,-1,0,0,0,0,0,0,0,0,0,1,1
NYY,YieldMax INTC Option Income Strategy ETF,Financial,Exchange Traded Fund,USA,,,39.81,-0.85%,62255.0,0,0,0,0,0,0,0,0,0,0,0,0,0,0,0,0,0,0,0,0,1,0,0,1,0,0,0,0,2,0,2
ON,ProShares S&P Global Core Battery Metals ETF,Financial,Exchange Traded Fund,USA,,,45.87,0.86%,820.0,0,0,0,0,0,0,0,0,1,0,0,0,0,0,0,0,0,0,0,0,0,0,0,0,0,0,0,0,1,0,1
ONC,Corgi IONQ 2x Daily ETF,Financial,Exchange Traded Fund,USA,,,13.39,-1.36%,606.0,0,0,0,0,0,0,0,0,0,0,1,0,0,0,0,0,0,0,0,0,0,0,0,0,0,0,0,0,1,0,1
ONL,GraniteShares 2x Long IONQ Daily ETF,Financial,Exchange Traded Fund,USA,,,14.48,-3.47%,621424.0,0,0,0,0,0,0,0,0,0,0,0,0,0,0,0,0,0,0,0,0,0,0,0,0,0,1,0,0,1,0,1
ONR,ioneer Ltd ADR,Basic Materials,Other Industrial Metals & Mining,Australia,230030000.0,,2.98,1.71%,39004.0,0,0,0,0,0,0,0,0,0,0,0,0,-1,0,0,0,0,0,0,0,0,0,0,0,0,0,0,0,0,1,1
OPP,Simplify Tara India Opportunities ETF,Financial,Exchange Traded Fund,USA,,,25.13,0.36%,47.0,0,0,0,0,0,0,0,0,0,0,1,0,0,0,0,0,0,0,0,0,0,0,0,0,0,0,0,0,1,0,1
OT,Samsara Inc,Technology,Software - Infrastructure,USA,24820000000.0,275.26,42.39,3.09%,8076860.0,0,0,0,0,0,0,0,-1,0,0,0,0,0,0,0,0,0,1,0,0,0,0,0,0,0,0,0,0,1,1,2
OTR,iOThree Ltd,Communication Services,Telecom Services,Singapore,9140000.0,,1.88,-3.59%,2620.0,0,0,0,0,0,0,0,0,0,0,0,0,-1,0,0,0,0,0,0,0,0,0,0,0,0,0,0,0,0,1,1
OVA,Iovance Biotherapeutics Inc,Healthcare,Biotechnology,USA,6410000000.0,,14.15,-0.46%,11751492.0,0,0,0,0,0,1,0,0,0,0,0,0,0,0,0,0,0,0,0,0,0,0,0,0,0,0,0,0,1,0,1
PAR,Interparfums Inc,Consumer Defensive,Household & Personal Products,USA,3640000000.0,21.76,113.76,-0.17%,197748.0,0,0,0,0,0,0,0,0,1,0,0,0,0,0,0,0,0,0,0,0,0,0,0,0,0,0,0,0,1,0,1
PAV,Global X Infrastructure Development ex-U.S. ETF,Financial,Exchange Traded Fund,USA,,,30.68,-0.28%,740.0,0,0,0,0,0,0,0,0,0,0,0,0,-1,0,0,0,0,0,0,0,0,0,0,0,0,0,0,0,0,1,1
PM,Intelligent Protection Management Corp,Technology,Software - Application,USA,15900000.0,,1.76,-1.12%,8848.0,0,0,0,0,0,0,0,0,0,0,0,0,0,0,0,1,0,0,0,0,0,0,0,0,0,0,0,0,1,0,1
PO,Renaissance IPO ETF,Financial,Exchange Traded Fund,USA,,,54.7,2.07%,7562.0,0,0,0,0,0,0,0,0,0,0,0,0,0,0,0,1,0,0,0,0,0,0,0,0,0,0,0,0,1,0,1
POS,Renaissance International IPO ETF,Financial,Exchange Traded Fund,USA,,,21.56,1.65%,511.0,0,0,0,0,0,0,0,0,1,0,0,0,0,0,0,0,0,0,0,0,0,0,0,0,0,0,0,0,1,0,1
PWR,Ideal Power Inc,Technology,Semiconductors,USA,64920000.0,,3.95,-2.47%,89614.0,0,0,0,0,0,0,0,0,0,0,0,0,0,0,0,0,0,0,0,0,0,0,0,0,0,0,-1,0,0,1,1
PX,IperionX Ltd ADR,Basic Materials,Other Industrial Metals & Mining,USA,601610000.0,,16.61,-2.12%,151609.0,0,0,0,0,0,0,0,0,1,0,0,0,0,0,0,0,0,0,0,0,0,0,0,0,0,0,0,0,1,0,1
QDF,Northern Trust International Quality Dividend ETF,Financial,Exchange Traded Fund,USA,,,34.78,0.43%,65488.0,0,1,0,0,0,0,0,-1,0,0,0,0,0,0,0,0,0,0,0,0,0,0,0,0,0,0,0,0,1,1,2
QDY,Northern Trust International Quality Dividend Dynamic ETF,Financial,Exchange Traded Fund,USA,,,42.49,0.44%,2608.0,0,1,0,0,0,0,0,0,0,0,1,0,0,0,0,0,0,0,0,0,0,0,-1,0,0,0,0,0,2,1,3
QHI,NYLIM MacKay High Income ETF,Financial,Exchange Traded Fund,USA,,,25.05,-0.08%,1704.0,0,0,0,0,0,0,0,0,0,0,0,0,-1,-1,0,0,0,0,0,0,0,0,0,0,0,0,0,0,0,2,2
QLT,iShares MSCI Intl Quality Factor ETF,Financial,Exchange Traded Fund,USA,,,49.7,-0.20%,1685917.0,0,1,0,0,0,0,0,0,0,0,0,0,0,0,0,0,0,0,0,0,0,0,0,0,0,0,0,0,1,0,1
QMX,IQM Quantum Computers Oyj ADR,Technology,Computer Hardware,USA,2000000000.0,,10.56,2.03%,322589.0,0,0,0,0,0,0,0,0,1,0,0,0,-1,0,0,0,0,0,0,0,0,0,0,1,0,0,0,0,2,1,3
QST,iQSTEL Inc,Communication Services,Telecom Services,USA,11020000.0,,1.01,-1.94%,189987.0,0,0,0,0,0,0,0,0,0,0,0,0,0,0,0,0,0,0,0,0,0,0,0,0,0,1,0,0,1,0,1
RAB,Iris Acquisition Corp II,Financial,Shell Companies,United Arab Emirates,226000000.0,429.61,10.01,-1.38%,15153.0,0,0,0,-1,0,0,0,-1,0,0,0,0,0,0,0,0,0,0,0,0,0,0,0,0,0,0,0,0,0,2,2
RE,Defiance Daily Target 2X Long IREN ETF,Financial,Exchange Traded Fund,USA,,,8.9,-6.32%,8557283.0,0,0,0,0,0,0,0,0,1,0,0,0,0,0,0,0,0,0,0,0,0,0,0,0,0,0,0,0,1,0,1
REG,Leverage Shares 2X Long IREN Daily ETF,Financial,Exchange Traded Fund,USA,,,7.41,-6.20%,1173810.0,0,0,0,0,0,0,0,0,1,0,0,0,0,0,0,0,0,0,0,0,0,0,0,0,0,0,0,0,1,0,1
REN,IREN Ltd,Financial,Capital Markets,Australia,15930000000.0,,40.48,-3.07%,33452873.0,0,0,0,0,0,0,0,0,1,0,0,0,0,0,0,0,0,0,0,0,0,0,0,0,0,0,0,0,1,0,1
REX,Tradr 2X Long IREN Daily ETF,Financial,Exchange Traded Fund,USA,,,13.04,-6.19%,1760097.0,0,0,0,0,0,0,0,0,1,0,0,0,0,0,0,0,0,0,0,0,0,0,0,0,0,0,0,0,1,0,1
RIX,IRIDEX Corp,Healthcare,Medical Devices,USA,12120000.0,,0.69,7.28%,136442.0,0,0,0,0,0,0,0,0,1,0,0,0,0,0,0,0,0,0,0,0,0,0,0,0,0,0,0,0,1,0,1
RMD,Iradimed Corp,Healthcare,Medical Devices,USA,1110000000.0,48.27,86.47,1.25%,76962.0,0,0,0,0,0,0,0,0,0,0,0,0,-1,0,0,0,0,0,0,0,0,0,0,1,0,0,0,0,1,1,2
RTC,iRhythm Holdings Inc,Healthcare,Medical Devices,USA,3600000000.0,,109.09,-1.16%,626268.0,0,0,0,0,0,0,0,0,0,0,1,1,0,0,0,0,0,0,0,0,0,0,0,0,0,0,0,0,2,0,2
SBA,Isabella Bank Corp,Financial,Banks - Regional,USA,288900000.0,13.94,37.87,-0.66%,53114.0,0,0,0,-1,0,0,0,0,0,0,0,0,0,0,0,0,0,0,0,-1,0,0,0,0,0,0,0,0,0,2,2
SHG,iShares -3 Year International Treasury Bond ETF,Financial,Exchange Traded Fund,USA,,,73.76,-0.13%,29859.0,0,0,0,0,0,0,0,0,0,0,0,0,0,0,0,0,0,0,0,0,1,0,0,0,0,0,0,0,1,0,1
SOU,IsoEnergy Ltd,Energy,Uranium,Canada,618010000.0,,9.47,3.27%,123637.0,0,1,0,0,0,1,0,0,0,0,0,0,-1,-1,0,0,0,0,0,0,0,0,0,0,0,0,0,0,2,2,4
SPY,ProShares S&P 500 High Income ETF,Financial,Exchange Traded Fund,USA,,,48.32,0.69%,65659.0,0,1,0,0,0,0,0,0,0,0,0,0,0,0,0,0,0,0,0,0,0,0,0,0,0,0,0,0,1,0,1
SRA,VanEck Israel ETF,Financial,Exchange Traded Fund,USA,,,67.15,0.24%,4344.0,0,0,0,0,0,0,0,0,0,0,0,0,0,0,0,1,0,0,0,0,0,0,0,0,0,0,0,0,1,0,1
STB,iShares Core 1-5 Year USD Bond ETF,Financial,Exchange Traded Fund,USA,,,47.13,0.06%,712007.0,0,0,0,0,0,0,0,0,0,0,0,0,0,0,0,0,0,0,0,-1,0,0,0,0,0,0,0,0,0,1,1
STM,iShares Strategic Metals ETF,Financial,Exchange Traded Fund,USA,,,29.79,0.84%,4852.0,0,0,0,0,0,0,0,0,0,0,0,0,-1,-1,0,0,0,0,0,0,0,0,0,0,0,0,0,0,0,2,2
STR,Investar Holding Corp,Financial,Banks - Regional,USA,404490000.0,12.92,29.36,-0.17%,69763.0,0,0,0,0,0,0,0,-1,0,0,0,0,0,0,0,0,0,0,0,0,0,0,0,0,0,0,0,0,0,1,1
SUL,GraniteShares 2x Long ISRG Daily ETF,Financial,Exchange Traded Fund,USA,,,16.27,7.35%,27181.0,0,0,0,0,0,0,0,0,0,0,0,0,0,0,0,0,0,0,0,0,0,0,0,1,0,0,0,0,1,0,1
SWN,Amplify BlackSwan ISWN ETF,Financial,Exchange Traded Fund,USA,,,20.9,0.02%,704.0,0,0,0,0,0,0,0,0,0,0,0,0,0,0,0,0,0,0,0,0,0,0,0,0,0,0,-1,0,0,1,1
T,Gartner Inc,Technology,Information Technology Services,USA,11860000000.0,16.85,187.76,1.60%,626088.0,0,0,0,0,0,0,0,-1,0,0,0,0,0,0,0,0,0,0,0,0,0,0,0,0,0,0,0,0,0,1,1
TAN,Sparkline Intangible Value ETF,Financial,Exchange Traded Fund,USA,,,43.99,0.18%,5945.0,0,0,0,0,0,0,0,-1,0,0,1,0,0,0,0,0,0,0,0,0,0,0,0,0,-1,0,0,0,1,2,3
TDE,iShares LifePath Target Date 2045 ETF,Financial,Exchange Traded Fund,USA,,,40.39,0.45%,16450.0,0,0,0,0,0,0,0,0,0,0,0,0,0,0,0,0,0,0,0,0,0,0,0,0,-1,0,0,0,0,1,1
TDF,iShares LifePath Target Date 2050 ETF,Financial,Exchange Traded Fund,USA,,,42.13,0.72%,11135.0,0,0,0,-1,0,0,0,0,0,0,0,0,0,0,0,0,0,0,0,0,0,0,0,0,0,0,0,0,0,1,1
TDG,iShares LifePath Target Date 2055 ETF,Financial,Exchange Traded Fund,USA,,,42.97,0.54%,8112.0,0,0,0,-1,0,0,0,0,0,0,0,0,0,0,0,0,0,0,0,0,0,0,0,0,-1,0,0,0,0,2,2
TDJ,iShares LifePath Target Date 2070 ETF,Financial,Exchange Traded Fund,USA,,,33.43,0.65%,11994.0,0,0,0,-1,0,0,0,0,0,0,0,0,0,0,0,0,0,0,0,0,0,0,0,0,0,0,0,0,0,1,1
TP,IT Tech Packaging Inc,Basic Materials,Paper & Paper Products,China,2450000.0,,0.14,0.70%,128924.0,0,0,0,0,0,0,0,0,1,0,0,0,0,0,0,0,0,0,0,0,0,0,0,0,0,0,0,0,1,0,1
TT,ITT Inc,Industrials,Specialty Industrial Machinery,USA,18430000000.0,40.49,206.2,0.01%,727066.0,0,1,0,0,0,0,0,0,0,0,1,0,0,0,0,0,0,0,0,0,1,0,0,0,-1,0,0,0,3,1,4
US,Invesco RAFI Strategic US ETF,Financial,Exchange Traded Fund,USA,,,68.71,0.59%,78851.0,0,0,0,0,0,0,0,0,0,0,0,0,0,0,0,0,0,1,0,0,0,0,0,0,0,0,0,0,1,0,1
USG,iShares Core S&P U.S.Growth ETF,Financial,Exchange Traded Fund,USA,,,197.95,0.91%,529324.0,0,0,0,0,0,0,0,0,0,0,1,1,0,0,0,0,0,0,0,0,0,0,0,0,0,0,0,0,2,0,2
VDA,Iveda Solutions Inc,Industrials,Security & Protection Services,USA,3580000.0,,0.29,-1.35%,152782.0,0,1,0,0,0,0,0,0,0,0,0,0,-1,0,0,0,0,0,0,0,0,0,0,0,0,0,0,0,1,1,2
VES,Dan IVES Wedbush AI Revolution ETF,Financial,Exchange Traded Fund,USA,,,42.02,0.43%,264485.0,0,0,0,0,0,0,0,0,0,0,1,0,0,0,0,0,0,0,0,0,0,0,-1,0,0,0,0,0,1,1,2
VSI,Applied Finance IVS International Large ETF,Financial,Exchange Traded Fund,USA,,,28.75,-0.10%,891.0,0,0,0,0,0,0,0,0,0,0,0,0,0,0,0,0,0,0,0,0,0,0,-1,0,0,0,0,0,0,1,1
VVB,iShares Large Cap Deep Quarterly Laddered ETF,Financial,Exchange Traded Fund,USA,,,35.73,0.40%,160917.0,0,0,0,0,0,0,0,-1,0,0,0,0,0,0,0,0,0,0,0,0,0,0,0,0,0,0,0,0,0,1,1
VVD,Invivyd Inc,Healthcare,Biotechnology,USA,247360000.0,,0.84,2.08%,5425520.0,0,0,0,0,0,1,0,0,0,0,0,0,0,0,0,0,0,0,0,-1,0,0,0,0,0,0,0,0,1,1,2
VW,iShares S&P 500 Growth ETF,Financial,Exchange Traded Fund,USA,,,145.24,0.92%,2248220.0,0,0,0,0,0,0,0,-1,0,0,0,0,0,0,0,0,0,0,0,0,0,0,0,0,0,0,0,0,0,1,1
WC,iShares Micro-Cap ETF,Financial,Exchange Traded Fund,USA,,,187.32,0.34%,321392.0,0,0,0,0,0,0,0,0,0,0,1,0,0,0,0,0,0,0,0,0,0,0,-1,0,0,0,0,0,1,1,2
WD,iShares Russell 1000 Value ETF,Financial,Exchange Traded Fund,USA,,,250.36,0.39%,1488295.0,0,0,0,0,0,0,0,0,0,0,0,0,0,0,0,0,0,0,0,0,0,0,-1,0,0,0,0,0,0,1,1
WFG,NYLIM Winslow Focused Large Cap Growth ETF,Financial,Exchange Traded Fund,USA,,,56.88,1.07%,350.0,0,0,0,-1,0,0,0,-1,0,0,0,0,0,0,0,0,0,0,0,0,0,0,0,0,0,0,0,0,0,2,2
WLG,NYLIM Winslow Large Cap Growth ETF,Financial,Exchange Traded Fund,USA,,,58.94,1.12%,8716.0,0,0,0,0,0,0,0,-1,0,0,0,0,0,0,0,0,0,0,0,0,0,0,0,0,0,0,0,0,0,1,1
WMY,Defiance R2000 Weekly Distribution ETF,Financial,Exchange Traded Fund,USA,,,17.27,0.52%,40748.0,0,0,0,-1,0,0,0,0,0,0,0,0,0,0,0,0,0,0,0,0,0,0,0,0,0,0,0,0,0,1,1
WO,iShares Russell 2000 Growth ETF,Financial,Exchange Traded Fund,USA,,,363.8,0.82%,242072.0,0,0,0,0,0,0,0,0,0,0,1,0,0,0,0,0,0,0,0,0,0,0,-1,0,0,0,0,0,1,1,2
X,Orix Corp ADR,Financial,Financial Conglomerates,Japan,40900000000.0,10.33,37.34,0.59%,462980.0,0,0,0,0,0,0,0,0,0,0,0,0,-1,0,0,0,0,0,0,0,0,0,0,0,0,0,0,0,0,1,1
XHL,Incannex Healthcare Inc,Healthcare,Drug Manufacturers - Specialty & Generic,Australia,40250000.0,,3.21,0.00%,29954.0,0,0,0,0,0,0,0,0,0,0,0,0,-1,-1,0,0,0,0,0,0,0,0,0,0,0,1,0,0,1,2,3
XP,iShares Global Comm Services ETF,Financial,Exchange Traded Fund,USA,,,118.91,0.92%,33308.0,0,0,0,0,0,0,0,0,0,0,0,0,-1,0,0,0,0,0,0,0,0,0,0,1,0,0,0,0,1,1,2
XUS,iShares Core MSCI Total International Stock ETF,Financial,Exchange Traded Fund,USA,,,96.1,0.54%,986601.0,0,0,0,0,0,0,0,-1,0,0,0,0,0,0,0,0,0,0,0,0,0,0,0,0,0,0,0,0,0,1,1
YC,iShares U.S. Consumer Discretionary ETF,Financial,Exchange Traded Fund,USA,,,95.52,0.42%,179873.0,0,0,0,0,0,0,0,0,0,0,0,0,0,0,0,1,0,0,0,0,0,0,0,0,0,0,0,0,1,0,1
YK,iShares U.S. Consumer Staples ETF,Financial,Exchange Traded Fund,USA,,,71.62,1.00%,182224.0,0,0,0,0,0,0,0,0,0,0,1,1,0,0,0,0,0,0,0,0,0,0,0,0,0,0,0,0,2,0,2
ZRL,ARK Israel Innovative Technology ETF,Financial,Exchange Traded Fund,USA,,,28.89,0.30%,6588.0,0,0,0,0,0,0,0,0,1,0,0,0,0,0,0,0,0,0,0,0,0,0,0,0,0,0,0,0,1,0,1
AAA,Janus Henderson AAA CLO ETF,Financial,Exchange Traded Fund,USA,,,50.49,0.02%,6887305.0,0,0,0,0,0,0,0,0,0,0,0,0,-1,0,0,0,0,0,0,0,0,0,0,0,0,0,0,0,0,1,1
ABS,Janus Henderson Asset-Backed Securities ETF,Financial,Exchange Traded Fund,USA,,,49.35,0.05%,3161.0,0,1,0,0,0,0,0,0,0,0,0,0,0,0,0,0,0,0,0,0,0,0,0,0,0,0,0,0,1,0,1
ACS,Jackson Acquisition Company II,Financial,Shell Companies,USA,320460000.0,37.62,10.83,0.37%,216.0,0,0,0,-1,0,1,0,0,0,0,0,0,0,0,0,0,0,1,0,0,0,0,0,0,0,0,0,0,2,1,3
ADE,JPMorgan Active Developing Markets Equity ETF,Financial,Exchange Traded Fund,USA,,,81.63,2.38%,1883.0,0,0,0,0,0,0,0,0,0,0,1,0,0,0,0,0,0,0,0,0,0,0,-1,0,0,0,0,0,1,1,2
AJL,Innovator Equity Defined Protection ETF - 6mo Jan/Jul,Financial,Exchange Traded Fund,USA,,,30.39,0.09%,15209.0,0,0,0,0,0,0,0,0,0,0,0,0,0,0,0,0,0,1,0,0,0,0,0,0,0,0,0,0,1,0,1
ANT,AllianzIM U.S. Equity Buffer10 Jan ETF,Financial,Exchange Traded Fund,USA,,,45.56,0.32%,1329.0,0,0,0,-1,0,0,0,-1,0,0,0,0,0,0,0,0,0,1,0,0,0,0,0,0,0,0,0,0,1,2,3
ANU,AllianzIM U.S. Equity Buffer15 Uncapped Jan ETF,Financial,Exchange Traded Fund,USA,,,30.83,0.54%,1188.0,0,0,0,0,0,0,0,0,0,0,0,0,0,0,0,1,0,0,0,0,0,0,0,0,0,0,0,0,1,0,1
BDI,JBDI Holdings Ltd,Consumer Cyclical,Specialty Retail,USA,,,1.0,0.00%,16218.0,0,0,0,0,0,0,0,0,1,0,0,0,0,0,0,0,0,0,0,0,0,0,0,0,0,0,0,0,1,0,1
BGS,JBG SMITH Properties,Real Estate,REIT - Diversified,USA,808120000.0,,10.83,2.56%,1277577.0,0,1,0,0,0,0,0,0,1,0,0,0,0,0,0,0,0,0,0,0,0,0,0,0,0,0,0,0,2,0,2
BL,Jabil Inc,Technology,Electronic Components,USA,31530000000.0,30.78,300.94,-1.14%,1045961.0,0,0,0,0,0,1,0,0,1,0,0,0,0,0,0,1,0,0,0,0,0,0,0,0,0,0,0,0,3,0,3
BS,JBS NV,Consumer Defensive,Packaged Foods,Netherlands,12730000000.0,11.1,11.89,1.89%,7782709.0,0,0,0,0,0,0,0,0,1,0,0,0,0,0,0,0,0,0,0,0,0,0,0,0,0,0,0,0,1,0,1
CHI,JPMorgan Active China ETF,Financial,Exchange Traded Fund,USA,,,51.37,1.28%,1693.0,0,0,0,0,0,0,0,0,0,0,0,0,0,0,0,1,0,0,0,0,0,0,0,0,0,0,0,0,1,0,1
CPI,JPMorgan Inflation Managed Bond ETF,Financial,Exchange Traded Fund,USA,,,46.03,0.07%,56146.0,0,1,0,0,0,0,0,0,1,1,0,0,0,0,0,0,0,0,0,0,0,0,0,0,0,0,0,0,3,0,3
D,JD.com Inc ADR,Consumer Cyclical,Internet Retail,China,31700000000.0,17.78,26.36,2.25%,7362192.0,0,0,0,0,0,0,0,0,0,0,0,0,0,0,0,0,0,0,0,0,1,0,-1,0,0,0,0,0,1,1,2
DVI,John Hancock Disciplined Value International Select ETF,Financial,Exchange Traded Fund,USA,,,40.14,0.55%,380512.0,0,1,0,0,0,0,0,0,0,0,0,0,0,0,0,0,0,0,0,0,0,0,0,0,0,0,0,0,1,0,1
EDI,Defiance Drone and Modern Warfare ETF,Financial,Exchange Traded Fund,USA,,,24.8,-1.47%,147102.0,0,0,0,0,0,0,0,0,1,0,0,0,0,0,0,0,0,0,0,0,0,0,0,0,0,0,-1,0,1,1,2
ELH,Janus Henderson Equity Linked High Income ETF,Financial,Exchange Traded Fund,USA,,,25.5,-0.02%,11712.0,0,0,0,0,0,1,0,0,0,0,0,0,0,0,0,0,0,0,0,0,0,0,0,0,0,0,0,0,1,0,1
EM,707 Cayman Holdings Ltd,Consumer Cyclical,Apparel Retail,USA,,,3.64,0.55%,27423.0,0,1,0,0,0,0,0,0,0,0,0,0,0,0,0,0,0,0,0,0,0,0,0,0,0,0,0,0,1,0,1
EMB,Janus Henderson Emerging Markets Debt Hard Currency ETF,Financial,Exchange Traded Fund,USA,,,50.51,-0.06%,2097.0,0,0,0,0,0,0,0,0,0,0,1,0,0,0,0,0,0,0,0,0,0,0,0,0,0,0,0,0,1,0,1
ETS,ESS U.S.Global Jets ETF,Financial,Exchange Traded Fund,USA,,,27.89,-0.89%,3014914.0,0,0,0,0,0,0,0,0,1,0,0,0,0,0,0,0,0,0,0,0,0,0,-1,0,0,0,0,0,1,1,2
F,J and Friends Holdings Ltd ADR,Financial,Credit Services,China,15580000.0,,0.92,-0.54%,3721.0,0,0,0,0,0,0,0,0,1,1,0,0,0,0,0,0,0,0,0,0,0,0,0,0,0,0,0,0,2,0,2
FIN,Jiayin Group Inc ADR,Financial,Credit Services,China,35720000.0,2.29,1.41,7.63%,34442.0,0,0,0,0,0,0,0,0,1,0,0,0,0,0,0,0,0,0,0,0,0,0,0,0,0,0,0,0,1,0,1
HAC,John Hancock Fundamental All Cap Core ETF,Financial,Exchange Traded Fund,USA,,,15.49,0.49%,8.0,0,0,0,0,0,0,0,-1,0,0,0,0,0,0,0,0,0,0,0,0,0,0,0,0,0,0,0,0,0,1,1
HHY,John Hancock High Yield ETF,Financial,Exchange Traded Fund,USA,,,24.72,0.16%,265154.0,0,0,0,-1,0,0,0,0,0,0,0,0,0,0,0,0,0,0,0,0,0,0,0,0,0,0,0,0,0,1,1
HLN,John Hancock Global Senior Loan ETF,Financial,Exchange Traded Fund,USA,,,24.48,0.05%,10159.0,0,0,0,0,0,0,0,0,0,0,0,0,0,0,0,0,0,0,0,0,1,0,0,1,0,0,0,0,2,0,2
KS,JinkoSolar Holding Co Ltd ADR,Technology,Solar,China,462390000.0,,9.2,0.55%,626749.0,0,0,0,0,0,1,0,0,0,0,0,0,0,0,0,0,0,0,0,0,0,0,0,0,0,0,0,0,1,0,1
LL,Jones Lang Lasalle Inc,Real Estate,Real Estate Services,USA,13910000000.0,14.49,302.41,-1.43%,600338.0,0,1,0,0,0,0,0,0,0,0,0,0,0,0,0,0,0,0,0,0,0,0,0,0,0,0,0,0,1,0,1
MOM,JPMorgan U.S. Momentum Factor ETF,Financial,Exchange Traded Fund,USA,,,85.19,0.18%,149586.0,0,0,0,0,0,0,0,0,0,0,1,0,0,0,0,0,0,0,0,0,0,0,0,0,0,0,0,0,1,0,1
NJ,Johnson & Johnson,Healthcare,Drug Manufacturers - General,USA,609540000000.0,29.32,252.93,-1.21%,10032754.0,0,0,0,-1,0,0,0,-1,0,0,0,0,0,0,0,0,0,0,0,0,0,0,0,0,0,0,0,0,0,2,2
OBY,Joby Aviation Inc,Industrials,Airports & Air Services,USA,5740000000.0,,5.78,-2.86%,21583975.0,0,0,0,0,0,0,0,0,1,0,0,0,0,0,0,0,0,0,0,0,0,0,0,0,0,0,0,0,1,0,1
OUL,Corgi High Voltage Grid Equipment ETF,Financial,Exchange Traded Fund,USA,,,23.08,-0.10%,1785.0,0,0,0,0,0,0,0,0,0,0,0,0,-1,0,0,0,0,0,0,0,0,0,0,1,0,0,0,0,1,1,2
OYT,JPMorgan Equity and Options Total Return ETF,Financial,Exchange Traded Fund,USA,,,59.94,0.52%,3903.0,0,1,0,0,0,0,0,0,0,0,0,0,0,0,0,0,0,0,0,0,0,0,0,0,0,0,0,0,1,0,1
PEM,JPMorgan Diversified Return Emerging Markets Equity ETF,Financial,Exchange Traded Fund,USA,,,64.44,1.79%,14784.0,0,0,0,0,0,0,0,0,0,0,1,0,0,0,0,0,0,0,0,0,0,0,0,0,0,0,0,0,1,0,1
PIE,JPMorgan Income ETF,Financial,Exchange Traded Fund,USA,,,44.72,0.07%,2855686.0,0,0,0,0,0,0,0,0,0,0,0,0,-1,-1,0,0,0,0,0,0,0,0,0,0,0,0,0,0,0,2,2
PST,JPMorgan Ultra-Short Income ETF,Financial,Exchange Traded Fund,USA,,,50.24,0.02%,6640510.0,0,1,0,0,0,1,0,0,1,1,0,0,0,0,0,0,0,0,0,0,0,0,0,0,0,0,0,0,4,0,4
QC,Nuveen Credit Strategies Income Fund,Financial,Closed-End Fund - Debt,USA,682910000.0,,4.62,-1.07%,1014318.0,0,0,0,0,0,0,0,0,1,1,0,0,0,0,0,0,0,0,0,0,0,0,0,0,0,0,0,0,2,0,2
QUA,JPMorgan U.S. Quality Factor ETF,Financial,Exchange Traded Fund,USA,,,75.14,0.70%,395483.0,0,0,0,0,0,0,0,0,0,0,1,0,0,0,0,0,0,0,0,0,0,0,0,0,0,0,0,0,1,0,1
RI,Nuveen Real Asset Income and Growth Fund,Financial,Closed-End Fund - Equity,USA,385510000.0,,10.65,-2.29%,327620.0,0,1,0,-1,0,0,0,0,0,0,0,0,0,0,0,0,0,0,0,0,0,0,0,0,0,0,0,0,1,1,2
RS,Nuveen Real Estate Income Fund,Financial,Closed-End Fund - Debt,USA,208890000.0,,7.23,-2.56%,100510.0,0,0,0,0,0,0,0,0,0,0,0,0,0,0,0,0,0,0,0,0,0,0,0,1,0,0,0,0,1,0,1
SCP,JPMorgan Short Duration Core Plus ETF,Financial,Exchange Traded Fund,USA,,,45.88,-0.03%,189372.0,0,0,0,0,0,1,0,0,0,0,0,0,0,0,0,0,0,0,0,-1,0,0,0,0,0,0,0,0,1,1,2
SMD,Janus Henderson Small/Mid Cap Growth Alpha ETF,Financial,Exchange Traded Fund,USA,,,91.86,0.83%,39971.0,0,0,0,0,0,0,0,0,1,0,0,0,0,0,0,0,0,0,0,0,0,0,0,0,0,0,0,0,1,0,1
SML,Janus Henderson Small Cap Growth Alpha ETF,Financial,Exchange Traded Fund,USA,,,88.25,0.96%,14608.0,0,0,0,0,0,0,0,0,0,0,1,0,0,0,0,0,0,0,0,0,0,0,-1,0,0,0,0,0,1,1,2
SPR,Jasper Therapeutics Inc,Healthcare,Biotechnology,USA,19730000.0,,0.59,4.88%,376089.0,0,0,0,0,0,0,0,0,0,0,0,0,0,0,0,0,0,0,0,0,0,0,0,0,0,0,0,1,1,0,1
TEK,JPMorgan U.S. Tech Leaders ETF,Financial,Exchange Traded Fund,USA,,,108.78,1.09%,168977.0,0,0,0,0,0,0,0,0,0,0,0,0,0,0,0,0,0,0,0,0,0,0,-1,0,0,0,0,0,0,1,1
TTT,Jatt III Acquisition Corp,Financial,Shell Companies,USA,95680000.0,,10.8,1.41%,6650.0,0,0,0,0,0,0,0,0,1,0,0,0,-1,0,0,0,0,0,0,0,1,0,0,0,0,0,0,0,2,1,3
UDO,Janus Henderson U.S. Equity Enhanced Income ETF,Financial,Exchange Traded Fund,USA,,,28.55,0.65%,303.0,0,0,0,0,0,1,0,0,0,0,0,0,0,0,0,0,0,0,0,0,0,0,0,0,0,0,0,0,1,0,1
ULB,Aptus July Buffer ETF,Financial,Exchange Traded Fund,USA,,,28.36,0.35%,4387.0,0,0,0,0,0,0,0,0,0,0,1,0,0,0,0,0,0,0,0,0,0,0,0,0,0,0,0,0,1,0,1
ULC,Corgi U.S. Equities 10% Structured Buffer ETF - July Series,Financial,Exchange Traded Fund,USA,,,25.91,0.41%,6.0,0,0,0,0,0,0,0,0,0,0,1,0,0,0,0,0,0,0,0,0,0,0,0,0,0,0,0,0,1,0,1
ULJ,Innovator Premium Income 30 Barrier ETF - July,Financial,Exchange Traded Fund,USA,,,24.88,0.06%,934.0,0,0,0,0,0,0,0,0,0,0,0,0,0,0,0,0,0,0,0,0,0,0,0,0,0,1,0,0,1,0,1
ULP,PGIM S&P 500 Buffer 12 ETF - July,Financial,Exchange Traded Fund,USA,,,33.62,0.37%,377.0,0,0,0,0,0,0,0,0,0,0,1,0,0,0,0,0,0,0,0,0,0,0,0,0,0,0,0,0,1,0,1
ULT,AllianzIM U.S. Equity Buffer10 Jul ETF,Financial,Exchange Traded Fund,USA,,,49.23,0.39%,406.0,0,0,0,0,0,0,0,0,0,0,1,0,0,0,0,0,0,0,0,0,0,0,0,0,0,0,0,0,1,0,1
UNP,PGIM S&P 500 Buffer 12 ETF - June,Financial,Exchange Traded Fund,USA,,,32.59,0.34%,8198.0,0,0,0,0,0,0,0,0,0,0,1,0,0,0,0,0,0,0,0,0,0,0,0,0,0,0,0,0,1,0,1
UNW,AllianzIM U.S. Equity Buffer20 Jun ETF,Financial,Exchange Traded Fund,USA,,,35.19,0.28%,22153.0,0,0,0,0,0,0,0,-1,0,0,0,0,0,0,0,0,0,0,0,0,0,0,0,0,0,0,0,0,0,1,1
XG,JX Luxventure Group Inc,Consumer Cyclical,Apparel Manufacturing,China,94430000.0,,7.83,1.69%,15435.0,0,0,0,0,0,0,0,0,1,0,0,0,0,0,0,0,0,0,0,0,0,0,0,0,0,0,0,0,1,0,1
XI,iShares Global Utilities ETF,Financial,Exchange Traded Fund,USA,,,77.63,0.22%,58538.0,0,0,0,0,0,0,0,0,1,0,0,0,0,0,0,0,0,0,0,0,0,0,0,0,0,0,0,0,1,0,1
XX,Janus Henderson Transformational Growth ETF,Financial,Exchange Traded Fund,USA,,,32.39,1.20%,5041.0,0,0,0,0,0,0,0,0,0,0,0,0,0,0,0,1,0,0,0,0,0,0,0,0,0,0,0,0,1,0,1
YNT,Joint Corp,Healthcare,Medical Care Facilities,USA,101620000.0,27.54,7.18,-1.30%,141850.0,0,1,0,0,0,0,0,0,1,0,0,0,0,0,0,0,0,0,0,0,0,0,0,0,0,0,0,0,2,0,2
AI,Kadant Inc,Industrials,Specialty Industrial Machinery,USA,3150000000.0,28.75,267.14,-0.63%,165526.0,0,1,0,0,0,0,0,0,0,0,0,0,0,0,0,0,0,0,0,0,0,0,0,0,0,0,0,0,1,0,1
APA,Kairos Pharma Ltd,Healthcare,Biotechnology,USA,5250000.0,,1.55,-0.64%,19614.0,0,0,0,0,0,1,0,0,1,1,0,0,0,0,0,0,0,0,0,0,0,0,0,0,0,0,0,0,3,0,3
ARS,KraneShares Electric Vehicles and Future Mobility Index ETF,Financial,Exchange Traded Fund,USA,,,27.8,0.06%,7993.0,0,0,0,0,0,0,0,0,1,1,0,0,0,0,0,0,0,0,0,0,0,0,0,0,0,0,0,0,2,0,2
AZR,Skyline Builders Group Holding Ltd,Industrials,Engineering & Construction,Hong Kong,43060000.0,,2.4,-5.88%,83183.0,0,0,0,0,0,0,0,0,1,0,0,0,0,0,0,0,0,0,0,0,0,0,0,1,0,0,0,0,2,0,2
BA,KraneSharesBosera MSCI China A 50 Connect Index ETF,Financial,Exchange Traded Fund,USA,,,30.87,0.42%,28159.0,0,0,0,0,0,0,0,0,1,1,0,0,0,0,0,0,0,0,0,0,0,0,0,0,0,0,0,0,2,0,2
BON,Karbon Capital Partners Corp,Financial,Shell Companies,USA,445750000.0,98.13,10.13,0.37%,8.0,0,0,0,-1,0,0,0,0,0,0,0,0,0,0,0,1,0,0,0,0,0,0,0,0,0,0,0,0,1,1,2
BWD,Invesco KBW High Dividend Yield Financial ETF,Financial,Exchange Traded Fund,USA,,,10.79,-0.83%,788795.0,0,0,0,0,0,0,0,0,0,0,0,0,-1,0,0,0,0,0,0,0,0,0,0,0,0,0,0,0,0,1,1
C,Kingsoft Cloud Holdings Ltd ADR,Technology,Software - Application,China,2780000000.0,,9.27,3.00%,761671.0,0,0,0,0,0,0,0,0,1,0,0,0,0,0,0,0,0,0,0,0,0,0,0,0,0,0,0,0,1,0,1
CA-U,Kensington Capital Acquisition Corp VI,Financial,Shell Companies,USA,236910000.0,,10.06,0.10%,536031.0,0,0,0,0,0,0,0,0,1,0,0,0,0,0,0,0,0,0,0,0,0,0,0,0,0,0,0,0,1,0,1
CCA,Kraneshares California Carbon Allowance Strategy ETF,Financial,Exchange Traded Fund,USA,,,16.88,0.90%,7781.0,0,1,0,0,0,0,0,0,0,0,1,0,0,0,0,0,0,0,0,0,0,0,0,0,0,0,0,0,2,0,2
CHV,Kochav Defense Acquisition Corp,Financial,Shell Companies,USA,359010000.0,40.03,10.48,0.10%,36062.0,0,0,0,0,0,0,0,0,0,0,0,0,0,0,0,0,0,1,0,0,0,0,0,0,0,0,0,0,1,0,1
COP,Kurv Copper & Mining Enhanced Income ETF,Financial,Exchange Traded Fund,USA,,,23.3,0.81%,8357.0,0,0,0,-1,0,0,0,0,0,0,0,0,0,0,0,1,0,0,0,0,0,0,0,0,0,0,0,0,1,1,2
CSH,KraneShares Sustainable Ultra Short Duration Index ETF,Financial,Exchange Traded Fund,USA,,,25.03,0.04%,334.0,0,1,0,0,0,0,0,0,0,0,0,0,0,0,0,0,0,0,0,0,0,0,0,0,0,0,0,0,1,0,1
DP,Keurig Dr Pepper Inc,Consumer Defensive,Beverages - Non-Alcoholic,USA,42040000000.0,31.31,30.89,1.71%,11692978.0,0,0,0,0,0,0,0,0,0,0,0,0,0,0,0,1,0,0,0,0,0,0,0,0,0,0,0,0,1,0,1
E,Kimball Electronics Inc,Industrials,Electrical Equipment & Parts,USA,677290000.0,25.0,28.23,-1.95%,183959.0,0,0,0,0,0,0,0,0,0,0,1,0,0,0,0,0,0,0,0,0,0,0,0,0,0,0,0,0,1,0,1
EEL,Keel Infrastructure Corp,Technology,Information Technology Services,USA,2130000000.0,,3.45,-4.70%,27533727.0,0,0,0,0,0,0,0,0,1,0,0,0,0,0,0,0,0,0,0,0,0,0,0,0,0,0,0,0,1,0,1
EMQ,KraneShares EM Internet & Tech,Financial,Exchange Traded Fund,USA,,,25.22,1.72%,837.0,0,0,0,-1,0,0,0,0,0,0,0,0,-1,-1,0,1,0,0,0,0,0,0,0,0,0,0,0,0,1,3,4
EQU,Kewaunee Scientific Corp,Consumer Cyclical,"Furnishings, Fixtures & Appliances",USA,97930000.0,12.23,33.82,-1.00%,7584.0,0,0,0,0,0,0,0,0,0,0,0,0,-1,-1,0,0,0,0,0,0,0,0,0,0,0,0,0,0,0,2,2
EX,Kirby Corp,Industrials,Marine Shipping,USA,7380000000.0,21.49,139.85,1.44%,626168.0,0,1,0,0,0,0,0,0,0,0,0,0,-1,0,0,0,0,0,0,0,0,0,0,0,0,0,0,0,1,1,2
EYS,Keysight Technologies Inc,Technology,Scientific & Technical Instruments,USA,65400000000.00001,52.92,384.17,-0.12%,850821.0,0,0,0,0,0,0,0,0,0,0,0,0,0,0,0,1,0,0,0,0,0,0,0,0,0,0,0,0,1,0,1
FII,K&F Growth Acquisition Corp II,Financial,Shell Companies,USA,419840000.0,39.73,10.69,0.14%,337859.0,0,0,0,0,0,1,0,0,0,0,0,0,0,0,0,0,0,0,0,0,0,0,0,0,0,0,0,0,1,0,1
GS,Kodiak Gas Services Inc,Energy,Oil & Gas Equipment & Services,USA,5420000000.0,63.91,53.56,-1.42%,1940661.0,0,0,0,0,0,0,0,0,1,0,0,0,0,0,0,0,0,0,0,0,0,0,0,0,0,0,0,0,1,0,1
IO,KKR Income Opportunities Fund,Financial,Closed-End Fund - Debt,USA,416820000.0,,10.17,-1.74%,255022.0,0,0,0,0,0,0,0,0,1,0,0,0,0,0,0,0,0,0,0,0,0,0,0,0,0,0,0,0,1,0,1
JAN,Innovator U.S. Small Cap Power Buffer ETF - January,Financial,Exchange Traded Fund,USA,,,45.91,0.28%,1770.0,0,0,0,-1,0,0,0,0,0,0,0,0,0,0,0,0,0,0,0,0,0,0,0,0,0,0,0,0,0,1,1
JD,KraneShares 2x Long JD Daily ETF,Financial,Exchange Traded Fund,USA,,,14.14,4.48%,601.0,0,0,0,0,0,0,0,0,0,0,0,0,-1,0,0,0,0,0,0,0,0,0,0,0,0,0,0,0,0,1,1
JUN,Innovator U.S. Small Cap Power Buffer ETF - June,Financial,Exchange Traded Fund,USA,,,29.25,0.36%,2318.0,0,0,0,0,0,0,0,0,1,0,0,0,0,0,0,0,0,0,0,0,0,0,0,0,0,0,0,0,1,0,1
LAC,KLA Corp,Technology,Semiconductor Equipment & Materials,USA,269940000000.0,56.4,206.85,-0.02%,7986579.0,0,1,0,0,0,0,0,0,0,0,0,0,0,0,0,0,0,0,0,0,0,0,0,0,0,0,0,0,1,0,1
LIP,KraneShares KWEB Covered Call Strategy ETF,Financial,Exchange Traded Fund,USA,,,21.79,1.35%,40026.0,0,0,0,0,0,0,0,0,1,0,0,0,0,0,0,0,0,0,0,0,0,0,0,0,0,0,0,0,1,0,1
LMN,Invesco MSCI North America Climate ETF,Financial,Exchange Traded Fund,USA,,,31.8,0.59%,26.0,0,0,0,0,0,0,0,0,0,0,1,0,0,0,0,0,0,0,0,0,0,0,0,0,-1,0,0,0,1,1,2
LMT,Invesco MSCI Global Climate 500 ETF,Financial,Exchange Traded Fund,USA,,,35.21,0.57%,766.0,0,0,0,0,0,0,0,0,0,0,1,0,0,0,0,0,0,0,0,0,0,0,0,0,-1,0,0,0,1,1,2
MAY,Innovator U.S. Small Cap Power Buffer ETF - May,Financial,Exchange Traded Fund,USA,,,29.94,0.45%,4465.0,0,0,0,0,0,0,0,0,1,0,0,0,0,0,0,0,0,0,0,0,0,0,0,0,0,0,0,0,1,0,1
MI,Kinder Morgan Inc,Energy,Oil & Gas Midstream,USA,69940000000.0,20.26,31.41,1.09%,9790817.0,0,1,0,0,0,1,0,0,1,1,0,0,0,0,0,0,0,0,0,0,0,0,0,0,0,0,0,0,4,0,4
MID,Virtus KAR Mid-Cap ETF,Financial,Exchange Traded Fund,USA,,,23.7,0.25%,428.0,0,0,0,0,0,0,0,0,0,0,0,0,-1,0,0,0,0,0,0,0,0,0,0,1,0,0,0,0,1,1,2
MPR,Kemper Corp,Financial,Insurance - Property & Casualty,USA,1520000000.0,,25.81,0.55%,836402.0,0,0,0,0,0,0,0,0,0,0,1,0,0,0,0,0,0,0,0,0,0,0,0,0,0,0,0,0,1,0,1
MTS,Kestra Medical Technologies Ltd,Healthcare,Medical Instruments & Supplies,USA,1690000000.0,,28.34,3.32%,293640.0,0,0,0,0,0,0,0,0,0,0,1,1,0,0,0,0,0,0,0,0,0,0,0,0,0,0,0,0,2,0,2
N,Knowles Corp,Technology,Electronic Components,USA,3370000000.0,50.83,39.4,-1.62%,851522.0,0,0,0,0,0,0,0,0,1,0,0,0,0,0,0,0,0,0,0,0,0,0,0,0,0,0,0,0,1,0,1
NDI,Kandi Technologies Group Inc,Consumer Cyclical,Recreational Vehicles,China,70830000.0,,0.71,-14.00%,738142.0,0,0,0,0,0,1,0,0,0,0,0,0,0,0,0,0,0,0,0,0,0,0,0,0,0,0,0,0,1,0,1
NF,Knife River Corp,Basic Materials,Building Materials,USA,2950000000.0,21.18,51.97,3.26%,1132113.0,0,0,0,0,0,0,0,0,0,0,1,0,0,0,0,0,0,0,0,0,0,0,0,0,0,0,0,0,1,0,1
NO,AXS Knowledge Leaders ETF,Financial,Exchange Traded Fund,USA,,,63.28,0.38%,37.0,0,0,0,0,0,0,0,0,0,0,1,0,0,0,0,0,0,0,0,0,0,0,-1,0,0,0,0,0,1,1,2
NOP,KNOT Offshore Partners LP,Energy,Oil & Gas Midstream,United Kingdom,359010000.0,23.8,10.39,-1.89%,41879.0,0,0,0,0,0,1,0,0,0,0,1,0,0,0,0,0,0,0,0,0,0,0,0,0,-1,0,0,0,2,1,3
NSA,Kiniksa Pharmaceuticals International Plc,Healthcare,Drug Manufacturers - Specialty & Generic,United Kingdom,5950000000.0,77.59,76.31,0.69%,391511.0,0,0,0,0,0,0,0,0,0,0,0,0,0,0,0,0,0,0,0,0,1,0,0,0,-1,0,0,0,1,1,2
NSL,Kinsale Capital Group Inc,Financial,Insurance - Property & Casualty,USA,7570000000.0,13.47,332.42,0.82%,235664.0,0,0,0,0,0,0,0,0,0,0,0,0,0,0,0,0,0,0,0,0,0,0,0,0,0,0,0,1,1,0,1
NTK,Kinetik Holdings Inc,Energy,Oil & Gas Midstream,USA,8620000000.0,19.22,53.08,1.05%,1083308.0,0,0,0,-1,0,0,0,0,0,0,0,0,0,0,0,0,0,0,0,0,0,0,0,0,0,0,0,0,0,1,1
NX,Knight-Swift Transportation Holdings Inc,Industrials,Trucking,USA,10620000000.0,248.16,65.24,-2.28%,3052061.0,0,0,0,0,0,0,0,0,1,0,0,0,0,0,0,0,0,0,0,0,0,0,0,0,0,0,0,0,1,0,1
O,Coca-Cola Co,Consumer Defensive,Beverages - Non-Alcoholic,USA,372210000000.0,26.06,86.51,1.00%,21284546.0,0,0,0,-1,0,0,0,0,0,0,0,0,0,0,0,0,0,0,0,0,0,0,0,0,0,0,0,0,0,1,1
OMP,State Street SPDR S&P Kensho New Economies Composite ETF,Financial,Exchange Traded Fund,USA,,,68.12,1.08%,109940.0,0,0,0,0,0,0,0,0,0,0,1,0,0,0,0,1,0,0,0,0,0,0,0,0,0,0,0,0,2,0,2
OOL,North Shore Equity Rotation ETF,Financial,Exchange Traded Fund,USA,,,14.83,1.22%,873.0,0,0,0,0,0,0,0,-1,0,0,0,0,0,0,0,0,0,0,0,0,0,0,0,0,0,0,0,0,0,1,1
ORP,American Century Diversified Corporate Bond ETF,Financial,Exchange Traded Fund,USA,,,44.39,0.09%,96418.0,0,0,0,0,0,0,0,0,1,0,0,0,0,0,0,0,0,0,0,0,0,0,0,0,0,0,0,0,1,0,1
OS,Kosmos Energy Ltd,Energy,Oil & Gas E&P,USA,1500000000.0,,2.52,0.40%,16826154.0,0,1,0,0,0,0,0,0,0,0,0,0,-1,0,0,0,0,0,0,0,0,0,0,0,0,0,0,0,1,1,2
OYN,CSLM Digital Asset Acquisition Corp III Ltd,Financial,Shell Companies,USA,323780000.0,67.54,10.26,0.00%,978.0,0,0,0,-1,0,0,0,0,0,0,0,0,0,0,0,0,0,1,0,0,0,0,0,0,0,0,0,0,1,1,2
PRX,Kiora Pharmaceuticals Inc,Healthcare,Biotechnology,USA,11200000.0,,2.53,-1.17%,8568.0,0,0,0,0,0,0,0,0,0,0,0,0,0,0,0,1,0,0,0,0,0,0,0,0,0,0,0,0,1,0,1
QQQ,Kurv Technology Titans Select ETF,Financial,Exchange Traded Fund,USA,,,29.88,0.50%,32606.0,0,0,0,0,0,0,0,0,0,0,0,0,0,0,0,1,0,0,0,0,0,0,0,0,0,0,0,0,1,0,1
RAQ,KRAKacquisition Corp,Financial,Shell Companies,USA,431680000.0,,10.01,0.00%,231558.0,0,0,0,0,0,0,0,0,0,0,1,0,0,0,0,0,0,1,0,0,0,0,-1,0,0,0,0,0,2,1,3
RKR,36Kr Holdings Inc ADR,Communication Services,Advertising Agencies,China,5540000.0,1.48,3.11,-0.64%,151.0,0,0,0,0,0,0,0,0,1,0,0,0,0,0,0,0,0,0,0,0,0,0,0,0,0,0,0,0,1,0,1
RMD,KORU Medical Systems Inc,Healthcare,Medical Instruments & Supplies,USA,138980000.0,,3.01,1.69%,206403.0,0,0,0,0,0,0,0,0,1,0,0,0,0,0,0,0,0,0,0,0,0,0,0,0,0,0,0,0,1,0,1
RNT,Kornit Digital Ltd,Industrials,Specialty Industrial Machinery,Israel,783280000.0,,18.23,4.23%,330841.0,0,0,0,0,0,1,0,0,0,0,0,0,0,0,0,0,0,1,0,0,0,0,0,0,0,0,0,0,2,0,2
RNY,Kearny Financial Corp,Financial,Banks - Regional,USA,601890000.0,16.14,9.27,-0.54%,495138.0,0,0,0,0,0,0,0,-1,0,0,0,0,0,0,0,0,0,0,0,0,0,0,0,0,0,0,0,0,0,1,1
ROS,Keros Therapeutics Inc,Healthcare,Biotechnology,USA,228410000.0,,11.52,1.41%,132408.0,0,0,0,0,0,1,0,0,0,0,0,0,0,0,0,0,0,0,0,-1,0,0,0,0,0,0,0,0,1,1,2
RP,Kimbell Royalty Partners LP,Energy,Oil & Gas E&P,USA,1900000000.0,20.82,14.79,1.44%,762301.0,0,1,0,0,0,1,0,0,0,0,0,0,0,0,0,0,0,0,0,0,1,0,0,0,-1,0,0,0,3,1,4
RSP,Rice Acquisition Corp 3,Financial,Shell Companies,USA,485320000.0,59.6,10.55,-0.50%,69528.0,0,0,0,0,0,0,0,0,0,0,1,1,0,0,0,0,0,0,0,0,0,0,0,0,-1,0,0,0,2,1,3
RYS,Krystal Biotech Inc,Healthcare,Biotechnology,USA,9910000000.0,41.96,334.85,3.90%,337046.0,0,0,0,0,0,0,0,0,0,0,0,0,0,0,0,1,0,0,0,0,0,0,0,0,0,0,0,0,1,0,1
SA,iShares MSCI Saudi Arabia ETF,Financial,Exchange Traded Fund,USA,,,36.52,0.83%,598419.0,0,0,0,0,0,0,0,0,0,0,0,0,-1,0,0,0,0,0,0,0,0,0,0,0,0,0,0,0,0,1,1
SLV,Kurv Silver Enhanced Income ETF,Financial,Exchange Traded Fund,USA,,,23.9,0.76%,93408.0,0,0,0,0,0,0,0,0,1,0,0,0,0,0,0,0,0,0,0,0,0,0,0,0,0,0,0,0,1,0,1
SPY,KraneShares Hedgeye Hedged Equity Index ETF,Financial,Exchange Traded Fund,USA,,,30.27,0.25%,15362.0,0,0,0,-1,0,0,0,0,0,0,0,0,0,0,0,0,0,0,0,0,0,0,0,0,0,0,0,0,0,1,1
STR,KraneShares China Technology & Semiconductor STAR 50 Index ETF,Financial,Exchange Traded Fund,USA,,,22.33,1.18%,481510.0,0,0,0,0,0,0,0,0,1,0,0,0,0,0,0,0,0,0,0,0,0,0,0,0,0,0,0,0,1,0,1
TEC,KraneShares Hang Seng TECH Index ETF,Financial,Exchange Traded Fund,USA,,,11.79,2.79%,34595.0,0,0,0,0,0,0,0,0,0,0,0,0,-1,0,0,0,0,0,0,0,0,0,0,0,0,0,0,0,0,1,1
TTA,Pasithea Therapeutics Corp,Healthcare,Biotechnology,USA,15200000.0,,0.45,-4.43%,84578.0,0,0,0,0,0,0,0,0,1,0,0,0,0,0,0,0,0,0,0,0,0,0,0,0,0,0,0,0,1,0,1
URA,Kura Oncology Inc,Healthcare,Biotechnology,USA,944760000.0,,10.62,-0.28%,1294990.0,0,0,0,-1,0,1,0,0,0,0,0,0,0,0,0,0,0,0,0,0,0,0,0,0,0,0,0,0,1,1,2
URE,KraneShares MSCI All China Health Care Index ETF,Financial,Exchange Traded Fund,USA,,,19.29,0.78%,6021.0,0,0,0,0,0,0,0,0,0,0,1,0,0,0,0,0,0,0,0,0,0,0,0,0,0,0,0,0,1,0,1
YMR,Kymera Therapeutics Inc,Healthcare,Biotechnology,USA,9130000000.0,,109.85,2.29%,729725.0,0,0,0,-1,0,0,0,0,0,0,0,0,0,0,0,0,0,0,0,0,0,0,0,0,0,0,0,0,0,1,1
YN,Kayne Anderson Energy Infrastructure Fund Inc,Financial,Closed-End Fund - Equity,USA,2380000000.0,,14.06,1.08%,384314.0,0,0,0,0,0,0,0,0,0,0,0,0,0,0,0,0,0,1,0,0,0,0,0,0,0,0,0,0,1,0,1
YTX,Kyverna Therapeutics Inc,Healthcare,Biotechnology,USA,390850000.0,,6.32,1.61%,813484.0,0,0,0,0,0,0,0,0,1,0,0,0,-1,0,0,0,0,0,0,0,0,0,0,0,0,0,0,0,1,1,2
ADR,Ladder Capital Corp,Real Estate,REIT - Mortgage,USA,1080000000.0,20.52,8.52,-1.16%,1490376.0,0,0,0,-1,0,0,0,0,1,1,0,0,0,0,0,0,0,0,0,0,0,0,0,0,0,0,0,0,2,1,3
ALT,First Trust Multi-Strategy Alternative ETF,Financial,Exchange Traded Fund,USA,,,24.72,0.04%,197104.0,0,0,0,0,0,0,0,0,0,0,0,0,-1,-1,0,0,0,0,0,0,0,0,0,0,0,0,0,0,0,2,2
AR,Lithium Argentina AG,Basic Materials,Other Industrial Metals & Mining,Switzerland,903840000.0,,5.6,2.00%,1081017.0,0,0,0,0,0,0,0,0,1,0,0,0,0,0,0,0,0,0,0,0,0,0,0,0,0,0,0,0,1,0,1
AUR,Laureate Education Inc,Consumer Defensive,Education & Training Services,USA,5300000000.0,17.29,38.51,-0.28%,1992823.0,0,0,0,0,0,0,0,0,0,0,0,0,-1,0,0,0,0,0,0,0,0,0,0,0,0,0,0,0,0,1,1
AZ,Lazard Inc,Financial,Capital Markets,USA,3440000000.0,17.29,35.28,-2.19%,1290435.0,0,0,0,0,0,0,0,0,0,0,0,0,0,0,0,1,0,0,0,0,0,0,0,0,0,0,0,0,1,0,1
CCC,Lakeshore Acquisition III Corp,Financial,Shell Companies,USA,40560000.0,48.8,10.55,0.00%,0.0,0,0,0,0,0,0,0,0,0,0,0,0,0,0,0,0,0,1,0,0,0,0,0,0,0,0,0,0,1,0,1
CDS,JPMorgan Fundamental Data Science Large Core ETF,Financial,Exchange Traded Fund,USA,,,74.4,0.65%,712.0,0,0,0,-1,0,0,0,0,0,0,0,0,0,0,0,0,0,0,0,0,0,0,0,0,0,0,0,0,0,1,1
CO,LOGIQ Contrarian Opportunities ETF,Financial,Exchange Traded Fund,USA,,,28.07,0.52%,17.0,0,0,0,0,0,0,0,0,0,0,0,0,0,0,0,0,0,0,0,0,0,0,0,0,-1,0,0,0,0,1,1
CTO,Kurv U.S. Large Cap TaxOptimized ETF,Financial,Exchange Traded Fund,USA,,,24.9,0.80%,217.0,0,0,0,0,0,0,0,0,0,0,0,0,-1,0,0,0,0,0,0,0,0,0,0,0,0,0,0,0,0,1,1
CTX,Lineage Cell Therapeutics Inc,Healthcare,Biotechnology,USA,234550000.0,,0.93,-0.31%,1386604.0,0,0,0,0,0,0,0,0,1,0,0,0,0,0,0,0,0,0,0,0,0,0,0,0,0,0,0,0,1,0,1
DDR,LifeX 2035 Income Bucket ETF,Financial,Exchange Traded Fund,USA,,,73.95,-0.10%,1550.0,0,0,0,0,0,0,0,0,0,0,0,0,0,0,0,0,0,0,0,-1,0,0,0,0,0,0,0,0,0,1,1
DEM,iShares ESG MSCI EM Leaders ETF,Financial,Exchange Traded Fund,USA,,,61.65,1.59%,136.0,0,0,0,0,0,0,0,0,0,0,0,0,0,0,0,1,0,0,0,0,0,0,0,0,0,0,0,0,1,0,1
DRT,iShares iBonds 1-5 Year Treasury Ladder ETF,Financial,Exchange Traded Fund,USA,,,24.55,0.10%,129111.0,0,0,0,0,0,1,0,0,0,0,0,0,0,0,0,0,0,0,0,-1,0,0,0,0,0,0,0,0,1,1,2
DSF,First Trust Low Duration Strategic Focus ETF,Financial,Exchange Traded Fund,USA,,,18.42,0.03%,18929.0,0,0,0,0,0,0,0,0,1,0,0,0,0,0,0,0,0,0,0,0,0,0,0,0,0,0,0,0,1,0,1
EA,Lear Corp,Consumer Cyclical,Auto Parts,USA,5980000000.0,11.31,121.33,0.40%,588807.0,0,0,0,0,0,0,0,0,1,0,0,0,0,0,0,0,0,0,0,0,0,0,0,0,0,0,0,0,1,0,1
EE,Lee Enterprises Inc,Communication Services,Publishing,USA,157610000.0,,7.07,5.37%,25943.0,0,0,0,0,0,0,0,0,1,0,0,0,0,0,0,0,0,0,0,0,0,0,0,0,0,0,-1,0,1,1,2
EGR,First Trust Indxx Innovative Transaction & Process ETF,Financial,Exchange Traded Fund,USA,,,65.31,0.57%,3737.0,0,0,0,0,0,0,0,0,0,0,0,0,0,0,0,0,0,0,0,0,0,0,-1,0,0,0,0,0,0,1,1
EN,Lennar Corp,Consumer Cyclical,Residential Construction,USA,17900000000.0,14.08,74.44,-6.73%,10671671.0,0,0,0,0,0,1,0,0,0,0,0,0,0,0,0,0,0,0,0,-1,0,0,0,0,0,0,0,0,1,1,2
EU,Centrus Energy Corp,Energy,Uranium,USA,2890000000.0,64.53,141.44,1.56%,613991.0,0,0,0,0,0,0,0,0,1,0,0,0,0,0,0,0,0,0,0,0,0,0,0,0,0,0,0,0,1,0,1
EUX,Tradr 2X Long LEU Daily ETF,Financial,Exchange Traded Fund,USA,,,7.45,3.33%,96526.0,0,0,0,0,0,0,0,0,1,0,0,0,0,0,0,0,0,0,0,0,0,0,0,0,0,0,0,0,1,0,1
FDR,LifeX Durable Income ETF,Financial,Exchange Traded Fund,USA,,,167.09,-0.42%,12.0,0,0,0,0,0,0,0,0,1,0,0,0,0,0,0,0,0,0,0,0,0,0,0,0,0,0,0,0,1,0,1
FEQ,VanEck Long/Flat Trend ETF,Financial,Exchange Traded Fund,USA,,,61.7,0.62%,363.0,0,0,0,0,0,0,0,0,0,0,1,0,0,0,0,0,0,0,0,0,0,0,0,0,-1,0,0,0,1,1,2
FUS,Littelfuse Inc,Technology,Electronic Components,USA,11470000000.0,,451.42,-1.12%,222828.0,0,0,0,0,0,0,0,0,0,0,0,0,-1,0,0,0,0,0,0,0,0,0,0,0,0,0,0,0,0,1,1
GCL,Lucas GC Ltd,Technology,Software - Application,China,3160000.0,0.0,2.43,-3.57%,33029.0,0,0,0,0,0,0,0,0,0,0,1,0,0,0,0,0,0,0,0,0,0,0,0,0,0,0,0,0,1,0,1
GH,HCM Defender 500 Index ETF,Financial,Exchange Traded Fund,USA,,,67.1,0.88%,11941.0,0,0,0,0,0,0,0,-1,0,0,0,0,0,0,0,0,0,0,0,0,0,0,0,0,0,0,0,0,0,1,1
GHT,Langar Global HealthTech ETF,Financial,Exchange Traded Fund,USA,,,10.55,2.51%,1745.0,0,0,0,0,0,0,0,0,0,0,0,0,0,0,0,0,0,0,0,0,0,0,0,1,0,0,0,0,1,0,1
GL,LGL Group Inc,Technology,Scientific & Technical Instruments,USA,87030000.0,,6.9,-4.56%,13010.0,0,1,0,-1,0,0,0,0,0,0,0,0,-1,0,0,0,0,0,0,0,0,0,0,0,0,0,0,0,1,2,3
GLV,State Street SPDR US Large Cap Low Volatility Index ETF,Financial,Exchange Traded Fund,USA,,,175.71,0.48%,16207.0,0,1,0,0,0,0,0,0,0,0,0,0,0,0,0,0,0,0,0,0,0,0,0,0,0,0,0,0,1,0,1
GND,Ligand Pharmaceuticals Inc,Healthcare,Biotechnology,USA,6120000000.0,32.8,306.77,1.26%,163820.0,0,0,0,0,0,0,0,0,1,0,0,0,0,0,0,0,0,0,0,0,0,0,0,0,0,0,0,0,1,0,1
GOV,First Trust Long Duration Opportunities ETF,Financial,Exchange Traded Fund,USA,,,19.55,-0.41%,501235.0,0,1,0,0,0,0,0,0,0,0,0,0,0,0,0,0,0,0,0,-1,0,0,0,0,0,0,0,0,1,1,2
GPS,LogProstyle Inc,Industrials,Conglomerates,Japan,16410000.0,3.25,0.69,-7.33%,42874.0,0,0,0,0,0,0,0,0,0,0,0,0,0,0,0,0,0,0,0,0,0,0,0,0,0,1,0,0,1,0,1
IAE,LifeX 2050 Inflation-Protected Longevity Income ETF,Financial,Exchange Traded Fund,USA,,,191.67,-0.33%,13.0,0,0,0,0,0,1,0,0,0,0,0,0,0,0,0,0,0,0,0,0,0,0,0,0,0,0,0,0,1,0,1
IAM,LifeX 2055 Inflation-Protected Longevity Income ETF,Financial,Exchange Traded Fund,USA,,,215.71,-0.39%,23.0,0,0,0,0,0,1,0,0,0,0,0,0,0,0,0,0,0,0,0,-1,0,0,0,0,0,0,0,0,1,1,2
IAU,LifeX 2060 Inflation-Protected Longevity Income ETF,Financial,Exchange Traded Fund,USA,,,237.32,-0.47%,9.0,0,0,0,0,0,1,0,0,0,0,0,0,0,0,0,0,0,0,0,-1,0,0,0,0,0,0,0,0,1,1,2
IBD,LifeX 2065 Inflation-Protected Longevity Income ETF,Financial,Exchange Traded Fund,USA,,,250.96,-0.55%,3112.0,0,0,0,0,0,1,0,0,1,1,0,0,0,0,0,0,0,0,0,0,0,0,0,0,0,0,0,0,3,0,3
ILA,Liberty Latin America Ltd,Communication Services,Telecom Services,USA,1720000000.0,,8.81,3.28%,287369.0,0,0,0,0,0,0,0,0,0,0,1,0,0,0,0,0,0,0,0,0,0,0,0,0,0,0,0,0,1,0,1
IND,Lindblad Expeditions Holdings Inc,Consumer Cyclical,Travel Services,USA,2340000000.0,,35.6,2.36%,858666.0,0,0,0,0,0,0,0,0,0,0,0,0,-1,0,0,0,0,0,0,0,0,0,0,0,0,0,0,0,0,1,1
INK,Interlink Electronics,Technology,Electronic Components,USA,94200000.0,,5.98,0.50%,37186.0,0,0,0,0,0,0,0,0,0,0,1,0,0,0,0,0,0,0,0,0,0,0,0,0,-1,0,0,0,1,1,2
IQT,LiqTech International Inc,Industrials,Pollution & Treatment Controls,Denmark,14510000.0,,0.44,-15.62%,358811.0,0,0,0,0,0,0,0,0,1,0,0,0,0,0,0,0,0,0,0,0,0,0,0,0,0,0,0,0,1,0,1
IT,Global X Lithium & Battery Tech ETF,Financial,Exchange Traded Fund,USA,,,70.13,1.23%,109135.0,0,1,0,0,0,0,0,0,0,0,0,0,-1,0,0,0,0,0,0,0,0,0,0,0,0,0,0,0,1,1,2
ITB,LightInTheBox Holding Co Ltd ADR,Consumer Cyclical,Internet Retail,Singapore,52820000.0,5.95,2.92,3.91%,5317.0,0,0,0,0,0,0,0,0,0,0,0,0,-1,0,0,0,0,0,0,0,0,0,0,0,0,0,0,0,0,1,1
ITC,Corgi LITE 2x Daily ETF,Financial,Exchange Traded Fund,USA,,,37.97,1.62%,1125.0,0,0,0,0,0,0,0,0,0,0,1,0,0,0,0,0,0,0,0,0,0,0,0,0,0,0,0,0,1,0,1
ITE,Lumentum Holdings Inc,Technology,Communication Equipment,USA,97920000000.0,,1091.67,0.58%,3010122.0,0,0,0,0,0,0,0,0,0,0,0,0,-1,0,0,0,0,0,0,0,0,0,0,0,0,0,0,0,0,1,1
ITG,Leverage Shares 2X Long LITE Daily ETF,Financial,Exchange Traded Fund,USA,,,23.73,1.80%,9131.0,0,0,0,0,0,0,0,0,0,0,1,0,0,0,0,0,0,0,0,0,0,0,0,0,0,0,0,0,1,0,1
ITL,Simplify Piper Sandler US Small-Cap PLUS Income ETF,Financial,Exchange Traded Fund,USA,,,33.7,0.68%,93.0,0,0,0,0,0,0,0,0,1,0,0,0,0,0,0,0,0,0,0,0,0,0,0,0,0,0,0,0,1,0,1
ITP,Sprott Lithium Miners ETF,Financial,Exchange Traded Fund,USA,,,9.03,0.80%,17249.0,0,0,0,0,0,0,0,0,1,0,0,0,0,0,0,0,0,0,0,0,0,0,0,0,0,0,0,0,1,0,1
ITU,T-REX 2X Long LITE Daily Target ETF,Financial,Exchange Traded Fund,USA,,,26.6,1.67%,51322.0,0,0,0,0,0,0,0,0,0,0,1,0,0,0,0,0,0,0,0,0,0,0,0,0,0,0,0,0,1,0,1
ITX,Tradr 2X Long LITE Daily ETF,Financial,Exchange Traded Fund,USA,,,42.65,1.55%,1608858.0,0,0,0,0,0,0,0,0,1,0,0,0,0,0,0,0,0,0,0,0,0,0,0,0,0,0,0,0,1,0,1
JAN,Innovator Premium Income 15 Buffer ETF - January,Financial,Exchange Traded Fund,USA,,,24.71,0.02%,2325.0,0,1,0,0,0,0,0,0,0,0,1,1,0,0,0,0,0,0,0,0,0,0,0,0,0,0,0,0,3,0,3
KFN,Lakeland Financial Corp,Financial,Banks - Regional,USA,1450000000.0,13.41,58.31,-1.29%,189477.0,0,0,0,0,0,0,0,0,0,0,1,0,0,0,0,0,0,0,0,0,0,0,0,0,0,0,0,0,1,0,1
KOR,Northern Trust Credit-Scored US Long Corporate Bond ETF,Financial,Exchange Traded Fund,USA,,,37.89,-0.31%,931.0,0,0,0,0,0,0,0,0,1,0,0,0,0,0,0,0,0,0,0,0,0,0,0,0,0,0,0,0,1,0,1
KQ,LKQ Corp,Consumer Cyclical,Auto Parts,USA,5670000000.0,12.34,22.4,-1.75%,2664051.0,0,0,0,0,0,0,0,0,1,0,0,0,0,0,0,0,0,0,0,0,0,0,0,0,0,0,0,0,1,0,1
LDR,Global X Long-Term Treasury Ladder ETF,Financial,Exchange Traded Fund,USA,,,40.57,-0.31%,766.0,0,0,0,0,0,0,0,0,1,0,0,0,0,0,0,0,0,0,0,0,0,0,0,0,0,0,0,0,1,0,1
LYVA,Liberty Live Holdings Inc,Communication Services,Entertainment,USA,9010000000.0,,96.17,0.47%,107697.0,0,0,0,-1,0,0,0,0,0,0,0,0,0,0,0,0,0,0,0,0,0,0,0,0,0,0,0,0,0,1,1
LYVK,Liberty Live Holdings Inc,Communication Services,Entertainment,USA,9060000000.0,,98.87,1.02%,423908.0,0,0,0,0,0,0,0,0,0,0,0,0,0,0,0,0,0,0,0,0,0,0,-1,0,0,0,0,0,0,1,1
LYX,Defiance Daily Target 2X Long LLY ETF,Financial,Exchange Traded Fund,USA,,,23.82,-0.15%,172120.0,0,0,0,0,0,0,0,0,0,0,0,0,-1,0,0,0,0,0,0,0,0,0,0,0,0,0,0,0,0,1,1
MND,Lemonade Inc,Financial,Insurance - Property & Casualty,USA,3610000000.0,,46.67,0.39%,882740.0,0,0,0,0,0,0,0,0,1,0,0,0,0,0,0,0,0,0,0,0,0,0,0,0,0,0,0,0,1,0,1
ND,Brasilagro Companhia Brasileira De Propriedade Agricola ADR,Consumer Defensive,Farm Products,Brazil,368560000.0,,3.7,5.41%,181458.0,0,0,0,0,0,0,0,0,1,1,0,0,0,0,0,0,0,0,0,0,0,0,0,0,0,0,0,0,2,0,2
NG,Cheniere Energy Inc,Energy,Oil & Gas Midstream,USA,56780000000.0,20.46,274.93,1.84%,1683779.0,0,0,0,0,0,0,0,0,0,0,1,0,0,0,0,0,0,0,0,0,0,0,-1,0,0,0,0,0,1,1,2
NGX,Global X U.S. Natural Gas ETF,Financial,Exchange Traded Fund,USA,,,43.1,1.45%,4408.0,0,0,0,0,0,0,0,0,0,0,1,0,0,0,0,0,0,0,0,0,0,0,0,0,0,0,0,0,1,0,1
NN,Lindsay Corp,Industrials,Farm & Heavy Construction Machinery,USA,1160000000.0,21.95,114.39,0.03%,114728.0,0,0,0,0,0,0,0,0,0,0,0,0,0,0,0,1,0,0,0,0,0,0,0,0,0,0,0,0,1,0,1
NSR,LENSAR Inc,Healthcare,Medical Devices,USA,81950000.0,,6.67,-1.19%,51531.0,0,0,0,0,0,0,0,0,0,0,0,0,0,0,0,0,0,0,0,0,0,0,0,1,0,0,0,0,1,0,1
OCL,Local Bounti Corp,Consumer Defensive,Farm Products,USA,25250000.0,,1.08,-1.37%,5139.0,0,0,0,0,0,0,0,0,0,0,0,0,-1,0,0,0,0,0,0,0,0,0,0,0,0,0,0,0,0,1,1
OCT,Innovator Premium Income 15 Buffer ETF - October,Financial,Exchange Traded Fund,USA,,,23.86,0.04%,4270.0,0,0,0,0,0,0,0,0,0,0,1,0,0,0,0,0,0,0,0,0,1,0,0,0,0,0,0,0,2,0,2
ODI,AAM SLC Low Duration Income ETF,Financial,Exchange Traded Fund,USA,,,24.87,-0.12%,14973.0,0,0,0,-1,0,0,0,0,0,0,0,0,0,0,0,0,0,0,0,0,0,0,0,0,0,0,0,0,0,1,1
OGI,Logitech International SA,Technology,Computer Hardware,Switzerland,14560000000.0,18.63,101.38,-2.82%,417525.0,0,0,0,0,0,1,0,0,0,0,0,0,0,0,0,0,0,0,0,0,0,0,0,0,0,0,0,0,1,0,1
OGO,Alpha Brands Consumption Leaders ETF,Financial,Exchange Traded Fund,USA,,,20.41,0.99%,219.0,0,0,0,0,0,0,0,0,0,0,0,0,-1,0,0,0,0,0,0,0,0,0,0,0,0,0,0,0,0,1,1
ONZ,PIMCO Senior Loan Active ExchangeTraded Fund,Financial,Exchange Traded Fund,USA,,,48.89,-0.12%,40556.0,0,0,0,0,0,0,0,0,0,0,0,0,0,0,0,1,0,0,0,0,0,0,0,0,0,0,0,0,1,0,1
OPE,Grand Canyon Education Inc,Consumer Defensive,Education & Training Services,USA,4040000000.0,18.72,154.93,-0.55%,347620.0,0,0,0,0,0,0,0,0,0,0,0,0,0,0,0,1,0,0,0,0,0,0,0,0,0,0,0,0,1,0,1
OPP,Gabelli Love Our Planet & People ETF,Financial,Exchange Traded Fund,USA,,,35.79,0.12%,61.0,0,0,0,0,0,0,0,0,0,0,0,0,-1,0,0,0,0,0,0,0,0,0,0,0,0,0,0,0,0,1,1
OTI,Liberty One Tactical Income ETF,Financial,Exchange Traded Fund,USA,,,25.27,0.22%,1329.0,0,0,0,0,0,0,0,0,0,0,1,0,0,0,0,0,0,0,0,0,0,0,0,0,0,0,0,0,1,0,1
OUP,Innovator Deepwater Frontier Tech ETF,Financial,Exchange Traded Fund,USA,,,92.12,1.10%,3926.0,0,0,0,0,0,0,0,0,0,0,0,0,0,0,0,1,0,0,0,0,0,0,0,0,0,0,0,0,1,0,1
OVE,Lovesac Company,Consumer Cyclical,"Furnishings, Fixtures & Appliances",USA,213900000.0,12.18,14.83,0.88%,214050.0,0,0,0,0,0,0,0,0,1,0,0,0,0,0,0,0,0,0,0,0,0,0,0,0,0,0,0,0,1,0,1
OW,Lowe's Cos. Inc,Consumer Cyclical,Home Improvement Retail,USA,100710000000.0,15.18,179.5,-0.72%,2775578.0,0,1,0,0,0,0,0,0,1,0,0,0,0,0,0,0,0,0,0,0,0,0,0,0,0,0,0,0,2,0,2
PA,Logistic Properties of the Americas,Real Estate,Real Estate - Development,USA,98900000.0,5.76,3.12,4.35%,199017.0,0,0,0,0,0,0,0,0,0,0,0,0,0,0,0,0,0,0,0,0,0,0,0,0,0,0,-1,0,0,1,1
PTH,Lightpath Technologies Inc,Technology,Electronic Components,USA,757090000.0,,10.81,-2.08%,2252747.0,0,1,0,0,0,0,0,0,0,0,0,0,-1,0,0,0,0,0,0,0,0,0,0,0,0,0,0,0,1,1,2
PX,Louisiana-Pacific Corp,Industrials,Building Products & Equipment,USA,4570000000.0,84.64,65.29,0.29%,1538650.0,0,0,0,0,0,0,0,0,0,0,0,0,-1,-1,0,0,0,0,0,0,0,0,0,0,0,0,0,0,0,2,2
Q,Simplify Tax Aware Alternatives ETF,Financial,Exchange Traded Fund,USA,,,23.76,0.06%,31.0,0,0,0,0,0,0,0,0,0,0,0,0,-1,0,0,0,0,0,0,0,0,0,0,0,0,1,0,0,1,1,2
QDH,iShares Interest Rate Hedged Corporate Bond ETF,Financial,Exchange Traded Fund,USA,,,92.41,0.27%,25217.0,0,0,0,0,0,0,0,0,1,0,0,0,0,0,0,1,0,0,0,0,0,0,0,0,0,0,0,0,2,0,2
QDT,Liquidity Services Inc,Consumer Cyclical,Internet Retail,USA,1350000000.0,42.25,43.22,-0.02%,292297.0,0,0,0,-1,0,0,0,-1,0,0,1,0,0,0,0,0,0,0,0,0,0,0,0,0,-1,0,0,0,1,3,4
QDW,iShares Investment Grade Corporate Bond BuyWrite Strategy ETF,Financial,Exchange Traded Fund,USA,,,22.36,0.05%,54579.0,0,0,0,0,0,0,0,0,1,0,0,0,0,0,0,0,0,0,0,0,0,0,0,0,0,0,0,0,1,0,1
RCX,Lam Research Corp,Technology,Semiconductor Equipment & Materials,USA,432740000000.0,59.99,345.8,-0.49%,6122799.0,0,0,0,0,0,1,0,0,0,0,0,0,0,0,0,0,0,0,0,0,0,0,0,0,0,0,0,0,1,0,1
RE,Lead Real Estate Co Ltd ADR,Real Estate,Real Estate - Development,Japan,14870000.0,4.28,1.09,-0.91%,3383.0,0,0,0,0,0,0,0,0,1,0,0,0,0,0,0,0,0,0,0,0,0,0,0,0,0,0,0,0,1,0,1
RGF,iShares U.S. Equity Factor ETF,Financial,Exchange Traded Fund,USA,,,79.26,0.88%,148110.0,0,0,0,0,0,0,0,0,0,0,1,0,0,0,0,0,0,0,0,0,0,0,0,0,0,0,0,0,1,0,1
RMR,Larimar Therapeutics Inc,Healthcare,Biotechnology,USA,297100000.0,,2.86,-3.38%,886144.0,0,0,0,0,0,0,0,0,0,0,0,0,-1,0,0,0,0,0,0,0,0,0,0,0,0,0,0,0,0,1,1
RN,Stride Inc,Consumer Defensive,Education & Training Services,USA,3280000000.0,10.95,78.88,-0.01%,869097.0,0,0,0,0,0,0,0,0,1,0,0,0,0,0,0,0,0,0,0,0,0,0,0,0,0,0,0,0,1,0,1
RND,NYLIM U.S. Large Cap R&D Leaders ETF,Financial,Exchange Traded Fund,USA,,,48.74,0.85%,695.0,0,0,0,0,0,0,0,-1,0,0,0,0,0,0,0,0,0,0,0,0,0,0,0,0,0,0,0,0,0,1,1
RNZ,"TrueShares Technology, AI & Deep Learning ETF",Financial,Exchange Traded Fund,USA,,,71.27,1.47%,24709.0,0,0,0,0,0,0,0,-1,0,0,0,0,0,0,0,0,0,0,0,0,0,0,0,0,0,0,0,0,0,1,1
SAF,LeaderShares AlphaFactor US Core Equity ETF,Financial,Exchange Traded Fund,USA,,,54.14,0.70%,15933.0,0,0,0,0,0,0,0,0,0,0,0,0,0,0,0,0,0,0,0,0,0,0,-1,0,0,0,0,0,0,1,1
SAT,LeaderShares AlphaFactor Tactical Focused ETF,Financial,Exchange Traded Fund,USA,,,44.8,0.70%,4990.0,0,0,0,-1,0,0,0,0,0,0,0,0,0,0,0,0,0,0,0,0,0,0,0,0,0,0,0,0,0,1,1
SCC,Lattice Semiconductor Corp,Technology,Semiconductors,USA,18870000000.0,513.13,132.85,-0.86%,2260555.0,0,0,0,0,0,0,0,0,1,0,0,0,0,0,0,0,0,0,0,0,0,0,0,0,0,0,0,0,1,0,1
SE,Leishen Energy Holding Co Ltd,Energy,Oil & Gas Equipment & Services,China,76440000.0,4490.0,4.49,-0.22%,2049.0,0,0,0,0,0,0,0,0,0,0,1,0,0,0,0,0,0,0,0,0,0,0,0,0,0,0,0,0,1,0,1
SEQ,Harbor Long-Short Equity ETF,Financial,Exchange Traded Fund,USA,,,34.16,1.14%,11510.0,0,1,0,-1,0,0,0,0,0,0,0,0,0,0,0,0,0,0,0,0,0,0,0,0,0,0,0,0,1,1,2
SGR,Natixis Loomis Sayles Focused Growth ETF,Financial,Exchange Traded Fund,USA,,,45.86,1.21%,27837.0,0,0,0,0,0,0,0,0,0,0,1,1,0,0,0,0,0,0,0,0,0,0,0,0,0,0,0,0,2,0,2
SPD,Lightspeed Commerce Inc,Technology,Software - Application,Canada,1360000000.0,,10.21,3.97%,2568472.0,0,0,0,-1,0,0,0,0,0,0,0,0,0,0,0,0,0,0,0,0,0,0,0,0,0,0,0,0,0,1,1
TBR,Lightbridge Corp,Industrials,Electrical Equipment & Parts,USA,238240000.0,,6.36,-0.47%,563419.0,0,0,0,0,0,0,0,0,1,0,0,0,0,0,0,0,0,0,0,0,0,0,0,0,0,0,0,0,1,0,1
TGR,Long Table Growth Corp,Financial,Shell Companies,USA,229080000.0,,9.96,0.00%,54333.0,0,0,0,0,0,0,0,0,0,0,0,0,0,0,0,0,0,0,0,0,0,0,-1,0,0,0,0,0,0,1,1
TL,ProShares Ultra Communication Services,Financial,Exchange Traded Fund,USA,,,23.95,1.76%,32177.0,0,0,0,0,0,0,0,0,1,1,0,0,0,0,0,0,0,0,0,0,0,0,0,0,0,0,0,0,2,0,2
TM,LATAM Airlines Group SA ADR,Industrials,Airlines,Chile,14580000000.0,9.54,50.79,5.99%,1646034.0,0,1,0,0,0,0,0,0,0,0,0,0,0,0,0,1,0,0,0,0,0,0,0,0,0,0,0,0,2,0,2
TRX,Lantronix Inc,Technology,Communication Equipment,USA,334250000.0,,7.13,-0.83%,615907.0,0,0,0,0,0,0,0,0,0,0,0,0,-1,-1,0,0,0,0,0,0,0,0,0,0,0,1,0,0,1,2,3
U,Lufax Holding Ltd ADR,Financial,Credit Services,China,863700000.0,,1.03,0.98%,1404357.0,0,0,0,0,0,0,0,0,1,0,0,0,0,0,0,0,0,0,0,0,0,0,0,0,0,0,0,0,1,0,1
UCD,Lucid Diagnostics Inc,Healthcare,Medical Devices,USA,120580000.0,,0.59,-5.42%,1833001.0,0,0,0,0,0,1,0,0,0,0,0,0,0,0,0,0,0,0,0,-1,0,0,0,0,0,0,0,0,1,1,2
UCY,Innovative Eyewear Inc,Healthcare,Medical Instruments & Supplies,USA,7750000.0,,0.89,-0.21%,176701.0,0,0,0,0,0,0,0,0,1,0,0,0,0,0,0,0,0,0,0,0,0,0,0,0,0,0,0,0,1,0,1
ULG,Leverage Shares 2X Long LULU Daily ETF,Financial,Exchange Traded Fund,USA,,,3.57,-2.72%,1314038.0,0,0,0,0,0,0,0,0,0,0,0,0,0,0,0,0,0,0,0,-1,0,0,0,0,0,0,0,0,0,1,1
ULU,Lululemon Athletica Inc,Consumer Cyclical,Apparel Retail,Canada,10790000000.0,7.63,93.14,-1.40%,7056374.0,0,0,0,0,0,0,0,0,1,0,0,0,0,0,0,0,0,0,0,0,0,0,0,0,0,0,0,0,1,0,1
UNG,Pulmonx Corp,Healthcare,Medical Devices,USA,80750000.0,,1.88,2.73%,283673.0,0,0,0,0,0,0,0,0,0,0,0,0,0,0,0,0,0,0,0,0,0,0,0,0,0,1,0,0,1,0,1
VHI,Franklin International Low Volatility High Dividend Index ETF,Financial,Exchange Traded Fund,USA,,,41.72,0.22%,725518.0,0,0,0,0,0,0,0,-1,0,0,0,0,0,0,0,0,0,0,0,0,0,0,0,0,0,0,0,0,0,1,1
VLN,State Street SPDR S&P Leveraged Loan ETF,Financial,Exchange Traded Fund,USA,,,24.58,-0.04%,369.0,0,0,0,0,0,0,0,0,0,0,0,0,0,0,0,1,0,0,0,0,0,0,0,0,0,0,0,0,1,0,1
VS,Las Vegas Sands Corp,Consumer Cyclical,Resorts & Casinos,USA,23710000000.0,14.26,36.61,1.05%,5863778.0,0,0,0,0,0,0,0,0,0,0,0,0,0,0,0,0,0,0,0,-1,0,0,0,0,0,0,0,0,0,1,1
WLX,Tradr 2X Long LWLG Daily ETF,Financial,Exchange Traded Fund,USA,,,12.51,-5.77%,1795.0,0,0,0,0,0,0,0,0,1,0,0,0,0,0,0,0,0,0,0,0,0,0,0,0,0,0,0,0,1,0,1
XU,LSB Industries Inc,Basic Materials,Chemicals,USA,732940000.0,20.07,10.18,3.25%,506098.0,0,0,0,0,0,0,0,0,0,0,0,0,-1,0,0,0,0,0,0,-1,0,0,0,0,0,0,0,0,0,2,2
YLD,Cambria Large Cap Shareholder Yield ETF,Financial,Exchange Traded Fund,USA,,,32.04,0.19%,669.0,0,0,0,0,0,0,0,0,0,0,0,0,0,0,0,0,0,0,0,0,0,0,-1,0,0,0,0,0,0,1,1
Z,LegalZoom.com Inc,Industrials,Specialty Business Services,USA,1010000000.0,62.58,5.87,4.82%,4033595.0,0,1,0,0,0,0,0,0,0,0,0,0,-1,0,0,0,0,0,0,0,0,0,0,0,0,1,0,0,2,1,3
ZM,Lifezone Metals Ltd,Basic Materials,Other Industrial Metals & Mining,United Kingdom,344370000.0,,3.83,-0.52%,439870.0,0,0,0,0,0,0,0,0,1,0,0,0,0,0,0,0,0,0,0,0,0,0,0,0,0,0,0,0,1,0,1
AAS,Maase Inc,Technology,Information Technology Services,China,5670000000.0,,13.02,-4.96%,232439.0,0,0,0,0,0,0,0,0,0,0,0,0,0,0,0,1,0,0,0,0,0,0,0,0,0,0,0,0,1,0,1
AGX,Roundhill Daily 2X Long Magnificent Seven ETF,Financial,Exchange Traded Fund,USA,,,64.27,1.91%,59944.0,0,0,0,0,0,0,0,-1,0,0,0,0,0,0,0,0,0,0,0,0,0,0,0,0,0,0,0,0,0,1,1
AMB,Monarch Ambassador Income Index ETF,Financial,Exchange Traded Fund,USA,,,22.97,-0.12%,16054.0,0,0,0,0,0,0,0,0,1,0,0,0,0,0,0,0,0,0,0,0,0,0,0,0,0,0,0,0,1,0,1
ANE,Veradermics Inc,Healthcare,Biotechnology,USA,4970000000.0,,118.87,1.81%,536429.0,0,0,0,0,0,0,0,0,1,0,0,0,0,0,0,0,0,0,0,0,0,0,0,0,0,0,0,0,1,0,1
ANU,Manchester United Plc,Communication Services,Entertainment,United Kingdom,3460000000.0,,20.05,-0.15%,409131.0,0,0,0,0,0,0,0,0,1,0,0,0,0,0,0,0,0,0,0,0,0,0,0,0,0,0,0,0,1,0,1
AR,Marriott International Inc,Consumer Cyclical,Lodging,USA,92800000000.0,36.89,355.89,-0.86%,1369752.0,0,0,0,0,0,0,0,0,0,0,0,0,0,0,0,0,0,0,0,0,0,0,0,0,0,0,-1,0,0,1,1
ARO,YieldMax MARA Option Income Strategy ETF,Financial,Exchange Traded Fund,USA,,,3.82,-0.52%,1052018.0,0,0,0,0,0,0,0,0,1,0,0,0,0,0,0,0,0,0,0,0,0,0,0,0,0,0,0,0,1,0,1
ARPS,Marine Petroleum Trust,Energy,Oil & Gas Midstream,USA,8300000.000000001,12.58,4.15,1.97%,7902.0,0,0,0,0,0,0,0,0,0,0,0,0,-1,-1,0,0,0,0,0,0,0,0,0,0,0,0,0,0,0,2,2
AT,Mattel Inc,Consumer Cyclical,Leisure,USA,4590000000.0,11.82,16.05,5.11%,14729575.0,0,1,0,0,0,0,0,0,0,0,0,0,0,0,0,0,0,0,0,0,0,0,0,1,0,0,0,0,2,0,2
ATX,Matson Inc,Industrials,Marine Shipping,USA,6900000000.0,15.42,230.66,-0.19%,273857.0,0,0,0,-1,0,1,0,0,0,0,0,0,0,0,0,0,0,1,0,0,0,0,0,0,0,0,0,0,2,1,3
AYC,Corgi U.S. Equities 10% Structured Buffer ETF - May Series,Financial,Exchange Traded Fund,USA,,,26.37,0.36%,518.0,0,0,0,0,0,0,0,0,0,0,1,0,0,0,0,0,0,0,0,0,0,0,-1,0,0,0,0,0,1,1,2
AYT,AllianzIM U.S. Equity Buffer10 May ETF,Financial,Exchange Traded Fund,USA,,,40.24,0.42%,13736.0,0,0,0,0,0,0,0,-1,0,0,0,0,0,0,0,0,0,0,0,0,0,0,0,0,0,0,0,0,0,1,1
AYW,AllianzIM U.S. Equity Buffer20 May ETF,Financial,Exchange Traded Fund,USA,,,35.71,0.25%,26980.0,0,0,0,0,0,0,0,-1,0,0,0,0,0,0,0,0,0,0,0,0,0,0,0,0,0,0,0,0,0,1,1
BAI,MBody AI Ltd,Technology,Software - Infrastructure,Canada,46800000.0,0.59,3.06,-6.99%,12028.0,0,1,0,0,0,0,0,0,1,0,0,0,0,0,0,0,0,0,0,0,0,0,0,0,0,0,0,0,2,0,2
BBB,VanEck Moodys Analytics BBB Corporate Bond ETF,Financial,Exchange Traded Fund,USA,,,20.2,0.08%,1000.0,0,0,0,0,0,0,0,0,1,0,0,0,0,0,0,0,0,0,0,0,0,0,0,0,0,0,0,0,1,0,1
BBC,Marathon Bancorp Inc,Financial,Banks - Regional,USA,45390000.0,23.3,15.08,0.33%,5599.0,0,0,0,0,0,0,0,0,0,0,0,0,0,0,0,1,0,0,0,0,0,0,0,0,0,0,0,0,1,0,1
BC,MasterBrand Inc,Consumer Cyclical,"Furnishings, Fixtures & Appliances",USA,1420000000.0,,6.98,-0.57%,2893255.0,0,0,0,0,0,0,0,0,0,0,0,0,0,0,0,0,0,0,0,0,0,0,0,1,0,0,0,0,1,0,1
BLY,Mobileye Global Inc,Consumer Cyclical,Auto Parts,Israel,6440000000.0,,7.58,2.16%,5873019.0,0,0,0,-1,0,0,0,0,0,0,0,0,0,0,0,1,0,0,0,0,0,0,0,0,0,0,0,0,1,1,2
BS,Angel Oak Mortgage-Backed Securities ETF,Financial,Exchange Traded Fund,USA,,,8.15,-0.43%,34053.0,0,0,0,0,0,1,0,0,0,0,0,0,0,0,0,0,0,0,0,0,0,0,0,0,0,0,0,0,1,0,1
BSF,Regan Floating Rate MBS ETF,Financial,Exchange Traded Fund,USA,,,25.41,-0.08%,35842.0,0,1,0,0,0,0,0,0,0,0,0,0,0,0,0,0,0,0,0,0,0,0,0,0,0,0,0,0,1,0,1
BSX,Regan Fixed Rate MBS ETF,Financial,Exchange Traded Fund,USA,,,25.64,0.24%,449.0,0,1,0,0,0,0,0,0,0,0,0,0,0,0,0,0,0,0,0,0,0,0,0,0,0,0,0,0,1,0,1
CBS,MetroCity Bankshares Inc,Financial,Banks - Regional,USA,1010000000.0,12.16,35.07,-0.45%,104823.0,0,0,0,0,0,0,0,0,1,0,0,0,0,0,0,0,0,0,0,0,0,0,0,0,0,0,0,0,1,0,1
CD,McDonald's Corp,Consumer Cyclical,Restaurants,USA,164910000000.0,18.93,233.04,0.50%,5603525.0,0,0,0,0,0,1,0,0,1,0,0,0,0,0,0,0,0,0,0,0,0,0,0,0,0,0,0,0,2,0,2
CH,Matthews China Active ETF,Financial,Exchange Traded Fund,USA,,,27.16,1.93%,26.0,0,0,0,0,0,0,0,0,0,0,1,0,0,0,0,0,0,0,0,0,0,0,0,0,0,0,0,0,1,0,1
CHI,iShares MSCI China ETF,Financial,Exchange Traded Fund,USA,,,52.28,2.03%,1887262.0,0,0,0,-1,0,0,0,0,0,0,0,0,0,0,0,1,0,0,0,0,0,0,0,0,0,0,0,0,1,1,2
CHS,Matthews China Innovators Active ETF,Financial,Exchange Traded Fund,USA,,,39.82,1.40%,5045.0,0,0,0,0,0,0,0,0,1,0,0,0,0,0,0,0,0,0,0,0,0,0,0,0,0,0,0,0,1,0,1
CN,XAI Madison Equity Premium Income Fund,Financial,Closed-End Fund - Equity,USA,110010000.0,,5.24,-0.38%,45107.0,0,0,0,0,0,0,0,0,0,0,1,0,0,0,0,0,0,0,0,-1,0,0,0,0,0,0,0,0,1,1,2
CRB,Seres Therapeutics Inc,Healthcare,Biotechnology,USA,28340000.0,,2.85,-3.06%,63303.0,0,0,0,0,0,0,0,0,1,1,0,0,0,0,0,0,0,0,0,0,0,0,0,0,0,0,0,0,2,0,2
CRI,Monarch Casino & Resort Inc,Consumer Cyclical,Resorts & Casinos,USA,2120000000.0,18.97,118.17,0.53%,148345.0,0,0,0,0,0,0,0,0,1,0,0,0,0,0,0,0,0,0,0,0,0,0,0,0,0,0,0,0,1,0,1
CVT,Miller Convertible Total Return ETF,Financial,Exchange Traded Fund,USA,,,27.68,0.20%,722.0,0,0,0,0,0,0,0,0,1,0,0,0,0,0,0,0,0,0,0,0,0,0,0,0,0,0,0,0,1,0,1
D,Pediatrix Medical Group Inc,Healthcare,Medical Care Facilities,USA,2120000000.0,12.54,26.1,0.50%,953219.0,0,0,0,0,0,1,0,0,0,0,0,0,0,0,0,0,0,0,0,0,0,0,0,0,0,0,0,0,1,0,1
DA,MDA Space Ltd,Industrials,Aerospace & Defense,Canada,4780000000.0,51.17,29.5,-1.30%,729659.0,0,0,0,0,0,0,0,0,0,0,0,0,0,0,0,0,0,0,0,0,0,0,0,0,0,0,-1,0,0,1,1
DBH,MDB Capital Holdings LLC,Financial,Capital Markets,USA,23170000.0,,2.22,-7.50%,16910.0,0,0,0,0,0,0,0,0,1,0,0,0,0,0,0,0,0,0,0,0,0,0,0,0,0,0,0,0,1,0,1
DGL,Madrigal Pharmaceuticals Inc,Healthcare,Biotechnology,USA,11400000000.0,,493.62,-1.16%,246484.0,0,0,0,0,0,0,0,0,0,0,0,0,0,0,0,1,0,0,0,0,0,0,0,0,0,0,0,0,1,0,1
DLV,Morgan Dempsey Large Cap Value ETF,Financial,Exchange Traded Fund,USA,,,30.1,0.15%,3814.0,0,0,0,0,0,0,0,-1,0,0,0,0,0,0,0,0,0,0,0,0,0,0,0,0,0,0,0,0,0,1,1
DLZ,Mondelez International Inc,Consumer Defensive,Confectioners,USA,74650000000.0,21.45,58.49,0.52%,8067321.0,0,0,0,0,0,0,0,-1,0,0,0,0,0,0,0,0,0,0,0,0,0,0,0,0,0,0,0,0,0,1,1
DST,Westwood Salient Enhanced Midstream Income ETF,Financial,Exchange Traded Fund,USA,,,28.24,1.07%,57041.0,0,1,0,0,0,0,0,0,0,0,0,0,0,0,0,0,0,0,0,0,0,0,0,0,0,0,0,0,1,0,1
DU,MDU Resources Group Inc,Utilities,Utilities - Regulated Gas,USA,3930000000.0,19.66,18.69,0.43%,2230240.0,0,0,0,0,0,0,0,0,1,0,0,0,-1,0,0,0,0,0,0,0,0,0,0,0,0,0,0,0,1,1,2
DWD,MediWound Ltd,Healthcare,Biotechnology,Israel,174420000.0,,13.51,-0.07%,49886.0,0,0,0,0,0,0,0,0,1,0,0,0,0,0,0,0,0,0,0,0,0,0,0,0,0,0,0,0,1,0,1
EAR,iShares Short Maturity Municipal Bond Active ETF,Financial,Exchange Traded Fund,USA,,,49.63,0.12%,447256.0,0,0,0,0,0,0,0,0,1,1,0,0,0,0,0,0,0,0,0,0,0,0,0,0,0,0,0,0,2,0,2
ED,Medifast Inc,Consumer Cyclical,Personal Services,USA,130479999.99999999,,11.67,-0.51%,65800.0,0,0,0,0,0,0,0,0,0,0,0,0,0,0,0,0,0,0,0,0,1,0,0,0,-1,0,0,0,1,1,2
EDI,Harbor Health Care ETF,Financial,Exchange Traded Fund,USA,,,32.72,0.88%,2275.0,0,0,0,0,0,0,0,-1,0,0,0,0,0,0,0,0,0,0,0,0,0,0,0,0,0,0,0,0,0,1,1
EGL,Magic Empire Global Ltd,Financial,Capital Markets,Hong Kong,55490000.0,,0.82,-10.57%,43924.0,0,0,0,0,0,0,0,0,1,0,0,0,0,0,0,0,0,0,0,0,0,0,0,0,0,0,0,0,1,0,1
EI,Methode Electronics Inc,Technology,Electronic Components,USA,548930000.0,,15.4,-2.16%,428782.0,0,1,0,0,0,0,0,0,0,0,0,0,-1,0,0,0,0,0,0,0,0,0,0,0,0,0,0,0,1,1,2
EM,Matthews Emerging Markets Equity Active ETF,Financial,Exchange Traded Fund,USA,,,44.67,1.10%,826.0,0,0,0,0,0,0,0,0,0,0,0,0,0,0,0,1,0,0,0,0,0,0,0,0,0,0,0,0,1,0,1
EME,Roundhill Meme Stock ETF,Financial,Exchange Traded Fund,USA,,,9.05,0.97%,74252.0,0,0,0,0,0,0,0,0,0,0,0,0,-1,0,0,0,0,0,0,0,0,0,0,0,0,0,-1,0,0,2,2
EMS,Matthews Emerging Markets Discovery Active ETF,Financial,Exchange Traded Fund,USA,,,30.87,1.86%,340.0,0,0,0,0,0,0,0,0,0,0,0,0,0,0,0,1,0,0,0,0,0,0,0,0,0,0,0,0,1,0,1
ENS,Jyong Biotech Ltd,Healthcare,Biotechnology,Taiwan,152180000.0,,2.05,-5.96%,47378.0,0,1,0,0,0,0,0,0,0,0,0,0,0,0,0,0,0,0,0,0,1,1,0,0,0,0,0,0,3,0,3
EOH,Methanex Corp,Basic Materials,Chemicals,Canada,4690000000.0,53.39,60.65,3.80%,648294.0,0,0,0,0,0,0,0,0,0,0,0,0,0,0,0,0,0,0,0,0,0,0,0,0,-1,0,0,0,0,1,1
ETA,Meta Platforms Inc,Communication Services,Internet Content & Information,USA,1889990000000.0,27.95,741.9,1.90%,15215287.0,0,1,0,0,0,0,0,0,0,0,0,0,0,0,0,0,0,0,0,0,0,0,0,0,0,0,0,0,1,0,1
ETL,Sprott Active Metals & Miners ETF,Financial,Exchange Traded Fund,USA,,,25.73,0.58%,7607.0,0,0,0,0,0,0,0,0,1,1,0,0,0,0,0,0,0,0,0,0,0,0,0,0,0,0,0,0,2,0,2
EVO,M Evo Global Acquisition Corp II,Financial,Shell Companies,USA,400400000.0,,10.01,0.00%,4738.0,0,0,0,0,0,0,0,0,0,0,0,0,0,0,0,0,0,1,0,0,0,0,0,0,0,0,0,0,1,0,1
F,MindForge Inc,Communication Services,Advertising Agencies,China,25890000.0,,14.3,0.92%,64639.0,0,0,0,0,0,0,0,0,1,0,0,0,0,0,0,0,0,0,0,0,0,0,0,0,0,0,0,0,1,0,1
FA,MFA Financial Inc,Real Estate,REIT - Mortgage,USA,742990000.0,7.35,7.35,-3.92%,3188918.0,0,0,0,0,0,0,0,0,1,1,0,0,0,0,0,0,0,0,0,0,0,0,0,0,0,0,0,0,2,0,2
FIG,Motley Fool Innovative Growth ETF,Financial,Exchange Traded Fund,USA,,,22.12,0.60%,539.0,0,0,0,0,0,0,0,-1,0,0,0,0,0,0,0,0,0,0,0,0,0,0,0,0,0,0,0,0,0,1,1
FP,Midera Food Processing Inc,Industrials,Specialty Industrial Machinery,USA,1920000000.0,,42.54,2.04%,788569.0,0,0,0,0,0,0,0,0,1,0,0,0,0,0,0,0,0,0,0,0,0,0,0,0,0,0,0,0,1,0,1
FSG,MFS Active Growth ETF,Financial,Exchange Traded Fund,USA,,,31.3,1.23%,18622.0,0,0,0,0,0,0,0,0,0,0,1,1,0,0,0,0,0,0,0,0,0,0,0,0,0,0,0,0,2,0,2
GIH,Millennium Group International Holdings Ltd,Consumer Cyclical,Packaging & Containers,Hong Kong,16760000.000000002,,1.49,0.00%,11559.0,0,0,0,0,0,0,0,0,0,0,0,0,0,0,0,1,0,0,0,0,0,0,0,0,0,0,0,0,1,0,1
GLD,Marygold Companies Inc,Financial,Asset Management,USA,85430000.0,,2.0,-1.48%,140815.0,0,1,0,0,0,1,0,0,0,0,0,0,0,0,0,0,0,0,0,0,0,0,0,0,0,0,0,0,2,0,2
GNR,American Beacon GLG Natural Resources ETF,Financial,Exchange Traded Fund,USA,,,50.07,0.99%,141890.0,0,0,0,0,0,0,0,0,0,0,0,0,0,0,0,0,0,0,0,0,0,0,-1,0,0,0,0,0,0,1,1
GNX,Macrogenics Inc,Healthcare,Biotechnology,USA,240150000.0,,3.77,5.31%,605944.0,0,0,0,0,0,0,0,0,1,0,0,0,0,0,0,0,0,0,0,0,0,0,0,0,0,0,0,0,1,0,1
GOV,First Trust Intermediate Government Opportunities ETF,Financial,Exchange Traded Fund,USA,,,19.03,-0.10%,39624.0,0,0,0,0,0,0,0,0,1,1,0,0,0,0,0,0,0,0,0,0,0,0,0,0,0,0,0,0,2,0,2
GPI,MGP Ingredients Inc,Consumer Defensive,Beverages - Wineries & Distilleries,USA,273460000.0,,12.77,-0.16%,389503.0,0,0,0,0,0,0,0,0,1,0,0,0,0,0,0,0,0,0,0,0,0,0,0,0,0,0,0,0,1,0,1
H,McGraw Hill Inc,Consumer Defensive,Education & Training Services,USA,2410000000.0,25.97,12.59,-2.02%,386276.0,0,0,0,-1,0,0,0,0,0,0,0,0,0,0,0,0,0,0,0,0,0,0,0,0,0,0,0,0,0,1,1
IAX,Miami International Holdings Inc,Financial,Capital Markets,USA,3410000000.0,44.2,34.32,3.97%,1678567.0,0,0,0,0,0,0,0,0,1,0,0,0,0,0,0,0,0,0,0,0,0,0,0,0,0,0,-1,0,1,1,2
ICC,Magnum Ice Cream Company NV,Consumer Defensive,Packaged Foods,Netherlands,10480000000.0,50.34,17.11,-2.12%,1001441.0,0,0,0,0,0,0,0,0,0,0,1,0,0,0,0,0,0,0,0,0,0,0,0,0,0,0,0,0,1,0,1
ID,American Century Mid Cap Growth Impact ETF,Financial,Exchange Traded Fund,USA,,,72.11,1.66%,2392.0,0,0,0,0,0,0,0,-1,0,0,0,0,0,0,0,0,0,1,0,0,0,0,0,0,0,0,0,0,1,1,2
IG,VanEck Moodys Analytics IG Corporate Bond ETF,Financial,Exchange Traded Fund,USA,,,20.17,0.05%,1863.0,0,0,0,0,0,0,0,0,1,0,0,0,0,0,0,0,0,0,0,0,0,0,0,0,0,0,0,0,1,0,1
ILK,Pacer US Cash Cows Bond ETF,Financial,Exchange Traded Fund,USA,,,23.25,-0.01%,9890.0,0,0,0,0,0,0,0,0,1,0,0,0,0,0,0,0,0,0,0,0,0,0,0,0,0,0,0,0,1,0,1
IMI,Mint Inc Ltd,Industrials,Engineering & Construction,Hong Kong,12810000.0,,0.87,-2.15%,204572.0,0,1,0,0,0,0,0,0,0,0,0,0,0,0,0,0,0,0,0,0,0,0,0,0,0,0,0,0,1,0,1
IN,Aberdeen Intermediate Income Fund,Financial,Closed-End Fund - Debt,USA,259459999.99999997,23.77,2.28,-2.15%,284226.0,0,0,0,0,0,0,0,0,0,0,0,0,0,0,0,0,0,0,0,-1,0,0,0,0,0,0,0,0,0,1,1
IND,MIND Technology Inc,Technology,Scientific & Technical Instruments,USA,41170000.0,,4.53,0.44%,83305.0,0,0,0,0,0,0,0,0,1,0,0,0,0,0,0,0,0,0,0,0,0,0,0,0,0,0,0,0,1,0,1
INV,Matthews Asia Innovators Active ETF,Financial,Exchange Traded Fund,USA,,,49.57,1.29%,5930.0,0,0,0,0,0,0,0,0,1,0,0,0,0,0,0,0,0,0,0,0,0,0,0,0,0,0,0,0,1,0,1
IR,Mirion Technologies Inc,Industrials,Specialty Industrial Machinery,USA,3720000000.0,169.16,14.92,2.19%,4428048.0,0,0,0,0,0,1,0,0,0,0,0,0,0,0,0,0,0,0,0,-1,0,0,0,0,0,0,0,0,1,1,2
ISL,Indxx Aerospace & Defense ETF,Financial,Exchange Traded Fund,USA,,,42.23,0.45%,129734.0,0,0,0,0,0,0,0,0,1,1,0,0,0,0,0,0,0,0,0,0,0,0,0,0,0,0,0,0,2,0,2
ITK,Mitek Systems Inc,Technology,Software - Application,USA,798660000.0,37.96,17.7,-0.28%,380963.0,0,0,0,0,0,1,0,-1,0,0,0,0,0,0,0,0,0,0,0,0,0,0,0,0,0,0,0,0,1,1,2
ITQ,Moving iMage Technologies Inc,Technology,Communication Equipment,USA,5500000.0,,0.55,-4.38%,26704.0,0,0,0,0,0,0,0,0,0,0,0,0,-1,-1,0,0,0,0,0,0,0,0,0,0,0,0,0,0,0,2,2
J,Amplify Alternative Harvest ETF,Financial,Exchange Traded Fund,USA,,,24.29,-1.78%,8169.0,0,0,0,0,0,0,0,0,0,0,0,0,-1,0,0,0,0,0,0,0,0,0,0,1,0,0,0,0,1,1,2
JSC,MUFG Japan Small Cap Active ETF,Financial,Exchange Traded Fund,USA,,,62.66,-0.02%,449.0,0,0,0,-1,0,0,0,-1,0,0,0,0,0,0,0,0,0,0,0,0,0,0,0,0,0,0,0,0,0,2,2
KAM,MKAM ETF,Financial,Exchange Traded Fund,USA,,,32.44,0.34%,1931.0,0,0,0,0,0,0,0,-1,0,0,0,0,0,0,0,0,0,0,0,0,0,0,0,0,0,0,0,0,0,1,1
LCI,Mount Logan Capital Inc,Financial,Asset Management,USA,37260000.0,,3.33,-2.06%,17829.0,0,0,0,0,0,0,0,0,0,0,0,0,0,0,0,0,0,0,0,0,0,0,0,1,0,0,0,0,1,0,1
LDR,Global X Intermediate-Term Treasury Ladder ETF,Financial,Exchange Traded Fund,USA,,,46.53,-0.03%,19.0,0,0,0,0,0,0,0,0,1,0,0,0,0,0,0,0,0,0,0,0,0,0,0,0,0,0,0,0,1,0,1
LI,Mueller Industries Inc,Industrials,Metal Fabrication,USA,13930000000.0,16.41,62.97,0.66%,1938884.0,0,1,0,-1,0,0,0,0,0,0,1,1,0,0,0,0,0,0,0,0,0,0,0,0,0,0,0,0,3,1,4
LP,Maui Land & Pineapple Co Inc,Real Estate,Real Estate Services,USA,311590000.0,,15.69,-0.13%,9597.0,0,0,0,0,0,0,0,0,1,0,0,0,0,0,0,0,0,0,0,0,0,0,0,0,0,0,0,0,1,0,1
LPB,UBS ETRACS Alerian MLP Infrastructure Index ETN,Financial,Exchange Traded Fund,USA,,,29.78,0.75%,17977.0,0,0,0,0,0,0,0,0,0,0,0,0,0,0,0,0,0,1,0,0,0,0,0,0,0,0,0,0,1,0,1
LPD,Global X MLP & Energy Infrastructure Covered Call ETF,Financial,Exchange Traded Fund,USA,,,24.62,1.31%,13426.0,0,1,0,-1,0,0,0,0,0,0,0,0,0,0,0,0,0,0,0,0,0,0,0,0,0,0,0,0,1,1,2
LPR,ETRACS Quarterly Pay 1.5X Leveraged Alerian MLP Index ETN,Financial,Exchange Traded Fund,USA,,,71.99,1.20%,1869.0,0,0,0,-1,0,0,0,0,0,0,0,0,0,0,0,0,0,0,0,0,0,0,0,0,0,0,0,0,0,1,1
LPX,Global X MLP & Energy Infrastructure ETF,Financial,Exchange Traded Fund,USA,,,71.76,0.97%,315323.0,0,0,0,0,0,0,0,0,0,0,0,0,0,0,0,0,0,0,0,0,0,0,0,0,-1,0,0,0,0,1,1
LR,Miller Industries Inc,Consumer Cyclical,Auto Parts,USA,616430000.0,43.81,54.3,-0.17%,101741.0,0,0,0,0,0,1,0,0,0,0,0,0,0,0,0,0,0,0,0,0,0,0,0,0,0,0,0,0,1,0,1
LYS,Mineralys Therapeutics Inc,Healthcare,Biotechnology,USA,2060000000.0,,23.3,-1.40%,1079138.0,0,0,0,0,0,0,0,0,0,0,0,0,0,0,0,0,0,0,0,0,1,0,0,0,0,0,0,0,1,0,1
MA,Mixed Martial Arts Group Ltd,Consumer Cyclical,Leisure,Australia,9660000.0,,0.36,-1.91%,98937.0,0,0,0,0,0,0,0,0,1,0,0,0,0,0,0,0,0,0,0,0,0,0,0,0,0,0,0,0,1,0,1
MK,State Street Prime Money Market ETF,Financial,Exchange Traded Fund,USA,,,100.04,0.02%,1264.0,0,1,0,0,0,1,0,0,0,0,0,0,0,0,0,0,0,1,0,0,0,0,0,0,0,0,0,0,3,0,3
MLP,Martin Midstream Partners LP,Energy,Oil & Gas Midstream,USA,82160000.0,,2.1,-3.67%,13120.0,0,0,0,0,0,0,0,0,1,0,0,0,0,0,0,0,0,0,0,0,0,0,0,0,0,0,0,0,1,0,1
MS,Maximus Inc,Industrials,Specialty Business Services,USA,2850000000.0,8.04,54.41,3.34%,731593.0,0,0,0,0,0,0,0,0,0,0,0,0,-1,0,0,0,0,0,0,0,0,0,0,1,0,0,0,0,1,1,2
MSC,First Trust Multi-Manager Small Cap Opportunities ETF,Financial,Exchange Traded Fund,USA,,,27.33,0.71%,2168.0,0,0,0,0,0,0,0,0,0,0,0,0,-1,0,0,0,0,0,0,0,0,0,0,0,0,0,0,0,0,1,1
MT,Aberdeen Multi-Market Income Fund,Financial,Closed-End Fund - Debt,USA,488330000.0,,4.21,-2.55%,325689.0,0,0,0,0,0,0,0,0,0,0,0,0,0,0,0,0,0,0,0,-1,0,0,0,0,0,0,0,0,0,1,1
MTM,State Street SPDR S&P 1500 Momentum Tilt ETF,Financial,Exchange Traded Fund,USA,,,311.07,0.26%,6983.0,0,0,0,0,0,0,0,0,0,0,0,0,0,0,0,1,0,0,0,0,0,0,0,0,0,0,0,0,1,0,1
NA,NYLIM Merger Arbitrage ETF,Financial,Exchange Traded Fund,USA,,,36.78,-0.30%,252778.0,0,1,0,0,0,0,0,0,0,0,0,0,0,0,0,0,0,0,0,0,0,0,0,0,0,0,0,0,1,0,1
NDO,Mind C.T.I Ltd,Technology,Software - Application,Israel,19970000.0,6.15,0.98,-2.97%,18957.0,0,0,0,0,0,0,0,0,0,0,0,0,0,0,0,1,0,0,0,0,0,0,0,0,0,0,0,0,1,0,1
NDY,Monday.Com Ltd,Technology,Software - Application,Israel,3490000000.0,35.24,82.66,4.90%,884559.0,0,0,0,0,0,0,0,-1,0,0,0,0,0,0,0,0,0,0,0,0,0,0,0,0,0,0,0,0,0,1,1
NVT,Moonvest ETF,Financial,Exchange Traded Fund,USA,,,28.04,0.65%,10171.0,0,0,0,0,0,0,0,0,1,0,0,0,0,0,0,0,0,0,0,0,0,0,0,0,0,0,0,0,1,0,1
OB,Mobilicom Limited,Industrials,Aerospace & Defense,Israel,51730000.0,,4.02,-4.51%,169729.0,0,0,0,0,0,0,0,0,1,1,0,0,0,0,0,0,0,0,0,0,0,0,0,0,0,0,0,0,2,0,2
OBI,Mobia Medical Inc,Healthcare,Medical Devices,USA,319260000.0,,9.59,4.47%,159885.0,0,0,0,0,0,0,0,0,1,1,0,0,0,0,0,0,0,0,0,0,0,0,0,0,0,0,0,0,2,0,2
ODL,VictoryShares WestEnd U.S. Sector ETF,Financial,Exchange Traded Fund,USA,,,53.0,0.74%,30401.0,0,0,0,0,0,0,0,0,0,0,0,0,0,0,0,0,0,0,0,0,0,0,0,0,-1,0,0,0,0,1,1
OGU,MOGU Inc ADR,Consumer Cyclical,Internet Retail,China,13960000.0,,1.95,4.84%,752.0,0,0,0,0,0,0,0,0,1,0,0,0,0,0,0,0,0,0,0,0,0,0,0,0,0,0,0,0,1,0,1
OMO,Hello Group Inc ADR,Communication Services,Internet Content & Information,China,480010000.0,4.76,4.64,-1.69%,1413869.0,0,0,0,-1,0,0,0,0,0,0,0,0,0,0,0,0,0,0,0,0,0,0,0,0,0,0,0,0,0,1,1
OTI,VanEck Morningstar International Moat ETF,Financial,Exchange Traded Fund,USA,,,34.62,0.61%,914.0,0,0,0,0,0,0,0,0,0,0,0,0,0,0,0,0,0,0,0,0,0,0,0,1,0,0,0,0,1,0,1
OV,Movado Group Inc,Consumer Cyclical,Luxury Goods,USA,533750000.0,18.52,33.45,-0.62%,192587.0,0,0,0,0,0,0,0,0,0,0,0,0,0,0,0,0,0,0,0,0,0,0,0,0,-1,0,0,0,0,1,1
OVE,Corvex Inc,Technology,Software - Infrastructure,USA,358110000.0,,11.35,-2.58%,93213.0,0,0,0,0,0,0,0,0,1,1,0,0,-1,0,0,0,0,0,0,0,0,0,0,0,0,0,0,0,2,1,3
P,MP Materials Corp,Basic Materials,Other Industrial Metals & Mining,USA,8340000000.0,,46.84,-0.28%,3915261.0,0,0,0,0,0,0,0,0,1,0,0,0,0,0,0,0,0,0,0,0,0,0,0,0,0,0,0,0,1,0,1
PB,Mid Penn Bancorp Inc,Financial,Banks - Regional,USA,922710000.0,12.91,36.42,0.05%,79723.0,0,1,0,0,0,0,0,0,0,0,0,0,0,0,0,0,0,0,0,0,0,0,0,0,0,0,0,0,1,0,1
PDY,m+ DualYield Autocall ETF,Financial,Exchange Traded Fund,USA,,,24.47,1.42%,3867.0,0,0,0,0,0,0,0,0,0,0,1,0,0,0,0,0,0,0,0,0,0,0,0,0,0,0,0,0,1,0,1
PG,Leverage Shares 2X Long MP Daily ETF,Financial,Exchange Traded Fund,USA,,,3.61,-0.31%,131961.0,0,0,0,0,0,0,0,0,1,0,0,0,0,0,0,0,0,0,0,0,0,0,0,0,0,0,0,0,1,0,1
PLY,Monopoly ETF,Financial,Exchange Traded Fund,USA,,,33.82,1.34%,3577.0,0,0,0,0,0,0,0,-1,0,0,0,0,0,0,0,0,0,0,0,0,0,0,0,0,0,0,0,0,0,1,1
PRO,Monarch ProCap Index ETF,Financial,Exchange Traded Fund,USA,,,31.51,0.21%,13229.0,0,0,0,0,0,0,0,0,0,0,1,0,0,0,0,0,0,0,0,0,0,0,0,0,0,0,0,0,1,0,1
PTI,M-tron Industries Inc,Technology,Electronic Components,USA,330070000.0,28.41,75.94,-1.52%,119961.0,0,0,0,0,0,0,0,0,0,0,0,0,-1,-1,0,0,0,0,0,0,0,0,0,0,0,0,0,0,0,2,2
PV,Barings Participation Investors,Financial,Closed-End Fund - Debt,USA,175370000.0,,16.25,1.69%,11781.0,0,0,0,0,0,0,0,0,1,0,0,0,0,0,0,0,0,0,0,0,0,0,0,0,0,0,0,0,1,0,1
PWX,Tradr 2X Long MPWR Daily ETF,Financial,Exchange Traded Fund,USA,,,17.58,5.23%,12587.0,0,0,0,0,0,0,0,0,1,0,0,0,0,0,0,0,0,0,0,0,0,0,0,0,0,0,0,0,1,0,1
Q,Marqeta Inc,Technology,Software - Infrastructure,USA,1770000000.0,173.6,17.03,2.90%,1104542.0,0,1,0,0,0,1,0,0,0,0,0,0,0,0,0,0,0,0,0,0,0,0,0,0,0,0,0,0,2,0,2
QQQ,Tradr 2X Long Innovation 100 Monthly ETF,Financial,Exchange Traded Fund,USA,,,251.31,1.63%,48066.0,0,0,0,0,0,0,0,0,0,0,0,0,0,0,0,1,0,0,0,0,0,0,0,0,0,0,0,0,1,0,1
REO,Mereo Biopharma Group Plc ADR,Healthcare,Biotechnology,United Kingdom,61930000.0,,0.39,2.16%,2470260.0,0,0,0,0,0,0,0,0,0,0,0,0,-1,0,0,0,0,0,0,0,0,0,0,0,0,0,0,0,0,1,1
RK,Merck & Co Inc,Healthcare,Drug Manufacturers - General,USA,344270000000.0,111.53,139.54,-3.30%,9485744.0,0,1,0,0,0,0,0,0,0,0,0,0,0,0,0,0,0,0,0,0,0,0,0,0,0,0,0,0,1,0,1
RKR,Marker Therapeutics Inc,Healthcare,Biotechnology,USA,17680000.0,,1.06,0.95%,73489.0,0,0,0,0,0,0,0,0,1,0,0,0,0,0,0,0,0,0,0,0,0,0,0,0,0,0,0,0,1,0,1
RM,MEDIROM Healthcare Technologies Inc ADR,Consumer Cyclical,Personal Services,Japan,4300000.0,,0.54,-4.84%,36055.0,0,0,0,0,0,0,0,0,1,1,0,0,0,0,0,0,0,0,0,0,0,0,0,0,0,0,0,0,2,0,2
RNY,YieldMax MRNA Option Income Strategy ETF,Financial,Exchange Traded Fund,USA,,,41.19,5.35%,328316.0,0,0,0,0,0,0,0,0,0,0,0,0,0,0,0,0,0,0,0,0,0,0,-1,0,0,0,0,0,0,1,1
RSK,Toews Agility Shares Managed Risk ETF,Financial,Exchange Traded Fund,USA,,,40.01,0.56%,12217.0,0,1,0,0,0,0,0,0,1,0,0,0,0,0,0,0,0,0,0,0,0,0,0,0,0,0,0,0,2,0,2
RT,Marti Technologies Inc,Technology,Software - Application,Turkey,164340000.0,,1.91,-1.55%,49389.0,0,0,0,0,0,0,0,0,0,0,1,0,0,0,0,0,0,0,0,0,0,0,0,0,0,0,0,0,1,0,1
SB,Mesabi Trust,Basic Materials,Steel,USA,248890000.0,38.37,18.97,0.37%,26312.0,0,0,0,0,0,1,0,0,0,0,0,0,0,0,0,0,0,0,0,-1,0,0,0,0,0,0,0,0,1,1,2
SBI,Midland States Bancorp Inc,Financial,Banks - Regional,USA,684810000.0,21.19,33.0,-0.42%,113019.0,0,0,0,0,0,0,0,0,0,0,0,0,-1,0,0,0,0,0,0,0,0,0,0,0,0,0,0,0,0,1,1
SCI,MSCI Inc,Financial,Financial Data & Stock Exchanges,USA,40160000000.0,30.21,552.35,3.06%,488085.0,0,0,0,0,0,0,0,0,0,0,0,0,0,0,0,1,0,0,0,0,0,0,0,0,0,0,0,0,1,0,1
SDL,Morgan Stanley Direct Lending Fund,Financial,Asset Management,USA,1140000000.0,19.6,13.56,0.22%,677946.0,0,0,0,0,0,0,0,0,0,0,0,0,0,0,0,1,0,0,0,0,0,0,0,0,0,0,0,0,1,0,1
SEX,Middlesex Water Co,Utilities,Utilities - Regulated Water,USA,1000000000.0,20.49,53.07,-0.91%,271267.0,0,1,0,0,0,0,0,0,0,0,0,0,0,0,0,0,0,0,0,0,0,0,0,0,0,0,0,0,1,0,1
SFC,Corgi MSFT 2x Daily ETF,Financial,Exchange Traded Fund,USA,,,51.91,2.89%,281.0,0,0,0,0,0,0,0,0,0,0,1,1,0,0,0,0,0,0,0,0,0,0,0,0,0,0,0,0,2,0,2
SFO,YieldMax MSFT Option Income Strategy ETF,Financial,Exchange Traded Fund,USA,,,12.51,1.01%,95452.0,0,1,0,-1,0,0,0,0,0,0,1,0,0,0,0,0,0,0,0,0,0,0,0,0,0,0,0,0,2,1,3
SFW,Roundhill MSFT WeeklyPay ETF,Financial,Exchange Traded Fund,USA,,,33.38,1.06%,10825.0,0,0,0,-1,0,0,0,0,0,0,0,0,0,0,0,0,0,0,0,0,0,0,0,0,0,0,0,0,0,1,1
SGM,Motorsport Games Inc,Communication Services,Electronic Gaming & Multimedia,USA,24690000.0,12.49,5.38,10.70%,242060.0,0,0,0,0,0,0,0,0,0,0,0,0,0,0,0,0,0,0,0,0,1,0,0,0,0,0,0,0,1,0,1
SLE,Satellos Bioscience Inc,Healthcare,Biotechnology,Canada,170820000.0,,8.05,-5.29%,24845.0,0,0,0,0,0,0,0,0,0,0,0,0,0,0,0,0,0,0,0,0,0,0,0,1,0,0,0,0,1,0,1
SM,MSC Industrial Direct Co Inc,Industrials,Industrial Distribution,USA,7270000000.0,31.5,130.16,0.03%,600052.0,0,0,0,0,0,0,0,0,0,0,0,0,-1,0,0,0,0,0,0,0,0,0,0,0,0,0,0,0,0,1,1
SOX,AdvisorShares MSOS 2x Daily ETF,Financial,Exchange Traded Fund,USA,,,2.27,-3.40%,1732602.0,0,0,0,0,0,0,0,0,0,0,0,0,-1,0,0,0,0,0,0,0,0,0,0,1,0,0,0,0,1,1,2
SSM,Morgan Stanley Pathway Small-Mid Cap Equity ETF,Financial,Exchange Traded Fund,USA,,,57.95,0.51%,17785.0,0,0,0,0,0,0,0,0,0,0,0,0,0,0,0,0,0,0,0,0,0,0,-1,0,0,0,0,0,0,1,1
STW,Roundhill MSTR WeeklyPay ETF,Financial,Exchange Traded Fund,USA,,,5.25,1.84%,1277626.0,0,0,0,0,0,0,0,0,1,0,0,0,0,0,0,0,0,0,0,0,0,0,0,0,0,0,0,0,1,0,1
TD,Mettler-Toledo International Inc,Healthcare,Diagnostics & Research,USA,30890000000.0,34.7,1541.63,3.73%,167816.0,0,0,0,0,0,0,0,-1,0,0,0,0,0,0,0,0,0,0,0,0,0,0,0,0,0,0,0,0,0,1,1
TGP,WisdomTree Mortgage Plus Bond Fund,Financial,Exchange Traded Fund,USA,,,41.92,-0.12%,1472.0,0,0,0,0,0,0,0,0,0,0,0,0,0,0,0,0,0,0,0,-1,0,0,0,0,0,0,0,0,0,1,1
TNE,CH4 Natural Solutions Corp,Financial,Shell Companies,USA,292940000.0,,9.92,0.00%,6.0,0,0,0,0,0,0,0,0,0,0,1,0,0,0,0,0,0,0,0,0,0,0,0,0,0,0,0,0,1,0,1
TRA,Invesco International Growth Focus ETF,Financial,Exchange Traded Fund,USA,,,26.65,0.48%,106.0,0,0,0,0,0,0,0,0,0,0,1,1,0,0,0,0,0,0,0,0,0,0,0,0,0,0,0,0,2,0,2
TRN,Materion Corp,Basic Materials,Other Industrial Metals & Mining,USA,6650000000.0,74.37,319.18,2.25%,618366.0,0,0,0,0,0,0,0,0,0,0,1,0,0,0,0,0,0,0,0,0,0,0,0,0,0,0,0,0,1,0,1
TSG,Leverage Shares 2X Long MTSI Daily ETF,Financial,Exchange Traded Fund,USA,,,8.32,3.74%,27059.0,0,0,0,0,0,0,0,0,0,0,0,0,0,0,0,0,0,0,0,0,0,0,0,1,0,0,0,0,1,0,1
TSI,MACOM Technology Solutions Holdings Inc,Technology,Semiconductors,USA,25070000000.0,105.59,328.3,2.08%,1187187.0,0,0,0,0,0,1,0,0,0,0,0,0,0,0,0,1,0,0,0,0,0,0,0,0,0,0,0,0,2,0,2
TUS,Metallus Inc,Basic Materials,Steel,USA,872100000.0,118.94,21.04,5.78%,601003.0,0,0,0,0,0,0,0,0,0,0,1,0,0,0,0,0,0,0,0,0,0,0,0,0,0,0,0,0,1,0,1
TVA,MetaVia Inc,Healthcare,Biotechnology,USA,10150000.0,,1.54,0.00%,53613.0,0,0,0,0,0,0,0,0,0,0,0,0,0,0,0,0,0,0,0,0,0,0,0,0,0,1,0,0,1,0,1
UA,BlackRock Muniassets Fund Inc,Financial,Closed-End Fund - Debt,USA,472830000.0,,9.39,-1.47%,321385.0,0,0,0,0,0,0,0,0,1,0,0,0,0,0,0,0,0,0,0,0,0,0,0,0,0,0,0,0,1,0,1
UFG,Mitsubishi UFJ Financial Group Inc ADR,Financial,Banks - Diversified,Japan,258550000000.0,14.97,22.97,0.66%,2391510.0,0,0,0,0,0,0,0,-1,0,0,0,0,0,0,0,0,0,0,0,0,0,0,0,0,0,0,0,0,0,1,1
UIB,Direxion MU Defined Income Boost ETF,Financial,Exchange Traded Fund,USA,,,32.31,-0.99%,2482.0,0,1,0,0,0,0,0,0,0,0,0,0,0,0,0,0,0,0,0,0,0,0,0,0,0,0,0,0,1,0,1
ULL,GraniteShares 2x Long MU Daily ETF,Financial,Exchange Traded Fund,USA,,,25.35,-2.05%,3455968.0,0,0,0,0,0,0,0,0,0,0,0,0,-1,0,0,0,0,0,0,0,0,0,0,0,0,0,0,0,0,1,1
ULT,Franklin Multisector Income ETF,Financial,Exchange Traded Fund,USA,,,24.2,-0.04%,117.0,0,0,0,0,0,0,0,0,0,0,0,0,0,0,0,0,0,0,0,-1,0,0,0,0,0,0,0,0,0,1,1
USA,Murphy USA Inc,Consumer Cyclical,Specialty Retail,USA,9400000000.0,15.58,511.68,-0.65%,193228.0,0,0,0,0,0,0,0,0,0,0,0,0,-1,0,0,0,0,0,0,0,0,0,0,0,0,0,0,0,0,1,1
USQ,MUSQ Global Music Industry Index ETF,Financial,Exchange Traded Fund,USA,,,24.77,0.72%,128.0,0,0,0,0,0,0,0,0,0,0,0,0,0,0,0,1,0,0,0,0,0,0,0,0,0,0,0,0,1,0,1
UU,Direxion Daily MU Bull 2X ETF,Financial,Exchange Traded Fund,USA,,,36.37,-1.97%,18888897.0,0,0,0,0,0,0,0,0,1,0,0,0,0,0,0,0,0,0,0,0,0,0,0,0,0,0,0,0,1,0,1
VFD,Monarch Volume Factor Dividend Tree Index ETF,Financial,Exchange Traded Fund,USA,,,30.8,0.56%,12395.0,0,0,0,0,0,0,0,0,0,0,1,1,0,0,0,0,0,0,0,0,0,0,0,0,0,0,0,0,2,0,2
VIS,Microvision Inc,Technology,Scientific & Technical Instruments,USA,44960000.0,,1.47,-0.68%,658071.0,0,0,0,0,0,0,0,0,1,0,0,0,0,0,0,0,0,0,0,0,0,0,0,0,0,0,0,0,1,0,1
VRL,ETRACS Monthly Pay 1.5X Leveraged Mortgage REIT ETN,Financial,Exchange Traded Fund,USA,,,9.54,-1.20%,998.0,0,0,0,0,0,0,0,0,1,0,0,0,0,0,0,0,0,0,0,0,0,0,0,0,0,0,0,0,1,0,1
WH,SOLV Energy Inc,Utilities,Utilities - Renewable,USA,5080000000.0,,25.09,-0.63%,1242325.0,0,0,0,0,0,0,0,0,0,0,0,0,-1,0,0,0,0,0,0,0,0,0,0,0,0,1,0,0,1,1,2
WHS,Skylar Electricity Futures ETF,Financial,Exchange Traded Fund,USA,,,19.95,0.00%,20.0,0,0,0,0,0,0,0,0,0,0,0,0,0,0,0,0,0,0,0,0,0,0,0,1,0,0,0,0,1,0,1
X,MagnaChip Semiconductor Corp,Technology,Semiconductors,South Korea,129250000.0,,3.54,-3.80%,1282328.0,0,0,0,0,0,1,0,0,0,0,0,0,0,0,0,0,0,0,0,0,0,0,0,0,0,0,0,0,1,0,1
XCT,MaxCyte Inc,Healthcare,Medical Devices,USA,111460000.0,,1.08,0.93%,194899.0,0,0,0,0,0,0,0,0,0,0,0,0,0,0,0,1,0,0,0,0,0,0,0,0,0,0,0,0,1,0,1
XE,Mexico Equity And Income Fund Inc,Financial,Closed-End Fund - Foreign,USA,54960000.0,,12.49,1.38%,485.0,0,0,0,0,0,0,0,0,0,0,0,0,0,0,0,1,0,0,0,0,0,0,0,0,0,0,0,0,1,0,1
XL,MaxLinear Inc,Technology,Semiconductors,USA,9570000000.0,,105.49,-0.42%,2820286.0,0,0,0,0,0,0,0,0,1,0,0,0,0,0,0,0,0,0,0,0,0,0,0,0,0,0,0,0,1,0,1
YCF,State Street My2026 Corporate Bond ETF,Financial,Exchange Traded Fund,USA,,,24.99,0.00%,11239.0,0,1,0,-1,0,0,0,0,0,0,0,0,-1,-1,0,0,0,0,0,0,0,0,0,0,0,0,0,0,1,3,4
YCH,State Street My2028 Corporate Bond ETF,Financial,Exchange Traded Fund,USA,,,24.56,0.00%,152084.0,0,0,0,0,0,0,0,0,0,0,0,0,0,0,0,0,0,0,0,-1,0,0,0,0,0,0,0,0,0,1,1
YCK,State Street My2031 Corporate Bond ETF,Financial,Exchange Traded Fund,USA,,,23.82,0.03%,1845.0,0,1,0,0,0,0,0,0,0,0,0,0,0,0,0,0,0,0,0,0,0,0,0,0,0,0,0,0,1,0,1
YHA,State Street My2027 High Yield Corporate Bond ETF,Financial,Exchange Traded Fund,USA,,,24.66,0.02%,13.0,0,0,0,0,0,0,0,0,0,0,0,0,0,0,0,0,0,0,0,-1,0,0,0,0,0,0,0,0,0,1,1
YHD,State Street My2030 High Yield Corporate Bond ETF,Financial,Exchange Traded Fund,USA,,,24.16,-0.17%,156.0,0,1,0,0,0,0,0,0,0,0,0,0,0,0,0,0,0,0,0,0,0,0,0,0,0,0,0,0,1,0,1
YHE,State Street My2031 High Yield Corporate Bond ETF,Financial,Exchange Traded Fund,USA,,,23.83,-0.13%,51.0,0,0,0,0,0,0,0,0,0,0,0,0,-1,0,0,0,0,0,0,0,0,0,0,0,0,0,0,0,0,1,1
YMF,State Street My2026 Municipal Bond ETF,Financial,Exchange Traded Fund,USA,,,24.84,0.04%,26.0,0,1,0,0,0,0,0,0,0,0,0,0,0,0,0,0,0,0,0,0,0,0,0,0,0,0,0,0,1,0,1
YMJ,State Street My2030 Municipal Bond ETF,Financial,Exchange Traded Fund,USA,,,23.92,0.06%,1150.0,0,1,0,0,0,0,0,0,0,0,0,0,0,0,0,0,0,0,0,0,0,0,0,0,0,0,0,0,1,0,1
YND,Mynd.ai Inc ADR,Consumer Defensive,Education & Training Services,USA,15790000.0,,0.34,-6.94%,79979.0,0,0,0,0,0,0,0,0,0,0,0,0,-1,-1,0,0,0,0,0,0,0,0,0,0,0,0,0,0,0,2,2
YY,ProShares Short Midcap400 -1x Shares,Financial,Exchange Traded Fund,USA,,,15.69,-0.23%,788.0,0,0,0,0,0,1,0,0,0,0,0,0,0,0,0,0,0,0,0,0,0,0,0,0,0,0,0,0,1,0,1
ZZ,ProShares UltraShort MidCap400 -2x Shares,Financial,Exchange Traded Fund,USA,,,6.34,-0.31%,1145.0,0,0,0,0,0,1,0,0,0,0,0,0,0,0,0,0,0,0,0,0,0,0,0,0,0,0,0,0,1,0,1
AAS,Naas Technology Inc ADR,Consumer Cyclical,Specialty Retail,China,73610000.0,,3.05,-7.63%,19226.0,0,0,0,0,0,0,0,0,0,0,1,0,0,0,0,0,0,0,0,0,0,0,0,0,0,0,0,0,1,0,1
ABL,N-able Inc,Technology,Information Technology Services,USA,842520000.0,,4.46,5.44%,1906827.0,0,0,0,0,0,0,0,0,0,0,0,0,-1,0,0,0,0,0,0,0,0,0,0,1,0,0,0,0,1,1,2
ACP,Impact Shares NAACP Minority Empowerment ETF,Financial,Exchange Traded Fund,USA,,,62.05,0.39%,2833.0,0,0,0,0,0,0,0,-1,0,0,0,0,0,0,0,0,0,0,0,0,0,0,0,0,0,0,0,0,0,1,1
AIL,Direxion Daily Homebuilders & Supplies Bull 3X ETF,Financial,Exchange Traded Fund,USA,,,26.63,-4.11%,2014956.0,0,0,0,0,0,0,0,0,0,0,1,0,0,0,0,0,0,0,0,0,0,0,0,0,0,0,0,0,1,0,1
AK,Northern Dynasty Minerals Ltd,Basic Materials,Other Industrial Metals & Mining,Canada,730790000.0,,1.3,-2.26%,2452629.0,0,0,0,0,0,0,0,0,0,0,0,0,-1,0,0,0,0,0,0,0,0,0,0,0,0,0,0,0,0,1,1
AMI,Jinxin Technology Holding Co ADR,Communication Services,Internet Content & Information,China,6790000.0,,2.15,-5.70%,59013.0,0,0,0,0,0,0,0,0,1,0,0,0,0,0,0,0,0,0,0,0,0,0,0,0,0,0,0,0,1,0,1
ANC,Subversive Congressional Democrats Trading ETF,Financial,Exchange Traded Fund,USA,,,53.24,0.55%,19282.0,0,0,0,0,0,0,0,-1,0,0,0,0,0,0,0,0,0,0,0,0,0,0,0,0,0,0,0,0,0,1,1
AVI,Navient Corp,Financial,Credit Services,USA,847800000.0,,9.04,-1.63%,1124924.0,0,0,0,0,0,0,0,0,0,0,0,0,0,0,0,0,0,1,0,0,0,0,0,0,0,0,0,0,1,0,1
B,NioCorp Developments Ltd,Basic Materials,Other Industrial Metals & Mining,USA,504640000.0,,3.46,-0.29%,2201894.0,0,0,0,0,0,0,0,0,1,1,0,0,0,0,0,0,0,0,0,0,0,0,0,0,0,0,0,0,2,0,2
BCR,Neuberger Core Equity ETF,Financial,Exchange Traded Fund,USA,,,34.56,0.58%,30104.0,0,0,0,0,0,0,0,0,0,0,0,0,0,0,0,0,0,1,0,0,0,0,0,0,0,0,0,0,1,0,1
BDS,Neuberger Disrupters ETF,Financial,Exchange Traded Fund,USA,,,42.12,1.12%,4039.0,0,1,0,0,0,0,0,0,0,0,0,0,0,0,0,0,0,0,0,0,0,0,0,0,0,0,0,0,1,0,1
BET,Neuberger Energy Transition & Infrastructure ETF,Financial,Exchange Traded Fund,USA,,,40.27,0.95%,6579.0,0,0,0,-1,0,0,0,0,0,0,0,0,0,0,0,0,0,0,0,0,0,0,0,0,0,0,0,0,0,1,1
BGX,Neuberger Growth ETF,Financial,Exchange Traded Fund,USA,,,30.76,0.80%,8.0,0,0,0,0,0,0,0,-1,0,0,0,0,0,0,0,0,0,0,0,0,0,0,0,0,0,0,0,0,0,1,1
BJP,Neuberger Japan Equity ETF,Financial,Exchange Traded Fund,USA,,,36.54,0.93%,1250.0,0,0,0,0,0,0,0,0,1,0,0,0,0,0,0,0,0,0,0,0,0,0,0,0,0,0,0,0,1,0,1
BN,Northeast Bank,Financial,Banks - Regional,USA,1080000000.0,9.89,125.83,-0.81%,76363.0,0,0,0,0,0,0,0,0,0,0,0,0,0,0,0,1,0,0,0,0,0,0,0,0,0,0,0,0,1,0,1
BR,Nabors Industries Ltd,Energy,Oil & Gas Drilling,Bermuda,1260000000.0,6.18,83.16,4.42%,159132.0,0,0,0,0,0,0,0,0,0,0,0,0,-1,-1,0,0,0,0,0,0,0,0,0,0,0,0,-1,0,0,3,3
BTX,Nanobiotix ADR,Healthcare,Biotechnology,France,1270000000.0,,25.1,-2.52%,194238.0,0,0,0,0,0,0,0,0,0,0,0,0,0,0,0,1,0,0,0,0,0,0,0,0,0,0,-1,0,1,1,2
CEL,NewcelX Ltd,Healthcare,Biotechnology,Switzerland,15390000.0,,2.86,0.35%,4087.0,0,0,0,0,0,0,0,0,0,0,0,0,-1,0,0,0,0,0,0,0,0,0,0,0,0,0,0,0,0,1,1
CMI,National Cinemedia Inc,Communication Services,Advertising Agencies,USA,201310000.0,,2.14,1.42%,1898706.0,0,0,0,0,0,1,0,0,0,0,0,0,0,0,0,0,0,0,0,0,0,0,0,0,0,0,0,0,1,0,1
CNA,NuCana plc ADR,Healthcare,Biotechnology,United Kingdom,4570000.0,,1.06,-2.75%,71749.0,0,0,0,0,0,0,0,0,0,0,0,0,-1,0,0,0,0,0,0,0,0,0,0,0,0,0,0,0,0,1,1
CT,Intercont (Cayman) Ltd,Industrials,Marine Shipping,Hong Kong,2120000.0,,1.73,2.98%,372352.0,0,0,0,0,0,0,0,0,0,0,1,0,0,0,0,0,0,0,0,0,0,0,0,0,0,0,0,0,1,0,1
CV,Virtus Convertible & Income Fund,Financial,Closed-End Fund - Debt,USA,340030000.0,,15.05,-0.59%,80723.0,0,0,0,0,0,0,0,0,0,0,0,0,0,0,0,0,0,0,0,0,0,0,0,0,-1,0,0,0,0,1,1
DIV,Amplify Energy & Natural Resources Covered Call ETF,Financial,Exchange Traded Fund,USA,,,33.74,1.23%,9791.0,0,1,0,0,0,0,0,0,0,0,0,0,0,0,0,0,0,0,0,0,0,0,0,0,0,0,0,0,1,0,1
DOW,Anydrus Advantage ETF,Financial,Exchange Traded Fund,USA,,,28.86,0.45%,1771.0,0,0,0,0,0,0,0,0,1,0,0,0,0,0,0,0,0,0,0,0,0,0,0,0,0,0,0,0,1,0,1
DSN,Nordson Corp,Industrials,Specialty Industrial Machinery,USA,18630000000.0,33.84,334.43,0.27%,333615.0,0,1,0,0,0,1,0,0,0,0,0,0,0,0,0,0,0,0,0,0,0,0,0,0,0,0,0,0,2,0,2
EAR,iShares Short Duration Bond Active ETF,Financial,Exchange Traded Fund,USA,,,49.8,0.04%,580960.0,0,0,0,0,0,0,0,0,0,0,0,0,0,0,0,0,0,0,0,-1,0,0,0,0,0,0,0,0,0,1,1
EGG,Newegg Commerce Inc,Consumer Cyclical,Internet Retail,USA,250430000.0,,11.94,3.92%,41189.0,0,0,0,0,0,0,0,0,0,0,0,0,0,0,0,0,0,0,0,-1,0,0,0,0,0,0,0,0,0,1,1
ELS,Nelson Select ETF,Financial,Exchange Traded Fund,USA,,,29.41,0.63%,3759.0,0,0,0,0,0,0,0,0,0,0,1,0,0,0,0,0,0,0,0,0,0,0,0,0,-1,0,0,0,1,1,2
EN,New England Realty Associates LP,Real Estate,Real Estate Services,USA,136250000.0,,49.01,0.00%,65.0,0,0,0,-1,0,0,0,0,1,1,0,0,0,0,0,0,0,0,0,0,0,0,0,0,0,0,0,0,2,1,3
EOV,NeoVolta Inc,Industrials,Electrical Equipment & Parts,USA,174680000.0,,2.96,-2.95%,1458319.0,0,0,0,0,0,1,0,0,0,0,0,0,0,0,0,0,0,0,0,0,0,0,0,0,0,0,0,0,1,0,1
ET,Cloudflare Inc,Technology,Software - Infrastructure,USA,128009999999.99998,,359.49,2.99%,3172629.0,0,0,0,-1,0,1,0,0,0,0,0,0,0,0,0,0,0,1,0,0,0,0,0,0,0,0,0,0,2,1,3
ETG,Leverage Shares 2X Long NET Daily ETF,Financial,Exchange Traded Fund,USA,,,25.69,6.63%,149408.0,0,0,0,-1,0,0,0,0,0,0,0,0,0,0,0,0,0,0,0,0,0,0,0,0,0,0,0,0,0,1,1
EUP,Neuphoria Therapeutics Inc,Healthcare,Biotechnology,USA,18660000.0,,3.45,-0.58%,15461.0,0,0,0,0,0,0,0,0,1,0,0,0,0,0,0,0,0,0,0,0,0,0,0,0,0,0,0,0,1,0,1
EWZ,StockSnips AI-Powered Sentiment US All Cap ETF,Financial,Exchange Traded Fund,USA,,,29.85,1.66%,431.0,0,0,0,0,0,0,0,0,0,0,0,0,0,0,0,0,0,1,0,0,0,0,0,0,0,0,0,0,1,0,1
EXA,Nexa Resources SA,Basic Materials,Other Industrial Metals & Mining,Luxembourg,1650000000.0,5.95,12.47,1.88%,343975.0,0,0,0,0,0,0,0,0,0,0,1,0,0,0,0,0,0,0,0,0,0,0,0,0,0,0,0,0,1,0,1
EXT,NextDecade Corp,Energy,Oil & Gas Equipment & Services,USA,1750000000.0,,6.57,1.39%,2001581.0,0,0,0,0,0,0,0,0,1,0,0,0,0,0,0,0,0,0,0,0,0,0,0,0,0,0,0,0,1,0,1
FEB,Innovator Growth-100 Power Buffer ETF - February,Financial,Exchange Traded Fund,USA,,,31.41,0.19%,4980.0,0,0,0,0,0,0,0,-1,0,0,0,0,0,0,0,0,0,0,0,0,0,0,0,0,0,0,0,0,0,1,1
FG,National Fuel Gas Co,Energy,Oil & Gas Integrated,USA,7260000000.0,10.62,76.34,-0.12%,1041449.0,0,0,0,0,0,0,0,0,1,0,0,0,0,0,0,0,0,0,0,0,0,0,0,0,0,0,0,0,1,0,1
FLP,Kurv Yield Premium Strategy Netflix (NFLX) ETF,Financial,Exchange Traded Fund,USA,,,15.57,0.68%,3167.0,0,0,0,0,0,0,0,0,1,0,0,0,0,0,0,0,0,0,0,0,0,0,0,0,0,0,0,0,1,0,1
FLU,T-Rex 2X Long NFLX Daily Target ETF,Financial,Exchange Traded Fund,USA,,,13.7,1.03%,253702.0,0,0,0,0,0,0,0,0,1,0,0,0,0,0,0,0,0,0,0,0,0,0,0,0,0,0,0,0,1,0,1
FLW,Roundhill NFLX WeeklyPay ETF,Financial,Exchange Traded Fund,USA,,,13.62,0.08%,8073.0,0,0,0,0,0,0,0,0,1,0,0,0,0,0,0,0,0,0,0,0,0,0,0,0,0,0,0,0,1,0,1
FLX,Netflix Inc,Communication Services,Entertainment,USA,281070000000.0,21.27,67.5,0.66%,36820175.0,0,0,0,0,0,0,0,0,1,0,0,0,0,0,0,0,0,0,0,0,0,0,0,0,0,0,0,0,1,0,1
FLY,YieldMax NFLX Option Income Strategy ETF,Financial,Exchange Traded Fund,USA,,,6.59,1.00%,52362.0,0,0,0,0,0,0,0,0,1,0,0,0,0,0,0,0,0,0,0,0,0,0,0,0,0,0,0,0,1,0,1
FXL,Direxion Daily NFLX Bull 2X ETF,Financial,Exchange Traded Fund,USA,,,12.99,1.25%,1488537.0,0,0,0,0,0,0,0,0,1,0,0,0,0,0,0,0,0,0,0,0,0,0,0,0,0,0,0,0,1,0,1
GG,National Grid Plc ADR,Utilities,Utilities - Regulated Electric,United Kingdom,76430000000.0,17.41,76.02,-0.13%,746730.0,0,0,0,-1,0,0,0,0,1,1,0,0,0,0,0,0,0,0,0,0,0,0,0,0,0,0,0,0,2,1,3
GS,Natural Gas Services Group Inc,Energy,Oil & Gas Equipment & Services,USA,433130000.0,20.9,33.58,1.24%,159545.0,0,0,0,0,0,1,0,0,1,1,0,0,0,0,0,0,0,0,0,0,0,0,0,0,0,0,0,0,3,0,3
GVC,Natural Grocers by Vitamin Cottage Inc,Consumer Defensive,Grocery Stores,USA,695060000.0,14.72,30.16,-1.47%,115232.0,0,0,0,0,0,1,0,0,0,0,0,0,0,0,0,0,0,0,0,0,0,0,0,0,0,0,0,0,1,0,1
GVT,Ingevity Corp,Basic Materials,Specialty Chemicals,USA,2510000000.0,48.5,73.14,1.01%,297871.0,0,0,0,0,0,0,0,0,0,0,1,1,0,0,0,0,0,0,0,0,0,0,-1,0,0,0,0,0,2,1,3
HC,National Healthcare Corp,Healthcare,Medical Care Facilities,USA,3610000000.0,25.89,230.37,1.19%,112806.0,0,0,0,0,0,0,0,0,0,0,0,0,0,0,0,0,0,1,0,0,0,0,0,0,0,0,0,0,1,0,1
HS,Neuberger High Yield Strategies Fund Inc,Financial,Closed-End Fund - Debt,USA,225600000.0,,5.39,-0.92%,271730.0,0,0,0,0,0,0,0,0,0,0,0,0,0,0,0,0,0,0,0,-1,0,0,0,0,0,0,0,0,0,1,1
ICM,Nicola Mining Inc ADR,Basic Materials,Other Industrial Metals & Mining,Canada,103300000.0,,5.4,-0.92%,10081.0,0,0,0,0,0,0,0,0,1,0,0,0,0,0,0,0,0,0,0,0,0,0,0,0,0,0,0,0,1,0,1
IE,Virtus Equity & Convertible Income Fund,Financial,Closed-End Fund - Equity,USA,688010000.0,,24.83,-0.24%,134383.0,0,0,0,0,0,0,0,0,1,0,0,0,0,0,0,0,0,0,0,0,0,0,0,0,-1,0,0,0,1,1,2
IHI,NEOS MSCI EAFE High Income ETF,Financial,Exchange Traded Fund,USA,,,51.12,0.37%,46225.0,0,0,0,0,0,0,0,0,0,0,1,0,0,0,0,0,0,0,0,0,0,0,0,0,0,0,0,0,1,0,1
IKI,Niki BioSolutions Inc,Healthcare,Biotechnology,USA,14740000.0,,4.73,2.79%,4264.0,0,0,0,0,0,0,0,0,0,0,0,0,-1,0,0,0,0,0,0,0,0,0,0,0,0,0,0,0,0,1,1
INE,Nine Energy Service Inc,Energy,Oil & Gas Equipment & Services,USA,110480000.0,1.22,7.92,4.76%,25478.0,0,0,0,0,0,0,0,0,0,0,0,0,-1,0,0,0,0,0,0,0,0,0,0,0,0,0,0,0,0,1,1
ISM,NYLIM International Small-Mid Cap Equity ETF,Financial,Exchange Traded Fund,USA,,,25.17,0.14%,6.0,0,0,0,0,0,0,0,0,0,0,0,0,-1,0,0,0,0,0,0,0,1,0,0,0,0,0,0,0,1,1,2
ITE,The Nightview Fund NITE,Financial,Exchange Traded Fund,USA,,,39.47,1.78%,1439.0,0,0,0,0,0,0,0,0,0,0,1,0,0,0,0,0,0,0,0,0,1,0,-1,0,0,0,0,0,2,1,3
IU,Niu Technologies ADR,Consumer Cyclical,Auto Manufacturers,China,137410000.0,,1.94,3.19%,161491.0,0,0,0,0,0,0,0,0,1,0,0,0,0,0,0,0,0,0,0,0,0,0,0,0,0,0,0,0,1,0,1
JNK,Columbia U.S. High Yield ETF,Financial,Exchange Traded Fund,USA,,,19.31,0.13%,3371.0,0,0,0,-1,0,0,0,0,0,0,0,0,0,0,0,0,0,0,0,0,0,0,0,0,0,0,0,0,0,1,1
KE,Nike Inc,Consumer Cyclical,Footwear & Accessories,USA,50370000000.0,16.28,33.96,0.27%,69574962.0,0,0,0,0,0,0,0,0,1,0,0,0,0,0,0,0,0,0,0,0,0,0,0,0,0,0,0,0,1,0,1
KTR,Nektar Therapeutics,Healthcare,Biotechnology,USA,1440000000.0,,42.22,-3.12%,2029306.0,0,0,0,0,0,0,0,0,0,0,0,0,-1,0,0,0,0,0,0,0,0,0,0,0,0,0,0,0,0,1,1
KTX,Nkarta Inc,Healthcare,Biotechnology,USA,181210000.0,,2.53,-1.75%,522107.0,0,0,0,0,0,1,0,0,0,0,0,0,0,0,0,0,0,0,0,0,0,0,0,0,0,0,0,0,1,0,1
MBL,NovaTide Flexible Allocation ETF,Financial,Exchange Traded Fund,USA,,,21.21,0.69%,108.0,0,0,0,0,0,0,0,0,0,0,1,1,0,0,0,0,0,0,0,0,0,0,0,0,-1,0,0,0,2,1,3
ML,Neuberger Energy Infrastructure and Income Fund Inc,Financial,Closed-End Fund - Equity,USA,569990000.0,,10.06,0.30%,182619.0,0,0,0,-1,0,0,0,-1,0,0,0,0,0,0,0,0,0,0,0,0,0,0,0,0,0,0,0,0,0,2,2
MR,Nomura Holdings Inc ADR,Financial,Capital Markets,Japan,28500000000.0,11.32,9.75,0.21%,585713.0,0,0,0,0,0,0,0,0,0,0,0,0,0,0,0,0,0,1,0,0,0,0,0,0,0,0,0,0,1,0,1
MRK,Newmark Group Inc,Real Estate,Real Estate Services,USA,2280000000.0,15.65,12.58,-0.55%,1310098.0,0,0,0,0,0,0,0,0,0,0,0,0,0,0,0,1,0,0,0,0,0,0,0,0,0,0,0,0,1,0,1
MTC,NeuroOne Medical Technologies Corp,Healthcare,Medical Devices,USA,10150000.0,,1.12,-0.45%,1003598.0,0,0,0,0,0,0,0,0,1,0,0,0,0,0,0,0,0,0,0,0,0,0,0,0,0,0,0,0,1,0,1
NE,Nano Nuclear Energy Inc,Industrials,Specialty Industrial Machinery,USA,832850000.0,,15.51,-0.70%,2203539.0,0,0,0,0,0,0,0,0,1,0,0,0,0,0,0,0,0,0,0,0,0,0,0,0,0,0,0,0,1,0,1
NOX,Nano X Imaging Ltd,Healthcare,Medical Devices,Israel,50530000.0,,0.64,1.15%,692603.0,0,0,0,0,0,0,0,0,1,0,0,0,0,0,0,0,0,0,0,0,0,0,0,0,0,0,0,0,1,0,1
NY,Nuveen New York Municipal Value Fund,Financial,Closed-End Fund - Debt,USA,149200000.0,,7.9,0.89%,92680.0,0,1,0,0,0,0,0,0,0,0,0,0,0,0,0,0,0,0,0,0,0,0,0,0,0,0,0,0,1,0,1
OAH,Noah Holdings Ltd ADR,Financial,Asset Management,China,518130000.0,6.35,7.7,-1.16%,118197.0,0,0,0,0,0,0,0,0,1,0,0,0,0,0,0,0,0,0,0,0,0,0,0,0,0,0,0,0,1,0,1
OEQ,Northern Trust US Equity ETF,Financial,Exchange Traded Fund,USA,,,29.8,0.33%,8.0,0,0,0,0,0,0,0,0,0,0,1,0,0,0,0,0,0,0,0,0,0,0,0,0,-1,0,0,0,1,1,2
OMA,Nomadar Corp,Consumer Cyclical,Leisure,USA,31830000.0,,1.79,-7.97%,32685.0,0,1,0,0,0,0,0,0,0,0,0,0,0,0,0,0,0,0,0,0,0,0,0,0,0,0,0,0,1,0,1
OMD,Nomad Foods Limited,Consumer Defensive,Packaged Foods,United Kingdom,1490000000.0,10.59,10.69,0.38%,1057139.0,0,0,0,0,0,0,0,0,0,0,0,0,0,0,0,0,0,0,0,0,0,0,0,0,0,0,0,1,1,0,1
OV,NOV Inc,Energy,Oil & Gas Equipment & Services,USA,6950000000.0,74.89,19.51,3.78%,4446545.0,0,0,0,-1,0,0,0,-1,0,0,0,0,0,0,0,0,0,0,0,0,0,0,0,0,0,0,0,0,0,2,2
OVT,Novanta Inc,Technology,Scientific & Technical Instruments,USA,5700000000.0,96.27,150.61,0.90%,335485.0,0,0,0,0,0,0,0,0,0,0,0,0,0,0,0,0,0,0,0,0,0,0,-1,0,0,0,0,0,0,1,1
OWL,GraniteShares 2x Long NOW Daily ETF,Financial,Exchange Traded Fund,USA,,,7.24,2.55%,2222699.0,0,0,0,0,0,0,0,0,0,0,0,0,0,0,0,0,0,0,0,0,1,0,0,0,0,1,0,0,2,0,2
OWX,Corgi NOW 2x Daily ETF,Financial,Exchange Traded Fund,USA,,,33.8,2.81%,22.0,0,0,0,0,0,0,0,0,1,0,0,0,0,0,0,0,0,0,0,0,0,0,0,0,0,0,0,0,1,0,1
PCE,NeuroPace Inc,Healthcare,Medical Devices,USA,453770000.0,,13.22,4.09%,149434.0,0,0,0,0,0,0,0,0,0,0,0,0,-1,0,0,0,0,0,0,0,0,0,0,0,0,0,0,0,0,1,1
PFE,NPF Core Equity ETF,Financial,Exchange Traded Fund,USA,,,28.51,0.83%,5612.0,0,0,0,0,0,0,0,0,0,0,0,0,0,0,0,0,0,1,0,0,0,0,-1,0,0,0,0,0,1,1,2
PFI,Nuveen Preferred and Income ETF,Financial,Exchange Traded Fund,USA,,,25.0,0.00%,7727.0,0,0,0,0,0,0,0,0,0,0,0,0,0,0,0,0,0,0,0,0,1,0,0,0,0,0,0,0,1,0,1
PK,National Presto Industries Inc,Industrials,Aerospace & Defense,USA,1080000000.0,25.36,151.85,0.74%,115450.0,0,1,0,0,0,0,0,0,0,0,0,0,0,0,0,0,0,0,0,0,0,0,0,0,0,0,0,0,1,0,1
PO,Enpro Inc,Industrials,Specialty Industrial Machinery,USA,7050000000.0,162.35,332.86,0.09%,293956.0,0,0,0,0,0,0,0,0,1,1,0,0,0,0,0,0,0,0,0,0,0,0,0,0,0,0,0,0,2,0,2
PWR,NET Power Inc,Industrials,Specialty Industrial Machinery,USA,290060000.0,,1.29,-7.19%,689581.0,0,0,0,0,0,0,0,0,1,0,0,0,0,0,0,0,0,0,0,0,0,0,0,0,0,0,0,0,1,0,1
QLT,Neuberger Quality Select ETF,Financial,Exchange Traded Fund,USA,,,25.47,0.69%,11876.0,0,0,0,0,0,0,0,0,0,0,0,0,-1,0,0,1,0,0,0,0,0,0,0,0,0,0,0,0,1,1,2
RC,NRC Health,Healthcare,Health Information Services,USA,459640000.0,83.66,20.78,2.11%,117689.0,0,1,0,-1,0,0,0,0,0,0,1,0,0,0,0,0,0,0,0,0,0,0,0,0,0,0,0,0,2,1,3
RDY,Nerdy Inc,Technology,Software - Application,USA,88010000.0,,6.89,-9.93%,16721.0,0,1,0,0,0,0,0,0,0,0,0,0,0,0,0,0,0,0,0,0,0,0,0,0,0,0,0,0,1,0,1
RG,NRG Energy Inc,Utilities,Utilities - Independent Power Producers,USA,20350000000.0,25.6,96.8,1.65%,3223453.0,0,0,0,0,0,0,0,0,1,1,0,0,0,0,0,0,0,0,0,0,0,0,0,0,0,0,0,0,2,0,2
RGD,MicroSectors U.S. Big Oil -3 Inverse Leveraged ETNs,Financial,Exchange Traded Fund,USA,,,12.99,-3.04%,29008.0,0,0,0,0,0,0,0,0,1,0,0,0,0,0,0,0,0,0,0,0,0,0,0,0,0,0,0,0,1,0,1
RGV,Energy Vault Holdings Inc,Utilities,Utilities - Renewable,USA,703720000.0,,3.87,-1.78%,3996610.0,0,0,0,0,0,0,0,0,1,0,0,0,0,0,0,0,0,0,0,0,0,0,0,0,0,0,0,0,1,0,1
RSH,Aztlan North America Nearshoring Stock Selection ETF,Financial,Exchange Traded Fund,USA,,,31.42,0.28%,79.0,0,0,0,0,0,0,0,0,0,0,0,0,-1,-1,0,0,0,0,0,0,0,0,0,0,0,0,0,0,0,2,2
RSN,NeuroSense Therapeutics Ltd,Healthcare,Biotechnology,Israel,7640000.0,,4.03,2.41%,12245.0,0,0,0,0,0,1,0,0,1,0,0,0,0,0,0,0,0,0,0,0,0,0,0,0,0,0,0,0,2,0,2
RXP,NRX Pharmaceuticals Inc,Healthcare,Biotechnology,USA,124250000.0,,2.87,-1.20%,680823.0,0,0,0,0,0,0,0,0,1,0,0,0,0,0,0,0,0,0,0,0,0,0,0,0,0,0,0,0,1,0,1
SCI,Nuveen Securitized Income ETF,Financial,Exchange Traded Fund,USA,,,24.85,0.00%,528.0,0,1,0,0,0,0,0,0,0,0,0,0,0,0,0,0,0,0,0,0,0,0,0,0,0,0,0,0,1,0,1
SRX,Nasus Pharma Ltd,Healthcare,Drug Manufacturers - General,Israel,45090000.0,,3.85,-1.79%,9577.0,0,0,0,0,0,0,0,0,0,0,1,0,0,0,0,0,0,0,0,0,0,0,0,0,0,0,0,0,1,0,1
TB,Bank of N T Butterfield & Son Ltd,Financial,Banks - Diversified,Bermuda,2300000000.0,10.31,58.56,-0.34%,109266.0,0,0,0,0,0,0,0,0,1,0,0,0,0,0,0,0,0,0,0,0,0,0,0,0,0,0,0,0,1,0,1
TCL,NetClass Technology Inc,Technology,Software - Application,Singapore,4030000.0000000005,,1.9,-2.53%,7065.0,0,1,0,0,0,0,0,0,0,0,0,0,0,0,0,0,0,0,0,0,0,0,0,0,0,0,0,0,1,0,1
TGR,Netgear Inc,Technology,Communication Equipment,USA,623490000.0,,22.94,-2.63%,271500.0,0,0,0,0,0,0,0,0,1,0,0,0,0,0,0,0,0,0,0,0,0,0,0,0,0,0,0,0,1,0,1
TIP,Network-1 Technologies Inc,Industrials,Specialty Business Services,USA,35440000.0,,1.55,-4.91%,11866.0,0,0,0,0,0,1,0,0,0,0,0,0,0,0,0,1,0,0,0,0,0,0,0,0,0,0,0,0,2,0,2
TLA,Intellia Therapeutics Inc,Healthcare,Biotechnology,USA,1790000000.0,,12.75,4.00%,4967540.0,0,1,0,0,0,0,0,0,0,0,0,0,0,0,0,0,0,0,0,0,0,0,0,0,0,0,0,0,1,0,1
TR,Nutrien Ltd,Basic Materials,Agricultural Inputs,Canada,33450000000.000004,14.23,70.26,0.29%,2704193.0,0,0,0,0,0,0,0,0,0,0,0,0,-1,0,0,0,0,0,0,0,0,0,0,0,0,0,0,0,0,1,1
TRS,Northern Trust Corp,Financial,Asset Management,USA,31230000000.0,14.65,170.67,-0.43%,994874.0,0,0,0,0,0,0,0,0,0,0,0,0,0,0,0,0,0,0,0,0,0,0,0,0,-1,0,0,0,0,1,1
TSD,WisdomTree Efficient U.S. Plus International Equity Fund,Financial,Exchange Traded Fund,USA,,,47.52,0.58%,8642.0,0,0,0,0,0,0,0,0,0,0,0,0,0,0,0,0,0,1,0,0,0,0,0,0,0,0,0,0,1,0,1
UAI,New Era Energy & Digital Inc,Technology,Software - Infrastructure,USA,644690000.0,,6.05,-3.82%,6968882.0,0,0,0,0,0,0,0,0,0,0,1,0,0,0,0,0,0,0,0,0,0,0,0,0,0,0,0,0,1,0,1
UCL,Eagle Nuclear Energy Corp,Energy,Uranium,USA,184880000.0,,6.25,5.40%,139443.0,0,0,0,0,0,0,0,0,0,0,0,0,-1,0,0,0,0,0,0,0,0,0,0,0,0,0,0,0,0,1,1
UEM,Nuveen ESG Emerging Markets Equity ETF,Financial,Exchange Traded Fund,USA,,,43.67,1.38%,31395.0,0,0,0,0,0,0,0,0,0,0,1,0,0,0,0,0,0,0,0,0,0,0,-1,0,0,0,0,0,1,1,2
UG,Leverage Shares 2X Long NU Daily ETF,Financial,Exchange Traded Fund,USA,,,10.48,26.74%,118700.0,0,0,0,0,0,0,0,0,0,0,0,0,-1,0,0,0,0,0,0,0,0,0,0,0,0,1,0,0,1,1,2
UGO,Nuveen Growth Opportunities ETF,Financial,Exchange Traded Fund,USA,,,45.17,0.90%,7505.0,0,0,0,0,0,0,0,0,0,0,1,1,0,0,0,0,0,0,0,0,0,0,0,0,0,0,0,0,2,0,2
UHY,Nuveen ESG High Yield Corporate Bond ETF,Financial,Exchange Traded Fund,USA,,,20.36,0.05%,33838.0,0,0,0,-1,0,0,0,0,0,0,0,0,0,0,0,0,0,0,0,0,0,0,0,0,0,0,0,0,0,1,1
UKX,Nicholas Nuclear Income ETF,Financial,Exchange Traded Fund,USA,,,31.85,1.66%,1536.0,0,0,0,0,0,0,0,0,1,0,0,0,0,0,0,0,0,0,0,0,0,0,0,0,0,0,0,0,1,0,1
UKZ,Range Nuclear Renaissance Index ETF,Financial,Exchange Traded Fund,USA,,,61.22,0.62%,100397.0,0,0,0,0,0,0,0,0,1,0,0,0,0,0,0,0,0,0,0,0,0,0,0,0,0,0,0,0,1,0,1
USB,Nuveen Ultra Short Income ETF,Financial,Exchange Traded Fund,USA,,,25.15,0.02%,161.0,0,0,0,-1,0,0,0,0,0,0,0,0,0,0,0,0,0,0,0,-1,0,0,0,0,0,0,0,0,0,2,2
VAX,Novavax Inc,Healthcare,Biotechnology,USA,2069999999.9999998,,12.56,20.08%,28701893.0,0,0,0,0,0,0,0,0,0,0,0,0,0,0,0,0,0,0,0,-1,0,0,0,0,0,0,0,0,0,1,1
VBW,AllianzIM U.S. Equity Buffer20 Nov ETF,Financial,Exchange Traded Fund,USA,,,36.78,0.26%,917.0,0,0,0,0,0,0,0,-1,0,0,0,0,0,0,0,0,0,1,0,0,0,0,0,0,0,0,0,0,1,1,2
VC,Corgi NVDA 2x Daily ETF,Financial,Exchange Traded Fund,USA,,,34.86,4.04%,47.0,0,0,0,0,0,0,0,0,0,0,0,0,-1,0,0,0,0,0,0,0,1,0,0,0,0,0,0,0,1,1,2
VD,GraniteShares 2x Short NVDA Daily ETF,Financial,Exchange Traded Fund,USA,,,3.31,-4.06%,57545751.0,0,0,0,0,0,0,0,0,1,0,0,0,0,0,0,0,0,0,0,0,0,0,0,0,0,0,0,0,1,0,1
VDA,NVIDIA Corp,Technology,Semiconductors,USA,5757490000000.0,30.2,238.9,2.12%,127171519.0,0,1,0,0,0,0,0,0,0,0,1,0,0,0,0,0,0,0,0,0,0,0,0,0,0,0,0,0,2,0,2
VDD,Direxion Daily NVDA Bear 1X ETF,Financial,Exchange Traded Fund,USA,,,27.49,-2.14%,235702.0,0,0,0,0,0,0,0,0,0,0,0,0,0,0,0,0,0,0,0,0,1,0,0,0,0,0,0,0,1,0,1
VDQ,T-Rex 2X Inverse NVIDIA Daily Target ETF,Financial,Exchange Traded Fund,USA,,,7.43,-4.25%,5515081.0,0,0,0,0,0,0,0,0,1,0,0,0,0,0,0,0,0,0,0,0,0,0,0,0,0,0,0,0,1,0,1
VDS,Tradr 1.5X Short NVDA Daily ETF,Financial,Exchange Traded Fund,USA,,,16.52,-3.05%,483385.0,0,0,0,0,0,0,0,0,1,0,0,0,0,0,0,0,0,0,0,0,0,0,0,0,0,0,0,0,1,0,1
VDY,YieldMax NVDA Option Income Strategy ETF,Financial,Exchange Traded Fund,USA,,,13.02,1.48%,1767804.0,0,0,0,0,0,0,0,0,1,0,0,0,0,0,0,0,0,0,0,0,0,0,0,0,0,0,0,0,1,0,1
VIR,Horizon Kinetics Energy and Remediation ETF,Financial,Exchange Traded Fund,USA,,,38.89,1.21%,33.0,0,1,0,-1,0,0,0,0,0,0,0,0,0,0,0,0,0,0,0,0,0,0,0,0,-1,0,0,0,1,2,3
VRI,Enviri Corp,Industrials,Waste Management,USA,574230000.0,,20.37,0.79%,178070.0,0,0,0,0,0,0,0,0,1,0,0,0,0,0,0,0,0,0,0,0,0,0,0,0,0,0,0,0,1,0,1
VS,Novartis AG ADR,Healthcare,Drug Manufacturers - General,Switzerland,257980000000.00003,21.26,140.93,-0.05%,1329237.0,0,0,0,0,0,1,0,0,0,0,0,0,0,0,0,0,0,0,0,0,0,0,0,0,0,0,0,0,1,0,1
WE,NorthWestern Energy Group Inc,Utilities,Utilities - Regulated Electric,USA,4230000000.0000005,24.74,68.76,-0.74%,856950.0,0,0,0,0,0,0,0,0,0,0,0,0,0,0,0,1,0,0,0,0,0,0,0,0,0,0,0,0,1,0,1
WG,NatWest Group Plc ADR,Financial,Banks - Regional,United Kingdom,69400000000.0,8.75,17.5,-0.96%,5924705.0,0,0,0,0,0,0,0,0,0,0,1,0,0,0,0,0,0,0,0,0,0,0,0,0,0,0,0,0,1,0,1
WN,Northwest Natural Holding Co,Utilities,Utilities - Regulated Gas,USA,1990000000.0,15.69,47.19,-0.40%,293065.0,0,0,0,0,0,0,0,0,1,0,0,0,0,0,0,0,0,0,0,0,0,0,0,0,0,0,0,0,1,0,1
X,Quanex Building Products Corp,Industrials,Building Products & Equipment,USA,866580000.0,19.03,18.91,-0.47%,512427.0,0,0,0,0,0,0,0,0,0,0,0,0,0,0,0,0,0,0,0,0,0,0,0,0,0,0,0,1,1,0,1
XB,NextBoat Inc,Consumer Cyclical,Auto & Truck Dealerships,USA,48020000.0,,1.91,0.00%,13983.0,0,0,0,0,0,1,0,0,0,0,0,0,-1,0,0,0,0,0,0,0,0,0,0,0,0,0,0,0,1,1,2
XG,NXG NextGen Infrastructure Income Fund,Financial,Closed-End Fund - Equity,USA,410670000.0,,56.01,1.01%,60420.0,0,0,0,0,0,0,0,0,0,0,0,0,-1,0,0,0,0,0,0,0,0,0,0,0,0,0,0,0,0,1,1
XGL,Nexgel Inc,Healthcare,Medical Instruments & Supplies,USA,2100000.0,,0.17,-2.30%,291315.0,0,0,0,0,0,0,0,0,0,0,0,0,0,0,0,0,0,0,0,-1,0,0,0,0,0,0,0,0,0,1,1
XL,Nexalin Technology Inc,Healthcare,Medical Devices,USA,4500000.0,,5.43,-5.24%,330297.0,0,0,0,0,0,0,0,0,1,0,0,0,0,0,0,0,0,0,0,0,0,0,0,0,0,0,0,0,1,0,1
XRT,NexPoint Residential Trust Inc,Real Estate,REIT - Residential,USA,477390000.0,,18.61,-0.32%,781703.0,0,0,0,0,0,0,0,0,1,0,0,0,0,0,0,0,0,0,0,0,0,0,0,0,0,0,0,0,1,0,1
XST,Nexstar Media Group Inc,Communication Services,Broadcasting,USA,4830000000.0,29.9,156.66,0.80%,387596.0,0,0,0,0,0,0,0,0,0,0,0,0,-1,0,0,0,0,0,0,0,0,0,0,1,0,0,0,0,1,1,2
XTC,Nextcure Inc,Healthcare,Biotechnology,USA,23120000.0,,5.05,-0.79%,14553.0,0,0,0,-1,0,0,0,0,0,0,0,0,0,0,0,0,0,0,0,0,0,0,0,0,0,0,0,0,0,1,1
YT,New York Times Co,Communication Services,Publishing,USA,10320000000.0,26.71,64.0,2.07%,2118063.0,0,0,0,0,0,0,0,0,0,0,0,0,-1,0,0,0,0,0,0,0,0,0,0,0,0,0,0,0,0,1,1
YXH,Nyxoah SA,Healthcare,Medical Devices,Belgium,143590000.0,,1.41,3.68%,191982.0,0,0,0,0,0,0,0,0,0,0,0,0,0,0,0,0,0,0,0,0,1,0,0,0,0,1,0,0,2,0,2
,Realty Income Corp,Real Estate,REIT - Retail,USA,50880000000.0,39.33,53.77,-0.67%,8211206.0,0,1,0,0,0,0,0,0,0,0,0,0,-1,0,0,0,0,0,0,0,0,0,0,0,0,0,0,0,1,1,2
AIM,OneAscent International Equity ETF,Financial,Exchange Traded Fund,USA,,,48.07,0.11%,38725.0,0,0,0,0,0,0,0,0,0,0,1,0,0,0,0,0,0,0,0,0,0,0,-1,0,0,0,0,0,1,1,2
AIW,OpenAI Lab Ecosystem ETF,Financial,Exchange Traded Fund,USA,,,25.08,0.44%,33631.0,0,0,0,0,0,0,0,0,0,0,1,0,0,0,0,0,0,0,0,0,0,0,0,0,0,0,0,0,1,0,1
ARK,YieldMax Innovation Option Income Strategy ETF,Financial,Exchange Traded Fund,USA,,,30.64,2.40%,13346.0,0,0,0,0,0,0,0,0,1,0,0,0,0,0,0,0,0,0,0,0,0,0,0,0,0,0,0,0,1,0,1
ASC,OneAscent Enhanced Small and Mid Cap ETF,Financial,Exchange Traded Fund,USA,,,34.86,0.55%,7649.0,0,0,0,0,0,0,0,0,0,0,0,0,0,0,0,1,0,0,0,0,0,0,0,0,0,0,0,0,1,0,1
BDC,Blue Owl Capital Corp,Financial,Asset Management,USA,5020000000.0,17.87,10.17,-1.26%,5010050.0,0,0,0,0,0,0,0,0,0,0,0,0,0,0,0,0,0,0,0,0,1,0,0,0,0,0,0,0,1,0,1
BK,Origin Bancorp Inc,Financial,Banks - Regional,USA,1640000000.0,16.62,53.12,-0.93%,201730.0,0,0,0,0,0,0,0,0,0,0,0,0,0,0,0,0,0,0,0,0,1,0,-1,0,0,0,0,0,1,1,2
BND,State Street Loomis Sayles Opportunistic Bond ETF,Financial,Exchange Traded Fund,USA,,,24.67,-0.06%,1061.0,0,0,0,0,0,0,0,0,0,0,0,0,-1,-1,0,0,0,0,0,-1,0,0,0,0,0,0,0,0,0,3,3
C,Owens Corning,Industrials,Building Products & Equipment,USA,9290000000.0,,117.48,-0.74%,1176233.0,0,0,0,0,0,0,0,0,0,0,0,0,0,0,0,0,0,0,0,0,0,0,-1,0,0,0,0,0,0,1,1
CC,Optical Cable Corp,Technology,Communication Equipment,USA,150230000.0,58.79,16.99,-6.85%,181591.0,0,1,0,0,0,0,0,0,0,0,0,0,0,0,0,0,0,0,0,0,0,0,0,0,0,0,0,0,1,0,1
CCI,OFS Credit Company Inc,Financial,Closed-End Fund - Debt,USA,65170000.0,,2.19,-1.79%,221165.0,0,0,0,0,0,0,0,0,1,0,0,0,0,0,0,0,0,0,0,0,0,0,0,0,0,0,0,0,1,0,1
CGN,Ocugen Inc,Healthcare,Biotechnology,USA,352670000.0,,1.04,1.96%,5495756.0,0,0,0,0,0,0,0,0,1,0,0,0,0,0,0,0,0,0,0,0,0,0,0,0,0,0,0,0,1,0,1
CIO,ClearShares OCIO ETF,Financial,Exchange Traded Fund,USA,,,38.21,0.43%,131.0,0,0,0,0,0,0,0,0,0,0,0,0,0,0,0,1,0,0,0,0,0,0,0,0,0,0,0,0,1,0,1
CSL,Oaktree Specialty Lending Corp,Financial,Asset Management,USA,1040000000.0,24.67,11.83,-0.63%,400383.0,0,0,0,0,0,0,0,-1,0,0,0,0,0,0,0,0,0,0,0,0,0,0,0,0,0,0,0,0,0,1,1
CTJ,Innovator Premium Income 30 Barrier ETF - October,Financial,Exchange Traded Fund,USA,,,23.93,-0.04%,1446.0,0,0,0,-1,0,0,0,-1,0,0,0,0,0,0,0,0,0,0,0,0,0,0,0,0,0,0,0,0,0,2,2
CTP,PGIM S&P 500 Buffer 12 ETF - October,Financial,Exchange Traded Fund,USA,,,33.78,0.25%,3467.0,0,0,0,0,0,0,0,-1,0,0,0,0,0,0,0,0,0,0,0,0,0,0,0,0,0,0,0,0,0,1,1
CTV,Octave Intelligence Plc,Technology,Software - Application,USA,5400000000.0,,20.11,5.68%,1920609.0,0,0,0,0,0,1,0,0,0,0,0,0,0,0,0,0,0,1,0,0,0,0,0,0,0,0,0,0,2,0,2
CTZ,TrueShares Structured Outcome (October) ETF,Financial,Exchange Traded Fund,USA,,,46.8,0.37%,2828.0,0,0,0,-1,0,0,0,-1,0,0,0,0,0,0,0,0,0,0,0,0,0,0,0,0,0,0,0,0,0,2,2
CUL,Ocular Therapeutix Inc,Healthcare,Biotechnology,USA,1590000000.0,,7.25,4.17%,5620001.0,0,0,0,0,0,0,0,0,0,0,1,0,0,0,0,0,0,0,0,0,0,0,0,0,0,0,0,0,1,0,1
DDS,Pacer BlueStar Digital Entertainment ETF,Financial,Exchange Traded Fund,USA,,,23.72,1.59%,14.0,0,1,0,0,0,0,0,0,0,0,1,1,0,0,0,0,0,0,0,0,0,0,0,0,0,0,0,0,3,0,3
DTE,VegaShares SPX NDX RTY Premium Income ETF,Financial,Exchange Traded Fund,USA,,,25.25,0.64%,1489.0,0,0,0,0,0,0,0,0,1,1,0,0,0,0,0,0,0,0,0,0,0,0,0,0,0,0,0,0,2,0,2
EI,Optimized Equity Income ETF,Financial,Exchange Traded Fund,USA,,,26.44,1.01%,7534.0,0,1,0,0,0,0,0,0,0,0,0,0,0,0,0,0,0,0,0,0,0,0,0,0,0,0,0,0,1,0,1
FLX,Omega Flex Inc,Industrials,Specialty Industrial Machinery,USA,258820000.0,21.83,25.64,-2.62%,33263.0,0,0,0,0,0,0,0,0,1,0,0,0,0,0,0,0,0,0,0,0,0,0,0,0,0,0,0,0,1,0,1
GE,Oge Energy Corp,Utilities,Utilities - Regulated Electric,USA,9290000000.0,19.7,44.97,-0.82%,2842441.0,0,1,0,0,0,1,0,0,1,0,0,0,0,0,0,0,0,0,0,0,0,0,-1,0,0,0,0,0,3,1,4
GS,ONE Gas Inc,Utilities,Utilities - Regulated Gas,USA,4560000000.0,15.66,72.57,0.00%,577440.0,0,0,0,0,0,0,0,0,0,0,0,0,-1,0,0,0,0,0,0,0,0,0,0,0,0,0,0,0,0,1,1
GSP,Obra High Grade Structured Products ETF,Financial,Exchange Traded Fund,USA,,,9.93,0.00%,11.0,0,0,0,-1,0,0,0,0,0,0,0,0,0,0,0,0,0,0,0,0,0,0,0,0,0,0,0,0,0,1,1
I,O-I Glass Inc,Consumer Cyclical,Packaging & Containers,USA,855880000.0,,5.57,-0.54%,4561743.0,0,0,0,0,0,0,0,0,1,0,0,0,0,0,0,0,0,0,0,0,0,0,0,0,0,0,0,0,1,0,1
ILK,ProShares K-1 Free Crude Oil ETF,Financial,Exchange Traded Fund,USA,,,55.72,-0.29%,59158.0,0,0,0,0,0,0,0,0,0,0,0,0,0,0,0,0,0,0,0,0,0,0,0,0,0,0,-1,0,0,1,1
ILU,MicroSectors Oil & Gas E&P 3X ETN,Financial,Exchange Traded Fund,USA,,,49.64,3.06%,57743.0,0,0,0,0,0,0,0,0,0,0,1,0,0,0,0,0,0,0,0,0,0,0,-1,0,0,0,0,0,1,1,2
KE,Oneok Inc,Energy,Oil & Gas Midstream,USA,55840000000.0,15.3,88.58,0.80%,3638857.0,0,0,0,-1,0,1,0,0,0,0,0,0,0,0,0,0,0,1,0,0,0,0,0,0,0,0,0,0,2,1,3
KTA,Okta Inc,Technology,Software - Infrastructure,USA,38160000000.0,131.87,218.29,3.22%,3150152.0,0,0,0,0,0,0,0,-1,0,0,0,0,0,0,0,0,0,0,0,0,0,0,0,0,0,0,0,0,0,1,1
KYO,OKYO Pharma Limited,Healthcare,Biotechnology,United Kingdom,77150000.0,,1.47,0.00%,11232.0,0,0,0,0,0,0,0,0,0,0,0,0,-1,0,0,0,0,0,0,0,1,0,0,0,0,1,0,0,2,1,3
LB,OLB Group Inc,Technology,Software - Infrastructure,USA,4520000.0,,0.19,-0.42%,190574.0,0,0,0,0,0,0,0,0,0,0,0,0,-1,0,0,0,0,0,0,0,0,0,0,0,0,0,0,0,0,1,1
LED,Universal Display Corp,Technology,Electronic Components,USA,3670000000.0,19.31,79.8,-0.71%,735503.0,0,0,0,0,0,0,0,0,1,0,0,0,0,0,0,0,0,0,0,-1,0,0,0,0,0,0,0,0,1,1,2
LLI,Ollies Bargain Outlet Holdings Inc,Consumer Defensive,Discount Stores,USA,5160000000.0,19.41,86.85,-1.37%,1624705.0,0,0,0,0,0,0,0,0,0,0,0,0,0,0,0,0,0,0,0,0,0,0,0,0,0,0,0,1,1,0,1
LP,One Liberty Properties Inc,Real Estate,REIT - Diversified,USA,478410000.0,13.91,21.92,-0.50%,98779.0,0,0,0,0,0,0,0,0,1,0,0,0,0,0,0,0,0,0,0,0,0,0,0,0,0,0,0,0,1,0,1
M,Outset Medical Inc,Healthcare,Medical Devices,USA,76980000.0,,4.1,3.54%,203086.0,0,0,0,0,0,0,0,0,0,0,0,0,-1,0,0,0,0,0,0,0,0,0,0,0,0,0,0,0,0,1,1
MAB,Grupo Aeroportuario del Centro Norte SAB de C.V ADR,Industrials,Airports & Air Services,Mexico,3990000000.0,15.19,94.98,0.84%,107131.0,0,0,0,0,0,0,0,0,0,0,0,0,-1,0,0,0,0,0,0,0,0,0,0,0,0,0,0,0,0,1,1
MSE,OMS Energy Technologies Inc,Energy,Oil & Gas Equipment & Services,Singapore,188050000.0,5.84,4.43,0.91%,18272.0,0,0,0,0,0,0,0,0,0,0,0,0,0,0,0,0,0,0,0,-1,0,0,0,0,0,0,0,0,0,1,1
NCY,Oncolytics Biotech Inc,Healthcare,Biotechnology,USA,76110000.0,,0.6,-5.40%,1939588.0,0,1,0,0,0,1,0,0,0,0,0,0,0,0,0,0,0,0,0,-1,0,0,0,0,0,0,0,0,2,1,3
ND,ProShares On-Demand ETF,Financial,Exchange Traded Fund,USA,,,33.19,1.08%,17.0,0,1,0,0,0,0,0,0,0,0,1,1,0,0,0,0,0,0,0,0,0,0,0,0,0,0,0,0,3,0,3
NDS,Ondas Inc,Technology,Communication Equipment,USA,4320000000.0,83.0,7.42,2.49%,36169683.0,0,0,0,0,0,0,0,0,1,0,0,0,0,0,0,0,0,0,0,0,0,0,0,0,0,0,0,0,1,0,1
NDU,Tradr 2X Long ONDS Daily ETF,Financial,Exchange Traded Fund,USA,,,14.04,5.09%,14180.0,0,1,0,0,0,0,0,0,0,0,0,0,0,0,0,0,0,0,0,0,0,0,0,0,0,0,0,0,1,0,1
NIT,Onity Group Inc,Financial,Mortgage Finance,USA,229750000.0,1.74,27.5,0.88%,134025.0,0,0,0,0,0,0,0,0,1,0,0,0,0,0,0,0,0,0,0,0,0,0,0,0,0,0,0,0,1,0,1
NLN,ProShares Online Retail ETF,Financial,Exchange Traded Fund,USA,,,55.05,1.79%,3108.0,0,0,0,0,0,0,0,0,0,0,1,0,0,0,0,0,0,0,0,0,0,0,0,0,0,0,0,0,1,0,1
NMD,OneMedNet Corp,Healthcare,Health Information Services,USA,30730000.0,,5.11,-5.19%,33278.0,0,1,0,0,0,0,0,0,0,0,0,0,-1,0,0,0,0,0,0,0,0,0,0,0,0,0,0,0,1,1,2
NOF,Global X Adaptive U.S. Risk Management ETF,Financial,Exchange Traded Fund,USA,,,41.46,0.66%,2174.0,0,0,0,0,0,0,0,-1,0,0,0,0,0,0,0,0,0,0,0,0,0,0,0,0,0,0,0,0,0,1,1
NT,Onterris Inc,Industrials,Waste Management,USA,499020000.0,,14.21,11.80%,816698.0,0,0,0,0,0,0,0,0,0,0,0,0,-1,0,0,0,0,0,0,0,0,0,0,0,0,0,0,0,0,1,1
NTO,Onto Innovation Inc,Technology,Semiconductor Equipment & Materials,USA,15970000000.0,121.79,325.41,-0.72%,796275.0,0,0,0,0,0,0,0,0,0,0,0,0,0,0,0,1,0,0,0,0,0,0,0,0,0,0,0,0,1,0,1
OMA,Ooma Inc,Technology,Software - Application,USA,579600000.0,54.18,21.0,0.96%,475923.0,0,0,0,0,0,0,0,-1,0,0,0,0,0,0,0,0,0,0,0,0,0,0,0,0,0,0,0,0,0,1,1
OSP,Obra Opportunistic Structured Products ETF,Financial,Exchange Traded Fund,USA,,,9.99,-0.10%,3689.0,0,0,0,0,0,1,0,0,0,0,0,0,-1,-1,0,0,0,0,0,0,0,0,0,0,0,0,0,0,1,2,3
PEG,Leverage Shares 2X Long OPEN Daily ETF,Financial,Exchange Traded Fund,USA,,,0.93,-8.43%,189683.0,0,0,0,0,0,0,0,0,0,0,0,0,0,0,0,0,0,0,0,-1,0,0,0,0,0,0,0,0,0,1,1
PEN,Opendoor Technologies Inc,Real Estate,Real Estate Services,USA,2240000000.0,,2.31,-5.33%,27099659.0,0,1,0,0,0,0,0,0,0,0,0,0,0,0,0,0,0,0,0,0,0,0,0,0,0,0,0,0,1,0,1
PER,ClearShares Ultra-Short Maturity ETF,Financial,Exchange Traded Fund,USA,,,100.11,-0.01%,1127.0,0,1,0,0,0,1,0,0,0,0,0,0,0,0,0,0,0,0,0,0,0,0,0,0,0,0,0,0,2,0,2
PEX,Tradr 2X Long OPEN Daily ETF,Financial,Exchange Traded Fund,USA,,,3.59,-9.34%,108195.0,0,0,0,0,0,0,0,0,0,0,0,0,0,0,0,0,0,0,0,-1,0,0,0,0,0,0,0,0,0,1,1
PI,Office Properties Income Trust,Real Estate,REIT - Office,USA,338090000.0,,15.4,-2.47%,62454.0,0,0,0,0,0,0,0,0,1,0,0,0,0,0,0,0,0,0,0,0,0,0,0,0,0,0,0,0,1,0,1
PLN,Openlane Inc,Consumer Cyclical,Auto & Truck Dealerships,USA,4340000000.0,,35.32,-0.59%,1326795.0,0,0,0,0,0,0,0,0,0,0,0,0,0,0,0,0,0,0,0,0,0,0,-1,0,0,0,0,0,0,1,1
PPE,WisdomTree European Opportunities Fund,Financial,Exchange Traded Fund,USA,,,57.36,-0.23%,4767.0,0,0,0,-1,0,0,0,-1,0,0,0,0,0,0,0,0,0,0,0,0,0,0,0,0,0,0,0,0,0,2,2
PPJ,WisdomTree Trust WisdomTree Japan Opportunities Fund,Financial,Exchange Traded Fund,USA,,,60.23,0.50%,47951.0,0,0,0,0,0,0,0,0,0,0,1,0,0,0,0,0,0,0,0,0,0,0,0,0,-1,0,0,0,1,1,2
PRA,Opera Ltd ADR,Communication Services,Internet Content & Information,Norway,1570000000.0,12.72,17.71,0.06%,288924.0,0,0,0,0,0,0,0,0,0,0,0,0,-1,0,0,0,0,0,0,0,0,0,0,0,0,0,0,0,0,1,1
PTU,Optimum Communications Inc,Communication Services,Telecom Services,USA,377200000.0,,0.99,7.98%,848237.0,0,0,0,0,0,0,0,0,0,0,1,0,0,0,0,0,0,0,0,0,0,0,0,0,0,0,0,0,1,0,1
PTZ,Optimize Strategy Index ETF,Financial,Exchange Traded Fund,USA,,,46.35,0.43%,4371.0,0,0,0,0,0,0,0,0,0,0,0,0,0,0,0,1,0,0,0,0,0,0,0,0,0,0,0,0,1,0,1
PXS,Optex Systems Holdings Inc,Industrials,Aerospace & Defense,USA,71830000.0,18.39,10.32,-1.24%,12319.0,0,0,0,0,0,0,0,0,1,0,0,0,0,0,0,0,0,0,0,0,0,0,0,0,0,0,0,0,1,0,1
RA,Ormat Technologies Inc,Utilities,Utilities - Renewable,USA,5610000000.0,44.72,91.29,-1.69%,922280.0,0,0,0,0,0,0,0,0,1,1,0,0,0,0,0,0,0,0,0,0,0,0,0,0,0,0,0,0,2,0,2
RC,Orchid Island Capital Inc,Real Estate,REIT - Mortgage,USA,996910000.0,3.39,5.05,-1.17%,7878833.0,0,0,0,0,0,0,0,0,1,1,0,0,0,0,0,0,0,0,0,0,0,0,0,0,0,0,0,0,2,0,2
RCU,Direxion Daily ORCL Bull 2X ETF,Financial,Exchange Traded Fund,USA,,,7.05,0.14%,4257192.0,0,0,0,0,0,0,0,0,1,0,0,0,0,0,0,0,0,0,0,0,0,0,0,0,0,0,0,0,1,0,1
RCX,Defiance Daily Target 2X Long ORCL ETF,Financial,Exchange Traded Fund,USA,,,19.77,0.10%,1389397.0,0,0,0,0,0,0,0,0,1,0,0,0,0,0,0,0,0,0,0,0,0,0,0,0,0,0,0,0,1,0,1
RGO,Organogenesis Holdings Inc,Healthcare,Drug Manufacturers - Specialty & Generic,USA,165990000.0,,1.29,-3.01%,1834550.0,0,0,0,0,0,0,0,0,0,0,0,0,0,0,0,0,0,0,0,0,1,0,0,0,0,0,0,0,1,0,1
RKT,Orangekloud Technology Inc,Technology,Software - Application,Singapore,5810000.0,,0.99,-2.04%,101399.0,0,0,0,0,0,0,0,0,0,0,1,0,0,0,0,0,0,0,0,0,0,0,0,0,0,0,0,0,1,0,1
RLY,O'Reilly Automotive Inc,Consumer Cyclical,Auto Parts,USA,67870000000.00001,26.68,83.9,-1.18%,8287633.0,0,0,0,0,0,0,0,0,1,0,0,0,0,0,0,0,0,0,0,0,0,0,0,0,0,0,0,0,1,0,1
RMP,Oramed Pharmaceuticals Inc,Healthcare,Biotechnology,USA,189270000.0,1.11,4.55,1.34%,104134.0,0,0,0,0,0,0,0,0,0,0,0,0,0,0,0,0,0,1,0,0,0,0,0,0,0,0,0,0,1,0,1
RO,Arrow Valtoro ETF,Financial,Exchange Traded Fund,USA,,,20.98,1.33%,65.0,0,0,0,0,0,0,0,0,0,0,0,0,0,0,0,0,0,0,0,0,0,0,-1,0,0,0,0,0,0,1,1
SCX,Defiance Daily Target 2x Long OSCR ETF,Financial,Exchange Traded Fund,USA,,,37.36,9.23%,10980.0,0,0,0,0,0,0,0,-1,0,0,0,0,0,0,0,1,0,0,0,0,0,0,0,0,0,0,0,0,1,1,2
SG,Octave Specialty Group Inc,Financial,Insurance - Specialty,USA,206340000.0,,4.58,-0.43%,493206.0,0,0,0,0,0,0,0,0,0,0,0,0,0,0,0,0,0,0,0,0,0,0,0,1,0,0,0,0,1,0,1
SIS,OSI Systems Inc,Technology,Electronic Components,USA,3150000000.0,22.02,197.87,0.55%,198895.0,0,0,0,0,0,0,0,0,1,0,0,0,-1,0,0,0,0,0,0,0,0,0,0,0,0,0,0,0,1,1,2
STX,OS Therapies Inc,Healthcare,Biotechnology,USA,74880000.0,,1.6,-1.23%,416213.0,0,0,0,0,0,0,0,0,1,0,0,0,0,0,0,0,0,0,0,0,0,0,0,0,0,0,-1,0,1,1,2
TIS,Otis Worldwide Corp,Industrials,Specialty Industrial Machinery,USA,25080000000.0,16.91,65.88,2.86%,5737185.0,0,0,0,0,0,0,0,0,1,0,0,0,0,0,0,0,0,0,0,0,0,0,0,0,0,0,0,0,1,0,1
UST,Ouster Inc,Technology,Electronic Components,USA,3180000000.0,,44.12,-0.61%,2987566.0,0,0,0,0,0,0,0,0,1,0,0,0,0,0,0,0,0,0,0,0,0,0,0,0,0,0,0,0,1,0,1
UT,Outfront Media Inc,Real Estate,REIT - Specialty,USA,5090000000.0,21.09,28.89,0.66%,1532732.0,0,0,0,0,0,0,0,0,0,0,0,0,0,0,0,0,0,0,0,0,0,0,0,0,-1,0,0,0,0,1,1
VB,Overlay Shares Core Bond ETF,Financial,Exchange Traded Fund,USA,,,19.45,-0.10%,22938.0,0,1,0,0,0,0,0,0,1,0,0,0,0,0,0,0,0,0,0,0,0,0,0,0,0,0,0,0,2,0,2
VBC,Ohio Valley Banc Corp,Financial,Banks - Regional,USA,210680000.0,14.83,44.72,0.25%,12692.0,0,0,0,0,0,1,0,0,0,0,0,0,0,0,0,1,0,0,0,0,0,0,0,0,0,0,-1,0,2,1,3
VF,Overlay Shares Foreign Equity ETF,Financial,Exchange Traded Fund,USA,,,31.11,0.61%,16620.0,0,0,0,-1,0,0,0,-1,0,0,0,0,0,0,0,0,0,0,0,0,0,0,0,0,0,0,0,0,0,2,2
VID,Ovid Therapeutics Inc,Healthcare,Biotechnology,USA,457000000.0,,2.34,-1.68%,1200103.0,0,0,0,0,0,0,0,0,0,0,1,0,0,0,0,0,0,0,0,0,0,0,0,0,-1,0,0,0,1,1,2
VLY,Oak Valley Bancorp,Financial,Banks - Regional,USA,288390000.0,12.15,34.28,0.56%,29948.0,0,0,0,0,0,0,0,0,0,0,1,0,0,0,0,0,0,0,0,0,0,0,0,0,-1,0,0,0,1,1,2
VV,Ovintiv Inc,Energy,Oil & Gas E&P,USA,16790000000.0,17.04,60.95,1.01%,3086585.0,0,1,0,-1,0,0,0,0,0,0,0,0,0,0,0,0,0,0,0,0,0,0,0,0,0,0,0,0,1,1,2
WLT,Owlet Inc,Healthcare,Medical Devices,USA,147860000.0,,5.06,0.00%,163668.0,0,1,0,0,0,0,0,0,0,0,0,0,0,0,0,0,0,0,0,0,0,0,0,0,0,1,0,0,2,0,2
WNB,Bitwise Bitcoin Standard Corps ETF,Financial,Exchange Traded Fund,USA,,,22.83,0.76%,747.0,0,0,0,0,0,0,0,0,0,0,1,0,0,0,0,0,0,0,0,0,0,0,0,0,0,0,0,0,1,0,1
XLC,Oxford Lane Capital Corp,Financial,Closed-End Fund - Debt,USA,875410000.0,,8.93,0.22%,1061434.0,0,1,0,0,0,0,0,0,0,0,0,0,-1,0,0,0,0,0,0,0,0,0,0,0,0,0,0,0,1,1,2
YSE,Oyster Enterprises II Acquisition Corp,Financial,Shell Companies,USA,353390000.0,38.17,10.42,0.14%,15103.0,0,0,0,0,0,0,0,0,0,0,0,0,0,0,0,0,0,1,0,0,0,0,0,0,0,0,0,0,1,0,1
Z,Belpointe PREP LLC,Real Estate,Real Estate - Development,USA,167110000.0,,41.22,0.79%,16252.0,0,0,0,0,0,0,0,0,1,0,0,0,0,0,0,0,0,0,0,0,0,0,0,0,0,0,0,0,1,0,1
ZEM,Roundhill GLP-1 & Weight Loss ETF,Financial,Exchange Traded Fund,USA,,,29.96,0.08%,6580.0,0,1,0,0,0,0,0,0,0,0,0,0,0,0,0,0,0,0,0,0,0,0,0,0,0,0,0,0,1,0,1
AA,Plains All American Pipeline LP,Energy,Oil & Gas Midstream,USA,16870000000.000002,6.62,23.91,0.67%,1722834.0,0,0,0,-1,0,0,0,0,0,0,0,0,0,0,0,0,0,0,0,0,0,0,0,0,0,0,0,0,0,1,1
AAA,PGIM AAA CLO ETF,Financial,Exchange Traded Fund,USA,,,51.31,-0.02%,6421545.0,0,0,0,0,0,0,0,-1,0,0,0,0,0,0,0,0,0,0,0,0,0,0,0,0,0,0,0,0,0,1,1
AAC,Proem Acquisition Corp I,Financial,Shell Companies,USA,177410000.0,129.33,10.01,-0.10%,208765.0,0,0,0,0,0,0,0,0,0,0,1,0,0,0,0,0,0,0,0,0,0,0,-1,0,0,0,0,0,1,1,2
AAS,Pan American Silver Corp,Basic Materials,Gold,Canada,18790000000.0,13.65,45.32,-0.42%,2081166.0,0,0,0,0,0,0,0,0,0,0,0,0,0,0,0,0,0,0,0,-1,0,0,0,0,0,0,0,0,0,1,1
ABU,iShares Paris-Aligned Climate Optimized MSCI USA ETF,Financial,Exchange Traded Fund,USA,,,79.77,0.79%,1991.0,0,0,0,0,0,0,0,0,0,0,0,0,0,0,0,0,0,0,0,0,0,0,-1,0,0,0,0,0,0,1,1
AC,Grupo Aeroportuario Del Pacifico SAB de CV ADR,Industrials,Airports & Air Services,Mexico,10900000000.0,19.34,210.0,4.53%,306537.0,0,0,0,0,0,0,0,0,1,0,0,0,0,0,0,0,0,0,0,0,0,0,0,0,0,0,0,0,1,0,1
ACB,Pacific Biosciences of California Inc,Healthcare,Medical Devices,USA,892080000.0,,2.87,12.99%,26246978.0,0,0,0,0,0,0,0,0,0,0,0,0,0,0,0,0,0,0,0,0,0,0,0,1,0,0,0,0,1,0,1
ACS,PACS Group Inc,Healthcare,Medical Care Facilities,USA,6760000000.0,25.59,42.71,-0.33%,844647.0,0,1,0,0,0,0,0,0,0,0,0,0,0,0,0,0,0,0,0,0,0,0,0,0,0,0,0,0,1,0,1
AGP,Plains GP Holdings LP,Energy,Oil & Gas Midstream,USA,19950000000.0,9.57,26.18,0.46%,1645230.0,0,0,0,-1,0,0,0,0,0,0,0,0,0,0,0,0,0,0,0,0,0,0,0,0,0,0,0,0,0,1,1
AGS,PagSeguro Digital Ltd,Technology,Software - Infrastructure,Brazil,3040000000.0,7.7,10.95,21.40%,18829338.0,0,0,0,0,0,0,0,0,0,0,0,0,0,0,0,0,0,0,0,0,0,0,0,0,0,1,0,0,1,0,1
AI,Western Asset Investment Grade Income Fund Inc,Financial,Closed-End Fund - Debt,USA,107950000.0,,11.35,-0.26%,13391.0,0,0,0,0,0,0,0,0,0,0,0,0,-1,0,0,0,0,0,0,0,0,0,0,0,0,0,0,0,0,1,1
ALL,Abrdn Palladium ETF Trust,Financial,Exchange Traded Fund,USA,,,21.28,0.14%,514136.0,0,0,0,0,0,0,0,0,1,0,0,0,0,0,0,0,0,0,0,0,0,0,0,0,0,0,0,0,1,0,1
AM,Pampa Energia SA ADR,Industrials,Conglomerates,Argentina,4280000000.0000005,7.48,79.99,4.71%,207241.0,0,1,0,0,0,0,0,0,0,0,0,0,0,0,0,0,0,0,0,0,1,0,0,0,0,0,0,0,2,0,2
AMT,PAMT Corp,Industrials,Trucking,USA,251720000.0,,12.02,-1.80%,10898.0,0,0,0,0,0,0,0,0,1,0,0,0,0,0,0,0,0,0,0,0,0,0,0,0,0,0,0,0,1,0,1
ANG,Leverage Shares 2X Long PANW Daily ETF,Financial,Exchange Traded Fund,USA,,,40.21,1.60%,33758.0,0,0,0,0,0,0,0,0,0,0,0,0,-1,0,0,0,0,0,0,0,0,0,0,0,0,0,0,0,0,1,1
APR,Innovator U.S. Equity Power Buffer ETF - April,Financial,Exchange Traded Fund,USA,,,43.3,0.05%,20485.0,0,0,0,0,0,0,0,0,0,0,0,0,0,0,0,0,0,1,0,0,0,0,0,0,0,0,0,0,1,0,1
AR,Par Technology Corp,Technology,Software - Application,USA,604720000.0,,14.62,2.60%,869328.0,0,0,0,0,0,0,0,0,0,0,1,0,0,0,0,0,0,0,0,0,0,0,0,0,0,0,0,0,1,0,1
ARK,Park Dental Partners Inc,Healthcare,Medical Care Facilities,USA,100280000.0,,21.09,6.30%,13507.0,0,0,0,0,0,1,0,0,0,0,0,0,0,0,0,0,0,0,0,0,0,0,0,0,0,0,0,0,1,0,1
ARR,Par Pacific Holdings Inc,Energy,Oil & Gas Refining & Marketing,USA,4380000000.0,5.11,87.52,4.19%,762110.0,0,0,0,0,0,0,0,0,0,0,1,0,0,0,0,0,0,0,0,0,0,0,0,0,0,0,0,0,1,0,1
ATN,Pacer Nasdaq International Patent Leaders ETF,Financial,Exchange Traded Fund,USA,,,36.58,-0.12%,403022.0,0,0,0,0,0,0,0,0,0,0,0,0,0,0,0,0,0,0,0,0,0,0,-1,0,0,0,0,0,0,1,1
AUG,Innovator U.S. Equity Power Buffer ETF - August,Financial,Exchange Traded Fund,USA,,,47.01,0.31%,8861.0,0,0,0,0,0,0,0,0,0,0,0,0,0,0,0,0,0,0,0,0,0,0,0,0,-1,0,0,0,0,1,1
AX,Patria Investments Ltd,Financial,Asset Management,Cayman Islands,1790000000.0,25.37,11.1,8.72%,3102700.0,0,0,0,0,0,0,0,0,1,1,0,0,0,0,0,0,0,0,0,0,0,0,0,0,0,0,0,0,2,0,2
AYM,TrueShares S&P Autocallable Defensive Income ETF,Financial,Exchange Traded Fund,USA,,,25.51,0.55%,43687.0,0,1,0,0,0,0,0,0,0,0,0,0,0,0,0,0,0,0,0,0,0,0,0,0,0,0,0,0,1,0,1
BDC,Putnam BDC Income ETF,Financial,Exchange Traded Fund,USA,,,26.55,-1.01%,85055.0,0,0,0,0,0,0,0,0,0,0,0,0,0,0,0,0,0,0,0,0,1,0,0,0,0,0,0,0,1,0,1
BF,PBF Energy Inc,Energy,Oil & Gas Refining & Marketing,USA,9980000000.0,7.44,84.16,4.18%,3276981.0,0,0,0,-1,0,0,0,0,0,0,0,0,0,0,0,0,0,1,0,0,0,0,0,0,0,0,0,0,1,1,2
BH,Prestige Consumer Healthcare Inc,Healthcare,Drug Manufacturers - Specialty & Generic,USA,2160000000.0,12.77,45.6,0.75%,604418.0,0,0,0,0,0,0,0,0,0,0,0,0,-1,0,0,0,0,0,0,0,0,0,0,0,0,1,0,0,1,1,2
BJ,Invesco Food & Beverage ETF,Financial,Exchange Traded Fund,USA,,,45.45,0.32%,467196.0,0,0,0,0,0,0,0,0,0,0,0,0,0,0,0,0,0,0,0,-1,0,0,0,0,0,0,0,0,0,1,1
BJL,PGIM S&P 500 Buffer 20 ETF - July,Financial,Exchange Traded Fund,USA,,,32.04,0.19%,7922.0,0,0,0,0,0,0,0,0,0,0,0,0,0,0,0,1,0,0,0,0,0,0,0,0,0,0,0,0,1,0,1
BJN,PGIM S&P 500 Buffer 20 ETF - June,Financial,Exchange Traded Fund,USA,,,31.57,0.22%,2232.0,0,0,0,0,0,0,0,0,0,0,1,0,0,0,0,0,0,0,0,0,0,0,0,0,0,0,0,0,1,0,1
BM,Psyence Biomedical Ltd,Healthcare,Biotechnology,Canada,19370000.0,,5.08,-1.55%,145550.0,0,0,0,0,0,0,0,0,0,0,0,0,-1,0,0,0,0,0,0,0,0,0,0,0,0,0,0,0,0,1,1
BOT,Pictet AI & Automation ETF,Financial,Exchange Traded Fund,USA,,,36.13,0.79%,175.0,0,0,0,0,0,0,0,-1,0,0,0,0,0,0,0,0,0,0,0,0,0,0,0,0,0,0,0,0,0,1,1
BP,Invesco S&P 500 BuyWrite ETF,Financial,Exchange Traded Fund,USA,,,23.47,0.26%,33350.0,0,1,0,0,0,0,0,-1,0,0,1,0,0,0,0,0,0,0,0,0,0,0,-1,0,0,0,0,0,2,2,4
BTP,Invesco 0-5 Yr US TIPS ETF,Financial,Exchange Traded Fund,USA,,,25.5,0.00%,18752.0,0,0,0,0,0,0,0,0,1,0,0,0,0,0,0,0,0,0,0,0,0,0,0,0,0,0,0,0,1,0,1
BUS,Invesco MSCI USA ETF,Financial,Exchange Traded Fund,USA,,,77.74,0.71%,176229.0,0,0,0,0,0,0,0,0,0,0,1,0,0,0,0,0,0,0,0,0,0,0,-1,0,0,0,0,0,1,1,2
BW,Invesco WilderHill Clean Energy ETF,Financial,Exchange Traded Fund,USA,,,29.32,-0.68%,373484.0,0,0,0,0,0,0,0,0,0,0,0,0,0,0,0,0,0,0,0,0,0,0,0,0,0,0,-1,0,0,1,1
CB,PCB Bancorp,Financial,Banks - Regional,USA,393670000.0,9.71,28.03,0.07%,31504.0,0,0,0,0,0,0,0,0,1,0,0,0,0,0,0,0,0,0,0,0,0,0,0,0,0,0,0,0,1,0,1
CF,High Income Securities Fund,Financial,Closed-End Fund - Debt,USA,94710000.0,,5.06,-0.98%,102446.0,0,0,0,0,0,0,0,0,1,1,0,0,0,0,0,0,0,0,0,0,0,0,0,0,0,0,0,0,2,0,2
CHI,Polen High Income ETF,Financial,Exchange Traded Fund,USA,,,23.42,-0.36%,1457.0,0,0,0,0,0,0,0,0,1,0,0,0,0,0,0,0,0,0,0,0,0,0,0,0,0,0,0,0,1,0,1
CI,PGIM Corporate Bond 5-10 Year ETF,Financial,Exchange Traded Fund,USA,,,47.28,0.09%,344.0,0,0,0,0,0,0,0,0,1,0,0,0,0,0,0,0,0,0,0,0,0,0,0,0,0,0,0,0,1,0,1
CL,PGIM Corporate Bond 10+ Year ETF,Financial,Exchange Traded Fund,USA,,,45.19,-0.13%,3055.0,0,0,0,0,0,0,0,0,1,0,0,0,0,0,0,0,0,0,0,0,0,0,0,0,0,0,0,0,1,0,1
CLA,PicoCELA Inc ADR,Communication Services,Telecom Services,Japan,63430000.0,,6.6,-2.08%,15931.0,0,1,0,-1,0,0,0,0,0,0,1,0,0,0,0,0,0,0,0,0,0,0,0,0,0,0,0,0,2,1,3
CLG,Polen Focus Growth ETF,Financial,Exchange Traded Fund,USA,,,23.25,1.39%,2611.0,0,0,0,0,0,0,0,0,0,0,1,0,0,0,0,0,0,0,0,0,0,0,0,0,0,0,0,0,1,0,1
CLN,Pictet Cleaner Planet ETF,Financial,Exchange Traded Fund,USA,,,31.77,0.82%,543.0,0,0,0,0,0,0,0,0,1,0,0,0,0,0,0,0,0,0,0,0,0,0,0,0,0,0,0,0,1,0,1
CLO,VIRTUS SEIX AAA Private Credit CLO ETF,Financial,Exchange Traded Fund,USA,,,24.92,0.01%,3448.0,0,1,0,-1,0,1,0,0,0,0,0,0,-1,-1,0,0,0,0,0,0,0,0,0,0,0,1,0,0,3,3,6
CMM,BondBloxx Private Credit CLO ETF,Financial,Exchange Traded Fund,USA,,,49.82,-0.02%,121995.0,0,0,0,0,0,0,0,0,0,0,1,1,0,0,0,0,0,0,0,0,0,0,0,0,0,0,0,0,2,0,2
CPP,Porter & Company Porter Portfolio Index ETF,Financial,Exchange Traded Fund,USA,,,26.74,0.43%,9209.0,0,0,0,0,0,0,0,0,0,0,1,0,0,0,0,0,0,0,0,0,0,0,-1,0,0,0,0,0,1,1,2
CR,Simplify VettaFi Private Credit Strategy ETF,Financial,Exchange Traded Fund,USA,,,18.0,-0.74%,567.0,0,0,0,0,0,0,0,0,0,0,0,0,-1,0,0,0,0,0,0,0,0,0,0,0,0,0,0,0,0,1,1
CRX,Pacira BioSciences Inc,Healthcare,Drug Manufacturers - Specialty & Generic,USA,998540000.0,72.19,25.05,-0.63%,560252.0,0,0,0,0,0,0,0,-1,0,0,0,0,0,0,0,0,0,0,0,0,0,0,0,0,0,0,0,0,0,1,1
CSA,Processa Pharmaceuticals Inc,Healthcare,Biotechnology,USA,4160000.0,,1.49,-7.45%,25737.0,0,1,0,0,0,0,0,0,0,0,0,0,-1,-1,0,0,0,0,0,0,0,0,0,0,0,0,0,0,1,2,3
CVX,Vaxcyte Inc,Healthcare,Biotechnology,USA,10980000000.0,,73.82,30.70%,14924049.0,0,0,0,0,0,0,0,0,0,0,1,0,0,0,0,0,0,0,0,0,0,0,0,0,0,0,0,0,1,0,1
CYO,Pure Cycle Corp,Utilities,Utilities - Regulated Water,USA,261700000.0,17.81,10.86,-0.37%,103742.0,0,0,0,0,0,0,0,0,0,0,1,1,0,0,0,0,0,0,0,0,0,0,0,0,0,0,0,0,2,0,2
DC,Perpetuals.com Ltd ADR,Technology,Software - Application,Japan,22270000.0,,3.29,-4.91%,14545.0,0,0,0,0,0,0,0,0,1,0,0,0,0,0,0,0,0,0,0,0,0,0,0,0,0,0,0,0,1,0,1
DCC,Pearl Diver Credit Company Inc,Financial,Asset Management,USA,68750000.0,,8.4,0.30%,1786.0,0,0,0,0,0,0,0,0,1,0,0,0,0,0,0,0,0,0,0,0,0,0,0,0,0,0,0,0,1,0,1
DP,Invesco Dorsey Wright Momentum ETF,Financial,Exchange Traded Fund,USA,,,141.22,0.67%,19940.0,0,0,0,0,0,0,0,0,0,0,0,0,0,0,0,1,0,0,0,0,0,0,0,0,0,0,0,0,1,0,1
DS,Precision Drilling Corp,Energy,Oil & Gas Drilling,Canada,1110000000.0,,88.22,3.90%,110435.0,0,0,0,-1,0,0,0,0,0,0,0,0,0,0,0,0,0,0,0,0,0,0,0,0,0,0,0,0,0,1,1
DYN,Palladyne AI Corp,Technology,Software - Infrastructure,USA,252610000.0,,5.12,-3.94%,1246576.0,0,0,0,0,0,0,0,0,1,0,0,0,0,0,0,0,0,0,0,0,0,0,0,0,0,0,0,0,1,0,1
EGA,Pegasystems Inc,Technology,Software - Application,USA,5680000000.0,19.51,34.53,1.77%,1801078.0,0,1,0,0,0,0,0,0,0,0,0,0,0,0,0,0,0,0,0,0,0,0,0,0,0,0,0,0,1,0,1
EMX,Putnam Emerging Markets ex-China ETF,Financial,Exchange Traded Fund,USA,,,89.14,1.60%,755.0,0,0,0,0,0,0,0,0,1,0,0,0,0,0,0,0,0,0,0,0,0,0,0,0,0,0,0,0,1,0,1
ENG,Penguin Solutions Inc,Technology,Information Technology Services,USA,3110000000.0,38.52,60.71,-1.06%,2663482.0,0,0,0,0,0,0,0,0,1,0,0,0,0,0,0,0,0,0,0,0,0,0,0,0,0,0,0,0,1,0,1
EP,PepsiCo Inc,Consumer Defensive,Beverages - Non-Alcoholic,USA,171500000000.0,16.48,125.65,-0.19%,8830853.0,0,1,0,0,0,0,0,0,0,0,0,0,-1,0,0,0,0,0,0,0,0,0,0,0,0,0,0,0,1,1,2
ERI,Perion Network Ltd,Communication Services,Advertising Agencies,Israel,334700000.0,,8.51,0.12%,249069.0,0,0,0,0,0,0,0,0,1,0,0,0,0,0,0,0,0,0,0,0,0,0,0,0,0,0,0,0,1,0,1
ETZ,TDH Holdings Inc,Real Estate,Real Estate Services,China,12700000.0,7.06,1.23,-5.38%,4728.0,0,0,0,0,0,0,0,0,0,0,1,0,0,0,0,0,0,0,0,0,0,0,-1,0,0,0,0,0,1,1,2
EZ,Invesco Dorsey Wright Consumer Cyclicals Momentum ETF,Financial,Exchange Traded Fund,USA,,,94.2,0.23%,185.0,0,0,0,0,0,0,0,0,0,0,0,0,0,0,0,0,0,0,0,0,0,0,0,1,0,0,0,0,1,0,1
FBC,"Preferred Bank (Los Angeles, CA)",Financial,Banks - Regional,USA,1250000000.0,9.61,105.23,-1.17%,118722.0,0,0,0,0,0,0,0,0,0,0,0,0,0,0,0,0,0,0,0,0,0,0,0,0,-1,0,0,0,0,1,1
FFA,Virtus InfraCap U.S. Preferred Stock ETF,Financial,Exchange Traded Fund,USA,,,19.75,-0.10%,861373.0,0,0,0,0,0,0,0,0,0,0,0,0,-1,0,0,0,0,0,0,0,0,0,0,0,0,0,0,0,0,1,1
FFL,ETRACSA 2xMonthlyA PayA LeveragedA PreferredA StockA IndexA ETN,Financial,Exchange Traded Fund,USA,,,6.76,-0.95%,935.0,0,0,0,0,0,0,0,0,1,0,0,0,0,0,0,0,0,0,0,0,0,0,0,0,0,0,0,0,1,0,1
FIG,Invesco Fundamental Investment Grade Corporate Bond ETF,Financial,Exchange Traded Fund,USA,,,23.03,0.01%,19848.0,0,0,0,0,0,1,0,0,0,0,0,0,0,0,0,0,0,0,0,0,0,0,0,0,0,0,0,0,1,0,1
FIS,Peoples Financial Services Corp,Financial,Banks - Regional,USA,691520000.0,12.24,69.08,-0.30%,40472.0,0,0,0,0,0,0,0,0,0,0,0,0,0,0,0,0,0,0,0,0,0,0,-1,0,0,0,0,0,0,1,1
FLT,PennantPark Floating Rate Capital Ltd,Financial,Asset Management,USA,672700000.0,13.39,6.78,-0.88%,924678.0,0,0,0,0,0,0,0,0,1,0,0,0,0,0,0,0,0,0,0,0,0,0,0,0,0,0,0,0,1,0,1
FO,Flaherty & Crumrine Preferred and Income Opportunity Fund Inc,Financial,Closed-End Fund - Debt,USA,111290000.0,,8.51,-1.16%,15000.0,0,0,0,0,0,0,0,0,1,0,0,0,0,0,0,0,0,0,0,0,0,0,0,0,0,0,0,0,1,0,1
FXF,VanEck Preferred Securities ex Financials ETF,Financial,Exchange Traded Fund,USA,,,17.69,-0.34%,873465.0,0,0,0,0,0,0,0,0,0,0,0,0,-1,0,0,0,0,0,0,0,0,0,0,1,0,0,-1,0,1,2,3
G,Procter & Gamble Co,Consumer Defensive,Household & Personal Products,USA,338970000000.0,22.05,145.94,0.71%,7039634.0,0,0,0,0,0,1,0,0,0,0,1,0,0,0,0,0,0,0,0,0,0,0,0,0,0,0,0,0,2,0,2
GC,Peapack-Gladstone Financial Corp,Financial,Banks - Regional,USA,786060000.0,15.42,44.34,-0.54%,107238.0,0,0,0,0,0,0,0,0,0,0,0,0,-1,-1,0,0,0,0,0,0,0,0,0,0,0,0,0,0,0,2,2
GEN,Precigen Inc,Healthcare,Biotechnology,USA,2770000000.0,,7.74,-9.37%,10254123.0,0,0,0,0,0,0,0,-1,0,0,0,0,0,0,0,0,0,0,0,0,0,0,0,0,0,0,0,0,0,1,1
GF,Invesco Financial Preferred ETF,Financial,Exchange Traded Fund,USA,,,12.7,-0.86%,160265.0,0,0,0,-1,0,0,0,0,0,0,0,0,0,0,0,0,0,0,0,0,0,0,0,0,0,0,0,0,0,1,1
GP,Pimco Global StocksPLUS & Income Fund,Financial,Closed-End Fund - Foreign,USA,96410000.0,,8.32,-1.22%,45379.0,0,0,0,0,0,0,0,0,0,0,0,0,-1,0,0,0,0,0,0,0,0,0,0,1,0,0,0,0,1,1,2
GR,Progressive Corp,Financial,Insurance - Property & Casualty,USA,123550000000.0,10.66,212.62,1.10%,2775046.0,0,0,0,0,0,0,0,0,1,0,0,0,0,0,0,0,0,0,0,0,0,0,0,0,0,0,0,0,1,0,1
GRO,Putnam Focused Large Cap Growth ETF,Financial,Exchange Traded Fund,USA,,,49.15,0.95%,3829.0,0,0,0,0,0,0,0,0,0,0,0,0,0,0,0,1,0,0,0,0,0,0,0,0,0,0,0,0,1,0,1
GZ,Principal Real Estate Income Fund,Financial,Closed-End Fund - Debt,USA,59380000.0,,8.87,-2.74%,14100.0,0,0,0,0,0,0,0,0,0,0,0,0,0,0,0,0,0,0,0,0,1,0,0,0,0,0,0,0,1,0,1
H,Parker-Hannifin Corp,Industrials,Specialty Industrial Machinery,USA,123050000000.0,34.25,975.68,0.32%,334950.0,0,0,0,0,0,0,0,0,0,0,0,0,0,0,0,0,0,0,0,0,0,0,0,0,0,0,0,1,1,0,1
HAR,Pharming Group NV ADR,Healthcare,Biotechnology,Netherlands,693640000.0,78.78,9.8,0.51%,10814.0,0,0,0,0,0,0,0,0,1,0,0,0,0,0,0,0,0,0,0,0,0,0,0,0,0,0,0,0,1,0,1
HAT,Phathom Pharmaceuticals Inc,Healthcare,Biotechnology,USA,542030000.0,,6.7,-3.18%,1104734.0,0,0,0,0,0,0,0,0,0,0,0,0,0,0,0,0,0,0,0,-1,0,0,0,0,0,0,0,0,0,1,1
HDG,Invesco S&P 500 Downside Hedged ETF,Financial,Exchange Traded Fund,USA,,,41.74,0.43%,258.0,0,0,0,0,0,0,0,0,1,0,0,0,0,0,0,1,0,0,0,0,0,0,0,0,0,0,0,0,2,0,2
HG,Koninklijke Philips NV ADR,Healthcare,Medical Devices,Netherlands,23370000000.0,17.81,23.91,-0.04%,1161681.0,0,0,0,0,0,1,0,0,0,0,0,0,0,0,0,0,0,0,0,-1,0,0,0,0,0,0,0,0,1,1,2
HIO,Phio Pharmaceuticals Corp,Healthcare,Biotechnology,USA,11510000.0,,0.99,0.60%,205642.0,0,0,0,0,0,0,0,0,0,0,0,0,-1,0,0,0,0,0,0,0,0,0,0,0,0,0,0,0,0,1,1
HOE,Phoenix Asia Holdings Ltd,Industrials,Engineering & Construction,Hong Kong,414070000.0,,19.17,1.43%,2287.0,0,0,0,0,0,1,0,0,0,0,0,0,0,0,0,0,0,0,0,0,0,0,0,0,0,0,0,0,1,0,1
HOX,Aura AI Photonics ETF,Financial,Exchange Traded Fund,USA,,,24.96,-0.35%,5177.0,0,0,0,0,0,0,0,0,0,0,1,0,0,0,0,0,0,0,0,0,0,0,0,0,0,0,0,0,1,0,1
HR,Phreesia Inc,Healthcare,Health Information Services,USA,643670000.0,61.4,10.37,2.98%,504162.0,0,0,0,-1,0,0,0,0,0,0,0,0,0,0,0,0,0,0,0,0,0,0,0,0,0,0,0,0,0,1,1
HVS,Pharvaris NV,Healthcare,Biotechnology,Netherlands,2130000000.0,,30.49,-2.24%,816234.0,0,0,0,0,0,1,0,0,0,0,0,0,0,0,0,0,0,0,0,0,0,0,0,0,0,0,0,0,1,0,1
HYL,PGIM Active High Yield Bond ETF,Financial,Exchange Traded Fund,USA,,,33.51,0.09%,213780.0,0,0,0,-1,0,0,0,0,1,0,0,0,0,0,0,0,0,0,0,0,0,0,0,0,0,0,0,0,1,1,2
IEL,Pacer International Export Leaders ETF,Financial,Exchange Traded Fund,USA,,,28.79,0.15%,12.0,0,0,0,0,0,0,0,0,0,0,1,0,0,0,0,0,0,0,0,0,0,0,-1,0,0,0,0,0,1,1,2
IFI,ClearShares Piton Intermediate Fixed Income ETF,Financial,Exchange Traded Fund,USA,,,90.83,0.04%,905.0,0,0,0,0,0,1,0,0,0,0,0,0,0,0,0,0,0,0,0,-1,0,0,0,0,0,0,0,0,1,1,2
IM,Franklin Master Intermediate Income Trust,Financial,Closed-End Fund - Debt,USA,143110000.0,,2.97,-0.67%,347024.0,0,0,0,-1,0,0,0,0,0,0,0,0,0,0,0,0,0,0,0,0,0,0,0,0,0,0,0,0,0,1,1
IPE,Invesco SteelPath MLP & Energy Infrastructure ETF,Financial,Exchange Traded Fund,USA,,,29.14,0.66%,2674.0,0,0,0,0,0,0,0,0,0,0,0,0,0,0,0,0,0,0,0,0,0,0,0,0,-1,0,0,0,0,1,1
JFG,PGIM Jennison Focused Growth ETF,Financial,Exchange Traded Fund,USA,,,123.25,0.93%,2549.0,0,0,0,0,0,0,0,-1,0,0,0,0,0,0,0,0,0,0,0,0,0,0,0,0,0,0,0,0,0,1,1
JFM,PGIM Jennison Focused Mid-Cap ETF,Financial,Exchange Traded Fund,USA,,,65.99,-0.02%,10.0,0,0,0,0,0,0,0,0,0,0,0,0,-1,0,0,0,0,0,0,0,0,0,0,0,0,0,0,0,0,1,1
JIO,PGIM Jennison Focused International Equity ETF,Financial,Exchange Traded Fund,USA,,,64.81,0.81%,668.0,0,0,0,0,0,0,0,0,0,0,0,0,0,0,0,1,0,0,0,0,0,0,0,0,0,0,0,0,1,0,1
JUL,Innovator U.S. Equity Power Buffer ETF - July,Financial,Exchange Traded Fund,USA,,,50.08,0.43%,19409.0,0,0,0,0,0,0,0,-1,0,0,1,0,0,0,0,0,0,0,0,0,0,0,0,0,0,0,0,0,1,1,2
JUN,Innovator U.S. Equity Power Buffer ETF - June,Financial,Exchange Traded Fund,USA,,,44.35,0.34%,20837.0,0,0,0,0,0,1,0,0,0,0,0,0,0,0,0,1,0,0,0,0,0,0,0,0,0,0,0,0,2,0,2
KBK,Parke Bancorp Inc,Financial,Banks - Regional,USA,385310000.0,8.53,32.76,-0.33%,40265.0,0,0,0,0,0,0,0,0,0,0,0,0,0,0,0,0,0,0,0,0,0,0,-1,0,0,0,0,0,0,1,1
KE,Park Aerospace Corp,Industrials,Aerospace & Defense,USA,653620000.0,48.35,30.05,-1.22%,180387.0,0,1,0,0,0,1,0,0,0,0,0,0,0,0,0,0,0,0,0,0,0,0,0,0,0,0,0,0,2,0,2
KX,POSCO Holdings Inc ADR,Basic Materials,Steel,South Korea,17610000000.0,19.09,58.23,1.11%,146139.0,0,0,0,0,0,0,0,0,1,0,0,0,0,0,0,0,0,0,0,0,0,0,0,0,0,0,0,0,1,0,1
LAB,Photronics Inc,Technology,Semiconductor Equipment & Materials,USA,1830000000.0,10.98,31.07,-1.33%,723840.0,0,0,0,0,0,0,0,0,1,1,0,0,0,0,0,0,0,0,0,0,0,0,0,0,0,0,0,0,2,0,2
LAY,Dave & Buster's Entertainment Inc,Communication Services,Entertainment,USA,235460000.0,,6.76,0.15%,2604407.0,0,0,0,0,0,0,0,0,0,0,0,0,-1,-1,0,0,0,0,0,0,0,0,0,0,0,0,0,0,0,2,2
LBC,Plumas Bancorp,Financial,Banks - Regional,USA,429790000.0,12.15,61.76,-1.25%,32357.0,0,0,0,0,0,0,0,0,0,0,0,0,-1,0,0,0,0,0,0,0,0,0,0,0,0,0,0,0,0,1,1
LBL,Polibeli Group Ltd,Consumer Cyclical,Department Stores,Indonesia,2080000000.0,,5.67,0.35%,185065.0,0,0,0,0,0,0,0,0,0,0,0,0,0,0,0,0,0,0,0,0,0,0,0,1,0,0,0,0,1,0,1
LBY,Playboy Inc,Consumer Cyclical,Apparel Manufacturing,USA,123400000.0,429.17,1.03,-0.96%,343598.0,0,1,0,0,0,0,0,0,1,0,0,0,0,0,0,0,0,0,0,0,0,0,0,0,0,0,0,0,2,0,2
LCE,Childrens Place Inc,Consumer Cyclical,Apparel Manufacturing,USA,42470000.0,,1.91,-4.02%,272999.0,0,0,0,0,0,0,0,0,1,0,0,0,0,0,0,0,0,0,0,0,0,0,0,0,0,0,0,0,1,0,1
LGI,PL Growth and Income ETF,Financial,Exchange Traded Fund,USA,,,25.63,0.65%,6296.0,0,0,0,0,0,0,0,0,0,0,0,0,0,0,0,0,0,0,0,0,0,0,0,1,0,0,0,0,1,0,1
LGO,Pelagos Insurance Capital Ltd,Financial,Insurance - Diversified,Bermuda,2029999999.9999998,6.01,24.53,1.15%,456988.0,0,0,0,0,0,0,0,0,0,0,0,0,-1,0,0,0,0,0,0,0,0,0,0,0,0,0,0,0,0,1,1
LNT,Planet Fitness Inc,Consumer Cyclical,Leisure,USA,3180000000.0,14.27,42.07,-0.80%,2210750.0,0,0,0,0,0,0,0,0,0,0,1,0,0,0,0,0,0,0,0,0,0,0,0,0,0,0,0,0,1,0,1
LRX,Pliant Therapeutics Inc,Healthcare,Biotechnology,USA,63780000.0,,1.03,-0.48%,295615.0,0,0,0,0,0,0,0,0,1,0,0,0,0,0,0,0,0,0,0,0,0,0,0,0,0,0,0,0,1,0,1
LTM,GraniteShares Platinum Shares,Financial,Exchange Traded Fund,USA,,,16.52,1.04%,126441.0,0,0,0,0,0,0,0,0,1,0,0,0,0,0,0,0,0,0,0,0,0,0,0,0,0,0,0,0,1,0,1
LTW,Roundhill PLTR WeeklyPay ETF,Financial,Exchange Traded Fund,USA,,,24.75,-1.24%,152408.0,0,0,0,0,0,0,0,0,0,0,1,0,0,0,0,0,0,0,0,0,0,0,0,0,0,0,0,0,1,0,1
LTY,YieldMax PLTR Option Income Strategy ETF,Financial,Exchange Traded Fund,USA,,,36.74,0.19%,77872.0,0,0,0,0,0,0,0,0,0,0,1,0,0,0,0,0,0,0,0,0,0,0,0,0,0,0,0,0,1,0,1
LXS,Plexus Corp,Technology,Electronic Components,USA,7280000000.0,40.3,273.18,0.02%,237102.0,0,0,0,0,0,0,0,0,1,1,0,0,0,0,0,0,0,0,0,0,0,0,0,0,0,0,0,0,2,0,2
MA,PMA Graphene Technology Group Inc,Industrials,Engineering & Construction,Hong Kong,15570000.0,,1.2,-2.44%,8488.0,0,0,0,0,0,0,0,0,1,0,1,1,0,0,0,1,0,0,0,0,0,0,0,0,0,0,0,0,4,0,4
MCB,PharmaCyte Biotech Inc,Healthcare,Biotechnology,USA,4190000.0000000005,,0.39,-2.50%,73620.0,0,0,0,0,0,0,0,0,1,0,0,0,0,0,0,0,0,0,0,0,0,0,0,0,0,0,0,0,1,0,1
MMF,iShares Prime Money Market ETF,Financial,Exchange Traded Fund,USA,,,100.31,0.04%,289743.0,0,0,0,0,0,0,0,0,0,0,0,0,-1,-1,0,0,0,0,0,0,0,0,0,0,0,0,0,0,0,2,2
MN,ProMIS Neurosciences Inc,Healthcare,Biotechnology,Canada,84030000.0,,9.37,-0.32%,38214.0,0,0,0,0,0,0,0,0,1,0,0,0,0,0,0,0,0,0,0,0,0,0,0,0,0,0,0,0,1,0,1
MT,Pennymac Mortgage Investment Trust,Real Estate,REIT - Mortgage,USA,686280000.0,5.51,7.87,0.90%,2913862.0,0,0,0,0,0,0,0,0,0,0,0,0,0,0,0,0,0,0,0,-1,0,0,0,0,0,0,0,0,0,1,1
MTS,CPI Card Group Inc,Financial,Credit Services,USA,286210000.0,21.3,24.69,-0.68%,115018.0,0,0,0,0,0,1,0,0,0,0,0,0,0,0,0,0,0,0,0,0,0,0,0,0,0,0,0,0,1,0,1
MVP,PMV Pharmaceuticals Inc,Healthcare,Biotechnology,USA,134410000.0,,1.78,-0.56%,1185465.0,0,0,0,0,0,0,0,0,0,0,0,0,-1,0,0,0,0,0,0,0,0,0,0,0,0,0,0,0,0,1,1
NBK,Patriot National Bancorp Inc,Financial,Banks - Regional,USA,114260000.0,,0.93,-0.56%,52041.0,0,0,0,0,0,0,0,0,0,0,0,0,0,0,0,0,0,0,0,0,0,0,0,0,0,1,0,0,1,0,1
NR,Pentair plc,Industrials,Specialty Industrial Machinery,United Kingdom,8430000000.0,13.28,52.78,-0.47%,2230271.0,0,0,0,0,0,0,0,0,0,0,0,0,0,0,0,0,0,0,0,-1,0,0,0,0,0,0,0,0,0,1,1
NRG,PrimeEnergy Resources Corp,Energy,Oil & Gas E&P,USA,331820000.0,20.2,209.67,2.45%,55993.0,0,0,0,0,0,0,0,0,0,0,0,0,-1,0,0,0,0,0,0,0,0,0,0,0,0,0,0,0,0,1,1
OCI,Precision Optics Corp Inc,Healthcare,Medical Instruments & Supplies,USA,48940000.0,,4.46,0.00%,34418.0,0,0,0,0,0,0,0,0,0,0,1,0,0,0,0,0,0,0,0,0,0,0,0,0,0,0,0,0,1,0,1
OCT,Innovator U.S. Equity Power Buffer ETF - October,Financial,Exchange Traded Fund,USA,,,48.32,0.39%,347595.0,0,0,0,-1,0,0,0,0,0,0,0,0,0,0,0,0,0,0,0,0,0,0,0,0,0,0,0,0,0,1,1
ODC,PodcastOne Inc,Communication Services,Internet Content & Information,USA,68670000.0,,2.27,-3.40%,85471.0,0,0,0,0,0,0,0,0,0,0,0,0,0,0,0,0,0,0,0,0,0,0,0,1,0,0,0,0,1,0,1
ODD,Insulet Corp,Healthcare,Medical Devices,USA,9410000000.0,26.89,135.62,2.98%,1940340.0,0,0,0,0,0,0,0,0,1,1,0,0,0,0,0,0,0,0,0,0,0,0,0,0,0,0,0,0,2,0,2
OLA,Polar Power Inc,Industrials,Electrical Equipment & Parts,USA,4960000.0,,1.15,-0.86%,343919.0,0,0,0,0,0,0,0,0,0,0,0,0,-1,0,0,0,0,0,0,0,0,0,0,0,0,0,0,0,0,1,1
ONY,Pony AI Inc ADR,Technology,Information Technology Services,China,2160000000.0,,6.11,0.66%,6300505.0,0,0,0,0,0,0,0,0,1,0,0,0,0,0,0,0,0,0,0,0,0,0,0,0,0,0,0,0,1,0,1
OOL,Pool Corp,Industrials,Industrial Distribution,USA,5790000000.0,14.65,159.35,-1.29%,855817.0,0,0,0,-1,0,0,0,0,0,0,0,0,0,0,0,0,0,0,0,0,0,0,0,0,0,0,0,0,0,1,1
OR,Portland General Electric Co,Utilities,Utilities - Regulated Electric,USA,5200000000.0,19.58,44.25,-0.67%,1795273.0,0,1,0,0,0,0,0,0,0,0,0,0,0,0,0,0,0,0,0,0,1,0,0,0,0,0,0,0,2,0,2
OST,Post Holdings Inc,Consumer Defensive,Packaged Foods,USA,3190000000.0,13.35,72.68,0.17%,875376.0,0,0,0,0,0,0,0,0,1,0,0,0,0,0,0,0,0,0,0,0,0,0,0,0,0,0,0,0,1,0,1
OW,VistaShares Electrification Supercycle ETF,Financial,Exchange Traded Fund,USA,,,27.15,0.25%,17089.0,0,0,0,0,0,1,0,0,0,0,0,0,0,0,0,1,0,0,0,0,0,0,0,0,0,0,0,0,2,0,2
OWA,Invesco Bloomberg Pricing Power ETF,Financial,Exchange Traded Fund,USA,,,87.58,0.46%,783.0,0,0,0,0,0,0,0,0,0,0,1,0,0,0,0,0,0,0,0,0,0,0,0,0,0,0,0,0,1,0,1
OWR,iShares U.S. Power Infrastructure ETF,Financial,Exchange Traded Fund,USA,,,24.88,0.53%,173922.0,0,0,0,0,0,1,0,0,0,0,0,0,0,0,0,0,0,0,0,0,0,0,0,0,0,0,0,0,1,0,1
PA,Invesco Aerospace & Defense ETF,Financial,Exchange Traded Fund,USA,,,155.46,-0.15%,216324.0,0,0,0,0,0,0,0,-1,0,0,0,0,0,0,0,0,0,0,0,0,0,0,0,0,0,0,0,0,0,1,1
PC,Pilgrim's Pride Corp,Consumer Defensive,Packaged Foods,USA,6660000000.0,12.24,27.99,1.78%,1964622.0,0,0,0,0,0,1,0,0,0,0,0,0,0,0,0,0,0,0,0,0,0,0,0,0,0,0,0,0,1,0,1
PL,PPL Corp,Utilities,Utilities - Regulated Electric,USA,24800000000.0,19.57,32.95,0.46%,6790622.0,0,0,0,0,0,0,0,0,1,0,0,0,0,0,0,0,0,0,0,0,0,0,0,0,0,0,0,0,1,0,1
PLT,Abrdn Platinum Shares ETF,Financial,Exchange Traded Fund,USA,,,15.58,0.97%,2408947.0,0,0,0,0,0,0,0,0,1,0,0,0,0,0,0,0,0,0,0,0,0,0,0,0,0,0,0,0,1,0,1
PTA,Perpetua Resources Corp,Basic Materials,Other Precious Metals & Mining,USA,2540000000.0,,20.33,-0.25%,1245656.0,0,0,0,0,0,0,0,0,0,0,0,0,0,0,0,0,0,0,0,-1,0,0,0,0,0,0,0,0,0,1,1
QUS,Pictet AI Enhanced US Equity ETF,Financial,Exchange Traded Fund,USA,,,28.93,0.54%,11821.0,0,1,0,0,0,0,0,0,0,0,1,0,0,0,0,0,0,0,0,0,0,0,-1,0,0,0,0,0,2,1,3
QV,PGIM S&P 500 Quarterly Buffer 5 ETF,Financial,Exchange Traded Fund,USA,,,25.72,0.38%,12.0,0,0,0,0,0,0,0,-1,0,0,1,0,0,0,0,0,0,0,0,0,0,0,-1,0,0,0,0,0,1,2,3
R,Permian Resources Holdings Inc,Energy,Oil & Gas E&P,USA,18620000000.0,14.76,22.23,0.50%,8498122.0,0,0,0,-1,0,0,0,0,0,0,0,0,0,0,0,0,0,0,0,0,0,0,0,0,0,0,0,0,0,1,1
RAB,State Street IG Public & Private ABS ETF,Financial,Exchange Traded Fund,USA,,,24.67,-0.06%,20.0,0,0,0,0,0,0,0,0,1,1,0,0,0,0,0,0,0,0,0,0,0,0,0,0,0,0,0,0,2,0,2
RAY,FIS Trust,Financial,Exchange Traded Fund,USA,,,35.43,0.70%,6372.0,0,0,0,0,0,0,0,0,0,0,0,0,0,0,0,0,0,0,0,0,0,0,-1,0,0,0,0,0,0,1,1
RDO,Perdoceo Education Corp,Consumer Defensive,Education & Training Services,USA,1970000000.0,11.46,31.54,-1.16%,648044.0,0,0,0,0,0,0,0,0,1,0,0,0,0,0,0,0,0,0,0,0,0,0,0,0,0,0,0,0,1,0,1
RF,Invesco RAFI US 1000 ETF,Financial,Exchange Traded Fund,USA,,,55.12,0.53%,326687.0,0,0,0,0,0,0,0,0,0,0,0,0,0,0,0,0,0,0,0,0,0,0,-1,0,0,0,0,0,0,1,1
RM,Perimeter Solutions Inc,Basic Materials,Specialty Chemicals,USA,4590000000.0,,28.07,2.26%,1088420.0,0,0,0,0,0,0,0,0,0,0,0,0,-1,0,0,0,0,0,0,0,0,0,0,0,0,0,0,0,0,1,1
RMB,Primo Brands Corp,Consumer Defensive,Beverages - Non-Alcoholic,USA,7200000000.0,72.71,19.88,1.90%,5914740.0,0,0,0,0,0,0,0,-1,0,0,0,0,0,0,0,0,0,0,0,0,0,0,0,0,0,0,0,0,0,1,1
RME,Prime Medicine Inc,Healthcare,Biotechnology,USA,582220000.0,,3.21,7.72%,4716863.0,0,0,0,0,0,0,0,0,0,0,1,0,0,0,0,0,0,0,0,0,0,0,0,0,0,0,0,0,1,0,1
RMR,PeakShares RMR Prime Equity ETF,Financial,Exchange Traded Fund,USA,,,28.9,0.35%,17438.0,0,0,0,-1,0,0,0,-1,0,0,0,0,0,0,0,0,0,0,0,0,0,0,0,0,0,0,0,0,0,2,2
RN,Invesco Dorsey Wright Industrials Momentum ETF,Financial,Exchange Traded Fund,USA,,,202.18,0.10%,126621.0,0,0,0,0,0,0,0,0,1,0,0,0,0,0,0,0,0,0,0,0,0,0,0,0,0,0,0,0,1,0,1
RNT,ARK 3D Printing ETF,Financial,Exchange Traded Fund,USA,,,25.61,1.48%,18906.0,0,0,0,0,0,0,0,0,0,0,1,0,0,0,0,0,0,0,0,0,0,0,-1,0,0,0,0,0,1,1,2
ROK,ProKidney Corp,Healthcare,Biotechnology,USA,477670000.0,,1.58,-8.14%,985935.0,0,0,0,0,0,1,0,0,0,0,0,0,0,0,0,0,0,0,0,0,0,0,0,0,0,0,0,0,1,0,1
ROP,Prairie Operating Co,Energy,Oil & Gas E&P,USA,43130000.0,,0.38,1.73%,664303.0,0,0,0,0,0,0,0,0,1,0,0,0,0,0,0,0,0,0,0,0,0,0,0,0,0,0,0,0,1,0,1
RSD,State Street Short Duration IG Public & Private Credit ETF,Financial,Exchange Traded Fund,USA,,,24.66,0.28%,16325.0,0,0,0,0,0,0,0,0,0,0,0,0,0,0,0,0,0,0,0,-1,0,0,0,0,0,0,0,0,0,1,1
RT,PermRock Royalty Trust,Energy,Oil & Gas E&P,USA,22870000.0,8.0,1.88,0.01%,26491.0,0,0,0,0,0,0,0,0,1,0,0,0,0,0,0,0,0,0,0,0,0,0,0,0,0,0,0,0,1,0,1
SBD,Palmer Square Capital BDC Inc,Financial,Asset Management,USA,296390000.0,,9.67,-1.02%,82759.0,0,0,0,0,0,0,0,0,0,0,0,0,-1,0,0,0,0,0,0,0,0,0,0,1,0,0,0,0,1,1,2
SCE,Invesco S&P SmallCap Energy ETF,Financial,Exchange Traded Fund,USA,,,60.11,1.70%,13095.0,0,1,0,-1,0,0,0,0,0,0,1,0,0,0,0,0,0,0,0,0,0,0,0,0,-1,0,0,0,2,2,4
SCM,Invesco S&P SmallCap Materials ETF,Financial,Exchange Traded Fund,USA,,,97.18,1.18%,205.0,0,0,0,0,0,0,0,0,1,0,0,0,0,0,0,0,0,0,0,0,0,0,0,0,0,0,0,0,1,0,1
SCU,Invesco S&P SmallCap Utilities & Communication Services ETF,Financial,Exchange Traded Fund,USA,,,59.66,-0.75%,364.0,0,0,0,0,0,0,0,0,0,0,1,1,0,0,0,0,0,0,0,0,0,0,0,0,-1,0,0,0,2,1,3
SCW,Pacer Swan SOS Conservative (April) ETF,Financial,Exchange Traded Fund,USA,,,30.77,0.15%,6.0,0,0,0,0,0,0,0,0,0,0,0,0,0,0,0,0,0,1,0,0,0,0,0,0,0,0,0,0,1,0,1
SEP,Innovator U.S. Equity Power Buffer ETF - September,Financial,Exchange Traded Fund,USA,,,47.27,0.42%,46702.0,0,0,0,0,0,0,0,-1,0,0,0,0,0,0,0,0,0,0,0,0,0,0,0,0,0,0,0,0,0,1,1
SFE,Paysafe Limited,Technology,Software - Infrastructure,United Kingdom,293970000.0,,5.63,4.45%,284607.0,0,0,0,0,0,0,0,0,1,0,0,0,0,0,0,0,0,0,0,0,0,0,0,0,0,0,0,0,1,0,1
SLV,Sprott Physical Silver Trust,Financial,Asset Management,Canada,12060000000.0,,19.78,1.18%,5910209.0,0,0,0,0,0,0,0,0,1,0,0,0,0,0,0,0,0,0,0,0,0,0,0,0,0,0,0,0,1,0,1
SMT,Pricesmart Inc,Consumer Defensive,Discount Stores,USA,5300000000.0,33.02,171.81,0.66%,347465.0,0,0,0,0,0,0,0,0,0,0,0,0,0,0,0,0,0,0,0,0,0,0,-1,0,0,0,0,0,0,1,1
SO,Pearson plc ADR,Communication Services,Publishing,United Kingdom,9730000000.0,24.42,16.24,0.74%,604014.0,0,0,0,0,0,0,0,0,0,0,0,0,0,0,0,0,0,0,0,0,0,0,-1,0,0,0,0,0,0,1,1
SP,Invesco Global Listed Private Equity ETF,Financial,Exchange Traded Fund,USA,,,55.93,-0.59%,36681.0,0,0,0,0,0,0,0,0,0,0,0,0,0,0,0,0,0,0,0,0,0,0,0,1,0,0,0,0,1,0,1
SQ,ProShares Short QQQ -1x Shares,Financial,Exchange Traded Fund,USA,,,24.3,-0.90%,15736341.0,0,0,0,0,0,0,0,0,1,0,0,0,0,0,0,0,0,0,0,0,0,0,0,0,0,0,0,0,1,0,1
SQA,Palmer Square CLO Senior Debt ETF,Financial,Exchange Traded Fund,USA,,,20.56,-0.19%,62433.0,0,0,0,-1,0,0,0,0,0,0,0,0,0,0,0,0,0,0,0,0,0,0,0,0,0,0,0,0,0,1,1
SQO,Palmer Square Credit Opportunities ETF,Financial,Exchange Traded Fund,USA,,,20.57,0.27%,48948.0,0,0,0,0,0,0,0,0,0,0,1,0,0,0,0,0,0,0,0,0,0,0,-1,0,0,0,0,0,1,1,2
STL,Postal Realty Trust Inc,Real Estate,REIT - Office,USA,798980000.0,41.25,22.38,-1.37%,307250.0,0,0,0,0,0,0,0,0,0,0,0,0,-1,0,0,0,0,0,0,0,0,0,0,0,0,0,0,0,0,1,1
SWD,Xtrackers Cybersecurity Select Equity ETF,Financial,Exchange Traded Fund,USA,,,49.05,0.93%,605.0,0,0,0,0,0,1,0,-1,0,0,0,0,0,0,0,0,0,0,0,0,0,0,0,0,0,0,0,0,1,1,2
TC,PTC Inc,Technology,Software - Application,USA,20860000000.0,18.59,192.26,33.49%,29553316.0,0,0,0,0,0,0,0,0,0,0,0,0,0,0,0,0,0,0,0,0,0,0,0,0,0,0,0,1,1,0,1
TEN,Patterson-UTI Energy Inc,Energy,Oil & Gas Drilling,USA,4400000000.0,,11.55,3.03%,6815728.0,0,0,0,0,0,0,0,0,0,0,0,0,0,0,0,0,0,0,0,0,0,0,-1,0,0,0,0,0,0,1,1
TF,Invesco Dorsey Wright Technology Momentum ETF,Financial,Exchange Traded Fund,USA,,,112.89,0.57%,78782.0,0,0,0,0,0,0,0,0,0,0,0,0,-1,0,0,0,0,0,0,0,0,0,0,0,0,0,0,0,0,1,1
TIN,Pacer Trendpilot International ETF,Financial,Exchange Traded Fund,USA,,,36.82,-0.02%,21140.0,0,0,0,-1,0,0,0,0,0,0,0,0,0,0,0,0,0,1,0,0,0,0,0,0,0,0,0,0,1,1,2
TL,Inspire 500 ETF,Financial,Exchange Traded Fund,USA,,,277.2,0.49%,18697.0,0,0,0,0,0,0,0,0,0,0,0,0,0,0,0,0,0,0,0,0,1,0,-1,0,0,0,0,0,1,1,2
TLC,Pacer Trendpilot US Large Cap ETF,Financial,Exchange Traded Fund,USA,,,60.5,0.73%,81098.0,0,1,0,0,0,0,0,-1,0,0,1,0,0,0,0,0,0,0,0,0,0,0,-1,0,0,0,0,0,2,2,4
TN,Palatin Technologies Inc,Healthcare,Biotechnology,USA,16890000.0,,9.48,1.61%,13007.0,0,0,0,0,0,0,0,0,1,0,0,0,0,0,0,0,0,0,0,0,0,0,0,0,0,0,0,0,1,0,1
TNT,Corgi IP Licensing & Royalties ETF,Financial,Exchange Traded Fund,USA,,,24.62,0.26%,13.0,0,0,0,0,0,0,0,0,0,0,0,0,-1,0,0,0,0,0,0,0,0,0,0,1,0,0,0,0,1,1,2
ULM,Pulmatrix Inc,Healthcare,Biotechnology,USA,5400000.0,,1.48,-5.73%,24305.0,0,0,0,0,0,0,0,0,0,0,0,0,0,0,0,0,0,0,0,0,0,0,0,0,0,1,0,0,1,0,1
ULS,PGIM Ultra Short Bond ETF,Financial,Exchange Traded Fund,USA,,,49.47,0.00%,3074545.0,0,1,0,-1,0,0,0,0,0,0,0,0,0,0,0,0,0,0,0,0,0,0,0,0,0,0,0,0,1,1,2
UMP,ProPetro Holding Corp,Energy,Oil & Gas Equipment & Services,USA,1180000000.0,,9.59,3.45%,4073786.0,0,0,0,0,0,0,0,0,1,0,0,0,0,0,0,0,0,0,0,0,0,0,0,0,0,0,0,0,1,0,1
USH,PGIM Ultra Short Municipal Bond ETF,Financial,Exchange Traded Fund,USA,,,49.82,-0.08%,42181.0,0,1,0,0,0,0,0,0,0,0,0,0,0,0,0,0,0,0,0,-1,0,0,0,0,0,0,0,0,1,1,2
VEX,TrueShares ConVex Protect ETF,Financial,Exchange Traded Fund,USA,,,31.23,0.75%,12741.0,0,1,0,0,0,0,0,0,0,0,0,0,0,0,0,0,0,0,0,0,0,0,0,0,0,0,0,0,1,0,1
VH,PVH Corp,Consumer Cyclical,Apparel Manufacturing,USA,3460000000.0,,74.9,-0.83%,1034683.0,0,0,0,0,0,0,0,0,1,0,0,0,0,0,0,0,0,0,0,0,0,0,0,0,0,0,0,0,1,0,1
VI,Invesco Floating Rate Municipal Income ETF,Financial,Exchange Traded Fund,USA,,,24.9,0.09%,5337.0,0,0,0,0,0,0,0,0,0,0,0,0,0,0,0,0,0,1,0,0,0,0,0,0,0,0,0,0,1,0,1
VL,Permianville Royalty Trust,Energy,Oil & Gas E&P,USA,59070000.0,10.23,1.79,-1.92%,79091.0,0,0,0,0,0,0,0,0,0,0,0,0,-1,0,0,0,0,0,0,0,0,0,0,0,0,0,0,0,0,1,1
WCM,PowerCompute Inc,Financial,Capital Markets,USA,2320000.0,,0.96,7.00%,282998.0,0,1,0,0,0,0,0,0,0,0,0,0,0,0,0,0,0,0,0,0,0,0,0,0,0,0,0,0,1,0,1
WER,Nomura Energy Transition ETF,Financial,Exchange Traded Fund,USA,,,44.28,0.49%,103.0,0,0,0,0,0,0,0,0,0,0,1,0,0,0,0,0,0,0,0,0,0,0,0,0,-1,0,0,0,1,1,2
WRD,TCW Transform Systems ETF,Financial,Exchange Traded Fund,USA,,,108.29,0.65%,74369.0,0,0,0,0,0,0,0,0,1,0,0,0,0,0,0,0,0,0,0,0,0,0,0,0,0,0,0,0,1,0,1
WRZ,TrueShares Eagle Global Next Gen Power Infrastructure ETF,Financial,Exchange Traded Fund,USA,,,28.91,-0.63%,117.0,0,0,0,0,0,0,0,0,1,0,0,0,0,0,0,0,0,0,0,0,0,0,0,0,0,0,0,0,1,0,1
XED,Phoenix Education Partners Inc,Consumer Defensive,Education & Training Services,USA,883520000.0,10.99,24.51,-2.39%,91168.0,0,0,0,0,0,0,0,0,0,0,0,0,-1,0,0,0,0,0,0,0,0,0,0,0,0,0,0,0,0,1,1
XH,Invesco RAFI Emerging Markets ETF,Financial,Exchange Traded Fund,USA,,,29.72,2.17%,217055.0,0,0,0,0,0,0,0,-1,0,0,0,0,0,0,0,0,0,0,0,0,0,0,0,0,0,0,0,0,0,1,1
XI,Invesco Dorsey Wright Energy Momentum ETF,Financial,Exchange Traded Fund,USA,,,64.24,1.90%,300747.0,0,1,0,0,0,0,0,0,0,0,0,0,0,0,0,0,0,0,0,0,0,0,0,0,0,0,0,0,1,0,1
XLW,Pixelworks Inc,Technology,Semiconductors,USA,41260000.0,,6.82,-2.99%,12560.0,0,0,0,0,0,0,0,0,0,0,1,1,0,0,0,0,0,0,0,0,0,0,0,0,0,0,0,0,2,0,2
YPY,YieldMax PYPL Option Income Strategy ETF,Financial,Exchange Traded Fund,USA,,,25.96,4.51%,20118.0,0,0,0,0,0,0,0,0,0,0,1,0,0,0,0,0,0,0,0,0,0,0,0,0,0,0,0,0,1,0,1
YZ,Invesco Dorsey Wright Basic Materials Momentum ETF,Financial,Exchange Traded Fund,USA,,,116.48,1.35%,3411.0,0,0,0,0,0,0,0,0,0,0,0,0,0,0,0,0,0,0,0,0,1,0,0,0,0,0,0,0,1,0,1
ZG,Paramount Gold Nevada Corp,Basic Materials,Gold,USA,99150000.0,,1.15,-4.17%,194144.0,0,0,0,0,0,0,0,0,0,0,0,0,-1,0,0,0,0,0,0,0,0,0,0,0,0,0,0,0,0,1,1
ZLV,Pzena U.S. Large Cap Value ETF,Financial,Exchange Traded Fund,USA,,,30.19,0.68%,16.0,0,0,0,0,0,0,0,0,1,0,0,0,0,0,0,0,0,0,0,0,0,0,0,0,0,0,0,0,1,0,1
ZZA,Papa John's International Inc,Consumer Cyclical,Restaurants,USA,643290000.0,24.53,19.54,0.57%,2511480.0,0,1,0,0,0,0,0,0,0,0,0,0,-1,-1,0,0,0,0,0,0,0,0,0,0,0,0,0,0,1,2,3
,Qnity Electronics Inc,Technology,Semiconductor Equipment & Materials,USA,27520000000.0,47.1,131.53,0.04%,1901967.0,0,1,0,0,0,1,0,0,1,1,0,0,0,0,0,0,0,0,0,0,0,0,0,0,0,0,0,0,4,0,4
AI,NYLIM Hedge Multi-Strategy Tracker ETF,Financial,Exchange Traded Fund,USA,,,36.29,0.14%,37839.0,0,0,0,0,0,0,0,0,0,0,1,0,0,0,0,0,0,0,0,0,0,0,-1,0,0,0,0,0,1,1,2
ARP,Xtrackers Russell 1000 US Quality at a Reasonable Price ETF,Financial,Exchange Traded Fund,USA,,,67.55,0.57%,365.0,0,0,0,-1,0,0,0,0,0,0,0,0,0,0,0,0,0,0,0,0,0,0,0,0,0,0,0,0,0,1,1
BKV,AllianzIM U.S. Small Cap Buffer5 ETF,Financial,Exchange Traded Fund,USA,,,27.09,0.35%,5562.0,0,0,0,0,0,0,0,0,1,0,0,0,0,0,0,0,0,0,0,0,0,0,0,0,0,0,0,0,1,0,1
BSV,AllianzIM U.S Equity Buffer5 ETF,Financial,Exchange Traded Fund,USA,,,27.37,0.22%,307.0,0,0,0,0,0,1,0,0,0,0,1,1,0,0,0,0,0,1,0,0,0,0,0,0,-1,0,0,0,4,1,5
BUF,Innovator Nasdaq-100 10 Buffer ETF Quarterly,Financial,Exchange Traded Fund,USA,,,31.09,0.35%,37676.0,0,0,0,-1,0,0,0,0,0,0,0,0,0,0,0,0,0,0,0,0,0,0,0,0,0,0,0,0,0,1,1
BUL,TrueShares Quarterly Bull Hedge ETF,Financial,Exchange Traded Fund,USA,,,24.11,0.12%,431.0,0,0,0,0,0,0,0,0,0,0,0,0,-1,-1,0,0,0,0,0,0,0,0,0,0,0,0,0,0,0,2,2
CJL,FT Vest Nasdaq-100 Conservative Buffer ETF - July,Financial,Exchange Traded Fund,USA,,,26.29,0.30%,581.0,0,0,0,0,0,0,0,-1,0,0,0,0,0,0,0,0,0,0,0,0,0,0,0,0,0,0,0,0,0,1,1
CLR,Global X NASDAQ 100 Collar 95-110 ETF,Financial,Exchange Traded Fund,USA,,,28.42,0.42%,204.0,0,0,0,0,0,0,0,0,0,0,1,0,-1,0,0,0,0,0,0,0,0,0,0,0,0,0,0,0,1,1,2
CMD,Direxion Daily QCOM Bear 1X ETF,Financial,Exchange Traded Fund,USA,,,16.02,2.45%,7183.0,0,0,0,0,0,0,0,0,1,0,0,0,0,0,0,0,0,0,0,0,0,0,0,0,0,0,0,0,1,0,1
CMU,Direxion Daily QCOM Bull 2X ETF,Financial,Exchange Traded Fund,USA,,,21.68,-4.51%,189698.0,0,0,0,0,0,0,0,0,0,0,0,0,-1,0,0,0,0,0,0,0,0,0,0,1,0,0,0,0,1,1,2
DEL,QuidelOrtho Corp,Healthcare,Medical Devices,USA,832510000.0,,12.14,12.72%,2693172.0,0,0,0,0,0,0,0,0,0,0,1,0,0,0,0,0,0,0,0,0,0,0,0,0,0,0,0,0,1,0,1
DVO,Amplify CWP Growth & Income ETF,Financial,Exchange Traded Fund,USA,,,30.34,0.43%,177885.0,0,0,0,0,0,0,0,-1,0,0,0,0,0,0,0,0,0,0,0,0,0,0,0,0,0,0,0,0,0,1,1
EMM,State Street SPDR MSCI Emerging Markets StrategicFactors ETF,Financial,Exchange Traded Fund,USA,,,82.31,1.50%,1440.0,0,0,0,0,0,0,0,0,0,0,1,0,0,0,0,0,0,0,0,0,0,0,0,0,-1,0,0,0,1,1,2
ETA,Quetta Acquisition Corp,Financial,Shell Companies,USA,41090000.0,49.54,11.79,0.00%,525.0,0,0,0,0,0,1,0,0,0,0,0,0,0,0,0,0,0,0,0,0,0,0,0,0,0,0,0,0,1,0,1
FF,Qualivian Focus Fund ETF,Financial,Exchange Traded Fund,USA,,,24.59,0.74%,3703.0,0,0,0,0,0,0,0,0,1,0,0,0,0,0,0,0,0,0,0,0,0,0,0,0,0,0,0,0,1,0,1
FLR,Innovator Nasdaq-100 Managed Floor ETF,Financial,Exchange Traded Fund,USA,,,36.68,0.69%,41671.0,0,0,0,-1,0,0,0,0,0,0,0,0,0,0,0,0,0,0,0,0,0,0,0,0,0,0,0,0,0,1,1
FRD,Pacer S&P 500 Quality FCF R&D Leaders,Financial,Exchange Traded Fund,USA,,,31.39,0.70%,293.0,0,0,0,0,0,0,0,-1,0,0,0,0,0,0,0,0,0,0,0,0,0,0,0,0,0,0,0,0,0,1,1
GRO,American Century U.S. Quality Growth ETF,Financial,Exchange Traded Fund,USA,,,118.69,0.71%,57174.0,0,0,0,0,0,0,0,-1,0,0,0,0,0,0,0,0,0,0,0,0,0,0,0,0,0,0,0,0,0,1,1
GRW,WisdomTree U.S. Quality Growth Fund,Financial,Exchange Traded Fund,USA,,,70.15,0.88%,260520.0,0,0,0,0,0,0,0,0,0,0,1,1,0,0,0,0,0,0,0,0,0,0,0,0,0,0,0,0,2,0,2
HY,WisdomTree U.S. High Yield Corporate Bond Fund,Financial,Exchange Traded Fund,USA,,,44.31,0.15%,12018.0,0,0,0,0,0,0,0,0,0,0,0,0,0,0,0,0,0,0,0,-1,0,0,0,0,0,0,0,0,0,1,1
ID,ProShares UltraShort QQQ -2x Shares,Financial,Exchange Traded Fund,USA,,,12.64,-1.79%,20463320.0,0,0,0,0,0,0,0,0,1,0,0,0,0,0,0,0,0,0,0,0,0,0,0,0,0,0,0,0,1,0,1
LD,ProShares Ultra QQQ 2x Shares,Financial,Exchange Traded Fund,USA,,,99.84,1.74%,3124497.0,0,0,0,0,0,0,0,0,0,0,0,0,0,0,0,1,0,0,0,0,0,0,0,0,0,0,0,0,1,0,1
LEP,Quantum Leap Acquisition Corp,Financial,Shell Companies,USA,301290000.0,,10.05,0.00%,112.0,0,0,0,0,0,0,0,0,0,0,0,0,0,0,0,0,0,0,0,0,0,0,-1,0,0,0,0,0,0,1,1
LTI,GMO International Quality ETF,Financial,Exchange Traded Fund,USA,,,26.68,0.00%,7213.0,0,0,0,0,0,0,0,0,0,0,1,0,0,0,0,0,0,0,0,0,0,0,0,0,0,0,0,0,1,0,1
MID,WisdomTree U.S. MidCap Quality Growth Fund,Financial,Exchange Traded Fund,USA,,,29.22,1.13%,164.0,0,1,0,0,0,0,0,0,0,0,0,0,0,0,0,0,0,0,0,0,0,0,0,0,0,0,0,0,1,0,1
NC,Quantum eMotion Corp,Technology,Software - Infrastructure,Canada,359770000.0,,1.64,3.14%,740273.0,0,0,0,0,0,0,0,0,1,0,0,0,0,0,0,0,0,0,0,0,0,0,0,0,0,0,0,0,1,0,1
NXT,iShares Nasdaq-100 ex Top 30 ETF,Financial,Exchange Traded Fund,USA,,,31.32,0.92%,2638.0,0,0,0,0,0,0,0,0,0,0,0,0,-1,0,0,0,0,0,0,0,0,0,0,0,0,0,-1,0,0,2,2
PX,AdvisorShares Q Dynamic Growth ETF,Financial,Exchange Traded Fund,USA,,,48.94,0.35%,1078.0,0,0,0,0,0,0,0,0,0,0,1,0,0,0,0,0,0,0,0,0,0,0,-1,0,0,0,0,0,1,1,2
QHG,Invesco QQQ Hedged Advantage ETF,Financial,Exchange Traded Fund,USA,,,68.51,1.78%,35.0,0,1,0,0,0,0,0,0,0,0,0,0,0,0,0,0,0,0,0,0,0,0,0,0,0,0,0,0,1,0,1
QQ,Invesco QQQ Trust Series 1,Financial,Exchange Traded Fund,USA,,,756.2,0.88%,25603212.0,0,0,0,0,0,0,0,0,0,0,0,0,0,0,0,1,0,0,0,0,0,0,0,0,0,0,0,0,1,0,1
QQD,Direxion Daily Magnificent 7 Bear 1X ETF,Financial,Exchange Traded Fund,USA,,,11.53,-1.24%,38210.0,0,0,0,0,0,0,0,0,1,0,0,0,0,0,0,0,0,0,0,0,0,0,0,0,0,0,0,0,1,0,1
QQM,Invesco NASDAQ 100 ETF,Financial,Exchange Traded Fund,USA,,,311.4,0.88%,2319901.0,0,0,0,0,0,0,0,0,0,0,0,0,0,0,0,1,0,0,0,0,0,0,0,0,0,0,0,0,1,0,1
QQP,Tradr 2X Long Innovation 100 Quarterly ETF,Financial,Exchange Traded Fund,USA,,,241.35,1.63%,366.0,0,0,0,0,0,0,0,0,0,0,1,0,0,0,0,0,0,0,0,0,0,0,0,0,0,0,0,0,1,0,1
QQS,Invesco NASDAQ Future Gen 200 ETF,Financial,Exchange Traded Fund,USA,,,43.22,0.81%,4477.0,0,0,0,0,0,0,0,-1,0,0,0,0,0,0,0,0,0,0,0,0,0,0,0,0,0,0,0,0,0,1,1
QQU,Direxion Daily Magnificent 7 Bull 2X ETF,Financial,Exchange Traded Fund,USA,,,64.97,2.30%,50087.0,0,0,0,0,0,0,0,0,0,0,1,0,0,0,0,0,0,0,0,0,0,0,0,0,0,0,0,0,1,0,1
QQX,Nuveen NASDAQ 100 Dynamic Overwrite Fund,Financial,Closed-End Fund - Equity,USA,1500000000.0,,30.49,-0.62%,95665.0,0,0,0,0,0,0,0,0,0,0,0,0,0,0,0,1,0,0,0,0,0,0,0,0,0,0,0,0,1,0,1
QUP,ProShares Ultra QQQ Mega,Financial,Exchange Traded Fund,USA,,,67.14,2.19%,1339.0,0,0,0,0,0,0,0,-1,0,0,0,0,0,0,0,0,0,0,0,0,0,0,0,0,0,0,0,0,0,1,1
QWZ,Pacer Cash COWZ 100-Nasdaq 100 Rotator ETF,Financial,Exchange Traded Fund,USA,,,28.14,0.83%,11221.0,0,0,0,0,0,0,0,0,0,0,0,0,0,0,0,0,0,0,0,0,0,0,0,0,-1,0,0,0,0,1,1
RMI,Global X NASDAQ 100 Risk Managed Income ETF,Financial,Exchange Traded Fund,USA,,,15.28,0.01%,780.0,0,0,0,0,0,0,0,0,0,0,0,0,-1,0,0,0,0,0,0,0,0,0,0,1,0,0,0,0,1,1,2
S,QuantumScape Corp,Consumer Cyclical,Auto Parts,USA,2860000000.0,,4.62,1.09%,15163672.0,0,0,0,0,0,0,0,0,1,0,0,0,0,0,0,0,0,0,0,0,0,0,0,0,0,0,0,0,1,0,1
SI,Quantum-Si Incorporated,Healthcare,Medical Devices,USA,280170000.0,,1.28,-17.42%,19185008.0,0,0,0,0,0,0,0,0,0,0,0,0,0,0,0,0,0,0,0,0,1,0,0,1,0,0,0,0,2,0,2
SIX,Pacer Metaurus Nasdaq 100 Dividend Multiplier 600 ETF,Financial,Exchange Traded Fund,USA,,,44.09,0.77%,1122.0,0,0,0,0,0,0,0,0,0,0,0,0,0,0,0,1,0,0,0,0,0,0,0,0,0,0,0,0,1,0,1
SR,Restaurant Brands International Inc,Consumer Cyclical,Restaurants,USA,31760000000.0,20.65,69.87,-0.06%,3240846.0,0,0,0,0,0,0,0,0,0,0,1,0,0,0,0,0,0,0,0,0,1,0,-1,0,0,0,0,0,2,1,3
TAC,Q3 All-Season Tactical Advantage ETF,Financial,Exchange Traded Fund,USA,,,26.23,1.22%,3313.0,0,0,0,0,0,0,0,0,1,0,0,0,0,0,0,0,0,0,0,0,0,0,0,0,0,0,0,0,1,0,1
TRX,Quanterix Corp,Healthcare,Medical Devices,USA,180190000.0,,3.81,4.67%,1032178.0,0,0,0,0,0,0,0,0,0,0,0,0,-1,0,0,0,0,0,0,0,0,0,0,0,0,1,0,0,1,1,2
TUM,Defiance Quantum ETF,Financial,Exchange Traded Fund,USA,,,156.4,0.22%,346198.0,0,0,0,0,0,0,0,0,0,0,0,0,0,0,0,1,0,0,0,0,0,0,0,0,0,0,0,0,1,0,1
UAD,Quad/Graphics Inc,Industrials,Specialty Business Services,USA,489240000.0,15.16,9.5,0.85%,242184.0,0,0,0,0,0,1,0,0,0,0,0,0,0,0,0,0,0,0,0,0,0,0,0,0,0,0,0,0,1,0,1
UBX,Tradr 2X Long QUBT Daily ETF,Financial,Exchange Traded Fund,USA,,,24.85,-5.08%,28492.0,0,0,0,0,0,0,0,0,0,0,0,0,-1,-1,0,0,0,0,0,0,0,0,0,0,0,1,0,0,1,2,3
USA,VistaShares Target 15 USA Quality Income ETF,Financial,Exchange Traded Fund,USA,,,17.97,0.73%,14400.0,0,0,0,0,0,0,0,0,1,0,0,0,0,0,0,0,0,0,0,0,0,0,0,0,0,0,0,0,1,0,1
VMM,Invesco S&P MidCap 400 QVM Multi-factor ETF,Financial,Exchange Traded Fund,USA,,,34.24,0.26%,577.0,0,0,0,0,0,0,0,0,0,0,0,0,0,0,0,0,0,0,0,0,0,0,-1,0,0,0,0,0,0,1,1
VOY,Q3 Active Rotation ETF,Financial,Exchange Traded Fund,USA,,,28.27,0.35%,3162.0,0,0,0,0,0,0,0,0,1,0,0,0,0,0,0,0,0,0,0,0,0,0,0,0,0,0,0,0,1,0,1
XL,Quantum X Labs Inc,Technology,Information Technology Services,Israel,89720000.0,,4.16,-3.48%,58834.0,0,1,0,0,0,1,0,0,0,0,0,0,-1,0,0,0,0,0,0,0,0,0,0,0,0,0,-1,0,2,2,4
XO,QXO Inc,Industrials,Industrial Distribution,USA,12330000000.0,,11.88,-1.49%,15609364.0,0,0,0,0,0,1,0,0,0,0,0,0,0,0,0,0,0,0,0,0,0,0,0,0,0,0,0,0,1,0,1
XQ,SGI Enhanced Nasdaq-100 ETF,Financial,Exchange Traded Fund,USA,,,33.59,0.82%,3822.0,0,0,0,0,0,0,0,0,0,0,0,0,0,0,0,1,0,0,0,0,0,0,0,0,0,0,0,0,1,0,1
AA,SMI 3Fourteen REAL Asset Allocation ETF,Financial,Exchange Traded Fund,USA,,,30.22,0.36%,129493.0,0,0,0,0,0,0,0,0,0,0,1,0,0,0,0,0,0,0,0,0,0,0,-1,0,0,0,0,0,1,1,2
AAA,Reckoner Yield Enhanced AAA CLO ETF,Financial,Exchange Traded Fund,USA,,,25.03,0.00%,9078.0,0,0,0,0,0,0,0,0,0,0,0,0,0,0,0,1,0,0,0,0,0,0,0,0,0,0,0,0,1,0,1
AAX,VanEck Real Assets ETF,Financial,Exchange Traded Fund,USA,,,40.43,0.27%,272197.0,0,0,0,0,0,0,0,0,0,0,0,0,-1,0,0,0,0,0,0,0,0,0,0,0,0,0,0,0,0,1,1
ACD,Research Alliance Corp IV,Financial,Shell Companies,USA,106450000.0,,11.7,1.74%,10649.0,0,0,0,0,0,0,0,0,1,0,0,0,0,0,0,0,0,0,0,0,0,0,0,0,0,0,0,0,1,0,1
AFE,Pimco Rafi ESG U.S. ETF,Financial,Exchange Traded Fund,USA,,,49.3,0.36%,7820.0,0,0,0,-1,0,0,0,0,0,0,0,0,0,0,0,0,0,0,0,0,0,0,0,0,0,0,0,0,0,1,1
AM,Roundhill T-REX 2X Long DRAM Daily Target ETF,Financial,Exchange Traded Fund,USA,,,14.24,-0.49%,5262279.0,0,1,0,0,0,0,0,0,0,0,1,0,0,0,0,0,0,0,0,0,1,0,0,0,0,0,0,0,3,0,3
AMZ,T-REX 2X Inverse DRAM Daily Target ETF,Financial,Exchange Traded Fund,USA,,,13.27,0.23%,437359.0,0,0,0,0,0,0,0,0,1,0,0,0,0,0,0,0,0,0,0,0,0,0,0,0,0,0,0,0,1,0,1
ANI,Rani Therapeutics Holdings Inc,Healthcare,Biotechnology,USA,108020000.0,,0.77,-4.43%,582531.0,0,0,0,0,0,0,0,0,1,0,0,0,0,0,0,0,0,0,0,0,0,0,0,0,0,0,0,0,1,0,1
AVE,Rave Restaurant Group Inc,Consumer Cyclical,Restaurants,USA,32549999.999999996,11.35,2.29,-0.87%,29979.0,0,0,0,0,0,0,0,0,0,0,1,0,0,0,0,0,0,0,0,0,0,0,0,0,0,0,0,0,1,0,1
AVI,Northern Trust Ultra-Short Fixed Income ETF,Financial,Exchange Traded Fund,USA,,,74.99,0.03%,28199.0,0,1,0,-1,0,1,0,0,0,0,0,0,0,0,0,0,0,0,0,0,0,0,0,0,0,0,0,0,2,1,3
BB,RBB Bancorp,Financial,Banks - Regional,USA,443540000.0,10.79,26.22,0.11%,74077.0,0,0,0,0,0,0,0,0,0,0,0,0,-1,0,0,0,0,0,0,0,0,0,0,0,0,0,0,0,0,1,1
BIL,F/m Ultrashort Treasury Inflation-Protected Security (TIPS) ETF,Financial,Exchange Traded Fund,USA,,,49.97,-0.03%,9264.0,0,0,0,0,0,0,0,0,1,1,0,0,0,0,0,0,0,0,0,0,0,0,0,0,0,0,-1,0,2,1,3
BKB,Rhinebeck Bancorp Inc,Financial,Banks - Regional,USA,206860000.0,20.57,13.23,0.61%,89965.0,0,0,0,-1,0,0,0,0,0,0,0,0,0,0,0,0,0,0,0,0,0,0,0,0,0,0,0,0,0,1,1
BLD,First Trust Alerian U.S. NextGen Infrastructure ETF,Financial,Exchange Traded Fund,USA,,,84.56,0.68%,930.0,0,1,0,0,0,0,0,0,0,0,0,0,0,0,0,0,0,0,0,0,0,0,0,0,-1,0,0,0,1,1,2
BLU,T-REX 2X Long RBLX Daily Target ETF,Financial,Exchange Traded Fund,USA,,,4.57,1.89%,342304.0,0,0,0,0,0,0,0,0,1,0,0,0,0,0,0,0,0,0,0,0,0,0,0,0,0,0,0,0,1,0,1
C,Ready Capital Corp,Real Estate,REIT - Mortgage,USA,181710000.0,,1.1,-2.65%,1628729.0,0,0,0,0,0,0,0,0,1,1,0,0,0,0,0,0,0,0,0,0,0,0,0,0,0,0,0,0,2,0,2
CAX,Defiance Daily Target 2x Long RCAT ETF,Financial,Exchange Traded Fund,USA,,,8.04,-1.17%,44758.0,0,0,0,0,0,0,0,0,1,0,0,0,0,0,0,0,0,0,0,0,0,0,0,0,0,0,0,0,1,0,1
CG,RENN Fund Inc,Financial,Closed-End Fund - Equity,USA,20900000.0,,2.98,-0.38%,473.0,0,0,0,0,0,0,0,0,0,0,0,0,0,0,0,1,0,0,0,0,0,0,0,0,0,0,0,0,1,0,1
CS,PIMCO Strategic Income Fund Inc,Financial,Closed-End Fund - Debt,USA,238620000.0,,5.04,0.60%,84949.0,0,1,0,0,0,0,0,0,0,0,0,0,0,0,0,0,0,0,0,0,0,0,0,0,0,0,0,0,1,0,1
CTR,First Trust Bloomberg Nuclear Power ETF,Financial,Exchange Traded Fund,USA,,,32.37,0.82%,2599.0,0,0,0,0,0,1,0,0,1,0,0,0,0,0,0,0,0,0,0,0,0,0,0,0,0,0,0,0,2,0,2
DAC,Rising Dragon Acquisition Corp,Financial,Shell Companies,China,18960000.0,40.06,5.52,0.37%,13631.0,0,0,0,0,0,0,0,0,0,0,0,0,-1,-1,0,0,0,0,0,0,0,0,0,0,0,0,0,0,0,2,2
DCM,Radcom,Communication Services,Telecom Services,Israel,174250000.0,25.14,10.41,1.17%,43527.0,0,0,0,0,0,0,0,0,1,0,0,0,0,0,0,0,0,0,0,0,0,0,0,0,0,0,0,0,1,0,1
DFI,Rareview Dynamic Fixed Income ETF,Financial,Exchange Traded Fund,USA,,,21.29,-1.09%,10686.0,0,1,0,0,0,0,0,0,0,0,0,0,0,0,0,0,0,0,0,0,0,0,0,0,0,0,0,0,1,0,1
DNW,RideNow Group Inc,Consumer Cyclical,Auto & Truck Dealerships,USA,193110000.0,,4.95,-7.99%,116099.0,0,0,0,0,0,0,0,0,1,0,0,0,0,0,0,0,0,0,0,0,0,0,0,0,0,0,-1,0,1,1,2
DOG,ALPS REIT Dividend Dogs ETF,Financial,Exchange Traded Fund,USA,,,37.5,-0.36%,630.0,0,0,0,0,0,0,0,0,0,0,0,0,0,0,0,0,0,0,0,0,0,0,-1,0,0,0,0,0,0,1,1
DTE,Roundhill Russell 2000 0DTE Covered Call Strategy ETF,Financial,Exchange Traded Fund,USA,,,26.59,0.23%,83777.0,0,1,0,0,0,0,0,0,0,0,0,0,0,0,0,0,0,0,0,0,0,0,0,0,0,0,0,0,1,0,1
DTL,GraniteShares 2x Long RDDT Daily ETF,Financial,Exchange Traded Fund,USA,,,12.54,3.55%,571712.0,0,0,0,0,0,0,0,0,0,0,0,0,-1,0,0,0,0,0,0,0,0,0,0,1,0,0,0,0,1,1,2
DTY,YieldMax R2000 0DTE Covered Strategy ETF,Financial,Exchange Traded Fund,USA,,,35.26,0.85%,10390.0,0,1,0,0,0,0,0,0,0,0,0,0,0,0,0,0,0,0,0,0,0,0,0,0,0,0,0,0,1,0,1
DVT,Red Violet Inc,Technology,Software - Application,USA,1280000000.0,70.74,79.89,0.78%,148587.0,0,0,0,0,0,0,0,-1,0,0,0,0,0,0,0,0,0,0,0,0,0,0,0,0,0,0,0,0,0,1,1
DW,Redwire Corp,Industrials,Aerospace & Defense,USA,2610000000.0,,10.43,-4.14%,18016608.0,0,0,0,0,0,0,0,0,0,0,0,0,0,0,0,0,0,0,0,0,0,0,0,0,0,0,-1,0,0,1,1
DY,Dr. Reddy's Laboratories Ltd ADR,Healthcare,Drug Manufacturers - Specialty & Generic,India,10260000000.0,27.69,12.32,0.57%,2744295.0,0,0,0,0,0,0,0,0,1,0,0,0,0,0,0,0,0,0,0,0,0,0,0,1,0,0,0,0,2,0,2
DYY,YieldMax RDDT Option Income Strategy ETF,Financial,Exchange Traded Fund,USA,,,15.07,1.37%,10669.0,0,1,0,0,0,0,0,0,1,1,0,0,0,0,0,0,0,0,0,0,0,0,0,0,0,0,0,0,3,0,3
DZN,Roadzen Inc,Technology,Software - Application,USA,101350000.0,,1.19,-2.46%,239521.0,0,0,0,0,0,0,0,0,0,0,0,0,0,0,0,1,0,0,0,0,0,0,0,0,0,0,0,0,1,0,1
EAX,Real REMAX Group Inc,Real Estate,Real Estate Services,USA,601110000.0,,16.44,0.18%,336130.0,0,0,0,0,0,0,0,0,0,0,0,0,0,0,0,0,0,0,0,0,0,0,0,1,0,0,0,0,1,0,1
ECS,Columbia Research Enhanced Core ETF,Financial,Exchange Traded Fund,USA,,,45.78,0.68%,598186.0,0,0,0,0,0,0,0,0,0,0,0,0,0,0,0,0,0,0,0,0,0,0,-1,0,0,0,0,0,0,1,1
EFR,Research Frontiers Inc,Technology,Electronic Components,USA,25390000.0,,0.73,-0.05%,196922.0,0,0,0,0,0,0,0,0,0,0,0,0,0,0,0,0,0,0,0,0,0,0,0,0,0,1,0,0,1,0,1
EGS,Columbia Large Cap Growth ETF,Financial,Exchange Traded Fund,USA,,,11.78,0.99%,17133.0,0,0,0,0,0,0,0,0,0,0,1,0,0,0,0,0,0,0,0,0,0,0,0,0,0,0,0,0,1,0,1
EIX,NYLIM CBRE Real Estate & Infrastructure ETF,Financial,Exchange Traded Fund,USA,,,28.2,-0.08%,18.0,0,0,0,0,0,0,0,0,0,0,0,0,0,0,0,1,0,0,0,0,0,0,0,0,0,0,0,0,1,0,1
ELL,Richardson Electronics Ltd,Technology,Electronic Components,USA,275330000.0,42.7,18.78,-1.11%,285323.0,0,1,0,0,0,0,0,0,0,0,0,0,0,0,0,0,0,0,0,0,0,0,0,0,0,0,0,0,1,0,1
EM,iShares Mortgage Real Estate ETF,Financial,Exchange Traded Fund,USA,,,17.6,-0.90%,1734618.0,0,0,0,0,0,0,0,0,0,0,0,0,0,0,0,1,0,0,0,0,0,0,0,0,0,0,0,0,1,0,1
EMX,VanEck Rare Earth/Strategic Metals ETF,Financial,Exchange Traded Fund,USA,,,63.54,0.52%,676690.0,0,0,0,0,0,0,0,0,1,0,0,0,0,0,0,0,0,0,0,0,0,0,0,0,0,0,0,0,1,0,1
ENT,Rent the Runway Inc,Consumer Cyclical,Apparel Retail,USA,52350000.0,0.12,1.55,0.00%,125924.0,0,0,0,0,0,0,0,0,1,0,0,0,0,0,0,0,0,0,0,0,0,0,0,0,0,0,0,0,1,0,1
ENX,RenX Enterprises Corp,Real Estate,Real Estate - Development,USA,5000000.0,,1.89,-5.26%,59912.0,0,0,0,0,0,0,0,0,0,0,0,0,0,0,0,0,0,0,0,0,0,0,0,0,0,1,0,0,1,0,1
EPX,Riley Exploration Permian Inc,Energy,Oil & Gas E&P,USA,951060000.0,7.9,42.93,1.75%,221439.0,0,0,0,-1,0,0,0,0,0,0,0,0,0,0,0,0,0,0,0,0,0,0,0,0,0,0,0,0,0,1,1
ES,RPC Inc,Energy,Oil & Gas Equipment & Services,USA,1350000000.0,60.88,6.1,4.10%,2609392.0,0,0,0,0,0,0,0,0,1,0,0,0,0,0,0,0,0,0,0,0,0,0,0,0,0,0,0,0,1,0,1
ETL,Direxion Daily Retail Bull 3X ETF,Financial,Exchange Traded Fund,USA,,,7.29,1.11%,225508.0,0,0,0,0,0,0,0,0,0,0,0,0,0,0,0,0,0,0,0,0,0,0,0,1,0,0,0,0,1,0,1
EXC,Sprott Rare Earths Ex-China ETF,Financial,Exchange Traded Fund,USA,,,15.38,-0.52%,319648.0,0,0,0,-1,0,0,0,0,0,0,0,0,0,0,0,1,0,0,0,0,0,0,0,0,0,0,0,0,1,1,2
FFC,ALPS Active Equity Opportunity ETF,Financial,Exchange Traded Fund,USA,,,77.33,0.39%,242.0,0,0,0,0,0,0,0,0,0,0,1,0,0,0,0,0,0,1,0,0,0,0,0,0,0,0,0,0,2,0,2
FG,Invesco S&P MidCap 400 Pure Growth ETF,Financial,Exchange Traded Fund,USA,,,60.52,0.53%,13725.0,0,0,0,0,0,0,0,0,0,0,0,0,0,0,0,0,0,0,0,0,1,0,-1,0,0,0,0,0,1,1,2
FIX,Simplify Bond Bull ETF,Financial,Exchange Traded Fund,USA,,,36.89,1.81%,1445178.0,0,0,0,0,0,0,0,0,0,0,0,0,-1,-1,0,0,0,0,0,0,0,0,0,0,0,0,0,0,0,2,2
FL,Rafael Holdings Inc,Real Estate,Real Estate Services,USA,76460000.0,,1.47,-4.55%,106081.0,0,0,0,0,0,0,0,0,1,0,0,0,0,0,0,0,0,0,0,0,0,0,0,0,0,0,0,0,1,0,1
FLR,Innovator U.S. Small Cap Managed Floor ETF,Financial,Exchange Traded Fund,USA,,,31.74,0.26%,3755.0,0,0,0,0,0,0,0,0,1,0,0,0,0,0,0,0,0,0,0,0,0,0,0,0,0,0,0,0,1,0,1
FV,Invesco S&P MidCap 400 Pure Value ETF,Financial,Exchange Traded Fund,USA,,,145.87,0.50%,2315.0,0,0,0,0,0,0,0,0,0,0,0,0,0,0,0,0,0,0,0,0,0,0,-1,0,0,0,0,0,0,1,1
GP,Resources Connection Inc,Industrials,Consulting Services,USA,129780000.0,,3.74,-3.86%,279178.0,0,1,0,-1,0,0,0,0,1,0,1,1,0,0,0,1,0,0,0,0,0,0,0,0,0,0,0,0,5,1,6
GR,"Sturm, Ruger & Co Inc",Industrials,Aerospace & Defense,USA,709600000.0,59.73,44.41,0.09%,287030.0,0,0,0,0,0,0,0,0,1,1,0,0,0,0,0,0,0,0,0,0,0,0,0,0,0,0,0,0,2,0,2
GS,Regis Corp,Consumer Cyclical,Personal Services,USA,73210000.0,12.12,29.28,0.79%,7341.0,0,0,0,0,0,0,0,0,0,0,1,1,0,0,0,0,0,0,0,0,0,0,0,0,-1,0,0,0,2,1,3
GTI,Rigetti Computing Inc,Technology,Computer Hardware,USA,5060000000.0,,15.15,-0.66%,12378428.0,0,0,0,0,0,0,0,0,0,0,0,0,-1,0,0,0,0,0,0,0,0,0,0,1,0,0,0,0,1,1,2
GTU,Tradr 2X Long RGTI Daily ETF,Financial,Exchange Traded Fund,USA,,,9.74,-1.22%,103711.0,0,0,0,0,0,0,0,0,1,0,0,0,0,0,0,0,0,0,0,0,0,0,0,0,0,0,0,0,1,0,1
HP,Ryman Hospitality Properties Inc,Real Estate,REIT - Hotel & Motel,USA,8230000000.0,29.62,120.62,-0.85%,585566.0,0,0,0,0,0,0,0,0,0,0,0,0,-1,0,0,0,0,0,0,0,1,0,0,0,0,0,0,0,1,1,2
HRX,Adaptive Tactical Rotation ETF,Financial,Exchange Traded Fund,USA,,,21.75,0.59%,1923.0,0,0,0,0,0,0,0,0,0,0,0,0,-1,0,0,0,0,0,0,0,0,0,0,0,0,0,0,0,0,1,1
HTX,RH Tactical Outlook ETF,Financial,Exchange Traded Fund,USA,,,19.98,0.49%,142.0,0,0,0,0,0,0,0,0,0,0,1,0,0,0,0,0,0,0,0,0,1,0,0,0,0,0,0,0,2,0,2
IGL,Rigel Pharmaceuticals,Healthcare,Biotechnology,USA,892720000.0,2.93,47.79,1.36%,391628.0,0,0,0,0,0,0,0,0,0,0,1,0,0,0,0,0,0,0,0,0,0,0,0,0,0,0,0,0,1,0,1
ILA,Indexperts Gorilla Aggressive Growth ETF,Financial,Exchange Traded Fund,USA,,,12.44,0.78%,9967.0,0,0,0,0,0,0,0,-1,0,0,0,0,0,0,0,0,0,0,0,0,0,0,0,0,0,0,0,0,0,1,1
INF,ProShares Inflation Expectations ETF,Financial,Exchange Traded Fund,USA,,,32.63,-0.15%,1459.0,0,0,0,0,0,0,0,0,0,0,1,0,0,0,0,0,0,0,0,0,0,0,-1,0,0,0,0,0,1,1,2
ISR,FolioBeyond Alternative Income and Interest Rate Hedge ETF,Financial,Exchange Traded Fund,USA,,,37.07,0.22%,347160.0,0,0,0,0,0,0,0,-1,0,0,0,0,0,0,0,0,0,0,0,0,0,0,0,0,0,0,0,0,0,1,1
ITM,Rithm Capital Corp,Real Estate,REIT - Mortgage,USA,4880000000.0,14.55,8.74,0.34%,6917067.0,0,0,0,0,0,0,0,0,0,0,1,0,0,0,0,0,0,0,0,0,0,0,0,0,0,0,0,0,1,0,1
IV,RiverNorth Opportunities Fund Inc,Financial,Closed-End Fund - Equity,USA,282170000.0,,10.4,-0.86%,67083.0,0,0,0,0,0,0,0,0,1,0,0,0,0,0,0,0,0,0,0,0,0,0,0,0,0,0,0,0,1,0,1
IVC,Corgi RIVN 2x Daily ETF,Financial,Exchange Traded Fund,USA,,,16.37,4.66%,308.0,0,0,0,0,0,0,0,0,0,0,0,0,-1,0,0,0,0,0,0,0,0,0,0,0,0,0,0,0,0,1,1
IZE,Principal Inflation Protection ETF,Financial,Exchange Traded Fund,USA,,,24.32,0.12%,89.0,0,0,0,0,0,0,0,0,1,0,0,0,0,0,0,0,0,0,0,0,0,0,0,0,0,0,0,0,1,0,1
JET,Republic Airways Holdings Inc,Industrials,Airlines,USA,798740000.0,,17.06,-3.29%,78064.0,0,1,0,0,0,1,0,0,0,0,0,0,-1,-1,0,0,0,0,0,0,0,0,0,0,0,0,0,0,2,2,4
KT,Rocket Companies Inc,Financial,Mortgage Finance,USA,33070000000.0,77.71,11.68,-0.17%,27041808.0,0,0,0,0,0,0,0,0,0,0,0,0,-1,-1,0,0,0,0,0,0,0,0,0,0,0,0,0,0,0,2,2
KX,Corgi RKLB 2x Daily ETF,Financial,Exchange Traded Fund,USA,,,11.71,-2.59%,6240.0,0,0,0,0,0,0,0,0,0,0,0,0,-1,0,0,0,0,0,0,0,0,0,0,0,0,0,0,0,0,1,1
LAY,Relay Therapeutics Inc,Healthcare,Biotechnology,USA,4250000000.0,,19.39,2.27%,2936413.0,0,0,0,0,0,0,0,0,0,0,0,0,0,0,0,0,0,0,0,0,0,0,-1,0,0,0,0,0,0,1,1
LI,RLI Corp,Financial,Insurance - Property & Casualty,USA,5150000000.0,11.79,56.08,0.25%,949112.0,0,0,0,0,0,0,0,0,0,0,0,0,0,0,0,0,0,0,0,0,0,0,0,0,0,0,0,1,1,0,1
LX,RLX Technology Inc ADR,Consumer Defensive,Tobacco,China,1570000000.0,15.69,1.72,0.58%,725891.0,0,0,0,-1,0,0,0,0,1,0,0,0,0,0,0,0,0,0,0,0,0,0,0,0,0,0,0,0,1,1,2
LYB,Rallybio Corp,Healthcare,Biotechnology,USA,89740000.0,2.16,16.9,-1.05%,4632.0,0,0,0,0,0,0,0,0,0,0,0,0,0,0,0,0,0,0,0,0,0,0,0,0,-1,0,0,0,0,1,1
MBI,Richmond Mutual Bancorporation Inc,Financial,Banks - Regional,USA,256750000.0,12.58,15.32,-0.78%,65387.0,0,1,0,0,0,0,0,0,0,0,0,0,0,0,0,0,0,0,0,0,0,0,0,0,0,0,0,0,1,0,1
MBS,Rambus Inc,Technology,Semiconductors,USA,11960000000.0,50.49,110.3,-1.49%,1406649.0,0,0,0,0,0,0,0,0,0,0,0,0,0,0,0,0,0,0,0,0,0,0,0,0,0,1,0,0,1,0,1
MI,RiverNorth Opportunistic Municipal Income Fund Inc,Financial,Closed-End Fund - Debt,USA,88110000.0,7.65,13.81,0.22%,18921.0,0,1,0,0,0,0,0,0,0,0,0,0,0,0,0,0,0,0,0,0,0,0,0,0,0,0,0,0,1,0,1
MME,Rareview Government Money Market ETF,Financial,Exchange Traded Fund,USA,,,100.1,0.03%,8.0,0,1,0,0,0,1,0,0,0,0,0,0,-1,-1,0,0,0,0,0,0,0,0,0,0,0,0,0,0,2,2,4
NAC,Cartesian Therapeutics Inc,Healthcare,Biotechnology,USA,216020000.0,,7.14,-2.99%,226262.0,0,0,0,0,0,0,0,0,0,0,1,0,0,0,0,0,0,0,0,0,0,0,-1,0,0,0,0,0,1,1,2
ND,First Trust Bloomberg R&D Leaders ETF,Financial,Exchange Traded Fund,USA,,,34.02,0.79%,431.0,0,0,0,0,0,0,0,-1,0,0,0,0,0,0,0,0,0,0,0,0,0,0,0,0,0,0,0,0,0,1,1
NEM,First Trust Emerging Markets Equity Select ETF,Financial,Exchange Traded Fund,USA,,,55.71,1.65%,246.0,0,0,0,-1,0,0,0,0,0,0,0,0,0,0,0,0,0,0,0,0,0,0,0,0,0,0,0,0,0,1,1
NR,RenaissanceRe Holdings Ltd,Financial,Insurance - Reinsurance,Bermuda,13440000000.0,5.56,323.39,-0.66%,390287.0,0,0,0,0,0,0,0,-1,0,0,0,0,0,0,0,0,0,0,0,0,0,0,0,0,0,0,0,0,0,1,1
NTX,Rein Therapeutics Inc,Healthcare,Biotechnology,USA,71170000.0,,0.82,3.03%,336291.0,0,0,0,0,0,0,0,0,1,0,0,0,0,0,0,0,0,0,0,0,0,0,0,0,0,0,0,0,1,0,1
NXT,RenovoRx Inc,Healthcare,Biotechnology,USA,66340000.0,,1.47,-6.96%,618033.0,0,1,0,0,0,0,0,0,0,0,0,0,0,0,0,0,0,0,0,0,0,0,0,0,0,0,0,0,1,0,1
OAD,Construction Partners Inc,Industrials,Engineering & Construction,USA,5140000000.0,35.6,90.5,-0.64%,727770.0,0,0,0,0,0,0,0,0,1,0,0,0,0,0,0,0,0,0,0,0,0,0,0,0,0,0,0,0,1,0,1
OBT,First Trust Nasdaq Artificial Intelligence and Robotics ETF,Financial,Exchange Traded Fund,USA,,,61.06,1.45%,39075.0,0,0,0,0,0,0,0,0,0,0,1,1,0,0,0,0,0,0,0,0,0,0,0,0,0,0,0,0,2,0,2
OCY,JPMorgan Equity Premium Yield ETF,Financial,Exchange Traded Fund,USA,,,55.47,0.66%,275396.0,0,0,0,0,0,1,0,0,0,0,0,0,0,0,0,0,0,0,0,0,0,0,0,0,0,0,0,0,1,0,1
ODM,Hartford Multifactor Developed Markets (ex-US) ETF,Financial,Exchange Traded Fund,USA,,,40.81,0.02%,56706.0,0,0,0,0,0,0,0,-1,0,0,0,0,0,0,0,0,0,0,0,0,0,0,0,0,0,0,0,0,0,1,1
OL,Rollins Inc,Consumer Cyclical,Personal Services,USA,14290000000.0,26.95,29.69,-1.56%,6531432.0,0,0,0,0,0,0,0,0,0,0,0,0,0,0,0,0,0,0,0,-1,0,0,0,0,0,0,0,0,0,1,1
OMA,Roma Green Finance Ltd,Industrials,Consulting Services,Hong Kong,524169999.99999994,,8.8,2.33%,1199.0,0,0,0,0,0,0,0,0,0,0,1,0,0,0,0,0,0,0,0,0,0,0,0,0,-1,0,0,0,1,1,2
ONB,Baron First Principles ETF,Financial,Exchange Traded Fund,USA,,,25.02,3.95%,192551.0,0,0,0,0,0,0,0,0,1,0,0,0,0,0,0,0,0,0,0,0,0,0,0,0,0,0,0,0,1,0,1
PAR,RPAR Risk Parity ETF,Financial,Exchange Traded Fund,USA,,,21.17,0.15%,40376.0,0,0,0,0,0,0,0,0,0,0,0,0,-1,-1,0,0,0,0,0,0,0,0,0,0,0,0,0,0,0,2,2
PAY,Repay Holdings Corp,Technology,Software - Infrastructure,USA,343910000.0,,3.9,2.09%,276123.0,0,1,0,0,0,0,0,0,0,0,0,0,-1,0,0,0,0,0,0,0,0,0,0,0,0,0,0,0,1,1,2
PG,Invesco S&P 500 Pure Growth ETF,Financial,Exchange Traded Fund,USA,,,59.83,0.32%,102580.0,0,0,0,0,0,0,0,0,0,0,0,0,0,0,0,1,0,0,0,0,0,0,0,0,0,0,0,0,1,0,1
PRX,Royalty Pharma plc,Healthcare,Biotechnology,USA,32580000000.0,30.16,56.66,-0.87%,3958017.0,0,0,0,-1,0,1,0,0,0,0,0,0,0,0,0,0,0,1,0,0,0,0,0,0,0,0,0,0,2,1,3
PT,Rithm Property Trust Inc,Real Estate,REIT - Mortgage,USA,85110000.0,,10.95,-1.35%,24409.0,0,0,0,0,0,0,0,0,0,0,0,0,0,0,0,0,0,0,0,-1,0,0,0,0,0,0,0,0,0,1,1
RBI,Red River Bancshares Inc,Financial,Banks - Regional,USA,677960000.0,14.83,102.97,-0.43%,68235.0,0,0,0,0,0,0,0,-1,0,0,0,0,0,0,0,0,0,0,0,0,0,0,0,0,0,0,0,0,0,1,1
RC,Range Resources Corp,Energy,Oil & Gas E&P,USA,9040000000.0,10.67,38.67,1.15%,3110133.0,0,0,0,0,0,0,0,0,0,0,0,0,0,0,0,1,0,0,0,0,0,0,0,0,0,0,0,0,1,0,1
SBT,Return Stacked Bonds & Managed Futures ETF,Financial,Exchange Traded Fund,USA,,,19.48,-0.05%,43162.0,0,1,0,0,0,0,0,0,0,0,0,0,0,0,0,0,0,0,0,0,1,1,0,0,0,0,0,0,3,0,3
SBY,Return Stacked Bonds & Futures Yield ETF,Financial,Exchange Traded Fund,USA,,,17.91,-0.14%,528.0,0,0,0,-1,0,0,0,0,0,0,0,0,0,0,0,0,0,0,0,0,0,0,0,0,0,0,0,0,0,1,1
SEE,Rareview Systematic Equity ETF,Financial,Exchange Traded Fund,USA,,,39.59,0.85%,5015.0,0,1,0,0,0,0,0,0,0,0,0,0,0,0,0,0,0,0,0,0,0,0,0,0,0,0,0,0,1,0,1
SG,Republic Services Inc,Industrials,Waste Management,USA,65170000000.0,30.15,212.83,1.56%,1236794.0,0,0,0,0,0,0,0,0,0,0,0,0,0,0,0,1,0,0,0,0,0,0,0,0,0,0,0,0,1,0,1
SMV,Relative Strength Managed Volatility Strategy ETF,Financial,Exchange Traded Fund,USA,,,28.76,0.41%,3874.0,0,0,0,0,0,0,0,0,1,0,0,0,0,0,0,0,0,0,0,0,0,0,-1,0,0,0,0,0,1,1,2
SPC,Invesco S&P 500 Equal Weight Communication Services ETF,Financial,Exchange Traded Fund,USA,,,35.1,1.25%,30866.0,0,0,0,0,0,1,0,0,0,0,0,0,0,0,0,0,0,0,0,0,0,0,0,0,0,0,0,0,1,0,1
SSB,Return Stacked Global Stocks & Bonds ETF,Financial,Exchange Traded Fund,USA,,,29.97,0.20%,54943.0,0,0,0,-1,0,0,0,0,0,0,0,0,0,0,0,0,0,0,0,0,0,0,0,0,0,0,0,0,0,1,1
SSS,Research Solutions Inc,Technology,Software - Application,USA,70560000.0,24.11,2.09,-2.79%,33454.0,0,0,0,0,0,0,0,0,1,1,0,0,0,0,0,0,0,0,0,0,0,0,0,0,0,0,0,0,2,0,2
SVR,Reservoir Media Inc,Communication Services,Entertainment,USA,629640000.0,72.4,9.55,0.32%,52768.0,0,0,0,0,0,0,0,0,0,0,0,0,0,0,0,0,0,0,0,0,0,0,-1,0,0,0,0,0,0,1,1
TB,RTB Digital Inc,Technology,Software - Application,USA,124540000.0,,8.89,-4.00%,51903.0,0,0,0,0,0,0,0,0,1,0,0,0,0,0,0,0,0,0,0,0,0,0,-1,0,0,0,0,0,1,1,2
ULE,Adaptive Core ETF,Financial,Exchange Traded Fund,USA,,,31.19,0.79%,1354.0,0,0,0,0,0,0,0,0,1,0,0,0,0,0,0,0,0,0,0,0,0,0,0,0,0,0,0,0,1,0,1
UN,Sunrun Inc,Technology,Solar,USA,1830000000.0,5.12,7.61,-1.30%,9512136.0,0,0,0,0,0,0,0,0,1,0,0,0,0,0,0,0,0,0,0,0,0,0,0,0,0,0,0,0,1,0,1
UNN,Running Oak Efficient Growth ETF,Financial,Exchange Traded Fund,USA,,,32.98,0.91%,55981.0,0,0,0,0,0,0,0,0,0,0,0,0,0,0,0,0,0,0,0,0,0,0,0,1,0,0,0,0,1,0,1
VLV,Revolve Group Inc,Consumer Cyclical,Internet Retail,USA,1500000000.0,20.9,21.05,1.45%,534396.0,0,0,0,0,0,0,0,0,0,0,0,0,0,0,0,0,0,0,0,0,0,0,0,0,0,0,0,1,1,0,1
VNL,GraniteShares 2x Long RIVN Daily ETF,Financial,Exchange Traded Fund,USA,,,20.02,4.25%,73781.0,0,1,0,0,0,0,0,0,1,0,0,0,0,0,0,0,0,0,0,0,0,0,0,0,0,0,0,0,2,0,2
VP,Retractable Technologies Inc,Healthcare,Medical Instruments & Supplies,USA,20820000.0,,0.7,-0.26%,25286.0,0,1,0,-1,0,0,0,0,0,0,0,0,0,0,0,0,0,1,0,0,0,0,0,0,0,0,0,0,2,1,3
VSB,Riverview Bancorp Inc,Financial,Banks - Regional,USA,119520000.0,,5.99,0.00%,71606.0,0,1,0,0,0,1,0,0,0,0,0,0,0,0,0,0,0,0,0,0,0,0,0,0,0,0,0,0,2,0,2
VSN,Rail Vision Ltd,Industrials,Railroads,Israel,8060000.000000001,,3.68,8.08%,25082.0,0,0,0,0,0,0,0,0,0,0,0,0,-1,0,0,0,0,0,0,0,0,0,0,0,0,0,0,0,0,1,1
VT,Royce Small Cap Trust Inc,Financial,Closed-End Fund - Equity,USA,2140000000.0000002,,17.22,-0.29%,161326.0,0,0,0,0,0,0,0,-1,0,0,0,0,0,0,0,0,0,0,0,0,0,0,0,0,0,0,0,0,0,1,1
WEM,Rayliant NxtGen Multifactor Emerging Markets Equity ETF,Financial,Exchange Traded Fund,USA,,,36.6,1.09%,6144.0,0,1,0,0,0,1,0,0,0,0,0,0,-1,0,0,1,0,0,0,0,0,0,0,0,0,0,0,0,3,1,4
WL,Invesco S&P 500 Revenue ETF,Financial,Exchange Traded Fund,USA,,,130.61,0.63%,200876.0,0,0,0,0,0,0,0,0,0,0,0,0,0,0,0,0,0,0,0,0,0,0,-1,0,0,0,0,0,0,1,1
WLC,Rayliant NxtGen Multifactor US Equity ETF,Financial,Exchange Traded Fund,USA,,,39.22,1.17%,3932.0,0,1,0,0,0,0,0,0,0,0,0,0,0,0,0,0,0,0,0,0,0,0,-1,0,0,0,0,0,1,1,2
WT,Redwood Trust Inc,Real Estate,REIT - Mortgage,USA,432100000.0,,3.44,-2.55%,2749245.0,0,0,0,0,0,0,0,0,0,0,0,0,0,0,0,0,0,0,0,-1,0,0,0,0,0,0,0,0,0,1,1
XD,ProShares UltraShort Health Care -2x Shares,Financial,Exchange Traded Fund,USA,,,15.11,-1.43%,6120.0,0,0,0,0,0,0,0,0,1,0,0,0,0,0,0,0,0,0,0,0,0,0,0,0,0,0,0,0,1,0,1
XI,iShares Global Consumer Discretionary ETF,Financial,Exchange Traded Fund,USA,,,186.28,0.46%,8623.0,0,0,0,0,0,0,0,0,0,0,1,0,0,0,0,0,0,0,0,0,0,0,0,0,0,0,0,0,1,0,1
XRX,Recursion Pharmaceuticals Inc,Healthcare,Biotechnology,USA,2560000000.0,,4.78,16.02%,67278674.0,0,1,0,0,0,0,0,0,0,0,0,0,0,0,0,0,0,1,0,0,0,0,0,0,0,0,0,0,2,0,2
XT,Rackspace Technology Inc,Technology,Software - Infrastructure,USA,994010000.0,,3.9,-5.34%,4499884.0,0,0,0,0,0,0,0,0,1,0,0,0,0,0,0,0,0,0,0,0,0,0,0,0,0,0,0,0,1,0,1
YAAY,Ryanair Holdings Plc ADR,Industrials,Airlines,Ireland,28330000000.0,13.24,54.7,-0.64%,919232.0,0,0,0,0,0,0,0,0,0,0,0,0,0,0,0,0,0,0,0,0,0,0,0,1,0,0,0,0,1,0,1
YAM,Rayonier Advanced Materials Inc,Basic Materials,Chemicals,USA,469450000.0,,6.94,-2.53%,1219058.0,0,0,0,0,0,0,0,0,0,0,0,0,-1,0,0,0,0,0,0,0,0,0,0,0,0,0,0,0,0,1,1
YDE,Ryde Group Ltd,Technology,Software - Application,Singapore,118020000.0,,0.71,-0.84%,12537.0,0,0,0,0,0,0,0,0,0,0,0,0,0,0,0,1,0,0,0,0,0,0,0,0,0,0,0,0,1,0,1
YET,Ruanyun Edai Technology Inc,Consumer Defensive,Education & Training Services,China,32770000.000000004,,0.88,2.22%,69693.0,0,0,0,-1,0,0,0,0,0,0,0,0,0,0,0,0,0,0,0,-1,0,0,0,0,0,0,0,0,0,2,2
YOJ,rYojbaba Co Ltd,Industrials,Consulting Services,Japan,32340000.000000004,28000.0,2.8,-1.75%,14089.0,0,0,0,0,0,0,0,-1,0,0,0,0,0,0,0,0,0,0,0,0,0,0,0,0,0,1,0,0,1,1,2
ZLV,Rezolve AI Plc,Technology,Software - Infrastructure,United Kingdom,929620000.0,,2.23,8.25%,16698297.0,0,1,0,0,0,0,0,0,0,0,0,0,0,0,0,0,0,0,0,0,1,1,0,0,0,0,0,0,3,0,3
,SentinelOne Inc,Technology,Software - Infrastructure,USA,8850000000.0,,25.43,1.48%,8461195.0,0,0,0,0,0,0,0,0,0,0,1,0,0,0,0,0,0,0,0,0,0,0,0,0,0,0,0,0,1,0,1
AAQ,Space Asset Acquisition Corp,Financial,Shell Companies,USA,474790000.0,176.14,10.04,-0.11%,271.0,0,0,0,0,0,0,0,0,1,0,0,0,0,0,0,0,0,0,0,0,0,0,0,0,0,0,0,0,1,0,1
ABS,SAB Biotherapeutics Inc,Healthcare,Biotechnology,USA,282060000.0,,3.1,4.03%,866272.0,0,0,0,0,0,0,0,0,0,0,0,0,-1,0,0,0,0,0,0,0,0,0,0,0,0,0,0,0,0,1,1
AFX,XCF Global Inc,Utilities,Utilities - Renewable,USA,124760000.0,,0.3,-8.80%,4111411.0,0,0,0,0,0,0,0,0,0,0,0,0,-1,0,0,0,0,0,0,0,0,0,0,0,0,0,0,0,0,1,1
AM,Boston Beer Co Inc,Consumer Defensive,Beverages - Brewers,USA,1730000000.0,,167.69,0.11%,156460.0,0,0,0,0,0,0,0,0,1,0,0,0,-1,0,0,0,0,0,0,0,1,0,0,1,0,0,0,0,3,1,4
AMG,Silvercrest Asset Management Group Inc,Financial,Asset Management,USA,124640000.0,94.52,10.52,-0.19%,80090.0,0,0,0,0,0,0,0,0,1,0,0,0,0,0,0,0,0,0,0,0,0,0,0,0,0,0,0,0,1,0,1
AMM,Strategas Macro Momentum ETF,Financial,Exchange Traded Fund,USA,,,36.47,0.83%,3477.0,0,0,0,0,0,0,0,0,0,0,1,0,0,0,0,0,0,0,0,0,0,0,0,0,0,0,0,0,1,0,1
AMT,Strategas Macro Thematic Opportunities ETF,Financial,Exchange Traded Fund,USA,,,42.51,0.72%,181450.0,0,0,0,0,0,0,0,0,1,0,0,0,0,0,0,0,0,0,0,0,0,0,0,0,0,0,0,0,1,0,1
AN,Banco Santander SA ADR,Financial,Banks - Diversified,Spain,202180000000.0,10.95,13.9,4.04%,20934338.0,0,0,0,-1,0,0,0,0,0,0,0,0,0,0,0,0,0,0,0,0,0,0,0,0,0,0,0,0,0,1,1
ANA,Sana Biotechnology Inc,Healthcare,Biotechnology,USA,862160000.0,,2.88,-0.35%,5394073.0,0,1,0,0,0,0,0,0,0,0,0,0,0,0,0,0,0,0,0,0,0,0,0,1,0,0,0,0,2,0,2
ANG,Sangoma Technologies Corp,Technology,Software - Infrastructure,Canada,161370000.0,,4.84,-0.74%,232469.0,0,0,0,0,0,0,0,0,0,0,0,0,-1,0,0,0,0,0,0,0,0,0,0,1,0,0,0,0,1,1,2
ARK,Tradr 1X Short Innovation Daily ETF,Financial,Exchange Traded Fund,USA,,,22.74,-3.36%,116244.0,0,0,0,0,0,1,0,0,0,0,0,0,0,0,0,0,0,0,0,0,0,0,0,0,0,0,0,0,1,0,1
AWG,AAM Sawgrass US Large Cap Quality Growth ETF,Financial,Exchange Traded Fund,USA,,,25.01,0.70%,15.0,0,0,0,0,0,0,0,0,0,0,0,0,0,0,0,0,0,1,0,0,0,0,0,0,0,0,0,0,1,0,1
BAR,Simplify Barrier Income ETF,Financial,Exchange Traded Fund,USA,,,25.45,0.24%,90835.0,0,1,0,0,0,0,0,0,0,0,0,0,0,0,0,0,0,0,0,0,0,0,0,0,0,0,0,0,1,0,1
BIL,Simplify Government Money Market ETF,Financial,Exchange Traded Fund,USA,,,100.14,0.02%,152742.0,0,1,0,-1,0,1,0,0,0,0,0,0,0,0,0,0,0,0,0,0,1,1,0,0,0,0,0,0,4,1,5
BR,Sabine Royalty Trust,Energy,Oil & Gas Midstream,USA,1040000000.0,14.58,71.38,1.38%,17242.0,0,0,0,0,0,0,0,0,1,0,0,0,0,0,0,0,0,0,0,0,0,0,0,0,0,0,0,0,1,0,1
BS,Companhia de Saneamento Basico do Estado de Sao Paulo ADR,Utilities,Utilities - Regulated Water,Brazil,21950000000.0,14.46,6.26,16.36%,28765719.0,0,0,0,0,0,0,0,0,1,0,0,0,0,0,0,0,0,0,0,0,0,0,0,0,0,0,0,0,1,0,1
BUX,Starbucks Corp,Consumer Cyclical,Restaurants,USA,107650000000.0,54.45,94.43,-0.30%,8825002.0,0,0,0,0,0,0,0,0,0,0,0,0,0,0,0,0,0,0,0,0,0,0,0,0,-1,0,0,0,0,1,1
BXD,SilverBox Corp IV,Financial,Shell Companies,USA,73150000.0,54.16,11.39,0.00%,0.0,0,0,0,0,0,1,0,0,0,0,0,0,0,0,0,0,0,0,0,0,0,0,0,0,0,0,0,0,1,0,1
CAG,Scage Future ADR,Industrials,Farm & Heavy Construction Machinery,China,16160000.0,,0.22,2.39%,121399.0,0,0,0,0,0,0,0,0,1,0,0,0,0,0,0,0,0,0,0,0,0,0,0,0,0,0,0,0,1,0,1
CAP,Infrastructure Capital Small Cap Income ETF,Financial,Exchange Traded Fund,USA,,,36.25,0.05%,1729.0,0,0,0,0,0,0,0,0,0,0,1,0,0,0,0,0,0,0,0,0,0,0,-1,0,0,0,0,0,1,1,2
CC,ProShares UltraShort Consumer Discretionary,Financial,Exchange Traded Fund,USA,,,16.16,-0.49%,11011.0,0,0,0,0,0,0,0,0,0,0,0,0,0,0,0,1,0,0,0,0,0,0,0,0,0,0,0,0,1,0,1
CEP,Sterling Capital Hedged Equity Premium Income ETF,Financial,Exchange Traded Fund,USA,,,25.04,0.76%,18297.0,0,0,0,0,0,0,0,0,0,0,0,0,-1,0,0,0,0,0,0,0,0,0,0,0,0,0,0,0,0,1,1
CHB,Schwab U.S. Broad Market ETF,Financial,Exchange Traded Fund,USA,,,29.81,0.68%,8002723.0,0,0,0,0,0,0,0,0,0,0,1,0,0,0,0,0,0,0,0,0,0,0,-1,0,0,0,0,0,1,1,2
CHJ,Schwab 1-5 Year Corporate Bond ETF,Financial,Exchange Traded Fund,USA,,,24.06,0.08%,413522.0,0,0,0,0,0,0,0,0,0,0,0,0,0,0,0,0,0,0,0,-1,0,0,0,0,0,0,0,0,0,1,1
CHK,Schwab 1000 Index ETF,Financial,Exchange Traded Fund,USA,,,37.3,0.76%,948806.0,0,0,0,0,0,0,0,0,0,0,1,0,0,0,0,0,0,0,0,0,0,0,-1,0,0,0,0,0,1,1,2
CHM,Schwab U.S. Mid-Cap ETF,Financial,Exchange Traded Fund,USA,,,34.77,0.58%,2089004.0,0,0,0,0,0,0,0,0,0,0,0,0,0,0,0,0,0,0,0,0,0,0,-1,0,0,0,0,0,0,1,1
CHP,Schwab U.S. Tips ETF,Financial,Exchange Traded Fund,USA,,,25.08,-0.08%,6513313.0,0,0,0,0,0,0,0,0,1,0,0,0,0,0,0,0,0,0,0,0,0,0,0,0,0,0,0,0,1,0,1
CHQ,Schwab US Long-Term U.S. Treasury ETF,Financial,Exchange Traded Fund,USA,,,28.21,-0.39%,1314495.0,0,0,0,0,0,0,0,0,1,1,0,0,0,0,0,0,0,0,0,0,0,0,0,0,0,0,0,0,2,0,2
CHX,Schwab U.S. Large-Cap ETF,Financial,Exchange Traded Fund,USA,,,30.54,0.73%,8417226.0,0,0,0,0,0,0,0,0,0,0,0,0,0,0,0,0,0,1,0,0,0,0,0,0,0,0,0,0,1,0,1
CIO,First Trust Structured Credit Income Opportunities ETF,Financial,Exchange Traded Fund,USA,,,19.92,-0.25%,1072919.0,0,0,0,0,0,0,0,0,1,1,0,0,0,0,0,0,0,0,0,0,0,0,0,0,0,0,0,0,2,0,2
CJ,iShares MSCI Japan Small-Cap ETF,Financial,Exchange Traded Fund,USA,,,110.65,0.45%,11276.0,0,0,0,0,0,0,0,-1,0,0,0,0,0,0,0,0,0,0,0,0,0,0,0,0,0,0,0,0,0,1,1
CLZ,Swan Enhanced Dividend Income ETF,Financial,Exchange Traded Fund,USA,,,57.39,0.46%,734.0,0,0,0,-1,0,0,0,-1,0,0,0,0,0,0,0,0,0,0,0,0,0,0,0,0,0,0,0,0,0,2,2
CM,Stellus Capital Investment Corp,Financial,Asset Management,USA,209330000.0,7.11,7.35,-0.81%,107900.0,0,1,0,0,0,0,0,0,0,0,0,0,0,0,0,0,0,0,0,0,0,0,0,0,0,0,0,0,1,0,1
CMC,Sterling Capital Multi-Strategy Income ETF,Financial,Exchange Traded Fund,USA,,,24.34,0.00%,20025.0,0,0,0,0,0,0,0,0,1,0,0,0,0,0,0,0,0,0,0,0,0,0,0,0,0,0,0,0,1,0,1
CNI,Scinai Immunotherapeutics Ltd ADR,Healthcare,Biotechnology,Israel,890000.0,,1.26,-5.26%,42256.0,0,0,0,0,0,0,0,0,1,1,0,0,0,0,0,0,0,0,0,0,0,0,0,0,0,0,0,0,2,0,2
CO,ProShares UltraShort Bloomberg Crude Oil -2x Shares,Financial,Exchange Traded Fund,USA,,,19.58,0.56%,5315546.0,0,0,0,0,0,0,0,0,0,0,0,0,0,0,0,0,0,0,0,0,1,0,0,0,0,0,0,0,1,0,1
COP,Sprott Physical Copper Trust,Financial,Exchange Traded Fund,USA,,,12.05,-0.99%,57701.0,0,0,0,0,0,0,0,0,0,0,0,0,0,0,0,1,0,0,0,0,0,0,0,0,0,0,0,0,1,0,1
CWO,374Water Inc,Industrials,Pollution & Treatment Controls,USA,51990000.0,,2.95,-4.22%,80290.0,0,0,0,0,0,0,0,0,0,0,0,0,0,0,0,0,0,0,0,0,1,0,-1,0,0,0,0,0,1,1,2
CYB,Schwab High Yield Bond ETF,Financial,Exchange Traded Fund,USA,,,25.09,0.08%,1364072.0,0,0,0,-1,0,0,0,0,1,0,0,0,0,0,0,0,0,0,0,0,0,0,0,0,0,0,0,0,1,1,2
D,Sandridge Energy Inc,Energy,Oil & Gas E&P,USA,508680000.0,6.11,13.72,0.73%,273472.0,0,0,0,0,0,0,0,0,0,0,0,0,-1,0,0,0,0,0,0,0,0,0,0,0,0,0,0,0,0,1,1
DEM,Global X MSCI SuperDividend Emerging Markets ETF,Financial,Exchange Traded Fund,USA,,,33.98,3.36%,10554.0,0,0,0,0,0,1,0,-1,0,0,0,0,0,0,0,0,0,0,0,0,0,0,0,0,0,0,0,0,1,1,2
DFI,AB Short Duration Income ETF,Financial,Exchange Traded Fund,USA,,,34.78,0.22%,1622.0,0,0,0,-1,0,0,0,0,0,0,0,0,0,0,0,0,0,0,0,0,0,0,0,0,0,0,0,0,0,1,1
DHC,Smith Douglas Homes Corp,Real Estate,Real Estate - Development,USA,511840000.0,14.07,10.07,-0.10%,47028.0,0,0,0,0,0,0,0,0,1,0,0,0,0,0,0,0,0,0,0,0,0,0,0,0,0,0,0,0,1,0,1
DS,ProShares UltraShort S&P500 -2x Shares,Financial,Exchange Traded Fund,USA,,,52.87,-1.34%,3135172.0,0,0,0,0,0,0,0,0,1,0,0,0,0,0,0,0,0,0,0,0,0,0,0,0,0,0,0,0,1,0,1
DST,Stardust Power Inc,Industrials,Electrical Equipment & Parts,USA,3710000.0,,0.09,7.89%,51785358.0,0,0,0,0,0,0,0,0,1,0,0,0,0,0,0,0,0,0,0,0,0,0,0,0,0,0,0,0,1,0,1
DTY,YieldMax S&P 500 0DTE Covered Call Strategy ETF,Financial,Exchange Traded Fund,USA,,,41.04,0.64%,13120.0,0,0,0,-1,0,0,0,0,0,0,0,0,0,0,0,1,0,0,0,0,0,0,0,0,0,0,0,0,1,1,2
DY,State Street SPDR S&P Dividend ETF,Financial,Exchange Traded Fund,USA,,,147.71,0.09%,246443.0,0,0,0,0,0,0,0,-1,0,0,0,0,0,0,0,0,0,0,0,0,0,0,0,0,0,0,0,0,0,1,1
EB,Seaboard Corp,Industrials,Conglomerates,USA,3810000000.0,6.01,3978.74,-1.13%,9362.0,0,0,0,0,0,0,0,0,1,1,0,0,0,0,0,0,0,0,0,0,0,0,0,0,0,0,0,0,2,0,2
ECT,Main Sector Rotation ETF,Financial,Exchange Traded Fund,USA,,,72.88,0.66%,77531.0,0,0,0,0,0,0,0,0,0,0,1,0,0,0,0,0,0,0,0,0,1,0,0,0,-1,0,0,0,2,1,3
ECU,iShares Securitized Income Active ETF,Financial,Exchange Traded Fund,USA,,,48.38,0.12%,43712.0,0,0,0,0,0,0,0,0,0,0,0,0,0,0,0,0,0,0,0,-1,0,0,0,0,0,0,0,0,0,1,1
EIM,SEI QiM U.S. Large Cap Momentum Active ETF,Financial,Exchange Traded Fund,USA,,,54.9,0.04%,69525.0,0,0,0,0,0,0,0,0,0,0,1,0,0,0,0,0,0,0,0,0,0,0,-1,0,0,0,0,0,1,1,2
EIQ,SEI QiM U.S. Large Cap Quality Active ETF,Financial,Exchange Traded Fund,USA,,,41.45,0.80%,39645.0,0,0,0,0,0,0,0,0,0,0,0,0,0,0,0,0,0,0,0,0,0,0,-1,0,0,0,0,0,0,1,1
EIS,SEI Select Small Cap ETF,Financial,Exchange Traded Fund,USA,,,31.94,0.73%,52931.0,0,0,0,0,0,0,0,0,0,0,0,0,0,0,0,0,0,0,0,0,0,0,-1,0,0,0,0,0,0,1,1
EIV,SEI QiM U.S. Large Cap Value Active ETF,Financial,Exchange Traded Fund,USA,,,49.74,-0.04%,140375.0,0,0,0,0,0,0,0,0,0,0,0,0,0,0,0,0,0,0,0,0,0,0,-1,0,0,0,0,0,0,1,1
ELF,Global Self Storage Inc,Real Estate,REIT - Specialty,USA,55960000.0,26.52,4.9,1.03%,45246.0,0,1,0,0,0,0,0,0,0,0,0,0,0,0,0,0,0,0,0,0,0,0,0,0,0,0,0,0,1,0,1
EMI,Columbia Select Technology ETF,Financial,Exchange Traded Fund,USA,,,41.25,0.97%,5483.0,0,0,0,0,0,0,0,0,0,0,0,0,0,0,0,1,0,0,0,0,0,0,0,0,0,0,0,0,1,0,1
EPI,Shelton Equity Premium Income ETF,Financial,Exchange Traded Fund,USA,,,29.03,0.21%,77991.0,0,0,0,0,0,0,0,-1,0,0,0,0,0,0,0,0,0,0,0,0,0,0,0,0,0,0,0,0,0,1,1
EPU,AllianzIM U.S. Equity Buffer15 Uncapped Sep ETF,Financial,Exchange Traded Fund,USA,,,32.0,0.52%,12953.0,0,1,0,0,0,0,0,-1,0,0,0,0,0,0,0,0,0,0,0,0,0,0,0,0,0,0,0,0,1,1,2
ERA,Sera Prognostics Inc,Healthcare,Medical Devices,USA,78900000.0,,2.0,-4.31%,22905.0,0,0,0,0,0,0,0,0,0,0,0,0,0,0,0,1,0,0,0,0,0,0,0,0,0,0,0,0,1,0,1
ES,SES AI Corp,Consumer Cyclical,Auto Parts,USA,310320000.0,,0.84,-5.53%,20091567.0,0,0,0,0,0,0,0,0,1,0,0,0,0,0,0,0,0,0,0,0,0,0,0,0,0,0,0,0,1,0,1
EUS,SEI QiM U.S. Equity Factor Allocation Active ETF,Financial,Exchange Traded Fund,USA,,,25.92,0.22%,28780.0,0,0,0,0,0,0,0,0,0,0,0,0,0,0,0,0,0,0,0,0,0,0,-1,0,0,0,0,0,0,1,1
EV,Aptera Motors Corp,Consumer Cyclical,Auto Manufacturers,USA,64060000.0,,1.58,-4.53%,423930.0,0,0,0,0,0,0,0,0,0,0,0,0,-1,0,0,0,0,0,0,0,0,0,0,0,0,0,0,0,0,1,1
EVN,Seven Hills Realty Trust,Real Estate,REIT - Mortgage,USA,154970000.0,10.3,6.84,1.33%,304077.0,0,0,0,0,0,1,0,0,0,0,0,0,0,0,0,0,0,0,0,0,0,0,0,0,0,0,0,0,1,0,1
FHG,Samfine Creation Holdings Group Ltd,Industrials,Specialty Business Services,Hong Kong,8450000.0,,2.08,-0.95%,7130.0,0,0,0,0,0,0,0,0,1,1,0,0,0,0,0,0,0,0,0,0,0,0,0,0,0,0,0,0,2,0,2
FTX,Horizon International Managed Risk ETF,Financial,Exchange Traded Fund,USA,,,31.0,0.47%,84414.0,0,0,0,0,0,0,0,0,0,0,1,0,0,0,0,0,0,0,0,0,0,0,0,0,-1,0,0,0,1,1,2
FY,SoFi Select 500 ETF,Financial,Exchange Traded Fund,USA,,,156.4,0.82%,16676.0,0,0,0,0,0,0,0,-1,0,0,0,0,0,0,0,0,0,0,0,0,0,0,0,0,0,0,0,0,0,1,1
FYI,SoFi Social 50 Income ETF,Financial,Exchange Traded Fund,USA,,,25.35,0.85%,8460.0,0,0,0,0,0,0,0,0,0,0,0,0,0,0,0,1,0,0,0,0,0,0,0,0,0,0,0,0,1,0,1
GC,SuperiorGroup of Companies Inc,Consumer Cyclical,Apparel Manufacturing,USA,207290000.0,23.64,13.0,0.15%,29711.0,0,0,0,0,0,1,0,0,0,0,0,0,0,0,0,0,0,0,0,0,0,0,0,0,0,0,0,0,1,0,1
GHC,Super Group (SGHC) Limited,Consumer Cyclical,Gambling,United Kingdom,5830000000.0,15.77,11.47,1.96%,2876849.0,0,0,0,0,0,0,0,0,0,0,0,0,0,0,0,0,0,0,0,0,0,0,0,0,0,0,-1,0,0,1,1
GI,Somnigroup International Inc,Consumer Cyclical,"Furnishings, Fixtures & Appliances",USA,14340000000.0,24.83,62.29,0.52%,2764965.0,0,0,0,0,0,0,0,0,0,0,0,0,-1,-1,0,0,0,0,0,0,0,0,0,0,0,0,0,1,1,2,3
GML,Sigma Lithium Corp,Basic Materials,Other Industrial Metals & Mining,Brazil,1080000000.0,,9.56,5.17%,2891974.0,0,0,0,0,0,0,0,0,0,0,0,0,-1,0,0,0,0,0,0,0,0,0,0,0,0,0,0,0,0,1,1
GOV,iShares 0-3 Month Treasury Bond ETF,Financial,Exchange Traded Fund,USA,,,100.45,0.01%,22319565.0,0,1,0,-1,0,1,0,0,0,0,0,0,0,0,0,0,0,0,0,0,0,0,0,0,0,0,0,0,2,1,3
GVT,Schwab Government Money Market ETF,Financial,Exchange Traded Fund,USA,,,100.54,0.01%,354357.0,0,1,0,-1,0,1,0,0,0,0,1,1,0,0,0,0,0,0,0,0,0,0,0,0,0,0,0,0,4,1,5
HC,Sotera Health Co,Healthcare,Diagnostics & Research,USA,5290000000.0,32.62,18.55,1.81%,2505983.0,0,1,0,0,0,0,0,0,0,0,1,1,0,0,0,0,0,0,0,0,0,0,0,0,0,0,0,0,3,0,3
HDG,Soundwatch Hedged Equity ETF,Financial,Exchange Traded Fund,USA,,,33.74,0.25%,1273.0,0,0,0,-1,0,0,0,-1,0,0,0,0,0,0,0,0,0,0,0,0,0,0,0,0,0,0,0,0,0,2,2
HFS,SHF Holdings Inc,Financial,Banks - Regional,USA,900000.0,,0.88,-25.25%,509275.0,0,1,0,0,0,0,0,0,0,0,0,0,0,0,0,0,0,0,0,0,0,0,0,0,0,0,0,0,1,0,1
HIP,Seanergy Maritime Holdings Corp,Industrials,Marine Shipping,Greece,382880000.0,6.18,17.67,-0.84%,651138.0,0,0,0,-1,0,0,0,0,0,0,0,0,0,0,0,0,0,0,0,0,0,0,0,0,0,0,0,0,0,1,1
HMD,SCHMID Group NV,Industrials,Specialty Industrial Machinery,Germany,299630000.0,,4.5,-1.53%,543522.0,0,0,0,0,0,0,0,0,1,1,0,0,0,0,0,0,0,0,0,0,0,0,0,0,0,0,0,0,2,0,2
HO,Sunstone Hotel Investors Inc,Real Estate,REIT - Hotel & Motel,USA,2100000000.0,50.45,11.32,-0.61%,2085959.0,0,0,0,0,0,0,0,0,0,0,0,0,0,0,0,0,0,0,0,0,0,0,-1,0,0,0,0,0,0,1,1
HPU,Direxion Daily SHOP Bull 2X ETF,Financial,Exchange Traded Fund,USA,,,19.3,11.45%,105108.0,0,0,0,0,0,0,0,0,0,0,1,0,0,0,0,0,0,0,0,0,0,0,0,0,0,0,0,0,1,0,1
HV,iShares 0-1 Year Treasury Bond ETF,Financial,Exchange Traded Fund,USA,,,110.09,0.02%,4178571.0,0,1,0,-1,0,1,0,0,0,0,0,0,0,0,0,0,0,0,0,0,0,0,0,0,0,0,0,0,2,1,3
HW,Sherwin-Williams Co,Basic Materials,Specialty Chemicals,USA,77310000000.0,29.36,318.46,-0.33%,1323273.0,0,0,0,0,0,0,0,0,0,0,0,0,0,0,0,0,0,0,0,0,0,0,0,0,0,0,0,1,1,0,1
HYD,VanEck Short High Yield Muni ETF,Financial,Exchange Traded Fund,USA,,,22.0,0.09%,722764.0,0,0,0,0,0,0,0,0,1,0,0,0,0,0,0,0,0,0,0,0,0,0,0,0,0,0,0,0,1,0,1
ID,Companhia Siderurgica Nacional ADR,Basic Materials,Steel,Brazil,1640000000.0,,1.24,6.90%,27753322.0,0,0,0,0,0,0,0,0,0,0,1,0,0,0,0,0,0,0,0,0,0,0,0,0,0,0,0,0,1,0,1
IF,SIFCO Industries Inc,Industrials,Aerospace & Defense,USA,143840000.0,35.76,23.0,-2.62%,41139.0,0,1,0,0,0,0,0,0,0,0,0,0,0,0,0,0,0,0,0,0,0,0,0,0,0,0,0,0,1,0,1
IFI,Harbor Ares Systematic Multi-Sector Income ETF,Financial,Exchange Traded Fund,USA,,,42.02,0.14%,1275.0,0,1,0,0,0,0,0,0,0,0,0,0,0,0,0,0,0,0,0,0,0,0,0,0,0,0,0,0,1,0,1
IFY,Sify Technologies Limited ADR,Communication Services,Telecom Services,India,965490000.0,,13.33,0.15%,36036.0,0,0,0,0,0,0,0,0,1,0,0,0,0,0,0,0,0,0,0,0,0,0,0,0,0,0,0,0,1,0,1
IG,Signet Jewelers Ltd,Consumer Cyclical,Luxury Goods,Bermuda,3760000000.0,11.63,100.89,0.31%,875941.0,0,0,0,0,0,0,0,0,0,0,0,0,0,0,0,0,0,0,0,0,0,0,0,0,0,0,0,1,1,0,1
II,Sprott Inc,Financial,Asset Management,Canada,2980000000.0,28.34,115.76,-0.47%,95806.0,0,0,0,0,0,0,0,0,1,0,0,0,0,0,0,0,0,0,0,0,0,0,0,0,0,0,0,0,1,0,1
ILC,Silicom Ltd,Technology,Communication Equipment,Israel,351580000.0,,61.17,1.90%,181033.0,0,0,0,0,0,0,0,0,0,0,1,0,0,0,0,0,0,0,0,0,1,1,0,0,0,0,0,0,3,0,3
ILJ,Amplify Junior Silver Miners ETF,Financial,Exchange Traded Fund,USA,,,27.11,-0.44%,3086134.0,0,0,0,0,0,0,0,0,1,0,0,0,0,0,0,0,0,0,0,0,0,0,0,0,0,0,0,0,1,0,1
ILO,SILO Pharma Inc,Healthcare,Biotechnology,USA,2370000.0,,1.49,2.19%,212183.0,0,0,0,0,0,0,0,0,1,0,0,0,0,0,0,0,0,0,0,0,0,0,0,0,0,0,0,0,1,0,1
IM,Grupo Simec SAB de CV ADR,Basic Materials,Steel,Mexico,4760000000.0,22.13,28.7,2.50%,5298.0,0,0,0,0,0,0,0,0,1,0,0,0,0,0,0,0,0,0,0,0,0,0,0,0,0,0,0,0,1,0,1
IMO,Silicon Motion Technology Corp ADR,Technology,Semiconductors,Hong Kong,9580000000.0,33.12,282.45,0.70%,724651.0,0,0,0,0,0,0,0,0,0,0,0,0,0,0,0,1,0,0,0,0,0,0,0,0,0,0,0,0,1,0,1
INT,SINTX Technologies Inc,Healthcare,Medical Devices,USA,14530000.0,,2.18,-1.36%,118262.0,0,0,0,0,0,0,0,0,0,0,0,0,0,0,0,0,0,0,0,0,0,0,0,1,0,0,0,0,1,0,1
IRI,Sirius XM Holdings Inc,Communication Services,Entertainment,USA,8870000000.0,10.36,26.31,2.29%,5134783.0,0,0,0,0,0,0,0,0,1,0,0,0,0,0,0,0,0,0,0,0,0,0,0,0,0,0,0,0,1,0,1
ITM,SiTime Corp,Technology,Semiconductors,USA,21350000000.0,1439.08,710.04,0.08%,258814.0,0,0,0,0,0,0,0,0,0,0,1,1,0,0,0,1,0,0,0,0,0,0,0,0,0,0,0,0,3,0,3
IXA,ETC 6 Meridian Mega Cap Equity ETF,Financial,Exchange Traded Fund,USA,,,56.73,-0.22%,3931.0,0,0,0,-1,0,0,0,0,0,0,0,0,0,0,0,0,0,1,0,0,0,0,0,0,0,0,0,0,1,1,2
IXH,ETC 6 Meridian Hedged Equity Index Option ETF,Financial,Exchange Traded Fund,USA,,,43.64,-0.65%,36358.0,0,1,0,0,0,0,0,-1,0,0,0,0,0,0,0,0,0,0,0,0,0,0,0,0,0,0,0,0,1,1,2
IXP,AllianzIM U.S. Equity 6 Month Buffer10 Mar/Sep ETF,Financial,Exchange Traded Fund,USA,,,34.76,0.20%,1996.0,0,0,0,-1,0,0,0,0,0,0,0,0,0,0,0,0,0,0,0,0,0,0,0,0,0,0,0,0,0,1,1
JCP,SanJac Alpha Core Plus Bond ETF,Financial,Exchange Traded Fund,USA,,,24.66,-0.06%,90.0,0,0,0,0,0,0,0,0,0,0,1,0,0,0,0,0,0,0,0,0,0,0,0,0,0,0,0,0,1,0,1
JNK,State Street SPDR Bloomberg Short Term High Yield Bond ETF,Financial,Exchange Traded Fund,USA,,,24.16,0.08%,3629519.0,0,0,0,0,0,0,0,0,0,0,0,0,0,0,0,0,0,0,0,-1,0,0,0,0,0,0,0,0,0,1,1
KHN,Tradr 2X Short SK hynix Daily ETF,Financial,Exchange Traded Fund,USA,,,9.26,0.00%,86167.0,0,0,0,0,0,0,0,0,1,0,0,0,0,0,0,0,0,0,0,0,0,0,0,0,0,0,0,0,1,0,1
KIN,SkinHealth Systems Inc,Consumer Defensive,Household & Personal Products,USA,78090000.0,,0.6,-4.76%,344358.0,0,0,0,0,0,0,0,0,0,0,0,0,-1,0,0,0,0,0,0,0,0,0,0,0,0,1,0,0,1,1,2
KWD,Skyward Specialty Insurance Group Inc,Financial,Insurance - Property & Casualty,USA,2450000000.0,12.85,55.19,0.33%,218743.0,0,0,0,0,0,0,0,0,1,0,0,0,0,0,0,0,0,0,0,0,0,0,0,0,0,0,0,0,1,0,1
KY,Champion Homes Inc,Consumer Cyclical,Residential Construction,USA,4660000000.0,25.1,85.76,-2.66%,621688.0,0,0,0,0,0,0,0,0,0,0,1,0,0,0,0,0,0,0,0,0,0,0,0,0,0,0,0,1,2,0,2
KYA,SkyAI Inc,Technology,Software - Infrastructure,USA,80880000.0,,1.87,1.63%,500914.0,0,0,0,0,0,0,0,0,0,0,0,0,0,0,0,0,0,0,0,0,0,0,0,1,0,0,0,0,1,0,1
KYE,Skye Bioscience Inc,Healthcare,Biotechnology,USA,7660000.0,,1.73,2.98%,35224.0,0,0,0,0,0,0,0,0,1,0,0,0,0,0,0,0,0,0,0,0,0,0,0,0,0,0,0,0,1,0,1
LDE,Slide Insurance Holdings Inc,Financial,Insurance - Property & Casualty,USA,2820000000.0,5.88,24.14,2.24%,1070975.0,0,1,0,0,0,0,0,0,0,0,0,0,0,0,0,0,0,0,0,0,0,0,0,0,0,0,0,0,1,0,1
LDP,Solid Power Inc,Consumer Cyclical,Auto Parts,USA,524809999.99999994,,2.3,-1.29%,1958158.0,0,0,0,0,0,0,0,0,1,0,0,0,0,0,0,0,0,0,0,0,0,0,0,0,0,0,0,0,1,0,1
LDR,Global X Short-Term Treasury Ladder ETF,Financial,Exchange Traded Fund,USA,,,49.37,0.01%,219.0,0,0,0,0,0,0,0,0,1,0,0,0,0,0,0,0,0,0,0,0,0,0,0,0,0,0,0,0,1,0,1
LI,Standard Lithium Ltd,Basic Materials,Other Industrial Metals & Mining,Canada,424460000.0,,1.72,-1.15%,1948573.0,0,0,0,0,0,0,0,0,1,1,0,0,0,0,0,0,0,0,0,0,0,0,0,0,0,0,0,0,2,0,2
LJY,Amplify SILJ Junior Silver Miners Covered Call ETF,Financial,Exchange Traded Fund,USA,,,27.59,0.47%,36995.0,0,0,0,0,0,0,0,0,1,0,0,0,0,0,0,0,0,0,0,0,0,0,0,0,0,0,0,0,1,0,1
LM,SLM Corp,Financial,Credit Services,USA,4269999999.9999995,6.37,22.74,-0.02%,2656466.0,0,0,0,0,0,0,0,0,0,0,0,0,0,0,0,0,0,1,0,0,0,0,0,0,0,0,0,0,1,0,1
LND,Southland Holdings Inc,Industrials,Engineering & Construction,USA,35930000.0,,0.66,-1.49%,633521.0,0,0,0,0,0,0,0,0,0,0,0,0,-1,-1,0,0,0,0,0,0,0,0,0,0,0,0,0,0,0,2,2
LNZ,TCW Senior Loan ETF,Financial,Exchange Traded Fund,USA,,,45.34,-0.04%,1545.0,0,0,0,0,0,0,0,0,0,0,1,1,0,0,0,0,0,0,0,0,0,0,0,0,0,0,0,0,2,0,2
LON,ProShares Ultra Solana ETF,Financial,Exchange Traded Fund,USA,,,43.18,3.55%,150377.0,0,0,0,0,0,0,0,0,0,0,1,0,0,0,0,0,0,0,0,0,0,0,0,0,0,0,0,0,1,0,1
LQT,SelectQuote Inc,Financial,Insurance Brokers,USA,75080000.0,,0.42,1.92%,627272.0,0,0,0,0,0,0,0,0,0,0,0,0,0,0,0,1,0,0,0,0,0,0,0,0,0,0,0,0,1,0,1
LS,SELLAS Life Sciences Group Inc,Healthcare,Biotechnology,USA,2350000000.0,,11.63,-0.94%,4514189.0,0,0,0,0,0,0,0,0,0,0,0,0,0,0,0,0,0,0,0,0,0,0,-1,0,0,0,0,0,0,1,1
LSN,Solesence Inc,Consumer Defensive,Household & Personal Products,USA,57190000.0,,0.81,-1.28%,29658.0,0,0,0,0,0,0,0,0,1,0,0,0,0,0,0,0,0,0,0,0,0,0,0,0,0,0,0,0,1,0,1
LSR,Solaris Resources Inc,Basic Materials,Other Precious Metals & Mining,Switzerland,1190000000.0,,7.12,0.42%,84588.0,0,0,0,0,0,0,0,0,1,0,0,0,0,0,0,0,0,0,0,0,0,0,0,0,0,0,0,0,1,0,1
LVM,Sylvamo Corp,Basic Materials,Paper & Paper Products,USA,1330000000.0,17.68,33.37,2.74%,587960.0,0,0,0,0,0,0,0,0,1,0,0,0,0,0,0,0,0,0,0,0,0,0,0,0,0,0,0,0,1,0,1
LVX,Nicholas Silver Income ETF,Financial,Exchange Traded Fund,USA,,,13.77,0.02%,14679.0,0,1,0,0,0,0,0,0,0,0,0,0,0,0,0,0,0,0,0,0,0,0,0,0,0,0,0,0,1,0,1
LVY,FT Vest Silver Strategy & Target Income ETF,Financial,Exchange Traded Fund,USA,,,20.57,0.80%,249.0,0,0,0,0,0,0,0,0,1,0,0,0,0,0,0,0,0,0,0,0,0,0,0,0,0,0,0,0,1,0,1
LWS,Wisdom Short Duration Income ETF,Financial,Exchange Traded Fund,USA,,,100.24,0.09%,46.0,0,1,0,0,0,0,0,0,0,0,0,0,0,0,0,0,0,0,0,0,0,0,0,0,0,0,0,0,1,0,1
LX,VanEck Steel ETF,Financial,Exchange Traded Fund,USA,,,105.13,1.54%,16413.0,0,0,0,0,0,0,0,0,0,0,1,0,0,0,0,0,0,0,0,0,0,0,-1,0,0,0,0,0,1,1,2
LYG,State Street SPDR S&P 600 TM Small Cap Growth ETF,Financial,Exchange Traded Fund,USA,,,109.43,0.38%,143928.0,0,0,0,0,0,0,0,0,0,0,0,0,0,0,0,0,0,0,0,0,0,0,-1,0,0,0,0,0,0,1,1
MC,Summit Midstream Corp,Energy,Oil & Gas Midstream,USA,651280000.0,,32.07,3.99%,131953.0,0,1,0,0,0,0,0,0,0,0,0,0,0,0,0,0,0,0,0,0,0,0,0,0,0,0,0,0,1,0,1
MCO,Hilton Small-MidCap Opportunity ETF,Financial,Exchange Traded Fund,USA,,,28.11,0.55%,2565.0,0,0,0,0,0,0,0,0,0,0,0,0,0,0,0,0,0,0,0,0,0,0,-1,0,0,0,0,0,0,1,1
MFG,Sumitomo Mitsui Financial Group Inc ADR,Financial,Banks - Diversified,Japan,322240000000.0,29.46,25.63,0.91%,1866359.0,0,0,0,0,0,0,0,-1,0,0,0,0,0,0,0,0,0,0,0,0,0,0,0,0,0,0,0,0,0,1,1
MHC,VanEck China Semiconductor ETF,Financial,Exchange Traded Fund,USA,,,43.83,1.42%,3789.0,0,0,0,0,0,0,0,0,0,0,0,0,-1,-1,0,0,0,0,0,0,0,0,0,0,0,0,0,0,0,2,2
MMT,Summit Therapeutics Inc,Healthcare,Biotechnology,USA,13780000000.0,,17.27,3.07%,5277704.0,0,0,0,0,0,1,0,0,1,0,0,0,0,0,0,0,0,0,0,0,0,0,0,0,0,0,0,0,2,0,2
MN,ProShares UltraShort Materials,Financial,Exchange Traded Fund,USA,,,21.13,-2.29%,2745.0,0,0,0,0,0,0,0,0,1,1,0,0,0,0,0,0,0,0,0,0,0,0,0,0,0,0,0,0,2,0,2
MOG,VanEck Low Carbon Energy ETF,Financial,Exchange Traded Fund,USA,,,135.69,0.46%,1152.0,0,0,0,0,0,0,0,0,1,0,0,0,0,0,0,0,0,0,0,0,0,0,0,0,0,0,0,0,1,0,1
MPL,Simply Good Foods Co,Consumer Defensive,Packaged Foods,USA,879300000.0,,9.94,1.12%,2484818.0,0,0,0,0,0,0,0,0,0,0,0,0,-1,0,0,0,0,0,0,0,0,0,0,0,0,0,0,0,0,1,1
MZ,Tradr 2X Short SMR Daily ETF,Financial,Exchange Traded Fund,USA,,,19.76,1.15%,30766.0,0,0,0,0,0,0,0,0,1,0,0,0,0,0,0,0,0,0,0,0,0,0,0,0,0,0,0,0,1,0,1
NAG,Leverage Shares 2x Long SNAP Daily ETF,Financial,Exchange Traded Fund,USA,,,5.68,-0.06%,55197.0,0,0,0,0,0,0,0,0,0,0,0,0,-1,0,0,0,0,0,0,0,0,0,0,0,0,1,0,0,1,1,2
NAP,Snap Inc,Communication Services,Internet Content & Information,USA,9490000000.0,,5.61,0.54%,24399409.0,0,0,0,0,0,0,0,0,0,0,1,0,0,0,0,0,0,0,0,0,0,0,0,0,0,0,0,0,1,0,1
NAV,Mohr Sector Nav ETF,Financial,Exchange Traded Fund,USA,,,39.31,0.68%,968.0,0,0,0,0,0,0,0,0,0,0,1,1,0,0,0,0,0,0,0,0,0,0,0,0,0,0,0,0,2,0,2
NDA,Sonida Senior Living Inc,Healthcare,Medical Care Facilities,USA,1760000000.0,,36.72,-2.60%,509051.0,0,0,0,0,0,0,0,0,1,0,0,0,0,0,0,0,0,0,0,0,0,0,0,0,0,0,0,0,1,0,1
NDC,Corgi SNDK 2x Daily ETF,Financial,Exchange Traded Fund,USA,,,8.35,-2.00%,82381.0,0,0,0,0,0,0,0,0,0,0,1,0,0,0,0,0,0,0,0,0,0,0,0,0,0,0,0,0,1,0,1
NDL,SNDL Inc,Consumer Defensive,Beverages - Wineries & Distilleries,Canada,307650000.0,,1.25,0.81%,1217262.0,0,0,0,0,0,0,0,0,1,0,0,0,0,0,0,0,0,0,0,0,0,0,0,0,0,0,0,0,1,0,1
NDR,Schneider National Inc,Industrials,Trucking,USA,5670000000.0,50.95,32.32,-1.73%,869716.0,0,0,0,0,0,0,0,0,0,0,0,0,0,0,0,0,0,0,0,0,0,0,-1,0,0,0,0,0,0,1,1
NDX,Syndax Pharmaceuticals Inc,Healthcare,Biotechnology,USA,1590000000.0,,17.83,1.31%,1459828.0,0,0,0,0,0,0,0,0,0,0,1,0,0,0,0,0,0,0,0,0,0,0,-1,0,0,0,0,0,1,1,2
NEX,StoneX Group Inc,Financial,Capital Markets,USA,8130000000.000001,17.47,67.43,2.46%,1069163.0,0,0,0,0,0,0,0,0,1,0,0,0,0,0,0,0,0,0,0,0,0,0,0,0,0,0,0,0,1,0,1
NFCA,Security National Financial Corp,Financial,Insurance - Life,USA,248890000.0,6.19,9.13,0.66%,34807.0,0,0,0,0,0,1,0,0,0,0,0,0,0,0,0,0,0,0,0,0,0,0,0,0,0,0,0,0,1,0,1
NN,Smith & Nephew plc ADR,Healthcare,Medical Devices,United Kingdom,11270000000.0,18.35,26.92,1.89%,1874128.0,0,0,0,0,0,0,0,0,1,1,0,0,0,0,0,0,0,0,0,0,0,0,0,0,0,0,0,0,2,0,2
NOA,Sonoma Pharmaceuticals Inc,Healthcare,Drug Manufacturers - Specialty & Generic,USA,5840000.0,,1.22,-1.61%,18564.0,0,0,0,0,0,0,0,0,0,0,0,0,0,0,0,0,0,0,0,0,0,0,0,0,0,1,0,0,1,0,1
NPE,Xtrackers S&P 500 Scored & Screened ETF,Financial,Exchange Traded Fund,USA,,,71.14,0.78%,228406.0,0,0,0,-1,0,0,0,0,0,0,0,0,0,0,0,0,0,0,0,0,0,0,0,0,0,0,0,0,0,1,1
NPS,Synopsys Inc,Technology,Software - Infrastructure,USA,93610000000.0,86.29,488.47,-0.29%,2819071.0,0,0,0,0,0,0,0,0,1,1,0,0,0,0,0,0,0,0,0,0,0,0,0,0,0,0,0,0,2,0,2
NTG,Sentage Holdings Inc,Financial,Credit Services,China,4830000.0,,1.72,-2.82%,14213.0,0,1,0,0,0,0,0,0,0,0,0,0,0,0,0,0,0,0,0,0,0,0,0,0,0,0,0,0,1,0,1
NTH,MRP SynthEquity ETF,Financial,Exchange Traded Fund,USA,,,29.9,0.64%,51239.0,0,0,0,0,0,0,0,0,0,0,0,0,0,0,0,1,0,0,0,0,0,0,0,0,0,0,0,0,1,0,1
NWV,Sanuwave Health Inc,Healthcare,Medical Devices,USA,40430000.0,19.54,4.7,-2.49%,38501.0,0,0,0,0,0,0,0,0,1,0,0,0,0,0,0,0,0,0,0,0,0,0,0,0,0,0,0,0,1,0,1
NX,TD Synnex Corp,Technology,Electronics & Computer Distribution,USA,22120000000.0,16.89,277.28,-0.39%,1010255.0,0,0,0,0,0,1,0,0,0,0,1,1,0,0,0,0,0,0,0,0,0,0,-1,0,0,0,0,0,3,1,4
OAR,Volato Group Inc,Industrials,Airports & Air Services,USA,14080000.0,0.81,0.26,-6.55%,11076947.0,0,1,0,0,0,0,0,0,0,0,0,0,0,0,0,0,0,0,0,0,1,0,0,1,0,0,0,0,3,0,3
OBO,South Bow Corp,Energy,Oil & Gas Midstream,Canada,7080000000.0,16.3,33.94,0.35%,1179145.0,0,1,0,-1,0,0,0,0,0,0,0,0,0,0,0,0,0,0,0,0,0,0,0,0,-1,0,0,0,1,2,3
OCL,Global X Social Media ETF,Financial,Exchange Traded Fund,USA,,,43.91,1.51%,2576.0,0,1,0,-1,0,0,0,0,0,0,0,0,0,0,0,0,0,0,0,0,1,0,0,1,0,0,0,0,3,1,4
OFI,SoFi Technologies Inc,Financial,Credit Services,USA,20560000000.0,33.57,15.92,0.95%,48168228.0,0,1,0,0,0,0,0,0,0,0,0,0,0,0,0,0,0,0,0,0,1,1,0,0,0,1,0,0,4,0,4
OFR,Amplify Samsung SOFR ETF,Financial,Exchange Traded Fund,USA,,,100.1,-0.01%,5478.0,0,1,0,0,0,1,0,0,0,0,0,0,-1,-1,0,0,0,0,0,0,0,0,0,0,0,0,0,0,2,2,4
OFX,Defiance Daily Target 2X Long SOFI ETF,Financial,Exchange Traded Fund,USA,,,7.08,2.02%,1506990.0,0,1,0,0,0,0,0,0,0,0,0,0,-1,-1,0,0,0,0,0,0,0,0,0,0,0,0,0,0,1,2,3
OGP,Sound Group Inc ADR,Communication Services,Internet Content & Information,Singapore,33030000.0,1.23,10.9,0.83%,885.0,0,0,0,0,0,0,0,0,0,0,0,0,-1,0,0,0,0,0,0,0,0,0,0,0,0,0,0,0,0,1,1
OHU,Sohu.com Ltd ADR,Communication Services,Electronic Gaming & Multimedia,China,327180000.0,1.46,12.55,0.80%,52121.0,0,0,0,-1,0,0,0,0,0,0,0,0,0,0,0,0,0,0,0,0,0,0,0,0,0,0,0,0,0,1,1
OLT,2x Solana ETF,Financial,Exchange Traded Fund,USA,,,77.81,3.64%,274372.0,0,0,0,0,0,0,0,0,0,0,1,0,0,0,0,0,0,0,0,0,0,0,0,0,0,0,0,0,1,0,1
ONM,DNA X Inc,Financial,Capital Markets,USA,5990000.0,,4.03,-1.35%,3706.0,0,1,0,0,0,1,0,0,0,0,0,0,-1,-1,0,0,0,0,0,0,0,0,0,0,0,0,0,0,2,2,4
ONO,Sonos Inc,Technology,Consumer Electronics,USA,2120000000.0,40.31,17.94,1.36%,2686463.0,0,0,0,0,0,0,0,0,0,0,1,0,0,0,0,0,0,0,0,0,0,0,0,0,0,0,0,0,1,0,1
OR,Source Capital,Financial,Closed-End Fund - Equity,USA,370060000.0,,44.96,0.02%,10391.0,0,0,0,0,0,0,0,0,0,0,0,0,0,0,0,0,0,0,0,0,0,0,0,0,0,1,0,0,1,0,1
ORA,AsiaStrategy,Consumer Cyclical,Luxury Goods,Hong Kong,52470000.0,,2.11,-5.38%,109642.0,0,0,0,0,0,0,0,0,0,0,0,0,-1,0,0,0,0,0,0,0,1,1,0,0,0,0,0,0,2,1,3
OS,SOS Limited,Financial,Capital Markets,China,5980000.0,,0.32,1.79%,381919.0,0,0,0,0,0,0,0,0,1,1,0,0,0,0,0,0,0,0,0,0,0,0,0,0,0,0,0,0,2,0,2
OUL,Soulpower Acquisition Corp,Financial,Shell Companies,USA,273370000.0,47.17,10.49,0.00%,674.0,0,0,0,0,0,0,0,0,0,0,0,0,0,0,0,0,0,1,0,0,0,0,0,0,0,0,0,0,1,0,1
OUN,SoundHound AI Inc,Technology,Software - Application,USA,2650000000.0,,5.88,0.68%,13997661.0,0,0,0,-1,0,0,0,0,0,0,0,0,-1,-1,0,0,0,0,0,0,0,0,0,0,0,0,0,0,0,3,3
OUX,Defiance Daily Target 2X Long SOUN ETF,Financial,Exchange Traded Fund,USA,,,7.9,1.97%,115889.0,0,0,0,0,0,0,0,0,1,0,0,0,0,0,0,0,0,0,0,0,0,0,0,0,0,0,0,0,1,0,1
PAI,Safe Pro Group Inc,Industrials,Aerospace & Defense,USA,89190000.0,,4.38,-0.90%,43083.0,0,1,0,0,0,0,0,0,0,0,0,0,-1,0,0,0,0,0,0,0,0,0,0,0,0,0,0,0,1,1,2
PAM,Themes Cybersecurity ETF,Financial,Exchange Traded Fund,USA,,,48.2,0.90%,599.0,0,0,0,0,0,0,0,-1,0,0,0,0,0,0,0,0,0,0,0,0,0,0,0,0,0,0,0,0,0,1,1
PBC,Simplify US Equity PLUS Bitcoin Strategy ETF,Financial,Exchange Traded Fund,USA,,,51.03,0.92%,7218.0,0,0,0,-1,0,0,0,-1,0,0,0,0,0,0,0,0,0,1,0,0,0,0,0,0,0,0,0,0,1,2,3
PBO,State Street SPDR Portfolio Corporate Bond ETF,Financial,Exchange Traded Fund,USA,,,27.42,0.04%,598679.0,0,0,0,0,0,0,0,0,1,0,0,0,0,0,0,0,0,0,0,0,0,0,0,0,0,0,0,0,1,0,1
PCE,Virgin Galactic Holdings Inc,Industrials,Aerospace & Defense,USA,462370000.0,,3.05,0.66%,5754775.0,0,1,0,0,0,1,0,0,0,0,0,0,0,0,0,0,0,0,0,0,0,0,0,0,0,0,0,0,2,0,2
PCL,Defiance Daily 2X Space ETF,Financial,Exchange Traded Fund,USA,,,23.99,3.76%,25518.0,0,0,0,0,0,0,0,0,0,0,0,0,0,0,0,0,0,0,0,0,0,0,0,1,0,0,0,0,1,0,1
PDG,State Street SPDR Portfolio S&P Sector Neutral Dividend ETF,Financial,Exchange Traded Fund,USA,,,45.23,-0.31%,937.0,0,0,0,0,0,0,0,0,0,0,0,0,0,0,0,0,0,0,0,0,0,0,-1,0,0,0,0,0,0,1,1
PDN,Direxion Daily S&P 500 Bear 1X ETF,Financial,Exchange Traded Fund,USA,,,8.36,-0.71%,18186739.0,0,0,0,0,0,0,0,0,1,0,0,0,0,0,0,0,0,0,0,0,0,0,0,0,0,0,0,0,1,0,1
PE,Special Opportunities Fund Inc,Financial,Closed-End Fund - Equity,USA,138870000.0,,12.6,-0.40%,39679.0,0,0,0,0,0,0,0,0,1,0,0,0,0,0,0,0,0,0,0,0,0,0,0,0,0,0,0,0,1,0,1
PEM,State Street SPDR Portfolio Emerging Markets ETF,Financial,Exchange Traded Fund,USA,,,52.82,1.75%,1433223.0,0,0,0,0,0,0,0,0,0,0,1,1,0,0,0,0,0,0,0,0,0,0,0,0,-1,0,0,0,2,1,3
PHB,Invesco S&P 500 High Beta ETF,Financial,Exchange Traded Fund,USA,,,155.57,0.45%,110948.0,0,0,0,0,0,0,0,0,0,0,0,0,0,0,0,1,0,0,0,0,0,0,0,0,0,0,0,0,1,0,1
PHQ,Invesco S&P 500 Quality ETF,Financial,Exchange Traded Fund,USA,,,85.54,0.80%,1064420.0,0,0,0,0,0,0,0,0,1,0,0,0,0,0,0,0,0,0,0,0,0,0,0,0,0,0,0,0,1,0,1
PIB,State Street SPDR Portfolio Intermediate Term Corporate Bond ETF,Financial,Exchange Traded Fund,USA,,,32.19,0.03%,6789882.0,0,1,0,0,0,0,0,0,0,0,0,0,0,0,0,0,0,0,0,0,0,0,0,0,0,0,0,0,1,0,1
PIN,State Street US Equity Premium Income ETF,Financial,Exchange Traded Fund,USA,,,33.85,0.71%,3442.0,0,0,0,0,0,0,0,-1,0,0,0,0,0,0,0,0,0,0,0,0,0,0,0,0,0,0,0,0,0,1,1
PLB,State Street SPDR Portfolio Long Term Corporate Bond ETF,Financial,Exchange Traded Fund,USA,,,20.27,-0.15%,4601423.0,0,0,0,0,0,0,0,0,1,0,0,0,0,0,0,0,0,0,0,0,0,0,0,0,0,0,0,0,1,0,1
PMO,Invesco S&P 500 Momentum ETF,Financial,Exchange Traded Fund,USA,,,153.16,-0.05%,1568321.0,0,0,0,0,0,0,0,0,0,0,1,0,0,0,0,0,0,0,0,0,0,0,0,0,0,0,0,0,1,0,1
POK,Spok Holdings Inc,Healthcare,Health Information Services,USA,229470000.0,18.89,10.97,0.73%,210959.0,0,0,0,0,0,0,0,0,0,0,0,0,-1,-1,0,0,0,0,0,0,1,0,0,0,0,1,0,0,2,2,4
PPL,Simpple Ltd,Industrials,Specialty Industrial Machinery,Singapore,19770000.0,,2.02,-1.70%,1064.0,0,0,0,0,0,0,0,0,0,0,0,0,-1,0,0,0,0,0,0,0,0,0,0,0,0,0,0,0,0,1,1
PSB,State Street SPDR Portfolio Short Term Corporate Bond ETF,Financial,Exchange Traded Fund,USA,,,29.54,0.07%,3792748.0,0,0,0,0,0,0,0,0,0,0,0,0,0,0,0,0,0,0,0,-1,0,0,0,0,0,0,0,0,0,1,1
PTL,State Street SPDR Portfolio Long Term Treasury ETF,Financial,Exchange Traded Fund,USA,,,23.64,-0.46%,18647726.0,0,0,0,0,0,0,0,0,1,0,0,0,0,0,0,0,0,0,0,0,0,0,0,0,0,0,0,0,1,0,1
PTU,State Street SPDR Portfolio Ultra Short TBill ETF,Financial,Exchange Traded Fund,USA,,,25.02,0.02%,20971.0,0,1,0,-1,0,1,0,0,0,0,0,0,0,0,0,0,0,0,0,0,1,1,0,0,0,0,0,0,4,1,5
PTX,Seaport Therapeutics Inc,Healthcare,Biotechnology,USA,990310000.0,,18.5,0.43%,172570.0,0,0,0,0,0,1,0,0,0,0,0,0,0,0,0,0,0,0,0,0,0,0,0,0,0,0,0,0,1,0,1
PUS,SP Funds S&P 500 Sharia Industry Exclusions ETF,Financial,Exchange Traded Fund,USA,,,60.81,0.80%,401370.0,0,0,0,0,0,0,0,0,0,0,1,1,0,0,0,0,0,0,0,0,0,0,0,0,0,0,0,0,2,0,2
PUT,Innovator Equity Premium Income Daily PutWrite ETF,Financial,Exchange Traded Fund,USA,,,28.82,0.34%,8436.0,0,0,0,0,0,0,0,0,0,0,1,0,0,0,0,0,0,0,0,0,0,0,0,0,0,0,0,0,1,0,1
PUU,Direxion Daily S&P 500 Bull 2X ETF,Financial,Exchange Traded Fund,USA,,,228.99,1.35%,18200.0,0,0,0,0,0,0,0,0,0,0,1,0,0,0,0,0,0,0,0,0,0,0,-1,0,0,0,0,0,1,1,2
PWH,Sportsman's Warehouse Holdings Inc,Consumer Cyclical,Specialty Retail,USA,45400000.0,,1.16,2.65%,263288.0,0,0,0,0,0,0,0,0,1,0,0,0,0,0,0,0,0,0,0,0,0,0,0,0,0,0,0,0,1,0,1
PWO,SP Funds S&P World (ex-US) ETF,Financial,Exchange Traded Fund,USA,,,34.62,1.05%,82077.0,0,0,0,0,0,0,0,0,0,0,0,0,0,0,0,1,0,0,0,0,0,0,0,0,0,0,0,0,1,0,1
PWR,SunPower Inc,Technology,Solar,USA,99710000.0,,0.31,3.77%,3095169.0,0,0,0,0,0,0,0,0,1,0,0,0,0,0,0,0,0,0,0,0,0,0,0,0,0,0,0,0,1,0,1
PXC,SPX Technologies Inc,Industrials,Building Products & Equipment,USA,8860000000.0,30.99,176.8,2.14%,1054559.0,0,0,0,0,0,0,0,0,0,0,0,0,-1,0,0,0,0,0,0,0,1,0,0,0,0,0,0,0,1,1,2
PXN,ProShares S&P 500 Ex-Financials ETF,Financial,Exchange Traded Fund,USA,,,85.79,0.63%,68.0,0,0,0,0,0,0,0,-1,0,0,0,0,0,0,0,0,0,0,0,0,0,0,0,0,0,0,0,0,0,1,1
PYA,Twin Oak Endure ETF,Financial,Exchange Traded Fund,USA,,,30.94,0.56%,16.0,0,0,0,0,0,0,0,0,0,0,1,0,0,0,0,0,0,0,0,0,0,0,0,0,-1,0,0,0,1,1,2
PYG,State Street SPDR Portfolio S&P 500 Growth ETF,Financial,Exchange Traded Fund,USA,,,125.74,0.90%,1705896.0,0,0,0,0,0,0,0,-1,0,0,0,0,0,0,0,0,0,0,0,0,0,0,0,0,0,0,0,0,0,1,1
PYH,NEOS S&P 500 Hedged Equity Income ETF,Financial,Exchange Traded Fund,USA,,,56.72,0.45%,4766.0,0,0,0,-1,0,0,0,-1,0,0,0,0,0,0,0,0,0,0,0,0,0,0,0,0,0,0,0,0,0,2,2
PYT,Defiance S&P 500 Target Income ETF,Financial,Exchange Traded Fund,USA,,,17.1,0.53%,109605.0,0,0,0,0,0,0,0,0,0,0,0,0,-1,-1,0,0,0,0,0,0,1,0,0,0,0,0,0,0,1,2,3
PYX,State Street SPDR S&P 500 Fossil Fuel Reserves Free ETF,Financial,Exchange Traded Fund,USA,,,63.46,0.68%,60095.0,0,0,0,0,0,0,0,0,0,0,0,0,0,0,0,0,0,1,0,0,0,0,0,0,0,0,0,0,1,0,1
QM,Sociedad Quimica Y Minera de Chile SA ADR,Basic Materials,Specialty Chemicals,Chile,9400000000.0,13.59,65.83,2.03%,653960.0,0,0,0,0,0,0,0,0,1,0,0,0,0,0,0,0,0,0,0,0,0,0,0,0,0,0,0,0,1,0,1
QNS,Sequans Communications S.A ADR,Technology,Semiconductors,France,41790000.0,,2.74,-2.14%,34941.0,0,0,0,0,0,0,0,0,0,0,0,0,-1,0,0,0,0,0,0,0,0,0,0,1,0,0,0,0,1,1,2
QQQ,ProShares UltraPro Short QQQ -3x Shares,Financial,Exchange Traded Fund,USA,,,32.25,-2.63%,41855900.0,0,0,0,0,0,0,0,0,1,0,0,0,0,0,0,0,0,0,0,0,0,0,0,0,0,0,0,0,1,0,1
QS,Sapient Quality Select ETF,Financial,Exchange Traded Fund,USA,,,28.45,0.69%,2532.0,0,1,0,0,0,0,0,0,0,0,0,0,0,0,0,0,0,0,0,0,0,0,0,0,0,0,0,0,1,0,1
R,Spire Inc,Utilities,Utilities - Regulated Gas,USA,4580000000.0,8.63,77.41,-0.17%,506948.0,0,0,0,0,0,0,0,0,0,0,0,0,-1,0,0,0,0,0,0,0,0,0,0,1,0,0,0,0,1,1,2
RAD,Sportradar Group AG,Technology,Software - Application,Switzerland,3770000000.0,200.66,12.08,2.72%,1538125.0,0,0,0,-1,0,0,0,0,1,1,0,0,0,0,0,0,0,0,0,0,0,0,0,0,0,0,0,0,2,1,3
RCE,1st Source Corp,Financial,Banks - Regional,USA,2080000000.0,12.26,86.26,-0.68%,116407.0,0,0,0,0,0,0,0,0,0,0,0,0,-1,0,0,0,0,0,0,0,0,0,0,0,0,0,0,0,0,1,1
RE,Sempra,Utilities,Utilities - Diversified,USA,51110000000.0,22.65,78.16,-0.28%,3599658.0,0,0,0,0,0,0,0,0,1,0,0,0,0,0,0,0,0,0,0,0,0,0,0,0,0,0,0,0,1,0,1
RG,Seritage Growth Properties,Real Estate,Real Estate Services,USA,98570000.0,,1.75,-3.31%,125963.0,0,0,0,0,0,0,0,0,1,0,0,0,0,0,0,0,0,0,0,0,0,0,0,0,0,0,0,0,1,0,1
RZN,Surrozen Inc,Healthcare,Biotechnology,USA,342380000.0,,29.13,-0.65%,439183.0,0,0,0,0,0,0,0,0,0,0,0,0,0,0,0,0,0,0,0,0,0,0,-1,0,0,0,0,0,0,1,1
SAC,SPACSphere Acquisition Corp,Financial,Shell Companies,USA,241010000.0,195.0,10.14,0.00%,1160.0,0,0,0,0,0,1,0,0,0,0,0,0,0,0,0,0,0,1,0,0,0,0,0,0,0,0,0,0,2,0,2
SBI,Summit State Bank,Financial,Banks - Regional,USA,82680000.0,36.47,12.21,0.21%,11561.0,0,0,0,0,0,0,0,0,1,1,0,0,0,0,0,0,0,0,0,0,0,0,0,0,0,0,0,0,2,0,2
SD,Simpson Manufacturing Co Inc,Basic Materials,Lumber & Wood Production,USA,7080000000.0,18.87,172.77,-0.46%,356825.0,0,0,0,0,0,0,0,0,0,0,1,0,0,0,0,0,0,0,0,0,0,0,0,0,0,0,0,0,1,0,1
SEA,Starry Sea Acquisition Corp,Financial,Shell Companies,USA,79030000.0,90.79,10.35,-0.19%,11.0,0,0,0,0,0,0,0,0,0,0,0,0,0,0,0,0,0,1,0,0,0,0,0,0,0,0,0,0,1,0,1
SFI,Day Hagan Smart Sector Fixed Income ETF,Financial,Exchange Traded Fund,USA,,,20.24,-0.03%,318.0,0,0,0,0,0,0,0,0,1,0,0,0,0,0,0,0,0,0,0,0,0,0,0,0,0,0,0,0,1,0,1
SMG,Virtus Silvant Small/Mid Growth ETF,Financial,Exchange Traded Fund,USA,,,26.15,0.58%,22.0,0,0,0,0,0,0,0,0,0,0,0,0,-1,0,0,0,0,0,0,0,0,0,0,0,0,0,0,0,0,1,1
SP,E.W. Scripps Co,Communication Services,Broadcasting,USA,252060000.0,,2.72,-0.73%,714813.0,0,0,0,0,0,0,0,0,1,0,0,0,0,0,0,0,0,0,0,0,0,0,0,0,0,0,0,0,1,0,1
ST,System1 Inc,Industrials,Specialty Business Services,USA,24120000.0,,2.3,-5.74%,92656.0,0,0,0,0,0,0,0,0,0,0,1,0,0,0,0,0,0,0,0,0,0,0,-1,0,0,0,0,0,1,1,2
SYS,Stratasys Ltd,Technology,Computer Hardware,USA,751500000.0,,8.58,-1.38%,601675.0,0,0,0,0,0,0,0,0,0,0,0,0,-1,0,0,0,0,0,0,0,0,0,0,0,0,1,0,0,1,1,2
T,Sensata Technologies Holding Plc,Technology,Scientific & Technical Instruments,USA,6280000000.0,71.3,43.17,-0.78%,988349.0,0,0,0,0,0,0,0,0,1,0,0,0,0,0,0,0,0,0,0,0,0,0,0,0,0,0,0,0,1,0,1
TBF,Performance Trust Short Term Bond ETF,Financial,Exchange Traded Fund,USA,,,24.88,0.00%,11853.0,0,0,0,0,0,0,0,0,0,0,0,0,-1,-1,0,0,0,0,0,0,0,0,0,0,0,0,0,0,0,2,2
TC,Stewart Information Services Corp,Financial,Insurance - Property & Casualty,USA,1550000000.0,11.15,50.83,-1.40%,361859.0,0,0,0,0,0,0,0,0,0,0,1,0,0,0,0,0,0,0,0,0,0,0,0,0,0,0,0,0,1,0,1
TEP,StepStone Group Inc,Financial,Asset Management,USA,5560000000.0,,46.08,1.79%,1288573.0,0,1,0,0,0,0,0,0,0,0,0,0,-1,0,0,0,0,0,0,0,0,0,0,0,0,0,0,0,1,1,2
TEX,Streamex Corp,Financial,Capital Markets,USA,69000000.0,,0.59,-3.23%,856445.0,0,0,0,0,0,0,0,0,0,0,0,0,-1,-1,0,0,0,0,0,0,0,0,0,0,0,0,0,0,0,2,2
TKE,Sol Strategies Inc,Financial,Capital Markets,Canada,67530000.0,,1.71,0.00%,437845.0,0,0,0,0,0,1,0,0,0,0,0,0,0,0,0,0,0,0,0,0,0,0,0,0,0,0,0,0,1,0,1
TLA,Stellantis N.V,Consumer Cyclical,Auto Manufacturers,Netherlands,13000000000.0,,4.49,2.05%,21735295.0,0,0,0,0,0,0,0,0,1,0,0,0,0,0,0,0,0,0,0,0,0,0,0,0,0,0,0,0,1,0,1
TLD,Steel Dynamics Inc,Basic Materials,Steel,USA,34550000000.0,21.87,241.04,3.90%,1063953.0,0,0,0,0,0,0,0,0,0,0,0,0,-1,-1,0,0,0,0,0,0,0,0,0,0,0,0,0,0,0,2,2
TLN,Starling Oncology Inc,Healthcare,Medical Care Facilities,USA,629890000.0,,6.3,-0.79%,1336776.0,0,0,0,-1,0,0,0,-1,0,0,0,0,0,0,0,0,0,0,0,0,0,0,0,0,0,0,0,0,0,2,2
TNC,Hennessy Sustainable ETF,Financial,Exchange Traded Fund,USA,,,35.99,0.19%,815.0,0,1,0,0,0,0,0,0,0,0,0,0,0,0,0,0,0,0,0,0,0,0,0,0,0,0,0,0,1,0,1
TNE,StoneCo Ltd,Technology,Software - Infrastructure,Brazil,2810000000.0,4.67,11.54,20.84%,29445304.0,0,0,0,0,0,0,0,0,0,0,0,0,-1,-1,0,0,0,0,0,0,0,0,0,0,0,1,0,0,1,2,3
TNG,Scorpio Tankers Inc,Energy,Oil & Gas Midstream,Monaco,4330000000.0,5.44,86.41,0.21%,843597.0,0,0,0,0,0,0,0,0,0,0,1,0,0,0,0,0,0,0,0,0,0,0,0,0,0,0,0,0,1,0,1
TOT,State Street DoubleLine Short Duration Total Return Tactical ETF,Financial,Exchange Traded Fund,USA,,,46.16,0.09%,37653.0,0,0,0,0,0,0,0,0,0,0,0,0,0,0,0,0,0,0,0,-1,0,0,0,0,0,0,0,0,0,1,1
TOX,Horizon Core Equity ETF,Financial,Exchange Traded Fund,USA,,,32.39,0.58%,23005.0,0,0,0,0,0,0,0,0,0,0,1,0,0,0,0,0,0,0,0,0,0,0,-1,0,0,0,0,0,1,1,2
TPZ,PIMCO 1-5 Year U.S. TIPS Index ETF,Financial,Exchange Traded Fund,USA,,,51.96,0.05%,350542.0,0,0,0,0,0,0,0,0,1,0,0,0,0,0,0,0,0,0,0,0,0,0,0,0,0,0,0,0,1,0,1
TRA,Strategic Education Inc,Consumer Defensive,Education & Training Services,USA,1760000000.0,13.22,79.28,-0.55%,172201.0,0,0,0,0,0,0,0,0,0,0,1,1,0,0,0,0,0,0,0,0,0,0,0,0,0,0,0,0,2,0,2
TRN,SMART Trend 25 ETF,Financial,Exchange Traded Fund,USA,,,27.4,0.46%,1911.0,0,0,0,0,0,0,0,0,1,0,0,0,0,0,0,0,0,0,0,0,0,0,0,0,0,0,0,0,1,0,1
TRR,Star Equity Holdings Inc,Industrials,Staffing & Employment Services,USA,36160000.0,,9.8,0.41%,3827.0,0,1,0,0,0,0,0,0,0,0,0,0,0,0,0,0,0,0,0,0,0,0,0,0,0,1,0,0,2,0,2
TSM,Defiance Daily Target 2X Short TSM ETF,Financial,Exchange Traded Fund,USA,,,25.9,-4.81%,38102.0,0,0,0,0,0,0,0,0,1,0,0,0,0,0,0,0,0,0,0,0,0,0,0,0,0,0,0,0,1,0,1
TTK,Shattuck Labs Inc,Healthcare,Biotechnology,USA,652360000.0,,6.5,-3.42%,1239353.0,0,0,0,0,0,0,0,0,0,0,1,0,0,0,0,0,0,0,0,0,0,0,0,0,-1,0,0,0,1,1,2
TVN,Stevanato Group Spa,Healthcare,Medical Instruments & Supplies,Italy,5470000000.0,34.86,20.05,-0.74%,652589.0,0,0,0,0,0,0,0,0,0,0,1,1,0,0,0,0,0,1,0,0,0,0,0,0,0,0,0,0,3,0,3
TWD,Starwood Property Trust Inc,Real Estate,REIT - Mortgage,USA,4800000000.0,21.8,12.98,-0.54%,7956659.0,0,0,0,0,0,1,0,0,1,1,0,0,0,0,0,0,0,0,0,0,0,0,0,0,0,0,0,0,3,0,3
TXF,Strive 500 ETF,Financial,Exchange Traded Fund,USA,,,50.1,0.66%,47989.0,0,0,0,0,0,0,0,0,0,0,1,0,0,0,0,0,0,0,0,0,0,0,0,0,0,0,0,0,1,0,1
TXL,Defiance Daily Target 2x Long STX ETF,Financial,Exchange Traded Fund,USA,,,33.11,9.06%,930966.0,0,0,0,0,0,0,0,0,1,0,0,0,0,0,0,0,0,0,0,0,0,0,0,0,0,0,0,0,1,0,1
TXT,Strive Total Return Bond ETF,Financial,Exchange Traded Fund,USA,,,18.99,0.00%,26515.0,0,0,0,0,0,1,0,0,0,0,0,0,0,0,0,0,0,0,0,-1,0,0,0,0,0,0,0,0,1,1,2
TXU,Leverage Shares 2X Long STX Daily ETF,Financial,Exchange Traded Fund,USA,,,12.63,9.35%,620646.0,0,0,0,0,0,0,0,0,1,0,0,0,0,0,0,0,0,0,0,0,0,0,0,0,0,0,0,0,1,0,1
TXV,Strive 1000 Value ETF,Financial,Exchange Traded Fund,USA,,,37.9,0.37%,13154.0,0,0,0,0,0,0,0,0,0,0,0,0,0,0,0,0,0,0,0,0,0,0,-1,0,0,0,0,0,0,1,1
TXX,Tradr 2X Long STX Daily ETF,Financial,Exchange Traded Fund,USA,,,42.1,8.62%,291940.0,0,0,0,0,0,0,0,0,1,0,0,0,0,0,0,0,0,0,0,0,0,0,0,0,0,0,0,0,1,0,1
TZ,Constellation Brands Inc,Consumer Defensive,Beverages - Brewers,USA,19350000000.0,10.81,113.31,0.39%,2944776.0,0,0,0,0,0,1,0,0,1,0,0,0,0,0,0,0,0,0,0,0,0,0,0,0,0,0,0,0,2,0,2
UIS,Canary Staked SUI ETF,Financial,Exchange Traded Fund,USA,,,31.0,6.55%,2824.0,0,0,0,0,0,0,0,0,0,0,0,0,0,0,0,0,0,0,0,0,0,0,0,0,0,1,0,0,1,0,1
UN,Sunoco LP,Energy,Oil & Gas Refining & Marketing,USA,14320000000.0,15.33,69.89,-6.48%,412798.0,0,0,0,-1,0,0,0,0,0,0,0,0,0,0,0,0,0,0,0,0,0,0,0,0,0,0,0,0,0,1,1
UNS,Sunrise Realty Trust Inc,Real Estate,REIT - Mortgage,USA,80290000.0,6.12,5.94,-4.19%,123523.0,0,0,0,0,0,0,0,0,0,0,0,0,-1,0,0,0,0,0,0,0,0,0,0,0,0,0,0,0,0,1,1
UPN,Supernus Pharmaceuticals Inc,Healthcare,Drug Manufacturers - Specialty & Generic,USA,2490000000.0,,42.76,0.90%,1288381.0,0,0,0,-1,0,1,0,0,0,0,0,0,0,0,0,0,0,0,0,-1,0,0,0,0,0,0,0,0,1,2,3
UPP,TCW Transform Supply Chain ETF,Financial,Exchange Traded Fund,USA,,,81.6,1.00%,27.0,0,0,0,0,0,0,0,0,1,1,0,0,0,0,0,0,0,0,0,0,0,0,0,0,0,0,0,0,2,0,2
URG,Surgepays Inc,Communication Services,Telecom Services,USA,7690000.0,,0.15,-0.95%,2064087.0,0,0,0,0,0,0,0,0,0,0,0,0,0,0,0,0,0,0,0,-1,0,0,0,0,0,0,0,0,0,1,1
URI,Simplify Propel Opportunities ETF,Financial,Exchange Traded Fund,USA,,,17.26,1.20%,4510.0,0,0,0,0,0,0,0,0,0,0,0,0,0,0,0,0,0,1,0,0,0,0,0,0,0,0,0,0,1,0,1
USL,iShares ESG MSCI USA Leaders ETF,Financial,Exchange Traded Fund,USA,,,138.76,0.88%,25365.0,0,0,0,-1,0,0,0,0,0,0,0,0,0,0,0,0,0,0,0,0,0,0,0,0,0,0,0,0,0,1,1
VIV,Spring Valley Acquisition Corp IV,Financial,Shell Companies,USA,309270000.0,,10.08,0.00%,15.0,0,0,0,0,0,0,0,0,1,0,0,0,0,0,0,0,0,0,0,0,0,0,0,0,0,0,0,0,1,0,1
VM,Silvercorp Metals Inc,Basic Materials,Silver,Canada,2330000000.0,101.83,10.55,-0.28%,1340365.0,0,0,0,0,0,0,0,0,1,0,0,0,0,0,0,0,0,0,0,0,0,0,0,0,0,0,0,0,1,0,1
VRN,SVRN Inc,Financial,Asset Management,Greece,90020000.0,,47.99,32.72%,189586.0,0,0,0,0,0,0,0,0,0,0,0,0,0,0,0,0,0,0,0,0,0,0,0,0,0,1,0,0,1,0,1
W,Smurfit WestRock plc,Consumer Cyclical,Packaging & Containers,Ireland,22180000000.0,45.1,42.41,-0.31%,3612049.0,0,0,0,0,0,0,0,0,0,0,1,0,-1,0,0,0,0,0,0,0,0,0,0,0,0,0,0,0,1,1,2
WAN,Amplify BlackSwan Growth & Treasury Core ETF,Financial,Exchange Traded Fund,USA,,,32.19,0.43%,4145.0,0,0,0,0,0,0,0,0,1,0,0,0,0,0,0,0,0,0,0,0,0,0,0,0,0,0,0,0,1,0,1
WBI,Smith & Wesson Brands Inc,Industrials,Aerospace & Defense,USA,659140000.0,27.14,14.7,0.41%,498857.0,0,0,0,0,0,0,0,0,1,0,0,0,0,0,0,0,0,0,0,0,0,0,0,0,0,0,0,0,1,0,1
WIM,Latham Group Inc,Industrials,Building Products & Equipment,USA,751760000.0,154.72,6.39,-0.31%,558172.0,0,0,0,0,0,0,0,0,0,0,0,0,0,0,0,0,0,0,0,0,0,0,0,0,0,0,0,1,1,0,1
WRD,Stewards Inc,Financial,Credit Services,USA,527960000.00000006,,2.34,-4.49%,269472.0,0,0,0,0,0,0,0,0,1,1,0,0,0,0,0,0,0,0,0,0,0,0,0,0,0,0,0,0,2,0,2
WZ,Total Return Securities Fund,Financial,Closed-End Fund - Foreign,USA,74730000.0,,5.76,-0.09%,92321.0,0,0,0,0,0,0,0,0,1,1,0,0,0,0,0,0,0,0,0,0,0,0,0,0,0,0,0,0,2,0,2
XC,SunCoke Energy Inc,Basic Materials,Coking Coal,USA,843650000.0,,9.94,0.40%,1450421.0,0,0,0,-1,0,1,0,-1,0,0,0,0,0,0,0,0,0,0,0,0,0,0,0,0,0,0,0,0,1,2,3
XQG,ETC 6 Meridian Quality Growth ETF,Financial,Exchange Traded Fund,USA,,,34.05,1.04%,3560.0,0,0,0,0,0,0,0,-1,0,0,0,0,0,0,0,0,0,0,0,0,0,0,0,0,0,0,0,0,0,1,1
YK,Stryker Corp,Healthcare,Medical Devices,USA,109400000000.0,29.55,285.22,3.55%,3331603.0,0,0,0,0,0,0,0,0,1,0,0,0,0,0,0,0,0,0,0,0,0,0,0,0,0,0,0,0,1,0,1
YNA,Synaptics Inc,Technology,Semiconductors,USA,4750000000.0,,119.73,-1.13%,1532760.0,0,0,0,0,0,0,0,0,1,0,0,0,0,0,0,0,0,0,0,0,0,0,0,0,0,0,0,0,1,0,1
YNX,Silynxcom Ltd,Technology,Communication Equipment,Israel,5740000.0,,0.86,-14.37%,31895.0,0,0,0,0,0,0,0,0,1,1,0,0,0,0,0,0,0,0,0,0,0,0,0,0,0,0,0,0,2,0,2
YSB,iShares Systematic Bond ETF,Financial,Exchange Traded Fund,USA,,,83.81,-0.08%,195318.0,0,0,0,0,0,0,0,0,0,0,0,0,0,0,0,0,0,0,0,-1,0,0,0,0,0,0,0,0,0,1,1
YY,Sysco Corp,Consumer Defensive,Food Distribution,USA,37570000000.0,20.9,76.38,-1.43%,5342545.0,0,0,0,0,0,0,0,0,0,0,0,0,0,0,0,1,0,0,0,0,0,0,0,0,0,0,0,0,1,0,1
ZK,ProShares UltraShort Consumer Staples,Financial,Exchange Traded Fund,USA,,,22.23,-1.01%,3825.0,0,0,0,0,0,1,0,0,0,0,0,0,0,0,0,1,0,0,0,0,0,0,0,0,0,0,0,0,2,0,2
ABD,Transamerica Bond Active ETF,Financial,Exchange Traded Fund,USA,,,23.83,0.04%,9925.0,0,0,0,0,0,0,0,0,1,0,0,0,0,0,0,0,0,0,0,0,0,0,0,0,0,0,0,0,1,0,1
ACN,T. Rowe Price Active Core International Equity ETF,Financial,Exchange Traded Fund,USA,,,28.39,0.14%,41.0,0,0,0,0,0,0,0,0,0,0,1,0,0,0,0,0,0,0,0,0,0,0,0,0,0,0,0,0,1,0,1
ACT,Transact Technologies Inc,Technology,Computer Hardware,USA,46770000.0,,4.53,-5.82%,16537.0,0,0,0,0,0,0,0,0,1,0,0,0,0,0,0,0,0,0,0,0,0,0,0,0,0,0,0,0,1,0,1
ACU,T. Rowe Price Active Core U.S. Equity ETF,Financial,Exchange Traded Fund,USA,,,28.39,0.60%,322.0,0,0,0,0,0,0,0,0,0,0,1,0,0,0,0,0,0,0,0,0,0,0,-1,0,0,0,0,0,1,1,2
AFI,AB Tax-Aware Short Duration Municipal ETF,Financial,Exchange Traded Fund,USA,,,24.64,0.00%,2755215.0,0,0,0,0,0,0,0,0,1,0,0,0,0,0,0,0,0,0,0,0,0,0,0,0,0,0,0,0,1,0,1
AGG,T. Rowe Price QM U.S. Bond ETF,Financial,Exchange Traded Fund,USA,,,40.42,-0.09%,114120.0,0,0,0,0,0,0,0,0,1,1,0,0,0,0,0,0,0,0,0,0,0,0,0,0,0,0,0,0,2,0,2
AL,TAL Education Group ADR,Consumer Defensive,Education & Training Services,China,4110000000.0000005,7.6,12.31,2.07%,1782192.0,0,0,0,-1,0,0,0,0,0,0,0,0,0,0,0,0,0,0,0,0,0,0,0,0,0,0,0,1,1,1,2
AN,Invesco Solar ETF,Financial,Exchange Traded Fund,USA,,,43.67,-0.86%,297504.0,0,1,0,0,0,0,0,0,0,0,0,0,0,0,0,0,0,0,0,0,0,0,0,0,0,0,0,0,1,0,1
AOX,TAO Synergies Inc,Financial,Capital Markets,USA,33150000.0,,4.43,0.45%,141118.0,0,0,0,0,0,0,0,0,0,0,0,0,-1,0,0,0,0,0,0,0,0,0,0,0,0,0,0,0,0,1,1
AOZ,Thornburg American Opportunities Fund,Financial,Exchange Traded Fund,USA,,,88.84,0.82%,12.0,0,0,0,0,0,1,0,0,0,0,0,0,0,0,0,0,0,0,0,0,0,0,0,0,0,0,0,0,1,0,1
AP,Molson Coors Beverage Company,Consumer Defensive,Beverages - Brewers,USA,6850000000.0,,36.52,-0.92%,3913743.0,0,0,0,0,0,0,0,0,1,0,0,0,0,0,0,0,0,0,0,0,0,0,0,0,0,0,0,0,1,0,1
ARA,Protara Therapeutics Inc,Healthcare,Biotechnology,USA,155420000.0,,2.63,-2.59%,1397610.0,0,0,0,0,0,0,0,0,1,0,0,0,0,0,0,0,0,0,0,0,0,0,0,0,0,0,0,0,1,0,1
ARK,Tradr 2X Long Innovation ETF,Financial,Exchange Traded Fund,USA,,,59.57,6.75%,11356.0,0,0,0,-1,0,0,0,0,0,0,0,0,0,0,0,0,0,0,0,0,0,0,0,0,0,0,0,0,0,1,1
AYD,Taylor Devices Inc,Industrials,Specialty Industrial Machinery,USA,188890000.0,28.35,58.57,6.55%,57957.0,0,0,0,0,0,0,0,0,0,0,0,0,-1,0,0,0,0,0,0,0,0,0,0,0,0,1,0,0,1,1,2
BCH,Turtle Beach Corp,Technology,Consumer Electronics,USA,248230000.0,,13.86,-0.93%,289465.0,0,0,0,0,0,0,0,0,0,0,1,0,0,0,0,0,0,0,0,0,0,0,0,0,0,0,0,0,1,0,1
BFG,The Brinsmere Fund Growth ETF,Financial,Exchange Traded Fund,USA,,,32.73,0.36%,17.0,0,0,0,0,0,0,0,0,0,0,1,0,0,0,0,0,0,0,0,0,1,0,0,0,0,0,0,0,2,0,2
BIL,F/m US Treasury 3 Month Bill Fund,Financial,Exchange Traded Fund,USA,,,49.88,0.01%,1769317.0,0,1,0,0,0,1,0,0,0,0,0,0,0,0,0,0,0,0,0,0,1,1,0,0,0,0,0,0,4,0,4
BLL,Invesco Short Term Treasury ETF,Financial,Exchange Traded Fund,USA,,,105.64,0.02%,152463.0,0,1,0,0,0,1,0,0,0,0,0,0,0,0,0,0,0,0,0,0,1,0,0,0,0,0,0,0,3,0,3
BLU,Tortoise Global Water ETF,Financial,Exchange Traded Fund,USA,,,49.74,1.45%,2713.0,0,0,0,0,0,0,0,0,0,0,0,0,-1,0,0,0,0,0,0,0,1,0,0,0,0,0,0,0,1,1,2
BT,ProShares UltraShort 20+ Yr Treasury,Financial,Exchange Traded Fund,USA,,,42.94,0.94%,357802.0,0,0,0,0,0,0,0,-1,0,0,0,0,0,0,0,0,0,0,0,0,0,0,0,0,0,0,0,0,0,1,1
BUX,T. Rowe Price Ultra Short-Term Bond ETF,Financial,Exchange Traded Fund,USA,,,49.66,0.08%,341376.0,0,1,0,-1,0,0,0,0,0,0,0,0,-1,0,0,0,0,0,0,0,0,0,0,0,0,0,0,0,1,2,3
CAI,Tortoise AI Infrastructure ETF,Financial,Exchange Traded Fund,USA,,,47.88,-0.62%,86656.0,0,0,0,0,0,0,0,0,1,0,0,0,0,0,0,1,0,0,0,0,0,0,0,0,0,0,0,0,2,0,2
CAL,T. Rowe Price Capital Appreciation Premium Income ETF,Financial,Exchange Traded Fund,USA,,,22.12,1.00%,76937.0,0,1,0,0,0,0,0,0,0,0,0,0,0,0,0,0,0,0,0,0,0,0,0,0,0,0,0,0,1,0,1
CAN,21Shares Canton Network ETF,Financial,Exchange Traded Fund,USA,,,21.64,7.78%,18305.0,0,0,0,0,0,0,0,0,0,0,1,0,0,0,0,0,0,0,0,0,0,0,0,0,0,0,0,0,1,0,1
CBI,Texas Capital Bancshares Inc,Financial,Banks - Regional,USA,4070000000.0000005,12.19,93.69,-0.07%,665934.0,0,0,0,0,0,0,0,0,0,0,1,0,0,0,0,0,0,0,0,0,0,0,0,0,0,0,0,0,1,0,1
CBS,Texas Community Bancshares Inc,Financial,Banks - Regional,USA,48840000.0,14.31,17.0,-0.76%,2403.0,0,0,0,0,0,0,0,0,0,0,0,0,0,0,0,1,0,0,0,0,0,0,0,0,0,0,0,0,1,0,1
CX,Tucows Inc,Technology,Software - Infrastructure,Canada,102650000.0,,9.18,-2.24%,78889.0,0,0,0,0,0,0,0,0,0,0,0,0,0,0,0,0,0,0,0,0,0,0,0,1,0,0,0,0,1,0,1
DAQ,TappAlpha Innovation 100 Growth & Daily Income ETF,Financial,Exchange Traded Fund,USA,,,27.89,0.90%,481909.0,0,0,0,0,0,0,0,0,0,0,0,0,0,0,0,1,0,0,0,0,0,0,0,0,0,0,0,0,1,0,1
DEC,FT Vest Emerging Markets Buffer ETF - December,Financial,Exchange Traded Fund,USA,,,27.55,0.50%,2563.0,0,0,0,-1,0,0,0,-1,0,0,0,0,0,0,0,0,0,0,0,0,0,0,0,0,0,0,0,0,0,2,2
DOG,21Shares Dogecoin ETF,Financial,Exchange Traded Fund,USA,,,19.21,4.33%,3534.0,0,1,0,0,0,0,0,0,0,0,0,0,0,0,0,0,0,0,0,0,0,0,0,0,0,0,0,1,2,0,2
DS,Telephone And Data Systems Inc,Communication Services,Telecom Services,USA,3780000000.0,12.9,35.11,-0.79%,2123857.0,0,0,0,0,0,0,0,0,0,0,0,0,0,0,0,0,0,0,0,0,0,0,0,0,0,1,0,0,1,0,1
DTH,Trident Digital Tech Holdings Ltd,Technology,Information Technology Services,Singapore,1080000000.0,,0.95,-3.07%,50509.0,0,0,0,0,0,0,0,0,0,0,0,0,0,0,0,0,0,0,0,0,0,0,0,1,0,0,0,0,1,0,1
DTT,Northern Trust iBoxx 3-Year Target Duration TIPS ETF,Financial,Exchange Traded Fund,USA,,,23.27,0.04%,165615.0,0,0,0,0,0,0,0,0,1,0,0,0,0,0,0,0,0,0,0,0,0,0,0,0,0,0,0,0,1,0,1
DV,ProShares S&P Technology Dividend Aristocrats ETF,Financial,Exchange Traded Fund,USA,,,102.74,0.14%,4362.0,0,0,0,0,0,0,0,0,0,0,0,0,0,0,0,1,0,0,0,0,0,0,0,0,0,0,0,0,1,0,1
DVI,FT Vest Technology Dividend Target Income ETF,Financial,Exchange Traded Fund,USA,,,31.46,-0.73%,126123.0,0,0,0,0,0,0,0,0,0,0,0,0,-1,0,0,0,0,0,0,0,0,0,0,0,0,0,0,0,0,1,1
DY,Teledyne Technologies Inc,Technology,Scientific & Technical Instruments,USA,28720000000.0,29.94,619.64,0.40%,169567.0,0,0,0,0,0,0,0,0,0,0,0,0,0,0,0,0,0,0,0,0,1,0,0,0,0,0,0,0,1,0,1
E,T1 Energy Inc,Industrials,Electrical Equipment & Parts,USA,1090000000.0,,3.7,-5.61%,19806087.0,0,0,0,0,0,0,0,0,0,0,0,0,0,0,0,0,0,0,0,0,0,0,0,1,0,0,0,0,1,0,1
EAD,Teads Holding Co,Communication Services,Internet Content & Information,USA,55550000.0,,0.57,1.32%,270549.0,0,0,0,0,0,1,0,0,0,0,0,0,0,0,0,0,0,0,0,0,0,0,0,0,0,0,0,0,1,0,1
EC,Harbor Transformative Technologies ETF,Financial,Exchange Traded Fund,USA,,,35.83,0.74%,65.0,0,0,0,0,0,0,0,0,0,0,1,1,0,0,0,0,0,0,0,0,0,0,0,0,0,0,0,0,2,0,2
ECY,GraniteShares YieldBOOST Technology ETF,Financial,Exchange Traded Fund,USA,,,21.2,0.09%,343.0,0,0,0,0,0,0,0,0,1,0,0,0,0,0,0,0,0,0,0,0,0,0,0,0,0,0,0,0,1,0,1
EKX,State Street Galaxy Transformative Tech Accelerators ETF,Financial,Exchange Traded Fund,USA,,,63.35,-1.17%,2839.0,0,0,0,0,0,0,0,0,0,0,1,0,0,0,0,0,0,0,0,0,0,0,0,0,0,0,0,0,1,0,1
EL,TE Connectivity plc,Technology,Electronic Components,Ireland,63380000000.0,21.46,218.93,-0.65%,1158170.0,0,0,0,0,0,0,0,0,0,0,1,0,0,0,0,0,0,0,0,0,0,0,0,0,0,0,0,0,1,0,1
EM,Tempus AI Inc,Healthcare,Health Information Services,USA,15080000000.0,,83.55,9.03%,7273893.0,0,0,0,0,0,0,0,0,0,0,0,0,0,0,0,0,0,0,0,0,0,0,0,0,0,1,0,0,1,0,1
EMD,Templeton Emerging Markets Debt ETF,Financial,Exchange Traded Fund,USA,,,23.81,0.29%,134.0,0,0,0,0,0,0,0,0,0,0,0,0,-1,-1,0,0,0,0,0,0,0,0,0,0,0,0,0,0,0,2,2
EMX,Touchstone Sands Capital Emerging Markets ex-China Growth ETF,Financial,Exchange Traded Fund,USA,,,39.17,2.70%,882.0,0,0,0,0,0,0,0,0,1,0,0,0,0,0,0,0,0,0,0,0,0,0,0,0,0,0,0,0,1,0,1
ENB,Tenable Holdings Inc,Technology,Software - Infrastructure,USA,4240000000.0,666.26,38.51,4.50%,3448368.0,0,0,0,0,0,0,0,0,0,0,0,0,0,0,0,1,0,0,0,0,0,0,0,0,0,0,0,0,1,0,1
ENJ,iShares Large Cap 10% Target Buffer Jun ETF,Financial,Exchange Traded Fund,USA,,,28.53,0.27%,1419.0,0,0,0,0,0,0,0,0,0,0,1,0,0,0,0,0,0,0,0,0,0,0,0,0,-1,0,0,0,1,1,2
EQI,T. Rowe Price Equity Income ETF,Financial,Exchange Traded Fund,USA,,,50.89,0.37%,485928.0,0,0,0,0,0,0,0,0,0,0,0,0,0,0,0,0,0,0,0,0,0,0,-1,0,0,0,0,0,0,1,1
ER,Teradyne Inc,Technology,Semiconductor Equipment & Materials,USA,69500000000.0,60.99,444.53,-1.00%,1679186.0,0,0,0,0,0,0,0,0,0,0,0,0,0,0,0,1,0,0,0,0,0,0,0,0,0,0,0,0,1,0,1
ERG,Leverage Shares 2X Long TER Daily ETF,Financial,Exchange Traded Fund,USA,,,53.25,-2.21%,43417.0,0,1,0,0,0,1,0,0,0,0,0,0,-1,-1,0,0,0,0,0,0,0,0,0,0,0,0,0,0,2,2,4
ESL,Simplify Volt TSLA Revolution ETF,Financial,Exchange Traded Fund,USA,,,14.36,2.42%,5088.0,0,0,0,0,0,0,0,0,1,0,0,0,0,0,0,0,0,0,0,0,0,0,0,0,0,0,0,0,1,0,1
EST,YieldMax TSLA Performance & Distribution Target 25 ETF,Financial,Exchange Traded Fund,USA,,,38.03,1.57%,1499.0,0,0,0,0,0,0,0,0,1,0,0,0,0,0,0,0,0,0,0,0,0,0,0,0,0,0,0,0,1,0,1
EXN,iShares Texas Equity ETF,Financial,Exchange Traded Fund,USA,,,34.0,0.85%,1540.0,0,0,0,0,0,0,0,0,0,0,1,0,0,0,0,0,0,0,0,0,0,0,-1,0,0,0,0,0,1,1,2
EXU,Direxion Daily Energy Top 5 Bull 2X ETF,Financial,Exchange Traded Fund,USA,,,41.61,2.58%,197.0,0,0,0,0,0,0,0,0,0,0,1,0,0,0,0,0,0,0,0,0,0,0,-1,0,0,0,0,0,1,1,2
EXX,Horizon Kinetics Texas ETF,Financial,Exchange Traded Fund,USA,,,29.05,1.00%,43.0,0,0,0,0,0,0,0,0,0,0,1,1,0,0,0,0,0,0,0,0,0,0,-1,0,0,0,0,0,2,1,3
FII,TFI International Inc,Industrials,Trucking,Canada,9440000000.0,28.2,114.8,-3.45%,649123.0,0,0,0,0,0,0,0,0,1,1,0,0,0,0,0,0,0,0,0,0,0,0,0,0,0,0,0,0,2,0,2
FLO,iShares Treasury Floating Rate Bond ETF,Financial,Exchange Traded Fund,USA,,,50.54,0.02%,2779579.0,0,1,0,-1,0,1,0,0,0,0,0,0,0,0,0,0,0,0,0,0,0,0,0,0,0,0,0,0,2,1,3
FNS,T. Rowe Price Financials ETF,Financial,Exchange Traded Fund,USA,,,27.71,0.84%,488.0,0,0,0,0,0,0,0,0,0,0,0,0,0,0,0,0,0,0,0,0,0,0,-1,0,0,0,0,0,0,1,1
FPM,Triple Flag Precious Metals Corp,Basic Materials,Other Precious Metals & Mining,Canada,6280000000.0,15.32,30.48,-0.42%,480802.0,0,0,0,0,0,0,0,0,0,0,0,0,0,0,0,0,0,0,0,0,0,0,0,1,0,0,0,0,1,0,1
FPN,Blueprint Chesapeake Multi-Asset Trend ETF,Financial,Exchange Traded Fund,USA,,,30.2,0.70%,6289.0,0,1,0,0,0,0,0,0,0,0,0,0,0,0,0,0,0,0,0,0,0,0,0,0,0,0,0,0,1,0,1
G,Tredegar Corp,Industrials,Metal Fabrication,USA,244610000.0,7.43,7.0,-0.43%,148382.0,0,1,0,0,0,0,0,0,0,0,0,0,0,0,0,0,0,0,0,0,0,0,0,0,0,0,0,0,1,0,1
GE,Generation Essentials Group,Financial,Asset Management,France,52820000.0,3.81,1.09,-1.80%,1125091.0,0,0,0,0,0,0,0,0,0,0,0,0,0,0,0,0,0,0,0,0,0,0,0,0,0,1,0,0,1,0,1
GL,Treasure Global Inc,Technology,Software - Application,USA,2460000.0,,1.26,-2.33%,92761.0,0,0,0,0,0,0,0,0,1,1,0,0,0,0,0,0,0,0,0,0,0,0,0,0,0,0,0,0,2,0,2
GLB,T. Rowe Price Global Equity ETF,Financial,Exchange Traded Fund,USA,,,30.57,0.85%,1245.0,0,0,0,0,0,0,0,0,0,0,0,0,0,0,0,0,0,0,0,0,0,0,-1,0,0,0,0,0,0,1,1
GLS,Tecnoglass Holdings Inc,Basic Materials,Building Materials,USA,1550000000.0,12.27,34.91,0.49%,380988.0,0,1,0,0,0,0,0,0,0,0,0,0,0,0,0,0,0,0,0,0,0,0,0,0,0,0,0,0,1,0,1
GRT,T. Rowe Price Growth ETF,Financial,Exchange Traded Fund,USA,,,48.32,1.15%,60876.0,0,0,0,0,0,0,0,0,0,0,1,1,0,0,0,0,0,0,0,0,0,0,0,0,0,0,0,0,2,0,2
GS,Transportadora de Gas del Sur ADR,Energy,Oil & Gas Integrated,Argentina,1850000000.0,10.18,26.58,6.28%,361821.0,0,1,0,-1,0,0,0,0,0,0,0,0,-1,-1,0,0,0,0,0,0,0,0,0,0,0,0,0,0,1,3,4
GT,Target Corp,Consumer Defensive,Discount Stores,USA,69500000000.0,15.88,152.99,-1.93%,5055314.0,0,0,0,0,0,1,0,0,0,0,0,0,0,0,0,0,0,0,0,0,0,0,0,0,0,0,0,0,1,0,1
GTX,TG Therapeutics Inc,Healthcare,Biotechnology,USA,8250000000.0,19.64,53.91,-0.70%,1546886.0,0,0,0,0,0,0,0,0,0,0,1,0,0,0,0,0,0,0,0,0,0,0,0,0,-1,0,0,0,1,1,2
HCH,TH International Ltd,Consumer Cyclical,Restaurants,China,39080000.0,,1.22,5.17%,1371.0,0,0,0,-1,0,0,0,0,0,0,0,0,0,0,0,0,0,0,0,0,0,0,0,0,0,0,0,0,0,1,1
HD,iShares MSCI Thailand ETF,Financial,Exchange Traded Fund,USA,,,71.48,-0.20%,23983.0,0,1,0,-1,0,0,0,0,0,0,1,1,0,0,0,0,0,0,0,0,0,0,0,0,0,0,0,0,3,1,4
HEQ,T. Rowe Price Hedged Equity ETF,Financial,Exchange Traded Fund,USA,,,30.46,0.65%,443.0,0,0,0,0,0,0,0,0,0,0,1,0,0,0,0,0,0,0,0,0,0,0,0,0,-1,0,0,0,1,1,2
HG,Hanover Insurance Group Inc,Financial,Insurance - Property & Casualty,USA,7670000000.0,10.51,220.4,0.44%,403342.0,0,0,0,0,0,0,0,0,0,0,0,0,0,0,0,0,0,0,0,0,0,0,-1,0,0,0,0,0,0,1,1
HLV,THOR Equal Weight Low Volatility ETF,Financial,Exchange Traded Fund,USA,,,31.34,0.38%,38394.0,0,0,0,0,0,0,0,0,0,0,1,0,0,0,0,0,0,0,0,0,0,0,0,0,0,0,0,0,1,0,1
HM,International Tower Hill Mines Ltd,Basic Materials,Gold,Canada,635790000.0,,2.43,-1.22%,440863.0,0,0,0,0,0,0,0,0,0,0,1,0,0,0,0,0,0,0,0,0,0,0,0,0,0,0,0,0,1,0,1
HMZ,Lazard Equity Megatrends ETF,Financial,Exchange Traded Fund,USA,,,35.01,0.83%,5473.0,0,0,0,-1,0,0,0,0,0,0,0,0,0,0,0,0,0,0,0,0,0,0,0,0,0,0,0,0,0,1,1
HNQ,ROBO Global Artificial Intelligence ETF,Financial,Exchange Traded Fund,USA,,,100.59,1.87%,160956.0,0,0,0,0,0,0,0,-1,0,0,0,0,0,0,0,0,0,0,0,0,0,0,0,0,0,0,0,0,0,1,1
HO,Thor Industries Inc,Consumer Cyclical,Recreational Vehicles,USA,3470000000.0,19.86,67.24,-3.32%,1229406.0,0,0,0,0,0,1,0,0,1,0,0,0,0,0,0,0,0,0,0,-1,0,0,0,0,0,0,0,0,2,1,3
HRV,Prospera Income ETF,Financial,Exchange Traded Fund,USA,,,23.25,-0.24%,3149.0,0,0,0,-1,0,0,0,0,0,0,0,0,0,0,0,0,0,0,0,0,0,0,0,0,0,0,0,0,0,1,1
HTA,SoFi Enhanced Yield ETF,Financial,Exchange Traded Fund,USA,,,15.77,0.03%,91538.0,0,0,0,-1,0,0,0,0,0,0,0,0,0,0,0,0,0,0,0,0,0,0,0,0,0,0,0,0,0,1,1
HYF,T. Rowe Price U.S. High Yield ETF,Financial,Exchange Traded Fund,USA,,,49.87,0.08%,35298.0,0,0,0,-1,0,0,0,0,0,0,0,0,0,0,0,0,0,0,0,0,0,0,0,0,0,0,0,0,0,1,1
IC,TIC Solutions Inc,Industrials,Specialty Business Services,USA,1800000000.0,,8.26,0.00%,1461536.0,0,0,0,0,0,0,0,0,0,0,0,0,0,0,0,0,0,0,0,0,1,0,0,1,0,0,0,0,2,0,2
IH,The Investment House ETF,Financial,Exchange Traded Fund,USA,,,25.01,1.05%,115.0,0,0,0,0,0,0,0,0,0,0,0,0,-1,0,0,0,0,0,0,0,0,0,0,1,0,0,0,0,1,1,2
II,Titan Mining Corp,Basic Materials,Other Industrial Metals & Mining,USA,247450000.0,,2.5,2.46%,194066.0,0,0,0,0,0,0,0,0,0,0,0,0,0,0,0,0,0,0,0,0,0,0,0,0,0,1,0,0,1,0,1
ILL,Teucrium Agricultural Strategy No K-1 ETF,Financial,Exchange Traded Fund,USA,,,20.46,1.39%,203383.0,0,0,0,0,0,0,0,0,0,0,0,0,0,0,0,0,0,0,0,0,0,0,-1,0,0,0,0,0,0,1,1
INT,ProShares Smart Materials ETF,Financial,Exchange Traded Fund,USA,,,38.65,0.10%,168.0,0,0,0,0,0,0,0,0,0,0,1,0,0,0,0,0,0,0,0,0,0,0,0,0,-1,0,0,0,1,1,2
INY,ProShares Nanotechnology ETF,Financial,Exchange Traded Fund,USA,,,82.0,0.28%,714.0,0,1,0,0,0,0,0,0,0,0,0,0,0,0,0,0,0,0,0,0,0,0,0,0,0,0,0,0,1,0,1
IP,iShares TIPS Bond ETF,Financial,Exchange Traded Fund,USA,,,103.98,-0.12%,2200632.0,0,0,0,0,0,0,0,0,1,0,0,0,0,0,0,0,0,0,0,0,0,0,0,0,0,0,0,0,1,0,1
IPC,Northern Trust 2045 Inflation-Linked Distributing Ladder ETF,Financial,Exchange Traded Fund,USA,,,92.43,-0.20%,13.0,0,0,0,0,0,0,0,0,1,0,0,0,0,0,0,0,0,0,0,0,0,0,0,0,0,0,0,0,1,0,1
IPD,Northern Trust 2055 Inflation-Linked Distributing Ladder ETF,Financial,Exchange Traded Fund,USA,,,89.95,-0.32%,126.0,0,0,0,0,0,0,0,0,1,0,0,0,0,0,0,0,0,0,0,0,0,0,0,0,0,0,0,0,1,0,1
IPT,Tiptree Inc,Financial,Asset Management,USA,645740000.0,,17.34,-0.06%,263331.0,0,0,0,-1,0,0,0,-1,0,0,0,0,0,0,0,0,0,0,0,0,0,0,0,0,0,0,0,0,0,2,2
ISI,Team Inc,Industrials,Specialty Business Services,USA,130070000.0,,28.38,-1.80%,27275.0,0,1,0,0,0,0,0,0,0,0,0,0,0,0,0,0,0,0,0,0,0,0,0,0,0,0,0,0,1,0,1
KLF,Tokyo Lifestyle Co Ltd ADR,Consumer Cyclical,Specialty Retail,Japan,6350000.0,8.93,1.5,0.00%,5225.0,0,0,0,0,0,0,0,0,1,0,0,0,0,0,0,0,0,0,0,0,0,0,0,0,0,0,0,0,1,0,1
KO,TKO Group Holdings Inc,Communication Services,Entertainment,USA,33509999999.999996,61.24,177.04,0.83%,1423901.0,0,0,0,0,0,0,0,0,1,0,0,0,0,0,0,0,0,0,0,0,0,0,0,0,0,0,0,0,1,0,1
LA,GraniteShares Autocallable TSLA ETF,Financial,Exchange Traded Fund,USA,,,25.19,0.44%,20778.0,0,1,0,-1,0,0,0,0,0,0,1,0,0,0,0,0,0,0,0,0,0,0,0,0,0,0,0,0,2,1,3
LDR,The Laddered T-Bill ETF,Financial,Exchange Traded Fund,USA,,,25.01,0.00%,24345.0,0,1,0,0,0,0,0,0,1,1,0,0,0,0,0,0,0,0,0,0,0,0,0,0,0,0,0,0,3,0,3
LIH,Ten League International Holdings Ltd,Industrials,Industrial Distribution,Singapore,16940000.0,4.38,5.76,1.50%,584.0,0,1,0,0,0,0,0,0,0,0,0,0,0,0,0,0,0,0,0,0,0,0,0,0,0,0,0,0,1,0,1
LS,Telos Corp,Technology,Software - Infrastructure,USA,331090000.0,,4.43,5.73%,1100363.0,0,0,0,0,0,0,0,0,0,0,0,0,-1,-1,0,0,0,0,0,0,0,0,0,0,0,0,0,0,0,2,2
LSA,Tiziana Life Sciences Ltd,Healthcare,Biotechnology,Bermuda,137290000.0,,1.07,-4.46%,274642.0,0,0,0,0,0,1,0,0,1,1,0,0,0,0,0,0,0,0,0,0,0,0,0,0,0,0,0,0,3,0,3
LSI,TriSalus Life Sciences Inc,Healthcare,Medical Devices,USA,269690000.0,,4.38,1.39%,132711.0,0,0,0,0,0,0,0,0,0,0,0,0,0,0,0,0,0,0,0,0,0,0,0,0,0,0,0,1,1,0,1
LT,iShares 20+ Year Treasury Bond ETF,Financial,Exchange Traded Fund,USA,,,77.11,-0.48%,49106745.0,0,0,0,0,0,0,0,0,1,0,0,0,0,0,0,0,0,0,0,0,0,0,0,0,0,0,0,0,1,0,1
LTI,NEOS Enhanced Income 20+ Year Treasury Bond ETF,Financial,Exchange Traded Fund,USA,,,40.99,-0.45%,10758.0,0,0,0,0,0,0,0,0,1,1,0,0,0,0,0,0,0,0,0,0,0,0,0,0,0,0,0,0,2,0,2
LTP,Amplify TLT U.S. Treasury 12% Option Income ETF,Financial,Exchange Traded Fund,USA,,,18.7,-0.36%,17212.0,0,0,0,0,0,0,0,0,0,0,0,0,0,0,0,0,0,0,0,-1,0,0,0,0,0,0,0,0,0,1,1
LTW,iShares 20+ Year Treasury Bond BuyWrite Strategy ETF,Financial,Exchange Traded Fund,USA,,,19.89,-0.45%,2523958.0,0,0,0,0,0,1,0,0,1,1,0,0,0,0,0,0,0,0,0,0,0,0,0,0,0,0,0,0,3,0,3
LTX,Global X Treasury Bond Enhanced Income ETF,Financial,Exchange Traded Fund,USA,,,20.0,-0.05%,14494.0,0,0,0,0,0,0,0,0,0,0,0,0,0,0,0,0,0,0,0,-1,0,0,0,0,0,0,0,0,0,1,1
LX,Telix Pharmaceuticals Ltd ADR,Healthcare,Biotechnology,Australia,3700000000.0,116.36,10.88,3.13%,235286.0,0,0,0,-1,0,1,0,-1,0,0,0,0,0,0,0,0,0,0,0,0,0,0,0,0,0,0,0,0,1,2,3
LYS,Tillys Inc,Consumer Cyclical,Apparel Retail,USA,141010000.0,83.21,4.61,0.66%,233487.0,0,1,0,-1,0,0,0,0,0,0,1,1,0,0,0,0,0,0,0,0,1,0,0,0,-1,0,0,0,4,2,6
MAR,FT Vest Emerging Markets Buffer ETF - March,Financial,Exchange Traded Fund,USA,,,27.24,1.03%,2574.0,0,0,0,-1,0,0,0,0,0,0,0,0,0,0,0,0,0,0,0,0,0,0,0,0,0,0,0,0,0,1,1
MB,Thornburg Multi Sector Bond ETF,Financial,Exchange Traded Fund,USA,,,24.57,-0.02%,196862.0,0,0,0,0,0,1,0,0,0,0,0,0,0,0,0,0,0,0,0,-1,0,0,0,0,0,0,0,0,1,1,2
MC,TMC the metals company Inc,Basic Materials,Other Industrial Metals & Mining,Canada,1660000000.0,,3.77,-0.53%,3437536.0,0,0,0,0,0,0,0,0,1,0,0,0,0,0,0,0,0,0,0,0,0,0,0,0,0,0,0,0,1,0,1
ME,Tencent Music Entertainment Group ADR,Communication Services,Internet Content & Information,China,4710000000.0,9.43,7.87,1.68%,7571313.0,0,0,0,0,0,0,0,0,1,1,0,0,0,0,0,0,0,0,0,0,0,0,0,0,0,0,0,0,2,0,2
MED,T. Rowe Price Health Care ETF,Financial,Exchange Traded Fund,USA,,,33.81,1.79%,6635.0,0,0,0,0,0,0,0,0,0,0,0,0,-1,0,0,0,0,0,0,0,0,0,0,0,0,0,0,0,0,1,1
MF,Direxion Daily 20+ Year Treasury Bull 3X Shares,Financial,Exchange Traded Fund,USA,,,25.19,-1.52%,11934423.0,0,0,0,0,0,0,0,0,1,1,0,0,0,0,0,0,0,0,0,0,0,0,0,0,0,0,0,0,2,0,2
MFC,Motley Fool 100 Index ETF,Financial,Exchange Traded Fund,USA,,,81.42,0.72%,42442.0,0,0,0,0,0,0,0,-1,0,0,0,0,0,0,0,0,0,0,0,0,0,0,0,0,0,0,0,0,0,1,1
MFE,Motley Fool Capital Efficiency 100 Index ETF,Financial,Exchange Traded Fund,USA,,,30.91,0.87%,17544.0,0,0,0,0,0,0,0,-1,0,0,0,0,0,0,0,0,0,0,0,0,0,0,0,0,0,0,0,0,0,1,1
MH,Toyota Motor Corp ADRhedged,Financial,Exchange Traded Fund,USA,,,48.58,1.59%,227.0,0,0,0,0,0,0,0,0,0,0,1,0,0,0,0,0,0,0,0,0,0,0,0,0,0,0,0,0,1,0,1
MLP,Tortoise MLP ETF,Financial,Exchange Traded Fund,USA,,,28.38,0.78%,61.0,0,1,0,0,0,0,0,0,0,0,0,0,0,0,0,0,0,1,0,0,0,0,0,0,0,0,0,0,2,0,2
MQ,Trilogy Metals Inc,Basic Materials,Other Industrial Metals & Mining,Canada,525159999.99999994,,3.04,-1.62%,1190323.0,0,0,0,0,0,0,0,0,1,0,0,0,0,0,0,0,0,0,0,0,0,0,0,0,0,0,0,0,1,0,1
MUS,T-Mobile US Inc,Communication Services,Telecom Services,USA,176600000000.0,17.23,164.64,0.61%,4296862.0,0,0,0,0,0,0,0,0,0,0,0,0,0,0,0,1,0,0,0,-1,0,0,0,0,0,0,0,0,1,1,2
MV,Direxion Daily 20+ Year Treasury Bear -3X Shares,Financial,Exchange Traded Fund,USA,,,50.84,1.42%,1222501.0,0,0,0,0,0,0,0,-1,0,0,0,0,0,0,0,0,0,0,0,0,0,0,0,0,0,0,0,0,0,1,1
NL,Travel+Leisure Co,Consumer Cyclical,Travel Services,USA,3780000000.0,16.8,61.72,-1.91%,801010.0,0,0,0,0,0,0,0,0,0,0,1,0,0,0,0,0,0,0,0,0,0,0,0,0,-1,0,0,0,1,1,2
NMG,TNL Mediagene,Communication Services,Publishing,Taiwan,3350000.0,,4.4,-7.56%,245756.0,0,0,0,0,0,0,0,0,1,0,0,0,0,0,0,0,0,0,0,0,0,0,0,0,0,0,0,0,1,0,1
NXT,T. Rowe Price Innovation Leaders ETF,Financial,Exchange Traded Fund,USA,,,29.27,1.09%,760.0,0,0,0,-1,0,0,0,0,0,0,0,0,0,0,0,0,0,0,0,0,0,0,0,0,0,0,0,0,0,1,1
OAO,Twin Oak Active Opportunities III ETF,Financial,Exchange Traded Fund,USA,,,27.81,1.21%,1106.0,0,0,0,0,0,1,0,-1,0,0,0,0,0,0,0,1,0,0,0,0,0,0,0,0,0,0,0,0,2,1,3
OLL,Tema Durable Quality ETF,Financial,Exchange Traded Fund,USA,,,41.71,0.57%,66893.0,0,0,0,0,0,0,0,0,0,0,0,0,0,0,0,1,0,0,0,0,0,0,0,0,0,0,0,0,1,0,1
ONT,Graf Global Corp,Financial,Shell Companies,USA,154760000.0,61.23,10.93,0.18%,283.0,0,0,0,0,0,0,0,0,0,0,0,0,0,0,0,1,0,0,0,0,0,0,0,0,0,0,0,0,1,0,1
ONX,TON Strategy Co,Technology,Software - Application,USA,197710000.0,,3.59,0.56%,162279.0,0,0,0,0,0,1,0,0,0,0,0,0,0,0,0,0,0,0,0,0,0,0,0,0,0,0,0,0,1,0,1
OPW,Roundhill Top WeeklyPay ETF,Financial,Exchange Traded Fund,USA,,,34.78,1.49%,70799.0,0,0,0,0,0,0,0,0,0,0,0,0,-1,-1,0,0,0,0,0,0,0,0,0,0,0,1,0,0,1,2,3
ORO,Toro Corp,Energy,Oil & Gas Midstream,Cyprus,182130000.0,483.49,5.27,-2.04%,35235.0,0,0,0,0,0,0,0,0,0,0,1,0,0,0,0,0,0,0,0,0,0,0,-1,0,0,0,0,0,1,1,2
OUR,Tuniu Corp ADR,Consumer Cyclical,Travel Services,China,47770000.0,17.48,4.93,-0.76%,6863.0,0,0,0,0,0,0,0,0,1,0,0,0,0,0,0,0,0,0,0,0,0,0,0,0,0,0,0,0,1,0,1
OV,JLens 500 Jewish Advocacy U.S. ETF,Financial,Exchange Traded Fund,USA,,,32.7,0.66%,787.0,0,1,0,0,0,0,0,0,0,0,0,0,0,0,0,0,0,0,0,0,0,0,0,0,0,0,0,0,1,0,1
OVX,Theriva Biologics Inc,Healthcare,Biotechnology,USA,10330000.0,,0.22,-0.04%,382943.0,0,0,0,0,0,0,0,0,1,0,0,0,0,0,0,0,0,0,0,0,0,0,0,0,0,0,0,0,1,0,1
PB,Turning Point Brands Inc,Consumer Defensive,Tobacco,USA,1160000000.0,24.78,57.61,3.54%,765868.0,0,0,0,0,0,0,0,0,0,0,0,0,-1,0,0,0,0,0,0,0,0,0,0,0,0,0,0,0,0,1,1
PC,Tutor Perini Corp,Industrials,Engineering & Construction,USA,4540000000.0,37.39,86.43,-0.35%,537298.0,0,0,0,0,0,0,0,0,0,0,1,0,0,0,0,0,0,0,0,0,1,0,-1,0,0,0,0,0,2,1,3
PL,Texas Pacific Land Corp,Energy,Oil & Gas E&P,USA,23770000000.0,43.94,344.67,1.32%,270808.0,0,0,0,0,0,1,0,0,1,0,0,0,0,0,0,0,0,0,0,0,0,0,0,0,0,0,0,0,2,0,2
PLX,Corgi TPL 2x Daily ETF,Financial,Exchange Traded Fund,USA,,,19.96,2.99%,47.0,0,0,0,0,0,0,0,0,1,0,0,0,0,0,0,0,0,0,0,0,0,0,0,0,0,0,0,0,1,0,1
PST,Tempest Therapeutics Inc,Healthcare,Biotechnology,USA,13390000.0,,0.79,-2.29%,156517.0,0,0,0,0,0,0,0,0,1,1,0,0,0,0,0,0,0,0,0,0,0,0,0,0,0,0,0,0,2,0,2
PUT,T. Rowe Price Capital Appreciation Market Opportunities ETF,Financial,Exchange Traded Fund,USA,,,25.15,0.08%,8838.0,0,0,0,0,0,0,0,0,0,0,0,0,-1,0,0,0,0,0,0,0,0,0,0,0,0,0,0,0,0,1,1
PVG,TriplePoint Venture Growth BDC Corp,Financial,Asset Management,USA,196630000.0,4.86,4.83,-1.43%,187110.0,0,0,0,0,0,0,0,0,0,0,0,0,-1,0,0,0,0,0,0,0,0,0,0,1,0,0,0,0,1,1,2
PYP,Tortoise North American Pipeline ETF,Financial,Exchange Traded Fund,USA,,,40.96,0.81%,65907.0,0,1,0,-1,0,0,0,0,0,0,0,0,0,0,0,0,0,0,0,0,0,0,0,0,0,0,0,0,1,1,2
R,Tootsie Roll Industries Inc,Consumer Defensive,Confectioners,USA,2860000000.0,29.57,37.61,-1.00%,175419.0,0,0,0,0,0,0,0,0,0,0,0,0,0,0,0,1,0,0,0,0,0,0,0,0,0,0,0,0,1,0,1
REE,LendingTree Inc,Financial,Insurance Brokers,USA,344100000.0,1.9,24.51,-0.53%,261333.0,0,0,0,0,0,0,0,0,1,0,0,0,0,0,0,0,0,0,0,0,0,0,0,0,0,0,0,0,1,0,1
REX,TREX Co Inc,Industrials,Building Products & Equipment,USA,4500000000.0,26.12,44.21,1.49%,1631238.0,0,1,0,0,0,0,0,0,0,0,0,0,0,0,0,0,0,0,0,0,1,0,-1,0,0,0,0,0,2,1,3
RFM,AAM Transformers ETF,Financial,Exchange Traded Fund,USA,,,60.98,0.31%,37056.0,0,0,0,0,0,0,0,0,0,0,1,1,0,0,0,0,0,0,0,0,0,0,0,0,-1,0,0,0,2,1,3
RI,Thomson-Reuters Corp,Industrials,Specialty Business Services,Canada,42060000000.0,26.03,97.08,-0.55%,1044008.0,0,0,0,0,0,0,0,0,0,0,0,0,0,0,0,0,0,0,0,0,1,0,0,0,0,0,0,0,1,0,1
RIO,MC Trio Equity Buffered ETF,Financial,Exchange Traded Fund,USA,,,66.21,0.31%,3314.0,0,0,0,0,0,0,0,0,0,0,1,0,0,0,0,0,0,0,0,0,0,0,0,0,-1,0,0,0,1,1,2
RMK,Trustmark Corp,Financial,Banks - Regional,USA,2640000000.0,11.57,45.54,-0.85%,369088.0,0,0,0,0,0,0,0,0,1,0,0,0,0,0,0,0,0,0,0,0,0,0,0,0,0,0,0,0,1,0,1
RND,Pacer Trendpilot Fund of Funds ETF,Financial,Exchange Traded Fund,USA,,,37.1,0.22%,2326.0,0,0,0,0,0,0,0,0,0,0,1,0,0,0,0,0,0,0,0,0,0,0,-1,0,0,0,0,0,1,1,2
RNS,Transcat Inc,Industrials,Specialty Business Services,USA,847710000.0,248.34,90.57,0.20%,91713.0,0,0,0,0,0,0,0,0,0,0,0,0,-1,0,0,0,0,0,0,0,0,0,0,0,0,0,0,0,0,1,1
RON,Tron Inc,Consumer Cyclical,Leisure,USA,640420000.0,,1.35,-4.26%,528431.0,0,0,0,0,0,0,0,0,0,0,0,0,0,0,0,1,0,0,0,0,0,0,0,0,0,0,0,0,1,0,1
ROX,Tronox Holdings plc,Basic Materials,Chemicals,USA,624430000.0,,3.91,-0.51%,1593742.0,0,0,0,0,0,0,0,0,1,0,0,0,0,0,0,0,0,0,0,0,0,0,0,0,0,0,0,0,1,0,1
RSG,Tungray Technologies Inc,Industrials,Metal Fabrication,Singapore,18480000.0,,1.13,-0.88%,10544.0,0,0,0,0,0,0,0,0,1,0,0,0,0,0,0,0,0,0,0,0,0,0,0,0,0,0,0,0,1,0,1
RST,Trustco Bank Corp,Financial,Banks - Regional,USA,939590000.0,15.33,55.18,-0.92%,131218.0,0,0,0,-1,0,0,0,0,0,0,0,0,0,0,0,0,0,0,0,0,0,0,0,0,0,0,0,0,0,1,1
RSY,Xtrackers US 0-1 Year Treasury ETF,Financial,Exchange Traded Fund,USA,,,30.12,0.03%,11333.0,0,1,0,0,0,1,0,0,0,0,0,0,0,0,0,0,0,0,0,0,0,0,0,0,0,0,0,0,2,0,2
RTX,TPG RE Finance Trust Inc,Real Estate,REIT - Mortgage,USA,462150000.0,10.98,6.02,-1.95%,1368742.0,0,0,0,0,0,0,0,0,0,0,0,0,0,0,0,0,0,0,0,0,1,0,0,0,0,0,0,0,1,0,1
RTY,Cambria Trinity ETF,Financial,Exchange Traded Fund,USA,,,31.57,0.38%,11079.0,0,0,0,0,0,0,0,0,0,0,0,0,0,0,0,0,0,1,0,0,0,0,0,0,0,0,0,0,1,0,1
RUF,VanEck Financials TruSector ETF,Financial,Exchange Traded Fund,USA,,,28.11,0.71%,236.0,0,0,0,0,0,0,0,0,0,0,0,0,0,0,0,0,0,0,0,0,0,0,-1,0,0,0,0,0,0,1,1
RUP,Trupanion Inc,Financial,Insurance - Property & Casualty,USA,1080000000.0,46.22,24.57,4.20%,574633.0,0,0,0,0,0,0,0,0,0,0,0,0,0,0,0,0,0,0,0,0,0,0,0,1,0,0,0,0,1,0,1
S,Tenaris SA ADR,Energy,Oil & Gas Equipment & Services,Luxembourg,31330000000.0,15.61,58.46,4.41%,1948947.0,0,0,0,0,0,0,0,0,1,0,0,0,0,0,0,0,0,0,0,0,0,0,0,0,-1,0,0,0,1,1,2
SCO,Tractor Supply Co,Consumer Cyclical,Specialty Retail,USA,16370000000.000002,16.41,31.42,1.06%,16718823.0,0,0,0,0,0,0,0,0,0,0,0,0,0,0,0,0,0,0,0,0,0,0,0,0,0,1,0,0,1,0,1
SDD,GraniteShares 2x Short TSLA Daily ETF,Financial,Exchange Traded Fund,USA,,,7.07,-4.46%,8532343.0,0,0,0,0,0,0,0,0,0,0,0,0,0,0,0,0,0,0,0,0,0,0,0,0,0,1,0,0,1,0,1
SEL,Touchstone Sands Capital US Select Growth ETF,Financial,Exchange Traded Fund,USA,,,30.2,1.11%,2087.0,0,0,0,0,0,0,0,0,0,0,1,0,0,0,0,0,0,0,0,0,0,0,0,0,0,0,0,0,1,0,1
SEM,Tower Semiconductor Ltd,Technology,Semiconductors,Israel,28160000000.0,98.44,249.57,3.62%,1659268.0,0,1,0,0,0,0,0,0,0,0,0,0,-1,-1,0,0,0,0,0,0,1,0,0,0,0,0,0,0,2,2,4
SES,Truth Social American Energy Security ETF,Financial,Exchange Traded Fund,USA,,,31.21,0.68%,544.0,0,0,0,0,0,0,0,0,0,0,1,1,0,0,0,0,0,0,0,0,0,0,0,0,-1,0,0,0,2,1,3
SIC,Truth Social American Icons ETF,Financial,Exchange Traded Fund,USA,,,23.44,0.23%,2591.0,0,0,0,0,0,0,0,0,1,0,0,0,0,0,0,0,0,0,0,0,0,0,0,0,0,0,0,0,1,0,1
SLG,Leverage Shares 2X Long TSLA Daily ETF,Financial,Exchange Traded Fund,USA,,,5.12,4.28%,63713393.0,0,0,0,0,0,0,0,0,1,0,0,0,0,0,0,0,0,0,0,0,0,0,0,0,0,0,0,0,1,0,1
SLI,ProShares Ultra TSLA,Financial,Exchange Traded Fund,USA,,,19.05,4.16%,4835.0,0,0,0,0,0,0,0,0,1,0,0,0,0,0,0,0,0,0,0,0,0,0,0,0,0,0,0,0,1,0,1
SLL,Direxion Daily TSLA Bull 2X ETF,Financial,Exchange Traded Fund,USA,,,10.21,4.18%,66017465.0,0,0,0,0,0,0,0,0,1,0,0,0,0,0,0,0,0,0,0,0,0,0,0,0,0,0,0,0,1,0,1
SLQ,Tradr 2X Short TSLA Daily ETF,Financial,Exchange Traded Fund,USA,,,16.88,-4.42%,5200188.0,0,0,0,0,0,1,0,0,0,0,0,0,0,0,0,0,0,0,0,0,0,0,0,0,0,0,0,0,1,0,1
SLR,GraniteShares 2x Long TSLA Daily ETF,Financial,Exchange Traded Fund,USA,,,17.77,4.28%,1460339.0,0,0,0,0,0,0,0,0,1,0,0,0,0,0,0,0,0,0,0,0,0,0,0,0,0,0,0,0,1,0,1
SLT,T-REX 2X Long Tesla Daily Target ETF,Financial,Exchange Traded Fund,USA,,,14.3,4.30%,2096072.0,0,0,0,0,0,0,0,0,1,0,0,0,0,0,0,0,0,0,0,0,0,0,0,0,0,0,0,0,1,0,1
SLY,YieldMax TSLA Option Income Strategy ETF,Financial,Exchange Traded Fund,USA,,,22.62,1.66%,327012.0,0,0,0,-1,0,0,0,0,0,0,0,0,0,0,0,0,0,0,0,0,0,0,0,0,0,0,0,0,0,1,1
SMY,YieldMax TSM Option Income Strategy ETF,Financial,Exchange Traded Fund,USA,,,16.31,1.49%,337149.0,0,0,0,0,0,0,0,0,0,0,0,0,0,0,0,0,0,0,0,0,1,0,0,1,0,0,0,0,2,0,2
SN,Tyson Foods Inc,Consumer Defensive,Farm Products,USA,17830000000.0,31.24,51.71,-0.35%,3965520.0,0,0,0,0,0,0,0,0,1,1,0,0,0,0,0,0,0,0,0,0,0,0,0,0,0,0,0,0,2,0,2
SSI,TSS Inc,Technology,Information Technology Services,USA,283600000.0,19.78,10.05,-1.86%,555742.0,0,0,0,0,0,0,0,0,1,1,0,0,0,0,0,0,0,0,0,0,0,0,0,0,0,0,0,0,2,0,2
SXD,Direxion Daily Semiconductors Top 5 Bear 2X ETF,Financial,Exchange Traded Fund,USA,,,4.38,-2.23%,10776.0,0,0,0,0,0,0,0,0,1,0,0,0,0,0,0,0,0,0,0,0,0,0,0,0,0,0,0,0,1,0,1
SYW,Roundhill Treasury Bond WeeklyPay ETF,Financial,Exchange Traded Fund,USA,,,37.69,-0.73%,1157.0,0,0,0,0,0,0,0,0,1,0,0,0,0,0,0,0,0,0,0,0,0,0,0,0,0,0,0,0,1,0,1
SYX,TSPY Lift ETF,Financial,Exchange Traded Fund,USA,,,23.29,0.93%,21806.0,0,0,0,0,0,0,0,0,0,0,0,0,0,0,0,1,0,0,0,0,0,0,0,0,0,0,0,0,1,0,1
T,Trane Technologies plc,Industrials,Building Products & Equipment,Ireland,103580000000.0,35.66,470.76,1.48%,1372101.0,0,0,0,0,0,0,0,0,0,0,0,0,0,0,0,0,0,0,0,0,0,0,0,0,0,0,-1,0,0,1,1
TAN,ServiceTitan Inc,Technology,Software - Application,USA,6960000000.0,,72.16,7.56%,1859170.0,0,0,0,0,0,0,0,0,0,0,0,0,0,0,0,0,0,0,0,0,0,0,0,0,0,1,0,0,1,0,1
TC,Toro Co,Industrials,Tools & Accessories,USA,9370000000.0,26.49,98.94,0.30%,738867.0,0,0,0,0,0,0,0,0,0,0,1,0,0,0,0,0,0,0,0,0,0,0,0,0,0,0,0,0,1,0,1
TE,TotalEnergies SE,Energy,Oil & Gas Integrated,France,187650000000.0,10.41,84.37,-0.04%,2532986.0,0,0,0,0,0,0,0,0,0,0,0,0,0,0,0,0,0,0,0,0,0,0,0,0,-1,0,0,0,0,1,1
TEC,TTEC Holdings Inc,Technology,Information Technology Services,USA,68030000.0,,1.38,0.00%,188556.0,0,0,0,0,0,0,0,0,1,1,0,0,0,0,0,0,0,0,0,0,0,0,0,0,0,0,0,0,2,0,2
TMI,TTM Technologies Inc,Technology,Electronic Components,USA,14030000000.0,60.09,133.14,0.96%,2306132.0,0,0,0,0,0,1,0,0,0,0,0,0,0,0,0,0,0,0,0,0,0,0,0,0,0,0,0,0,1,0,1
TT,ProShares UltraPro Short 20+ Year Treasury -3x Shares,Financial,Exchange Traded Fund,USA,,,90.35,1.42%,9515.0,0,0,0,0,0,0,0,-1,0,0,0,0,0,0,0,0,0,0,0,0,0,0,0,0,0,0,0,0,0,1,1
USB,Thrivent Ultra Short Bond ETF,Financial,Exchange Traded Fund,USA,,,50.37,0.01%,30437.0,0,1,0,0,0,0,0,0,0,0,0,0,0,0,0,1,0,0,0,0,0,0,0,0,0,0,0,0,2,0,2
UYA,Tuya Inc ADR,Technology,Software - Infrastructure,China,912170000.0,15.01,1.68,-0.59%,242516.0,0,0,0,0,0,0,0,0,0,0,0,0,0,0,0,0,0,0,0,0,0,0,0,1,0,0,0,0,1,0,1
V,Grupo Televisa SAB ADR,Communication Services,Telecom Services,Mexico,1210000000.0,,2.29,0.00%,559965.0,0,1,0,0,0,0,0,0,0,0,0,0,0,0,0,0,0,0,0,0,0,0,0,0,0,0,0,0,1,0,1
VAL,T. Rowe Price Value ETF,Financial,Exchange Traded Fund,USA,,,42.42,0.40%,66828.0,0,0,0,0,0,0,0,0,0,0,0,0,0,0,0,0,0,0,0,0,0,0,-1,0,0,0,0,0,0,1,1
VGN,Tevogen Inc,Healthcare,Biotechnology,USA,42980000.0,,6.6,-5.44%,3477.0,0,0,0,0,0,0,0,0,0,0,0,0,-1,0,0,0,0,0,0,0,0,0,0,1,0,0,0,0,1,1,2
W,Tradeweb Markets Inc,Financial,Capital Markets,USA,25070000000.0,25.57,107.11,4.78%,1721832.0,0,0,0,0,0,0,0,0,1,0,0,0,0,0,0,0,0,0,0,0,0,0,0,0,0,0,0,0,1,0,1
WAV,TaoWeave Inc,Financial,Asset Management,USA,6750000.0,,1.74,10.83%,213450.0,0,0,0,0,0,0,0,0,0,0,1,0,0,0,0,0,0,0,0,0,0,0,0,0,0,0,0,0,1,0,1
WI,Titan International Inc,Industrials,Farm & Heavy Construction Machinery,USA,450500000.0,,6.98,-0.14%,347330.0,0,0,0,0,0,0,0,0,0,0,0,0,0,0,0,0,0,0,0,0,1,0,0,1,0,0,0,0,2,0,2
WOX,iShares Large Cap Accelerated Outcome ETF,Financial,Exchange Traded Fund,USA,,,30.52,0.41%,2319.0,0,0,0,-1,0,0,0,0,0,0,0,0,0,0,0,0,0,0,0,0,0,0,0,0,0,0,0,0,0,1,1
XN,Texas Instruments Inc,Technology,Semiconductors,USA,269320000000.0,44.86,294.9,0.37%,3780005.0,0,0,0,0,0,0,0,0,1,1,0,0,0,0,0,0,0,0,0,0,0,0,-1,0,0,0,0,0,2,1,3
XNU,Direxion Daily TXN Bull 2X ETF,Financial,Exchange Traded Fund,USA,,,48.38,0.74%,4810.0,0,0,0,0,0,1,0,0,0,0,0,0,0,0,0,0,0,0,0,0,0,0,0,0,0,0,0,0,1,0,1
XT,Textron Inc,Industrials,Aerospace & Defense,USA,13030000000.0,14.3,75.75,-1.95%,1645403.0,0,1,0,0,0,0,0,0,0,0,0,0,0,0,0,0,0,0,0,0,0,0,0,0,0,0,0,0,1,0,1
Y,Tri-Continental Corp,Financial,Closed-End Fund - Equity,USA,1830000000.0,,34.2,-0.29%,46300.0,0,0,0,-1,0,0,0,0,1,0,0,0,0,0,0,0,0,0,0,0,0,0,0,0,0,0,0,0,1,1,2
YD,Direxion Daily 7-10 Year Treasury Bull 3X Shares,Financial,Exchange Traded Fund,USA,,,19.79,-0.40%,53926.0,0,0,0,0,0,1,0,0,0,0,0,0,0,0,0,0,0,0,0,0,0,0,0,0,0,0,0,0,1,0,1
YO,Direxion Daily 7-10 Year Treasury Bear -3X Shares,Financial,Exchange Traded Fund,USA,,,15.78,0.55%,12494.0,0,0,0,0,0,0,0,0,0,0,0,0,0,0,0,0,0,1,0,0,0,0,0,0,0,0,0,0,1,0,1
,Unity Software Inc,Technology,Software - Application,USA,20100000000.0,,45.68,4.75%,8743047.0,0,0,0,0,0,0,0,0,0,0,0,0,-1,0,0,0,0,0,0,0,0,0,0,0,0,0,0,0,0,1,1
AE,iShares MSCI UAE ETF,Financial,Exchange Traded Fund,USA,,,19.75,1.02%,301364.0,0,0,0,0,0,0,0,0,0,0,1,1,0,0,0,0,0,0,0,0,0,0,0,0,0,0,0,0,2,0,2
BEW,Roundhill UBER WeeklyPay ETF,Financial,Exchange Traded Fund,USA,,,23.41,1.65%,4874.0,0,1,0,0,0,0,0,0,0,0,0,0,0,0,0,0,0,0,0,-1,0,0,0,0,0,0,0,0,1,1,2
BND,VictoryShares Core Plus Bond ETF,Financial,Exchange Traded Fund,USA,,,20.62,-0.15%,187935.0,0,0,0,0,0,0,0,0,1,0,0,0,0,0,0,0,0,0,0,0,0,0,0,0,0,0,0,0,1,0,1
BRL,GraniteShares 2x Long UBER Daily ETF,Financial,Exchange Traded Fund,USA,,,13.18,4.03%,367209.0,0,0,0,0,0,1,0,0,0,0,0,0,0,0,0,0,0,0,0,0,0,0,0,0,0,0,0,0,1,0,1
BT,ProShares Ultra 20+ Year Treasury 2x Shares,Financial,Exchange Traded Fund,USA,,,13.11,-0.61%,167599.0,0,0,0,0,0,0,0,0,1,1,0,0,0,0,0,0,0,0,0,0,0,0,0,0,0,0,0,0,2,0,2
CC,ProShares Ultra Consumer Discretionary,Financial,Exchange Traded Fund,USA,,,41.38,0.54%,2463.0,0,0,0,0,0,0,0,0,0,0,1,0,0,0,0,0,0,0,0,0,0,0,0,0,0,0,0,0,1,0,1
CIB,ETRACS Bloomberg Commodity Index ETN,Financial,Exchange Traded Fund,USA,,,37.86,0.77%,299.0,0,0,0,0,0,1,0,0,0,0,0,0,0,0,0,1,0,0,0,0,0,0,0,0,0,0,0,0,2,0,2
COP,ProShares Ultra Copper K-1 Free ETF,Financial,Exchange Traded Fund,USA,,,41.54,1.61%,1580.0,0,0,0,-1,0,0,0,0,0,0,0,0,0,0,0,0,0,0,0,0,0,0,0,0,0,0,0,0,0,1,1
CRD,VictoryShares Corporate Bond ETF,Financial,Exchange Traded Fund,USA,,,20.49,0.05%,1348.0,0,0,0,0,0,0,0,0,1,0,0,0,0,0,0,0,0,0,0,0,0,0,0,0,0,0,0,0,1,0,1
EC,Uranium Energy Corp,Energy,Uranium,USA,4630000000.0,,9.35,0.54%,10606593.0,0,0,0,0,0,0,0,0,1,0,0,0,0,0,0,0,0,0,0,0,0,0,0,0,0,0,0,0,1,0,1
EVM,VictoryShares USAA MSCI Emerging Markets Value Momentum ETF,Financial,Exchange Traded Fund,USA,,,58.85,1.24%,3942.0,0,1,0,-1,0,0,0,0,0,0,0,0,0,0,0,1,0,0,0,0,0,0,0,0,0,0,0,0,2,1,3
FG,Uni Fuels Holdings Ltd,Industrials,Marine Shipping,Singapore,13140000.0,,0.4,-7.96%,92319.0,0,0,0,0,0,0,0,0,1,0,0,0,0,0,0,0,0,0,0,0,0,0,0,0,0,0,0,0,1,0,1
FOD,Tuttle Capital UFO Disclosure ETF,Financial,Exchange Traded Fund,USA,,,24.33,-0.03%,297.0,0,0,0,0,0,0,0,0,1,0,1,0,0,0,0,0,0,0,0,0,0,0,0,0,0,0,0,0,2,0,2
FPI,UFP Industries Inc,Basic Materials,Lumber & Wood Production,USA,4300000000.0,18.0,78.04,1.15%,455920.0,0,0,0,0,0,0,0,0,0,0,0,0,-1,0,0,0,0,0,0,0,0,0,0,0,0,0,0,0,0,1,1
GE,ProShares Ultra Consumer Staples,Financial,Exchange Traded Fund,USA,,,17.45,0.87%,20194.0,0,0,0,0,0,0,0,0,0,0,0,0,-1,0,0,0,0,0,0,0,0,0,0,0,0,0,0,0,0,1,1
JB,ProShares Ultra High Yield 2x Shares,Financial,Exchange Traded Fund,USA,,,73.85,0.16%,25.0,0,0,0,0,0,0,0,0,0,0,1,0,0,0,0,0,0,0,0,0,0,0,0,0,0,0,0,0,1,0,1
JUL,Innovator U.S. Equity Ultra Buffer ETF - July,Financial,Exchange Traded Fund,USA,,,41.7,0.35%,11945.0,0,0,0,0,0,0,0,0,0,0,1,0,0,0,0,0,0,0,0,0,0,0,0,0,0,0,0,0,1,0,1
JUN,Innovator U.S. Equity Ultra Buffer ETF - June,Financial,Exchange Traded Fund,USA,,,39.46,0.39%,25515.0,0,0,0,0,0,1,0,0,0,0,0,0,0,0,0,1,0,0,0,0,0,0,0,0,0,0,0,0,2,0,2
L,Unilever plc ADR,Consumer Defensive,Household & Personal Products,United Kingdom,129220000000.0,20.04,59.98,0.47%,2655779.0,0,0,0,0,0,0,0,0,0,0,0,0,0,0,0,1,0,0,0,0,0,0,0,0,0,0,0,0,1,0,1
LCC,Frontier Group Holdings Inc,Industrials,Airlines,USA,1410000000.0,,6.11,-1.29%,1868816.0,0,0,0,0,0,0,0,0,0,0,0,0,0,0,0,0,0,0,0,0,1,0,-1,0,0,0,0,0,1,1,2
LST,State Street Ultra Short Term Bond ETF,Financial,Exchange Traded Fund,USA,,,40.14,0.00%,36730.0,0,0,0,0,0,1,0,0,1,1,0,0,0,0,0,0,0,0,0,0,0,0,0,0,0,0,0,0,3,0,3
LTA,Ulta Beauty Inc,Consumer Cyclical,Specialty Retail,USA,23210000000.0,19.77,542.72,-0.18%,305940.0,0,0,0,0,0,0,0,0,0,0,1,1,0,0,0,0,0,0,0,0,0,0,0,0,0,0,0,0,2,0,2
LTY,YieldMax Ultra Option Income Strategy ETF,Financial,Exchange Traded Fund,USA,,,25.92,0.86%,421148.0,0,0,0,0,0,0,0,0,1,1,0,0,0,0,0,0,0,0,0,0,0,0,0,0,0,0,0,0,2,0,2
MAC,Unusual Machines Inc,Technology,Computer Hardware,USA,1090000000.0,,21.83,-2.41%,2176144.0,0,0,0,0,0,0,0,0,0,0,1,0,0,0,0,0,0,0,0,0,0,0,-1,0,0,0,0,0,1,1,2
MAY,Innovator U.S. Equity Ultra Buffer ETF - May,Financial,Exchange Traded Fund,USA,,,39.03,0.29%,1630.0,0,0,0,0,0,0,0,0,0,0,0,0,0,0,0,0,0,1,0,0,0,0,0,0,0,0,0,0,1,0,1
NFI,United Natural Foods Inc,Consumer Defensive,Food Distribution,USA,2690000000.0,33.34,44.53,-2.33%,850070.0,0,0,0,0,0,0,0,0,0,0,0,0,0,0,0,1,0,0,0,0,0,0,0,0,0,0,0,0,1,0,1
NG,United States Natural Gas Fund,Financial,Exchange Traded Fund,USA,,,10.55,0.76%,28519211.0,0,0,0,0,0,0,0,0,0,0,0,0,-1,0,0,0,0,0,0,0,0,0,0,0,0,0,0,0,0,1,1
NIT,Uniti Group Inc,Real Estate,REIT - Specialty,USA,1930000000.0,2.98,7.95,-1.12%,3839291.0,0,0,0,0,0,0,0,0,1,0,0,0,0,0,0,0,0,0,0,0,0,0,0,0,0,0,0,0,1,0,1
NX,Tradr 2X Long U Daily ETF,Financial,Exchange Traded Fund,USA,,,27.27,10.50%,7532.0,0,0,0,0,0,0,0,0,1,0,0,0,0,0,0,0,0,0,0,0,0,0,0,0,0,0,0,0,1,0,1
PAL,ProShares Ultra Palladium K-1 Free ETF,Financial,Exchange Traded Fund,USA,,,18.85,0.45%,134.0,0,0,0,0,0,0,0,0,0,0,0,0,-1,0,0,0,0,0,0,0,0,0,0,0,0,0,0,0,0,1,1
PAR,UPAR Ultra Risk Parity ETF,Financial,Exchange Traded Fund,USA,,,14.96,0.22%,1282.0,0,0,0,0,0,0,0,0,0,0,0,0,-1,-1,0,0,0,0,0,0,0,0,0,0,0,0,0,0,0,2,2
PC,Universe Pharmaceuticals INC,Healthcare,Drug Manufacturers - Specialty & Generic,China,21810000.0,,4.34,-3.56%,7940.0,0,0,0,0,0,1,0,0,0,0,0,0,0,0,0,0,0,0,0,0,0,0,0,0,0,0,0,0,1,0,1
PGD,Invesco Bloomberg Analyst Rating Improvers ETF,Financial,Exchange Traded Fund,USA,,,81.08,0.54%,1206.0,0,0,0,-1,0,0,0,0,0,0,0,0,0,0,0,0,0,0,0,0,0,0,0,0,0,0,0,0,0,1,1
PLT,ProShares Ultra Platinum K-1 Free ETF,Financial,Exchange Traded Fund,USA,,,22.87,1.64%,7512.0,0,0,0,0,0,0,0,0,0,0,1,0,0,0,0,0,0,0,0,0,0,0,0,0,0,0,0,0,1,0,1
PSD,Aptus Large Cap Upside ETF,Financial,Exchange Traded Fund,USA,,,30.46,0.85%,3658.0,0,0,0,-1,0,0,0,0,0,0,0,0,0,0,0,0,0,0,0,0,0,0,0,0,-1,0,0,0,0,2,2
PST,Upstart Holdings Inc,Financial,Credit Services,USA,2370000000.0,44.34,24.35,6.75%,6209651.0,0,1,0,0,0,0,0,0,0,0,0,0,0,0,0,0,0,0,0,0,0,0,0,0,0,0,0,0,1,0,1
PSX,Tradr 2X Long UPST Daily ETF,Financial,Exchange Traded Fund,USA,,,9.67,13.10%,138163.0,0,0,0,0,0,0,0,0,0,0,0,0,-1,0,0,0,0,0,0,0,0,0,0,0,0,0,0,0,0,1,1
PWK,Upwork Inc,Communication Services,Internet Content & Information,USA,1040000000.0,10.93,8.36,3.85%,3182913.0,0,0,0,0,0,0,0,0,0,0,0,0,-1,0,0,0,0,0,0,0,0,0,0,0,0,1,0,0,1,1,2
RA,Global X Uranium ETF,Financial,Exchange Traded Fund,USA,,,40.19,1.01%,2724464.0,0,0,0,0,0,0,0,0,1,0,0,0,0,0,0,0,0,0,0,0,0,0,0,0,0,0,0,0,1,0,1
RAA,Direxion Daily Uranium Industry Bull 2X ETF,Financial,Exchange Traded Fund,USA,,,19.46,0.99%,29718.0,0,0,0,0,0,1,0,0,0,0,0,0,0,0,0,0,0,0,0,0,0,0,0,0,0,0,0,0,1,0,1
RAN,Themes Uranium & Nuclear ETF,Financial,Exchange Traded Fund,USA,,,34.71,0.83%,7108.0,0,0,0,0,0,1,0,0,0,0,0,0,-1,0,0,0,0,0,0,0,0,0,0,0,0,0,0,0,1,1,2
RBN,Urban Outfitters Inc,Consumer Cyclical,Apparel Retail,USA,6990000000.0,12.73,81.6,0.99%,1260164.0,0,0,0,0,0,0,0,-1,0,0,0,0,0,0,0,0,0,0,0,0,0,0,0,0,0,0,0,0,0,1,1
RG,Ur-Energy Inc,Energy,Uranium,USA,421740000.0,,1.06,0.95%,5118668.0,0,0,0,0,0,0,0,0,1,0,0,0,0,0,0,0,0,0,0,0,0,0,0,0,0,0,0,0,1,0,1
SAC,USA Compression Partners LP,Energy,Oil & Gas Equipment & Services,USA,3680000000.0,23.74,25.39,-0.12%,34335.0,0,0,0,0,0,0,0,0,0,0,0,0,-1,0,0,0,0,0,0,0,0,0,0,0,0,0,0,0,0,1,1
SAF,Atlas America Fund,Financial,Exchange Traded Fund,USA,,,27.68,-0.04%,2208.0,0,0,0,0,0,0,0,0,0,0,0,0,0,0,0,0,0,0,0,0,1,0,0,0,0,0,0,0,1,0,1
SAI,Pacer American Energy Infrastructure ETF,Financial,Exchange Traded Fund,USA,,,44.79,1.21%,9471.0,0,1,0,-1,0,0,0,0,0,0,0,0,0,0,0,0,0,0,0,0,0,0,0,0,-1,0,0,0,1,2,3
SAR,USA Rare Earth Inc,Basic Materials,Other Industrial Metals & Mining,USA,5120000000.0,,13.65,0.44%,9785084.0,0,0,0,0,0,0,0,0,1,0,0,0,0,0,0,0,0,0,0,0,0,0,0,0,0,0,0,0,1,0,1
SAS,Americas Gold and Silver Corp,Basic Materials,Other Industrial Metals & Mining,Canada,1500000000.0,,4.43,0.23%,2205670.0,0,0,0,0,0,0,0,0,1,0,0,0,0,0,0,0,0,0,0,0,0,0,0,0,0,0,0,0,1,0,1
SBC,USBC Inc,Technology,Scientific & Technical Instruments,USA,209600000.0,,0.54,1.24%,245749.0,0,0,0,0,0,0,0,0,0,0,0,0,-1,0,0,0,0,0,0,0,0,0,0,0,0,1,0,0,1,1,2
SCL,iShares Climate Conscious & Transition MSCI USA ETF,Financial,Exchange Traded Fund,USA,,,87.62,0.72%,27.0,0,0,0,0,0,0,0,0,0,0,0,0,0,0,0,0,0,0,0,0,0,0,0,0,-1,0,0,0,0,1,1
SD,ProShares Ultra Semiconductors 2X Shares,Financial,Exchange Traded Fund,USA,,,102.97,1.97%,461010.0,0,0,0,0,0,0,0,0,0,0,0,0,0,0,0,1,0,0,0,0,0,0,0,0,0,0,0,0,1,0,1
SDU,WisdomTree Bloomberg U.S. Dollar Bullish Fund,Financial,Exchange Traded Fund,USA,,,27.08,0.07%,152470.0,0,0,0,-1,0,0,0,0,0,0,0,0,0,0,0,0,0,1,0,0,0,0,0,0,0,0,0,0,1,1,2
SEP,Innovator U.S. Equity Ultra Buffer ETF - September,Financial,Exchange Traded Fund,USA,,,42.33,0.31%,17688.0,0,0,0,0,0,0,0,-1,0,0,0,0,0,0,0,0,0,0,0,0,0,0,0,0,0,0,0,0,0,1,1
SFR,WisdomTree Floating Rate Treasury Fund,Financial,Exchange Traded Fund,USA,,,50.41,0.02%,6213643.0,0,1,0,-1,0,1,0,0,0,0,0,0,0,0,0,0,0,1,0,0,0,0,0,0,0,0,0,0,3,1,4
SG,USCF Gold Strategy Plus Income Fund,Financial,Exchange Traded Fund,USA,,,31.56,-0.30%,5148.0,0,0,0,0,0,0,0,0,1,0,0,0,0,0,0,0,0,0,0,0,0,0,0,0,0,0,0,0,1,0,1
SGO,U.S. GoldMining Inc,Basic Materials,Other Industrial Metals & Mining,Canada,92350000.0,,6.58,0.92%,85313.0,0,0,0,0,0,0,0,0,1,0,0,0,0,0,0,0,0,0,0,0,0,0,0,0,0,0,0,0,1,0,1
SHY,iShares Broad USD High Yield Corporate Bond ETF,Financial,Exchange Traded Fund,USA,,,35.54,0.06%,15812494.0,0,0,0,0,0,0,0,0,1,0,0,0,0,0,0,0,0,0,0,0,0,0,0,0,0,0,0,0,1,0,1
SLM,United States Lime & Minerals Inc,Basic Materials,Building Materials,USA,3180000000.0,23.7,110.78,-0.21%,107332.0,0,0,0,0,0,0,0,0,1,0,0,0,0,0,0,0,0,0,0,0,0,0,0,0,0,0,0,0,1,0,1
SLN,iShares Broad USD Floating Rate Loan ETF,Financial,Exchange Traded Fund,USA,,,50.41,0.10%,40747.0,0,1,0,0,0,1,0,0,0,0,0,0,0,0,0,0,0,0,0,0,0,0,0,0,0,0,0,0,2,0,2
SMF,WisdomTree U.S. Multifactor Fund,Financial,Exchange Traded Fund,USA,,,53.1,0.45%,8137.0,0,1,0,0,0,0,0,0,0,0,0,0,-1,0,0,0,0,0,0,0,0,0,0,0,0,0,0,0,1,1,2
SOY,Defiance Oil Enhanced Options Income ETF,Financial,Exchange Traded Fund,USA,,,7.25,-1.89%,699004.0,0,0,0,0,0,0,0,0,0,0,1,0,0,0,0,0,0,0,0,0,0,0,0,0,0,0,0,0,1,0,1
SSE,Segall Bryant & Hamill Select Equity ETF,Financial,Exchange Traded Fund,USA,,,41.99,0.82%,19585.0,0,0,0,0,0,0,0,-1,0,0,0,0,0,0,0,0,0,0,0,0,0,0,0,0,0,0,0,0,0,1,1
ST,ProShares Ultra 7-10 Year Treasury 2x Shares,Financial,Exchange Traded Fund,USA,,,37.68,-0.35%,7176.0,0,0,0,0,0,1,0,0,0,0,0,0,0,0,0,0,0,0,0,0,0,0,0,0,0,0,0,0,1,0,1
SVN,F/m US Treasury 7 Year Note ETF,Financial,Exchange Traded Fund,USA,,,45.28,-0.08%,43.0,0,0,0,0,0,1,0,0,0,0,0,0,0,0,0,0,0,0,0,0,0,0,0,0,0,0,0,0,1,0,1
SX,Corgi Total U.S. Market 2x Daily ETF,Financial,Exchange Traded Fund,USA,,,25.14,1.22%,116.0,0,0,0,0,0,0,0,0,0,0,1,0,0,0,0,0,0,0,0,0,0,0,0,0,0,0,0,0,1,0,1
SXF,iShares ESG Advanced MSCI USA ETF,Financial,Exchange Traded Fund,USA,,,69.54,0.68%,40854.0,0,0,0,0,0,0,0,0,0,0,0,0,0,0,0,0,0,1,0,0,0,0,0,0,0,0,0,0,1,0,1
TEN,F/m US Treasury 10 Year Note ETF,Financial,Exchange Traded Fund,USA,,,40.41,-0.26%,981359.0,0,0,0,0,0,1,0,0,0,0,0,0,0,0,0,0,0,0,0,0,0,0,0,0,0,0,0,0,1,0,1
TES,Virtus Reaves Utilities ETF,Financial,Exchange Traded Fund,USA,,,72.03,1.21%,145476.0,0,1,0,0,0,0,0,0,0,0,0,0,0,0,0,0,0,0,0,0,0,0,0,0,0,0,0,0,1,0,1
THR,United Therapeutics Corp,Healthcare,Drug Manufacturers - Specialty & Generic,USA,23010000000.0,19.19,536.4,-0.98%,833723.0,0,0,0,0,0,0,0,0,0,0,0,0,-1,0,0,0,0,0,0,0,0,0,0,0,0,0,0,0,0,1,1
THY,F/m US Treasury 30 Year Bond ETF,Financial,Exchange Traded Fund,USA,,,36.44,-0.48%,125429.0,0,0,0,0,0,0,0,0,1,0,0,0,0,0,0,0,0,0,0,0,0,0,0,0,0,0,0,0,1,0,1
TI,Universal Technical Institute Inc,Consumer Defensive,Education & Training Services,USA,1060000000.0,31.16,19.17,-1.08%,1589785.0,0,1,0,0,0,0,0,0,0,0,0,0,0,0,0,0,0,0,0,0,0,0,0,0,0,0,0,0,1,0,1
TSL,Direxion Daily Utilities Bull 3X ETF,Financial,Exchange Traded Fund,USA,,,30.23,1.10%,427107.0,0,0,0,0,0,0,0,0,0,0,0,0,0,0,0,0,0,0,0,-1,0,0,0,0,0,0,0,0,0,1,1
TWY,F/m US Treasury 20 Year Bond ETF,Financial,Exchange Traded Fund,USA,,,38.83,-0.42%,710.0,0,0,0,0,0,0,0,0,1,0,0,0,0,0,0,0,0,0,0,0,0,0,0,0,0,0,0,0,1,0,1
UPP,Principal CLO ETF,Financial,Exchange Traded Fund,USA,,,25.07,-0.02%,11.0,0,1,0,0,0,0,0,0,0,0,0,0,0,0,0,0,0,0,0,0,0,0,0,0,0,0,0,0,1,0,1
VE,Universal Insurance Holdings Inc,Financial,Insurance - Property & Casualty,USA,1220000000.0,5.75,43.66,-0.66%,115374.0,0,0,0,0,0,1,0,0,0,0,0,0,0,0,0,0,0,0,0,0,0,0,-1,0,0,0,0,0,1,1,2
XJA,FT Vest U.S. Equity Uncapped Accelerator ETF - January,Financial,Exchange Traded Fund,USA,,,39.39,0.73%,839.0,0,0,0,0,0,0,0,0,0,0,1,0,0,0,0,0,0,0,0,0,0,0,-1,0,0,0,0,0,1,1,2
YLD,Angel Oak UltraShort Income ETF,Financial,Exchange Traded Fund,USA,,,50.74,-0.02%,151200.0,0,1,0,-1,0,0,0,0,0,0,0,0,0,0,0,0,0,0,0,-1,0,0,0,0,0,0,0,0,1,2,3
ABK,Virginia National Bankshares Corp,Financial,Banks - Regional,USA,257430000.0,10.41,47.45,0.83%,8487.0,0,0,0,0,0,0,0,0,0,0,1,0,0,0,0,0,0,0,0,0,0,0,-1,0,0,0,0,0,1,1,2
AIE,VegaShares US Equity Autocallable Income ETF,Financial,Exchange Traded Fund,USA,,,24.62,0.90%,21844.0,0,0,0,0,0,0,0,0,0,0,0,0,-1,0,0,0,0,0,0,0,0,0,0,1,0,0,0,0,1,1,2
ALE,Vale SA ADR,Basic Materials,Other Industrial Metals & Mining,Brazil,57620000000.0,29.84,14.15,2.83%,98935735.0,0,0,0,0,0,0,0,0,0,0,0,0,-1,0,0,0,0,0,0,0,0,0,0,0,0,0,0,0,0,1,1
ALG,Leverage Shares 2X Long VALE Daily ETF,Financial,Exchange Traded Fund,USA,,,15.84,5.97%,283.0,0,0,0,0,0,0,0,0,1,0,0,0,0,0,0,0,0,0,0,0,0,0,0,0,0,0,0,0,1,0,1
ALU,Value Line Inc,Financial,Financial Data & Stock Exchanges,USA,380910000.0,19.24,40.6,0.25%,2063.0,0,0,0,0,0,0,0,0,0,0,1,0,0,0,0,0,0,0,0,0,0,0,0,0,-1,0,0,0,1,1,2
BCA,Vanguard Target Maturity 2027 Corporate Bond ETF,Financial,Exchange Traded Fund,USA,,,75.26,-0.01%,10005.0,0,1,0,-1,0,0,0,0,0,0,0,0,0,0,0,0,0,0,0,0,0,0,0,0,-1,0,0,0,1,2,3
BCJ,Vanguard Target Maturity 2036 Corporate Bond ETF,Financial,Exchange Traded Fund,USA,,,70.65,-0.02%,7320.0,0,0,0,0,0,0,0,0,1,0,0,0,0,0,0,0,0,0,0,0,0,0,0,0,0,0,0,0,1,0,1
BIL,Vanguard 0-3 Month Treasury Bill ETF,Financial,Exchange Traded Fund,USA,,,75.55,0.01%,4251898.0,0,0,0,-1,0,1,0,0,0,0,0,0,0,0,0,0,0,1,0,0,0,0,0,0,0,0,0,0,2,1,3
BK,Vanguard Morningstar Small-Cap Growth ETF,Financial,Exchange Traded Fund,USA,,,347.6,1.13%,183893.0,0,0,0,0,0,0,0,0,0,0,0,0,0,0,0,0,0,0,0,0,0,0,-1,0,0,0,0,0,0,1,1
BNK,VersaBank,Financial,Banks - Regional,Canada,724910000.0,29.37,22.36,-0.18%,131802.0,0,0,0,0,0,0,0,0,0,0,1,0,0,0,0,0,0,0,0,0,0,0,-1,0,0,0,0,0,1,1,2
CEB,Vanguard ESG U.S. Corporate Bond ETF,Financial,Exchange Traded Fund,USA,,,59.36,0.02%,276133.0,0,0,0,0,0,0,0,0,1,0,0,0,0,0,0,0,0,0,0,0,0,0,0,0,0,0,0,0,1,0,1
COB,Voya Core Bond ETF,Financial,Exchange Traded Fund,USA,,,47.33,-0.04%,12.0,0,1,0,0,0,1,0,0,0,0,0,0,0,0,0,0,0,0,0,0,0,0,0,0,0,0,0,0,2,0,2
CR,Vanguard Consumer Discretionary ETF,Financial,Exchange Traded Fund,USA,,,371.24,0.53%,68346.0,0,0,0,0,0,0,0,0,0,0,0,0,0,0,0,1,0,0,0,0,0,0,0,0,0,0,0,0,1,0,1
DV,Vanguard Developed Markets ex-US Value Index ETF,Financial,Exchange Traded Fund,USA,,,76.49,0.07%,3402.0,0,0,0,0,0,0,0,0,0,0,1,1,0,0,0,0,0,0,0,0,0,0,0,0,0,0,0,0,2,0,2
EA,Vanguard FTSE Developed Markets ETF,Financial,Exchange Traded Fund,USA,,,71.13,0.00%,9528119.0,0,0,0,0,0,0,0,-1,0,0,0,0,0,0,0,0,0,0,0,0,0,0,0,0,0,0,0,0,0,1,1
EEA,Veea Inc,Technology,Information Technology Services,USA,17800000.0,,5.72,71.77%,66903106.0,0,1,0,0,0,0,0,0,0,0,0,0,0,0,0,0,0,0,0,0,0,0,0,0,0,0,0,0,1,0,1
EGA,AdvisorShares STAR Global Buy-Write ETF,Financial,Exchange Traded Fund,USA,,,52.86,0.38%,9166.0,0,0,0,-1,0,0,0,0,0,0,0,0,0,0,0,0,0,0,0,0,0,0,0,0,0,0,0,0,0,1,1
ELO,Velo3D Inc,Technology,Computer Hardware,USA,307670000.0,,9.57,-14.55%,7554556.0,0,0,0,0,0,0,0,0,0,0,0,0,0,0,0,0,0,0,0,0,0,0,0,0,0,0,-1,0,0,1,1
EM,Virtus Emerging Markets Dividend ETF,Financial,Exchange Traded Fund,USA,,,28.68,1.51%,75.0,0,0,0,0,0,0,0,0,0,0,1,0,0,0,0,0,0,0,0,0,0,0,0,0,-1,0,0,0,1,1,2
ERA,Vera Therapeutics Inc,Healthcare,Biotechnology,USA,2150000000.0,,29.83,-1.94%,2715140.0,0,0,0,0,0,0,0,0,1,0,0,0,0,0,0,0,0,0,0,0,0,0,0,0,0,0,0,0,1,0,1
ERX,Vertex Inc,Technology,Software - Application,USA,1990000000.0,571.16,12.28,2.25%,1598193.0,0,0,0,-1,0,1,0,0,0,0,0,0,-1,-1,0,0,0,0,0,0,0,0,0,0,0,1,0,0,2,3,5
EU,Vanguard FTSE All-World ex-US ETF,Financial,Exchange Traded Fund,USA,,,83.88,0.52%,2352255.0,0,0,0,0,0,0,0,-1,0,0,0,0,0,0,0,0,0,0,0,0,0,0,0,0,0,0,0,0,0,1,1
EXC,Vanguard Emerging Markets Ex-China ETF,Financial,Exchange Traded Fund,USA,,,98.16,1.93%,18667.0,0,0,0,0,0,0,0,0,0,0,1,0,0,0,0,0,0,0,0,0,1,0,-1,0,0,0,0,0,2,1,3
FMO,Vanguard U.S. Momentum Factor ETF,Financial,Exchange Traded Fund,USA,,,232.61,0.59%,60381.0,0,0,0,0,0,0,0,0,1,0,0,0,0,0,0,1,0,0,0,0,0,0,0,0,0,0,0,0,2,0,2
FS,VinFast Auto Ltd,Consumer Cyclical,Auto Manufacturers,Vietnam,7210000000.0,,3.08,1.32%,425860.0,0,0,0,0,0,0,0,0,0,0,0,0,-1,0,0,0,0,0,0,0,0,0,0,0,0,0,0,0,0,1,1
GAS,Verde Clean Fuels Inc,Utilities,Utilities - Renewable,USA,48070000.0,,1.09,0.00%,30903.0,0,0,0,0,0,0,0,0,0,0,0,0,-1,0,0,0,0,0,0,0,0,0,0,0,0,0,0,0,0,1,1
GHY,Vanguard High-Yield Active ETF,Financial,Exchange Traded Fund,USA,,,71.86,0.00%,98145.0,0,0,0,0,0,0,0,0,0,0,0,0,-1,0,0,0,0,0,0,0,0,0,0,0,0,0,0,0,0,1,1
GLT,Vanguard Long-Term Treasury ETF,Financial,Exchange Traded Fund,USA,,,49.68,-0.48%,5033714.0,0,0,0,0,0,0,0,0,1,1,0,0,0,0,0,0,0,0,0,0,0,0,0,0,0,0,0,0,2,0,2
GM,Invesco Trust for Investment Grade Municipals,Financial,Closed-End Fund - Debt,USA,470730000.0,,8.68,-2.47%,318248.0,0,1,0,0,0,0,0,0,0,0,0,0,0,0,0,0,0,0,0,0,0,0,0,0,0,0,0,0,1,0,1
GMS,Vanguard Multi-Sector Income Bond ETF,Financial,Exchange Traded Fund,USA,,,49.35,0.12%,133667.0,0,0,0,0,0,0,0,0,0,0,0,0,-1,0,0,0,0,0,0,0,0,0,0,0,0,0,0,0,0,1,1
GNT,Versigent Plc,Consumer Cyclical,Auto Parts,Switzerland,3350000000.0,,47.27,1.81%,834787.0,0,0,0,0,0,0,0,0,0,0,1,0,0,0,0,0,0,0,0,0,0,0,-1,0,0,0,0,0,1,1,2
GUS,Vanguard Ultra-Short Treasury ETF,Financial,Exchange Traded Fund,USA,,,75.46,0.01%,150335.0,0,1,0,-1,0,0,0,0,0,0,0,0,0,0,0,0,0,0,0,0,0,0,0,0,0,0,0,0,1,1,2
GVT,Vanguard Government Securities Active ETF,Financial,Exchange Traded Fund,USA,,,71.82,-0.10%,6163.0,0,0,0,0,0,1,0,0,0,0,0,0,0,0,0,0,0,0,0,-1,0,0,0,0,0,0,0,0,1,1,2
HC,Virnetx Holding Corp,Technology,Software - Infrastructure,USA,47730000.0,,11.32,8.02%,14221.0,0,0,0,0,0,1,0,0,0,0,0,0,0,0,0,0,0,0,0,-1,0,0,0,0,0,0,0,0,1,1,2
IAV,Viavi Solutions Inc,Technology,Communication Equipment,USA,11580000000.0,,46.91,-0.40%,4803676.0,0,0,0,0,0,0,0,0,0,0,0,0,0,0,0,1,0,0,0,0,0,0,0,0,0,0,0,0,1,0,1
ICI,VICI Properties Inc,Real Estate,REIT - Diversified,USA,24810000000.0,8.74,22.53,-0.53%,8932061.0,0,0,0,0,0,0,0,0,1,1,0,0,0,0,0,0,0,0,0,0,0,0,0,0,0,0,0,0,2,0,2
IDI,Vident International Equity Strategy ETF,Financial,Exchange Traded Fund,USA,,,39.95,0.64%,12831.0,0,0,0,0,0,0,0,0,0,0,1,0,0,0,0,0,0,0,0,0,0,0,-1,0,0,0,0,0,1,1,2
INP,Vinci Compass Investments Ltd,Financial,Asset Management,Brazil,702340000.0,15.7,10.72,13.44%,193962.0,0,1,0,-1,0,0,0,0,1,0,0,0,0,0,0,0,0,0,0,0,0,0,0,0,0,0,0,0,2,1,3
IP,Vulcan Infrastructure and Power Inc,Financial,Capital Markets,USA,54110000.0,19.46,1.52,0.00%,165163.0,0,0,0,0,0,0,0,0,0,0,0,0,-1,0,0,0,0,0,0,0,0,0,0,0,0,0,0,0,0,1,1
IRT,Virtu Financial Inc,Financial,Capital Markets,USA,9760000000.0,10.44,62.88,6.96%,2150222.0,0,0,0,0,0,0,0,0,0,0,0,0,0,0,0,0,0,0,0,0,0,0,-1,0,0,0,0,0,0,1,1
IST,Vista Energy SAB de CV ADR,Energy,Oil & Gas E&P,Mexico,7390000000.0,8.89,66.54,3.56%,1053868.0,0,0,0,0,0,0,0,0,0,0,1,0,0,0,0,0,0,0,0,0,0,0,-1,0,0,0,0,0,1,1,2
ITL,Vital Farms Inc,Consumer Defensive,Farm Products,USA,397120000.0,,9.25,2.10%,1777482.0,0,0,0,0,0,0,0,0,0,0,0,0,0,0,0,1,0,0,0,0,0,0,0,0,0,0,0,0,1,0,1
IVO,VivoPower Plc,Technology,Software - Infrastructure,United Kingdom,107500000.0,,3.36,0.00%,224742.0,0,0,0,0,0,0,0,0,0,0,0,0,0,0,0,1,0,0,0,0,0,0,0,0,0,0,0,0,1,0,1
IVS,VivoSim Labs Inc,Healthcare,Biotechnology,USA,3430000.0,,0.21,5.09%,444365.0,0,0,0,0,0,0,0,0,1,0,0,0,0,0,0,0,0,0,0,0,0,0,0,0,0,0,0,0,1,0,1
JET,Catheter Precision Inc,Healthcare,Medical Devices,USA,3070000.0,,1.62,7.28%,12569635.0,0,0,0,0,0,0,0,0,1,0,0,0,0,0,0,0,0,0,0,0,0,0,0,0,0,0,0,0,1,0,1
KTX,Viking Therapeutics Inc,Healthcare,Biotechnology,USA,3720000000.0,,29.28,-2.20%,6277356.0,0,0,0,0,0,1,0,0,0,0,1,0,0,0,0,0,0,0,0,0,0,0,-1,0,0,0,0,0,2,1,3
LO,Valero Energy Corp,Energy,Oil & Gas Refining & Marketing,USA,120740000000.0,17.39,419.33,3.21%,2556159.0,0,0,0,0,0,0,0,0,0,0,0,0,0,0,0,0,0,1,0,0,0,0,0,0,0,0,0,0,1,0,1
LRS,Controladora Vuela Cia De Aviacion ADR,Industrials,Airlines,Mexico,741430000.0,,6.45,-0.62%,216840.0,0,0,0,0,0,0,0,0,0,0,0,0,-1,0,0,0,0,0,0,0,0,0,0,1,0,0,0,0,1,1,2
LU,State Street SPDR S&P 1500 Value Tilt ETF,Financial,Exchange Traded Fund,USA,,,241.92,0.42%,12390.0,0,0,0,0,0,0,0,0,0,0,0,0,0,0,0,0,0,0,0,0,0,0,-1,0,0,0,0,0,0,1,1
LUE,iShares MSCI USA Value Factor ETF,Financial,Exchange Traded Fund,USA,,,199.76,-0.22%,666985.0,0,0,0,0,0,0,0,0,0,0,1,1,0,0,0,0,0,0,0,0,0,0,0,0,-1,0,0,0,2,1,3
MAX,Hartford US Value ETF,Financial,Exchange Traded Fund,USA,,,62.68,0.25%,30.0,0,0,0,0,0,0,0,0,0,0,0,0,0,0,0,0,0,0,0,0,0,0,-1,0,0,0,0,0,0,1,1
MBS,Vanguard Mortgage-Backed Securities ETF,Financial,Exchange Traded Fund,USA,,,44.16,-0.18%,2858906.0,0,0,0,0,0,0,0,0,0,0,0,0,-1,0,0,0,0,0,0,0,0,0,0,0,0,0,0,0,0,1,1
MET,Versamet Royalties Corp,Basic Materials,Other Precious Metals & Mining,Canada,928320000.0,9.23,8.53,0.24%,237450.0,0,0,0,0,0,0,0,0,1,0,0,0,0,0,0,0,0,0,0,0,0,0,0,0,0,0,0,0,1,0,1
MRK,Vivmark Residential,Real Estate,REIT - Residential,USA,46500000000.0,26.37,60.09,0.50%,6674680.0,0,0,0,0,0,0,0,0,0,0,0,0,-1,0,0,0,0,0,0,0,0,0,0,0,0,0,0,0,0,1,1
NET,VNET Group Inc ADR,Technology,Information Technology Services,China,1520000000.0,,5.45,6.14%,6062907.0,0,0,0,0,0,0,0,0,1,1,0,0,0,0,0,0,0,0,0,0,0,0,0,0,0,0,0,0,2,0,2
NLA,Janus Henderson Short Duration Income ETF,Financial,Exchange Traded Fund,USA,,,48.62,0.04%,369441.0,0,0,0,0,0,0,0,0,1,0,0,0,0,0,0,0,0,0,0,0,0,0,0,0,0,0,0,0,1,0,1
NM,VanEck Vietnam ETF,Financial,Exchange Traded Fund,USA,,,16.9,1.05%,374523.0,0,0,0,0,0,0,0,0,0,0,0,0,-1,0,0,0,0,0,0,0,0,0,0,0,0,0,0,0,0,1,1
NME,Vendome Acquisition Corp I,Financial,Shell Companies,USA,257000000.0,36.52,10.31,-0.29%,853165.0,0,0,0,0,0,0,0,0,0,0,0,0,0,0,0,0,0,1,0,0,0,0,0,0,0,0,0,0,1,0,1
NOM,Viper Energy Inc,Energy,Oil & Gas Midstream,USA,14680000000.0,320.05,40.87,0.57%,2199614.0,0,0,0,0,0,0,0,0,1,0,1,0,0,0,0,0,0,0,0,0,0,0,0,0,0,0,0,0,2,0,2
NTG,Vantage Corp,Industrials,Marine Shipping,Singapore,19940000.0,,0.64,0.86%,24289.0,0,1,0,0,0,0,0,0,0,0,0,0,0,0,0,0,0,0,0,0,0,0,0,1,0,0,0,0,2,0,2
OC,VOC Energy Trust,Energy,Oil & Gas E&P,USA,58140000.0,8.44,3.42,0.00%,63316.0,0,0,0,0,0,0,0,0,0,0,0,0,0,0,0,1,0,0,0,0,0,0,0,0,0,0,0,0,1,0,1
OD,Vodafone Group plc ADR,Communication Services,Telecom Services,United Kingdom,38900000000.0,,16.79,-0.18%,2409011.0,0,0,0,-1,0,0,0,0,0,0,0,0,0,0,0,0,0,0,0,0,0,0,0,0,0,0,0,0,0,1,1
OLT,Tema Electrification ETF,Financial,Exchange Traded Fund,USA,,,36.62,-0.30%,163066.0,0,0,0,0,0,0,0,0,0,0,0,0,0,0,0,1,0,0,0,0,0,0,-1,0,0,0,0,0,1,1,2
ONE,Vanguard Russell 1000 Index ETF,Financial,Exchange Traded Fund,USA,,,350.09,0.71%,138540.0,0,0,0,0,0,0,0,0,0,0,0,0,0,0,0,0,0,1,0,0,0,0,0,0,0,0,0,0,1,0,1
OOG,Vanguard S&P 500 Growth ETF,Financial,Exchange Traded Fund,USA,,,87.29,0.91%,1362188.0,0,0,0,0,0,0,0,-1,0,0,0,0,0,0,0,0,0,0,0,0,0,0,0,0,0,0,0,0,0,1,1
OT,Vanguard Morningstar Mid-Cap Growth ETF,Financial,Exchange Traded Fund,USA,,,300.05,0.83%,329530.0,0,0,0,0,0,0,0,0,0,0,0,0,-1,0,0,0,0,0,0,0,0,0,0,0,0,0,0,0,0,1,1
OX,Vanguard Communication Services ETF,Financial,Exchange Traded Fund,USA,,,192.67,1.31%,182875.0,0,0,0,0,0,0,0,0,0,0,0,0,0,0,0,1,0,0,0,0,0,0,0,0,0,0,0,0,1,0,1
OYG,Voyager Technologies Inc,Industrials,Aerospace & Defense,USA,1840000000.0,,30.2,-2.36%,1154333.0,0,0,0,0,0,0,0,0,0,0,0,0,-1,0,0,0,0,0,0,0,0,0,0,1,0,0,-1,0,1,2,3
PL,Vanguard FTSE Pacific ETF,Financial,Exchange Traded Fund,USA,,,118.4,0.25%,237218.0,0,0,0,0,0,0,0,0,0,0,1,0,0,0,0,0,0,0,0,0,0,0,-1,0,0,0,0,0,1,1,2
PLS,Vanguard Core Plus Bond ETF,Financial,Exchange Traded Fund,USA,,,73.62,-0.18%,348110.0,0,0,0,0,0,0,0,0,1,0,0,0,0,0,0,0,0,0,0,0,0,0,0,0,0,0,0,0,1,0,1
RA,Vera Bradley Inc,Consumer Cyclical,Footwear & Accessories,USA,144020000.0,,5.02,-1.76%,413021.0,0,0,0,0,0,0,0,0,0,0,0,0,0,0,0,0,0,0,0,0,1,0,0,0,0,0,0,0,1,0,1
RIG,Invesco Variable Rate Investment Grade ETF,Financial,Exchange Traded Fund,USA,,,25.04,0.00%,721942.0,0,0,0,0,0,0,0,0,0,0,0,0,0,0,0,1,0,0,0,0,0,0,0,0,0,0,0,0,1,0,1
RM,Vroom Inc,Financial,Credit Services,USA,47220000.0,,9.02,-0.11%,13136.0,0,0,0,0,0,0,0,0,1,0,0,0,0,0,0,0,0,0,0,0,0,0,0,0,0,0,0,0,1,0,1
RP,Invesco Variable Rate Preferred ETF,Financial,Exchange Traded Fund,USA,,,23.67,-0.17%,512306.0,0,0,0,0,0,0,0,0,1,0,0,0,0,0,0,0,0,0,0,0,0,0,0,0,0,0,0,0,1,0,1
RSK,Verisk Analytics Inc,Industrials,Consulting Services,USA,21250000000.0,25.09,163.28,-0.37%,1078056.0,0,0,0,0,0,0,0,0,0,0,1,0,0,0,0,0,0,0,0,0,0,0,0,0,0,0,0,0,1,0,1
RSN,Verisign Inc,Technology,Software - Infrastructure,USA,26390000000.0,31.72,292.26,1.37%,1136246.0,0,0,0,0,0,0,0,0,0,0,1,1,0,0,0,0,0,0,0,0,0,0,-1,0,0,0,0,0,2,1,3
RT,Vertiv Holdings Co,Industrials,Electrical Equipment & Parts,USA,97640000000.0,57.39,253.62,0.57%,4352252.0,0,0,0,0,0,0,0,0,0,0,0,0,-1,-1,0,0,0,0,0,0,0,0,0,0,0,0,0,0,0,2,2
RTL,GraniteShares 2x Long VRT Daily ETF,Financial,Exchange Traded Fund,USA,,,25.15,1.04%,245429.0,0,0,0,0,0,0,0,0,1,1,0,0,0,0,0,0,0,0,0,0,0,0,0,0,0,0,0,0,2,0,2
RTS,Virtus Investment Partners Inc,Financial,Asset Management,USA,890550000.0,7.66,134.47,0.49%,140739.0,0,0,0,0,0,0,0,0,0,0,0,0,-1,0,0,0,0,0,0,0,0,0,0,0,0,0,0,0,0,1,1
RTX,Vertex Pharmaceuticals Inc,Healthcare,Biotechnology,USA,127620000000.0,29.29,503.5,-0.24%,915135.0,0,0,0,0,0,0,0,-1,0,0,0,0,0,0,0,0,0,0,0,0,0,0,0,0,0,0,0,0,0,1,1
SDB,Vanguard Short Duration Bond ETF,Financial,Exchange Traded Fund,USA,,,74.44,-0.04%,93763.0,0,0,0,0,0,0,0,0,0,0,0,0,-1,-1,0,0,0,0,0,0,0,0,0,0,0,0,0,0,0,2,2
SGX,Vanguard ESG International Stock ETF,Financial,Exchange Traded Fund,USA,,,82.03,0.66%,264186.0,0,0,0,0,0,0,0,0,0,0,1,0,0,0,0,0,0,0,0,0,0,0,-1,0,0,0,0,0,1,1,2
SLU,Applied Finance Valuation Large Cap ETF,Financial,Exchange Traded Fund,USA,,,49.27,0.85%,15743.0,0,0,0,0,0,0,0,-1,0,0,0,0,0,0,0,0,0,0,0,0,0,0,0,0,0,0,0,0,0,1,1
SMV,VictoryShares US Multi-Factor Minimum Volatility ETF,Financial,Exchange Traded Fund,USA,,,59.98,-0.10%,5680.0,0,0,0,0,0,0,0,-1,0,0,0,0,0,0,0,0,0,0,0,0,0,0,0,0,0,0,0,0,0,1,1
SS,Vanguard FTSE All-World Ex-US Small Capital Index Fund ETF,Financial,Exchange Traded Fund,USA,,,155.96,0.20%,138604.0,0,0,0,0,0,0,0,0,0,0,1,0,0,0,0,0,0,0,0,0,0,0,0,0,-1,0,0,0,1,1,2
ST,Vistra Corp,Utilities,Utilities - Independent Power Producers,USA,48630000000.0,24.46,144.89,3.48%,10862081.0,0,0,0,0,0,0,0,0,1,1,0,0,0,0,0,0,0,0,0,0,0,0,0,0,0,0,0,0,2,0,2
STL,Defiance Daily Target 2X Long VST ETF,Financial,Exchange Traded Fund,USA,,,21.88,6.84%,1226894.0,0,1,0,0,0,0,0,0,1,1,0,0,0,0,0,0,0,0,0,0,0,0,0,0,0,0,0,0,3,0,3
T,Vanguard Total World Stock ETF,Financial,Exchange Traded Fund,USA,,,160.11,0.62%,2173000.0,0,0,0,-1,0,0,0,0,0,0,0,0,0,0,0,0,0,0,0,0,0,0,0,0,0,0,0,0,0,1,1
TGN,Vistagen Therapeutics Inc,Healthcare,Biotechnology,USA,11680000.0,,0.26,-6.33%,1921841.0,0,0,0,0,0,0,0,0,0,0,0,0,0,0,0,0,0,0,0,0,0,0,0,1,0,0,0,0,1,0,1
TMX,Corporacion Inmobiliaria Vesta Sab ADR,Real Estate,Real Estate - Diversified,Mexico,3140000000.0,7.09,32.59,0.37%,53304.0,0,0,0,0,0,0,0,0,0,0,0,0,0,0,0,1,0,0,0,0,0,0,0,0,0,0,0,0,1,0,1
TN,Invesco Trust For Investment Grade New York Municipals,Financial,Closed-End Fund - Debt,USA,138140000.0,,9.42,-2.18%,28250.0,0,1,0,0,0,0,0,0,0,0,0,0,0,0,0,0,0,0,0,0,0,0,0,0,0,0,0,0,1,0,1
TP,Vanguard Total Inflation-Protected Securities ETF,Financial,Exchange Traded Fund,USA,,,72.1,-0.19%,443477.0,0,1,0,0,0,0,0,0,0,0,0,0,0,0,0,0,0,0,0,0,0,0,0,0,0,0,0,0,1,0,1
TSI,VirTra Inc,Technology,Software - Application,USA,32150000.0,,2.84,1.79%,41606.0,0,0,0,0,0,0,0,0,1,0,0,0,0,0,0,0,0,0,0,0,0,0,0,0,0,0,0,0,1,0,1
TWG,Vanguard Russell 2000 Growth Index ETF,Financial,Exchange Traded Fund,USA,,,265.36,0.69%,22338.0,0,0,0,0,0,0,0,-1,0,0,0,0,0,0,0,0,0,0,0,0,0,0,0,0,0,0,0,0,0,1,1
USB,Vanguard Ultra-Short Bond ETF,Financial,Exchange Traded Fund,USA,,,49.42,0.01%,2090983.0,0,1,0,-1,0,1,0,0,0,0,0,0,-1,-1,0,0,0,0,0,0,0,0,0,0,0,0,0,0,2,3,5
USG,Vanguard Wellington U.S. Growth Active ETF,Financial,Exchange Traded Fund,USA,,,68.66,1.19%,43892.0,0,0,0,0,0,0,0,0,0,0,1,0,0,0,0,0,0,0,0,0,0,0,0,0,0,0,0,0,1,0,1
UZI,Vuzix Corp,Technology,Consumer Electronics,USA,251550000.0,,2.98,0.00%,950263.0,0,0,0,0,0,0,0,0,0,0,0,0,0,0,0,0,0,0,0,0,0,0,0,0,0,0,-1,0,0,1,1
VOS,Vivos Therapeutics Inc,Healthcare,Medical Devices,USA,5180000.0,,0.15,1.52%,585844.0,0,0,0,0,0,0,0,0,0,0,0,0,0,0,0,0,0,0,0,-1,0,0,0,0,0,0,0,0,0,1,1
VR,Invesco Senior Income Trust,Financial,Closed-End Fund - Debt,USA,441760000.0,,2.87,-0.69%,727260.0,0,0,0,0,0,0,0,0,1,0,0,0,0,0,0,0,0,0,0,0,0,0,0,0,0,0,0,0,1,0,1
VX,V2X Inc,Industrials,Aerospace & Defense,USA,2220000000.0,24.41,70.87,0.11%,402981.0,0,0,0,0,0,0,0,0,0,0,1,1,0,0,0,0,0,0,0,0,0,0,-1,0,0,0,0,0,2,1,3
WO,Vanguard FTSE Emerging Markets ETF,Financial,Exchange Traded Fund,USA,,,60.61,1.76%,6906131.0,0,1,0,0,0,0,0,-1,0,0,0,0,0,0,0,0,0,0,0,0,0,0,0,0,0,0,0,0,1,1,2
XUS,Vanguard Total International Stock ETF,Financial,Exchange Traded Fund,USA,,,85.85,0.49%,5635093.0,0,0,0,0,0,0,0,-1,0,0,0,0,0,0,0,0,0,0,0,0,0,0,0,0,0,0,0,0,0,1,1
XZ,iPath Series B S&P 500 VIX Mid-Term FuturesTM ETN,Financial,Exchange Traded Fund,USA,,,45.28,-0.48%,4949.0,0,0,0,0,0,0,0,0,1,0,0,0,0,0,0,0,0,0,0,0,0,0,0,0,0,0,0,0,1,0,1
Z,Verizon Communications Inc,Communication Services,Telecom Services,USA,190500000000.0,11.94,45.85,-0.15%,22516930.0,0,0,0,0,0,0,0,0,0,0,1,0,0,0,0,0,0,0,0,0,0,0,0,0,0,0,0,0,1,0,1
ZLA,Vizsla Silver Corp,Basic Materials,Other Industrial Metals & Mining,Canada,1250000000.0,,3.51,-2.77%,5390554.0,0,0,0,0,0,0,0,0,0,0,0,0,0,0,0,0,0,0,0,0,1,0,0,0,0,0,0,0,1,0,1
ABC,Westamerica Bancorporation,Financial,Banks - Regional,USA,1360000000.0,13.03,59.06,-0.91%,172799.0,0,0,0,0,0,0,0,0,0,0,0,0,-1,0,0,0,0,0,0,0,0,0,0,0,0,0,0,0,0,1,1
ABF,Western Asset Bond ETF,Financial,Exchange Traded Fund,USA,,,23.53,-0.11%,655.0,0,0,0,-1,0,0,0,0,0,0,0,0,0,0,0,0,0,0,0,0,0,0,0,0,0,0,0,0,0,1,1
AFU,Wah Fu Education Group Ltd,Consumer Defensive,Education & Training Services,China,6490000.0,,1.47,1.38%,18628.0,0,0,0,0,0,1,0,0,1,0,1,0,0,0,0,1,0,0,0,0,0,0,0,0,0,0,0,0,4,0,4
AMA,WisdomTree US Adaptive Moving Average Fund,Financial,Exchange Traded Fund,USA,,,27.18,0.65%,4741.0,0,1,0,0,0,0,0,-1,0,0,0,0,0,0,0,0,0,0,0,0,0,0,0,0,0,0,0,0,1,1,2
ANT,Direxion Daily Consumer Discretionary Bull 3X ETF,Financial,Exchange Traded Fund,USA,,,33.93,0.77%,8777.0,0,0,0,0,0,0,0,0,0,0,0,0,-1,-1,0,0,0,0,0,0,0,0,0,0,0,0,0,0,0,2,2
AR,U.S. Global Technology and Aerospace & Defense ETF,Financial,Exchange Traded Fund,USA,,,32.44,0.23%,4180.0,0,0,0,0,0,0,0,0,0,0,0,0,0,0,0,1,0,0,0,0,0,0,0,0,0,0,0,0,1,0,1
AVE,Eco Wave Power Global AB ADR,Utilities,Utilities - Renewable,Israel,36320000.0,,5.82,-0.32%,4839.0,0,0,0,0,0,0,0,0,1,0,0,0,0,0,0,0,0,0,0,0,0,0,-1,0,0,0,0,0,1,1,2
AY,Waystar Holding Corp,Healthcare,Health Information Services,USA,5080000000.0,37.7,26.48,6.73%,3533646.0,0,1,0,0,0,0,0,-1,0,0,0,0,0,0,0,0,0,0,0,0,0,0,0,0,0,0,0,0,1,1,2
BTN,Webtoon Entertainment Inc,Communication Services,Internet Content & Information,USA,1420000000.0,,10.46,-0.38%,650886.0,0,0,0,0,0,0,0,0,1,0,0,0,0,0,0,0,0,0,0,0,0,0,0,0,0,0,0,0,1,0,1
BUY,Webuy Global Ltd,Consumer Cyclical,Internet Retail,Singapore,4139999.9999999995,2.25,0.75,-3.66%,128709.0,0,0,0,0,0,0,0,0,0,0,1,0,0,0,0,0,0,0,0,0,0,0,0,0,0,0,0,0,1,0,1
CAP,WarCap Unconstrained Equity ETF,Financial,Exchange Traded Fund,USA,,,9.34,0.83%,136163.0,0,0,0,0,0,0,0,0,0,0,0,0,0,0,0,1,0,0,0,0,0,0,0,0,0,0,0,0,1,0,1
CBR,WisdomTree Cybersecurity Fund,Financial,Exchange Traded Fund,USA,,,47.21,1.22%,96825.0,0,0,0,0,0,0,0,-1,0,0,0,0,0,0,0,0,0,0,0,0,0,0,0,0,0,0,0,0,0,1,1
CC,Wesco International Inc,Industrials,Industrial Distribution,USA,18380000000.0,26.06,377.09,-1.22%,555903.0,0,0,0,0,0,1,0,0,0,0,1,1,0,0,0,0,0,0,0,0,1,0,0,0,0,0,0,0,4,0,4
CLD,WisdomTree Cloud Computing Fund,Financial,Exchange Traded Fund,USA,,,42.12,2.13%,295138.0,0,0,0,-1,0,0,0,0,0,0,0,0,0,0,0,0,0,0,0,0,0,0,0,0,0,0,0,0,0,1,1
CPB,Weitz Core Plus Bond ETF,Financial,Exchange Traded Fund,USA,,,24.15,-0.31%,43881.0,0,0,0,0,0,0,0,0,0,0,0,0,0,0,0,0,0,0,0,-1,0,0,0,0,0,0,0,0,0,1,1
D,Walker & Dunlop Inc,Financial,Mortgage Finance,USA,1130000000.0,29.48,33.06,-2.68%,691667.0,0,0,0,0,0,0,0,0,1,0,0,0,0,0,0,0,0,0,0,0,0,0,0,0,0,0,0,0,1,0,1
DAF,WisdomTree Asia Defense Fund,Financial,Exchange Traded Fund,USA,,,31.19,0.01%,644.0,0,0,0,0,0,0,0,0,1,0,0,0,0,0,0,0,0,0,0,0,0,0,0,0,0,0,0,0,1,0,1
DC,Western Digital Corp,Technology,Computer Hardware,USA,159230000000.0,18.27,441.64,6.34%,11300422.0,0,0,0,0,0,0,0,0,1,1,0,0,0,0,0,0,0,0,0,0,0,0,0,0,0,0,0,0,2,0,2
DCC,Corgi WDC 2x Daily ETF,Financial,Exchange Traded Fund,USA,,,12.12,13.27%,96540.0,0,0,0,0,0,0,0,0,1,1,0,0,0,0,0,0,0,0,0,0,0,0,0,0,0,0,0,0,2,0,2
DNA,WisdomTree BioRevolution Fund,Financial,Exchange Traded Fund,USA,,,24.31,2.64%,1085.0,0,0,0,0,0,0,0,0,0,0,0,0,0,0,0,0,0,1,0,0,0,0,0,0,0,0,0,0,1,0,1
DRN,"WisdomTree Physical AI, Humanoids and Drones Fund",Financial,Exchange Traded Fund,USA,,,26.82,0.61%,5521.0,0,0,0,0,0,0,0,0,0,0,1,0,0,0,0,0,0,0,0,0,0,0,0,0,0,0,0,0,1,0,1
DS,Woodside Energy Group Ltd ADR,Energy,Oil & Gas E&P,Australia,41290000000.0,13.53,21.77,-0.09%,501021.0,0,0,0,0,0,0,0,0,0,0,0,0,0,0,0,0,0,0,0,0,0,0,0,0,-1,0,0,0,0,1,1
DTE,Defiance S&P 500 Weekly Distribution ETF,Financial,Exchange Traded Fund,USA,,,28.9,0.52%,35770.0,0,0,0,0,0,0,0,0,1,1,0,0,0,0,0,0,0,0,0,0,0,0,0,0,0,0,0,0,2,0,2
EA,Western Asset Premier Bond Fund,Financial,Closed-End Fund - Debt,USA,116640000.0,,9.83,-0.20%,46457.0,0,0,0,-1,0,0,0,0,0,0,0,0,0,0,0,0,0,0,0,0,0,0,0,0,0,0,0,0,0,1,1
EAV,Weave Communications Inc,Healthcare,Health Information Services,USA,592120000.0,,7.36,-0.14%,786960.0,0,0,0,0,0,0,0,0,0,0,1,0,0,0,0,0,0,0,0,0,0,0,0,0,0,0,0,0,1,0,1
EBL,Direxion Daily Dow Jones Internet Bull 3X ETF,Financial,Exchange Traded Fund,USA,,,29.83,2.09%,34316.0,0,0,0,0,0,0,0,0,0,0,1,0,0,0,0,0,0,0,0,0,0,0,0,0,-1,0,0,0,1,1,2
EBS,Direxion Daily Dow Jones Internet Bear 3X ETF,Financial,Exchange Traded Fund,USA,,,13.55,-1.95%,16089.0,0,0,0,0,0,0,0,0,1,0,0,0,0,0,0,0,0,0,0,0,0,0,0,0,0,0,0,0,1,0,1
EC,WEC Energy Group Inc,Utilities,Utilities - Regulated Electric,USA,33009999999.999996,19.62,101.3,-0.29%,2765255.0,0,0,0,0,0,0,0,0,1,0,0,0,0,0,0,0,0,0,0,0,0,0,0,0,0,0,0,0,1,0,1
EED,Roundhill Cannabis ETF,Financial,Exchange Traded Fund,USA,,,20.3,-1.46%,7032.0,0,0,0,0,0,0,0,0,0,0,1,0,0,0,0,0,0,0,0,0,0,0,0,0,0,0,0,0,1,0,1
EEI,Westwood Salient Enhanced Energy Income ETF,Financial,Exchange Traded Fund,USA,,,24.81,0.76%,40364.0,0,0,0,-1,0,0,0,0,0,0,0,0,0,0,0,0,0,0,0,0,0,0,0,0,0,0,0,0,0,1,1
EEK,Roundhill Weekly T-Bill ETF,Financial,Exchange Traded Fund,USA,,,100.05,0.01%,31290.0,0,1,0,-1,0,0,0,0,0,0,0,0,0,0,0,0,0,0,0,0,0,0,0,0,0,0,0,0,1,1,2
EEL,Peerless Option Income Wheel ETF,Financial,Exchange Traded Fund,USA,,,19.92,0.12%,145500.0,0,0,0,0,0,0,0,0,0,0,1,0,0,0,0,0,0,0,0,0,0,0,0,0,-1,0,0,0,1,1,2
ELD,Tema U.S. Manufacturing & Reshoring ETF,Financial,Exchange Traded Fund,USA,,,55.4,0.41%,36540.0,0,0,0,0,0,0,0,0,1,0,0,0,0,0,0,0,0,0,0,0,0,0,0,0,0,0,0,0,1,0,1
ERN,Werner Enterprises Inc,Industrials,Trucking,USA,2049999999.9999998,,34.15,-3.39%,786137.0,0,0,0,0,0,0,0,0,1,0,0,0,0,0,0,0,0,0,0,0,0,0,0,0,0,0,0,0,1,0,1
ETH,Wetouch Technology Inc,Technology,Electronic Components,China,13290000.0,1.42,0.99,-0.70%,58717.0,0,0,0,0,0,0,0,0,1,1,0,0,0,0,0,0,0,0,0,0,0,0,0,0,0,0,0,0,2,0,2
FC,Wells Fargo & Co,Financial,Banks - Diversified,USA,246270000000.0,11.83,81.44,1.23%,12766331.0,0,0,0,0,0,0,0,-1,0,0,0,0,0,0,0,0,0,0,0,0,0,0,0,0,0,0,0,0,0,1,1
FG,West Fraser Timber Co Ltd,Basic Materials,Lumber & Wood Production,Canada,5160000000.0,,65.9,-0.90%,115268.0,0,0,0,0,0,0,0,-1,0,0,0,0,0,0,0,0,0,0,0,0,0,0,0,0,0,0,0,0,0,1,1
FRD,Weatherford International plc,Energy,Oil & Gas Equipment & Services,USA,5980000000.0,16.26,82.32,3.26%,802455.0,0,0,0,0,0,0,0,0,1,0,0,0,0,0,0,0,0,0,0,0,0,0,0,0,0,0,0,0,1,0,1
GMI,CoinShares Bitcoin Mining and Digital Power ETF,Financial,Exchange Traded Fund,USA,,,44.35,-2.18%,715479.0,0,0,0,0,0,0,0,0,1,0,0,0,0,0,0,0,0,0,0,0,0,0,0,0,0,0,0,0,1,0,1
HWK,Whitehawk Therapeutics Inc,Healthcare,Biotechnology,USA,210930000.0,,3.7,0.00%,289137.0,0,0,0,0,0,0,0,0,0,0,1,0,0,0,0,0,0,0,0,0,0,0,-1,0,0,0,0,0,1,1,2
IMI,Wimi Hologram Cloud Inc,Communication Services,Advertising Agencies,China,13940000.0,0.83,0.76,-1.44%,22515.0,0,0,0,0,0,0,0,0,1,0,0,0,0,0,0,0,0,0,0,0,0,0,0,0,0,0,0,0,1,0,1
IP,SPDR Intl Govt Inflation-Protected Bond,Financial,Exchange Traded Fund,USA,,,38.11,0.32%,55933.0,0,0,0,-1,0,0,0,0,1,1,0,0,0,0,0,0,0,0,0,0,0,0,0,0,0,0,0,0,2,1,3
KHS,Workhorse Group Inc,Consumer Cyclical,Auto Manufacturers,USA,32240000.000000004,,2.95,-0.67%,31675.0,0,0,0,0,0,0,0,0,0,0,0,0,0,0,0,1,0,0,0,0,0,0,0,0,0,0,0,0,1,0,1
LKP,Westlake Chemical Partners LP,Basic Materials,Chemicals,USA,754970000.0,13.11,21.42,0.71%,16485.0,0,0,0,0,0,0,0,0,0,0,0,0,-1,0,0,0,0,0,0,0,0,0,0,0,0,0,0,0,0,1,1
MB,Williams Cos Inc,Energy,Oil & Gas Midstream,USA,86610000000.0,28.27,70.81,0.38%,5803560.0,0,1,0,0,0,1,0,0,0,0,0,0,-1,-1,0,0,0,0,0,0,0,0,0,0,0,0,0,0,2,2,4
MG,Warner Music Group Corp,Communication Services,Entertainment,USA,14450000000.0,21.85,27.63,3.04%,2474142.0,0,0,0,0,0,0,0,0,1,0,0,0,0,0,0,0,0,0,0,0,0,0,0,0,0,0,0,0,1,0,1
MS,Advanced Drainage Systems Inc,Industrials,Building Products & Equipment,USA,9760000000.0,22.34,129.43,1.70%,884929.0,0,0,0,0,0,0,0,0,1,0,0,0,0,0,0,0,0,0,0,0,0,0,0,0,0,0,0,0,1,0,1
MT,Walmart Inc,Consumer Defensive,Discount Stores,USA,833600000000.0,38.07,105.07,0.78%,19233223.0,0,0,0,0,0,1,0,0,1,0,0,0,0,0,0,0,0,0,0,0,0,0,0,0,0,0,0,0,2,0,2
MTI,REX WMT Growth & Income ETF,Financial,Exchange Traded Fund,USA,,,18.56,0.81%,13690.0,0,0,0,0,0,1,0,0,0,0,0,0,0,0,0,0,0,0,0,-1,0,0,0,0,0,0,0,0,1,1,2
QEY,WISeQey Corp,Technology,Semiconductors,Switzerland,111890000.0,,13.4,120.03%,494641.0,0,0,0,0,0,0,0,0,0,0,0,0,0,0,0,0,0,0,0,0,0,0,0,0,0,1,0,0,1,0,1
QTM,WisdomTree Quantum Computing Fund,Financial,Exchange Traded Fund,USA,,,32.27,-0.71%,236353.0,0,0,0,0,0,0,0,0,1,0,0,0,0,0,0,0,0,0,0,0,0,0,0,0,0,0,0,0,1,0,1
RB,W.R. Berkley Corp,Financial,Insurance - Property & Casualty,USA,25900000000.0,14.35,69.77,1.15%,2316593.0,0,0,0,0,0,0,0,0,1,0,0,0,0,0,0,0,0,0,0,0,0,0,0,0,0,0,0,0,1,0,1
RBY,Warby Parker Inc,Healthcare,Medical Instruments & Supplies,USA,3290000000.0,439.04,26.65,-1.41%,3034811.0,0,0,0,0,0,0,0,0,0,0,1,0,0,0,0,0,0,0,0,0,0,0,0,0,0,0,0,0,1,0,1
RD,WeRide Inc ADR,Technology,Software - Application,China,1580000000.0,,5.07,0.90%,4391782.0,0,0,0,0,0,0,0,0,1,1,0,0,0,0,0,0,0,0,0,0,0,0,0,0,0,0,0,0,2,0,2
RN,Western Copper & Gold Corp,Basic Materials,Other Industrial Metals & Mining,Canada,488550000.0,,2.16,-0.92%,985730.0,0,0,0,0,0,0,0,0,1,0,0,0,0,0,0,0,0,0,0,0,0,0,0,0,0,0,0,0,1,0,1
RND,NYLIM Global Equity R&D Leaders ETF,Financial,Exchange Traded Fund,USA,,,44.43,0.86%,67.0,0,0,0,0,0,0,0,0,0,0,1,1,0,0,0,0,0,0,0,0,0,0,0,0,0,0,0,0,2,0,2
SBF,Waterstone Financial Inc,Financial,Banks - Regional,USA,357740000.0,11.53,19.9,-0.20%,66978.0,0,0,0,0,0,1,0,0,0,0,0,0,0,0,0,0,0,0,0,0,0,0,-1,0,0,0,0,0,1,1,2
SBK,Winchester Bancorp Inc,Financial,Banks - Regional,USA,115770000.0,26.47,12.92,0.08%,12611.0,0,0,0,0,0,0,0,0,0,0,0,0,0,0,0,0,0,0,0,0,1,0,0,0,0,0,0,0,1,0,1
SE,Wise Group Plc,Technology,Information Technology Services,United Kingdom,13900000000.0,24.17,11.67,2.06%,1728668.0,0,0,0,0,0,0,0,0,1,0,0,0,0,0,0,0,0,0,0,0,0,0,0,0,0,0,0,0,1,0,1
SGE,Warren Street Global Equity ETF,Financial,Exchange Traded Fund,USA,,,28.54,0.59%,14.0,0,0,0,0,0,0,0,0,0,0,1,0,0,0,0,0,0,0,0,0,0,0,0,0,-1,0,0,0,1,1,2
SMD,Wasatch Small/Mid Cap ETF,Financial,Exchange Traded Fund,USA,,,24.29,0.76%,2331.0,0,0,0,0,0,0,0,0,0,0,0,0,0,0,0,0,0,0,0,0,0,0,0,1,0,0,0,0,1,0,1
SML,iShares MSCI World Small-Cap ETF,Financial,Exchange Traded Fund,USA,,,34.4,0.55%,9207.0,0,0,0,0,0,0,0,-1,0,0,0,0,0,0,0,0,0,0,0,0,0,0,0,0,0,0,0,0,0,1,1
ST,West Pharmaceutical Services Inc,Healthcare,Medical Instruments & Supplies,USA,26510000000.0,48.16,376.76,3.23%,683349.0,0,0,0,0,0,0,0,0,0,0,1,0,0,0,0,0,0,0,0,0,0,0,-1,0,0,0,0,0,1,1,2
TBN,WisdomTree Bianco Fixed Income Total Return Fund,Financial,Exchange Traded Fund,USA,,,23.93,-0.02%,187752.0,0,0,0,0,0,0,0,0,0,0,0,0,0,0,0,0,0,0,0,-1,0,0,0,0,0,0,0,0,0,1,1
TI,W & T Offshore Inc,Energy,Oil & Gas E&P,USA,543400000.0,,3.6,1.12%,3509669.0,0,1,0,0,0,0,0,0,0,0,0,0,0,0,0,0,0,0,0,0,0,0,0,0,0,0,0,0,1,0,1
TMF,WisdomTree Managed Futures Strategy Fund,Financial,Exchange Traded Fund,USA,,,42.66,-0.02%,53816.0,0,0,0,0,0,1,0,0,0,0,0,0,0,0,0,0,0,1,0,0,0,0,0,0,0,0,0,0,2,0,2
TPI,WisdomTree Equity Premium Income Fund,Financial,Exchange Traded Fund,USA,,,33.05,0.36%,112711.0,0,0,0,0,0,0,0,-1,0,0,0,0,0,0,0,0,0,0,0,0,0,0,0,0,0,0,0,0,0,1,1
TS,Watts Water Technologies Inc,Industrials,Specialty Industrial Machinery,USA,12110000000.0,31.66,362.75,-0.09%,215207.0,0,0,0,0,0,0,0,0,0,0,0,0,0,0,0,0,0,0,0,0,0,0,-1,0,0,0,0,0,0,1,1
TTR,Select Water Solutions Inc,Energy,Oil & Gas Equipment & Services,USA,2590000000.0,75.05,20.06,0.55%,2207629.0,0,0,0,0,0,1,0,0,0,0,0,0,0,0,0,1,0,0,0,0,0,0,0,0,0,0,0,0,2,0,2
W,WW International Inc,Healthcare,Medical Care Facilities,USA,148680000.0,,14.87,0.88%,88708.0,0,1,0,-1,0,0,0,0,0,0,0,0,0,0,0,1,0,0,0,0,0,0,0,0,0,0,0,0,2,1,3
WR,Westwater Resources Inc,Basic Materials,Other Industrial Metals & Mining,USA,61710000.0,,0.48,-5.68%,960826.0,0,0,0,0,0,0,0,0,1,0,0,0,0,0,0,0,0,0,0,0,0,0,0,0,0,0,0,0,1,0,1
WW,Wolverine World Wide Inc,Consumer Cyclical,Footwear & Accessories,USA,1550000000.0,14.69,18.94,-1.35%,1125842.0,0,0,0,0,0,0,0,0,0,0,1,0,0,0,0,0,0,0,0,0,0,0,0,0,0,0,0,0,1,0,1
Y,Weyerhaeuser Co,Real Estate,REIT - Specialty,USA,13330000000.0,28.28,18.49,0.11%,7636956.0,0,0,0,0,0,0,0,0,0,0,0,0,0,0,0,0,0,0,0,0,1,1,0,0,0,0,0,0,2,0,2
YNN,Wynn Resorts Ltd,Consumer Cyclical,Resorts & Casinos,USA,7950000000.0,18.48,77.17,1.70%,1971255.0,0,0,0,0,0,0,0,0,0,0,0,0,0,0,0,0,0,0,0,-1,0,0,0,0,0,0,0,0,0,1,1
YY,Widepoint Corp,Technology,Information Technology Services,USA,72290000.0,,7.23,-4.37%,152928.0,0,0,0,0,0,0,0,0,1,0,0,0,0,0,0,0,0,0,0,0,0,0,0,0,0,0,0,0,1,0,1
A,Corgi AI Cybersecurity ETF,Financial,Exchange Traded Fund,USA,,,45.3,1.51%,5392.0,0,0,0,-1,0,1,0,0,0,0,0,0,0,0,0,0,0,1,0,0,0,0,0,0,0,0,0,0,2,1,3
BB,BondBloxx BB-Rated USD High Yield Corporate Bond ETF,Financial,Exchange Traded Fund,USA,,,39.4,0.03%,1009073.0,0,0,0,0,0,0,0,0,0,0,0,0,-1,0,0,0,0,0,0,0,0,0,0,0,0,0,0,0,0,1,1
BCI,NEOS Boosted Bitcoin High Income ETF,Financial,Exchange Traded Fund,USA,,,42.21,2.15%,405480.0,0,0,0,0,0,0,0,0,1,0,0,0,0,0,0,0,0,0,0,0,0,0,0,0,0,0,0,0,1,0,1
BFR,Innovator Equity Managed 10 Buffer ETF,Financial,Exchange Traded Fund,USA,,,27.2,0.51%,1889.0,0,0,0,0,0,0,0,0,0,0,1,0,0,0,0,0,0,0,0,0,0,0,0,0,0,0,0,0,1,0,1
BIL,F/m US Treasury 6 Month Bill ETF,Financial,Exchange Traded Fund,USA,,,50.02,0.04%,79391.0,0,1,0,-1,0,1,0,0,0,0,0,0,0,0,0,0,0,0,0,0,0,0,0,0,0,0,0,0,2,1,3
BIT,XBiotech Inc,Healthcare,Biotechnology,USA,66470000.0,,2.18,-0.46%,32740.0,0,0,0,0,0,0,0,0,1,0,0,0,0,0,0,0,0,0,0,0,0,0,0,0,0,0,0,0,1,0,1
BJL,Innovator U.S. Equity Accelerated 9 Buffer ETF - July,Financial,Exchange Traded Fund,USA,,,41.33,0.39%,1161.0,0,0,0,0,0,0,0,-1,0,0,0,0,0,0,0,0,0,0,0,0,0,0,0,0,0,0,0,0,0,1,1
C,WisdomTree True Emerging Markets Fund,Financial,Exchange Traded Fund,USA,,,30.99,1.73%,18011.0,0,0,0,0,0,0,0,0,0,0,0,0,0,0,0,0,0,0,0,0,0,0,0,1,0,0,0,0,1,0,1
CH,XCHG Ltd ADR,Industrials,Electrical Equipment & Parts,Germany,10010000.0,,3.26,2.52%,679616.0,0,0,0,0,0,0,0,0,1,0,0,0,0,0,0,0,0,0,0,0,0,0,0,0,0,0,0,0,1,0,1
CNY,State Street SPDR S&P Emerging Markets ex-China ETF,Financial,Exchange Traded Fund,USA,,,34.59,1.85%,281.0,0,0,0,0,0,0,0,0,0,0,1,0,0,0,0,0,0,0,0,0,0,0,0,0,0,0,0,0,1,0,1
CUR,Exicure Inc,Healthcare,Biotechnology,USA,7010000.0,,1.07,-6.96%,18154.0,0,0,0,0,0,0,0,0,1,1,0,0,0,0,0,0,0,0,0,0,0,0,0,0,0,0,0,0,2,0,2
DSQ,Innovator U.S. Equity Accelerated ETF - Quarterly,Financial,Exchange Traded Fund,USA,,,45.25,0.56%,3051.0,0,0,0,0,0,0,0,0,0,0,0,0,0,0,0,0,0,1,0,0,0,0,0,0,0,0,0,0,1,0,1
DTE,Roundhill S&P 500 0DTE Covered Call Strategy ETF,Financial,Exchange Traded Fund,USA,,,38.65,0.53%,113574.0,0,0,0,0,0,0,0,0,0,0,1,1,0,0,0,0,0,0,0,0,0,0,0,0,0,0,0,0,2,0,2
ES,State Street SPDR S&P Oil & Gas Equipment & Services ETF,Financial,Exchange Traded Fund,USA,,,112.4,2.97%,82817.0,0,0,0,0,0,0,0,0,0,0,0,0,-1,0,0,0,0,0,0,0,0,0,0,0,0,0,0,0,0,1,1
EY,GraniteShares YieldBOOST Ether ETF,Financial,Exchange Traded Fund,USA,,,20.25,0.53%,31.0,0,0,0,0,0,0,0,0,0,0,1,0,0,0,0,0,0,0,0,0,0,0,0,0,0,0,0,0,1,0,1
FIV,BondBloxx Bloomberg Five Year Target Duration US Treasury ETF,Financial,Exchange Traded Fund,USA,,,46.56,-0.03%,380704.0,0,0,0,0,0,1,0,0,0,0,0,0,0,0,0,0,0,0,0,0,0,0,0,0,0,0,0,0,1,0,1
FLH,XFLH Capital Corp,Financial,Shell Companies,USA,175010000.0,,10.13,0.50%,371.0,0,0,0,0,0,0,0,0,0,0,0,0,-1,0,0,0,0,0,0,0,0,0,0,0,0,0,0,0,0,1,1
FLT,XAI Floating Rate & Alternative Income Trust,Financial,Closed-End Fund - Debt,USA,293960000.0,,19.3,-0.05%,113922.0,0,0,0,0,0,0,0,0,0,0,1,0,0,0,0,0,0,0,0,0,0,0,0,0,0,0,0,0,1,0,1
FLX,FundX Flexible ETF,Financial,Exchange Traded Fund,USA,,,22.53,-0.00%,1996.0,0,1,0,-1,0,0,0,0,0,0,0,0,0,0,0,0,0,0,0,0,0,0,0,0,0,0,0,0,1,1,2
FOR,X4 Pharmaceuticals Inc,Healthcare,Biotechnology,USA,287530000.0,,2.9,2.47%,698104.0,0,0,0,0,0,0,0,0,0,0,1,1,0,0,0,0,0,0,0,0,0,0,0,0,0,0,0,0,2,0,2
HLF,BondBloxx Bloomberg Six Month Target Duration US Treasury ETF,Financial,Exchange Traded Fund,USA,,,50.12,0.00%,273105.0,0,0,0,-1,0,0,0,0,1,0,0,0,0,0,0,0,0,0,0,-1,0,0,0,0,0,0,0,0,1,2,3
HS,State Street SPDR S&P Health Care Services ETF,Financial,Exchange Traded Fund,USA,,,135.46,1.57%,24426.0,0,0,0,0,0,0,0,0,0,0,0,0,0,0,0,0,0,0,0,0,0,0,0,0,-1,0,0,0,0,1,1
IFR,XPLR Infrastructure LP,Utilities,Utilities - Renewable,USA,1970000000.0,15.24,10.19,-1.92%,1665286.0,0,1,0,0,0,0,0,0,1,0,0,0,0,0,0,0,0,0,0,0,0,0,0,0,0,0,0,0,2,0,2
IJN,FT Vest U.S. Equity Buffer & Premium Income ETF - June,Financial,Exchange Traded Fund,USA,,,30.75,0.10%,260.0,0,0,0,0,0,0,0,0,0,0,1,0,0,0,0,0,0,0,0,0,0,0,0,0,0,0,0,0,1,0,1
IMR,FT Vest U.S. Equity Buffer & Premium Income ETF - March,Financial,Exchange Traded Fund,USA,,,31.28,0.05%,346.0,0,0,0,0,0,1,0,0,0,0,0,0,0,0,0,0,0,0,0,0,0,0,0,0,0,0,0,0,1,0,1
ITK,State Street SPDR FactSet Innovative Technology ETF,Financial,Exchange Traded Fund,USA,,,206.75,1.02%,4964.0,0,0,0,0,0,0,0,0,0,0,1,0,0,0,0,0,0,0,0,0,0,0,-1,0,0,0,0,0,1,1,2
IWC,Corgi U.S. Micro-Cap 2x Daily ETF,Financial,Exchange Traded Fund,USA,,,22.68,0.40%,16.0,0,0,0,0,0,0,0,0,0,0,0,0,-1,0,0,0,0,0,0,0,0,0,0,0,0,0,0,0,0,1,1
LAB,Exascale Labs Holdings Inc,Technology,Software - Infrastructure,USA,46650000.0,6.79,1.38,-1.07%,116613.0,0,0,0,0,0,0,0,0,1,0,0,0,0,0,0,0,0,0,0,0,0,0,0,0,0,0,0,0,1,0,1
LBI,State Street Materials Select Sector SPDR Premium Income ETF,Financial,Exchange Traded Fund,USA,,,22.86,1.24%,24186.0,0,0,0,0,0,1,0,0,0,0,0,0,0,0,0,0,0,0,0,0,0,0,0,0,0,0,0,0,1,0,1
LC,State Street Communication Services Select Sector SPDR ETF,Financial,Exchange Traded Fund,USA,,,111.61,1.17%,6240514.0,0,0,0,0,0,0,0,0,1,0,0,0,0,0,0,0,0,0,0,0,0,0,0,0,0,0,0,0,1,0,1
LEX,Corgi U.S. Energy 2x Daily ETF,Financial,Exchange Traded Fund,USA,,,29.02,1.63%,307.0,0,0,0,0,0,0,0,0,0,0,1,0,0,0,0,0,0,0,0,0,0,0,-1,0,0,0,0,0,1,1,2
LSR,State Street US Sector Rotation ETF,Financial,Exchange Traded Fund,USA,,,67.4,0.72%,45656.0,0,1,0,0,0,0,0,-1,0,0,0,0,0,0,0,0,0,0,0,0,0,0,0,0,0,0,0,0,1,1,2
LUI,State Street Utilities Select Sector SPDR Premium Income ETF,Financial,Exchange Traded Fund,USA,,,21.49,0.19%,86616.0,0,0,0,-1,0,0,0,0,0,0,0,0,0,0,0,0,0,0,0,0,0,0,0,0,0,0,0,0,0,1,1
MAG,Defiance Large Cap ex-Mag 7 ETF,Financial,Exchange Traded Fund,USA,,,25.72,0.28%,46576.0,0,0,0,-1,0,0,0,0,0,0,0,0,0,0,0,0,0,0,0,0,0,0,0,0,0,0,0,0,0,1,1
MAX,XMax Inc,Consumer Cyclical,"Furnishings, Fixtures & Appliances",USA,565070000.0,20.08,8.71,1.40%,399097.0,0,0,0,0,0,1,0,0,0,0,1,0,0,0,0,0,0,0,0,0,0,0,-1,0,0,0,0,0,2,1,3
ME,State Street SPDR S&P Metals & Mining ETF,Financial,Exchange Traded Fund,USA,,,107.76,1.91%,1611515.0,0,0,0,0,0,0,0,0,1,0,0,0,0,0,0,0,0,0,0,0,0,0,0,0,0,0,0,0,1,0,1
MMO,Invesco S&P MidCap Momentum ETF,Financial,Exchange Traded Fund,USA,,,151.55,0.09%,341804.0,0,0,0,0,0,0,0,0,1,0,0,0,0,0,0,0,0,0,0,0,0,0,0,0,0,0,0,0,1,0,1
MTR,Xometry Inc,Industrials,Industrial Distribution,USA,6170000000.0,,107.7,5.04%,849770.0,0,0,0,0,0,0,0,0,0,0,1,0,0,0,0,0,0,0,0,0,0,0,0,0,0,0,0,0,1,0,1
MVM,Invesco S&P MidCap Value with Momentum ETF,Financial,Exchange Traded Fund,USA,,,71.62,0.07%,16569.0,0,0,0,0,0,0,0,0,0,0,0,0,0,0,0,0,0,0,0,0,0,0,-1,0,0,0,0,0,0,1,1
NET,Xunlei Ltd ADR,Technology,Software - Infrastructure,China,305310000.0,,4.79,1.70%,153954.0,0,1,0,0,0,0,0,0,1,0,0,0,0,0,0,0,0,0,0,0,0,0,0,0,0,0,0,0,2,0,2
OM,ExxonMobil Holdings Corp,Energy,Oil & Gas Integrated,USA,674350000000.0,21.1,164.0,-0.01%,12475548.0,0,0,0,0,0,0,0,0,0,0,1,0,0,0,0,0,0,0,0,0,0,0,-1,0,0,0,0,0,1,1,2
OMO,YieldMax XOM Option Income Strategy ETF,Financial,Exchange Traded Fund,USA,,,10.9,-0.46%,39107.0,0,0,0,0,0,0,0,0,0,0,0,0,-1,0,0,0,0,0,0,0,0,0,0,1,0,0,0,0,1,1,2
ONE,BondBloxx Bloomberg One Year Target Duration US Treasury ETF,Financial,Exchange Traded Fund,USA,,,49.08,0.00%,133292.0,0,0,0,0,0,1,0,0,0,0,0,0,0,0,0,0,0,0,0,0,0,0,0,0,0,0,0,0,1,0,1
OVR,ERShares Private-Public Crossover ETF,Financial,Exchange Traded Fund,USA,,,22.43,3.08%,714607.0,0,0,0,0,0,0,0,-1,0,0,0,0,0,0,0,0,0,0,0,0,0,0,0,0,0,0,0,0,0,1,1
PAY,Roundhill S&P 500 Target 20 Managed Distribution ETF,Financial,Exchange Traded Fund,USA,,,52.69,0.71%,31452.0,0,0,0,0,0,0,0,0,1,0,0,0,0,0,0,0,0,0,0,0,0,0,0,0,0,0,0,0,1,0,1
PND,First Trust Expanded Technology ETF,Financial,Exchange Traded Fund,USA,,,41.08,0.53%,2277.0,0,0,0,0,0,0,0,0,0,0,0,0,0,0,0,1,0,0,0,0,0,0,0,0,0,0,0,0,1,0,1
POF,Xponential Fitness Inc,Consumer Cyclical,Leisure,USA,228520000.0,,4.64,-1.28%,947884.0,0,0,0,0,0,0,0,0,0,0,0,0,-1,0,0,0,0,0,0,0,0,0,0,0,0,0,0,0,0,1,1
PP,ProShares Ultra FTSE China 50 2x Shares,Financial,Exchange Traded Fund,USA,,,18.89,3.79%,931.0,0,0,0,0,0,0,0,0,0,0,0,0,0,0,0,1,0,0,0,0,0,0,0,0,0,0,0,0,1,0,1
QTM,Corgi Quantum Computing 2x Daily ETF,Financial,Exchange Traded Fund,USA,,,12.51,-1.34%,543.0,0,0,0,0,0,0,0,0,0,0,0,0,-1,0,0,0,0,0,0,0,0,0,0,0,0,0,0,0,0,1,1
RLX,FundX Conservative ETF,Financial,Exchange Traded Fund,USA,,,49.47,0.20%,793.0,0,0,0,0,0,0,0,0,0,0,0,0,0,0,0,1,0,0,0,0,0,0,0,0,0,0,0,0,1,0,1
RP,Bitwise XRP ETF,Financial,Exchange Traded Fund,USA,,,16.8,2.19%,1226626.0,0,0,0,0,0,0,0,0,0,0,1,0,0,0,0,0,0,0,0,0,0,0,0,0,0,0,0,0,1,0,1
RPI,Volatility Shares Trust XRP ETF,Financial,Exchange Traded Fund,USA,,,8.1,2.14%,136533.0,0,0,0,0,0,0,0,0,0,0,1,0,0,0,0,0,0,0,0,0,0,0,0,0,0,0,0,0,1,0,1
RX,Xerox Holdings Corp,Industrials,Business Equipment & Supplies,USA,396570000.0,,3.02,0.00%,3016939.0,0,0,0,0,0,0,0,0,0,0,1,0,0,0,0,0,0,0,0,0,0,0,-1,0,0,0,0,0,1,1,2
SLL,Xsolla SPAC 1,Financial,Shell Companies,USA,276800000.0,103.2,10.0,-0.10%,513880.0,0,0,0,0,0,0,0,0,0,0,1,0,0,0,0,0,0,0,0,0,0,0,-1,0,0,0,0,0,1,1,2
SMO,Invesco S&P SmallCap Momentum ETF,Financial,Exchange Traded Fund,USA,,,83.5,-0.06%,277851.0,0,0,0,0,0,0,0,0,1,0,0,0,0,0,0,0,0,0,0,0,0,0,0,0,0,0,0,0,1,0,1
SW,State Street SPDR S&P Software & Services ETF,Financial,Exchange Traded Fund,USA,,,201.33,1.72%,81073.0,0,0,0,0,0,0,0,-1,0,0,0,0,0,0,0,0,0,0,0,0,0,0,0,0,0,0,0,0,0,1,1
T,iShares Future Exponential Technologies ETF,Financial,Exchange Traded Fund,USA,,,84.97,0.78%,74727.0,0,0,0,0,0,0,0,0,0,0,1,1,0,0,0,0,0,0,0,0,0,0,0,0,0,0,0,0,2,0,2
TAI,Corgi Taiwan 2x Daily ETF,Financial,Exchange Traded Fund,USA,,,27.49,2.93%,747.0,0,0,0,0,0,0,0,0,0,0,1,0,0,0,0,0,0,0,0,0,0,0,0,0,0,0,0,0,1,0,1
TJA,Innovator U.S. Equity Accelerated Plus ETF - January,Financial,Exchange Traded Fund,USA,,,35.34,0.10%,49595.0,0,0,0,-1,0,0,0,-1,0,0,0,0,0,0,0,0,0,0,0,0,0,0,0,0,0,0,0,0,0,2,2
TLB,X.T.L. Biopharmaceuticals Ltd ADR,Healthcare,Biotechnology,Israel,9240000.0,,2.18,0.93%,12934.0,0,0,0,0,0,0,0,0,0,0,0,0,-1,-1,0,0,0,0,0,0,0,0,0,0,0,0,0,0,0,2,2
TNT,Xtant Medical Holdings Inc,Healthcare,Medical Devices,USA,46100000.0,,0.33,-3.66%,180350.0,0,0,0,-1,0,0,0,0,1,1,0,0,0,0,0,1,0,0,0,0,0,0,0,0,0,0,0,0,3,1,4
TRE,BondBloxx Bloomberg Three Year Target Duration US Treasury ETF,Financial,Exchange Traded Fund,USA,,,47.78,0.06%,14480.0,0,0,0,0,0,1,0,0,0,0,0,0,0,0,0,0,0,0,0,0,0,0,0,0,0,0,0,0,1,0,1
TWY,BondBloxx Bloomberg Twenty Year Target Duration US Treasury ETF,Financial,Exchange Traded Fund,USA,,,32.61,-0.67%,61323.0,0,0,0,0,0,1,0,0,1,0,0,0,0,0,0,0,0,0,0,0,0,0,0,0,0,0,0,0,2,0,2
USP,Innovator Uncapped Accelerated U.S. Equity ETF,Financial,Exchange Traded Fund,USA,,,54.49,0.80%,2585.0,0,0,0,0,0,0,0,-1,0,0,0,0,0,0,0,0,0,0,0,0,0,0,0,0,0,0,0,0,0,1,1
V,Simplify Target 15 Distribution ETF,Financial,Exchange Traded Fund,USA,,,24.32,0.21%,37739.0,0,0,0,-1,0,0,0,-1,0,0,0,0,0,0,0,0,0,0,0,0,0,0,0,0,0,0,0,0,0,2,2
W,Corgi Ex-U.S. Equities 2x Daily ETF,Financial,Exchange Traded Fund,USA,,,23.41,0.90%,417.0,0,0,0,0,0,0,0,0,0,0,1,0,0,0,0,0,0,0,0,0,0,0,0,0,0,0,0,0,1,0,1
XI,Twenty One Capital Inc,Consumer Defensive,Education & Training Services,USA,4350000000.0,19.66,6.68,1.21%,1189378.0,0,0,0,0,0,0,0,0,1,0,0,0,0,0,0,0,0,0,0,0,0,0,0,0,0,0,0,0,1,0,1
XV,Simplify Ancorato Target 25 Distribution ETF,Financial,Exchange Traded Fund,USA,,,23.52,0.27%,16193.0,0,0,0,0,0,0,0,0,0,0,0,0,0,0,0,1,0,0,0,0,0,0,0,0,0,0,0,0,1,0,1
YLD,Global X S&P 500 Covered Call ETF,Financial,Exchange Traded Fund,USA,,,41.85,0.29%,435015.0,0,0,0,-1,0,0,0,-1,0,0,0,0,0,0,0,0,0,0,0,0,0,0,0,0,0,0,0,0,0,2,2
YZ,Block Inc,Technology,Software - Infrastructure,USA,45800000000.0,135.71,76.23,2.56%,3871804.0,0,0,0,-1,0,1,0,0,0,0,0,0,0,0,0,0,0,1,0,0,0,0,-1,0,0,0,0,0,2,2,4
YZG,Leverage Shares 2X Long XYZ Daily ETF,Financial,Exchange Traded Fund,USA,,,15.32,5.11%,9052.0,0,0,0,0,0,0,0,0,0,0,0,0,0,0,0,0,0,1,0,0,0,0,0,0,0,0,0,0,1,0,1
YZY,YieldMax XYZ Option Income Strategy ETF,Financial,Exchange Traded Fund,USA,,,23.18,2.33%,9055.0,0,1,0,0,0,1,0,0,0,0,0,0,-1,-1,0,0,0,0,0,0,0,0,0,0,0,0,0,0,2,2,4
ZO,Exzeo Group Inc,Financial,Insurance - Diversified,USA,1390000000.0,16.45,15.39,6.88%,971243.0,0,0,0,0,0,0,0,0,0,0,0,0,0,0,0,0,0,0,0,0,0,0,0,0,0,0,0,1,1,0,1
ALL,Truth Social God Bless America ETF,Financial,Exchange Traded Fund,USA,,,43.02,1.18%,12021.0,0,1,0,-1,0,0,0,0,0,0,0,0,0,0,0,0,0,0,0,0,1,0,0,1,0,0,0,0,3,1,4
ANG,Direxion Daily FTSE China Bear 3X ETF,Financial,Exchange Traded Fund,USA,,,32.47,-5.53%,755805.0,0,0,0,0,0,1,0,0,0,0,0,0,0,0,0,1,0,0,0,0,0,0,0,0,0,0,0,0,2,0,2
B,Yuanbao Inc ADR,Technology,Software - Application,China,411100000.0,2.84,12.7,-1.85%,44629.0,0,0,0,-1,0,0,0,0,0,0,0,0,-1,0,0,0,0,0,0,0,0,0,0,1,0,0,0,0,1,2,3
BTC,Roundhill Bitcoin Covered Call Strategy ETF,Financial,Exchange Traded Fund,USA,,,19.46,1.09%,99411.0,0,0,0,0,0,0,0,0,1,0,1,0,0,0,0,0,0,0,0,0,0,0,0,0,0,0,0,0,2,0,2
CLO,Franklin BSP CLO ETF,Financial,Exchange Traded Fund,USA,,,25.16,0.00%,12.0,0,0,0,0,0,0,0,0,0,0,1,0,0,0,0,0,0,0,0,0,0,0,0,0,-1,0,0,0,1,1,2
FFI,Indexperts Yield Focused Fixed Income ETF,Financial,Exchange Traded Fund,USA,,,9.48,0.09%,12258.0,0,0,0,0,0,0,0,0,0,0,0,0,0,0,0,0,0,0,0,-1,0,0,0,0,0,0,0,0,0,1,1
FYA,Yields for You Income Strategy A ETF,Financial,Exchange Traded Fund,USA,,,9.68,0.00%,115.0,0,0,0,-1,0,0,0,0,0,0,0,0,0,0,0,0,0,0,0,0,0,0,0,0,0,0,0,0,0,1,1
GLD,Simplify Gold Strategy ETF,Financial,Exchange Traded Fund,USA,,,30.2,-0.66%,11336.0,0,0,0,0,0,0,0,0,1,0,0,0,0,0,0,0,0,0,0,0,0,0,0,0,0,0,0,0,1,0,1
HGJ,Yunhong Green CTI Ltd,Consumer Cyclical,Packaging & Containers,USA,7050000.0,,2.7,-3.05%,5136.0,0,0,0,0,0,0,0,0,0,0,0,0,-1,-1,0,0,0,0,0,0,0,0,0,0,0,0,0,0,0,2,2
HNA,YHN Acquisition I Ltd,Financial,Shell Companies,Hong Kong,47810000.0,551.74,11.09,0.00%,3106.0,0,0,0,0,0,1,0,0,0,0,1,1,0,0,0,0,0,0,0,0,0,0,-1,0,0,0,0,0,3,1,4
I,111 Inc ADR,Healthcare,Medical Distribution,China,16350000.000000002,,3.15,-2.17%,4549.0,0,0,0,0,0,0,0,0,1,0,0,0,0,0,0,0,0,0,0,0,0,0,0,0,0,0,0,0,1,0,1
LD,Principal Active High Yield ETF,Financial,Exchange Traded Fund,USA,,,18.28,-0.38%,365542.0,0,0,0,-1,0,0,0,0,0,0,0,0,0,0,0,1,0,0,0,0,0,0,0,0,0,0,0,0,1,1,2
MAG,YieldMax Magnificent 7 Fund of Option Income ETFs,Financial,Exchange Traded Fund,USA,,,11.51,0.96%,1011604.0,0,0,0,0,0,0,0,0,1,1,0,0,0,0,0,0,0,0,0,0,0,0,0,0,0,0,0,0,2,0,2
MAX,YieldMax Universe Fund of Option Income ETFs,Financial,Exchange Traded Fund,USA,,,7.71,1.45%,629714.0,0,0,0,0,0,0,0,0,1,0,0,0,0,0,0,0,0,0,0,0,0,0,0,0,0,0,0,0,1,0,1
MM,Full Truck Alliance Co Ltd ADR,Technology,Software - Application,China,7840000000.0,14.76,8.41,2.94%,9832572.0,0,0,0,0,0,0,0,0,0,0,0,0,0,0,0,0,0,0,0,0,0,0,0,0,0,0,0,1,1,0,1
OKE,YOKE Core ETF,Financial,Exchange Traded Fund,USA,,,31.3,0.48%,2974.0,0,0,0,0,0,0,0,0,0,0,0,0,-1,0,0,0,0,0,0,0,0,0,0,0,0,0,0,0,0,1,1
OLO,AdvisorShares Pure Cannabis ETF,Financial,Exchange Traded Fund,USA,,,2.8,-3.25%,16197.0,0,0,0,0,0,0,0,0,0,0,0,0,-1,0,0,0,0,0,0,0,0,0,0,1,0,0,0,0,1,1,2
PF,YPF ADR,Energy,Oil & Gas Integrated,Argentina,20150000000.0,16.98,51.24,3.16%,1178045.0,0,0,0,0,0,0,0,-1,0,0,0,0,0,0,0,0,0,0,0,0,0,0,0,0,0,0,0,0,0,1,1
Q,17 Education & Technology Group Inc ADR,Consumer Defensive,Education & Training Services,China,22850000.0,,3.34,-5.11%,8981.0,0,0,0,0,0,0,0,0,0,0,0,0,0,0,0,0,0,0,0,0,0,0,0,1,0,0,0,0,1,0,1
QQQ,YieldMax Short N100 Option Income Strategy ETF,Financial,Exchange Traded Fund,USA,,,9.23,-0.64%,39891.0,0,0,0,0,0,0,0,0,1,0,0,0,0,0,0,0,0,0,0,0,0,0,0,0,0,0,0,0,1,0,1
SWY,Yesway Inc,Consumer Defensive,Grocery Stores,USA,1270000000.0,,20.06,-2.29%,295174.0,0,0,0,0,0,0,0,0,0,0,0,0,0,0,0,0,0,0,0,0,0,0,0,1,0,0,0,0,1,0,1
XI,ProShares Short FTSE China 50 -1x Shares,Financial,Exchange Traded Fund,USA,,,22.82,-1.96%,994.0,0,0,0,0,0,1,0,0,0,0,0,0,0,0,0,1,0,0,0,0,0,0,0,0,0,0,0,0,2,0,2
ALT,Innovator U.S. Equity 10 Buffer ETF - Quarterly,Financial,Exchange Traded Fund,USA,,,34.72,0.19%,77059.0,0,0,0,0,0,0,0,-1,0,0,0,0,0,0,0,0,0,0,0,0,0,0,0,0,0,0,0,0,0,1,1
AP,Global X U.S. Electrification ETF,Financial,Exchange Traded Fund,USA,,,30.92,-0.15%,94244.0,0,0,0,0,0,0,0,0,1,0,0,0,0,0,0,0,0,0,0,0,0,0,0,0,0,0,0,0,1,0,1
APR,Innovator Equity Defined Protection ETF - 1 Yr April,Financial,Exchange Traded Fund,USA,,,27.08,0.06%,20350.0,0,0,0,0,0,0,0,0,0,0,0,0,0,0,0,0,0,1,0,0,0,0,0,0,0,0,0,0,1,0,1
AUG,Innovator Equity Defined Protection ETF - 1 Yr August,Financial,Exchange Traded Fund,USA,,,27.98,0.00%,15735.0,0,0,0,0,0,0,0,0,0,0,0,0,0,0,0,0,0,1,0,0,0,0,0,0,0,0,0,0,1,0,1
BH,Zimmer Biomet Holdings Inc,Healthcare,Medical Devices,USA,17470000000.0,22.28,91.57,3.72%,2293176.0,0,0,0,0,0,0,0,0,0,0,1,0,0,0,0,0,0,0,0,0,0,0,0,0,0,0,0,0,1,0,1
CBC,Global X Zero Coupon Bond 2032 ETF,Financial,Exchange Traded Fund,USA,,,46.79,-0.02%,17.0,0,0,0,0,0,0,0,0,0,0,0,0,0,0,0,0,0,0,0,-1,0,0,0,0,0,0,0,0,0,1,1
CBE,Global X Zero Coupon Bond 2033 ETF,Financial,Exchange Traded Fund,USA,,,46.41,-0.10%,9.0,0,0,0,0,0,0,0,0,0,0,0,0,0,0,0,0,0,0,0,-1,0,0,0,0,0,0,0,0,0,1,1
CBG,Global X Zero Coupon Bond 2035 ETF,Financial,Exchange Traded Fund,USA,,,45.71,-0.28%,9.0,0,0,0,0,0,0,0,0,1,0,0,0,0,0,0,0,0,0,0,0,0,0,0,0,0,0,0,0,1,0,1
D,Ziff Davis Inc,Communication Services,Advertising Agencies,USA,1920000000.0,,55.98,1.41%,457124.0,0,0,0,-1,0,0,0,-1,0,0,0,0,0,0,0,0,0,0,0,0,0,0,0,0,0,0,0,0,0,2,2
ECP,Zacks Earnings Consistent Portfolio ETF,Financial,Exchange Traded Fund,USA,,,37.49,0.24%,33405.0,0,0,0,-1,0,0,0,-1,0,0,0,0,0,0,0,0,0,0,0,0,0,0,0,0,0,0,0,0,0,2,2
H,Zhihu Inc ADR,Communication Services,Internet Content & Information,China,200680000.0,,3.37,-0.59%,557936.0,0,0,0,0,0,0,0,0,0,0,0,0,0,0,0,0,0,0,0,0,1,0,0,1,0,0,0,0,2,0,2
HOG,F/m Opportunistic Income ETF,Financial,Exchange Traded Fund,USA,,,49.9,0.01%,8351.0,0,0,0,0,0,0,0,0,1,1,0,0,0,0,0,0,0,0,0,0,0,0,0,0,0,0,0,0,2,0,2
JK,ZJK Industrial Co Ltd,Industrials,Tools & Accessories,China,125700000.0,13.07,1.95,5.63%,5754.0,0,0,0,0,0,0,0,0,0,0,0,0,-1,0,0,0,0,0,0,0,0,0,0,0,0,0,0,0,0,1,1
JYL,Jin Medical International Ltd,Healthcare,Medical Instruments & Supplies,China,313230000.0,13.22,1.98,2.06%,5993.0,0,0,0,0,0,0,0,0,0,0,0,0,0,0,0,0,0,0,0,0,0,0,0,0,0,1,0,0,1,0,1
MAR,Innovator Equity Defined Protection ETF - 1 Yr March,Financial,Exchange Traded Fund,USA,,,28.7,-0.02%,5293.0,0,0,0,-1,0,0,0,-1,0,0,0,0,0,0,0,0,0,0,0,0,0,0,0,0,0,0,0,0,0,2,2
MAY,Innovator Equity Defined Protection ETF - 1 Yr May,Financial,Exchange Traded Fund,USA,,,26.41,0.09%,4729.0,0,0,0,0,0,0,0,-1,0,0,0,0,0,0,0,0,0,0,0,0,0,0,0,0,0,0,0,0,0,1,1
MUN,F/m Ultrashort Tax-Free Municipal ETF,Financial,Exchange Traded Fund,USA,,,49.56,0.16%,2438.0,0,1,0,-1,0,0,0,0,0,0,0,0,0,0,0,0,0,0,0,0,0,0,0,0,0,0,0,0,1,1,2
NTL,Zentalis Pharmaceuticals Inc,Healthcare,Biotechnology,USA,263180000.0,,2.78,10.32%,2994948.0,0,0,0,0,0,0,0,0,0,0,0,0,-1,0,0,0,0,0,0,0,0,0,0,0,0,0,0,0,0,1,1
ROZ,PIMCO 25+ Year Zero Coupon U.S. Treasury Index ETF,Financial,Exchange Traded Fund,USA,,,52.91,-0.95%,1078202.0,0,0,0,0,0,1,0,0,1,0,0,0,0,0,0,0,0,0,0,0,0,0,0,0,0,0,0,0,2,0,2
SEP,Innovator Equity Defined Protection ETF - 1 Yr September,Financial,Exchange Traded Fund,USA,,,27.96,0.06%,13173.0,0,0,0,0,0,0,0,0,0,0,1,0,0,0,0,0,0,0,0,0,0,0,-1,0,0,0,0,0,1,1,2
TEN,F/M 10-Year Investment Grade Corporate Bond ETF,Financial,Exchange Traded Fund,USA,,,47.27,-0.09%,8466.0,0,0,0,0,0,0,0,0,1,0,0,0,0,0,0,0,0,0,0,0,0,0,0,0,0,0,0,0,1,0,1
TS,Zoetis Inc,Healthcare,Drug Manufacturers - Specialty & Generic,USA,29510000000.0,11.75,71.41,2.47%,3645121.0,0,0,0,0,0,0,0,0,0,0,0,0,0,0,0,0,0,0,0,0,1,0,0,0,0,0,0,0,1,0,1
TWO,F/M 2-Year Investment Grade Corporate Bond ETF,Financial,Exchange Traded Fund,USA,,,49.71,0.03%,191.0,0,1,0,0,0,0,0,0,0,0,0,0,0,0,0,0,0,0,0,0,0,0,0,0,0,0,0,0,1,0,1
UMZ,Zumiez Inc,Consumer Cyclical,Apparel Retail,USA,210490000.0,19.06,13.73,3.31%,300583.0,0,0,0,0,0,0,0,0,1,0,0,0,0,0,0,0,0,0,0,0,0,0,0,0,0,0,0,0,1,0,1
VOL,Volatility Premium Plus ETF,Financial,Exchange Traded Fund,USA,,,7.77,-0.13%,51402.0,0,0,0,0,0,0,0,0,0,0,0,0,0,0,0,0,0,0,0,-1,0,0,0,0,0,0,0,0,0,1,1
VRA,Zevra Therapeutics Inc,Healthcare,Biotechnology,USA,635400000.0,11.54,10.7,7.11%,1977765.0,0,0,0,0,0,0,0,0,1,0,0,0,0,0,0,0,0,0,0,0,0,0,0,0,0,0,-1,0,1,1,2
