Ticker,Company,Sector,Industry,Country,Market Cap,P/E,Price,Change %,Volume,Horizontal S/R,Horizontal S/R (Strong),TL Resistance,TL Resistance (Strong),TL Support,TL Support (Strong),Wedge Up,Wedge Up (Strong),Wedge Down,Wedge Down (Strong),Triangle Ascending,Triangle Ascending (Strong),Triangle Descending,Triangle Descending (Strong),Wedge,Wedge (Strong),Channel Up,Channel Up (Strong),Channel Down,Channel Down (Strong),Channel,Channel (Strong),Double Top,Double Bottom,Multiple Top,Multiple Bottom,Head & Shoulders,Head & Shoulders Inverse,Pattern_+1_Count,Pattern_-1_Count,Pattern_Total
AA,Alternative Access First Priority CLO Bond ETF,Financial,Exchange Traded Fund,USA,,,24.86,-0.17%,2377.0,0,0,0,0,0,0,0,0,1,0,0,0,0,0,0,0,0,0,0,0,0,0,0,0,0,0,0,0,1,0,1
AAA,Amplius Aggressive Asset Allocation ETF,Financial,Exchange Traded Fund,USA,,,30.84,0.21%,3614.0,0,0,0,0,0,0,0,0,0,0,1,1,0,0,0,0,0,0,0,0,0,0,0,0,-1,0,0,0,2,1,3
ACG,ATA Creativity Global ADR,Consumer Defensive,Education & Training Services,China,31930000.0,,0.74,-3.75%,7285.0,0,1,0,0,0,0,0,0,0,0,0,0,-1,0,0,0,0,0,0,0,0,0,0,0,0,0,0,0,1,1,2
ACI,Armada Acquisition Corp III,Financial,Shell Companies,USA,342340000.0,146.43,10.06,0.00%,13669.0,0,0,0,0,0,0,0,-1,0,0,0,0,0,0,0,0,0,0,0,0,0,0,0,0,0,0,0,0,0,1,1
AL,American Airlines Group Inc,Industrials,Airlines,USA,8470000000.000001,,12.8,-0.39%,67229354.0,0,0,0,0,0,0,0,0,1,0,0,0,0,0,0,0,0,0,0,0,0,0,0,0,0,0,0,0,1,0,1
AME,Atlantic American Corp,Financial,Insurance - Life,USA,24680000.0,5.37,1.21,-1.63%,12552.0,0,0,0,0,0,0,0,0,1,0,0,0,0,0,0,0,0,0,0,0,0,0,0,0,0,0,0,0,1,0,1
AMI,Acadian Asset Management Inc,Financial,Asset Management,USA,3310000000.0,32.92,93.3,0.81%,483523.0,0,0,0,0,0,0,0,0,0,0,0,0,0,0,0,0,0,1,0,0,0,0,0,0,0,0,0,0,1,0,1
AOI,Applied Optoelectronics Inc,Technology,Communication Equipment,USA,8990000000.0,,105.9,-13.58%,19419305.0,0,0,0,0,0,0,0,0,0,0,0,0,-1,0,0,0,0,0,0,0,0,0,0,0,0,0,0,0,0,1,1
AOZ,Tradr 2X Short AAOI Daily ETF,Financial,Exchange Traded Fund,USA,,,10.97,27.11%,4032402.0,0,0,0,0,0,0,0,0,0,0,0,0,0,0,0,0,0,0,0,0,0,0,0,1,0,0,0,0,1,0,1
APB,GraniteShares 2x Long AAPL Daily ETF,Financial,Exchange Traded Fund,USA,,,45.27,2.21%,21943.0,0,0,0,0,0,0,0,0,0,0,1,0,0,0,0,0,0,0,0,0,0,0,-1,0,0,0,0,0,1,1,2
APG,Ascentage Pharma Group International ADR,Healthcare,Biotechnology,China,1350000000.0,,14.55,-2.61%,12016.0,0,0,0,0,0,0,0,0,1,0,0,0,0,0,0,0,0,0,0,0,0,0,0,0,0,0,0,0,1,0,1
APL,Apple Inc,Technology,Consumer Electronics,USA,4968150000000.0,39.02,340.42,1.11%,35332449.0,0,0,0,0,0,0,0,0,0,0,1,0,0,0,0,0,0,0,0,0,0,0,0,0,0,0,0,0,1,0,1
APX,T-Rex 2X Long Apple Daily Target ETF,Financial,Exchange Traded Fund,USA,,,41.7,2.38%,19292.0,0,0,0,0,0,0,0,0,0,0,1,0,0,0,0,0,0,0,0,0,0,0,-1,0,0,0,0,0,1,1,2
APY,Kurv Yield Premium Strategy Apple (AAPL) ETF,Financial,Exchange Traded Fund,USA,,,28.17,0.97%,3879.0,0,0,0,0,0,0,0,0,0,0,1,0,0,0,0,0,0,0,0,0,0,0,-1,0,0,0,0,0,1,1,2
AUA,Alpha Architect US Equity 3 ETF,Financial,Exchange Traded Fund,USA,,,59.5,-0.57%,94.0,0,1,0,0,0,0,0,0,0,0,0,0,0,0,0,0,0,0,0,0,0,0,0,0,0,0,0,0,1,0,1
AUB,Alpha Architect US Equity 4 ETF,Financial,Exchange Traded Fund,USA,,,51.7,-0.69%,1943.0,0,0,0,0,0,0,0,0,0,0,1,1,0,0,0,0,0,0,0,0,0,0,0,0,0,0,0,0,2,0,2
AVM,Alpha Architect Global Factor Equity ETF,Financial,Exchange Traded Fund,USA,,,33.76,0.53%,193.0,0,0,0,-1,0,0,0,-1,0,0,0,0,0,0,0,0,0,0,0,0,0,0,0,0,0,0,0,0,0,2,2
B,AllianceBernstein Holding Lp,Financial,Asset Management,USA,3290000000.0,10.42,35.3,0.57%,201502.0,0,0,0,0,0,0,0,0,1,0,0,0,0,0,0,0,0,0,0,0,0,0,0,0,0,0,0,0,1,0,1
BAT,American Battery Technology Company,Industrials,Waste Management,USA,292290000.0,,2.05,-1.91%,3347970.0,0,0,0,0,0,0,0,0,1,0,0,0,0,0,0,0,0,0,0,0,0,0,0,0,0,0,0,0,1,0,1
BEQ,Absolute Select Value ETF,Financial,Exchange Traded Fund,USA,,,37.77,1.15%,2746.0,0,0,0,0,0,0,0,0,0,0,0,0,-1,0,0,0,0,0,0,0,0,0,0,0,0,0,0,0,0,1,1
BFL,Abacus FCF Leaders ETF,Financial,Exchange Traded Fund,USA,,,81.45,-0.12%,931414.0,0,0,0,0,0,1,0,0,0,0,0,0,-1,-1,0,0,0,0,0,0,0,0,0,0,0,0,0,0,1,2,3
BLG,Abacus FCF International Leaders ETF,Financial,Exchange Traded Fund,USA,,,30.33,-1.05%,2248.0,0,0,0,0,0,0,0,0,0,0,0,0,-1,0,0,1,0,0,0,0,0,0,0,0,0,0,0,0,1,1,2
BLS,Abacus FCF Small Cap Leaders ETF,Financial,Exchange Traded Fund,USA,,,21.21,0.97%,1941.0,0,0,0,0,0,0,0,0,0,0,0,0,0,0,0,0,0,0,0,0,0,0,-1,0,0,0,0,0,0,1,1
BOS,Acumen Pharmaceuticals Inc,Healthcare,Biotechnology,USA,151870000.0,,2.1,0.00%,505169.0,0,0,0,0,0,1,0,0,0,0,0,0,0,0,0,0,0,0,0,0,0,0,0,0,0,0,0,0,1,0,1
BOT,Abacus FCF Innovation Leaders ETF,Financial,Exchange Traded Fund,USA,,,44.77,0.54%,21.0,0,0,0,0,0,0,0,-1,0,0,0,0,0,0,0,0,0,0,0,0,0,0,0,0,0,0,0,0,0,1,1
BSI,Absci Corp,Healthcare,Biotechnology,USA,1530000000.0,,8.94,-3.04%,4684118.0,0,0,0,0,0,0,0,0,0,0,1,0,0,0,0,0,0,0,0,0,0,0,-1,0,0,0,0,0,1,1,2
BUF,Aptus Laddered Buffer ETF,Financial,Exchange Traded Fund,USA,,,28.03,-0.17%,1788.0,0,0,0,0,0,0,0,0,0,0,0,0,0,0,0,0,0,1,0,0,0,0,0,0,0,0,0,0,1,0,1
BUS,Arbutus Biopharma Corp,Healthcare,Biotechnology,USA,828080000.0,5.34,4.18,-2.56%,4854831.0,0,0,0,0,0,0,0,0,0,0,1,0,0,0,0,0,0,0,0,0,0,0,-1,0,0,0,0,0,1,1,2
BX,Abacus Global Management Inc,Financial,Insurance - Life,USA,813630000.0,29.13,8.32,0.36%,402484.0,0,0,0,0,0,0,0,0,0,0,0,0,0,0,0,0,0,0,0,0,0,0,0,0,0,0,-1,0,0,1,1
BXB,Abacus Flexible Bond Leaders ETF,Financial,Exchange Traded Fund,USA,,,18.65,0.05%,224.0,0,0,0,0,0,0,0,0,1,0,0,0,0,0,0,0,0,0,0,0,0,0,0,0,0,0,0,0,1,0,1
CCO,Acco Brands Corp,Industrials,Business Equipment & Supplies,USA,411690000.0,7.19,4.46,0.90%,830234.0,0,0,0,-1,0,0,0,0,0,0,0,0,0,0,0,0,0,0,0,0,0,0,0,0,0,0,0,0,0,1,1
CGO,Hartford Alpha Capture Growth ETF,Financial,Exchange Traded Fund,USA,,,39.37,-1.45%,1517.0,0,1,0,0,0,0,0,0,0,0,0,0,0,0,0,0,0,0,0,0,0,0,0,0,0,0,0,0,1,0,1
CGR,American Century Large Cap Growth ETF,Financial,Exchange Traded Fund,USA,,,72.34,-0.86%,17.0,0,0,0,0,0,0,0,-1,0,0,0,0,0,0,0,0,0,0,0,0,0,0,0,0,0,0,0,0,0,1,1
CHC,Acadia Healthcare Company Inc,Healthcare,Medical Care Facilities,USA,2650000000.0,,28.48,-2.57%,1301426.0,0,0,0,0,0,0,0,0,0,0,0,0,-1,0,0,0,0,0,0,0,0,0,0,0,0,0,0,0,0,1,1
CHR,Archer Aviation Inc,Industrials,Aerospace & Defense,USA,3630000000.0,,4.72,1.07%,29060666.0,0,0,0,0,0,0,0,0,0,0,1,0,0,0,0,0,0,0,0,0,0,0,0,0,0,0,0,0,1,0,1
CIC,American Coastal Insurance Corp,Financial,Insurance - Property & Casualty,USA,476400000.0,4.88,9.83,3.36%,269382.0,0,0,0,0,0,0,0,0,1,1,0,0,0,0,0,0,0,0,0,0,0,0,0,0,0,0,0,0,2,0,2
CII,Innovator Index Autocallable Income Strategy ETF,Financial,Exchange Traded Fund,USA,,,25.31,-0.12%,78381.0,0,0,0,0,0,0,0,0,0,0,0,0,0,0,0,1,0,0,0,0,0,0,0,0,0,0,0,0,1,0,1
CIO,Aptus Collared Investment Opportunity ETF,Financial,Exchange Traded Fund,USA,,,47.45,-0.50%,112246.0,0,0,0,0,0,0,0,-1,0,0,0,0,0,0,0,0,0,0,0,0,0,0,0,0,0,0,0,0,0,1,1
CKY,VistaShares Target 15 ACKtivist Distribution ETF,Financial,Exchange Traded Fund,USA,,,17.42,0.28%,13487.0,0,0,0,0,0,0,0,0,0,0,0,0,-1,0,0,0,0,0,0,0,0,0,0,0,0,0,0,0,0,1,1
CLO,TCW AAA CLO ETF,Financial,Exchange Traded Fund,USA,,,50.38,-0.04%,20875.0,0,1,0,-1,0,1,0,0,0,0,1,1,0,0,0,0,0,0,0,0,0,0,0,0,0,0,0,0,4,1,5
CLS,Axcelis Technologies Inc,Technology,Semiconductor Equipment & Materials,USA,4120000000.0,44.89,133.48,-3.55%,252059.0,0,0,0,0,0,0,0,0,1,0,0,0,0,0,0,0,0,0,0,0,0,0,0,0,0,0,0,0,1,0,1
CM,AECOM,Industrials,Engineering & Construction,USA,7650000000.0,21.71,59.46,2.02%,1411943.0,0,0,0,0,0,0,0,0,1,0,0,0,0,0,0,0,0,0,0,0,0,0,0,0,0,0,0,0,1,0,1
CMR,ACM Research Inc,Technology,Semiconductor Equipment & Materials,USA,4930000000.0,33.63,70.8,-2.71%,1552964.0,0,0,0,0,0,0,0,0,1,0,0,0,0,0,0,0,0,0,0,0,0,0,0,0,0,0,0,0,1,0,1
CRE,Ares Commercial Real Estate Corp,Real Estate,REIT - Mortgage,USA,203060000.0,,3.66,0.27%,650707.0,0,0,0,0,0,0,0,0,1,1,0,0,0,0,0,0,0,0,0,0,0,0,0,0,0,0,0,0,2,0,2
CSG,American Century Small Cap Growth Insights ETF,Financial,Exchange Traded Fund,USA,,,45.72,-0.50%,448.0,0,0,0,0,0,0,0,0,0,0,0,0,0,0,0,0,0,0,0,0,0,0,-1,0,0,0,0,0,0,1,1
CSI,American Customer Satisfaction ETF,Financial,Exchange Traded Fund,USA,,,76.31,0.66%,418.0,0,0,0,-1,0,0,0,0,0,0,0,0,0,0,0,0,0,0,0,0,0,0,-1,0,0,0,0,0,0,2,2
CT,Enact Holdings Inc,Financial,Insurance - Specialty,USA,6410000000.0,9.83,46.64,1.79%,261183.0,0,0,0,0,0,0,0,0,0,0,0,0,0,0,0,0,0,0,0,0,0,0,-1,0,0,0,0,0,0,1,1
CTG,Acacia Research Corp,Industrials,Business Equipment & Supplies,USA,428410000.0,,4.39,0.80%,146323.0,0,0,0,0,0,0,0,0,0,0,0,0,0,0,0,1,0,0,0,0,0,0,0,0,0,0,0,0,1,0,1
CTU,Actuate Therapeutics Inc,Healthcare,Biotechnology,USA,16300000.0,,0.68,-6.24%,324460.0,0,0,0,0,0,0,0,0,1,1,0,0,0,0,0,0,0,0,0,0,0,0,0,0,0,0,0,0,2,0,2
CV,Virtus Diversified Income & Convertible Fund,Financial,Closed-End Fund - Equity,USA,252420000.0,,24.28,-1.70%,53076.0,0,0,0,0,0,0,0,0,0,0,0,0,0,0,0,0,0,0,0,0,0,0,0,1,0,0,0,0,1,0,1
CWX,iShares MSCI ACWI ex US ETF,Financial,Exchange Traded Fund,USA,,,74.85,-0.82%,2524790.0,0,0,0,0,0,0,0,-1,0,0,0,0,0,0,0,0,0,0,0,0,0,0,0,0,0,0,0,0,0,1,1
CYN,FT Vest Laddered Autocallable Barrier & Income ETF,Financial,Exchange Traded Fund,USA,,,20.74,-0.10%,2415829.0,0,0,0,0,0,1,0,0,0,0,1,0,0,0,0,0,0,0,0,0,0,0,0,0,0,0,0,0,2,0,2
CYS,FT Vest Laddered Autocallable Barrier & Resilient Income ETF,Financial,Exchange Traded Fund,USA,,,20.46,-0.15%,443757.0,0,0,0,0,0,0,0,0,0,0,0,0,0,0,0,1,0,0,0,0,0,0,0,0,0,0,0,0,1,0,1
D,Array Digital Infrastructure Inc,Communication Services,Telecom Services,USA,2910000000.0,3.91,33.66,-1.41%,261927.0,0,0,0,0,0,0,0,0,1,1,0,0,0,0,0,0,0,0,0,0,0,0,0,0,0,0,0,0,2,0,2
DAG,Adagene Inc ADR,Healthcare,Biotechnology,China,186650000.0,,2.78,-1.07%,240474.0,0,1,0,0,0,0,0,0,1,1,0,0,0,0,0,0,0,0,0,0,0,0,0,0,0,0,0,0,3,0,3
DC,Agree Realty Corp,Real Estate,REIT - Retail,USA,8189999999.999999,35.46,65.82,1.01%,1719089.0,0,0,0,0,0,0,0,0,0,0,1,0,0,0,0,0,0,0,0,0,0,0,0,0,0,0,0,0,1,0,1
DCT,Adc Therapeutics SA,Healthcare,Drug Manufacturers - Specialty & Generic,Switzerland,202990000.0,,1.59,11.97%,5552058.0,0,0,0,0,0,0,0,0,0,0,0,0,0,0,0,0,0,0,0,0,0,0,0,0,0,1,0,0,1,0,1
DGM,Adagio Medical Holdings Inc,Healthcare,Medical Devices,USA,2890000.0,,0.13,-2.84%,1492363.0,0,0,0,0,0,0,0,0,1,0,0,0,0,0,0,0,0,0,0,0,0,0,0,0,0,0,0,0,1,0,1
DIV,Guinness Atkinson Asia Pacific Dividend Builder ETF,Financial,Exchange Traded Fund,USA,,,19.33,-0.54%,5424.0,0,0,0,0,0,0,0,-1,0,0,0,0,0,0,0,0,0,0,0,0,0,0,0,0,0,0,0,0,0,1,1
DM,Archer Daniels Midland Co,Consumer Defensive,Farm Products,USA,39740000000.0,22.57,82.45,1.36%,3009026.0,0,0,0,0,0,1,0,0,0,0,1,0,0,0,0,0,0,0,0,0,1,0,-1,0,0,0,0,0,3,1,4
DNT,Adient plc,Consumer Cyclical,Auto Parts,USA,1360000000.0,29.46,17.62,0.40%,937166.0,0,0,0,0,0,0,0,0,1,1,0,0,0,0,0,0,0,0,0,0,0,0,0,0,0,0,0,0,2,0,2
DPT,Adaptive Biotechnologies Corp,Healthcare,Diagnostics & Research,USA,4160000000.0,,26.09,-0.72%,2646924.0,0,0,0,0,0,0,0,-1,0,0,0,0,0,0,0,0,0,0,0,0,0,0,0,0,0,0,0,0,0,1,1
DPV,Adaptiv Select ETF,Financial,Exchange Traded Fund,USA,,,43.89,-0.04%,8611.0,0,0,0,0,0,0,0,0,1,0,0,0,0,0,0,0,0,0,0,0,0,0,0,0,0,0,0,0,1,0,1
DSE,Ads-Tec Energy Plc,Industrials,Electrical Equipment & Parts,Ireland,709000000.0,,9.43,-2.68%,38482.0,0,1,0,0,0,0,0,0,0,0,0,0,0,0,0,0,0,0,0,0,0,0,0,0,0,0,0,0,1,0,1
DX,Adams Diversified Equity Fund,Financial,Closed-End Fund - Equity,USA,3220000000.0,,25.8,-0.92%,216911.0,0,0,0,-1,0,0,0,0,0,0,1,0,0,0,0,0,0,0,0,0,0,0,0,0,-1,0,0,0,1,2,3
DXN,Addex Therapeutics Ltd ADR,Healthcare,Biotechnology,Switzerland,3370000.0,,3.18,1.60%,11678.0,0,0,0,-1,0,0,0,0,0,0,0,0,0,0,0,0,0,0,0,-1,0,0,0,0,0,0,0,0,0,2,2
EC,Anfield Energy Inc,Energy,Uranium,Canada,64640000.0,,3.24,-3.28%,70201.0,0,0,0,0,0,0,0,0,0,0,1,0,0,0,0,0,0,0,0,0,0,0,0,0,0,0,0,0,1,0,1
EF,abrdn Emerging Markets ex-China Fund Inc,Financial,Closed-End Fund - Equity,USA,375970000.0,,9.26,-2.22%,54279.0,0,0,0,0,0,0,0,0,0,0,1,0,0,0,0,0,0,0,0,0,0,0,0,0,-1,0,0,0,1,1,2
EHG,Leverage Shares 2X Long AEHR Daily ETF,Financial,Exchange Traded Fund,USA,,,6.63,-5.01%,1988417.0,0,1,0,0,0,0,0,0,0,0,0,0,0,0,0,0,0,0,0,0,0,0,0,0,0,0,0,0,1,0,1
EIS,Advanced Energy Industries Inc,Industrials,Electrical Equipment & Parts,USA,11380000000.0,53.0,284.24,-2.74%,388332.0,0,0,0,0,0,0,0,0,1,0,0,0,-1,0,0,0,0,0,0,0,0,0,0,0,0,0,0,0,1,1,2
EMD,Aethlon Medical Inc,Healthcare,Medical Devices,USA,9640000.0,,6.01,-0.99%,24907.0,0,0,0,0,0,0,0,0,1,0,0,0,0,0,0,0,0,0,0,0,0,0,0,0,0,0,0,0,1,0,1
ENT,Alliance Entertainment Holding Corp,Communication Services,Entertainment,USA,230430000.0,17.66,4.52,0.44%,45550.0,0,0,0,0,0,0,0,0,0,0,0,0,-1,-1,0,0,0,0,0,0,0,0,0,0,0,0,0,0,0,2,2
EO,American Eagle Outfitters Inc,Consumer Cyclical,Apparel Retail,USA,3010000000.0,9.2,17.97,1.76%,4099561.0,0,0,0,0,0,0,0,0,0,0,0,0,-1,0,0,0,0,0,0,0,0,0,0,1,0,0,0,0,1,1,2
EON,AEON Biopharma Inc,Healthcare,Biotechnology,USA,15470000.0,,0.31,-0.40%,1134043.0,0,0,0,0,0,0,0,0,1,0,0,0,0,0,0,0,0,0,0,0,0,0,0,0,0,0,0,0,1,0,1
ERO,Grupo Aeromexico SAB de CV ADR,Industrials,Airlines,Mexico,2300000000.0,10.67,15.78,-3.37%,362606.0,0,0,0,0,0,0,0,0,0,0,0,0,0,0,0,1,0,0,0,0,0,0,0,0,0,0,0,0,1,0,1
ESI,Atlas Energy Solutions Inc,Energy,Oil & Gas Equipment & Services,USA,1520000000.0,,12.16,-2.41%,3950927.0,0,0,0,0,0,0,0,0,1,0,0,0,0,0,0,0,0,0,0,0,0,0,0,0,0,0,0,0,1,0,1
ESP,Aeon Acquisition I Corp,Financial,Shell Companies,USA,213470000.0,1467.65,9.98,-0.10%,36647.0,0,0,0,0,0,0,0,0,0,0,0,0,0,0,0,0,0,0,0,0,0,0,-1,0,0,0,0,0,0,1,1
EXA,American Exceptionalism Acquisition Corp A,Financial,Shell Companies,USA,535659999.99999994,,10.83,-0.18%,567566.0,0,0,0,0,0,0,0,0,0,0,1,0,0,0,0,0,0,0,0,0,0,0,0,0,0,0,0,0,1,0,1
EYE,AudioEye Inc,Technology,Software - Application,USA,85980000.0,,6.84,-1.58%,87300.0,0,1,0,0,0,0,0,0,0,0,0,0,-1,0,0,0,0,0,0,0,0,0,0,0,0,0,0,0,1,1,2
FEM,First Trust Active Factor Emerging Markets ETF,Financial,Exchange Traded Fund,USA,,,97.09,-1.50%,3201.0,0,1,0,0,0,0,0,0,0,0,0,0,0,0,0,0,0,0,0,0,0,0,0,0,0,0,0,0,1,0,1
FIF,Anfield Universal Fixed Income ETF,Financial,Exchange Traded Fund,USA,,,9.26,0.00%,430848.0,0,0,0,0,0,0,0,0,1,0,0,0,0,0,0,0,0,0,0,0,0,0,0,0,0,0,-1,0,1,1,2
FMC,First Trust Active Factor Mid Cap ETF,Financial,Exchange Traded Fund,USA,,,40.3,0.47%,34787.0,0,0,0,-1,0,0,0,0,0,0,0,0,0,0,0,0,0,0,0,0,0,0,0,0,0,0,0,0,0,1,1
FOS,ARS Focused Opportunity Strategy ETF,Financial,Exchange Traded Fund,USA,,,45.61,-0.89%,22831.0,0,0,0,0,0,0,0,0,0,0,1,1,0,0,0,0,0,0,0,0,0,0,0,0,-1,0,0,0,2,1,3
FRM,Affirm Holdings Inc,Financial,Credit Services,USA,26030000000.0,13.97,77.15,2.44%,5231285.0,0,0,0,0,0,0,0,0,0,0,1,0,0,0,0,0,0,0,0,0,0,0,0,0,0,0,0,0,1,0,1
GBK,AGI Inc,Financial,Banks - Regional,Brazil,1040000000.0,6.71,6.51,0.00%,336894.0,0,0,0,0,0,1,0,0,1,0,0,0,0,0,0,0,0,0,0,-1,0,0,0,0,0,0,0,0,2,1,3
GEM,abrdn Emerging Markets Dividend Active ETF,Financial,Exchange Traded Fund,USA,,,47.52,-2.10%,30911.0,0,0,0,0,0,0,0,0,0,0,1,0,0,0,0,0,0,0,0,0,0,0,0,0,-1,0,0,0,1,1,2
GI,Alamos Gold Inc,Basic Materials,Gold,Canada,13490000000.0,11.6,32.22,2.19%,2726673.0,0,1,0,0,0,0,0,0,0,0,0,0,0,0,0,0,0,0,0,0,0,0,0,0,0,0,0,0,1,0,1
GMH,AGM Group Holdings Inc,Technology,Computer Hardware,Hong Kong,3120000.0,0.12,0.6,7.17%,646348.0,0,0,0,0,0,0,0,0,1,1,0,0,0,0,0,0,0,0,0,0,0,0,0,0,0,0,0,0,2,0,2
GNT,AGNT Inc,Real Estate,Real Estate Services,USA,670140000.0,,4.01,5.94%,2144758.0,0,0,0,-1,0,0,0,0,1,1,0,0,0,0,0,0,0,0,0,0,0,0,0,0,0,0,0,0,2,1,3
GOX,Adaptive Alpha Opportunities ETF,Financial,Exchange Traded Fund,USA,,,33.53,-0.55%,11268.0,0,0,0,0,0,0,0,0,0,0,0,0,-1,0,0,0,0,0,0,0,0,0,0,0,0,0,0,0,0,1,1
GRW,Allspring LT Large Growth ETF,Financial,Exchange Traded Fund,USA,,,33.56,-1.17%,130.0,0,0,0,0,0,0,0,0,0,0,1,1,0,0,0,0,0,0,0,0,0,0,0,0,0,0,0,0,2,0,2
GRZ,Agroz Inc,Consumer Defensive,Farm Products,Malaysia,10290000.0,,3.62,6.78%,195552.0,0,0,0,0,0,1,0,0,0,0,0,0,-1,0,0,0,0,0,0,0,0,0,0,0,0,0,0,0,1,1,2
GX,Argan Inc,Industrials,Engineering & Construction,USA,5590000000.0,31.52,398.66,-1.42%,336507.0,0,0,0,0,0,1,0,0,0,0,0,0,0,0,0,0,0,0,0,0,0,0,0,0,0,0,0,0,1,0,1
HLT,American Beacon AHL Trend ETF,Financial,Exchange Traded Fund,USA,,,31.17,-0.98%,13455.0,0,1,0,0,0,0,0,0,0,0,1,1,0,0,0,0,0,0,0,0,0,0,0,0,0,0,0,0,3,0,3
HYB,American Century Select High Yield ETF,Financial,Exchange Traded Fund,USA,,,44.74,-0.06%,468.0,0,0,0,-1,0,0,0,0,0,0,0,0,0,0,0,0,0,0,0,0,0,0,0,0,0,0,0,0,0,1,1
I,C3.ai Inc,Technology,Software - Infrastructure,USA,1820000000.0,,11.34,0.98%,4450184.0,0,0,0,0,0,0,0,0,0,0,0,0,-1,0,0,0,0,0,0,0,0,0,0,0,0,0,0,0,0,1,1
IB,AIB Data Centers Inc,Technology,Software - Infrastructure,USA,108650000.0,,1.43,-4.67%,1218882.0,0,0,0,0,0,0,0,0,0,0,0,0,-1,0,0,0,0,0,0,0,0,0,0,0,0,0,0,0,0,1,1
IBZ,Bitzero Holdings Inc,Technology,Software - Infrastructure,Canada,187410000.0,,3.37,-0.30%,376632.0,0,0,0,0,0,0,0,0,1,1,0,0,0,0,0,0,0,0,0,0,0,0,0,0,0,0,0,0,2,0,2
IFC,AI Financial Corp,Technology,Software - Infrastructure,USA,61390000.0,,0.44,-1.13%,791204.0,0,0,0,0,0,0,0,0,1,0,0,0,0,0,0,0,0,0,0,0,0,0,0,0,0,0,0,0,1,0,1
IFF,Firefly Neuroscience Inc,Technology,Software - Application,USA,18980000.0,,1.21,-0.82%,274457.0,0,0,0,0,0,0,0,0,1,0,0,0,0,0,0,0,0,0,0,0,0,0,0,0,0,0,0,0,1,0,1
IG,American International Group Inc,Financial,Insurance - Diversified,USA,40290000000.0,14.12,77.05,1.84%,3888796.0,0,0,0,0,0,0,0,0,0,0,0,0,0,0,0,0,0,0,0,0,1,0,0,0,0,0,0,0,1,0,1
IM,AIM ImmunoTech Inc,Healthcare,Biotechnology,USA,7160000.0,,0.18,-1.75%,483774.0,0,0,0,-1,0,0,0,0,0,0,0,0,0,0,0,0,0,0,0,0,0,0,0,0,0,0,0,0,0,1,1
INT,FINQ DOLLAR NEUTRAL U.S. Large Cap AI-Managed Equity ETF,Financial,Exchange Traded Fund,USA,,,34.06,-3.83%,1409.0,0,0,0,0,0,0,0,0,0,0,1,0,0,0,0,0,0,0,0,0,0,0,0,0,0,0,0,0,1,0,1
IO,Virtus Artificial Intelligence & Technology Opportunities Fund,Financial,Closed-End Fund - Equity,USA,873030000.0,,25.35,-0.59%,85708.0,0,0,0,0,0,0,0,0,1,1,0,0,0,0,0,0,0,0,0,0,0,0,0,0,0,0,0,0,2,0,2
IOT,PowerFleet Inc,Technology,Software - Application,USA,354350000.0,,2.64,0.38%,1917324.0,0,0,0,0,0,0,0,0,0,0,0,0,-1,0,0,0,0,0,0,0,0,0,0,0,0,0,0,0,0,1,1
IRI,Air Industries Group,Industrials,Aerospace & Defense,USA,12610000.0,,2.6,-0.38%,3635.0,0,0,0,-1,0,0,0,0,0,0,0,0,0,0,0,0,0,0,0,-1,0,0,0,0,0,0,0,0,0,2,2
IRJ,AirJoule Technologies Corp,Industrials,Building Products & Equipment,USA,277510000.0,,3.69,0.27%,1091232.0,0,0,0,0,0,0,0,0,0,0,0,0,0,0,0,0,0,1,0,0,0,0,0,0,0,0,0,0,1,0,1
IRT,Air T Inc,Industrials,Conglomerates,USA,81770000.0,1.29,30.51,-0.65%,14488.0,0,0,0,0,0,0,0,0,0,0,0,0,0,0,0,1,0,0,0,0,0,0,0,0,0,0,0,0,1,0,1
IS,VistaShares Artificial Intelligence Supercycle ETF,Financial,Exchange Traded Fund,USA,,,73.62,-4.18%,498959.0,0,0,0,0,0,0,0,0,1,0,0,0,0,0,0,0,0,0,0,0,0,0,0,0,0,0,0,0,1,0,1
ISP,Airship AI Holdings Inc,Technology,Software - Infrastructure,USA,78870000.0,2.99,2.29,7.01%,2376300.0,0,0,0,0,0,0,0,0,1,0,0,0,0,0,0,0,0,0,0,0,0,0,0,0,0,0,0,0,1,0,1
IT,Applied Industrial Technologies Inc,Industrials,Industrial Distribution,USA,12200000000.0,30.31,332.12,-0.74%,196974.0,0,0,0,-1,0,0,0,0,0,0,0,0,-1,0,0,0,0,0,0,0,0,0,0,0,0,0,-1,0,0,3,3
IUP,FINQ FIRST U.S. Large Cap AI-Managed Equity ETF,Financial,Exchange Traded Fund,USA,,,31.45,-2.36%,731.0,0,1,0,0,0,0,0,0,0,0,0,0,0,0,0,0,0,0,0,0,0,0,0,0,0,0,0,0,1,0,1
IVC,Amplify Bloomberg AI Equal Weight ETF,Financial,Exchange Traded Fund,USA,,,117.27,-2.25%,14710.0,0,0,0,0,0,0,0,0,0,0,0,0,-1,0,0,0,0,0,0,0,0,0,0,0,0,0,0,0,0,1,1
IYY,YieldMax AI Option Income Strategy ETF,Financial,Exchange Traded Fund,USA,,,7.4,-1.33%,76591.0,0,0,0,0,0,1,0,0,0,0,0,0,0,0,0,0,0,0,0,0,0,0,0,0,0,0,0,0,1,0,1
JAN,Innovator Equity Defined Protection ETF - 2 Yr to January 2028,Financial,Exchange Traded Fund,USA,,,28.74,0.05%,20341.0,0,0,0,-1,0,0,0,0,0,0,0,0,0,0,0,0,0,1,0,0,0,0,0,0,0,0,0,0,1,1,2
KA,a.k.a. Brands Holding Corp,Consumer Cyclical,Apparel Retail,USA,118210000.0,,10.76,-0.94%,1239.0,0,0,0,0,0,0,0,0,1,0,0,0,0,0,0,0,0,0,0,0,0,0,0,0,0,0,0,0,1,0,1
KBA,Akebia Therapeutics Inc,Healthcare,Drug Manufacturers - Specialty & Generic,USA,225780000.0,,0.81,-6.71%,7446900.0,0,0,0,0,0,0,0,0,1,0,0,0,0,0,0,0,0,0,0,0,0,0,0,0,0,0,0,0,1,0,1
KO-B,Embotelladora Andina SA ADR,Consumer Defensive,Beverages - Non-Alcoholic,Chile,2330000000.0,13.91,29.59,-6.06%,5900.0,0,0,0,0,0,0,0,0,0,0,0,0,-1,0,0,1,0,0,0,0,0,0,0,0,0,0,0,0,1,1,2
KR,Acadia Realty Trust,Real Estate,REIT - Retail,USA,2540000000.0,53.76,18.18,0.55%,1293206.0,0,0,0,0,0,0,0,0,0,0,1,0,0,0,0,0,0,0,0,0,0,0,0,0,0,0,0,0,1,0,1
LAI,Alger AI Enablers & Adopters ETF,Financial,Exchange Traded Fund,USA,,,46.49,-2.37%,61113.0,0,0,0,0,0,0,0,0,0,0,1,1,0,0,0,0,0,0,0,0,0,0,0,0,0,0,0,0,2,0,2
LB,Albemarle Corp,Basic Materials,Specialty Chemicals,USA,12050000000.0,,102.1,-0.63%,3904287.0,0,0,0,0,0,0,0,0,1,0,0,0,0,0,0,0,0,0,0,0,0,0,0,0,0,0,0,0,1,0,1
LDX,Aldeyra Therapeutics Inc,Healthcare,Biotechnology,USA,57170000.0,,0.95,-1.14%,1178535.0,0,0,0,0,0,0,0,0,0,0,1,0,0,0,0,0,0,0,0,0,0,0,0,0,0,0,0,0,1,0,1
LEC,Alector Inc,Healthcare,Biotechnology,USA,225550000.0,,2.02,5.21%,6453307.0,0,0,0,0,0,0,0,0,0,0,0,0,0,0,0,0,0,0,0,0,0,0,0,0,-1,0,0,0,0,1,1
LG,Alamo Group Inc,Industrials,Farm & Heavy Construction Machinery,USA,1890000000.0,18.62,155.39,-0.97%,168940.0,0,0,0,0,0,0,0,0,1,0,0,0,0,0,0,1,0,0,0,0,0,0,0,0,0,0,0,1,3,0,3
LGT,Allegiant Travel,Industrials,Airlines,USA,2089999999.9999998,54.32,76.42,0.18%,621718.0,0,0,0,0,0,0,0,0,0,0,0,0,-1,0,0,0,0,0,0,0,0,0,0,0,0,1,0,0,1,1,2
LIL,Argent Focused Small Cap ETF,Financial,Exchange Traded Fund,USA,,,30.14,-0.54%,6949.0,0,0,0,0,0,0,0,0,0,0,0,0,-1,0,0,0,0,0,0,0,0,0,0,0,0,0,0,0,0,1,1
LLO,Allogene Therapeutics Inc,Healthcare,Biotechnology,USA,483690000.0,,1.4,-2.10%,7983952.0,0,0,0,0,0,0,0,0,1,0,0,0,0,0,0,0,0,0,0,0,0,0,0,0,0,0,0,0,1,0,1
LLR,Allarity Therapeutics Inc,Healthcare,Biotechnology,USA,15630000.0,,0.98,-0.21%,63784.0,0,0,0,0,0,0,0,0,0,0,0,0,0,0,0,0,0,0,0,0,0,0,0,0,0,0,-1,0,0,1,1
LMU,Aeluma Inc,Technology,Semiconductors,USA,230420000.0,,11.93,-7.52%,750424.0,0,0,0,0,0,0,0,0,0,0,0,0,0,0,0,0,0,0,0,0,0,0,0,1,0,0,0,0,1,0,1
LOY,REalloys Inc,Basic Materials,Other Industrial Metals & Mining,USA,526190000.00000006,,7.58,-4.41%,2073503.0,0,1,0,0,0,0,0,0,0,0,0,0,0,0,0,0,0,0,0,0,0,0,0,0,0,1,0,0,2,0,2
LSN,Allison Transmission Holdings Inc,Consumer Cyclical,Auto Parts,USA,9010000000.0,17.32,109.11,-1.49%,991001.0,0,0,0,0,0,0,0,0,0,0,0,0,-1,0,0,0,0,0,0,0,0,0,0,0,0,0,0,0,0,1,1
LTO,Alto Ingredients Inc,Basic Materials,Specialty Chemicals,USA,289330000.0,5.6,3.73,2.33%,991321.0,0,0,0,0,0,0,0,0,1,0,0,0,0,0,0,0,0,0,0,0,1,0,-1,0,0,0,0,0,2,1,3
LX,Alexander's Inc,Real Estate,REIT - Retail,USA,1230000000.0,7.31,241.48,0.14%,58451.0,0,1,0,0,0,0,0,0,0,0,0,0,-1,0,0,0,0,0,0,0,0,0,0,0,0,0,0,0,1,1,2
MAL,Amalgamated Financial Corp,Financial,Banks - Regional,USA,1410000000.0,12.58,47.18,1.18%,246844.0,0,0,0,0,0,1,0,0,0,0,0,0,0,0,0,0,0,1,0,0,0,0,0,0,0,0,0,0,2,0,2
MBA,Ambarella Inc,Technology,Semiconductor Equipment & Materials,USA,2780000000.0,,62.89,-3.73%,1405608.0,0,0,0,0,0,0,0,0,0,0,0,0,-1,0,0,0,0,0,0,0,0,0,0,0,0,0,0,0,0,1,1
MBO,Ambow Education Holding Ltd ADR,Consumer Defensive,Education & Training Services,USA,4820000.0,,1.84,0.00%,304.0,0,0,0,0,0,0,0,0,0,0,0,0,-1,0,0,0,0,0,0,0,0,0,0,0,0,0,0,0,0,1,1
MCI,AMC Robotics Corp,Technology,Computer Hardware,USA,65629999.99999999,,2.8,-3.78%,37081.0,0,0,0,0,0,0,0,0,1,1,0,0,0,0,0,0,0,0,0,0,0,0,0,0,0,0,0,0,2,0,2
MDL,GraniteShares 2x Long AMD Daily ETF,Financial,Exchange Traded Fund,USA,,,80.83,-7.87%,1877233.0,0,0,0,0,0,0,0,0,0,0,0,0,0,0,0,0,0,0,0,0,1,0,0,0,0,0,0,0,1,0,1
ME,Ametek Inc,Industrials,Specialty Industrial Machinery,USA,56750000000.0,36.18,247.52,-0.44%,1221901.0,0,0,0,0,0,0,0,0,1,0,0,0,0,0,0,0,0,0,0,0,0,0,0,0,0,0,0,0,1,0,1
MRC,Ameresco Inc,Industrials,Engineering & Construction,USA,1110000000.0,40.35,21.01,-4.20%,565728.0,0,0,0,0,0,1,0,0,1,0,0,0,0,0,0,0,0,0,0,0,0,0,0,0,0,0,0,0,2,0,2
MRX,Amneal Pharmaceuticals Inc,Healthcare,Drug Manufacturers - Specialty & Generic,USA,6280000000.0,41.01,19.65,0.00%,3241916.0,0,0,0,0,0,0,0,-1,0,0,0,0,0,0,0,0,0,0,0,0,0,0,0,0,0,0,0,0,0,1,1
MS,American Shared Hospital Services,Healthcare,Medical Care Facilities,USA,8850000.0,,1.33,-1.48%,3670.0,0,0,0,0,0,0,0,0,0,0,0,0,0,0,0,1,0,0,0,0,0,0,0,0,0,0,0,0,1,0,1
MSC,American Superconductor Corp,Industrials,Specialty Industrial Machinery,USA,1500000000.0,10.22,30.95,-2.49%,1066172.0,0,1,0,0,0,1,0,0,0,0,0,0,0,0,0,0,0,0,0,0,0,0,0,0,0,0,0,0,2,0,2
MT,American Tower Corp,Real Estate,REIT - Specialty,USA,77690000000.0,22.92,166.73,0.33%,4444330.0,0,0,0,0,0,0,0,0,1,0,0,0,0,0,0,0,0,0,0,0,0,0,0,0,0,0,0,0,1,0,1
MTB,Amerant Bancorp Inc,Financial,Banks - Regional,USA,1140000000.0,20.83,29.03,1.26%,429569.0,0,0,0,0,0,0,0,0,0,0,0,0,-1,0,0,0,0,0,0,0,0,0,0,0,0,0,0,0,0,1,1
MTX,Aemetis Inc,Basic Materials,Specialty Chemicals,USA,124860000.0,,1.73,-1.14%,621763.0,0,0,0,0,0,0,0,0,1,0,0,0,-1,0,0,0,0,0,0,0,0,0,0,0,0,0,0,0,1,1,2
MWL,American Well Corp,Healthcare,Health Information Services,USA,213120000.0,,12.53,-0.87%,72525.0,0,0,0,0,0,0,0,-1,0,0,0,0,0,0,0,0,0,0,0,0,0,0,0,0,0,0,0,0,0,1,1
MYY,GraniteShares YieldBOOST AMD ETF,Financial,Exchange Traded Fund,USA,,,13.52,-1.20%,64648.0,0,0,0,0,0,0,0,0,1,0,0,0,0,0,0,0,0,0,0,0,0,0,0,0,0,0,0,0,1,0,1
MZD,Direxion Daily AMZN Bear 1X ETF,Financial,Exchange Traded Fund,USA,,,8.58,2.26%,11694322.0,0,0,0,0,0,0,0,0,1,0,0,0,0,0,0,0,0,0,0,0,0,0,0,0,0,0,0,0,1,0,1
MZO,Tradr 2X Short AMZN Daily ETF,Financial,Exchange Traded Fund,USA,,,14.13,4.67%,10199.0,0,0,0,0,0,0,0,0,1,0,0,0,0,0,0,0,0,0,0,0,0,0,0,0,0,0,0,0,1,0,1
MZP,Kurv Yield Premium Strategy Amazon (AMZN) ETF,Financial,Exchange Traded Fund,USA,,,25.42,-2.43%,7791.0,0,0,0,0,0,0,0,0,0,0,0,0,0,0,0,1,0,0,0,0,0,0,0,0,0,0,0,0,1,0,1
MZU,Direxion Daily AMZN Bull 2X ETF,Financial,Exchange Traded Fund,USA,,,35.23,-4.42%,2225663.0,0,0,0,0,0,0,0,0,0,0,1,0,0,0,0,0,0,0,0,0,0,0,0,0,-1,0,0,0,1,1,2
MZW,Roundhill AMZN WeeklyPay ETF,Financial,Exchange Traded Fund,USA,,,34.93,-2.38%,8955.0,0,0,0,0,0,0,0,0,0,0,0,0,-1,0,0,0,0,0,0,0,0,0,0,0,0,0,0,0,0,1,1
MZY,YieldMax AMZN Option Income Strategy ETF,Financial,Exchange Traded Fund,USA,,,10.39,-1.89%,184822.0,0,0,0,0,0,0,0,0,1,0,0,0,0,0,0,0,0,0,0,0,0,0,0,0,0,0,0,0,1,0,1
MZZ,GraniteShares 2x Long AMZN Daily ETF,Financial,Exchange Traded Fund,USA,,,33.11,-4.41%,71268.0,0,0,0,0,0,0,0,0,0,0,1,0,0,0,0,0,0,0,0,0,0,0,0,0,-1,0,0,0,1,1,2
NAB,AnaptysBio Inc,Healthcare,Biotechnology,USA,1380000000.0,7.17,46.21,1.23%,554155.0,0,0,0,0,0,0,0,0,0,0,0,0,0,0,0,0,0,0,0,0,1,0,-1,0,0,0,0,0,1,1,2
NDE,Andersons Inc,Consumer Defensive,Food Distribution,USA,2260000000.0,12.84,66.53,0.89%,340893.0,0,0,0,0,0,1,0,0,1,0,0,0,0,0,0,0,0,0,0,0,0,0,0,0,0,0,0,0,2,0,2
NEW,ProShares MSCI Transformational Changes ETF,Financial,Exchange Traded Fund,USA,,,54.02,-0.54%,13.0,0,0,0,0,0,0,0,-1,0,0,0,0,0,0,0,0,0,0,0,0,0,0,0,0,0,0,0,0,0,1,1
NGH,Anghami Inc,Communication Services,Entertainment,United Arab Emirates,32000000.0,,3.53,0.20%,16239.0,0,0,0,0,0,1,0,0,0,0,0,0,0,0,0,0,0,0,0,0,0,0,0,0,0,0,0,0,1,0,1
NIP,ANI Pharmaceuticals Inc,Healthcare,Drug Manufacturers - Specialty & Generic,USA,1650000000.0,15.54,71.98,0.07%,419713.0,0,0,0,0,0,0,0,0,1,0,0,0,0,0,0,0,0,0,0,0,0,0,0,0,0,0,0,0,1,0,1
NL,Adlai Nortye Group Ltd ADR,Healthcare,Biotechnology,China,910900000.0,,15.51,10.39%,985260.0,0,0,0,0,0,0,0,0,0,0,1,0,0,0,0,0,0,0,0,0,0,0,-1,0,0,0,0,0,1,1,2
NNA,AleAnna Inc,Energy,Oil & Gas E&P,USA,170690000.0,13.16,2.55,-3.77%,252406.0,0,0,0,0,0,0,0,0,0,0,0,0,-1,0,0,0,0,0,0,0,0,0,0,0,0,0,0,0,0,1,1
NV,GraniteShares Autocallable NVDA ETF,Financial,Exchange Traded Fund,USA,,,25.29,0.04%,10526.0,0,0,0,0,0,0,0,0,0,0,0,0,0,0,0,1,0,0,0,0,0,0,0,0,0,0,0,0,1,0,1
NVS,Annovis Bio Inc,Healthcare,Biotechnology,USA,49930000.0,,1.17,-3.31%,815395.0,0,0,0,0,0,0,0,0,1,0,0,0,0,0,0,0,0,0,0,0,0,0,0,0,0,0,0,0,1,0,1
OA,iShares Core 80/20 Aggressive Allocation ETF,Financial,Exchange Traded Fund,USA,,,97.48,-0.37%,215713.0,0,0,0,0,0,0,0,0,0,0,1,0,0,0,0,0,0,0,0,0,0,0,0,0,-1,0,0,0,1,1,2
OK,iShares Core 30/70 Conservative Allocation ETF,Financial,Exchange Traded Fund,USA,,,40.4,0.00%,246562.0,0,0,0,0,0,0,0,0,0,0,0,0,-1,0,0,0,0,0,0,0,1,0,0,0,-1,0,0,0,1,2,3
OM,iShares Core 40/60 Moderate Allocation ETF,Financial,Exchange Traded Fund,USA,,,48.68,-0.08%,605326.0,0,0,0,0,0,0,0,0,0,0,0,0,0,0,0,0,0,0,0,0,0,0,-1,0,0,0,0,0,0,1,1
OMR,Angel Oak Mortgage REIT Inc,Real Estate,REIT - Mortgage,USA,168770000.0,9.78,7.27,1.82%,132305.0,0,0,0,0,0,0,0,0,0,0,0,0,0,0,0,0,0,0,0,0,1,0,0,0,0,0,0,0,1,0,1
ON,Aon Plc,Financial,Insurance Brokers,Ireland,58780000000.0,15.28,277.12,2.46%,1976734.0,0,1,0,0,0,0,0,0,0,0,0,0,0,0,0,0,0,0,0,0,0,0,0,0,0,0,0,0,1,0,1
OSL,Alpha & Omega Semiconductor Ltd,Technology,Semiconductors,USA,860970000.0,,28.41,-2.84%,623350.0,0,0,0,0,0,0,0,0,1,1,0,0,0,0,0,0,0,0,0,0,0,0,0,0,0,0,0,0,2,0,2
PAC,StoneBridge Acquisition II Corp,Financial,Shell Companies,USA,82880000.0,78.44,10.27,0.15%,8.0,0,0,0,0,0,1,0,0,0,0,0,0,0,0,0,0,0,1,0,0,0,0,0,0,0,0,0,0,2,0,2
PC,ARKO Petroleum Corp,Energy,Oil & Gas Refining & Marketing,USA,774440000.0,,16.28,0.25%,77624.0,0,0,0,0,0,0,0,0,0,0,0,0,0,0,0,0,0,0,0,0,0,0,-1,0,0,0,0,0,0,1,1
PHG,Leverage Shares 2X Long APH Daily ETF,Financial,Exchange Traded Fund,USA,,,15.77,-5.75%,11582.0,0,0,0,0,0,0,0,0,0,0,1,0,0,0,0,0,0,0,0,0,0,0,0,0,0,0,0,0,1,0,1
PLE,Apple Hospitality REIT Inc,Real Estate,REIT - Hotel & Motel,USA,3830000000.0,21.88,16.22,1.12%,2617929.0,0,0,0,-1,0,0,0,0,0,0,0,0,0,0,0,0,0,0,0,0,0,0,0,0,0,0,0,0,0,1,1
PLU,Allspring Core Plus ETF,Financial,Exchange Traded Fund,USA,,,23.45,0.60%,70778.0,0,0,0,-1,0,0,0,0,0,0,0,0,0,0,0,0,0,0,0,-1,0,0,0,0,0,0,0,0,0,2,2
POG,Apogee Enterprises Inc,Industrials,Building Products & Equipment,USA,851920000.0,12.93,40.77,-0.83%,409926.0,0,0,0,0,0,1,0,0,0,0,0,0,0,0,0,0,0,0,0,0,0,0,0,0,0,0,0,0,1,0,1
PPS,Digital Turbine Inc,Technology,Software - Application,USA,1310000000.0,,10.78,1.41%,3143772.0,0,0,0,0,0,0,0,-1,0,0,0,0,0,0,0,0,0,0,0,0,0,0,0,0,0,0,0,0,0,1,1
PUS,Apimeds Pharmaceuticals US Inc,Healthcare,Drug Manufacturers - Specialty & Generic,USA,8320000.0,,5.51,-21.84%,1112749.0,0,0,0,0,0,0,0,0,1,0,0,0,0,0,0,0,0,0,0,0,0,0,0,0,0,0,0,0,1,0,1
PXM,FT Vest U.S. Equity Max Buffer ETF - April,Financial,Exchange Traded Fund,USA,,,32.24,-0.02%,10.0,0,0,0,0,0,0,0,0,0,0,1,1,0,0,0,0,0,0,0,0,0,0,0,0,0,0,0,0,2,0,2
QB,AquaBounty Technologies Inc,Consumer Defensive,Farm Products,USA,5010000.0,,0.97,5.49%,85616.0,0,1,0,0,0,0,0,0,0,0,0,0,0,0,0,0,0,0,0,0,0,0,0,0,0,0,0,0,1,0,1
QLG,HCM Large Cap Growth ETF,Financial,Exchange Traded Fund,USA,,,26.33,-0.10%,8.0,0,0,0,0,0,0,0,0,1,0,0,0,0,0,0,0,0,0,0,0,0,0,0,0,0,0,0,0,1,0,1
QST,Aquestive Therapeutics Inc,Healthcare,Drug Manufacturers - Specialty & Generic,USA,597430000.0,,4.76,3.03%,2319789.0,0,0,0,-1,0,0,0,0,0,0,0,0,0,0,0,0,0,0,0,0,0,0,0,0,0,0,0,0,0,1,1
QWA,Global X Clean Water ETF,Financial,Exchange Traded Fund,USA,,,17.92,0.45%,4200.0,0,0,0,0,0,0,0,0,1,0,0,0,0,0,0,0,0,0,0,0,0,0,0,0,0,0,0,0,1,0,1
R,Antero Resources Corp,Energy,Oil & Gas E&P,USA,11090000000.0,10.35,36.06,1.38%,3771457.0,0,0,0,0,0,0,0,0,0,0,1,0,0,0,0,1,0,0,0,0,0,0,0,0,0,0,0,0,2,0,2
RAY,Accuray Inc,Healthcare,Medical Devices,USA,28840000.0,,0.24,-4.74%,2461731.0,0,0,0,0,0,0,0,0,1,1,0,0,0,0,0,0,0,0,0,0,0,0,0,0,0,0,0,0,2,0,2
RBB,ARB IOT Group Ltd,Technology,Information Technology Services,Singapore,7320000.0,,4.15,-2.47%,8757.0,0,0,0,0,0,0,0,0,0,0,0,0,-1,-1,0,0,0,0,0,0,0,0,0,0,0,1,0,0,1,2,3
RBE,Arbe Robotics Ltd,Technology,Scientific & Technical Instruments,Israel,72580000.0,,0.57,-4.41%,1507620.0,0,0,0,0,0,0,0,0,0,0,0,0,-1,-1,0,0,0,0,0,0,0,0,0,0,0,0,0,0,0,2,2
RCB,ArcBest Corp,Industrials,Trucking,USA,2900000000.0,186.75,129.96,2.44%,260442.0,0,0,0,0,0,0,0,0,1,0,0,0,0,0,0,0,0,0,0,0,0,0,0,0,0,0,0,0,1,0,1
RCM,Arrow Reserve Capital Management ETF,Financial,Exchange Traded Fund,USA,,,99.97,-0.02%,680.0,0,1,0,-1,0,0,0,0,0,0,0,0,0,0,0,0,0,0,0,0,0,0,0,0,0,0,0,0,1,1,2
RGT,Global X MSCI Argentina ETF,Financial,Exchange Traded Fund,USA,,,88.21,0.44%,40680.0,0,0,0,0,0,0,0,0,0,0,0,0,-1,0,0,0,0,0,0,0,0,0,0,0,0,0,0,0,0,1,1
RHS,Arhaus Inc,Consumer Cyclical,Specialty Retail,USA,1380000000.0,19.98,9.75,-0.91%,1581877.0,0,0,0,0,0,0,0,0,0,0,1,0,0,0,0,0,0,0,0,0,0,0,0,0,0,0,0,0,1,0,1
RI,Apollo Commercial Real Estate Finance Inc,Real Estate,REIT - Mortgage,USA,802120000.0,7.91,6.24,0.16%,3151494.0,0,0,0,0,0,0,0,0,1,0,0,0,0,0,0,0,0,0,0,0,0,0,0,0,0,0,0,0,1,0,1
RKK,ARK Innovation ETF,Financial,Exchange Traded Fund,USA,,,87.6,-0.79%,4725713.0,0,0,0,-1,0,0,0,0,0,0,0,0,0,0,0,0,0,0,0,0,0,0,0,0,0,0,0,0,0,1,1
RKQ,ARK Autonomous Technology & Robotics ETF,Financial,Exchange Traded Fund,USA,,,122.47,-2.02%,125560.0,0,0,0,0,0,0,0,0,0,0,0,0,0,0,0,0,0,0,0,0,0,0,0,0,0,0,-1,0,0,1,1
RLO,Arlo Technologies Inc,Industrials,Building Products & Equipment,USA,1310000000.0,43.88,12.15,1.67%,1868324.0,0,0,0,0,0,0,0,0,0,0,0,0,0,0,0,0,0,0,0,0,1,0,-1,0,0,0,0,0,1,1,2
RLP,"Alliance Resource Partners, LP",Energy,Thermal Coal,USA,3170000000.0,12.02,24.65,0.20%,238082.0,0,0,0,0,0,0,0,0,0,0,0,0,-1,0,0,0,0,0,0,0,0,0,0,0,0,0,0,0,0,1,1
RMG,Leverage Shares 2X Long ARM Daily ETF,Financial,Exchange Traded Fund,USA,,,18.77,-13.06%,1723374.0,0,0,0,0,0,0,0,0,0,0,0,0,-1,0,0,0,0,0,0,0,0,0,0,0,0,0,0,0,0,1,1
RMP,Armata Pharmaceuticals Inc,Healthcare,Biotechnology,USA,143520000.0,,3.86,1.31%,70290.0,0,0,0,0,0,0,0,0,1,0,0,0,0,0,0,0,0,0,0,0,0,0,0,0,0,0,0,0,1,0,1
RMW,Roundhill ARM WeeklyPay ETF,Financial,Exchange Traded Fund,USA,,,41.62,-7.82%,111039.0,0,0,0,0,0,0,0,0,1,0,0,0,0,0,0,0,0,0,0,0,0,0,0,0,0,0,0,0,1,0,1
ROC,Archrock Inc,Energy,Oil & Gas Equipment & Services,USA,5320000000.0,16.3,30.34,0.83%,1488543.0,0,0,0,0,0,1,0,0,1,0,0,0,0,0,0,0,0,0,0,0,0,0,0,0,0,0,0,0,2,0,2
ROW,Arrow Financial Corp,Financial,Banks - Regional,USA,685940000.0,11.9,37.03,1.17%,68524.0,0,0,0,0,0,0,0,0,1,0,0,0,0,0,0,0,0,0,0,0,0,0,0,0,0,0,0,0,1,0,1
RP,PMV Adaptive Risk Parity ETF,Financial,Exchange Traded Fund,USA,,,34.37,0.16%,7763.0,0,1,0,0,0,0,0,0,0,0,0,0,0,0,0,0,0,0,0,0,0,0,0,0,0,0,0,0,1,0,1
RQT,Arcutis Biotherapeutics Inc,Healthcare,Biotechnology,USA,3080000000.0,118.25,24.49,1.32%,2605942.0,0,0,0,0,0,0,0,0,0,0,1,0,0,0,0,0,0,0,0,0,0,0,0,0,0,0,0,0,1,0,1
RRY,Array Technologies Inc,Technology,Solar,USA,577530000.0,,3.75,-1.83%,5531966.0,0,0,0,0,0,0,0,0,1,0,0,0,0,0,0,0,0,0,0,0,0,0,0,0,0,0,0,0,1,0,1
RVR,First Trust IndxxMetaverse ETF,Financial,Exchange Traded Fund,USA,,,58.15,-1.09%,21.0,0,0,0,0,0,0,0,0,0,0,0,0,0,0,0,0,0,0,0,0,0,0,-1,0,0,0,0,0,0,1,1
S,Amer Sports Inc,Consumer Cyclical,Leisure,Finland,15970000000.0,28.69,27.45,1.18%,6632253.0,0,1,0,-1,0,0,0,0,0,0,0,0,0,0,0,0,0,0,0,0,0,0,0,0,0,0,0,0,1,1,2
SA,ASA Gold and Precious Metals Ltd,Financial,Closed-End Fund - Equity,USA,1020000000.0,,55.8,1.86%,25833.0,0,0,0,0,0,0,0,0,1,0,0,0,0,0,0,0,0,0,0,0,0,0,0,0,0,0,0,0,1,0,1
SAN,Asana Inc,Technology,Software - Application,USA,2260000000.0,,9.87,5.79%,6486854.0,0,0,0,-1,0,0,0,0,0,0,0,0,0,0,0,0,0,0,0,0,0,0,0,0,0,0,0,0,0,1,1
SC,Ardmore Shipping Corp,Industrials,Marine Shipping,Bermuda,795380000.0,7.54,19.47,5.36%,1318218.0,0,0,0,0,0,0,0,0,0,0,0,0,0,0,0,0,0,0,0,0,1,0,-1,0,0,0,0,0,1,1,2
SCE,Allspring SMID Core ETF,Financial,Exchange Traded Fund,USA,,,33.11,0.61%,362929.0,0,0,0,0,0,0,0,0,1,0,0,0,0,0,0,0,0,0,0,0,0,0,0,0,-1,0,0,0,1,1,2
SCI,abrdn International Small Cap Active ETF,Financial,Exchange Traded Fund,USA,,,36.75,-0.75%,1867.0,0,0,0,0,0,0,0,0,0,0,1,1,0,0,0,0,0,0,0,0,0,0,0,0,0,0,0,0,2,0,2
SG,Liberty All-Star Growth Fund Inc,Financial,Closed-End Fund - Equity,USA,321140000.0,,5.04,-1.56%,172345.0,0,0,0,0,0,0,0,0,0,0,1,0,0,0,0,0,0,0,0,0,0,0,0,0,0,0,0,0,1,0,1
SGI,abrdn Global Infrastructure Income Fund,Financial,Closed-End Fund - Equity,USA,603010000.0,,19.06,-0.10%,139535.0,0,0,0,0,0,0,0,0,0,0,1,0,0,0,0,0,0,0,0,0,0,0,0,0,0,0,0,0,1,0,1
SHR,Xtrackers Harvest CSI 300 China A-Shares ETF,Financial,Exchange Traded Fund,USA,,,32.14,-0.96%,3466925.0,0,0,0,0,0,0,0,0,1,0,0,0,0,0,0,0,0,0,0,0,0,0,0,0,0,0,0,0,1,0,1
SHS,Xtrackers Harvest CSI 500 China A-Shares Small Cap ETF,Financial,Exchange Traded Fund,USA,,,39.21,-2.22%,5241.0,0,0,0,0,0,0,0,0,1,0,0,0,0,0,0,0,0,0,0,0,0,0,0,0,0,0,0,0,1,0,1
SIA,Matthews Pacific Tiger Active ETF,Financial,Exchange Traded Fund,USA,,,40.61,-2.66%,72.0,0,0,0,0,0,0,0,0,1,0,0,0,0,0,0,0,0,0,0,0,0,0,0,0,0,0,0,0,1,0,1
SLE,AerSale Corp,Industrials,Airports & Air Services,USA,234820000.0,,4.92,1.65%,726799.0,0,0,0,0,0,0,0,0,1,0,0,0,0,0,0,0,0,0,0,0,0,0,0,0,0,0,0,0,1,0,1
SM,Avino Silver & Gold Mines Ltd,Basic Materials,Other Precious Metals & Mining,Canada,927380000.0,20.5,5.46,2.63%,2563431.0,0,0,0,0,0,0,0,0,0,0,0,0,0,0,0,0,0,0,0,0,1,0,0,0,0,0,0,0,1,0,1
SMF,Virtus AlphaSimplex Managed Futures ETF,Financial,Exchange Traded Fund,USA,,,27.46,-0.74%,8063.0,0,1,0,0,0,0,0,0,0,0,1,0,0,0,0,0,0,0,0,0,0,0,0,0,0,0,0,0,2,0,2
SMG,Leverage Shares 2X Long ASML Daily ETF,Financial,Exchange Traded Fund,USA,,,47.26,-3.82%,32937.0,0,0,0,0,0,0,0,0,0,0,0,0,-1,0,0,0,0,0,0,0,0,0,0,0,0,0,0,0,0,1,1
SML,ASML Holding NV,Technology,Semiconductor Equipment & Materials,Netherlands,682110000000.0,55.1,1769.79,-1.95%,1932507.0,0,1,0,0,0,0,0,0,0,0,0,0,0,0,0,1,0,0,0,0,0,0,0,0,0,0,0,0,2,0,2
SMZ,Corgi ASML 2x Daily ETF,Financial,Exchange Traded Fund,USA,,,20.28,-3.82%,1617.0,0,0,0,0,0,0,0,0,0,0,0,0,-1,0,0,0,0,0,0,0,0,0,0,0,0,0,0,0,0,1,1
SR,Grupo Aeroportuario Del Sureste SA ADR,Industrials,Airports & Air Services,Mexico,6380000000.0,12.48,230.39,-0.12%,43842.0,0,0,0,0,0,0,0,0,0,0,0,0,0,0,0,0,0,0,0,-1,0,0,0,0,0,0,0,0,0,1,1
SRV,Ameriserv Financial Inc,Financial,Banks - Regional,USA,75560000.0,8.75,4.45,-0.67%,10516.0,0,0,0,0,0,0,0,0,0,0,0,0,-1,0,0,0,0,0,0,0,0,0,0,0,0,0,0,0,0,1,1
STL,Algoma Steel Group Inc,Basic Materials,Steel,Canada,441660000.0,,4.18,-1.18%,329252.0,0,0,0,0,0,0,0,0,0,0,0,0,0,0,0,0,0,0,0,0,0,0,0,0,0,0,-1,0,0,1,1
STN,Defiance Daily Target 2X Short ASTS ETF,Financial,Exchange Traded Fund,USA,,,18.96,12.06%,195902.0,0,0,0,0,0,0,0,0,0,0,0,0,-1,0,0,0,0,0,0,0,0,0,0,0,0,1,0,0,1,1,2
SUP,T-REX 2X Long ASTS Daily Target ETF,Financial,Exchange Traded Fund,USA,,,6.0,-12.67%,32024.0,0,0,0,0,0,0,0,0,0,0,0,0,0,0,0,0,0,0,0,0,0,0,0,0,0,1,0,0,1,0,1
TCH,AtlasClear Holdings Inc,Financial,Capital Markets,USA,27020000.0,35.58,0.18,-1.33%,963125.0,0,0,0,0,0,0,0,0,1,0,0,0,0,0,0,0,0,0,0,0,0,0,0,0,0,0,0,0,1,0,1
TEC,Alphatec Holdings Inc,Healthcare,Medical Devices,USA,1600000000.0,,10.35,0.98%,2643601.0,0,0,0,0,0,0,0,0,0,0,0,0,0,0,0,0,0,1,0,0,0,0,0,0,0,0,0,0,1,0,1
TFV,Alger 35 ETF,Financial,Exchange Traded Fund,USA,,,40.43,-2.23%,14491.0,0,0,0,0,0,0,0,0,0,0,1,0,0,0,0,0,0,0,0,0,0,0,0,0,-1,0,0,0,1,1,2
TGL,Alpha Technology Group Ltd,Technology,Software - Infrastructure,Hong Kong,89170000.0,,4.92,12.84%,2954.0,0,0,0,0,0,1,0,0,0,0,0,0,0,0,0,0,0,0,0,0,0,0,0,0,0,0,0,0,1,0,1
THE,Alterity Therapeutics Ltd ADR,Healthcare,Biotechnology,Australia,58640000.0,,3.07,-7.53%,34381.0,0,0,0,0,0,0,0,0,0,0,0,0,0,0,0,0,0,0,0,0,0,0,0,0,0,0,-1,0,0,1,1
TLO,Ames National Corp,Financial,Banks - Regional,USA,283260000.0,12.35,31.98,0.28%,16628.0,0,0,0,-1,0,1,0,0,0,0,0,0,0,0,0,0,0,1,0,0,0,0,0,0,0,0,0,0,2,1,3
TMU,Atmus Filtration Technologies Inc,Consumer Cyclical,Auto Parts,USA,3480000000.0,16.3,42.62,-3.40%,1083706.0,0,0,0,0,0,0,0,0,1,0,0,0,0,0,0,0,0,0,0,0,0,0,0,0,0,0,0,0,1,0,1
TOS,Atossa Therapeutics Inc,Healthcare,Biotechnology,USA,24150000.0,,2.42,-1.63%,101012.0,0,0,0,0,0,0,0,0,1,0,0,0,0,0,0,0,0,0,0,0,0,0,0,0,0,0,0,0,1,0,1
UC,ATIF Holdings Ltd,Financial,Capital Markets,USA,202470000.0,,9.15,6.64%,14145.0,0,0,0,0,0,0,0,0,0,0,1,0,0,0,0,0,0,0,0,0,0,0,0,0,-1,0,0,0,1,1,2
UID,authID Inc,Technology,Software - Infrastructure,USA,5690000.0,,0.34,-6.46%,198678.0,0,0,0,0,0,0,0,0,0,0,0,0,0,0,0,0,0,0,0,-1,0,0,0,0,0,0,0,0,0,1,1
UPH,Aurinia Pharmaceuticals Inc,Healthcare,Biotechnology,Canada,2160000000.0,7.09,16.22,1.31%,831039.0,0,0,0,0,0,0,0,0,0,0,0,0,0,0,0,0,0,0,0,0,0,0,0,0,0,0,-1,0,0,1,1
UR,Aurora Innovation Inc,Consumer Cyclical,Auto Parts,USA,11480000000.0,,5.73,0.17%,17522106.0,0,0,0,0,0,0,0,0,1,1,0,0,0,0,0,0,0,0,0,0,0,0,0,0,0,0,0,0,2,0,2
URA,Aura Biosciences Inc,Healthcare,Biotechnology,USA,674600000.0,,6.51,0.70%,1692188.0,0,0,0,0,0,0,0,0,0,0,0,0,-1,0,0,0,0,0,0,0,0,0,0,0,0,0,0,0,0,1,1
URE,Aurelion Inc,Financial,Capital Markets,Hong Kong,41030000.0,,1.06,-3.64%,19234.0,0,0,0,0,0,0,0,0,0,0,0,0,-1,0,0,0,0,0,0,0,0,0,0,0,0,0,0,0,0,1,1
UST,Austin Gold Corp,Basic Materials,Gold,Canada,13280000.0,,0.97,-1.01%,16814.0,0,0,0,0,0,0,0,0,1,0,0,0,0,0,0,0,0,0,0,0,0,0,0,0,0,0,0,0,1,0,1
VEX,AEVEX Corp,Industrials,Aerospace & Defense,USA,1800000000.0,18.16,14.21,-0.14%,1274153.0,0,0,0,0,0,0,0,0,1,0,0,0,0,0,0,0,0,0,0,0,0,0,0,0,0,0,0,0,1,0,1
VGB,Avantis Credit ETF,Financial,Exchange Traded Fund,USA,,,49.85,0.05%,2428.0,0,0,0,-1,0,0,0,0,0,0,0,0,0,0,0,0,0,0,0,0,0,0,0,0,0,0,0,0,0,1,1
VGG,Leverage Shares 2X Long AVGO Daily ETF,Financial,Exchange Traded Fund,USA,,,22.9,-8.69%,493229.0,0,0,0,0,0,0,0,0,1,0,0,0,0,0,0,0,0,0,0,0,0,0,0,0,0,0,0,0,1,0,1
VGO,Broadcom Inc,Technology,Semiconductors,USA,1719180000000.0,45.98,360.14,-4.35%,27145236.0,0,0,0,0,0,0,0,0,1,0,0,0,0,0,0,0,0,0,0,0,0,0,0,0,0,0,0,0,1,0,1
VGU,GraniteShares 2x Long AVGO Daily ETF,Financial,Exchange Traded Fund,USA,,,29.22,-8.59%,284890.0,0,0,0,0,0,0,0,0,1,0,0,0,0,0,0,0,0,0,0,0,0,0,0,0,0,0,0,0,1,0,1
VGX,Defiance Daily Target 2X Long AVGO ETF,Financial,Exchange Traded Fund,USA,,,39.38,-8.59%,862802.0,0,0,0,0,0,0,0,0,1,0,0,0,0,0,0,0,0,0,0,0,0,0,0,0,0,0,0,0,1,0,1
VIE,Avantis Inflation Focused Equity ETF,Financial,Exchange Traded Fund,USA,,,79.43,1.26%,776.0,0,0,0,0,0,1,0,0,0,0,0,0,0,0,0,0,0,0,0,0,0,0,0,0,0,0,0,0,1,0,1
VNM,Avantis All International Markets Equity ETF,Financial,Exchange Traded Fund,USA,,,82.26,-0.63%,88995.0,0,0,0,0,0,0,0,-1,0,0,0,0,0,0,0,0,0,0,0,0,0,0,0,0,0,0,0,0,0,1,1
VPT,AvePoint Inc,Technology,Software - Infrastructure,USA,3050000000.0,45.63,14.41,0.91%,2339600.0,0,0,0,-1,0,0,0,0,0,0,0,0,0,0,0,0,0,0,0,0,0,0,0,0,0,0,0,0,0,1,1
VR,Anteris Technologies Global Corp,Healthcare,Medical Devices,USA,646150000.0,,6.63,-2.79%,2474700.0,0,0,0,0,0,0,0,0,1,0,0,0,0,0,0,0,0,0,0,0,0,0,0,0,0,0,0,0,1,0,1
VS,Direxion Daily AVGO Bear 1X ETF,Financial,Exchange Traded Fund,USA,,,8.01,4.38%,11595534.0,0,0,0,0,0,0,0,-1,0,0,0,0,0,0,0,0,0,0,0,0,0,0,0,0,0,0,0,0,0,1,1
VTX,Avalo Therapeutics Inc,Healthcare,Biotechnology,USA,720260000.0,,13.43,-1.10%,990405.0,0,1,0,0,0,0,0,0,0,0,0,0,-1,0,0,0,0,0,0,0,0,0,0,0,0,0,0,0,1,1,2
VX,AVAX One Technology Ltd,Technology,Software - Infrastructure,Canada,36920000.0,,4.99,-18.80%,422697.0,0,0,0,0,0,1,0,0,0,0,0,0,0,0,0,0,0,0,0,0,0,0,0,0,0,0,0,0,1,0,1
VY,Avery Dennison Corp,Consumer Cyclical,Packaging & Containers,USA,12700000000.0,18.35,167.62,0.39%,607777.0,0,0,0,0,0,0,0,0,0,0,0,0,0,0,0,0,0,0,0,0,0,0,0,0,0,0,0,1,1,0,1
WRE,Aware Inc,Technology,Software - Application,USA,22680000.0,,1.04,-1.89%,50076.0,0,0,0,0,0,0,0,0,1,0,0,0,0,0,0,0,0,0,0,0,0,0,0,0,0,0,0,0,1,0,1
WX,Avalon Holdings Corp,Industrials,Waste Management,USA,10060000.0,8.42,2.58,0.98%,14876.0,0,0,0,0,0,0,0,0,0,0,0,0,0,0,0,0,0,0,0,0,1,0,0,0,0,0,0,0,1,0,1
XTI,AXT Inc,Technology,Semiconductor Equipment & Materials,USA,4700000000.0,3852.69,71.66,-10.19%,10130499.0,0,0,0,0,0,0,0,0,0,0,0,0,-1,0,0,0,0,0,0,0,0,0,0,0,0,0,0,0,0,1,1
YA,Aya Gold & Silver Inc,Basic Materials,Silver,Canada,3790000000.0,34.43,26.32,0.69%,787703.0,0,1,0,0,0,0,0,0,0,0,0,0,0,0,0,0,0,0,0,0,0,0,0,0,0,0,0,0,1,0,1
YTU,Aytu BioPharma Inc,Healthcare,Drug Manufacturers - Specialty & Generic,USA,22280000.0,,2.05,0.00%,5625.0,0,0,0,0,0,0,0,0,1,1,0,0,0,0,0,0,0,0,0,0,0,0,0,0,0,0,0,0,2,0,2
Z,A2Z Cust2Mate Solutions Corp,Technology,Software - Application,Canada,256680000.0,,5.83,-1.35%,491326.0,0,1,0,0,0,1,0,0,0,0,0,0,-1,-1,0,0,0,0,0,0,0,0,0,0,0,0,0,0,2,2,4
ZN,Astrazeneca plc,Healthcare,Drug Manufacturers - General,United Kingdom,246250000000.0,23.73,158.78,-0.84%,3488784.0,0,0,0,0,0,0,0,0,1,0,0,0,0,0,0,0,0,0,0,0,0,0,0,0,0,0,0,0,1,0,1
A,Boeing Co,Industrials,Aerospace & Defense,USA,148390000000.0,85.5,187.75,-0.30%,11361278.0,0,0,0,0,0,0,0,0,0,0,0,0,-1,0,0,0,0,0,0,0,0,0,0,0,0,0,0,0,0,1,1
ABO,YieldMax BABA Option Income Strategy ETF,Financial,Exchange Traded Fund,USA,,,6.94,-1.28%,39416.0,0,0,0,0,0,0,0,0,0,0,0,0,-1,0,0,0,0,0,0,0,0,0,0,0,0,0,0,0,0,1,1
ABU,Direxion Daily BABA Bull 2X ETF,Financial,Exchange Traded Fund,USA,,,8.4,-2.10%,87068.0,0,0,0,0,0,0,0,0,0,0,0,0,0,0,0,1,0,0,0,0,0,0,0,0,0,0,0,0,1,0,1
AGX,EA Bridgeway Aggressive Investors ETF,Financial,Exchange Traded Fund,USA,,,102.04,-0.07%,296.0,0,0,0,0,0,0,0,0,0,0,1,0,0,0,0,0,0,0,0,0,0,0,0,0,0,0,0,0,1,0,1
AGY,Amplify Bitcoin Max Income Covered Call ETF,Financial,Exchange Traded Fund,USA,,,22.76,-2.26%,2314.0,0,0,0,0,0,0,0,0,1,0,0,0,0,0,0,0,0,0,0,0,0,0,0,0,0,0,0,0,1,0,1
AK,Braskem SA ADR,Basic Materials,Chemicals,Brazil,314000000.0,,1.82,2.82%,6091348.0,0,0,0,0,0,0,0,0,1,0,0,0,0,0,0,0,0,0,0,0,0,0,0,0,0,0,0,0,1,0,1
ALY,Ballys Corp,Consumer Cyclical,Resorts & Casinos,USA,705060000.0,,13.97,1.09%,151547.0,0,0,0,0,0,0,0,0,0,0,0,0,-1,0,0,0,0,0,0,0,0,0,0,0,0,1,0,0,1,1,2
AMB,Brookstone Intermediate Bond ETF,Financial,Exchange Traded Fund,USA,,,25.0,0.22%,5465.0,0,0,0,0,0,1,0,0,0,0,0,0,0,0,0,0,0,0,0,-1,0,0,0,0,0,0,0,0,1,1,2
AMU,Brookstone Ultra-Short Bond ETF,Financial,Exchange Traded Fund,USA,,,25.25,0.00%,7565.0,0,0,0,0,0,0,0,0,0,0,0,0,0,0,0,0,0,0,0,0,1,0,-1,0,0,0,0,0,1,1,2
ANF,Bancfirst Corp,Financial,Banks - Regional,USA,3590000000.0,14.42,106.9,0.84%,157455.0,0,0,0,0,0,0,0,0,0,0,1,0,0,0,0,0,0,0,0,0,0,0,0,0,0,0,0,0,1,0,1
ANR,Banner Corp,Financial,Banks - Regional,USA,2450000000.0,11.03,66.87,1.01%,208410.0,0,0,0,0,0,0,0,0,0,0,0,0,0,0,0,0,0,1,0,0,0,0,0,0,0,0,0,0,1,0,1
ANX,ArrowMark Financial Corp,Financial,Closed-End Fund - Debt,USA,189350000.0,,19.73,0.61%,40640.0,0,0,0,0,0,0,0,0,0,0,1,0,0,0,0,0,0,0,0,0,0,0,0,0,0,0,0,0,1,0,1
ARK,BARK Inc,Consumer Cyclical,Specialty Retail,USA,74170000.0,,8.21,-0.12%,45482.0,0,1,0,0,0,1,0,0,0,0,0,0,0,0,0,0,0,0,0,0,0,0,0,0,0,0,0,0,2,0,2
ATRK,Atlanta Braves Holdings Inc,Communication Services,Entertainment,USA,3370000000.0,,52.45,0.94%,421210.0,0,0,0,-1,0,0,0,0,0,0,0,0,0,0,0,0,0,1,0,0,0,0,0,0,0,0,0,0,1,1,2
ATT,Amplify Lithium & Battery Technology ETF,Financial,Exchange Traded Fund,USA,,,14.37,-1.17%,45724.0,0,0,0,0,0,0,0,0,0,0,0,0,-1,0,0,0,0,0,0,0,0,0,0,0,0,0,0,0,0,1,1
AUG,Innovator U.S. Equity Buffer ETF - August,Financial,Exchange Traded Fund,USA,,,55.79,-0.28%,2446.0,0,0,0,0,0,0,0,0,0,0,1,0,0,0,0,0,0,0,0,0,0,0,0,0,0,0,0,0,1,0,1
B,BlackBerry Ltd,Technology,Software - Infrastructure,Canada,5070000000.0,66.38,8.63,-1.60%,14165926.0,0,0,0,0,0,0,0,0,1,0,0,0,0,0,0,0,0,0,0,0,0,0,0,0,0,0,0,0,1,0,1
BAG,JPMorgan BetaBuilders U.S. Aggregate Bond ETF,Financial,Exchange Traded Fund,USA,,,43.83,0.37%,45650.0,0,0,0,0,0,1,0,0,0,0,0,0,0,0,0,0,0,0,0,-1,0,0,0,0,0,0,0,0,1,1,2
BAI,BigBear.ai Holdings Inc,Technology,Information Technology Services,USA,1160000000.0,,2.42,-3.59%,24977042.0,0,0,0,0,0,0,0,0,1,0,0,0,0,0,0,0,0,0,0,0,0,0,0,0,0,0,0,0,1,0,1
BBL,BondBloxx BBB Rated 10+ Year Corporate Bond ETF,Financial,Exchange Traded Fund,USA,,,43.88,0.55%,1610.0,0,0,0,0,0,0,0,0,1,0,0,0,0,0,0,0,0,0,0,0,0,0,0,0,0,0,0,0,1,0,1
BBS,BondBloxx BBB Rated 1-5 Year Corporate Bond ETF,Financial,Exchange Traded Fund,USA,,,49.9,0.10%,16614.0,0,1,0,0,0,0,0,0,0,0,0,0,0,0,0,0,0,0,0,0,0,0,0,0,0,0,0,0,1,0,1
BH,VanEck Biotech ETF,Financial,Exchange Traded Fund,USA,,,234.03,-1.61%,15791.0,0,0,0,0,0,0,0,0,0,0,1,0,0,0,0,0,0,0,0,0,0,0,0,0,-1,0,0,0,1,1,2
BIO,BridgeBio Pharma Inc,Healthcare,Biotechnology,USA,12710000000.0,,65.04,-2.20%,3362041.0,0,1,0,0,0,0,0,0,0,0,0,0,0,0,0,0,0,0,0,0,0,0,0,0,0,0,0,0,1,0,1
BJP,JPMorgan BetaBuilders Japan ETF,Financial,Exchange Traded Fund,USA,,,78.44,-0.93%,1390141.0,0,0,0,-1,0,0,0,-1,0,0,0,0,0,0,0,0,0,0,0,0,0,0,0,0,0,0,0,0,0,2,2
BLB,JPMorgan BetaBuilders U.S. Treasury Bond 20+ Year ETF,Financial,Exchange Traded Fund,USA,,,73.54,1.08%,5242.0,0,0,0,0,0,1,0,0,1,1,0,0,0,0,0,0,0,0,0,0,0,0,0,0,0,0,0,0,3,0,3
BMC,JPMorgan BetaBuilders U.S. Mid Cap Equity ETF,Financial,Exchange Traded Fund,USA,,,121.82,0.21%,30527.0,0,0,0,-1,0,0,0,0,0,0,0,0,0,0,0,0,0,0,0,0,0,0,0,0,0,0,0,0,0,1,1
BNX,Beta Bionics Inc,Healthcare,Medical Devices,USA,940280000.0,,17.43,-3.60%,1113949.0,0,0,0,-1,0,0,0,0,0,0,0,0,0,0,0,0,0,0,0,0,0,0,0,0,0,0,0,0,0,1,1
BP,Virtus Biotech ETF,Financial,Exchange Traded Fund,USA,,,101.24,-0.56%,12522.0,0,0,0,0,0,0,0,-1,0,0,0,0,0,0,0,0,0,0,0,0,0,0,0,0,0,0,0,0,0,1,1
BT,Beacon Financial Corp,Financial,Banks - Regional,USA,2300000000.0,19.91,27.48,0.62%,1565555.0,0,0,0,0,0,0,0,0,0,0,1,0,0,0,0,0,0,0,0,0,0,0,-1,0,0,0,0,0,1,1,2
BUC,Brookfield Business Corp,Industrials,Conglomerates,USA,5390000000.0,,26.24,0.73%,345237.0,0,0,0,0,0,0,0,0,1,0,0,0,0,0,0,0,0,0,0,0,0,0,0,0,0,0,0,0,1,0,1
BUS,JPMorgan BetaBuilders U.S. Equity ETF,Financial,Exchange Traded Fund,USA,,,139.86,-0.40%,324618.0,0,0,0,0,0,0,0,0,0,0,1,0,0,0,0,0,0,0,0,0,0,0,-1,0,0,0,0,0,1,1,2
BW,Build A Bear Workshop Inc,Consumer Cyclical,Specialty Retail,USA,319080000.0,6.42,25.9,1.29%,278386.0,0,0,0,0,0,0,0,0,1,0,0,0,0,0,0,0,0,0,0,0,0,0,0,0,0,0,0,0,1,0,1
BWI,Bath & Body Works Inc,Consumer Cyclical,Specialty Retail,USA,3570000000.0,4.6,17.71,-0.56%,7599983.0,0,0,0,0,0,0,0,0,0,0,0,0,-1,0,0,0,0,0,0,0,0,0,0,1,0,0,0,0,1,1,2
C,Brunswick Corp,Consumer Cyclical,Recreational Vehicles,USA,4040000000.0,,62.35,-1.59%,861915.0,0,0,0,0,0,0,0,0,0,0,1,0,0,0,0,0,0,0,0,0,0,0,0,0,0,0,0,0,1,0,1
CDA,BioCardia Inc,Healthcare,Biotechnology,USA,16050000.0,,1.06,-2.75%,162401.0,0,0,0,0,0,0,0,0,0,0,0,0,0,0,0,0,0,0,0,0,0,0,0,0,0,1,0,0,1,0,1
CEM,Baron Emerging Markets Select ETF,Financial,Exchange Traded Fund,USA,,,26.39,-2.22%,3446.0,0,1,0,0,0,0,0,0,0,0,0,0,0,0,0,0,0,0,0,0,0,0,0,0,0,0,0,0,1,0,1
CG,Binah Capital Group Inc,Financial,Asset Management,USA,17830000.0,6.81,1.04,5.48%,31349.0,0,0,0,0,0,1,0,0,0,0,0,0,0,0,0,0,0,0,0,0,0,0,0,0,0,0,0,0,1,0,1
CGD,Baron Global Durable Advantage ETF,Financial,Exchange Traded Fund,USA,,,26.35,-1.01%,582.0,0,0,0,-1,0,0,0,0,0,0,0,0,-1,0,0,0,0,0,0,0,0,0,0,0,0,0,0,0,0,2,2
CHT,Birchtech Corp,Industrials,Pollution & Treatment Controls,USA,37880000.0,,1.44,-0.69%,111550.0,0,0,0,0,0,0,0,0,0,0,0,0,-1,0,0,0,0,0,0,0,0,0,0,1,0,0,0,0,1,1,2
CIC,BCP Investment Corp,Financial,Asset Management,USA,85320000.0,,6.89,0.15%,26933.0,0,0,0,0,0,0,0,0,0,0,0,0,-1,0,0,0,0,0,0,0,0,0,0,0,0,0,0,0,0,1,1
CIL,Bancreek International Large Cap ETF,Financial,Exchange Traded Fund,USA,,,28.45,-0.56%,3265.0,0,0,0,0,0,0,0,-1,0,0,0,0,0,0,0,0,0,0,0,0,0,0,0,0,0,0,0,0,0,1,1
CPC,Balchem Corp,Basic Materials,Specialty Chemicals,USA,5380000000.0,33.17,168.63,1.33%,211019.0,0,0,0,0,0,0,0,0,0,0,1,0,0,0,0,0,0,0,0,0,0,0,0,0,0,0,0,0,1,0,1
CSF,Bain Capital Specialty Finance Inc,Financial,Asset Management,USA,699290000.0,10.94,10.78,1.03%,524177.0,0,0,0,0,0,0,0,0,0,0,0,0,-1,0,0,0,0,0,0,0,0,0,0,0,0,0,0,0,0,1,1
CSS,Bain Capital GSS Investment Corp,Financial,Shell Companies,USA,597430000.0,48.67,10.23,0.10%,1370.0,0,0,0,0,0,0,0,0,0,0,0,0,0,0,0,0,0,1,0,0,0,0,0,0,0,0,0,0,1,0,1
CUS,Bancreek U.S. Large Cap ETF,Financial,Exchange Traded Fund,USA,,,34.01,-0.46%,15986.0,0,0,0,0,0,0,0,0,0,0,0,0,-1,0,0,0,0,0,0,0,0,0,0,0,0,0,0,0,0,1,1
CYC,Bicycle Therapeutics Plc ADR,Healthcare,Biotechnology,United Kingdom,191950000.0,,3.81,2.14%,338684.0,0,0,0,-1,0,0,0,0,1,1,0,0,0,0,0,0,0,0,0,0,0,0,0,0,0,0,0,0,2,1,3
DBT,Bluemonte Core Bond ETF,Financial,Exchange Traded Fund,USA,,,24.22,0.29%,75547.0,0,0,0,-1,0,0,0,0,0,0,0,0,0,0,0,0,0,0,0,0,0,0,0,0,0,0,0,0,0,1,1
DCX,ETRACS 1.5X MVIS BDC ETN,Financial,Exchange Traded Fund,USA,,,19.09,1.75%,2200.0,0,0,0,-1,0,0,0,0,0,0,0,0,0,0,0,0,0,0,0,0,0,0,0,0,0,0,0,0,0,1,1
DEC,Innovator U.S. Equity Buffer ETF - December,Financial,Exchange Traded Fund,USA,,,55.22,-0.32%,2793.0,0,0,0,0,0,0,0,-1,0,0,0,0,0,0,0,0,0,1,0,0,0,0,0,0,0,0,0,0,1,1,2
DN,Brandywine Realty Trust,Real Estate,REIT - Office,USA,479760000.0,,2.74,-1.08%,2718282.0,0,0,0,0,0,0,0,0,0,0,1,0,0,0,0,0,0,0,0,0,0,0,0,0,0,0,0,0,1,0,1
DSX,Biodesix Inc,Healthcare,Diagnostics & Research,USA,270420000.0,,25.63,-2.99%,95953.0,0,0,0,0,0,0,0,0,0,0,1,0,0,0,0,0,0,0,0,0,0,0,-1,0,0,0,0,0,1,1,2
DTX,Black Diamond Therapeutics Inc,Healthcare,Biotechnology,USA,103990000.0,,1.81,-1.09%,784998.0,0,0,0,0,0,0,0,0,1,0,0,0,0,0,0,0,0,0,0,0,0,0,0,0,0,0,0,0,1,0,1
ELFA,Bel Fuse Inc,Technology,Electronic Components,USA,3410000000.0,50.65,195.13,-1.59%,149393.0,0,0,0,0,0,0,0,0,1,1,0,0,0,0,0,0,0,0,0,0,0,0,0,0,0,0,-1,0,2,1,3
ELFB,Bel Fuse Inc,Technology,Electronic Components,USA,3400000000.0,62.94,242.5,-1.71%,148397.0,0,1,0,0,0,0,0,0,1,0,0,0,0,0,0,0,0,0,0,0,0,0,0,0,0,0,0,0,2,0,2
ENF,Beneficient,Financial,Asset Management,USA,16540000.0,,1.07,-13.01%,756030.0,0,0,0,-1,0,0,0,0,0,0,0,0,0,0,0,0,0,0,0,0,0,0,0,0,0,0,0,0,0,1,1
EP,Brookfield Renewable Partners LP,Utilities,Utilities - Renewable,Bermuda,8790000000.0,,29.29,-0.48%,945044.0,0,0,0,0,0,0,0,0,0,0,0,0,0,0,0,0,0,0,0,0,0,0,0,0,0,0,-1,0,0,1,1
F-A,Brown-Forman Corp,Consumer Defensive,Beverages - Wineries & Distilleries,USA,12270000000.0,17.45,27.07,2.31%,206757.0,0,0,0,0,0,0,0,0,0,0,0,0,0,0,0,1,0,0,0,0,0,0,0,0,0,0,0,0,1,0,1
FEW,FT Vest Laddered U.S. Equity Equal Weight Buffer ETF,Financial,Exchange Traded Fund,USA,,,21.58,0.61%,346.0,0,0,0,0,0,0,0,0,0,0,0,0,-1,0,0,0,0,0,0,0,0,0,0,0,0,0,0,0,0,1,1
FIX,Build Bond Innovation ETF,Financial,Exchange Traded Fund,USA,,,24.67,0.02%,1431.0,0,0,0,0,0,0,0,0,0,0,0,0,0,0,0,0,0,0,0,-1,0,0,0,0,0,0,0,0,0,1,1
FOC,FT Vest Bitcoin Strategy Floor15 ETF - October,Financial,Exchange Traded Fund,USA,,,16.81,-0.83%,13437.0,0,0,0,0,0,0,0,0,0,0,0,0,0,0,0,0,0,0,0,-1,0,0,0,0,0,0,0,0,0,1,1
FRG,Bullfrog AI Holdings Inc,Healthcare,Health Information Services,USA,12840000.0,,0.69,-2.29%,1370773.0,0,0,0,0,0,0,0,0,0,0,0,0,-1,0,0,0,0,0,0,0,0,0,0,0,0,0,0,0,0,1,1
FRZ,Innovator Equity Managed 100 Buffer ETF,Financial,Exchange Traded Fund,USA,,,27.4,-0.07%,90614.0,0,1,0,-1,0,0,0,0,0,0,0,0,0,0,0,0,0,0,0,0,0,0,0,0,0,0,0,0,1,1,2
FS,Saul Centers Inc,Real Estate,REIT - Retail,USA,734590000.0,30.6,29.72,0.47%,95101.0,0,0,0,0,0,0,0,0,1,0,0,0,0,0,0,0,0,0,0,0,0,0,0,0,0,0,0,0,1,0,1
GC,BGC Group Inc,Financial,Capital Markets,USA,5340000000.0,28.16,11.23,-0.53%,2803685.0,0,0,0,0,0,0,0,0,0,0,1,0,0,0,0,0,0,0,0,0,1,0,-1,0,0,0,0,0,2,1,3
GDE,Big Digital Energy Inc,Financial,Capital Markets,USA,29100000.0,,5.09,-2.30%,58845.0,0,0,0,0,0,0,0,0,0,0,0,0,-1,0,0,0,0,0,0,0,0,0,0,0,0,0,0,0,0,1,1
GIA,Baillie Gifford International Alpha ETF,Financial,Exchange Traded Fund,USA,,,25.0,-0.77%,1516.0,0,0,0,0,0,0,0,0,1,0,0,0,0,0,0,0,0,0,0,0,0,0,0,0,0,0,0,0,1,0,1
GIN,Bgin Blockchain Ltd,Technology,Computer Hardware,Singapore,247770000.0,,2.19,-0.90%,24834.0,0,0,0,0,0,0,0,0,1,0,0,0,0,0,0,0,0,0,0,0,0,0,0,0,0,0,0,0,1,0,1
GMS,Bio Green Med Solution Inc,Industrials,Building Products & Equipment,Malaysia,5440000.0,,0.82,-3.41%,16977.0,0,1,0,0,0,0,0,0,0,0,0,0,0,0,0,0,0,0,0,0,0,0,0,0,0,0,0,0,1,0,1
GRO,iShares Large Cap Growth Active ETF,Financial,Exchange Traded Fund,USA,,,44.57,-1.48%,408.0,0,0,0,0,0,0,0,0,0,0,1,1,0,0,0,0,0,0,0,0,0,0,0,0,0,0,0,0,2,0,2
GSI,Boyd Group Services Inc,Consumer Cyclical,Auto & Truck Dealerships,Canada,2170000000.0,171.85,78.07,1.64%,61557.0,0,0,0,0,0,0,0,0,1,1,0,0,0,0,0,0,0,0,0,0,0,0,0,0,0,0,0,0,2,0,2
HF,Brighthouse Financial Inc,Financial,Insurance - Life,USA,2820000000.0,3.91,48.99,-1.35%,835651.0,0,0,0,0,0,0,0,0,1,0,0,0,0,0,0,0,0,0,0,0,0,0,0,0,0,0,0,0,1,0,1
HM,Bluerock Homes Trust Inc,Real Estate,REIT - Residential,USA,91900000.0,,8.01,-0.50%,377.0,0,0,0,0,0,0,0,0,0,0,0,0,-1,0,0,0,0,0,0,0,0,0,0,0,0,0,0,0,0,1,1
HR,Braemar Hotels & Resorts Inc,Real Estate,REIT - Hotel & Motel,USA,102330000.0,,1.49,1.36%,538647.0,0,0,0,0,0,0,0,0,1,0,0,0,0,0,0,0,0,0,0,0,0,0,0,0,0,0,0,0,1,0,1
HST,BioHarvest Sciences Inc,Consumer Defensive,Packaged Foods,Canada,33890000.0,,1.5,0.34%,17186.0,0,0,0,0,0,1,0,0,0,0,0,0,0,0,0,0,0,0,0,-1,0,0,0,0,0,0,0,0,1,1,2
HV,BlackRock Virginia Municipal Bond Trust,Financial,Closed-End Fund - Debt,USA,18340000.0,,11.55,1.72%,2397.0,0,0,0,0,0,0,0,0,0,0,0,0,0,0,0,0,0,0,0,0,0,0,-1,0,0,0,0,0,0,1,1
HVN,Biohaven Ltd,Healthcare,Biotechnology,USA,1800000000.0,,11.93,0.42%,2698794.0,0,0,0,0,0,0,0,0,1,0,0,0,0,0,0,0,0,0,0,0,0,0,-1,0,0,0,0,0,1,1,2
HYB,Xtrackers USD High Yield BB-B ex Financials ETF,Financial,Exchange Traded Fund,USA,,,52.46,-0.01%,155.0,0,0,0,-1,0,0,0,0,0,0,0,0,0,0,0,0,0,0,0,0,0,0,0,0,0,0,0,0,0,1,1
IBL,Inspire 100 ETF,Financial,Exchange Traded Fund,USA,,,55.0,-0.31%,54306.0,0,0,0,0,0,0,0,0,0,0,0,0,-1,-1,0,0,0,0,0,0,0,0,0,0,0,0,0,0,0,2,2
IDD,iShares International Dividend Active ETF,Financial,Exchange Traded Fund,USA,,,29.75,-0.63%,44780.0,0,0,0,0,0,0,0,-1,0,0,0,0,0,0,0,0,0,0,0,0,0,0,0,0,0,0,0,0,0,1,1
IDU,Baidu Inc ADR,Communication Services,Internet Content & Information,China,23180000000.0,,83.92,-1.62%,2581619.0,0,0,0,0,0,0,0,0,1,0,0,0,0,0,0,0,0,0,0,0,0,0,0,0,0,0,0,0,1,0,1
IGY,YieldMax Target 12 Big 50 Option Income ETF,Financial,Exchange Traded Fund,USA,,,52.56,-0.76%,4982.0,0,1,0,0,0,0,0,0,0,0,0,0,0,0,0,0,0,0,0,0,0,0,0,0,0,0,0,0,1,0,1
IIB,Biogen Inc,Healthcare,Drug Manufacturers - General,USA,32270000000.000004,38.68,218.43,-1.67%,1339135.0,0,0,0,0,0,0,0,-1,0,0,0,0,0,0,0,0,0,0,0,0,0,0,0,0,0,0,0,0,0,1,1
IL,State Street SPDR Bloomberg 1-3 Month T-Bill ETF,Financial,Exchange Traded Fund,USA,,,91.47,0.01%,9325116.0,0,1,0,0,0,1,0,0,0,0,0,0,-1,0,0,0,0,0,0,0,0,0,0,0,0,0,0,0,2,1,3
ILS,State Street SPDR Bloomberg 3-12 Month T-Bill ETF,Financial,Exchange Traded Fund,USA,,,99.14,0.02%,459511.0,0,1,0,-1,0,0,0,0,0,0,0,0,0,0,0,0,0,0,0,0,0,0,0,0,0,0,0,0,1,1,2
ILZ,PIMCO Ultra Short Government Active ETF,Financial,Exchange Traded Fund,USA,,,100.7,0.01%,432970.0,0,1,0,0,0,0,0,0,1,0,0,0,0,0,0,0,0,0,0,0,0,0,0,0,0,0,0,0,2,0,2
INT,Bluemonte Global Equity ETF,Financial,Exchange Traded Fund,USA,,,32.3,-0.86%,23941.0,0,0,0,0,0,0,0,0,0,0,1,1,0,0,0,0,0,0,0,0,0,0,0,0,0,0,0,0,2,0,2
IOX,Bioceres Crop Solutions Corp,Basic Materials,Agricultural Inputs,Argentina,20750000.0,,0.33,-1.88%,55139.0,0,0,0,0,0,0,0,0,1,0,0,0,0,0,0,0,0,0,0,0,0,0,0,0,0,0,0,0,1,0,1
IOY,GraniteShares YieldBOOST Biotech ETF,Financial,Exchange Traded Fund,USA,,,19.93,-0.42%,5720.0,0,0,0,0,0,0,0,0,1,0,0,0,0,0,0,0,0,0,0,0,0,0,0,0,0,0,0,0,1,0,1
IPC,Brookfield Infrastructure Corp,Utilities,Utilities - Regulated Gas,USA,5050000000.0,,37.13,-1.35%,1150495.0,0,1,0,0,0,0,0,0,0,0,0,0,-1,0,0,0,0,0,0,0,0,0,0,1,0,0,0,0,2,1,3
IRK,Birkenstock Holding Plc,Consumer Cyclical,Footwear & Accessories,United Kingdom,5890000000.0,15.48,33.12,-0.15%,1250228.0,0,0,0,0,0,0,0,0,0,0,0,0,0,0,0,0,0,0,0,0,0,0,0,1,0,0,0,0,1,0,1
ITQ,Bitwise Crypto Industry Innovators ETF,Financial,Exchange Traded Fund,USA,,,23.71,-2.55%,221326.0,0,1,0,0,0,0,0,0,0,0,1,0,0,0,0,0,0,0,0,0,0,0,-1,0,0,0,0,0,2,1,3
ITS,Global X Blockchain & Bitcoin Strategy ETF,Financial,Exchange Traded Fund,USA,,,63.31,-2.76%,1467.0,0,0,0,0,0,0,0,0,0,0,1,1,0,0,0,0,0,0,0,0,0,0,0,0,0,0,0,0,2,0,2
ITY,Amplify Bitcoin 2% Monthly Option Income ETF,Financial,Exchange Traded Fund,USA,,,27.06,-2.22%,7990.0,0,1,0,0,0,0,0,0,0,0,0,0,0,0,0,0,0,0,0,0,0,0,0,0,0,0,0,0,1,0,1
IZD,VanEck BDC Income ETF,Financial,Exchange Traded Fund,USA,,,12.17,1.16%,2531492.0,0,0,0,0,0,0,0,0,0,0,1,1,0,0,0,0,0,0,0,0,0,0,0,0,0,0,0,0,2,0,2
JRI,BJ's Restaurant Inc,Consumer Cyclical,Restaurants,USA,1270000000.0,31.78,59.54,0.37%,328274.0,0,0,0,0,0,0,0,0,1,0,0,0,0,0,0,0,0,0,0,0,0,0,0,0,0,0,0,0,1,0,1
JUL,Innovator U.S. Equity Buffer ETF - July,Financial,Exchange Traded Fund,USA,,,55.96,-0.33%,2337.0,0,0,0,0,0,0,0,0,0,0,1,0,0,0,0,0,0,0,0,0,0,0,0,0,0,0,0,0,1,0,1
JUN,Innovator U.S. Equity Buffer ETF - June,Financial,Exchange Traded Fund,USA,,,50.16,-0.33%,3290.0,0,1,0,0,0,0,0,-1,0,0,1,0,0,0,0,0,0,0,0,0,0,0,0,0,0,0,0,0,2,1,3
KAG,BNY Mellon Core Bond ETF,Financial,Exchange Traded Fund,USA,,,40.01,0.40%,660968.0,0,0,0,0,0,0,0,0,0,0,0,0,0,0,0,0,0,0,0,-1,0,0,0,0,0,0,0,0,0,1,1
KCG,BNY Mellon Concentrated Growth ETF,Financial,Exchange Traded Fund,USA,,,39.79,-0.91%,1149.0,0,0,0,0,0,0,0,-1,0,0,0,0,0,0,0,0,0,0,0,0,0,0,0,0,0,0,0,0,0,1,1
KF,iShares MSCI BIC ETF,Financial,Exchange Traded Fund,USA,,,38.99,-0.84%,358.0,0,0,0,-1,0,0,0,0,1,1,0,0,0,0,0,0,0,0,0,0,0,0,0,0,0,0,0,0,2,1,3
KFI,BNY Mellon Active Core Bond ETF,Financial,Exchange Traded Fund,USA,,,22.8,0.18%,41578.0,0,0,0,0,0,1,0,0,0,0,0,0,0,0,0,0,0,0,0,-1,0,0,0,0,0,0,0,0,1,1,2
KH,Black Hills Corp,Utilities,Utilities - Regulated Gas,USA,5830000000.0,19.29,76.52,0.90%,2016749.0,0,0,0,0,0,0,0,0,0,0,1,0,0,0,0,0,0,0,0,0,0,0,0,0,0,0,0,0,1,0,1
KHA,Black Hawk Acquisition Corp,Financial,Shell Companies,USA,51220000.0,39.34,12.33,-5.15%,140391.0,0,0,0,0,0,1,0,0,0,0,0,0,0,0,0,0,0,0,0,0,0,0,0,0,0,0,0,0,1,0,1
KLC,BNY Mellon US Large Cap Core Equity ETF,Financial,Exchange Traded Fund,USA,,,49.5,-0.46%,16413762.0,0,0,0,0,0,0,0,0,0,0,1,0,0,0,0,0,0,0,0,0,0,0,0,0,0,0,0,0,1,0,1
KLN,Invesco Senior Loan ETF,Financial,Exchange Traded Fund,USA,,,20.49,0.00%,8248083.0,0,0,0,0,0,0,0,0,0,0,1,0,0,0,0,0,0,0,0,0,1,0,0,0,0,0,0,0,2,0,2
KR,Baker Hughes Co,Energy,Oil & Gas Equipment & Services,USA,55890000000.0,18.09,56.3,1.61%,5820147.0,0,0,0,0,0,0,0,0,1,0,0,0,0,0,0,0,0,0,0,0,0,0,0,0,0,0,0,0,1,0,1
KSY,BlackSky Technology Inc,Industrials,Specialty Business Services,USA,865970000.0,,21.16,-3.16%,1071544.0,0,0,0,0,0,0,0,0,1,0,0,0,0,0,0,0,0,0,0,0,0,0,0,0,0,0,0,0,1,0,1
KU,BankUnited Inc,Financial,Banks - Regional,USA,3040000000.0,11.7,42.61,0.83%,1005448.0,0,0,0,0,0,0,0,0,0,0,0,0,-1,0,0,0,0,0,0,0,0,0,0,0,0,0,0,0,0,1,1
KUI,BNY Mellon Ultra Short Income ETF,Financial,Exchange Traded Fund,USA,,,49.53,0.02%,19383.0,0,0,0,0,0,1,0,0,0,0,0,0,0,0,0,0,0,0,0,-1,0,0,0,0,0,0,0,0,1,1,2
KV,BKV Corp,Energy,Oil & Gas E&P,USA,2620000000.0,8.61,23.94,1.10%,1745905.0,0,0,0,0,0,0,0,0,1,1,0,0,0,0,0,0,0,0,0,0,0,0,0,0,0,0,0,0,2,0,2
KYI,Bio-Key International Inc,Industrials,Security & Protection Services,USA,2500000.0,,1.74,-1.14%,120539.0,0,0,0,0,0,0,0,0,1,0,0,0,0,0,0,0,0,0,0,0,0,0,0,0,0,0,0,0,1,0,1
L,BlackLine Inc,Technology,Software - Application,USA,1700000000.0,52.22,29.25,3.25%,971643.0,0,0,0,0,0,0,0,0,0,0,0,0,0,0,0,0,0,1,0,0,0,0,0,0,0,0,0,0,1,0,1
LCR,iShares Large Cap Core Active ETF,Financial,Exchange Traded Fund,USA,,,49.86,-0.76%,1233903.0,0,1,0,0,0,0,0,0,0,0,0,0,0,0,0,0,0,0,0,0,0,0,0,0,0,0,0,0,1,0,1
LIV,BeLive Holdings,Technology,Software - Application,Singapore,28160000.0,,2.48,11.71%,176.0,0,0,0,0,0,0,0,0,0,0,0,0,0,0,0,0,0,0,0,0,0,0,0,0,0,1,0,0,1,0,1
LND,Blend Labs Inc,Technology,Software - Application,USA,248340000.0,,1.05,3.96%,1406888.0,0,0,0,0,0,0,0,0,0,0,0,0,0,0,0,0,0,0,0,0,1,0,0,0,0,0,0,0,1,0,1
LNK,Blink Charging Co,Industrials,Engineering & Construction,USA,69200000.0,,0.48,-6.47%,3007584.0,0,0,0,0,0,0,0,0,0,0,0,0,-1,0,0,0,0,0,0,0,0,0,0,0,0,0,0,0,0,1,1
LOX,Nicholas Crypto Income ETF,Financial,Exchange Traded Fund,USA,,,12.89,-2.72%,847290.0,0,0,0,0,0,0,0,0,0,0,0,0,-1,0,0,0,0,0,0,0,0,0,0,0,0,0,0,0,0,1,1
LSG,Leverage Shares 2X Long BLSH Daily ETF,Financial,Exchange Traded Fund,USA,,,2.52,-2.09%,59177.0,0,0,0,0,0,0,0,0,1,0,0,0,0,0,0,0,0,0,0,0,0,0,0,0,0,0,0,0,1,0,1
LST,Bluemonte Short Term Bond ETF,Financial,Exchange Traded Fund,USA,,,24.43,0.16%,19610.0,0,0,0,-1,0,0,0,0,0,0,0,0,0,0,0,0,0,0,0,0,0,0,0,0,0,0,0,0,0,1,1
LTD,Bluemonte Long Term Bond ETF,Financial,Exchange Traded Fund,USA,,,23.51,0.43%,22519.0,0,0,0,0,0,1,0,0,1,1,0,0,0,0,0,0,0,0,0,0,0,0,0,0,0,0,0,0,3,0,3
LUC,Bluemonte Large Cap Core ETF,Financial,Exchange Traded Fund,USA,,,32.44,-0.64%,23056.0,0,0,0,0,0,0,0,-1,0,0,0,0,0,0,0,0,0,0,0,0,0,0,0,0,0,0,0,0,0,1,1
LUI,Bluemonte Diversified Income ETF,Financial,Exchange Traded Fund,USA,,,24.8,0.26%,5882.0,0,0,0,0,0,0,0,0,0,0,1,0,0,0,0,0,0,0,0,0,0,0,0,0,0,0,0,0,1,0,1
LUW,Blue Water Acquisition Corp III,Financial,Shell Companies,USA,335430000.0,38.08,10.38,-0.12%,16.0,0,1,0,-1,0,0,0,0,0,0,1,1,0,0,0,0,0,0,0,0,0,0,0,0,0,0,0,0,3,1,4
MAY,Innovator U.S. Equity Buffer ETF - May,Financial,Exchange Traded Fund,USA,,,48.97,-0.26%,5042.0,0,0,0,0,0,0,0,-1,0,0,0,0,0,0,0,0,0,0,0,0,0,0,0,0,0,0,0,0,0,1,1
MBL,Bumble Inc,Communication Services,Internet Content & Information,USA,338500000.0,,2.57,2.60%,2661413.0,0,0,0,0,0,0,0,0,1,0,0,0,-1,0,0,0,0,0,0,0,0,0,0,0,0,0,0,0,1,1,2
MEA,Biomea Fusion Inc,Healthcare,Biotechnology,USA,99300000.0,,1.37,3.79%,1706889.0,0,0,0,0,0,1,0,0,0,0,0,0,-1,0,0,0,0,0,0,0,0,0,0,0,0,0,0,0,1,1,2
MED,iShares Health Innovation Active ETF,Financial,Exchange Traded Fund,USA,,,33.65,-0.97%,3060.0,0,0,0,0,0,0,0,0,0,0,0,0,0,0,0,0,0,0,0,0,0,0,-1,0,0,0,0,0,0,1,1
MI,Badger Meter Inc,Technology,Scientific & Technical Instruments,USA,3700000000.0,29.88,127.66,2.89%,408093.0,0,0,0,0,0,0,0,0,0,0,0,0,0,0,0,1,0,0,0,0,0,0,0,0,0,0,0,0,1,0,1
MM,Blue Moon Metals Inc,Basic Materials,Other Industrial Metals & Mining,Canada,423530000.0,,4.82,-2.23%,149127.0,0,0,0,0,0,0,0,0,0,0,0,0,-1,0,0,0,0,0,0,0,0,0,0,0,0,0,0,0,0,1,1
NAV,Amplify Fairlead Tactical Bitcoin ETF,Financial,Exchange Traded Fund,USA,,,31.69,-1.52%,4907.0,0,0,0,0,0,0,0,0,0,0,0,0,0,0,0,0,0,0,0,0,0,0,-1,0,0,0,0,0,0,1,1
NDD,Quadratic Deflation ETF,Financial,Exchange Traded Fund,USA,,,94.7,1.00%,957.0,0,0,0,0,0,0,0,0,1,0,0,0,0,0,0,0,0,0,0,0,0,0,0,0,0,0,-1,0,1,1,2
NDI,NEOS Enhanced Income Aggregate Bond ETF,Financial,Exchange Traded Fund,USA,,,45.06,0.25%,27561.0,0,0,0,-1,0,0,0,0,0,0,0,0,0,0,0,0,0,0,0,-1,0,0,0,0,0,0,0,0,0,2,2
NDS,Infrastructure Capital Bond Income ETF,Financial,Exchange Traded Fund,USA,,,48.15,-0.39%,30711.0,0,0,0,0,0,0,0,0,0,0,0,0,-1,-1,0,0,0,0,0,0,0,0,0,0,0,0,0,0,0,2,2
NDX,Vanguard Total International Bond ETF,Financial,Exchange Traded Fund,USA,,,46.93,0.21%,4364957.0,0,0,0,0,0,0,0,0,1,0,0,0,0,0,0,0,0,0,0,0,0,0,0,0,0,0,0,0,1,0,1
NED,Barnes & Noble Education Inc,Consumer Cyclical,Specialty Retail,USA,413900000.0,18.61,11.94,2.40%,286876.0,0,0,0,0,0,0,0,0,1,0,0,0,0,0,0,0,0,0,0,0,0,0,0,0,0,0,0,0,1,0,1
NS,Bank Of Nova Scotia,Financial,Banks - Diversified,Canada,107960000000.0,15.85,87.59,0.41%,1500856.0,0,0,0,0,0,0,0,-1,0,0,0,0,0,0,0,0,0,0,0,0,0,0,0,0,0,0,0,0,0,1,1
NTC,Benitec Biopharma Inc,Healthcare,Biotechnology,USA,305200000.0,,8.75,-2.67%,234864.0,0,0,0,0,0,0,0,0,0,0,0,0,0,0,0,0,0,0,0,0,1,0,0,0,0,0,0,0,1,0,1
OCT,Innovator U.S. Equity Buffer ETF - October,Financial,Exchange Traded Fund,USA,,,55.66,-0.28%,29822.0,0,0,0,0,0,0,0,-1,0,0,0,0,0,0,0,0,0,0,0,0,0,0,0,0,0,0,0,0,0,1,1
ON,Bon Natural Life Ltd,Basic Materials,Specialty Chemicals,China,9540000.0,,1.17,0.62%,1573.0,0,0,0,0,0,1,0,0,1,1,0,0,0,0,0,0,0,0,0,0,0,0,0,0,0,0,0,0,3,0,3
OOM,DMC Global Inc,Industrials,Conglomerates,USA,118730000.0,,5.78,-0.34%,83423.0,0,0,0,0,0,0,0,0,0,0,0,0,0,0,0,1,0,0,0,0,0,0,0,0,0,0,0,0,1,0,1
OOT,Boot Barn Holdings Inc,Consumer Cyclical,Apparel Retail,USA,3680000000.0,15.39,121.6,-0.60%,589324.0,0,0,0,0,0,0,0,0,0,0,0,0,0,0,0,1,0,0,0,0,0,0,0,0,0,0,0,0,1,0,1
ORR,Borr Drilling Ltd,Energy,Oil & Gas Drilling,Bermuda,1420000000.0,,4.61,7.21%,12187604.0,0,0,0,0,0,0,0,0,1,0,0,0,0,0,0,0,0,0,0,0,0,0,0,0,0,0,0,0,1,0,1
OTJ,Bank of the James Financial Group Inc,Financial,Banks - Regional,USA,123400000.0,10.74,27.16,0.28%,16536.0,0,0,0,0,0,0,0,0,0,0,0,0,0,0,0,0,0,1,0,0,0,0,0,0,-1,0,0,0,1,1,2
OTT,Themes Humanoid Robotics ETF,Financial,Exchange Traded Fund,USA,,,41.08,-3.60%,11676.0,0,0,0,0,0,0,0,0,1,0,0,0,0,0,0,0,0,0,0,0,0,0,0,0,0,0,0,0,1,0,1
OTZ,Global X Funds Global X Robotics & Artificial Intelligence ETF,Financial,Exchange Traded Fund,USA,,,34.83,-2.35%,628095.0,0,0,0,0,0,0,0,0,0,0,0,0,0,0,0,1,0,0,0,0,0,0,0,0,0,0,0,0,1,0,1
OXA,Alpha Architect Aggregate Bond ETF,Financial,Exchange Traded Fund,USA,,,102.22,0.27%,559.0,0,1,0,0,0,1,0,0,0,0,0,0,0,0,0,0,0,0,0,0,1,0,0,0,0,0,0,0,3,0,3
PH,BP p.l.c. ADRhedged,Financial,Exchange Traded Fund,USA,,,73.69,3.71%,5145.0,0,0,0,0,0,0,0,0,0,0,1,0,0,0,0,0,0,0,0,0,0,0,-1,0,0,0,0,0,1,1,2
PRE,Bluerock Private Real Estate Fund,Financial,Asset Management,USA,,,13.01,1.64%,1072613.0,0,0,0,0,0,0,0,0,1,1,0,0,0,0,0,0,0,0,0,0,0,0,0,0,0,0,0,0,2,0,2
Q,Boqii Holding Limited,Consumer Cyclical,Specialty Retail,China,2180000.0,,0.76,3.52%,78404.0,0,0,0,0,0,0,0,0,0,0,0,0,0,0,0,0,0,0,0,0,1,0,0,0,0,1,0,0,2,0,2
RAG,Bragg Gaming Group Inc,Consumer Cyclical,Gambling,Canada,34630000.0,,1.12,-1.76%,3490.0,0,0,0,0,0,0,0,0,1,0,0,0,0,0,0,0,0,0,0,0,0,0,0,0,0,0,0,0,1,0,1
RCB,Black Rock Coffee Bar Inc,Consumer Cyclical,Restaurants,USA,358520000.0,94.83,7.16,-0.56%,322448.0,0,0,0,0,0,0,0,0,0,0,0,0,0,0,0,0,0,0,0,0,0,0,0,0,0,1,0,0,1,0,1
RCE,MFS Blended Research Core Equity ETF,Financial,Exchange Traded Fund,USA,,,30.58,-0.45%,297015.0,0,0,0,-1,0,0,0,0,0,0,1,0,0,0,0,0,0,1,0,0,0,0,0,0,0,0,0,0,2,1,3
RFH,Barfresh Food Group Inc,Consumer Defensive,Beverages - Non-Alcoholic,USA,12890000.0,,0.79,-3.96%,18756.0,0,0,0,0,0,0,0,0,1,0,0,0,0,0,0,0,0,0,0,0,0,0,0,0,0,0,0,0,1,0,1
RIA,BrilliA Inc,Consumer Cyclical,Apparel Retail,Singapore,42880000.0,,1.4,2.19%,1294.0,0,0,0,0,0,0,0,0,0,0,0,0,0,0,0,0,0,0,0,0,0,0,0,0,0,1,0,0,1,0,1
RKC,YieldMax BRK.B Option Income Strategy ETF,Financial,Exchange Traded Fund,USA,,,39.63,0.22%,3696.0,0,1,0,0,0,0,0,0,1,0,0,0,0,0,0,0,0,0,0,0,0,0,0,0,0,0,0,0,2,0,2
RKL,Corgi BRKB 2x Daily ETF,Financial,Exchange Traded Fund,USA,,,24.61,1.84%,19.0,0,0,0,0,0,0,0,0,0,0,0,0,-1,0,0,0,0,0,0,0,0,0,0,0,0,0,0,0,0,1,1
RKR,Bruker Corp,Healthcare,Medical Devices,USA,8820000000.0,,57.92,-3.01%,2556013.0,0,0,0,0,0,0,0,0,0,0,0,0,0,0,0,0,0,0,0,0,0,0,0,0,-1,0,0,0,0,1,1
RKU,Direxion Daily BRKB Bull 2X ETF,Financial,Exchange Traded Fund,USA,,,23.15,1.88%,69795.0,0,0,0,0,0,0,0,0,0,0,1,0,0,0,0,0,0,0,0,0,0,0,0,0,0,0,0,0,1,0,1
RKW,Roundhill BRKB WeeklyPay ETF,Financial,Exchange Traded Fund,USA,,,38.72,1.11%,2532.0,0,0,0,0,0,0,0,0,1,0,0,0,0,0,0,0,0,0,0,0,0,0,0,0,0,0,0,0,1,0,1
RLS,Borealis Foods Inc,Consumer Defensive,Packaged Foods,Canada,20610000.0,,0.96,-19.29%,73848.0,0,0,0,0,0,0,0,0,0,0,0,0,-1,-1,0,0,0,0,0,0,0,0,0,0,0,0,0,0,0,2,2
RN,Barnwell Industries Inc,Energy,Oil & Gas E&P,USA,13660000.0,,0.95,1.76%,111720.0,0,0,0,0,0,0,0,0,1,0,0,0,0,0,0,0,0,0,0,0,0,0,0,0,0,0,0,0,1,0,1
RNY,Burney U.S. Factor Rotation ETF,Financial,Exchange Traded Fund,USA,,,58.1,-0.65%,8529.0,0,0,0,0,0,0,0,0,0,0,0,0,0,0,0,1,0,0,0,0,0,0,0,0,0,0,0,0,1,0,1
ROS,Dutch Bros Inc,Consumer Cyclical,Restaurants,USA,6950000000.0,56.08,39.78,4.19%,6053918.0,0,1,0,0,0,0,0,0,0,0,0,0,0,0,0,0,0,0,0,0,0,0,0,0,0,0,0,0,1,0,1
RSM,MFS Blended Research Small-Mid Cap ETF,Financial,Exchange Traded Fund,USA,,,25.11,0.39%,168.0,0,0,0,0,0,0,0,0,1,0,0,0,0,0,0,0,0,0,0,0,0,0,0,0,0,0,0,0,1,0,1
RSV,EA Bridgeway Select Small-Cap Value ETF,Financial,Exchange Traded Fund,USA,,,43.38,1.13%,5011.0,0,0,0,0,0,0,0,0,1,0,0,0,0,0,0,0,0,0,0,0,0,0,0,0,0,0,0,0,1,0,1
RT,BRT Apartments Corp,Real Estate,REIT - Residential,USA,254280000.0,,13.53,0.45%,51502.0,0,0,0,0,0,0,0,0,0,0,0,0,-1,0,0,0,0,0,0,0,0,0,0,0,0,0,0,0,0,1,1
RW,Saba Capital Income & Opportunities Fund,Financial,Closed-End Fund - Equity,USA,306390000.0,,6.02,0.67%,207259.0,0,0,0,0,0,0,0,0,0,0,0,0,-1,0,0,0,0,0,0,0,0,0,0,0,0,0,0,0,0,1,1
SCQ,Invesco BulletShares 2026 Corporate Bond ETF,Financial,Exchange Traded Fund,USA,,,19.55,0.05%,1059096.0,0,0,0,-1,0,0,0,0,0,0,0,0,-1,-1,0,0,0,0,0,0,0,0,0,0,0,0,0,0,0,3,3
SCV,Invesco BulletShares 2031 Corporate Bond ETF,Financial,Exchange Traded Fund,USA,,,15.87,0.13%,579923.0,0,0,0,-1,0,0,0,0,0,0,0,0,0,0,0,0,0,0,0,0,0,0,0,0,0,0,0,0,0,1,1
SCY,Invesco BulletShares 2034 Corporate Bond ETF,Financial,Exchange Traded Fund,USA,,,19.66,0.28%,155778.0,0,0,0,-1,0,0,0,0,0,0,0,0,0,0,0,0,0,0,0,0,0,0,0,0,0,0,0,0,0,1,1
SEP,Innovator U.S. Equity Buffer ETF - September,Financial,Exchange Traded Fund,USA,,,54.59,-0.30%,20214.0,0,0,0,-1,0,0,0,-1,0,0,0,0,0,0,0,0,0,0,0,0,0,0,0,0,0,0,0,0,0,2,2
SIN,Big Sky Industrial Inc,Energy,Oil & Gas E&P,USA,76120000.0,,1.45,1.40%,196674.0,0,0,0,0,0,0,0,-1,0,0,0,0,0,0,0,0,0,0,0,0,0,0,0,0,0,0,0,0,0,1,1
SJQ,Invesco BulletShares 2026 High Yield Corporate Bond ETF,Financial,Exchange Traded Fund,USA,,,22.83,0.00%,105067.0,0,0,0,0,0,0,0,0,1,0,0,0,0,0,0,0,0,0,0,0,0,0,0,0,0,0,0,0,1,0,1
SJR,Invesco BulletShares 2027 High Yield Corporate Bond ETF,Financial,Exchange Traded Fund,USA,,,22.21,0.00%,53077.0,0,0,0,0,0,0,0,0,1,0,0,0,0,0,0,0,0,0,0,0,0,0,0,0,0,0,0,0,1,0,1
SJT,Invesco BulletShares 2029 High Yield Corporate Bond ETF,Financial,Exchange Traded Fund,USA,,,20.75,-0.05%,92645.0,0,0,0,-1,0,0,0,0,0,0,0,0,0,0,0,0,0,0,0,0,0,0,0,0,0,0,0,0,0,1,1
SJU,Invesco BulletShares 2030 High Yield Corporate Bond ETF,Financial,Exchange Traded Fund,USA,,,25.03,-0.07%,141633.0,0,0,0,-1,0,0,0,0,0,0,0,0,0,0,0,0,0,0,0,0,0,0,0,0,0,0,0,0,0,1,1
SL,Blackstone Senior Floating Rate 2027 Term Fund,Financial,Closed-End Fund - Debt,USA,168480000.0,,12.94,0.15%,30531.0,0,0,0,-1,0,0,0,0,0,0,0,0,0,0,0,0,0,0,0,0,0,0,0,0,0,0,0,0,0,1,1
SMQ,Invesco BulletShares 2026 Municipal Bond ETF,Financial,Exchange Traded Fund,USA,,,23.41,-0.02%,31172.0,0,0,0,0,0,1,0,0,0,0,0,0,0,0,0,0,0,0,0,0,0,0,0,0,0,0,0,0,1,0,1
SMR,Invesco BulletShares 2027 Municipal Bond ETF,Financial,Exchange Traded Fund,USA,,,23.25,-0.02%,154120.0,0,0,0,0,0,0,0,0,1,0,0,0,0,0,0,0,0,0,0,0,0,0,0,0,0,0,0,0,1,0,1
SMS,Invesco BulletShares 2028 Municipal Bond ETF,Financial,Exchange Traded Fund,USA,,,22.84,0.15%,119347.0,0,0,0,0,0,0,0,0,1,0,0,0,0,0,0,0,0,0,0,0,0,0,0,0,0,0,0,0,1,0,1
SMT,Invesco BulletShares 2029 Municipal Bond ETF,Financial,Exchange Traded Fund,USA,,,22.28,0.10%,141440.0,0,0,0,0,0,0,0,0,1,0,0,0,0,0,0,0,0,0,0,0,0,0,0,0,0,0,0,0,1,0,1
SMU,Invesco BulletShares 2030 Municipal Bond ETF,Financial,Exchange Traded Fund,USA,,,20.86,0.03%,100302.0,0,0,0,0,0,0,0,0,1,0,0,0,0,0,0,0,0,0,0,0,0,0,0,0,0,0,0,0,1,0,1
SMV,Invesco BulletShares 2031 Municipal Bond ETF,Financial,Exchange Traded Fund,USA,,,19.91,0.05%,72192.0,0,0,0,0,0,0,0,0,1,0,0,0,0,0,0,0,0,0,0,0,0,0,0,0,0,0,0,0,1,0,1
SMW,Invesco BulletShares 2032 Municipal Bond ETF,Financial,Exchange Traded Fund,USA,,,23.59,0.20%,159466.0,0,0,0,0,0,0,0,0,1,0,0,0,0,0,0,0,0,0,0,0,0,0,0,0,0,0,0,0,1,0,1
SR,Beacon Unified Catalyst ETF,Financial,Exchange Traded Fund,USA,,,30.91,-0.38%,165.0,0,0,0,0,0,0,0,0,0,0,0,0,-1,0,0,0,0,0,0,0,0,0,0,0,0,0,0,0,0,1,1
STP,Innovator Buffer Step-Up Strategy ETF,Financial,Exchange Traded Fund,USA,,,40.52,-0.30%,604.0,0,0,0,0,0,0,0,0,0,0,1,0,0,0,0,0,0,0,0,0,0,0,0,0,0,0,0,0,1,0,1
SX,Boston Scientific Corp,Healthcare,Medical Devices,USA,60930000000.0,17.05,42.04,1.11%,22876018.0,0,0,0,0,0,0,0,0,0,0,0,0,-1,0,0,0,0,0,0,0,0,0,0,0,0,0,0,0,0,1,1
TAL,AGF U.S. Market Neutral Anti-Beta Fund,Financial,Exchange Traded Fund,USA,,,12.25,2.08%,695847.0,0,0,0,0,0,0,0,0,0,0,1,1,0,0,0,0,0,0,0,0,0,0,0,0,0,0,0,0,2,0,2
TBD,BT Brands Inc,Consumer Cyclical,Restaurants,USA,10210000.0,,1.71,4.59%,21002.0,0,0,0,0,0,0,0,0,1,0,0,0,0,0,0,0,0,0,0,0,0,0,0,0,0,0,0,0,1,0,1
TBT,Bit Digital Inc,Financial,Capital Markets,USA,490460000.0,,1.36,-6.85%,16821546.0,0,0,0,0,0,0,0,0,0,0,0,0,-1,0,0,0,0,0,0,0,0,0,0,1,0,0,0,0,1,1,2
TDR,Bitdeer Technologies Group,Technology,Software - Application,Singapore,2640000000.0,,9.72,-6.54%,9525156.0,0,0,0,0,0,0,0,0,0,0,0,0,0,0,0,0,0,0,0,0,0,0,0,0,0,0,-1,0,0,1,1
TLN,Brightline Interactive Inc,Technology,Software - Infrastructure,USA,14290000.0,,5.27,-2.58%,12243.0,0,0,0,0,0,0,0,0,0,0,0,0,-1,0,0,0,0,0,0,0,0,0,0,0,0,1,0,0,1,1,2
TMD,biote Corp,Healthcare,Medical Care Facilities,USA,42040000.0,9.72,1.17,5.41%,149696.0,0,0,0,0,0,0,0,0,1,0,0,0,0,0,0,0,0,0,0,0,0,0,0,0,0,0,0,0,1,0,1
TOC,Armlogi Holding Corp,Industrials,Integrated Freight & Logistics,USA,9840000.0,,0.22,0.51%,126611.0,0,0,0,0,0,0,0,0,1,1,0,0,0,0,0,0,0,0,0,0,0,0,0,0,0,0,0,0,2,0,2
TOT,iShares Total USD Fixed Income Market ETF,Financial,Exchange Traded Fund,USA,,,47.28,0.28%,1410.0,0,0,0,0,0,0,0,0,0,0,0,0,0,0,0,0,0,0,0,-1,0,0,0,0,0,0,0,0,0,1,1
TRN,Global X Bitcoin Trend Strategy ETF,Financial,Exchange Traded Fund,USA,,,27.13,0.00%,13.0,0,1,0,0,0,0,0,0,0,0,0,0,0,0,0,0,0,0,0,0,0,0,0,0,0,0,0,0,1,0,1
TTC,Black Titan Corp,Technology,Software - Application,Malaysia,5340000.0,,0.5,-3.51%,374605.0,0,0,0,0,0,0,0,0,1,0,0,0,0,0,0,0,0,0,0,0,0,0,0,0,0,0,0,0,1,0,1
TX,BlackRock Technology and Private Equity Term Trust,Financial,Asset Management,USA,,,9.24,-1.70%,596272.0,0,0,0,0,0,0,0,0,0,0,1,0,0,0,0,0,0,0,0,0,0,0,0,0,0,0,0,0,1,0,1
UCK,Simplify Treasury Option Income ETF,Financial,Exchange Traded Fund,USA,,,23.02,-0.17%,182963.0,0,0,0,-1,0,0,0,0,1,0,0,0,0,0,0,0,0,0,0,0,0,0,0,0,0,0,0,0,1,1,2
UDA,Buda Juice Inc,Consumer Defensive,Beverages - Non-Alcoholic,USA,94120000.0,39.11,7.49,0.54%,2533.0,0,0,0,0,0,0,0,0,0,0,0,0,-1,0,0,0,0,0,0,0,0,0,0,1,0,0,0,0,1,1,2
UFF,Innovator Laddered Allocation Power Buffer ETF,Financial,Exchange Traded Fund,USA,,,54.3,-0.11%,102977.0,0,0,0,0,0,0,0,-1,0,0,0,0,0,0,0,0,0,0,0,0,0,0,0,0,0,0,0,0,0,1,1
UFG,FT Vest Buffered Allocation Growth ETF,Financial,Exchange Traded Fund,USA,,,30.16,-0.24%,13400.0,0,0,0,0,0,0,0,0,0,0,1,0,0,0,0,0,0,0,0,0,0,0,0,0,0,0,0,0,1,0,1
UFM,AB Moderate Buffer ETF,Financial,Exchange Traded Fund,USA,,,41.12,-0.07%,16392.0,0,0,0,-1,0,0,0,-1,0,0,0,0,0,0,0,0,0,0,0,0,0,0,0,0,0,0,0,0,0,2,2
UFQ,FT Vest Laddered Nasdaq Buffer ETF,Financial,Exchange Traded Fund,USA,,,40.78,-0.59%,148363.0,0,0,0,0,0,0,0,0,0,0,0,0,0,0,0,0,0,0,0,0,1,0,0,0,0,0,0,0,1,0,1
UG,Global X Cybersecurity ETF,Financial,Exchange Traded Fund,USA,,,47.94,0.17%,1573918.0,0,0,0,0,0,0,0,0,0,0,0,0,0,0,0,0,0,1,0,0,0,0,0,0,0,0,0,0,1,0,1
ULD,Pacer BlueStar Engineering the Future ETF,Financial,Exchange Traded Fund,USA,,,36.94,-1.18%,2869.0,0,0,0,0,0,0,0,0,0,0,0,0,0,0,0,1,0,0,0,0,0,0,0,0,0,0,0,0,1,0,1
UYO,KraneShares Man Buyout Beta Index ETF,Financial,Exchange Traded Fund,USA,,,32.63,0.50%,2394.0,0,0,0,0,0,0,0,0,1,0,0,0,0,0,0,0,0,0,0,0,0,0,0,0,0,0,0,0,1,0,1
VFL,BV Financial Inc,Financial,Banks - Regional,USA,182710000.0,14.2,21.57,-1.33%,11336.0,0,0,0,0,0,0,0,0,0,0,1,1,0,0,0,0,0,0,0,0,0,0,0,0,-1,0,0,0,2,1,3
VN,Compania de Minas Buenaventura SA ADR,Basic Materials,Other Precious Metals & Mining,Peru,7970000000.0,7.1,31.43,0.96%,1818633.0,0,0,0,0,0,0,0,0,0,0,0,0,0,0,0,0,0,0,0,-1,0,0,0,0,0,0,0,0,0,1,1
W,Babcock & Wilcox Enterprises Inc,Industrials,Specialty Industrial Machinery,USA,819300000.0,,5.5,-2.48%,7756338.0,0,0,0,0,0,0,0,0,1,0,0,0,0,0,0,0,0,0,0,0,0,0,0,0,0,0,0,0,1,0,1
WA,BorgWarner Inc,Consumer Cyclical,Auto Parts,USA,12570000000.0,31.35,61.72,-1.03%,3114829.0,0,0,0,0,0,0,0,0,1,0,0,0,0,0,0,0,0,0,0,0,0,0,0,0,0,0,0,0,1,0,1
WAY,Brainsway Ltd ADR,Healthcare,Medical Devices,Israel,461670000.0,48.27,11.47,-1.29%,119711.0,0,1,0,0,0,0,0,0,0,0,0,0,0,0,0,1,0,0,0,0,0,0,0,0,0,0,0,0,2,0,2
WB,Bridgewater Bancshares Inc,Financial,Banks - Regional,USA,568270000.0,11.08,20.38,0.84%,67597.0,0,0,0,0,0,0,0,0,0,0,0,0,0,0,0,0,0,0,0,0,0,0,-1,0,0,0,0,0,0,1,1
WFG,Bankwell Financial Group Inc,Financial,Banks - Regional,USA,523440000.00000006,12.26,65.66,0.52%,32504.0,0,0,0,0,0,0,0,0,0,0,0,0,0,0,0,0,0,0,0,0,0,0,-1,0,0,0,0,0,0,1,1
WIV,Blue Water Acquisition Corp IV,Financial,Shell Companies,USA,176930000.0,272.62,9.98,-0.12%,11218.0,0,0,0,0,0,0,0,0,0,0,1,0,0,0,0,0,0,0,0,0,0,0,-1,0,0,0,0,0,1,1,2
WTG,Brendan Wood TopGun Index ETF,Financial,Exchange Traded Fund,USA,,,41.76,-0.56%,88.0,0,0,0,0,0,0,0,0,0,0,1,1,0,0,0,0,0,0,0,0,0,0,0,0,0,0,0,0,2,0,2
WX,State Street SPDR Bloomberg International Treasury Bond ETF,Financial,Exchange Traded Fund,USA,,,21.21,0.43%,563836.0,0,1,0,0,0,0,0,0,0,0,0,0,0,0,0,0,0,0,0,0,0,0,0,0,0,0,0,0,1,0,1
XSL,Blackstone Secured Lending Fund,Financial,Asset Management,USA,5620000000.0,18.99,24.11,2.64%,1213085.0,0,1,0,0,0,0,0,0,0,0,0,0,0,0,0,0,0,0,0,0,0,0,0,0,0,1,0,0,2,0,2
Y,Byline Bancorp Inc,Financial,Banks - Regional,USA,1670000000.0,11.13,36.88,0.85%,285326.0,0,0,0,0,0,0,0,0,0,0,0,0,-1,0,0,0,0,0,0,0,0,0,0,0,0,0,0,0,0,1,1
YFC,Broadway Financial Corp,Financial,Banks - Regional,USA,108100000.0,,11.65,-0.00%,112.0,0,0,0,0,0,0,0,0,0,0,0,0,0,0,0,0,0,1,0,0,0,0,0,0,0,0,0,0,1,0,1
YSI,BeyondSpring Inc,Healthcare,Biotechnology,USA,25040000.0,,0.61,-5.51%,60219.0,0,0,0,0,0,0,0,0,1,0,0,0,0,0,0,0,0,0,0,0,0,0,0,0,0,0,0,0,1,0,1
,Citigroup Inc,Financial,Banks - Diversified,USA,214850000000.0,13.83,128.08,0.60%,7904907.0,0,0,0,0,0,0,0,0,0,0,1,0,0,0,0,0,0,0,0,0,0,0,0,0,0,0,0,0,1,0,1
AAA,First Trust AAA CMBS ETF,Financial,Exchange Traded Fund,USA,,,19.81,0.34%,1260.0,0,0,0,0,0,0,0,0,0,0,0,0,-1,-1,0,0,0,0,0,0,0,0,0,0,0,0,0,0,0,2,2
AAP,Corporacion America Airports SA,Industrials,Airports & Air Services,Luxembourg,3980000000.0,13.61,24.4,-1.53%,125278.0,0,0,0,0,0,0,0,0,1,1,0,0,0,0,0,0,0,0,0,0,0,0,0,0,0,0,0,0,2,0,2
AES,Cantor Equity Partners VII Inc,Financial,Shell Companies,USA,319450000.0,,10.03,-0.10%,6526.0,0,0,0,0,0,0,0,0,0,0,0,0,-1,0,0,0,0,0,0,0,0,0,0,0,0,0,0,0,0,1,1
AH,Cardinal Health Inc,Healthcare,Medical Distribution,USA,55330000000.0,33.02,238.96,2.93%,1537949.0,0,0,0,-1,0,0,0,0,0,0,0,0,0,0,0,0,0,0,0,0,0,0,0,0,0,0,0,0,0,1,1
AIE,Calamos Autocallable Income ETF,Financial,Exchange Traded Fund,USA,,,26.72,-0.63%,653437.0,0,0,0,0,0,0,0,0,0,0,1,1,0,0,0,0,0,0,0,0,0,0,0,0,-1,0,0,0,2,1,3
AII,Collective Acquisition Corp II,Financial,Shell Companies,USA,339400000.0,,10.02,0.00%,164.0,0,0,0,0,0,0,0,0,0,0,1,0,0,0,0,0,0,0,0,0,1,0,0,0,0,0,0,0,2,0,2
AIQ,Calamos Nasdaq Autocallable Income ETF,Financial,Exchange Traded Fund,USA,,,26.02,-0.80%,259542.0,0,0,0,0,0,0,0,0,0,0,0,0,-1,0,0,0,0,0,0,0,0,0,0,0,0,0,0,0,0,1,1
ALX,Calix Inc,Technology,Software - Infrastructure,USA,2270000000.0,48.01,36.08,1.52%,1351067.0,0,0,0,0,0,0,0,0,1,1,0,0,0,0,0,0,0,0,0,0,0,0,0,0,0,0,0,0,2,0,2
AM,AB California Intermediate Municipal ETF,Financial,Exchange Traded Fund,USA,,,24.03,0.06%,951597.0,0,0,0,0,0,0,0,0,1,0,0,0,0,0,0,0,0,0,0,0,0,0,0,0,0,0,0,0,1,0,1
AMC,Corgi CAMT 2x Daily ETF,Financial,Exchange Traded Fund,USA,,,16.41,-2.40%,56.0,0,0,0,0,0,0,0,0,1,0,0,0,0,0,0,0,0,0,0,0,0,0,0,0,0,0,0,0,1,0,1
AML,Congress Large Cap Growth ETF,Financial,Exchange Traded Fund,USA,,,41.2,-1.03%,16211.0,0,0,0,0,0,0,0,-1,0,0,0,0,0,0,0,0,0,0,0,0,0,0,0,0,0,0,0,0,0,1,1
ANG,Cango Inc,Financial,Capital Markets,China,146030000.0,,3.56,-0.56%,1018664.0,0,0,0,0,0,0,0,0,1,0,0,0,0,0,0,0,0,0,0,0,0,0,0,0,0,0,0,0,1,0,1
ANQ,Calamos Nasdaq Equity & Income ETF,Financial,Exchange Traded Fund,USA,,,29.59,-0.47%,9138.0,0,0,0,0,0,0,0,0,1,1,0,0,0,0,0,0,0,0,0,0,0,0,0,0,0,0,0,0,2,0,2
ARU,MAX Auto Industry 3X Leveraged ETN,Financial,Exchange Traded Fund,USA,,,17.73,2.35%,23.0,0,0,0,0,0,0,0,0,0,0,0,0,0,0,0,1,0,0,0,0,0,0,0,0,0,0,0,0,1,0,1
ARY,Angel Oak Income ETF,Financial,Exchange Traded Fund,USA,,,20.17,0.20%,389967.0,0,0,0,0,0,1,0,0,1,0,0,0,0,0,0,0,0,0,0,0,0,0,0,0,0,0,0,0,2,0,2
AS,Simplify China A Shares PLUS Income ETF,Financial,Exchange Traded Fund,USA,,,22.87,-1.87%,6317.0,0,0,0,0,0,0,0,0,0,0,0,0,-1,0,0,0,0,0,0,0,0,0,0,0,0,0,0,0,0,1,1
ASH,Pathward Financial Inc,Financial,Banks - Regional,USA,1500000000.0,9.03,72.09,1.34%,278145.0,0,0,0,0,0,0,0,0,1,1,0,0,0,0,0,0,0,0,0,0,0,0,0,0,0,0,0,0,2,0,2
AT,Caterpillar Inc,Industrials,Farm & Heavy Construction Machinery,USA,365980000000.0,34.25,796.18,-2.17%,2791623.0,0,0,0,0,0,0,0,0,0,0,0,0,-1,0,0,0,0,0,0,0,0,0,0,0,0,0,0,0,0,1,1
ATG,Leverage Shares 2X Long CAT Daily ETF,Financial,Exchange Traded Fund,USA,,,9.85,-4.37%,114502.0,0,0,0,0,0,0,0,0,1,0,0,0,-1,0,0,0,0,0,0,0,0,0,0,0,0,1,0,0,2,1,3
AUG,Corgi U.S. Equities 15% Structured Buffer ETF - August Series,Financial,Exchange Traded Fund,USA,,,25.48,0.23%,6.0,0,0,0,-1,0,0,0,0,0,0,0,0,0,0,0,0,0,0,0,0,0,0,0,0,0,0,0,0,0,1,1
BAN,Colony Bankcorp Inc,Financial,Banks - Regional,USA,431000000.0,12.3,20.31,0.94%,110045.0,0,0,0,0,0,1,0,0,0,0,0,0,0,0,0,0,0,0,0,0,0,0,0,0,0,0,0,0,1,0,1
BL,CBL& Associates Properties Inc,Real Estate,REIT - Retail,USA,1520000000.0,7.16,49.24,1.44%,403308.0,0,0,0,0,0,0,0,0,1,0,0,0,0,0,0,0,0,0,0,0,0,0,0,0,0,0,0,0,1,0,1
BOT,Corgi Robots & Humanoids ETF,Financial,Exchange Traded Fund,USA,,,23.74,-1.27%,201.0,0,0,0,0,0,0,0,0,0,0,1,0,0,0,0,0,0,0,0,0,0,0,0,0,0,0,0,0,1,0,1
BRE,CBRE Group Inc,Real Estate,Real Estate Services,USA,37960000000.0,30.06,131.08,2.76%,2253109.0,0,0,0,0,0,0,0,0,0,0,1,0,0,0,0,0,0,0,0,0,0,0,0,0,0,0,0,0,1,0,1
BRG,Leverage Shares 2X Long CBRS Daily ETF,Financial,Exchange Traded Fund,USA,,,2.36,-8.17%,27816731.0,0,0,0,0,0,0,0,0,0,0,0,0,-1,0,0,0,0,0,0,0,0,0,0,0,0,0,0,0,0,1,1
BRZ,Tradr 2X Short CBRS Daily ETF,Financial,Exchange Traded Fund,USA,,,11.28,7.84%,242862.0,0,0,0,0,0,0,0,0,0,0,0,0,0,0,0,0,0,0,0,0,0,0,0,0,0,1,0,0,1,0,1
BSE,Clough Select Equity ETF,Financial,Exchange Traded Fund,USA,,,47.23,-1.07%,5476.0,0,0,0,0,0,0,0,0,0,0,0,0,0,0,0,1,0,0,0,0,0,0,0,0,0,0,0,0,1,0,1
BT,Cabot Corp,Basic Materials,Specialty Chemicals,USA,3900000000.0,21.32,75.61,0.27%,363212.0,0,0,0,0,0,0,0,0,1,0,0,0,0,0,0,0,0,0,0,0,0,0,0,0,0,0,0,0,1,0,1
BUS,Cibus Inc,Healthcare,Biotechnology,USA,121520000.0,,1.59,-1.85%,149075.0,0,0,0,0,0,0,0,0,1,0,0,0,0,0,0,0,0,0,0,0,0,0,0,0,0,0,0,0,1,0,1
BXO,Calamos Bitcoin 90 Buffer - Oct,Financial,Exchange Traded Fund,USA,,,21.61,-0.53%,4079.0,0,0,0,0,0,0,0,0,0,0,0,0,0,0,0,0,0,0,0,0,1,0,0,0,0,0,0,0,1,0,1
CAQ,Collective Acquisition Corp,Financial,Shell Companies,USA,216210000.0,58.27,10.69,-0.04%,64.0,0,0,0,-1,0,0,0,0,0,0,0,0,0,0,0,0,0,0,0,0,0,0,0,0,0,0,0,0,0,1,1
CCC,C4 Therapeutics Inc,Healthcare,Biotechnology,USA,350620000.0,,2.85,1.06%,2827668.0,0,0,0,0,0,0,0,0,1,0,0,0,0,0,0,0,0,0,0,0,0,0,0,0,0,0,0,0,1,0,1
CIF,Carlyle Credit Income Fund,Financial,Closed-End Fund - Debt,USA,48330000.0,,2.28,-0.44%,105016.0,0,0,0,0,0,0,0,0,1,1,0,0,0,0,0,0,0,0,0,0,0,0,0,0,0,0,0,0,2,0,2
CJ,Cameco Corp,Energy,Uranium,Canada,37940000000.0,148.11,87.12,-2.19%,3431434.0,0,0,0,0,0,0,0,0,0,0,0,0,-1,0,0,0,0,0,0,0,0,0,0,1,0,0,0,0,1,1,2
CL,Carnival Corp Ltd,Consumer Cyclical,Travel Services,USA,35130000000.0,11.41,26.13,-0.08%,23689240.0,0,0,0,0,0,0,0,0,1,0,0,0,0,0,0,0,0,0,0,0,0,0,0,0,0,0,0,0,1,0,1
CLD,CareCloud Inc,Healthcare,Health Information Services,USA,82440000.0,27.87,1.94,-3.48%,494057.0,0,0,0,0,0,0,0,0,1,0,0,0,0,0,0,0,0,0,0,0,0,0,0,0,0,0,0,0,1,0,1
COR,Core Alternative ETF,Financial,Exchange Traded Fund,USA,,,25.39,0.92%,4913.0,0,0,0,0,0,0,0,0,0,0,0,0,0,0,0,0,0,0,0,0,0,0,0,0,0,1,0,0,1,0,1
CSO,Carbon Collective Climate Solutions U.S. Equity ETF,Financial,Exchange Traded Fund,USA,,,24.89,-0.48%,948.0,0,0,0,0,0,0,0,0,1,1,0,0,0,0,0,0,0,0,0,0,0,0,0,0,0,0,0,0,2,0,2
CU,Compania Cervecerias Unidas SA ADR,Consumer Defensive,Beverages - Brewers,Chile,2049999999.9999998,18.15,11.09,1.28%,58768.0,0,1,0,0,0,0,0,0,1,0,0,0,0,0,0,0,0,0,0,0,0,0,0,0,0,0,0,0,2,0,2
CUP,T-REX 2X Long CRCL Daily Target ETF,Financial,Exchange Traded Fund,USA,,,20.1,0.19%,128887.0,0,0,0,0,0,0,0,0,0,0,0,0,-1,0,0,0,0,0,0,0,0,0,0,0,0,0,0,0,0,1,1
DEI,"Calvert US Large-Cap Diversity, Equity and Inclusion Index ETF",Financial,Exchange Traded Fund,USA,,,95.04,-0.45%,2479.0,0,0,0,0,0,0,0,0,0,0,0,0,0,0,0,0,0,0,0,0,0,0,0,0,-1,0,0,0,0,1,1
DIG,City Different Investments Global Equity ETF,Financial,Exchange Traded Fund,USA,,,25.91,0.21%,3237.0,0,0,0,0,0,0,0,-1,0,0,0,0,0,0,0,0,0,0,0,0,0,0,0,0,0,0,0,0,0,1,1
DTG,CDT Environmental Technology Investment Holdings Ltd,Industrials,Waste Management,China,3740000.0,,1.24,14.81%,2776463.0,0,0,0,0,0,0,0,0,0,0,0,0,0,0,0,0,0,0,0,-1,0,0,0,0,0,0,0,0,0,1,1
DW,CDW Corp,Technology,Information Technology Services,USA,17490000000.0,16.81,139.88,2.24%,2330677.0,0,0,0,0,0,0,0,-1,0,0,0,0,0,0,0,0,0,0,0,0,0,0,0,0,0,0,0,0,0,1,1
DX,Simplify High Yield ETF,Financial,Exchange Traded Fund,USA,,,20.32,-0.39%,55910.0,0,0,0,0,0,0,0,0,0,0,0,0,0,0,0,0,0,0,0,-1,0,0,0,0,0,0,0,0,0,1,1
DZI,Cadiz Inc,Industrials,Pollution & Treatment Controls,USA,298060000.0,,3.52,-2.76%,1614882.0,0,0,0,0,0,0,0,0,0,0,1,0,0,0,0,0,0,0,0,0,0,0,0,0,0,0,0,0,1,0,1
E,Celanese Corp,Basic Materials,Chemicals,USA,4920000000.0,,44.81,2.17%,2564568.0,0,0,0,0,0,0,0,0,1,0,0,0,0,0,0,0,0,0,0,0,0,0,0,0,0,0,0,0,1,0,1
ECO,Ceco Environmental Corp,Industrials,Pollution & Treatment Controls,USA,3840000000.0,,65.55,-7.88%,1672807.0,0,0,0,0,0,0,0,0,0,0,0,0,0,0,0,0,0,0,0,0,0,0,0,0,0,0,-1,0,0,1,1
EF,Sprott Physical Gold and Silver Trust,Financial,Asset Management,Canada,7020000000.0,,40.9,0.22%,443500.0,0,0,0,0,0,0,0,0,1,0,0,0,0,0,0,0,0,0,0,0,0,0,0,0,0,0,0,0,1,0,1
EFZ,RiverNorth Active Income ETF,Financial,Exchange Traded Fund,USA,,,7.86,-0.17%,6325.0,0,0,0,0,0,0,0,0,1,0,0,0,0,0,0,0,0,0,0,0,0,0,0,0,0,0,0,0,1,0,1
ENT,Central Garden & Pet Co,Consumer Defensive,Packaged Foods,USA,2260000000.0,15.1,40.55,1.00%,59981.0,0,0,0,0,0,1,0,0,0,0,0,0,0,0,0,0,0,0,0,0,0,0,0,0,0,0,0,0,1,0,1
ENX,Century Aluminum Co,Basic Materials,Aluminum,USA,3600000000.0,6.29,36.38,0.97%,1823359.0,0,0,0,0,0,0,0,0,1,0,0,0,0,0,0,0,0,0,0,0,0,0,0,0,0,0,0,0,1,0,1
EPU,Central Puerto ADR,Utilities,Utilities - Regulated Electric,Argentina,1900000000.0,5.51,12.66,0.96%,240194.0,0,0,0,0,0,1,0,0,0,0,0,0,0,0,0,0,0,0,0,-1,0,0,0,0,0,0,0,0,1,1,2
ERS,Cerus Corp,Healthcare,Medical Devices,USA,459470000.0,,2.28,-0.44%,2419512.0,0,0,0,0,0,0,0,0,1,0,0,0,0,0,0,0,0,0,0,0,0,0,0,0,0,0,0,0,1,0,1
ET,Central Securities Corp,Financial,Closed-End Fund - Equity,USA,1640000000.0,,55.46,-0.47%,8096.0,0,0,0,-1,0,0,0,-1,0,0,0,0,0,0,0,0,0,0,0,0,0,0,0,0,0,0,0,0,0,2,2
ETY,Clean Energy Technologies Inc,Industrials,Specialty Industrial Machinery,USA,12410000.0,,1.02,4.07%,17747.0,0,0,0,0,0,0,0,0,0,0,1,0,0,0,0,0,0,0,0,0,0,0,0,0,0,0,0,0,1,0,1
EV,Eaton Vance California Municipal Income Trust,Financial,Closed-End Fund - Debt,USA,70830000.0,,10.07,-0.89%,34202.0,0,0,0,0,0,0,0,0,0,0,0,0,0,0,0,0,0,0,0,0,1,0,0,0,0,0,0,0,1,0,1
EVA,Ceva Inc,Technology,Semiconductors,USA,947670000.0,,33.66,-5.13%,542222.0,0,0,0,0,0,0,0,0,1,0,0,0,0,0,0,0,0,0,0,0,0,0,0,0,0,0,0,0,1,0,1
EW,WisdomTree Emerging Currency Strategy Fund,Financial,Exchange Traded Fund,USA,,,19.61,-0.14%,2280.0,0,0,0,0,0,0,0,0,0,0,0,0,0,0,0,0,0,0,0,0,0,0,0,0,-1,0,0,0,0,1,1
FND,C1 Fund Inc,Financial,Asset Management,USA,,,2.69,-6.92%,144435.0,0,0,0,-1,0,0,0,0,0,0,0,0,0,0,0,0,0,0,0,0,0,0,0,0,0,0,0,0,0,1,1
GBL,Capital Group Core Balanced ETF,Financial,Exchange Traded Fund,USA,,,37.05,-0.19%,832196.0,0,0,0,-1,0,0,0,0,0,0,0,0,0,0,0,0,0,0,0,0,0,0,0,0,0,0,0,0,0,1,1
GC,Canopy Growth Corp,Healthcare,Drug Manufacturers - Specialty & Generic,Canada,358230000.0,,0.85,-3.39%,4170860.0,0,0,0,0,0,0,0,0,0,0,0,0,-1,0,0,0,0,0,0,0,0,0,0,0,0,0,0,0,0,1,1
GCF,Cartesian Growth Corp IV,Financial,Shell Companies,USA,340660000.0,,9.82,0.10%,9.0,0,0,0,0,0,0,0,0,1,0,0,0,0,0,0,0,0,0,0,0,0,0,0,0,0,0,0,0,1,0,1
GDV,Capital Group Dividend Value ETF,Financial,Exchange Traded Fund,USA,,,49.25,-0.53%,3525931.0,0,0,0,-1,0,0,0,0,0,0,0,0,0,0,0,0,0,0,0,0,0,0,0,0,0,0,0,0,0,1,1
GEM,Cullinan Therapeutics Inc,Healthcare,Biotechnology,USA,994920000.0,,15.46,-1.09%,1137458.0,0,1,0,0,0,0,0,0,0,0,0,0,0,0,0,0,0,0,0,0,0,0,0,0,0,0,0,0,1,0,1
GGE,Capital Group Global Equity ETF,Financial,Exchange Traded Fund,USA,,,34.85,-0.85%,450101.0,0,0,0,-1,0,0,0,0,0,0,0,0,0,0,0,0,0,1,0,0,0,0,0,0,0,0,0,0,1,1,2
GGG,Capital Group U.S. Large Growth ETF,Financial,Exchange Traded Fund,USA,,,29.03,-1.69%,149889.0,0,0,0,0,0,0,0,0,0,0,0,0,0,0,0,1,0,0,0,0,0,0,0,0,0,0,0,0,1,0,1
GGR,Capital Group Growth ETF,Financial,Exchange Traded Fund,USA,,,47.86,-0.95%,2391622.0,0,0,0,0,0,0,0,-1,0,0,0,0,0,0,0,0,0,0,0,0,0,0,0,0,0,0,0,0,0,1,1
GHY,Capital Group High Yield Bond ETF,Financial,Exchange Traded Fund,USA,,,24.48,-0.04%,50294.0,0,0,0,-1,0,0,0,0,0,0,0,0,0,0,0,1,0,0,0,0,0,0,0,0,0,0,0,0,1,1,2
GMM,Capital Group U.S. Small and Mid Cap ETF,Financial,Exchange Traded Fund,USA,,,31.45,-0.10%,987462.0,0,0,0,-1,0,0,0,0,0,0,0,0,0,0,0,0,0,0,0,0,0,0,0,0,0,0,0,0,0,1,1
GNX,Cognex Corp,Technology,Scientific & Technical Instruments,USA,10250000000.0,58.98,60.91,-0.49%,1824561.0,0,1,0,0,0,0,0,0,0,0,0,0,0,0,0,0,0,0,0,0,1,0,-1,0,0,0,0,0,2,1,3
GUI,Capital Group Ultra Short Income ETF,Financial,Exchange Traded Fund,USA,,,25.26,0.08%,371461.0,0,1,0,-1,0,0,0,0,0,0,0,0,0,0,0,0,0,0,0,0,0,0,0,0,0,0,0,0,1,1,2
GW,Invesco S&P Global Water Index ETF,Financial,Exchange Traded Fund,USA,,,63.65,0.88%,20151.0,0,0,0,0,0,0,0,0,0,0,0,0,-1,0,0,0,0,0,0,0,0,0,0,0,0,0,0,0,0,1,1
GXU,Capital Group International Focus Equity ETF,Financial,Exchange Traded Fund,USA,,,33.68,-1.86%,1297635.0,0,1,0,0,0,0,0,0,0,0,1,1,0,0,0,0,0,0,0,0,0,0,0,0,-1,0,0,0,3,1,4
HAT,Roundhill Generative AI & Technology ETF,Financial,Exchange Traded Fund,USA,,,91.4,-3.59%,273769.0,0,0,0,0,0,0,0,0,0,0,0,0,0,0,0,0,0,0,0,0,0,0,-1,0,0,0,0,0,0,1,1
HCI,Comstock Holding Co Inc,Real Estate,Real Estate Services,USA,190720000.0,7.86,18.55,-1.43%,21981.0,0,1,0,0,0,0,0,0,0,0,0,0,0,0,0,0,0,0,0,0,0,0,0,0,0,0,0,0,1,0,1
HD,Church & Dwight Co Inc,Consumer Defensive,Household & Personal Products,USA,23180000000.0,31.45,97.73,1.01%,1686377.0,0,0,0,0,0,0,0,0,0,0,0,0,-1,0,0,0,0,0,0,0,0,0,0,0,0,0,0,0,0,1,1
HEC,Chenghe Acquisition III Co,Financial,Shell Companies,Singapore,177930000.0,81.36,10.3,0.29%,6.0,0,0,0,0,0,1,0,0,0,0,0,0,0,0,0,0,0,0,0,0,0,0,0,0,0,0,0,0,1,0,1
HEF,Chefs' Warehouse Inc,Consumer Defensive,Food Distribution,USA,4540000000.0,52.97,111.4,0.35%,439720.0,0,0,0,0,0,0,0,0,0,0,1,0,0,0,0,0,0,0,0,0,0,0,-1,0,0,0,0,0,1,1,2
HGG,Chegg Inc,Consumer Defensive,Education & Training Services,USA,81650000.0,,0.74,-0.49%,585167.0,0,0,0,0,0,0,0,0,1,0,0,0,0,0,0,0,0,0,0,0,0,0,0,0,0,0,0,0,1,0,1
HH,Choice Hotels International Inc,Consumer Cyclical,Lodging,USA,4720000000.0,14.8,104.82,1.29%,454260.0,0,0,0,0,0,0,0,0,0,0,0,0,-1,0,0,0,0,0,0,0,0,0,0,0,0,0,0,0,0,1,1
HI,Calamos Convertible Opportunities and Income Fund,Financial,Closed-End Fund - Debt,USA,933810000.0,,11.75,0.51%,153374.0,0,0,0,0,0,0,0,0,0,0,0,0,0,0,0,0,0,0,0,0,0,0,-1,0,0,0,0,0,0,1,1
HKP,Check Point Software Technologies Ltd,Technology,Software - Infrastructure,Israel,13760000000.0,13.8,134.74,3.40%,1133372.0,0,1,0,-1,0,1,0,0,0,0,1,1,0,0,0,0,0,0,0,0,0,0,0,0,0,0,0,0,4,1,5
HNR,China Natural Resources Inc,Basic Materials,Other Industrial Metals & Mining,Hong Kong,4980000.0,,3.96,-3.06%,5397.0,0,0,0,0,0,0,0,0,0,0,0,0,0,0,0,1,0,0,0,0,0,0,0,0,0,0,0,0,1,0,1
HPS,Xtrackers Semiconductor Select Equity ETF,Financial,Exchange Traded Fund,USA,,,89.27,-3.36%,47561.0,0,0,0,0,0,0,0,0,1,0,0,0,0,0,0,0,0,0,0,0,0,0,0,0,0,0,0,0,1,0,1
HRD,Chord Energy Corp,Energy,Oil & Gas E&P,USA,7790000000.0,9.54,142.34,4.62%,879654.0,0,0,0,-1,0,0,0,0,0,0,0,0,0,0,0,0,0,0,0,0,0,0,0,0,0,0,0,0,0,1,1
HRS,Coherus Oncology Inc,Healthcare,Biotechnology,USA,165320000.0,,1.07,5.94%,2141504.0,0,0,0,0,0,1,0,0,0,0,0,0,0,0,0,0,0,0,0,0,0,0,0,0,0,0,0,0,1,0,1
HT,Chunghwa Telecom ADR,Communication Services,Telecom Services,Taiwan,35840000000.0,28.24,46.2,0.92%,173928.0,0,0,0,0,0,0,0,0,0,0,0,0,0,0,0,0,0,0,0,0,1,0,-1,0,0,0,0,0,1,1,2
HTR,Charter Communications Inc,Communication Services,Telecom Services,USA,19320000000.0,2.85,109.67,2.53%,3412910.0,0,0,0,0,0,0,0,0,1,0,0,0,0,0,0,0,0,0,0,0,0,0,0,0,0,0,0,0,1,0,1
HY,Calamos Convertible and High Income Fund,Financial,Closed-End Fund - Debt,USA,948210000.0,,11.9,-0.54%,298246.0,0,1,0,0,0,0,0,0,0,0,0,0,0,0,0,0,0,0,0,0,0,0,0,0,0,0,0,0,1,0,1
I,Cigna Group,Healthcare,Healthcare Plans,USA,74260000000.0,11.62,281.03,0.90%,1553103.0,0,0,0,0,0,0,0,0,1,0,0,0,0,0,0,0,0,0,0,0,0,0,0,0,0,0,0,0,1,0,1
IBR,First Trust NASDAQ Cybersecurity ETF,Financial,Exchange Traded Fund,USA,,,106.2,-0.35%,1782695.0,0,0,0,0,0,0,0,-1,0,0,0,0,0,0,0,0,0,0,0,0,0,0,0,0,0,0,0,0,0,1,1
IEN,CIENA Corp,Technology,Communication Equipment,USA,60400000000.0,95.04,425.93,-4.60%,3701932.0,0,0,0,0,0,0,0,0,1,1,0,0,0,0,0,0,0,0,0,0,0,0,0,0,0,0,0,0,2,0,2
IFC,Corgi CIFR 2x Daily ETF,Financial,Exchange Traded Fund,USA,,,4.75,-13.79%,92883.0,0,0,0,0,0,0,0,0,1,0,0,0,0,0,0,0,0,0,0,0,0,0,0,0,0,0,0,0,1,0,1
IFR,Cipher Digital Inc,Technology,Information Technology Services,USA,5600000000.0,,13.5,-7.28%,57349276.0,0,0,0,0,0,0,0,0,1,0,0,0,0,0,0,0,0,0,0,0,0,0,0,0,0,0,0,0,1,0,1
IG,Cia Energetica DE Minas Gerais - Cemig ADR,Utilities,Utilities - Regulated Electric,Brazil,4490000000.0,7.79,2.36,1.72%,5871031.0,0,0,0,0,0,0,0,0,1,0,0,0,0,0,0,0,0,0,0,0,0,0,0,0,0,0,0,0,1,0,1
II,BlackRock Enhanced Large Cap Core Fund Inc,Financial,Closed-End Fund - Equity,USA,1050000000.0,,24.03,-0.46%,110968.0,0,0,0,0,0,0,0,0,1,0,0,0,0,0,0,0,0,0,0,0,0,0,0,0,0,0,0,0,1,0,1
IK,UBS Asset Management Income Fund Inc,Financial,Closed-End Fund - Debt,USA,126180000.0,,2.3,-1.29%,146210.0,0,0,0,0,0,0,0,0,1,0,0,0,0,0,0,0,0,0,0,0,0,0,0,0,0,0,0,0,1,0,1
INT,CI&T Inc,Technology,Software - Infrastructure,Brazil,391640000.0,10.87,3.06,-1.92%,74342.0,0,0,0,0,0,0,0,0,1,1,0,0,0,0,0,0,0,0,0,0,0,0,0,0,0,0,0,0,2,0,2
ISO,CISO Global Inc,Technology,Software - Infrastructure,USA,8920000.0,,0.19,-7.37%,189779.0,0,0,0,0,0,0,0,0,1,0,0,0,0,0,0,0,0,0,0,0,0,0,0,0,0,0,0,0,1,0,1
ITR,CitroTech Inc,Basic Materials,Specialty Chemicals,USA,66560000.0,,2.93,1.03%,49104.0,0,0,0,0,0,0,0,0,1,0,0,0,0,0,0,0,0,0,0,0,0,0,0,0,0,0,0,0,1,0,1
LB,Core Laboratories Inc,Energy,Oil & Gas Equipment & Services,USA,466180000.0,18.01,10.16,0.49%,517312.0,0,0,0,0,0,0,0,0,0,0,0,0,0,0,0,0,0,0,0,0,0,0,0,1,0,0,0,0,1,0,1
LBR,Colombier Acquisition Corp III,Financial,Shell Companies,USA,408170000.0,149.56,10.2,0.00%,6069.0,0,0,0,0,0,0,0,0,0,0,0,0,-1,0,0,0,0,0,0,0,0,0,0,0,0,0,0,0,0,1,1
LDT,Chatham Lodging Trust,Real Estate,REIT - Hotel & Motel,USA,635620000.0,177.73,13.65,1.26%,228735.0,0,0,0,0,0,0,0,0,0,0,0,0,0,0,0,0,0,0,0,0,1,1,0,0,0,0,0,0,2,0,2
LGN,CollPlant Biotechnologies Ltd,Healthcare,Biotechnology,Israel,7500000.0,,3.97,14.74%,57507.0,0,0,0,0,0,0,0,0,0,0,0,0,0,0,0,0,0,0,0,0,0,0,0,0,0,1,0,0,1,0,1
LH,Clean Harbors Inc,Industrials,Waste Management,USA,16750000000.0,38.49,317.34,0.57%,238536.0,0,0,0,0,0,0,0,0,0,0,0,0,-1,0,0,0,0,0,0,0,0,0,0,0,0,0,0,0,0,1,1
LIP,Global X 1-3 Month T-Bill ETF,Financial,Exchange Traded Fund,USA,,,100.12,0.02%,554976.0,0,1,0,-1,0,1,0,0,0,0,0,0,-1,0,0,0,0,0,0,0,1,1,0,0,0,0,0,0,4,2,6
LIR,ClearSign Technologies Corp,Industrials,Pollution & Treatment Controls,USA,21170000.0,,3.11,-5.76%,13777.0,0,0,0,0,0,0,0,0,1,1,0,0,0,0,0,0,0,0,0,0,0,0,0,0,0,0,0,0,2,0,2
LIX,ProShares Long Online/Short Stores ETF,Financial,Exchange Traded Fund,USA,,,57.35,0.07%,29.0,0,0,0,0,0,0,0,0,0,0,1,0,0,0,0,0,0,0,0,0,0,0,0,0,0,0,0,0,1,0,1
LNN,Clene Inc,Healthcare,Biotechnology,USA,55150000.0,,3.88,-1.02%,82332.0,0,0,0,0,0,0,0,0,1,0,0,0,0,0,0,0,0,0,0,0,0,0,0,0,0,0,0,0,1,0,1
LOA,iShares AAA CLO Active ETF,Financial,Exchange Traded Fund,USA,,,51.78,-0.03%,499465.0,0,0,0,-1,0,0,0,0,0,0,0,0,0,0,0,0,0,0,0,0,0,0,0,0,0,0,0,0,0,1,1
LOC,AAM Crescent CLO ETF,Financial,Exchange Traded Fund,USA,,,25.0,-0.20%,7117.0,0,0,0,0,0,0,0,0,0,0,1,0,0,0,0,0,0,0,0,0,0,0,0,0,0,0,0,0,1,0,1
LOD,Themes Cloud Computing ETF,Financial,Exchange Traded Fund,USA,,,35.96,-0.32%,5517.0,0,0,0,0,0,0,0,0,0,0,1,0,0,0,0,0,0,0,0,0,0,0,0,0,0,0,0,0,1,0,1
LOI,VanEck CLO ETF,Financial,Exchange Traded Fund,USA,,,52.84,0.02%,482030.0,0,0,0,0,0,0,0,0,0,0,0,0,0,0,0,1,0,0,0,0,0,0,0,0,0,0,0,0,1,0,1
LOU,Global X Cloud Computing ETF,Financial,Exchange Traded Fund,USA,,,28.99,0.69%,174935.0,0,0,0,0,0,0,0,-1,0,0,1,0,0,0,0,0,0,0,0,0,0,0,-1,0,0,0,0,0,1,2,3
LOV,Clover Health Investments Corp,Healthcare,Healthcare Plans,USA,2430000000.0,,4.58,0.44%,5518437.0,0,0,0,0,0,0,0,0,0,0,0,0,-1,0,0,0,0,0,0,0,0,0,0,0,0,0,0,0,0,1,1
LOZ,Eldridge BBB-B CLO ETF,Financial,Exchange Traded Fund,USA,,,26.24,0.04%,376780.0,0,0,0,0,0,0,0,0,0,0,0,0,0,0,0,1,0,0,0,0,0,0,0,0,0,0,0,0,1,0,1
LRB,Cellectar Biosciences Inc,Healthcare,Biotechnology,USA,13230000.0,,1.4,-7.28%,169697.0,0,0,0,0,0,1,0,0,0,0,0,0,0,0,0,0,0,0,0,0,0,0,0,0,0,0,0,0,1,0,1
LRO,ClearOne Inc,Technology,Communication Equipment,USA,11000000.0,,4.11,0.00%,108950.0,0,0,0,0,0,0,0,0,0,0,0,0,-1,0,0,0,0,0,0,0,0,0,0,0,0,0,0,0,0,1,1
LSK,Cleanspark Inc,Financial,Capital Markets,USA,2730000000.0,,10.63,-7.73%,25998003.0,0,0,0,0,0,0,0,0,0,0,0,0,0,0,0,0,0,0,0,0,0,0,0,0,0,0,-1,0,0,1,1
LSM,ETC Cabana Target Leading Sector Moderate ETF,Financial,Exchange Traded Fund,USA,,,28.12,-0.48%,711.0,0,0,0,0,0,0,0,0,0,0,1,1,0,0,0,0,0,0,0,0,0,0,0,0,0,0,0,0,2,0,2
LSX,Tradr 2X Long CLSK Daily ETF,Financial,Exchange Traded Fund,USA,,,8.34,-15.29%,923459.0,0,0,0,0,0,0,0,0,1,0,0,0,-1,0,0,0,0,0,0,0,0,0,0,0,0,0,0,0,1,1,2
LX,Clorox Co,Consumer Defensive,Household & Personal Products,USA,10090000000.0,17.34,83.44,1.50%,2741526.0,0,0,0,0,0,0,0,0,1,0,0,0,0,0,0,0,0,0,0,0,0,0,0,0,0,0,0,0,1,0,1
MAG,Corgi Mag 7 ETF,Financial,Exchange Traded Fund,USA,,,27.3,-1.18%,1064.0,0,0,0,0,0,0,0,-1,0,0,0,0,0,0,0,0,0,0,0,0,0,0,0,0,0,0,0,0,0,1,1
MBS,iShares CMBS ETF,Financial,Exchange Traded Fund,USA,,,47.35,0.11%,90037.0,0,0,0,0,0,0,0,0,0,0,0,0,0,0,0,0,0,0,0,-1,0,0,0,0,0,0,0,0,0,1,1
MC,Commercial Metals Co,Industrials,Metal Fabrication,USA,6980000000.0,11.89,63.1,-0.24%,785386.0,0,0,0,0,0,0,0,0,0,0,0,0,0,0,0,1,0,0,0,0,0,0,0,0,0,0,0,0,1,0,1
MCL,Caledonia Mining Corp Plc,Basic Materials,Gold,United Kingdom,471970000.0,7.24,24.41,1.08%,237575.0,0,0,0,-1,0,0,0,0,0,0,0,0,0,0,0,0,0,0,0,0,0,0,0,0,0,0,0,0,0,1,1
MCM,Cheetah Mobile Inc ADR,Communication Services,Internet Content & Information,China,24810000.0,,2.39,-5.34%,15699.0,0,0,0,0,0,0,0,0,1,0,0,0,0,0,0,0,0,0,0,0,0,0,0,0,0,0,0,0,1,0,1
MCSA,Comcast Corp,Communication Services,Telecom Services,USA,75270000000.0,6.87,21.21,1.29%,44732555.0,0,1,0,0,0,0,0,0,0,0,0,0,0,0,0,0,0,0,0,0,0,0,0,0,0,0,0,0,1,0,1
MG,Chipotle Mexican Grill,Consumer Cyclical,Restaurants,USA,41350000000.0,30.14,32.68,6.21%,72035975.0,0,0,0,0,0,0,0,-1,0,0,0,0,0,0,0,0,0,0,0,0,0,0,0,0,0,0,0,1,1,1,2
MP,Compass Minerals International Inc,Basic Materials,Other Industrial Metals & Mining,USA,968920000.0,54.72,23.08,2.26%,588531.0,0,0,0,0,0,0,0,0,1,0,0,0,0,0,0,0,0,0,0,0,0,0,0,0,0,0,0,0,1,0,1
MPR,Cimpress plc,Industrials,Specialty Business Services,Ireland,1810000000.0,19.67,74.28,0.94%,103785.0,0,0,0,0,0,0,0,0,0,0,1,1,0,0,0,0,0,0,0,0,0,0,0,0,0,0,0,0,2,0,2
MPS,Compass Pathways Plc ADR,Healthcare,Medical Care Facilities,United Kingdom,1590000000.0,,11.47,-1.88%,2833592.0,0,0,0,0,0,0,0,0,0,0,1,0,0,0,0,0,0,0,0,0,0,0,0,0,-1,0,0,0,1,1,2
MRE,Costamare Inc,Industrials,Marine Shipping,Monaco,1850000000.0,5.8,15.29,1.66%,400306.0,0,0,0,0,0,0,0,0,0,0,0,0,-1,0,0,0,0,0,0,0,0,0,0,1,0,0,0,0,1,1,2
MT,Core Molding Technologies,Basic Materials,Specialty Chemicals,USA,203620000.0,27.21,23.01,-0.17%,44834.0,0,1,0,0,0,0,0,0,0,0,0,0,-1,0,0,0,0,0,0,0,0,0,0,0,0,0,0,0,1,1,2
NC,Centene Corp,Healthcare,Healthcare Plans,USA,31880000000.0,,64.54,-0.69%,3950245.0,0,0,0,0,0,0,0,0,0,0,1,0,0,0,0,0,0,0,0,0,0,0,0,0,-1,0,0,0,1,1,2
NDT,Conduent Inc,Technology,Information Technology Services,USA,244160000.0,,1.57,-1.87%,1093361.0,0,0,0,0,0,0,0,0,0,0,1,0,0,0,0,0,0,0,0,0,0,0,0,0,0,0,0,0,1,0,1
NEY,CN Energy Group Inc,Basic Materials,Specialty Chemicals,China,4210000.0,,0.51,3.73%,295608.0,0,0,0,0,0,0,0,0,0,0,0,0,0,0,0,0,0,0,0,0,0,0,0,0,0,0,-1,0,0,1,1
NH,CNH Industrial NV,Industrials,Farm & Heavy Construction Machinery,United Kingdom,15010000000.0,48.6,12.13,-2.65%,18073258.0,0,1,0,0,0,1,0,0,0,0,0,0,0,0,0,0,0,0,0,0,0,0,0,0,0,0,0,0,2,0,2
NK,Cinemark Holdings Inc,Communication Services,Entertainment,USA,4260000000.0,20.45,36.77,0.96%,1362297.0,0,0,0,-1,0,0,0,0,0,0,1,1,0,0,0,0,0,0,0,0,0,0,0,0,-1,0,0,0,2,2,4
NL,Collective Mining Ltd,Basic Materials,Gold,USA,1010000000.0,,11.63,-0.34%,175449.0,0,0,0,0,0,0,0,0,1,0,0,0,0,0,0,0,0,0,0,0,0,0,0,0,0,0,0,0,1,0,1
NM,Core & Main Inc,Industrials,Industrial Distribution,USA,7690000000.0,16.67,40.37,-0.81%,2058597.0,0,0,0,-1,0,1,0,0,1,1,0,0,0,0,0,0,0,0,0,0,0,0,0,0,0,0,0,0,3,1,4
NNE,Cannae Holdings Inc,Consumer Cyclical,Restaurants,USA,689650000.0,,15.9,2.32%,394359.0,0,0,0,-1,0,0,0,0,0,0,0,0,0,0,0,0,0,0,0,0,0,0,0,0,0,0,0,0,0,1,1
NO,CNO Financial Group Inc,Financial,Insurance - Life,USA,4950000000.0,18.42,53.55,1.06%,624655.0,0,0,0,0,0,0,0,0,0,0,0,0,-1,0,0,0,0,0,0,0,0,0,0,0,0,0,0,0,0,1,1
NOB,ConnectOne Bancorp Inc,Financial,Banks - Regional,USA,1520000000.0,9.92,30.22,0.87%,554791.0,0,0,0,0,0,0,0,0,1,0,0,0,0,0,0,0,0,0,0,0,0,0,0,0,0,0,0,0,1,0,1
NP,Centerpoint Energy Inc,Utilities,Utilities - Regulated Electric,USA,25310000000.0,22.65,38.42,-0.29%,6532238.0,0,1,0,0,0,0,0,0,0,0,0,0,0,0,0,0,0,0,0,0,0,0,0,0,0,0,0,0,1,0,1
NQ,Canadian Natural Resources Ltd,Energy,Oil & Gas E&P,Canada,101120000000.0,12.1,49.05,3.26%,6402898.0,0,0,0,0,0,0,0,0,0,0,1,0,0,0,0,0,0,0,0,0,0,0,0,0,0,0,0,0,1,0,1
NR,Core Natural Resources Inc,Energy,Thermal Coal,USA,4400000000.0,44.7,88.55,-0.36%,613159.0,0,0,0,0,0,0,0,0,1,0,0,0,0,0,0,0,0,0,0,0,0,0,0,0,0,0,0,0,1,0,1
NS,Cohen & Steers Inc,Financial,Asset Management,USA,3640000000.0,21.71,70.71,0.30%,262719.0,0,0,0,0,0,0,0,0,1,0,0,0,0,0,0,0,0,0,0,0,0,0,0,0,0,0,0,0,1,0,1
NTB,Connect Biopharma Holdings Ltd,Healthcare,Biotechnology,USA,55460000.0,,0.88,-6.77%,1212723.0,0,0,0,0,0,0,0,0,0,0,0,0,-1,-1,0,0,0,0,0,0,0,0,0,0,0,0,0,0,0,2,2
NTN,Canton Strategic Holdings Inc,Healthcare,Biotechnology,USA,165740000.0,,2.08,-7.96%,1351279.0,0,0,0,0,0,0,0,0,1,0,0,0,0,0,0,0,0,0,0,0,0,0,0,0,0,0,0,0,1,0,1
NTY,Century Casinos Inc,Consumer Cyclical,Resorts & Casinos,USA,24080000.0,,0.86,-13.89%,260392.0,0,0,0,0,0,0,0,0,1,0,0,0,0,0,0,0,0,0,0,0,0,0,0,0,0,0,0,0,1,0,1
NVS,Cineverse Corp,Communication Services,Entertainment,USA,45880000.0,,1.93,0.52%,97678.0,0,0,0,0,0,0,0,0,0,0,0,0,-1,0,0,0,0,0,0,0,1,0,0,0,0,0,0,0,1,1,2
NX,CNX Resources Corp,Energy,Oil & Gas E&P,USA,5000000000.0,5.66,33.83,-0.18%,2205652.0,0,0,0,0,0,0,0,0,1,1,0,0,0,0,0,0,0,0,0,0,0,0,0,0,0,0,0,0,2,0,2
OAL,Range Global Coal Index ETF,Financial,Exchange Traded Fund,USA,,,24.48,0.95%,72090.0,0,0,0,0,0,0,0,0,0,0,0,0,0,0,0,0,0,0,0,0,1,0,0,0,0,0,0,0,1,0,1
OCH,Envoy Medical Inc,Healthcare,Medical Devices,USA,50900000.0,,0.66,0.64%,30685.0,0,0,0,0,0,0,0,0,0,0,0,0,0,0,0,0,0,1,0,0,0,0,0,0,0,0,0,0,1,0,1
OCP,Cocrystal Pharma Inc,Healthcare,Biotechnology,USA,20610000.0,,1.07,0.94%,29031.0,0,0,0,0,0,0,0,0,0,0,0,0,-1,0,0,0,0,0,0,0,0,0,0,0,0,0,0,0,0,1,1
OE,51 Talk Online Education Group ADR,Consumer Defensive,Education & Training Services,Singapore,45970000.0,,10.79,8.33%,20930.0,0,0,0,0,0,0,0,0,1,0,0,0,0,0,0,0,0,0,0,0,0,0,0,0,0,0,0,0,1,0,1
OHR,Coherent Corp,Technology,Scientific & Technical Instruments,USA,59210000000.0,73.52,302.35,-9.63%,9285075.0,0,0,0,0,0,0,0,0,0,0,0,0,-1,0,0,0,0,0,0,0,0,0,0,0,0,0,0,0,0,1,1
OHU,Cohu Inc,Technology,Semiconductor Equipment & Materials,USA,3240000000.0,,68.37,-3.40%,1049398.0,0,0,0,0,0,0,0,0,0,0,0,0,0,0,0,0,0,0,0,0,0,0,-1,0,0,0,0,0,0,1,1
OIA,ProShares Ultra COIN,Financial,Exchange Traded Fund,USA,,,7.3,-6.89%,98279.0,0,0,0,-1,0,0,0,0,0,0,0,0,0,0,0,0,0,0,0,0,0,0,0,0,0,0,0,0,0,1,1
OIG,Leverage Shares 2X Long COIN Daily ETF,Financial,Exchange Traded Fund,USA,,,4.75,-7.05%,159582.0,0,0,0,0,0,0,0,0,0,0,0,0,-1,0,0,0,0,0,0,0,0,0,0,0,0,0,0,0,0,1,1
OIN,Coinbase Global Inc,Financial,Financial Data & Stock Exchanges,USA,45380000000.0,,172.0,-3.61%,11077736.0,0,0,0,0,0,0,0,0,0,0,0,0,0,0,0,0,0,0,0,0,1,0,0,0,0,0,0,0,1,0,1
OIW,Roundhill COIN WeeklyPay ETF,Financial,Exchange Traded Fund,USA,,,7.92,-4.23%,258682.0,0,0,0,-1,0,0,0,0,1,0,0,0,0,0,0,0,0,0,0,0,0,0,0,0,0,0,0,0,1,1,2
OLD,Americold Realty Trust Inc,Real Estate,REIT - Industrial,USA,3940000000.0,,13.81,1.17%,3936732.0,0,0,0,0,0,0,0,0,0,0,0,0,-1,-1,0,0,0,0,0,0,0,0,0,0,0,0,0,0,0,2,2
OLM,Columbia Sportswear Co,Consumer Cyclical,Apparel Manufacturing,USA,2910000000.0,14.72,56.76,0.41%,972999.0,0,0,0,0,0,0,0,0,1,0,0,0,0,0,0,0,0,0,0,0,0,0,0,0,0,0,0,0,1,0,1
ON,Concentra Group Holdings Parent Inc,Healthcare,Medical Care Facilities,USA,4670000000.0,24.06,36.61,0.58%,1185542.0,0,0,0,0,0,0,0,-1,0,0,1,0,0,0,0,0,0,0,0,0,0,0,0,0,0,0,0,0,1,1,2
ONI,GraniteShares 2x Short COIN Daily ETF,Financial,Exchange Traded Fund,USA,,,27.83,7.08%,221259.0,0,0,0,0,0,1,0,0,1,1,0,0,0,0,0,0,0,0,0,0,0,0,0,0,0,0,0,0,3,0,3
ONY,YieldMax COIN Option Income Strategy ETF,Financial,Exchange Traded Fund,USA,,,18.33,-4.33%,602644.0,0,0,0,-1,0,0,0,0,0,0,0,0,0,0,0,0,0,0,0,0,0,0,0,0,0,0,0,0,0,1,1
OPL,Copley Acquisition Corp,Financial,Shell Companies,Hong Kong,191860000.0,323.24,10.57,0.00%,155.0,0,0,0,0,0,0,0,0,0,0,0,0,0,0,0,1,0,0,0,0,0,0,0,0,0,0,0,0,1,0,1
OPZ,Defiance Daily Target 2X Long Copper Miners ETF,Financial,Exchange Traded Fund,USA,,,14.36,-3.48%,16151.0,0,0,0,0,0,0,0,0,0,0,0,0,0,0,0,0,0,0,0,0,1,0,0,0,0,0,0,0,1,0,1
ORD,T-REX 2X Inverse CRWV Daily Target ETF,Financial,Exchange Traded Fund,USA,,,3.23,15.95%,14903050.0,0,1,0,0,0,0,0,0,0,0,0,0,0,0,0,0,0,0,0,0,0,0,0,0,0,0,0,0,1,0,1
ORO,iShares International Country Rotation Active ETF,Financial,Exchange Traded Fund,USA,,,35.95,-0.83%,2728638.0,0,1,0,0,0,0,0,0,0,0,1,0,0,0,0,0,0,0,0,0,1,0,-1,0,0,0,0,0,3,1,4
ORT,Corcept Therapeutics Inc,Healthcare,Biotechnology,USA,12810000000.0,283.11,118.54,-0.89%,496665.0,0,0,0,0,0,0,0,0,0,0,0,0,0,0,0,0,0,0,0,0,0,0,-1,0,0,0,0,0,0,1,1
ORZ,Core Scientific Inc,Technology,Software - Infrastructure,USA,4940000000.0,,15.36,-3.64%,15706253.0,0,0,0,0,0,0,0,0,1,0,0,0,0,0,0,0,0,0,0,0,0,0,0,0,0,0,0,0,1,0,1
OSO,CoastalSouth Bancshares Inc,Financial,Banks - Regional,USA,321570000.0,12.11,26.9,0.79%,79108.0,0,0,0,0,0,0,0,0,0,0,0,0,0,0,0,0,0,0,0,0,0,0,-1,0,0,0,0,0,0,1,1
OST,Costco Wholesale Corp,Consumer Defensive,Discount Stores,USA,420180000000.0,45.66,947.92,0.60%,2272984.0,0,1,0,0,0,1,0,0,1,1,0,0,0,0,0,0,0,0,0,0,0,0,0,0,0,0,0,0,4,0,4
OSW,Roundhill COST WeeklyPay ETF,Financial,Exchange Traded Fund,USA,,,38.12,0.67%,1542.0,0,0,0,0,0,0,0,0,1,0,0,0,0,0,0,0,0,0,0,0,0,0,0,0,0,0,0,0,1,0,1
OTG,Leverage Shares 2X Long COST Daily ETF,Financial,Exchange Traded Fund,USA,,,12.55,1.23%,63847.0,0,0,0,0,0,1,0,0,0,0,0,0,0,0,0,0,0,0,0,0,0,0,0,0,0,0,0,0,1,0,1
OWG,Pacer US Large Cap Cash Cows Growth Leaders ETF,Financial,Exchange Traded Fund,USA,,,40.89,0.10%,250415.0,0,0,0,0,0,0,0,-1,0,0,0,0,0,0,0,0,0,0,0,0,0,0,0,0,0,0,0,0,0,1,1
OYA,Coya Therapeutics Inc,Healthcare,Biotechnology,USA,117060000.0,,4.99,1.63%,144420.0,0,0,0,0,0,0,0,0,0,0,0,0,-1,0,0,0,0,0,0,0,0,0,0,0,0,0,0,0,0,1,1
P,Canadian Pacific Kansas City Limited,Industrials,Railroads,Canada,74150000000.0,27.09,84.35,0.86%,1740400.0,0,0,0,0,0,0,0,0,0,0,0,0,0,0,0,0,0,1,0,0,0,0,0,0,0,0,0,0,1,0,1
PA,Copa Holdings SA,Industrials,Airlines,Panama,5530000000.0,8.84,134.52,-1.28%,296157.0,0,0,0,0,0,0,0,0,0,0,0,0,0,0,0,1,0,0,0,0,0,0,0,0,0,0,0,0,1,0,1
PAC,Cementos Pacasmayo SAA ADR,Basic Materials,Building Materials,Peru,1040000000.0,17.0,12.25,0.25%,15613.0,0,0,0,0,0,0,0,0,0,0,0,0,0,0,0,0,0,0,0,0,0,0,-1,0,0,0,0,0,0,1,1
PER,United States Commodity Index Funds Trust,Financial,Exchange Traded Fund,USA,,,39.46,-0.88%,340641.0,0,0,0,-1,0,0,0,0,0,0,1,1,0,0,0,0,0,0,0,0,0,0,0,0,0,0,0,0,2,1,3
PHC,Canterbury Park Holding Corp,Consumer Cyclical,Resorts & Casinos,USA,81700000.0,667.85,15.76,0.55%,584.0,0,0,0,0,0,0,0,0,1,0,0,0,0,0,0,0,0,0,0,0,0,0,0,0,0,0,0,0,1,0,1
PHY,F/m Compoundr High Yield Bond ETF,Financial,Exchange Traded Fund,USA,,,50.75,-0.04%,16.0,0,0,0,0,0,0,0,0,0,0,0,0,0,0,0,0,0,0,0,0,0,0,0,1,0,0,0,0,1,0,1
PII,American Beacon Ionic Inflation Protection ETF,Financial,Exchange Traded Fund,USA,,,19.13,0.10%,65.0,0,0,0,0,0,0,0,0,1,0,0,0,0,0,0,0,0,0,0,0,0,0,0,0,0,0,0,0,1,0,1
PIX,Cumberland Pharmaceuticals Inc,Healthcare,Drug Manufacturers - Specialty & Generic,USA,104580000.0,,6.98,1.31%,50278.0,0,0,0,0,0,1,0,0,0,0,0,0,0,0,0,0,0,0,0,0,0,0,0,0,0,0,0,0,1,0,1
PK,Chesapeake Utilities Corp,Utilities,Utilities - Regulated Gas,USA,3090000000.0,20.44,128.16,0.26%,123555.0,0,0,0,0,0,0,0,0,0,0,0,0,0,0,0,0,0,0,0,0,1,0,0,0,0,0,0,0,1,0,1
PNG,Coupang Inc,Consumer Cyclical,Internet Retail,USA,27700000000.0,,15.41,4.05%,27738486.0,0,0,0,0,0,0,0,0,1,1,0,0,0,0,0,0,0,0,0,0,0,0,0,0,0,0,0,0,2,0,2
PNJ,Calamos Nasdaq - 100 Structured Alt Protection ETF -June,Financial,Exchange Traded Fund,USA,,,27.9,-0.25%,2293.0,0,0,0,0,0,0,0,0,0,0,1,0,0,0,0,0,0,0,0,0,0,0,0,0,0,0,0,0,1,0,1
PNX,Tradr 2X Long CPNG Daily ETF,Financial,Exchange Traded Fund,USA,,,11.75,8.13%,1966.0,0,0,0,0,0,0,0,0,1,0,0,0,0,0,0,0,0,0,0,0,0,0,0,0,0,0,0,0,1,0,1
PRI,Capri Holdings Ltd,Consumer Cyclical,Luxury Goods,United Kingdom,1670000000.0,16.03,14.68,1.66%,3720251.0,0,0,0,0,0,0,0,0,1,0,0,0,0,0,0,0,0,0,0,0,0,0,0,0,0,0,0,0,1,0,1
PRT,Copart Inc,Industrials,Specialty Business Services,USA,25460000000.0,17.72,27.48,3.23%,12052244.0,0,0,0,0,0,0,0,0,0,0,1,0,0,0,0,0,0,0,0,0,0,0,0,0,0,0,0,0,1,0,1
PRY,Calamos Russell 2000 Structured Alt Protection ETF January,Financial,Exchange Traded Fund,USA,,,28.24,0.00%,1660.0,0,0,0,0,0,0,0,0,0,0,1,0,0,0,0,0,0,0,0,0,0,0,0,0,-1,0,0,0,1,1,2
PS,Cooper-Standard Holdings Inc,Consumer Cyclical,Auto Parts,USA,385050000.0,,21.67,-0.87%,375639.0,0,0,0,0,0,0,0,0,1,0,0,0,0,0,0,0,0,0,0,0,0,0,0,0,0,0,0,0,1,0,1
PSJ,Calamos S&P 500 Structured Alt Protection ETF July,Financial,Exchange Traded Fund,USA,,,28.07,-0.05%,190.0,0,0,0,0,0,0,0,0,0,0,1,0,0,0,0,0,0,0,0,0,0,0,0,0,0,0,0,0,1,0,1
PSR,Calamos S&P 500 Structured Alt Protection ETF - March,Financial,Exchange Traded Fund,USA,,,26.25,-0.06%,112.0,0,0,0,0,0,0,0,-1,0,0,0,0,0,0,0,0,0,0,0,0,0,0,0,0,0,0,0,0,0,1,1
PSS,Consumer Portfolio Service Inc,Financial,Credit Services,USA,206340000.0,10.33,9.42,-0.42%,11752.0,0,0,0,0,0,0,0,0,1,0,0,0,0,0,0,0,0,0,0,0,0,0,0,0,0,0,0,0,1,0,1
PST,Calamos S&P 500 Structured Alt Protection ETF September,Financial,Exchange Traded Fund,USA,,,28.21,-0.07%,1196.0,0,0,0,0,0,0,0,-1,0,0,0,0,0,0,0,0,0,0,0,0,0,0,0,0,0,0,0,0,0,1,1
PXR,USCF Daily Target 2X Copper Index ETF,Financial,Exchange Traded Fund,USA,,,31.12,-1.77%,5350.0,0,1,0,0,0,0,0,0,0,0,1,0,0,0,0,0,0,0,0,0,0,0,0,0,0,0,0,0,2,0,2
RAC,Crown Reserve Acquisition Corp I,Financial,Shell Companies,Cayman Islands,229340000.0,83.15,10.25,0.03%,116.0,0,0,0,0,0,0,0,0,0,0,0,0,0,0,0,0,0,1,0,0,0,0,0,0,0,0,0,0,1,0,1
RAI,CRA International Inc,Industrials,Consulting Services,USA,1110000000.0,23.65,177.56,1.50%,134959.0,0,1,0,0,0,0,0,0,0,0,0,0,0,0,0,0,0,0,0,0,0,0,0,0,0,0,0,0,1,0,1
RBN,iShares Low Carbon Optimized MSCI ACWI ETF,Financial,Exchange Traded Fund,USA,,,256.89,-0.87%,4218.0,0,0,0,0,0,0,0,0,0,0,1,0,0,0,0,0,0,0,0,0,0,0,0,0,-1,0,0,0,1,1,2
RBU,Caribou Biosciences Inc,Healthcare,Biotechnology,USA,51590000.0,,0.48,-22.06%,19343998.0,0,0,0,0,0,0,0,0,1,0,0,0,0,0,0,0,0,0,0,0,0,0,0,0,0,0,0,0,1,0,1
RC,California Resources Corp,Energy,Oil & Gas E&P,USA,4710000000.0,,53.05,1.90%,911266.0,0,0,0,0,0,0,0,0,1,0,0,0,-1,0,0,0,0,0,0,0,0,0,0,0,0,0,0,0,1,1,2
RCA,ProShares Ultra CRCL,Financial,Exchange Traded Fund,USA,,,16.73,0.12%,347099.0,0,0,0,0,0,0,0,0,1,0,0,0,-1,0,0,0,0,0,0,0,0,0,0,0,0,0,0,0,1,1,2
RCG,Leverage Shares 2X Long CRCL Daily ETF,Financial,Exchange Traded Fund,USA,,,11.41,-0.09%,2027048.0,0,0,0,0,0,0,0,0,0,0,0,0,-1,0,0,0,0,0,0,0,0,0,0,0,0,0,0,0,0,1,1
RCO,YieldMax CRCL Option Income Strategy ETF,Financial,Exchange Traded Fund,USA,,,12.86,-0.92%,113406.0,0,0,0,0,0,0,0,0,1,0,0,0,0,0,0,0,0,0,0,0,0,0,0,0,0,0,0,0,1,0,1
RDU,Tradr 2X Long CRDO Daily ETF,Financial,Exchange Traded Fund,USA,,,10.56,-7.37%,6296360.0,0,0,0,0,0,0,0,0,1,0,0,0,0,0,0,0,0,0,0,0,0,0,0,0,0,0,0,0,1,0,1
RE,Cre8 Enterprise Ltd,Industrials,Specialty Business Services,Hong Kong,6050000.0,8.01,3.0,13.21%,2573142.0,0,1,0,0,0,1,0,0,0,0,0,0,0,0,0,0,0,0,0,0,0,0,0,0,0,0,0,0,2,0,2
RESY,Cresud ADR,Industrials,Conglomerates,Argentina,821370000.0,6.52,11.58,-0.43%,164198.0,0,0,0,0,0,1,0,0,0,0,1,0,0,0,0,0,0,0,0,0,0,0,0,0,0,0,0,0,2,0,2
RF,Cornerstone Total Return Fund,Financial,Closed-End Fund - Equity,USA,1040000000.0,,6.17,-0.16%,939434.0,0,0,0,-1,0,0,0,0,0,0,0,0,0,0,0,1,0,0,0,0,0,0,0,0,0,0,0,0,1,1,2
RGO,Freightos Ltd,Technology,Software - Application,Israel,43230000.0,,0.83,2.17%,69572.0,0,0,0,0,0,0,0,0,0,0,0,0,-1,-1,0,0,0,0,0,0,0,0,0,0,0,0,0,0,0,2,2
RH,CRH Plc,Basic Materials,Building Materials,USA,54470000000.0,14.44,81.88,0.52%,8796727.0,0,0,0,0,0,0,0,0,1,1,0,0,0,0,0,0,0,0,0,0,0,0,0,0,0,0,0,0,2,0,2
RIS,Curis Inc,Healthcare,Biotechnology,USA,1480000.0,,0.71,-3.69%,427050.0,0,0,0,0,0,0,0,0,1,0,0,0,0,0,0,0,0,0,0,0,0,0,0,0,0,0,0,0,1,0,1
RK,Comstock Resources Inc,Energy,Oil & Gas E&P,USA,4030000000.0000005,7.96,13.71,-0.51%,2386733.0,0,0,0,0,0,0,0,0,0,0,0,0,-1,0,0,0,0,0,0,0,0,0,0,0,0,1,0,0,1,1,2
RMU,Leverage Shares 2x Long CRML Daily ETF,Financial,Exchange Traded Fund,USA,,,1.77,-7.33%,440934.0,0,0,0,0,0,0,0,0,1,0,0,0,0,0,0,0,0,0,0,0,0,0,0,0,0,0,0,0,1,0,1
RPT,First Trust SkyBridge Crypto Industry and Digital Economy ETF,Financial,Exchange Traded Fund,USA,,,14.7,-4.61%,17625.0,0,0,0,0,0,0,0,0,0,0,0,0,0,0,0,0,0,0,0,0,1,0,0,0,0,0,0,0,1,0,1
RSH,YieldMax Short TSLA Option Income Strategy ETF,Financial,Exchange Traded Fund,USA,,,18.84,-0.15%,4775.0,0,0,0,0,0,0,0,0,1,0,0,0,0,0,0,0,0,0,0,0,0,0,0,0,0,0,0,0,1,0,1
RTC,Xtrackers US National Critical Technologies ETF,Financial,Exchange Traded Fund,USA,,,41.83,-0.48%,19604.0,0,0,0,-1,0,0,0,-1,0,0,0,0,0,0,0,0,0,0,0,0,0,0,0,0,0,0,0,0,0,2,2
RUS,Cirrus Logic Inc,Technology,Semiconductors,USA,5670000000.0,13.85,113.2,0.46%,905652.0,0,0,0,0,0,0,0,0,1,0,0,0,0,0,0,0,0,0,0,0,0,0,0,0,0,0,0,0,1,0,1
RUX,Columbia Core Bond ETF,Financial,Exchange Traded Fund,USA,,,28.58,0.32%,217060.0,0,1,0,0,0,0,0,0,0,0,0,0,0,0,0,0,0,0,0,0,0,0,0,0,0,0,0,0,1,0,1
RVO,CervoMed Inc,Healthcare,Biotechnology,USA,49590000.0,,3.28,3.14%,341949.0,0,0,0,0,0,0,0,0,0,0,0,0,-1,0,0,0,0,0,0,0,0,0,0,0,0,1,0,0,1,1,2
RWS,Crown Crafts Inc,Consumer Cyclical,"Furnishings, Fixtures & Appliances",USA,26150000.0,5.2,2.43,-0.41%,35536.0,0,0,0,0,0,0,0,0,0,0,0,0,-1,0,0,0,0,0,0,0,0,0,0,0,0,0,0,0,0,1,1
RWU,T-REX 2X Long CRWV Daily Target ETF,Financial,Exchange Traded Fund,USA,,,30.53,-15.71%,169448.0,0,0,0,0,0,0,0,0,1,0,0,0,0,0,0,0,0,0,0,0,0,0,0,0,0,0,0,0,1,0,1
RWV,CoreWeave Inc,Technology,Software - Infrastructure,USA,44990000000.0,,81.58,-7.77%,42321334.0,0,0,0,0,0,0,0,0,1,0,0,0,0,0,0,0,0,0,0,0,0,0,0,0,0,0,0,0,1,0,1
SAI,Cloudastructure Inc,Technology,Software - Infrastructure,USA,2260000.0,,2.58,-1.90%,23324.0,0,0,0,-1,0,0,0,0,0,0,0,0,0,0,0,0,0,0,0,-1,0,0,0,0,0,0,0,0,0,2,2
SBR,Champions Oncology Inc,Healthcare,Biotechnology,USA,69310000.0,,4.98,2.05%,2830.0,0,0,0,0,0,0,0,0,1,0,0,0,0,0,0,0,0,0,0,0,0,0,0,0,0,0,0,0,1,0,1
SCS,Direxion Daily CSCO Bear 1X ETF,Financial,Exchange Traded Fund,USA,,,13.12,2.26%,16297.0,0,0,0,0,0,0,0,0,0,0,0,0,0,0,0,0,0,0,0,0,1,0,0,1,0,0,0,0,2,0,2
SD,Invesco S&P Spin-Off ETF,Financial,Exchange Traded Fund,USA,,,128.14,-0.53%,48176.0,0,0,0,0,0,0,0,0,1,0,0,0,0,0,0,0,0,0,0,0,0,0,0,0,0,0,0,0,1,0,1
SHI,NEOS Enhanced Income 1-3 Month T-Bill ETF,Financial,Exchange Traded Fund,USA,,,49.77,0.02%,812646.0,0,1,0,0,0,1,0,0,0,0,0,0,-1,-1,0,0,0,0,0,0,0,0,0,0,0,0,0,0,2,2,4
SHR,CoinShares Plc,Financial,Capital Markets,United Kingdom,610240000.0,24.52,4.63,-3.94%,247183.0,0,0,0,-1,0,0,0,0,0,0,0,0,0,0,0,1,0,0,0,0,0,0,0,0,0,0,0,0,1,1,2
SL,Carlisle Companies Inc,Industrials,Building Products & Equipment,USA,12760000000.0,18.31,321.25,0.95%,477887.0,0,1,0,0,0,1,0,0,1,0,0,0,0,0,0,0,0,0,0,0,0,0,0,0,0,0,0,0,3,0,3
SPI,CSP Inc,Technology,Information Technology Services,USA,74900000.0,,7.43,-0.80%,5591.0,0,0,0,-1,0,0,0,0,0,0,0,0,0,0,0,0,0,0,0,0,0,0,0,0,0,0,0,0,0,1,1
SQ,Calamos Strategic Total Return Fund,Financial,Closed-End Fund - Debt,USA,3250000000.0,,20.43,-0.39%,140996.0,0,0,0,-1,0,0,0,0,0,0,0,0,0,0,0,0,0,0,0,0,0,0,0,0,0,0,0,0,0,1,1
SR,Centerspace,Real Estate,REIT - Residential,USA,970780000.0,69.61,54.91,0.90%,349003.0,0,0,0,0,0,0,0,0,1,0,0,0,0,0,0,0,0,0,0,0,0,0,0,0,0,0,0,0,1,0,1
STM,Constellium SE,Basic Materials,Aluminum,France,3470000000.0,6.59,25.6,0.71%,1379167.0,0,0,0,0,0,0,0,0,1,0,0,0,0,0,0,0,0,0,0,0,0,0,0,0,0,0,0,0,1,0,1
SV,Carriage Services Inc,Consumer Cyclical,Personal Services,USA,535710000.00000006,12.07,33.73,-0.21%,285978.0,0,0,0,0,0,0,0,0,1,1,0,0,0,0,0,0,0,0,0,0,0,0,0,0,0,0,0,0,2,0,2
TAA,ClearThink 1 Acquisition Corp,Financial,Shell Companies,USA,170020000.0,,9.98,0.20%,7.0,0,0,0,0,0,0,0,0,0,0,1,0,0,0,0,0,0,0,0,0,0,0,-1,0,0,0,0,0,1,1,2
TAP,Simplify US Equity PLUS Managed Futures Strategy ETF,Financial,Exchange Traded Fund,USA,,,30.46,1.67%,8241.0,0,0,0,0,0,0,0,0,0,0,0,0,-1,0,0,0,0,0,0,0,0,0,0,0,0,0,0,0,0,1,1
TEX,ProShares S&P Kensho Cleantech ETF,Financial,Exchange Traded Fund,USA,,,30.46,-2.25%,351.0,0,0,0,0,0,1,0,0,0,0,0,0,0,0,0,0,0,0,0,0,0,0,0,0,0,0,0,0,1,0,1
TGO,Contango Silver & Gold Inc,Basic Materials,Gold,USA,544410000.0,,16.28,0.18%,358305.0,0,0,0,-1,0,0,0,0,1,1,0,0,0,0,0,0,0,0,0,0,0,0,0,0,0,0,0,0,2,1,3
TJN,Corgi U.S. Equities 30% Structured Buffer ETF - June Series,Financial,Exchange Traded Fund,USA,,,25.49,-0.24%,6.0,0,0,0,0,0,0,0,0,0,0,0,0,0,0,0,0,0,0,0,0,0,0,0,1,0,0,0,0,1,0,1
TM,Castellum Inc,Technology,Information Technology Services,USA,58010000.0,,0.61,-2.98%,411093.0,0,0,0,0,0,0,0,0,0,0,0,0,-1,0,0,0,0,0,0,0,0,0,0,1,0,0,0,0,1,1,2
TMA,Corgi U.S. Equities 30% Structured Buffer ETF - May Series,Financial,Exchange Traded Fund,USA,,,25.92,-0.15%,6.0,0,0,0,0,0,0,0,-1,0,0,0,0,0,0,0,0,0,0,0,0,0,0,0,0,0,0,0,0,0,1,1
TNM,Contineum Therapeutics Inc,Healthcare,Biotechnology,USA,495850000.0,,13.18,3.53%,1177869.0,0,0,0,0,0,0,0,0,0,0,0,0,0,0,0,0,0,0,0,0,0,0,0,1,0,0,0,0,1,0,1
TRI,Centuri Holdings Inc,Utilities,Utilities - Regulated Gas,USA,2100000000.0,67.59,20.81,0.24%,2012275.0,0,1,0,0,0,0,0,0,0,0,0,0,0,0,0,0,0,0,0,0,0,0,0,0,0,0,0,0,1,0,1
TSO,Cytosorbents Corp,Healthcare,Medical Devices,USA,11750000.0,,3.73,-3.62%,10837.0,0,0,0,0,0,0,0,0,1,0,0,0,0,0,0,0,0,0,0,0,0,0,0,0,0,0,0,0,1,0,1
TXR,Citius Pharmaceuticals Inc,Healthcare,Biotechnology,USA,13420000.0,,0.49,-2.47%,132540.0,0,0,0,0,0,1,0,0,0,0,0,0,0,0,0,0,0,0,0,0,0,0,0,0,0,0,0,0,1,0,1
UE,Cue Biopharma Inc,Healthcare,Biotechnology,USA,162210000.0,,22.33,-0.80%,109897.0,0,0,0,0,0,0,0,0,0,0,1,0,0,0,0,0,0,0,0,0,0,0,-1,0,0,0,0,0,1,1,2
ULP,Culp Inc,Consumer Cyclical,Textile Manufacturing,USA,46230000.0,,3.63,-0.55%,117928.0,0,0,0,0,0,0,0,0,0,0,0,0,0,0,0,0,0,1,0,0,0,0,0,0,0,0,0,0,1,0,1
UPR,Cuprina Holdings (Cayman) Ltd,Healthcare,Medical Instruments & Supplies,Singapore,11190000.0,,1.9,-4.52%,15104.0,0,0,0,0,0,1,0,0,0,0,0,0,0,0,0,0,0,0,0,0,0,0,0,0,0,0,0,0,1,0,1
URR,Currenc Group Inc,Technology,Software - Application,Singapore,311020000.0,,2.77,0.00%,55107.0,0,0,0,0,0,0,0,0,0,0,0,0,0,0,0,1,0,0,0,0,0,0,0,0,0,0,0,0,1,0,1
URX,Curanex Pharmaceuticals Inc,Healthcare,Biotechnology,USA,7460000.0,,4.76,-0.21%,14424.0,0,0,0,0,0,0,0,0,1,0,0,0,0,0,0,0,0,0,0,0,0,0,0,0,0,0,0,0,1,0,1
V,CapsoVision Inc,Healthcare,Medical Devices,USA,352260000.0,,6.62,1.22%,91393.0,0,0,0,-1,0,0,0,0,0,0,0,0,0,0,0,1,0,0,0,0,0,0,0,0,0,0,0,0,1,1,2
VEO,Civeo Corp,Consumer Cyclical,Lodging,USA,329750000.0,,31.9,0.19%,54437.0,0,1,0,-1,0,0,0,0,0,0,0,0,0,0,0,1,0,0,0,0,0,0,0,0,0,0,0,0,2,1,3
VIE,Calvert International Responsible Index ETF,Financial,Exchange Traded Fund,USA,,,82.01,-1.17%,19407.0,0,0,0,0,0,0,0,0,0,0,1,0,0,0,0,0,0,0,0,0,0,0,0,0,-1,0,0,0,1,1,2
VLC,Calvert US Large-Cap Core Responsible Index ETF,Financial,Exchange Traded Fund,USA,,,95.74,-0.53%,8952.0,0,0,0,0,0,0,0,0,0,0,1,0,0,0,0,0,0,0,0,0,0,0,-1,0,0,0,0,0,1,1,2
VNY,YieldMax CVNA Option Income Strategy ETF,Financial,Exchange Traded Fund,USA,,,17.57,-0.73%,33798.0,0,0,0,0,0,0,0,0,1,0,0,0,0,0,0,0,0,0,0,0,0,0,0,0,0,0,0,0,1,0,1
VR,Chicago Rivet & Machine Co,Industrials,Tools & Accessories,USA,11180000.0,,11.57,6.68%,1340.0,0,0,0,0,0,0,0,0,0,0,0,0,-1,0,0,0,0,0,0,0,0,0,0,0,0,1,0,0,1,1,2
VRD,Madison Covered Call ETF,Financial,Exchange Traded Fund,USA,,,18.21,0.63%,22.0,0,0,0,0,0,0,0,0,0,0,0,0,0,0,0,0,0,0,0,0,1,0,0,0,0,0,0,0,1,0,1
VRT,Calamos Convertible Equity Alternative ETF,Financial,Exchange Traded Fund,USA,,,46.26,-1.77%,6730.0,0,0,0,0,0,0,0,0,1,1,0,0,0,0,0,0,0,0,0,0,0,0,0,0,0,0,0,0,2,0,2
VSA,Covista Inc,Consumer Defensive,Education & Training Services,USA,4410000000.0,19.88,130.29,2.35%,226658.0,0,0,0,-1,0,0,0,0,0,0,0,0,0,0,0,0,0,0,0,0,0,0,0,0,0,0,0,0,0,1,1
VSB,Calvert Ultra-Short Investment Grade ETF,Financial,Exchange Traded Fund,USA,,,50.49,0.03%,18502.0,0,1,0,0,0,0,0,0,0,0,0,0,0,0,0,0,0,0,0,0,0,0,0,0,0,0,0,0,1,0,1
VU,CPI Aerostructures Inc,Industrials,Aerospace & Defense,USA,67570000.0,17.76,5.1,0.00%,54230.0,0,0,0,0,0,0,0,-1,0,0,0,0,0,0,0,0,0,0,0,0,0,0,0,0,0,0,0,0,0,1,1
VX,Chevron Corp,Energy,Oil & Gas Integrated,USA,417970000000.0,20.28,211.55,3.12%,7628170.0,0,0,0,0,0,0,0,0,0,0,1,0,0,0,0,0,0,0,0,0,0,0,0,0,0,0,0,0,1,0,1
WBC,Community West Bancshares,Financial,Banks - Regional,USA,707310000.0,14.07,26.07,0.04%,196887.0,0,0,0,0,0,0,0,0,0,0,0,0,-1,0,0,0,0,0,0,0,0,0,0,0,0,0,0,0,0,1,1
WCO,Consolidated Water Co Ltd,Utilities,Utilities - Regulated Water,Cayman Islands,485590000.0,30.18,30.33,0.25%,81806.0,0,0,0,0,0,0,0,0,1,1,0,0,0,0,0,0,0,0,0,0,0,0,0,0,0,0,0,0,2,0,2
WD,CaliberCos Inc,Financial,Asset Management,USA,4980000.0,,0.48,-5.27%,198943.0,0,0,0,0,0,0,0,0,1,0,0,0,0,0,0,0,0,0,0,0,0,0,0,0,0,0,0,0,1,0,1
WEB,Direxion Daily CSI China Internet Index Bull 2X ETF,Financial,Exchange Traded Fund,USA,,,17.57,-2.50%,554124.0,0,0,0,0,0,0,0,0,0,0,0,0,-1,0,0,0,0,0,0,0,0,0,0,1,0,0,0,0,1,1,2
WEN,Clearway Energy Inc,Utilities,Utilities - Renewable,USA,6150000000.0,37.88,29.95,-1.12%,1432266.0,0,0,0,0,0,0,0,0,1,0,0,0,0,0,0,0,0,0,0,0,0,0,0,0,0,0,0,0,1,0,1
WI,State Street SPDR MSCI ACWI ex-US ETF,Financial,Exchange Traded Fund,USA,,,39.91,-0.99%,366952.0,0,0,0,-1,0,0,0,-1,0,0,0,0,0,0,0,0,0,1,0,0,0,0,0,0,0,0,0,0,1,2,3
WVX,Tradr 2X Long CRWV Daily ETF,Financial,Exchange Traded Fund,USA,,,13.12,-15.79%,2798760.0,0,0,0,0,0,0,0,0,1,0,0,0,0,0,0,0,0,0,0,0,0,0,0,0,0,0,0,0,1,0,1
XII,Churchill Capital Corp XII,Financial,Shell Companies,USA,588000000.0,,10.59,-0.61%,1015.0,0,1,0,0,0,0,0,0,0,0,0,0,0,0,0,0,0,0,0,0,0,0,0,0,0,0,0,0,1,0,1
XM,Sprinklr Inc,Technology,Software - Application,USA,1260000000.0,57.6,5.42,4.43%,2552695.0,0,0,0,0,0,0,0,0,0,0,0,0,0,0,0,0,0,0,0,0,0,0,0,1,0,0,0,0,1,0,1
XSE,WisdomTree China ex-State-Owned Enterprises Fund,Financial,Exchange Traded Fund,USA,,,34.17,-1.65%,26549.0,0,0,0,0,0,0,0,0,1,0,0,0,0,0,0,0,0,0,0,0,0,0,0,0,0,0,0,0,1,0,1
XW,CoreCivic Inc,Industrials,Security & Protection Services,USA,3230000000.0,26.06,32.71,2.80%,2159542.0,0,0,0,0,0,0,0,0,0,0,0,0,-1,0,0,0,0,0,0,0,0,0,0,0,0,0,0,0,0,1,1
YRX,CryoPort Inc,Industrials,Integrated Freight & Logistics,USA,855970000.0,,16.9,-2.59%,1206904.0,0,1,0,0,0,0,0,0,0,0,0,0,0,0,0,0,0,1,0,0,0,0,0,0,0,0,0,0,2,0,2
ZWI,Citizens Community Bancorp Inc MD,Financial,Banks - Regional,USA,206610000.0,16.28,21.41,0.23%,27695.0,0,0,0,0,0,0,0,0,1,0,0,0,0,0,0,0,0,0,0,0,0,0,0,0,0,0,-1,0,1,1,2
ABS,DoubleLine Asset-Backed Securities ETF,Financial,Exchange Traded Fund,USA,,,49.66,0.12%,16176.0,0,0,0,0,0,1,0,0,1,1,0,0,0,0,0,0,0,0,0,0,0,0,0,0,0,0,0,0,3,0,3
AC,Danaos Corp,Industrials,Marine Shipping,Greece,3100000000.0,5.76,170.22,3.49%,307443.0,0,0,0,0,0,0,0,0,0,0,0,0,0,0,0,0,0,1,0,0,0,0,0,0,0,0,0,0,1,0,1
ADS,Digital Asset Debt Strategy ETF,Financial,Exchange Traded Fund,USA,,,19.17,-1.01%,1147.0,0,0,0,0,0,0,0,0,0,0,0,0,0,0,0,0,0,0,0,0,0,0,0,0,0,0,-1,0,0,1,1
AKT,Daktronics Inc,Technology,Electronic Components,USA,860380000.0,18.18,17.89,0.45%,279399.0,0,1,0,0,0,0,0,0,1,0,0,0,0,0,0,0,0,0,0,0,0,0,0,0,0,0,0,0,2,0,2
ANA,Dana Limited Volatility ETF,Financial,Exchange Traded Fund,USA,,,25.0,0.15%,12.0,0,0,0,0,0,1,0,0,1,1,0,0,0,0,0,0,0,0,0,-1,0,0,0,0,0,0,0,0,3,1,4
APR,FT Vest U.S. Equity Deep Buffer ETF - April,Financial,Exchange Traded Fund,USA,,,42.01,-0.19%,5845.0,0,0,0,0,0,0,0,-1,0,0,0,0,0,0,0,0,0,0,0,0,0,0,0,0,0,0,0,0,0,1,1
AR,Darling Ingredients Inc,Consumer Defensive,Packaged Foods,USA,9820000000.0,16.73,62.25,3.72%,2815060.0,0,0,0,-1,0,0,0,0,0,0,0,0,0,0,0,0,0,0,0,0,0,0,0,0,0,0,0,0,0,1,1
AVA,Endava plc ADR,Technology,Software - Infrastructure,United Kingdom,84040000.0,,1.97,3.14%,140469.0,0,0,0,0,0,0,0,0,0,0,0,0,0,0,0,0,0,0,0,-1,0,0,0,0,0,0,0,0,0,1,1
BAW,Xtrackers MSCI All World ex US Hedged Equity ETF,Financial,Exchange Traded Fund,USA,,,47.5,-0.87%,36673.0,0,0,0,0,0,0,0,0,0,0,0,0,0,0,0,1,0,0,0,0,0,0,0,0,0,0,0,0,1,0,1
BB,Invesco DB Base Metals Fund,Financial,Exchange Traded Fund,USA,,,24.76,-1.43%,227140.0,0,0,0,0,0,0,0,0,0,0,0,0,0,0,0,1,0,0,0,0,0,0,0,0,0,0,0,0,1,0,1
BJP,Xtrackers MSCI Japan Hedged Equity ETF,Financial,Exchange Traded Fund,USA,,,116.8,-1.00%,32087.0,0,0,0,0,0,0,0,0,0,0,0,0,0,0,0,0,0,1,0,0,0,0,0,0,0,0,0,0,1,0,1
BL,DoubleLine Opportunistic Credit Fund,Financial,Closed-End Fund - Debt,USA,262570000.0,,13.28,0.08%,168181.0,0,1,0,-1,0,0,0,0,0,0,0,0,0,0,0,0,0,0,0,0,0,0,0,0,0,0,0,0,1,1,2
BND,DoubleLine Opportunistic Core Bond ETF,Financial,Exchange Traded Fund,USA,,,43.5,0.25%,76769.0,0,0,0,0,0,0,0,0,1,1,0,0,0,0,0,0,0,0,0,0,0,0,0,0,0,0,0,0,2,0,2
CH,Dauch Corp,Consumer Cyclical,Auto Parts,USA,1350000000.0,,5.69,-1.73%,5446990.0,0,0,0,0,0,0,0,0,0,0,0,0,-1,0,0,0,0,0,0,0,0,0,0,0,0,0,0,0,0,1,1
COY,Decoy Therapeutics Inc,Healthcare,Biotechnology,USA,2790000.0,,1.52,-5.59%,122601.0,0,0,0,0,0,0,0,0,1,0,0,0,0,0,0,0,0,0,0,0,0,0,0,0,0,0,0,0,1,0,1
CX,Digital Currency X Technology Inc,Consumer Cyclical,Auto Manufacturers,Cayman Islands,6430000.0,,2.74,-6.48%,41539.0,0,0,0,0,0,0,0,0,1,0,0,0,0,0,0,0,0,0,0,0,0,0,0,0,0,0,0,0,1,0,1
D,DuPont de Nemours Inc,Basic Materials,Specialty Chemicals,USA,17890000000.0,314.68,132.48,1.07%,816426.0,0,0,0,0,0,0,0,0,0,0,0,0,-1,0,0,0,0,0,0,0,0,0,0,0,0,0,0,0,0,1,1
DD,3D Systems Corp,Technology,Computer Hardware,USA,556590000.0,,3.35,-1.76%,2969253.0,0,0,0,0,0,0,0,0,0,0,1,0,0,0,0,0,0,0,0,0,0,0,0,0,-1,0,0,0,1,1,2
DEC,FT Vest U.S. Equity Deep Buffer ETF - December,Financial,Exchange Traded Fund,USA,,,48.81,-0.26%,4351.0,0,0,0,-1,0,0,0,0,0,0,0,0,0,0,0,0,0,1,0,0,0,0,0,0,0,0,0,0,1,1,2
DFA,Innovator Equity Dual Directional 15 Buffer ETF - April,Financial,Exchange Traded Fund,USA,,,20.7,0.02%,12414.0,0,0,0,0,0,1,0,0,0,0,0,0,0,0,0,0,0,1,0,0,0,0,0,0,0,0,0,0,2,0,2
DFL,Innovator Equity Dual Directional 15 Buffer ETF - July,Financial,Exchange Traded Fund,USA,,,21.72,0.05%,36609.0,0,0,0,0,0,0,0,0,0,0,0,0,0,0,0,0,0,1,0,0,0,0,0,0,0,0,0,0,1,0,1
DLS,WisdomTree Dynamic International SmallCap Equity Fund,Financial,Exchange Traded Fund,USA,,,44.42,-0.43%,12434.0,0,0,0,0,0,0,0,0,0,0,1,1,0,0,0,0,0,0,0,0,0,0,0,0,0,0,0,0,2,0,2
DTL,Innovator Equity Dual Directional 10 Buffer ETF - July,Financial,Exchange Traded Fund,USA,,,22.69,0.00%,9805.0,0,0,0,0,0,0,0,-1,0,0,1,0,0,0,0,0,0,0,0,0,0,0,0,0,0,0,0,0,1,1,2
DTS,Innovator Equity Dual Directional 10 Buffer ETF - September,Financial,Exchange Traded Fund,USA,,,23.14,-0.26%,3165.0,0,0,0,0,0,0,0,-1,0,0,1,0,0,0,0,0,0,0,0,0,0,0,0,0,0,0,0,0,1,1,2
DTY,Innovator Equity Dual Directional 10 Buffer ETF - May,Financial,Exchange Traded Fund,USA,,,20.85,-0.30%,8220.0,0,0,0,0,0,0,0,-1,0,0,0,0,0,0,0,0,0,0,0,0,0,0,0,0,0,0,0,0,0,1,1
DWM,WisdomTree Dynamic International Equity Fund,Financial,Exchange Traded Fund,USA,,,45.33,0.00%,188553.0,0,0,0,0,0,0,0,0,0,0,1,0,0,0,0,0,0,0,0,0,0,0,0,0,0,0,0,0,1,0,1
DXX,Defined Duration 20 ETF,Financial,Exchange Traded Fund,USA,,,27.85,-0.28%,232.0,0,0,0,0,0,0,0,0,0,0,1,0,0,0,0,0,0,0,0,0,0,0,-1,0,0,0,0,0,1,1,2
EC,Diversified Energy Co,Energy,Oil & Gas Integrated,USA,997850000.0,,14.1,0.50%,797524.0,0,0,0,0,0,0,0,0,0,0,0,0,-1,0,0,0,0,0,0,0,0,0,0,0,0,0,0,0,0,1,1
ECP,PGIM S&P 500 Buffer 12 ETF - December,Financial,Exchange Traded Fund,USA,,,33.66,-0.37%,9858.0,0,0,0,0,0,0,0,0,0,0,1,0,0,0,0,0,0,0,0,0,0,0,0,0,0,0,0,0,1,0,1
ECZ,TrueShares Structured Outcome (December) ETF,Financial,Exchange Traded Fund,USA,,,44.35,-0.43%,2977.0,0,0,0,0,0,0,0,0,0,0,1,0,0,0,0,0,0,0,0,0,0,0,-1,0,0,0,0,0,1,1,2
EEF,Xtrackers FTSE Developed ex US Multifactor ETF,Financial,Exchange Traded Fund,USA,,,38.75,-0.01%,310.0,0,0,0,0,0,0,0,0,0,0,1,0,0,0,0,0,0,0,0,0,0,0,0,0,0,0,0,0,1,0,1
EM,WisdomTree Emerging Markets High Dividend Fund,Financial,Exchange Traded Fund,USA,,,55.05,-0.70%,170852.0,0,1,0,0,0,0,0,-1,0,0,0,0,0,0,0,0,0,0,0,0,0,0,0,0,0,0,0,0,1,1,2
EMZ,Democratic Large Cap Core ETF,Financial,Exchange Traded Fund,USA,,,49.2,-0.14%,993.0,0,0,0,0,0,0,0,-1,0,0,0,0,0,0,0,0,0,0,0,0,0,0,0,0,0,0,0,0,0,1,1
ETX,Liberty Defense Holdings Ltd,Industrials,Security & Protection Services,USA,10790000.0,,1.9,-4.76%,17437.0,0,0,0,0,0,0,0,0,1,1,0,0,0,0,0,0,0,0,0,0,0,0,0,0,0,0,0,0,2,0,2
FAX,Dimensional World ex U.S. Core Equity 2 ETF,Financial,Exchange Traded Fund,USA,,,36.8,-0.76%,428443.0,0,0,0,-1,0,0,0,-1,0,0,0,0,0,0,0,0,0,0,0,0,0,0,0,0,0,0,0,0,0,2,2
FCA,Dimensional California Municipal Bond ETF,Financial,Exchange Traded Fund,USA,,,47.66,0.04%,121228.0,0,0,0,0,0,0,0,0,1,0,0,0,0,0,0,0,0,0,0,0,0,0,0,0,0,0,0,0,1,0,1
FCF,Dimensional Core Fixed Income ETF,Financial,Exchange Traded Fund,USA,,,40.31,0.32%,2479718.0,0,0,0,0,0,0,0,0,1,1,0,0,0,0,0,0,0,0,0,0,0,0,0,0,0,0,0,0,2,0,2
FE,WisdomTree Europe SmallCap Dividend Fund,Financial,Exchange Traded Fund,USA,,,72.71,0.13%,2784.0,0,0,0,0,0,0,0,0,0,0,1,1,0,0,0,0,0,0,0,0,0,0,0,0,0,0,0,0,2,0,2
FH,Dream Finders Homes Inc,Consumer Cyclical,Residential Construction,USA,869130000.0,6.76,9.6,1.05%,1416351.0,0,0,0,0,0,0,0,0,0,0,0,0,-1,-1,0,0,0,0,0,0,1,0,0,0,0,0,0,0,1,2,3
FLV,Dimensional US Large Cap Value ETF,Financial,Exchange Traded Fund,USA,,,40.77,0.59%,730803.0,0,0,0,0,0,0,0,0,0,0,0,0,0,0,0,0,0,0,0,0,0,0,-1,0,0,0,0,0,0,1,1
FSC,DEFSEC Technologies Inc,Industrials,Aerospace & Defense,Canada,2460000.0,,0.92,1.30%,107227.0,0,0,0,0,0,0,0,0,1,0,0,0,0,0,0,0,0,0,0,0,0,0,0,0,0,0,0,0,1,0,1
GAP,FT Vest U.S. Equity Buffer & Digital Return ETF - April,Financial,Exchange Traded Fund,USA,,,31.27,-0.05%,7.0,0,0,0,0,0,0,0,-1,0,0,0,0,0,0,0,0,0,0,0,0,0,0,0,0,0,0,0,0,0,1,1
GRW,WisdomTree U.S. Quality Dividend Growth Fund,Financial,Exchange Traded Fund,USA,,,98.66,-0.10%,523019.0,0,0,0,0,0,0,0,0,0,0,0,0,0,0,0,0,0,0,0,0,0,0,-1,0,0,0,0,0,0,1,1
GZ,DB Gold Short ETN,Financial,Exchange Traded Fund,USA,,,5.5,0.00%,286.0,0,0,0,0,0,0,0,0,1,0,0,0,0,0,0,0,0,0,0,0,0,0,0,0,0,0,0,0,1,0,1
HDG,FT Vest U.S. Equity Quarterly 2.5 to 15 Buffer ETF,Financial,Exchange Traded Fund,USA,,,38.11,-0.19%,1267.0,0,0,0,0,0,0,0,0,0,0,1,0,0,0,0,0,0,0,0,0,0,0,0,0,0,0,0,0,1,0,1
HI,D.R. Horton Inc,Consumer Cyclical,Residential Construction,USA,37990000000.0,12.92,135.82,1.91%,2974732.0,0,0,0,0,0,0,0,0,0,0,1,1,0,0,0,0,0,0,0,0,0,0,0,0,0,0,0,0,2,0,2
IPR,Corgi Space & Satellite Communications ETF,Financial,Exchange Traded Fund,USA,,,22.03,-3.23%,300.0,0,0,0,0,0,0,0,0,0,0,0,0,0,0,0,1,0,0,0,0,0,0,0,0,0,0,0,0,1,0,1
ISK,Tema Memory ETF,Financial,Exchange Traded Fund,USA,,,35.93,-5.02%,374824.0,0,0,0,0,0,0,0,0,0,0,1,0,0,0,0,0,0,0,0,0,1,0,0,0,0,0,0,0,2,0,2
IT,Amcon Distributing Company,Consumer Defensive,Food Distribution,USA,62030000.0,33.79,63.55,-2.44%,2071.0,0,0,0,0,0,1,0,0,1,1,0,0,0,0,0,0,0,0,0,0,0,0,0,0,0,0,0,0,3,0,3
JAN,FT Vest U.S. Equity Deep Buffer ETF - January,Financial,Exchange Traded Fund,USA,,,46.91,-0.15%,8356.0,0,0,0,-1,0,0,0,0,0,0,0,0,0,0,0,0,0,0,0,0,0,0,0,0,0,0,0,0,0,1,1
JD,Invesco Dow Jones Industrial Average Dividend ETF,Financial,Exchange Traded Fund,USA,,,63.44,0.99%,59368.0,0,0,0,0,0,0,0,0,0,0,0,0,0,0,0,0,0,1,0,0,0,0,0,0,0,0,0,0,1,0,1
JT,Trump Media & Technology Group Corp,Communication Services,Internet Content & Information,USA,2280000000.0,,8.2,-0.24%,3185105.0,0,0,0,0,0,0,0,0,0,0,1,0,0,0,0,0,0,0,0,0,0,0,0,0,0,0,0,0,1,0,1
JUN,FT Vest U.S. Equity Deep Buffer ETF - June,Financial,Exchange Traded Fund,USA,,,50.48,-0.22%,7303.0,0,0,0,0,0,0,0,-1,0,0,0,0,0,0,0,0,0,0,0,0,0,0,0,0,0,0,0,0,0,1,1
KL,Delek Logistics Partners LP,Energy,Oil & Gas Refining & Marketing,USA,3270000000.0,19.65,56.6,1.13%,50034.0,0,0,0,0,0,0,0,0,0,0,0,0,0,0,0,1,0,0,0,0,0,0,0,0,0,0,0,0,1,0,1
KNG,DraftKings Inc,Consumer Cyclical,Gambling,USA,17670000000.0,,19.87,3.76%,16675908.0,0,1,0,0,0,0,0,0,0,0,0,0,-1,0,0,0,0,0,0,0,0,0,0,0,0,0,0,0,1,1,2
KS,Dicks Sporting Goods Inc,Consumer Cyclical,Specialty Retail,USA,11970000000.0,14.46,134.63,2.63%,2336024.0,0,0,0,0,0,0,0,0,0,0,0,0,0,0,0,0,0,0,0,0,0,0,0,1,0,0,0,0,1,0,1
LAG,FT Vest U.S. Equity Dual Directional Buffer ETF - August,Financial,Exchange Traded Fund,USA,,,33.94,-0.31%,1027.0,0,0,0,-1,0,0,0,0,0,0,0,0,0,0,0,0,0,0,0,0,0,0,0,0,0,0,0,0,0,1,1
LO,DLocal Limited,Technology,Software - Infrastructure,Uruguay,4230000000.0000005,21.94,15.0,1.56%,1853420.0,0,0,0,-1,0,0,0,0,0,0,0,0,0,0,0,0,0,0,0,0,0,0,0,0,0,0,0,0,0,1,1
LPN,Dolphin Entertainment Inc,Communication Services,Advertising Agencies,USA,13040000.0,,1.0,-0.40%,6888.0,0,0,0,0,0,0,0,0,1,0,0,0,0,0,0,0,0,0,0,0,0,0,0,0,0,0,0,0,1,0,1
LR,Digital Realty Trust Inc,Real Estate,REIT - Specialty,USA,65319999999.99999,85.65,176.07,-2.44%,2567181.0,0,0,0,0,0,0,0,0,0,0,0,0,-1,-1,0,0,0,0,0,0,0,0,0,0,0,0,0,0,0,2,2
LTH,Duluth Holdings Inc,Consumer Cyclical,Apparel Retail,USA,152400000.0,28.81,4.01,-0.25%,37943.0,0,0,0,0,0,0,0,0,0,0,0,0,0,0,0,1,0,0,0,0,0,0,0,0,0,0,0,0,1,0,1
LX,Deluxe Corp,Industrials,Conglomerates,USA,1060000000.0,10.56,23.05,3.04%,654024.0,0,0,0,0,0,0,0,0,1,0,0,0,0,0,0,0,0,0,0,0,0,0,0,0,0,0,0,0,1,0,1
LY,DoubleLine Yield Opportunities Fund,Financial,Closed-End Fund - Debt,USA,642660000.0,,13.24,0.23%,127012.0,0,0,0,0,0,0,0,0,1,0,0,0,0,0,0,0,0,0,0,0,0,0,0,0,0,0,0,0,1,0,1
MA,Destra Multi-Alternative Fund,Financial,Closed-End Fund - Equity,USA,67050000.0,,7.48,0.27%,3623.0,0,0,0,0,0,0,0,0,0,0,1,0,0,0,0,0,0,0,0,0,0,0,0,0,0,0,0,0,1,0,1
MAY,FT Vest U.S. Equity Deep Buffer ETF - May,Financial,Exchange Traded Fund,USA,,,48.32,-0.15%,6279.0,0,0,0,0,0,0,0,-1,0,0,1,0,0,0,0,0,0,0,0,0,0,0,0,0,0,0,0,0,1,1,2
MLP,Dorchester Minerals LP,Energy,Oil & Gas E&P,USA,1450000000.0,16.81,29.45,1.52%,64809.0,0,0,0,-1,0,0,0,0,0,0,0,0,0,0,0,0,0,0,0,0,0,0,0,0,0,0,0,0,0,1,1
MX,DoubleLine Multi-Sector Income ETF,Financial,Exchange Traded Fund,USA,,,48.95,0.00%,12310.0,0,0,0,-1,0,0,0,0,0,0,0,0,0,0,0,0,0,0,0,0,0,0,0,0,0,0,0,0,0,1,1
NA,Ginkgo Bioworks Holdings Inc,Healthcare,Biotechnology,USA,763640000.0,,11.34,-1.13%,3205354.0,0,1,0,0,0,0,0,0,0,0,0,0,0,0,0,0,0,0,0,0,0,0,0,0,0,0,0,0,1,0,1
NL,WisdomTree Global ex-U.S. Quality Growth Fund,Financial,Exchange Traded Fund,USA,,,44.55,-1.09%,17059.0,0,0,0,-1,0,0,0,0,0,0,0,0,0,0,0,0,0,1,0,0,0,0,0,0,0,0,0,0,1,1,2
NLI,Denali Therapeutics Inc,Healthcare,Biotechnology,USA,2980000000.0,,18.67,-2.56%,2366484.0,0,1,0,0,0,0,0,0,0,0,0,0,0,0,0,0,0,0,0,0,0,0,0,0,0,0,0,0,1,0,1
NUT,Krispy Kreme Inc,Consumer Defensive,Grocery Stores,USA,522230000.0,,3.01,3.08%,2293462.0,0,0,0,0,0,0,0,0,1,0,0,0,0,0,0,0,0,0,0,0,0,0,0,0,0,0,0,0,1,0,1
OCK,"Corgi Ports, Rail & Freight ETF",Financial,Exchange Traded Fund,USA,,,25.24,1.23%,243.0,0,0,0,0,0,0,0,0,1,0,0,0,0,0,0,0,0,0,0,0,0,0,0,0,0,0,0,0,1,0,1
OCN,DigitalOcean Holdings Inc,Technology,Software - Infrastructure,USA,14570000000.0,56.49,123.9,-2.66%,2264301.0,0,0,0,0,0,0,0,0,0,0,1,0,0,0,0,0,0,0,0,0,0,0,0,0,0,0,0,0,1,0,1
OLE,Dole plc,Consumer Defensive,Farm Products,Ireland,1230000000.0,16.76,13.02,1.72%,849034.0,0,0,0,-1,0,0,0,0,0,0,0,0,0,0,0,0,0,0,0,0,0,0,0,0,0,0,0,0,0,1,1
OMH,Dominari Holdings Inc,Financial,Capital Markets,USA,52130000.0,,2.15,-0.46%,175177.0,0,0,0,0,0,0,0,0,1,1,0,0,0,0,0,0,0,0,0,0,0,0,0,0,0,0,0,0,2,0,2
OO,BRP Inc,Consumer Cyclical,Recreational Vehicles,Canada,3870000000.0,49.57,54.39,-2.28%,375648.0,0,0,0,-1,0,0,0,0,0,0,0,0,0,0,0,1,0,0,0,0,0,0,0,0,0,0,0,0,1,1,2
OW,Dow Inc,Basic Materials,Chemicals,USA,20650000000.0,,28.59,2.95%,14127429.0,0,0,0,0,0,0,0,0,0,0,0,0,-1,0,0,0,0,0,0,0,0,0,0,0,0,0,0,0,0,1,1
OYU,DouYu International Holdings Ltd ADR,Communication Services,Internet Content & Information,China,123740000.0,,4.1,0.00%,26749.0,0,1,0,0,0,1,0,0,0,0,0,0,-1,-1,0,0,0,0,0,0,0,0,0,0,0,0,0,0,2,2,4
PG,Duff & Phelps Utility and Infrastructure Fund Inc,Financial,Closed-End Fund - Equity,USA,464720000.0,,12.91,-0.77%,39921.0,0,0,0,0,0,0,0,0,0,0,0,0,0,0,0,0,0,0,0,0,0,0,0,0,-1,0,0,0,0,1,1
PRO,Draganfly Inc,Industrials,Aerospace & Defense,Canada,169780000.0,,4.57,-2.77%,804173.0,0,0,0,0,0,0,0,0,1,1,0,0,0,0,0,0,0,0,0,0,0,0,0,0,0,0,0,0,2,0,2
RAI,Draco Evolution AI ETF,Financial,Exchange Traded Fund,USA,,,32.56,-1.08%,79.0,0,0,0,0,0,0,0,0,1,1,0,0,0,0,0,0,0,0,0,0,0,0,0,0,0,0,0,0,2,0,2
RAL,Defiance Daily Target 2X Long DRAM ETF,Financial,Exchange Traded Fund,USA,,,10.13,-10.67%,130205.0,0,1,0,0,0,0,0,0,0,0,1,0,0,0,0,0,0,0,0,0,0,0,0,0,0,0,0,0,2,0,2
RAY,YieldMax DKNG Option Income Strategy ETF,Financial,Exchange Traded Fund,USA,,,11.61,2.93%,15007.0,0,1,0,0,0,0,0,0,0,0,0,0,0,0,0,0,0,0,0,-1,0,0,0,0,0,0,0,0,1,1,2
RI,Darden Restaurants Inc,Consumer Cyclical,Restaurants,USA,22690000000.0,19.59,200.52,-0.48%,1163787.0,0,1,0,0,0,0,0,0,0,0,0,0,0,0,0,0,0,0,0,0,0,0,0,0,0,0,0,0,1,0,1
RIP,Direxion Daily S&P Oil & Gas Exp. & Prod. Bear 2X ETF,Financial,Exchange Traded Fund,USA,,,32.23,-5.65%,1029566.0,0,1,0,0,0,0,0,0,1,0,0,0,0,0,0,0,0,0,0,0,0,0,0,0,0,0,0,0,2,0,2
RNZ,REX Drone ETF,Financial,Exchange Traded Fund,USA,,,18.31,-1.40%,114259.0,0,0,0,0,0,0,0,0,1,0,0,0,0,0,0,0,0,0,0,0,0,0,0,0,0,0,0,0,1,0,1
RTS,Alpha Tau Medical Ltd,Healthcare,Biotechnology,Israel,1290000000.0,,14.0,-1.75%,595439.0,0,0,0,-1,0,0,0,-1,0,0,0,0,0,0,0,0,0,0,0,0,0,0,0,0,0,0,0,0,0,2,2
SAC,Daedalus Special Acquisition Corp,Financial,Shell Companies,United Kingdom,344610000.0,56.59,10.13,0.20%,100014.0,0,0,0,-1,0,0,0,-1,0,0,0,0,0,0,0,0,0,0,0,0,0,0,0,0,0,0,0,0,0,2,2
SGN,Design Therapeutics Inc,Healthcare,Biotechnology,USA,719060000.0,,11.49,-1.71%,674660.0,0,0,0,0,0,0,0,0,0,0,1,1,0,0,0,0,0,0,0,0,0,0,0,0,-1,0,0,0,2,1,3
SI,iShares ESG MSCI KLD 400 ETF,Financial,Exchange Traded Fund,USA,,,148.39,-0.54%,116150.0,0,1,0,0,0,0,0,-1,0,0,0,0,0,0,0,0,0,0,0,0,0,0,0,0,0,0,0,0,1,1,2
SL,Doubleline Income Solutions Fund,Financial,Closed-End Fund - Debt,USA,1130000000.0,,9.9,1.02%,1411726.0,0,0,0,0,0,0,0,0,0,0,0,0,-1,0,0,0,0,0,0,0,0,0,0,0,0,0,0,0,0,1,1
SM,BNY Mellon Strategic Municipal Bond Fund Inc,Financial,Closed-End Fund - Debt,USA,253070000.0,,5.12,0.39%,160347.0,0,0,0,0,0,0,0,0,0,0,1,0,0,0,0,0,0,0,0,0,0,0,0,0,0,0,0,0,1,0,1
TAN,Sparkline International Intangible Value ETF,Financial,Exchange Traded Fund,USA,,,32.45,-0.03%,1630.0,0,0,0,0,0,0,0,-1,0,0,0,0,0,0,0,0,0,0,0,0,0,0,0,0,0,0,0,0,0,1,1
TCX,Datacentrex Inc,Financial,Financial Data & Stock Exchanges,USA,83440000.0,,1.77,-3.28%,233782.0,0,0,0,0,0,0,0,0,0,0,0,0,-1,0,0,0,0,0,0,0,0,0,0,0,0,0,0,0,0,1,1
TEC,ALPS Disruptive Technologies ETF,Financial,Exchange Traded Fund,USA,,,50.83,-1.34%,987.0,0,0,0,0,0,0,0,-1,0,0,0,0,0,0,0,0,0,0,0,0,0,0,0,0,0,0,0,0,0,1,1
TI,Drilling Tools International Corp,Energy,Oil & Gas Equipment & Services,USA,70920000.0,,2.01,-14.83%,998174.0,0,0,0,0,0,0,0,0,1,0,0,0,0,0,0,0,0,0,0,0,0,0,0,0,0,0,0,0,1,0,1
TRE,First Trust Alerian Disruptive Technology Real Estate ETF,Financial,Exchange Traded Fund,USA,,,39.77,-0.02%,2960.0,0,0,0,0,0,0,0,0,0,0,0,0,0,0,0,0,0,0,0,0,0,0,0,0,-1,0,0,0,0,1,1
TSQ,DT Cloud Star Acquisition Corp,Financial,Shell Companies,USA,41940000.0,120.46,11.48,-0.35%,75857.0,0,0,0,0,0,0,0,0,0,0,0,0,0,0,0,0,0,1,0,0,0,0,0,0,0,0,0,0,1,0,1
UBS,Aptus Large Cap Enhanced Yield ETF,Financial,Exchange Traded Fund,USA,,,43.42,-0.50%,7779.0,0,0,0,0,0,0,0,-1,0,0,0,0,0,0,0,0,0,0,0,0,0,0,0,0,0,0,0,0,0,1,1
UG,ProShares UltraShort Energy,Financial,Exchange Traded Fund,USA,,,13.79,-5.61%,216843.0,0,0,0,0,0,0,0,0,1,0,0,0,0,0,0,0,0,0,0,0,0,0,0,0,0,0,0,0,1,0,1
UKX,Ocean Park International ETF,Financial,Exchange Traded Fund,USA,,,28.25,-0.99%,494.0,0,0,0,0,0,0,0,0,0,0,1,0,0,0,0,0,0,0,0,0,1,0,0,0,0,0,0,0,2,0,2
UNK,Dana Unconstrained Equity ETF,Financial,Exchange Traded Fund,USA,,,28.86,-0.21%,4139.0,0,0,0,0,0,0,0,-1,0,0,0,0,0,0,0,0,0,0,0,0,0,0,0,0,0,0,0,0,0,1,1
UO,Fangdd Network Group Ltd,Real Estate,Real Estate Services,China,24360000.0,,0.63,4.46%,91695.0,0,0,0,0,0,0,0,0,1,0,0,0,0,0,0,0,0,0,0,0,0,0,0,0,0,0,0,0,1,0,1
UOG,Leverage Shares 2X Long DUOL Daily ETF,Financial,Exchange Traded Fund,USA,,,58.08,-0.72%,1218.0,0,0,0,0,0,0,0,0,0,0,0,0,0,0,0,0,0,1,0,0,0,0,0,0,0,0,0,0,1,0,1
UOT,Duos Technologies Group Inc,Technology,Software - Application,USA,245480000.0,7.94,7.8,-8.88%,809910.0,0,0,0,0,0,0,0,0,0,0,0,0,0,0,0,1,0,0,0,0,0,0,0,0,0,0,-1,0,1,1,2
USG,U.S. Small Cap Growth Portfolio ETF Class Shares,Financial,Exchange Traded Fund,USA,,,49.91,0.41%,4892.0,0,0,0,0,0,0,0,0,1,0,0,0,0,0,0,0,0,0,0,0,0,0,0,0,0,0,0,0,1,0,1
UTY,U.S. Defense ETF,Financial,Exchange Traded Fund,USA,,,26.93,0.75%,1579.0,0,0,0,0,0,1,0,0,0,0,0,0,0,0,0,0,0,0,0,0,0,0,0,0,0,0,0,0,1,0,1
VA,DaVita Inc,Healthcare,Medical Care Facilities,USA,11290000000.0,14.93,177.02,0.14%,582217.0,0,0,0,0,0,0,0,0,1,0,0,0,0,0,0,0,0,0,0,0,0,0,0,0,0,0,0,0,1,0,1
VDN,Kingsbarn Dividend Opportunity ETF,Financial,Exchange Traded Fund,USA,,,12.98,-2.31%,424.0,0,0,0,0,0,0,0,0,1,0,0,0,0,0,0,0,0,0,0,0,0,0,0,0,0,0,0,0,1,0,1
VN,Devon Energy Corp,Energy,Oil & Gas E&P,USA,53810000000.0,11.58,48.92,2.17%,11566213.0,0,0,0,0,0,0,0,0,0,0,1,0,0,0,0,0,0,0,0,0,0,0,0,0,0,0,0,0,1,0,1
VYE,iShares Emerging Markets Dividend ETF,Financial,Exchange Traded Fund,USA,,,34.88,0.29%,101587.0,0,0,0,-1,0,0,0,0,0,0,0,0,0,0,0,0,0,0,0,0,0,0,0,0,0,0,0,0,0,1,1
WAS,Invesco Dorsey Wright SmallCap Momentum ETF,Financial,Exchange Traded Fund,USA,,,105.76,-0.09%,6571.0,0,0,0,0,0,0,0,0,1,0,0,0,0,0,0,0,0,0,0,0,0,0,0,0,0,0,0,0,1,0,1
WAW,AdvisorShares Dorsey Wright FSM All Cap World ETF,Financial,Exchange Traded Fund,USA,,,49.9,0.00%,125.0,0,0,0,0,0,0,0,0,0,0,0,0,0,0,0,0,0,0,0,0,1,0,0,0,-1,0,0,0,1,1,2
WMF,WisdomTree International Multifactor ETF,Financial,Exchange Traded Fund,USA,,,32.79,-0.33%,311.0,0,0,0,0,0,0,0,0,0,0,0,0,0,0,0,1,0,0,0,0,0,0,0,0,0,0,0,0,1,0,1
WTX,Dogwood Therapeutics Inc,Healthcare,Biotechnology,USA,47930000.0,,1.41,-1.40%,62621.0,0,1,0,0,0,0,0,0,0,0,0,0,-1,0,0,0,0,0,0,0,0,0,0,0,0,0,0,0,1,1,2
WWN,Principal Long Duration ETF,Financial,Exchange Traded Fund,USA,,,22.34,1.69%,12.0,0,0,0,0,0,0,0,0,0,0,0,0,-1,0,0,0,0,0,0,0,0,0,0,0,0,0,0,0,0,1,1
XF,Eason Technology Ltd ADR,Financial,Credit Services,China,1630000.0,,0.5,-0.30%,378509.0,0,0,0,0,0,0,0,0,0,0,0,0,0,0,0,0,0,0,0,0,0,0,0,1,0,0,0,0,1,0,1
XJ,WisdomTree Japan Hedged Equity Fund,Financial,Exchange Traded Fund,USA,,,180.66,-0.74%,341576.0,0,0,0,0,0,0,0,-1,0,0,0,0,0,0,0,0,0,0,0,0,0,0,0,0,0,0,0,0,0,1,1
XLG,Destination XL Group Inc,Consumer Cyclical,Apparel Retail,USA,20530000.0,,0.37,-0.83%,116502.0,0,0,0,0,0,0,0,0,0,0,0,0,0,0,0,1,0,0,0,0,0,0,0,0,0,0,0,0,1,0,1
XR,Daxor Corp,Healthcare,Medical Instruments & Supplies,USA,61090000.0,8.56,10.46,-0.48%,3454.0,0,0,0,0,0,0,0,0,0,0,1,0,0,0,0,0,0,0,0,0,0,0,0,0,0,0,0,0,1,0,1
YFI,IDX Dynamic Fixed Income ETF,Financial,Exchange Traded Fund,USA,,,22.23,0.07%,4798.0,0,0,0,0,0,0,0,0,1,1,0,0,0,0,0,0,0,0,0,0,0,0,0,0,0,0,0,0,2,0,2
YLD,LeaderShares Dynamic Yield ETF,Financial,Exchange Traded Fund,USA,,,22.05,-0.05%,2863.0,0,0,0,-1,0,0,0,0,0,0,0,0,0,0,0,0,0,0,0,0,0,0,0,0,0,0,0,0,0,1,1
,Eni Spa ADR,Energy,Oil & Gas Integrated,Italy,81050000000.0,13.95,55.62,3.08%,366062.0,0,1,0,0,0,0,0,0,0,0,1,0,0,0,0,0,0,0,0,0,1,0,0,0,-1,0,0,0,3,1,4
AD,Allspring Income Opportunities Fund,Financial,Closed-End Fund - Debt,USA,355740000.0,,6.02,0.33%,408813.0,0,0,0,-1,0,0,0,0,1,1,0,0,0,0,0,0,0,0,0,0,0,0,0,0,0,0,0,0,2,1,3
AF,GrafTech International Ltd,Industrials,Electrical Equipment & Parts,USA,230920000.0,,8.85,3.51%,517353.0,0,0,0,0,0,0,0,0,0,0,0,0,0,0,0,0,0,0,0,0,1,0,0,0,0,0,0,0,1,0,1
ALT,Innovator U.S. Equity 5 to 15 Buffer ETF - Quarterly,Financial,Exchange Traded Fund,USA,,,36.9,-0.08%,17446.0,0,1,0,-1,0,0,0,-1,0,0,0,0,0,0,0,0,0,0,0,0,0,0,0,0,0,0,0,0,1,2,3
APR,Innovator Emerging Markets Power Buffer ETF April,Financial,Exchange Traded Fund,USA,,,33.7,-0.79%,8863.0,0,1,0,0,0,0,0,0,0,0,0,0,0,0,0,0,0,0,0,0,0,0,0,0,0,0,0,0,1,0,1
ARN,Ellington Credit Co,Financial,Asset Management,USA,135500000.0,,3.55,2.01%,567383.0,0,0,0,0,0,0,0,0,1,0,0,0,0,0,0,0,0,0,0,0,0,0,0,0,0,0,0,0,1,0,1
ART,Global X Rare Earth & Critical Materials ETF,Financial,Exchange Traded Fund,USA,,,27.4,-1.00%,4730.0,0,0,0,0,0,0,0,0,1,1,0,0,0,0,0,0,0,0,0,0,0,0,0,0,0,0,0,0,2,0,2
BF,Ennis Inc,Industrials,Specialty Business Services,USA,575980000.0,14.87,22.75,1.11%,201589.0,0,0,0,0,0,0,0,0,0,0,1,0,0,0,0,0,0,0,0,0,0,0,0,0,0,0,0,0,1,0,1
BON,Ebang International Holdings Inc,Technology,Computer Hardware,China,12690000.0,,2.02,6.88%,1920.0,0,1,0,0,0,0,0,0,0,0,0,0,0,0,0,1,0,0,0,0,0,0,0,0,0,0,0,0,2,0,2
C,Ecopetrol SA ADR,Energy,Oil & Gas Integrated,Colombia,34830000000.0,9.95,16.94,1.86%,997259.0,0,0,0,0,0,0,0,-1,0,0,0,0,0,0,0,0,0,0,0,0,0,0,0,0,0,0,0,0,0,1,1
CAT,BlackRock ESG Capital Allocation Term Trust,Financial,Closed-End Fund - Equity,USA,1400000000.0,,14.11,0.14%,246456.0,0,0,0,0,0,0,0,0,1,0,0,0,0,0,0,0,0,0,0,0,0,0,0,0,0,0,0,0,1,0,1
CC,Eagle Point Credit Company,Financial,Closed-End Fund - Debt,USA,412330000.0,,3.1,0.32%,1051679.0,0,0,0,0,0,0,0,0,0,0,0,0,-1,0,0,0,0,0,0,0,0,0,0,0,0,0,0,0,0,1,1
CF,Ellsworth Growth and Income Fund Ltd,Financial,Closed-End Fund - Equity,USA,163210000.0,,11.95,-0.83%,81748.0,0,0,0,0,0,0,0,0,1,0,0,0,0,0,0,0,0,0,0,0,0,0,0,0,0,0,0,0,1,0,1
CG,Everus Construction Group,Industrials,Engineering & Construction,USA,6240000000.0,24.57,122.17,-2.47%,350172.0,0,0,0,0,0,0,0,0,0,0,0,0,-1,-1,0,0,0,0,0,0,0,0,0,0,0,0,0,0,0,2,2
CH,iShares MSCI Chile ETF,Financial,Exchange Traded Fund,USA,,,37.68,0.67%,224904.0,0,1,0,0,0,0,0,0,1,0,0,0,0,0,0,0,0,0,0,0,0,0,0,0,0,0,0,0,2,0,2
CL,Ecolab Inc,Basic Materials,Specialty Chemicals,USA,78970000000.0,37.79,281.69,1.29%,975046.0,0,0,0,0,0,0,0,0,0,0,0,0,0,0,0,0,0,0,0,0,0,0,0,0,0,0,0,1,1,0,1
CNS,iShares MSCI China Small-Cap ETF,Financial,Exchange Traded Fund,USA,,,26.99,-0.94%,10387.0,0,0,0,0,0,0,0,0,1,1,0,0,0,0,0,0,0,0,0,0,0,0,0,0,0,0,0,0,2,0,2
COW,Pacer Emerging Markets Cash Cows 100 ETF,Financial,Exchange Traded Fund,USA,,,26.69,-0.08%,18550.0,0,0,0,0,0,0,0,0,0,0,0,0,-1,-1,0,0,0,0,0,0,0,0,0,0,0,0,0,0,0,2,2
CPG,Encore Capital Group Inc,Financial,Credit Services,USA,2120000000.0,7.57,100.06,0.80%,217531.0,0,0,0,0,0,0,0,0,0,0,0,0,-1,0,0,0,0,0,0,0,0,0,0,0,0,0,0,0,0,1,1
CVT,Ecovyst Inc,Basic Materials,Specialty Chemicals,USA,1120000000.0,,10.21,-0.97%,1603464.0,0,0,0,0,0,0,0,0,1,0,0,0,0,0,0,0,0,0,0,0,0,0,0,0,0,0,0,0,1,0,1
D,Consolidated Edison Inc,Utilities,Utilities - Regulated Electric,USA,39060000000.0,17.41,105.99,1.29%,2153214.0,0,0,0,0,0,0,0,0,0,0,0,0,-1,0,0,0,0,0,0,0,0,0,0,0,0,0,0,0,0,1,1
DC,Direxion Daily MSCI Emerging Markets Bull 3X ETF,Financial,Exchange Traded Fund,USA,,,73.97,-5.63%,237280.0,0,0,0,0,0,0,0,0,0,0,0,0,0,0,0,0,0,0,0,0,0,0,0,0,0,0,-1,0,0,1,1
DF,Virtus Stone Harbor Emerging Markets Income Fund,Financial,Closed-End Fund - Foreign,USA,151860000.0,,4.72,-0.42%,162346.0,0,0,0,0,0,0,0,0,1,0,0,0,0,0,0,0,0,0,0,0,0,0,0,0,0,0,0,0,1,0,1
DGH,3EDGE Dynamic Hard Assets ETF,Financial,Exchange Traded Fund,USA,,,33.64,0.60%,78720.0,0,0,0,0,0,0,0,0,0,0,0,0,0,0,0,0,0,0,0,0,1,0,0,0,0,0,0,0,1,0,1
DGX,Global X U.S. 500 Income Edge ETF,Financial,Exchange Traded Fund,USA,,,27.01,-0.42%,5925.0,0,0,0,0,0,0,0,0,0,0,1,0,0,0,0,0,0,0,0,0,0,0,0,0,0,0,0,0,1,0,1
DN,Empresa Distribuidora y Comercial Norte SA ADR,Utilities,Utilities - Regulated Electric,Argentina,445920000.0,4.97,20.15,-0.10%,236491.0,0,0,0,0,0,0,0,0,1,0,0,0,0,0,0,0,0,0,0,0,0,0,0,0,0,0,0,0,1,0,1
DOG,ALPS Emerging Sector Dividend Dogs ETF,Financial,Exchange Traded Fund,USA,,,23.67,-0.64%,42619.0,0,0,0,0,0,0,0,0,0,0,0,0,0,0,0,0,0,0,0,0,0,0,0,0,0,0,0,1,1,0,1
DSA,Edesa Biotech Inc,Healthcare,Biotechnology,Canada,49450000.0,,3.66,-6.03%,51919.0,0,1,0,0,0,0,0,0,0,0,0,0,0,0,0,0,0,0,0,0,0,0,0,0,0,0,0,0,1,0,1
DU,New Oriental Education & Technology Group Inc ADR,Consumer Defensive,Education & Training Services,China,8029999999.999999,19.22,57.38,0.14%,490059.0,0,1,0,0,0,0,0,0,0,0,0,0,0,0,0,0,0,0,0,0,0,0,0,0,0,0,0,1,2,0,2
DVA,Endovia Health Sciences Inc,Healthcare,Biotechnology,USA,1770000.0,,0.16,-3.09%,316643.0,0,0,0,0,0,0,0,0,1,0,0,0,0,0,0,0,0,0,0,0,0,0,0,0,0,0,0,0,1,0,1
DZ,Direxion Daily MSCI Emerging Markets Bear 3X ETF,Financial,Exchange Traded Fund,USA,,,14.92,5.82%,223429.0,0,0,0,0,0,0,0,0,1,0,0,0,0,0,0,0,0,0,0,0,0,0,0,0,0,0,0,0,1,0,1
EE,CYBER HORNET S&P 500 and Ethereum 75/25 Strategy ETF,Financial,Exchange Traded Fund,USA,,,22.86,-1.27%,4223.0,0,0,0,0,0,0,0,0,0,0,0,0,0,0,0,0,0,0,0,0,0,0,0,0,-1,0,0,0,0,1,1
EMA,iShares MSCI Emerging Markets Asia ETF,Financial,Exchange Traded Fund,USA,,,114.11,-1.95%,143250.0,0,0,0,0,0,0,0,0,0,0,0,0,0,0,0,1,0,0,0,0,0,0,0,0,0,0,0,0,1,0,1
EMV,iShares MSCI Emerging Markets Min Vol Factor ETF,Financial,Exchange Traded Fund,USA,,,73.41,-1.28%,208958.0,0,0,0,0,0,0,0,0,0,0,1,1,0,0,0,0,0,0,0,0,0,0,0,0,-1,0,0,0,2,1,3
ES,WisdomTree U.S. SmallCap Fund,Financial,Exchange Traded Fund,USA,,,65.44,0.58%,14612.0,0,0,0,0,0,0,0,0,1,0,0,0,0,0,0,0,0,0,0,0,0,0,0,0,0,0,0,0,1,0,1
ET,ProShares Ultra MSCI Emerging Markets 2x Shares,Financial,Exchange Traded Fund,USA,,,105.25,-4.13%,5094.0,0,0,0,0,0,0,0,0,1,0,0,0,0,0,0,0,0,0,0,0,0,0,0,0,0,0,-1,0,1,1,2
EV,ProShares UltraShort MSCI Emerging Markets -2x Shares,Financial,Exchange Traded Fund,USA,,,10.82,4.05%,56259.0,0,0,0,0,0,0,0,0,0,0,0,0,0,0,0,0,0,0,0,0,0,0,0,0,0,1,0,0,1,0,1
FIV,State Street SPDR S&P 500 ESG ETF,Financial,Exchange Traded Fund,USA,,,74.92,-0.61%,20571.0,0,0,0,-1,0,0,0,0,0,0,0,0,0,0,0,0,0,0,0,0,0,0,0,0,0,0,0,0,0,1,1
FR,Eaton Vance Senior Floating-Rate Trust,Financial,Closed-End Fund - Debt,USA,304090000.0,,10.3,-0.29%,82195.0,0,0,0,0,0,0,0,0,0,0,0,0,-1,0,0,0,0,0,0,0,0,0,0,0,0,0,0,0,0,1,1
FRA,iShares Environmental Infrastructure and Industrials ETF,Financial,Exchange Traded Fund,USA,,,34.44,0.42%,333.0,0,0,0,0,0,0,0,0,0,0,0,0,-1,0,0,0,0,0,0,0,0,0,0,0,0,0,0,0,0,1,1
FT,Eaton Vance Floating-Rate Income Trust,Financial,Closed-End Fund - Debt,USA,281990000.0,,10.61,-0.09%,72808.0,0,0,0,0,0,0,0,0,0,0,0,0,-1,-1,0,0,0,0,0,0,0,0,0,0,0,0,0,0,0,2,2
FU,ProShares UltraShort MSCI EAFE -2x Shares,Financial,Exchange Traded Fund,USA,,,7.42,0.44%,10847.0,0,1,0,0,0,0,0,0,0,0,0,0,0,0,0,0,0,0,0,0,0,0,0,0,0,0,0,0,1,0,1
FXT,Enerflex Ltd,Energy,Oil & Gas Equipment & Services,Canada,2930000000.0,55.57,24.01,1.35%,969366.0,0,1,0,0,0,0,0,0,0,0,0,0,-1,0,0,0,0,0,0,0,0,0,0,0,0,0,0,0,1,1,2
FZ,ProShares Short MSCI EAFE -1X Shares,Financial,Exchange Traded Fund,USA,,,23.29,0.48%,69703.0,0,1,0,0,0,0,0,0,0,0,0,0,0,0,0,0,0,0,0,0,0,0,0,0,0,0,0,0,1,0,1
GAN,eGain Corp,Technology,Software - Application,USA,138970000.0,16.69,5.31,1.34%,189828.0,0,0,0,0,0,0,0,0,1,0,0,0,0,0,0,0,0,0,0,0,0,0,0,0,0,0,0,0,1,0,1
GG,Enigmatig Ltd,Industrials,Consulting Services,Singapore,126020000.0,,4.5,-4.05%,7971.0,0,0,0,0,0,0,0,0,1,0,0,0,0,0,0,0,0,0,0,0,0,0,0,0,0,0,0,0,1,0,1
GGS,NestYield Total Return Guard ETF,Financial,Exchange Traded Fund,USA,,,36.32,-3.09%,8074.0,0,0,0,0,0,0,0,0,1,0,0,0,0,0,0,0,0,0,0,0,0,0,0,0,0,0,0,0,1,0,1
GLE,Global X S&P 500 U.S. Revenue Leaders ETF,Financial,Exchange Traded Fund,USA,,,32.34,-0.47%,125.0,0,0,0,0,0,0,0,-1,0,0,0,0,0,0,0,0,0,0,0,0,0,0,0,0,0,0,0,0,0,1,1
GP,Eastgroup Properties Inc,Real Estate,REIT - Industrial,USA,10490000000.0,34.25,195.12,2.40%,354336.0,0,0,0,0,0,0,0,0,1,0,0,0,0,0,0,0,0,0,0,0,0,0,0,0,0,0,0,0,1,0,1
GY,VAALCO Energy Inc,Energy,Oil & Gas E&P,USA,631150000.0,,6.0,3.63%,1623349.0,0,0,0,0,0,0,0,0,0,0,1,0,0,0,0,0,0,0,0,0,0,0,0,0,0,0,0,0,1,0,1
H,EHang Holdings Ltd ADR,Industrials,Aerospace & Defense,China,229620000.0,,4.08,-1.45%,769981.0,0,0,0,0,0,0,0,0,1,1,0,0,0,0,0,0,0,0,0,0,0,0,0,0,0,0,0,0,2,0,2
IKN,Eikon Therapeutics Inc,Healthcare,Biotechnology,USA,406230000.0,,7.5,-0.53%,847141.0,0,1,0,0,0,0,0,0,0,0,0,0,0,0,0,1,0,0,0,0,0,0,0,0,0,0,0,0,2,0,2
INC,VanEck Energy Income ETF,Financial,Exchange Traded Fund,USA,,,116.79,1.51%,854.0,0,1,0,0,0,0,0,0,0,0,0,0,0,0,0,0,0,0,0,0,0,0,0,0,0,0,0,0,1,0,1
IPI,FT Energy Income Partners Enhanced Income ETF,Financial,Exchange Traded Fund,USA,,,22.04,0.82%,63137.0,0,0,0,-1,0,1,0,0,0,0,0,0,0,0,0,0,0,0,0,0,0,0,0,0,0,0,0,0,1,1,2
LDN,Eledon Pharmaceuticals Inc,Healthcare,Biotechnology,USA,196650000.0,,2.42,0.00%,834619.0,0,0,0,0,0,0,0,0,1,0,0,0,0,0,0,0,0,0,0,0,0,0,-1,0,0,0,0,0,1,1,2
LIL,Direxion Daily LLY Bull 2X ETF,Financial,Exchange Traded Fund,USA,,,28.05,-3.21%,194751.0,0,0,0,0,0,0,0,0,0,0,0,0,-1,0,0,0,0,0,0,0,0,0,0,0,0,0,0,0,0,1,1
LOG,Eastern International Ltd,Industrials,Integrated Freight & Logistics,China,9350000.0,,0.73,6.73%,31682.0,0,0,0,0,0,1,0,0,0,0,0,0,0,0,0,0,0,0,0,0,0,0,0,0,0,0,0,0,1,0,1
LPC,Cia Paranaense De Energia Copel ADR,Utilities,Utilities - Diversified,Brazil,10440000000.0,17.51,14.06,0.72%,543838.0,0,0,0,0,0,0,0,0,0,0,0,0,-1,0,0,0,0,0,0,0,0,0,0,0,0,0,0,0,0,1,1
LTK,Eltek Ltd,Technology,Electronic Components,Israel,51820000.0,,7.76,-0.83%,1090.0,0,0,0,0,0,0,0,0,0,0,0,0,-1,0,0,0,0,0,0,0,0,0,0,1,0,0,0,0,1,1,2
LUT,Elutia Inc,Healthcare,Medical Devices,USA,36640000.0,,0.83,0.88%,117517.0,0,0,0,0,0,1,0,0,0,0,0,0,0,0,0,0,0,0,0,0,0,0,0,0,0,0,0,0,1,0,1
LVA,Electrovaya Inc,Industrials,Electrical Equipment & Parts,Canada,289500000.0,59.75,5.79,-9.11%,749671.0,0,0,0,0,0,0,0,0,0,0,0,0,0,0,0,0,0,0,0,0,1,0,-1,0,0,0,0,0,1,1,2
LVR,Elevra Lithium Ltd ADR,Basic Materials,Other Industrial Metals & Mining,Australia,665460000.0,9.51,34.48,-0.66%,38494.0,0,0,0,0,0,0,0,0,1,0,0,0,0,0,0,0,0,0,0,0,0,0,0,0,0,0,0,0,1,0,1
LWT,Elauwit Connection Inc,Communication Services,Telecom Services,USA,38190000.0,,5.77,-3.67%,106.0,0,0,0,0,0,0,0,0,1,0,0,0,0,0,0,0,0,0,0,0,0,0,0,0,0,0,0,0,1,0,1
MAT,Evolution Metals & Technologies Corp,Basic Materials,Other Industrial Metals & Mining,USA,1070000000.0000001,,1.7,-2.86%,851434.0,0,0,0,0,0,0,0,0,1,0,0,0,0,0,0,0,0,0,0,0,0,0,0,0,0,0,0,0,1,0,1
MAU,Corgi EM 15% Buffer - Aug,Financial,Exchange Traded Fund,USA,,,25.27,-0.72%,109.0,0,0,0,0,0,0,0,0,0,0,1,1,0,0,0,0,0,0,0,0,0,0,-1,0,0,0,0,0,2,1,3
MBX,VanEck Emerging Markets Bond ETF,Financial,Exchange Traded Fund,USA,,,49.51,0.15%,15578.0,0,0,0,-1,0,0,0,0,0,0,0,0,0,0,0,0,0,0,0,0,0,0,0,0,0,0,0,0,0,1,1
MC,Global X Emerging Markets Great Consumer ETF,Financial,Exchange Traded Fund,USA,,,36.61,-2.45%,2216.0,0,0,0,0,0,0,0,0,0,0,0,0,0,0,0,1,0,0,0,0,0,0,0,0,0,0,0,0,1,0,1
MCB,WisdomTree Emerging Markets Corporate Bond Fund,Financial,Exchange Traded Fund,USA,,,64.08,0.17%,3173.0,0,0,0,0,0,0,0,0,1,0,0,0,0,0,0,0,0,0,0,0,0,0,0,0,0,0,0,0,1,0,1
MCS,Xtrackers MSCI Emerging Markets Select ETF,Financial,Exchange Traded Fund,USA,,,45.74,-2.35%,5951.0,0,1,0,0,0,0,0,0,0,0,0,0,0,0,0,0,0,0,0,0,0,0,0,0,0,0,0,0,1,0,1
ME,Emcor Group Inc,Industrials,Engineering & Construction,USA,34330000000.0,24.15,778.24,-0.82%,370601.0,0,0,0,0,0,0,0,0,1,0,0,0,0,0,0,1,0,0,0,0,0,0,0,0,0,0,0,0,2,0,2
MET,VanEck Copper and Electrification Metals ETF,Financial,Exchange Traded Fund,USA,,,40.28,-1.30%,1044.0,0,0,0,0,0,0,0,0,0,0,0,0,-1,-1,0,0,0,0,0,0,0,0,0,0,0,0,0,0,0,2,2
MIF,iShares Emerging Markets Infrastructure ETF,Financial,Exchange Traded Fund,USA,,,27.35,0.51%,417.0,0,0,0,0,0,0,0,0,1,1,0,0,0,0,0,0,0,0,0,0,0,0,0,0,0,0,0,0,2,0,2
MJL,Corgi EM 15% Buffer - Jul,Financial,Exchange Traded Fund,USA,,,24.14,-1.24%,96.0,0,0,0,0,0,0,0,0,1,0,0,0,0,0,0,0,0,0,0,0,0,0,0,0,0,0,0,0,1,0,1
MJN,Corgi EM 15% Buffer - Jun,Financial,Exchange Traded Fund,USA,,,22.97,-1.43%,6.0,0,0,0,0,0,0,0,0,0,0,1,0,0,0,0,0,0,0,0,0,0,0,0,0,0,0,0,0,1,0,1
MKT,Lazard Emerging Markets Opportunities ETF,Financial,Exchange Traded Fund,USA,,,30.96,-1.97%,12604.0,0,0,0,0,0,0,0,0,0,0,0,0,0,0,0,1,0,0,0,0,0,0,0,0,0,0,0,0,1,0,1
ML,Eastern Co,Industrials,Tools & Accessories,USA,151280000.0,18.88,25.14,0.80%,5960.0,0,0,0,0,0,0,0,0,0,0,0,0,-1,0,0,0,0,0,0,0,0,0,0,0,0,0,0,0,0,1,1
MLP,First Trust North American Energy Infrastructure Fund,Financial,Exchange Traded Fund,USA,,,42.37,0.67%,168169.0,0,1,0,0,0,1,0,0,0,0,0,0,0,0,0,0,0,0,0,0,0,0,0,0,0,0,0,0,2,0,2
MN,Eastman Chemical Co,Basic Materials,Specialty Chemicals,USA,7290000000.0,16.61,63.76,0.81%,1989498.0,0,0,0,0,0,0,0,0,0,0,0,0,0,0,0,1,0,0,0,0,0,0,0,0,0,0,0,0,1,0,1
MNT,PIMCO Enhanced Short Maturity Active ESG ETF,Financial,Exchange Traded Fund,USA,,,98.48,0.02%,3054.0,0,1,0,0,0,0,0,0,0,0,0,0,0,0,0,0,0,0,0,0,0,0,0,0,0,0,0,0,1,0,1
MOP,AB Emerging Markets Opportunities ETF,Financial,Exchange Traded Fund,USA,,,50.99,-1.30%,430956.0,0,0,0,0,0,0,0,0,0,0,0,0,0,0,0,1,0,0,0,0,0,0,0,0,0,0,0,0,1,0,1
MPB,Efficient Market Portfolio Plus ETF,Financial,Exchange Traded Fund,USA,,,34.89,-0.36%,12441.0,0,0,0,0,0,0,0,0,0,0,0,0,0,0,0,0,0,1,0,0,0,0,0,0,0,0,0,0,1,0,1
MQQ,EMQQ The Emerging Markets Internet ETF,Financial,Exchange Traded Fund,USA,,,31.19,-1.09%,44188.0,0,0,0,0,0,0,0,0,0,0,1,0,0,0,0,0,0,0,0,0,0,0,0,0,0,0,0,0,1,0,1
MR,Emerson Electric Co,Industrials,Specialty Industrial Machinery,USA,88720000000.0,34.76,159.06,-0.10%,2374508.0,0,0,0,0,0,0,0,0,0,0,1,0,0,0,0,0,0,0,0,0,0,0,0,0,0,0,0,0,1,0,1
MSC,Sophus Capital Emerging Market Small Cap ETF,Financial,Exchange Traded Fund,USA,,,25.08,6.25%,2024.0,0,0,0,0,0,0,0,0,0,0,0,0,-1,0,0,0,0,0,0,0,1,0,0,1,0,0,0,0,2,1,3
MXF,iShares ESG Advanced MSCI EM ETF,Financial,Exchange Traded Fund,USA,,,56.53,-1.82%,10084.0,0,0,0,0,0,0,0,0,0,0,1,0,0,0,0,0,0,0,0,0,1,0,-1,0,0,0,0,0,2,1,3
NDW,Cambria Endowment Style ETF,Financial,Exchange Traded Fund,USA,,,34.33,0.28%,5542.0,0,1,0,0,0,0,0,0,0,0,0,0,0,0,0,0,0,0,0,0,0,0,0,0,0,0,0,0,1,0,1
NFR,Alerian Energy Infrastructure ETF,Financial,Exchange Traded Fund,USA,,,38.1,1.30%,65234.0,0,0,0,0,0,0,0,0,0,0,0,0,0,0,0,0,0,0,0,0,0,0,0,0,-1,0,0,0,0,1,1
NGS,Energys Group Ltd,Industrials,Waste Management,United Kingdom,146040000.0,,3.28,3.80%,3349298.0,0,0,0,0,0,0,0,0,0,0,1,1,0,0,0,0,0,0,0,0,0,0,0,0,0,0,0,0,2,0,2
NOR,iShares MSCI Norway ETF,Financial,Exchange Traded Fund,USA,,,34.94,-0.09%,34828.0,0,0,0,0,0,0,0,0,0,0,0,0,0,0,0,0,0,0,0,0,0,0,0,0,-1,0,0,0,0,1,1
NPH,Enphase Energy Inc,Technology,Solar,USA,4350000000.0,32.61,32.91,-1.76%,5099999.0,0,0,0,0,0,0,0,0,0,0,0,0,0,0,0,0,0,0,0,0,0,0,0,0,0,1,0,0,1,0,1
NR,Energizer Holdings Inc,Industrials,Electrical Equipment & Parts,USA,1470000000.0,18.24,21.44,-0.46%,882886.0,0,0,0,0,0,0,0,0,0,0,0,0,-1,0,0,0,0,0,0,0,0,0,0,0,0,0,0,0,0,1,1
NSC,Ensysce Biosciences Inc,Healthcare,Biotechnology,USA,8910000.0,,0.46,6.66%,1263463.0,0,1,0,-1,0,0,0,0,0,0,0,0,0,0,0,0,0,0,0,0,0,0,0,0,0,0,0,0,1,1,2
NTA,Enanta Pharmaceuticals Inc,Healthcare,Biotechnology,USA,352420000.0,,12.1,-2.18%,282900.0,0,1,0,0,0,0,0,0,0,0,0,0,0,0,0,0,0,0,0,0,0,0,0,0,0,0,0,0,1,0,1
NTG,Entegris Inc,Technology,Semiconductor Equipment & Materials,USA,24780000000.0,81.23,162.19,-2.48%,2649244.0,0,0,0,0,0,0,0,0,0,0,0,0,-1,0,0,0,0,0,0,0,0,0,0,0,0,0,0,0,0,1,1
NTL,Leverage Shares 2X Long ENTG Daily ETF,Financial,Exchange Traded Fund,USA,,,9.35,-4.30%,3556.0,0,0,0,0,0,0,0,0,0,0,1,0,0,0,0,0,0,0,0,0,0,0,0,0,0,0,0,0,1,0,1
OCN,Eocene Ltd,Healthcare,Biotechnology,Israel,3770000.0,,3.62,4.69%,14797.0,0,0,0,0,0,0,0,0,1,0,0,0,0,0,0,0,0,0,0,0,0,0,0,0,0,0,0,0,1,0,1
OD,Allspring Global Dividend Opportunity Fund,Financial,Closed-End Fund - Equity,USA,271750000.0,,6.31,-1.41%,139695.0,0,0,0,0,0,0,0,0,0,0,0,0,0,0,0,0,0,0,0,0,1,0,-1,0,0,0,0,0,1,1,2
OG,EOG Resources Inc,Energy,Oil & Gas E&P,USA,77900000000.0,11.55,148.51,2.98%,2932040.0,0,0,0,-1,0,0,0,0,0,0,0,0,0,0,0,0,0,0,0,0,0,0,0,0,0,0,0,0,0,1,1
OI,Eaton Vance Enhanced Equity Income Fund,Financial,Closed-End Fund - Equity,USA,819620000.0,,19.99,-0.10%,98540.0,0,0,0,0,0,0,0,-1,0,0,0,0,0,0,0,0,0,0,0,0,0,0,0,0,0,0,0,0,0,1,1
ONR,EON Resources Inc,Energy,Oil & Gas E&P,USA,27070000.0,,0.49,1.36%,438623.0,0,0,0,0,0,0,0,0,1,0,0,0,0,0,0,0,0,0,0,0,0,0,0,0,0,0,0,0,1,0,1
PAC,Enerpac Tool Group Corp,Industrials,Specialty Industrial Machinery,USA,1790000000.0,19.73,34.91,-0.48%,321484.0,0,0,0,0,0,0,0,0,0,0,0,0,0,0,0,0,0,1,0,0,0,0,0,0,0,0,0,0,1,0,1
PEM,Harbor Emerging Markets Equity ETF,Financial,Exchange Traded Fund,USA,,,30.61,-1.33%,10.0,0,1,0,0,0,0,0,0,0,0,1,0,0,0,0,0,0,0,0,0,0,0,0,0,-1,0,0,0,2,1,3
PHE,iShares MSCI Philippines ETF,Financial,Exchange Traded Fund,USA,,,22.27,-1.98%,113200.0,0,1,0,0,0,0,0,0,0,0,0,0,-1,0,0,0,0,0,0,0,1,0,0,0,0,0,0,0,2,1,3
PM,Evolution Petroleum Corp,Energy,Oil & Gas E&P,USA,146230000.0,,3.64,0.83%,323672.0,0,0,0,0,0,0,0,0,1,0,0,0,0,0,0,0,0,0,0,0,0,0,0,0,0,0,0,0,1,0,1
POW,E-Power Inc,Industrials,Electrical Equipment & Parts,China,9330000.0,,3.31,2.16%,2567.0,0,0,0,0,0,0,0,0,1,0,0,0,0,0,0,0,0,0,0,0,0,0,0,0,0,0,0,0,1,0,1
PRF,Innovator S&P Investment Grade Preferred ETF,Financial,Exchange Traded Fund,USA,,,15.66,0.38%,4419.0,0,0,0,0,0,0,0,0,1,0,0,0,0,0,0,0,0,0,0,0,0,0,0,0,0,0,0,0,1,0,1
PSM,Epsium Enterprise Ltd,Consumer Defensive,Beverages - Wineries & Distilleries,China,3360000.0,,1.26,2.44%,185863.0,0,0,0,0,0,1,0,0,0,0,0,0,-1,-1,0,0,0,0,0,0,0,0,0,0,0,0,0,0,1,2,3
PSN,Epsilon Energy Ltd,Energy,Oil & Gas E&P,USA,183820000.0,,6.07,0.50%,51079.0,0,1,0,0,0,0,0,0,0,0,1,1,0,0,0,0,0,0,0,0,0,0,0,0,-1,0,0,0,3,1,4
PSV,Harbor SMID Cap Value ETF,Financial,Exchange Traded Fund,USA,,,29.17,0.22%,134.0,0,0,0,0,0,0,0,0,1,0,0,0,0,0,0,0,0,0,0,0,0,0,0,0,0,0,0,0,1,0,1
PV,ProShares UltraShort FTSE Europe -2X Shares,Financial,Exchange Traded Fund,USA,,,19.41,0.05%,22486.0,0,1,0,0,0,0,0,0,0,0,0,0,0,0,0,0,0,0,0,0,0,0,0,0,0,0,0,0,1,0,1
QH,Equitable Holdings Inc,Financial,Asset Management,USA,14600000000.0,,53.48,0.47%,2532302.0,0,0,0,0,0,0,0,-1,0,0,0,0,0,0,0,0,0,0,0,0,0,0,0,0,0,0,0,0,0,1,1
QIX,Equinix Inc,Real Estate,REIT - Specialty,USA,99770000000.0,65.07,1011.16,-2.00%,658733.0,0,0,0,0,0,0,0,0,0,0,0,0,-1,0,0,0,0,0,0,0,1,0,0,0,0,0,0,0,1,1,2
QPT,Equipmentshare.Com Inc,Industrials,Rental & Leasing Services,USA,3970000000.0,202.06,15.66,-11.43%,10806336.0,0,1,0,0,0,0,0,0,1,1,0,0,0,0,0,0,0,0,0,0,0,0,0,0,0,0,0,0,3,0,3
QT,EQT Corp,Energy,Oil & Gas E&P,USA,33110000000.0,12.28,52.94,1.20%,7643469.0,0,0,0,0,0,0,0,0,0,0,0,0,-1,-1,0,0,0,0,0,0,0,0,0,0,0,0,0,0,0,2,2
RIC,Telefonaktiebolaget L M Ericsson ADR,Technology,Communication Equipment,Sweden,28920000000.0,12.15,9.5,0.42%,9404565.0,0,0,0,0,0,0,0,0,1,0,0,0,0,0,0,0,0,0,0,0,0,0,0,0,0,0,0,0,1,0,1
RIE,Erie Indemnity Co,Financial,Insurance Brokers,USA,10550000000.0,20.68,226.54,4.03%,319344.0,0,0,0,0,0,0,0,0,0,0,0,0,0,0,0,0,0,0,0,0,0,0,0,0,0,1,0,0,1,0,1
RO,Ero Copper Corp,Basic Materials,Copper,Canada,3750000000.0,12.15,35.98,-2.18%,1188765.0,0,1,0,0,0,0,0,0,0,0,0,0,0,0,0,0,0,0,0,0,0,0,0,0,0,0,0,0,1,0,1
ROK,EagleRock Land LLC,Energy,Oil & Gas Equipment & Services,USA,2840000000.0,,21.58,-0.32%,197322.0,0,1,0,0,0,0,0,0,0,0,0,0,0,0,0,0,0,0,0,0,0,0,0,0,0,0,0,0,1,0,1
RY,Direxion Daily Energy Bear 2X ETF,Financial,Exchange Traded Fund,USA,,,8.42,-5.71%,25897554.0,0,0,0,0,0,0,0,0,1,0,0,0,0,0,0,0,0,0,0,0,0,0,0,0,0,0,0,0,1,0,1
S,Eversource Energy,Utilities,Utilities - Regulated Electric,USA,24740000000.0,17.01,65.69,0.69%,3314382.0,0,1,0,0,0,0,0,0,0,0,0,0,0,0,0,0,0,0,0,0,0,0,0,0,0,0,0,0,1,0,1
SBA,Empire State Realty OP LP,Real Estate,REIT - Office,USA,1240000000.0,246.11,4.43,2.78%,2533.0,0,0,0,0,0,0,0,0,1,0,0,0,0,0,0,0,0,0,0,0,0,0,0,0,0,0,0,0,1,0,1
SBG,"First Trust Enhanced Stocks, Bonds & Gold ETF",Financial,Exchange Traded Fund,USA,,,20.62,0.07%,27.0,0,1,0,0,0,0,0,0,0,0,0,0,0,0,0,0,0,0,0,0,1,0,0,0,0,0,0,0,2,0,2
SE,Esco Technologies Inc,Technology,Scientific & Technical Instruments,USA,7880000000.0,46.34,254.06,-1.11%,305111.0,0,0,0,0,0,0,0,0,1,0,0,0,0,0,0,0,0,0,0,0,0,0,0,0,0,0,0,0,1,0,1
SEA,Euroseas Ltd,Industrials,Marine Shipping,Greece,482660000.0,3.78,73.41,0.77%,26546.0,0,0,0,-1,0,0,0,0,0,0,0,0,0,0,0,0,0,1,0,0,0,0,0,0,0,0,0,0,1,1,2
SGG,Northern Trust STOXX Global ESG Select ETF,Financial,Exchange Traded Fund,USA,,,238.83,-0.70%,249.0,0,0,0,0,0,0,0,0,0,0,0,0,0,0,0,0,0,0,0,0,0,0,0,0,-1,0,0,0,0,1,1
SGU,iShares Trust iShares ESG Aware MSCI USA ETF,Financial,Exchange Traded Fund,USA,,,169.39,-0.41%,323267.0,0,0,0,0,0,0,0,0,0,0,1,0,0,0,0,0,0,0,0,0,0,0,0,0,-1,0,0,0,1,1,2
SI,Element Solutions Inc,Basic Materials,Specialty Chemicals,USA,8950000000.0,50.02,36.71,-1.24%,4353822.0,0,0,0,0,0,0,0,0,1,0,0,0,0,0,0,0,0,0,0,0,0,0,0,0,0,0,0,0,1,0,1
SLG,Eventide Large Cap Growth ETF,Financial,Exchange Traded Fund,USA,,,28.84,-0.60%,2577.0,0,0,0,-1,0,0,0,0,0,0,0,0,0,0,0,0,0,0,0,0,0,0,0,0,0,0,0,0,0,1,1
SLT,Elbit Systems Ltd,Industrials,Aerospace & Defense,Israel,31170000000.0,50.13,665.09,-0.60%,60230.0,0,0,0,0,0,0,0,0,0,0,0,0,0,0,0,0,0,0,0,-1,0,0,0,0,0,0,0,0,0,1,1
SML,iShares ESG Aware MSCI USA Small-Cap ETF,Financial,Exchange Traded Fund,USA,,,52.43,0.21%,555054.0,0,0,0,0,0,0,0,0,1,0,0,0,0,0,0,0,0,0,0,0,0,0,0,0,0,0,0,0,1,0,1
SN,Essential 40 Stock ETF,Financial,Exchange Traded Fund,USA,,,20.54,0.17%,43137.0,0,0,0,-1,0,0,0,0,0,0,0,0,0,0,0,0,0,1,0,0,0,0,0,0,0,0,0,0,1,1,2
SPO,VanEck Video Gaming and eSports ETF,Financial,Exchange Traded Fund,USA,,,97.5,0.18%,13623.0,0,0,0,0,0,0,0,0,0,0,1,0,0,0,0,0,0,0,0,0,0,0,0,0,0,0,0,0,1,0,1
SQ,Esquire Financial Holdings Inc,Financial,Banks - Regional,USA,1430000000.0,19.5,118.06,2.04%,116410.0,0,0,0,0,0,0,0,0,1,0,0,0,0,0,0,0,0,0,0,0,0,0,0,0,0,0,0,0,1,0,1
SRT,Empire State Realty Trust Inc,Real Estate,REIT - Diversified,USA,792940000.0,254.44,4.58,2.46%,6141496.0,0,1,0,0,0,0,0,0,0,0,0,0,0,0,0,0,0,0,0,0,0,0,0,0,0,0,0,0,1,0,1
T,Energy Transfer LP,Energy,Oil & Gas Midstream,USA,71000000000.0,14.13,20.62,0.68%,3320207.0,0,0,0,-1,0,0,0,0,0,0,0,0,0,0,0,0,0,0,0,0,0,0,0,0,0,0,0,0,0,1,1
TB,Eaton Vance Tax-Managed Buy-Write Income Fund,Financial,Closed-End Fund - Equity,USA,454130000.0,,15.46,-0.13%,61748.0,0,1,0,-1,0,0,0,-1,0,0,0,0,0,0,0,0,0,0,0,0,0,0,0,0,0,0,0,0,1,2,3
TEC,iShares Breakthrough Environmental Solutions ETF,Financial,Exchange Traded Fund,USA,,,24.12,-1.63%,35.0,0,0,0,0,0,0,0,0,1,0,0,0,0,0,0,0,0,0,0,0,0,0,0,0,0,0,0,0,1,0,1
TG,Eaton Vance Tax-Advantaged Global Dividend Income Fund,Financial,Closed-End Fund - Equity,USA,1760000000.0,,23.01,-0.26%,54938.0,0,1,0,0,0,0,0,0,0,0,0,0,0,0,0,0,0,0,0,0,0,0,0,0,0,0,0,0,1,0,1
TJ,Eaton Vance Risk-Managed Diversified Equity Income Fund,Financial,Closed-End Fund - Equity,USA,547160000.0,,8.13,0.12%,272998.0,0,1,0,-1,0,0,0,0,1,0,0,0,0,0,0,0,0,0,0,0,0,0,0,0,0,0,0,0,2,1,3
TV,Eaton Vance Tax-Managed Buy-Write Opportunities Fund,Financial,Closed-End Fund - Equity,USA,1750000000.0,,14.99,0.60%,246027.0,0,0,0,0,0,0,0,-1,0,0,0,0,0,0,0,0,0,0,0,0,0,0,0,0,0,0,0,0,0,1,1
U,enCore Energy Corp,Energy,Uranium,USA,196220000.0,,1.01,-6.48%,3554593.0,0,0,0,0,0,1,0,0,1,0,0,0,0,0,0,0,0,0,0,0,0,0,0,0,0,0,0,0,2,0,2
UM,ProShares Short MSCI Emerging Markets -1x Shares,Financial,Exchange Traded Fund,USA,,,15.86,1.80%,38864.0,0,0,0,0,0,0,0,0,0,0,0,0,0,0,0,1,0,0,0,0,0,0,0,0,0,0,0,0,1,0,1
VAX,Evaxion A/S ADR,Healthcare,Biotechnology,Denmark,25440000.0,,3.05,-3.48%,63967.0,0,0,0,0,0,0,0,0,0,0,0,0,-1,0,0,0,0,0,0,0,0,0,0,0,0,0,0,0,0,1,1
VCM,EverCommerce Inc,Technology,Software - Application,USA,1600000000.0,46.7,9.06,-2.58%,93086.0,0,1,0,0,0,0,0,0,1,0,0,0,0,0,0,0,0,0,0,0,0,0,0,0,0,0,0,0,2,0,2
VEX,Eve Holding Inc,Industrials,Aerospace & Defense,USA,581970000.0,,1.67,-1.18%,1005911.0,0,0,0,0,0,0,0,0,1,1,0,0,0,0,0,0,0,0,0,0,0,0,0,0,0,0,0,0,2,0,2
VG,Eaton Vance Short Duration Diversified Income Fund,Financial,Closed-End Fund - Debt,USA,137930000.0,,10.25,1.69%,61764.0,0,0,0,-1,0,0,0,0,0,0,0,0,0,0,0,0,0,0,0,0,0,0,0,0,0,0,0,0,0,1,1
VGO,EVgo Inc,Consumer Cyclical,Specialty Retail,USA,399440000.0,,1.27,-1.55%,3401917.0,0,0,0,0,0,0,0,0,1,0,0,0,0,0,0,0,0,0,0,0,0,0,0,0,0,0,0,0,1,0,1
VHY,Eaton Vance High Yield ETF,Financial,Exchange Traded Fund,USA,,,50.75,0.02%,763.0,0,0,0,-1,0,0,0,0,0,0,0,0,0,0,0,0,0,0,0,0,0,0,0,0,0,0,0,0,0,1,1
VLN,Eaton Vance Floating-Rate ETF,Financial,Exchange Traded Fund,USA,,,48.25,-0.07%,39501.0,0,0,0,0,0,0,0,0,0,0,1,0,0,0,0,0,0,0,0,0,0,0,0,0,0,0,0,0,1,0,1
VMT,Invesco Electric Vehicle Metals Commodity Strategy No K-1 ETF,Financial,Exchange Traded Fund,USA,,,17.12,-1.27%,790.0,0,0,0,0,0,1,0,0,0,0,1,1,0,0,0,1,0,0,0,0,0,0,0,0,0,0,0,0,4,0,4
VO,Evotec SE ADR,Healthcare,Drug Manufacturers - Specialty & Generic,Germany,557630000.0,,1.57,-2.48%,94415.0,0,0,0,-1,0,0,0,0,0,0,0,0,0,0,0,0,0,0,0,0,0,0,0,0,0,0,0,0,0,1,1
VSB,Eaton Vance Ultra-Short Income ETF,Financial,Exchange Traded Fund,USA,,,50.69,0.02%,24367.0,0,1,0,0,0,0,0,0,0,0,0,0,0,0,0,0,0,0,0,0,0,0,0,0,0,0,0,0,1,0,1
VTC,Evertec Inc,Technology,Software - Infrastructure,USA,1750000000.0,19.15,29.34,1.31%,337383.0,0,0,0,0,0,0,0,0,0,0,0,0,0,0,0,0,0,0,0,0,0,0,0,0,0,0,0,1,1,0,1
VTR,Eaton Vance Total Return Bond ETF,Financial,Exchange Traded Fund,USA,,,48.4,0.33%,646066.0,0,0,0,0,0,1,0,0,1,1,0,0,0,0,0,0,0,0,0,0,0,0,0,0,0,0,0,0,3,0,3
W,Edwards Lifesciences Corp,Healthcare,Medical Devices,USA,48560000000.0,49.99,84.24,-1.80%,6522443.0,0,0,0,0,0,1,0,0,0,0,0,0,0,0,0,1,0,0,0,0,0,0,0,0,0,0,0,0,2,0,2
WA,iShares MSCI Australia ETF,Financial,Exchange Traded Fund,USA,,,28.23,0.00%,2083646.0,0,1,0,0,0,0,0,0,0,0,1,1,0,0,0,0,0,0,0,0,0,0,0,0,0,0,0,0,3,0,3
WBC,East West Bancorp Inc,Financial,Banks - Regional,USA,17300000000.0,12.12,126.25,0.78%,645920.0,0,0,0,0,0,0,0,0,0,0,0,0,0,0,0,0,0,0,0,0,0,0,0,0,-1,0,0,0,0,1,1
WD,iShares MSCI Sweden ETF,Financial,Exchange Traded Fund,USA,,,50.12,0.26%,263173.0,0,0,0,0,0,0,0,0,0,0,1,1,0,0,0,0,0,0,0,0,0,0,0,0,0,0,0,0,2,0,2
WJ,iShares MSCI Japan ETF,Financial,Exchange Traded Fund,USA,,,97.32,-1.02%,5414101.0,0,0,0,0,0,0,0,-1,0,0,0,0,0,0,0,0,0,0,0,0,0,0,0,0,0,0,0,0,0,1,1
WK,iShares MSCI Belgium ETF,Financial,Exchange Traded Fund,USA,,,25.02,-1.42%,39519.0,0,0,0,0,0,0,0,0,0,0,1,0,0,0,0,0,0,0,0,0,0,0,0,0,0,0,0,0,1,0,1
WN,iShares MSCI Netherlands ETF,Financial,Exchange Traded Fund,USA,,,66.18,-0.82%,105457.0,0,1,0,0,0,0,0,0,0,0,0,0,0,0,0,0,0,0,0,0,0,0,0,0,0,0,0,0,1,0,1
WTX,Edgewise Therapeutics Inc,Healthcare,Biotechnology,USA,4260000000.0,,39.23,-0.86%,1363691.0,0,0,0,0,0,1,0,0,0,0,0,0,0,0,0,0,0,0,0,0,0,0,0,0,0,0,0,0,1,0,1
WV,ProShares UltraShort MSCI Japan -2x Shares,Financial,Exchange Traded Fund,USA,,,15.94,2.12%,7591.0,0,0,0,0,0,0,0,0,1,1,0,0,0,0,0,0,0,0,0,0,0,0,0,0,0,0,0,0,2,0,2
WW,iShares MSCI Mexico ETF,Financial,Exchange Traded Fund,USA,,,71.53,-0.61%,1193872.0,0,0,0,0,0,0,0,0,0,0,0,0,-1,-1,0,0,0,0,0,0,0,0,0,0,0,0,0,0,0,2,2
WX,State Street SPDR S&P Emerging Markets Small Cap ETF,Financial,Exchange Traded Fund,USA,,,70.93,-0.95%,13143.0,0,0,0,0,0,0,0,0,0,0,0,0,0,0,0,0,0,0,0,0,0,0,0,0,0,0,-1,0,0,1,1
WZS,iShares MSCI Brazil Small-Cap ETF,Financial,Exchange Traded Fund,USA,,,16.33,2.48%,3396881.0,0,0,0,0,0,0,0,0,0,0,0,0,0,0,0,0,0,0,0,0,0,0,0,0,0,0,0,1,1,0,1
XE,Expand Energy Corp,Energy,Oil & Gas E&P,USA,20570000000.0,7.67,88.86,0.84%,2976161.0,0,1,0,0,0,0,0,0,0,0,0,0,0,0,0,0,0,0,0,0,0,0,0,0,0,0,0,0,1,0,1
XK,Endeavour Silver Corp,Basic Materials,Silver,Canada,2540000000.0,48.39,8.57,3.00%,7251880.0,0,0,0,0,0,0,0,0,1,0,0,0,0,0,0,0,0,0,0,0,0,0,0,0,0,0,0,0,1,0,1
XOZ,eXoZymes Inc,Healthcare,Biotechnology,USA,48910000.0,,5.27,-4.87%,22334.0,0,0,0,0,0,0,0,0,1,0,0,0,0,0,0,0,0,0,0,0,0,0,0,0,0,0,0,0,1,0,1
XPD,Expeditors International Of Washington Inc,Industrials,Integrated Freight & Logistics,USA,25180000000.0,28.19,193.71,1.50%,1003819.0,0,0,0,0,0,0,0,-1,0,0,0,0,0,0,0,0,0,0,0,0,0,0,0,0,0,0,0,0,0,1,1
YLD,Cambria Emerging Shareholder Yield ETF,Financial,Exchange Traded Fund,USA,,,47.91,-0.87%,76688.0,0,1,0,0,0,0,0,0,0,0,1,0,0,0,0,0,0,0,0,0,0,0,-1,0,0,0,0,0,2,1,3
ZJ,ProShares Ultra MSCI Japan 2x Shares,Financial,Exchange Traded Fund,USA,,,68.51,-2.01%,3737.0,0,1,0,-1,0,0,0,0,0,0,1,1,0,0,0,0,0,0,0,0,0,0,0,0,0,0,0,0,3,1,4
AAA,Fidelity AAA CLO ETF,Financial,Exchange Traded Fund,USA,,,50.29,-0.01%,53661.0,0,0,0,-1,0,0,0,0,0,0,0,0,0,0,0,0,0,1,0,0,0,0,0,0,0,0,0,0,1,1,2
AD,First Trust Multi Cap Growth AlphaDEX Fund,Financial,Exchange Traded Fund,USA,,,181.94,-0.59%,10872.0,0,0,0,0,0,0,0,0,1,1,0,0,0,0,0,0,0,0,0,0,0,0,0,0,0,0,0,0,2,0,2
AN,First Trust Global Wind Energy ETF,Financial,Exchange Traded Fund,USA,,,22.01,-0.72%,17793.0,0,0,0,0,0,0,0,0,0,0,0,0,-1,-1,0,0,0,0,0,0,0,0,0,0,0,0,0,0,0,2,2
ANG,Diamondback Energy Inc,Energy,Oil & Gas E&P,USA,53680000000.0,37.14,191.68,3.96%,2260804.0,0,1,0,0,0,0,0,0,0,0,0,0,0,0,0,0,0,0,0,0,0,0,0,0,-1,0,0,0,1,1,2
APR,FT Vest U.S. Equity Buffer ETF - April,Financial,Exchange Traded Fund,USA,,,48.2,-0.15%,11164.0,0,0,0,0,0,0,0,-1,0,0,0,0,0,0,0,0,0,0,0,0,0,0,0,0,0,0,0,0,0,1,1
AUG,FT Vest U.S. Equity Buffer ETF - August,Financial,Exchange Traded Fund,USA,,,58.2,-0.28%,13240.0,0,0,0,0,0,0,0,-1,0,0,0,0,0,0,0,0,0,0,0,0,0,0,0,0,0,0,0,0,0,1,1
AX,abrdn Asia-Pacific Income Fund Inc,Financial,Closed-End Fund - Debt,USA,526350000.0,,12.75,-0.31%,181888.0,0,0,0,0,0,0,0,0,1,0,0,0,0,0,0,0,0,0,0,0,0,0,0,0,0,0,0,0,1,0,1
B,ProShares S&P 500 Dynamic Buffer ETF,Financial,Exchange Traded Fund,USA,,,45.87,-0.03%,563.0,0,0,0,0,0,1,0,0,0,0,0,0,0,0,0,0,0,0,0,0,0,0,0,0,0,0,0,0,1,0,1
BDC,FT Confluence BDC & Specialty Finance Income ETF,Financial,Exchange Traded Fund,USA,,,16.65,1.36%,9254.0,0,0,0,0,0,0,0,0,0,0,0,0,-1,0,0,0,0,0,0,0,0,0,0,0,0,0,0,0,0,1,1
BGL,FBS Global Ltd,Industrials,Engineering & Construction,USA,4830000.0,,3.58,0.00%,41049.0,0,0,0,0,0,0,0,0,0,0,0,0,-1,0,0,0,0,0,0,0,0,0,0,0,0,0,0,0,0,1,1
BIZ,First Business Financial Services Inc,Financial,Banks - Regional,USA,590890000.0,10.77,70.61,0.73%,41510.0,0,0,0,0,0,0,0,0,0,0,1,0,0,0,0,0,0,0,0,0,0,0,-1,0,0,0,0,0,1,1,2
BOT,Fidelity Disruptive Automation ETF,Financial,Exchange Traded Fund,USA,,,39.15,-1.31%,15373.0,0,0,0,0,0,0,0,-1,0,0,0,0,0,0,0,0,0,0,0,0,0,0,0,0,0,0,0,0,0,1,1
BRT,Franklin BSP Realty Trust Inc,Real Estate,REIT - Mortgage,USA,519870000.0,14.24,6.26,1.95%,1497998.0,0,0,0,0,0,0,0,0,0,0,0,0,0,0,0,0,0,0,0,-1,0,0,0,0,0,0,0,0,0,1,1
BT,First Trust NYSE Arca Biotechnology Index Fund,Financial,Exchange Traded Fund,USA,,,260.19,-1.25%,70780.0,0,0,0,0,0,0,0,0,0,0,1,0,0,0,0,0,0,0,0,0,0,0,-1,0,0,0,0,0,1,1,2
C,Franklin Covey Co,Consumer Defensive,Education & Training Services,USA,206110000.0,108.18,18.25,1.11%,60530.0,0,0,0,0,0,0,0,0,0,0,0,0,0,0,0,0,0,0,0,0,0,0,0,0,0,0,-1,0,0,1,1
CBC,First Community Bankshares Inc,Financial,Banks - Regional,USA,900320000.0,15.05,47.61,0.15%,69125.0,0,0,0,0,0,1,0,0,0,0,0,0,0,0,0,0,0,1,0,0,0,0,0,0,0,0,0,0,2,0,2
CBD,Frontier Asset Core Bond ETF,Financial,Exchange Traded Fund,USA,,,24.64,0.10%,3164.0,0,1,0,0,0,0,0,0,0,0,0,0,0,0,0,0,0,0,0,0,0,0,0,0,0,0,0,0,1,0,1
CEL,Fuelcell Energy Inc,Industrials,Electrical Equipment & Parts,USA,1380000000.0,,17.25,-6.10%,10539479.0,0,0,0,0,0,0,0,0,0,0,0,0,-1,0,0,0,0,0,0,0,0,0,0,0,0,0,0,0,0,1,1
CFY,First Trust S&P 500 Diversified Free Cash Flow ETF,Financial,Exchange Traded Fund,USA,,,29.55,1.26%,45.0,0,0,0,0,0,0,0,-1,0,0,0,0,0,0,0,0,0,0,0,0,0,0,0,0,0,0,0,0,0,1,1
CLO,Fidelity CLO ETF,Financial,Exchange Traded Fund,USA,,,50.44,0.07%,77533.0,0,0,0,0,0,1,0,0,0,0,0,0,0,0,0,0,0,0,0,0,0,0,0,0,0,0,0,0,1,0,1
CN,FTI Consulting Inc,Industrials,Consulting Services,USA,3880000000.0,16.99,140.5,2.01%,652708.0,0,0,0,0,0,1,0,0,1,1,0,0,0,0,0,0,0,0,0,0,0,0,0,0,0,0,0,0,3,0,3
CPI,Fidelity Stocks for Inflation ETF,Financial,Exchange Traded Fund,USA,,,57.0,0.16%,4321.0,0,0,0,-1,0,0,0,0,0,0,0,0,0,0,0,0,0,0,0,0,0,0,0,0,0,0,0,0,0,1,1
CSH,Federated Hermes Short Duration Corporate ETF,Financial,Exchange Traded Fund,USA,,,23.71,0.08%,40.0,0,0,0,0,0,0,0,0,1,0,0,0,0,0,0,0,0,0,0,0,0,0,0,0,0,0,0,0,1,0,1
CVT,First Trust SSI Strategic Convertible Securities ETF,Financial,Exchange Traded Fund,USA,,,48.43,-1.91%,10397.0,0,0,0,0,0,0,0,0,0,0,0,0,0,0,0,1,0,0,0,0,0,0,0,0,0,0,0,0,1,0,1
DAT,Tactical Advantage ETF,Financial,Exchange Traded Fund,USA,,,22.18,-0.71%,1368.0,0,1,0,0,0,0,0,0,0,0,0,0,0,0,0,0,0,0,0,0,0,0,0,0,0,0,0,0,1,0,1
DBC,Fidelity D&D Bancorp Inc,Financial,Banks - Regional,USA,328990000.0,10.79,56.64,1.12%,8037.0,0,0,0,0,0,0,0,-1,0,0,0,0,0,0,0,0,0,0,0,0,0,0,0,0,0,0,0,0,0,1,1
DCF,Fidelity Disruptive Communications ETF,Financial,Exchange Traded Fund,USA,,,52.32,-0.63%,3624.0,0,0,0,0,0,0,0,0,0,0,1,1,0,0,0,0,0,0,0,0,0,0,0,0,0,0,0,0,2,0,2
DFF,Fidelity Disruptive Finance ETF,Financial,Exchange Traded Fund,USA,,,34.95,0.49%,2281.0,0,0,0,0,0,0,0,0,0,0,0,0,0,0,0,0,0,1,0,0,0,0,0,0,0,0,0,0,1,0,1
DHY,Fidelity Enhanced High Yield ETF,Financial,Exchange Traded Fund,USA,,,47.73,-0.23%,78409.0,0,0,0,-1,0,0,0,0,0,0,0,0,0,0,0,0,0,0,0,0,0,0,0,0,0,0,0,0,0,1,1
DIF,Fidelity Disruptors ETF,Financial,Exchange Traded Fund,USA,,,41.68,-1.06%,4096.0,0,0,0,-1,0,0,0,-1,0,0,0,0,0,0,0,0,0,0,0,0,0,0,0,0,0,0,0,0,0,2,2
DIQ,Invesco Bloomberg Financial Data Providers ETF,Financial,Exchange Traded Fund,USA,,,69.34,1.60%,1264.0,0,0,0,0,0,0,0,0,0,0,0,0,0,0,0,0,0,0,0,0,0,0,-1,0,0,0,0,0,0,1,1
DN,First Trust Dow Jones Internet Index Fund,Financial,Exchange Traded Fund,USA,,,294.97,-0.18%,106633.0,0,0,0,0,0,0,0,-1,0,0,0,0,0,0,0,0,0,0,0,0,0,0,0,0,0,0,0,0,0,1,1
DND,FT Vest Dow Jones Internet & Target Income ETF,Financial,Exchange Traded Fund,USA,,,22.85,-0.11%,1275.0,0,0,0,0,0,0,0,0,0,0,1,0,0,0,0,0,0,0,0,0,0,0,0,0,-1,0,0,0,1,1,2
DRR,Fidelity Dividend ETF for Rising Rates,Financial,Exchange Traded Fund,USA,,,69.3,0.25%,19968.0,0,0,0,0,0,0,0,0,0,0,0,0,0,0,0,0,0,0,0,0,0,0,0,0,-1,0,0,0,0,1,1
DRX,Founder-Led 2X Daily ETF,Financial,Exchange Traded Fund,USA,,,25.35,-2.22%,9207.0,0,0,0,0,0,0,0,0,0,0,1,0,0,0,0,0,0,0,0,0,0,0,-1,0,0,0,0,0,1,1,2
DSB,Fifth District Bancorp Inc,Financial,Banks - Regional,USA,91930000.0,53.96,17.56,0.34%,2569.0,0,0,0,0,0,0,0,0,1,0,0,0,0,0,0,0,0,0,0,0,0,0,0,0,0,0,0,0,1,0,1
DTS,First Trust Developed Markets ex-US Small Cap AlphaDEX Fund,Financial,Exchange Traded Fund,USA,,,70.27,-1.32%,359.0,0,0,0,0,0,0,0,0,0,0,1,0,0,0,0,0,0,0,0,0,1,0,0,0,0,0,0,0,2,0,2
E,Firstenergy Corp,Utilities,Utilities - Regulated Electric,USA,25950000000.0,23.93,44.85,0.61%,5644946.0,0,0,0,0,0,0,0,0,1,0,0,0,0,0,0,0,0,0,0,0,0,0,0,0,0,0,0,0,1,0,1
EBO,Fenbo Holdings Ltd,Technology,Consumer Electronics,Hong Kong,2360000.0,,0.77,-2.22%,2984.0,0,0,0,0,0,1,0,0,0,0,0,0,0,0,0,0,0,0,0,0,0,0,0,0,0,0,0,0,1,0,1
EBT,AllianzIM U.S. Equity Buffer10 Feb ETF,Financial,Exchange Traded Fund,USA,,,42.55,-0.16%,11470.0,0,0,0,0,0,0,0,-1,0,0,0,0,0,0,0,0,0,0,0,0,0,0,0,0,0,0,0,0,0,1,1
EIG,Northern Trust ESG & Climate Investment Grade Corporate Core ETF,Financial,Exchange Traded Fund,USA,,,38.74,0.32%,44880.0,0,0,0,0,0,0,0,0,1,0,0,0,0,0,0,0,0,0,0,0,0,0,0,0,0,0,0,0,1,0,1
EIM,Frequency Electronics Inc,Technology,Communication Equipment,USA,842340000.0,288.72,74.72,-5.60%,305402.0,0,1,0,0,0,0,0,0,0,0,0,0,0,0,0,0,0,0,0,0,0,0,0,0,0,0,0,0,1,0,1
ELC,Fidelity Enhanced Large Cap Core ETF,Financial,Exchange Traded Fund,USA,,,43.92,-0.43%,915885.0,0,0,0,0,0,0,0,0,0,0,1,0,0,0,0,0,0,0,0,0,0,0,0,0,0,0,0,0,1,0,1
ELG,Fidelity Enhanced Large Cap Growth ETF,Financial,Exchange Traded Fund,USA,,,45.69,-1.21%,868541.0,0,0,0,0,0,0,0,-1,0,0,0,0,0,0,0,0,0,0,0,0,0,0,0,0,0,0,0,0,0,1,1
EM,First Trust Emerging Markets AlphaDEX Fund,Financial,Exchange Traded Fund,USA,,,32.72,-0.67%,122025.0,0,0,0,0,0,0,0,0,0,0,1,0,0,0,0,0,0,0,0,0,0,0,-1,0,0,0,0,0,1,1,2
EMV,Fidelity Enhanced Mid Cap Value ETF,Financial,Exchange Traded Fund,USA,,,26.75,0.75%,1823.0,0,0,0,0,0,0,0,0,1,0,0,0,0,0,0,0,0,0,0,0,0,0,0,0,0,0,0,0,1,0,1
EMY,Femasys Inc,Healthcare,Medical Instruments & Supplies,USA,17130000.0,,2.05,2.25%,67689.0,0,0,0,0,0,0,0,0,1,0,0,0,0,0,0,0,0,0,0,0,0,0,0,0,0,0,0,0,1,0,1
ENG,Phoenix New Media Ltd ADR,Communication Services,Internet Content & Information,China,7560000.0,3.96,1.4,-0.01%,2578.0,0,0,0,0,0,0,0,0,1,0,0,0,0,0,0,0,0,0,0,0,0,0,0,0,0,0,0,0,1,0,1
EP,First Trust Europe AlphaDEX Fund,Financial,Exchange Traded Fund,USA,,,55.53,0.40%,36101.0,0,0,0,-1,0,0,0,-1,0,0,0,0,0,0,0,0,0,0,0,0,0,0,0,0,0,0,0,0,0,2,2
ER,Ferrovial N. V,Industrials,Engineering & Construction,Netherlands,36270000000.0,51.42,50.29,-0.61%,2748447.0,0,0,0,-1,0,0,0,0,0,0,0,0,0,0,0,0,0,0,0,0,0,0,0,0,0,0,0,0,0,1,1
ESC,First Eagle Small Cap Equity ETF,Financial,Exchange Traded Fund,USA,,,22.8,-0.13%,13226.0,0,0,0,0,0,0,0,0,1,0,0,0,0,0,0,0,0,0,0,0,0,0,0,0,0,0,0,0,1,0,1
ET,Forum Energy Technologies Inc,Energy,Oil & Gas Equipment & Services,USA,967950000.0,,84.37,2.52%,130452.0,0,0,0,0,0,0,0,0,0,0,0,0,0,0,0,0,0,0,0,0,0,0,-1,0,0,0,0,0,0,1,1
EUZ,First Trust Eurozone AlphaDEX ETF,Financial,Exchange Traded Fund,USA,,,62.52,-0.31%,661.0,0,0,0,0,0,0,0,0,0,0,0,0,0,0,0,0,0,0,0,0,0,0,0,0,-1,0,0,0,0,1,1
FA,First Trust Enhanced Equity Income Fund,Financial,Closed-End Fund - Equity,USA,446730000.0,,22.35,-0.27%,11865.0,0,0,0,0,0,0,0,-1,0,0,0,0,0,0,0,0,0,0,0,0,0,0,0,0,0,0,0,0,0,1,1
FEM,Fidelity Fundamental Emerging Markets ETF,Financial,Exchange Traded Fund,USA,,,41.33,-1.97%,10146.0,0,0,0,0,0,0,0,0,0,0,0,0,0,0,0,1,0,0,0,0,0,0,0,0,0,0,0,0,1,0,1
FGX,Fidelity Fundamental Global ex-U.S. ETF,Financial,Exchange Traded Fund,USA,,,33.36,-0.93%,30981.0,0,0,0,0,0,0,0,-1,0,0,0,0,0,0,0,0,0,0,0,0,0,0,0,0,0,0,0,0,0,1,1
FIU,UVA Unconstrained Medium-Term Fixed Income ETF,Financial,Exchange Traded Fund,USA,,,20.55,0.42%,462.0,0,0,0,0,0,1,0,0,1,0,0,0,0,0,0,0,0,0,0,-1,0,0,0,0,0,0,0,0,2,1,3
GBI,First Guaranty Bancshares Inc,Financial,Banks - Regional,USA,140250000.0,,8.48,2.42%,29816.0,0,0,0,0,0,0,0,0,1,0,0,0,0,0,0,0,0,0,0,0,0,0,0,0,0,0,0,0,1,0,1
GC,FG Communities Holdings Inc,Financial,Asset Management,USA,30690000.0,,6.52,-14.77%,104087.0,0,0,0,0,0,0,0,0,0,0,0,0,0,0,0,0,0,0,0,0,1,0,0,1,0,0,0,0,2,0,2
GI,FGI Industries Ltd,Consumer Cyclical,"Furnishings, Fixtures & Appliances",USA,15100000.0,,7.82,1.76%,3451.0,0,0,0,0,0,0,0,0,0,0,1,0,0,0,0,0,0,0,0,0,0,0,-1,0,0,0,0,0,1,1,2
GM,First Trust Germany AlphaDEX Fund,Financial,Exchange Traded Fund,USA,,,56.75,-1.21%,6309.0,0,0,0,0,0,0,0,0,0,0,0,0,0,0,0,1,0,0,0,0,0,0,0,0,0,0,0,0,1,0,1
GRU,T-REX 2X Long FIGR Daily Target ETF,Financial,Exchange Traded Fund,USA,,,6.82,-0.73%,129190.0,0,0,0,0,0,0,0,0,1,0,0,0,0,0,0,0,0,0,0,0,0,0,0,0,0,0,0,0,1,0,1
HDG,FT Vest U.S. Equity Quarterly Dynamic Buffer ETF,Financial,Exchange Traded Fund,USA,,,37.45,-0.16%,7383.0,0,0,0,0,0,0,0,-1,0,0,0,0,0,0,0,0,0,0,0,0,0,0,0,0,0,0,0,0,0,1,1
HN,First Horizon Corp,Financial,Banks - Regional,USA,11040000000.0,11.19,23.31,1.39%,5270711.0,0,0,0,0,0,0,0,0,0,0,1,0,0,0,0,0,0,0,0,0,0,0,0,0,0,0,0,0,1,0,1
IAT,YieldMax Short COIN Option Income Strategy ETF,Financial,Exchange Traded Fund,USA,,,15.97,1.01%,43652.0,0,1,0,0,0,0,0,0,1,1,0,0,0,0,0,0,0,0,0,0,0,0,0,0,0,0,0,0,3,0,3
IAX,Nicholas Fixed Income Alternative ETF,Financial,Exchange Traded Fund,USA,,,17.09,0.18%,9955.0,0,0,0,-1,0,0,0,0,0,0,0,0,0,0,0,0,0,0,0,0,0,0,0,0,0,0,0,0,0,1,1
IEE,FiEE Inc,Technology,Communication Equipment,Hong Kong,31090000.0,9.83,3.64,-1.22%,4514.0,0,0,0,0,0,0,0,0,1,0,0,0,0,0,0,0,0,0,0,0,0,0,0,0,0,0,0,0,1,0,1
IG,Figma Inc,Technology,Software - Application,USA,12060000000.0,,22.63,4.67%,10579590.0,0,0,0,0,0,0,0,0,0,0,0,0,0,0,0,0,0,0,0,0,0,0,0,1,0,0,0,0,1,0,1
IGB,Fidelity Investment Grade Bond ETF,Financial,Exchange Traded Fund,USA,,,40.93,0.22%,57745.0,0,0,0,0,0,0,0,0,0,0,0,0,0,0,0,0,0,0,0,-1,0,0,0,0,0,0,0,0,0,1,1
IGR,Figure Technology Solutions Inc,Financial,Capital Markets,USA,6190000000.0,32.59,27.6,-0.29%,4767765.0,0,0,0,0,0,0,0,0,0,0,0,0,0,0,0,0,0,0,0,0,1,0,0,0,0,0,0,0,1,0,1
INA,Fidelity MSCI North American Subset Index ETF,Financial,Exchange Traded Fund,USA,,,25.89,-0.37%,511.0,0,0,0,0,0,0,0,0,0,0,1,0,0,0,0,0,0,0,0,0,0,0,-1,0,0,0,0,0,1,1,2
INT,Frontier Asset Total International Equity ETF,Financial,Exchange Traded Fund,USA,,,35.83,-0.57%,2465.0,0,0,0,-1,0,0,0,0,0,0,0,0,0,0,0,0,0,0,0,0,0,0,0,0,0,0,0,0,0,1,1
IP,FTAI Infrastructure Inc,Industrials,Conglomerates,USA,314370000.0,,2.66,-6.34%,2594749.0,0,0,0,0,0,0,0,0,1,0,0,0,0,0,0,0,0,0,0,0,0,0,0,0,0,0,0,0,1,0,1
IVN,Five9 Inc,Technology,Software - Infrastructure,USA,2630000000.0,51.31,35.15,4.06%,1867664.0,0,0,0,0,0,0,0,-1,0,0,0,0,0,0,0,0,0,0,0,0,0,0,0,0,0,0,0,0,0,1,1
IX,Comfort Systems USA Inc,Industrials,Engineering & Construction,USA,60060000000.0,41.98,1706.39,-2.01%,374570.0,0,0,0,0,0,1,0,0,0,0,0,0,0,0,0,1,0,0,0,0,0,0,0,0,0,0,0,0,2,0,2
JET,Starfighters Space Inc,Industrials,Aerospace & Defense,USA,92390000.0,,1.68,4.35%,1078159.0,0,0,0,0,0,0,0,0,0,0,0,0,0,0,0,0,0,0,0,0,1,0,0,0,0,0,0,0,1,0,1
JP,First Trust Japan AlphaDEX Fund,Financial,Exchange Traded Fund,USA,,,78.28,-0.47%,14669.0,0,0,0,0,0,0,0,0,0,0,1,0,0,0,0,0,0,0,0,0,0,0,0,0,0,0,0,0,1,0,1
JUN,FT Vest U.S. Equity Buffer ETF - June,Financial,Exchange Traded Fund,USA,,,61.78,-0.23%,18438.0,0,0,0,0,0,0,0,-1,0,0,0,0,0,0,0,0,0,0,0,0,0,0,0,0,0,0,0,0,0,1,1
LBL,Franklin Senior Loan ETF,Financial,Exchange Traded Fund,USA,,,22.74,-0.04%,418565.0,0,0,0,0,0,0,0,0,0,0,1,1,0,0,0,0,0,0,0,0,0,0,0,0,0,0,0,0,2,0,2
LBR,Franklin FTSE Brazil ETF,Financial,Exchange Traded Fund,USA,,,26.63,0.99%,467288.0,0,0,0,0,0,0,0,0,1,0,0,0,0,0,0,0,0,0,0,0,0,0,0,0,0,0,0,0,1,0,1
LDB,Fidelity Low Duration Bond ETF,Financial,Exchange Traded Fund,USA,,,50.25,0.10%,11780.0,0,0,0,0,0,1,0,0,0,0,0,0,0,0,0,0,0,0,0,0,0,0,0,0,0,0,0,0,1,0,1
LEX,Flex Ltd,Technology,Electronic Components,USA,42390000000.0,44.3,114.74,-3.85%,2642748.0,0,0,0,0,0,0,0,0,1,0,0,0,0,0,0,0,0,0,0,0,0,0,0,0,0,0,0,0,1,0,1
LJH,Franklin FTSE Japan Hedged ETF,Financial,Exchange Traded Fund,USA,,,46.5,-1.02%,172369.0,0,1,0,0,0,0,0,0,0,0,1,1,0,0,0,0,0,0,0,0,1,0,0,0,-1,0,0,0,4,1,5
LJP,Franklin FTSE Japan ETF,Financial,Exchange Traded Fund,USA,,,41.4,-0.91%,1575041.0,0,0,0,0,0,0,0,-1,0,0,0,0,0,0,0,0,0,0,0,0,0,0,0,0,0,0,0,0,0,1,1
LLA,Franklin FTSE Latin America ETF,Financial,Exchange Traded Fund,USA,,,29.74,0.41%,10985.0,0,0,0,0,0,0,0,0,0,0,0,0,0,0,0,0,0,0,0,0,1,0,-1,0,0,0,0,0,1,1,2
LMX,Franklin FTSE Mexico ETF,Financial,Exchange Traded Fund,USA,,,34.65,-0.76%,17029.0,0,0,0,0,0,0,0,0,0,0,0,0,-1,0,0,0,0,0,0,0,0,0,0,0,0,0,0,0,0,1,1
LN,First Trust Latin America AlphaDEX Fund,Financial,Exchange Traded Fund,USA,,,27.5,0.82%,9061.0,0,0,0,0,0,0,0,0,0,0,0,0,-1,0,0,0,0,0,0,0,0,0,0,0,0,0,0,0,0,1,1
LNT,Fluent Inc,Communication Services,Advertising Agencies,USA,89130000.0,,2.82,1.81%,62590.0,0,0,0,0,0,0,0,0,1,0,0,0,0,0,0,0,0,0,0,0,0,0,0,0,0,0,0,0,1,0,1
LOC,Flowco Holdings Inc,Energy,Oil & Gas Equipment & Services,USA,1730000000.0,22.69,19.15,0.31%,1027634.0,0,0,0,0,0,1,0,0,1,1,0,0,0,0,0,0,0,0,0,0,0,0,0,0,0,0,-1,0,3,1,4
LOT,iShares Floating Rate Bond ETF,Financial,Exchange Traded Fund,USA,,,50.93,0.04%,1965249.0,0,1,0,-1,0,0,0,0,0,0,1,0,0,0,0,0,0,0,0,0,0,0,0,0,0,0,0,0,2,1,3
LRN,State Street SPDR Bloomberg Investment Grade Floating Rate ETF,Financial,Exchange Traded Fund,USA,,,30.77,0.07%,6296868.0,0,1,0,0,0,1,0,0,0,0,0,0,-1,0,0,0,0,0,0,0,0,0,0,0,0,0,0,0,2,1,3
LRT,Pacer Aristotle Pacific Floating Rate High Income ETF,Financial,Exchange Traded Fund,USA,,,46.47,-0.07%,306765.0,0,0,0,0,0,0,0,0,0,0,0,0,0,0,0,1,0,0,0,0,0,0,0,0,0,0,0,0,1,0,1
LSA,Franklin FTSE Saudi Arabia ETF,Financial,Exchange Traded Fund,USA,,,31.23,-1.73%,78.0,0,0,0,0,0,0,0,0,0,0,0,0,-1,-1,0,0,0,0,0,0,0,0,0,0,0,0,0,0,0,2,2
LTR,VanEck IG Floating Rate ETF,Financial,Exchange Traded Fund,USA,,,25.54,0.04%,2069247.0,0,0,0,0,0,0,0,0,0,0,0,0,-1,0,0,0,0,0,0,0,0,0,0,0,0,0,0,0,0,1,1
LUT,Flutter Entertainment Plc,Consumer Cyclical,Gambling,USA,14160000000.0,,81.58,7.55%,3698569.0,0,1,0,-1,0,0,0,0,0,0,0,0,0,0,0,0,0,0,0,0,1,1,0,0,0,0,0,0,3,1,4
LUX,Flux Power Holdings inc,Industrials,Electrical Equipment & Parts,USA,9970000.0,,0.46,-7.62%,825017.0,0,0,0,0,0,0,0,0,1,0,0,0,0,0,0,0,0,0,0,0,0,0,0,0,0,0,0,0,1,0,1
LX,BingEx Ltd ADR,Industrials,Integrated Freight & Logistics,China,81220000.0,,1.55,4.03%,192467.0,0,0,0,0,0,0,0,0,1,0,0,0,0,0,0,0,0,0,0,0,0,0,0,0,0,0,0,0,1,0,1
LXR,TCW Flexible Income ETF,Financial,Exchange Traded Fund,USA,,,37.85,0.16%,713556.0,0,0,0,-1,0,0,0,0,0,0,0,0,0,0,0,0,0,0,0,0,0,0,0,0,0,0,0,0,0,1,1
LYD,MicroSectors Travel -3x Inverse Leveraged ETN,Financial,Exchange Traded Fund,USA,,,53.6,-3.06%,3428.0,0,0,0,0,0,0,0,0,1,0,0,0,0,0,0,0,0,0,0,0,0,0,0,0,0,0,0,0,1,0,1
LYE,Fly-E Group Inc,Consumer Cyclical,Auto Manufacturers,USA,3780000.0,,2.32,82.68%,133012597.0,0,0,0,0,0,1,0,0,0,0,0,0,-1,0,0,0,0,0,0,0,1,1,0,0,0,0,0,0,3,1,4
LYU,MicroSectors Travel 3x Leveraged ETN,Financial,Exchange Traded Fund,USA,,,35.26,2.94%,690.0,0,0,0,0,0,0,0,-1,0,0,0,0,0,0,0,0,0,0,0,0,0,0,0,0,0,0,0,0,0,1,1
LYW,Flywire Corp,Technology,Software - Infrastructure,USA,2240000000.0,69.92,18.43,1.54%,1530632.0,0,0,0,0,0,0,0,-1,0,0,0,0,0,0,0,0,0,0,0,0,0,0,0,0,0,0,0,0,0,1,1
MAY,FT Vest U.S. Equity Buffer ETF - May,Financial,Exchange Traded Fund,USA,,,57.91,-0.34%,10727.0,0,1,0,0,0,0,0,-1,0,0,1,0,0,0,0,0,0,0,0,0,0,0,0,0,-1,0,0,0,2,2,4
MB,First Trust Managed Municipal ETF,Financial,Exchange Traded Fund,USA,,,47.85,0.31%,1559727.0,0,0,0,0,0,0,0,0,1,0,0,0,0,0,0,0,0,0,0,0,0,0,0,0,0,0,0,0,1,0,1
MC,FMC Corp,Basic Materials,Agricultural Inputs,USA,1390000000.0,,8.92,-1.87%,4147496.0,0,0,0,0,0,0,0,0,1,1,0,0,0,0,0,0,0,0,0,0,0,0,0,0,0,0,0,0,2,0,2
MCX,FM Focus Equity ETF,Financial,Exchange Traded Fund,USA,,,36.34,-0.41%,38.0,0,0,0,-1,0,0,0,0,0,0,0,0,0,0,0,0,0,0,0,0,0,0,0,0,0,0,0,0,0,1,1
MED,Fidelity Disruptive Medicine ETF,Financial,Exchange Traded Fund,USA,,,30.57,-1.56%,8422.0,0,0,0,0,0,0,0,0,0,0,1,0,0,0,0,0,0,0,0,0,0,0,-1,0,0,0,0,0,1,1,2
MET,Fidelity Metaverse ETF,Financial,Exchange Traded Fund,USA,,,39.29,-1.41%,1791.0,0,0,0,0,0,0,0,0,0,0,1,0,0,0,0,0,0,0,0,0,0,0,0,0,-1,0,0,0,1,1,2
MKT,The Free Markets ETF,Financial,Exchange Traded Fund,USA,,,21.61,-0.48%,6772.0,0,0,0,0,0,0,0,0,0,0,1,0,0,0,0,0,0,0,0,0,0,0,0,0,0,0,0,0,1,0,1
MST,Foremost Clean Energy Ltd,Basic Materials,Other Industrial Metals & Mining,Canada,11020000.0,,0.63,13.39%,685144.0,0,0,0,0,0,1,0,0,0,0,0,0,0,0,0,0,0,0,0,0,0,0,0,0,0,0,0,0,1,0,1
MTL,First Trust Indxx Critical Metals ETF,Financial,Exchange Traded Fund,USA,,,34.57,0.02%,8611.0,0,1,0,-1,0,0,0,0,0,0,0,0,0,0,0,0,0,0,0,0,1,0,0,0,0,0,0,0,2,1,3
MX,Fomento Economico Mexicano SAB de CV ADR,Consumer Defensive,Beverages - Brewers,Mexico,23930000000.0,23.07,118.73,1.38%,567953.0,0,0,0,0,0,0,0,0,0,0,0,0,-1,0,0,0,0,0,0,0,0,0,0,0,0,0,0,0,0,1,1
N,Fabrinet,Technology,Electronic Components,Cayman Islands,17460000000.0,37.36,487.33,-2.14%,1201190.0,0,0,0,0,0,0,0,0,1,1,0,0,0,0,0,0,0,0,0,0,0,0,0,0,0,0,0,0,2,0,2
NDB,Schwab Fundamental U.S. Broad Market ETF,Financial,Exchange Traded Fund,USA,,,31.18,0.65%,110348.0,0,0,0,0,0,0,0,0,0,0,0,0,0,0,0,0,0,0,0,0,0,0,-1,0,0,0,0,0,0,1,1
NDC,Schwab Fundamental International Small Equity ETF,Financial,Exchange Traded Fund,USA,,,49.37,-0.28%,115412.0,0,1,0,0,0,0,0,0,0,0,0,0,0,0,0,0,0,0,0,0,0,0,0,0,0,0,0,0,1,0,1
NDE,Schwab Fundamental Emerging Markets Equity ETF,Financial,Exchange Traded Fund,USA,,,42.29,-0.42%,1719574.0,0,0,0,0,0,0,0,-1,0,0,0,0,0,0,0,0,0,0,0,0,0,0,0,0,0,0,0,0,0,1,1
NDF,Schwab Fundamental International Equity ETF,Financial,Exchange Traded Fund,USA,,,53.37,-0.09%,2430637.0,0,1,0,0,0,0,0,0,0,0,0,0,0,0,0,0,0,0,0,0,0,0,0,0,0,0,0,0,1,0,1
NGO,MicroSectors FANG+Index 2X Leveraged ETNs,Financial,Exchange Traded Fund,USA,,,162.91,-2.24%,731.0,0,0,0,0,0,0,0,0,0,0,1,0,0,0,0,0,0,0,0,0,0,0,0,0,0,0,0,0,1,0,1
NGR,FingerMotion Inc,Communication Services,Telecom Services,Singapore,15240000.0,,0.2,-1.38%,31611429.0,0,0,0,0,0,0,0,0,1,0,0,0,0,0,0,0,0,0,0,0,0,0,0,0,0,0,0,0,1,0,1
NKO,Funko Inc,Consumer Cyclical,Leisure,USA,364570000.0,,6.5,3.01%,1422993.0,0,1,0,0,0,0,0,0,0,0,0,0,0,0,0,0,0,0,0,0,0,0,0,0,0,0,0,0,1,0,1
NLC,First Bancorp Inc (ME),Financial,Banks - Regional,USA,377280000.0,9.94,33.44,0.39%,29456.0,0,0,0,0,0,0,0,0,0,0,0,0,0,0,0,0,0,0,0,0,1,0,0,0,-1,0,0,0,1,1,2
NOV,FT Vest U.S. Equity Buffer ETF - November,Financial,Exchange Traded Fund,USA,,,60.58,-0.12%,9942.0,0,0,0,0,0,0,0,-1,0,0,0,0,0,0,0,0,0,0,0,0,0,0,0,0,0,0,0,0,0,1,1
NRN,First Northern Community Bancorp,Financial,Banks - Regional,USA,283640000.0,12.8,17.3,-1.37%,60228.0,0,0,0,0,0,0,0,0,1,0,0,0,0,0,0,0,0,0,0,0,0,0,0,0,0,0,0,0,1,0,1
NUC,Frontier Nuclear and Minerals Inc,Basic Materials,Other Industrial Metals & Mining,Canada,40460000.0,,1.12,1.82%,205526.0,0,0,0,0,0,0,0,0,1,1,0,0,0,0,0,0,0,0,0,0,0,0,0,0,0,0,0,0,2,0,2
NY,First Trust Mid Cap Growth AlphaDEX Fund,Financial,Exchange Traded Fund,USA,,,98.73,-0.23%,9366.0,0,1,0,0,0,0,0,0,1,0,0,0,0,0,0,0,0,0,0,0,0,0,0,0,0,0,-1,0,2,1,3
OF,Cohen & Steers Closed-End Opportunity Fund Inc,Financial,Closed-End Fund - Equity,USA,346150000.0,,12.44,0.00%,58691.0,0,0,0,0,0,0,0,0,1,0,0,0,0,0,0,0,0,0,0,0,0,0,0,0,0,0,0,0,1,0,1
ORM,FormFactor Inc,Technology,Semiconductor Equipment & Materials,USA,10710000000.0,94.01,137.13,-1.91%,1681834.0,0,0,0,0,0,0,0,0,0,0,0,0,0,0,0,0,0,0,0,0,0,0,0,0,-1,0,0,0,0,1,1
ORTY,Formula Systems (1985) Ltd ADR,Technology,Information Technology Services,Israel,1710000000.0,2.78,111.5,-0.36%,272.0,0,0,0,0,0,0,0,0,1,0,0,0,0,0,0,0,0,0,0,0,0,0,0,0,0,0,0,0,1,0,1
OSL,Fossil Group Inc,Consumer Cyclical,Footwear & Accessories,USA,413970000.0,,7.0,-1.13%,588811.0,0,0,0,0,0,0,0,0,0,0,0,0,0,0,0,0,0,1,0,0,0,0,0,0,0,0,0,0,1,0,1
OX,Fox Corp,Communication Services,Entertainment,USA,25400000000.0,14.86,56.97,1.77%,898333.0,0,0,0,0,0,0,0,0,0,0,1,0,0,0,0,0,0,0,0,0,0,0,0,0,0,0,0,0,1,0,1
OXX,Foxx Development Holdings Inc,Technology,Consumer Electronics,USA,16559999.999999998,,2.34,-6.02%,1226.0,0,0,0,0,0,0,0,0,0,0,0,0,-1,0,0,0,0,0,0,0,0,0,0,0,0,0,0,0,0,1,1
PA,First Trust Asia Pacific ex-Japan AlphaDEX Fund,Financial,Exchange Traded Fund,USA,,,48.33,-2.80%,4808.0,0,0,0,0,0,0,0,0,0,0,0,0,0,0,0,0,0,0,0,0,0,0,0,0,0,0,-1,0,0,1,1
PAA,FPA Global Allocation ETF,Financial,Exchange Traded Fund,USA,,,24.78,0.12%,1263.0,0,0,0,0,0,0,0,0,0,0,0,0,0,0,0,0,0,0,0,0,0,0,-1,0,0,0,0,0,0,1,1
PFD,Fidelity Preferred Securities & Income ETF,Financial,Exchange Traded Fund,USA,,,20.48,0.04%,9239.0,0,0,0,-1,0,0,0,0,0,0,0,0,0,0,0,0,0,0,0,0,0,0,0,0,0,0,0,0,0,1,1
PS,Forgent Power Solutions Inc,Industrials,Electrical Equipment & Parts,USA,12120000000.0,148.01,39.8,-2.09%,9924284.0,0,0,0,0,0,0,0,0,0,0,0,0,0,0,0,0,0,0,0,0,1,0,0,0,0,0,0,0,1,0,1
PSX,Leverage Shares 2X Long FPS Daily ETF,Financial,Exchange Traded Fund,USA,,,4.77,-4.02%,189577.0,0,0,0,0,0,0,0,0,0,0,0,0,0,0,0,0,0,0,0,0,1,0,0,1,0,0,0,0,2,0,2
PWR,First Trust EIP Power Solutions ETF,Financial,Exchange Traded Fund,USA,,,35.5,0.54%,5663.0,0,1,0,-1,0,0,0,0,0,0,0,0,0,0,0,0,0,0,0,0,0,0,0,0,0,0,0,0,1,1,2
PXE,First Trust IPOX (R) Europe Equity Opportunities ETF,Financial,Exchange Traded Fund,USA,,,31.54,-0.69%,43.0,0,0,0,0,0,0,0,0,1,0,0,0,0,0,0,0,0,0,0,0,0,0,0,0,0,0,0,0,1,0,1
PXI,First Trust International Equity Opportunities ETF,Financial,Exchange Traded Fund,USA,,,67.43,-1.43%,27510.0,0,0,0,0,0,0,0,0,1,0,0,0,0,0,0,0,0,0,0,0,0,0,0,0,0,0,0,0,1,0,1
RA,Blackrock Floating Rate Income Strategies Fund Inc,Financial,Closed-End Fund - Debt,USA,363210000.0,,10.25,-0.58%,165070.0,0,0,0,0,0,0,0,0,0,0,1,0,0,0,0,0,0,0,0,0,0,0,0,0,0,0,0,0,1,0,1
RAF,Franklin Financial Services Corp,Financial,Banks - Regional,USA,284910000.0,11.54,63.32,-0.22%,34180.0,0,0,0,0,0,0,0,0,0,0,1,0,0,0,0,0,0,0,0,0,0,0,0,0,-1,0,0,0,1,1,2
RBT,Forbright Inc,Financial,Banks - Diversified,USA,955550000.0,,18.08,-0.17%,45068.0,0,0,0,0,0,0,0,0,1,1,0,0,0,0,0,0,0,0,0,0,0,0,0,0,0,0,0,0,2,0,2
RD,Friedman Industries Inc,Basic Materials,Steel,USA,301860000.0,10.99,41.85,-2.65%,34268.0,0,0,0,0,0,0,0,0,1,0,0,0,0,0,0,0,0,0,0,0,0,0,0,0,0,0,0,0,1,0,1
RGN,Horizon International Equity ETF,Financial,Exchange Traded Fund,USA,,,30.96,-0.57%,16698.0,0,0,0,0,0,0,0,0,0,0,1,1,0,0,0,0,0,0,0,0,1,0,0,0,-1,0,0,0,3,1,4
RGT,Freight Technologies Inc,Technology,Software - Application,USA,160000.0,,0.26,1.63%,9239969.0,0,0,0,0,0,0,0,0,1,0,0,0,0,0,0,0,0,0,0,0,0,0,0,0,0,0,0,0,1,0,1
RNW,Fidelity Clean Energy ETF,Financial,Exchange Traded Fund,USA,,,20.81,-1.00%,30882.0,0,0,0,0,0,0,0,0,1,0,0,0,0,0,0,0,0,0,0,0,0,0,0,0,0,0,0,0,1,0,1
RPT,Freshpet Inc,Consumer Defensive,Packaged Foods,USA,3130000000.0,17.18,65.18,3.05%,1388030.0,0,0,0,0,0,0,0,0,0,0,0,0,0,0,0,0,0,0,0,0,0,0,0,0,0,0,0,1,1,0,1
RST,Primis Financial Corp,Financial,Banks - Regional,USA,380170000.0,7.13,15.33,0.52%,103673.0,0,0,0,0,0,0,0,0,0,0,1,0,0,0,0,0,0,0,0,0,0,0,-1,0,0,0,0,0,1,1,2
RSX,Foresight Autonomous Holdings Ltd ADR,Consumer Cyclical,Auto Parts,Israel,4800000.0,,0.92,-3.19%,16973.0,0,0,0,-1,0,0,0,0,0,0,0,0,0,0,0,0,0,0,0,-1,0,0,0,0,0,0,0,0,0,2,2
RVO,Fervo Energy Co,Utilities,Utilities - Renewable,USA,4070000000.0000005,,13.8,-1.22%,6157568.0,0,0,0,0,0,0,0,0,1,0,0,0,0,0,0,0,0,0,0,0,0,0,0,0,0,0,0,0,1,0,1
RWD,Nomura Transformational Technologies ETF,Financial,Exchange Traded Fund,USA,,,32.78,-2.16%,17406.0,0,0,0,0,0,0,0,0,0,0,1,0,0,0,0,0,0,0,0,0,0,0,0,0,-1,0,0,0,1,1,2
SEP,FT Vest U.S. Equity Buffer ETF - September,Financial,Exchange Traded Fund,USA,,,57.65,-0.30%,38950.0,0,0,0,0,0,0,0,-1,0,0,0,0,0,0,0,0,0,0,0,0,0,0,0,0,0,0,0,0,0,1,1
SEV,Fidelity Enhanced Small Cap Value ETF,Financial,Exchange Traded Fund,USA,,,25.82,0.73%,1376.0,0,0,0,0,0,0,0,0,1,0,0,0,0,0,0,0,0,0,0,0,0,0,0,0,0,0,0,0,1,0,1
SI,Flexible Solutions International Inc,Basic Materials,Specialty Chemicals,Canada,77270000.0,,6.05,-3.66%,9454.0,0,0,0,0,0,0,0,0,1,0,0,0,0,0,0,0,0,0,0,0,0,0,0,0,0,0,0,0,1,0,1
SLY,Fastly Inc,Technology,Software - Application,USA,4030000000.0000005,,25.29,0.04%,5524383.0,0,0,0,0,0,0,0,0,0,0,0,0,0,0,0,1,0,0,0,0,0,0,0,0,0,0,0,0,1,0,1
SMB,First Trust Short Duration Managed Municipal ETF,Financial,Exchange Traded Fund,USA,,,19.49,0.21%,284093.0,0,0,0,0,0,0,0,0,1,0,0,0,0,0,0,0,0,0,0,0,0,0,0,0,0,0,0,0,1,0,1
SMD,Fidelity Small-Mid Multifactor ETF,Financial,Exchange Traded Fund,USA,,,49.72,0.20%,119683.0,0,0,0,0,0,0,0,0,1,0,0,0,0,0,0,0,0,0,0,0,0,0,0,0,0,0,0,0,1,0,1
SML,Franklin Small Cap Enhanced ETF,Financial,Exchange Traded Fund,USA,,,28.91,0.23%,148.0,0,0,0,0,0,0,0,0,1,0,0,0,0,0,0,0,0,0,0,0,0,0,0,0,0,0,0,0,1,0,1
SP,Franklin Street Properties Corp,Real Estate,REIT - Office,USA,34080000.0,,0.33,0.68%,884888.0,0,0,0,0,0,0,0,0,1,0,0,0,0,0,0,0,0,0,0,0,0,0,0,0,0,0,0,0,1,0,1
SS,Federal Signal Corp,Industrials,Farm & Heavy Construction Machinery,USA,6870000000.0,24.26,112.61,-1.57%,367471.0,0,0,0,0,0,0,0,0,0,0,0,0,-1,0,0,0,0,0,0,0,0,0,0,0,0,0,0,0,0,1,1
SSL,FS Specialty Lending Fund,Financial,Closed-End Fund - Debt,USA,885200000.0,,11.66,1.83%,187225.0,0,0,0,0,0,0,0,0,0,0,0,0,0,0,0,1,0,0,0,0,0,0,0,0,0,0,0,0,1,0,1
SV,FirstService Corp,Real Estate,Real Estate Services,Canada,5860000000.0,36.33,128.22,1.06%,82001.0,0,0,0,0,0,0,0,0,0,0,0,0,-1,0,0,0,0,0,0,0,0,0,0,0,0,0,0,0,0,1,1
TBI,First Trust Balanced Income ETF,Financial,Exchange Traded Fund,USA,,,21.29,0.71%,22688.0,0,0,0,0,0,0,0,0,0,0,0,0,0,0,0,0,0,0,0,0,1,0,-1,0,0,0,0,0,1,1,2
TC,First Trust Large Capital Growth AlphaDEX Fund,Financial,Exchange Traded Fund,USA,,,179.52,-0.79%,5775.0,0,0,0,0,0,0,0,0,0,0,0,0,-1,-1,0,0,0,0,0,0,0,0,0,0,0,0,0,0,0,2,2
TCB,First Trust Core Investment Grade ETF,Financial,Exchange Traded Fund,USA,,,19.82,0.66%,3539028.0,0,0,0,0,0,0,0,0,1,0,0,0,0,0,0,0,0,0,0,0,0,0,0,0,0,0,0,0,1,0,1
TCI,FTC Solar Inc,Technology,Solar,USA,31890000.0,,1.93,0.52%,225718.0,0,0,0,0,0,0,0,0,1,1,0,0,0,0,0,0,0,0,0,0,0,0,0,0,0,0,0,0,2,0,2
TDR,Frontdoor Inc,Consumer Cyclical,Personal Services,USA,5480000000.0,21.06,79.59,2.29%,538110.0,0,1,0,0,0,0,0,0,0,0,0,0,0,0,0,0,0,0,0,0,0,0,0,0,0,0,0,0,1,0,1
TDS,First Trust Dividend Strength ETF,Financial,Exchange Traded Fund,USA,,,63.11,1.93%,320.0,0,0,0,0,0,1,0,0,0,0,0,0,0,0,0,0,0,0,0,0,0,0,0,0,0,0,0,0,1,0,1
THI,First Trust BuyWrite Income ETF,Financial,Exchange Traded Fund,USA,,,23.9,0.08%,1139684.0,0,0,0,0,0,0,0,-1,0,0,0,0,0,0,0,0,0,0,0,0,0,0,0,0,0,0,0,0,0,1,1
TI,TechnipFMC plc,Energy,Oil & Gas Equipment & Services,USA,27310000000.0,24.26,69.63,1.80%,2496445.0,0,0,0,-1,0,0,0,0,0,0,0,0,0,0,0,0,0,0,0,0,0,0,0,0,0,0,0,0,0,1,1
TLS,First Trust Long/Short Equity ETF,Financial,Exchange Traded Fund,USA,,,77.69,-0.09%,180989.0,0,0,0,0,0,0,0,-1,0,0,0,0,0,0,0,0,0,0,0,0,0,0,0,0,0,0,0,0,0,1,1
TNT,Fortinet Inc,Technology,Software - Infrastructure,USA,138750000000.0,66.63,189.1,-0.10%,4456170.0,0,1,0,0,0,1,0,-1,0,0,0,0,0,0,0,0,0,0,0,0,0,0,0,0,0,0,0,0,2,1,3
TQI,First Trust Nasdaq BuyWrite Income ETF,Financial,Exchange Traded Fund,USA,,,22.31,0.04%,1178348.0,0,0,0,-1,0,0,0,-1,0,0,0,0,0,0,0,0,0,0,0,0,0,0,0,0,0,0,0,0,0,2,2
TRE,Fortrea Holdings Inc,Healthcare,Biotechnology,USA,1940000000.0,,20.37,-0.92%,1956475.0,0,0,0,0,0,0,0,-1,0,0,0,0,0,0,0,0,0,0,0,0,0,0,0,0,0,0,0,0,0,1,1
TSM,First Trust Enhanced Short Maturity ETF,Financial,Exchange Traded Fund,USA,,,59.61,0.05%,1282180.0,0,1,0,0,0,0,0,0,0,0,0,0,0,0,0,0,0,0,0,0,0,0,0,0,0,0,0,0,1,0,1
UBO,fuboTV Inc,Communication Services,Broadcasting,USA,1020000000.0,2.17,9.35,1.08%,978909.0,0,1,0,0,0,0,0,0,0,0,0,0,-1,0,0,0,0,0,0,0,0,0,0,0,0,0,0,0,1,1,2
UFU,BitFuFu Inc,Financial,Capital Markets,Singapore,216650000.0,,1.3,-2.26%,38661.0,0,0,0,0,0,0,0,0,1,0,0,0,0,0,0,0,0,0,0,0,0,0,0,0,0,0,0,0,1,0,1
UL,H.B. Fuller Company,Basic Materials,Specialty Chemicals,USA,2720000000.0,14.05,50.44,1.06%,1370676.0,0,0,0,-1,0,0,0,0,0,0,0,0,0,0,0,1,0,0,0,-1,0,0,0,0,0,0,0,0,1,2,3
URY,Fury Gold Mines Ltd,Basic Materials,Gold,Canada,98640000.0,,0.52,0.48%,252849.0,0,0,0,0,0,0,0,0,1,0,0,0,0,0,0,0,0,0,0,0,0,0,0,0,0,0,0,0,1,0,1
USE,Fusemachines Inc,Technology,Software - Application,USA,13490000.0,23.97,0.41,-5.10%,54216.0,0,0,0,0,0,0,0,0,0,0,0,0,-1,0,0,0,0,0,0,0,0,0,0,0,0,0,0,0,0,1,1
USI,American Century Ultrashort Income ETF,Financial,Exchange Traded Fund,USA,,,50.4,0.00%,14253.0,0,0,0,-1,0,0,0,-1,0,0,0,0,0,0,0,0,0,0,0,0,0,0,0,0,0,0,0,0,0,2,2
VAL,Fidelity Value Factor ETF,Financial,Exchange Traded Fund,USA,,,82.13,-0.01%,30974.0,0,0,0,0,0,0,0,0,0,0,0,0,0,0,0,0,0,0,0,0,0,0,0,0,-1,0,0,0,0,1,1
VAV,Fortress Value Acquisition Corp V,Financial,Shell Companies,USA,367160000.0,,10.16,-0.88%,9.0,0,0,0,0,0,0,0,0,0,0,1,0,0,0,0,0,0,0,0,0,0,0,-1,0,0,0,0,0,1,1,2
WRG,First Watch Restaurant Group Inc,Consumer Cyclical,Restaurants,USA,676370000.0,38.8,10.96,4.38%,2998739.0,0,0,0,0,0,0,0,0,0,0,0,0,-1,0,0,0,0,0,0,0,0,0,0,0,0,0,0,0,0,1,1
XA,Invesco CurrencyShares Australian Dollar Trust,Financial,Exchange Traded Fund,USA,,,68.87,-0.12%,13629.0,0,0,0,0,0,0,0,0,0,0,1,0,0,0,0,0,0,0,0,0,0,0,-1,0,0,0,0,0,1,1,2
XAC,FortuneX Acquisition Corp,Financial,Shell Companies,USA,113790000.0,,10.1,-0.05%,9.0,0,0,0,0,0,0,0,0,0,0,1,0,0,0,0,0,0,0,0,0,0,0,-1,0,0,0,0,0,1,1,2
XD,First Trust Consumer Discretionary AlphaDEX Fund,Financial,Exchange Traded Fund,USA,,,65.15,1.06%,10626.0,0,0,0,0,0,0,0,0,0,0,1,0,0,0,0,0,0,0,0,0,0,0,0,0,0,0,0,0,1,0,1
XED,Sound Enhanced Fixed Income ETF,Financial,Exchange Traded Fund,USA,,,16.59,1.16%,3097.0,0,0,0,-1,0,0,0,0,1,0,0,0,0,0,0,0,0,0,0,0,0,0,0,0,0,0,0,0,1,1,2
XF,Invesco CurrencyShares Swiss Franc Trust,Financial,Exchange Traded Fund,USA,,,105.87,0.27%,14656.0,0,0,0,0,0,0,0,0,0,0,0,0,0,0,0,0,0,0,0,-1,0,0,0,0,0,0,0,0,0,1,1
XI,iShares China Large-Cap ETF,Financial,Exchange Traded Fund,USA,,,33.45,0.09%,16681586.0,0,0,0,-1,0,0,0,0,0,0,1,0,0,0,0,1,0,0,0,0,0,0,0,0,0,0,0,0,2,1,3
XL,First Trust Technology AlphaDEX Fund,Financial,Exchange Traded Fund,USA,,,227.18,-0.28%,43286.0,0,0,0,0,0,0,0,0,0,0,1,0,0,0,0,0,0,0,0,0,0,0,0,0,0,0,0,0,1,0,1
XN,First Trust Energy AlphaDEX Fund,Financial,Exchange Traded Fund,USA,,,23.41,2.59%,979491.0,0,0,0,0,0,0,0,-1,0,0,0,0,0,0,0,0,0,0,0,0,0,0,0,0,0,0,0,0,0,1,1
XP,ProShares UltraShort FTSE China 50,Financial,Exchange Traded Fund,USA,,,22.76,0.40%,1717.0,0,0,0,0,0,1,0,0,0,0,0,0,0,0,0,0,0,0,0,0,0,0,0,0,0,0,0,0,1,0,1
XR,First Trust Industrials/Producer Durables AlphaDEX Fund,Financial,Exchange Traded Fund,USA,,,82.69,0.53%,83720.0,0,0,0,0,0,0,0,0,0,0,1,0,0,0,0,0,0,0,0,0,0,0,0,0,0,0,0,0,1,0,1
XZ,First Trust Materials AlphaDEX Fund,Financial,Exchange Traded Fund,USA,,,76.99,0.23%,17925.0,0,0,0,0,0,0,0,0,0,0,0,0,0,0,0,0,0,1,0,0,0,0,0,0,0,0,0,0,1,0,1
YC,First Trust Small Cap Growth AlphaDEX Fund,Financial,Exchange Traded Fund,USA,,,113.82,-0.39%,81594.0,0,0,0,0,0,0,0,0,1,0,0,0,0,0,0,0,0,0,0,0,0,0,0,0,0,0,0,0,1,0,1
AA,Cambria Global Asset Allocation ETF,Financial,Exchange Traded Fund,USA,,,35.06,0.29%,10984.0,0,1,0,0,0,0,0,0,0,0,0,0,0,0,0,0,0,0,0,0,0,0,0,0,0,0,0,0,1,0,1
AB,Gabelli Equity Trust Inc,Financial,Closed-End Fund - Equity,USA,1790000000.0,,5.2,0.00%,888504.0,0,0,0,0,0,0,0,0,0,0,0,0,-1,0,0,0,0,0,0,0,0,0,0,0,0,0,0,0,0,1,1
AIA,Gaia Inc,Communication Services,Entertainment,USA,35600000.0,,1.4,0.00%,99160.0,0,0,0,0,0,0,0,0,0,0,0,0,0,0,0,0,0,0,0,0,0,0,0,1,0,0,0,0,1,0,1
ALT,Galectin Therapeutics Inc,Healthcare,Biotechnology,USA,367100000.0,,3.64,0.55%,270886.0,0,0,0,0,0,0,0,0,0,0,0,0,0,0,0,1,0,0,0,0,0,0,0,0,0,0,0,0,1,0,1
ALX,VistaShares Space Supercycle ETF,Financial,Exchange Traded Fund,USA,,,22.62,-2.27%,305.0,0,0,0,0,0,0,0,0,1,0,0,0,0,0,0,0,0,0,0,0,0,0,0,0,0,0,0,0,1,0,1
AME,GameSquare Holdings Inc,Communication Services,Electronic Gaming & Multimedia,USA,41020000.0,,3.14,2.28%,122934.0,0,0,0,0,0,1,0,0,0,0,1,1,0,0,0,1,0,0,0,0,0,0,0,0,0,0,0,0,4,0,4
ANX,Gain Therapeutics Inc,Healthcare,Biotechnology,USA,70480000.0,,1.62,-3.29%,361863.0,0,1,0,0,0,0,0,0,0,0,0,0,-1,0,0,0,0,0,0,0,0,0,0,0,0,0,0,0,1,1,2
AP,Gap Inc,Consumer Cyclical,Apparel Retail,USA,8210000000.000001,6.98,23.36,-1.06%,5198380.0,0,0,0,0,0,0,0,0,0,0,0,0,0,0,0,1,0,0,0,0,0,0,0,0,0,0,0,0,1,0,1
APR,FT Vest U.S. Equity Moderate Buffer ETF - April,Financial,Exchange Traded Fund,USA,,,42.84,-0.20%,9380.0,0,0,0,0,0,0,0,-1,0,0,0,0,0,0,0,0,0,0,0,0,0,0,0,0,0,0,0,0,0,1,1
ARY,Mango Growth ETF,Financial,Exchange Traded Fund,USA,,,28.33,-1.20%,14927.0,0,0,0,0,0,0,0,0,0,0,1,0,0,0,0,0,0,0,0,0,0,0,0,0,0,0,0,0,1,0,1
ASZ,Corgi Natural Gas Power & Turbines ETF,Financial,Exchange Traded Fund,USA,,,21.86,-0.11%,1032.0,0,0,0,0,0,1,0,0,1,1,0,0,0,0,0,0,0,0,0,0,0,0,0,0,0,0,0,0,3,0,3
ATX,GATX Corp,Industrials,Rental & Leasing Services,USA,5750000000.0,16.13,162.78,-0.34%,219195.0,0,0,0,0,0,0,0,0,0,0,0,0,-1,0,0,0,0,0,0,0,0,0,0,0,0,0,0,0,0,1,1
AU,Galiano Gold Inc,Basic Materials,Gold,Canada,549340000.0,7.96,2.1,7.69%,4171617.0,0,0,0,0,0,0,0,0,1,0,0,0,0,0,0,0,0,0,0,0,0,0,0,0,0,0,0,0,1,0,1
AUG,FT Vest U.S. Equity Moderate Buffer ETF - August,Financial,Exchange Traded Fund,USA,,,42.45,-0.21%,23140.0,0,0,0,0,0,0,0,0,0,0,1,0,0,0,0,0,0,0,0,0,0,0,0,0,0,0,0,0,1,0,1
BIL,Goldman Sachs Access Treasury 0-1 Year ETF,Financial,Exchange Traded Fund,USA,,,99.91,-0.01%,486801.0,0,1,0,-1,0,0,0,0,0,0,1,1,0,0,0,0,0,0,0,0,0,0,0,0,0,0,0,0,3,1,4
BND,Goldman Sachs Core Bond ETF,Financial,Exchange Traded Fund,USA,,,48.07,0.33%,29647.0,0,1,0,0,0,0,0,0,0,0,0,0,0,0,0,0,0,0,0,0,0,0,0,0,0,0,0,0,1,0,1
BR,New Concept Energy Inc,Real Estate,Real Estate Services,USA,3680000.0,,0.72,-2.56%,10436.0,0,0,0,0,0,0,0,0,1,0,0,0,0,0,0,0,0,0,0,0,0,0,0,0,0,0,0,0,1,0,1
CGR,General Catalyst Global Resilience Merger Corp,Financial,Shell Companies,USA,466620000.0,,10.08,-0.22%,10.0,0,0,0,0,0,0,0,-1,0,0,0,0,0,0,0,0,0,0,0,0,0,0,0,0,0,0,0,0,0,1,1
CL,GCL Global Holdings Ltd,Communication Services,Electronic Gaming & Multimedia,Singapore,99700000.0,,0.78,-1.07%,25273.0,0,1,0,0,0,0,0,0,0,0,1,0,0,0,0,0,0,0,0,0,0,0,0,0,0,0,0,0,2,0,2
COW,Pacer Global Cash Cows Dividend ETF,Financial,Exchange Traded Fund,USA,,,45.13,1.05%,277218.0,0,0,0,0,0,0,0,0,0,0,1,0,0,0,0,0,0,0,0,0,0,0,0,0,0,0,0,0,1,0,1
CSH,Guggenheim Ultra Short Income ETF,Financial,Exchange Traded Fund,USA,,,49.84,0.03%,16277.0,0,0,0,0,0,0,0,0,1,1,0,0,0,0,0,0,0,0,0,0,0,0,0,0,0,0,0,0,2,0,2
CTS,GCT Semiconductor Holding Inc,Technology,Semiconductors,USA,193140000.0,,2.1,1.94%,1218815.0,0,0,0,0,0,0,0,0,0,0,0,0,-1,0,0,0,0,0,0,0,0,0,0,0,0,0,0,0,0,1,1
DDY,Godaddy Inc,Technology,Software - Infrastructure,USA,13070000000.0,15.3,103.19,6.15%,1833916.0,0,0,0,0,0,0,0,0,0,0,1,0,0,0,0,0,0,0,0,0,0,0,0,0,0,0,0,0,1,0,1
DO,Western Asset Global Corporate Defined Opportunity Fund Inc,Financial,Closed-End Fund - Debt,USA,72110000.0,,9.59,0.63%,14907.0,0,0,0,0,0,0,0,0,1,0,0,0,0,0,0,0,0,0,0,0,0,0,0,0,0,0,0,0,1,0,1
DTC,CytoMed Therapeutics Ltd,Healthcare,Biotechnology,Singapore,11180000.0,,0.94,-3.58%,23216.0,0,0,0,0,0,0,0,0,0,0,0,0,0,0,0,1,0,0,0,0,0,0,0,0,0,0,0,0,1,0,1
DYN,Grid Dynamics Holdings Inc,Technology,Information Technology Services,USA,649820000.0,234.21,8.01,4.43%,1028943.0,0,0,0,0,0,0,0,0,0,0,0,0,0,0,0,0,0,0,0,0,0,0,0,1,0,0,0,0,1,0,1
EL,Genesis Energy LP,Energy,Oil & Gas Midstream,USA,1750000000.0,71.41,14.34,0.14%,215541.0,0,0,0,0,0,0,0,0,0,0,0,0,-1,0,0,0,0,0,0,0,0,0,0,1,0,0,0,0,1,1,2
ELS,Gelteq Ltd,Healthcare,Drug Manufacturers - Specialty & Generic,Australia,5880000.0,,0.55,-2.02%,18618.0,0,0,0,0,0,0,0,0,0,0,0,0,0,0,0,1,0,0,0,0,0,0,0,0,0,0,0,0,1,0,1
EMI,Gemini Space Station Inc,Financial,Capital Markets,USA,579550000.0,,4.47,-0.45%,1883669.0,0,0,0,0,0,0,0,0,0,0,0,0,0,0,0,0,0,0,0,0,0,0,0,0,0,1,0,0,1,0,1
END,Genter Capital Dividend Income ETF,Financial,Exchange Traded Fund,USA,,,12.93,1.04%,8869.0,0,0,0,0,0,1,0,-1,0,0,0,0,0,0,0,0,0,1,0,0,0,0,0,0,0,0,0,0,2,1,3
EO,Geo Group Inc,Industrials,Security & Protection Services,USA,4070000000.0000005,14.61,30.96,1.44%,3991617.0,0,0,0,0,0,0,0,0,0,0,0,0,0,0,0,0,0,0,0,0,1,0,0,0,-1,0,0,0,1,1,2
EV,GE Vernova Inc,Industrials,Specialty Industrial Machinery,USA,266160000000.00003,28.61,999.35,0.23%,2348632.0,0,1,0,0,0,0,0,0,0,0,0,0,0,0,0,0,0,0,0,0,0,0,0,0,0,0,0,0,1,0,1
EVC,Corgi GEV 2x Daily ETF,Financial,Exchange Traded Fund,USA,,,19.71,-0.16%,13.0,0,0,0,0,0,0,0,0,1,1,0,0,0,0,0,0,0,0,0,0,0,0,0,0,0,0,0,0,2,0,2
EVG,Leverage Shares 2X Long GEV Daily ETF,Financial,Exchange Traded Fund,USA,,,23.86,-0.15%,25772.0,0,0,0,0,0,0,0,0,1,0,0,0,0,0,0,0,0,0,0,0,0,0,0,0,0,0,0,0,1,0,1
EVX,Tradr 2X Long GEV Daily ETF,Financial,Exchange Traded Fund,USA,,,18.95,0.16%,616636.0,0,0,0,0,0,0,0,0,1,1,0,0,0,0,0,0,0,0,0,0,0,0,0,0,0,0,0,0,2,0,2
FL,GFL Environmental Inc,Industrials,Waste Management,USA,18460000000.0,,42.33,0.69%,2569635.0,0,1,0,-1,0,0,0,0,0,0,0,0,0,0,0,0,0,0,0,0,0,0,0,0,0,0,0,0,1,1,2
FUZ,General Fusion Group Ltd,Industrials,Specialty Industrial Machinery,Canada,462780000.0,,8.71,14.61%,673477.0,0,0,0,0,0,0,0,0,1,0,0,0,0,0,0,0,0,0,0,0,0,0,0,0,0,0,0,0,1,0,1
GB,Gerdau SA ADR,Basic Materials,Steel,Brazil,6100000000.0,22.42,4.92,-1.99%,16238963.0,0,0,0,0,0,1,0,-1,0,0,0,0,0,0,0,0,0,0,0,0,0,0,0,0,0,0,0,0,1,1,2
GLL,Direxion Daily GOOGL Bull 2X ETF,Financial,Exchange Traded Fund,USA,,,101.59,-1.32%,1728220.0,0,0,0,0,0,0,0,0,0,0,0,0,0,0,0,1,0,0,0,0,0,0,0,0,0,0,0,0,1,0,1
HG,GreenTree Hospitality Group Ltd ADR,Consumer Cyclical,Lodging,China,63480000.0,16.24,0.96,1.02%,82708.0,0,0,0,0,0,0,0,0,0,0,0,0,0,0,0,0,0,0,0,-1,0,0,0,0,0,0,0,0,0,1,1
HI,Greystone Housing Impact Investors LP,Financial,Mortgage Finance,USA,118660000.0,,5.1,-5.73%,84680.0,0,0,0,0,0,0,0,0,0,0,0,0,0,0,0,0,0,0,0,0,0,0,0,0,0,1,0,0,1,0,1
HY,PGIM Global High Yield Fund Inc,Financial,Closed-End Fund - Debt,USA,444840000.0,,10.86,-0.37%,128278.0,0,0,0,0,0,0,0,0,1,0,0,0,0,0,0,0,0,0,0,0,0,0,0,0,0,0,0,0,1,0,1
HYB,Goldman Sachs Access High Yield Corporate Bond ETF,Financial,Exchange Traded Fund,USA,,,43.12,-0.21%,11390.0,0,0,0,-1,0,0,0,0,0,0,0,0,0,0,0,0,0,0,0,0,0,0,0,0,0,0,0,0,0,1,1
IGM,Gigamedia,Communication Services,Electronic Gaming & Multimedia,Taiwan,15250000.0,,1.38,0.73%,1326.0,0,1,0,0,0,1,0,0,0,0,0,0,-1,0,0,0,0,0,0,0,1,1,0,0,0,1,0,0,5,1,6
INN,Goldman Sachs Innovate Equity ETF,Financial,Exchange Traded Fund,USA,,,80.96,-0.64%,270.0,0,0,0,0,0,0,0,0,0,0,0,0,0,0,0,0,0,0,0,0,0,0,-1,0,0,0,0,0,0,1,1
IPR,Generation Income Properties Inc,Real Estate,REIT - Diversified,USA,1400000.0,,0.46,-6.96%,2034462.0,0,0,0,0,0,0,0,0,1,0,0,0,0,0,0,0,0,0,0,0,0,0,0,0,0,0,0,0,1,0,1
ITS,Global Interactive Technologies Inc,Communication Services,Internet Content & Information,South Korea,6720000.0,,1.6,-5.33%,17522.0,0,0,0,0,0,0,0,0,0,0,0,0,-1,-1,0,0,0,0,0,0,0,0,0,0,0,0,0,0,0,2,2
JAN,FT Vest U.S. Equity Moderate Buffer ETF - January,Financial,Exchange Traded Fund,USA,,,46.32,-0.23%,7166.0,0,0,0,-1,0,0,0,-1,0,0,0,0,0,0,0,0,0,1,0,0,0,0,0,0,0,0,0,0,1,2,3
JUL,FT Vest U.S. Equity Moderate Buffer ETF - July,Financial,Exchange Traded Fund,USA,,,44.91,-0.08%,3442.0,0,0,0,0,0,0,0,-1,0,0,1,0,0,0,0,0,0,0,0,0,0,0,0,0,0,0,0,0,1,1,2
JUN,FT Vest U.S. Equity Moderate Buffer ETF - June,Financial,Exchange Traded Fund,USA,,,42.25,-0.28%,2257.0,0,0,0,0,0,0,0,-1,0,0,0,0,0,0,0,0,0,0,0,0,0,0,0,0,0,0,0,0,0,1,1
K,AdvisorShares Gerber Kawasaki ETF,Financial,Exchange Traded Fund,USA,,,29.36,-1.39%,218.0,0,0,0,0,0,0,0,0,0,0,1,1,0,0,0,0,0,0,0,0,0,0,0,0,-1,0,0,0,2,1,3
LAD,Gladstone Capital Corp,Financial,Asset Management,USA,429040000.0,10.09,18.99,1.44%,181577.0,0,1,0,0,0,0,0,0,0,0,0,0,0,0,0,0,0,1,0,0,0,0,0,0,0,0,0,0,2,0,2
LAM,"Corgi Beauty, Skincare & Aesthetics ETF",Financial,Exchange Traded Fund,USA,,,28.11,0.13%,278.0,0,0,0,0,0,0,0,0,0,0,0,0,0,0,0,0,0,0,0,0,0,0,-1,0,0,0,0,0,0,1,1
LBS,Globus Maritime Ltd,Industrials,Marine Shipping,Greece,75540000.0,11.16,3.5,3.55%,74161.0,0,0,0,0,0,0,0,-1,0,0,0,0,0,0,0,0,0,0,0,0,0,0,0,0,0,0,0,0,0,1,1
LDG,GoldMining Inc,Basic Materials,Gold,Canada,192460000.0,,0.9,4.17%,283129.0,0,0,0,0,0,0,0,0,1,0,0,0,0,0,0,0,0,0,0,0,0,0,0,0,0,0,0,0,1,0,1
LDW,Roundhill Gold WeeklyPay ETF,Financial,Exchange Traded Fund,USA,,,38.86,0.90%,8909.0,0,0,0,0,0,0,0,0,1,0,0,0,0,0,0,0,0,0,0,0,0,0,0,0,0,0,0,0,1,0,1
LE,Global Engine Group Holding Ltd,Technology,Information Technology Services,Hong Kong,7850000.0,,4.29,7.33%,53541.0,0,0,0,-1,0,1,0,0,0,0,0,0,0,0,0,1,0,0,0,0,0,0,0,0,0,0,0,0,2,1,3
LGG,Leverage Shares 2X Long GLXY Daily ETF,Financial,Exchange Traded Fund,USA,,,3.19,-11.88%,232025.0,0,0,0,0,0,0,0,0,0,0,0,0,-1,0,0,0,0,0,0,0,0,0,0,0,0,0,0,0,0,1,1
LIN,VanEck India Growth Leaders ETF,Financial,Exchange Traded Fund,USA,,,42.09,-1.01%,6254.0,0,0,0,0,0,0,0,0,0,0,0,0,-1,0,0,0,0,0,0,0,0,0,0,0,0,0,0,0,0,1,1
LOB,Globant SA,Technology,Information Technology Services,Luxembourg,1600000000.0,14.55,37.05,4.40%,840557.0,0,0,0,-1,0,0,0,0,0,0,0,0,0,0,0,1,0,0,0,0,0,0,0,0,0,0,0,0,1,1,2
LOO,Gloo Holdings Inc,Technology,Software - Application,USA,349650000.0,,3.82,-4.02%,473821.0,0,1,0,0,0,0,0,0,1,0,0,0,0,0,0,0,0,0,0,0,0,0,0,0,0,0,0,0,2,0,2
LOW,VictoryShares WestEnd Global Equity ETF,Financial,Exchange Traded Fund,USA,,,34.51,-0.47%,21876.0,0,0,0,-1,0,0,0,0,0,0,0,0,0,0,0,0,0,0,0,0,0,0,0,0,0,0,0,0,0,1,1
LPI,Gaming and Leisure Properties Inc,Real Estate,REIT - Specialty,USA,11130000000.0,11.22,38.26,1.27%,3254693.0,0,0,0,0,0,1,0,0,1,1,0,0,0,0,0,0,0,0,0,0,0,0,0,0,0,0,0,0,3,0,3
LRY,Inspire Growth ETF,Financial,Exchange Traded Fund,USA,,,38.11,-0.65%,31762.0,0,0,0,0,0,0,0,0,0,0,0,0,0,0,0,0,0,0,0,0,0,0,0,0,0,0,-1,0,0,1,1
LSI,Greenwich LifeSciences Inc,Healthcare,Biotechnology,USA,222230000.0,,15.14,-1.62%,129099.0,0,1,0,0,0,0,0,0,0,0,0,0,0,0,0,0,0,0,0,0,0,0,0,0,0,0,0,0,1,0,1
LUE,Monte Rosa Therapeutics Inc,Healthcare,Biotechnology,USA,880440000.0,,10.32,1.47%,1886607.0,0,0,0,0,0,0,0,0,0,0,1,0,0,0,0,0,0,0,0,0,0,0,0,0,0,0,0,0,1,0,1
LXU,T-REX 2X Long GLXY Daily Target ETF,Financial,Exchange Traded Fund,USA,,,3.71,-12.50%,268242.0,0,0,0,0,0,0,0,0,0,0,0,0,-1,0,0,0,0,0,0,0,0,0,0,0,0,0,0,0,0,1,1
MAY,FT Vest U.S. Equity Moderate Buffer ETF - May,Financial,Exchange Traded Fund,USA,,,44.26,-0.16%,10951.0,0,0,0,0,0,1,0,0,0,0,1,0,0,0,0,0,0,1,0,0,0,0,0,0,-1,0,0,0,3,1,4
MED,Globus Medical Inc,Healthcare,Medical Devices,USA,9850000000.0,18.75,73.33,-0.57%,1888280.0,0,0,0,0,0,0,0,0,1,0,0,0,0,0,0,0,0,0,0,0,0,0,0,0,0,0,0,0,1,0,1
MF,State Street SPDR S&P Emerging Asia Pacific ETF,Financial,Exchange Traded Fund,USA,,,154.6,-1.69%,1111.0,0,0,0,0,0,0,0,0,0,0,1,1,0,0,0,0,0,0,0,0,0,0,0,0,-1,0,0,0,2,1,3
MHS,Gamehaus Holdings Inc,Communication Services,Electronic Gaming & Multimedia,China,33509999.999999996,6.86,0.59,-3.85%,23529.0,0,0,0,0,0,1,0,0,1,0,0,0,0,0,0,0,0,0,0,0,0,0,0,0,0,0,0,0,2,0,2
MM,Global Mofy AI Ltd,Technology,Information Technology Services,China,17120000.0,,1.75,0.86%,9048.0,0,1,0,0,0,0,0,0,0,0,0,0,0,0,0,0,0,0,0,0,0,0,0,0,0,0,0,0,1,0,1
MMA,GammaRoad Market Navigation ETF,Financial,Exchange Traded Fund,USA,,,22.06,-0.32%,110.0,0,0,0,0,0,0,0,-1,0,0,0,0,0,0,0,0,0,0,0,0,0,0,0,0,0,0,0,0,0,1,1
MOC,GMO Ultra-Short Income ETF,Financial,Exchange Traded Fund,USA,,,50.06,-0.03%,24034.0,0,0,0,0,0,1,0,0,0,0,0,0,0,0,0,0,0,1,0,0,0,0,0,0,0,0,0,0,2,0,2
MTL,Guardian Metal Resources Plc ADR,Basic Materials,Other Precious Metals & Mining,United Kingdom,292240000.0,,7.35,-4.92%,102725.0,0,1,0,0,0,0,0,0,0,0,0,0,0,0,0,0,0,0,0,0,0,0,0,0,0,0,0,0,1,0,1
NE,Genie Energy Ltd,Utilities,Utilities - Regulated Electric,USA,441640000.0,17.54,16.78,0.60%,60106.0,0,1,0,0,0,0,0,0,0,0,0,0,0,0,0,0,0,0,0,0,0,0,0,0,0,0,0,0,1,0,1
NL,Global Net Lease Inc,Real Estate,REIT - Diversified,USA,1840000000.0,,7.96,-0.62%,3540523.0,0,0,0,0,0,1,0,0,0,0,0,0,0,0,0,0,0,0,0,-1,0,0,0,0,0,0,0,0,1,1,2
NLN,Greenlane Holdings Inc,Consumer Defensive,Tobacco,USA,1970000.0,,2.83,-4.07%,9888.0,0,0,0,0,0,0,0,0,0,0,0,0,-1,-1,0,0,0,0,0,0,0,0,0,1,0,0,0,0,1,2,3
NMX,Corgi Genomics & Precision Medicine ETF,Financial,Exchange Traded Fund,USA,,,36.11,-0.80%,2061.0,0,0,0,0,0,1,0,-1,0,0,0,0,0,0,0,0,0,0,0,0,0,0,0,0,0,0,0,0,1,1,2
NOM,Global X Genomics & Biotechnology ETF,Financial,Exchange Traded Fund,USA,,,65.83,-1.53%,24745.0,0,0,0,-1,0,0,0,0,0,0,0,0,0,0,0,0,0,1,0,0,0,0,0,0,0,0,0,0,1,1,2
NRC,Generac Holdings Inc,Industrials,Specialty Industrial Machinery,USA,13250000000.0,51.73,224.4,1.38%,1761871.0,0,0,0,0,0,0,0,0,0,0,0,0,-1,0,0,0,0,0,0,0,0,0,0,0,0,0,0,0,0,1,1
NSS,Genasys Inc,Technology,Scientific & Technical Instruments,USA,63990000.0,,1.4,-2.43%,152694.0,0,0,0,0,0,1,0,0,0,0,0,0,0,0,0,0,0,0,0,-1,0,0,0,0,0,0,0,0,1,1,2
NT,"GAMCO Natural Resources, Gold & Income Trust",Financial,Closed-End Fund - Equity,USA,142730000.0,,8.49,1.07%,42230.0,0,0,0,0,0,1,0,0,0,0,0,0,0,0,0,0,0,0,0,0,0,0,0,0,0,0,0,0,1,0,1
OLD,Gold.com Inc,Financial,Capital Markets,USA,1210000000.0,14.26,41.66,2.41%,393598.0,0,1,0,0,0,1,0,0,0,0,0,0,-1,0,0,0,0,0,0,0,0,0,0,0,0,0,0,0,2,1,3
OOD,Gladstone Commercial Corp,Real Estate,REIT - Diversified,USA,619970000.0,50.74,12.71,0.63%,487974.0,0,0,0,-1,0,0,0,-1,0,0,0,0,0,0,0,0,0,0,0,0,0,0,0,0,0,0,0,0,0,2,2
OOGL,Alphabet Inc,Communication Services,Internet Content & Information,USA,4242399999999.9995,17.5,348.29,-0.63%,23511137.0,0,0,0,0,0,0,0,0,0,0,0,0,0,0,0,1,0,0,0,0,0,0,0,0,0,0,0,0,1,0,1
OOY,YieldMax GOOGL Option Income Strategy ETF,Financial,Exchange Traded Fund,USA,,,12.08,-0.74%,212836.0,0,0,0,0,0,0,0,0,1,1,0,0,0,0,0,0,0,0,0,0,0,0,0,0,0,0,0,0,2,0,2
OP,Subversive Congressional Republicans Trading ETF,Financial,Exchange Traded Fund,USA,,,44.97,-0.67%,5262.0,0,0,0,0,0,0,0,0,0,0,0,0,0,0,0,0,0,1,0,0,0,0,0,0,0,0,0,0,1,0,1
ORO,Goldgroup Mining Inc,Basic Materials,Gold,Canada,432720000.0,,3.19,-2.74%,1622034.0,0,0,0,0,0,0,0,0,1,0,0,0,0,0,0,0,0,0,0,0,0,0,0,0,0,0,0,0,1,0,1
OU,GraniteShares 2x Long GOOGL Daily ETF,Financial,Exchange Traded Fund,USA,,,25.62,-1.61%,182628.0,0,0,0,0,0,0,0,0,0,0,0,0,0,0,0,1,0,0,0,0,0,0,0,0,0,0,0,0,1,0,1
OVZ,iShares 25+ Year Treasury STRIPS Bond ETF,Financial,Exchange Traded Fund,USA,,,30.93,1.84%,2228023.0,0,0,0,0,0,0,0,0,1,0,0,0,0,0,0,0,0,0,0,0,0,0,0,0,0,0,0,0,1,0,1
PGI,GPGI Inc,Industrials,Metal Fabrication,USA,3590000000.0,,12.4,-3.13%,1634319.0,0,0,0,-1,0,0,0,0,1,1,0,0,0,0,0,0,0,0,0,0,0,0,0,0,0,0,0,0,2,1,3
PI,Group 1 Automotive Inc,Consumer Cyclical,Auto & Truck Dealerships,USA,2820000000.0,9.87,236.61,1.72%,286369.0,0,0,0,0,0,0,0,0,1,0,0,0,0,0,0,0,0,0,0,0,0,0,0,0,0,0,0,0,1,0,1
PK,Graphic Packaging Holding Co,Consumer Cyclical,Packaging & Containers,USA,2540000000.0,13.16,8.58,0.70%,8017956.0,0,0,0,0,0,0,0,-1,0,0,0,0,0,0,0,0,0,0,0,0,0,0,0,0,0,0,0,0,0,1,1
PMT,Granite Point Mortgage Trust Inc,Real Estate,REIT - Mortgage,USA,34600000.0,,7.18,-2.58%,29859.0,0,0,0,0,0,0,0,0,1,0,0,0,0,0,0,0,0,0,0,0,0,0,0,0,0,0,0,0,1,0,1
POR,Gulfport Energy Corp,Energy,Oil & Gas E&P,USA,2910000000.0,6.58,164.64,1.60%,436030.0,0,0,0,0,0,0,0,0,0,0,0,0,0,0,0,0,0,0,0,0,0,0,0,1,0,0,0,0,1,0,1
PRE,Green Plains Inc,Basic Materials,Chemicals,USA,1060000000.0,9.77,15.06,-1.83%,1433531.0,0,0,0,0,0,0,0,0,1,0,0,0,0,0,0,0,0,0,0,0,0,0,0,0,0,0,0,0,1,0,1
PRO,GoPro Inc,Technology,Consumer Electronics,USA,220820000.0,,1.18,-3.28%,11624995.0,0,0,0,0,0,0,0,0,0,0,0,0,0,0,0,0,0,0,0,0,1,0,-1,0,0,0,0,0,1,1,2
PT,Intelligent Alpha Atlas ETF,Financial,Exchange Traded Fund,USA,,,34.62,-0.66%,1074.0,0,1,0,0,0,0,0,-1,0,0,0,0,0,0,0,0,0,0,0,0,0,0,0,0,0,0,0,0,1,1,2
QGU,GQG US Equity ETF,Financial,Exchange Traded Fund,USA,,,26.57,-1.48%,856047.0,0,0,0,0,0,0,0,0,0,0,0,0,0,0,0,1,0,0,0,0,0,0,0,0,0,0,0,0,1,0,1
QI,Natixis Gateway Quality Income ETF,Financial,Exchange Traded Fund,USA,,,61.13,-0.02%,16077.0,0,0,0,-1,0,0,0,-1,0,0,0,0,0,0,0,0,0,0,0,0,0,0,0,0,0,0,0,0,0,2,2
QQQ,Astoria US Quality Growth Kings ETF,Financial,Exchange Traded Fund,USA,,,36.49,-0.95%,22204.0,0,0,0,0,0,0,0,0,0,0,1,0,0,0,0,0,0,0,0,0,0,0,0,0,0,0,0,0,1,0,1
RAB,Grab Holdings Limited,Technology,Software - Application,Singapore,12680000000.0,22.45,3.11,0.97%,65583972.0,0,0,0,-1,0,0,0,0,0,0,0,0,0,0,0,0,0,0,0,-1,0,0,0,0,0,0,0,0,0,2,2
RAG,Leverage Shares 2X Long GRAB Daily ETF,Financial,Exchange Traded Fund,USA,,,4.34,2.12%,62480.0,0,0,0,0,0,0,0,0,0,0,0,0,0,0,0,0,0,0,0,-1,0,0,0,0,0,0,0,0,0,1,1
RC,Gorman-Rupp Co,Industrials,Specialty Industrial Machinery,USA,1930000000.0,30.86,73.04,-1.58%,137447.0,0,0,0,0,0,0,0,0,1,0,0,0,0,0,0,0,0,0,0,0,0,0,0,0,0,0,0,0,1,0,1
RF,Eagle Capital Growth Fund Inc,Financial,Closed-End Fund - Equity,USA,39080000.0,,9.85,0.10%,323.0,0,0,0,0,0,0,0,0,0,0,0,0,0,0,0,1,0,0,0,0,0,0,0,0,0,0,0,0,1,0,1
RID,First Trust Clean Edge Smart Grid,Financial,Exchange Traded Fund,USA,,,178.26,-0.85%,624608.0,0,0,0,0,0,0,0,0,0,0,0,0,0,0,0,1,0,0,0,0,0,0,0,0,0,0,0,0,1,0,1
RIN,VictoryShares International Free Cash Flow Growth ETF,Financial,Exchange Traded Fund,USA,,,32.29,-0.76%,9048.0,0,0,0,0,0,0,0,0,0,0,1,0,0,0,0,0,0,0,0,0,0,0,-1,0,0,0,0,0,1,1,2
RNI,Fundstrat Granny Shots US Large Cap & Income ETF,Financial,Exchange Traded Fund,USA,,,21.16,-0.89%,29091.0,0,1,0,-1,0,0,0,-1,0,0,0,0,0,0,0,0,0,0,0,0,0,0,0,0,0,0,0,0,1,2,3
RNJ,Fundstrat Granny Shots US Small & Mid-Cap ETF,Financial,Exchange Traded Fund,USA,,,29.5,-1.73%,143049.0,0,0,0,0,0,0,0,0,0,0,0,0,0,0,0,1,0,0,0,0,0,0,0,0,0,0,0,0,1,0,1
RNT,Granite Ridge Resources Inc,Energy,Oil & Gas E&P,USA,633120000.0,,4.8,4.58%,1688876.0,0,0,0,0,0,0,0,0,0,0,0,0,-1,0,0,0,0,0,0,0,0,0,0,0,0,0,0,0,0,1,1
RNY,Fundstrat Granny Shots US Large Cap ETF,Financial,Exchange Traded Fund,USA,,,28.24,-0.98%,1277493.0,0,0,0,0,0,0,0,-1,0,0,0,0,0,0,0,0,0,0,0,0,0,0,0,0,0,0,0,0,0,1,1
RO,Brazil Potash Corp,Basic Materials,Other Industrial Metals & Mining,Canada,132560000.0,,2.14,-2.28%,153339.0,0,0,0,0,0,0,0,0,1,0,0,0,0,0,0,0,0,0,0,0,0,0,0,0,0,0,0,0,1,0,1
RPN,Groupon Inc,Communication Services,Internet Content & Information,USA,777520000.0,,19.12,3.74%,881572.0,0,0,0,0,0,0,0,0,0,0,0,0,0,0,0,0,0,0,0,0,0,0,0,0,0,0,-1,0,0,1,1
RRR,Gorilla Technology Group Inc,Technology,Software - Infrastructure,United Kingdom,328460000.0,,11.94,1.53%,1759993.0,0,0,0,0,0,0,0,0,1,0,0,0,0,0,0,0,0,0,0,0,0,0,0,0,0,0,-1,0,1,1,2
RSD,Grandstand Ltd,Consumer Cyclical,Gambling,United Kingdom,53340000.0,,1.52,2.01%,129381.0,0,0,0,0,0,0,0,0,1,0,0,0,0,0,0,0,0,0,0,0,0,0,0,0,0,0,0,0,1,0,1
SC,Goldman Sachs Small Cap Equity ETF,Financial,Exchange Traded Fund,USA,,,61.87,-0.10%,35341.0,0,0,0,0,0,0,0,0,1,0,0,0,0,0,0,0,0,0,0,0,0,0,0,0,0,0,0,0,1,0,1
SIB,Themes Global Systemically Important Banks ETF,Financial,Exchange Traded Fund,USA,,,60.45,-0.08%,14404.0,0,0,0,0,0,0,0,-1,0,0,0,0,0,0,0,0,0,0,0,0,0,0,0,0,0,0,0,0,0,1,1
SK,GSK Plc ADR,Healthcare,Drug Manufacturers - General,United Kingdom,93240000000.0,14.66,46.54,-1.02%,7730535.0,0,0,0,-1,0,0,0,0,1,1,0,0,0,0,0,0,0,0,0,0,0,0,0,0,0,0,0,0,2,1,3
SKH,GSK plc ADRhedged,Financial,Exchange Traded Fund,USA,,,66.35,-1.12%,512.0,0,0,0,0,0,0,0,0,0,0,0,0,-1,0,0,0,0,0,0,0,0,0,0,0,0,0,0,0,0,1,1
SM,Ferroglobe Plc,Basic Materials,Other Industrial Metals & Mining,United Kingdom,782950000.0,,4.19,-3.01%,1076263.0,0,0,0,0,0,0,0,0,0,0,0,0,0,0,0,0,0,0,0,0,0,0,0,0,0,0,0,1,1,0,1
SPY,Gotham Enhanced 500 ETF,Financial,Exchange Traded Fund,USA,,,42.87,-0.31%,952.0,0,0,0,0,0,0,0,0,0,0,1,0,0,0,0,0,0,0,0,0,0,0,0,0,-1,0,0,0,1,1,2
SST,Goldman Sachs Ultra Short Bond ETF,Financial,Exchange Traded Fund,USA,,,50.34,-0.02%,223874.0,0,1,0,0,0,0,0,0,0,0,0,0,0,0,0,0,0,0,0,0,0,0,0,0,0,0,0,0,1,0,1
SUI,Grayscale Sui Staking ETF,Financial,Exchange Traded Fund,USA,,,15.08,-6.68%,108310.0,0,0,0,0,0,0,0,0,0,0,0,0,0,0,0,0,0,0,0,0,0,0,0,0,0,1,0,0,1,0,1
SUS,Goldman Sachs MarketBeta U.S. Equity ETF,Financial,Exchange Traded Fund,USA,,,107.06,-0.50%,111322.0,0,1,0,0,0,0,0,0,0,0,0,0,0,0,0,0,0,0,0,0,0,0,0,0,0,0,0,0,1,0,1
SWO,Goldman Sachs ActiveBeta World Equity ETF,Financial,Exchange Traded Fund,USA,,,65.16,-0.41%,39084.0,0,0,0,0,0,0,0,0,0,0,0,0,0,0,0,0,0,0,0,0,0,0,0,0,-1,0,0,0,0,1,1
SY,Invesco Ultra Short Duration ETF,Financial,Exchange Traded Fund,USA,,,50.02,0.00%,831049.0,0,1,0,0,0,0,0,0,0,0,0,0,0,0,0,0,0,0,0,0,0,0,0,0,0,0,0,0,1,0,1
TEC,Greenland Technologies Holding Corp,Consumer Cyclical,Auto Parts,USA,20520000.0,1.29,0.77,-2.49%,345433.0,0,0,0,0,0,0,0,0,0,0,0,0,-1,0,0,0,0,0,0,0,0,0,0,0,0,0,0,0,0,1,1
TEK,Goldman Sachs Future Tech Leaders Equity ETF,Financial,Exchange Traded Fund,USA,,,59.56,-2.14%,5356.0,0,0,0,0,0,0,0,0,0,0,1,0,0,0,0,0,0,0,0,0,0,0,-1,0,0,0,0,0,1,1,2
TES,Gates Industrial Corp Ltd,Industrials,Specialty Industrial Machinery,USA,6770000000.0,18.94,26.74,-2.44%,2234466.0,0,0,0,0,0,0,0,0,0,0,0,0,-1,0,0,0,0,0,0,0,0,0,0,0,0,0,0,0,0,1,1
TIP,Goldman Sachs Access Inflation Protected USD Bond ETF,Financial,Exchange Traded Fund,USA,,,46.48,0.30%,33325.0,0,1,0,0,0,0,0,0,0,0,0,0,0,0,0,0,0,0,0,0,0,0,0,0,0,0,0,0,1,0,1
TM,ZoomInfo Technologies Inc,Technology,Software - Application,USA,1110000000.0,,3.83,3.65%,5889436.0,0,0,0,0,0,0,0,0,0,0,1,0,0,0,0,0,0,0,0,0,0,0,0,0,0,0,0,0,1,0,1
TOC,Invesco Core Fixed Income ETF,Financial,Exchange Traded Fund,USA,,,23.97,0.17%,2973.0,0,0,0,0,0,0,0,0,1,1,0,0,0,0,0,0,0,0,0,0,0,0,0,0,0,0,0,0,2,0,2
TOH,Invesco Short Duration High Yield ETF,Financial,Exchange Traded Fund,USA,,,24.73,-0.08%,604.0,0,0,0,-1,0,0,0,0,0,0,0,0,0,0,0,0,0,0,0,0,0,0,0,0,0,0,0,0,0,1,1
TR,WisdomTree Target Range Fund,Financial,Exchange Traded Fund,USA,,,27.37,-0.29%,4694.0,0,0,0,-1,0,0,0,0,0,0,0,0,0,0,0,0,0,0,0,0,0,0,0,0,0,0,0,0,0,1,1
TY,Getty Realty Corp,Real Estate,REIT - Retail,USA,1730000000.0,17.05,27.9,1.27%,784343.0,0,0,0,0,0,0,0,0,0,0,0,0,0,0,0,0,0,0,0,0,0,0,0,0,0,0,-1,0,0,1,1
UMI,Goldman Sachs Ultra Short Municipal Income ETF,Financial,Exchange Traded Fund,USA,,,50.13,0.10%,16890.0,0,1,0,0,0,0,0,0,0,0,0,0,0,0,0,0,0,0,0,0,0,0,0,0,0,0,0,0,1,0,1
URE,Gulf Resources Inc,Basic Materials,Chemicals,China,5260000.0,,2.9,0.35%,2411.0,0,0,0,0,0,0,0,0,1,0,0,0,0,0,0,0,0,0,0,0,0,0,0,0,0,0,0,0,1,0,1
USH,Direxion Daily S&P Oil & Gas Exp. & Prod. Bull 2X ETF,Financial,Exchange Traded Fund,USA,,,46.84,5.35%,596101.0,0,0,0,0,0,0,0,0,0,0,1,0,0,0,0,0,0,0,0,0,0,0,0,0,0,0,0,0,1,0,1
VA,Granite Construction Inc,Industrials,Engineering & Construction,USA,4980000000.0,,113.83,-0.73%,488335.0,0,0,0,0,0,0,0,0,1,0,0,0,0,0,0,0,0,0,0,0,0,0,0,0,0,0,0,0,1,0,1
VAL,Cambria Global Value ETF,Financial,Exchange Traded Fund,USA,,,38.36,-0.31%,179247.0,0,0,0,0,0,0,0,-1,0,0,1,0,0,0,0,0,0,0,0,0,0,0,-1,0,0,0,0,0,1,2,3
VH,Globavend Holdings Ltd,Industrials,Integrated Freight & Logistics,Australia,4600000.0,12.17,1.07,-2.73%,66757.0,0,0,0,0,0,0,0,0,0,0,0,0,0,0,0,0,0,0,0,0,0,0,-1,0,0,0,0,0,0,1,1
VLU,Gotham 1000 Value ETF,Financial,Exchange Traded Fund,USA,,,27.56,1.40%,5119.0,0,1,0,0,0,0,0,0,0,0,0,0,0,0,0,0,0,0,0,0,0,0,0,0,0,0,0,0,1,0,1
WX,State Street SPDR S&P International Small Cap ETF,Financial,Exchange Traded Fund,USA,,,45.14,-0.75%,62269.0,0,0,0,0,0,0,0,0,0,0,1,0,0,0,0,0,0,0,0,0,0,0,0,0,-1,0,0,0,1,1,2
XAI,Gaxos.AI Inc,Communication Services,Electronic Gaming & Multimedia,USA,4680000.0,,0.42,-6.80%,169301.0,0,0,0,0,0,0,0,0,1,0,0,0,0,0,0,0,0,0,0,0,0,0,0,0,0,0,0,0,1,0,1
XIG,Global X Investment Grade Corporate Bond ETF,Financial,Exchange Traded Fund,USA,,,23.62,0.34%,397.0,0,0,0,-1,0,0,0,0,0,0,0,0,0,0,0,0,0,0,0,-1,0,0,0,0,0,0,0,0,0,2,2
XO,GXO Logistics Inc,Industrials,Integrated Freight & Logistics,USA,5320000000.0,40.88,46.36,0.80%,1255912.0,0,0,0,0,0,0,0,0,1,0,0,0,0,0,0,0,0,0,0,0,0,0,0,0,0,0,0,0,1,0,1
XPD,Global X PureCap MSCI Consumer Discretionary ETF,Financial,Exchange Traded Fund,USA,,,25.44,-0.45%,2080.0,0,0,0,0,0,0,0,0,0,0,0,0,0,0,0,1,0,0,0,0,0,0,0,0,0,0,0,0,1,0,1
XPS,Global X PureCap MSCI Consumer Staples ETF,Financial,Exchange Traded Fund,USA,,,26.77,2.18%,14825.0,0,1,0,0,0,1,0,0,0,0,0,0,-1,-1,0,0,0,0,0,0,0,0,0,0,0,0,0,0,2,2,4
XUS,Goldman Sachs MarketBeta Total International Equity ETF,Financial,Exchange Traded Fund,USA,,,61.86,-0.89%,68.0,0,0,0,0,0,0,0,-1,0,0,0,0,0,0,0,0,0,0,0,0,0,0,0,0,0,0,0,0,0,1,1
YLD,Arrow Dow Jones Global Yield ETF,Financial,Exchange Traded Fund,USA,,,13.32,0.76%,8945.0,0,0,0,0,0,0,0,0,0,0,0,0,0,0,0,0,0,0,0,0,0,0,0,0,-1,0,0,0,0,1,1
YRE,Gyre Therapeutics Inc,Healthcare,Biotechnology,USA,716790000.0,,6.76,-3.98%,82686.0,0,0,0,0,0,0,0,0,0,0,0,0,0,0,0,0,0,0,0,0,0,0,0,1,0,0,0,0,1,0,1
AIL,State Street SPDR S&P Kensho Smart Mobility ETF,Financial,Exchange Traded Fund,USA,,,33.48,-1.19%,2078.0,0,0,0,0,0,0,0,0,1,0,0,0,0,0,0,0,0,0,0,0,0,0,0,0,0,0,0,0,1,0,1
AKY,Amplify HACK Cybersecurity Covered Call ETF,Financial,Exchange Traded Fund,USA,,,32.63,-0.42%,23957.0,0,0,0,0,0,0,0,0,0,0,0,0,0,0,0,0,0,0,0,0,0,0,0,0,-1,0,0,0,0,1,1
AUS,Residential REIT ETF,Financial,Exchange Traded Fund,USA,,,16.71,0.92%,10133.0,0,0,0,0,0,0,0,0,1,0,0,0,0,0,0,0,0,0,0,0,0,0,0,0,0,0,0,0,1,0,1
AWK,HawkEye 360 Inc,Industrials,Aerospace & Defense,USA,1370000000.0,,14.0,-0.57%,1731755.0,0,0,0,0,0,0,0,0,0,0,1,0,0,0,0,0,0,0,0,0,0,0,0,0,0,0,0,0,1,0,1
AWX,iShares Currency Hedged MSCI ACWI ex U.S. ETF,Financial,Exchange Traded Fund,USA,,,45.14,-0.80%,10272.0,0,1,0,0,0,0,0,0,0,0,0,0,0,0,0,0,0,0,0,0,0,0,0,0,0,0,0,0,1,0,1
BDC,Hilton BDC Corporate Bond ETF,Financial,Exchange Traded Fund,USA,,,24.31,-0.14%,256.0,0,1,0,0,0,0,0,0,0,0,0,0,0,0,0,0,0,0,0,0,0,0,0,0,0,0,0,0,1,0,1
BNB,Hotel101 Global Holdings Corp,Real Estate,Real Estate Services,Singapore,1030000000.0,,4.41,-2.20%,3210.0,0,0,0,0,0,1,0,0,1,0,0,0,0,0,0,0,0,0,0,0,0,0,0,0,0,0,0,0,2,0,2
BNC,Horizon Bancorp Inc (IN),Financial,Banks - Regional,USA,1000000000.0,,19.5,1.14%,708164.0,0,0,0,-1,0,0,0,0,0,0,0,0,0,0,0,0,0,0,0,0,0,0,0,0,0,0,0,0,0,1,1
BT,HBT Financial Inc,Financial,Banks - Regional,USA,1290000000.0,15.28,35.53,0.00%,146668.0,0,0,0,0,0,0,0,0,0,0,0,0,-1,0,0,0,0,0,0,0,0,0,0,0,0,0,0,0,0,1,1
BTA,Horizon Expedition Plus ETF,Financial,Exchange Traded Fund,USA,,,33.17,-1.46%,17240.0,0,1,0,0,0,0,0,0,0,0,1,1,0,0,0,0,0,0,0,0,0,0,0,0,0,0,0,0,3,0,3
CC,Warrior Met Coal Inc,Basic Materials,Coking Coal,USA,4740000000.0,21.6,89.8,0.26%,597202.0,0,0,0,0,0,0,0,0,0,0,1,0,0,0,0,0,0,0,0,0,0,0,-1,0,0,0,0,0,1,1,2
CKT,Hackett Group Inc,Technology,Information Technology Services,USA,273160000.0,17.08,10.98,2.14%,208228.0,0,0,0,0,0,0,0,0,0,0,0,0,-1,0,0,0,0,0,0,0,0,0,0,0,0,0,0,0,0,1,1
CMT,Direxion HCM Tactical Enhanced US ETF,Financial,Exchange Traded Fund,USA,,,43.56,-1.89%,45279.0,0,0,0,0,0,0,0,0,0,0,1,0,0,0,0,0,0,0,0,0,0,0,0,0,0,0,0,0,1,0,1
DB,HDFC Bank Ltd ADR,Financial,Banks - Regional,India,113120000000.0,12.98,22.01,-0.59%,13688163.0,0,0,0,0,0,0,0,0,1,1,0,0,0,0,0,0,0,0,0,0,0,0,0,0,0,0,0,0,2,0,2
DG,ProShares Hedge Replication ETF,Financial,Exchange Traded Fund,USA,,,53.91,-0.24%,383.0,0,0,0,0,0,0,0,0,0,0,1,0,0,0,0,0,0,0,0,0,0,0,0,0,-1,0,0,0,1,1,2
DL,Super Hi International Holding LTD ADR,Consumer Cyclical,Restaurants,Singapore,676660000.0,65.98,11.5,-0.43%,29.0,0,0,0,0,0,0,0,0,0,0,0,0,0,0,0,0,0,0,0,-1,0,0,0,0,0,0,0,0,0,1,1
DV,iShares Core High Dividend ETF,Financial,Exchange Traded Fund,USA,,,28.82,1.91%,2927607.0,0,0,0,0,0,1,0,0,0,0,0,0,0,0,0,0,0,0,0,0,0,0,0,0,0,0,0,0,1,0,1
E,Hawaiian Electric Industries Inc,Utilities,Utilities - Regulated Electric,USA,1520000000.0,6.82,8.82,0.57%,3299816.0,0,0,0,0,0,0,0,0,1,0,0,0,0,0,0,0,0,0,0,0,0,0,0,0,0,0,0,0,1,0,1
EDG,Equable Shares Hedged Equity ETF,Financial,Exchange Traded Fund,USA,,,30.91,0.01%,48164.0,0,0,0,0,0,0,0,-1,0,0,0,0,0,0,0,0,0,0,0,0,0,0,0,0,0,0,0,0,0,1,1
EDJ,WisdomTree Europe Hedged Equity Fund,Financial,Exchange Traded Fund,USA,,,55.11,-0.51%,47819.0,0,0,0,0,0,0,0,0,0,0,0,0,-1,0,0,0,0,0,0,0,0,0,0,0,0,0,0,0,0,1,1
EFT,Hedgeye Fourth Turning ETF,Financial,Exchange Traded Fund,USA,,,26.57,0.00%,7387.0,0,0,0,0,0,0,0,0,0,0,0,0,-1,0,0,0,0,0,0,0,0,0,0,0,0,0,0,0,0,1,1
ELE,Helen of Troy Ltd,Consumer Defensive,Household & Personal Products,Bermuda,618400000.0,,26.55,3.91%,2028266.0,0,1,0,0,0,0,0,0,0,0,0,0,0,0,0,0,0,0,0,0,0,0,0,0,0,0,0,0,1,0,1
EMI,Hartford Equity Premium Income ETF,Financial,Exchange Traded Fund,USA,,,41.74,-0.58%,5143.0,0,0,0,0,0,0,0,0,0,0,0,0,-1,-1,0,0,0,0,0,0,0,0,0,0,0,0,0,0,0,2,2
EQQ,JPMorgan Nasdaq Hedged Equity Laddered Overlay ETF,Financial,Exchange Traded Fund,USA,,,62.6,-0.51%,31.0,0,0,0,0,0,0,0,-1,0,0,0,0,0,0,0,0,0,0,0,0,0,0,0,0,0,0,0,0,0,1,1
EQT,Simplify Hedged Equity ETF,Financial,Exchange Traded Fund,USA,,,34.7,-0.23%,20051.0,0,0,0,0,0,0,0,-1,0,0,0,0,0,0,0,0,0,0,0,0,0,0,0,0,0,0,0,0,0,1,1
ERO,Global X Video Games & Esports ETF,Financial,Exchange Traded Fund,USA,,,26.96,-0.69%,4685.0,0,0,0,0,0,0,0,0,0,0,1,0,0,0,0,0,0,0,0,0,0,0,0,0,0,0,0,0,1,0,1
ESM,Hess Midstream LP,Energy,Oil & Gas Midstream,USA,7010000000.0,11.73,34.0,2.94%,5290024.0,0,1,0,0,0,0,0,0,0,0,0,0,0,0,0,0,0,0,0,0,0,0,0,0,0,0,0,0,1,0,1
EWJ,iShares Currency Hedged MSCI Japan ETF,Financial,Exchange Traded Fund,USA,,,65.58,-0.86%,34126.0,0,0,0,0,0,0,0,0,0,0,1,1,0,0,0,0,0,0,0,0,0,0,0,0,-1,0,0,0,2,1,3
FFG,HF Foods Group Inc,Consumer Defensive,Food Distribution,USA,86780000.0,,1.61,0.62%,88542.0,0,0,0,0,0,0,0,0,0,0,0,0,-1,-1,0,0,0,0,0,0,0,0,0,0,0,0,0,0,0,2,2
FGO,Hartford Large Cap Growth ETF,Financial,Exchange Traded Fund,USA,,,30.51,-2.05%,4280.0,0,0,0,0,0,0,0,0,0,0,1,0,0,0,0,0,0,0,0,0,0,0,0,0,0,0,0,0,1,0,1
FMF,Unlimited HFMF Managed Futures ETF,Financial,Exchange Traded Fund,USA,,,22.46,-0.08%,10572.0,0,0,0,0,0,0,0,0,1,0,0,0,0,0,0,0,0,0,0,0,0,0,0,0,0,0,0,0,1,0,1
FRO,Highland Opportunities and Income Fund,Financial,Closed-End Fund - Debt,USA,359470000.0,,6.51,0.00%,57623.0,0,0,0,0,0,0,0,0,1,0,0,0,0,0,0,0,0,0,0,0,0,0,0,0,0,0,0,0,1,0,1
FSI,Hartford Strategic Income ETF,Financial,Exchange Traded Fund,USA,,,33.62,0.18%,877593.0,0,0,0,0,0,0,0,0,1,0,0,0,0,0,0,0,0,0,0,0,0,0,0,0,0,0,0,0,1,0,1
FSP,TradersAI Large Cap Equity & Cash ETF,Financial,Exchange Traded Fund,USA,,,13.44,0.30%,17.0,0,0,0,0,0,1,0,0,1,0,0,0,0,0,0,0,0,0,0,0,0,0,0,0,0,0,0,0,2,0,2
HH,Howard Hughes Holdings Inc,Real Estate,Real Estate - Diversified,USA,4300000000.0,14.56,71.93,0.11%,510005.0,0,0,0,0,0,0,0,0,0,0,0,0,0,0,0,0,0,0,0,0,1,0,0,0,0,0,0,0,1,0,1
IBS,Direxion Daily S&P 500 High Beta Bear 3X ETF,Financial,Exchange Traded Fund,USA,,,16.69,6.10%,157760.0,0,0,0,0,0,0,0,0,1,0,0,0,0,0,0,0,0,0,0,0,0,0,0,0,0,0,0,0,1,0,1
IDV,AB US High Dividend ETF,Financial,Exchange Traded Fund,USA,,,89.93,-0.12%,5552.0,0,0,0,0,0,0,0,0,0,0,0,0,0,0,0,0,0,0,0,0,0,0,-1,0,0,0,0,0,0,1,1
IFS,Hingham Institution For Savings,Financial,Banks - Regional,USA,633600000.0,9.68,290.61,1.63%,28930.0,0,0,0,-1,0,0,0,0,0,0,0,0,0,0,0,1,0,0,0,0,0,0,0,0,0,0,0,0,1,1,2
IGH,Simplify Enhanced Income ETF,Financial,Exchange Traded Fund,USA,,,21.15,-0.31%,12890.0,0,1,0,0,0,1,0,0,0,0,0,0,-1,0,0,0,0,0,0,0,0,0,0,0,0,1,0,0,3,1,4
II,Huntington Ingalls Industries Inc,Industrials,Aerospace & Defense,USA,10440000000.0,15.8,265.02,1.67%,449868.0,0,0,0,0,0,0,0,0,1,0,0,0,0,0,0,0,0,0,0,0,0,0,0,0,0,0,0,0,1,0,1
IMC,Corgi HIMS 2x Daily ETF,Financial,Exchange Traded Fund,USA,,,13.58,-9.91%,2455.0,0,0,0,0,0,0,0,0,1,0,0,0,0,0,0,0,0,0,0,0,0,0,0,0,0,0,0,0,1,0,1
IND,Vyome Holdings Inc,Healthcare,Biotechnology,USA,14250000.0,,2.03,-0.49%,8009.0,0,0,0,0,0,0,0,0,0,0,0,0,-1,-1,0,0,0,0,0,0,0,0,0,0,0,0,0,0,0,2,2
IO,Western Asset High Income Opportunity Fund Inc,Financial,Closed-End Fund - Debt,USA,308120000.0,,3.24,-0.61%,575869.0,0,0,0,0,0,0,0,0,1,0,0,0,0,0,0,0,0,0,0,0,0,0,0,0,0,0,0,0,1,0,1
IPS,GraniteShares HIPS US High Income ETF,Financial,Exchange Traded Fund,USA,,,10.64,0.38%,58474.0,0,0,0,0,0,0,0,0,0,0,0,0,-1,0,0,0,0,0,0,0,0,0,0,0,0,0,0,0,0,1,1
L,Hecla Mining Co,Basic Materials,Other Precious Metals & Mining,USA,11240000000.0,21.45,16.73,2.07%,37221850.0,0,0,0,0,0,0,0,0,1,0,0,0,0,0,0,0,0,0,0,0,0,0,0,0,0,0,0,0,1,0,1
LIO,Helios Technologies Inc,Industrials,Specialty Industrial Machinery,USA,2240000000.0,31.64,67.95,-1.86%,466797.0,0,0,0,0,0,0,0,0,0,0,0,0,-1,0,0,0,0,0,0,0,0,0,0,0,0,0,0,0,0,1,1
LIT,Harmonic Inc,Technology,Communication Equipment,USA,1210000000.0,,11.07,-1.77%,1494045.0,0,0,0,0,0,0,0,0,0,0,0,0,-1,-1,0,0,0,0,0,0,0,0,0,0,0,0,0,0,0,2,2
LN,Haleon plc ADR,Healthcare,Drug Manufacturers - Specialty & Generic,United Kingdom,40720000000.0,19.04,9.26,2.66%,20280853.0,0,0,0,0,0,0,0,0,0,0,0,0,-1,0,0,0,0,0,0,0,0,0,0,0,0,1,0,0,1,1,2
LP,Hongli Group Inc,Basic Materials,Steel,China,185350000.0,93.94,2.48,-1.98%,72813.0,0,1,0,0,0,0,0,0,0,0,0,0,0,0,0,0,0,0,0,0,0,0,0,0,0,0,0,0,1,0,1
LXC,Helix Acquisition Corp III,Financial,Shell Companies,USA,231630000.0,,10.5,0.19%,3300.0,0,0,0,0,0,0,0,0,0,0,0,0,-1,0,0,0,0,0,0,0,0,0,0,0,0,0,0,0,0,1,1
MH,HMH Holding Inc,Energy,Oil & Gas Equipment & Services,USA,826300000.0,21.24,18.74,3.77%,248323.0,0,0,0,0,0,0,0,0,1,0,0,0,0,0,0,0,0,0,0,0,0,0,0,0,0,0,0,0,1,0,1
NRG,Hallador Energy Co,Utilities,Utilities - Independent Power Producers,USA,683580000.0,700.48,14.5,6.23%,2618193.0,0,0,0,0,0,0,0,0,1,0,0,0,0,0,0,0,0,0,0,0,0,0,0,0,0,0,0,0,1,0,1
OG,Harley-Davidson Inc,Consumer Cyclical,Recreational Vehicles,USA,2780000000.0,16.55,26.75,-0.74%,2966202.0,0,0,0,0,0,0,0,0,0,0,0,0,0,0,0,0,0,0,0,0,1,0,0,0,-1,0,0,0,1,1,2
OLA,JPMorgan International Hedged Equity Laddered Overlay ETF,Financial,Exchange Traded Fund,USA,,,54.92,-0.48%,15815.0,0,0,0,0,0,0,0,0,0,0,1,0,0,0,0,0,0,0,0,0,0,0,0,0,-1,0,0,0,1,1,2
OLO,MicroCloud Hologram Inc,Technology,Software - Application,China,33450000.000000004,,1.46,-1.35%,146877.0,0,0,0,0,0,0,0,0,1,0,0,0,0,0,0,0,0,0,0,0,0,0,0,0,0,0,0,0,1,0,1
ON,Honeywell International Inc,Industrials,Conglomerates,USA,65480000000.00001,7.64,206.6,-0.73%,2120406.0,0,1,0,0,0,0,0,0,0,0,0,0,0,0,0,0,0,0,0,0,0,0,0,0,0,0,0,0,1,0,1
OOC,Corgi HOOD 2x Daily ETF,Financial,Exchange Traded Fund,USA,,,18.65,-4.36%,2725.0,0,0,0,0,0,0,0,0,0,0,0,0,0,0,0,0,0,0,0,0,1,0,-1,0,0,0,0,0,1,1,2
OOG,Leverage Shares 2X Long HOOD Daily ETF,Financial,Exchange Traded Fund,USA,,,28.84,-4.88%,514980.0,0,0,0,0,0,0,0,0,0,0,1,0,0,0,0,0,0,0,0,0,0,0,0,0,0,0,0,0,1,0,1
OOX,Defiance Daily Target 2X Long HOOD ETF,Financial,Exchange Traded Fund,USA,,,32.64,-4.37%,22006.0,0,0,0,0,0,0,0,0,0,0,1,0,0,0,0,0,0,0,0,0,0,0,0,0,0,0,0,0,1,0,1
OS,Hornbeck Offshore Services Inc,Industrials,Marine Shipping,USA,1700000000.0,47.99,7.63,2.14%,2338140.0,0,0,0,0,0,0,0,-1,0,0,0,0,0,0,0,0,0,0,0,0,0,0,0,0,0,0,0,0,0,1,1
OST,Host Digital Inc,Technology,Software - Infrastructure,USA,90240000.0,,3.2,-0.31%,74412.0,0,0,0,0,0,0,0,0,0,0,0,0,0,0,0,0,0,0,0,0,0,0,-1,0,0,0,0,0,0,1,1
OUR,Hour Loop Inc,Consumer Cyclical,Internet Retail,USA,64629999.99999999,36.94,1.84,1.44%,6885.0,0,0,0,0,0,0,0,0,0,0,0,0,-1,0,0,0,0,0,0,0,0,0,0,0,0,0,0,0,0,1,1
PE,Hewlett Packard Enterprise Co,Technology,Communication Equipment,USA,94250000000.0,37.02,71.0,-1.51%,16134286.0,0,0,0,0,0,0,0,0,0,0,1,1,0,0,0,0,0,0,0,0,0,0,0,0,0,0,0,0,2,0,2
PI,John Hancock Preferred Income Fund,Financial,Closed-End Fund - Debt,USA,369460000.0,,13.79,-0.36%,120993.0,0,1,0,0,0,0,0,0,0,0,0,0,0,0,0,0,0,0,0,0,0,0,0,0,0,0,0,0,1,0,1
PK,HighPeak Energy Inc,Energy,Oil & Gas E&P,USA,1100000000.0,,8.73,2.46%,919962.0,0,0,0,0,0,1,0,-1,0,0,0,0,0,0,0,0,0,0,0,0,0,0,0,0,0,0,0,0,1,1,2
QGO,Hartford US Quality Growth ETF,Financial,Exchange Traded Fund,USA,,,68.07,-0.33%,2121.0,0,0,0,0,0,0,0,0,0,0,1,0,0,0,0,0,0,0,0,0,0,0,0,0,0,0,0,0,1,0,1
QI,HireQuest Inc,Industrials,Staffing & Employment Services,USA,252710000.0,31.0,18.18,-1.46%,17086.0,0,0,0,0,0,0,0,-1,0,0,0,0,0,0,0,0,0,0,0,0,0,0,0,0,0,0,0,0,0,1,1
RSK,Toews Agility Shares Hedged Risk ETF,Financial,Exchange Traded Fund,USA,,,25.76,0.66%,86847.0,0,0,0,0,0,0,0,0,1,0,0,0,0,0,0,0,0,0,0,0,0,0,0,0,0,0,0,0,1,0,1
SAI,Hesai Group ADR,Consumer Cyclical,Auto Parts,China,2029999999.9999998,33.53,15.61,-2.44%,1031498.0,0,0,0,-1,0,0,0,0,0,0,0,0,0,0,0,0,0,0,0,0,0,0,0,0,0,0,0,0,0,1,1
SCZ,iShares Currency Hedged MSCI EAFE Small-Cap ETF,Financial,Exchange Traded Fund,USA,,,43.03,-0.70%,14234.0,0,0,0,-1,0,0,0,0,0,0,0,0,0,0,0,0,0,0,0,0,0,0,0,0,0,0,0,0,0,1,1
SLV,Highlander Silver Corp,Basic Materials,Silver,Canada,964680000.0,152.41,4.74,-1.25%,716596.0,0,0,0,0,0,1,0,0,1,0,0,0,0,0,0,0,0,0,0,0,0,0,0,0,0,0,0,0,2,0,2
SY,Hershey Company,Consumer Defensive,Confectioners,USA,32659999999.999996,23.75,162.54,1.37%,1578958.0,0,0,0,0,0,0,0,0,1,0,0,0,0,0,0,0,0,0,0,0,0,0,0,0,0,0,0,0,1,0,1
TB,HomeTrust Bancshares Inc,Financial,Banks - Regional,USA,775070000.0,12.16,46.43,0.65%,137333.0,0,0,0,0,0,0,0,0,1,0,0,0,0,0,0,0,0,0,0,0,0,0,0,0,0,0,0,0,1,0,1
TH,Hilltop Holdings Inc,Financial,Financial Conglomerates,USA,2100000000.0,13.62,36.68,0.22%,384889.0,0,0,0,0,0,0,0,0,0,0,1,0,0,0,0,0,0,0,0,0,0,0,0,0,0,0,0,0,1,0,1
TLM,HomesToLife Ltd,Consumer Cyclical,Specialty Retail,Singapore,156960000.0,16.0,1.75,-2.78%,1082.0,0,0,0,0,0,0,0,0,0,0,0,0,-1,0,0,0,0,0,0,0,0,0,0,0,0,1,0,0,1,1,2
TO,H2O America,Utilities,Utilities - Regulated Water,USA,2430000000.0,20.52,58.07,0.16%,593886.0,0,0,0,0,0,0,0,0,0,0,0,0,0,0,0,0,0,0,0,0,0,0,-1,0,0,0,0,0,0,1,1
UBB,Hubbell Inc,Industrials,Electrical Equipment & Parts,USA,25120000000.0,28.15,475.4,-0.00%,785104.0,0,0,0,0,0,0,0,0,1,1,0,0,0,0,0,0,0,0,0,0,0,0,0,0,0,0,0,0,2,0,2
UBS,HubSpot Inc,Technology,Software - Application,USA,11560000000.0,82.06,231.84,5.25%,1892688.0,0,1,0,0,0,0,0,0,0,0,0,0,0,0,0,0,0,0,0,0,0,0,0,0,0,0,0,0,1,0,1
UDI,Huadi International Group Co Ltd,Basic Materials,Steel,China,10120000.0,,0.71,-0.10%,3131.0,0,1,0,0,0,0,0,0,0,0,0,0,0,0,0,0,0,0,0,0,0,0,0,0,0,0,0,0,1,0,1
UTG,Leverage Shares 2X Long HUT Daily ETF,Financial,Exchange Traded Fund,USA,,,10.42,-21.31%,432906.0,0,0,0,0,0,0,0,0,1,0,0,0,0,0,0,0,0,0,0,0,0,0,0,0,0,0,0,0,1,0,1
VAC,AdvisorShares HVAC and Industrials ETF,Financial,Exchange Traded Fund,USA,,,34.35,-1.46%,4687.0,0,0,0,0,0,0,0,0,0,0,0,0,0,0,0,0,0,0,0,0,0,0,0,0,0,0,-1,0,0,1,1
WBK,Hawthorn Bancshares Inc,Financial,Banks - Regional,USA,264019999.99999997,10.42,38.26,0.34%,18230.0,0,0,0,0,0,0,0,0,0,0,0,0,0,0,0,0,0,0,0,0,0,0,0,0,-1,0,0,0,0,1,1
XHX,Haoxin Holdings Ltd,Industrials,Integrated Freight & Logistics,China,4930000.0,8.33,0.34,3.94%,28373875.0,0,1,0,0,0,1,0,0,0,0,0,0,-1,0,0,0,0,0,0,0,0,0,0,0,0,0,0,0,2,1,3
Y,Hyster Yale Inc,Industrials,Farm & Heavy Construction Machinery,USA,582560000.0,,32.49,-1.46%,184678.0,0,0,0,0,0,0,0,0,0,0,0,0,0,0,0,0,0,0,0,0,0,0,-1,0,0,0,0,0,0,1,1
YBI,NEOS Enhanced Income Credit Select ETF,Financial,Exchange Traded Fund,USA,,,48.26,0.05%,6249.0,0,0,0,-1,0,0,0,0,1,1,0,0,0,0,0,0,0,0,0,0,0,0,0,0,0,0,0,0,2,1,3
YGH,iShares Interest Rate Hedged High Yield Bond ETF,Financial,Exchange Traded Fund,USA,,,85.21,-0.09%,65763.0,0,0,0,0,0,0,0,0,0,0,0,0,-1,0,0,0,0,0,0,0,0,0,0,0,0,0,0,0,0,1,1
YIN,WisdomTree Private Credit and Alternative Income Fund,Financial,Exchange Traded Fund,USA,,,12.5,1.03%,12788.0,0,0,0,0,0,0,0,0,0,0,0,0,-1,0,0,0,0,0,0,0,0,0,0,0,0,0,0,0,0,1,1
YLB,Xtrackers USD High Yield Corporate Bond ETF,Financial,Exchange Traded Fund,USA,,,35.13,-0.09%,3930630.0,0,0,0,-1,0,0,0,0,0,0,0,0,0,0,0,0,0,0,0,0,0,0,0,0,0,0,0,0,0,1,1
YMC,Hycroft Mining Holding Corp,Basic Materials,Gold,USA,1700000000.0,,18.21,1.39%,2698365.0,0,0,0,0,0,0,0,0,1,1,0,0,0,0,0,0,0,0,0,0,0,0,0,0,0,0,0,0,2,0,2
YNE,Hoyne Bancorp Inc,Financial,Banks - Regional,USA,136270000.0,492.11,16.83,0.12%,6169.0,0,0,0,0,0,0,0,0,0,0,1,0,0,0,0,0,0,0,0,0,0,0,0,0,0,0,0,0,1,0,1
YP,Golden Eagle Dynamic Hypergrowth ETF,Financial,Exchange Traded Fund,USA,,,29.48,-1.91%,4145.0,0,0,0,0,0,0,0,0,0,0,0,0,-1,0,0,0,0,0,0,0,0,0,0,0,0,0,0,0,0,1,1
YT,BlackRock Corporate High Yield Fund Inc,Financial,Closed-End Fund - Debt,USA,1530000000.0,,7.83,0.51%,573530.0,0,0,0,-1,0,0,0,0,0,0,0,0,0,0,0,0,0,0,0,0,0,0,0,0,0,0,0,0,0,1,1
YTI,FT Vest High Yield & Target Income ETF,Financial,Exchange Traded Fund,USA,,,18.29,-0.05%,16636.0,0,1,0,0,0,0,0,0,0,0,0,0,0,0,0,0,0,0,0,0,0,0,0,0,0,0,0,0,1,0,1
YTR,CP High Yield Trend ETF,Financial,Exchange Traded Fund,USA,,,20.79,0.05%,77196.0,0,0,0,0,0,0,0,0,1,1,0,0,0,0,0,0,0,0,0,0,0,0,0,0,0,0,0,0,2,0,2
YUP,Xtrackers High Beta High Yield Bond ETF,Financial,Exchange Traded Fund,USA,,,39.56,-0.18%,3686.0,0,0,0,-1,0,0,0,0,0,0,0,0,0,0,0,0,0,0,0,0,0,0,0,0,0,0,0,0,0,1,1
ZO,Marinemax Inc,Consumer Cyclical,Specialty Retail,USA,1160000000.0,363.09,52.43,-0.08%,408551.0,0,1,0,0,0,0,0,0,0,0,0,0,0,0,0,0,0,0,0,0,0,0,0,0,0,0,0,0,1,0,1
ACQ,Irenic Acquisition Corp,Financial,Shell Companies,USA,321090000.0,,9.95,0.30%,13.0,0,0,0,0,0,0,0,0,0,0,0,0,0,0,0,0,0,0,0,0,0,0,0,1,0,0,0,0,1,0,1
ALT,iShares Systematic Alternatives Active ETF,Financial,Exchange Traded Fund,USA,,,29.91,-0.37%,3404456.0,0,0,0,0,0,1,0,0,0,0,0,0,0,0,0,0,0,0,0,0,0,0,0,0,0,0,0,0,1,0,1
AUI,NEOS Gold High Income ETF,Financial,Exchange Traded Fund,USA,,,48.05,0.61%,134626.0,0,0,0,0,0,0,0,0,1,0,0,0,0,0,0,0,0,0,0,0,0,0,0,0,0,0,0,0,1,0,1
BDR,iShares iBonds Dec 2026 Term Corporate ETF,Financial,Exchange Traded Fund,USA,,,24.18,0.00%,1276154.0,0,0,0,-1,0,0,0,0,0,0,0,0,-1,-1,0,0,0,0,0,0,0,0,0,0,0,1,0,0,1,3,4
BDS,iShares iBonds Dec 2027 Term Corporate ETF,Financial,Exchange Traded Fund,USA,,,24.08,0.00%,707292.0,0,0,0,0,0,1,0,0,0,0,0,0,0,0,0,0,0,0,0,-1,0,0,0,0,0,0,0,0,1,1,2
BDT,iShares iBonds Dec 2028 Term Corporate ETF,Financial,Exchange Traded Fund,USA,,,24.94,-0.04%,2672925.0,0,1,0,0,0,0,0,0,0,0,0,0,0,0,0,0,0,0,0,0,0,0,0,0,0,0,0,0,1,0,1
BDW,iShares iBonds Dec 2031 Term Corporate ETF,Financial,Exchange Traded Fund,USA,,,20.1,0.20%,758064.0,0,1,0,0,0,0,0,0,0,0,0,0,0,0,0,0,0,0,0,0,0,0,0,0,0,0,0,0,1,0,1
BFR,Innovator International Developed Managed 10 Buffer ETF,Financial,Exchange Traded Fund,USA,,,49.79,-0.33%,816.0,0,0,0,0,0,0,0,0,0,0,0,0,0,0,0,0,0,0,0,0,0,0,-1,0,0,0,0,0,0,1,1
BGB,iShares iBonds Dec 2045 Term Treasury ETF,Financial,Exchange Traded Fund,USA,,,22.27,0.86%,577.0,0,0,0,0,0,0,0,0,1,0,0,0,0,0,0,0,0,0,0,0,0,0,0,0,0,0,0,0,1,0,1
BGK,iShares iBonds Dec 2054 Term Treasury ETF,Financial,Exchange Traded Fund,USA,,,21.08,1.00%,1599.0,0,0,0,0,0,0,0,0,1,0,0,0,0,0,0,0,0,0,0,0,0,0,0,0,0,0,0,0,1,0,1
BGL,iShares iBonds Dec 2055 Term Treasury ETF,Financial,Exchange Traded Fund,USA,,,21.65,1.01%,217.0,0,0,0,0,0,0,0,0,1,1,0,0,0,0,0,0,0,0,0,0,0,0,0,0,0,0,0,0,2,0,2
BGM,iShares iBonds Dec 2056 Term Treasury ETF,Financial,Exchange Traded Fund,USA,,,22.52,1.00%,4369.0,0,0,0,0,0,0,0,0,1,0,0,0,0,0,0,0,0,0,0,0,0,0,0,0,0,0,0,0,1,0,1
BKR,Interactive Brokers Group Inc,Financial,Capital Markets,USA,39180000000.0,34.43,86.47,-1.45%,2998127.0,0,0,0,0,0,0,0,0,1,0,0,0,0,0,0,0,0,0,0,0,0,0,0,0,0,0,0,0,1,0,1
BM,International Business Machines Corp,Technology,Information Technology Services,USA,213500000000.0,20.11,226.61,2.77%,8929874.0,0,0,0,0,0,0,0,0,1,0,0,0,0,0,0,0,0,0,0,0,0,0,0,0,0,0,0,0,1,0,1
BMO,iShares iBonds Dec 2026 Term Muni Bond ETF,Financial,Exchange Traded Fund,USA,,,25.59,0.04%,69355.0,0,1,0,-1,0,1,0,0,0,0,0,0,0,0,0,0,0,0,0,0,1,1,0,0,0,0,0,0,4,1,5
BMP,iShares iBonds Dec 2027 Term Muni Bond ETF,Financial,Exchange Traded Fund,USA,,,25.21,0.00%,362039.0,0,0,0,0,0,0,0,0,1,0,0,0,0,0,0,0,0,0,0,0,0,0,0,0,0,0,0,0,1,0,1
BMR,iShares iBonds Dec 2029 Term Muni Bond ETF,Financial,Exchange Traded Fund,USA,,,24.76,0.12%,158017.0,0,0,0,0,0,0,0,0,1,0,0,0,0,0,0,0,0,0,0,0,0,0,0,0,0,0,0,0,1,0,1
BND,State Street SPDR Bloomberg International Corporate Bond ETF,Financial,Exchange Traded Fund,USA,,,29.63,0.00%,185561.0,0,0,0,0,0,0,0,0,1,0,0,0,0,0,0,0,0,0,0,0,0,0,0,0,0,0,0,0,1,0,1
BO,Impact BioMedical Inc,Healthcare,Biotechnology,USA,35120000.0,,4.11,-8.26%,17564.0,0,1,0,0,0,0,0,0,0,0,0,0,-1,-1,0,0,0,0,0,0,0,0,0,0,0,0,0,0,1,2,3
BOT,VanEck Robotics ETF,Financial,Exchange Traded Fund,USA,,,65.01,-1.61%,9781.0,0,0,0,0,0,0,0,0,0,0,0,0,0,0,0,0,0,0,0,0,0,0,-1,0,0,0,0,0,0,1,1
BP,Installed Building Products Inc,Consumer Cyclical,Residential Construction,USA,4990000000.0,20.22,187.83,1.86%,652424.0,0,0,0,0,0,0,0,0,0,0,0,0,-1,0,0,0,0,0,0,0,0,0,0,0,0,0,0,0,0,1,1
BRX,ImmunityBio Inc,Healthcare,Biotechnology,USA,10500000000.0,,9.91,1.64%,10492088.0,0,1,0,0,0,0,0,0,0,0,0,0,0,0,0,0,0,1,0,0,0,0,0,0,0,0,0,0,2,0,2
BTG,iShares iBonds Dec 2026 Term Treasury ETF,Financial,Exchange Traded Fund,USA,,,22.83,0.02%,1014214.0,0,0,0,-1,0,0,0,0,0,0,0,0,0,0,0,0,0,0,0,0,0,0,0,0,0,0,0,0,0,1,1
BTL,iShares iBonds Dec 2031 Term Treasury ETF,Financial,Exchange Traded Fund,USA,,,19.49,0.15%,420903.0,0,0,0,0,0,0,0,0,1,1,0,0,0,0,0,0,0,0,0,0,0,0,0,0,0,0,0,0,2,0,2
BX,Tradr 2X Long IBM Daily ETF,Financial,Exchange Traded Fund,USA,,,16.28,5.44%,651752.0,0,0,0,0,0,0,0,0,1,0,0,0,0,0,0,0,0,0,0,0,0,0,0,0,0,0,0,0,1,0,1
CAP,Infrastructure Capital Equity Income ETF,Financial,Exchange Traded Fund,USA,,,27.33,-1.41%,13106.0,0,0,0,0,0,0,0,0,1,0,0,0,0,0,0,0,0,0,0,0,0,0,0,0,0,0,0,0,1,0,1
CCC,Immucell Corp,Healthcare,Biotechnology,USA,88550000.0,116.21,9.75,0.62%,5099.0,0,0,0,0,0,0,0,0,0,0,0,0,-1,0,0,0,0,0,0,0,0,0,0,0,0,0,0,0,0,1,1
CL,ICL Group Ltd,Basic Materials,Agricultural Inputs,Israel,6450000000.0,21.17,5.0,-1.57%,1387183.0,0,0,0,0,0,0,0,0,0,0,0,0,-1,0,0,0,0,0,0,0,0,0,0,0,0,0,0,0,0,1,1
CLR,Icon Plc,Healthcare,Diagnostics & Research,Ireland,12690000000.0,298.6,164.5,0.26%,1026195.0,0,0,0,0,0,0,0,0,0,0,1,0,0,0,0,0,0,0,0,0,0,0,0,0,0,0,0,0,1,0,1
CMB,Investcorp Credit Management BDC Inc,Financial,Asset Management,USA,9810000.0,,0.68,0.92%,28570.0,0,0,0,0,0,0,0,0,1,0,0,0,0,0,0,0,0,0,0,0,0,0,0,0,0,0,0,0,1,0,1
CON,Icon Energy Corp,Industrials,Marine Shipping,USA,,,0.85,-3.95%,21111.0,0,0,0,0,0,0,0,0,0,0,0,0,-1,-1,0,0,0,0,0,0,0,0,0,0,0,1,0,0,1,2,3
CSH,iShares Ultra Short Duration Bond Active ETF,Financial,Exchange Traded Fund,USA,,,50.31,0.03%,2046509.0,0,0,0,-1,0,0,0,0,0,0,0,0,0,0,0,0,0,0,0,0,0,0,0,0,0,0,0,0,0,1,1
DEC,Innovator International Developed Power Buffer ETF December,Financial,Exchange Traded Fund,USA,,,34.17,-0.37%,17586.0,0,1,0,0,0,0,0,0,0,0,0,0,0,0,0,0,0,0,0,0,0,0,0,0,0,0,0,0,1,0,1
DEQ,Lazard International Dynamic Equity ETF,Financial,Exchange Traded Fund,USA,,,34.52,-0.83%,523562.0,0,0,0,0,0,0,0,-1,0,0,0,0,0,0,0,0,0,0,0,0,0,0,0,0,0,0,0,0,0,1,1
DEV,iShares Core MSCI International Developed Markets ETF,Financial,Exchange Traded Fund,USA,,,88.56,-0.26%,2346539.0,0,1,0,0,0,0,0,0,0,0,0,0,0,0,0,0,0,0,0,0,0,0,0,0,0,0,0,0,1,0,1
DGT,iShares U.S. Digital Infrastructure and Real Estate ETF,Financial,Exchange Traded Fund,USA,,,115.55,-2.10%,14609.0,0,0,0,0,0,0,0,0,0,0,0,0,0,0,0,0,0,0,0,0,0,0,0,0,0,0,-1,0,0,1,1
DMO,Invesco S&P International Developed Momentum ETF,Financial,Exchange Traded Fund,USA,,,59.95,-0.93%,488938.0,0,0,0,0,0,0,0,-1,0,0,0,0,0,0,0,0,0,0,0,0,0,0,0,0,0,0,0,0,0,1,1
DVO,Amplify CWP International Enhanced Dividend Income ETF,Financial,Exchange Traded Fund,USA,,,41.27,-0.48%,235590.0,0,0,0,0,0,0,0,0,0,0,1,0,0,0,0,0,0,0,0,0,1,0,0,0,0,0,0,0,2,0,2
DVZ,Polen International Dividend Income Fund,Financial,Exchange Traded Fund,USA,,,33.2,0.00%,36443.0,0,0,0,0,0,0,0,0,0,0,0,0,0,0,0,0,0,0,0,0,1,0,0,0,0,0,0,0,1,0,1
DYN,iShares International Equity Factor Rotation Active ETF,Financial,Exchange Traded Fund,USA,,,29.82,-0.68%,1756.0,0,0,0,0,0,0,0,0,0,0,1,0,0,0,0,0,0,0,0,0,0,0,0,0,0,0,0,0,1,0,1
EAG,Infinite Eagle Acquisition Corp,Financial,Shell Companies,USA,442160000.0,110.08,10.16,0.00%,25009.0,0,0,0,0,0,0,0,0,0,0,0,0,0,0,0,0,0,0,0,0,0,0,0,0,-1,0,0,0,0,1,1
EFA,iShares Core MSCI EAFE ETF,Financial,Exchange Traded Fund,USA,,,95.87,-0.34%,8446522.0,0,1,0,0,0,0,0,0,0,0,0,0,0,0,0,0,0,0,0,0,0,0,0,0,0,0,0,0,1,0,1
EUS,iShares MSCI Europe Small-Cap ETF,Financial,Exchange Traded Fund,USA,,,68.79,0.08%,2678.0,0,0,0,-1,0,0,0,0,0,0,1,0,0,0,0,0,0,0,0,0,0,0,0,0,0,0,0,0,1,1,2
FBD,Infobird Co Ltd,Technology,Software - Application,Hong Kong,6880000.0,,0.84,4.69%,71897.0,0,0,0,0,0,0,0,0,0,0,0,0,0,0,0,0,0,1,0,0,0,0,0,0,0,0,0,0,1,0,1
FEB,Innovator International Developed Power Buffer ETF-February,Financial,Exchange Traded Fund,USA,,,31.15,-0.26%,2841.0,0,0,0,0,0,0,0,0,0,0,1,0,0,0,0,0,0,0,0,0,0,0,0,0,0,0,0,0,1,0,1
FF,International Flavors & Fragrances Inc,Basic Materials,Specialty Chemicals,USA,21600000000.0,78.54,84.65,0.64%,2282957.0,0,1,0,0,0,0,0,0,0,0,0,0,0,0,0,0,0,0,0,0,0,0,0,0,0,0,0,0,1,0,1
FLR,Innovator International Developed Managed Floor ETF,Financial,Exchange Traded Fund,USA,,,52.24,-0.41%,10365.0,0,0,0,0,0,0,0,0,0,0,1,0,0,0,0,0,0,0,0,0,0,0,0,0,0,0,0,0,1,0,1
FN,Aberdeen India Fund Inc,Financial,Closed-End Fund - Equity,USA,445220000.0,,10.28,-1.34%,596112.0,0,0,0,0,0,0,0,0,0,0,0,0,-1,0,0,0,0,0,0,0,0,0,0,0,0,0,0,0,0,1,1
GBH,iShares Interest Rate Hedged Long-Term Corporate Bond ETF,Financial,Exchange Traded Fund,USA,,,24.57,-0.12%,461541.0,0,0,0,0,0,0,0,0,0,0,0,0,0,0,0,1,0,0,0,0,0,0,0,0,0,0,0,0,1,0,1
GC,IGC Pharma Inc,Healthcare,Biotechnology,USA,29460000.0,,0.28,1.75%,626447.0,0,0,0,0,0,0,0,0,0,0,0,0,-1,0,0,0,0,0,0,0,0,0,0,0,0,0,0,0,0,1,1
GHG,ProShares Investment Grade-Interest Rate Hedged,Financial,Exchange Traded Fund,USA,,,77.72,-0.22%,13301.0,0,0,0,0,0,0,0,0,0,0,0,0,0,0,0,0,0,1,0,0,0,0,0,0,0,0,0,0,1,0,1
GOV,iShares International Treasury Bond ETF,Financial,Exchange Traded Fund,USA,,,39.73,0.08%,693812.0,0,0,0,0,0,0,0,0,0,0,0,0,-1,0,0,0,0,0,0,0,0,0,0,0,0,0,0,0,0,1,1
GPT,Invesco AI and Next Gen Software ETF,Financial,Exchange Traded Fund,USA,,,100.0,-2.73%,65340.0,0,0,0,0,0,0,0,0,1,0,0,0,0,0,0,0,0,0,0,0,0,0,0,0,0,0,0,0,1,0,1
GSB,iShares 1-5 Yr IG Corporate Bond,Financial,Exchange Traded Fund,USA,,,51.26,0.07%,4072441.0,0,1,0,-1,0,0,0,0,0,0,0,0,0,0,0,0,0,0,0,0,0,0,0,0,0,0,0,0,1,1,2
H,iHuman Inc ADR,Consumer Defensive,Education & Training Services,China,25670000.0,19.46,1.15,0.00%,1234.0,0,0,0,0,0,0,0,0,0,0,0,0,0,0,0,0,0,0,0,-1,0,0,0,0,0,0,0,0,0,1,1
HAK,iShares Cybersecurity and Tech ETF,Financial,Exchange Traded Fund,USA,,,70.16,1.11%,104763.0,0,0,0,0,0,0,0,0,0,0,1,0,0,0,0,0,0,1,0,0,0,0,0,0,0,0,0,0,2,0,2
HD,Voya Emerging Markets High Dividend Equity Fund,Financial,Closed-End Fund - Foreign,USA,131070000.0,,7.39,-2.64%,195146.0,0,0,0,0,0,0,0,0,0,0,0,0,0,0,0,1,0,0,0,0,0,0,0,0,0,0,0,0,1,0,1
HDG,WisdomTree International Hedged Quality Dividend Growth Fund,Financial,Exchange Traded Fund,USA,,,51.55,-0.06%,70320.0,0,1,0,0,0,0,0,0,0,0,0,0,0,0,0,0,0,0,0,0,0,0,0,0,0,0,0,0,1,0,1
HF,iShares U.S. Healthcare Providers ETF,Financial,Exchange Traded Fund,USA,,,55.79,-0.30%,1409482.0,0,0,0,0,0,0,0,0,0,0,0,0,0,0,0,0,0,0,0,0,0,0,0,0,-1,0,0,0,0,1,1
HG,Intercontinental Hotels Group ADR,Consumer Cyclical,Lodging,United Kingdom,23330000000.0,33.94,159.48,-0.26%,194161.0,0,0,0,0,0,0,0,0,0,0,0,0,-1,0,0,0,0,0,0,0,0,0,0,0,0,0,0,0,0,1,1
HI,iShares U.S. Medical Devices ETF,Financial,Exchange Traded Fund,USA,,,51.1,0.29%,1737467.0,0,0,0,0,0,1,0,0,0,0,0,0,0,0,0,0,0,0,0,0,0,0,0,0,0,0,0,0,1,0,1
HS,IHS Holding Ltd,Real Estate,Real Estate Services,United Kingdom,2860000000.0,20.16,8.44,0.00%,245922.0,0,0,0,0,0,1,0,0,0,0,0,0,0,0,0,0,0,0,0,0,0,0,0,0,0,0,0,0,1,0,1
HT,Innsuites Hospitality Trust,Real Estate,REIT - Hotel & Motel,USA,15940000.0,,1.15,2.69%,133216.0,0,0,0,0,0,0,0,0,0,0,0,0,0,0,0,0,0,0,0,0,0,0,0,0,0,0,-1,0,0,1,1
JK,iShares S&P Mid-Cap 400 Growth ETF,Financial,Exchange Traded Fund,USA,,,110.9,-0.08%,326762.0,0,0,0,0,0,0,0,0,1,0,0,0,0,0,0,0,0,0,0,0,0,0,0,0,0,0,0,0,1,0,1
JT,iShares S&P Small-Cap 600 Growth ETF,Financial,Exchange Traded Fund,USA,,,161.45,-0.09%,249651.0,0,0,0,0,0,0,0,0,0,0,0,0,-1,0,0,0,0,0,0,0,0,0,-1,0,0,0,0,0,0,2,2
JUN,Innovator International Developed Power Buffer ETF - June,Financial,Exchange Traded Fund,USA,,,31.04,-0.28%,17086.0,0,0,0,-1,0,0,0,0,0,0,0,0,0,0,0,0,0,0,0,0,0,0,0,0,0,0,0,0,0,1,1
LAG,Intelligent Living Application Group Inc,Industrials,Building Products & Equipment,Hong Kong,5490000.0,,2.64,-6.05%,1434.0,0,0,0,0,0,0,0,0,0,0,1,0,0,0,0,0,0,0,0,0,0,0,0,0,0,0,0,0,1,0,1
LDR,First Trust Innovation Leaders ETF,Financial,Exchange Traded Fund,USA,,,39.91,-1.97%,35310.0,0,0,0,0,0,0,0,0,0,0,1,1,0,0,0,0,0,0,0,0,0,0,0,0,-1,0,0,0,2,1,3
LIT,iShares Lithium Miners and Producers ETF,Financial,Exchange Traded Fund,USA,,,12.27,-0.65%,1744.0,0,0,0,0,0,0,0,0,1,0,0,0,0,0,0,0,0,0,0,0,0,0,0,0,0,0,0,0,1,0,1
LOW,AB International Low Volatility Equity ETF,Financial,Exchange Traded Fund,USA,,,45.17,0.29%,86770.0,0,1,0,0,0,0,0,0,0,0,0,0,0,0,0,0,0,0,0,0,0,0,0,0,0,0,0,0,1,0,1
LPT,Industrial Logistics Properties Trust,Real Estate,REIT - Industrial,USA,479900000.0,,7.19,0.42%,363364.0,0,0,0,0,0,0,0,0,0,0,0,0,-1,0,0,0,0,0,0,0,0,0,0,0,0,0,0,0,0,1,1
MFL,Invesco International Developed Dynamic Multifactor ETF,Financial,Exchange Traded Fund,USA,,,33.09,-0.51%,31152.0,0,1,0,0,0,0,0,0,0,0,0,0,0,0,0,0,0,0,0,0,1,0,0,0,0,0,0,0,2,0,2
MKTA,Ingles Markets Inc,Consumer Defensive,Grocery Stores,USA,1590000000.0,15.55,85.59,0.49%,135730.0,0,0,0,-1,0,0,0,0,0,0,0,0,0,0,0,0,0,0,0,0,0,0,0,0,0,0,0,0,0,1,1
MNN,Imunon Inc,Healthcare,Biotechnology,USA,6010000.0,,1.07,-6.14%,135361.0,0,0,0,0,0,0,0,0,0,0,0,0,0,0,0,0,0,0,0,-1,0,0,0,0,0,0,0,0,0,1,1
MO,Imperial Oil Ltd,Energy,Oil & Gas Integrated,Canada,59380000000.0,19.98,122.79,2.93%,620013.0,0,0,0,0,0,0,0,0,0,0,1,0,0,0,0,0,0,0,0,0,0,0,-1,0,0,0,0,0,1,1,2
MOM,Alpha Architect International Quantitative Momentum ETF,Financial,Exchange Traded Fund,USA,,,39.62,-0.20%,25881.0,0,0,0,0,0,0,0,0,0,0,0,0,-1,0,0,0,0,0,0,0,0,0,0,0,0,0,0,0,0,1,1
MTB,iShares Core 5-10 Year USD Bond ETF,Financial,Exchange Traded Fund,USA,,,41.41,0.37%,316119.0,0,0,0,0,0,0,0,0,0,0,0,0,0,0,0,0,0,0,0,-1,0,0,0,0,0,0,0,0,0,1,1
MTE,Integrated Media Technology Limited,Technology,Electronic Components,Australia,1680000.0,,0.49,2.54%,24610.0,0,0,0,0,0,0,0,0,1,0,0,0,0,0,0,0,0,0,0,0,0,0,0,0,0,0,0,0,1,0,1
MTM,iShares MSCI Intl Momentum Factor ET,Financial,Exchange Traded Fund,USA,,,52.04,-0.69%,343125.0,0,0,0,0,0,0,0,-1,0,0,0,0,0,0,0,0,0,0,0,0,0,0,0,0,0,0,0,0,0,1,1
MTX,Immatics N.V,Healthcare,Biotechnology,Germany,1100000000.0,,7.37,-1.07%,604725.0,0,0,0,0,0,0,0,0,0,0,0,0,0,0,0,0,0,0,0,0,0,0,0,0,0,0,-1,0,0,1,1
MVP,Invesco India ETF,Financial,Exchange Traded Fund,USA,,,18.03,-1.53%,21559.0,0,0,0,0,0,0,0,0,0,0,0,0,-1,0,0,0,0,0,0,0,0,0,0,0,0,0,0,0,0,1,1
NAC,Indigo Acquisition Corp,Financial,Shell Companies,USA,153230000.0,40.12,10.39,0.00%,36.0,0,0,0,0,0,0,0,0,0,0,0,0,0,0,0,0,0,1,0,0,0,0,0,0,0,0,0,0,1,0,1
NCR,Intercure Ltd,Healthcare,Drug Manufacturers - Specialty & Generic,Israel,59610000.0,,5.03,-1.95%,3264.0,0,0,0,0,0,0,0,0,0,0,1,0,0,0,0,0,0,0,0,0,0,0,0,0,0,0,0,0,1,0,1
ND,Xtrackers Nifty 500 India ETF,Financial,Exchange Traded Fund,USA,,,21.07,-1.29%,461.0,0,0,0,0,0,0,0,0,0,0,0,0,0,0,0,1,0,0,0,0,0,0,0,0,0,0,0,0,1,0,1
NDA,iShares MSCI India ETF,Financial,Exchange Traded Fund,USA,,,45.56,-1.19%,6799974.0,0,0,0,0,0,0,0,0,0,0,0,0,-1,0,0,0,0,0,0,0,0,0,0,0,0,0,0,0,0,1,1
NDE,Matthews India Active ETF,Financial,Exchange Traded Fund,USA,,,28.25,-1.57%,1091.0,0,0,0,0,0,0,0,-1,0,0,0,0,0,0,0,0,0,0,0,0,0,0,0,0,0,0,0,0,0,1,1
NDH,WisdomTree India Hedged Equity Fund,Financial,Exchange Traded Fund,USA,,,36.49,-0.82%,1964.0,0,0,0,0,0,0,0,0,0,0,1,0,0,0,0,0,0,0,0,0,0,0,0,0,0,0,0,0,1,0,1
NDL,Direxion Daily MSCI India Bull 2X ETF,Financial,Exchange Traded Fund,USA,,,37.63,-2.41%,21159.0,0,0,0,0,0,0,0,0,0,0,0,0,-1,0,0,0,0,0,0,0,0,0,0,0,0,0,0,0,0,1,1
NDQ,Pacer ActiveAlpha India Quality ETF,Financial,Exchange Traded Fund,USA,,,24.06,-0.17%,2419.0,0,0,0,0,0,0,0,0,0,0,0,0,0,0,0,0,0,0,0,0,1,0,0,0,0,0,0,0,1,0,1
NFO,Harbor PanAgora Dynamic Large Cap Core ETF,Financial,Exchange Traded Fund,USA,,,28.5,-0.31%,49894.0,0,0,0,0,0,0,0,0,0,0,1,1,0,0,0,0,0,0,0,0,0,0,0,0,0,0,0,0,2,0,2
NFQ,Infleqtion Inc,Technology,Software - Infrastructure,USA,2510000000.0,,11.16,-4.12%,8253208.0,0,0,0,0,0,0,0,0,1,0,0,0,-1,0,0,0,0,0,0,0,0,0,0,0,0,0,0,0,1,1,2
NFY,Infosys Ltd ADR,Technology,Information Technology Services,India,43420000000.0,13.11,10.7,1.42%,31364150.0,0,0,0,0,0,0,0,0,0,0,0,0,0,0,0,1,0,0,0,-1,0,0,0,0,0,0,0,0,1,1,2
NGM,Ingram Micro Holding Corp,Technology,Information Technology Services,USA,6350000000.0,15.02,27.6,-0.18%,1234734.0,0,0,0,0,0,0,0,0,0,0,0,0,0,0,0,1,0,0,0,0,0,0,0,0,0,0,0,0,1,0,1
NGR,Ingredion Inc,Consumer Defensive,Packaged Foods,USA,6000000000.0,10.36,95.11,0.91%,937440.0,0,0,0,0,0,0,0,0,0,0,0,0,-1,0,0,0,0,0,0,0,0,0,0,0,0,0,0,0,0,1,1
NIO,Innio NV,Industrials,Specialty Industrial Machinery,Germany,14400000000.0,,19.2,-5.60%,4190750.0,0,0,0,0,0,0,0,0,1,0,0,0,0,0,0,0,0,0,0,0,0,0,0,1,0,0,0,0,2,0,2
NKM,State Street Income Allocation ETF,Financial,Exchange Traded Fund,USA,,,33.18,0.33%,34674.0,0,0,0,0,0,0,0,0,0,0,1,0,0,0,0,0,0,0,0,0,0,0,0,0,0,0,0,0,1,0,1
NLX,Intellinetics Inc,Technology,Software - Application,USA,24270000.0,,5.4,3.05%,53720.0,0,0,0,0,0,0,0,0,1,0,0,0,0,0,0,0,0,0,0,0,0,0,0,0,0,0,0,0,1,0,1
NM,InMed Pharmaceuticals Inc,Healthcare,Drug Manufacturers - Specialty & Generic,Canada,7310000.0,,1.33,0.00%,28001.0,0,0,0,0,0,0,0,0,1,0,0,0,0,0,0,0,0,0,0,0,0,0,0,0,0,0,0,0,1,0,1
NR,Infinity Natural Resources Inc,Energy,Oil & Gas E&P,USA,846690000.0,5.56,13.35,-1.55%,278903.0,0,0,0,0,0,0,0,0,0,0,0,0,0,0,0,0,0,0,0,0,0,0,0,0,0,1,0,0,1,0,1
NTG,Intergroup Corp,Consumer Cyclical,Lodging,USA,69360000.0,42.2,32.28,3.99%,40986.0,0,0,0,0,0,0,0,0,0,0,0,0,-1,0,0,0,0,0,0,0,0,0,0,0,0,0,0,0,0,1,1
NTR,Inter & Co Inc,Financial,Banks - Regional,Brazil,3190000000.0,11.1,7.24,0.84%,14524731.0,0,0,0,0,0,0,0,0,0,0,0,0,-1,0,0,0,0,0,0,0,0,0,0,0,0,1,0,0,1,1,2
NTU,Intuit Inc,Technology,Software - Application,USA,81210000000.0,18.42,303.88,2.23%,5629353.0,0,0,0,0,0,0,0,0,0,0,0,0,-1,0,0,0,0,0,0,0,0,0,0,1,0,0,0,0,1,1,2
NTW,GraniteShares 2x Long INTC Daily ETF,Financial,Exchange Traded Fund,USA,,,24.68,-10.51%,6075183.0,0,0,0,0,0,0,0,0,0,0,0,0,0,0,0,0,0,0,0,0,0,0,-1,0,0,0,0,0,0,1,1
NTZ,Intrusion Inc,Technology,Software - Infrastructure,USA,16760000.000000002,,0.68,-2.31%,47925.0,0,0,0,0,0,1,0,0,1,1,0,0,0,0,0,0,0,0,0,0,0,0,0,0,0,0,0,0,3,0,3
NVA,Innoviva Inc,Healthcare,Biotechnology,USA,1510000000.0,5.08,20.87,-0.90%,612352.0,0,0,0,0,0,0,0,0,0,0,0,0,0,0,0,0,0,0,0,-1,0,0,0,0,0,0,0,0,0,1,1
NVZ,Innoviz Technologies Ltd,Consumer Cyclical,Auto Parts,Israel,91550000.0,,0.31,-0.94%,2530424.0,0,0,0,0,0,0,0,0,1,0,0,0,0,0,0,0,0,0,0,0,0,0,0,0,0,0,0,0,1,0,1
NYY,YieldMax INTC Option Income Strategy ETF,Financial,Exchange Traded Fund,USA,,,36.14,-6.93%,75299.0,0,0,0,0,0,0,0,0,0,0,0,0,0,0,0,0,0,0,0,0,0,0,0,1,0,0,0,0,1,0,1
ON,ProShares S&P Global Core Battery Metals ETF,Financial,Exchange Traded Fund,USA,,,44.85,-1.13%,1729.0,0,0,0,0,0,0,0,0,1,0,0,0,0,0,0,0,0,0,0,0,0,0,0,0,0,0,0,0,1,0,1
ONC,Corgi IONQ 2x Daily ETF,Financial,Exchange Traded Fund,USA,,,11.18,-9.52%,2086.0,0,0,0,0,0,0,0,0,0,0,1,0,0,0,0,0,0,0,0,0,0,0,0,0,0,0,0,0,1,0,1
ONL,GraniteShares 2x Long IONQ Daily ETF,Financial,Exchange Traded Fund,USA,,,12.19,-9.17%,808249.0,0,0,0,0,0,0,0,0,0,0,0,0,0,0,0,0,0,0,0,0,0,0,0,0,0,1,0,0,1,0,1
ONR,ioneer Ltd ADR,Basic Materials,Other Industrial Metals & Mining,Australia,229280000.0,,2.97,-1.33%,56385.0,0,0,0,0,0,0,0,0,0,0,0,0,-1,0,0,0,0,0,0,0,0,0,0,0,0,0,0,0,0,1,1
OPP,Simplify Tara India Opportunities ETF,Financial,Exchange Traded Fund,USA,,,24.47,-1.45%,16.0,0,0,0,0,0,0,0,0,0,0,1,0,0,0,0,0,0,0,0,0,0,0,0,0,0,0,0,0,1,0,1
OT,Samsara Inc,Technology,Software - Infrastructure,USA,24140000000.0,267.66,41.22,1.75%,5373411.0,0,0,0,0,0,0,0,-1,0,0,0,0,0,0,0,0,0,1,0,0,0,0,0,0,0,0,0,0,1,1,2
OTR,iOThree Ltd,Communication Services,Telecom Services,Singapore,9540000.0,,1.96,4.81%,5157.0,0,0,0,0,0,0,0,0,0,0,0,0,-1,0,0,0,0,0,0,0,0,0,0,0,0,0,0,0,0,1,1
OVA,Iovance Biotherapeutics Inc,Healthcare,Biotechnology,USA,6030000000.0,,13.31,3.06%,14824101.0,0,0,0,0,0,1,0,0,0,0,0,0,0,0,0,0,0,0,0,0,0,0,0,0,0,0,0,0,1,0,1
PAR,Interparfums Inc,Consumer Defensive,Household & Personal Products,USA,3570000000.0,21.34,111.6,0.54%,170740.0,0,0,0,0,0,0,0,0,1,0,0,0,0,0,0,0,0,0,0,0,0,0,0,0,0,0,0,0,1,0,1
PAV,Global X Infrastructure Development ex-U.S. ETF,Financial,Exchange Traded Fund,USA,,,29.78,-1.44%,262.0,0,0,0,0,0,0,0,0,0,0,0,0,-1,0,0,0,0,0,0,0,0,0,0,0,0,0,0,0,0,1,1
PM,Intelligent Protection Management Corp,Technology,Software - Application,USA,16079999.999999998,,1.78,0.56%,1300.0,0,0,0,0,0,0,0,0,0,0,0,0,0,0,0,1,0,0,0,0,0,0,0,0,0,0,0,0,1,0,1
PO,Renaissance IPO ETF,Financial,Exchange Traded Fund,USA,,,52.81,-2.31%,16433.0,0,0,0,0,0,0,0,0,0,0,0,0,0,0,0,1,0,0,0,0,0,0,0,0,0,0,0,0,1,0,1
POS,Renaissance International IPO ETF,Financial,Exchange Traded Fund,USA,,,20.66,-1.67%,1793.0,0,0,0,0,0,0,0,0,1,0,0,0,0,0,0,0,0,0,0,0,0,0,0,0,0,0,0,0,1,0,1
PWR,Ideal Power Inc,Technology,Semiconductors,USA,60640000.0,,3.69,-4.65%,137827.0,0,0,0,0,0,0,0,0,0,0,0,0,0,0,0,0,0,0,0,0,0,0,0,0,0,0,-1,0,0,1,1
PX,IperionX Ltd ADR,Basic Materials,Other Industrial Metals & Mining,USA,553440000.0,,15.28,-3.47%,247819.0,0,0,0,0,0,0,0,0,1,0,0,0,0,0,0,0,0,0,0,0,0,0,0,0,0,0,0,0,1,0,1
QDF,Northern Trust International Quality Dividend ETF,Financial,Exchange Traded Fund,USA,,,34.12,-0.73%,24496.0,0,1,0,0,0,0,0,0,0,0,0,0,0,0,0,0,0,0,0,0,0,0,0,0,0,0,0,0,1,0,1
QDY,Northern Trust International Quality Dividend Dynamic ETF,Financial,Exchange Traded Fund,USA,,,41.38,-1.08%,4174.0,0,1,0,0,0,0,0,0,0,0,1,0,0,0,0,0,0,0,0,0,0,0,-1,0,0,0,0,0,2,1,3
QLT,iShares MSCI Intl Quality Factor ETF,Financial,Exchange Traded Fund,USA,,,49.38,0.14%,1495881.0,0,1,0,0,0,0,0,0,0,0,0,0,0,0,0,0,0,0,0,0,0,0,0,0,0,0,0,0,1,0,1
QMX,IQM Quantum Computers Oyj ADR,Technology,Computer Hardware,USA,1930000000.0,,10.17,-2.68%,285478.0,0,0,0,0,0,0,0,0,1,0,0,0,-1,0,0,0,0,0,0,0,0,0,0,1,0,0,0,0,2,1,3
QST,iQSTEL Inc,Communication Services,Telecom Services,USA,11520000.0,,1.05,4.46%,286068.0,0,0,0,0,0,0,0,0,0,0,0,0,0,0,0,0,0,0,0,0,0,0,0,0,0,1,0,0,1,0,1
RE,Defiance Daily Target 2X Long IREN ETF,Financial,Exchange Traded Fund,USA,,,6.83,-15.47%,14855923.0,0,0,0,0,0,0,0,0,1,0,0,0,0,0,0,0,0,0,0,0,0,0,0,0,0,0,0,0,1,0,1
REG,Leverage Shares 2X Long IREN Daily ETF,Financial,Exchange Traded Fund,USA,,,5.69,-15.45%,1807440.0,0,0,0,0,0,0,0,0,1,0,0,0,0,0,0,0,0,0,0,0,0,0,0,0,0,0,0,0,1,0,1
REN,IREN Ltd,Financial,Capital Markets,Australia,14050000000.0,,35.71,-7.70%,55685945.0,0,0,0,0,0,0,0,0,1,0,0,0,0,0,0,0,0,0,0,0,0,0,0,0,0,0,0,0,1,0,1
REX,Tradr 2X Long IREN Daily ETF,Financial,Exchange Traded Fund,USA,,,10.02,-15.30%,2144475.0,0,0,0,0,0,0,0,0,1,0,0,0,0,0,0,0,0,0,0,0,0,0,0,0,0,0,0,0,1,0,1
RMD,Iradimed Corp,Healthcare,Medical Devices,USA,1100000000.0,47.94,85.88,0.48%,91613.0,0,0,0,0,0,0,0,0,0,0,0,0,-1,0,0,0,0,0,0,0,0,0,0,1,0,0,0,0,1,1,2
RS,Irsa Inversiones Y Representaciones SA ADR,Real Estate,Real Estate Services,Argentina,1170000000.0,4.45,13.85,-1.00%,60010.0,0,0,0,0,0,0,0,0,0,0,0,0,-1,0,0,0,0,0,0,0,0,0,0,0,0,0,0,0,0,1,1
RTC,iRhythm Holdings Inc,Healthcare,Medical Devices,USA,3380000000.0,,102.6,-2.28%,668321.0,0,1,0,0,0,0,0,0,0,0,1,1,0,0,0,0,0,0,0,0,0,0,0,0,0,0,0,0,3,0,3
SBA,Isabella Bank Corp,Financial,Banks - Regional,USA,293410000.0,14.15,38.46,1.16%,33727.0,0,0,0,0,0,0,0,0,1,0,0,0,0,0,0,0,0,0,0,0,0,0,0,0,0,0,0,0,1,0,1
SCG,iShares Morningstar Small-Cap Growth ETF,Financial,Exchange Traded Fund,USA,,,61.49,-0.03%,22596.0,0,0,0,0,0,0,0,0,1,0,0,0,0,0,0,0,0,0,0,0,0,0,0,0,0,0,0,0,1,0,1
SHG,iShares -3 Year International Treasury Bond ETF,Financial,Exchange Traded Fund,USA,,,73.74,0.01%,44644.0,0,0,0,0,0,0,0,0,0,0,0,0,0,0,0,0,0,0,0,0,1,0,0,0,0,0,0,0,1,0,1
SOU,IsoEnergy Ltd,Energy,Uranium,Canada,604310000.0,,9.26,-4.73%,153121.0,0,1,0,0,0,1,0,0,1,1,0,0,0,0,0,0,0,0,0,0,0,0,0,0,0,0,0,0,4,0,4
SRA,VanEck Israel ETF,Financial,Exchange Traded Fund,USA,,,65.54,-0.13%,6647.0,0,0,0,0,0,0,0,0,0,0,0,0,0,0,0,1,0,0,0,0,0,0,0,0,0,0,0,0,1,0,1
STM,iShares Strategic Metals ETF,Financial,Exchange Traded Fund,USA,,,29.08,-1.54%,15921.0,0,0,0,0,0,0,0,0,0,0,0,0,-1,-1,0,0,0,0,0,0,0,0,0,0,0,0,0,0,0,2,2
STR,Investar Holding Corp,Financial,Banks - Regional,USA,400360000.0,12.78,29.06,0.24%,54668.0,0,0,0,0,0,0,0,-1,0,0,0,0,0,0,0,0,0,0,0,0,0,0,0,0,0,0,0,0,0,1,1
SUL,GraniteShares 2x Long ISRG Daily ETF,Financial,Exchange Traded Fund,USA,,,16.98,0.25%,25661.0,0,0,0,0,0,0,0,0,0,0,0,0,0,0,0,0,0,0,0,0,0,0,0,1,0,0,0,0,1,0,1
SWN,Amplify BlackSwan ISWN ETF,Financial,Exchange Traded Fund,USA,,,20.74,-0.05%,1875.0,0,0,0,0,0,0,0,0,0,0,0,0,0,0,0,0,0,0,0,0,0,0,0,0,0,0,-1,0,0,1,1
T,Gartner Inc,Technology,Information Technology Services,USA,12340000000.0,17.53,195.41,5.19%,919831.0,0,0,0,0,0,0,0,-1,0,0,0,0,0,0,0,0,0,0,0,0,0,0,0,0,0,0,0,0,0,1,1
TAN,Sparkline Intangible Value ETF,Financial,Exchange Traded Fund,USA,,,43.99,0.37%,3954.0,0,0,0,0,0,0,0,-1,0,0,0,0,0,0,0,0,0,0,0,0,0,0,0,0,-1,0,0,0,0,2,2
TDG,iShares LifePath Target Date 2055 ETF,Financial,Exchange Traded Fund,USA,,,42.58,-0.53%,20524.0,0,0,0,-1,0,0,0,0,0,0,1,0,0,0,0,0,0,0,0,0,0,0,0,0,-1,0,0,0,1,2,3
TDI,iShares LifePath Target Date 2065 ETF,Financial,Exchange Traded Fund,USA,,,42.61,-0.55%,10395.0,0,0,0,0,0,0,0,0,0,0,1,0,0,0,0,0,0,0,0,0,0,0,0,0,-1,0,0,0,1,1,2
TDJ,iShares LifePath Target Date 2070 ETF,Financial,Exchange Traded Fund,USA,,,33.13,-0.58%,8145.0,0,0,0,-1,0,0,0,0,0,0,0,0,0,0,0,0,0,0,0,0,0,0,0,0,0,0,0,0,0,1,1
THA,ITHAX Acquisition Corp III,Financial,Shell Companies,USA,310320000.0,84.11,10.12,0.54%,7.0,0,0,0,0,0,0,0,0,0,0,0,0,0,0,0,0,0,1,0,0,0,0,0,0,0,0,0,0,1,0,1
TOC,iTonic Holdings Ltd,Healthcare,Medical Devices,China,29410000.0,,4.02,-3.13%,4592.0,0,1,0,0,0,0,0,0,0,0,0,0,0,0,0,0,0,0,0,0,0,0,0,0,0,0,0,0,1,0,1
TP,IT Tech Packaging Inc,Basic Materials,Paper & Paper Products,China,2510000.0,,0.15,3.86%,1122321.0,0,0,0,0,0,0,0,0,1,0,0,0,0,0,0,0,0,0,0,0,0,0,0,0,0,0,0,0,1,0,1
TT,ITT Inc,Industrials,Specialty Industrial Machinery,USA,17760000000.0,39.02,198.7,-0.84%,606477.0,0,1,0,0,0,0,0,0,0,0,1,0,0,0,0,0,0,0,0,0,1,0,0,0,-1,0,0,0,3,1,4
USG,iShares Core S&P U.S.Growth ETF,Financial,Exchange Traded Fund,USA,,,196.27,-1.18%,414427.0,0,0,0,0,0,0,0,0,0,0,1,1,0,0,0,0,0,0,0,0,0,0,0,0,0,0,0,0,2,0,2
VDA,Iveda Solutions Inc,Industrials,Security & Protection Services,USA,3290000.0,,0.26,-6.08%,232548.0,0,1,0,0,0,0,0,0,0,0,0,0,-1,0,0,0,0,0,0,0,0,0,0,0,0,0,0,0,1,1,2
VES,Dan IVES Wedbush AI Revolution ETF,Financial,Exchange Traded Fund,USA,,,41.3,-1.67%,899426.0,0,0,0,0,0,0,0,0,0,0,1,0,0,0,0,0,0,0,0,0,0,0,-1,0,0,0,0,0,1,1,2
VOG,Vanguard S&P Mid-Cap 400 Growth ETF,Financial,Exchange Traded Fund,USA,,,138.36,-0.21%,27263.0,0,0,0,0,0,0,0,0,1,0,0,0,0,0,0,0,0,0,0,0,0,0,0,0,0,0,0,0,1,0,1
VOL,Quadratic Interest Rate Volatility And Inflation Hedge ETF,Financial,Exchange Traded Fund,USA,,,17.25,-0.40%,171287.0,0,0,0,-1,0,0,0,0,0,0,0,0,0,0,0,0,0,0,0,0,0,0,0,0,0,0,0,0,0,1,1
VSI,Applied Finance IVS International Large ETF,Financial,Exchange Traded Fund,USA,,,28.59,-0.14%,6124.0,0,0,0,0,0,0,0,0,0,0,0,0,0,0,0,0,0,0,0,0,0,0,-1,0,0,0,0,0,0,1,1
VVB,iShares Large Cap Deep Quarterly Laddered ETF,Financial,Exchange Traded Fund,USA,,,35.75,-0.18%,36214.0,0,0,0,0,0,0,0,-1,0,0,0,0,0,0,0,0,0,0,0,0,0,0,0,0,0,0,0,0,0,1,1
VVD,Invivyd Inc,Healthcare,Biotechnology,USA,206450000.0,,0.7,-3.87%,10442653.0,0,0,0,0,0,1,0,0,0,0,0,0,0,0,0,0,0,0,0,-1,0,0,0,0,0,0,0,0,1,1,2
VW,iShares S&P 500 Growth ETF,Financial,Exchange Traded Fund,USA,,,144.09,-1.23%,2358744.0,0,0,0,0,0,0,0,-1,0,0,0,0,0,0,0,0,0,0,0,0,0,0,0,0,0,0,0,0,0,1,1
WC,iShares Micro-Cap ETF,Financial,Exchange Traded Fund,USA,,,182.79,-0.31%,247916.0,0,0,0,0,0,0,0,0,0,0,1,0,0,0,0,0,0,0,0,0,0,0,-1,0,0,0,0,0,1,1,2
WD,iShares Russell 1000 Value ETF,Financial,Exchange Traded Fund,USA,,,252.0,0.49%,1563168.0,0,0,0,0,0,0,0,0,0,0,0,0,0,0,0,0,0,0,0,0,0,0,-1,0,0,0,0,0,0,1,1
WFG,NYLIM Winslow Focused Large Cap Growth ETF,Financial,Exchange Traded Fund,USA,,,56.06,-1.24%,213.0,0,0,0,0,0,0,0,-1,0,0,0,0,0,0,0,0,0,0,0,0,0,0,0,0,0,0,0,0,0,1,1
WLG,NYLIM Winslow Large Cap Growth ETF,Financial,Exchange Traded Fund,USA,,,58.36,-1.70%,11049.0,0,0,0,0,0,0,0,0,0,0,1,1,0,0,0,0,0,0,0,0,0,0,0,0,0,0,0,0,2,0,2
WMY,Defiance R2000 Weekly Distribution ETF,Financial,Exchange Traded Fund,USA,,,16.86,-0.59%,86643.0,0,0,0,-1,0,0,0,0,0,0,0,0,0,0,0,0,0,0,0,0,0,0,0,0,0,0,0,0,0,1,1
WO,iShares Russell 2000 Growth ETF,Financial,Exchange Traded Fund,USA,,,353.47,-0.53%,1039932.0,0,0,0,0,0,0,0,0,0,0,0,0,0,0,0,0,0,0,0,0,1,0,-1,0,0,0,0,0,1,1,2
X,Orix Corp ADR,Financial,Financial Conglomerates,Japan,40190000000.0,10.15,36.69,-0.41%,664257.0,0,0,0,0,0,0,0,0,0,0,0,0,-1,0,0,0,0,0,0,0,0,0,0,0,0,0,0,0,0,1,1
XHL,Incannex Healthcare Inc,Healthcare,Drug Manufacturers - Specialty & Generic,Australia,40130000.0,,3.2,0.63%,47794.0,0,0,0,0,0,0,0,0,0,0,0,0,0,0,0,0,0,0,0,0,0,0,0,0,0,1,0,0,1,0,1
XP,iShares Global Comm Services ETF,Financial,Exchange Traded Fund,USA,,,118.64,-0.08%,10372.0,0,0,0,0,0,0,0,0,0,0,0,0,-1,0,0,0,0,0,0,0,0,0,0,0,0,0,0,0,0,1,1
XUS,iShares Core MSCI Total International Stock ETF,Financial,Exchange Traded Fund,USA,,,94.14,-0.80%,922149.0,0,0,0,0,0,0,0,-1,0,0,0,0,0,0,0,0,0,0,0,0,0,0,0,0,0,0,0,0,0,1,1
YC,iShares U.S. Consumer Discretionary ETF,Financial,Exchange Traded Fund,USA,,,97.27,0.81%,186964.0,0,0,0,0,0,0,0,0,0,0,0,0,-1,0,0,0,0,0,0,0,0,0,0,0,0,0,0,0,0,1,1
YK,iShares U.S. Consumer Staples ETF,Financial,Exchange Traded Fund,USA,,,73.5,2.24%,2110045.0,0,0,0,0,0,0,0,0,0,0,1,0,0,0,0,0,0,0,0,0,0,0,0,0,0,0,0,0,1,0,1
ZRL,ARK Israel Innovative Technology ETF,Financial,Exchange Traded Fund,USA,,,27.91,-0.06%,5231.0,0,0,0,0,0,0,0,0,1,0,0,0,0,0,0,0,0,0,0,0,0,0,0,0,0,0,0,0,1,0,1
AAA,Janus Henderson AAA CLO ETF,Financial,Exchange Traded Fund,USA,,,50.52,0.02%,7680628.0,0,0,0,0,0,0,0,0,0,0,0,0,-1,-1,0,0,0,0,0,0,0,0,0,0,0,0,0,0,0,2,2
ABS,Janus Henderson Asset-Backed Securities ETF,Financial,Exchange Traded Fund,USA,,,49.37,-0.03%,380.0,0,1,0,0,0,0,0,0,0,0,0,0,0,0,0,0,0,0,0,0,0,0,0,0,0,0,0,0,1,0,1
ACS,Jackson Acquisition Company II,Financial,Shell Companies,USA,319570000.0,37.51,10.8,-0.28%,15248.0,0,0,0,-1,0,1,0,0,0,0,0,0,0,0,0,0,0,1,0,0,0,0,0,0,0,0,0,0,2,1,3
ADE,JPMorgan Active Developing Markets Equity ETF,Financial,Exchange Traded Fund,USA,,,78.52,-1.76%,1045.0,0,0,0,0,0,0,0,0,0,0,1,1,0,0,0,0,0,0,0,0,0,0,0,0,-1,0,0,0,2,1,3
AJL,Innovator Equity Defined Protection ETF - 6mo Jan/Jul,Financial,Exchange Traded Fund,USA,,,30.37,-0.15%,20187.0,0,0,0,0,0,0,0,0,0,0,0,0,0,0,0,0,0,1,0,0,0,0,0,0,0,0,0,0,1,0,1
AKK,Jakks Pacific Inc,Consumer Cyclical,Leisure,USA,320000000.0,20.12,27.96,0.68%,94837.0,0,0,0,0,0,0,0,0,0,0,0,0,0,0,0,0,0,1,0,0,0,0,0,0,0,0,0,0,1,0,1
ANT,AllianzIM U.S. Equity Buffer10 Jan ETF,Financial,Exchange Traded Fund,USA,,,45.58,-0.17%,822.0,0,0,0,-1,0,0,0,-1,0,0,0,0,0,0,0,0,0,1,0,0,0,0,0,0,0,0,0,0,1,2,3
ANU,AllianzIM U.S. Equity Buffer15 Uncapped Jan ETF,Financial,Exchange Traded Fund,USA,,,30.8,-0.46%,5057.0,0,0,0,0,0,0,0,0,0,0,0,0,0,0,0,1,0,0,0,0,0,0,0,0,0,0,0,0,1,0,1
BGS,JBG SMITH Properties,Real Estate,REIT - Diversified,USA,822300000.0,,11.02,1.94%,1572133.0,0,1,0,0,0,0,0,0,1,0,0,0,0,0,0,0,0,0,0,0,0,0,0,0,0,0,0,0,2,0,2
BI,Janus International Group Inc,Industrials,Building Products & Equipment,USA,578480000.0,17.68,4.24,0.71%,2557590.0,0,0,0,0,0,0,0,0,1,0,0,0,0,0,0,0,0,0,0,0,0,0,0,0,0,0,0,0,1,0,1
BL,Jabil Inc,Technology,Electronic Components,USA,31350000000.0,30.6,299.16,-0.10%,1338509.0,0,0,0,0,0,1,0,0,1,0,0,0,0,0,0,1,0,0,0,0,0,0,0,0,0,0,0,0,3,0,3
BS,JBS NV,Consumer Defensive,Packaged Foods,Netherlands,13650000000.0,11.9,12.75,4.17%,7307272.0,0,0,0,0,0,0,0,0,1,0,0,0,0,0,0,0,0,0,0,0,0,0,0,0,0,0,0,0,1,0,1
CHI,JPMorgan Active China ETF,Financial,Exchange Traded Fund,USA,,,50.23,-1.31%,3120.0,0,0,0,0,0,0,0,0,0,0,0,0,0,0,0,1,0,0,0,0,0,0,0,0,0,0,0,0,1,0,1
CPI,JPMorgan Inflation Managed Bond ETF,Financial,Exchange Traded Fund,USA,,,46.28,0.35%,55455.0,0,1,0,0,0,0,0,0,0,0,0,0,0,0,0,0,0,0,0,0,0,0,0,0,0,0,0,0,1,0,1
D,JD.com Inc ADR,Consumer Cyclical,Internet Retail,China,32360000000.0,18.15,26.91,-0.44%,6662065.0,0,0,0,0,0,0,0,0,0,0,0,0,0,0,0,0,0,0,0,0,1,0,-1,0,0,0,0,0,1,1,2
DVI,John Hancock Disciplined Value International Select ETF,Financial,Exchange Traded Fund,USA,,,39.52,-0.40%,68024.0,0,1,0,0,0,0,0,0,0,0,0,0,0,0,0,0,0,0,0,0,0,0,0,0,0,0,0,0,1,0,1
EDI,Defiance Drone and Modern Warfare ETF,Financial,Exchange Traded Fund,USA,,,23.8,-2.70%,150804.0,0,0,0,0,0,0,0,0,1,0,0,0,0,0,0,0,0,0,0,0,0,0,0,0,0,0,-1,0,1,1,2
ELH,Janus Henderson Equity Linked High Income ETF,Financial,Exchange Traded Fund,USA,,,25.73,-0.16%,14076.0,0,0,0,0,0,1,0,0,0,0,0,0,0,0,0,0,0,0,0,0,0,0,0,0,0,0,0,0,1,0,1
ELM,Janus Henderson Equity Linked Moderate Income ETF,Financial,Exchange Traded Fund,USA,,,25.65,0.26%,43356.0,0,0,0,0,0,1,0,0,0,0,0,0,0,0,0,0,0,0,0,0,0,0,0,0,0,0,0,0,1,0,1
EM,707 Cayman Holdings Ltd,Consumer Cyclical,Apparel Retail,USA,,,3.46,-3.08%,15841.0,0,1,0,0,0,0,0,0,0,0,0,0,0,0,0,0,0,0,0,0,0,0,0,0,0,0,0,0,1,0,1
EMB,Janus Henderson Emerging Markets Debt Hard Currency ETF,Financial,Exchange Traded Fund,USA,,,50.78,0.51%,2327.0,0,0,0,0,0,0,0,0,0,0,1,0,0,0,0,0,0,0,0,0,0,0,0,0,0,0,0,0,1,0,1
EPI,JPMorgan Equity Premium Income ETF,Financial,Exchange Traded Fund,USA,,,56.67,0.39%,3835562.0,0,0,0,0,0,0,0,0,0,0,1,0,0,0,0,0,0,0,0,0,0,0,0,0,0,0,0,0,1,0,1
ETS,ESS U.S.Global Jets ETF,Financial,Exchange Traded Fund,USA,,,27.48,-0.69%,4432852.0,0,0,0,0,0,0,0,0,1,0,0,0,0,0,0,0,0,0,0,0,0,0,-1,0,0,0,0,0,1,1,2
F,J and Friends Holdings Ltd ADR,Financial,Credit Services,China,16200000.0,,0.95,3.03%,2143.0,0,0,0,0,0,0,0,0,1,1,0,0,0,0,0,0,0,0,0,0,0,0,0,0,0,0,0,0,2,0,2
FIN,Jiayin Group Inc ADR,Financial,Credit Services,China,33439999.999999996,2.14,1.32,-2.94%,41200.0,0,0,0,0,0,0,0,0,1,0,0,0,0,0,0,0,0,0,0,0,0,0,0,0,0,0,0,0,1,0,1
HAC,John Hancock Fundamental All Cap Core ETF,Financial,Exchange Traded Fund,USA,,,15.51,-0.03%,17.0,0,0,0,0,0,0,0,-1,0,0,0,0,0,0,0,0,0,0,0,0,0,0,0,0,0,0,0,0,0,1,1
HHY,John Hancock High Yield ETF,Financial,Exchange Traded Fund,USA,,,24.75,-0.01%,14852.0,0,0,0,-1,0,0,0,0,0,0,0,0,0,0,0,0,0,0,0,0,0,0,0,0,0,0,0,0,0,1,1
HLN,John Hancock Global Senior Loan ETF,Financial,Exchange Traded Fund,USA,,,24.45,-0.04%,4421.0,0,0,0,0,0,0,0,0,0,0,0,0,0,0,0,0,0,0,0,0,1,0,0,1,0,0,0,0,2,0,2
IG,JPMorgan International Growth ETF,Financial,Exchange Traded Fund,USA,,,83.96,-1.34%,33419.0,0,0,0,0,0,0,0,0,1,0,0,0,0,0,0,0,0,0,0,0,0,0,0,0,0,0,0,0,1,0,1
KS,JinkoSolar Holding Co Ltd ADR,Technology,Solar,China,435250000.0,,8.66,-2.70%,636889.0,0,0,0,0,0,1,0,0,0,0,0,0,0,0,0,0,0,0,0,0,0,0,0,0,0,0,0,0,1,0,1
LL,Jones Lang Lasalle Inc,Real Estate,Real Estate Services,USA,13950000000.0,14.53,303.14,2.18%,457545.0,0,1,0,0,0,0,0,0,0,0,0,0,0,0,0,0,0,0,0,0,0,0,0,0,0,0,0,0,1,0,1
MOM,JPMorgan U.S. Momentum Factor ETF,Financial,Exchange Traded Fund,USA,,,84.38,-0.76%,108871.0,0,0,0,0,0,0,0,0,0,0,1,1,0,0,0,0,0,0,0,0,0,0,0,0,-1,0,0,0,2,1,3
NJ,Johnson & Johnson,Healthcare,Drug Manufacturers - General,USA,618090000000.0,29.73,256.48,-0.76%,6177521.0,0,0,0,-1,0,0,0,-1,0,0,0,0,0,0,0,0,0,0,0,0,0,0,0,0,0,0,0,0,0,2,2
OBY,Joby Aviation Inc,Industrials,Airports & Air Services,USA,5710000000.0,,5.75,0.00%,30463402.0,0,0,0,0,0,0,0,0,1,0,0,0,0,0,0,0,0,0,0,0,0,0,0,0,0,0,0,0,1,0,1
OET,Virtus Terranova U.S. Quality Momentum ETF,Financial,Exchange Traded Fund,USA,,,45.76,-0.04%,7722.0,0,0,0,0,0,0,0,0,1,0,0,0,0,0,0,0,0,0,0,0,0,0,0,0,0,0,-1,0,1,1,2
OUL,Corgi High Voltage Grid Equipment ETF,Financial,Exchange Traded Fund,USA,,,22.87,-1.10%,4244.0,0,0,0,0,0,0,0,0,0,0,0,0,-1,0,0,0,0,0,0,0,0,0,0,1,0,0,0,0,1,1,2
PEF,JPMorgan Equity Focus ETF,Financial,Exchange Traded Fund,USA,,,82.37,-0.49%,27849.0,0,0,0,0,0,0,0,0,0,0,1,0,0,0,0,0,0,0,0,0,0,0,-1,0,0,0,0,0,1,1,2
PEM,JPMorgan Diversified Return Emerging Markets Equity ETF,Financial,Exchange Traded Fund,USA,,,63.69,-0.41%,20445.0,0,0,0,0,0,0,0,0,0,0,1,0,0,0,0,0,0,0,0,0,0,0,0,0,0,0,0,0,1,0,1
PNU,ZC SP ETN PERPETUAL USD - JPNU,Financial,Exchange Traded Fund,USA,,,25.97,-3.25%,470.0,0,0,0,0,0,0,0,0,0,0,0,0,0,0,0,0,0,0,0,0,0,0,-1,0,0,0,0,0,0,1,1
PST,JPMorgan Ultra-Short Income ETF,Financial,Exchange Traded Fund,USA,,,50.27,0.00%,7890160.0,0,1,0,0,0,0,0,0,0,0,0,0,0,0,0,0,0,0,0,0,0,0,0,0,0,0,0,0,1,0,1
PY,Lazard Japanese Equity ETF,Financial,Exchange Traded Fund,USA,,,39.14,-0.71%,1266.0,0,0,0,0,0,0,0,-1,0,0,0,0,0,0,0,0,0,0,0,0,0,0,0,0,0,0,0,0,0,1,1
QC,Nuveen Credit Strategies Income Fund,Financial,Closed-End Fund - Debt,USA,682910000.0,,4.62,-0.65%,434984.0,0,0,0,0,0,0,0,0,1,1,0,0,0,0,0,0,0,0,0,0,0,0,0,0,0,0,0,0,2,0,2
RI,Nuveen Real Asset Income and Growth Fund,Financial,Closed-End Fund - Equity,USA,380440000.0,,10.51,0.19%,220022.0,0,1,0,0,0,0,0,0,0,0,0,0,0,0,0,0,0,0,0,0,0,0,0,0,0,0,0,0,1,0,1
SMD,Janus Henderson Small/Mid Cap Growth Alpha ETF,Financial,Exchange Traded Fund,USA,,,90.42,-0.20%,65365.0,0,0,0,0,0,0,0,0,1,0,0,0,0,0,0,0,0,0,0,0,0,0,0,0,0,0,0,0,1,0,1
SML,Janus Henderson Small Cap Growth Alpha ETF,Financial,Exchange Traded Fund,USA,,,86.61,0.09%,27467.0,0,0,0,0,0,0,0,0,0,0,0,0,0,0,0,0,0,0,0,0,1,0,-1,0,0,0,0,0,1,1,2
SPR,Jasper Therapeutics Inc,Healthcare,Biotechnology,USA,18640000.0,,0.56,-1.70%,362713.0,0,0,0,0,0,0,0,0,0,0,0,0,0,0,0,0,0,0,0,0,0,0,0,0,0,0,0,1,1,0,1
STC,Adasina Social Justice All Cap Global ETF,Financial,Exchange Traded Fund,USA,,,22.58,-0.55%,92867.0,0,1,0,0,0,0,0,0,0,0,1,1,0,0,0,0,0,0,0,0,0,0,0,0,-1,0,0,0,3,1,4
TEK,JPMorgan U.S. Tech Leaders ETF,Financial,Exchange Traded Fund,USA,,,106.0,-1.32%,178373.0,0,0,0,0,0,0,0,0,0,0,1,0,0,0,0,0,0,0,0,0,0,0,0,0,-1,0,0,0,1,1,2
UDO,Janus Henderson U.S. Equity Enhanced Income ETF,Financial,Exchange Traded Fund,USA,,,28.54,-0.43%,1018.0,0,0,0,0,0,1,0,0,0,0,0,0,0,0,0,0,0,0,0,0,0,0,0,0,0,0,0,0,1,0,1
ULB,Aptus July Buffer ETF,Financial,Exchange Traded Fund,USA,,,28.36,-0.25%,1348.0,0,0,0,0,0,0,0,0,0,0,1,0,0,0,0,0,0,0,0,0,0,0,0,0,0,0,0,0,1,0,1
ULJ,Innovator Premium Income 30 Barrier ETF - July,Financial,Exchange Traded Fund,USA,,,24.88,-0.06%,3123.0,0,0,0,0,0,0,0,0,0,0,0,0,0,0,0,0,0,0,0,0,0,0,0,0,0,1,0,0,1,0,1
ULP,PGIM S&P 500 Buffer 12 ETF - July,Financial,Exchange Traded Fund,USA,,,33.57,-0.44%,11986.0,0,0,0,0,0,0,0,0,0,0,1,0,0,0,0,0,0,0,0,0,0,0,0,0,0,0,0,0,1,0,1
UNW,AllianzIM U.S. Equity Buffer20 Jun ETF,Financial,Exchange Traded Fund,USA,,,35.2,-0.03%,29585.0,0,0,0,0,0,0,0,-1,0,0,0,0,0,0,0,0,0,0,0,0,0,0,0,0,0,0,0,0,0,1,1
XG,JX Luxventure Group Inc,Consumer Cyclical,Apparel Manufacturing,China,85380000.0,,7.08,-2.21%,2448.0,0,0,0,0,0,0,0,0,1,0,0,0,0,0,0,0,0,0,0,0,0,0,0,0,0,0,0,0,1,0,1
XX,Janus Henderson Transformational Growth ETF,Financial,Exchange Traded Fund,USA,,,31.52,-2.69%,1161.0,0,0,0,0,0,0,0,0,0,0,0,0,0,0,0,1,0,0,0,0,0,0,0,0,0,0,0,0,1,0,1
YNT,Joint Corp,Healthcare,Medical Care Facilities,USA,100700000.0,27.29,7.12,-1.11%,80570.0,0,0,0,0,0,0,0,0,1,0,0,0,0,0,0,0,0,0,0,0,0,0,0,0,0,0,0,0,1,0,1
APA,Kairos Pharma Ltd,Healthcare,Biotechnology,USA,3250000.0,,0.96,10.29%,5820298.0,0,0,0,0,0,1,0,0,1,1,0,0,0,0,0,0,0,0,0,0,0,0,0,0,0,0,0,0,3,0,3
ARS,KraneShares Electric Vehicles and Future Mobility Index ETF,Financial,Exchange Traded Fund,USA,,,27.6,-0.88%,5076.0,0,0,0,0,0,1,0,0,1,1,0,0,0,0,0,0,0,0,0,0,0,0,0,0,0,0,0,0,3,0,3
AZR,Skyline Builders Group Holding Ltd,Industrials,Engineering & Construction,Hong Kong,38580000.0,,2.15,-6.11%,162351.0,0,0,0,0,0,0,0,0,1,0,0,0,0,0,0,0,0,0,0,0,0,0,0,0,0,0,0,0,1,0,1
BA,KraneSharesBosera MSCI China A 50 Connect Index ETF,Financial,Exchange Traded Fund,USA,,,30.48,-0.62%,18298.0,0,0,0,0,0,1,0,0,1,1,0,0,0,0,0,0,0,0,0,0,0,0,0,0,0,0,0,0,3,0,3
BDC,Kayne Anderson BDC Inc,Financial,Asset Management,USA,826130000.0,11.49,12.51,0.89%,419959.0,0,0,0,0,0,0,0,0,1,0,0,0,0,0,0,0,0,0,0,0,0,0,0,0,0,0,0,0,1,0,1
BFR,Innovator U.S. Small Cap Managed 10 Buffer ETF,Financial,Exchange Traded Fund,USA,,,26.45,0.24%,684.0,0,0,0,0,0,0,0,0,1,0,0,0,0,0,0,0,0,0,0,0,0,0,0,0,0,0,0,0,1,0,1
BON,Karbon Capital Partners Corp,Financial,Shell Companies,USA,446090000.0,98.06,10.12,0.20%,90540.0,0,0,0,-1,0,0,0,0,0,0,0,0,0,0,0,1,0,0,0,0,0,0,0,0,0,0,0,0,1,1,2
BWD,Invesco KBW High Dividend Yield Financial ETF,Financial,Exchange Traded Fund,USA,,,10.73,0.88%,836605.0,0,0,0,0,0,0,0,0,0,0,0,0,-1,0,0,0,0,0,0,0,0,0,0,0,0,0,0,0,0,1,1
C,Kingsoft Cloud Holdings Ltd ADR,Technology,Software - Application,China,2620000000.0,,8.74,-5.31%,1994771.0,0,0,0,0,0,0,0,0,1,0,0,0,0,0,0,0,0,0,0,0,0,0,0,0,0,0,0,0,1,0,1
CA-U,Kensington Capital Acquisition Corp VI,Financial,Shell Companies,USA,239680000.0,,10.09,0.20%,2676.0,0,0,0,0,0,0,0,0,1,0,0,0,0,0,0,0,0,0,0,0,0,0,0,0,0,0,0,0,1,0,1
CCA,Kraneshares California Carbon Allowance Strategy ETF,Financial,Exchange Traded Fund,USA,,,17.01,-0.21%,8010.0,0,1,0,0,0,0,0,0,0,0,1,0,0,0,0,0,0,0,0,0,0,0,0,0,0,0,0,0,2,0,2
CHV,Kochav Defense Acquisition Corp,Financial,Shell Companies,USA,359360000.0,40.07,10.49,0.10%,12128.0,0,0,0,0,0,0,0,0,0,0,0,0,0,0,0,0,0,1,0,0,0,0,0,0,0,0,0,0,1,0,1
COP,Kurv Copper & Mining Enhanced Income ETF,Financial,Exchange Traded Fund,USA,,,22.56,-1.31%,20375.0,0,0,0,-1,0,0,0,0,0,0,0,0,0,0,0,1,0,0,0,0,0,0,0,0,0,0,0,0,1,1,2
CSH,KraneShares Sustainable Ultra Short Duration Index ETF,Financial,Exchange Traded Fund,USA,,,25.03,-0.02%,281.0,0,1,0,0,0,0,0,0,0,0,0,0,0,0,0,0,0,0,0,0,0,0,0,0,0,0,0,0,1,0,1
E,Kimball Electronics Inc,Industrials,Electrical Equipment & Parts,USA,690730000.0,25.49,28.79,-0.96%,275235.0,0,0,0,0,0,0,0,0,0,0,1,0,0,0,0,0,0,0,0,0,0,0,0,0,0,0,0,0,1,0,1
EEL,Keel Infrastructure Corp,Technology,Information Technology Services,USA,1950000000.0,,3.15,-5.41%,31351952.0,0,0,0,0,0,0,0,0,1,0,0,0,0,0,0,0,0,0,0,0,0,0,0,0,0,0,0,0,1,0,1
EMQ,KraneShares EM Internet & Tech,Financial,Exchange Traded Fund,USA,,,24.47,-1.65%,139.0,0,0,0,-1,0,0,0,0,0,0,0,0,0,0,0,1,0,0,0,0,0,0,0,0,0,0,0,0,1,1,2
EQU,Kewaunee Scientific Corp,Consumer Cyclical,"Furnishings, Fixtures & Appliances",USA,97920000.0,12.23,33.82,-0.06%,5486.0,0,0,0,0,0,0,0,0,0,0,0,0,-1,-1,0,0,0,0,0,0,0,0,0,0,0,0,0,0,0,2,2
EX,Kirby Corp,Industrials,Marine Shipping,USA,7290000000.0,21.22,138.11,0.55%,356703.0,0,1,0,0,0,0,0,0,0,0,0,0,-1,0,0,0,0,0,0,0,0,0,0,0,0,0,0,0,1,1,2
EYS,Keysight Technologies Inc,Technology,Scientific & Technical Instruments,USA,63790000000.0,51.61,374.67,-1.77%,1992763.0,0,0,0,0,0,1,0,0,0,0,0,0,0,0,0,0,0,0,0,0,0,0,0,0,0,0,0,0,1,0,1
FII,K&F Growth Acquisition Corp II,Financial,Shell Companies,USA,419640000.0,39.71,10.69,-0.19%,22.0,0,0,0,0,0,1,0,0,0,0,0,0,0,0,0,0,0,0,0,0,0,0,0,0,0,0,0,0,1,0,1
GS,Kodiak Gas Services Inc,Energy,Oil & Gas Equipment & Services,USA,5420000000.0,63.93,53.57,-1.96%,1939852.0,0,0,0,0,0,0,0,0,1,0,0,0,0,0,0,0,0,0,0,0,0,0,0,0,0,0,0,0,1,0,1
IO,KKR Income Opportunities Fund,Financial,Closed-End Fund - Debt,USA,418050000.0,,10.2,-0.10%,421735.0,0,0,0,0,0,0,0,0,1,0,0,0,0,0,0,0,0,0,0,0,0,0,0,0,0,0,0,0,1,0,1
JD,KraneShares 2x Long JD Daily ETF,Financial,Exchange Traded Fund,USA,,,14.69,-0.90%,5949.0,0,0,0,0,0,0,0,0,0,0,0,0,-1,0,0,0,0,0,0,0,0,0,0,0,0,0,0,0,0,1,1
JUL,Innovator U.S. Small Cap Power Buffer ETF - July,Financial,Exchange Traded Fund,USA,,,32.9,0.09%,6463.0,0,0,0,0,0,0,0,0,1,0,0,0,0,0,0,0,0,0,0,0,0,0,0,0,0,0,0,0,1,0,1
JUN,Innovator U.S. Small Cap Power Buffer ETF - June,Financial,Exchange Traded Fund,USA,,,28.94,0.01%,3926.0,0,0,0,0,0,0,0,0,1,0,0,0,0,0,0,0,0,0,0,0,0,0,0,0,0,0,0,0,1,0,1
LAC,KLA Corp,Technology,Semiconductor Equipment & Materials,USA,256720000000.00003,53.64,196.72,-0.06%,10148398.0,0,1,0,0,0,0,0,0,0,0,0,0,0,0,0,0,0,0,0,0,0,0,0,0,0,0,0,0,1,0,1
LIP,KraneShares KWEB Covered Call Strategy ETF,Financial,Exchange Traded Fund,USA,,,21.6,-0.74%,26051.0,0,0,0,0,0,0,0,0,1,0,0,0,0,0,0,0,0,0,0,0,0,0,0,0,0,0,0,0,1,0,1
LMN,Invesco MSCI North America Climate ETF,Financial,Exchange Traded Fund,USA,,,31.75,-0.42%,18.0,0,0,0,0,0,0,0,0,0,0,1,0,0,0,0,0,0,0,0,0,0,0,0,0,-1,0,0,0,1,1,2
LMT,Invesco MSCI Global Climate 500 ETF,Financial,Exchange Traded Fund,USA,,,34.95,-0.58%,1280.0,0,0,0,0,0,0,0,0,0,0,0,0,0,0,0,0,0,0,0,0,0,0,0,0,-1,0,0,0,0,1,1
MI,Kinder Morgan Inc,Energy,Oil & Gas Midstream,USA,71810000000.0,20.8,32.25,1.35%,16922139.0,0,1,0,0,0,1,0,0,1,1,0,0,0,0,0,0,0,0,0,0,0,0,0,0,0,0,0,0,4,0,4
MID,Virtus KAR Mid-Cap ETF,Financial,Exchange Traded Fund,USA,,,23.42,0.31%,10641.0,0,0,0,0,0,0,0,0,0,0,0,0,-1,0,0,0,0,0,0,0,0,0,0,0,0,0,0,0,0,1,1
MPR,Kemper Corp,Financial,Insurance - Property & Casualty,USA,1620000000.0,,27.47,4.65%,1049924.0,0,0,0,0,0,0,0,0,1,1,1,0,0,0,0,0,0,0,0,0,0,0,0,0,0,0,0,0,3,0,3
MTS,Kestra Medical Technologies Ltd,Healthcare,Medical Instruments & Supplies,USA,1530000000.0,,25.77,-2.72%,379727.0,0,0,0,-1,0,0,0,0,0,0,1,1,0,0,0,0,0,0,0,0,0,0,0,0,0,0,0,0,2,1,3
NF,Knife River Corp,Basic Materials,Building Materials,USA,2970000000.0,21.3,52.27,3.42%,1483315.0,0,0,0,0,0,0,0,0,0,0,1,0,0,0,0,0,0,0,0,0,0,0,0,0,0,0,0,0,1,0,1
NG,FT Vest S&P 500 Dividend Aristocrats Target Income ETF,Financial,Exchange Traded Fund,USA,,,48.87,1.43%,553743.0,0,0,0,0,0,0,0,0,0,0,0,0,-1,0,0,0,0,0,0,0,0,0,0,0,0,0,0,0,0,1,1
NO,AXS Knowledge Leaders ETF,Financial,Exchange Traded Fund,USA,,,62.62,-0.83%,114.0,0,0,0,0,0,0,0,0,0,0,1,0,0,0,0,0,0,0,0,0,0,0,-1,0,0,0,0,0,1,1,2
NOP,KNOT Offshore Partners LP,Energy,Oil & Gas Midstream,United Kingdom,358660000.0,23.77,10.38,0.39%,21514.0,0,0,0,0,0,1,0,0,0,0,1,0,0,0,0,0,0,0,0,0,0,0,0,0,-1,0,0,0,2,1,3
NSA,Kiniksa Pharmaceuticals International Plc,Healthcare,Drug Manufacturers - Specialty & Generic,United Kingdom,6140000000.0,80.07,78.75,1.01%,411567.0,0,0,0,0,0,0,0,0,0,0,0,0,0,0,0,0,0,0,0,0,1,0,0,0,-1,0,0,0,1,1,2
NSL,Kinsale Capital Group Inc,Financial,Insurance - Property & Casualty,USA,7740000000.0,13.77,339.65,2.71%,207410.0,0,0,0,0,0,0,0,0,0,0,0,0,0,0,0,0,0,0,0,0,0,0,0,0,0,0,0,1,1,0,1
NTK,Kinetik Holdings Inc,Energy,Oil & Gas Midstream,USA,8840000000.0,19.7,54.41,1.28%,1106057.0,0,0,0,-1,0,0,0,0,0,0,0,0,0,0,0,0,0,0,0,0,0,0,0,0,0,0,0,0,0,1,1
NX,Knight-Swift Transportation Holdings Inc,Industrials,Trucking,USA,10590000000.0,247.43,65.05,2.25%,2972026.0,0,0,0,0,0,0,0,0,1,0,0,0,0,0,0,0,0,0,0,0,0,0,0,0,0,0,0,0,1,0,1
O,Coca-Cola Co,Consumer Defensive,Beverages - Non-Alcoholic,USA,377630000000.0,26.44,87.77,2.27%,15895007.0,0,0,0,-1,0,0,0,0,0,0,0,0,0,0,0,0,0,0,0,0,0,0,0,0,0,0,0,0,0,1,1
OKU,Xtrackers MSCI Kokusai Equity ETF,Financial,Exchange Traded Fund,USA,,,133.11,-0.40%,88.0,0,0,0,0,0,0,0,0,0,0,0,0,0,0,0,0,0,1,0,0,0,0,0,0,0,0,0,0,1,0,1
OMP,State Street SPDR S&P Kensho New Economies Composite ETF,Financial,Exchange Traded Fund,USA,,,65.61,-1.19%,50146.0,0,0,0,0,0,0,0,0,0,0,0,0,0,0,0,1,0,0,0,0,0,0,0,0,0,0,0,0,1,0,1
OOL,North Shore Equity Rotation ETF,Financial,Exchange Traded Fund,USA,,,14.81,-0.53%,191.0,0,0,0,0,0,0,0,-1,0,0,0,0,0,0,0,0,0,0,0,0,0,0,0,0,0,0,0,0,0,1,1
OS,Kosmos Energy Ltd,Energy,Oil & Gas E&P,USA,1600000000.0,,2.69,3.86%,12181119.0,0,1,0,0,0,0,0,0,0,0,0,0,0,0,0,0,0,0,0,0,0,0,0,0,0,0,0,0,1,0,1
OSS,Koss Corp,Technology,Consumer Electronics,USA,34930000.0,,3.69,-1.07%,35505.0,0,0,0,0,0,0,0,0,0,0,0,0,-1,0,0,0,0,0,0,0,0,0,0,0,0,0,0,0,0,1,1
OYN,CSLM Digital Asset Acquisition Corp III Ltd,Financial,Shell Companies,USA,323780000.0,67.54,10.26,0.00%,643717.0,0,0,0,0,0,0,0,0,0,0,0,0,0,0,0,0,0,1,0,0,0,0,0,0,0,0,0,0,1,0,1
PRX,Kiora Pharmaceuticals Inc,Healthcare,Biotechnology,USA,11190000.0,,2.53,0.00%,24283.0,0,0,0,0,0,0,0,0,0,0,0,0,0,0,0,1,0,0,0,0,0,0,0,0,0,0,0,0,1,0,1
QQQ,Kurv Technology Titans Select ETF,Financial,Exchange Traded Fund,USA,,,29.71,-1.47%,37058.0,0,0,0,0,0,0,0,0,0,0,0,0,0,0,0,1,0,0,0,0,0,0,0,0,0,0,0,0,1,0,1
RAQ,KRAKacquisition Corp,Financial,Shell Companies,USA,432760000.0,,10.03,0.05%,15956.0,0,0,0,0,0,0,0,0,0,0,1,0,0,0,0,0,0,0,0,0,0,0,0,0,-1,0,0,0,1,1,2
RKR,36Kr Holdings Inc ADR,Communication Services,Advertising Agencies,China,5430000.0,1.46,3.05,-1.19%,3332.0,0,0,0,0,0,0,0,0,1,0,0,0,0,0,0,0,0,0,0,0,0,0,0,0,0,0,0,0,1,0,1
RMD,KORU Medical Systems Inc,Healthcare,Medical Instruments & Supplies,USA,138510000.0,,3.0,0.67%,235930.0,0,0,0,0,0,0,0,0,1,0,0,0,0,0,0,0,0,0,0,0,0,0,0,0,0,0,0,0,1,0,1
RNT,Kornit Digital Ltd,Industrials,Specialty Industrial Machinery,Israel,780060000.0,,18.16,1.25%,348919.0,0,0,0,0,0,1,0,0,0,0,0,0,0,0,0,0,0,1,0,0,0,0,0,0,0,0,0,0,2,0,2
RNY,Kearny Financial Corp,Financial,Banks - Regional,USA,597350000.0,16.02,9.2,0.99%,794988.0,0,0,0,0,0,0,0,-1,0,0,0,0,0,0,0,0,0,0,0,0,0,0,0,0,0,0,0,0,0,1,1
ROS,Keros Therapeutics Inc,Healthcare,Biotechnology,USA,230790000.0,,11.64,3.84%,245658.0,0,0,0,0,0,1,0,0,0,0,0,0,0,0,0,0,0,0,0,-1,0,0,0,0,0,0,0,0,1,1,2
RP,Kimbell Royalty Partners LP,Energy,Oil & Gas E&P,USA,1950000000.0,21.34,15.16,1.61%,783424.0,0,1,0,0,0,1,0,0,0,0,0,0,0,0,0,0,0,0,0,0,1,0,0,0,-1,0,0,0,3,1,4
RSP,Rice Acquisition Corp 3,Financial,Shell Companies,USA,486250000.0,59.72,10.57,-0.09%,514.0,0,0,0,0,0,0,0,0,0,0,1,1,0,0,0,0,0,0,0,0,0,0,0,0,-1,0,0,0,2,1,3
RYS,Krystal Biotech Inc,Healthcare,Biotechnology,USA,9690000000.0,41.02,327.3,0.84%,271469.0,0,0,0,0,0,0,0,0,0,0,0,0,0,0,0,1,0,0,0,0,0,0,0,0,0,0,0,0,1,0,1
SA,iShares MSCI Saudi Arabia ETF,Financial,Exchange Traded Fund,USA,,,36.09,-1.74%,469322.0,0,0,0,0,0,0,0,0,0,0,0,0,-1,-1,0,0,0,0,0,0,0,0,0,0,0,0,0,0,0,2,2
SLV,Kurv Silver Enhanced Income ETF,Financial,Exchange Traded Fund,USA,,,23.08,-1.11%,108534.0,0,0,0,0,0,0,0,0,1,0,0,0,0,0,0,0,0,0,0,0,0,0,0,0,0,0,0,0,1,0,1
STR,KraneShares China Technology & Semiconductor STAR 50 Index ETF,Financial,Exchange Traded Fund,USA,,,20.87,-5.52%,1543465.0,0,0,0,0,0,0,0,0,1,0,0,0,0,0,0,0,0,0,0,0,0,0,0,0,0,0,0,0,1,0,1
TEC,KraneShares Hang Seng TECH Index ETF,Financial,Exchange Traded Fund,USA,,,11.41,-1.47%,29045.0,0,0,0,0,0,0,0,0,0,0,0,0,-1,0,0,0,0,0,0,0,0,0,0,0,0,0,0,0,0,1,1
TTA,Pasithea Therapeutics Corp,Healthcare,Biotechnology,USA,14740000.0,,0.44,-0.56%,56164.0,0,0,0,0,0,0,0,0,1,0,0,0,0,0,0,0,0,0,0,0,0,0,0,0,0,0,0,0,1,0,1
URA,Kura Oncology Inc,Healthcare,Biotechnology,USA,935870000.0,,10.52,-1.41%,1644502.0,0,0,0,-1,0,1,0,0,0,0,0,0,0,0,0,0,0,0,0,0,0,0,0,0,0,0,0,0,1,1,2
YIV,Kyivstar Group Ltd,Communication Services,Telecom Services,United Arab Emirates,2830000000.0,17.82,12.2,-2.48%,261814.0,0,0,0,0,0,0,0,0,1,0,0,0,0,0,0,0,0,0,0,0,0,0,0,0,0,0,0,0,1,0,1
YMR,Kymera Therapeutics Inc,Healthcare,Biotechnology,USA,9090000000.0,,109.3,0.88%,1044701.0,0,0,0,-1,0,0,0,0,0,0,0,0,0,0,0,0,0,0,0,0,0,0,0,0,0,0,0,0,0,1,1
YN,Kayne Anderson Energy Infrastructure Fund Inc,Financial,Closed-End Fund - Equity,USA,2400000000.0,,14.21,1.50%,296809.0,0,0,0,0,0,0,0,0,0,0,0,0,0,0,0,0,0,1,0,0,0,0,0,0,0,0,0,0,1,0,1
YTX,Kyverna Therapeutics Inc,Healthcare,Biotechnology,USA,382190000.0,,6.18,0.16%,1317003.0,0,0,0,0,0,0,0,0,1,0,0,0,0,0,0,0,0,0,0,0,0,0,0,0,0,0,0,0,1,0,1
ADR,Ladder Capital Corp,Real Estate,REIT - Mortgage,USA,1120000000.0,21.32,8.85,2.08%,2488377.0,0,1,0,-1,0,0,0,0,1,1,0,0,0,0,0,0,0,0,0,0,0,0,0,0,0,0,0,0,3,1,4
AKE,Lakeland Industries Inc,Consumer Cyclical,Apparel Manufacturing,USA,100210000.0,,10.09,-5.61%,159250.0,0,0,0,0,0,0,0,0,0,0,0,0,0,0,0,0,0,0,0,0,0,0,0,0,0,0,-1,0,0,1,1
ALT,First Trust Multi-Strategy Alternative ETF,Financial,Exchange Traded Fund,USA,,,24.89,0.08%,137726.0,0,0,0,0,0,0,0,0,0,0,0,0,-1,-1,0,0,0,0,0,0,0,0,0,0,0,0,0,0,0,2,2
AR,Lithium Argentina AG,Basic Materials,Other Industrial Metals & Mining,Switzerland,848960000.0,,5.26,-2.05%,1308261.0,0,0,0,0,0,0,0,0,1,0,0,0,0,0,0,0,0,0,0,0,0,0,0,0,0,0,0,0,1,0,1
AUR,Laureate Education Inc,Consumer Defensive,Education & Training Services,USA,5400000000.0,17.6,39.2,1.66%,992252.0,0,0,0,0,0,0,0,0,0,0,0,0,-1,0,0,0,0,0,0,0,0,0,0,0,0,0,0,0,0,1,1
AZ,Lazard Inc,Financial,Capital Markets,USA,3490000000.0,17.56,35.82,0.00%,1645609.0,0,0,0,0,0,0,0,0,0,0,0,0,0,0,0,1,0,0,0,0,0,0,0,0,0,0,0,0,1,0,1
CDS,JPMorgan Fundamental Data Science Large Core ETF,Financial,Exchange Traded Fund,USA,,,74.3,-0.39%,79.0,0,0,0,-1,0,0,0,0,0,0,0,0,0,0,0,0,0,0,0,0,0,0,0,0,0,0,0,0,0,1,1
CF,Touchstone US Large Cap Focused ETF,Financial,Exchange Traded Fund,USA,,,46.39,-0.24%,569.0,0,0,0,0,0,0,0,-1,0,0,0,0,0,0,0,0,0,0,0,0,0,0,0,0,-1,0,0,0,0,2,2
CO,LOGIQ Contrarian Opportunities ETF,Financial,Exchange Traded Fund,USA,,,27.71,-0.98%,28.0,0,0,0,0,0,0,0,0,0,0,0,0,0,0,0,0,0,0,0,0,0,0,0,0,-1,0,0,0,0,1,1
CTO,Kurv U.S. Large Cap TaxOptimized ETF,Financial,Exchange Traded Fund,USA,,,24.84,-0.43%,15.0,0,0,0,0,0,0,0,0,0,0,0,0,-1,0,0,0,0,0,0,0,0,0,0,0,0,0,0,0,0,1,1
CTX,Lineage Cell Therapeutics Inc,Healthcare,Biotechnology,USA,260500000.0,,1.03,8.70%,2008089.0,0,0,0,0,0,0,0,0,1,0,0,0,0,0,0,0,0,0,0,0,0,0,0,0,0,0,0,0,1,0,1
DDR,LifeX 2035 Income Bucket ETF,Financial,Exchange Traded Fund,USA,,,74.32,0.27%,5364.0,0,0,0,0,0,0,0,0,0,0,0,0,0,0,0,0,0,0,0,-1,0,0,0,0,0,0,0,0,0,1,1
DEM,iShares ESG MSCI EM Leaders ETF,Financial,Exchange Traded Fund,USA,,,59.87,-1.70%,114.0,0,0,0,0,0,0,0,0,0,0,0,0,0,0,0,1,0,0,0,0,0,0,0,0,0,0,0,0,1,0,1
DRH,iShares iBonds 1-5 Year High Yield and Income Ladder ETF,Financial,Exchange Traded Fund,USA,,,24.0,0.04%,8462.0,0,0,0,-1,0,0,0,0,0,0,0,0,0,0,0,0,0,0,0,0,0,0,0,0,0,0,0,0,0,1,1
DSF,First Trust Low Duration Strategic Focus ETF,Financial,Exchange Traded Fund,USA,,,18.47,0.22%,55727.0,0,0,0,0,0,0,0,0,1,0,0,0,0,0,0,0,0,0,0,0,0,0,0,0,0,0,0,0,1,0,1
E,Lands' End Inc,Consumer Cyclical,Apparel Retail,USA,306960000.0,0.92,10.39,-2.26%,225909.0,0,1,0,0,0,0,0,0,0,0,0,0,0,0,0,0,0,0,0,0,0,0,0,0,0,0,0,0,1,0,1
EA,Lear Corp,Consumer Cyclical,Auto Parts,USA,5850000000.0,11.05,118.53,-0.92%,640701.0,0,0,0,0,0,0,0,0,1,0,0,0,0,0,0,0,0,0,0,0,0,0,0,0,0,0,0,0,1,0,1
EE,Lee Enterprises Inc,Communication Services,Publishing,USA,167190000.0,,7.5,1.76%,34685.0,0,0,0,0,0,0,0,0,1,1,0,0,0,0,0,0,0,0,0,0,0,0,0,0,0,0,-1,0,2,1,3
EGR,First Trust Indxx Innovative Transaction & Process ETF,Financial,Exchange Traded Fund,USA,,,64.71,-0.18%,1012.0,0,0,0,0,0,0,0,0,0,0,0,0,0,0,0,0,0,0,0,0,0,0,-1,0,0,0,0,0,0,1,1
EN,Lennar Corp,Consumer Cyclical,Residential Construction,USA,18450000000.0,14.68,77.6,1.93%,6017076.0,0,0,0,0,0,1,0,0,0,0,0,0,0,0,0,0,0,0,0,-1,0,0,0,0,0,0,0,0,1,1,2
EU,Centrus Energy Corp,Energy,Uranium,USA,2910000000.0,64.83,142.09,-3.43%,907675.0,0,0,0,0,0,0,0,0,1,0,0,0,0,0,0,0,0,0,0,0,0,0,0,0,0,0,0,0,1,0,1
EUX,Tradr 2X Long LEU Daily ETF,Financial,Exchange Traded Fund,USA,,,7.37,-6.47%,191945.0,0,0,0,0,0,0,0,0,1,0,0,0,0,0,0,0,0,0,0,0,0,0,0,0,0,0,0,0,1,0,1
FAO,LifeX 2055 Longevity Income ETF,Financial,Exchange Traded Fund,USA,,,151.18,0.70%,9.0,0,0,0,0,0,0,0,0,1,0,0,0,0,0,0,0,0,0,0,0,0,0,0,0,0,0,0,0,1,0,1
FDR,LifeX Durable Income ETF,Financial,Exchange Traded Fund,USA,,,168.61,0.89%,46.0,0,0,0,0,0,0,0,0,1,0,0,0,0,0,0,0,0,0,0,0,0,0,0,0,0,0,0,0,1,0,1
FEQ,VanEck Long/Flat Trend ETF,Financial,Exchange Traded Fund,USA,,,61.64,-0.49%,2165.0,0,0,0,0,0,0,0,0,0,0,1,0,0,0,0,0,0,0,0,0,0,0,0,0,-1,0,0,0,1,1,2
FGY,YieldMax Crypto Industry & Tech Portfolio Option Income ETF,Financial,Exchange Traded Fund,USA,,,17.95,-3.65%,66152.0,0,0,0,0,0,0,0,0,0,0,0,0,-1,0,0,0,0,0,0,0,0,0,0,0,0,0,0,0,0,1,1
FUS,Littelfuse Inc,Technology,Electronic Components,USA,10800000000.0,,425.3,-2.17%,195809.0,0,1,0,0,0,0,0,0,0,0,0,0,-1,-1,0,0,0,0,0,0,0,0,0,0,0,0,0,0,1,2,3
GCL,Lucas GC Ltd,Technology,Software - Application,China,3200000.0,,2.46,-12.77%,387572.0,0,0,0,0,0,0,0,0,0,0,1,0,0,0,0,0,0,0,0,0,0,0,0,0,0,0,0,0,1,0,1
GH,HCM Defender 500 Index ETF,Financial,Exchange Traded Fund,USA,,,67.02,-0.72%,28868.0,0,0,0,0,0,0,0,-1,0,0,0,0,0,0,0,0,0,0,0,0,0,0,0,0,0,0,0,0,0,1,1
GHT,Langar Global HealthTech ETF,Financial,Exchange Traded Fund,USA,,,10.44,0.17%,19635.0,0,0,0,0,0,0,0,0,0,0,0,0,0,0,0,0,0,0,0,0,0,0,0,1,0,0,0,0,1,0,1
GL,LGL Group Inc,Technology,Scientific & Technical Instruments,USA,85140000.0,,6.75,-1.75%,6365.0,0,1,0,-1,0,0,0,0,0,0,0,0,-1,0,0,0,0,0,0,0,0,0,0,0,0,0,0,0,1,2,3
GLV,State Street SPDR US Large Cap Low Volatility Index ETF,Financial,Exchange Traded Fund,USA,,,177.22,0.99%,34817.0,0,1,0,0,0,0,0,0,0,0,0,0,0,0,0,0,0,0,0,0,0,0,0,0,0,0,0,0,1,0,1
GN,Legence Corp,Industrials,Engineering & Construction,USA,5570000000.0,,51.55,-3.37%,1265788.0,0,0,0,0,0,0,0,0,1,0,0,0,0,0,0,0,0,0,0,0,0,0,0,0,0,0,0,0,1,0,1
GOV,First Trust Long Duration Opportunities ETF,Financial,Exchange Traded Fund,USA,,,19.75,1.07%,179156.0,0,1,0,0,0,0,0,0,0,0,0,0,0,0,0,0,0,0,0,-1,0,0,0,0,0,0,0,0,1,1,2
GPS,LogProstyle Inc,Industrials,Conglomerates,Japan,17000000.0,3.37,0.72,1.80%,28601.0,0,0,0,0,0,0,0,0,0,0,0,0,0,0,0,0,0,0,0,0,0,0,0,0,0,1,0,0,1,0,1
IAE,LifeX 2050 Inflation-Protected Longevity Income ETF,Financial,Exchange Traded Fund,USA,,,193.18,0.47%,14.0,0,0,0,0,0,1,0,0,0,0,0,0,0,0,0,0,0,0,0,0,0,0,0,0,0,0,0,0,1,0,1
IAM,LifeX 2055 Inflation-Protected Longevity Income ETF,Financial,Exchange Traded Fund,USA,,,217.59,0.57%,10.0,0,0,0,0,0,1,0,0,0,0,0,0,0,0,0,0,0,0,0,-1,0,0,0,0,0,0,0,0,1,1,2
IAU,LifeX 2060 Inflation-Protected Longevity Income ETF,Financial,Exchange Traded Fund,USA,,,239.64,0.67%,10.0,0,0,0,0,0,1,0,0,0,0,0,0,0,0,0,0,0,0,0,-1,0,0,0,0,0,0,0,0,1,1,2
IBD,LifeX 2065 Inflation-Protected Longevity Income ETF,Financial,Exchange Traded Fund,USA,,,253.58,0.77%,14.0,0,0,0,0,0,1,0,0,1,1,0,0,0,0,0,0,0,0,0,0,0,0,0,0,0,0,0,0,3,0,3
IND,Lindblad Expeditions Holdings Inc,Consumer Cyclical,Travel Services,USA,2330000000.0,,35.54,1.51%,843035.0,0,0,0,0,0,0,0,0,0,0,0,0,-1,0,0,0,0,0,0,0,0,0,0,0,0,0,0,0,0,1,1
INK,Interlink Electronics,Technology,Electronic Components,USA,78920000.0,,5.01,-4.93%,34950.0,0,0,0,0,0,0,0,0,0,0,1,0,0,0,0,0,0,0,0,0,0,0,0,0,-1,0,0,0,1,1,2
IQT,LiqTech International Inc,Industrials,Pollution & Treatment Controls,Denmark,14830000.0,,0.45,-3.82%,30259.0,0,0,0,0,0,0,0,0,1,0,0,0,0,0,0,0,0,0,0,0,0,0,0,0,0,0,0,0,1,0,1
IT,Global X Lithium & Battery Tech ETF,Financial,Exchange Traded Fund,USA,,,69.02,-0.70%,89526.0,0,1,0,0,0,1,0,0,0,0,0,0,-1,-1,0,0,0,0,0,0,0,0,0,0,0,0,0,0,2,2,4
ITB,LightInTheBox Holding Co Ltd ADR,Consumer Cyclical,Internet Retail,Singapore,54810000.0,6.18,3.03,4.67%,5601.0,0,0,0,0,0,0,0,0,0,0,0,0,-1,0,0,0,0,0,0,0,0,0,0,0,0,0,0,0,0,1,1
ITL,Simplify Piper Sandler US Small-Cap PLUS Income ETF,Financial,Exchange Traded Fund,USA,,,33.44,-0.02%,533.0,0,0,0,0,0,0,0,0,1,0,0,0,0,0,0,0,0,0,0,0,0,0,0,0,0,0,0,0,1,0,1
ITP,Sprott Lithium Miners ETF,Financial,Exchange Traded Fund,USA,,,8.62,-2.49%,17165.0,0,0,0,0,0,0,0,0,1,0,0,0,0,0,0,0,0,0,0,0,0,0,0,0,0,0,0,0,1,0,1
ITX,Tradr 2X Long LITE Daily ETF,Financial,Exchange Traded Fund,USA,,,39.01,-11.40%,2301122.0,0,0,0,0,0,0,0,0,1,0,0,0,0,0,0,0,0,0,0,0,0,0,0,0,0,0,0,0,1,0,1
JAN,Innovator Premium Income 15 Buffer ETF - January,Financial,Exchange Traded Fund,USA,,,24.72,0.00%,598.0,0,1,0,0,0,0,0,0,0,0,0,0,0,0,0,0,0,0,0,0,0,0,0,0,0,0,0,0,1,0,1
JUL,Innovator Premium Income 15 Buffer ETF - July,Financial,Exchange Traded Fund,USA,,,23.94,-0.04%,52.0,0,0,0,0,0,0,0,0,0,0,1,0,0,0,0,0,0,0,0,0,0,0,0,0,0,0,0,0,1,0,1
KFN,Lakeland Financial Corp,Financial,Banks - Regional,USA,1430000000.0,13.21,57.45,0.45%,435524.0,0,0,0,0,0,0,0,0,0,0,1,0,0,0,0,0,0,0,0,0,0,0,0,0,0,0,0,0,1,0,1
KQ,LKQ Corp,Consumer Cyclical,Auto Parts,USA,5570000000.0,12.12,22.01,-0.09%,4753028.0,0,0,0,0,0,0,0,0,1,0,0,0,0,0,0,0,0,0,0,0,0,0,0,0,0,0,0,0,1,0,1
LYVA,Liberty Live Holdings Inc,Communication Services,Entertainment,USA,9050000000.0,,95.65,1.01%,118340.0,0,0,0,-1,0,0,0,0,0,0,0,0,0,0,0,0,0,0,0,0,0,0,0,0,0,0,0,0,0,1,1
LYVK,Liberty Live Holdings Inc,Communication Services,Entertainment,USA,8990000000.0,,98.43,0.33%,198811.0,0,0,0,0,0,0,0,0,0,0,0,0,0,0,0,0,0,0,0,0,0,0,-1,0,0,0,0,0,0,1,1
LYX,Defiance Daily Target 2X Long LLY ETF,Financial,Exchange Traded Fund,USA,,,24.83,-3.31%,669032.0,0,0,0,0,0,0,0,0,0,0,0,0,-1,0,0,0,0,0,0,0,0,0,0,0,0,0,0,0,0,1,1
MND,Lemonade Inc,Financial,Insurance - Property & Casualty,USA,3630000000.0,,46.91,0.17%,1545505.0,0,0,0,0,0,0,0,0,1,0,0,0,0,0,0,0,0,0,0,0,0,0,0,0,0,0,0,0,1,0,1
ND,Brasilagro Companhia Brasileira De Propriedade Agricola ADR,Consumer Defensive,Farm Products,Brazil,371550000.0,,3.73,-1.58%,38360.0,0,0,0,0,0,0,0,0,1,1,0,0,0,0,0,0,0,0,0,0,0,0,0,0,0,0,0,0,2,0,2
NG,Cheniere Energy Inc,Energy,Oil & Gas Midstream,USA,57390000000.0,20.68,277.88,2.09%,1216653.0,0,0,0,0,0,0,0,0,0,0,1,0,0,0,0,0,0,0,0,0,0,0,0,0,0,0,0,0,1,0,1
NGX,Global X U.S. Natural Gas ETF,Financial,Exchange Traded Fund,USA,,,44.05,0.82%,13459.0,0,0,0,0,0,0,0,0,0,0,1,1,0,0,0,0,0,0,0,0,0,0,0,0,0,0,0,0,2,0,2
NN,Lindsay Corp,Industrials,Farm & Heavy Construction Machinery,USA,1170000000.0,21.99,114.6,1.12%,186912.0,0,0,0,0,0,0,0,0,0,0,0,0,0,0,0,1,0,0,0,0,0,0,0,0,0,0,0,0,1,0,1
NSR,LENSAR Inc,Healthcare,Medical Devices,USA,79240000.0,,6.45,-0.92%,24825.0,0,0,0,0,0,0,0,0,0,0,0,0,0,0,0,0,0,0,0,0,0,0,0,1,0,0,0,0,1,0,1
OAR,Loar Holdings Inc,Industrials,Aerospace & Defense,USA,5770000000.0,86.75,61.62,1.02%,899134.0,0,0,0,0,0,0,0,0,0,0,1,0,0,0,0,0,0,0,0,0,0,0,-1,0,0,0,0,0,1,1,2
OCL,Local Bounti Corp,Consumer Defensive,Farm Products,USA,25020000.0,,1.07,-2.73%,25697.0,0,0,0,0,0,0,0,0,0,0,0,0,-1,0,0,0,0,0,0,0,0,0,0,0,0,0,0,0,0,1,1
OCT,Innovator Premium Income 15 Buffer ETF - October,Financial,Exchange Traded Fund,USA,,,23.9,0.04%,3268.0,0,0,0,0,0,0,0,0,0,0,1,0,0,0,0,0,0,0,0,0,0,0,0,0,0,0,0,0,1,0,1
ODI,AAM SLC Low Duration Income ETF,Financial,Exchange Traded Fund,USA,,,24.93,0.16%,14839.0,0,0,0,-1,0,0,0,0,0,0,0,0,0,0,0,0,0,0,0,0,0,0,0,0,0,0,0,0,0,1,1
OGI,Logitech International SA,Technology,Computer Hardware,Switzerland,14570000000.0,18.65,101.5,-0.67%,349570.0,0,0,0,0,0,1,0,0,0,0,0,0,0,0,0,0,0,0,0,0,0,0,0,0,0,0,0,0,1,0,1
OGO,Alpha Brands Consumption Leaders ETF,Financial,Exchange Traded Fund,USA,,,20.49,-0.15%,144.0,0,0,0,0,0,0,0,0,0,0,0,0,-1,-1,0,0,0,0,0,0,0,0,0,0,0,0,0,0,0,2,2
ONZ,PIMCO Senior Loan Active ExchangeTraded Fund,Financial,Exchange Traded Fund,USA,,,48.83,-0.10%,50030.0,0,0,0,0,0,0,0,0,0,0,0,0,0,0,0,1,0,0,0,0,0,0,0,0,0,0,0,0,1,0,1
OPE,Grand Canyon Education Inc,Consumer Defensive,Education & Training Services,USA,4179999999.9999995,19.36,160.3,2.97%,321530.0,0,0,0,0,0,0,0,0,0,0,0,0,0,0,0,1,0,0,0,0,0,0,0,0,0,0,0,0,1,0,1
OPP,Gabelli Love Our Planet & People ETF,Financial,Exchange Traded Fund,USA,,,35.65,-0.16%,12.0,0,0,0,0,0,0,0,0,1,0,0,0,0,0,0,0,0,0,0,0,0,0,0,0,0,0,0,0,1,0,1
OTI,Liberty One Tactical Income ETF,Financial,Exchange Traded Fund,USA,,,25.51,0.39%,3585.0,0,0,0,0,0,0,0,0,0,0,0,0,0,0,0,0,0,0,0,0,1,0,0,0,0,0,0,0,1,0,1
OUP,Innovator Deepwater Frontier Tech ETF,Financial,Exchange Traded Fund,USA,,,89.32,-1.89%,16308.0,0,0,0,-1,0,0,0,0,0,0,0,0,-1,-1,0,0,0,0,0,0,0,0,0,0,0,0,0,0,0,3,3
OVE,Lovesac Company,Consumer Cyclical,"Furnishings, Fixtures & Appliances",USA,210430000.0,11.98,14.59,1.89%,404788.0,0,0,0,0,0,0,0,0,1,0,0,0,0,0,0,0,0,0,0,0,0,0,0,0,0,0,0,0,1,0,1
OW,Lowe's Cos. Inc,Consumer Cyclical,Home Improvement Retail,USA,105960000000.0,15.97,188.85,4.03%,4125591.0,0,1,0,0,0,0,0,0,0,0,0,0,0,0,0,0,0,0,0,0,0,0,0,0,0,0,0,0,1,0,1
PA,Logistic Properties of the Americas,Real Estate,Real Estate - Development,USA,93190000.0,5.43,2.94,-5.47%,7768.0,0,0,0,0,0,0,0,0,0,0,0,0,0,0,0,0,0,0,0,0,0,0,0,0,0,0,-1,0,0,1,1
PTH,Lightpath Technologies Inc,Technology,Electronic Components,USA,682160000.0,,9.74,-6.35%,3645501.0,0,1,0,0,0,0,0,0,0,0,0,0,-1,0,0,0,0,0,0,0,0,0,0,0,0,0,0,0,1,1,2
PX,Louisiana-Pacific Corp,Industrials,Building Products & Equipment,USA,4550000000.0,84.34,65.06,0.49%,1144603.0,0,0,0,0,0,0,0,0,0,0,0,0,-1,-1,0,0,0,0,0,0,0,0,0,0,0,0,0,0,0,2,2
Q,Simplify Tax Aware Alternatives ETF,Financial,Exchange Traded Fund,USA,,,23.83,0.40%,14.0,0,0,0,0,0,0,0,0,0,0,0,0,-1,0,0,0,0,0,0,0,0,0,0,0,0,0,0,0,0,1,1
QDH,iShares Interest Rate Hedged Corporate Bond ETF,Financial,Exchange Traded Fund,USA,,,92.48,-0.04%,20169.0,0,0,0,0,0,0,0,0,1,0,0,0,0,0,0,1,0,0,0,0,0,0,0,0,0,0,0,0,2,0,2
QDT,Liquidity Services Inc,Consumer Cyclical,Internet Retail,USA,1320000000.0,41.19,42.13,2.01%,239052.0,0,0,0,-1,0,0,0,-1,0,0,0,0,0,0,0,0,0,0,0,0,0,0,0,0,0,0,0,0,0,2,2
RCC,Corgi LRCX 2x Daily ETF,Financial,Exchange Traded Fund,USA,,,18.13,-5.65%,5896.0,0,0,0,0,0,0,0,0,0,0,1,0,0,0,0,0,0,0,0,0,0,0,0,0,0,0,0,0,1,0,1
RCX,Lam Research Corp,Technology,Semiconductor Equipment & Materials,USA,401190000000.0,55.62,320.59,-2.71%,9005665.0,0,0,0,0,0,1,0,0,0,0,1,0,0,0,0,0,0,0,0,0,0,0,0,0,0,0,0,0,2,0,2
RE,Lead Real Estate Co Ltd ADR,Real Estate,Real Estate - Development,Japan,14530000.0,4.18,1.07,0.46%,12266.0,0,0,0,0,0,0,0,0,1,0,0,0,0,0,0,0,0,0,0,0,0,0,0,0,0,0,0,0,1,0,1
RGC,AB US Large Cap Strategic Equities ETF,Financial,Exchange Traded Fund,USA,,,86.79,-0.46%,22247.0,0,0,0,0,0,0,0,0,0,0,1,0,0,0,0,0,0,0,0,0,0,0,-1,0,0,0,0,0,1,1,2
RGF,iShares U.S. Equity Factor ETF,Financial,Exchange Traded Fund,USA,,,79.15,-0.28%,138138.0,0,0,0,0,0,0,0,0,0,0,1,0,0,0,0,0,0,0,0,0,0,0,0,0,0,0,0,0,1,0,1
RMR,Larimar Therapeutics Inc,Healthcare,Biotechnology,USA,280490000.0,,2.7,-1.82%,1190564.0,0,0,0,0,0,0,0,0,0,0,0,0,-1,0,0,0,0,0,0,0,0,0,0,0,0,0,0,0,0,1,1
SAF,LeaderShares AlphaFactor US Core Equity ETF,Financial,Exchange Traded Fund,USA,,,54.57,1.36%,5243.0,0,0,0,0,0,0,0,0,0,0,0,0,0,0,0,0,0,0,0,0,0,0,-1,0,0,0,0,0,0,1,1
SAT,LeaderShares AlphaFactor Tactical Focused ETF,Financial,Exchange Traded Fund,USA,,,45.28,1.38%,6793.0,0,0,0,-1,0,0,0,0,0,0,0,0,0,0,0,0,0,0,0,0,0,0,0,0,0,0,0,0,0,1,1
SBK,Lake Shore Bancorp Inc,Financial,Banks - Regional,USA,141690000.0,16.1,18.04,0.50%,6716.0,0,0,0,0,0,0,0,0,0,0,1,0,0,0,0,0,0,0,0,0,0,0,-1,0,0,0,0,0,1,1,2
SCC,Lattice Semiconductor Corp,Technology,Semiconductors,USA,17750000000.0,482.73,124.98,-4.59%,1802509.0,0,0,0,0,0,0,0,0,1,0,0,0,0,0,0,0,0,0,0,0,0,0,0,0,0,0,0,0,1,0,1
SE,Leishen Energy Holding Co Ltd,Energy,Oil & Gas Equipment & Services,China,80020000.0,4700.5,4.7,4.46%,2339.0,0,0,0,0,0,0,0,0,0,0,1,0,0,0,0,0,0,0,0,0,0,0,0,0,0,0,0,0,1,0,1
SEQ,Harbor Long-Short Equity ETF,Financial,Exchange Traded Fund,USA,,,33.64,1.48%,1754.0,0,1,0,-1,0,0,0,0,0,0,0,0,0,0,0,0,0,0,0,0,0,0,0,0,0,0,0,0,1,1,2
SGR,Natixis Loomis Sayles Focused Growth ETF,Financial,Exchange Traded Fund,USA,,,45.57,-0.76%,72535.0,0,0,0,0,0,0,0,0,0,0,1,0,0,0,0,0,0,0,0,0,0,0,0,0,-1,0,0,0,1,1,2
SPD,Lightspeed Commerce Inc,Technology,Software - Application,Canada,1390000000.0,,10.41,1.76%,775282.0,0,0,0,-1,0,0,0,0,0,0,0,0,-1,0,0,0,0,0,0,0,0,0,0,0,0,0,0,0,0,2,2
TBR,Lightbridge Corp,Industrials,Electrical Equipment & Parts,USA,225120000.0,,6.01,-6.39%,1313306.0,0,0,0,0,0,0,0,0,1,0,0,0,0,0,0,0,0,0,0,0,0,0,0,0,0,0,0,0,1,0,1
TGR,Long Table Growth Corp,Financial,Shell Companies,USA,229080000.0,,9.96,0.00%,105.0,0,0,0,0,0,0,0,0,0,0,0,0,0,0,0,0,0,0,0,0,0,0,-1,0,0,0,0,0,0,1,1
TL,ProShares Ultra Communication Services,Financial,Exchange Traded Fund,USA,,,24.26,1.17%,9608.0,0,0,0,0,0,0,0,0,1,1,0,0,0,0,0,0,0,0,0,0,0,0,0,0,0,0,0,0,2,0,2
TM,LATAM Airlines Group SA ADR,Industrials,Airlines,Chile,14480000000.0,9.47,50.44,-1.04%,579006.0,0,0,0,0,0,0,0,0,0,0,0,0,-1,0,0,0,0,0,0,0,0,0,0,0,0,0,0,0,0,1,1
TRX,Lantronix Inc,Technology,Communication Equipment,USA,320190000.0,,6.83,-5.27%,741919.0,0,0,0,0,0,0,0,0,0,0,0,0,-1,-1,0,0,0,0,0,0,0,0,0,0,0,0,0,0,0,2,2
U,Lufax Holding Ltd ADR,Financial,Credit Services,China,793850000.0,,0.95,-3.54%,3323369.0,0,0,0,0,0,0,0,0,0,0,0,0,-1,0,0,0,0,0,0,0,0,0,0,0,0,0,0,0,0,1,1
UCD,Lucid Diagnostics Inc,Healthcare,Medical Devices,USA,132130000.0,,0.65,4.27%,2509163.0,0,0,0,0,0,1,0,0,0,0,0,0,0,0,0,0,0,0,0,-1,0,0,0,0,0,0,0,0,1,1,2
UCY,Innovative Eyewear Inc,Healthcare,Medical Instruments & Supplies,USA,7820000.0,,0.9,-1.68%,138857.0,0,0,0,0,0,0,0,0,1,0,0,0,0,0,0,0,0,0,0,0,0,0,0,0,0,0,0,0,1,0,1
ULG,Leverage Shares 2X Long LULU Daily ETF,Financial,Exchange Traded Fund,USA,,,3.52,1.86%,570135.0,0,0,0,0,0,0,0,0,0,0,0,0,0,0,0,0,0,0,0,-1,0,0,0,0,0,0,0,0,0,1,1
ULU,Lululemon Athletica Inc,Consumer Cyclical,Apparel Retail,Canada,10730000000.0,7.6,92.68,0.87%,4442529.0,0,0,0,0,0,0,0,0,1,0,0,0,0,0,0,0,0,0,0,0,0,0,0,0,0,0,0,0,1,0,1
UMA,KraneShares Photonic and Optical ETF,Financial,Exchange Traded Fund,USA,,,25.95,-5.85%,22394.0,0,0,0,0,0,0,0,0,0,0,1,0,0,0,0,0,0,0,0,0,0,0,-1,0,0,0,0,0,1,1,2
VHI,Franklin International Low Volatility High Dividend Index ETF,Financial,Exchange Traded Fund,USA,,,41.64,0.19%,860641.0,0,0,0,0,0,0,0,-1,0,0,0,0,0,0,0,0,0,0,0,0,0,0,0,0,0,0,0,0,0,1,1
VLN,State Street SPDR S&P Leveraged Loan ETF,Financial,Exchange Traded Fund,USA,,,24.59,0.03%,3354.0,0,0,0,0,0,0,0,0,0,0,0,0,0,0,0,1,0,0,0,0,0,0,0,0,0,0,0,0,1,0,1
VS,Las Vegas Sands Corp,Consumer Cyclical,Resorts & Casinos,USA,23380000000.0,14.06,36.1,0.81%,7055023.0,0,0,0,0,0,0,0,0,0,0,0,0,0,0,0,0,0,0,0,-1,0,0,0,0,0,0,0,0,0,1,1
XU,LSB Industries Inc,Basic Materials,Chemicals,USA,729330000.0,19.97,10.13,-0.69%,580997.0,0,0,0,0,0,0,0,0,0,0,0,0,-1,-1,0,0,0,0,0,0,0,0,0,0,0,0,0,0,0,2,2
YEL,Lyell Immunopharma Inc,Healthcare,Biotechnology,USA,215400000.0,,8.79,2.69%,194718.0,0,0,0,0,0,0,0,0,0,0,0,0,0,0,0,0,0,0,0,-1,0,0,0,0,0,0,0,0,0,1,1
YLD,Cambria Large Cap Shareholder Yield ETF,Financial,Exchange Traded Fund,USA,,,32.56,1.66%,720.0,0,0,0,0,0,0,0,0,0,0,0,0,0,0,0,0,0,0,0,0,0,0,-1,0,0,0,0,0,0,1,1
YNX,Lyntris Inc,Industrials,Aerospace & Defense,USA,1430000000.0,,12.33,-3.37%,377776.0,0,0,0,0,0,0,0,0,1,1,0,0,0,0,0,0,0,0,0,0,0,0,0,0,0,0,0,0,2,0,2
Z,LegalZoom.com Inc,Industrials,Specialty Business Services,USA,1010000000.0,63.17,5.93,2.16%,3541904.0,0,1,0,0,0,0,0,0,0,0,0,0,-1,0,0,0,0,0,0,0,0,0,0,0,0,0,0,0,1,1,2
ZM,Lifezone Metals Ltd,Basic Materials,Other Industrial Metals & Mining,United Kingdom,299420000.0,,3.33,-10.96%,1745357.0,0,0,0,0,0,0,0,0,1,0,0,0,0,0,0,0,0,0,0,0,0,0,0,0,0,0,0,0,1,0,1
AAS,Maase Inc,Technology,Information Technology Services,China,5350000000.0,,12.29,-0.89%,63484.0,0,0,0,0,0,0,0,0,0,0,0,0,0,0,0,1,0,0,0,0,0,0,0,0,0,0,0,0,1,0,1
AGX,Roundhill Daily 2X Long Magnificent Seven ETF,Financial,Exchange Traded Fund,USA,,,63.56,-2.09%,30495.0,0,0,0,0,0,0,0,0,0,0,1,0,0,0,0,0,0,0,0,0,0,0,0,0,0,0,0,0,1,0,1
AKX,ProShares S&P Kensho Smart Factories ETF,Financial,Exchange Traded Fund,USA,,,67.46,-2.43%,324.0,0,0,0,0,0,0,0,0,0,0,0,0,0,0,0,1,0,0,0,0,0,0,0,0,0,0,0,0,1,0,1
AMB,Monarch Ambassador Income Index ETF,Financial,Exchange Traded Fund,USA,,,23.07,0.45%,25910.0,0,0,0,0,0,0,0,0,1,0,0,0,0,0,0,0,0,0,0,0,0,0,0,0,0,0,0,0,1,0,1
ANU,Manchester United Plc,Communication Services,Entertainment,United Kingdom,3510000000.0,,20.32,0.35%,412827.0,0,0,0,0,0,0,0,0,1,0,0,0,0,0,0,0,0,0,0,0,0,0,0,0,0,0,0,0,1,0,1
AR,Marriott International Inc,Consumer Cyclical,Lodging,USA,94160000000.0,37.42,361.08,1.28%,996242.0,0,0,0,0,0,0,0,0,0,0,0,0,0,0,0,0,0,0,0,0,0,0,0,0,0,0,-1,0,0,1,1
ARO,YieldMax MARA Option Income Strategy ETF,Financial,Exchange Traded Fund,USA,,,3.36,-5.62%,972228.0,0,0,0,0,0,0,0,0,1,0,0,0,0,0,0,0,0,0,0,0,0,0,0,0,0,0,0,0,1,0,1
ARPS,Marine Petroleum Trust,Energy,Oil & Gas Midstream,USA,8540000.0,12.94,4.27,-0.23%,972.0,0,0,0,0,0,0,0,0,1,1,0,0,0,0,0,0,0,0,0,0,0,0,0,0,0,0,0,0,2,0,2
AT,Mattel Inc,Consumer Cyclical,Leisure,USA,4740000000.0,12.21,16.58,1.28%,11810113.0,0,0,0,0,0,0,0,0,0,0,0,0,0,0,0,0,0,0,0,0,0,0,0,1,0,0,0,0,1,0,1
ATX,Matson Inc,Industrials,Marine Shipping,USA,6810000000.0,15.23,227.79,2.18%,255162.0,0,0,0,-1,0,1,0,0,0,0,0,0,-1,0,0,0,0,1,0,0,0,0,0,0,0,0,0,0,2,2,4
AYC,Corgi U.S. Equities 10% Structured Buffer ETF - May Series,Financial,Exchange Traded Fund,USA,,,26.38,-0.20%,13.0,0,0,0,0,0,0,0,0,0,0,1,0,0,0,0,0,0,0,0,0,0,0,0,0,0,0,0,0,1,0,1
AYS,J.W. Mays Inc,Real Estate,Real Estate Services,USA,83360000.0,,40.95,3.38%,515.0,0,0,0,0,0,1,0,0,0,0,0,0,0,0,0,0,0,0,0,0,0,0,0,0,0,0,0,0,1,0,1
AYT,AllianzIM U.S. Equity Buffer10 May ETF,Financial,Exchange Traded Fund,USA,,,40.25,-0.28%,21264.0,0,0,0,0,0,0,0,-1,0,0,0,0,0,0,0,0,0,0,0,0,0,0,0,0,0,0,0,0,0,1,1
AYW,AllianzIM U.S. Equity Buffer20 May ETF,Financial,Exchange Traded Fund,USA,,,35.68,-0.11%,37761.0,0,0,0,0,0,0,0,-1,0,0,0,0,0,0,0,0,0,0,0,0,0,0,0,0,0,0,0,0,0,1,1
BAI,MBody AI Ltd,Technology,Software - Infrastructure,Canada,46030000.0,0.58,3.01,-6.23%,17108.0,0,1,0,0,0,0,0,0,1,0,0,0,0,0,0,0,0,0,0,0,0,0,0,0,0,0,0,0,2,0,2
BBC,Marathon Bancorp Inc,Financial,Banks - Regional,USA,45450000.0,23.33,15.1,0.03%,1629.0,0,0,0,0,0,0,0,0,0,0,0,0,0,0,0,1,0,0,0,0,0,0,0,0,0,0,0,0,1,0,1
BC,MasterBrand Inc,Consumer Cyclical,"Furnishings, Fixtures & Appliances",USA,1410000000.0,,6.93,0.00%,2996308.0,0,0,0,0,0,0,0,0,0,0,0,0,0,0,0,0,0,0,0,0,0,0,0,1,0,0,0,0,1,0,1
BLY,Mobileye Global Inc,Consumer Cyclical,Auto Parts,Israel,6000000000.0,,7.06,-1.26%,7046909.0,0,0,0,-1,0,0,0,0,0,0,0,0,0,0,0,1,0,0,0,0,0,0,0,0,0,0,0,0,1,1,2
BND,State Street Nuveen Municipal Bond ETF,Financial,Exchange Traded Fund,USA,,,25.56,-0.49%,49563.0,0,0,0,0,0,0,0,0,1,0,0,0,0,0,0,0,0,0,0,0,0,0,0,0,0,0,0,0,1,0,1
BS,Angel Oak Mortgage-Backed Securities ETF,Financial,Exchange Traded Fund,USA,,,8.19,0.31%,115715.0,0,0,0,0,0,1,0,0,0,0,0,0,0,0,0,0,0,0,0,0,0,0,0,0,0,0,0,0,1,0,1
BSF,Regan Floating Rate MBS ETF,Financial,Exchange Traded Fund,USA,,,25.48,0.24%,14928.0,0,1,0,0,0,0,0,0,0,0,0,0,0,0,0,0,0,0,0,0,0,0,0,0,0,0,0,0,1,0,1
BSX,Regan Fixed Rate MBS ETF,Financial,Exchange Traded Fund,USA,,,25.65,-2.77%,1486.0,0,1,0,0,0,0,0,0,0,0,0,0,0,0,0,0,0,0,0,0,0,0,0,0,0,0,0,0,1,0,1
CBS,MetroCity Bankshares Inc,Financial,Banks - Regional,USA,998130000.0,12.02,34.68,0.35%,95811.0,0,0,0,0,0,0,0,0,1,0,0,0,0,0,0,0,0,0,0,0,0,0,0,0,0,0,0,0,1,0,1
CD,McDonald's Corp,Consumer Cyclical,Restaurants,USA,167640000000.0,19.24,236.9,2.61%,11366792.0,0,0,0,0,0,1,0,0,1,0,0,0,0,0,0,0,0,0,0,0,0,0,0,0,0,0,0,0,2,0,2
CH,Matthews China Active ETF,Financial,Exchange Traded Fund,USA,,,26.5,-1.33%,458.0,0,0,0,0,0,0,0,0,0,0,1,0,0,0,0,0,0,0,0,0,0,0,0,0,0,0,0,0,1,0,1
CHI,iShares MSCI China ETF,Financial,Exchange Traded Fund,USA,,,51.36,-0.54%,1575481.0,0,0,0,0,0,0,0,0,0,0,0,0,0,0,0,1,0,0,0,0,0,0,0,0,0,0,0,0,1,0,1
CHS,Matthews China Innovators Active ETF,Financial,Exchange Traded Fund,USA,,,38.55,-2.28%,34254.0,0,0,0,0,0,0,0,0,1,0,0,0,0,0,0,0,0,0,0,0,0,0,0,0,0,0,0,0,1,0,1
CN,XAI Madison Equity Premium Income Fund,Financial,Closed-End Fund - Equity,USA,110430000.0,,5.26,0.38%,22086.0,0,0,0,0,0,0,0,0,0,0,0,0,0,0,0,0,0,0,0,-1,0,0,0,0,0,0,0,0,0,1,1
CRB,Seres Therapeutics Inc,Healthcare,Biotechnology,USA,26150000.0,,2.63,-3.31%,213360.0,0,0,0,0,0,1,0,0,1,1,0,0,0,0,0,0,0,0,0,0,0,0,0,0,0,0,0,0,3,0,3
CRI,Monarch Casino & Resort Inc,Consumer Cyclical,Resorts & Casinos,USA,2069999999.9999998,18.52,115.37,-2.37%,157553.0,0,0,0,0,0,0,0,0,1,0,0,0,0,0,0,0,0,0,0,0,0,0,0,0,0,0,0,0,1,0,1
CVT,Miller Convertible Total Return ETF,Financial,Exchange Traded Fund,USA,,,27.3,-0.29%,52760.0,0,0,0,0,0,0,0,0,1,0,0,0,0,0,0,0,0,0,0,0,0,0,0,0,0,0,0,0,1,0,1
D,Pediatrix Medical Group Inc,Healthcare,Medical Care Facilities,USA,2130000000.0,12.6,26.24,1.59%,729993.0,0,0,0,0,0,1,0,0,0,0,0,0,0,0,0,0,0,0,0,0,0,0,0,0,0,0,0,0,1,0,1
DBH,MDB Capital Holdings LLC,Financial,Capital Markets,USA,21400000.0,,2.05,2.51%,1310.0,0,0,0,0,0,0,0,0,1,0,0,0,0,0,0,0,0,0,0,0,0,0,0,0,0,0,0,0,1,0,1
DST,Westwood Salient Enhanced Midstream Income ETF,Financial,Exchange Traded Fund,USA,,,28.42,1.00%,35078.0,0,1,0,0,0,0,0,0,0,0,0,0,0,0,0,0,0,0,0,0,0,0,0,0,0,0,0,0,1,0,1
DWD,MediWound Ltd,Healthcare,Biotechnology,Israel,160350000.0,,12.42,-3.35%,104444.0,0,0,0,0,0,0,0,0,1,0,0,0,0,0,0,0,0,0,0,0,0,0,0,0,0,0,0,0,1,0,1
DYG,State Street SPDR S&P 400 TM Mid Cap Growth ETF,Financial,Exchange Traded Fund,USA,,,105.82,-0.11%,97123.0,0,0,0,0,0,0,0,0,1,0,0,0,0,0,0,0,0,0,0,0,0,0,0,0,0,0,0,0,1,0,1
ED,Medifast Inc,Consumer Cyclical,Personal Services,USA,127800000.0,,11.43,-0.09%,110724.0,0,0,0,0,0,0,0,0,0,0,0,0,0,0,0,0,0,0,0,0,1,0,0,0,-1,0,0,0,1,1,2
EDI,Harbor Health Care ETF,Financial,Exchange Traded Fund,USA,,,31.9,-1.87%,4955.0,0,0,0,0,0,0,0,-1,0,0,0,0,0,0,0,0,0,0,0,0,0,0,0,0,0,0,0,0,0,1,1
EGL,Magic Empire Global Ltd,Financial,Capital Markets,Hong Kong,47420000.0,,0.7,-7.68%,19792.0,0,0,0,0,0,0,0,0,1,0,0,0,0,0,0,1,0,0,0,0,0,0,0,0,0,0,0,0,2,0,2
EI,Methode Electronics Inc,Technology,Electronic Components,USA,543590000.0,,15.25,0.93%,1010791.0,0,1,0,0,0,0,0,0,0,0,0,0,-1,0,0,0,0,0,0,0,0,0,0,0,0,0,0,0,1,1,2
EM,Matthews Emerging Markets Equity Active ETF,Financial,Exchange Traded Fund,USA,,,42.61,-2.29%,2146.0,0,0,0,0,0,0,0,0,0,0,0,0,0,0,0,1,0,0,0,0,0,0,0,0,0,0,0,0,1,0,1
EME,Roundhill Meme Stock ETF,Financial,Exchange Traded Fund,USA,,,8.38,-5.84%,56546.0,0,0,0,0,0,0,0,0,0,0,0,0,-1,0,0,0,0,0,0,0,0,0,0,0,0,0,-1,0,0,2,2
EMS,Matthews Emerging Markets Discovery Active ETF,Financial,Exchange Traded Fund,USA,,,30.11,-1.50%,107.0,0,0,0,0,0,0,0,0,0,0,0,0,0,0,0,1,0,0,0,0,0,0,0,0,0,0,0,0,1,0,1
ENS,Jyong Biotech Ltd,Healthcare,Biotechnology,Taiwan,155890000.0,,2.1,1.94%,39252.0,0,1,0,0,0,0,0,0,0,0,1,1,0,0,0,0,0,0,0,0,0,0,0,0,0,0,0,0,3,0,3
EOH,Methanex Corp,Basic Materials,Chemicals,Canada,4800000000.0,54.61,62.04,2.70%,695891.0,0,0,0,0,0,0,0,0,0,0,1,0,0,0,0,0,0,0,0,0,0,0,0,0,0,0,0,0,1,0,1
ET,Metlife Inc,Financial,Insurance - Life,USA,62580000000.0,18.84,98.47,2.81%,3024283.0,0,0,0,0,0,0,0,0,0,0,0,0,-1,0,0,0,0,0,0,0,0,0,0,0,0,0,0,0,0,1,1
ETA,Meta Platforms Inc,Communication Services,Internet Content & Information,USA,1836470000000.0,27.15,720.89,-0.06%,16041053.0,0,1,0,0,0,0,0,0,0,0,0,0,0,0,0,0,0,0,0,0,0,0,0,0,0,0,0,0,1,0,1
ETL,Sprott Active Metals & Miners ETF,Financial,Exchange Traded Fund,USA,,,24.71,-1.50%,19453.0,0,0,0,0,0,0,0,0,1,1,0,0,0,0,0,0,0,0,0,0,0,0,0,0,0,0,0,0,2,0,2
EVO,M Evo Global Acquisition Corp II,Financial,Shell Companies,USA,400800000.0,,10.02,0.00%,72.0,0,0,0,0,0,0,0,0,0,0,0,0,0,0,0,0,0,1,0,0,0,0,0,0,0,0,0,0,1,0,1
F,MindForge Inc,Communication Services,Advertising Agencies,China,19330000.0,,10.68,-2.91%,161582.0,0,0,0,0,0,0,0,0,1,0,0,0,0,0,0,0,0,0,0,0,0,0,0,0,0,0,0,0,1,0,1
FA,MFA Financial Inc,Real Estate,REIT - Mortgage,USA,725810000.0,7.18,7.18,0.42%,3239049.0,0,0,0,0,0,0,0,0,1,1,0,0,0,0,0,0,0,0,0,0,0,0,0,0,0,0,0,0,2,0,2
FG,Mizuho Financial Group Inc ADR,Financial,Banks - Regional,Japan,129830000000.00002,14.67,10.67,-0.93%,3950434.0,0,0,0,0,0,0,0,-1,0,0,0,0,0,0,0,0,0,0,0,0,0,0,0,0,0,0,0,0,0,1,1
FIG,Motley Fool Innovative Growth ETF,Financial,Exchange Traded Fund,USA,,,22.02,-0.38%,2046.0,0,0,0,0,0,0,0,-1,0,0,0,0,0,0,0,0,0,0,0,0,0,0,0,0,0,0,0,0,0,1,1
FSG,MFS Active Growth ETF,Financial,Exchange Traded Fund,USA,,,30.89,-1.25%,132778.0,0,0,0,0,0,0,0,0,0,0,1,1,0,0,0,0,0,0,0,0,0,0,0,0,0,0,0,0,2,0,2
GC,Vanguard Morningstar Mega Cap ETF,Financial,Exchange Traded Fund,USA,,,286.12,-0.58%,130912.0,0,0,0,0,0,0,0,-1,0,0,0,0,0,0,0,0,0,0,0,0,0,0,0,0,0,0,0,0,0,1,1
GIH,Millennium Group International Holdings Ltd,Consumer Cyclical,Packaging & Containers,Hong Kong,16430000.0,,1.46,-1.35%,5270.0,0,0,0,0,0,0,0,0,0,0,0,0,0,0,0,1,0,0,0,0,0,0,0,0,0,0,0,0,1,0,1
GK,Vanguard Morningstar Mega Cap Growth ETF,Financial,Exchange Traded Fund,USA,,,93.73,-1.25%,1362297.0,0,0,0,0,0,0,0,0,0,0,1,0,0,0,0,0,0,0,0,0,0,0,0,0,0,0,0,0,1,0,1
GLD,Marygold Companies Inc,Financial,Asset Management,USA,85430000.0,,2.0,-0.99%,21447.0,0,1,0,0,0,1,0,0,0,0,0,0,0,0,0,0,0,0,0,0,0,0,0,0,0,0,0,0,2,0,2
GNR,American Beacon GLG Natural Resources ETF,Financial,Exchange Traded Fund,USA,,,49.32,0.49%,130554.0,0,0,0,0,0,0,0,0,0,0,0,0,0,0,0,0,0,0,0,0,0,0,-1,0,0,0,0,0,0,1,1
GNX,Macrogenics Inc,Healthcare,Biotechnology,USA,226140000.0,,3.55,0.00%,768068.0,0,0,0,0,0,0,0,0,1,0,0,0,0,0,0,0,0,0,0,0,0,0,0,0,0,0,0,0,1,0,1
GOV,First Trust Intermediate Government Opportunities ETF,Financial,Exchange Traded Fund,USA,,,19.11,0.47%,82560.0,0,0,0,0,0,0,0,0,1,1,0,0,0,0,0,0,0,0,0,0,0,0,0,0,0,0,0,0,2,0,2
GPI,MGP Ingredients Inc,Consumer Defensive,Beverages - Wineries & Distilleries,USA,294870000.0,,13.77,5.60%,409657.0,0,0,0,0,0,0,0,0,1,0,0,0,0,0,0,0,0,0,0,0,0,0,0,0,0,0,0,0,1,0,1
GRX,Mangoceuticals Inc,Healthcare,Health Information Services,USA,9330000.0,,0.43,-2.55%,583755.0,0,1,0,0,0,0,0,0,0,0,0,0,0,0,0,0,0,0,0,0,0,0,0,0,0,0,0,0,1,0,1
H,McGraw Hill Inc,Consumer Defensive,Education & Training Services,USA,2560000000.0,27.58,13.37,2.06%,866128.0,0,1,0,-1,0,0,0,0,0,0,0,0,0,0,0,0,0,0,0,0,0,0,0,0,0,0,0,0,1,1,2
HIG,Milliman Healthcare Inflation Guard ETF,Financial,Exchange Traded Fund,USA,,,19.92,-0.06%,30.0,0,0,0,0,0,0,0,0,0,0,0,0,0,0,0,0,0,1,0,0,0,0,0,0,0,0,0,0,1,0,1
IAX,Miami International Holdings Inc,Financial,Capital Markets,USA,3050000000.0,39.54,30.7,1.72%,2209134.0,0,0,0,0,0,0,0,0,1,0,0,0,0,0,0,0,0,0,0,0,0,0,0,0,0,0,0,0,1,0,1
ICC,Magnum Ice Cream Company NV,Consumer Defensive,Packaged Foods,Netherlands,10680000000.0,51.31,17.44,2.83%,1159914.0,0,0,0,0,0,0,0,0,0,0,1,0,0,0,0,0,0,0,0,0,0,0,0,0,0,0,0,0,1,0,1
ID,American Century Mid Cap Growth Impact ETF,Financial,Exchange Traded Fund,USA,,,71.87,-0.21%,848.0,0,0,0,0,0,0,0,-1,0,0,0,0,0,0,0,0,0,0,0,0,0,0,0,0,0,0,0,0,0,1,1
IMI,Mint Inc Ltd,Industrials,Engineering & Construction,Hong Kong,12670000.0,,0.86,-2.75%,248783.0,0,1,0,0,0,0,0,0,0,0,0,0,0,0,0,0,0,0,0,0,0,0,0,0,0,0,0,0,1,0,1
IND,MIND Technology Inc,Technology,Scientific & Technical Instruments,USA,41910000.0,,4.61,6.47%,103260.0,0,0,0,0,0,0,0,0,1,0,0,0,0,0,0,0,0,0,0,0,0,0,0,0,0,0,0,0,1,0,1
INV,Matthews Asia Innovators Active ETF,Financial,Exchange Traded Fund,USA,,,47.39,-2.39%,2411.0,0,0,0,0,0,0,0,0,1,0,0,0,0,0,0,0,0,0,0,0,0,0,0,0,0,0,0,0,1,0,1
IR,Mirion Technologies Inc,Industrials,Specialty Industrial Machinery,USA,4040000000.0,183.9,16.22,-1.40%,5826957.0,0,0,0,0,0,1,0,0,1,1,0,0,0,0,0,0,0,0,0,0,0,0,0,0,0,0,0,0,3,0,3
ITK,Mitek Systems Inc,Technology,Software - Application,USA,770240000.0,36.61,17.07,-2.23%,780888.0,0,0,0,0,0,1,0,-1,0,0,0,0,0,0,0,0,0,0,0,0,0,0,0,0,0,0,0,0,1,1,2
ITQ,Moving iMage Technologies Inc,Technology,Communication Equipment,USA,5690000.0,,0.57,0.72%,9078.0,0,0,0,0,0,0,0,0,0,0,0,0,-1,-1,0,0,0,0,0,0,0,0,0,0,0,0,0,0,0,2,2
IY,BlackRock MuniYield Michigan Quality Fund Inc,Financial,Closed-End Fund - Debt,USA,326610000.0,,11.27,0.45%,65639.0,0,0,0,0,0,0,0,0,0,0,1,0,0,0,0,0,0,0,0,0,0,0,0,0,0,0,0,0,1,0,1
J,Amplify Alternative Harvest ETF,Financial,Exchange Traded Fund,USA,,,23.75,-2.54%,14635.0,0,0,0,0,0,0,0,0,0,0,1,0,0,0,0,0,0,0,0,0,0,0,0,0,0,0,0,0,1,0,1
JSC,MUFG Japan Small Cap Active ETF,Financial,Exchange Traded Fund,USA,,,61.86,-1.09%,458.0,0,0,0,-1,0,0,0,-1,0,0,0,0,0,0,0,0,0,0,0,0,0,0,0,0,0,0,0,0,0,2,2
KAM,MKAM ETF,Financial,Exchange Traded Fund,USA,,,32.43,-0.24%,18.0,0,0,0,0,0,0,0,-1,0,0,1,0,0,0,0,0,0,0,0,0,0,0,0,0,-1,0,0,0,1,2,3
KC,McCormick & Co Inc,Consumer Defensive,Packaged Foods,USA,12380000000.0,8.3,45.94,1.52%,6154159.0,0,0,0,0,0,0,0,0,1,0,0,0,0,0,0,0,0,0,0,0,0,0,0,0,0,0,0,0,1,0,1
LCI,Mount Logan Capital Inc,Financial,Asset Management,USA,34130000.0,,3.05,-1.61%,10121.0,0,0,0,0,0,0,0,0,0,0,0,0,0,0,0,0,0,0,0,0,0,0,0,1,0,0,0,0,1,0,1
LDR,Global X Intermediate-Term Treasury Ladder ETF,Financial,Exchange Traded Fund,USA,,,46.73,0.24%,35.0,0,0,0,0,0,0,0,0,1,0,0,0,0,0,0,0,0,0,0,0,0,0,0,0,0,0,0,0,1,0,1
LI,Mueller Industries Inc,Industrials,Metal Fabrication,USA,13380000000.0,15.77,60.49,0.45%,1311056.0,0,1,0,0,0,0,0,0,0,0,1,1,0,0,0,0,0,0,0,0,0,0,0,0,0,0,0,0,3,0,3
LP,Maui Land & Pineapple Co Inc,Real Estate,Real Estate Services,USA,301270000.0,,15.17,-2.13%,58359.0,0,0,0,0,0,0,0,0,1,0,0,0,0,0,0,0,0,0,0,0,0,0,0,0,0,0,0,0,1,0,1
LPB,UBS ETRACS Alerian MLP Infrastructure Index ETN,Financial,Exchange Traded Fund,USA,,,29.73,0.91%,2360.0,0,0,0,0,0,0,0,0,0,0,0,0,0,0,0,0,0,1,0,0,0,0,0,0,0,0,0,0,1,0,1
LPD,Global X MLP & Energy Infrastructure Covered Call ETF,Financial,Exchange Traded Fund,USA,,,24.75,1.08%,2969.0,0,1,0,-1,0,0,0,0,0,0,0,0,0,0,0,0,0,0,0,0,0,0,0,0,0,0,0,0,1,1,2
LPR,ETRACS Quarterly Pay 1.5X Leveraged Alerian MLP Index ETN,Financial,Exchange Traded Fund,USA,,,71.21,1.36%,688.0,0,0,0,-1,0,0,0,0,0,0,0,0,0,0,0,0,0,0,0,0,0,0,0,0,0,0,0,0,0,1,1
LPX,Global X MLP & Energy Infrastructure ETF,Financial,Exchange Traded Fund,USA,,,72.45,1.33%,444916.0,0,0,0,0,0,0,0,0,0,0,0,0,0,0,0,0,0,0,0,0,0,0,0,0,-1,0,0,0,0,1,1
LR,Miller Industries Inc,Consumer Cyclical,Auto Parts,USA,599390000.0,42.6,52.8,-0.47%,74174.0,0,0,0,0,0,1,0,0,0,0,0,0,0,0,0,0,0,0,0,0,0,0,0,0,0,0,0,0,1,0,1
LYS,Mineralys Therapeutics Inc,Healthcare,Biotechnology,USA,1980000000.0,,22.38,1.31%,2245272.0,0,1,0,0,0,0,0,0,0,0,0,0,0,0,0,0,0,0,0,0,1,0,0,0,0,0,0,0,2,0,2
MA,Mixed Martial Arts Group Ltd,Consumer Cyclical,Leisure,Australia,9120000.0,,0.34,-4.04%,123769.0,0,0,0,0,0,0,0,0,1,0,0,0,0,0,0,0,0,0,0,0,0,0,0,0,0,0,0,0,1,0,1
MK,State Street Prime Money Market ETF,Financial,Exchange Traded Fund,USA,,,100.08,0.01%,1241.0,0,1,0,0,0,1,0,0,0,0,0,0,0,0,0,0,0,0,0,0,0,0,0,0,0,0,0,0,2,0,2
MLP,Martin Midstream Partners LP,Energy,Oil & Gas Midstream,USA,73160000.0,,1.87,0.54%,20448.0,0,0,0,0,0,0,0,0,1,0,0,0,0,0,0,0,0,0,0,0,0,0,0,0,0,0,0,0,1,0,1
MS,Maximus Inc,Industrials,Specialty Business Services,USA,3080000000.0,8.68,58.77,5.61%,1119652.0,0,0,0,0,0,0,0,0,0,0,0,0,-1,-1,0,0,0,0,0,0,0,0,0,0,0,1,0,0,1,2,3
MSC,First Trust Multi-Manager Small Cap Opportunities ETF,Financial,Exchange Traded Fund,USA,,,26.45,-0.60%,2483.0,0,0,0,0,0,0,0,0,0,0,0,0,-1,0,0,0,0,0,0,0,0,0,0,0,0,0,0,0,0,1,1
MT,Aberdeen Multi-Market Income Fund,Financial,Closed-End Fund - Debt,USA,484850000.0,,4.18,-1.42%,164760.0,0,0,0,0,0,0,0,0,0,0,0,0,0,0,0,0,0,0,0,-1,0,0,0,0,0,0,0,0,0,1,1
MTX,Miluna Acquisition Corp,Financial,Shell Companies,Taiwan,90310000.0,3203.12,10.25,0.00%,6.0,0,0,0,0,0,0,0,-1,0,0,0,0,0,0,0,0,0,0,0,0,0,0,0,0,0,0,0,0,0,1,1
NA,NYLIM Merger Arbitrage ETF,Financial,Exchange Traded Fund,USA,,,36.76,0.30%,41202.0,0,1,0,-1,0,0,0,-1,0,0,0,0,0,0,0,0,0,0,0,0,0,0,0,0,0,0,0,0,1,2,3
NDO,Mind C.T.I Ltd,Technology,Software - Application,Israel,18650000.0,5.74,0.92,-5.60%,65172.0,0,0,0,0,0,0,0,0,0,0,0,0,0,0,0,1,0,0,0,0,0,0,0,0,0,0,0,0,1,0,1
NDY,Monday.Com Ltd,Technology,Software - Application,Israel,3760000000.0,37.9,88.91,6.47%,843223.0,0,0,0,0,0,0,0,-1,0,0,0,0,0,0,0,0,0,0,0,0,0,0,0,0,0,0,0,0,0,1,1
NKD,Mannkind Corp,Healthcare,Biotechnology,USA,1100000000.0,,3.42,-0.87%,4539715.0,0,0,0,0,0,0,0,0,0,0,0,0,0,0,0,1,0,0,0,0,0,0,0,0,0,0,0,0,1,0,1
NSO,MINISO Group Holding Ltd ADR,Consumer Cyclical,Specialty Retail,China,2670000000.0,15.51,9.07,1.45%,747907.0,0,0,0,0,0,1,0,0,0,0,0,0,0,0,0,0,0,0,0,0,0,0,0,0,0,0,0,0,1,0,1
NVT,Moonvest ETF,Financial,Exchange Traded Fund,USA,,,27.03,-1.95%,28377.0,0,0,0,0,0,0,0,0,1,0,0,0,0,0,0,0,0,0,0,0,0,0,0,0,0,0,0,0,1,0,1
OB,Mobilicom Limited,Industrials,Aerospace & Defense,Israel,50700000.0,,3.94,-4.14%,82707.0,0,0,0,0,0,0,0,0,1,1,0,0,0,0,0,0,0,0,0,0,0,0,0,0,0,0,0,0,2,0,2
OBI,Mobia Medical Inc,Healthcare,Medical Devices,USA,284970000.0,,8.56,0.59%,113477.0,0,0,0,0,0,0,0,0,1,1,0,0,0,0,0,0,0,0,0,0,0,0,0,0,0,0,0,0,2,0,2
ODL,VictoryShares WestEnd U.S. Sector ETF,Financial,Exchange Traded Fund,USA,,,52.98,-0.63%,28769.0,0,0,0,0,0,0,0,0,0,0,1,0,0,0,0,0,0,0,0,0,0,0,0,0,0,0,0,0,1,0,1
OG-A,Moog Inc,Industrials,Aerospace & Defense,USA,11500000000.0,30.87,362.92,0.70%,300407.0,0,0,0,0,0,0,0,0,1,0,0,0,0,0,0,0,0,0,0,0,0,0,0,0,0,0,0,0,1,0,1
OGU,MOGU Inc ADR,Consumer Cyclical,Internet Retail,China,13350000.0,,1.87,5.67%,2225.0,0,0,0,0,0,0,0,0,1,0,0,0,0,0,0,0,0,0,0,0,0,0,0,0,0,0,0,0,1,0,1
OMO,Hello Group Inc ADR,Communication Services,Internet Content & Information,China,484150000.0,4.8,4.68,-1.68%,797656.0,0,0,0,-1,0,0,0,0,0,0,0,0,0,0,0,0,0,0,0,0,0,0,0,0,0,0,0,0,0,1,1
OV,Movado Group Inc,Consumer Cyclical,Luxury Goods,USA,510450000.0,17.71,31.99,-1.75%,279629.0,0,0,0,0,0,0,0,0,0,0,0,0,0,0,0,0,0,0,0,0,0,0,0,0,-1,0,0,0,0,1,1
OVE,Corvex Inc,Technology,Software - Infrastructure,USA,309530000.0,,9.81,-1.90%,68135.0,0,0,0,0,0,0,0,0,1,1,0,0,-1,0,0,0,0,0,0,0,0,0,0,0,0,0,0,0,2,1,3
P,MP Materials Corp,Basic Materials,Other Industrial Metals & Mining,USA,8220000000.000001,,46.14,-0.37%,5470411.0,0,0,0,0,0,0,0,0,1,0,0,0,0,0,0,0,0,0,0,0,0,0,0,0,0,0,0,0,1,0,1
PB,Mid Penn Bancorp Inc,Financial,Banks - Regional,USA,916380000.0,12.82,36.17,1.23%,96788.0,0,1,0,0,0,0,0,0,0,0,0,0,0,0,0,0,0,0,0,0,0,0,0,0,0,0,0,0,1,0,1
PG,Leverage Shares 2X Long MP Daily ETF,Financial,Exchange Traded Fund,USA,,,3.49,-0.57%,269304.0,0,0,0,0,0,0,0,0,1,0,0,0,0,0,0,0,0,0,0,0,0,0,0,0,0,0,0,0,1,0,1
PLY,Monopoly ETF,Financial,Exchange Traded Fund,USA,,,33.51,-1.20%,2239.0,0,0,0,0,0,0,0,-1,0,0,0,0,0,0,0,0,0,0,0,0,0,0,0,0,0,0,0,0,0,1,1
PRO,Monarch ProCap Index ETF,Financial,Exchange Traded Fund,USA,,,31.8,0.47%,7133.0,0,0,0,0,0,0,0,0,0,0,1,0,0,0,0,0,0,0,0,0,0,0,0,0,0,0,0,0,1,0,1
PV,Barings Participation Investors,Financial,Closed-End Fund - Debt,USA,177050000.0,,16.41,1.83%,11538.0,0,0,0,0,0,0,0,0,1,0,0,0,0,0,0,0,0,0,0,0,0,0,0,0,0,0,0,0,1,0,1
Q,Marqeta Inc,Technology,Software - Infrastructure,USA,1820000000.0,177.78,17.44,2.23%,1126470.0,0,1,0,0,0,1,0,0,0,0,0,0,0,0,0,0,0,0,0,0,0,0,0,0,0,0,0,0,2,0,2
REO,Mereo Biopharma Group Plc ADR,Healthcare,Biotechnology,United Kingdom,59890000.0,,0.38,6.35%,1063884.0,0,0,0,0,0,0,0,0,0,0,0,0,-1,0,0,0,0,0,0,0,0,0,0,0,0,0,0,0,0,1,1
RKR,Marker Therapeutics Inc,Healthcare,Biotechnology,USA,15840000.0,,0.95,-8.65%,102304.0,0,0,0,0,0,0,0,0,1,0,0,0,0,0,0,0,0,0,0,0,0,0,0,0,0,0,0,0,1,0,1
RM,MEDIROM Healthcare Technologies Inc ADR,Consumer Cyclical,Personal Services,Japan,4350000.0,,0.55,0.02%,8614.0,0,0,0,0,0,0,0,0,1,1,0,0,0,0,0,0,0,0,0,0,0,0,0,0,0,0,0,0,2,0,2
RNY,YieldMax MRNA Option Income Strategy ETF,Financial,Exchange Traded Fund,USA,,,39.67,-1.32%,136416.0,0,0,0,0,0,0,0,0,0,0,0,0,0,0,0,0,0,0,0,0,0,0,-1,0,0,0,0,0,0,1,1
RSK,Toews Agility Shares Managed Risk ETF,Financial,Exchange Traded Fund,USA,,,40.0,-0.10%,17838.0,0,1,0,0,0,0,0,0,1,0,0,0,0,0,0,0,0,0,0,0,0,0,0,0,0,0,0,0,2,0,2
RT,Marti Technologies Inc,Technology,Software - Application,Turkey,159180000.0,,1.85,-4.15%,18040.0,0,0,0,0,0,0,0,0,0,0,1,0,0,0,0,0,0,0,0,0,0,0,0,0,0,0,0,0,1,0,1
SB,Mesabi Trust,Basic Materials,Steel,USA,240880000.0,37.14,18.36,-0.33%,79940.0,0,0,0,0,0,1,0,0,0,0,0,0,0,0,0,0,0,0,0,-1,0,0,0,0,0,0,0,0,1,1,2
SBI,Midland States Bancorp Inc,Financial,Banks - Regional,USA,675690000.0,20.91,32.56,0.96%,125425.0,0,0,0,0,0,0,0,0,0,0,0,0,-1,0,0,0,0,0,0,0,0,0,0,0,0,0,0,0,0,1,1
SEX,Middlesex Water Co,Utilities,Utilities - Regulated Water,USA,1000000000.0,20.49,53.08,-0.11%,196971.0,0,1,0,0,0,0,0,0,0,0,0,0,0,0,0,0,0,0,0,0,0,0,0,0,0,0,0,0,1,0,1
SFC,Corgi MSFT 2x Daily ETF,Financial,Exchange Traded Fund,USA,,,51.46,-2.69%,3009.0,0,0,0,0,0,0,0,0,0,0,1,1,0,0,0,0,0,0,0,0,0,0,0,0,0,0,0,0,2,0,2
SFO,YieldMax MSFT Option Income Strategy ETF,Financial,Exchange Traded Fund,USA,,,12.4,-1.67%,31176.0,0,1,0,-1,0,0,0,0,0,0,1,0,0,0,0,0,0,0,0,0,0,0,0,0,0,0,0,0,2,1,3
SFW,Roundhill MSFT WeeklyPay ETF,Financial,Exchange Traded Fund,USA,,,33.25,-1.44%,16991.0,0,0,0,-1,0,0,0,0,0,0,0,0,0,0,0,0,0,0,0,0,0,0,0,0,0,0,0,0,0,1,1
SGM,Motorsport Games Inc,Communication Services,Electronic Gaming & Multimedia,USA,23680000.0,11.98,5.16,-3.55%,83863.0,0,0,0,0,0,0,0,0,0,0,0,0,0,0,0,0,0,0,0,0,1,0,0,0,0,0,0,0,1,0,1
SGS,Madison Square Garden Sports Corp,Communication Services,Entertainment,USA,9800000000.0,1309.65,407.17,0.54%,279620.0,0,0,0,0,0,0,0,-1,0,0,0,0,0,0,0,0,0,0,0,0,0,0,0,0,0,0,0,0,0,1,1
SLE,Satellos Bioscience Inc,Healthcare,Biotechnology,Canada,155860000.0,,7.34,-3.74%,121436.0,0,0,0,0,0,0,0,0,0,0,0,0,0,0,0,0,0,0,0,0,0,0,0,1,0,0,0,0,1,0,1
SM,MSC Industrial Direct Co Inc,Industrials,Industrial Distribution,USA,7200000000.0,31.2,128.92,-1.12%,896807.0,0,0,0,0,0,0,0,0,0,0,0,0,-1,0,0,0,0,0,0,0,0,0,0,0,0,0,0,0,0,1,1
SMR,McElhenny Sheffield Managed Risk ETF,Financial,Exchange Traded Fund,USA,,,34.48,-0.61%,2469.0,0,0,0,0,0,0,0,0,0,0,0,0,-1,0,0,0,0,0,0,0,0,0,0,0,0,0,0,0,0,1,1
SSM,Morgan Stanley Pathway Small-Mid Cap Equity ETF,Financial,Exchange Traded Fund,USA,,,57.17,0.08%,16295.0,0,0,0,0,0,0,0,0,0,0,0,0,0,0,0,0,0,0,0,0,0,0,-1,0,0,0,0,0,0,1,1
ST,Defiance Leveraged Long Income MSTR ETF,Financial,Exchange Traded Fund,USA,,,14.28,-2.15%,92153.0,0,0,0,0,0,0,0,0,1,0,0,0,0,0,0,0,0,0,0,0,0,0,0,0,0,0,0,0,1,0,1
STB,LHA Market State Tactical Beta ETF,Financial,Exchange Traded Fund,USA,,,44.42,-0.56%,6229.0,0,0,0,0,0,0,0,-1,0,0,0,0,0,0,0,1,0,0,0,0,0,0,0,0,0,0,0,0,1,1,2
STP,GraniteShares 2x Long MSTR Daily ETF,Financial,Exchange Traded Fund,USA,,,27.27,-2.37%,74169.0,0,0,0,0,0,0,0,0,1,0,0,0,0,0,0,0,0,0,0,0,0,0,0,0,0,0,0,0,1,0,1
STU,T-Rex 2X Long MSTR Daily Target ETF,Financial,Exchange Traded Fund,USA,,,38.33,-2.84%,4641137.0,0,0,0,0,0,0,0,0,1,0,0,0,0,0,0,0,0,0,0,0,0,0,0,0,0,0,0,0,1,0,1
STW,Roundhill MSTR WeeklyPay ETF,Financial,Exchange Traded Fund,USA,,,4.76,-1.45%,1571537.0,0,0,0,0,0,0,0,0,1,0,0,0,0,0,0,0,0,0,0,0,0,0,0,0,0,0,0,0,1,0,1
STX,Defiance Daily Target 2x Long MSTR ETF,Financial,Exchange Traded Fund,USA,,,17.63,-2.54%,9005647.0,0,0,0,0,0,0,0,0,1,0,0,0,0,0,0,0,0,0,0,0,0,0,0,0,0,0,0,0,1,0,1
STY,YieldMax MSTR Option Income Strategy ETF,Financial,Exchange Traded Fund,USA,,,15.38,-2.84%,2418637.0,0,0,0,0,0,0,0,0,1,0,0,0,0,0,0,0,0,0,0,0,0,0,0,0,0,0,0,0,1,0,1
TCH,Match Group Inc,Communication Services,Internet Content & Information,USA,9530000000.0,14.65,41.5,1.57%,3295279.0,0,0,0,0,0,0,0,-1,0,0,0,0,0,0,0,0,0,0,0,0,0,0,0,0,0,0,0,0,0,1,1
TD,Mettler-Toledo International Inc,Healthcare,Diagnostics & Research,USA,30650000000.0,34.42,1529.46,-0.26%,264696.0,0,0,0,0,0,0,0,-1,0,0,0,0,0,0,0,0,0,0,0,0,0,0,0,0,0,0,0,0,0,1,1
TGP,WisdomTree Mortgage Plus Bond Fund,Financial,Exchange Traded Fund,USA,,,42.04,0.23%,72846.0,0,0,0,-1,0,0,0,0,0,0,0,0,0,0,0,0,0,0,0,0,0,0,0,0,0,0,0,0,0,1,1
TN,Vail Resorts Inc,Consumer Cyclical,Resorts & Casinos,USA,5210000000.0,35.26,146.09,0.98%,949617.0,0,0,0,0,0,0,0,0,1,0,0,0,0,0,0,0,0,0,0,0,0,0,0,0,0,0,0,0,1,0,1
TRA,Invesco International Growth Focus ETF,Financial,Exchange Traded Fund,USA,,,25.91,-1.17%,22.0,0,0,0,0,0,0,0,0,0,0,1,1,0,0,0,0,0,0,0,0,0,0,0,0,0,0,0,0,2,0,2
TSG,Leverage Shares 2X Long MTSI Daily ETF,Financial,Exchange Traded Fund,USA,,,7.87,-8.75%,61449.0,0,0,0,0,0,0,0,0,0,0,0,0,0,0,0,0,0,0,0,0,0,0,0,1,0,0,0,0,1,0,1
TSI,MACOM Technology Solutions Holdings Inc,Technology,Semiconductors,USA,24610000000.0,103.63,322.21,-4.08%,1637450.0,0,0,0,0,0,1,0,0,0,0,0,0,0,0,0,1,0,0,0,0,0,0,0,0,0,0,0,0,2,0,2
TUS,Metallus Inc,Basic Materials,Steel,USA,814060000.0,111.02,19.64,-1.65%,315353.0,0,0,0,0,0,0,0,0,0,0,1,0,0,0,0,0,0,0,0,0,0,0,0,0,0,0,0,0,1,0,1
TX,Minerals Technologies Inc,Basic Materials,Specialty Chemicals,USA,2009999999.9999998,,64.7,-0.63%,168616.0,0,0,0,0,0,0,0,0,1,0,0,0,0,0,0,0,0,0,0,0,0,0,0,0,0,0,0,0,1,0,1
UA,BlackRock Muniassets Fund Inc,Financial,Closed-End Fund - Debt,USA,464770000.0,,9.23,0.33%,367582.0,0,0,0,0,0,0,0,0,1,0,0,0,0,0,0,0,0,0,0,0,0,0,0,0,0,0,0,0,1,0,1
UFG,Mitsubishi UFJ Financial Group Inc ADR,Financial,Banks - Diversified,Japan,253030000000.0,14.65,22.48,-0.75%,4006839.0,0,0,0,0,0,0,0,-1,0,0,0,0,0,0,0,0,0,0,0,0,0,0,0,0,0,0,0,0,0,1,1
UIB,Direxion MU Defined Income Boost ETF,Financial,Exchange Traded Fund,USA,,,31.4,-4.78%,2668.0,0,1,0,0,0,0,0,0,0,0,0,0,0,0,0,0,0,0,0,0,0,0,0,0,0,0,0,0,1,0,1
ULL,GraniteShares 2x Long MU Daily ETF,Financial,Exchange Traded Fund,USA,,,23.88,-9.65%,5116942.0,0,0,0,0,0,0,0,0,0,0,0,0,-1,0,0,0,0,0,0,0,0,0,0,0,0,0,0,0,0,1,1
USA,Murphy USA Inc,Consumer Cyclical,Specialty Retail,USA,9530000000.0,15.78,518.22,1.31%,163086.0,0,0,0,0,0,0,0,0,0,0,0,0,-1,0,0,0,0,0,0,0,0,0,0,0,0,0,0,0,0,1,1
USQ,MUSQ Global Music Industry Index ETF,Financial,Exchange Traded Fund,USA,,,25.13,0.35%,110.0,0,0,0,0,0,0,0,0,0,0,0,0,0,0,0,1,0,0,0,0,0,0,0,0,0,0,0,0,1,0,1
UST,Columbia Multi-Sector Municipal Income ETF,Financial,Exchange Traded Fund,USA,,,19.2,0.89%,720719.0,0,0,0,0,0,0,0,0,1,0,0,0,0,0,0,0,0,0,0,0,0,0,0,0,0,0,0,0,1,0,1
UU,Direxion Daily MU Bull 2X ETF,Financial,Exchange Traded Fund,USA,,,34.26,-9.56%,28338701.0,0,0,0,0,0,0,0,0,1,0,0,0,0,0,0,0,0,0,0,0,0,0,0,0,0,0,0,0,1,0,1
VFD,Monarch Volume Factor Dividend Tree Index ETF,Financial,Exchange Traded Fund,USA,,,31.19,1.66%,16698.0,0,0,0,0,0,0,0,0,0,0,1,1,0,0,0,0,0,0,0,0,0,0,0,0,0,0,0,0,2,0,2
VPL,Miller Value Partners Leverage ETF,Financial,Exchange Traded Fund,USA,,,44.88,-0.98%,2587.0,0,0,0,0,0,0,0,-1,0,0,0,0,0,0,0,1,0,0,0,0,0,0,0,0,0,0,0,0,1,1,2
VRL,ETRACS Monthly Pay 1.5X Leveraged Mortgage REIT ETN,Financial,Exchange Traded Fund,USA,,,9.51,2.32%,2409.0,0,0,0,0,0,0,0,0,1,0,0,0,0,0,0,0,0,0,0,0,0,0,0,0,0,0,0,0,1,0,1
WH,SOLV Energy Inc,Utilities,Utilities - Renewable,USA,5200000000.0,,25.69,-0.23%,1387782.0,0,0,0,0,0,0,0,0,0,0,0,0,-1,-1,0,0,0,0,0,0,0,0,0,0,0,1,0,0,1,2,3
WHS,Skylar Electricity Futures ETF,Financial,Exchange Traded Fund,USA,,,19.95,0.00%,5.0,0,0,0,0,0,0,0,0,0,0,0,0,0,0,0,0,0,0,0,0,0,0,0,1,0,0,0,0,1,0,1
WYN,Marwynn Holdings Inc,Consumer Cyclical,"Furnishings, Fixtures & Appliances",USA,27870000.0,,1.38,2.22%,107554.0,0,0,0,0,0,0,0,-1,0,0,0,0,0,0,0,0,0,0,0,0,0,0,0,0,0,0,0,0,0,1,1
X,MagnaChip Semiconductor Corp,Technology,Semiconductors,South Korea,120210000.0,,3.16,-2.47%,720943.0,0,0,0,0,0,1,0,0,1,0,0,0,0,0,0,0,0,0,0,0,0,0,0,0,0,0,0,0,2,0,2
XL,MaxLinear Inc,Technology,Semiconductors,USA,8500000000.0,,93.7,-12.72%,4020586.0,0,0,0,0,0,0,0,0,1,0,0,0,-1,0,0,0,0,0,0,0,0,0,0,0,0,0,0,0,1,1,2
YCF,State Street My2026 Corporate Bond ETF,Financial,Exchange Traded Fund,USA,,,25.0,0.02%,3052.0,0,1,0,0,0,0,0,0,0,0,0,0,0,0,0,0,0,0,0,0,1,1,0,0,0,0,0,0,3,0,3
YE,Myers Industries Inc,Consumer Cyclical,Packaging & Containers,USA,1150000000.0,31.6,30.68,-0.16%,171931.0,0,0,0,0,0,0,0,0,0,0,0,0,-1,0,0,0,0,0,0,0,0,0,0,0,0,0,0,0,0,1,1
YGN,Myriad Genetics Inc,Healthcare,Diagnostics & Research,USA,401730000.0,,4.2,-1.87%,2259576.0,0,0,0,0,0,0,0,0,1,0,0,0,0,0,0,0,0,0,0,0,0,0,0,0,0,0,0,0,1,0,1
YHD,State Street My2030 High Yield Corporate Bond ETF,Financial,Exchange Traded Fund,USA,,,24.18,-0.17%,117.0,0,1,0,0,0,0,0,0,0,0,0,0,0,0,0,0,0,0,0,0,0,0,0,0,0,0,0,0,1,0,1
YMJ,State Street My2030 Municipal Bond ETF,Financial,Exchange Traded Fund,USA,,,23.93,0.38%,5134.0,0,1,0,0,0,0,0,0,0,0,0,0,0,0,0,0,0,0,0,0,0,0,0,0,0,0,0,0,1,0,1
YND,Mynd.ai Inc ADR,Consumer Defensive,Education & Training Services,USA,13900000.0,,0.29,-2.99%,5724.0,0,0,0,0,0,0,0,0,0,0,0,0,-1,-1,0,0,0,0,0,0,0,0,0,0,0,0,0,0,0,2,2
YY,ProShares Short Midcap400 -1x Shares,Financial,Exchange Traded Fund,USA,,,15.83,-0.29%,4148.0,0,0,0,0,0,1,0,0,0,0,0,0,0,0,0,0,0,0,0,0,0,0,0,0,0,0,0,0,1,0,1
ZZ,ProShares UltraShort MidCap400 -2x Shares,Financial,Exchange Traded Fund,USA,,,6.44,-0.68%,1559.0,0,0,0,0,0,0,0,0,0,0,1,0,0,0,0,0,0,0,0,0,0,0,0,0,0,0,0,0,1,0,1
AAS,Naas Technology Inc ADR,Consumer Cyclical,Specialty Retail,China,73320000.0,,3.04,0.87%,13667.0,0,0,0,0,0,0,0,0,0,0,1,0,0,0,0,0,0,0,0,0,0,0,0,0,0,0,0,0,1,0,1
ABL,N-able Inc,Technology,Information Technology Services,USA,850080000.0,,4.5,0.45%,2002225.0,0,0,0,0,0,0,0,0,0,0,0,0,-1,0,0,0,0,0,0,0,0,0,0,1,0,0,0,0,1,1,2
ACP,Impact Shares NAACP Minority Empowerment ETF,Financial,Exchange Traded Fund,USA,,,61.62,-0.80%,345.0,0,0,0,0,0,0,0,-1,0,0,0,0,0,0,0,0,0,0,0,0,0,0,0,0,0,0,0,0,0,1,1
AGE,Niagen Bioscience Inc,Consumer Defensive,Packaged Foods,USA,210470000.0,14.13,2.66,-2.21%,635191.0,0,0,0,0,0,0,0,0,1,1,0,0,0,0,0,0,0,0,0,0,0,0,0,0,0,0,0,0,2,0,2
AIL,Direxion Daily Homebuilders & Supplies Bull 3X ETF,Financial,Exchange Traded Fund,USA,,,26.87,4.03%,2960153.0,0,0,0,0,0,0,0,0,0,0,1,0,0,0,0,0,0,0,0,0,0,0,0,0,0,0,0,0,1,0,1
AK,Northern Dynasty Minerals Ltd,Basic Materials,Other Industrial Metals & Mining,Canada,646470000.0,,1.15,-3.36%,2710150.0,0,0,0,0,0,0,0,0,0,0,0,0,-1,0,0,0,0,0,0,0,0,0,0,0,0,0,0,0,0,1,1
AMI,Jinxin Technology Holding Co ADR,Communication Services,Internet Content & Information,China,6600000.0,,2.09,-4.57%,17981.0,0,0,0,0,0,0,0,0,1,0,0,0,0,0,0,0,0,0,0,0,0,0,0,0,0,0,0,0,1,0,1
ANC,Subversive Congressional Democrats Trading ETF,Financial,Exchange Traded Fund,USA,,,52.81,-0.69%,9207.0,0,0,0,0,0,0,0,-1,0,0,0,0,0,0,0,0,0,0,0,0,0,0,0,0,0,0,0,0,0,1,1
AUG,Innovator Growth-100 Power Buffer ETF - August,Financial,Exchange Traded Fund,USA,,,33.64,-0.67%,4741.0,0,0,0,0,0,0,0,-1,0,0,0,0,0,0,0,0,0,0,0,0,0,0,0,0,0,0,0,0,0,1,1
AVI,Navient Corp,Financial,Credit Services,USA,869380000.0,,9.27,2.54%,1180737.0,0,0,0,0,0,0,0,0,0,0,0,0,0,0,0,0,0,1,0,0,0,0,0,0,0,0,0,0,1,0,1
B,NioCorp Developments Ltd,Basic Materials,Other Industrial Metals & Mining,USA,497350000.0,,3.41,-1.16%,2832213.0,0,0,0,0,0,0,0,0,1,1,0,0,0,0,0,0,0,0,0,0,0,0,0,0,0,0,0,0,2,0,2
BCR,Neuberger Core Equity ETF,Financial,Exchange Traded Fund,USA,,,34.51,-0.52%,17186.0,0,1,0,0,0,0,0,0,0,0,0,0,0,0,0,0,0,1,0,0,0,0,0,0,0,0,0,0,2,0,2
BDS,Neuberger Disrupters ETF,Financial,Exchange Traded Fund,USA,,,41.43,-2.13%,43989.0,0,1,0,0,0,0,0,0,0,0,0,0,0,0,0,0,0,0,0,0,0,0,0,0,0,0,0,0,1,0,1
BET,Neuberger Energy Transition & Infrastructure ETF,Financial,Exchange Traded Fund,USA,,,40.73,1.30%,28231.0,0,0,0,-1,0,0,0,0,0,0,0,0,0,0,0,0,0,0,0,0,0,0,0,0,0,0,0,0,0,1,1
BGX,Neuberger Growth ETF,Financial,Exchange Traded Fund,USA,,,30.56,-1.10%,1022.0,0,0,0,0,0,0,0,-1,0,0,0,0,0,0,0,0,0,0,0,0,0,0,0,0,0,0,0,0,0,1,1
BJP,Neuberger Japan Equity ETF,Financial,Exchange Traded Fund,USA,,,35.92,-1.06%,27.0,0,0,0,0,0,0,0,0,1,0,0,0,0,0,0,1,0,0,0,0,0,0,0,0,0,0,0,0,2,0,2
BN,Northeast Bank,Financial,Banks - Regional,USA,1080000000.0,9.95,126.63,0.29%,95218.0,0,0,0,0,0,0,0,0,0,0,0,0,0,0,0,1,0,0,0,0,0,0,0,0,0,0,0,0,1,0,1
BOS,Neuberger Option Strategy ETF,Financial,Exchange Traded Fund,USA,,,28.75,0.21%,115466.0,0,0,0,0,0,0,0,-1,0,0,0,0,0,0,0,0,0,0,0,0,0,0,0,0,0,0,0,0,0,1,1
BR,Nabors Industries Ltd,Energy,Oil & Gas Drilling,Bermuda,1240000000.0,6.07,81.56,1.84%,166957.0,0,0,0,0,0,0,0,0,0,0,0,0,-1,-1,0,0,0,0,0,0,0,0,0,0,0,0,-1,0,0,3,3
BTX,Nanobiotix ADR,Healthcare,Biotechnology,France,1160000000.0,,22.9,-6.99%,116619.0,0,0,0,0,0,0,0,0,0,0,0,0,0,0,0,1,0,0,0,0,0,0,0,0,0,0,0,0,1,0,1
CEL,NewcelX Ltd,Healthcare,Biotechnology,Switzerland,16739999.999999998,,3.11,2.47%,7303.0,0,0,0,0,0,0,0,0,0,0,0,0,-1,0,0,0,0,0,0,0,0,0,0,0,0,0,0,0,0,1,1
CLH,Norwegian Cruise Line Holdings Ltd,Consumer Cyclical,Travel Services,USA,7110000000.0,9.79,15.49,2.92%,22909663.0,0,0,0,0,0,0,0,0,1,0,0,0,0,0,0,0,0,0,0,0,0,0,0,0,0,0,0,0,1,0,1
CMI,National Cinemedia Inc,Communication Services,Advertising Agencies,USA,207890000.0,,2.21,0.45%,982387.0,0,0,0,0,0,1,0,0,0,0,0,0,0,0,0,0,0,0,0,0,0,0,0,0,0,0,0,0,1,0,1
CNA,NuCana plc ADR,Healthcare,Biotechnology,United Kingdom,4870000.0,,1.13,-0.88%,35364.0,0,0,0,0,0,0,0,0,0,0,0,0,-1,0,0,0,0,0,0,0,0,0,0,0,0,0,0,0,0,1,1
CT,Intercont (Cayman) Ltd,Industrials,Marine Shipping,Hong Kong,2020000.0,,1.65,8.55%,8298542.0,0,0,0,0,0,0,0,0,0,0,1,0,0,0,0,0,0,0,0,0,0,0,0,0,0,0,0,0,1,0,1
CV,Virtus Convertible & Income Fund,Financial,Closed-End Fund - Debt,USA,342290000.0,,15.15,-0.72%,113407.0,0,0,0,0,0,0,0,0,0,0,0,0,0,0,0,0,0,0,0,0,0,0,0,0,-1,0,0,0,0,1,1
CZ,Virtus Convertible & Income Fund II,Financial,Closed-End Fund - Debt,USA,266790000.00000003,,14.02,0.00%,68994.0,0,0,0,0,0,0,0,0,1,0,0,0,0,0,0,0,0,0,0,0,0,0,0,0,0,0,0,0,1,0,1
DIA,Global X India Active ETF,Financial,Exchange Traded Fund,USA,,,25.36,-0.82%,805.0,0,0,0,0,0,0,0,0,0,0,0,0,0,0,0,1,0,0,0,0,0,0,0,0,0,0,0,0,1,0,1
DIV,Amplify Energy & Natural Resources Covered Call ETF,Financial,Exchange Traded Fund,USA,,,33.81,1.52%,5552.0,0,1,0,0,0,0,0,0,0,0,0,0,0,0,0,0,0,0,0,0,0,0,0,0,0,0,0,0,1,0,1
DOW,Anydrus Advantage ETF,Financial,Exchange Traded Fund,USA,,,28.77,-0.41%,601.0,0,0,0,0,0,0,0,0,1,0,0,0,0,0,0,0,0,0,0,0,0,0,0,0,0,0,0,0,1,0,1
DSN,Nordson Corp,Industrials,Specialty Industrial Machinery,USA,18210000000.0,33.07,326.87,-0.25%,401190.0,0,1,0,0,0,1,0,0,0,0,1,0,0,0,0,0,0,0,0,0,0,0,-1,0,0,0,0,0,3,1,4
ECB,NorthEast Community Bancorp Inc,Financial,Banks - Regional,USA,377330000.0,8.78,27.41,0.29%,48351.0,0,0,0,0,0,0,0,0,0,0,0,0,-1,0,0,0,0,0,0,0,0,0,0,0,0,0,0,0,0,1,1
EGG,Newegg Commerce Inc,Consumer Cyclical,Internet Retail,USA,242880000.0,,11.58,-3.58%,41306.0,0,0,0,0,0,0,0,0,0,0,0,0,0,0,0,0,0,0,0,-1,0,0,0,0,0,0,0,0,0,1,1
EN,New England Realty Associates LP,Real Estate,Real Estate Services,USA,138300000.0,,49.75,0.00%,65.0,0,0,0,-1,0,0,0,0,0,0,0,0,0,0,0,0,0,0,0,-1,0,0,0,0,0,0,0,0,0,2,2
EOV,NeoVolta Inc,Industrials,Electrical Equipment & Parts,USA,153440000.0,,2.6,-6.81%,1047112.0,0,0,0,0,0,1,0,0,0,0,0,0,0,0,0,0,0,0,0,0,0,0,0,0,0,0,0,0,1,0,1
ET,Cloudflare Inc,Technology,Software - Infrastructure,USA,121740000000.0,,341.89,-0.31%,2441549.0,0,0,0,-1,0,1,0,0,0,0,0,0,0,0,0,0,0,1,0,0,0,0,0,0,0,0,0,0,2,1,3
ETG,Leverage Shares 2X Long NET Daily ETF,Financial,Exchange Traded Fund,USA,,,23.01,-0.93%,50673.0,0,0,0,-1,0,0,0,0,0,0,0,0,0,0,0,0,0,0,0,0,0,0,0,0,0,0,0,0,0,1,1
EUP,Neuphoria Therapeutics Inc,Healthcare,Biotechnology,USA,18120000.0,,3.35,-2.05%,16532.0,0,0,0,0,0,0,0,0,1,0,0,0,0,0,0,0,0,0,0,0,0,0,0,0,0,0,0,0,1,0,1
EXM,NexMetals Mining Corp,Basic Materials,Other Industrial Metals & Mining,Canada,60250000.0,,1.69,0.30%,48704.0,0,0,0,0,0,0,0,0,1,0,0,0,0,0,0,0,0,0,0,0,0,0,0,0,0,0,0,0,1,0,1
EXT,NextDecade Corp,Energy,Oil & Gas Equipment & Services,USA,1800000000.0,,6.75,1.35%,2486927.0,0,0,0,0,0,0,0,0,1,0,0,0,0,0,0,0,0,0,0,0,0,0,0,0,0,0,0,0,1,0,1
FEB,Innovator Growth-100 Power Buffer ETF - February,Financial,Exchange Traded Fund,USA,,,31.34,-0.44%,3706.0,0,0,0,0,0,0,0,-1,0,0,0,0,0,0,0,0,0,0,0,0,0,0,0,0,0,0,0,0,0,1,1
FG,National Fuel Gas Co,Energy,Oil & Gas Integrated,USA,7430000000.0,10.88,78.21,0.68%,839019.0,0,0,0,0,0,0,0,0,0,0,0,0,-1,0,0,0,0,0,0,0,1,0,0,1,0,0,0,0,2,1,3
FLP,Kurv Yield Premium Strategy Netflix (NFLX) ETF,Financial,Exchange Traded Fund,USA,,,16.5,2.40%,6841.0,0,0,0,0,0,0,0,0,1,0,0,0,0,0,0,0,0,0,0,0,0,0,0,0,0,0,0,0,1,0,1
FLU,T-Rex 2X Long NFLX Daily Target ETF,Financial,Exchange Traded Fund,USA,,,15.39,5.41%,214686.0,0,0,0,0,0,0,0,0,1,0,0,0,0,0,0,0,0,0,0,0,0,0,0,0,0,0,0,0,1,0,1
FLW,Roundhill NFLX WeeklyPay ETF,Financial,Exchange Traded Fund,USA,,,14.6,3.04%,10912.0,0,0,0,0,0,0,0,0,1,0,0,0,0,0,0,0,0,0,0,0,0,0,0,0,0,0,0,0,1,0,1
FLX,Netflix Inc,Communication Services,Entertainment,USA,298010000000.0,22.55,71.57,2.68%,46130348.0,0,0,0,0,0,0,0,0,1,0,0,0,0,0,0,0,0,0,0,0,0,0,0,0,0,0,0,0,1,0,1
FLY,YieldMax NFLX Option Income Strategy ETF,Financial,Exchange Traded Fund,USA,,,6.81,0.89%,47827.0,0,0,0,0,0,0,0,0,1,0,0,0,0,0,0,0,0,0,0,0,0,0,0,0,0,0,0,0,1,0,1
FXL,Direxion Daily NFLX Bull 2X ETF,Financial,Exchange Traded Fund,USA,,,14.57,5.43%,2180142.0,0,0,0,0,0,0,0,0,1,0,0,0,0,0,0,0,0,0,0,0,0,0,0,0,0,0,0,0,1,0,1
GG,National Grid Plc ADR,Utilities,Utilities - Regulated Electric,United Kingdom,77520000000.0,17.66,77.11,1.31%,774550.0,0,0,0,-1,0,0,0,0,1,1,0,0,0,0,0,0,0,0,0,0,0,0,0,0,0,0,0,0,2,1,3
GS,Natural Gas Services Group Inc,Energy,Oil & Gas Equipment & Services,USA,427970000.0,20.65,33.18,-0.18%,57171.0,0,0,0,0,0,1,0,0,1,1,0,0,0,0,0,0,0,0,0,0,0,0,0,0,0,0,0,0,3,0,3
GVC,Natural Grocers by Vitamin Cottage Inc,Consumer Defensive,Grocery Stores,USA,693220000.0,14.68,30.08,0.13%,82235.0,0,0,0,0,0,1,0,0,0,0,0,0,0,0,0,0,0,0,0,0,0,0,0,0,0,0,0,0,1,0,1
GVT,Ingevity Corp,Basic Materials,Specialty Chemicals,USA,2450000000.0,47.36,71.41,0.69%,245260.0,0,0,0,0,0,0,0,0,0,0,1,1,0,0,0,0,0,0,0,0,0,0,-1,0,0,0,0,0,2,1,3
HC,National Healthcare Corp,Healthcare,Medical Care Facilities,USA,3530000000.0,25.3,225.17,1.80%,82095.0,0,0,0,0,0,0,0,0,0,0,0,0,0,0,0,0,0,1,0,0,0,0,0,0,0,0,0,0,1,0,1
HS,Neuberger High Yield Strategies Fund Inc,Financial,Closed-End Fund - Debt,USA,226860000.0,,5.42,0.56%,185838.0,0,0,0,0,0,0,0,0,0,0,0,0,0,0,0,0,0,0,0,-1,0,0,0,0,0,0,0,0,0,1,1
ICM,Nicola Mining Inc ADR,Basic Materials,Other Industrial Metals & Mining,Canada,103880000.0,,5.43,-0.37%,2350.0,0,0,0,0,0,0,0,0,1,0,0,0,0,0,0,0,0,0,0,0,0,0,0,0,0,0,0,0,1,0,1
IE,Virtus Equity & Convertible Income Fund,Financial,Closed-End Fund - Equity,USA,701590000.0,,25.32,-0.63%,95109.0,0,0,0,0,0,0,0,0,0,0,0,0,0,0,0,0,0,0,0,0,0,0,0,0,-1,0,0,0,0,1,1
IHI,NEOS MSCI EAFE High Income ETF,Financial,Exchange Traded Fund,USA,,,50.45,-0.47%,36087.0,0,0,0,0,0,0,0,0,0,0,1,0,0,0,0,0,0,0,0,0,0,0,0,0,0,0,0,0,1,0,1
IKI,Niki BioSolutions Inc,Healthcare,Biotechnology,USA,13470000.0,,4.32,-7.10%,15852.0,0,0,0,0,0,0,0,0,0,0,0,0,-1,0,0,0,0,0,0,0,0,0,0,0,0,0,0,0,0,1,1
ISM,NYLIM International Small-Mid Cap Equity ETF,Financial,Exchange Traded Fund,USA,,,24.74,-0.63%,6.0,0,0,0,0,0,0,0,0,0,0,0,0,0,0,0,0,0,0,0,0,1,0,0,0,0,0,0,0,1,0,1
ITE,The Nightview Fund NITE,Financial,Exchange Traded Fund,USA,,,38.92,-1.15%,3159.0,0,0,0,0,0,0,0,0,0,0,1,0,0,0,0,0,0,0,0,0,0,0,-1,0,0,0,0,0,1,1,2
IU,Niu Technologies ADR,Consumer Cyclical,Auto Manufacturers,China,133160000.0,,1.88,0.00%,95920.0,0,0,0,0,0,0,0,0,1,0,0,0,0,0,0,0,0,0,0,0,0,0,0,0,0,0,0,0,1,0,1
JNK,Columbia U.S. High Yield ETF,Financial,Exchange Traded Fund,USA,,,19.36,-0.08%,2833.0,0,0,0,-1,0,0,0,0,0,0,0,0,0,0,0,0,0,0,0,0,0,0,0,0,0,0,0,0,0,1,1
KTR,Nektar Therapeutics,Healthcare,Biotechnology,USA,1390000000.0,,40.8,1.34%,1749656.0,0,0,0,0,0,0,0,0,0,0,0,0,-1,0,0,0,0,0,0,0,0,0,0,0,0,0,0,0,0,1,1
KTX,Nkarta Inc,Healthcare,Biotechnology,USA,159010000.0,,2.22,-2.20%,721152.0,0,0,0,0,0,1,0,0,0,0,0,0,0,0,0,0,0,0,0,0,0,0,0,0,0,0,0,0,1,0,1
MBL,NovaTide Flexible Allocation ETF,Financial,Exchange Traded Fund,USA,,,20.96,-0.54%,250.0,0,0,0,0,0,0,0,0,0,0,1,1,0,0,0,0,0,0,0,0,0,0,0,0,-1,0,0,0,2,1,3
ML,Neuberger Energy Infrastructure and Income Fund Inc,Financial,Closed-End Fund - Equity,USA,579620000.0,,10.23,1.49%,127381.0,0,0,0,-1,0,0,0,0,0,0,0,0,0,0,0,0,0,0,0,0,0,0,0,0,0,0,0,0,0,1,1
MP,NMP Acquisition Corp,Financial,Shell Companies,USA,167060000.0,50.88,10.43,0.58%,18.0,0,0,0,0,0,0,0,0,0,0,0,0,0,0,0,0,0,1,0,0,0,0,0,0,0,0,0,0,1,0,1
MRK,Newmark Group Inc,Real Estate,Real Estate Services,USA,2270000000.0,15.57,12.52,2.67%,1820159.0,0,0,0,0,0,0,0,0,0,0,0,0,0,0,0,1,0,0,0,0,0,0,0,0,0,0,0,0,1,0,1
MTC,NeuroOne Medical Technologies Corp,Healthcare,Medical Devices,USA,9840000.0,,1.08,-2.70%,315262.0,0,0,0,0,0,0,0,0,1,0,0,0,0,0,0,0,0,0,0,0,0,0,0,0,0,0,0,0,1,0,1
NBR,NN Inc,Industrials,Conglomerates,USA,375910000.0,,4.01,-0.25%,2872636.0,0,0,0,0,0,0,0,0,0,0,1,0,0,0,0,0,0,0,0,0,0,0,-1,0,0,0,0,0,1,1,2
NE,Nano Nuclear Energy Inc,Industrials,Specialty Industrial Machinery,USA,819440000.0,,15.26,-4.68%,2549910.0,0,0,0,0,0,0,0,0,1,0,0,0,0,0,0,0,0,0,0,0,0,0,0,0,0,0,0,0,1,0,1
NOX,Nano X Imaging Ltd,Healthcare,Medical Devices,Israel,44500000.0,,0.57,-4.82%,1132427.0,0,0,0,0,0,0,0,0,1,0,0,0,0,0,0,0,0,0,0,0,0,0,0,0,0,0,0,0,1,0,1
OAH,Noah Holdings Ltd ADR,Financial,Asset Management,China,512750000.0,6.28,7.62,-1.42%,79734.0,0,0,0,0,0,0,0,0,1,0,0,0,0,0,0,0,0,0,0,0,0,0,0,0,0,0,0,0,1,0,1
ODK,NI Holdings Inc,Financial,Insurance - Property & Casualty,USA,303830000.0,40.07,14.89,1.02%,13258.0,0,0,0,0,0,0,0,0,1,0,0,0,0,0,0,0,0,0,0,0,0,0,0,0,0,0,0,0,1,0,1
OEQ,Northern Trust US Equity ETF,Financial,Exchange Traded Fund,USA,,,29.8,-0.52%,6.0,0,0,0,0,0,0,0,0,0,0,1,0,0,0,0,0,0,0,0,0,0,0,0,0,-1,0,0,0,1,1,2
OMA,Nomadar Corp,Consumer Cyclical,Leisure,USA,27920000.0,,1.57,-9.77%,21632.0,0,1,0,0,0,0,0,0,0,0,0,0,0,0,0,0,0,0,0,0,0,0,0,0,0,0,0,0,1,0,1
OV,NOV Inc,Energy,Oil & Gas Equipment & Services,USA,6770000000.0,72.9,18.99,1.99%,3592416.0,0,0,0,-1,0,0,0,-1,0,0,0,0,0,0,0,0,0,0,0,0,0,0,0,0,0,0,0,0,0,2,2
OVP,PGIM S&P 500 Buffer 12 ETF - November,Financial,Exchange Traded Fund,USA,,,33.82,-0.40%,12113.0,0,0,0,0,0,0,0,-1,0,0,0,0,0,0,0,0,0,0,0,0,0,0,0,0,0,0,0,0,0,1,1
OVT,Novanta Inc,Technology,Scientific & Technical Instruments,USA,5160000000.0,87.14,136.33,-5.09%,752561.0,0,0,0,0,0,0,0,0,1,0,0,0,0,0,0,0,0,0,0,0,0,0,-1,0,0,0,0,0,1,1,2
OWL,GraniteShares 2x Long NOW Daily ETF,Financial,Exchange Traded Fund,USA,,,7.63,2.69%,5669167.0,0,0,0,0,0,0,0,0,0,0,1,0,0,0,0,0,0,0,0,0,1,0,0,0,0,1,0,0,3,0,3
P,Neptune Insurance Holdings Inc,Financial,Insurance Brokers,USA,3900000000.0,123.98,28.44,2.08%,572892.0,0,0,0,0,0,0,0,0,0,0,0,0,0,0,0,0,0,0,0,0,0,0,0,0,-1,0,0,0,0,1,1
PCE,NeuroPace Inc,Healthcare,Medical Devices,USA,425280000.0,,12.39,-2.90%,142582.0,0,0,0,0,0,0,0,0,0,0,0,0,-1,0,0,0,0,0,0,0,0,0,0,0,0,0,0,0,0,1,1
PFE,NPF Core Equity ETF,Financial,Exchange Traded Fund,USA,,,28.31,-0.50%,408.0,0,0,0,0,0,0,0,0,0,0,0,0,0,0,0,0,0,1,0,0,0,0,0,0,0,0,0,0,1,0,1
PK,National Presto Industries Inc,Industrials,Aerospace & Defense,USA,1080000000.0,25.38,152.01,2.93%,106188.0,0,1,0,0,0,0,0,0,0,0,0,0,0,0,0,0,0,0,0,0,0,0,0,0,0,0,0,0,1,0,1
PO,Enpro Inc,Industrials,Specialty Industrial Machinery,USA,6510000000.0,150.07,307.68,-3.15%,166307.0,0,0,0,0,0,0,0,0,1,0,0,0,0,0,0,0,0,0,0,0,0,0,0,0,0,0,0,0,1,0,1
PWR,NET Power Inc,Industrials,Specialty Industrial Machinery,USA,278830000.0,,1.24,0.81%,582075.0,0,0,0,0,0,0,0,0,1,0,0,0,0,0,0,0,0,0,0,0,0,0,0,0,0,0,0,0,1,0,1
QLT,Neuberger Quality Select ETF,Financial,Exchange Traded Fund,USA,,,25.5,-0.27%,31.0,0,0,0,0,0,0,0,0,0,0,0,0,0,0,0,1,0,0,0,0,0,0,0,0,0,0,0,0,1,0,1
RC,NRC Health,Healthcare,Health Information Services,USA,451680000.0,82.21,20.42,1.14%,99244.0,0,1,0,-1,0,0,0,0,0,0,1,0,0,0,0,0,0,0,0,0,0,0,0,0,0,0,0,0,2,1,3
RDY,Nerdy Inc,Technology,Software - Application,USA,86730000.0,,6.79,-1.59%,12390.0,0,1,0,0,0,0,0,0,0,0,0,0,0,0,0,0,0,0,0,0,0,0,0,0,0,0,0,0,1,0,1
RG,NRG Energy Inc,Utilities,Utilities - Independent Power Producers,USA,22350000000.0,28.12,106.32,-2.11%,5014611.0,0,0,0,0,0,0,0,0,1,1,0,0,0,0,0,0,0,0,0,0,0,0,0,0,0,0,0,0,2,0,2
RGV,Energy Vault Holdings Inc,Utilities,Utilities - Renewable,USA,601890000.0,,3.31,-9.56%,3341625.0,0,0,0,0,0,0,0,0,1,0,0,0,0,0,0,0,0,0,0,0,0,0,0,0,0,0,0,0,1,0,1
RSH,Aztlan North America Nearshoring Stock Selection ETF,Financial,Exchange Traded Fund,USA,,,30.75,-1.71%,1216.0,0,0,0,0,0,0,0,0,0,0,0,0,-1,-1,0,0,0,0,0,0,0,0,0,0,0,0,0,0,0,2,2
RSN,NeuroSense Therapeutics Ltd,Healthcare,Biotechnology,Israel,6790000.0,,3.58,-6.28%,15850.0,0,0,0,0,0,1,0,0,1,0,0,0,0,0,0,0,0,0,0,0,0,0,0,0,0,0,0,0,2,0,2
RXP,NRX Pharmaceuticals Inc,Healthcare,Biotechnology,USA,125130000.0,,2.89,-0.34%,651765.0,0,0,0,0,0,0,0,0,1,0,0,0,0,0,0,0,0,0,0,0,0,0,0,0,0,0,0,0,1,0,1
SCI,Nuveen Securitized Income ETF,Financial,Exchange Traded Fund,USA,,,24.87,0.02%,214076.0,0,1,0,0,0,0,0,0,0,0,0,0,0,0,0,0,0,0,0,0,0,0,0,0,0,0,0,0,1,0,1
SRX,Nasus Pharma Ltd,Healthcare,Drug Manufacturers - General,Israel,42510000.0,,3.63,-3.84%,14040.0,0,0,0,0,0,0,0,0,0,0,1,0,0,0,0,0,0,0,0,0,0,0,0,0,0,0,0,0,1,0,1
TB,Bank of N T Butterfield & Son Ltd,Financial,Banks - Diversified,Bermuda,2280000000.0,10.18,57.85,0.75%,127555.0,0,0,0,0,0,0,0,0,1,0,0,0,0,0,0,0,0,0,0,0,0,0,0,0,0,0,0,0,1,0,1
TCL,NetClass Technology Inc,Technology,Software - Application,Singapore,3800000.0,,1.79,-8.80%,19654.0,0,1,0,0,0,0,0,0,0,0,0,0,0,0,0,0,0,0,0,0,0,0,0,0,0,0,0,0,1,0,1
TGR,Netgear Inc,Technology,Communication Equipment,USA,630560000.0,,23.2,0.43%,363835.0,0,0,0,0,0,0,0,0,1,0,0,0,0,0,0,0,0,0,0,0,0,0,0,0,0,0,0,0,1,0,1
THI,NeOnc Technologies Holdings Inc,Healthcare,Biotechnology,USA,72880000.0,,2.53,-6.64%,255561.0,0,0,0,0,0,0,0,0,1,0,0,0,0,0,0,0,0,0,0,0,0,0,0,0,0,0,0,0,1,0,1
TIP,Network-1 Technologies Inc,Industrials,Specialty Business Services,USA,35670000.0,,1.56,-0.64%,4991.0,0,0,0,0,0,1,0,0,0,0,0,0,0,0,0,1,0,0,0,0,0,0,0,0,0,0,0,0,2,0,2
TLA,Intellia Therapeutics Inc,Healthcare,Biotechnology,USA,1770000000.0,,12.6,7.60%,13974130.0,0,1,0,0,0,0,0,0,0,0,0,0,0,0,0,0,0,0,0,0,0,0,0,0,0,0,0,0,1,0,1
TR,Nutrien Ltd,Basic Materials,Agricultural Inputs,Canada,33270000000.000004,14.15,69.87,-0.14%,1377932.0,0,0,0,0,0,0,0,0,0,0,0,0,-1,0,0,0,0,0,0,0,0,0,0,0,0,0,0,0,0,1,1
TRS,Northern Trust Corp,Financial,Asset Management,USA,30830000000.0,14.46,168.5,0.19%,1348038.0,0,0,0,0,0,0,0,0,0,0,0,0,0,0,0,0,0,0,0,0,0,0,0,0,-1,0,0,0,0,1,1
TSD,WisdomTree Efficient U.S. Plus International Equity Fund,Financial,Exchange Traded Fund,USA,,,47.19,-0.52%,6320.0,0,1,0,0,0,0,0,0,0,0,0,0,0,0,0,0,0,1,0,0,0,0,0,0,0,0,0,0,2,0,2
U,Nu Holdings Ltd,Financial,Banks - Regional,Brazil,74290000000.0,20.93,15.38,-1.28%,82430849.0,0,0,0,0,0,0,0,0,0,0,1,0,0,0,0,0,0,0,0,0,0,0,0,0,0,0,0,0,1,0,1
UAI,New Era Energy & Digital Inc,Technology,Software - Infrastructure,USA,514679999.99999994,,4.83,-12.66%,17292588.0,0,0,0,0,0,0,0,0,0,0,1,0,0,0,0,0,0,0,0,0,0,0,0,0,0,0,0,0,1,0,1
UE,Nucor Corp,Basic Materials,Steel,USA,55840000000.0,19.64,246.14,-0.12%,860824.0,0,0,0,0,0,0,0,0,1,0,1,0,0,0,0,0,0,0,0,0,0,0,0,0,-1,0,0,0,2,1,3
UEM,Nuveen ESG Emerging Markets Equity ETF,Financial,Exchange Traded Fund,USA,,,41.95,-1.86%,24610.0,0,0,0,0,0,0,0,0,0,0,1,0,0,0,0,0,0,0,0,0,0,0,0,0,-1,0,0,0,1,1,2
UG,Leverage Shares 2X Long NU Daily ETF,Financial,Exchange Traded Fund,USA,,,10.67,-2.16%,35071.0,0,0,0,0,0,0,0,0,0,0,0,0,-1,0,0,0,0,0,0,0,0,0,0,0,0,1,0,0,1,1,2
UGO,Nuveen Growth Opportunities ETF,Financial,Exchange Traded Fund,USA,,,44.67,-1.56%,5171.0,0,0,0,0,0,0,0,0,0,0,1,1,0,0,0,0,0,0,0,0,0,0,0,0,0,0,0,0,2,0,2
UHY,Nuveen ESG High Yield Corporate Bond ETF,Financial,Exchange Traded Fund,USA,,,20.44,0.05%,4709.0,0,0,0,-1,0,0,0,0,0,0,0,0,0,0,0,0,0,0,0,0,0,0,0,0,0,0,0,0,0,1,1
UKX,Nicholas Nuclear Income ETF,Financial,Exchange Traded Fund,USA,,,31.53,-3.59%,1778.0,0,0,0,0,0,0,0,0,1,0,0,0,0,0,0,0,0,0,0,0,0,0,0,0,0,0,0,0,1,0,1
UKZ,Range Nuclear Renaissance Index ETF,Financial,Exchange Traded Fund,USA,,,60.7,-1.75%,57687.0,0,0,0,0,0,0,0,0,1,0,0,0,0,0,0,0,0,0,0,0,0,0,0,0,0,0,0,0,1,0,1
ULC,Nuveen ESG Large-Cap ETF,Financial,Exchange Traded Fund,USA,,,56.27,-0.42%,2202.0,0,1,0,0,0,0,0,0,0,0,1,0,0,0,0,0,0,0,0,0,0,0,-1,0,0,0,0,0,2,1,3
ULG,Nuveen ESG Large-Cap Growth ETF,Financial,Exchange Traded Fund,USA,,,114.74,-1.07%,67901.0,0,0,0,0,0,0,0,0,0,0,1,0,0,0,0,0,0,0,0,0,0,0,0,0,0,0,0,0,1,0,1
USB,Nuveen Ultra Short Income ETF,Financial,Exchange Traded Fund,USA,,,25.16,0.00%,27.0,0,0,0,-1,0,0,0,0,0,0,0,0,0,0,0,0,0,0,0,0,0,0,0,0,0,0,0,0,0,1,1
VBT,AllianzIM U.S. Equity Buffer10 Nov ETF,Financial,Exchange Traded Fund,USA,,,41.16,-0.35%,937.0,0,0,0,0,0,0,0,-1,0,0,0,0,0,0,0,0,0,0,0,0,0,0,0,0,0,0,0,0,0,1,1
VBW,AllianzIM U.S. Equity Buffer20 Nov ETF,Financial,Exchange Traded Fund,USA,,,36.78,-0.10%,1158.0,0,0,0,0,0,0,0,-1,0,0,0,0,0,0,0,0,0,1,0,0,0,0,0,0,0,0,0,0,1,1,2
VDD,Direxion Daily NVDA Bear 1X ETF,Financial,Exchange Traded Fund,USA,,,28.5,2.85%,322707.0,0,0,0,0,0,0,0,0,0,0,0,0,0,0,0,0,0,0,0,0,1,0,0,0,0,0,0,0,1,0,1
VDQ,T-Rex 2X Inverse NVIDIA Daily Target ETF,Financial,Exchange Traded Fund,USA,,,7.96,5.85%,12388820.0,0,0,0,0,0,0,0,0,1,0,0,0,0,0,0,0,0,0,0,0,0,0,0,0,0,0,0,0,1,0,1
VDY,YieldMax NVDA Option Income Strategy ETF,Financial,Exchange Traded Fund,USA,,,12.62,-3.00%,1976712.0,0,0,0,0,0,0,0,0,1,0,0,0,0,0,0,0,0,0,0,0,0,0,0,0,0,0,0,0,1,0,1
VIR,Horizon Kinetics Energy and Remediation ETF,Financial,Exchange Traded Fund,USA,,,39.31,1.81%,377.0,0,1,0,-1,0,0,0,0,0,0,0,0,0,0,0,0,0,0,0,0,1,0,0,0,0,0,0,0,2,1,3
VRI,Enviri Corp,Industrials,Waste Management,USA,557880000.0,,19.79,0.66%,259719.0,0,0,0,0,0,0,0,0,1,0,0,0,0,0,0,0,0,0,0,0,0,0,0,0,0,0,0,0,1,0,1
VT,nVent Electric plc,Industrials,Electrical Equipment & Parts,United Kingdom,26580000000.0,45.36,164.2,-2.16%,2521272.0,0,0,0,0,0,0,0,0,0,0,0,0,0,0,0,1,0,0,0,0,0,0,0,0,0,0,0,0,1,0,1
WE,NorthWestern Energy Group Inc,Utilities,Utilities - Regulated Electric,USA,4590000000.0,26.85,74.63,0.89%,856899.0,0,0,0,0,0,0,0,0,0,0,1,1,0,0,0,0,0,0,0,0,0,0,0,0,0,0,0,0,2,0,2
WG,NatWest Group Plc ADR,Financial,Banks - Regional,United Kingdom,67940000000.0,8.57,17.15,-0.58%,5254444.0,0,0,0,0,0,0,0,0,0,0,1,0,0,0,0,0,0,0,0,0,0,0,0,0,0,0,0,0,1,0,1
WN,Northwest Natural Holding Co,Utilities,Utilities - Regulated Gas,USA,2009999999.9999998,15.89,47.8,0.04%,327692.0,0,0,0,0,0,0,0,0,1,1,0,0,0,0,0,0,0,0,0,0,0,0,0,0,0,0,0,0,2,0,2
XB,NextBoat Inc,Consumer Cyclical,Auto & Truck Dealerships,USA,50540000.0,,2.01,-0.99%,8785.0,0,0,0,0,0,0,0,0,0,0,0,0,-1,0,0,0,0,0,0,0,0,0,0,0,0,0,0,0,0,1,1
XG,NXG NextGen Infrastructure Income Fund,Financial,Closed-End Fund - Equity,USA,410820000.0,,56.03,-1.18%,36597.0,0,0,0,0,0,0,0,0,0,0,0,0,-1,0,0,0,0,0,0,0,0,0,0,0,0,0,0,0,0,1,1
XGL,Nexgel Inc,Healthcare,Medical Instruments & Supplies,USA,1850000.0,,0.15,-15.35%,1345023.0,0,0,0,0,0,0,0,0,0,0,0,0,0,0,0,0,0,0,0,-1,0,0,0,0,0,0,0,0,0,1,1
XL,Nexalin Technology Inc,Healthcare,Medical Devices,USA,3410000.0,,4.11,-4.86%,428337.0,0,0,0,0,0,0,0,0,1,0,0,0,0,0,0,0,0,0,0,0,0,0,0,0,0,0,0,0,1,0,1
XP,Nuveen Select Tax-Free Income Portfolio,Financial,Closed-End Fund - Debt,USA,820460000.0,,13.02,-0.84%,307965.0,0,0,0,0,0,0,0,0,0,0,0,0,0,0,0,0,0,0,0,0,0,0,0,0,-1,0,0,0,0,1,1
XST,Nexstar Media Group Inc,Communication Services,Broadcasting,USA,4990000000.0,30.94,162.11,2.57%,379008.0,0,0,0,0,0,0,0,0,0,0,0,0,-1,0,0,0,0,0,0,0,0,0,0,0,0,0,0,0,0,1,1
YT,New York Times Co,Communication Services,Publishing,USA,10740000000.0,27.79,66.6,2.62%,2096591.0,0,0,0,0,0,0,0,0,0,0,0,0,-1,0,0,0,0,0,0,0,0,0,0,0,0,0,0,0,0,1,1
YXH,Nyxoah SA,Healthcare,Medical Devices,Belgium,137480000.0,,1.35,-4.93%,88036.0,0,0,0,0,0,0,0,0,0,0,0,0,0,0,0,0,0,0,0,0,1,0,0,0,0,1,0,0,2,0,2
,Realty Income Corp,Real Estate,REIT - Retail,USA,51260000000.0,39.62,54.17,1.54%,12337754.0,0,1,0,0,0,0,0,0,0,0,0,0,-1,0,0,0,0,0,0,0,0,0,0,0,0,0,0,0,1,1,2
ABI,OmniAb Inc,Healthcare,Biotechnology,USA,677520000.0,,4.66,2.19%,1534668.0,0,0,0,0,0,0,0,0,0,0,0,0,0,0,0,0,0,0,0,0,0,0,-1,0,0,0,0,0,0,1,1
AIM,OneAscent International Equity ETF,Financial,Exchange Traded Fund,USA,,,46.81,-0.70%,97438.0,0,0,0,0,0,0,0,0,0,0,1,0,0,0,0,0,0,0,0,0,0,0,-1,0,0,0,0,0,1,1,2
ASC,OneAscent Enhanced Small and Mid Cap ETF,Financial,Exchange Traded Fund,USA,,,34.26,0.26%,7381.0,0,0,0,0,0,0,0,0,0,0,0,0,0,0,0,1,0,0,0,0,0,0,0,0,0,0,0,0,1,0,1
BDC,Blue Owl Capital Corp,Financial,Asset Management,USA,5020000000.0,17.87,10.17,1.50%,3045768.0,0,0,0,0,0,0,0,0,0,0,0,0,0,0,0,0,0,0,0,0,1,0,0,0,0,0,0,0,1,0,1
BIL,F/m US Treasury 12 Month Bill ETF,Financial,Exchange Traded Fund,USA,,,49.9,0.00%,108092.0,0,1,0,0,0,0,0,0,0,0,0,0,0,0,0,0,0,0,0,0,0,0,0,0,0,0,0,0,1,0,1
BK,Origin Bancorp Inc,Financial,Banks - Regional,USA,1620000000.0,16.42,52.47,0.29%,232350.0,0,0,0,0,0,0,0,0,0,0,0,0,0,0,0,0,0,0,0,0,1,0,-1,0,0,0,0,0,1,1,2
BND,State Street Loomis Sayles Opportunistic Bond ETF,Financial,Exchange Traded Fund,USA,,,24.73,0.16%,605.0,0,0,0,0,0,0,0,0,0,0,0,0,-1,-1,0,0,0,0,0,-1,0,0,0,0,0,0,0,0,0,3,3
C,Owens Corning,Industrials,Building Products & Equipment,USA,9260000000.0,,117.2,2.20%,1143827.0,0,0,0,0,0,0,0,0,0,0,0,0,0,0,0,0,0,0,0,0,0,0,-1,0,0,0,0,0,0,1,1
CC,Optical Cable Corp,Technology,Communication Equipment,USA,138910000.0,54.36,15.71,-2.78%,86650.0,0,1,0,0,0,0,0,0,0,0,0,0,-1,0,0,0,0,0,0,0,0,0,0,0,0,0,0,0,1,1,2
CCI,OFS Credit Company Inc,Financial,Closed-End Fund - Debt,USA,61300000.0,,2.06,0.98%,94955.0,0,0,0,0,0,0,0,0,1,0,0,0,0,0,0,0,0,0,0,0,0,0,0,0,0,0,0,0,1,0,1
CGN,Ocugen Inc,Healthcare,Biotechnology,USA,331450000.0,,0.98,-2.26%,12022935.0,0,0,0,0,0,0,0,0,1,0,0,0,0,0,0,0,0,0,0,0,0,0,0,0,0,0,0,0,1,0,1
CIO,ClearShares OCIO ETF,Financial,Exchange Traded Fund,USA,,,37.97,-0.53%,82.0,0,0,0,0,0,0,0,0,0,0,0,0,0,0,0,1,0,0,0,0,0,0,0,0,0,0,0,0,1,0,1
CSL,Oaktree Specialty Lending Corp,Financial,Asset Management,USA,1040000000.0,24.59,11.79,1.20%,440373.0,0,0,0,0,0,0,0,-1,0,0,0,0,0,0,0,0,0,0,0,0,0,0,0,0,0,0,0,0,0,1,1
CTJ,Innovator Premium Income 30 Barrier ETF - October,Financial,Exchange Traded Fund,USA,,,23.94,0.06%,2200.0,0,0,0,-1,0,0,0,-1,0,0,0,0,0,0,0,0,0,0,0,0,0,0,0,0,0,0,0,0,0,2,2
CTM,FT Vest U.S. Equity Max Buffer ETF - October,Financial,Exchange Traded Fund,USA,,,34.26,0.07%,15216.0,0,0,0,-1,0,0,0,0,0,0,0,0,0,0,0,0,0,0,0,0,0,0,0,0,0,0,0,0,0,1,1
CTP,PGIM S&P 500 Buffer 12 ETF - October,Financial,Exchange Traded Fund,USA,,,33.78,-0.32%,21969.0,0,0,0,0,0,0,0,-1,0,0,0,0,0,0,0,0,0,0,0,0,0,0,0,0,0,0,0,0,0,1,1
CTV,Octave Intelligence Plc,Technology,Software - Application,USA,5380000000.0,,20.04,1.62%,1704658.0,0,0,0,0,0,1,0,0,0,0,0,0,0,0,0,0,0,1,0,0,0,0,0,0,0,0,0,0,2,0,2
DC,Oil-Dri Corp Of America,Basic Materials,Specialty Chemicals,USA,1130000000.0,21.78,84.37,-3.92%,130246.0,0,0,0,0,0,0,0,0,1,0,0,0,0,0,0,0,0,0,0,0,0,0,0,0,0,0,0,0,1,0,1
DDS,Pacer BlueStar Digital Entertainment ETF,Financial,Exchange Traded Fund,USA,,,23.58,0.74%,52.0,0,1,0,0,0,0,0,0,0,0,1,0,0,0,0,0,0,0,0,0,0,0,0,0,0,0,0,0,2,0,2
DTE,VegaShares SPX NDX RTY Premium Income ETF,Financial,Exchange Traded Fund,USA,,,24.93,-0.84%,821.0,0,0,0,0,0,0,0,0,1,1,0,0,0,0,0,0,0,0,0,0,0,0,0,0,0,0,0,0,2,0,2
EI,Optimized Equity Income ETF,Financial,Exchange Traded Fund,USA,,,26.32,-0.38%,186.0,0,1,0,0,0,0,0,0,0,0,0,0,0,0,0,0,0,0,0,0,0,0,0,0,0,0,0,0,1,0,1
FIX,Orthofix Medical Inc,Healthcare,Medical Devices,USA,366590000.0,,9.0,-2.17%,588101.0,0,0,0,0,0,0,0,0,1,0,0,0,0,0,0,0,0,0,0,0,0,0,0,0,0,0,0,0,1,0,1
FLX,Omega Flex Inc,Industrials,Specialty Industrial Machinery,USA,264970000.00000003,22.35,26.25,-0.27%,50684.0,0,0,0,0,0,0,0,0,1,0,0,0,0,0,0,0,0,0,0,0,0,0,0,0,0,0,0,0,1,0,1
FS,OFS Capital Corp,Financial,Asset Management,USA,57210000.0,,4.27,3.14%,111637.0,0,0,0,0,0,0,0,0,0,0,0,0,0,0,0,1,0,0,0,0,0,0,0,0,0,0,0,0,1,0,1
GE,Oge Energy Corp,Utilities,Utilities - Regulated Electric,USA,9530000000.0,20.2,46.11,0.48%,1758133.0,0,1,0,0,0,1,0,0,1,0,0,0,0,0,0,0,0,0,0,0,0,0,-1,0,0,0,0,0,3,1,4
GS,ONE Gas Inc,Utilities,Utilities - Regulated Gas,USA,4550000000.0,15.61,72.36,-0.40%,1340073.0,0,0,0,0,0,0,0,0,1,0,0,0,0,0,0,0,0,0,0,0,0,0,0,0,0,0,0,0,1,0,1
GSP,Obra High Grade Structured Products ETF,Financial,Exchange Traded Fund,USA,,,9.93,0.09%,10.0,0,0,0,-1,0,0,0,0,0,0,0,0,0,0,0,0,0,0,0,0,0,0,0,0,0,0,0,0,0,1,1
I,O-I Glass Inc,Consumer Cyclical,Packaging & Containers,USA,948080000.0,,6.17,6.75%,6026335.0,0,0,0,0,0,0,0,0,1,0,0,0,0,0,0,0,0,0,0,0,0,0,0,0,0,0,0,0,1,0,1
IA,Invesco Municipal Income Opportunities Trust,Financial,Closed-End Fund - Debt,USA,274650000.0,,5.73,0.53%,226641.0,0,0,0,0,0,0,0,0,1,0,0,0,0,0,0,0,0,0,0,0,0,0,0,0,0,0,0,0,1,0,1
II,Oceaneering International Inc,Energy,Oil & Gas Equipment & Services,USA,4440000000.0,12.84,44.58,2.01%,750933.0,0,0,0,0,0,0,0,0,1,0,0,0,0,0,0,0,0,0,0,0,0,0,0,0,0,0,0,0,1,0,1
ILD,MicroSectors Oil & Gas E&P -3X ETN,Financial,Exchange Traded Fund,USA,,,26.96,-8.55%,200679.0,0,0,0,0,0,0,0,0,1,0,0,0,0,0,0,0,0,0,0,0,0,0,0,0,0,0,0,0,1,0,1
ILU,MicroSectors Oil & Gas E&P 3X ETN,Financial,Exchange Traded Fund,USA,,,53.17,7.94%,57517.0,0,0,0,0,0,0,0,0,0,0,1,0,0,0,0,0,0,0,0,0,0,0,0,0,0,0,0,0,1,0,1
KE,Oneok Inc,Energy,Oil & Gas Midstream,USA,56920000000.0,15.6,90.29,2.54%,5022805.0,0,0,0,-1,0,1,0,0,0,0,0,0,0,0,0,0,0,1,0,0,0,0,0,0,0,0,0,0,2,1,3
KYO,OKYO Pharma Limited,Healthcare,Biotechnology,United Kingdom,72950000.0,,1.39,-1.42%,27557.0,0,0,0,0,0,0,0,0,0,0,0,0,-1,0,0,0,0,0,0,0,1,0,0,0,0,0,0,0,1,1,2
LED,Universal Display Corp,Technology,Electronic Components,USA,3350000000.0,17.64,72.9,-5.59%,1080622.0,0,0,0,0,0,0,0,0,1,1,0,0,0,0,0,0,0,0,0,-1,0,0,0,0,0,0,0,0,2,1,3
LLI,Ollies Bargain Outlet Holdings Inc,Consumer Defensive,Discount Stores,USA,5150000000.0,19.38,86.71,0.67%,1533598.0,0,0,0,0,0,0,0,0,0,0,0,0,0,0,0,0,0,0,0,0,0,0,0,0,0,0,0,1,1,0,1
LP,One Liberty Properties Inc,Real Estate,REIT - Diversified,USA,480370000.0,13.97,22.01,0.32%,88183.0,0,0,0,0,0,0,0,0,1,0,0,0,0,0,0,0,0,0,0,0,0,0,0,0,0,0,0,0,1,0,1
M,Outset Medical Inc,Healthcare,Medical Devices,USA,76800000.0,,4.09,-2.85%,241020.0,0,0,0,0,0,0,0,0,0,0,0,0,-1,0,0,0,0,0,0,0,0,0,0,0,0,0,0,0,0,1,1
MAB,Grupo Aeroportuario del Centro Norte SAB de C.V ADR,Industrials,Airports & Air Services,Mexico,3800000000.0,14.47,90.43,-1.37%,246841.0,0,0,0,0,0,0,0,0,0,0,0,0,-1,0,0,0,0,0,0,0,0,0,0,0,0,0,0,0,0,1,1
MCL,Omnicell Inc,Healthcare,Health Information Services,USA,1590000000.0,41.18,34.83,-1.08%,509481.0,0,0,0,0,0,0,0,0,0,0,0,0,-1,0,0,0,0,0,0,0,0,0,0,0,0,0,0,0,0,1,1
MSE,OMS Energy Technologies Inc,Energy,Oil & Gas Equipment & Services,Singapore,183370000.0,5.69,4.32,-2.49%,10498.0,0,0,0,0,0,0,0,0,0,0,0,0,0,0,0,0,0,0,0,-1,0,0,0,0,0,0,0,0,0,1,1
NCY,Oncolytics Biotech Inc,Healthcare,Biotechnology,USA,69420000.0,,0.54,-8.63%,1122185.0,0,1,0,0,0,1,0,0,0,0,0,0,-1,-1,0,0,0,0,0,0,0,0,0,0,0,0,0,0,2,2,4
ND,ProShares On-Demand ETF,Financial,Exchange Traded Fund,USA,,,32.82,-0.70%,18.0,0,1,0,0,0,0,0,0,0,0,1,1,0,0,0,0,0,0,0,0,0,0,0,0,0,0,0,0,3,0,3
NDS,Ondas Inc,Technology,Communication Equipment,USA,3990000000.0,76.62,6.85,-4.73%,60806782.0,0,0,0,0,0,0,0,0,1,0,0,0,0,0,0,0,0,0,0,0,0,0,0,0,0,0,0,0,1,0,1
NDU,Tradr 2X Long ONDS Daily ETF,Financial,Exchange Traded Fund,USA,,,11.98,-9.55%,20321.0,0,1,0,0,0,0,0,0,0,0,0,0,0,0,0,0,0,0,0,0,0,0,0,0,0,0,0,0,1,0,1
NIT,Onity Group Inc,Financial,Mortgage Finance,USA,229250000.0,1.74,27.44,0.99%,222460.0,0,0,0,0,0,0,0,0,1,0,0,0,0,0,0,0,0,0,0,0,0,0,0,0,0,0,0,0,1,0,1
NLN,ProShares Online Retail ETF,Financial,Exchange Traded Fund,USA,,,55.97,0.83%,3826.0,0,0,0,0,0,0,0,0,0,0,1,0,0,0,0,0,0,0,0,0,0,0,0,0,0,0,0,0,1,0,1
NMD,OneMedNet Corp,Healthcare,Health Information Services,USA,28980000.0,,4.82,-1.83%,28414.0,0,1,0,0,0,0,0,0,0,0,0,0,-1,0,0,0,0,0,0,0,0,0,0,0,0,0,0,0,1,1,2
NOF,Global X Adaptive U.S. Risk Management ETF,Financial,Exchange Traded Fund,USA,,,41.41,-0.52%,2113.0,0,0,0,0,0,0,0,-1,0,0,0,0,0,0,0,0,0,0,0,0,0,0,0,0,0,0,0,0,0,1,1
NT,Onterris Inc,Industrials,Waste Management,USA,481460000.0,,13.71,-3.59%,697727.0,0,0,0,0,0,0,0,0,1,0,0,0,0,0,0,0,0,0,0,0,0,0,0,0,0,0,0,0,1,0,1
NTO,Onto Innovation Inc,Technology,Semiconductor Equipment & Materials,USA,14360000000.0,109.53,292.67,-3.85%,762179.0,0,0,0,0,0,0,0,0,0,0,0,0,0,0,0,1,0,0,0,0,0,0,0,0,0,0,0,0,1,0,1
OMA,Ooma Inc,Technology,Software - Application,USA,554760000.0,51.86,20.1,1.93%,280696.0,0,0,0,0,0,0,0,-1,0,0,0,0,0,0,0,0,0,0,0,0,0,0,0,0,0,0,0,0,0,1,1
OSP,Obra Opportunistic Structured Products ETF,Financial,Exchange Traded Fund,USA,,,10.02,0.20%,8072.0,0,0,0,0,0,1,0,0,0,0,0,0,-1,-1,0,0,0,0,0,0,0,0,0,0,0,0,0,0,1,2,3
PAD,Offerpad Solutions Inc,Real Estate,Real Estate Services,USA,13430000.0,,2.78,-6.71%,50255.0,0,0,0,0,0,1,0,0,0,0,0,0,0,0,0,0,0,0,0,0,0,0,0,0,0,0,0,0,1,0,1
PEG,Leverage Shares 2X Long OPEN Daily ETF,Financial,Exchange Traded Fund,USA,,,0.91,2.61%,140775.0,0,0,0,0,0,0,0,0,0,0,0,0,0,0,0,0,0,0,0,-1,0,0,0,0,0,0,0,0,0,1,1
PEN,Opendoor Technologies Inc,Real Estate,Real Estate Services,USA,2220000000.0,,2.29,0.88%,28853442.0,0,1,0,0,0,0,0,0,0,0,0,0,0,0,0,0,0,0,0,0,0,0,0,0,0,0,0,0,1,0,1
PER,ClearShares Ultra-Short Maturity ETF,Financial,Exchange Traded Fund,USA,,,100.14,0.02%,7696.0,0,1,0,0,0,1,0,0,0,0,0,0,0,0,0,0,0,0,0,0,0,0,0,0,0,0,0,0,2,0,2
PEX,Tradr 2X Long OPEN Daily ETF,Financial,Exchange Traded Fund,USA,,,3.47,1.46%,155919.0,0,0,0,0,0,0,0,0,0,0,0,0,0,0,0,0,0,0,0,-1,0,0,0,0,0,0,0,0,0,1,1
PI,Office Properties Income Trust,Real Estate,REIT - Office,USA,330620000.0,,15.06,-3.21%,28631.0,0,0,0,0,0,0,0,0,1,0,0,0,0,0,0,0,0,0,0,0,0,0,0,0,0,0,0,0,1,0,1
PLN,Openlane Inc,Consumer Cyclical,Auto & Truck Dealerships,USA,4380000000.0,,35.68,2.56%,1643834.0,0,0,0,0,0,0,0,0,0,0,0,0,0,0,0,0,0,0,0,0,0,0,-1,0,0,0,0,0,0,1,1
PNW,OpenWorld Inc,Technology,Information Technology Services,USA,6950000.0,,5.28,-12.87%,59214.0,0,0,0,0,0,0,0,0,0,0,0,0,0,0,0,0,0,0,0,0,1,0,0,0,0,0,0,0,1,0,1
PPE,WisdomTree European Opportunities Fund,Financial,Exchange Traded Fund,USA,,,56.86,-0.06%,87230.0,0,0,0,-1,0,0,0,-1,0,0,0,0,0,0,0,0,0,0,0,0,0,0,0,0,0,0,0,0,0,2,2
PPJ,WisdomTree Trust WisdomTree Japan Opportunities Fund,Financial,Exchange Traded Fund,USA,,,58.76,-1.22%,19197.0,0,0,0,0,0,0,0,0,0,0,1,0,0,0,0,0,0,0,0,0,0,0,0,0,-1,0,0,0,1,1,2
PTU,Optimum Communications Inc,Communication Services,Telecom Services,USA,376400000.0,,0.99,-1.32%,1756972.0,0,0,0,0,0,0,0,0,0,0,1,0,0,0,0,0,0,0,0,0,0,0,0,0,0,0,0,0,1,0,1
PTZ,Optimize Strategy Index ETF,Financial,Exchange Traded Fund,USA,,,45.74,-0.78%,5990.0,0,0,0,0,0,0,0,0,0,0,0,0,0,0,0,1,0,0,0,0,0,0,0,0,0,0,0,0,1,0,1
PXS,Optex Systems Holdings Inc,Industrials,Aerospace & Defense,USA,69600000.0,17.82,10.0,-1.86%,17985.0,0,0,0,0,0,0,0,0,1,0,0,0,0,0,0,0,0,0,0,0,0,0,0,0,0,0,0,0,1,0,1
RA,Ormat Technologies Inc,Utilities,Utilities - Renewable,USA,5450000000.0,43.43,88.64,-1.48%,827723.0,0,0,0,0,0,0,0,0,1,1,0,0,0,0,0,0,0,0,0,0,0,0,0,0,0,0,0,0,2,0,2
RC,Orchid Island Capital Inc,Real Estate,REIT - Mortgage,USA,990990000.0,3.37,5.02,0.40%,11471389.0,0,0,0,0,0,0,0,0,1,1,0,0,0,0,0,0,0,0,0,0,0,0,0,0,0,0,0,0,2,0,2
RCU,Direxion Daily ORCL Bull 2X ETF,Financial,Exchange Traded Fund,USA,,,6.36,-11.05%,11223941.0,0,0,0,0,0,0,0,0,1,0,0,0,0,0,0,0,0,0,0,0,0,0,0,0,0,0,0,0,1,0,1
RCX,Defiance Daily Target 2X Long ORCL ETF,Financial,Exchange Traded Fund,USA,,,17.78,-11.10%,2736677.0,0,0,0,0,0,0,0,0,1,0,0,0,0,0,0,0,0,0,0,0,0,0,0,0,0,0,0,0,1,0,1
RGO,Organogenesis Holdings Inc,Healthcare,Drug Manufacturers - Specialty & Generic,USA,164700000.0,,1.28,-3.03%,750036.0,0,0,0,0,0,0,0,0,0,0,0,0,0,0,0,0,0,0,0,0,1,0,0,0,0,0,0,0,1,0,1
RKT,Orangekloud Technology Inc,Technology,Software - Application,Singapore,5960000.0,,1.02,0.99%,111181.0,0,0,0,0,0,0,0,0,0,0,1,0,0,0,0,0,0,0,0,0,0,0,0,0,0,0,0,0,1,0,1
RLY,O'Reilly Automotive Inc,Consumer Cyclical,Auto Parts,USA,69580000000.0,27.35,86.01,1.65%,7773636.0,0,0,0,0,0,0,0,0,1,0,0,0,0,0,0,0,0,0,0,0,0,0,0,0,0,0,0,0,1,0,1
RMP,Oramed Pharmaceuticals Inc,Healthcare,Biotechnology,USA,174710000.0,1.02,4.2,-3.89%,166472.0,0,0,0,0,0,0,0,0,0,0,0,0,0,0,0,0,0,1,0,0,0,0,0,0,0,0,0,0,1,0,1
RO,Arrow Valtoro ETF,Financial,Exchange Traded Fund,USA,,,20.38,-0.64%,25.0,0,0,0,0,0,0,0,0,0,0,0,0,0,0,0,0,0,0,0,0,0,0,-1,0,0,0,0,0,0,1,1
RR,Militia Long/Short Equity ETF,Financial,Exchange Traded Fund,USA,,,38.13,-0.31%,53960.0,0,0,0,0,0,0,0,0,1,0,0,0,0,0,0,0,0,0,0,0,0,0,0,0,0,0,0,0,1,0,1
SCX,Defiance Daily Target 2x Long OSCR ETF,Financial,Exchange Traded Fund,USA,,,38.42,-0.36%,1083.0,0,0,0,0,0,0,0,-1,0,0,0,0,0,0,0,1,0,0,0,0,0,0,0,0,0,0,0,0,1,1,2
SEA,Harbor International Compounders ETF,Financial,Exchange Traded Fund,USA,,,29.14,-0.16%,68835.0,0,0,0,0,0,0,0,0,0,0,1,0,0,0,0,0,0,0,0,0,0,0,0,0,0,0,0,0,1,0,1
SG,Octave Specialty Group Inc,Financial,Insurance - Specialty,USA,214900000.0,,4.77,3.25%,841882.0,0,0,0,0,0,0,0,0,0,0,0,0,0,0,0,0,0,0,0,0,0,0,0,1,0,0,0,0,1,0,1
SIS,OSI Systems Inc,Technology,Electronic Components,USA,3080000000.0,21.52,193.36,-0.36%,158833.0,0,0,0,0,0,0,0,0,1,0,0,0,-1,0,0,0,0,0,0,0,0,0,0,0,0,0,0,0,1,1,2
SPN,OneSpan Inc,Technology,Software - Infrastructure,USA,663700000.0,10.11,18.01,1.75%,616887.0,0,0,0,0,0,0,0,-1,0,0,0,0,0,0,0,0,0,0,0,0,0,0,0,0,0,0,0,0,0,1,1
STX,OS Therapies Inc,Healthcare,Biotechnology,USA,75830000.0,,1.62,4.52%,663014.0,0,0,0,0,0,0,0,0,1,0,0,0,0,0,0,0,0,0,0,0,0,0,0,0,0,0,-1,0,1,1,2
TAX,Optimal Tax Managed Equity ETF,Financial,Exchange Traded Fund,USA,,,50.49,-0.37%,1109.0,0,0,0,0,0,0,0,-1,0,0,0,0,0,0,0,0,0,0,0,0,0,0,0,0,0,0,0,0,0,1,1
TGL,OTG Latin America ETF,Financial,Exchange Traded Fund,USA,,,11.3,0.35%,116.0,0,0,0,0,0,0,0,0,0,0,0,0,0,0,0,1,0,0,0,0,0,0,0,0,0,0,0,0,1,0,1
TIS,Otis Worldwide Corp,Industrials,Specialty Industrial Machinery,USA,25170000000.0,16.97,66.11,0.56%,4656146.0,0,0,0,0,0,0,0,0,1,0,0,0,0,0,0,0,0,0,0,0,0,0,0,0,0,0,0,0,1,0,1
USL,Defiance Daily Target 2X Long OUST ETF,Financial,Exchange Traded Fund,USA,,,14.58,-10.50%,111812.0,0,0,0,0,0,0,0,0,0,0,0,0,-1,0,0,0,0,0,0,0,0,0,0,0,0,0,0,0,0,1,1
UST,Ouster Inc,Technology,Electronic Components,USA,2850000000.0,,39.53,-5.14%,2350823.0,0,0,0,0,0,0,0,0,1,0,0,0,0,0,0,0,0,0,0,0,0,0,0,0,0,0,0,0,1,0,1
UT,Outfront Media Inc,Real Estate,REIT - Specialty,USA,5210000000.0,21.59,29.58,2.25%,1337880.0,0,0,0,0,0,0,0,0,0,0,0,0,0,0,0,0,0,0,0,0,0,0,0,0,-1,0,0,0,0,1,1
VB,Overlay Shares Core Bond ETF,Financial,Exchange Traded Fund,USA,,,19.55,0.30%,4789.0,0,1,0,0,0,0,0,0,1,0,0,0,0,0,0,0,0,0,0,0,0,0,0,0,0,0,0,0,2,0,2
VBC,Ohio Valley Banc Corp,Financial,Banks - Regional,USA,214820000.0,15.12,45.6,-0.26%,17369.0,0,0,0,0,0,1,0,0,0,0,0,0,0,0,0,1,0,0,0,0,0,0,0,0,0,0,-1,0,2,1,3
VF,Overlay Shares Foreign Equity ETF,Financial,Exchange Traded Fund,USA,,,30.54,-0.93%,17768.0,0,0,0,-1,0,0,0,0,0,0,0,0,0,0,0,0,0,0,0,0,0,0,0,0,0,0,0,0,0,1,1
VID,Ovid Therapeutics Inc,Healthcare,Biotechnology,USA,456990000.0,,2.34,-0.85%,1649253.0,0,0,0,0,0,0,0,0,0,0,1,0,0,0,0,0,0,0,0,0,0,0,0,0,-1,0,0,0,1,1,2
VLY,Oak Valley Bancorp,Financial,Banks - Regional,USA,288310000.0,12.15,34.27,0.62%,9338.0,0,0,0,0,0,0,0,0,0,0,1,0,0,0,0,0,0,0,0,0,0,0,0,0,-1,0,0,0,1,1,2
VV,Ovintiv Inc,Energy,Oil & Gas E&P,USA,17460000000.0,17.72,63.37,3.14%,3013489.0,0,0,0,-1,0,0,0,0,0,0,0,0,0,0,0,0,0,0,0,0,0,0,0,0,0,0,0,0,0,1,1
WLS,OBOOK Holdings Inc,Technology,Software - Infrastructure,Taiwan,476120000.0,,5.39,-0.74%,24030.0,0,0,0,0,0,0,0,0,1,1,0,0,0,0,0,0,0,0,0,0,0,0,0,0,0,0,0,0,2,0,2
WLT,Owlet Inc,Healthcare,Medical Devices,USA,136170000.0,,4.66,-1.48%,151679.0,0,1,0,0,0,0,0,0,0,0,0,0,-1,-1,0,0,0,0,0,0,1,0,0,0,0,0,0,0,2,2,4
WNB,Bitwise Bitcoin Standard Corps ETF,Financial,Exchange Traded Fund,USA,,,21.13,-2.65%,4174.0,0,0,0,0,0,0,0,0,0,0,1,0,0,0,0,0,0,0,0,0,0,0,0,0,0,0,0,0,1,0,1
XLC,Oxford Lane Capital Corp,Financial,Closed-End Fund - Debt,USA,836200000.0,,8.53,0.83%,1130873.0,0,1,0,0,0,0,0,0,0,0,0,0,-1,0,0,0,0,0,0,0,0,0,0,0,0,0,0,0,1,1,2
YSE,Oyster Enterprises II Acquisition Corp,Financial,Shell Companies,USA,353050000.0,38.13,10.41,0.05%,82912.0,0,0,0,0,0,0,0,0,0,0,0,0,0,0,0,0,0,1,0,0,0,0,0,0,0,0,0,0,1,0,1
ZEM,Roundhill GLP-1 & Weight Loss ETF,Financial,Exchange Traded Fund,USA,,,29.29,-2.67%,20750.0,0,1,0,0,0,0,0,0,0,0,0,0,0,0,0,0,0,0,0,0,0,0,0,0,0,0,0,0,1,0,1
AA,Plains All American Pipeline LP,Energy,Oil & Gas Midstream,USA,17230000000.0,6.76,24.42,1.37%,1964876.0,0,0,0,-1,0,0,0,0,0,0,0,0,0,0,0,0,0,1,0,0,0,0,0,0,0,0,0,0,1,1,2
AAC,Proem Acquisition Corp I,Financial,Shell Companies,USA,177590000.0,129.39,10.02,0.05%,76.0,0,0,0,0,0,0,0,0,0,0,1,0,0,0,0,0,0,0,0,0,0,0,-1,0,0,0,0,0,1,1,2
AAS,Pan American Silver Corp,Basic Materials,Gold,Canada,18790000000.0,13.64,45.31,2.16%,3034159.0,0,0,0,0,0,0,0,0,0,0,0,0,0,0,0,0,0,0,0,-1,0,0,0,0,0,0,0,0,0,1,1
ABU,iShares Paris-Aligned Climate Optimized MSCI USA ETF,Financial,Exchange Traded Fund,USA,,,79.73,-0.82%,620.0,0,0,0,0,0,0,0,0,0,0,1,0,0,0,0,0,0,0,0,0,0,0,-1,0,0,0,0,0,1,1,2
AC,Grupo Aeroportuario Del Pacifico SAB de CV ADR,Industrials,Airports & Air Services,Mexico,10210000000.0,18.11,196.69,-2.34%,130494.0,0,0,0,0,0,0,0,0,1,0,0,0,0,0,0,0,0,0,0,0,0,0,0,0,0,0,0,0,1,0,1
ACB,Pacific Biosciences of California Inc,Healthcare,Medical Devices,USA,714910000.0,,2.3,-15.44%,24140572.0,0,0,0,0,0,0,0,0,0,0,0,0,0,0,0,0,0,0,0,0,0,0,0,1,0,0,0,0,1,0,1
ACS,PACS Group Inc,Healthcare,Medical Care Facilities,USA,6920000000.0,26.21,43.73,1.25%,588915.0,0,1,0,0,0,0,0,0,0,0,0,0,0,0,0,0,0,0,0,0,0,0,0,0,0,0,0,0,1,0,1
AGP,Plains GP Holdings LP,Energy,Oil & Gas Midstream,USA,20240000000.0,9.71,26.57,1.37%,1897883.0,0,0,0,-1,0,0,0,0,0,0,0,0,0,0,0,0,0,0,0,0,0,0,0,0,0,0,0,0,0,1,1
AI,Western Asset Investment Grade Income Fund Inc,Financial,Closed-End Fund - Debt,USA,107850000.0,,11.34,0.35%,31489.0,0,0,0,0,0,0,0,0,0,0,0,0,-1,0,0,0,0,0,0,0,0,0,0,0,0,0,0,0,0,1,1
ALL,Abrdn Palladium ETF Trust,Financial,Exchange Traded Fund,USA,,,20.49,0.94%,1248191.0,0,0,0,0,0,0,0,0,1,0,0,0,0,0,0,0,0,0,0,0,0,0,0,0,0,0,0,0,1,0,1
AM,Pampa Energia SA ADR,Industrials,Conglomerates,Argentina,4310000000.0,7.54,80.68,0.70%,94878.0,0,1,0,0,0,0,0,0,0,0,0,0,0,0,0,0,0,0,0,0,1,0,0,0,0,0,0,0,2,0,2
AMT,PAMT Corp,Industrials,Trucking,USA,262510000.0,,12.53,1.91%,35876.0,0,0,0,0,0,0,0,0,1,0,0,0,0,0,0,0,0,0,0,0,0,0,0,0,0,0,0,0,1,0,1
ANG,Leverage Shares 2X Long PANW Daily ETF,Financial,Exchange Traded Fund,USA,,,38.38,-3.85%,17259.0,0,0,0,0,0,0,0,0,0,0,1,0,0,0,0,0,0,0,0,0,1,0,-1,0,0,0,0,0,2,1,3
API,Parametric Equity Premium Income ETF,Financial,Exchange Traded Fund,USA,,,26.84,1.47%,111038.0,0,0,0,0,0,0,0,0,0,0,1,0,0,0,0,0,0,0,0,0,0,0,0,0,0,0,0,0,1,0,1
APR,Innovator U.S. Equity Power Buffer ETF - April,Financial,Exchange Traded Fund,USA,,,43.33,-0.07%,25067.0,0,0,0,0,0,0,0,0,0,0,0,0,0,0,0,0,0,1,0,0,0,0,0,0,0,0,0,0,1,0,1
AR,Par Technology Corp,Technology,Software - Application,USA,638230000.0,,15.43,4.40%,1052620.0,0,0,0,0,0,0,0,0,0,0,1,0,0,0,0,0,0,0,0,0,0,0,0,0,0,0,0,0,1,0,1
ARK,Park Dental Partners Inc,Healthcare,Medical Care Facilities,USA,97960000.0,,20.6,-1.62%,8314.0,0,0,0,0,0,1,0,0,0,0,0,0,0,0,0,0,0,0,0,0,0,0,0,0,0,0,0,0,1,0,1
ARR,Par Pacific Holdings Inc,Energy,Oil & Gas Refining & Marketing,USA,4390000000.0,5.12,87.65,1.78%,832866.0,0,0,0,0,0,0,0,0,0,0,1,0,0,0,0,0,0,0,0,0,0,0,0,0,0,0,0,0,1,0,1
AX,Patria Investments Ltd,Financial,Asset Management,Cayman Islands,1850000000.0,26.02,11.26,1.35%,926837.0,0,0,0,0,0,0,0,0,1,0,0,0,0,0,0,0,0,0,0,0,0,0,0,0,0,0,0,0,1,0,1
AYM,TrueShares S&P Autocallable Defensive Income ETF,Financial,Exchange Traded Fund,USA,,,25.56,0.35%,50742.0,0,1,0,0,0,0,0,0,0,0,0,0,0,0,0,0,0,0,0,0,0,0,0,0,0,0,0,0,1,0,1
BDC,Putnam BDC Income ETF,Financial,Exchange Traded Fund,USA,,,25.67,1.38%,114074.0,0,0,0,0,0,0,0,0,0,0,0,0,0,0,0,0,0,0,0,0,1,0,0,0,0,0,0,0,1,0,1
BF,PBF Energy Inc,Energy,Oil & Gas Refining & Marketing,USA,10590000000.0,7.9,89.34,6.76%,3065612.0,0,0,0,-1,0,0,0,0,0,0,0,0,0,0,0,0,0,1,0,0,0,0,0,0,0,0,0,0,1,1,2
BH,Prestige Consumer Healthcare Inc,Healthcare,Drug Manufacturers - Specialty & Generic,USA,2270000000.0,13.4,47.87,0.63%,558530.0,0,0,0,0,0,0,0,0,0,0,0,0,-1,0,0,0,0,0,0,0,0,0,0,0,0,1,0,0,1,1,2
BJ,Invesco Food & Beverage ETF,Financial,Exchange Traded Fund,USA,,,46.02,1.31%,3083.0,0,0,0,0,0,0,0,0,0,0,0,0,0,0,0,0,0,0,0,-1,0,0,0,0,0,0,0,0,0,1,1
BJN,PGIM S&P 500 Buffer 20 ETF - June,Financial,Exchange Traded Fund,USA,,,31.58,-0.27%,6262.0,0,0,0,0,0,0,0,0,0,0,1,0,0,0,0,0,0,0,0,0,0,0,0,0,0,0,0,0,1,0,1
BM,Psyence Biomedical Ltd,Healthcare,Biotechnology,Canada,19530000.0,,5.12,4.92%,67194.0,0,0,0,0,0,0,0,0,0,0,0,0,-1,0,0,0,0,0,0,0,0,0,0,0,0,0,0,0,0,1,1
BOT,Pictet AI & Automation ETF,Financial,Exchange Traded Fund,USA,,,35.28,-1.36%,59.0,0,0,0,0,0,0,0,-1,0,0,0,0,0,0,0,0,0,0,0,0,0,0,0,0,0,0,0,0,0,1,1
BP,Invesco S&P 500 BuyWrite ETF,Financial,Exchange Traded Fund,USA,,,23.45,-0.21%,56990.0,0,1,0,0,0,0,0,0,0,0,1,0,0,0,0,0,0,0,0,0,0,0,-1,0,0,0,0,0,2,1,3
BTP,Invesco 0-5 Yr US TIPS ETF,Financial,Exchange Traded Fund,USA,,,25.57,0.16%,16737.0,0,0,0,0,0,0,0,0,1,0,0,0,0,0,0,0,0,0,0,0,0,0,0,0,0,0,0,0,1,0,1
BUS,Invesco MSCI USA ETF,Financial,Exchange Traded Fund,USA,,,77.61,-0.40%,190811.0,0,0,0,0,0,0,0,0,0,0,1,0,0,0,0,0,0,0,0,0,0,0,-1,0,0,0,0,0,1,1,2
BW,Invesco WilderHill Clean Energy ETF,Financial,Exchange Traded Fund,USA,,,28.29,-2.18%,602409.0,0,0,0,0,0,0,0,0,0,0,0,0,0,0,0,0,0,0,0,0,0,0,0,0,0,0,-1,0,0,1,1
CAP,ProCap Acquisition Corp,Financial,Shell Companies,USA,329790000.0,37.78,10.4,0.00%,14.0,0,1,0,0,0,0,0,0,0,0,0,0,0,0,0,0,0,0,0,0,0,0,0,0,0,0,0,0,1,0,1
CB,PCB Bancorp,Financial,Banks - Regional,USA,391700000.0,9.66,27.89,0.94%,50858.0,0,0,0,0,0,0,0,0,1,0,0,0,0,0,0,0,0,0,0,0,0,0,0,0,0,0,0,0,1,0,1
CF,High Income Securities Fund,Financial,Closed-End Fund - Debt,USA,94520000.0,,5.05,0.60%,87960.0,0,0,0,0,0,0,0,0,0,0,0,0,0,0,0,0,0,0,0,-1,0,0,0,0,0,0,0,0,0,1,1
CHI,Polen High Income ETF,Financial,Exchange Traded Fund,USA,,,23.49,-0.49%,5617.0,0,0,0,0,0,0,0,0,1,0,0,0,0,0,0,0,0,0,0,0,0,0,0,0,0,0,0,0,1,0,1
CLA,PicoCELA Inc ADR,Communication Services,Telecom Services,Japan,63910000.0,,6.65,0.91%,10308.0,0,1,0,-1,0,0,0,0,0,0,1,0,0,0,0,0,0,0,0,0,0,0,0,0,0,0,0,0,2,1,3
CLO,VIRTUS SEIX AAA Private Credit CLO ETF,Financial,Exchange Traded Fund,USA,,,24.93,0.02%,1831.0,0,1,0,0,0,1,0,0,0,0,0,0,0,0,0,0,0,0,0,0,1,1,0,0,0,0,0,0,4,0,4
CMM,BondBloxx Private Credit CLO ETF,Financial,Exchange Traded Fund,USA,,,49.88,0.06%,28694.0,0,0,0,0,0,0,0,0,0,0,1,1,0,0,0,0,0,0,0,0,0,0,0,0,0,0,0,0,2,0,2
CPP,Porter & Company Porter Portfolio Index ETF,Financial,Exchange Traded Fund,USA,,,26.88,0.60%,10874.0,0,0,0,0,0,0,0,0,0,0,1,0,0,0,0,0,0,0,0,0,0,0,-1,0,0,0,0,0,1,1,2
CR,Simplify VettaFi Private Credit Strategy ETF,Financial,Exchange Traded Fund,USA,,,17.9,0.76%,780.0,0,0,0,0,0,0,0,0,0,0,0,0,-1,-1,0,0,0,0,0,0,0,0,0,0,0,0,0,0,0,2,2
CRX,Pacira BioSciences Inc,Healthcare,Drug Manufacturers - Specialty & Generic,USA,1450000000.0,104.87,36.39,44.40%,28901927.0,0,0,0,0,0,0,0,0,0,0,0,0,0,0,0,0,0,1,0,0,0,0,0,0,0,0,0,0,1,0,1
CSA,Processa Pharmaceuticals Inc,Healthcare,Biotechnology,USA,3770000.0,,1.35,-4.93%,12803.0,0,0,0,0,0,0,0,0,0,0,0,0,-1,-1,0,0,0,0,0,0,0,0,0,0,0,0,0,0,0,2,2
DC,Perpetuals.com Ltd ADR,Technology,Software - Application,Japan,22340000.0,,3.3,0.00%,16422.0,0,0,0,0,0,0,0,0,1,0,0,0,0,0,0,0,0,0,0,0,0,0,0,0,0,0,0,0,1,0,1
DCC,Pearl Diver Credit Company Inc,Financial,Asset Management,USA,64209999.99999999,,7.85,-5.19%,4712.0,0,0,0,0,0,0,0,0,1,0,0,0,0,0,0,0,0,0,0,0,0,0,0,0,0,0,0,0,1,0,1
DFS,PDF Solutions Inc,Technology,Software - Application,USA,2200000000.0,206.74,52.18,-1.86%,497087.0,0,0,0,0,0,0,0,0,0,0,0,0,-1,0,0,0,0,0,0,0,0,0,0,0,0,0,-1,0,0,2,2
DP,Invesco Dorsey Wright Momentum ETF,Financial,Exchange Traded Fund,USA,,,138.9,-0.44%,8815.0,0,0,0,0,0,0,0,0,0,0,0,0,0,0,0,1,0,0,0,0,0,0,0,0,0,0,0,0,1,0,1
DS,Precision Drilling Corp,Energy,Oil & Gas Drilling,Canada,1060000000.0,,84.29,0.87%,78484.0,0,0,0,-1,0,0,0,0,0,0,0,0,0,0,0,0,0,0,0,0,0,0,0,0,0,0,0,0,0,1,1
EB,Pebblebrook Hotel Trust,Real Estate,REIT - Hotel & Motel,USA,2140000000.0000002,,18.98,1.44%,2719388.0,0,0,0,0,0,0,0,0,0,0,0,0,-1,0,0,0,0,0,0,0,0,0,0,0,0,0,0,0,0,1,1
EGA,Pegasystems Inc,Technology,Software - Application,USA,5830000000.0,20.05,35.49,3.32%,953555.0,0,1,0,0,0,0,0,0,0,0,0,0,0,0,0,0,0,0,0,0,0,0,0,0,0,0,0,0,1,0,1
EP,PepsiCo Inc,Consumer Defensive,Beverages - Non-Alcoholic,USA,175170000000.0,16.13,128.34,3.73%,24000852.0,0,1,0,0,0,0,0,0,0,0,0,0,-1,0,0,0,0,0,0,0,0,0,0,0,0,0,0,0,1,1,2
EPS,Parametric Equity Plus ETF,Financial,Exchange Traded Fund,USA,,,33.46,-0.43%,28.0,0,0,0,0,0,0,0,-1,0,0,0,0,0,0,0,0,0,0,0,0,0,0,0,0,0,0,0,0,0,1,1
ERI,Perion Network Ltd,Communication Services,Advertising Agencies,Israel,343750000.0,,8.74,0.69%,216038.0,0,0,0,0,0,0,0,0,1,0,0,0,0,0,0,0,0,0,0,0,0,0,0,0,0,0,0,0,1,0,1
ETZ,TDH Holdings Inc,Real Estate,Real Estate Services,China,13680000.0,7.6,1.33,-1.85%,2002.0,0,0,0,0,0,0,0,0,0,0,1,1,0,0,0,0,0,0,0,0,0,0,-1,0,0,0,0,0,2,1,3
EXL,Pacer US Export Leaders ETF,Financial,Exchange Traded Fund,USA,,,74.3,-0.76%,1007.0,0,0,0,0,0,0,0,0,0,0,1,0,0,0,0,0,0,0,0,0,0,0,-1,0,0,0,0,0,1,1,2
FBC,"Preferred Bank (Los Angeles, CA)",Financial,Banks - Regional,USA,1220000000.0,9.37,102.63,-0.39%,125265.0,0,0,0,0,0,0,0,0,0,0,0,0,0,0,0,0,0,0,0,0,0,0,0,0,-1,0,0,0,0,1,1
FFA,Virtus InfraCap U.S. Preferred Stock ETF,Financial,Exchange Traded Fund,USA,,,19.55,0.51%,983581.0,0,0,0,0,0,0,0,0,0,0,0,0,-1,0,0,0,0,0,0,0,0,0,0,0,0,0,0,0,0,1,1
FFL,ETRACSA 2xMonthlyA PayA LeveragedA PreferredA StockA IndexA ETN,Financial,Exchange Traded Fund,USA,,,6.7,0.53%,525.0,0,0,0,0,0,0,0,0,1,0,0,0,0,0,0,0,0,0,0,0,0,0,0,0,0,0,0,0,1,0,1
FIG,Invesco Fundamental Investment Grade Corporate Bond ETF,Financial,Exchange Traded Fund,USA,,,23.17,0.19%,4539.0,0,0,0,0,0,1,0,0,0,0,0,0,0,0,0,0,0,0,0,0,0,0,0,0,0,0,0,0,1,0,1
FIS,Peoples Financial Services Corp,Financial,Banks - Regional,USA,691370000.0,12.24,69.07,1.05%,38611.0,0,0,0,0,0,0,0,0,0,0,0,0,0,0,0,0,0,0,0,0,0,0,-1,0,0,0,0,0,0,1,1
FO,Flaherty & Crumrine Preferred and Income Opportunity Fund Inc,Financial,Closed-End Fund - Debt,USA,111160000.0,,8.5,0.00%,55649.0,0,0,0,0,0,0,0,0,1,0,0,0,0,0,0,0,0,0,0,0,0,0,0,0,0,0,0,0,1,0,1
FXF,VanEck Preferred Securities ex Financials ETF,Financial,Exchange Traded Fund,USA,,,17.57,-0.68%,733069.0,0,0,0,0,0,0,0,0,0,0,0,0,-1,0,0,0,0,0,0,0,0,0,0,0,0,0,-1,0,0,2,2
G,Procter & Gamble Co,Consumer Defensive,Household & Personal Products,USA,349770000000.0,22.75,150.59,1.87%,12054645.0,0,0,0,0,0,1,0,0,0,0,1,0,0,0,0,0,0,0,0,0,0,0,0,0,0,0,0,0,2,0,2
GC,Peapack-Gladstone Financial Corp,Financial,Banks - Regional,USA,774000000.0,15.19,43.66,0.58%,89167.0,0,0,0,0,0,0,0,0,0,0,0,0,0,0,0,0,0,0,0,-1,0,0,0,0,0,0,0,0,0,1,1
GEN,Precigen Inc,Healthcare,Biotechnology,USA,2720000000.0,,7.6,0.80%,3829582.0,0,0,0,-1,0,0,0,-1,0,0,0,0,0,0,0,0,0,0,0,0,0,0,0,0,0,0,0,0,0,2,2
GF,Invesco Financial Preferred ETF,Financial,Exchange Traded Fund,USA,,,12.69,0.63%,363236.0,0,0,0,-1,0,0,0,0,0,0,0,0,0,0,0,0,0,0,0,0,0,0,0,0,0,0,0,0,0,1,1
GP,Pimco Global StocksPLUS & Income Fund,Financial,Closed-End Fund - Foreign,USA,94940000.0,,8.19,-0.49%,31881.0,0,0,0,0,0,0,0,0,0,0,0,0,-1,0,0,0,0,0,0,0,0,0,0,0,0,0,0,0,0,1,1
GR,Progressive Corp,Financial,Insurance - Property & Casualty,USA,127100000000.0,10.97,218.73,2.15%,2749507.0,0,0,0,0,0,0,0,0,1,0,0,0,0,0,0,0,0,0,0,0,0,0,0,0,0,0,0,0,1,0,1
GRO,Putnam Focused Large Cap Growth ETF,Financial,Exchange Traded Fund,USA,,,48.78,-1.41%,11773.0,0,0,0,0,0,0,0,0,0,0,0,0,0,0,0,1,0,0,0,0,0,0,0,0,0,0,0,0,1,0,1
GZ,Principal Real Estate Income Fund,Financial,Closed-End Fund - Debt,USA,58910000.0,,8.8,-0.56%,15878.0,0,0,0,0,0,0,0,0,0,0,0,0,0,0,0,0,0,0,0,0,1,0,0,0,0,0,0,0,1,0,1
H,Parker-Hannifin Corp,Industrials,Specialty Industrial Machinery,USA,119420000000.0,33.24,946.96,-0.61%,543375.0,0,0,0,0,0,0,0,0,0,0,0,0,0,0,0,0,0,0,0,0,0,0,0,0,0,0,0,1,1,0,1
HAR,Pharming Group NV ADR,Healthcare,Biotechnology,Netherlands,674530000.0,76.61,9.53,-1.24%,5123.0,0,0,0,0,0,0,0,0,1,0,0,0,0,0,0,0,0,0,0,0,0,0,0,0,0,0,0,0,1,0,1
HAT,Phathom Pharmaceuticals Inc,Healthcare,Biotechnology,USA,576830000.0,,7.13,4.70%,1334384.0,0,0,0,0,0,0,0,0,0,0,0,0,0,0,0,0,0,0,0,-1,0,0,0,0,0,0,0,0,0,1,1
HG,Koninklijke Philips NV ADR,Healthcare,Medical Devices,Netherlands,23750000000.0,18.1,24.3,0.87%,1634380.0,0,0,0,0,0,1,0,0,0,0,0,0,0,0,0,0,0,0,0,-1,0,0,0,0,0,0,0,0,1,1,2
HIO,Phio Pharmaceuticals Corp,Healthcare,Biotechnology,USA,11300000.0,,0.97,-2.64%,66256.0,0,0,0,0,0,0,0,0,0,0,0,0,-1,0,0,0,0,0,0,0,0,0,0,0,0,0,0,0,0,1,1
HR,Phreesia Inc,Healthcare,Health Information Services,USA,661670000.0,63.11,10.66,1.52%,694669.0,0,0,0,-1,0,0,0,0,0,0,0,0,0,0,0,0,0,0,0,0,0,0,0,0,0,0,0,0,0,1,1
HVS,Pharvaris NV,Healthcare,Biotechnology,Netherlands,2170000000.0,,31.12,-1.77%,628231.0,0,0,0,0,0,1,0,0,0,0,0,0,0,0,0,0,0,0,0,0,0,0,0,0,0,0,0,0,1,0,1
HYL,PGIM Active High Yield Bond ETF,Financial,Exchange Traded Fund,USA,,,33.62,0.00%,201781.0,0,0,0,-1,0,0,0,0,0,0,0,0,0,0,0,0,0,0,0,0,0,0,0,0,0,0,0,0,0,1,1
IEL,Pacer International Export Leaders ETF,Financial,Exchange Traded Fund,USA,,,28.31,-0.96%,86.0,0,0,0,0,0,0,0,0,0,0,1,0,0,0,0,0,0,0,0,0,0,0,-1,0,0,0,0,0,1,1,2
IM,Franklin Master Intermediate Income Trust,Financial,Closed-End Fund - Debt,USA,144070000.0,,2.99,0.00%,18982.0,0,0,0,-1,0,0,0,0,0,0,0,0,0,0,0,0,0,0,0,0,0,0,0,0,0,0,0,0,0,1,1
INK,Simplify Health Care ETF,Financial,Exchange Traded Fund,USA,,,37.56,-0.58%,83975.0,0,0,0,0,0,0,0,0,0,0,0,0,0,0,0,0,0,0,0,0,0,0,-1,0,0,0,0,0,0,1,1
IPE,Invesco SteelPath MLP & Energy Infrastructure ETF,Financial,Exchange Traded Fund,USA,,,29.49,1.50%,691.0,0,0,0,0,0,0,0,0,0,0,0,0,0,0,0,0,0,0,0,0,0,0,0,0,-1,0,0,0,0,1,1
JFG,PGIM Jennison Focused Growth ETF,Financial,Exchange Traded Fund,USA,,,122.61,-1.27%,3863.0,0,0,0,0,0,0,0,-1,0,0,0,0,0,0,0,0,0,0,0,0,0,0,0,0,0,0,0,0,0,1,1
JFM,PGIM Jennison Focused Mid-Cap ETF,Financial,Exchange Traded Fund,USA,,,65.21,-0.29%,260.0,0,0,0,0,0,0,0,0,0,0,0,0,-1,0,0,0,0,0,0,0,0,0,0,0,0,0,0,0,0,1,1
JIO,PGIM Jennison Focused International Equity ETF,Financial,Exchange Traded Fund,USA,,,62.4,-2.22%,3782.0,0,0,0,0,0,0,0,0,1,0,0,0,0,0,0,1,0,0,0,0,0,0,0,0,0,0,0,0,2,0,2
JUL,Innovator U.S. Equity Power Buffer ETF - July,Financial,Exchange Traded Fund,USA,,,50.15,-0.12%,23010.0,0,0,0,0,0,0,0,-1,0,0,1,0,0,0,0,0,0,0,0,0,0,0,0,0,0,0,0,0,1,1,2
JUN,Innovator U.S. Equity Power Buffer ETF - June,Financial,Exchange Traded Fund,USA,,,44.38,-0.20%,33790.0,0,0,0,0,0,1,0,0,0,0,0,0,0,0,0,1,0,0,0,0,0,0,0,0,0,0,0,0,2,0,2
KBK,Parke Bancorp Inc,Financial,Banks - Regional,USA,384010000.0,8.5,32.65,1.02%,23497.0,0,0,0,0,0,0,0,0,0,0,0,0,0,0,0,0,0,0,0,0,0,0,-1,0,0,0,0,0,0,1,1
KE,Park Aerospace Corp,Industrials,Aerospace & Defense,USA,645140000.0,47.72,29.66,1.37%,853645.0,0,1,0,0,0,0,0,0,0,0,0,0,0,0,0,0,0,0,0,0,0,0,0,0,0,0,0,0,1,0,1
KX,POSCO Holdings Inc ADR,Basic Materials,Steel,South Korea,17170000000.000002,18.6,56.75,0.87%,229054.0,0,0,0,0,0,0,0,0,1,0,0,0,0,0,0,0,0,0,0,0,0,0,0,0,0,0,0,0,1,0,1
LAB,Photronics Inc,Technology,Semiconductor Equipment & Materials,USA,1750000000.0,10.5,29.71,-1.33%,672061.0,0,0,0,0,0,0,0,0,1,1,0,0,0,0,0,0,0,0,0,0,0,0,0,0,0,0,0,0,2,0,2
LAY,Dave & Buster's Entertainment Inc,Communication Services,Entertainment,USA,242770000.0,,6.97,6.25%,2052651.0,0,0,0,0,0,0,0,0,0,0,0,0,-1,-1,0,0,0,0,0,0,0,0,0,0,0,0,0,0,0,2,2
LBC,Plumas Bancorp,Financial,Banks - Regional,USA,429850000.0,12.15,61.77,0.65%,34796.0,0,0,0,0,0,0,0,0,0,0,0,0,-1,0,0,0,0,0,0,0,0,0,0,0,0,0,0,0,0,1,1
LBL,Polibeli Group Ltd,Consumer Cyclical,Department Stores,Indonesia,2069999999.9999998,,5.64,0.00%,145611.0,0,0,0,0,0,0,0,0,0,0,0,0,0,0,0,0,0,0,0,0,0,0,0,1,0,0,0,0,1,0,1
LBY,Playboy Inc,Consumer Cyclical,Apparel Manufacturing,USA,118210000.0,411.12,0.99,-3.26%,921651.0,0,1,0,0,0,0,0,0,0,0,0,0,0,0,0,0,0,0,0,0,0,0,0,0,0,0,0,0,1,0,1
LCE,Childrens Place Inc,Consumer Cyclical,Apparel Manufacturing,USA,42700000.0,,1.92,0.00%,106861.0,0,0,0,0,0,0,0,0,1,0,0,0,0,0,0,0,0,0,0,0,0,0,0,0,0,0,0,0,1,0,1
LGO,Pelagos Insurance Capital Ltd,Financial,Insurance - Diversified,Bermuda,2020000000.0,5.99,24.45,2.69%,609168.0,0,0,0,0,0,0,0,0,0,0,0,0,-1,0,0,0,0,0,0,0,0,0,0,0,0,0,0,0,0,1,1
LNT,Planet Fitness Inc,Consumer Cyclical,Leisure,USA,3330000000.0,14.94,44.03,2.18%,2508121.0,0,0,0,0,0,0,0,0,0,0,0,0,-1,0,0,0,0,0,0,0,0,0,0,1,0,0,0,0,1,1,2
LRX,Pliant Therapeutics Inc,Healthcare,Biotechnology,USA,61920000.0,,1.0,1.01%,568045.0,0,0,0,0,0,0,0,0,1,0,0,0,0,0,0,0,0,0,0,0,0,0,0,0,0,0,0,0,1,0,1
LTM,GraniteShares Platinum Shares,Financial,Exchange Traded Fund,USA,,,15.7,0.26%,137024.0,0,0,0,0,0,0,0,0,1,0,0,0,0,0,0,0,0,0,0,0,0,0,0,0,0,0,0,0,1,0,1
LTW,Roundhill PLTR WeeklyPay ETF,Financial,Exchange Traded Fund,USA,,,26.25,2.98%,107636.0,0,0,0,0,0,0,0,0,0,0,1,1,0,0,0,0,0,0,0,0,0,0,0,0,0,0,0,0,2,0,2
LTY,YieldMax PLTR Option Income Strategy ETF,Financial,Exchange Traded Fund,USA,,,37.85,0.83%,168279.0,0,0,0,0,0,0,0,0,0,0,1,0,0,0,0,0,0,0,0,0,0,0,0,0,0,0,0,0,1,0,1
LUT,Plutus Financial Group Ltd,Financial,Capital Markets,Hong Kong,33610000.0,,2.19,4.29%,6790.0,0,0,0,0,0,0,0,0,0,0,0,0,-1,0,0,0,0,0,0,0,0,0,0,1,0,0,0,0,1,1,2
LXS,Plexus Corp,Technology,Electronic Components,USA,6970000000.0,38.56,261.38,-1.95%,186688.0,0,0,0,0,0,0,0,0,1,0,0,0,0,0,0,0,0,0,0,0,0,0,0,0,0,0,0,0,1,0,1
MA,PMA Graphene Technology Group Inc,Industrials,Engineering & Construction,Hong Kong,16219999.999999998,,1.25,-0.79%,4643.0,0,0,0,0,0,0,0,0,1,0,1,1,0,0,0,1,0,0,0,0,0,0,0,0,0,0,0,0,4,0,4
MBS,PIMCO Mortgage-Backed Securities Active ETF,Financial,Exchange Traded Fund,USA,,,46.24,0.42%,653134.0,0,0,0,0,0,0,0,0,0,0,0,0,0,0,0,0,0,0,0,-1,0,0,0,0,0,0,0,0,0,1,1
MCB,PharmaCyte Biotech Inc,Healthcare,Biotechnology,USA,4260000.0,,0.4,-2.02%,214131.0,0,0,0,0,0,0,0,0,1,0,0,0,0,0,0,0,0,0,0,0,0,0,0,0,0,0,0,0,1,0,1
MI,Picard Medical Inc,Healthcare,Medical Devices,USA,22630000.0,,9.68,3.31%,259136.0,0,0,0,0,0,0,0,0,0,0,0,0,0,0,0,0,0,0,0,0,0,0,0,1,0,0,0,0,1,0,1
MJN,PGIM S&P 500 Max Buffer ETF - June,Financial,Exchange Traded Fund,USA,,,27.08,-0.07%,638.0,0,0,0,0,0,0,0,0,0,0,0,0,0,0,0,0,0,1,0,0,0,0,0,0,0,0,0,0,1,0,1
MMF,iShares Prime Money Market ETF,Financial,Exchange Traded Fund,USA,,,100.26,0.01%,220616.0,0,0,0,0,0,1,0,0,0,0,0,0,-1,-1,0,0,0,0,0,0,0,0,0,0,0,0,0,0,1,2,3
MN,ProMIS Neurosciences Inc,Healthcare,Biotechnology,Canada,82060000.0,,9.15,0.33%,35274.0,0,0,0,0,0,0,0,0,1,0,0,0,0,0,0,0,0,0,0,0,0,0,0,0,0,0,0,0,1,0,1
MT,Pennymac Mortgage Investment Trust,Real Estate,REIT - Mortgage,USA,653150000.0,5.24,7.49,-5.19%,3765443.0,0,0,0,0,0,0,0,0,0,0,0,0,0,0,0,0,0,0,0,-1,0,0,0,0,0,0,0,0,0,1,1
MTS,CPI Card Group Inc,Financial,Credit Services,USA,289800000.0,21.57,25.0,-1.11%,109254.0,0,0,0,0,0,1,0,0,0,0,0,0,0,0,0,0,0,0,0,0,0,0,0,0,0,0,0,0,1,0,1
MVP,PMV Pharmaceuticals Inc,Healthcare,Biotechnology,USA,112510000.0,,1.49,-0.67%,461261.0,0,0,0,0,0,0,0,0,0,0,0,0,0,0,0,0,0,0,0,0,1,0,0,0,0,0,0,0,1,0,1
NR,Pentair plc,Industrials,Specialty Industrial Machinery,United Kingdom,8350000000.0,13.16,52.3,0.21%,2517400.0,0,0,0,0,0,0,0,0,0,0,0,0,0,0,0,0,0,0,0,-1,0,0,0,0,0,0,0,0,0,1,1
NRG,PrimeEnergy Resources Corp,Energy,Oil & Gas E&P,USA,334720000.0,20.38,211.5,0.92%,84995.0,0,0,0,0,0,0,0,0,0,0,0,0,-1,0,0,0,0,0,0,0,0,0,0,0,0,0,0,0,0,1,1
OCI,Precision Optics Corp Inc,Healthcare,Medical Instruments & Supplies,USA,51190000.0,,4.66,3.21%,34519.0,0,0,0,0,0,0,0,0,0,0,1,0,0,0,0,0,0,0,0,0,0,0,0,0,0,0,0,0,1,0,1
ODC,PodcastOne Inc,Communication Services,Internet Content & Information,USA,66250000.0,,2.19,1.86%,103171.0,0,0,0,0,0,0,0,0,0,0,0,0,0,0,0,0,0,0,0,0,0,0,0,1,0,0,0,0,1,0,1
ODD,Insulet Corp,Healthcare,Medical Devices,USA,9330000000.0,26.66,134.47,0.08%,1557440.0,0,0,0,0,0,0,0,0,1,1,0,0,0,0,0,0,0,0,0,0,0,0,0,0,0,0,0,0,2,0,2
OLA,Polar Power Inc,Industrials,Electrical Equipment & Parts,USA,4660000.0,,1.08,-6.09%,56506.0,0,0,0,0,0,0,0,0,0,0,0,0,-1,0,0,0,0,0,0,0,0,0,0,0,0,0,0,0,0,1,1
ONY,Pony AI Inc ADR,Technology,Information Technology Services,China,2040000000.0,,5.76,-5.11%,3539551.0,0,0,0,0,0,0,0,0,1,0,0,0,0,0,0,0,0,0,0,0,0,0,0,0,0,0,0,0,1,0,1
OOL,Pool Corp,Industrials,Industrial Distribution,USA,5750000000.0,14.54,158.14,2.60%,1051880.0,0,0,0,-1,0,0,0,0,0,0,0,0,0,0,0,0,0,0,0,0,0,0,0,0,0,0,0,0,0,1,1
OR,Portland General Electric Co,Utilities,Utilities - Regulated Electric,USA,5330000000.0,20.07,45.35,1.16%,1838322.0,0,1,0,0,0,0,0,0,0,0,0,0,0,0,0,0,0,0,0,0,0,0,0,0,0,0,0,0,1,0,1
OST,Post Holdings Inc,Consumer Defensive,Packaged Foods,USA,3260000000.0,13.63,74.23,2.33%,591149.0,0,0,0,0,0,0,0,0,1,0,0,0,0,0,0,0,0,0,0,0,0,0,0,0,0,0,0,0,1,0,1
OW,VistaShares Electrification Supercycle ETF,Financial,Exchange Traded Fund,USA,,,26.43,-2.26%,20280.0,0,0,0,0,0,1,0,0,0,0,0,0,0,0,0,1,0,0,0,0,0,0,0,0,0,0,0,0,2,0,2
OWA,Invesco Bloomberg Pricing Power ETF,Financial,Exchange Traded Fund,USA,,,88.18,1.24%,37300.0,0,0,0,0,0,0,0,0,0,0,1,0,0,0,0,0,0,0,0,0,0,0,0,0,0,0,0,0,1,0,1
OWR,iShares U.S. Power Infrastructure ETF,Financial,Exchange Traded Fund,USA,,,25.26,-0.63%,160401.0,0,0,0,0,0,1,0,0,0,0,0,0,0,0,0,0,0,0,0,0,0,0,0,0,0,0,0,0,1,0,1
PC,Pilgrim's Pride Corp,Consumer Defensive,Packaged Foods,USA,6790000000.0,12.46,28.5,1.35%,1541758.0,0,0,0,0,0,1,0,0,0,0,0,0,0,0,0,0,0,0,0,0,0,0,0,0,0,0,0,0,1,0,1
PL,PPL Corp,Utilities,Utilities - Regulated Electric,USA,25660000000.0,20.25,34.1,0.44%,9090604.0,0,0,0,0,0,0,0,0,1,1,0,0,0,0,0,0,0,0,0,0,0,0,0,0,0,0,0,0,2,0,2
PTA,Perpetua Resources Corp,Basic Materials,Other Precious Metals & Mining,USA,2520000000.0,,20.11,0.60%,1169619.0,0,0,0,0,0,0,0,0,0,0,0,0,0,0,0,0,0,0,0,-1,0,0,0,0,0,0,0,0,0,1,1
QUS,Pictet AI Enhanced US Equity ETF,Financial,Exchange Traded Fund,USA,,,28.92,-0.45%,13217.0,0,1,0,0,0,0,0,0,0,0,1,0,0,0,0,0,0,0,0,0,0,0,-1,0,0,0,0,0,2,1,3
QV,PGIM S&P 500 Quarterly Buffer 5 ETF,Financial,Exchange Traded Fund,USA,,,25.71,-0.21%,107.0,0,0,0,0,0,0,0,-1,0,0,1,0,0,0,0,0,0,0,0,0,0,0,-1,0,0,0,0,0,1,2,3
R,Permian Resources Holdings Inc,Energy,Oil & Gas E&P,USA,19130000000.0,15.16,22.84,3.02%,7445609.0,0,0,0,-1,0,0,0,0,0,0,0,0,0,0,0,0,0,0,0,0,0,0,0,0,0,0,0,0,0,1,1
RAA,PRA Group Inc,Financial,Credit Services,USA,765010000.0,,20.32,0.20%,388001.0,0,0,0,0,0,1,0,-1,0,0,0,0,0,0,0,1,0,0,0,0,0,0,0,0,0,0,0,0,2,1,3
RAB,State Street IG Public & Private ABS ETF,Financial,Exchange Traded Fund,USA,,,24.68,0.04%,23.0,0,0,0,0,0,0,0,0,1,1,0,0,0,0,0,0,0,0,0,0,0,0,0,0,0,0,0,0,2,0,2
RAY,FIS Trust,Financial,Exchange Traded Fund,USA,,,35.04,-0.70%,7534.0,0,0,0,0,0,0,0,0,0,0,1,0,0,0,0,0,0,0,0,0,0,0,-1,0,0,0,0,0,1,1,2
RF,Invesco RAFI US 1000 ETF,Financial,Exchange Traded Fund,USA,,,55.36,0.49%,443325.0,0,0,0,0,0,0,0,0,0,0,0,0,0,0,0,0,0,0,0,0,0,0,-1,0,0,0,0,0,0,1,1
RFZ,Invesco RAFI US 1500 Small-Mid ETF,Financial,Exchange Traded Fund,USA,,,52.82,0.17%,98595.0,0,0,0,0,0,0,0,0,1,0,0,0,0,0,0,0,0,0,0,0,0,0,0,0,0,0,0,0,1,0,1
RIM,Primoris Services Corp,Industrials,Engineering & Construction,USA,4450000000.0,32.53,82.66,0.61%,1322912.0,0,0,0,0,0,0,0,0,0,0,0,0,0,0,0,0,0,0,0,0,0,0,0,1,0,0,0,0,1,0,1
RLB,Proto Labs Inc,Industrials,Metal Fabrication,USA,2210000000.0,73.46,92.21,-1.14%,144107.0,0,0,0,0,0,1,0,0,0,0,0,0,0,0,0,0,0,0,0,0,0,0,0,0,0,0,0,0,1,0,1
RMB,Primo Brands Corp,Consumer Defensive,Beverages - Non-Alcoholic,USA,7000000000.0,70.74,19.34,1.79%,8200804.0,0,0,0,0,0,0,0,-1,0,0,0,0,0,0,0,0,0,0,0,0,0,0,0,0,0,0,0,0,0,1,1
RME,Prime Medicine Inc,Healthcare,Biotechnology,USA,649330000.0,,3.58,-8.21%,7725983.0,0,0,0,0,0,0,0,0,0,0,1,0,0,0,0,1,0,0,0,0,0,0,0,0,0,0,0,0,2,0,2
RMR,PeakShares RMR Prime Equity ETF,Financial,Exchange Traded Fund,USA,,,29.02,-0.27%,11062.0,0,0,0,-1,0,0,0,0,0,0,0,0,0,0,0,0,0,0,0,0,0,0,0,0,0,0,0,0,0,1,1
RN,Invesco Dorsey Wright Industrials Momentum ETF,Financial,Exchange Traded Fund,USA,,,196.95,0.19%,36307.0,0,0,0,0,0,0,0,0,1,0,0,0,0,0,0,0,0,0,0,0,0,0,0,0,0,0,0,0,1,0,1
RNT,ARK 3D Printing ETF,Financial,Exchange Traded Fund,USA,,,25.3,-0.70%,1511.0,0,0,0,0,0,0,0,0,0,0,1,0,0,0,0,0,0,0,0,0,0,0,-1,0,0,0,0,0,1,1,2
ROF,Profound Medical Corp,Healthcare,Medical Devices,Canada,252420000.0,,6.91,21.65%,2974335.0,0,0,0,0,0,0,0,0,0,0,1,0,0,0,0,0,0,0,0,0,0,0,0,0,0,0,0,0,1,0,1
ROK,ProKidney Corp,Healthcare,Biotechnology,USA,501860000.0,,1.66,5.73%,1133741.0,0,0,0,0,0,1,0,0,0,0,0,0,0,0,0,0,0,0,0,0,0,0,0,0,0,0,0,0,1,0,1
ROP,Prairie Operating Co,Energy,Oil & Gas E&P,USA,45930000.0,,0.41,0.34%,680883.0,0,0,0,0,0,0,0,0,1,0,0,0,0,0,0,0,0,0,0,0,0,0,0,0,0,0,0,0,1,0,1
RT,PermRock Royalty Trust,Energy,Oil & Gas E&P,USA,21780000.0,7.62,1.79,0.56%,27802.0,0,0,0,0,0,0,0,0,1,0,0,0,0,0,0,0,0,0,0,0,0,0,0,0,0,0,0,0,1,0,1
RTA,Prothena Corp Plc,Healthcare,Biotechnology,Ireland,442010000.0,,8.61,1.53%,642408.0,0,0,0,0,0,0,0,0,1,0,0,0,0,0,0,0,0,0,0,0,0,0,0,0,0,0,0,0,1,0,1
SBD,Palmer Square Capital BDC Inc,Financial,Asset Management,USA,297010000.0,,9.69,1.36%,87031.0,0,0,0,0,0,0,0,0,0,0,0,0,-1,0,0,0,0,0,0,0,0,0,0,1,0,0,0,0,1,1,2
SCE,Invesco S&P SmallCap Energy ETF,Financial,Exchange Traded Fund,USA,,,60.34,1.10%,8688.0,0,1,0,-1,0,0,0,0,0,0,1,0,0,0,0,0,0,0,0,0,0,0,0,0,0,0,0,0,2,1,3
SCM,Invesco S&P SmallCap Materials ETF,Financial,Exchange Traded Fund,USA,,,94.99,-0.16%,165.0,0,0,0,0,0,0,0,0,1,0,0,0,0,0,0,0,0,0,0,0,0,0,0,0,0,0,0,0,1,0,1
SCU,Invesco S&P SmallCap Utilities & Communication Services ETF,Financial,Exchange Traded Fund,USA,,,60.08,0.21%,1206.0,0,0,0,0,0,0,0,0,0,0,1,1,0,0,0,0,0,0,0,0,0,0,0,0,-1,0,0,0,2,1,3
SCW,Pacer Swan SOS Conservative (April) ETF,Financial,Exchange Traded Fund,USA,,,30.78,-0.10%,6.0,0,0,0,0,0,0,0,0,0,0,0,0,0,0,0,0,0,1,0,0,0,0,0,0,0,0,0,0,1,0,1
SEP,Innovator U.S. Equity Power Buffer ETF - September,Financial,Exchange Traded Fund,USA,,,47.22,-0.25%,32136.0,0,0,0,0,0,0,0,-1,0,0,0,0,0,0,0,0,0,0,0,0,0,0,0,0,0,0,0,0,0,1,1
SFE,Paysafe Limited,Technology,Software - Infrastructure,United Kingdom,299720000.0,,5.74,0.53%,227853.0,0,0,0,0,0,0,0,0,1,0,0,0,0,0,0,0,0,0,0,0,0,0,0,0,0,0,0,0,1,0,1
SL,Invesco Dorsey Wright Consumer Staples Momentum ETF,Financial,Exchange Traded Fund,USA,,,110.38,1.90%,3358.0,0,0,0,0,0,0,0,0,0,0,0,0,0,0,0,0,0,0,0,0,1,0,0,0,0,0,0,0,1,0,1
SLV,Sprott Physical Silver Trust,Financial,Asset Management,Canada,11830000000.0,,19.4,-0.15%,8043057.0,0,0,0,0,0,0,0,0,1,0,0,0,0,0,0,0,0,0,0,0,0,0,0,0,0,0,0,0,1,0,1
SMT,Pricesmart Inc,Consumer Defensive,Discount Stores,USA,5160000000.0,32.14,167.22,-1.47%,202542.0,0,0,0,0,0,0,0,0,0,0,0,0,-1,0,0,0,0,0,0,0,0,0,-1,0,0,0,0,0,0,2,2
SO,Pearson plc ADR,Communication Services,Publishing,United Kingdom,9960000000.0,25.01,16.63,1.28%,1749701.0,0,0,0,0,0,0,0,0,0,0,0,0,0,0,0,0,0,0,0,0,0,0,-1,0,0,0,0,0,0,1,1
SQ,ProShares Short QQQ -1x Shares,Financial,Exchange Traded Fund,USA,,,24.59,1.40%,24506464.0,0,0,0,0,0,0,0,0,1,0,0,0,0,0,0,0,0,0,0,0,0,0,0,0,0,0,0,0,1,0,1
SQA,Palmer Square CLO Senior Debt ETF,Financial,Exchange Traded Fund,USA,,,20.56,0.00%,101912.0,0,0,0,-1,0,0,0,0,0,0,0,0,0,0,0,0,0,0,0,0,0,0,0,0,0,0,0,0,0,1,1
SQO,Palmer Square Credit Opportunities ETF,Financial,Exchange Traded Fund,USA,,,20.53,-0.15%,59596.0,0,0,0,0,0,0,0,0,0,0,1,0,0,0,0,0,0,0,0,0,0,0,-1,0,0,0,0,0,1,1,2
STL,Postal Realty Trust Inc,Real Estate,REIT - Office,USA,800050000.0,41.3,22.41,0.40%,143624.0,0,0,0,0,0,0,0,0,0,0,0,0,-1,0,0,0,0,0,0,0,0,0,0,0,0,0,0,0,0,1,1
SWD,Xtrackers Cybersecurity Select Equity ETF,Financial,Exchange Traded Fund,USA,,,48.92,-0.47%,510.0,0,0,0,0,0,1,0,0,0,0,1,1,0,0,0,0,0,1,0,0,0,0,-1,0,0,0,0,0,4,1,5
TC,PTC Inc,Technology,Software - Application,USA,21050000000.0,18.73,193.73,0.07%,6090047.0,0,0,0,0,0,0,0,0,0,0,0,0,0,0,0,0,0,0,0,0,0,0,0,0,0,0,0,1,1,0,1
TEN,Patterson-UTI Energy Inc,Energy,Oil & Gas Drilling,USA,4380000000.0,,11.48,2.23%,5835096.0,0,0,0,0,0,0,0,0,0,0,1,0,0,0,0,0,0,0,0,0,0,0,-1,0,0,0,0,0,1,1,2
TF,Invesco Dorsey Wright Technology Momentum ETF,Financial,Exchange Traded Fund,USA,,,110.95,-0.97%,77447.0,0,0,0,0,0,0,0,0,0,0,0,0,-1,0,0,0,0,0,0,0,0,0,0,0,0,0,0,0,0,1,1
TIN,Pacer Trendpilot International ETF,Financial,Exchange Traded Fund,USA,,,36.04,-0.79%,4633.0,0,0,0,0,0,0,0,0,0,0,0,0,0,0,0,0,0,1,0,0,0,0,0,0,0,0,0,0,1,0,1
TL,Inspire 500 ETF,Financial,Exchange Traded Fund,USA,,,275.96,-0.55%,18856.0,0,0,0,0,0,0,0,0,0,0,0,0,0,0,0,0,0,0,0,0,1,0,-1,0,0,0,0,0,1,1,2
TLC,Pacer Trendpilot US Large Cap ETF,Financial,Exchange Traded Fund,USA,,,60.44,-0.40%,107136.0,0,1,0,0,0,0,0,-1,0,0,1,0,0,0,0,0,0,0,0,0,0,0,-1,0,0,0,0,0,2,2,4
TLO,Portillos Inc,Consumer Cyclical,Restaurants,USA,296170000.0,20.34,3.9,2.90%,2358751.0,0,0,0,0,0,0,0,0,1,0,0,0,0,0,0,0,0,0,0,0,0,0,0,0,0,0,0,0,1,0,1
TMC,Pacer Trendpilot US Mid Cap ETF,Financial,Exchange Traded Fund,USA,,,39.63,0.39%,9055.0,0,0,0,0,0,0,0,0,0,0,0,0,-1,0,0,0,0,0,0,0,0,0,0,0,0,0,0,0,0,1,1
TN,Palatin Technologies Inc,Healthcare,Biotechnology,USA,16040000.0,,9.01,-5.36%,32471.0,0,0,0,0,0,0,0,0,1,0,0,0,0,0,0,0,0,0,0,0,0,0,0,0,0,0,0,0,1,0,1
TNT,Corgi IP Licensing & Royalties ETF,Financial,Exchange Traded Fund,USA,,,24.62,0.05%,39.0,0,0,0,0,0,0,0,0,0,0,0,0,-1,0,0,0,0,0,0,0,0,0,0,1,0,0,0,0,1,1,2
ULS,PGIM Ultra Short Bond ETF,Financial,Exchange Traded Fund,USA,,,49.5,-0.02%,2860502.0,0,1,0,-1,0,0,0,0,0,0,0,0,0,0,0,0,0,0,0,0,0,0,0,0,0,0,0,0,1,1,2
UMP,ProPetro Holding Corp,Energy,Oil & Gas Equipment & Services,USA,1110000000.0,,9.04,-2.59%,4643594.0,0,0,0,0,0,0,0,0,1,0,0,0,0,0,0,0,0,0,0,0,0,0,0,0,0,0,0,0,1,0,1
USH,PGIM Ultra Short Municipal Bond ETF,Financial,Exchange Traded Fund,USA,,,49.84,0.00%,86514.0,0,1,0,0,0,0,0,0,0,0,0,0,0,0,0,0,0,0,0,-1,0,0,0,0,0,0,0,0,1,1,2
VEX,TrueShares ConVex Protect ETF,Financial,Exchange Traded Fund,USA,,,31.2,-0.61%,4746.0,0,1,0,0,0,0,0,0,0,0,0,0,0,0,0,0,0,0,0,0,0,0,0,0,0,0,0,0,1,0,1
VH,PVH Corp,Consumer Cyclical,Apparel Manufacturing,USA,3740000000.0,,81.14,3.59%,1333732.0,0,0,0,0,0,0,0,0,1,0,0,0,0,0,0,0,0,0,0,0,0,0,0,0,0,0,0,0,1,0,1
VI,Invesco Floating Rate Municipal Income ETF,Financial,Exchange Traded Fund,USA,,,24.89,0.08%,10021.0,0,0,0,0,0,0,0,0,0,0,0,0,0,0,0,0,0,1,0,0,0,0,0,0,0,0,0,0,1,0,1
VL,Permianville Royalty Trust,Energy,Oil & Gas E&P,USA,60060000.0,10.4,1.82,0.55%,23022.0,0,0,0,0,0,0,0,0,0,0,0,0,-1,0,0,0,0,0,0,0,0,0,0,0,0,0,0,0,0,1,1
WER,Nomura Energy Transition ETF,Financial,Exchange Traded Fund,USA,,,44.58,0.49%,99.0,0,0,0,0,0,0,0,0,0,0,1,0,0,0,0,0,0,0,0,0,0,0,0,0,-1,0,0,0,1,1,2
WRD,TCW Transform Systems ETF,Financial,Exchange Traded Fund,USA,,,106.44,-1.09%,699440.0,0,0,0,0,0,0,0,0,1,0,0,0,0,0,0,0,0,0,0,0,0,0,0,0,0,0,0,0,1,0,1
WRZ,TrueShares Eagle Global Next Gen Power Infrastructure ETF,Financial,Exchange Traded Fund,USA,,,29.08,0.24%,85.0,0,0,0,0,0,0,0,0,1,0,0,0,0,0,0,0,0,0,0,0,0,0,0,0,0,0,0,0,1,0,1
XE,Invesco Energy Exploration & Production ETF,Financial,Exchange Traded Fund,USA,,,42.87,3.08%,42730.0,0,1,0,0,0,0,0,0,0,0,0,0,0,0,0,0,0,0,0,0,0,0,0,0,0,0,0,0,1,0,1
XED,Phoenix Education Partners Inc,Consumer Defensive,Education & Training Services,USA,942640000.0,11.72,26.15,1.67%,83158.0,0,0,0,0,0,0,0,0,0,0,0,0,-1,0,0,0,0,0,0,0,0,0,0,0,0,0,0,0,0,1,1
XI,Invesco Dorsey Wright Energy Momentum ETF,Financial,Exchange Traded Fund,USA,,,65.61,2.53%,38256.0,0,1,0,0,0,0,0,0,0,0,0,0,0,0,0,0,0,0,0,0,0,0,0,0,0,0,0,0,1,0,1
XLW,Pixelworks Inc,Technology,Semiconductors,USA,36530000.0,,6.04,-5.03%,38034.0,0,0,0,0,0,0,0,0,0,0,1,1,0,0,0,0,0,0,0,0,0,0,0,0,0,0,0,0,2,0,2
YZ,Invesco Dorsey Wright Basic Materials Momentum ETF,Financial,Exchange Traded Fund,USA,,,114.63,0.09%,1849.0,0,0,0,0,0,0,0,0,0,0,0,0,0,0,0,0,0,0,0,0,1,0,0,0,0,0,0,0,1,0,1
ZG,Paramount Gold Nevada Corp,Basic Materials,Gold,USA,97420000.0,,1.13,-3.42%,222358.0,0,0,0,0,0,0,0,0,0,0,0,0,-1,0,0,0,0,0,0,0,0,0,0,0,0,0,0,0,0,1,1
ZZA,Papa John's International Inc,Consumer Cyclical,Restaurants,USA,640650000.0,24.43,19.46,0.52%,1422941.0,0,1,0,0,0,0,0,0,0,0,0,0,-1,-1,0,0,0,0,0,0,0,0,0,0,0,0,0,0,1,2,3
,Qnity Electronics Inc,Technology,Semiconductor Equipment & Materials,USA,26500000000.0,45.36,126.68,-2.34%,1501355.0,0,1,0,0,0,0,0,0,1,1,0,0,0,0,0,0,0,0,0,0,0,0,0,0,0,0,0,0,3,0,3
AI,NYLIM Hedge Multi-Strategy Tracker ETF,Financial,Exchange Traded Fund,USA,,,36.05,-0.30%,61884.0,0,0,0,0,0,0,0,0,0,0,1,0,0,0,0,0,0,0,0,0,0,0,-1,0,0,0,0,0,1,1,2
BKF,AllianzIM U.S. Small Cap Buffer15 ETF,Financial,Exchange Traded Fund,USA,,,26.03,0.02%,12717.0,0,0,0,0,0,0,0,0,0,0,0,0,-1,0,0,0,0,0,0,0,1,0,0,0,0,0,0,0,1,1,2
BQF,AllianzIM Growth-100 Buffer15 ETF,Financial,Exchange Traded Fund,USA,,,26.11,-0.30%,8201.0,0,0,0,0,0,0,0,-1,0,0,0,0,0,0,0,0,0,0,0,0,0,0,0,0,0,0,0,0,0,1,1
BSV,AllianzIM U.S Equity Buffer5 ETF,Financial,Exchange Traded Fund,USA,,,27.35,-0.24%,5650.0,0,0,0,0,0,1,0,0,0,0,1,1,0,0,0,0,0,1,0,0,0,0,0,0,-1,0,0,0,4,1,5
BUL,TrueShares Quarterly Bull Hedge ETF,Financial,Exchange Traded Fund,USA,,,24.1,-0.14%,2276.0,0,0,0,0,0,0,0,0,0,0,0,0,-1,-1,0,0,0,0,0,0,0,0,0,0,0,0,0,0,0,2,2
CJL,FT Vest Nasdaq-100 Conservative Buffer ETF - July,Financial,Exchange Traded Fund,USA,,,26.24,-0.49%,5356.0,0,0,0,0,0,0,0,-1,0,0,0,0,0,0,0,0,0,0,0,0,0,0,0,0,0,0,0,0,0,1,1
CLR,Global X NASDAQ 100 Collar 95-110 ETF,Financial,Exchange Traded Fund,USA,,,28.29,-0.69%,4696.0,0,0,0,0,0,0,0,0,0,0,1,0,-1,0,0,0,0,0,0,0,0,0,0,0,0,0,0,0,1,1,2
CLS,Q/C Technologies Inc,Technology,Computer Hardware,USA,5220000.0,,0.64,0.74%,270673.0,0,0,0,0,0,0,0,0,1,0,0,0,0,0,0,0,0,0,0,0,0,0,0,0,0,0,0,0,1,0,1
CML,GraniteShares 2x Long QCOM Daily ETF,Financial,Exchange Traded Fund,USA,,,16.58,-1.25%,484795.0,0,0,0,0,0,0,0,0,0,0,0,0,-1,0,0,0,0,0,0,0,0,0,0,0,0,0,0,0,0,1,1
CMU,Direxion Daily QCOM Bull 2X ETF,Financial,Exchange Traded Fund,USA,,,20.59,-0.94%,125166.0,0,0,0,0,0,0,0,0,0,0,0,0,-1,0,0,0,0,0,0,0,0,0,0,1,0,0,0,0,1,1,2
DEL,QuidelOrtho Corp,Healthcare,Medical Devices,USA,851020000.0,,12.41,0.81%,2517416.0,0,0,0,0,0,0,0,0,0,0,0,0,-1,0,0,0,0,0,0,0,1,0,0,1,0,0,0,0,2,1,3
DPL,Pacer Metaurus US Large Cap Dividend Multiplier 400 ETF,Financial,Exchange Traded Fund,USA,,,46.51,-0.19%,72629.0,0,0,0,0,0,0,0,0,0,0,1,0,0,0,0,0,0,0,0,0,0,0,0,0,0,0,0,0,1,0,1
DVO,Amplify CWP Growth & Income ETF,Financial,Exchange Traded Fund,USA,,,30.31,-0.92%,270995.0,0,0,0,0,0,0,0,-1,0,0,0,0,0,0,0,0,0,0,0,0,0,0,0,0,0,0,0,0,0,1,1
EMM,State Street SPDR MSCI Emerging Markets StrategicFactors ETF,Financial,Exchange Traded Fund,USA,,,79.69,-1.43%,3171.0,0,0,0,0,0,0,0,0,0,0,1,0,0,0,0,0,0,0,0,0,0,0,0,0,-1,0,0,0,1,1,2
ETA,Quetta Acquisition Corp,Financial,Shell Companies,USA,40430000.0,48.74,11.6,-10.77%,709.0,0,0,0,0,0,1,0,0,0,0,0,0,0,0,0,0,0,0,0,0,0,0,0,0,0,0,0,0,1,0,1
FF,Qualivian Focus Fund ETF,Financial,Exchange Traded Fund,USA,,,24.56,-0.80%,9883.0,0,0,0,0,0,0,0,0,1,0,0,0,0,0,0,0,0,0,0,0,0,0,0,0,0,0,0,0,1,0,1
FLR,Innovator Nasdaq-100 Managed Floor ETF,Financial,Exchange Traded Fund,USA,,,36.37,-0.94%,32811.0,0,0,0,-1,0,0,0,0,0,0,0,0,0,0,0,0,0,0,0,0,0,0,0,0,0,0,0,0,0,1,1
FRD,Pacer S&P 500 Quality FCF R&D Leaders,Financial,Exchange Traded Fund,USA,,,31.15,-0.71%,256.0,0,0,0,0,0,0,0,0,0,0,0,0,0,0,0,0,0,1,0,0,0,0,0,0,0,0,0,0,1,0,1
GRW,WisdomTree U.S. Quality Growth Fund,Financial,Exchange Traded Fund,USA,,,69.74,-1.18%,389310.0,0,0,0,0,0,0,0,0,0,0,1,1,0,0,0,0,0,0,0,0,0,0,0,0,0,0,0,0,2,0,2
ID,ProShares UltraShort QQQ -2x Shares,Financial,Exchange Traded Fund,USA,,,12.93,2.78%,36042077.0,0,0,0,0,0,0,0,0,1,0,0,0,0,0,0,0,0,0,0,0,0,0,0,0,0,0,0,0,1,0,1
LEP,Quantum Leap Acquisition Corp,Financial,Shell Companies,USA,301290000.0,,10.05,0.00%,2575.0,0,0,0,0,0,0,0,0,0,0,0,0,0,0,0,0,0,0,0,0,0,0,-1,0,0,0,0,0,0,1,1
LTI,GMO International Quality ETF,Financial,Exchange Traded Fund,USA,,,26.58,-0.20%,26878.0,0,0,0,0,0,0,0,0,0,0,1,0,0,0,0,0,0,0,0,0,0,0,0,0,0,0,0,0,1,0,1
LVE,Northern Trust Emerging Markets Quality Low Volatility ETF,Financial,Exchange Traded Fund,USA,,,33.39,-1.50%,104.0,0,0,0,0,0,0,0,0,0,0,0,0,0,0,0,1,0,0,0,0,0,0,0,0,0,0,0,0,1,0,1
MCO,Quantum Corp,Technology,Computer Hardware,USA,1150000000.0,,29.18,-6.08%,1919372.0,0,0,0,0,0,0,0,-1,0,0,0,0,0,0,0,0,0,0,0,0,0,0,0,0,0,0,0,0,0,1,1
MID,WisdomTree U.S. MidCap Quality Growth Fund,Financial,Exchange Traded Fund,USA,,,29.17,0.89%,36.0,0,1,0,0,0,0,0,0,0,0,0,0,0,0,0,0,0,0,0,0,0,0,0,0,0,0,0,0,1,0,1
NC,Quantum eMotion Corp,Technology,Software - Infrastructure,Canada,337830000.0,,1.54,-1.28%,339368.0,0,0,0,0,0,0,0,0,1,0,0,0,0,0,0,0,0,0,0,0,0,0,0,0,0,0,0,0,1,0,1
NXT,iShares Nasdaq-100 ex Top 30 ETF,Financial,Exchange Traded Fund,USA,,,31.1,-0.41%,137.0,0,0,0,0,0,0,0,0,0,0,0,0,-1,0,0,0,0,0,0,0,0,0,0,0,0,0,-1,0,0,2,2
PUX,Defiance 2X Daily Long Pure Quantum ETF,Financial,Exchange Traded Fund,USA,,,10.19,-11.70%,931580.0,0,0,0,0,0,0,0,0,0,0,0,0,-1,0,0,0,0,0,0,0,0,0,0,1,0,0,0,0,1,1,2
PX,AdvisorShares Q Dynamic Growth ETF,Financial,Exchange Traded Fund,USA,,,48.6,-0.44%,689.0,0,0,0,0,0,0,0,0,0,0,1,1,0,0,0,0,0,0,0,0,0,0,-1,0,0,0,0,0,2,1,3
QHG,Invesco QQQ Hedged Advantage ETF,Financial,Exchange Traded Fund,USA,,,68.1,-0.84%,456.0,0,1,0,0,0,0,0,0,0,0,0,0,0,0,0,0,0,0,0,0,0,0,0,0,0,0,0,0,1,0,1
QQD,Direxion Daily Magnificent 7 Bear 1X ETF,Financial,Exchange Traded Fund,USA,,,11.61,1.00%,11735.0,0,0,0,0,0,0,0,0,1,0,0,0,0,0,0,0,0,0,0,0,0,0,0,0,0,0,0,0,1,0,1
QQP,Tradr 2X Long Innovation 100 Quarterly ETF,Financial,Exchange Traded Fund,USA,,,236.15,-2.72%,149.0,0,0,0,0,0,0,0,0,0,0,1,0,0,0,0,0,0,0,0,0,0,0,0,0,0,0,0,0,1,0,1
QQS,Invesco NASDAQ Future Gen 200 ETF,Financial,Exchange Traded Fund,USA,,,41.57,-1.09%,5424.0,0,0,0,0,0,0,0,-1,0,0,0,0,0,0,0,0,0,0,0,0,0,0,0,0,0,0,0,0,0,1,1
QQU,Direxion Daily Magnificent 7 Bull 2X ETF,Financial,Exchange Traded Fund,USA,,,64.2,-2.00%,20661.0,0,0,0,0,0,0,0,0,0,0,1,0,0,0,0,0,0,0,0,0,0,0,0,0,0,0,0,0,1,0,1
QQX,Nuveen NASDAQ 100 Dynamic Overwrite Fund,Financial,Closed-End Fund - Equity,USA,1520000000.0,,30.89,-0.06%,108345.0,0,0,0,0,0,0,0,0,0,0,0,0,0,0,0,1,0,0,0,0,0,0,0,0,0,0,0,0,1,0,1
QUP,ProShares Ultra QQQ Mega,Financial,Exchange Traded Fund,USA,,,66.63,-2.79%,193.0,0,0,0,0,0,0,0,-1,0,0,0,0,0,0,0,0,0,0,0,0,0,0,0,0,0,0,0,0,0,1,1
QWZ,Pacer Cash COWZ 100-Nasdaq 100 Rotator ETF,Financial,Exchange Traded Fund,USA,,,27.84,-1.39%,5795.0,0,0,0,0,0,0,0,0,0,0,1,0,0,0,0,0,0,0,0,0,0,0,0,0,-1,0,0,0,1,1,2
RMI,Global X NASDAQ 100 Risk Managed Income ETF,Financial,Exchange Traded Fund,USA,,,15.3,-0.10%,1760.0,0,0,0,0,0,0,0,0,0,0,0,0,-1,0,0,0,0,0,0,0,0,0,0,0,0,0,0,0,0,1,1
S,QuantumScape Corp,Consumer Cyclical,Auto Parts,USA,2840000000.0,,4.58,1.33%,22021623.0,0,0,0,0,0,0,0,0,1,0,0,0,0,0,0,0,0,0,0,0,0,0,0,0,0,0,0,0,1,0,1
SI,Quantum-Si Incorporated,Healthcare,Medical Devices,USA,267040000.00000003,,1.22,-4.69%,5851471.0,0,0,0,0,0,0,0,0,0,0,0,0,0,0,0,0,0,0,0,0,0,0,0,1,0,0,0,0,1,0,1
SIX,Pacer Metaurus Nasdaq 100 Dividend Multiplier 600 ETF,Financial,Exchange Traded Fund,USA,,,43.66,-1.29%,955.0,0,0,0,0,0,0,0,0,0,0,0,0,0,0,0,1,0,0,0,0,0,0,0,0,0,0,0,0,1,0,1
SR,Restaurant Brands International Inc,Consumer Cyclical,Restaurants,USA,32119999999.999996,20.88,70.66,1.77%,3693122.0,0,0,0,0,0,0,0,0,0,0,1,0,0,0,0,0,0,0,0,0,1,0,-1,0,0,0,0,0,2,1,3
TAC,Q3 All-Season Tactical Advantage ETF,Financial,Exchange Traded Fund,USA,,,25.82,-1.89%,4118.0,0,0,0,0,0,0,0,0,1,0,0,0,0,0,0,0,0,0,0,0,0,0,0,0,0,0,0,0,1,0,1
TEC,First Trust NASDAQ-100 Technology Sector Index Fund,Financial,Exchange Traded Fund,USA,,,329.21,-1.97%,268738.0,0,0,0,0,0,0,0,0,0,0,0,0,0,0,0,0,0,0,0,0,0,0,0,0,-1,0,0,0,0,1,1
TPI,North Square Tax-Adv Preferred Income,Financial,Exchange Traded Fund,USA,,,24.72,0.32%,1365.0,0,0,0,0,0,0,0,0,1,0,0,0,0,0,0,0,0,0,0,0,0,0,0,0,0,0,0,0,1,0,1
TRX,Quanterix Corp,Healthcare,Medical Devices,USA,151810000.0,,3.21,-3.46%,607388.0,0,0,0,0,0,0,0,0,0,0,0,0,-1,0,0,0,0,0,0,0,0,0,0,0,0,1,0,0,1,1,2
TUM,Defiance Quantum ETF,Financial,Exchange Traded Fund,USA,,,150.89,-2.30%,316562.0,0,0,0,0,0,0,0,0,0,0,0,0,0,0,0,1,0,0,0,0,0,0,0,0,0,0,0,0,1,0,1
UAD,Quad/Graphics Inc,Industrials,Specialty Business Services,USA,488730000.0,15.14,9.49,1.93%,210131.0,0,0,0,0,0,1,0,0,0,0,0,0,0,0,0,0,0,0,0,0,0,0,0,0,0,0,0,0,1,0,1
UBX,Tradr 2X Long QUBT Daily ETF,Financial,Exchange Traded Fund,USA,,,21.56,-5.73%,31977.0,0,0,0,0,0,0,0,0,0,0,0,0,-1,-1,0,0,0,0,0,0,0,0,0,0,0,0,0,0,0,2,2
USA,VistaShares Target 15 USA Quality Income ETF,Financial,Exchange Traded Fund,USA,,,17.79,-0.32%,17646.0,0,0,0,0,0,0,0,0,0,0,0,0,-1,0,0,0,0,0,0,0,0,0,0,0,0,0,0,0,0,1,1
XL,Quantum X Labs Inc,Technology,Information Technology Services,Israel,89500000.0,,4.15,3.23%,16449.0,0,1,0,0,0,1,0,0,0,0,0,0,-1,0,0,0,0,0,0,0,0,0,0,0,0,0,-1,0,2,2,4
XO,QXO Inc,Industrials,Industrial Distribution,USA,11540000000.0,,11.12,-1.68%,36025901.0,0,0,0,0,0,1,0,0,0,0,0,0,0,0,0,0,0,0,0,0,0,0,0,0,0,0,0,0,1,0,1
AA,SMI 3Fourteen REAL Asset Allocation ETF,Financial,Exchange Traded Fund,USA,,,30.21,0.01%,37764.0,0,0,0,0,0,0,0,0,0,0,1,0,0,0,0,0,0,0,0,0,0,0,-1,0,0,0,0,0,1,1,2
AAA,Reckoner Yield Enhanced AAA CLO ETF,Financial,Exchange Traded Fund,USA,,,25.07,0.03%,6156.0,0,0,0,0,0,0,0,0,0,0,0,0,0,0,0,1,0,0,0,0,0,0,0,0,0,0,0,0,1,0,1
AAX,VanEck Real Assets ETF,Financial,Exchange Traded Fund,USA,,,40.49,0.50%,179365.0,0,0,0,0,0,0,0,0,0,0,0,0,-1,0,0,0,0,0,0,0,0,0,0,0,0,0,0,0,0,1,1
ACD,Research Alliance Corp IV,Financial,Shell Companies,USA,107880000.0,,11.8,3.42%,12.0,0,0,0,0,0,0,0,0,1,0,0,0,0,0,0,0,0,0,0,0,0,0,0,0,0,0,0,0,1,0,1
ACK,VanEck Data Center Supply Chain ETF,Financial,Exchange Traded Fund,USA,,,49.27,-2.92%,33322.0,0,0,0,0,0,0,0,0,0,0,1,0,0,0,0,0,0,0,0,0,0,0,0,0,0,0,0,0,1,0,1
AFE,Pimco Rafi ESG U.S. ETF,Financial,Exchange Traded Fund,USA,,,49.5,0.22%,11544.0,0,0,0,-1,0,0,0,0,0,0,0,0,0,0,0,0,0,0,0,0,0,0,0,0,0,0,0,0,0,1,1
AIN,Rain Enhancement Technologies Holdco Inc,Industrials,Pollution & Treatment Controls,USA,8590000.0,,0.73,-1.49%,90281.0,0,0,0,0,0,0,0,0,1,0,0,0,0,0,0,0,0,0,0,0,0,0,0,0,0,0,0,0,1,0,1
AL,Ralliant Corp,Technology,Electronic Components,USA,7950000000.0,,71.86,-1.44%,3091480.0,0,0,0,0,0,0,0,0,0,0,0,0,0,0,0,0,0,0,0,0,0,0,-1,0,0,0,0,0,0,1,1
AM,Roundhill T-REX 2X Long DRAM Daily Target ETF,Financial,Exchange Traded Fund,USA,,,12.13,-10.08%,11208853.0,0,1,0,0,0,0,0,0,0,0,1,1,0,0,0,0,0,0,0,0,1,0,0,0,0,0,0,0,4,0,4
AMZ,T-REX 2X Inverse DRAM Daily Target ETF,Financial,Exchange Traded Fund,USA,,,15.36,10.34%,586659.0,0,0,0,0,0,0,0,0,1,0,0,0,0,0,0,0,0,0,0,0,0,0,0,0,0,0,0,0,1,0,1
ANI,Rani Therapeutics Holdings Inc,Healthcare,Biotechnology,USA,110400000.0,,0.79,-2.48%,453403.0,0,0,0,0,0,0,0,0,1,0,0,0,0,0,0,0,0,0,0,0,0,0,0,0,0,0,0,0,1,0,1
ANK,Defiance KSM TipRanks Analyst ETF,Financial,Exchange Traded Fund,USA,,,19.48,-1.10%,1841.0,0,0,0,0,0,0,0,0,0,0,0,0,0,0,0,1,0,0,0,0,0,0,0,0,0,0,0,0,1,0,1
AUS,RACWI US ETF,Financial,Exchange Traded Fund,USA,,,30.4,-0.48%,3523.0,0,0,0,0,0,0,0,0,0,0,1,0,0,0,0,0,0,0,0,0,0,0,0,0,-1,0,0,0,1,1,2
AVI,Northern Trust Ultra-Short Fixed Income ETF,Financial,Exchange Traded Fund,USA,,,75.05,0.03%,39113.0,0,1,0,-1,0,0,0,0,0,0,0,0,0,0,0,0,0,0,0,0,0,0,0,0,0,0,0,0,1,1,2
BB,RBB Bancorp,Financial,Banks - Regional,USA,437790000.0,10.65,25.88,0.08%,69825.0,0,0,0,0,0,0,0,0,0,0,0,0,-1,0,0,0,0,0,0,0,0,0,0,0,0,0,0,0,0,1,1
BC,RBC Bearings Inc,Industrials,Tools & Accessories,USA,15540000000.0,48.52,490.99,-1.95%,263983.0,0,0,0,0,0,0,0,0,1,0,0,0,0,0,0,0,0,0,0,0,0,0,0,0,0,0,0,0,1,0,1
BIL,F/m Ultrashort Treasury Inflation-Protected Security (TIPS) ETF,Financial,Exchange Traded Fund,USA,,,50.06,0.09%,42930.0,0,0,0,0,0,0,0,0,0,0,0,0,-1,-1,0,0,0,0,0,0,0,0,0,0,0,0,0,0,0,2,2
BLD,First Trust Alerian U.S. NextGen Infrastructure ETF,Financial,Exchange Traded Fund,USA,,,84.51,-0.22%,582.0,0,1,0,0,0,0,0,0,0,0,0,0,0,0,0,0,0,0,0,0,0,0,0,0,-1,0,0,0,1,1,2
BLX,Roblox Corp,Communication Services,Electronic Gaming & Multimedia,USA,32520000000.000004,,45.52,-1.92%,14565274.0,0,0,0,0,0,0,0,0,0,0,0,0,0,0,0,0,0,0,0,-1,0,0,0,0,0,0,0,0,0,1,1
BUF,Innovator U.S. Small Cap 10 Buffer ETF - Quarterly,Financial,Exchange Traded Fund,USA,,,31.04,0.00%,33573.0,0,0,0,0,0,0,0,0,0,0,0,0,-1,0,0,0,0,0,0,0,0,0,0,0,0,0,0,0,0,1,1
CAT,Red Cat Holdings Inc,Industrials,Aerospace & Defense,USA,902540000.0,,5.91,-3.90%,6442597.0,0,0,0,0,0,0,0,0,1,0,0,0,0,0,0,0,0,0,0,0,0,0,0,0,0,0,0,0,1,0,1
CAX,Defiance Daily Target 2x Long RCAT ETF,Financial,Exchange Traded Fund,USA,,,6.92,-8.21%,82772.0,0,0,0,0,0,0,0,0,1,0,0,0,0,0,0,0,0,0,0,0,0,0,0,0,0,0,0,0,1,0,1
CS,PIMCO Strategic Income Fund Inc,Financial,Closed-End Fund - Debt,USA,238620000.0,,5.04,0.60%,90651.0,0,1,0,0,0,0,0,0,0,0,0,0,0,0,0,0,0,0,0,0,0,0,0,0,0,0,0,0,1,0,1
CTR,First Trust Bloomberg Nuclear Power ETF,Financial,Exchange Traded Fund,USA,,,32.24,-2.04%,3640.0,0,0,0,0,0,1,0,0,1,0,0,0,0,0,0,0,0,0,0,0,0,0,0,0,0,0,0,0,2,0,2
DAC,Rising Dragon Acquisition Corp,Financial,Shell Companies,China,18660000.0,39.4,5.43,-3.12%,12578.0,0,0,0,0,0,0,0,0,0,0,0,0,-1,-1,0,0,0,0,0,0,0,0,0,0,0,0,0,0,0,2,2
DFI,Rareview Dynamic Fixed Income ETF,Financial,Exchange Traded Fund,USA,,,21.32,0.15%,5214.0,0,1,0,0,0,0,0,0,0,0,0,0,0,0,0,0,0,0,0,0,0,0,0,0,0,0,0,0,1,0,1
DNW,RideNow Group Inc,Consumer Cyclical,Auto & Truck Dealerships,USA,187640000.0,,4.81,-1.43%,57053.0,0,0,0,0,0,0,0,0,1,0,0,0,0,0,0,0,0,0,0,0,0,0,0,0,0,0,-1,0,1,1,2
DOG,ALPS REIT Dividend Dogs ETF,Financial,Exchange Traded Fund,USA,,,37.62,0.46%,68.0,0,0,0,0,0,0,0,0,0,0,0,0,-1,0,0,0,0,0,0,0,0,0,0,0,0,0,0,0,0,1,1
DTL,GraniteShares 2x Long RDDT Daily ETF,Financial,Exchange Traded Fund,USA,,,13.52,4.97%,543503.0,0,0,0,0,0,0,0,0,0,0,0,0,-1,0,0,0,0,0,0,0,0,0,0,0,0,0,0,0,0,1,1
DTY,YieldMax R2000 0DTE Covered Strategy ETF,Financial,Exchange Traded Fund,USA,,,34.45,-0.00%,9208.0,0,1,0,0,0,0,0,0,0,0,0,0,0,0,0,0,0,0,0,0,0,0,0,0,0,0,0,0,1,0,1
DVT,Red Violet Inc,Technology,Software - Application,USA,1280000000.0,70.71,79.86,2.58%,214667.0,0,0,0,0,0,0,0,-1,0,0,0,0,0,0,0,0,0,0,0,0,0,0,0,0,0,0,0,0,0,1,1
DW,Redwire Corp,Industrials,Aerospace & Defense,USA,2440000000.0,,9.76,-4.69%,11155321.0,0,0,0,0,0,0,0,0,0,0,0,0,0,0,0,0,0,0,0,0,0,0,0,0,0,0,-1,0,0,1,1
DY,Dr. Reddy's Laboratories Ltd ADR,Healthcare,Drug Manufacturers - Specialty & Generic,India,10160000000.0,27.41,12.2,-0.57%,3834323.0,0,0,0,0,0,0,0,0,1,0,0,0,0,0,0,0,0,0,0,0,0,0,0,1,0,0,0,0,2,0,2
DYY,YieldMax RDDT Option Income Strategy ETF,Financial,Exchange Traded Fund,USA,,,15.28,0.16%,17156.0,0,1,0,0,0,0,0,0,0,0,0,0,0,0,0,0,0,0,0,0,0,0,0,0,0,0,0,0,1,0,1
DZN,Roadzen Inc,Technology,Software - Application,USA,95390000.0,,1.12,-5.88%,315396.0,0,0,0,0,0,0,0,0,0,0,0,0,0,0,0,1,0,0,0,0,0,0,0,0,0,0,0,0,1,0,1
EAL,Therealreal Inc,Consumer Cyclical,Luxury Goods,USA,1170000000.0,,9.62,2.34%,5397160.0,0,0,0,0,0,0,0,0,0,0,0,0,-1,0,0,0,0,0,0,0,0,0,0,0,0,0,0,0,0,1,1
EAX,Real REMAX Group Inc,Real Estate,Real Estate Services,USA,624510000.0,,17.08,4.85%,717723.0,0,0,0,0,0,0,0,0,0,0,0,0,0,0,0,0,0,0,0,0,0,0,0,0,0,1,0,0,1,0,1
ECI,Columbia Research Enhanced Core Premium Income ETF,Financial,Exchange Traded Fund,USA,,,20.54,0.39%,13.0,0,0,0,0,0,0,0,0,0,0,1,0,0,0,0,0,0,0,0,0,0,0,-1,0,0,0,0,0,1,1,2
ECS,Columbia Research Enhanced Core ETF,Financial,Exchange Traded Fund,USA,,,45.75,0.11%,750443.0,0,0,0,0,0,0,0,0,0,0,0,0,0,0,0,0,0,0,0,0,0,0,-1,0,0,0,0,0,0,1,1
ECT,Rectitude Holdings Ltd,Consumer Cyclical,Specialty Retail,Singapore,19040000.0,8.27,1.23,-1.60%,3058.0,0,0,0,0,0,0,0,0,0,0,1,0,0,0,0,0,0,0,0,0,0,0,0,0,0,0,0,0,1,0,1
EFR,Research Frontiers Inc,Technology,Electronic Components,USA,21710000.0,,0.62,-8.95%,107389.0,0,0,0,0,0,0,0,0,0,0,0,0,0,0,0,0,0,0,0,0,0,0,0,0,0,1,0,0,1,0,1
EGS,Columbia Large Cap Growth ETF,Financial,Exchange Traded Fund,USA,,,11.73,-0.98%,61878.0,0,0,0,0,0,0,0,0,0,0,1,1,0,0,0,0,0,0,0,0,0,0,0,0,-1,0,0,0,2,1,3
ELL,Richardson Electronics Ltd,Technology,Electronic Components,USA,292780000.0,32.28,19.97,-0.15%,1099486.0,0,1,0,0,0,1,0,0,0,0,0,0,0,0,0,0,0,0,0,0,0,0,0,0,0,0,0,0,2,0,2
EMX,VanEck Rare Earth/Strategic Metals ETF,Financial,Exchange Traded Fund,USA,,,60.58,-2.10%,922753.0,0,0,0,0,0,0,0,0,1,0,0,0,0,0,0,0,0,0,0,0,0,0,0,0,0,0,0,0,1,0,1
ENT,Rent the Runway Inc,Consumer Cyclical,Apparel Retail,USA,61810000.0,0.14,1.83,8.93%,193466.0,0,0,0,0,0,0,0,0,1,0,0,0,0,0,0,0,0,0,0,0,0,0,0,0,0,0,0,0,1,0,1
EPX,Riley Exploration Permian Inc,Energy,Oil & Gas E&P,USA,988950000.0,8.21,44.64,3.31%,210517.0,0,0,0,-1,0,0,0,0,0,0,0,0,0,0,0,0,0,0,0,0,0,0,0,0,0,0,0,0,0,1,1
ES,RPC Inc,Energy,Oil & Gas Equipment & Services,USA,1330000000.0,59.88,6.0,1.01%,2535700.0,0,0,0,0,0,0,0,0,1,0,0,0,0,0,0,0,0,0,0,0,0,0,0,0,0,0,0,0,1,0,1
EX,REX American Resources Corp,Basic Materials,Chemicals,USA,1490000000.0,12.3,44.84,1.20%,244303.0,0,0,0,0,0,0,0,0,0,0,0,0,-1,0,0,0,0,0,0,0,0,0,0,0,0,0,0,0,0,1,1
EXC,Sprott Rare Earths Ex-China ETF,Financial,Exchange Traded Fund,USA,,,14.79,-2.44%,86165.0,0,0,0,-1,0,0,0,0,0,0,0,0,0,0,0,1,0,0,0,0,0,0,0,0,0,0,0,0,1,1,2
FFC,ALPS Active Equity Opportunity ETF,Financial,Exchange Traded Fund,USA,,,77.01,-0.20%,4812.0,0,0,0,-1,0,0,0,0,0,0,1,0,0,0,0,0,0,1,0,0,0,0,0,0,0,0,0,0,2,1,3
FG,Invesco S&P MidCap 400 Pure Growth ETF,Financial,Exchange Traded Fund,USA,,,59.53,-0.51%,9284.0,0,0,0,0,0,0,0,0,0,0,0,0,-1,0,0,0,0,0,0,0,1,0,-1,0,0,0,0,0,1,2,3
FIX,Simplify Bond Bull ETF,Financial,Exchange Traded Fund,USA,,,36.32,0.14%,1242660.0,0,0,0,0,0,0,0,0,0,0,0,0,-1,-1,0,0,0,0,0,0,0,0,0,0,0,0,0,0,0,2,2
FL,Rafael Holdings Inc,Real Estate,Real Estate Services,USA,76980000.0,,1.48,0.00%,148622.0,0,0,0,0,0,0,0,0,1,0,0,0,0,0,0,0,0,0,0,0,0,0,0,0,0,0,0,0,1,0,1
FLR,Innovator U.S. Small Cap Managed Floor ETF,Financial,Exchange Traded Fund,USA,,,31.42,0.09%,8752.0,0,0,0,0,0,0,0,0,1,0,0,0,0,0,0,0,0,0,0,0,0,0,0,0,0,0,0,0,1,0,1
GP,Resources Connection Inc,Industrials,Consulting Services,USA,103750000.0,,2.99,-20.05%,1701994.0,0,0,0,0,0,0,0,0,0,0,1,1,0,0,0,0,0,0,0,0,0,0,0,0,0,0,0,0,2,0,2
GR,"Sturm, Ruger & Co Inc",Industrials,Aerospace & Defense,USA,696810000.0,58.66,43.61,-0.77%,402695.0,0,0,0,0,0,0,0,0,1,1,0,0,0,0,0,0,0,0,0,0,0,0,0,0,0,0,0,0,2,0,2
GS,Regis Corp,Consumer Cyclical,Personal Services,USA,73500000.0,12.17,29.4,-1.01%,1684.0,0,0,0,0,0,0,0,0,0,0,1,1,0,0,0,0,0,0,0,0,0,0,0,0,-1,0,0,0,2,1,3
GTI,Rigetti Computing Inc,Technology,Computer Hardware,USA,4720000000.0,,14.14,-3.08%,17205367.0,0,0,0,0,0,0,0,0,0,0,0,0,-1,0,0,0,0,0,0,0,0,0,0,1,0,0,0,0,1,1,2
HP,Ryman Hospitality Properties Inc,Real Estate,REIT - Hotel & Motel,USA,8180000000.0,29.46,119.95,0.55%,556832.0,0,0,0,0,0,0,0,0,0,0,0,0,-1,0,0,0,0,0,0,0,1,0,0,0,0,0,0,0,1,1,2
HRX,Adaptive Tactical Rotation ETF,Financial,Exchange Traded Fund,USA,,,21.71,-0.39%,1129.0,0,0,0,0,0,0,0,0,0,0,0,0,-1,0,0,0,0,0,0,0,0,0,0,0,0,0,0,0,0,1,1
HTX,RH Tactical Outlook ETF,Financial,Exchange Traded Fund,USA,,,19.85,-0.18%,20.0,0,0,0,0,0,0,0,0,0,0,1,0,0,0,0,0,0,0,0,0,1,0,0,0,0,0,0,0,2,0,2
IGL,Rigel Pharmaceuticals,Healthcare,Biotechnology,USA,910090000.0,2.98,48.72,1.52%,216848.0,0,0,0,0,0,0,0,0,0,0,1,0,0,0,0,0,0,0,0,0,0,0,0,0,0,0,0,0,1,0,1
INF,ProShares Inflation Expectations ETF,Financial,Exchange Traded Fund,USA,,,32.6,-0.40%,6072.0,0,0,0,0,0,0,0,0,0,0,1,0,0,0,0,0,0,0,0,0,0,0,-1,0,0,0,0,0,1,1,2
ISR,FolioBeyond Alternative Income and Interest Rate Hedge ETF,Financial,Exchange Traded Fund,USA,,,37.23,0.05%,184160.0,0,0,0,0,0,0,0,-1,0,0,0,0,0,0,0,0,0,0,0,0,0,0,0,0,0,0,0,0,0,1,1
ITM,Rithm Capital Corp,Real Estate,REIT - Mortgage,USA,4810000000.0,14.35,8.62,1.06%,9146233.0,0,0,0,0,0,0,0,0,0,0,1,0,0,0,0,0,0,0,0,0,0,0,0,0,0,0,0,0,1,0,1
IV,RiverNorth Opportunities Fund Inc,Financial,Closed-End Fund - Equity,USA,278100000.0,,10.25,-0.87%,91431.0,0,0,0,0,0,0,0,0,1,0,0,0,0,0,0,0,0,0,0,0,0,0,0,0,0,0,0,0,1,0,1
IZE,Principal Inflation Protection ETF,Financial,Exchange Traded Fund,USA,,,24.37,0.04%,12.0,0,0,0,0,0,0,0,0,1,0,0,0,0,0,0,0,0,0,0,0,0,0,0,0,0,0,0,0,1,0,1
JET,Republic Airways Holdings Inc,Industrials,Airlines,USA,810450000.0,,17.31,-2.37%,79474.0,0,1,0,0,0,1,0,0,0,0,0,0,-1,-1,0,0,0,0,0,0,0,0,0,0,0,0,0,0,2,2,4
JMI,RJ Eagle Municipal Income ETF,Financial,Exchange Traded Fund,USA,,,23.9,0.09%,21993.0,0,0,0,0,0,0,0,0,1,0,0,0,0,0,0,0,0,0,0,0,0,0,0,0,0,0,0,0,1,0,1
KT,Rocket Companies Inc,Financial,Mortgage Finance,USA,33299999999.999996,78.24,11.76,2.80%,43003249.0,0,0,0,0,0,0,0,0,0,0,0,0,-1,-1,0,0,0,0,0,0,0,0,0,0,0,0,0,0,0,2,2
KTO,Rocket One Inc,Technology,Software - Infrastructure,USA,16079999.999999998,,0.65,-3.57%,262321.0,0,0,0,0,0,0,0,0,0,0,0,0,0,0,0,0,0,0,0,0,0,0,0,0,0,1,0,0,1,0,1
KX,Corgi RKLB 2x Daily ETF,Financial,Exchange Traded Fund,USA,,,10.28,-9.38%,38542.0,0,0,0,0,0,0,0,0,0,0,0,0,-1,0,0,0,0,0,0,0,0,0,0,0,0,0,0,0,0,1,1
LAY,Relay Therapeutics Inc,Healthcare,Biotechnology,USA,3820000000.0,,17.41,-3.01%,4332962.0,0,0,0,0,0,0,0,0,1,0,0,0,0,0,0,0,0,0,0,0,0,0,-1,0,0,0,0,0,1,1,2
LX,RLX Technology Inc ADR,Consumer Defensive,Tobacco,China,1570000000.0,15.69,1.72,-0.58%,1079766.0,0,0,0,-1,0,0,0,0,1,0,0,0,0,0,0,0,0,0,0,0,0,0,0,0,0,0,0,0,1,1,2
LYB,Rallybio Corp,Healthcare,Biotechnology,USA,90230000.0,2.17,16.99,0.35%,7879.0,0,0,0,0,0,0,0,0,0,0,0,0,0,0,0,0,0,0,0,0,0,0,0,0,-1,0,0,0,0,1,1
MBI,Richmond Mutual Bancorporation Inc,Financial,Banks - Regional,USA,257420000.00000003,12.62,15.36,0.92%,39409.0,0,1,0,0,0,0,0,0,0,0,0,0,0,0,0,0,0,0,0,0,0,0,0,0,0,0,0,0,1,0,1
MI,RiverNorth Opportunistic Municipal Income Fund Inc,Financial,Closed-End Fund - Debt,USA,87340000.0,7.58,13.69,0.15%,24290.0,0,1,0,0,0,0,0,0,0,0,0,0,0,0,0,0,0,0,0,0,0,0,0,0,0,0,0,0,1,0,1
MME,Rareview Government Money Market ETF,Financial,Exchange Traded Fund,USA,,,100.13,0.01%,6.0,0,1,0,0,0,1,0,0,0,0,0,0,-1,-1,0,0,0,0,0,0,0,0,0,0,0,0,0,0,2,2,4
NAC,Cartesian Therapeutics Inc,Healthcare,Biotechnology,USA,206350000.0,,6.82,2.10%,214397.0,0,0,0,0,0,0,0,0,0,0,0,0,0,0,0,0,0,0,0,0,0,0,-1,0,0,0,0,0,0,1,1
ND,First Trust Bloomberg R&D Leaders ETF,Financial,Exchange Traded Fund,USA,,,33.88,-1.18%,2560.0,0,0,0,0,0,0,0,-1,0,0,0,0,0,0,0,0,0,0,0,0,0,0,0,0,0,0,0,0,0,1,1
NR,RenaissanceRe Holdings Ltd,Financial,Insurance - Reinsurance,Bermuda,13770000000.0,5.69,331.34,2.57%,464489.0,0,0,0,0,0,0,0,-1,0,0,0,0,0,0,0,0,0,0,0,0,0,0,0,0,0,0,0,0,0,1,1
NTX,Rein Therapeutics Inc,Healthcare,Biotechnology,USA,66370000.00000001,,0.77,-2.46%,477617.0,0,0,0,0,0,0,0,0,1,0,0,0,0,0,0,0,0,0,0,0,0,0,0,0,0,0,0,0,1,0,1
NXT,RenovoRx Inc,Healthcare,Biotechnology,USA,60020000.0,,1.33,-2.92%,438650.0,0,1,0,0,0,0,0,0,0,0,0,0,0,0,0,0,0,0,0,0,0,0,0,0,0,0,0,0,1,0,1
OAD,Construction Partners Inc,Industrials,Engineering & Construction,USA,5010000000.0,34.75,88.33,-0.43%,566076.0,0,0,0,0,0,0,0,0,1,0,0,0,0,0,0,0,0,0,0,0,0,0,0,0,0,0,0,0,1,0,1
OBT,First Trust Nasdaq Artificial Intelligence and Robotics ETF,Financial,Exchange Traded Fund,USA,,,59.18,-1.50%,39550.0,0,0,0,0,0,0,0,-1,0,0,0,0,0,0,0,0,0,0,0,0,0,0,0,0,0,0,0,0,0,1,1
OCY,JPMorgan Equity Premium Yield ETF,Financial,Exchange Traded Fund,USA,,,55.39,-0.29%,150124.0,0,0,0,0,0,1,0,0,0,0,0,0,0,0,0,0,0,0,0,0,0,0,0,0,0,0,0,0,1,0,1
ODM,Hartford Multifactor Developed Markets (ex-US) ETF,Financial,Exchange Traded Fund,USA,,,40.72,0.42%,73095.0,0,0,0,0,0,0,0,-1,0,0,0,0,0,0,0,0,0,0,0,0,0,0,0,0,0,0,0,0,0,1,1
OK,Rockwell Automation Inc,Industrials,Specialty Industrial Machinery,USA,48210000000.0,40.69,434.14,-1.76%,961822.0,0,0,0,0,0,0,0,0,1,0,0,0,0,0,0,0,0,0,0,0,0,0,0,0,0,0,0,0,1,0,1
OL,Rollins Inc,Consumer Cyclical,Personal Services,USA,15520000000.0,29.28,32.26,4.50%,13661912.0,0,0,0,0,0,0,0,0,0,0,0,0,0,0,0,0,0,0,0,-1,0,0,0,0,0,0,0,0,0,1,1
OMA,Roma Green Finance Ltd,Industrials,Consulting Services,Hong Kong,497960000.0,,8.63,-1.82%,162.0,0,0,0,0,0,0,0,0,0,0,1,0,0,0,0,0,0,0,0,0,0,0,0,0,-1,0,0,0,1,1,2
ONB,Baron First Principles ETF,Financial,Exchange Traded Fund,USA,,,24.68,-1.04%,173137.0,0,0,0,0,0,0,0,0,1,0,1,0,0,0,0,0,0,0,0,0,0,0,0,0,0,0,0,0,2,0,2
PAR,RPAR Risk Parity ETF,Financial,Exchange Traded Fund,USA,,,21.24,0.57%,802.0,0,0,0,0,0,0,0,0,0,0,0,0,-1,-1,0,0,0,0,0,0,0,0,0,0,0,0,0,0,0,2,2
PAY,Repay Holdings Corp,Technology,Software - Infrastructure,USA,341270000.0,,3.87,1.57%,378227.0,0,1,0,0,0,0,0,0,0,0,0,0,-1,0,0,0,0,0,0,0,0,0,0,0,0,0,0,0,1,1,2
PG,Invesco S&P 500 Pure Growth ETF,Financial,Exchange Traded Fund,USA,,,59.02,-1.45%,248237.0,0,0,0,0,0,0,0,0,0,0,0,0,0,0,0,1,0,0,0,0,0,0,0,0,0,0,0,0,1,0,1
PRX,Royalty Pharma plc,Healthcare,Biotechnology,USA,32320000000.0,29.92,56.21,-0.97%,2847237.0,0,0,0,0,0,1,0,0,0,0,0,0,0,0,0,0,0,1,0,0,0,0,0,0,0,0,0,0,2,0,2
PT,Rithm Property Trust Inc,Real Estate,REIT - Mortgage,USA,84170000.0,,10.83,1.12%,39517.0,0,0,0,0,0,0,0,0,0,0,0,0,0,0,0,0,0,0,0,-1,0,0,0,0,0,0,0,0,0,1,1
RBI,Red River Bancshares Inc,Financial,Banks - Regional,USA,670590000.0,14.67,101.85,1.63%,70086.0,0,0,0,0,0,0,0,-1,0,0,0,0,0,0,0,0,0,0,0,0,0,0,0,0,0,0,0,0,0,1,1
RC,Range Resources Corp,Energy,Oil & Gas E&P,USA,9530000000.0,11.25,40.77,2.36%,3255896.0,0,0,0,0,0,0,0,0,0,0,0,0,0,0,0,1,0,0,0,0,0,0,0,0,0,0,0,0,1,0,1
SBT,Return Stacked Bonds & Managed Futures ETF,Financial,Exchange Traded Fund,USA,,,19.51,0.10%,19071.0,0,1,0,0,0,0,0,0,0,0,0,0,0,0,0,0,0,0,0,0,1,1,0,0,0,0,0,0,3,0,3
SBY,Return Stacked Bonds & Futures Yield ETF,Financial,Exchange Traded Fund,USA,,,18.23,0.72%,2913.0,0,0,0,-1,0,0,0,0,0,0,0,0,-1,0,0,0,0,0,0,0,0,0,0,0,0,0,0,0,0,2,2
SEE,Rareview Systematic Equity ETF,Financial,Exchange Traded Fund,USA,,,39.02,-0.96%,11529.0,0,1,0,0,0,0,0,0,0,0,0,0,0,0,0,0,0,0,0,0,0,0,0,0,0,0,0,0,1,0,1
SF,RiverNorth Capital and Income Fund,Financial,Asset Management,USA,49060000.0,10.43,14.18,-0.14%,9056.0,0,0,0,0,0,0,0,0,0,0,0,0,-1,0,0,0,0,0,0,0,0,0,0,0,0,0,0,0,0,1,1
SMC,Rockefeller U.S. Small-Mid Cap ETF,Financial,Exchange Traded Fund,USA,,,27.51,0.03%,14945.0,0,0,0,0,0,0,0,0,1,0,0,0,0,0,0,0,0,0,0,0,0,0,0,0,0,0,0,0,1,0,1
SMV,Relative Strength Managed Volatility Strategy ETF,Financial,Exchange Traded Fund,USA,,,28.91,-0.34%,2259.0,0,0,0,0,0,0,0,0,0,0,0,0,0,0,0,0,0,0,0,0,0,0,-1,0,0,0,0,0,0,1,1
SPM,Invesco S&P 500 Equal Weight Materials ETF,Financial,Exchange Traded Fund,USA,,,37.4,0.56%,14192.0,0,0,0,0,0,0,0,0,0,0,1,0,0,0,0,0,0,0,0,0,0,0,0,0,0,0,0,0,1,0,1
SSS,Research Solutions Inc,Technology,Software - Application,USA,68540000.0,23.41,2.03,0.50%,37050.0,0,0,0,0,0,0,0,0,1,1,0,0,0,0,0,0,0,0,0,0,0,0,0,0,0,0,0,0,2,0,2
TB,RTB Digital Inc,Technology,Software - Application,USA,117110000.0,,8.36,-0.83%,45737.0,0,0,0,0,0,0,0,0,1,0,0,0,0,0,0,0,0,0,0,0,0,0,-1,0,0,0,0,0,1,1,2
ULE,Adaptive Core ETF,Financial,Exchange Traded Fund,USA,,,30.89,-0.94%,1143.0,0,0,0,0,0,0,0,0,1,0,0,0,0,0,0,0,0,0,0,0,0,0,0,0,0,0,0,0,1,0,1
UN,Sunrun Inc,Technology,Solar,USA,1830000000.0,5.1,7.59,-0.26%,8691524.0,0,0,0,0,0,0,0,0,1,0,0,0,0,0,0,0,0,0,0,0,0,0,0,0,0,0,0,0,1,0,1
USC,Russell Investments U.S. Small Cap Equity ETF,Financial,Exchange Traded Fund,USA,,,36.24,0.05%,3518.0,0,0,0,0,0,0,0,0,1,0,0,0,0,0,0,0,0,0,0,0,0,0,0,0,0,0,0,0,1,0,1
VNL,GraniteShares 2x Long RIVN Daily ETF,Financial,Exchange Traded Fund,USA,,,19.36,0.36%,98119.0,0,1,0,0,0,0,0,0,0,0,0,0,0,0,0,0,0,0,0,0,0,0,0,0,0,0,0,0,1,0,1
VP,Retractable Technologies Inc,Healthcare,Medical Instruments & Supplies,USA,19820000.0,,0.66,-4.17%,115451.0,0,1,0,-1,0,0,0,0,0,0,0,0,0,0,0,0,0,1,0,0,0,0,0,0,0,0,0,0,2,1,3
VSB,Riverview Bancorp Inc,Financial,Banks - Regional,USA,119320000.0,,5.98,2.22%,136134.0,0,1,0,0,0,0,0,0,0,0,0,0,0,0,0,0,0,0,0,0,1,0,-1,0,0,0,0,0,2,1,3
VSN,Rail Vision Ltd,Industrials,Railroads,Israel,7750000.0,,3.54,0.19%,6990.0,0,0,0,0,0,0,0,0,0,0,0,0,-1,0,0,0,0,0,0,0,0,0,0,0,0,0,0,0,0,1,1
WEM,Rayliant NxtGen Multifactor Emerging Markets Equity ETF,Financial,Exchange Traded Fund,USA,,,35.38,-1.24%,5184.0,0,0,0,0,0,0,0,0,0,0,0,0,-1,0,0,0,0,0,0,0,0,0,0,0,0,0,0,0,0,1,1
WL,Invesco S&P 500 Revenue ETF,Financial,Exchange Traded Fund,USA,,,131.91,0.61%,324242.0,0,0,0,-1,0,0,0,0,0,0,0,0,0,0,0,0,0,0,0,0,0,0,-1,0,0,0,0,0,0,2,2
WLC,Rayliant NxtGen Multifactor US Equity ETF,Financial,Exchange Traded Fund,USA,,,39.47,0.10%,7891.0,0,1,0,0,0,0,0,0,0,0,0,0,0,0,0,0,0,0,0,0,0,0,0,0,0,0,0,0,1,0,1
WT,Redwood Trust Inc,Real Estate,REIT - Mortgage,USA,418290000.0,,3.33,-0.30%,3168859.0,0,0,0,0,0,0,0,0,0,0,0,0,0,0,0,0,0,0,0,-1,0,0,0,0,0,0,0,0,0,1,1
XD,ProShares UltraShort Health Care -2x Shares,Financial,Exchange Traded Fund,USA,,,14.98,0.76%,2199.0,0,0,0,0,0,0,0,0,1,0,0,0,0,0,0,0,0,0,0,0,0,0,0,0,0,0,0,0,1,0,1
XI,iShares Global Consumer Discretionary ETF,Financial,Exchange Traded Fund,USA,,,187.31,0.16%,12676.0,0,0,0,0,0,0,0,0,0,0,1,0,0,0,0,0,0,0,0,0,0,0,0,0,0,0,0,0,1,0,1
XRX,Recursion Pharmaceuticals Inc,Healthcare,Biotechnology,USA,2120000000.0,,3.95,-7.49%,30898406.0,0,1,0,0,0,0,0,0,0,0,0,0,0,0,0,0,0,0,0,0,0,0,0,0,0,0,0,0,1,0,1
XT,Rackspace Technology Inc,Technology,Software - Infrastructure,USA,922640000.0,,3.62,-5.97%,5694424.0,0,0,0,0,0,0,0,0,1,0,0,0,0,0,0,0,0,0,0,0,0,0,0,0,0,0,0,0,1,0,1
YAAY,Ryanair Holdings Plc ADR,Industrials,Airlines,Ireland,27990000000.0,13.08,54.04,-3.50%,2427386.0,0,0,0,0,0,0,0,0,0,0,0,0,0,0,0,0,0,0,0,0,0,0,0,1,0,0,0,0,1,0,1
YAM,Rayonier Advanced Materials Inc,Basic Materials,Chemicals,USA,468770000.0,,6.93,2.06%,1435322.0,0,0,0,0,0,0,0,0,0,0,0,0,-1,0,0,0,0,0,0,0,0,0,0,0,0,0,0,0,0,1,1
YDE,Ryde Group Ltd,Technology,Software - Application,Singapore,111880000.0,,0.67,-7.81%,224337.0,0,0,0,0,0,0,0,0,0,0,0,0,0,0,0,1,0,0,0,0,0,0,0,0,0,0,0,0,1,0,1
YET,Ruanyun Edai Technology Inc,Consumer Defensive,Education & Training Services,China,34310000.0,,0.92,-1.82%,27221.0,0,0,0,0,0,0,0,0,0,0,0,0,0,0,0,0,0,0,0,-1,0,0,0,0,0,0,0,0,0,1,1
YOJ,rYojbaba Co Ltd,Industrials,Consulting Services,Japan,33610000.0,29100.0,2.91,4.30%,6431.0,0,0,0,0,0,0,0,0,0,0,0,0,0,0,0,0,0,0,0,0,0,0,0,0,0,1,0,0,1,0,1
ZLT,Rezolute Inc,Healthcare,Biotechnology,USA,448790000.0,,4.64,5.94%,2198166.0,0,0,0,0,0,0,0,0,1,0,0,0,0,0,0,0,0,0,0,0,0,0,0,0,0,0,0,0,1,0,1
ZLV,Rezolve AI Plc,Technology,Software - Infrastructure,United Kingdom,792050000.0,,1.9,-8.65%,24880216.0,0,1,0,0,0,0,0,0,0,0,0,0,0,0,0,0,0,0,0,0,1,1,0,0,0,0,0,0,3,0,3
,SentinelOne Inc,Technology,Software - Infrastructure,USA,8840000000.0,,25.4,0.36%,7517385.0,0,0,0,0,0,0,0,0,0,0,1,0,0,0,0,0,0,1,0,0,0,0,0,0,0,0,0,0,2,0,2
AAQ,Space Asset Acquisition Corp,Financial,Shell Companies,USA,476680000.0,176.84,10.08,0.40%,140029.0,0,0,0,0,0,0,0,0,1,0,0,0,0,0,0,0,0,0,0,0,0,0,0,0,0,0,0,0,1,0,1
ABA,Saba Capital Income & Opportunities Fund II,Financial,Asset Management,USA,208650000.0,8.69,7.8,-0.26%,102143.0,0,0,0,0,0,0,0,0,1,0,0,0,0,0,0,0,0,0,0,0,0,0,0,0,0,0,0,0,1,0,1
ABS,SAB Biotherapeutics Inc,Healthcare,Biotechnology,USA,262950000.0,,2.89,0.35%,1135434.0,0,0,0,0,0,0,0,0,0,0,0,0,0,0,0,0,0,0,0,-1,0,0,0,0,0,0,0,0,0,1,1
ACH,Sachem Capital Corp,Real Estate,REIT - Mortgage,USA,41360000.0,,0.86,-2.00%,181865.0,0,0,0,0,0,0,0,0,1,0,0,0,0,0,0,0,0,0,0,0,0,0,0,0,0,0,0,0,1,0,1
AFX,XCF Global Inc,Utilities,Utilities - Renewable,USA,132690000.0,,0.32,4.07%,1565268.0,0,0,0,0,0,0,0,0,0,0,0,0,-1,0,0,0,0,0,0,0,0,0,0,0,0,0,0,0,0,1,1
AM,Boston Beer Co Inc,Consumer Defensive,Beverages - Brewers,USA,1760000000.0,,171.17,1.79%,264550.0,0,0,0,0,0,0,0,0,1,0,0,0,0,0,0,0,0,0,0,0,1,0,0,1,0,0,0,0,3,0,3
AMT,Strategas Macro Thematic Opportunities ETF,Financial,Exchange Traded Fund,USA,,,42.03,-0.90%,124996.0,0,0,0,0,0,0,0,0,1,0,0,0,0,0,0,0,0,0,0,0,0,0,0,0,0,0,0,0,1,0,1
AN,Banco Santander SA ADR,Financial,Banks - Diversified,Spain,196070000000.0,10.62,13.48,-1.32%,10642142.0,0,1,0,0,0,0,0,0,0,0,0,0,0,0,0,0,0,0,0,0,0,0,0,0,0,0,0,0,1,0,1
ANG,Sangoma Technologies Corp,Technology,Software - Infrastructure,Canada,161900000.0,,4.83,-0.31%,147035.0,0,0,0,0,0,0,0,0,0,0,0,0,-1,0,0,0,0,0,0,0,0,0,0,1,0,0,0,0,1,1,2
AR,Saratoga Investment Corp,Financial,Asset Management,USA,232920000.0,,14.97,0.40%,301426.0,0,0,0,0,0,0,0,0,0,0,0,0,-1,0,0,0,0,0,0,0,0,0,0,0,0,0,0,0,0,1,1
ARK,Tradr 1X Short Innovation Daily ETF,Financial,Exchange Traded Fund,USA,,,24.1,0.76%,82092.0,0,0,0,0,0,1,0,0,0,0,0,0,0,0,0,0,0,0,0,0,0,0,0,0,0,0,0,0,1,0,1
ATL,Satellogic Inc,Industrials,Aerospace & Defense,USA,781000000.0,,5.08,-1.93%,3682246.0,0,0,0,0,0,0,0,0,1,0,0,0,-1,0,0,0,0,0,0,0,0,0,0,0,0,0,0,0,1,1,2
BAR,Simplify Barrier Income ETF,Financial,Exchange Traded Fund,USA,,,25.26,0.00%,93499.0,0,1,0,0,0,0,0,0,0,0,1,1,0,0,0,0,0,0,0,0,0,0,0,0,0,0,0,0,3,0,3
BGI,Sinclair Inc,Communication Services,Broadcasting,USA,950260000.0,17.06,13.14,0.69%,672642.0,0,0,0,0,0,0,0,0,0,0,0,0,0,0,0,0,0,0,0,0,0,0,0,1,0,0,0,0,1,0,1
BIL,Simplify Government Money Market ETF,Financial,Exchange Traded Fund,USA,,,100.17,0.03%,1333485.0,0,1,0,-1,0,1,0,0,0,0,0,0,0,0,0,0,0,0,0,0,1,1,0,0,0,0,0,0,4,1,5
BMT,Silver Bow Mining Corp,Basic Materials,Other Industrial Metals & Mining,USA,231210000.0,,7.83,-2.13%,73681.0,0,0,0,0,0,0,0,0,0,0,0,0,0,0,0,1,0,0,0,0,0,0,0,0,0,0,0,0,1,0,1
BR,Sabine Royalty Trust,Energy,Oil & Gas Midstream,USA,1070000000.0000001,14.93,73.11,1.06%,25692.0,0,0,0,0,0,0,0,0,1,1,0,0,0,0,0,0,0,0,0,0,0,0,0,0,0,0,0,0,2,0,2
BUX,Starbucks Corp,Consumer Cyclical,Restaurants,USA,106260000000.0,53.75,93.21,-0.40%,30310599.0,0,0,0,0,0,0,0,0,0,0,0,0,0,0,0,0,0,0,0,0,0,0,0,0,-1,0,0,0,0,1,1
BXD,SilverBox Corp IV,Financial,Shell Companies,USA,73150000.0,54.16,11.39,0.00%,0.0,0,0,0,0,0,1,0,0,0,0,0,0,0,0,0,0,0,0,0,0,0,0,0,0,0,0,0,0,1,0,1
CAU,Corgi U.S. Small-Cap 15% Structured Buffer ETF - August Series,Financial,Exchange Traded Fund,USA,,,24.42,0.04%,11.0,0,0,0,0,0,0,0,0,1,0,0,0,0,0,0,0,0,0,0,0,0,0,0,0,0,0,0,0,1,0,1
CDS,JPMorgan Fundamental Data Science Small Core ETF,Financial,Exchange Traded Fund,USA,,,71.68,-0.10%,1660.0,0,0,0,0,0,0,0,0,1,0,0,0,0,0,0,0,0,0,0,0,0,0,0,0,0,0,0,0,1,0,1
CEP,Sterling Capital Hedged Equity Premium Income ETF,Financial,Exchange Traded Fund,USA,,,25.08,-0.52%,69432.0,0,0,0,0,0,0,0,0,0,0,0,0,-1,0,0,0,0,0,0,0,0,0,0,0,0,0,0,0,0,1,1
CHB,Schwab U.S. Broad Market ETF,Financial,Exchange Traded Fund,USA,,,29.73,-0.40%,14707634.0,0,1,0,0,0,0,0,0,0,0,1,0,0,0,0,0,0,0,0,0,0,0,-1,0,0,0,0,0,2,1,3
CHE,Schwab Emerging Markets Equity ETF,Financial,Exchange Traded Fund,USA,,,36.31,-1.28%,3052868.0,0,0,0,0,0,0,0,-1,0,0,0,0,0,0,0,0,0,0,0,0,0,0,0,0,0,0,0,0,0,1,1
CHJ,Schwab 1-5 Year Corporate Bond ETF,Financial,Exchange Traded Fund,USA,,,24.12,0.08%,212265.0,0,1,0,0,0,0,0,0,0,0,0,0,0,0,0,0,0,0,0,0,0,0,0,0,0,0,0,0,1,0,1
CHK,Schwab 1000 Index ETF,Financial,Exchange Traded Fund,USA,,,37.19,-0.46%,1633988.0,0,0,0,0,0,0,0,0,0,0,1,0,0,0,0,0,0,0,0,0,0,0,-1,0,0,0,0,0,1,1,2
CHM,Schwab U.S. Mid-Cap ETF,Financial,Exchange Traded Fund,USA,,,34.47,0.32%,2948252.0,0,0,0,0,0,0,0,0,0,0,0,0,0,0,0,0,0,0,0,0,0,0,-1,0,0,0,0,0,0,1,1
CHX,Schwab U.S. Large-Cap ETF,Financial,Exchange Traded Fund,USA,,,30.47,-0.42%,11578215.0,0,0,0,0,0,0,0,0,0,0,0,0,0,0,0,0,0,1,0,0,0,0,0,0,0,0,0,0,1,0,1
CJ,iShares MSCI Japan Small-Cap ETF,Financial,Exchange Traded Fund,USA,,,109.26,-0.84%,151712.0,0,0,0,0,0,0,0,-1,0,0,0,0,0,0,0,0,0,0,0,0,0,0,0,0,0,0,0,0,0,1,1
CJL,Corgi U.S. Small-Cap 15% Structured Buffer ETF - July Series,Financial,Exchange Traded Fund,USA,,,24.31,0.52%,1806.0,0,0,0,0,0,0,0,0,1,0,0,0,0,0,0,0,0,0,0,0,0,0,0,0,0,0,0,0,1,0,1
CLZ,Swan Enhanced Dividend Income ETF,Financial,Exchange Traded Fund,USA,,,57.48,-0.30%,2178.0,0,0,0,-1,0,0,0,-1,0,0,0,0,0,0,0,0,0,0,0,0,0,0,0,0,0,0,0,0,0,2,2
CM,Stellus Capital Investment Corp,Financial,Asset Management,USA,206190000.0,7.0,7.24,1.54%,83858.0,0,1,0,0,0,0,0,0,0,0,0,0,0,0,0,0,0,0,0,0,0,0,0,0,0,0,0,0,1,0,1
CNI,Scinai Immunotherapeutics Ltd ADR,Healthcare,Biotechnology,Israel,860000.0,,1.21,7.08%,90570.0,0,0,0,0,0,0,0,0,1,1,0,0,0,0,0,0,0,0,0,0,0,0,0,0,0,0,0,0,2,0,2
CO,ProShares UltraShort Bloomberg Crude Oil -2x Shares,Financial,Exchange Traded Fund,USA,,,18.52,-4.44%,9662402.0,0,0,0,0,0,0,0,0,0,0,0,0,0,0,0,0,0,0,0,0,1,0,0,0,0,0,0,0,1,0,1
COP,Sprott Physical Copper Trust,Financial,Exchange Traded Fund,USA,,,11.8,-2.07%,73593.0,0,0,0,0,0,0,0,0,0,0,0,0,0,0,0,1,0,0,0,0,0,0,0,0,0,0,0,0,1,0,1
COR,Comscore Inc,Technology,Software - Application,USA,61640000.0,0.62,4.06,-0.73%,81079.0,0,1,0,-1,0,0,0,0,0,0,0,0,0,0,0,0,0,0,0,-1,0,0,0,0,0,0,0,0,1,2,3
CWO,374Water Inc,Industrials,Pollution & Treatment Controls,USA,46700000.0,,2.65,-0.38%,37206.0,0,0,0,0,0,0,0,0,0,0,0,0,0,0,0,0,0,0,0,0,1,0,0,0,0,0,0,0,1,0,1
CYB,Schwab High Yield Bond ETF,Financial,Exchange Traded Fund,USA,,,25.19,0.08%,1131737.0,0,0,0,-1,0,0,0,0,0,0,0,0,0,0,0,0,0,0,0,0,0,0,0,0,0,0,0,0,0,1,1
D,Sandridge Energy Inc,Energy,Oil & Gas E&P,USA,521650000.0,6.27,14.07,2.55%,561786.0,0,0,0,0,0,0,0,0,0,0,0,0,-1,0,0,0,0,0,0,0,0,0,0,0,0,0,0,0,0,1,1
DEM,Global X MSCI SuperDividend Emerging Markets ETF,Financial,Exchange Traded Fund,USA,,,33.96,0.21%,84.0,0,0,0,0,0,1,0,-1,0,0,0,0,0,0,0,0,0,0,0,0,0,0,0,0,0,0,0,0,1,1,2
DFI,AB Short Duration Income ETF,Financial,Exchange Traded Fund,USA,,,34.83,0.11%,3029.0,0,0,0,-1,0,0,0,0,0,0,0,0,0,0,0,0,0,0,0,0,0,0,0,0,0,0,0,0,0,1,1
DHC,Smith Douglas Homes Corp,Real Estate,Real Estate - Development,USA,518950000.00000006,14.26,10.21,3.34%,73013.0,0,0,0,0,0,0,0,0,1,0,0,0,0,0,0,0,0,0,0,0,0,0,0,0,0,0,0,0,1,0,1
DST,Stardust Power Inc,Industrials,Electrical Equipment & Parts,USA,2490000.0,,0.06,-18.00%,294734478.0,0,0,0,0,0,0,0,0,1,0,0,0,0,0,0,0,0,0,0,0,0,0,0,0,0,0,0,0,1,0,1
DTY,YieldMax S&P 500 0DTE Covered Call Strategy ETF,Financial,Exchange Traded Fund,USA,,,40.81,-0.36%,9754.0,0,0,0,-1,0,0,0,0,0,0,0,0,0,0,0,1,0,0,0,0,0,0,0,0,0,0,0,0,1,1,2
EA,U.S. Global Sea to Sky Cargo ETF,Financial,Exchange Traded Fund,USA,,,21.25,2.86%,23500.0,0,0,0,-1,0,0,0,0,0,0,0,0,0,0,0,0,0,0,0,0,0,0,0,0,0,0,0,0,0,1,1
EB,Seaboard Corp,Industrials,Conglomerates,USA,3890000000.0,6.14,4063.59,0.53%,6589.0,0,0,0,0,0,0,0,0,1,1,0,0,0,0,0,0,0,0,0,0,0,0,0,0,0,0,0,0,2,0,2
ECT,Main Sector Rotation ETF,Financial,Exchange Traded Fund,USA,,,72.45,-0.66%,118139.0,0,0,0,0,0,0,0,0,0,0,1,0,0,0,0,0,0,0,0,0,0,0,0,0,-1,0,0,0,1,1,2
EIM,SEI QiM U.S. Large Cap Momentum Active ETF,Financial,Exchange Traded Fund,USA,,,54.58,-0.53%,61757.0,0,0,0,0,0,0,0,0,0,0,1,0,0,0,0,0,0,0,0,0,0,0,-1,0,0,0,0,0,1,1,2
EIQ,SEI QiM U.S. Large Cap Quality Active ETF,Financial,Exchange Traded Fund,USA,,,41.85,0.38%,32945.0,0,0,0,0,0,0,0,0,0,0,0,0,0,0,0,0,0,0,0,0,0,0,-1,0,0,0,0,0,0,1,1
EIS,SEI Select Small Cap ETF,Financial,Exchange Traded Fund,USA,,,31.45,0.34%,36672.0,0,0,0,0,0,0,0,0,0,0,0,0,0,0,0,0,0,0,0,0,0,0,-1,0,0,0,0,0,0,1,1
EIV,SEI QiM U.S. Large Cap Value Active ETF,Financial,Exchange Traded Fund,USA,,,50.08,0.40%,126228.0,0,0,0,0,0,0,0,0,0,0,0,0,0,0,0,0,0,0,0,0,0,0,-1,0,0,0,0,0,0,1,1
ELF,Global Self Storage Inc,Real Estate,REIT - Specialty,USA,56070000.0,26.57,4.91,0.20%,12255.0,0,1,0,0,0,0,0,0,0,0,0,0,0,0,0,0,0,0,0,0,0,0,0,0,0,0,0,0,1,0,1
EPU,AllianzIM U.S. Equity Buffer15 Uncapped Sep ETF,Financial,Exchange Traded Fund,USA,,,31.97,-0.34%,9371.0,0,1,0,0,0,0,0,-1,0,0,0,0,0,0,0,0,0,0,0,0,0,0,0,0,0,0,0,0,1,1,2
ERA,Sera Prognostics Inc,Healthcare,Medical Devices,USA,79690000.0,,2.02,-2.42%,13382.0,0,0,0,0,0,0,0,0,0,0,0,0,0,0,0,1,0,0,0,0,0,0,0,0,0,0,0,0,1,0,1
EUS,SEI QiM U.S. Equity Factor Allocation Active ETF,Financial,Exchange Traded Fund,USA,,,25.98,0.13%,16513.0,0,0,0,0,0,0,0,0,0,0,0,0,0,0,0,0,0,0,0,0,0,0,-1,0,0,0,0,0,0,1,1
EV,Aptera Motors Corp,Consumer Cyclical,Auto Manufacturers,USA,66720000.0,,1.63,0.00%,160551.0,0,0,0,0,0,0,0,0,0,0,0,0,-1,0,0,0,0,0,0,0,0,0,0,0,0,0,0,0,0,1,1
EVN,Seven Hills Realty Trust,Real Estate,REIT - Mortgage,USA,156790000.0,10.42,6.92,1.91%,114232.0,0,0,0,0,0,1,0,0,0,0,0,0,0,0,0,0,0,0,0,0,0,0,0,0,0,0,0,0,1,0,1
FLR,Innovator Equity Managed Floor ETF,Financial,Exchange Traded Fund,USA,,,39.55,-0.53%,221378.0,0,0,0,0,0,0,0,-1,0,0,0,0,0,0,0,0,0,0,0,0,0,0,0,0,0,0,0,0,0,1,1
FTX,Horizon International Managed Risk ETF,Financial,Exchange Traded Fund,USA,,,30.54,-0.33%,54356.0,0,0,0,0,0,0,0,0,0,0,1,0,0,0,0,0,0,0,0,0,0,0,0,0,-1,0,0,0,1,1,2
FTY,Horizon Managed Risk ETF,Financial,Exchange Traded Fund,USA,,,32.11,-0.25%,58429.0,0,0,0,0,0,0,0,0,0,0,1,0,0,0,0,0,0,0,0,0,0,0,0,0,0,0,0,0,1,0,1
FWL,Shengfeng Development Ltd,Industrials,Integrated Freight & Logistics,China,46470000.0,3.73,8.45,-0.59%,544.0,0,0,0,0,0,0,0,0,0,0,0,0,0,0,0,0,0,0,0,-1,0,0,0,0,0,0,0,0,0,1,1
FY,SoFi Select 500 ETF,Financial,Exchange Traded Fund,USA,,,155.4,-0.95%,9888.0,0,0,0,0,0,0,0,-1,0,0,0,0,0,0,0,0,0,0,0,0,0,0,0,0,0,0,0,0,0,1,1
FYI,SoFi Social 50 Income ETF,Financial,Exchange Traded Fund,USA,,,25.19,-0.91%,2261.0,0,0,0,0,0,0,0,0,0,0,0,0,0,0,0,1,0,0,0,0,0,0,0,0,0,0,0,0,1,0,1
GC,SuperiorGroup of Companies Inc,Consumer Cyclical,Apparel Manufacturing,USA,209200000.0,23.86,13.12,-0.23%,21435.0,0,0,0,0,0,1,0,0,0,0,0,0,0,0,0,0,0,0,0,0,0,0,0,0,0,0,0,0,1,0,1
GHC,Super Group (SGHC) Limited,Consumer Cyclical,Gambling,United Kingdom,5860000000.0,15.86,11.54,1.67%,1905917.0,0,0,0,0,0,0,0,0,0,0,0,0,0,0,0,0,0,0,0,0,0,0,0,0,0,0,-1,0,0,1,1
GI,Somnigroup International Inc,Consumer Cyclical,"Furnishings, Fixtures & Appliances",USA,14350000000.0,24.85,62.34,0.94%,3407476.0,0,0,0,0,0,0,0,0,0,0,0,0,-1,-1,0,0,0,0,0,0,0,0,0,0,0,0,0,1,1,2,3
GLC,SGI U.S. Large Cap Core ETF,Financial,Exchange Traded Fund,USA,,,46.07,-0.69%,6417.0,0,0,0,0,0,0,0,0,0,0,1,0,0,0,0,0,0,0,0,0,0,0,0,0,0,0,0,0,1,0,1
GML,Sigma Lithium Corp,Basic Materials,Other Industrial Metals & Mining,Brazil,1080000000.0,,9.56,-3.04%,1535388.0,0,0,0,0,0,0,0,0,0,0,0,0,-1,0,0,0,0,0,0,0,0,0,0,0,0,0,0,0,0,1,1
GOV,iShares 0-3 Month Treasury Bond ETF,Financial,Exchange Traded Fund,USA,,,100.47,0.00%,19201363.0,0,1,0,-1,0,1,0,0,0,0,0,0,0,0,0,0,0,0,0,0,0,0,0,0,0,0,0,0,2,1,3
GVT,Schwab Government Money Market ETF,Financial,Exchange Traded Fund,USA,,,100.59,0.03%,368495.0,0,1,0,-1,0,1,0,0,0,0,1,1,0,0,0,0,0,0,0,0,0,0,0,0,0,0,0,0,4,1,5
HC,Sotera Health Co,Healthcare,Diagnostics & Research,USA,5090000000.0,31.36,17.83,-0.39%,2247091.0,0,1,0,0,0,0,0,0,0,0,1,1,0,0,0,0,0,0,0,0,0,0,0,0,0,0,0,0,3,0,3
HDG,Soundwatch Hedged Equity ETF,Financial,Exchange Traded Fund,USA,,,33.8,-0.29%,337.0,0,0,0,0,0,0,0,-1,0,0,0,0,0,0,0,0,0,0,0,0,0,0,0,0,0,0,0,0,0,1,1
HEN,Shenandoah Telecommunications Co,Communication Services,Telecom Services,USA,637800000.0,,11.52,-2.62%,922864.0,0,0,0,0,0,0,0,0,0,0,0,0,-1,0,0,0,0,0,0,0,0,0,0,0,0,0,0,0,0,1,1
HFS,SHF Holdings Inc,Financial,Banks - Regional,USA,470000.0,,0.45,-27.10%,2056618.0,0,1,0,0,0,0,0,0,0,0,0,0,0,0,0,0,0,0,0,0,0,0,0,0,0,0,0,0,1,0,1
HIP,Seanergy Maritime Holdings Corp,Industrials,Marine Shipping,Greece,382010000.0,6.16,17.63,2.26%,286853.0,0,0,0,-1,0,0,0,0,0,0,0,0,0,0,0,0,0,0,0,0,0,0,0,0,0,0,0,0,0,1,1
HMD,SCHMID Group NV,Industrials,Specialty Industrial Machinery,Germany,264339999.99999997,,3.97,-11.58%,978318.0,0,0,0,0,0,0,0,0,1,1,0,0,0,0,0,0,0,0,0,0,0,0,0,0,0,0,0,0,2,0,2
HO,Sunstone Hotel Investors Inc,Real Estate,REIT - Hotel & Motel,USA,2109999999.9999998,50.58,11.35,1.34%,1857441.0,0,0,0,0,0,0,0,0,0,0,0,0,0,0,0,0,0,0,0,0,0,0,-1,0,0,0,0,0,0,1,1
HPU,Direxion Daily SHOP Bull 2X ETF,Financial,Exchange Traded Fund,USA,,,20.36,-1.79%,53912.0,0,0,0,0,0,0,0,0,0,0,1,0,0,0,0,0,0,0,0,0,0,0,0,0,0,0,0,0,1,0,1
HV,iShares 0-1 Year Treasury Bond ETF,Financial,Exchange Traded Fund,USA,,,110.13,0.01%,3267887.0,0,1,0,-1,0,1,0,0,0,0,0,0,0,0,0,0,0,0,0,0,0,0,0,0,0,0,0,0,2,1,3
HW,Sherwin-Williams Co,Basic Materials,Specialty Chemicals,USA,77930000000.0,29.6,321.03,1.91%,1495346.0,0,0,0,0,0,0,0,0,0,0,0,0,0,0,0,0,0,0,0,0,0,0,0,0,0,0,0,1,1,0,1
HYD,VanEck Short High Yield Muni ETF,Financial,Exchange Traded Fund,USA,,,22.01,0.55%,319234.0,0,0,0,0,0,0,0,0,1,0,0,0,0,0,0,0,0,0,0,0,0,0,0,0,0,0,0,0,1,0,1
ID,Companhia Siderurgica Nacional ADR,Basic Materials,Steel,Brazil,1630000000.0,,1.23,0.00%,11219549.0,0,0,0,0,0,0,0,0,0,0,1,0,0,0,0,0,0,0,0,0,0,0,0,0,0,0,0,0,1,0,1
IF,SIFCO Industries Inc,Industrials,Aerospace & Defense,USA,140850000.0,35.01,22.52,-1.44%,27853.0,0,1,0,0,0,0,0,0,0,0,0,0,0,0,0,0,0,0,0,0,0,0,0,0,0,0,0,0,1,0,1
IG,Signet Jewelers Ltd,Consumer Cyclical,Luxury Goods,Bermuda,3950000000.0,12.2,105.89,2.43%,627501.0,0,0,0,0,0,0,0,0,0,0,0,0,0,0,0,0,0,0,0,0,0,0,0,0,0,0,0,1,1,0,1
II,Sprott Inc,Financial,Asset Management,Canada,2960000000.0,28.2,115.19,-0.11%,72771.0,0,0,0,0,0,0,0,0,1,0,0,0,0,0,0,0,0,0,0,0,0,0,0,0,0,0,0,0,1,0,1
ILJ,Amplify Junior Silver Miners ETF,Financial,Exchange Traded Fund,USA,,,26.68,1.56%,2926533.0,0,0,0,0,0,0,0,0,1,0,0,0,0,0,0,0,0,0,0,0,0,0,0,0,0,0,0,0,1,0,1
IM,Grupo Simec SAB de CV ADR,Basic Materials,Steel,Mexico,4760000000.0,22.13,28.7,0.00%,132.0,0,0,0,0,0,0,0,0,1,0,0,0,0,0,0,0,0,0,0,0,0,0,0,0,0,0,0,0,1,0,1
IMA,SIM Acquisition Corp I,Financial,Shell Companies,USA,94520000.0,50.57,11.5,0.39%,5692.0,0,0,0,0,0,0,0,0,0,0,0,0,-1,0,0,0,0,0,0,0,0,0,0,0,0,0,0,0,0,1,1
IMO,Silicon Motion Technology Corp ADR,Technology,Semiconductors,Hong Kong,8880000000.0,30.71,261.89,-8.36%,868604.0,0,0,0,0,0,0,0,0,0,0,0,0,0,0,0,1,0,0,0,0,0,0,0,0,0,0,0,0,1,0,1
IMS,State Street SPDR S&P Kensho Intelligent Structures ETF,Financial,Exchange Traded Fund,USA,,,42.36,-0.29%,1537.0,0,0,0,0,0,0,0,0,0,0,0,0,0,0,0,0,0,0,0,-1,0,0,0,0,0,0,0,0,0,1,1
INT,SINTX Technologies Inc,Healthcare,Medical Devices,USA,14060000.0,,2.11,-2.76%,29206.0,0,0,0,0,0,0,0,0,0,0,0,0,0,0,0,0,0,0,0,0,0,0,0,1,0,0,0,0,1,0,1
IOO,VistaShares Target 15 S&P 100 Distribution ETF,Financial,Exchange Traded Fund,USA,,,19.76,0.40%,26618.0,0,0,0,0,0,0,0,0,0,0,1,0,0,0,0,0,0,0,0,0,0,0,0,0,0,0,0,0,1,0,1
IRI,Sirius XM Holdings Inc,Communication Services,Entertainment,USA,8870000000.0,10.37,26.33,1.46%,4343491.0,0,0,0,0,0,0,0,0,1,0,0,0,0,0,0,0,0,0,0,0,0,0,0,0,0,0,0,0,1,0,1
ITM,SiTime Corp,Technology,Semiconductors,USA,19400000000.0,1307.38,645.06,-3.02%,362071.0,0,0,0,0,0,0,0,0,0,0,1,0,0,0,0,1,0,0,0,0,0,0,0,0,0,0,0,0,2,0,2
IXA,ETC 6 Meridian Mega Cap Equity ETF,Financial,Exchange Traded Fund,USA,,,57.43,0.66%,2119.0,0,0,0,-1,0,0,0,0,0,0,0,0,0,0,0,0,0,1,0,0,0,0,0,0,0,0,0,0,1,1,2
IXH,ETC 6 Meridian Hedged Equity Index Option ETF,Financial,Exchange Traded Fund,USA,,,44.3,0.71%,6834.0,0,1,0,0,0,0,0,0,0,0,0,0,0,0,0,0,0,0,0,0,0,0,0,0,0,0,0,0,1,0,1
IXP,AllianzIM U.S. Equity 6 Month Buffer10 Mar/Sep ETF,Financial,Exchange Traded Fund,USA,,,34.77,-0.22%,3442.0,0,0,0,-1,0,0,0,0,0,0,0,0,0,0,0,0,0,0,0,0,0,0,0,0,0,0,0,0,0,1,1
IXZ,AllianzIM U.S. Equity 6 Month Buffer10 May/Nov ETF,Financial,Exchange Traded Fund,USA,,,32.61,-0.15%,10648.0,0,0,0,0,0,0,0,-1,0,0,0,0,0,0,0,0,0,0,0,0,0,0,0,0,0,0,0,0,0,1,1
JCP,SanJac Alpha Core Plus Bond ETF,Financial,Exchange Traded Fund,USA,,,24.65,0.10%,102.0,0,0,0,0,0,0,0,0,0,0,1,0,0,0,0,0,0,0,0,0,0,0,0,0,0,0,0,0,1,0,1
KHN,Tradr 2X Short SK hynix Daily ETF,Financial,Exchange Traded Fund,USA,,,11.88,8.59%,72535.0,0,0,0,0,0,0,0,0,0,0,0,0,0,0,0,0,0,0,0,0,0,0,0,1,0,0,0,0,1,0,1
KHY,SK Hynix Inc ADR,Technology,Semiconductors,South Korea,1242710000000.0,11.07,170.5,-4.35%,22531095.0,0,0,0,0,0,0,0,0,0,0,1,0,0,0,0,0,0,0,0,0,0,0,0,0,0,0,0,0,1,0,1
KHZ,Leverage Shares 1x Short SK Hynix Daily ETF,Financial,Exchange Traded Fund,USA,,,10.27,4.21%,986819.0,0,0,0,0,0,0,0,0,0,0,0,0,0,0,0,0,0,0,0,0,0,0,0,1,0,0,0,0,1,0,1
KIN,SkinHealth Systems Inc,Consumer Defensive,Household & Personal Products,USA,74040000.0,,0.57,-3.56%,397672.0,0,0,0,0,0,0,0,0,0,0,0,0,-1,0,0,0,0,0,0,0,0,0,0,0,0,0,0,0,0,1,1
KOR,Northern Trust Credit-Scored US Corporate Bond ETF,Financial,Exchange Traded Fund,USA,,,46.85,0.12%,64481.0,0,1,0,0,0,0,0,0,0,0,0,0,0,0,0,0,0,0,0,0,0,0,0,0,0,0,0,0,1,0,1
KWD,Skyward Specialty Insurance Group Inc,Financial,Insurance - Property & Casualty,USA,2630000000.0,13.81,59.31,3.20%,655502.0,0,0,0,0,0,0,0,0,1,0,0,0,0,0,0,0,0,0,0,0,0,0,0,0,0,0,0,0,1,0,1
KY,Champion Homes Inc,Consumer Cyclical,Residential Construction,USA,4420000000.0,23.84,81.47,0.54%,565688.0,0,0,0,0,0,0,0,0,0,0,1,0,0,0,0,0,0,0,0,0,0,0,0,0,0,0,0,1,2,0,2
KYA,SkyAI Inc,Technology,Software - Infrastructure,USA,73090000.0,,1.69,-6.63%,231148.0,0,0,0,0,0,0,0,0,0,0,0,0,0,0,0,0,0,0,0,0,0,0,0,1,0,0,0,0,1,0,1
KYE,Skye Bioscience Inc,Healthcare,Biotechnology,USA,7440000.0,,1.68,1.82%,23701.0,0,0,0,0,0,0,0,0,1,0,0,0,0,0,0,0,0,0,0,0,0,0,0,0,0,0,0,0,1,0,1
LDP,Solid Power Inc,Consumer Cyclical,Auto Parts,USA,552190000.0,,2.42,0.83%,3802726.0,0,0,0,0,0,0,0,0,1,0,0,0,0,0,0,0,0,0,0,0,0,0,0,0,0,0,0,0,1,0,1
LDR,Global X Short-Term Treasury Ladder ETF,Financial,Exchange Traded Fund,USA,,,49.42,0.01%,3644.0,0,0,0,0,0,0,0,0,1,0,0,0,0,0,0,0,0,0,0,0,0,0,0,0,0,0,0,0,1,0,1
LE,Super League Enterprise Inc,Communication Services,Internet Content & Information,USA,14350000.0,,4.77,0.21%,55807.0,0,0,0,-1,0,0,0,0,0,0,0,0,0,0,0,1,0,0,0,0,0,0,0,0,0,0,0,0,1,1,2
LGL,Sol-Gel Technologies Ltd,Healthcare,Biotechnology,Israel,230300000.0,,70.34,-2.23%,40976.0,0,0,0,0,0,0,0,0,1,0,0,0,0,0,0,0,0,0,0,0,0,0,0,0,0,0,0,0,1,0,1
LI,Standard Lithium Ltd,Basic Materials,Other Industrial Metals & Mining,Canada,397320000.0,,1.61,-2.42%,1553257.0,0,0,0,0,0,0,0,0,1,1,0,0,0,0,0,0,0,0,0,0,0,0,0,0,0,0,0,0,2,0,2
LJY,Amplify SILJ Junior Silver Miners Covered Call ETF,Financial,Exchange Traded Fund,USA,,,27.34,1.37%,26030.0,0,0,0,0,0,0,0,0,1,0,0,0,0,0,0,0,0,0,0,0,0,0,0,0,0,0,0,0,1,0,1
LM,SLM Corp,Financial,Credit Services,USA,4260000000.0,6.35,22.67,0.31%,2817354.0,0,0,0,0,0,0,0,0,0,0,0,0,0,0,0,0,0,1,0,0,0,0,0,0,0,0,0,0,1,0,1
LND,Southland Holdings Inc,Industrials,Engineering & Construction,USA,42460000.0,,0.78,9.86%,529506.0,0,0,0,0,0,0,0,0,0,0,0,0,-1,-1,0,0,0,0,0,0,0,0,0,0,0,0,0,0,0,2,2
LNZ,TCW Senior Loan ETF,Financial,Exchange Traded Fund,USA,,,45.17,-0.35%,4562.0,0,0,0,0,0,0,0,0,0,0,1,1,0,0,0,0,0,0,0,0,0,0,0,0,0,0,0,0,2,0,2
LS,SELLAS Life Sciences Group Inc,Healthcare,Biotechnology,USA,2270000000.0,,11.26,-0.44%,4207633.0,0,0,0,0,0,0,0,0,0,0,0,0,0,0,0,0,0,0,0,0,0,0,-1,0,0,0,0,0,0,1,1
LSN,Solesence Inc,Consumer Defensive,Household & Personal Products,USA,59070000.0,,0.84,2.06%,32919.0,0,0,0,0,0,0,0,0,1,0,0,0,0,0,0,0,0,0,0,0,0,0,0,0,0,0,0,0,1,0,1
LSR,Solaris Resources Inc,Basic Materials,Other Precious Metals & Mining,Switzerland,1120000000.0,,6.73,-1.46%,137918.0,0,0,0,0,0,0,0,0,1,0,0,0,0,0,0,0,0,0,0,0,0,0,0,0,0,0,0,0,1,0,1
LVM,Sylvamo Corp,Basic Materials,Paper & Paper Products,USA,1300000000.0,17.3,32.65,2.77%,392255.0,0,0,0,0,0,0,0,0,1,0,0,0,0,0,0,0,0,0,0,0,0,0,0,0,0,0,0,0,1,0,1
LVX,Nicholas Silver Income ETF,Financial,Exchange Traded Fund,USA,,,13.33,1.70%,12887.0,0,1,0,0,0,0,0,0,0,0,0,0,0,0,0,0,0,0,0,0,0,0,0,0,0,0,0,0,1,0,1
LWS,Wisdom Short Duration Income ETF,Financial,Exchange Traded Fund,USA,,,100.41,0.03%,17.0,0,1,0,0,0,0,0,0,0,0,0,0,0,0,0,0,0,0,0,0,0,0,0,0,0,0,0,0,1,0,1
LX,VanEck Steel ETF,Financial,Exchange Traded Fund,USA,,,101.96,-0.46%,4402.0,0,0,0,0,0,0,0,0,0,0,0,0,0,0,0,0,0,0,0,0,0,0,-1,0,0,0,0,0,0,1,1
LYG,State Street SPDR S&P 600 TM Small Cap Growth ETF,Financial,Exchange Traded Fund,USA,,,107.82,-0.07%,147332.0,0,0,0,0,0,0,0,0,0,0,0,0,-1,0,0,0,0,0,0,0,0,0,0,0,0,0,0,0,0,1,1
MAY,FT Vest U.S. Small Cap Moderate Buffer ETF - May,Financial,Exchange Traded Fund,USA,,,27.64,-0.01%,2903.0,0,0,0,0,0,0,0,0,1,0,0,0,0,0,0,0,0,0,0,0,0,0,0,0,0,0,0,0,1,0,1
MC,Summit Midstream Corp,Energy,Oil & Gas Midstream,USA,663870000.0,,32.69,1.24%,104437.0,0,1,0,0,0,0,0,0,0,0,0,0,0,0,0,0,0,0,0,0,0,0,0,0,0,0,0,0,1,0,1
MCO,Hilton Small-MidCap Opportunity ETF,Financial,Exchange Traded Fund,USA,,,28.01,0.26%,3042.0,0,0,0,0,0,0,0,0,0,0,0,0,0,0,0,0,0,0,0,0,0,0,-1,0,0,0,0,0,0,1,1
MFG,Sumitomo Mitsui Financial Group Inc ADR,Financial,Banks - Diversified,Japan,318220000000.0,29.09,25.31,-0.35%,1237218.0,0,0,0,0,0,0,0,-1,0,0,0,0,0,0,0,0,0,0,0,0,0,0,0,0,0,0,0,0,0,1,1
MLF,iShares U.S. Small-Cap Equity Factor ETF,Financial,Exchange Traded Fund,USA,,,84.8,0.20%,402387.0,0,0,0,0,0,0,0,0,1,0,0,0,0,0,0,0,0,0,0,0,0,0,0,0,0,0,0,0,1,0,1
MMT,Summit Therapeutics Inc,Healthcare,Biotechnology,USA,13700000000.0,,17.17,-4.35%,6179332.0,0,0,0,0,0,1,0,0,1,0,0,0,0,0,0,0,0,0,0,0,0,0,0,0,0,0,0,0,2,0,2
MOG,VanEck Low Carbon Energy ETF,Financial,Exchange Traded Fund,USA,,,134.79,-0.49%,3928.0,0,0,0,0,0,0,0,0,1,0,0,0,0,0,0,0,0,0,0,0,0,0,0,0,0,0,0,0,1,0,1
MOX,Horizon Small/Mid Cap Core Equity ETF,Financial,Exchange Traded Fund,USA,,,29.03,0.15%,10485.0,0,0,0,0,0,0,0,0,0,0,0,0,-1,0,0,0,0,0,0,0,0,0,0,0,0,0,0,0,0,1,1
MPL,Simply Good Foods Co,Consumer Defensive,Packaged Foods,USA,894330000.0,,10.11,2.22%,2621850.0,0,0,0,0,0,0,0,0,0,0,0,0,-1,0,0,0,0,0,0,0,0,0,0,0,0,0,0,0,0,1,1
MXT,SolarMax Technology Inc,Technology,Solar,USA,22100000.0,,4.66,6.15%,332254.0,0,0,0,0,0,1,0,0,0,0,0,0,0,0,0,0,0,0,0,0,0,0,0,0,0,0,0,0,1,0,1
MZ,Tradr 2X Short SMR Daily ETF,Financial,Exchange Traded Fund,USA,,,21.21,8.88%,24422.0,0,0,0,0,0,0,0,0,1,0,0,0,0,0,0,0,0,0,0,0,0,0,0,0,0,0,0,0,1,0,1
NAG,Leverage Shares 2x Long SNAP Daily ETF,Financial,Exchange Traded Fund,USA,,,6.2,1.66%,3842.0,0,0,0,0,0,0,0,0,0,0,0,0,-1,0,0,0,0,0,0,0,0,0,0,0,0,0,0,0,0,1,1
NAP,Snap Inc,Communication Services,Internet Content & Information,USA,9910000000.0,,5.86,0.86%,31995590.0,0,0,0,0,0,0,0,0,0,0,1,0,0,0,0,0,0,0,0,0,0,0,0,0,0,0,0,0,1,0,1
NAV,Mohr Sector Nav ETF,Financial,Exchange Traded Fund,USA,,,39.14,-0.70%,1113.0,0,0,0,0,0,0,0,0,0,0,1,1,0,0,0,0,0,0,0,0,0,0,0,0,-1,0,0,0,2,1,3
NDA,Sonida Senior Living Inc,Healthcare,Medical Care Facilities,USA,1730000000.0,,35.96,-0.69%,648177.0,0,0,0,0,0,0,0,0,1,0,0,0,0,0,0,0,0,0,0,0,0,0,0,0,0,0,0,0,1,0,1
NDC,Corgi SNDK 2x Daily ETF,Financial,Exchange Traded Fund,USA,,,7.41,-9.74%,73313.0,0,0,0,0,0,0,0,0,0,0,1,0,0,0,0,0,0,0,0,0,0,0,0,0,0,0,0,0,1,0,1
NDL,SNDL Inc,Consumer Defensive,Beverages - Wineries & Distilleries,Canada,300270000.0,,1.22,-2.40%,1388150.0,0,0,0,0,0,0,0,0,1,0,0,0,0,0,0,0,0,0,0,0,0,0,0,0,0,0,0,0,1,0,1
NDR,Schneider National Inc,Industrials,Trucking,USA,5560000000.0,50.02,31.73,1.73%,907248.0,0,0,0,0,0,0,0,0,0,0,0,0,0,0,0,0,0,0,0,0,0,0,-1,0,0,0,0,0,0,1,1
NDX,Syndax Pharmaceuticals Inc,Healthcare,Biotechnology,USA,1510000000.0,,16.9,-0.76%,2142493.0,0,0,0,0,0,0,0,0,0,0,1,0,0,0,0,0,0,0,0,0,0,0,-1,0,0,0,0,0,1,1,2
NFCA,Security National Financial Corp,Financial,Insurance - Life,USA,250250000.0,6.23,9.18,1.55%,26177.0,0,0,0,0,0,1,0,0,0,0,0,0,0,0,0,0,0,0,0,0,0,0,0,0,0,0,0,0,1,0,1
NN,Smith & Nephew plc ADR,Healthcare,Medical Devices,United Kingdom,11280000000.0,18.38,26.96,0.26%,1051368.0,0,0,0,0,0,0,0,0,1,1,0,0,0,0,0,0,0,0,0,0,0,0,0,0,0,0,0,0,2,0,2
NOA,Sonoma Pharmaceuticals Inc,Healthcare,Drug Manufacturers - Specialty & Generic,USA,5550000.0,,1.16,-4.92%,89489.0,0,0,0,0,0,0,0,0,0,0,0,0,0,0,0,0,0,0,0,0,0,0,0,0,0,1,0,0,1,0,1
NPE,Xtrackers S&P 500 Scored & Screened ETF,Financial,Exchange Traded Fund,USA,,,70.8,-0.59%,172619.0,0,0,0,-1,0,0,0,0,0,0,0,0,0,0,0,0,0,0,0,0,0,0,0,0,0,0,0,0,0,1,1
NPS,Synopsys Inc,Technology,Software - Infrastructure,USA,95390000000.0,87.93,497.75,-0.98%,3422256.0,0,0,0,0,0,0,0,0,1,1,0,0,0,0,0,0,0,0,0,0,0,0,0,0,0,0,0,0,2,0,2
NTG,Sentage Holdings Inc,Financial,Credit Services,China,4750000.0,,1.69,-1.73%,5600.0,0,1,0,0,0,0,0,0,0,0,0,0,0,0,0,0,0,0,0,0,0,0,0,0,0,0,0,0,1,0,1
NTH,MRP SynthEquity ETF,Financial,Exchange Traded Fund,USA,,,29.79,-0.66%,12469.0,0,0,0,0,0,0,0,0,0,0,0,0,0,0,0,1,0,0,0,0,0,0,0,0,0,0,0,0,1,0,1
NWV,Sanuwave Health Inc,Healthcare,Medical Devices,USA,50280000.0,24.3,5.84,5.51%,64881.0,0,0,0,0,0,0,0,0,1,0,0,0,0,0,0,0,0,0,0,0,0,0,0,0,0,0,0,0,1,0,1
NX,TD Synnex Corp,Technology,Electronics & Computer Distribution,USA,21340000000.0,16.29,267.46,-1.50%,589125.0,0,0,0,0,0,1,0,0,0,0,1,1,0,0,0,0,0,0,0,0,0,0,-1,0,0,0,0,0,3,1,4
NXX,Tradr 2X Long SNDK Daily ETF,Financial,Exchange Traded Fund,USA,,,14.22,-9.66%,51929867.0,0,0,0,0,0,0,0,0,1,0,0,0,0,0,0,0,0,0,0,0,0,0,0,0,0,0,0,0,1,0,1
O,Southern Company,Utilities,Utilities - Regulated Electric,USA,99100000000.0,20.79,86.15,0.83%,5989600.0,0,0,0,0,0,1,0,0,0,0,0,0,0,0,0,0,0,0,0,0,0,0,0,0,0,0,0,0,1,0,1
OAR,Volato Group Inc,Industrials,Airports & Air Services,USA,16540000.0,0.95,0.31,12.44%,85333967.0,0,1,0,0,0,0,0,0,0,0,0,0,0,0,0,0,0,0,0,0,1,0,0,1,0,0,0,0,3,0,3
OBO,South Bow Corp,Energy,Oil & Gas Midstream,Canada,7060000000.0,16.26,33.84,1.41%,949273.0,0,1,0,0,0,0,0,0,0,0,0,0,0,0,0,0,0,0,0,0,0,0,0,0,-1,0,0,0,1,1,2
OCL,Global X Social Media ETF,Financial,Exchange Traded Fund,USA,,,43.51,-0.51%,2806.0,0,1,0,-1,0,0,0,0,0,0,0,0,0,0,0,0,0,0,0,0,1,0,0,0,0,0,0,0,2,1,3
OFI,SoFi Technologies Inc,Financial,Credit Services,USA,20160000000.0,32.91,15.61,-0.32%,49893709.0,0,1,0,0,0,0,0,0,0,0,0,0,0,0,0,0,0,0,0,0,1,1,0,0,0,0,0,0,3,0,3
OFR,Amplify Samsung SOFR ETF,Financial,Exchange Traded Fund,USA,,,100.14,0.01%,720.0,0,1,0,0,0,1,0,0,0,0,0,0,-1,-1,0,0,0,0,0,0,0,0,0,0,0,0,0,0,2,2,4
OFX,Defiance Daily Target 2X Long SOFI ETF,Financial,Exchange Traded Fund,USA,,,6.8,-0.44%,2173658.0,0,1,0,0,0,0,0,0,0,0,0,0,-1,-1,0,0,0,0,0,0,0,0,0,0,0,0,0,0,1,2,3
OGP,Sound Group Inc ADR,Communication Services,Internet Content & Information,Singapore,31880000.0,1.19,10.52,-4.36%,4461.0,0,0,0,0,0,0,0,0,1,0,0,0,0,0,0,0,0,0,0,0,0,0,0,0,0,0,0,0,1,0,1
OHU,Sohu.com Ltd ADR,Communication Services,Electronic Gaming & Multimedia,China,326660000.0,1.46,12.53,-1.03%,31423.0,0,0,0,-1,0,0,0,0,0,0,0,0,0,0,0,0,0,0,0,0,0,0,0,0,0,0,0,0,0,1,1
ONM,DNA X Inc,Financial,Capital Markets,USA,5650000.0,,3.8,-1.94%,6541.0,0,1,0,0,0,1,0,0,0,0,0,0,-1,-1,0,0,0,0,0,0,0,0,0,0,0,0,0,0,2,2,4
ORA,AsiaStrategy,Consumer Cyclical,Luxury Goods,Hong Kong,55950000.0,35.71,2.25,7.66%,77721.0,0,0,0,0,0,0,0,0,0,0,0,0,-1,0,0,0,0,0,0,0,1,1,0,0,0,0,0,0,2,1,3
OS,SOS Limited,Financial,Capital Markets,China,5670000.0,,0.31,1.32%,721515.0,0,0,0,0,0,0,0,0,1,1,0,0,0,0,0,0,0,0,0,0,0,0,0,0,0,0,0,0,2,0,2
OUL,Soulpower Acquisition Corp,Financial,Shell Companies,USA,273880000.0,47.17,10.49,0.00%,10.0,0,0,0,0,0,0,0,0,0,0,0,0,0,0,0,0,0,1,0,0,0,0,0,0,0,0,0,0,1,0,1
OUN,SoundHound AI Inc,Technology,Software - Application,USA,2480000000.0,,5.52,-1.95%,16959612.0,0,0,0,-1,0,0,0,0,0,0,0,0,-1,-1,0,0,0,0,0,0,0,0,0,0,0,0,0,0,0,3,3
OUX,Defiance Daily Target 2X Long SOUN ETF,Financial,Exchange Traded Fund,USA,,,6.96,-2.72%,46227.0,0,0,0,0,0,0,0,0,1,0,0,0,0,0,0,0,0,0,0,0,0,0,0,0,0,0,0,0,1,0,1
OXQ,Invesco PHLX Semiconductor ETF,Financial,Exchange Traded Fund,USA,,,99.42,-3.27%,1394730.0,0,0,0,0,0,0,0,0,1,0,0,0,0,0,0,0,0,0,0,0,0,0,0,0,0,0,0,0,1,0,1
OXX,iShares Semiconductor ETF,Financial,Exchange Traded Fund,USA,,,563.28,-3.35%,10355080.0,0,0,0,0,0,0,0,0,1,0,0,0,0,0,0,0,0,0,0,0,0,0,0,0,0,0,0,0,1,0,1
PAI,Safe Pro Group Inc,Industrials,Aerospace & Defense,USA,86850000.0,,4.26,-9.45%,429735.0,0,1,0,0,0,0,0,0,0,0,0,0,-1,0,0,0,0,0,0,0,0,0,0,0,0,0,0,0,1,1,2
PAM,Themes Cybersecurity ETF,Financial,Exchange Traded Fund,USA,,,48.07,-0.11%,7288.0,0,0,0,0,0,0,0,-1,0,0,0,0,0,0,0,0,0,0,0,0,0,0,0,0,0,0,0,0,0,1,1
PBC,Simplify US Equity PLUS Bitcoin Strategy ETF,Financial,Exchange Traded Fund,USA,,,50.7,-0.69%,1920.0,0,0,0,-1,0,0,0,-1,0,0,0,0,0,0,0,0,0,1,0,0,0,0,0,0,0,0,0,0,1,2,3
PCE,Virgin Galactic Holdings Inc,Industrials,Aerospace & Defense,USA,445690000.0,,2.94,-2.33%,5149619.0,0,1,0,0,0,1,0,0,0,0,0,0,0,0,0,0,0,0,0,0,0,0,0,0,0,0,0,0,2,0,2
PCK,The SPAC and New Issue ETF,Financial,Exchange Traded Fund,USA,,,21.77,-0.07%,2316.0,0,0,0,0,0,0,0,0,0,0,0,0,0,0,0,1,0,0,0,0,0,0,0,0,0,0,0,0,1,0,1
PCL,Defiance Daily 2X Space ETF,Financial,Exchange Traded Fund,USA,,,21.83,-9.14%,42434.0,0,0,0,0,0,0,0,0,0,0,0,0,0,0,0,0,0,0,0,0,0,0,0,1,0,0,0,0,1,0,1
PDF,Defender Risk Adaptive 500 ETF,Financial,Exchange Traded Fund,USA,,,28.39,-0.46%,2621.0,0,0,0,0,0,0,0,-1,0,0,0,0,0,0,0,1,0,0,0,0,0,0,0,0,0,0,0,0,1,1,2
PDG,State Street SPDR Portfolio S&P Sector Neutral Dividend ETF,Financial,Exchange Traded Fund,USA,,,45.47,0.39%,3345.0,0,0,0,0,0,0,0,0,0,0,0,0,0,0,0,0,0,0,0,0,0,0,-1,0,0,0,0,0,0,1,1
PE,Special Opportunities Fund Inc,Financial,Closed-End Fund - Equity,USA,138100000.0,,12.53,-0.24%,56734.0,0,0,0,0,0,0,0,0,1,0,0,0,0,0,0,0,0,0,0,0,0,0,0,0,0,0,0,0,1,0,1
PEM,State Street SPDR Portfolio Emerging Markets ETF,Financial,Exchange Traded Fund,USA,,,51.53,-1.28%,2132484.0,0,0,0,0,0,0,0,0,0,0,1,1,0,0,0,0,0,0,0,0,0,0,0,0,-1,0,0,0,2,1,3
PH,Suburban Propane Partners LP,Utilities,Utilities - Regulated Gas,USA,1140000000.0,8.8,17.14,1.00%,175199.0,0,0,0,0,0,0,0,0,0,0,0,0,-1,0,0,0,0,0,0,0,0,0,0,1,0,0,0,0,1,1,2
PHB,Invesco S&P 500 High Beta ETF,Financial,Exchange Traded Fund,USA,,,152.02,-2.08%,424722.0,0,0,0,0,0,0,0,0,0,0,1,0,0,0,0,0,0,0,0,0,1,0,-1,0,0,0,0,0,2,1,3
PHQ,Invesco S&P 500 Quality ETF,Financial,Exchange Traded Fund,USA,,,85.5,0.34%,1259722.0,0,0,0,0,0,0,0,0,1,0,0,0,0,0,0,0,0,0,0,0,0,0,0,0,0,0,0,0,1,0,1
PIB,State Street SPDR Portfolio Intermediate Term Corporate Bond ETF,Financial,Exchange Traded Fund,USA,,,32.33,0.12%,4883876.0,0,1,0,0,0,0,0,0,0,0,0,0,0,0,0,0,0,0,0,0,0,0,0,0,0,0,0,0,1,0,1
PLS,PIMCO US Stocks PLUS Active Bond ETF,Financial,Exchange Traded Fund,USA,,,55.75,-0.54%,9158.0,0,0,0,0,0,0,0,0,0,0,1,0,0,0,0,0,0,0,0,0,0,0,0,0,-1,0,0,0,1,1,2
PMO,Invesco S&P 500 Momentum ETF,Financial,Exchange Traded Fund,USA,,,150.84,-1.41%,1879488.0,0,0,0,0,0,0,0,0,0,0,1,0,0,0,0,0,0,0,0,0,0,0,0,0,0,0,0,0,1,0,1
POK,Spok Holdings Inc,Healthcare,Health Information Services,USA,231360000.0,19.05,11.06,0.09%,117234.0,0,0,0,0,0,0,0,0,0,0,0,0,-1,-1,0,0,0,0,0,0,1,0,0,0,0,1,0,0,2,2,4
POT,Spotify Technology SA,Communication Services,Internet Content & Information,Sweden,108380000000.0,32.77,526.42,2.63%,1656555.0,0,0,0,0,0,0,0,0,0,0,1,0,0,0,0,0,0,0,0,0,0,0,0,0,0,0,0,0,1,0,1
PT,Sprout Social Inc,Technology,Software - Application,USA,671810000.0,,11.08,4.92%,1019133.0,0,0,0,0,0,0,0,0,0,0,1,0,0,0,0,0,0,0,0,0,0,0,0,0,0,0,0,0,1,0,1
PTL,State Street SPDR Portfolio Long Term Treasury ETF,Financial,Exchange Traded Fund,USA,,,23.85,0.80%,20240537.0,0,0,0,0,0,0,0,0,1,1,0,0,0,0,0,0,0,0,0,0,0,0,0,0,0,0,0,0,2,0,2
PTM,State Street SPDR Portfolio S&P 1500 Composite Stock Market ETF,Financial,Exchange Traded Fund,USA,,,93.46,-0.38%,393651.0,0,1,0,0,0,0,0,0,0,0,0,0,0,0,0,0,0,0,0,0,0,0,0,0,0,0,0,0,1,0,1
PTU,State Street SPDR Portfolio Ultra Short TBill ETF,Financial,Exchange Traded Fund,USA,,,25.02,0.00%,1081.0,0,1,0,0,0,1,0,0,0,0,0,0,0,0,0,0,0,0,0,0,0,0,0,0,0,0,0,0,2,0,2
PUS,SP Funds S&P 500 Sharia Industry Exclusions ETF,Financial,Exchange Traded Fund,USA,,,60.48,-0.97%,349686.0,0,0,0,0,0,0,0,0,0,0,1,1,0,0,0,0,0,0,0,0,0,0,0,0,0,0,0,0,2,0,2
PUT,Innovator Equity Premium Income Daily PutWrite ETF,Financial,Exchange Traded Fund,USA,,,28.81,-0.24%,5418.0,0,0,0,0,0,0,0,0,0,0,1,0,0,0,0,0,0,0,0,0,0,0,0,0,0,0,0,0,1,0,1
PUU,Direxion Daily S&P 500 Bull 2X ETF,Financial,Exchange Traded Fund,USA,,,228.1,-0.84%,13489.0,0,0,0,0,0,0,0,0,0,0,1,0,0,0,0,0,0,0,0,0,0,0,-1,0,0,0,0,0,1,1,2
PWH,Sportsman's Warehouse Holdings Inc,Consumer Cyclical,Specialty Retail,USA,44230000.0,,1.13,0.89%,258668.0,0,0,0,0,0,0,0,0,1,0,0,0,0,0,0,0,0,0,0,0,0,0,0,0,0,0,0,0,1,0,1
PWO,SP Funds S&P World (ex-US) ETF,Financial,Exchange Traded Fund,USA,,,33.36,-2.26%,111426.0,0,0,0,0,0,0,0,0,0,0,0,0,0,0,0,1,0,0,0,0,0,0,0,0,0,0,0,0,1,0,1
PWR,SunPower Inc,Technology,Solar,USA,90130000.0,,0.28,-3.86%,3010223.0,0,0,0,0,0,0,0,0,1,0,0,0,0,0,0,0,0,0,0,0,0,0,0,0,0,0,0,0,1,0,1
PXC,SPX Technologies Inc,Industrials,Building Products & Equipment,USA,8439999999.999999,29.55,168.58,-1.20%,513423.0,0,0,0,0,0,0,0,0,0,0,0,0,-1,0,0,0,0,0,0,0,0,0,0,0,0,0,0,0,0,1,1
PXN,ProShares S&P 500 Ex-Financials ETF,Financial,Exchange Traded Fund,USA,,,85.63,-0.68%,2385.0,0,0,0,0,0,0,0,-1,0,0,0,0,0,0,0,0,0,0,0,0,0,0,0,0,0,0,0,0,0,1,1
PYG,State Street SPDR Portfolio S&P 500 Growth ETF,Financial,Exchange Traded Fund,USA,,,124.73,-1.23%,1661539.0,0,0,0,0,0,0,0,-1,0,0,0,0,0,0,0,0,0,0,0,0,0,0,0,0,0,0,0,0,0,1,1
PYH,NEOS S&P 500 Hedged Equity Income ETF,Financial,Exchange Traded Fund,USA,,,56.74,-0.26%,9705.0,0,0,0,0,0,0,0,-1,0,0,0,0,0,0,0,0,0,0,0,0,0,0,0,0,0,0,0,0,0,1,1
PYT,Defiance S&P 500 Target Income ETF,Financial,Exchange Traded Fund,USA,,,17.08,-0.64%,92479.0,0,0,0,0,0,0,0,0,0,0,0,0,-1,-1,0,0,0,0,0,0,1,0,0,0,0,0,0,0,1,2,3
PYX,State Street SPDR S&P 500 Fossil Fuel Reserves Free ETF,Financial,Exchange Traded Fund,USA,,,63.39,-0.49%,117501.0,0,1,0,0,0,0,0,0,0,0,0,0,0,0,0,0,0,1,0,0,0,0,0,0,0,0,0,0,2,0,2
QLT,iShares MSCI USA Small-Cap Quality Factor ETF,Financial,Exchange Traded Fund,USA,,,27.79,0.39%,11.0,0,0,0,0,0,0,0,0,1,0,0,0,0,0,0,0,0,0,0,0,0,0,0,0,0,0,0,0,1,0,1
QM,Sociedad Quimica Y Minera de Chile SA ADR,Basic Materials,Specialty Chemicals,Chile,9210000000.0,13.32,64.52,-0.14%,711449.0,0,0,0,0,0,0,0,0,1,0,0,0,0,0,0,0,0,0,0,0,0,0,0,0,0,0,0,0,1,0,1
QMX,FT Vest U.S. Equity Quarterly Max Buffer ETF,Financial,Exchange Traded Fund,USA,,,34.98,-0.10%,51075.0,0,0,0,-1,0,0,0,0,0,0,0,0,0,0,0,0,0,0,0,0,0,0,0,0,0,0,0,0,0,1,1
QNS,Sequans Communications S.A ADR,Technology,Semiconductors,France,42090000.0,,2.76,-1.08%,55728.0,0,0,0,0,0,0,0,0,0,0,0,0,-1,0,0,0,0,0,0,0,0,0,0,0,0,0,0,0,0,1,1
QQQ,ProShares UltraPro Short QQQ -3x Shares,Financial,Exchange Traded Fund,USA,,,33.37,4.05%,61270244.0,0,0,0,0,0,0,0,0,1,0,0,0,0,0,0,0,0,0,0,0,0,0,0,0,0,0,0,0,1,0,1
QS,Sapient Quality Select ETF,Financial,Exchange Traded Fund,USA,,,28.38,-1.23%,1968.0,0,1,0,0,0,0,0,0,0,0,0,0,0,0,0,0,0,0,0,0,0,0,0,0,0,0,0,0,1,0,1
R,Spire Inc,Utilities,Utilities - Regulated Gas,USA,4610000000.0,8.69,77.99,0.22%,399807.0,0,0,0,0,0,0,0,0,0,0,0,0,-1,0,0,0,0,0,0,0,0,0,0,1,0,0,0,0,1,1,2
RAD,Sportradar Group AG,Technology,Software - Application,Switzerland,3880000000.0,206.64,12.44,3.15%,1579850.0,0,0,0,-1,0,0,0,0,0,0,0,0,-1,-1,0,0,0,0,0,0,0,0,0,0,0,1,0,0,1,3,4
RE,Sempra,Utilities,Utilities - Diversified,USA,52360000000.0,23.21,80.08,0.49%,3516626.0,0,0,0,0,0,0,0,0,1,0,0,0,0,0,0,0,0,0,0,0,0,0,0,0,0,0,0,0,1,0,1
RG,Seritage Growth Properties,Real Estate,Real Estate Services,USA,91810000.0,,1.63,-1.81%,191724.0,0,0,0,0,0,0,0,0,1,0,0,0,0,0,0,0,0,0,0,0,0,0,0,0,0,0,0,0,1,0,1
RHQ,SRH U.S. Quality GARP ETF,Financial,Exchange Traded Fund,USA,,,47.66,1.03%,2544.0,0,0,0,0,0,0,0,0,0,0,0,0,-1,0,0,0,0,0,0,0,0,0,0,0,0,0,0,0,0,1,1
RL,Scully Royalty Ltd,Financial,Capital Markets,China,77040000.0,,5.06,1.71%,1021.0,0,0,0,0,0,0,0,0,1,0,0,0,0,0,0,0,0,0,0,0,0,0,0,0,0,0,0,0,1,0,1
RZN,Surrozen Inc,Healthcare,Biotechnology,USA,328740000.0,,27.97,11.23%,682489.0,0,0,0,0,0,0,0,0,0,0,0,0,0,0,0,0,0,0,0,0,0,0,-1,0,0,0,0,0,0,1,1
SAC,SPACSphere Acquisition Corp,Financial,Shell Companies,USA,241010000.0,195.0,10.14,0.00%,61.0,0,0,0,0,0,1,0,0,0,0,0,0,0,0,0,0,0,1,0,0,0,0,0,0,0,0,0,0,2,0,2
SBI,Summit State Bank,Financial,Banks - Regional,USA,82340000.0,36.32,12.16,-3.95%,525.0,0,0,0,0,0,0,0,0,1,1,0,0,0,0,0,0,0,0,0,0,0,0,0,0,0,0,0,0,2,0,2
SD,Simpson Manufacturing Co Inc,Basic Materials,Lumber & Wood Production,USA,7050000000.0,18.78,171.95,0.43%,269168.0,0,0,0,0,0,0,0,0,0,0,1,0,0,0,0,0,0,0,0,0,0,0,0,0,0,0,0,0,1,0,1
SFI,Day Hagan Smart Sector Fixed Income ETF,Financial,Exchange Traded Fund,USA,,,20.32,0.25%,15036.0,0,0,0,0,0,0,0,0,1,0,0,0,0,0,0,0,0,0,0,0,0,0,0,0,0,0,0,0,1,0,1
SM,Sono Group NV,Consumer Cyclical,Auto Manufacturers,Germany,3510000.0,,1.29,-5.47%,463318.0,0,0,0,0,0,0,0,0,1,0,0,0,0,0,0,0,0,0,0,0,0,0,0,0,0,0,0,0,1,0,1
SMG,Virtus Silvant Small/Mid Growth ETF,Financial,Exchange Traded Fund,USA,,,25.3,-1.72%,3813.0,0,0,0,0,0,0,0,0,0,0,0,0,-1,0,0,0,0,0,0,0,0,0,0,0,0,0,0,0,0,1,1
SP,E.W. Scripps Co,Communication Services,Broadcasting,USA,267810000.0,,2.89,1.76%,829531.0,0,0,0,0,0,0,0,0,1,0,0,0,0,0,0,0,0,0,0,0,0,0,0,0,0,0,0,0,1,0,1
ST,System1 Inc,Industrials,Specialty Business Services,USA,23810000.0,,2.27,-3.40%,45989.0,0,0,0,0,0,0,0,0,0,0,1,0,0,0,0,0,0,0,0,0,0,0,-1,0,0,0,0,0,1,1,2
SYS,Stratasys Ltd,Technology,Computer Hardware,USA,705080000.0,,8.05,-2.31%,653937.0,0,0,0,0,0,0,0,0,0,0,0,0,-1,0,0,0,0,0,0,0,0,0,0,0,0,0,0,0,0,1,1
T,Sensata Technologies Holding Plc,Technology,Scientific & Technical Instruments,USA,6150000000.0,69.74,42.23,-0.33%,1559287.0,0,0,0,0,0,0,0,0,1,1,0,0,0,0,0,0,0,0,0,0,0,0,0,0,0,0,0,0,2,0,2
TAA,Staar Surgical Co,Healthcare,Medical Instruments & Supplies,USA,1120000000.0,336.54,22.38,0.09%,639652.0,0,0,0,0,0,0,0,0,1,0,0,0,0,0,0,0,0,0,0,0,0,0,0,0,0,0,0,0,1,0,1
TBQ,Amplify Stablecoin Technology Leaders ETF,Financial,Exchange Traded Fund,USA,,,22.66,-2.06%,241.0,0,0,0,0,0,0,0,-1,0,0,0,0,0,0,0,0,0,0,0,0,0,0,0,0,0,0,0,0,0,1,1
TC,Stewart Information Services Corp,Financial,Insurance - Property & Casualty,USA,1580000000.0,11.38,51.88,2.94%,420012.0,0,0,0,0,0,0,0,0,0,0,1,0,0,0,0,0,0,0,0,0,0,0,0,0,0,0,0,0,1,0,1
TDN,Standard Nuclear Inc,Basic Materials,Specialty Chemicals,USA,2109999999.9999998,,13.49,-5.07%,348097.0,0,0,0,0,0,0,0,0,1,0,0,0,0,0,0,0,0,0,0,0,0,0,0,0,0,0,0,0,1,0,1
TEP,StepStone Group Inc,Financial,Asset Management,USA,5300000000.0,,43.91,-0.61%,1154515.0,0,1,0,0,0,0,0,0,0,0,0,0,-1,0,0,0,0,0,0,0,0,0,0,0,0,0,0,0,1,1,2
TEX,Streamex Corp,Financial,Capital Markets,USA,58910000.0,,0.51,-4.89%,966468.0,0,0,0,0,0,0,0,0,0,0,0,0,-1,-1,0,0,0,0,0,0,0,0,0,0,0,0,0,0,0,2,2
TK,Columbia Seligman Premium Technology Growth Fund Inc,Financial,Closed-End Fund - Equity,USA,973050000.0,,54.99,-1.04%,56521.0,0,0,0,0,0,0,0,0,0,0,1,0,0,0,0,0,0,0,0,0,0,0,0,0,0,0,0,0,1,0,1
TKE,Sol Strategies Inc,Financial,Capital Markets,Canada,61210000.0,,1.55,-7.19%,461774.0,0,0,0,0,0,1,0,0,0,0,0,0,0,0,0,1,0,0,0,0,0,0,0,0,0,0,0,0,2,0,2
TLA,Stellantis N.V,Consumer Cyclical,Auto Manufacturers,Netherlands,13080000000.0,,4.52,-1.95%,29256084.0,0,0,0,0,0,0,0,0,1,0,0,0,0,0,0,0,0,0,0,0,0,0,0,0,0,0,0,0,1,0,1
TLD,Steel Dynamics Inc,Basic Materials,Steel,USA,33560000000.000004,21.24,234.17,0.03%,852469.0,0,0,0,0,0,0,0,0,0,0,0,0,-1,-1,0,0,0,0,0,0,0,0,0,0,0,0,0,0,0,2,2
TLN,Starling Oncology Inc,Healthcare,Medical Care Facilities,USA,617890000.0,,6.18,-3.89%,1255980.0,0,0,0,-1,0,0,0,-1,0,0,0,0,0,0,0,0,0,0,0,0,0,0,0,0,0,0,0,0,0,2,2
TLU,2x Stellar ETF,Financial,Exchange Traded Fund,USA,,,16.9,-7.75%,21860.0,0,0,0,0,0,0,0,0,0,0,0,0,-1,0,0,0,0,0,0,0,0,0,0,0,0,0,0,0,0,1,1
TNC,Hennessy Sustainable ETF,Financial,Exchange Traded Fund,USA,,,36.26,0.70%,1004.0,0,1,0,0,0,0,0,0,0,0,0,0,0,0,0,0,0,0,0,0,0,0,0,0,0,0,0,0,1,0,1
TNE,StoneCo Ltd,Technology,Software - Infrastructure,Brazil,2820000000.0,4.69,11.6,0.78%,7176336.0,0,0,0,0,0,0,0,0,0,0,0,0,-1,-1,0,0,0,0,0,0,0,0,0,0,0,1,0,0,1,2,3
TNG,Scorpio Tankers Inc,Energy,Oil & Gas Midstream,Monaco,4410000000.0,5.55,88.15,4.31%,1810699.0,0,0,0,0,0,0,0,0,0,0,1,0,0,0,0,0,0,0,0,0,0,0,0,0,0,0,0,0,1,0,1
TOX,Horizon Core Equity ETF,Financial,Exchange Traded Fund,USA,,,32.47,-0.28%,19476.0,0,0,0,0,0,0,0,0,0,0,1,0,0,0,0,0,0,0,0,0,0,0,-1,0,0,0,0,0,1,1,2
TPZ,PIMCO 1-5 Year U.S. TIPS Index ETF,Financial,Exchange Traded Fund,USA,,,52.06,0.02%,112448.0,0,0,0,0,0,0,0,0,1,1,0,0,0,0,0,0,0,0,0,0,0,0,0,0,0,0,0,0,2,0,2
TRA,Strategic Education Inc,Consumer Defensive,Education & Training Services,USA,1830000000.0,13.74,82.39,2.12%,421477.0,0,0,0,0,0,0,0,0,0,0,1,1,0,0,0,0,0,0,0,0,0,0,0,0,0,0,0,0,2,0,2
TRR,Star Equity Holdings Inc,Industrials,Staffing & Employment Services,USA,36230000.0,,9.82,-1.80%,4463.0,0,1,0,0,0,0,0,0,0,0,0,0,0,0,0,0,0,0,0,0,0,0,0,0,0,0,0,0,1,0,1
TSM,Defiance Daily Target 2X Short TSM ETF,Financial,Exchange Traded Fund,USA,,,29.03,6.07%,8839.0,0,0,0,0,0,0,0,0,1,0,0,0,0,0,0,0,0,0,0,0,0,0,0,0,0,0,0,0,1,0,1
TTK,Shattuck Labs Inc,Healthcare,Biotechnology,USA,568050000.0,,5.66,0.09%,2485914.0,0,0,0,0,0,0,0,0,0,0,1,0,0,0,0,0,0,0,0,0,0,0,0,0,-1,0,0,0,1,1,2
TVN,Stevanato Group Spa,Healthcare,Medical Instruments & Supplies,Italy,5240000000.0,33.4,19.21,-1.18%,233114.0,0,0,0,0,0,0,0,-1,0,0,1,1,0,0,0,0,0,0,0,0,0,0,0,0,0,0,0,0,2,1,3
TWD,Starwood Property Trust Inc,Real Estate,REIT - Mortgage,USA,4720000000.0,21.42,12.75,0.71%,7975131.0,0,0,0,0,0,1,0,0,1,1,0,0,0,0,0,0,0,0,0,0,0,0,0,0,0,0,0,0,3,0,3
TXL,Defiance Daily Target 2x Long STX ETF,Financial,Exchange Traded Fund,USA,,,24.99,-7.85%,545397.0,0,0,0,0,0,0,0,0,1,0,0,0,0,0,0,0,0,0,0,0,0,0,0,0,0,0,0,0,1,0,1
TXT,Strive Total Return Bond ETF,Financial,Exchange Traded Fund,USA,,,19.0,0.12%,15545.0,0,0,0,0,0,1,0,0,0,0,0,0,0,0,0,0,0,0,0,-1,0,0,0,0,0,0,0,0,1,1,2
TXU,Leverage Shares 2X Long STX Daily ETF,Financial,Exchange Traded Fund,USA,,,9.51,-8.29%,579624.0,0,0,0,0,0,0,0,0,1,0,0,0,0,0,0,0,0,0,0,0,0,0,0,0,0,0,0,0,1,0,1
TXX,Tradr 2X Long STX Daily ETF,Financial,Exchange Traded Fund,USA,,,31.82,-7.74%,167037.0,0,0,0,0,0,0,0,0,1,0,0,0,0,0,0,0,0,0,0,0,0,0,0,0,0,0,0,0,1,0,1
UIS,Canary Staked SUI ETF,Financial,Exchange Traded Fund,USA,,,27.05,-6.76%,5508.0,0,0,0,0,0,0,0,0,0,0,0,0,0,0,0,0,0,0,0,0,0,0,0,0,0,1,0,0,1,0,1
UN,Sunoco LP,Energy,Oil & Gas Refining & Marketing,USA,15090000000.0,16.16,73.66,2.32%,229213.0,0,0,0,-1,0,0,0,0,0,0,0,0,0,0,0,0,0,0,0,0,0,0,0,0,0,0,0,0,0,1,1
UNB,Sunbelt Rentals Holdings Inc,Industrials,Rental & Leasing Services,USA,30670000000.0,22.17,74.85,0.11%,3890801.0,0,0,0,0,0,0,0,0,1,0,0,0,0,0,0,0,0,0,0,0,0,0,0,0,0,0,0,0,1,0,1
UNS,Sunrise Realty Trust Inc,Real Estate,REIT - Mortgage,USA,80960000.0,6.18,5.99,-1.48%,83947.0,0,0,0,0,0,0,0,0,0,0,0,0,-1,0,0,0,0,0,0,0,0,0,0,0,0,0,0,0,0,1,1
UPN,Supernus Pharmaceuticals Inc,Healthcare,Drug Manufacturers - Specialty & Generic,USA,2450000000.0,,42.14,-2.11%,684161.0,0,0,0,-1,0,1,0,0,0,0,0,0,0,0,0,0,0,0,0,-1,0,0,0,0,0,0,0,0,1,2,3
UPP,TCW Transform Supply Chain ETF,Financial,Exchange Traded Fund,USA,,,79.53,-1.33%,98.0,0,0,0,0,0,0,0,0,1,1,0,0,0,0,0,0,0,0,0,0,0,0,0,0,0,0,0,0,2,0,2
URG,Surgepays Inc,Communication Services,Telecom Services,USA,7680000.0,,0.15,-2.48%,1686026.0,0,0,0,0,0,0,0,0,0,0,0,0,0,0,0,0,0,0,0,-1,0,0,0,0,0,0,0,0,0,1,1
USB,iShares Trust iShares ESG Aware 1-5 Year USD Corporate Bond ETF,Financial,Exchange Traded Fund,USA,,,24.45,0.08%,120041.0,0,1,0,0,0,0,0,0,0,0,0,0,0,0,0,0,0,0,0,0,0,0,0,0,0,0,0,0,1,0,1
USL,iShares ESG MSCI USA Leaders ETF,Financial,Exchange Traded Fund,USA,,,138.1,-0.52%,18361.0,0,1,0,0,0,0,0,0,0,0,0,0,0,0,0,0,0,0,0,0,0,0,0,0,0,0,0,0,1,0,1
VIX,-1x Short VIX Futures ETF,Financial,Exchange Traded Fund,USA,,,29.25,-1.81%,2452750.0,0,0,0,0,0,0,0,-1,0,0,0,0,0,0,0,0,0,0,0,0,0,0,0,0,0,0,0,0,0,1,1
VM,Silvercorp Metals Inc,Basic Materials,Silver,Canada,2280000000.0,99.52,10.31,2.69%,2017161.0,0,0,0,0,0,0,0,0,1,0,0,0,0,0,0,0,0,0,0,0,0,0,0,0,0,0,0,0,1,0,1
VXY,ProShares Short VIX Short-Term Futures ETF -0.5x Shares,Financial,Exchange Traded Fund,USA,,,64.4,-1.06%,1571295.0,0,0,0,-1,0,0,0,0,0,0,0,0,0,0,0,0,0,0,0,0,0,0,0,0,0,0,0,0,0,1,1
W,Smurfit WestRock plc,Consumer Cyclical,Packaging & Containers,Ireland,21670000000.0,44.08,41.45,0.39%,5177043.0,0,0,0,0,0,0,0,0,0,0,1,0,-1,0,0,0,0,0,0,0,0,0,0,0,0,0,0,0,1,1,2
WBI,Smith & Wesson Brands Inc,Industrials,Aerospace & Defense,USA,641650000.0,26.42,14.31,-1.38%,375879.0,0,0,0,0,0,0,0,0,1,0,0,0,0,0,0,0,0,0,0,0,0,0,0,0,0,0,0,0,1,0,1
WIM,Latham Group Inc,Industrials,Building Products & Equipment,USA,712940000.0,146.73,6.06,-4.87%,2825176.0,0,0,0,0,0,0,0,0,0,0,0,0,0,0,0,0,0,0,0,0,0,0,0,0,0,0,0,1,1,0,1
WRD,Stewards Inc,Financial,Credit Services,USA,573090000.0,,2.54,-0.39%,205295.0,0,0,0,0,0,0,0,0,1,1,0,0,0,0,0,0,0,0,0,0,0,0,0,0,0,0,0,0,2,0,2
XC,SunCoke Energy Inc,Basic Materials,Coking Coal,USA,827530000.0,,9.75,-0.81%,1121780.0,0,0,0,-1,0,1,0,-1,0,0,0,0,0,0,0,0,0,0,0,0,0,0,0,0,0,0,0,0,1,2,3
XQG,ETC 6 Meridian Quality Growth ETF,Financial,Exchange Traded Fund,USA,,,34.12,-0.23%,5025.0,0,0,0,0,0,0,0,-1,0,0,0,0,0,0,0,0,0,0,0,0,0,0,0,0,0,0,0,0,0,1,1
XTP,60 Degrees Pharmaceuticals Inc,Healthcare,Biotechnology,USA,3420000.0,,0.97,-11.59%,93143.0,0,0,0,0,0,0,0,0,1,0,0,0,0,0,0,0,0,0,0,0,0,0,0,0,0,0,0,0,1,0,1
YK,Stryker Corp,Healthcare,Medical Devices,USA,106240000000.0,28.7,276.97,0.57%,2982523.0,0,0,0,0,0,0,0,0,1,0,0,0,0,0,0,0,0,0,0,0,0,0,0,0,0,0,0,0,1,0,1
YNA,Synaptics Inc,Technology,Semiconductors,USA,4730000000.0,,119.08,-0.32%,937329.0,0,0,0,0,0,0,0,0,1,0,0,0,0,0,0,0,0,0,0,0,0,0,0,0,0,0,0,0,1,0,1
YNX,Silynxcom Ltd,Technology,Communication Equipment,Israel,5710000.0,,0.86,-8.35%,9990.0,0,0,0,0,0,0,0,0,1,0,0,0,0,0,0,0,0,0,0,0,0,0,0,0,0,0,0,0,1,0,1
YRE,Spyre Therapeutics Inc,Healthcare,Biotechnology,USA,7050000000.0,,79.9,-1.18%,2326678.0,0,0,0,0,0,0,0,0,1,0,0,0,-1,0,0,0,0,0,0,0,0,0,0,0,0,0,0,0,1,1,2
YY,Sysco Corp,Consumer Defensive,Food Distribution,USA,38470000000.0,21.4,78.2,1.84%,4808482.0,0,0,0,0,0,0,0,0,0,0,0,0,0,0,0,1,0,0,0,0,0,0,0,0,0,0,0,0,1,0,1
YZ,Lazard US Systematic Small Cap Equity ETF,Financial,Exchange Traded Fund,USA,,,29.37,0.25%,1368.0,0,0,0,0,0,0,0,0,1,0,0,0,0,0,0,0,0,0,0,0,0,0,0,0,0,0,0,0,1,0,1
ZK,ProShares UltraShort Consumer Staples,Financial,Exchange Traded Fund,USA,,,20.94,-4.11%,11882.0,0,0,0,0,0,1,0,0,0,0,0,0,0,0,0,1,0,0,0,0,0,0,0,0,0,0,0,0,2,0,2
ACN,T. Rowe Price Active Core International Equity ETF,Financial,Exchange Traded Fund,USA,,,28.06,-0.33%,374.0,0,0,0,0,0,0,0,0,0,0,1,0,0,0,0,0,0,0,0,0,0,0,0,0,0,0,0,0,1,0,1
ACT,Transact Technologies Inc,Technology,Computer Hardware,USA,47390000.0,,4.59,-0.86%,8217.0,0,0,0,0,0,0,0,0,1,0,0,0,0,0,0,0,0,0,0,0,0,0,0,0,0,0,0,0,1,0,1
AFI,AB Tax-Aware Short Duration Municipal ETF,Financial,Exchange Traded Fund,USA,,,24.58,0.16%,1038316.0,0,0,0,0,0,0,0,0,1,0,0,0,0,0,0,0,0,0,0,0,0,0,0,0,0,0,0,0,1,0,1
AK,Takeda Pharmaceutical Co ADR,Healthcare,Drug Manufacturers - Specialty & Generic,Japan,58940000000.0,,18.52,0.82%,3510660.0,0,0,0,0,0,0,0,0,0,0,1,0,0,0,0,0,0,0,0,0,0,0,0,0,0,0,0,0,1,0,1
AL,TAL Education Group ADR,Consumer Defensive,Education & Training Services,China,4170000000.0,7.71,12.49,-2.12%,2535342.0,0,0,0,-1,0,0,0,0,0,0,0,0,0,0,0,0,0,0,0,0,0,0,0,0,0,0,0,1,1,1,2
AN,Invesco Solar ETF,Financial,Exchange Traded Fund,USA,,,43.32,-0.48%,371030.0,0,1,0,0,0,0,0,0,0,0,0,0,0,0,0,0,0,0,0,0,0,0,0,0,0,0,0,0,1,0,1
ANH,Tantech Holdings Ltd,Consumer Defensive,Household & Personal Products,China,11670000.0,0.69,17.48,3.43%,45176.0,0,0,0,0,0,0,0,0,0,0,1,0,0,0,0,0,0,0,0,0,0,0,0,0,0,0,0,0,1,0,1
AOX,TAO Synergies Inc,Financial,Capital Markets,USA,28510000.0,,3.81,-3.79%,608247.0,0,0,0,0,0,0,0,0,0,0,0,0,-1,0,0,0,0,0,0,0,0,0,0,0,0,0,0,0,0,1,1
AOZ,Thornburg American Opportunities Fund,Financial,Exchange Traded Fund,USA,,,88.69,-0.10%,39549.0,0,0,0,0,0,1,0,0,0,0,0,0,0,0,0,0,0,0,0,0,0,0,0,0,0,0,0,0,1,0,1
AP,Molson Coors Beverage Company,Consumer Defensive,Beverages - Brewers,USA,7120000000.0,,37.92,2.63%,3807657.0,0,0,0,0,0,0,0,0,1,0,0,0,0,0,0,0,0,0,0,0,0,0,0,0,0,0,0,0,1,0,1
ARA,Protara Therapeutics Inc,Healthcare,Biotechnology,USA,156610000.0,,2.65,2.32%,1215462.0,0,0,0,0,0,0,0,0,1,0,0,0,0,0,0,0,0,0,0,0,0,0,0,0,0,0,0,0,1,0,1
ARK,Tradr 2X Long Innovation ETF,Financial,Exchange Traded Fund,USA,,,52.1,-3.26%,135809.0,0,0,0,-1,0,0,0,0,0,0,0,0,0,0,0,0,0,0,0,0,0,0,0,0,0,0,0,0,0,1,1
AX,Cambria Tax Aware ETF,Financial,Exchange Traded Fund,USA,,,30.56,-0.11%,294.0,0,0,0,0,0,0,0,0,0,0,0,0,-1,0,0,0,0,0,0,0,0,0,0,0,0,0,0,0,0,1,1
AYD,Taylor Devices Inc,Industrials,Specialty Industrial Machinery,USA,189340000.0,28.37,58.62,-0.96%,28139.0,0,0,0,0,0,1,0,0,0,0,0,0,-1,0,0,0,0,0,0,0,0,0,0,0,0,1,0,0,2,1,3
BCH,Turtle Beach Corp,Technology,Consumer Electronics,USA,227990000.0,,12.73,-3.19%,357035.0,0,0,0,0,0,0,0,0,0,0,1,0,0,0,0,0,0,0,0,0,1,0,0,0,0,0,0,0,2,0,2
BFG,The Brinsmere Fund Growth ETF,Financial,Exchange Traded Fund,USA,,,32.56,-0.35%,187.0,0,0,0,0,0,0,0,0,0,0,0,0,0,0,0,0,0,0,0,0,1,0,0,0,0,0,0,0,1,0,1
BIL,F/m US Treasury 3 Month Bill Fund,Financial,Exchange Traded Fund,USA,,,49.9,0.02%,3200785.0,0,1,0,0,0,1,0,0,0,0,0,0,0,0,0,0,0,0,0,0,1,1,0,0,0,0,0,0,4,0,4
BJL,Innovator 20+ Year Treasury Bond 9 Buffer ETF - July,Financial,Exchange Traded Fund,USA,,,18.45,0.90%,1888.0,0,0,0,0,0,0,0,0,1,0,0,0,0,0,0,0,0,0,0,0,0,0,0,0,0,0,0,0,1,0,1
BLL,Invesco Short Term Treasury ETF,Financial,Exchange Traded Fund,USA,,,105.68,0.01%,165049.0,0,1,0,0,0,1,0,0,0,0,0,0,0,0,0,0,0,0,0,0,0,0,0,0,0,0,0,0,2,0,2
BLU,Tortoise Global Water ETF,Financial,Exchange Traded Fund,USA,,,49.13,0.67%,507.0,0,0,0,0,0,0,0,0,0,0,0,0,-1,0,0,0,0,0,0,0,1,0,0,0,0,0,0,0,1,1,2
BN,Tamboran Resources Corp,Energy,Oil & Gas E&P,Australia,1210000000.0,,34.68,0.73%,61878.0,0,0,0,0,0,0,0,0,0,0,0,0,0,0,0,1,0,0,0,0,0,0,0,0,0,0,0,0,1,0,1
BUX,T. Rowe Price Ultra Short-Term Bond ETF,Financial,Exchange Traded Fund,USA,,,49.69,0.00%,1317692.0,0,1,0,-1,0,0,0,0,0,0,0,0,0,0,0,0,0,0,0,0,0,0,0,0,0,0,0,0,1,1,2
CAF,T. Rowe Price Capital Appreciation Equity ETF,Financial,Exchange Traded Fund,USA,,,43.2,-0.58%,686895.0,0,0,0,0,0,0,0,0,0,0,1,0,0,0,0,0,0,1,0,0,0,0,0,0,0,0,0,0,2,0,2
CAI,Tortoise AI Infrastructure ETF,Financial,Exchange Traded Fund,USA,,,46.77,-3.15%,47655.0,0,0,0,0,0,0,0,0,1,0,0,0,0,0,0,0,0,0,0,0,0,0,0,0,0,0,0,0,1,0,1
CAL,T. Rowe Price Capital Appreciation Premium Income ETF,Financial,Exchange Traded Fund,USA,,,22.3,0.59%,30905.0,0,1,0,0,0,0,0,0,0,0,0,0,0,0,0,0,0,0,0,0,0,0,0,0,0,0,0,0,1,0,1
CAN,21Shares Canton Network ETF,Financial,Exchange Traded Fund,USA,,,19.77,-2.59%,17031.0,0,0,0,0,0,0,0,0,0,0,1,0,0,0,0,0,0,0,0,0,0,0,0,0,0,0,0,0,1,0,1
CBI,Texas Capital Bancshares Inc,Financial,Banks - Regional,USA,4019999999.9999995,12.02,92.39,2.00%,567407.0,0,0,0,0,0,0,0,0,0,0,1,0,0,0,0,0,0,0,0,0,0,0,0,0,0,0,0,0,1,0,1
CBS,Texas Community Bancshares Inc,Financial,Banks - Regional,USA,48840000.0,14.31,17.0,0.00%,948.0,0,0,0,0,0,0,0,0,0,0,0,0,0,0,0,1,0,0,0,0,0,0,0,0,0,0,0,0,1,0,1
CX,Tucows Inc,Technology,Software - Infrastructure,Canada,108020000.0,,9.66,0.73%,44830.0,0,0,0,0,0,0,0,0,0,0,0,0,0,0,0,0,0,0,0,0,0,0,0,1,0,0,0,0,1,0,1
DAQ,TappAlpha Innovation 100 Growth & Daily Income ETF,Financial,Exchange Traded Fund,USA,,,27.52,-1.61%,697448.0,0,0,0,0,0,0,0,0,0,0,0,0,0,0,0,1,0,0,0,0,0,0,0,0,0,0,0,0,1,0,1
DAY,USA TODAY Co Inc,Communication Services,Publishing,USA,1030000000.0,,6.99,-0.99%,2904492.0,0,0,0,0,0,0,0,0,1,0,0,0,0,0,0,0,0,0,0,0,0,0,0,0,0,0,0,0,1,0,1
DEC,FT Vest Emerging Markets Buffer ETF - December,Financial,Exchange Traded Fund,USA,,,27.3,-0.56%,5531.0,0,0,0,0,0,0,0,-1,0,0,0,0,0,0,0,0,0,0,0,0,0,0,0,0,0,0,0,0,0,1,1
DOG,21Shares Dogecoin ETF,Financial,Exchange Traded Fund,USA,,,16.85,-5.33%,3100.0,0,1,0,0,0,0,0,0,0,0,0,0,0,0,0,0,0,0,0,0,0,0,0,0,0,0,0,1,2,0,2
DOT,21shares Polkadot Staking ETF,Financial,Exchange Traded Fund,USA,,,12.55,-5.52%,4786.0,0,0,0,0,0,0,0,0,0,0,0,0,0,0,0,1,0,0,0,0,0,0,0,0,0,0,0,0,1,0,1
DS,Telephone And Data Systems Inc,Communication Services,Telecom Services,USA,3670000000.0,12.54,34.13,-3.45%,2605653.0,0,0,0,0,0,0,0,0,0,0,0,0,0,0,0,0,0,0,0,0,0,0,0,0,0,1,0,0,1,0,1
DSB,ETC Cabana Target Beta ETF,Financial,Exchange Traded Fund,USA,,,24.59,-0.05%,2515.0,0,0,0,0,0,0,0,0,0,0,1,0,0,0,0,0,0,0,0,0,0,0,0,0,0,0,0,0,1,0,1
DSC,ETC Cabana Target Drawdown 10 ETF,Financial,Exchange Traded Fund,USA,,,28.5,-0.02%,811.0,0,0,0,0,0,0,0,0,0,0,0,0,-1,0,0,0,0,0,0,0,0,0,0,0,0,0,0,0,0,1,1
DTT,Northern Trust iBoxx 3-Year Target Duration TIPS ETF,Financial,Exchange Traded Fund,USA,,,23.34,0.09%,202192.0,0,0,0,0,0,0,0,0,1,1,0,0,0,0,0,0,0,0,0,0,0,0,0,0,0,0,0,0,2,0,2
DV,ProShares S&P Technology Dividend Aristocrats ETF,Financial,Exchange Traded Fund,USA,,,101.55,-0.39%,3647.0,0,0,0,0,0,0,0,0,0,0,0,0,0,0,0,1,0,0,0,0,0,0,0,0,0,0,0,0,1,0,1
DY,Teledyne Technologies Inc,Technology,Scientific & Technical Instruments,USA,28040000000.0,29.22,604.82,0.11%,342394.0,0,0,0,0,0,0,0,0,0,0,0,0,0,0,0,0,0,0,0,0,1,0,0,0,0,0,0,0,1,0,1
EAD,Teads Holding Co,Communication Services,Internet Content & Information,USA,53880000.0,,0.55,3.41%,379863.0,0,0,0,0,0,1,0,0,0,0,0,0,0,0,0,0,0,0,0,0,0,0,0,0,0,0,0,0,1,0,1
EC,Harbor Transformative Technologies ETF,Financial,Exchange Traded Fund,USA,,,35.27,-1.64%,72.0,0,0,0,0,0,0,0,0,0,0,1,1,0,0,0,0,0,0,0,0,0,0,0,0,0,0,0,0,2,0,2
ECY,GraniteShares YieldBOOST Technology ETF,Financial,Exchange Traded Fund,USA,,,21.07,-0.86%,1364.0,0,0,0,0,0,0,0,0,1,0,0,0,0,0,0,0,0,0,0,0,0,0,0,0,0,0,0,0,1,0,1
EKX,State Street Galaxy Transformative Tech Accelerators ETF,Financial,Exchange Traded Fund,USA,,,59.17,-3.97%,1293.0,0,0,0,0,0,0,0,0,0,0,1,0,0,0,0,0,0,0,0,0,0,0,0,0,0,0,0,0,1,0,1
EL,TE Connectivity plc,Technology,Electronic Components,Ireland,62050000000.0,21.01,214.31,-0.70%,1431823.0,0,0,0,0,0,0,0,0,0,0,1,0,0,0,0,0,0,0,0,0,0,0,0,0,0,0,0,0,1,0,1
ELG,Leverage Shares 2X Long TEL Daily ETF,Financial,Exchange Traded Fund,USA,,,13.68,-1.69%,227.0,0,0,0,0,0,0,0,0,0,0,1,0,0,0,0,0,0,0,0,0,0,0,0,0,0,0,0,0,1,0,1
ENB,Tenable Holdings Inc,Technology,Software - Infrastructure,USA,4300000000.0,674.91,39.01,0.18%,4531025.0,0,0,0,0,0,0,0,0,0,0,0,0,0,0,0,1,0,0,0,0,0,0,0,0,0,0,0,0,1,0,1
ENJ,iShares Large Cap 10% Target Buffer Jun ETF,Financial,Exchange Traded Fund,USA,,,28.52,-0.39%,1836.0,0,0,0,0,0,0,0,0,0,0,1,0,0,0,0,0,0,0,0,0,0,0,0,0,0,0,0,0,1,0,1
EQI,T. Rowe Price Equity Income ETF,Financial,Exchange Traded Fund,USA,,,51.09,0.40%,10081.0,0,0,0,0,0,0,0,0,0,0,0,0,0,0,0,0,0,0,0,0,0,0,-1,0,0,0,0,0,0,1,1
ERC,Corgi TER 2x Daily ETF,Financial,Exchange Traded Fund,USA,,,22.97,-6.58%,1730.0,0,0,0,0,0,0,0,0,0,0,0,0,-1,0,0,0,0,0,0,0,0,0,0,0,0,0,0,0,0,1,1
ERG,Leverage Shares 2X Long TER Daily ETF,Financial,Exchange Traded Fund,USA,,,42.52,-6.64%,38345.0,0,1,0,0,0,1,0,0,0,0,0,0,-1,0,0,0,0,0,0,0,0,0,0,0,0,0,0,0,2,1,3
ESL,Simplify Volt TSLA Revolution ETF,Financial,Exchange Traded Fund,USA,,,14.17,-1.11%,377.0,0,0,0,0,0,0,0,0,1,0,0,0,0,0,0,0,0,0,0,0,0,0,0,0,0,0,0,0,1,0,1
EST,YieldMax TSLA Performance & Distribution Target 25 ETF,Financial,Exchange Traded Fund,USA,,,37.71,-0.38%,650.0,0,0,0,0,0,0,0,0,1,0,0,0,0,0,0,0,0,0,0,0,0,0,0,0,0,0,0,0,1,0,1
EXN,iShares Texas Equity ETF,Financial,Exchange Traded Fund,USA,,,34.02,0.38%,6100.0,0,0,0,0,0,0,0,0,0,0,1,0,0,0,0,0,0,0,0,0,0,0,0,0,-1,0,0,0,1,1,2
EXU,Direxion Daily Energy Top 5 Bull 2X ETF,Financial,Exchange Traded Fund,USA,,,45.5,7.48%,11616.0,0,0,0,0,0,0,0,0,0,0,1,0,0,0,0,0,0,0,0,0,0,0,0,0,0,0,0,0,1,0,1
EXX,Horizon Kinetics Texas ETF,Financial,Exchange Traded Fund,USA,,,29.76,1.42%,112.0,0,0,0,0,0,1,0,0,0,0,1,1,0,0,0,0,0,0,0,0,0,0,-1,0,0,0,0,0,3,1,4
FII,TFI International Inc,Industrials,Trucking,Canada,9460000000.0,28.28,115.14,2.48%,548202.0,0,0,0,0,0,0,0,0,1,1,0,0,0,0,0,0,0,0,0,0,0,0,0,0,0,0,0,0,2,0,2
FLO,iShares Treasury Floating Rate Bond ETF,Financial,Exchange Traded Fund,USA,,,50.56,0.04%,2425685.0,0,1,0,-1,0,1,0,0,0,0,0,0,0,0,0,0,0,1,0,0,0,0,0,0,0,0,0,0,3,1,4
FNS,T. Rowe Price Financials ETF,Financial,Exchange Traded Fund,USA,,,27.84,0.90%,1084.0,0,0,0,0,0,0,0,0,0,0,0,0,0,0,0,0,0,0,0,0,0,0,-1,0,0,0,0,0,0,1,1
FPN,Blueprint Chesapeake Multi-Asset Trend ETF,Financial,Exchange Traded Fund,USA,,,30.08,-0.07%,3476.0,0,1,0,0,0,0,0,0,0,0,0,0,0,0,0,0,0,0,0,0,0,0,0,0,0,0,0,0,1,0,1
FSL,TFS Financial Corp,Financial,Banks - Regional,USA,4540000000.0,44.91,16.19,0.43%,829658.0,0,0,0,0,0,0,0,0,0,0,0,0,-1,0,0,0,0,0,0,0,0,0,0,0,0,0,0,0,0,1,1
GE,Generation Essentials Group,Financial,Asset Management,France,52340000.0,3.78,1.08,-2.70%,222318.0,0,0,0,0,0,0,0,0,0,0,0,0,0,0,0,0,0,0,0,0,0,0,0,0,0,1,0,0,1,0,1
GL,Treasure Global Inc,Technology,Software - Application,USA,2480000.0,,1.27,-3.05%,62463.0,0,0,0,0,0,0,0,0,1,1,0,0,0,0,0,0,0,0,0,0,0,0,0,0,0,0,0,0,2,0,2
GLB,T. Rowe Price Global Equity ETF,Financial,Exchange Traded Fund,USA,,,30.31,-0.49%,131.0,0,0,0,0,0,0,0,0,0,0,0,0,0,0,0,0,0,0,0,0,1,0,0,0,-1,0,0,0,1,1,2
GLS,Tecnoglass Holdings Inc,Basic Materials,Building Materials,USA,1680000000.0,13.31,37.84,0.85%,509797.0,0,1,0,0,0,0,0,0,0,0,0,0,0,0,0,0,0,0,0,0,0,0,0,0,0,0,0,0,1,0,1
GRT,T. Rowe Price Growth ETF,Financial,Exchange Traded Fund,USA,,,47.77,-1.48%,98283.0,0,0,0,0,0,0,0,0,0,0,1,1,0,0,0,0,0,0,0,0,0,0,0,0,0,0,0,0,2,0,2
GRZ,China AI Tigers LLM ETF,Financial,Exchange Traded Fund,USA,,,12.79,-9.90%,3800.0,0,0,0,0,0,0,0,0,1,0,0,0,0,0,0,0,0,0,0,0,0,0,0,0,0,0,0,0,1,0,1
GS,Transportadora de Gas del Sur ADR,Energy,Oil & Gas Integrated,Argentina,1830000000.0,10.11,26.39,0.57%,197816.0,0,1,0,-1,0,0,0,0,0,0,0,0,0,0,0,0,0,0,0,0,0,0,0,0,0,0,0,0,1,1,2
GT,Target Corp,Consumer Defensive,Discount Stores,USA,70310000000.0,16.06,154.76,2.54%,4186435.0,0,0,0,0,0,1,0,0,0,0,0,0,0,0,0,0,0,0,0,0,0,0,0,0,0,0,0,0,1,0,1
GTX,TG Therapeutics Inc,Healthcare,Biotechnology,USA,8160000000.0,19.43,53.34,0.74%,1735185.0,0,0,0,0,0,0,0,0,0,0,1,0,0,0,0,0,0,0,0,0,0,0,0,0,-1,0,0,0,1,1,2
HCH,TH International Ltd,Consumer Cyclical,Restaurants,China,37000000.0,,1.15,0.43%,2058.0,0,0,0,-1,0,0,0,0,0,0,0,0,0,0,0,0,0,0,0,0,0,0,0,0,0,0,0,0,0,1,1
HD,iShares MSCI Thailand ETF,Financial,Exchange Traded Fund,USA,,,71.17,-0.88%,84231.0,0,1,0,-1,0,0,0,0,0,0,1,1,0,0,0,0,0,0,0,0,0,0,0,0,0,0,0,0,3,1,4
HEQ,T. Rowe Price Hedged Equity ETF,Financial,Exchange Traded Fund,USA,,,30.48,-0.27%,607.0,0,0,0,0,0,0,0,0,0,0,1,1,0,0,0,0,0,0,0,0,0,0,0,0,-1,0,0,0,2,1,3
HG,Hanover Insurance Group Inc,Financial,Insurance - Property & Casualty,USA,7730000000.0,10.59,221.93,1.99%,192297.0,0,0,0,0,0,0,0,0,0,0,0,0,0,0,0,0,0,0,0,0,0,0,-1,0,0,0,0,0,0,1,1
HLV,THOR Equal Weight Low Volatility ETF,Financial,Exchange Traded Fund,USA,,,31.3,-0.28%,3788.0,0,0,0,0,0,0,0,0,0,0,1,0,0,0,0,0,0,0,0,0,0,0,0,0,0,0,0,0,1,0,1
HMZ,Lazard Equity Megatrends ETF,Financial,Exchange Traded Fund,USA,,,34.38,-1.06%,583.0,0,0,0,-1,0,0,0,0,0,0,1,0,0,0,0,0,0,0,0,0,0,0,0,0,-1,0,0,0,1,2,3
HNQ,ROBO Global Artificial Intelligence ETF,Financial,Exchange Traded Fund,USA,,,97.22,-1.81%,56924.0,0,0,0,0,0,0,0,-1,0,0,0,0,0,0,0,0,0,0,0,0,0,0,0,0,0,0,0,0,0,1,1
HO,Thor Industries Inc,Consumer Cyclical,Recreational Vehicles,USA,3410000000.0,19.52,66.11,0.41%,1213817.0,0,0,0,0,0,1,0,0,1,0,0,0,0,0,0,0,0,0,0,-1,0,0,0,0,0,0,0,0,2,1,3
HRV,Prospera Income ETF,Financial,Exchange Traded Fund,USA,,,23.26,-0.09%,1851.0,0,0,0,-1,0,0,0,0,0,0,0,0,0,0,0,0,0,0,0,0,0,0,0,0,0,0,0,0,0,1,1
HTA,SoFi Enhanced Yield ETF,Financial,Exchange Traded Fund,USA,,,15.77,-0.13%,50806.0,0,0,0,-1,0,0,0,0,0,0,0,0,0,0,0,0,0,0,0,0,0,0,0,0,0,0,0,0,0,1,1
IC,TIC Solutions Inc,Industrials,Specialty Business Services,USA,1920000000.0,,8.82,0.57%,1615815.0,0,0,0,0,0,0,0,0,0,0,0,0,0,0,0,0,0,0,0,0,1,0,0,1,0,0,0,0,2,0,2
IH,The Investment House ETF,Financial,Exchange Traded Fund,USA,,,24.97,-0.65%,6916.0,0,0,0,0,0,0,0,0,0,0,0,0,-1,0,0,0,0,0,0,0,0,0,0,1,0,0,0,0,1,1,2
II,Titan Mining Corp,Basic Materials,Other Industrial Metals & Mining,USA,207860000.0,,2.1,-7.89%,419602.0,0,0,0,0,0,0,0,0,0,0,0,0,0,0,0,0,0,0,0,0,0,0,0,0,0,1,0,0,1,0,1
ILL,Teucrium Agricultural Strategy No K-1 ETF,Financial,Exchange Traded Fund,USA,,,20.31,-0.88%,6243.0,0,0,0,0,0,0,0,0,0,0,0,0,0,0,0,0,0,0,0,0,0,0,-1,0,0,0,0,0,0,1,1
INS,Templeton International Insights ETF,Financial,Exchange Traded Fund,USA,,,27.99,-0.53%,11.0,0,0,0,0,0,0,0,0,0,0,0,0,0,0,0,0,0,0,0,0,0,0,0,0,-1,0,0,0,0,1,1
INT,ProShares Smart Materials ETF,Financial,Exchange Traded Fund,USA,,,37.83,-0.40%,1560.0,0,0,0,0,0,0,0,0,0,0,0,0,0,0,0,0,0,0,0,0,0,0,0,0,-1,0,0,0,0,1,1
INY,ProShares Nanotechnology ETF,Financial,Exchange Traded Fund,USA,,,78.11,-2.31%,1113.0,0,1,0,0,0,0,0,0,0,0,0,0,0,0,0,0,0,0,0,0,0,0,0,0,0,0,0,0,1,0,1
IPC,Northern Trust 2045 Inflation-Linked Distributing Ladder ETF,Financial,Exchange Traded Fund,USA,,,93.03,0.36%,1044.0,0,0,0,0,0,0,0,0,1,0,0,0,0,0,0,0,0,0,0,0,0,0,0,0,0,0,0,0,1,0,1
IPD,Northern Trust 2055 Inflation-Linked Distributing Ladder ETF,Financial,Exchange Traded Fund,USA,,,90.68,0.51%,57.0,0,0,0,0,0,0,0,0,1,0,0,0,0,0,0,0,0,0,0,0,0,0,0,0,0,0,0,0,1,0,1
IPT,Tiptree Inc,Financial,Asset Management,USA,646110000.0,,17.35,0.75%,251745.0,0,0,0,-1,0,0,0,-1,0,0,0,0,0,0,0,0,0,0,0,0,0,0,0,0,0,0,0,0,0,2,2
ISI,Team Inc,Industrials,Specialty Business Services,USA,121590000.0,,26.53,-3.84%,37704.0,0,1,0,0,0,0,0,0,0,0,0,0,0,0,0,0,0,0,0,0,0,0,0,0,0,0,0,0,1,0,1
KLF,Tokyo Lifestyle Co Ltd ADR,Consumer Cyclical,Specialty Retail,Japan,6680000.0,9.41,1.58,3.48%,16220.0,0,0,0,0,0,1,0,0,1,0,0,0,0,0,0,0,0,0,0,0,0,0,0,0,0,0,0,0,2,0,2
KO,TKO Group Holdings Inc,Communication Services,Entertainment,USA,34380000000.0,62.83,181.63,1.67%,857676.0,0,0,0,0,0,0,0,0,1,0,0,0,0,0,0,0,0,0,0,0,0,0,0,0,0,0,0,0,1,0,1
LA,GraniteShares Autocallable TSLA ETF,Financial,Exchange Traded Fund,USA,,,24.74,-0.18%,3937.0,0,1,0,-1,0,0,0,0,0,0,1,1,0,0,0,0,0,0,0,0,0,0,0,0,0,0,0,0,3,1,4
LDR,The Laddered T-Bill ETF,Financial,Exchange Traded Fund,USA,,,25.01,0.00%,36943.0,0,1,0,0,0,0,0,0,1,1,0,0,0,0,0,0,0,0,0,0,0,0,0,0,0,0,0,0,3,0,3
LIH,Ten League International Holdings Ltd,Industrials,Industrial Distribution,Singapore,16910000.0,4.37,5.75,0.00%,582.0,0,1,0,0,0,0,0,0,0,0,0,0,0,0,0,0,0,0,0,0,0,0,0,0,0,0,0,0,1,0,1
LRY,Tilray Brands Inc,Healthcare,Drug Manufacturers - Specialty & Generic,Canada,530539999.99999994,,3.59,-3.36%,9305889.0,0,0,0,0,0,0,0,0,1,0,0,0,0,0,0,0,0,0,0,0,0,0,0,0,0,0,0,0,1,0,1
LS,Telos Corp,Technology,Software - Infrastructure,USA,326600000.0,,4.37,1.39%,681640.0,0,0,0,0,0,0,0,0,0,0,0,0,-1,-1,0,0,0,0,0,0,0,0,0,0,0,0,0,0,0,2,2
LSA,Tiziana Life Sciences Ltd,Healthcare,Biotechnology,Bermuda,144990000.0,,1.13,2.73%,449945.0,0,0,0,0,0,1,0,0,1,1,0,0,0,0,0,0,0,0,0,0,0,0,0,0,0,0,0,0,3,0,3
LTP,Amplify TLT U.S. Treasury 12% Option Income ETF,Financial,Exchange Traded Fund,USA,,,18.87,0.93%,8044.0,0,0,0,0,0,0,0,0,1,1,0,0,0,0,0,0,0,0,0,0,0,0,0,0,0,0,0,0,2,0,2
LX,Telix Pharmaceuticals Ltd ADR,Healthcare,Biotechnology,Australia,3750000000.0,117.75,11.01,-0.99%,390349.0,0,0,0,-1,0,1,0,-1,0,0,0,0,0,0,0,0,0,0,0,0,0,0,0,0,0,0,0,0,1,2,3
LYS,Tillys Inc,Consumer Cyclical,Apparel Retail,USA,135810000.0,80.14,4.44,0.23%,113737.0,0,1,0,-1,0,0,0,0,0,0,1,1,0,0,0,0,0,0,0,0,1,0,0,0,-1,0,0,0,4,2,6
MAR,FT Vest Emerging Markets Buffer ETF - March,Financial,Exchange Traded Fund,USA,,,26.63,-1.24%,1836.0,0,0,0,-1,0,0,0,-1,0,0,0,0,0,0,0,0,0,0,0,0,0,0,0,0,0,0,0,0,0,2,2
MAT,Main Thematic Innovation ETF,Financial,Exchange Traded Fund,USA,,,29.86,-1.65%,13897.0,0,0,0,0,0,0,0,0,0,0,0,0,0,0,0,0,0,0,0,0,0,0,0,0,-1,0,0,0,0,1,1
MB,Thornburg Multi Sector Bond ETF,Financial,Exchange Traded Fund,USA,,,24.67,0.20%,95287.0,0,0,0,0,0,1,0,0,0,0,0,0,0,0,0,0,0,0,0,-1,0,0,0,0,0,0,0,0,1,1,2
MC,TMC the metals company Inc,Basic Materials,Other Industrial Metals & Mining,Canada,1510000000.0,,3.43,-2.56%,5464037.0,0,0,0,0,0,0,0,0,0,0,0,0,-1,0,0,0,0,0,0,0,0,0,0,0,0,0,0,0,0,1,1
ME,Tencent Music Entertainment Group ADR,Communication Services,Internet Content & Information,China,5020000000.0,9.54,7.96,-0.38%,4493495.0,0,0,0,0,0,0,0,0,1,1,0,0,0,0,0,0,0,0,0,0,0,0,0,0,0,0,0,0,2,0,2
MF,Direxion Daily 20+ Year Treasury Bull 3X Shares,Financial,Exchange Traded Fund,USA,,,25.9,2.66%,12427749.0,0,0,0,0,0,0,0,0,1,1,0,0,0,0,0,0,0,0,0,0,0,0,0,0,0,0,0,0,2,0,2
MFE,Motley Fool Capital Efficiency 100 Index ETF,Financial,Exchange Traded Fund,USA,,,31.09,0.49%,10539.0,0,0,0,0,0,0,0,-1,0,0,0,0,0,0,0,0,0,0,0,0,0,0,0,0,0,0,0,0,0,1,1
MH,Toyota Motor Corp ADRhedged,Financial,Exchange Traded Fund,USA,,,48.99,1.46%,229.0,0,0,0,0,0,0,0,0,0,0,1,0,0,0,0,0,0,0,0,0,0,0,0,0,0,0,0,0,1,0,1
MLP,Tortoise MLP ETF,Financial,Exchange Traded Fund,USA,,,28.16,0.99%,3729.0,0,1,0,0,0,0,0,0,0,0,0,0,0,0,0,0,0,1,0,0,0,0,0,0,0,0,0,0,2,0,2
MQ,Trilogy Metals Inc,Basic Materials,Other Industrial Metals & Mining,Canada,509620000.0,,2.81,-1.40%,1449628.0,0,0,0,0,0,0,0,0,1,0,0,0,0,0,0,0,0,0,0,0,0,0,0,0,0,0,0,0,1,0,1
MUS,T-Mobile US Inc,Communication Services,Telecom Services,USA,183760000000.0,17.93,171.31,2.18%,4391842.0,0,0,0,0,0,0,0,0,0,0,0,0,0,0,0,0,0,0,0,-1,0,0,0,0,0,0,0,0,0,1,1
MVE,Thrivent Mid Cap Value ETF,Financial,Exchange Traded Fund,USA,,,17.07,0.30%,5024.0,0,0,0,0,0,0,0,0,1,0,0,0,0,0,0,0,0,0,0,0,0,0,0,0,0,0,0,0,1,0,1
NL,Travel+Leisure Co,Consumer Cyclical,Travel Services,USA,3830000000.0,17.04,62.61,-0.46%,672866.0,0,0,0,0,0,0,0,0,0,0,1,0,0,0,0,0,0,0,0,0,0,0,0,0,-1,0,0,0,1,1,2
NMG,TNL Mediagene,Communication Services,Publishing,Taiwan,3120000.0,,4.1,1.99%,26177.0,0,0,0,0,0,0,0,0,0,0,0,0,0,0,0,0,0,0,0,0,0,0,0,0,0,1,0,0,1,0,1
NXT,T. Rowe Price Innovation Leaders ETF,Financial,Exchange Traded Fund,USA,,,28.8,-1.17%,174.0,0,0,0,-1,0,0,0,0,0,0,0,0,0,0,0,0,0,0,0,0,0,0,0,0,0,0,0,0,0,1,1
OAO,Twin Oak Active Opportunities III ETF,Financial,Exchange Traded Fund,USA,,,27.69,-0.75%,7.0,0,0,0,0,0,1,0,0,0,0,0,0,0,0,0,0,0,0,0,0,0,0,0,0,0,0,0,0,1,0,1
OLL,Tema Durable Quality ETF,Financial,Exchange Traded Fund,USA,,,41.26,-0.72%,2894.0,0,0,0,0,0,0,0,0,0,0,1,0,0,0,0,0,0,0,0,0,0,0,-1,0,0,0,0,0,1,1,2
ONT,Graf Global Corp,Financial,Shell Companies,USA,154760000.0,61.23,10.93,0.00%,190.0,0,0,0,0,0,0,0,0,0,0,0,0,0,0,0,1,0,0,0,0,0,0,0,0,0,0,0,0,1,0,1
ONX,TON Strategy Co,Technology,Software - Application,USA,178430000.0,,3.24,-7.69%,283792.0,0,0,0,0,0,1,0,0,0,0,0,0,0,0,0,0,0,0,0,0,0,0,0,0,0,0,0,0,1,0,1
OPW,Roundhill Top WeeklyPay ETF,Financial,Exchange Traded Fund,USA,,,34.23,-1.50%,46741.0,0,0,0,0,0,0,0,0,0,0,0,0,-1,0,0,0,0,0,0,0,0,0,0,0,0,0,0,0,0,1,1
ORO,Toro Corp,Energy,Oil & Gas Midstream,Cyprus,189380000.0,502.75,5.48,5.18%,85494.0,0,0,0,0,0,0,0,0,0,0,0,0,0,0,0,0,0,0,0,0,0,0,-1,0,0,0,0,0,0,1,1
OS,Twin Oak Strategic Solutions ETF,Financial,Exchange Traded Fund,USA,,,30.3,-1.75%,23.0,0,0,0,0,0,0,0,0,0,0,1,0,0,0,0,0,0,0,0,0,0,0,-1,0,0,0,0,0,1,1,2
OT,LionShares U.S. Equity Total Return ETF,Financial,Exchange Traded Fund,USA,,,24.31,-0.44%,1528.0,0,0,0,0,0,0,0,0,0,0,1,0,0,0,0,0,0,0,0,0,0,0,0,0,-1,0,0,0,1,1,2
OUR,Tuniu Corp ADR,Consumer Cyclical,Travel Services,China,48260000.0,17.66,4.98,-2.73%,1368.0,0,0,0,0,0,0,0,0,1,0,0,0,0,0,0,0,0,0,0,0,0,0,0,0,0,0,0,0,1,0,1
OV,JLens 500 Jewish Advocacy U.S. ETF,Financial,Exchange Traded Fund,USA,,,32.65,-0.53%,2105.0,0,1,0,0,0,0,0,0,0,0,0,0,0,0,0,0,0,0,0,0,0,0,0,0,0,0,0,0,1,0,1
OVX,Theriva Biologics Inc,Healthcare,Biotechnology,USA,10420000.0,,0.23,-2.95%,526561.0,0,0,0,0,0,0,0,0,1,0,0,0,0,0,0,1,0,0,0,0,0,0,0,0,0,0,0,0,2,0,2
PB,Turning Point Brands Inc,Consumer Defensive,Tobacco,USA,1140000000.0,24.54,57.04,-0.58%,546215.0,0,0,0,0,0,0,0,0,0,0,0,0,-1,0,0,0,0,0,0,0,0,0,0,0,0,0,0,0,0,1,1
PC,Tutor Perini Corp,Industrials,Engineering & Construction,USA,4430000000.0,36.45,84.24,-1.94%,414094.0,0,0,0,0,0,0,0,0,0,0,1,0,0,0,0,0,0,0,0,0,1,0,-1,0,0,0,0,0,2,1,3
PL,Texas Pacific Land Corp,Energy,Oil & Gas E&P,USA,24680000000.0,45.61,357.78,3.47%,323763.0,0,0,0,0,0,1,0,0,1,0,0,0,0,0,0,0,0,0,0,0,0,0,0,0,0,0,0,0,2,0,2
PST,Tempest Therapeutics Inc,Healthcare,Biotechnology,USA,13010000.0,,0.77,-2.70%,147704.0,0,0,0,0,0,0,0,0,1,0,0,0,0,0,0,0,0,0,0,0,0,0,0,0,0,0,0,0,1,0,1
PUT,T. Rowe Price Capital Appreciation Market Opportunities ETF,Financial,Exchange Traded Fund,USA,,,25.17,0.08%,1717.0,0,0,0,0,0,0,0,0,0,0,0,0,-1,0,0,0,0,0,0,0,0,0,0,0,0,0,0,0,0,1,1
PVG,TriplePoint Venture Growth BDC Corp,Financial,Asset Management,USA,191740000.0,4.74,4.71,0.86%,140275.0,0,0,0,0,0,0,0,0,0,0,0,0,-1,0,0,0,0,0,0,0,0,0,0,0,0,0,0,0,0,1,1
PYP,Tortoise North American Pipeline ETF,Financial,Exchange Traded Fund,USA,,,41.46,1.31%,36710.0,0,1,0,-1,0,0,0,0,0,0,0,0,0,0,0,0,0,0,0,0,0,0,0,0,0,0,0,0,1,1,2
R,Tootsie Roll Industries Inc,Consumer Defensive,Confectioners,USA,2890000000.0,29.56,37.59,1.84%,146269.0,0,0,0,0,0,0,0,0,0,0,0,0,0,0,0,1,0,0,0,0,0,0,0,0,0,0,0,0,1,0,1
RAX,First Tracks Biotherapeutics Inc,Healthcare,Biotechnology,USA,1140000000.0,,32.01,4.64%,1483448.0,0,0,0,0,0,0,0,0,0,0,0,0,-1,0,0,0,0,0,0,0,0,0,0,0,0,0,0,0,0,1,1
REE,LendingTree Inc,Financial,Insurance Brokers,USA,355900000.0,1.96,25.35,4.36%,303693.0,0,0,0,0,0,0,0,0,1,0,0,0,0,0,0,0,0,0,0,0,0,0,0,0,0,0,0,0,1,0,1
REX,TREX Co Inc,Industrials,Building Products & Equipment,USA,4530000000.0,26.26,44.44,1.41%,1685682.0,0,1,0,0,0,0,0,0,0,0,0,0,0,0,0,0,0,0,0,0,1,0,-1,0,0,0,0,0,2,1,3
RFM,AAM Transformers ETF,Financial,Exchange Traded Fund,USA,,,59.82,-1.70%,27888.0,0,0,0,0,0,0,0,0,0,0,1,1,0,0,0,0,0,0,0,0,0,0,0,0,-1,0,0,0,2,1,3
RI,Thomson-Reuters Corp,Industrials,Specialty Business Services,Canada,44000000000.0,27.23,101.55,2.29%,1683871.0,0,0,0,0,0,0,0,0,0,0,0,0,0,0,0,0,0,0,0,0,1,0,0,0,0,0,0,0,1,0,1
RIO,MC Trio Equity Buffered ETF,Financial,Exchange Traded Fund,USA,,,66.07,-0.19%,2490.0,0,0,0,0,0,0,0,0,0,0,1,0,0,0,0,0,0,0,0,0,0,0,0,0,-1,0,0,0,1,1,2
RMK,Trustmark Corp,Financial,Banks - Regional,USA,2590000000.0,11.32,44.55,0.41%,375453.0,0,0,0,0,0,0,0,0,1,0,0,0,0,0,0,0,0,0,0,0,0,0,0,0,0,0,0,0,1,0,1
RND,Pacer Trendpilot Fund of Funds ETF,Financial,Exchange Traded Fund,USA,,,36.82,-0.66%,3176.0,0,0,0,0,0,0,0,0,0,0,1,0,0,0,0,0,0,0,0,0,0,0,-1,0,0,0,0,0,1,1,2
RNS,Transcat Inc,Industrials,Specialty Business Services,USA,808690000.0,236.91,86.4,-2.69%,148996.0,0,0,0,0,0,0,0,0,0,0,0,0,-1,0,0,0,0,0,0,0,0,0,0,0,0,0,0,0,0,1,1
RON,Tron Inc,Consumer Cyclical,Leisure,USA,588230000.0,,1.24,-3.12%,750332.0,0,0,0,0,0,0,0,0,0,0,0,0,0,0,0,1,0,0,0,0,0,0,0,0,0,0,0,0,1,0,1
ROX,Tronox Holdings plc,Basic Materials,Chemicals,USA,603670000.0,,3.78,1.89%,2305180.0,0,0,0,0,0,0,0,0,1,0,0,0,0,0,0,0,0,0,0,0,0,0,0,0,0,0,0,0,1,0,1
RPA,Hartford AAA CLO ETF,Financial,Exchange Traded Fund,USA,,,39.0,-0.09%,34717.0,0,0,0,0,0,0,0,0,0,0,0,0,-1,0,0,0,0,0,0,0,0,0,0,0,0,0,0,0,0,1,1
RST,Trustco Bank Corp,Financial,Banks - Regional,USA,932440000.0,15.21,54.76,0.92%,89844.0,0,0,0,-1,0,0,0,0,0,0,0,0,0,0,0,0,0,0,0,0,0,0,0,0,0,0,0,0,0,1,1
RSY,Xtrackers US 0-1 Year Treasury ETF,Financial,Exchange Traded Fund,USA,,,30.14,0.02%,24740.0,0,1,0,0,0,1,0,0,0,0,0,0,0,0,0,0,0,0,0,0,0,0,0,0,0,0,0,0,2,0,2
RTX,TPG RE Finance Trust Inc,Real Estate,REIT - Mortgage,USA,458310000.0,10.89,5.97,0.17%,1383048.0,0,0,0,0,0,0,0,0,0,0,0,0,0,0,0,0,0,0,0,0,1,0,0,0,0,0,0,0,1,0,1
RTY,Cambria Trinity ETF,Financial,Exchange Traded Fund,USA,,,31.55,0.25%,4922.0,0,0,0,0,0,0,0,0,0,0,0,0,0,0,0,0,0,1,0,0,0,0,0,0,0,0,0,0,1,0,1
RUF,VanEck Financials TruSector ETF,Financial,Exchange Traded Fund,USA,,,28.29,0.92%,13.0,0,0,0,0,0,0,0,0,0,0,0,0,0,0,0,0,0,0,0,0,0,0,-1,0,0,0,0,0,0,1,1
RUH,VanEck Healthcare TruSector ETF,Financial,Exchange Traded Fund,USA,,,29.33,-0.38%,138.0,0,0,0,0,0,0,0,0,0,0,0,0,-1,0,0,0,0,0,0,0,0,0,0,0,0,0,0,0,0,1,1
RUM,VanEck Materials TruSector ETF,Financial,Exchange Traded Fund,USA,,,24.51,0.38%,415.0,0,0,0,0,0,0,0,0,1,0,0,0,0,0,0,0,0,0,0,0,0,0,0,0,0,0,0,0,1,0,1
RUP,Trupanion Inc,Financial,Insurance - Property & Casualty,USA,1130000000.0,48.57,25.82,4.83%,489634.0,0,0,0,0,0,0,0,0,0,0,0,0,0,0,0,0,0,0,0,0,0,0,0,1,0,0,0,0,1,0,1
SCM,TimesSquare Quality Mid Cap Growth ETF,Financial,Exchange Traded Fund,USA,,,19.58,-0.88%,1527.0,0,0,0,0,0,0,0,0,1,0,0,0,0,0,0,0,0,0,0,0,0,0,0,0,0,0,0,0,1,0,1
SDD,GraniteShares 2x Short TSLA Daily ETF,Financial,Exchange Traded Fund,USA,,,7.2,1.27%,4759411.0,0,0,0,0,0,0,0,0,0,0,0,0,0,0,0,0,0,0,0,0,0,0,0,0,0,1,0,0,1,0,1
SEG,Leverage Shares 2X Long TSEM Daily ETF,Financial,Exchange Traded Fund,USA,,,6.95,-15.66%,84506.0,0,0,0,0,0,0,0,0,1,1,0,0,0,0,0,0,0,0,0,0,0,0,0,0,0,0,0,0,2,0,2
SEL,Touchstone Sands Capital US Select Growth ETF,Financial,Exchange Traded Fund,USA,,,29.65,-1.72%,4205.0,0,0,0,0,0,0,0,0,0,0,1,0,0,0,0,0,0,0,0,0,0,0,0,0,-1,0,0,0,1,1,2
SEM,Tower Semiconductor Ltd,Technology,Semiconductors,Israel,25810000000.0,90.23,228.75,-7.85%,2438333.0,0,1,0,0,0,0,0,0,0,0,0,0,-1,-1,0,0,0,0,0,0,1,0,0,0,0,0,0,0,2,2,4
SEP,FT Vest Emerging Market Buffer ETF - September,Financial,Exchange Traded Fund,USA,,,26.63,-1.31%,162.0,0,0,0,0,0,0,0,-1,0,0,0,0,0,0,0,0,0,0,0,0,0,0,0,0,0,0,0,0,0,1,1
SES,Truth Social American Energy Security ETF,Financial,Exchange Traded Fund,USA,,,31.89,0.85%,1710.0,0,0,0,0,0,1,0,0,0,0,1,1,0,0,0,0,0,0,0,0,0,0,0,0,-1,0,0,0,3,1,4
SEU,Tradr 2X Long TSEM Daily ETF,Financial,Exchange Traded Fund,USA,,,14.77,-17.15%,7769.0,0,0,0,0,0,0,0,0,1,1,0,0,0,0,0,0,0,0,0,0,0,0,0,0,0,0,0,0,2,0,2
SI,TCW Strategic Income Fund Inc,Financial,Closed-End Fund - Debt,USA,268870000.0,,4.22,0.24%,139545.0,0,0,0,0,0,0,0,0,1,0,0,0,0,0,0,0,0,0,0,0,0,0,0,0,0,0,0,0,1,0,1
SLG,Leverage Shares 2X Long TSLA Daily ETF,Financial,Exchange Traded Fund,USA,,,5.0,-1.57%,47556251.0,0,0,0,0,0,0,0,0,1,0,0,0,0,0,0,0,0,0,0,0,0,0,0,0,0,0,0,0,1,0,1
SLI,ProShares Ultra TSLA,Financial,Exchange Traded Fund,USA,,,18.67,-1.74%,4639.0,0,0,0,0,0,0,0,0,1,0,0,0,0,0,0,0,0,0,0,0,0,0,0,0,0,0,0,0,1,0,1
SLL,Direxion Daily TSLA Bull 2X ETF,Financial,Exchange Traded Fund,USA,,,10.01,-1.38%,38913425.0,0,0,0,0,0,0,0,0,1,0,0,0,0,0,0,0,0,0,0,0,0,0,0,0,0,0,0,0,1,0,1
SLR,GraniteShares 2x Long TSLA Daily ETF,Financial,Exchange Traded Fund,USA,,,17.39,-1.53%,941417.0,0,0,0,0,0,0,0,0,1,0,0,0,0,0,0,0,0,0,0,0,0,0,0,0,0,0,0,0,1,0,1
SLT,T-REX 2X Long Tesla Daily Target ETF,Financial,Exchange Traded Fund,USA,,,14.02,-1.27%,1193687.0,0,0,0,0,0,0,0,0,1,0,0,0,0,0,0,0,0,0,0,0,0,0,0,0,0,0,0,0,1,0,1
SLY,YieldMax TSLA Option Income Strategy ETF,Financial,Exchange Traded Fund,USA,,,22.27,-1.46%,341314.0,0,0,0,-1,0,0,0,0,0,0,0,0,0,0,0,0,0,0,0,0,0,0,0,0,0,0,0,0,0,1,1
SM,Taiwan Semiconductor Manufacturing ADR,Technology,Semiconductors,Taiwan,2375360000000.0,33.06,457.99,-3.01%,13421765.0,0,0,0,0,0,0,0,0,0,0,1,0,0,0,0,0,0,0,0,0,0,0,-1,0,0,0,0,0,1,1,2
SMG,Leverage Shares 2X Long TSM Daily ETF,Financial,Exchange Traded Fund,USA,,,43.72,-6.44%,71362.0,0,0,0,0,0,0,0,0,0,0,1,0,0,0,0,0,0,0,0,0,0,0,-1,0,0,0,0,0,1,1,2
SMY,YieldMax TSM Option Income Strategy ETF,Financial,Exchange Traded Fund,USA,,,15.43,-3.86%,148320.0,0,0,0,0,0,0,0,0,0,0,0,0,-1,0,0,0,0,0,0,0,1,0,0,0,0,0,0,0,1,1,2
SN,Tyson Foods Inc,Consumer Defensive,Farm Products,USA,18050000000.0,31.62,52.34,1.24%,3757718.0,0,0,0,0,0,0,0,0,1,1,0,0,0,0,0,0,0,0,0,0,0,0,0,0,0,0,0,0,2,0,2
SSI,TSS Inc,Technology,Information Technology Services,USA,281350000.0,19.63,9.97,-3.58%,657071.0,0,0,0,0,0,0,0,0,1,1,0,0,0,0,0,0,0,0,0,0,0,0,0,0,0,0,0,0,2,0,2
SYW,Roundhill Treasury Bond WeeklyPay ETF,Financial,Exchange Traded Fund,USA,,,38.13,1.21%,657.0,0,0,0,0,0,0,0,0,1,0,0,0,0,0,0,0,0,0,0,0,0,0,0,0,0,0,0,0,1,0,1
SYX,TSPY Lift ETF,Financial,Exchange Traded Fund,USA,,,23.22,-0.29%,22483.0,0,0,0,0,0,0,0,0,0,0,0,0,0,0,0,1,0,0,0,0,0,0,0,0,0,0,0,0,1,0,1
T,Trane Technologies plc,Industrials,Building Products & Equipment,Ireland,103400000000.0,35.6,469.94,0.57%,1076777.0,0,0,0,0,0,0,0,0,0,0,0,0,0,0,0,0,0,0,0,0,0,0,0,0,0,0,-1,0,0,1,1
TAN,ServiceTitan Inc,Technology,Software - Application,USA,7040000000.0,,72.93,1.66%,3403637.0,0,0,0,0,0,0,0,0,0,0,0,0,0,0,0,0,0,0,0,0,0,0,0,0,0,1,0,0,1,0,1
TC,Toro Co,Industrials,Tools & Accessories,USA,9160000000.0,25.92,96.81,0.40%,590019.0,0,0,0,0,0,0,0,0,0,0,1,0,0,0,0,0,0,0,0,0,0,0,0,0,0,0,0,0,1,0,1
TE,TotalEnergies SE,Energy,Oil & Gas Integrated,France,191320000000.0,10.62,86.02,2.13%,3311648.0,0,0,0,0,0,0,0,0,0,0,1,1,0,0,0,0,0,0,0,0,0,0,0,0,-1,0,0,0,2,1,3
TEQ,T. Rowe Price Technology ETF,Financial,Exchange Traded Fund,USA,,,44.51,-2.50%,62846.0,0,0,0,0,0,0,0,0,0,0,1,0,0,0,0,0,0,0,0,0,0,0,-1,0,0,0,0,0,1,1,2
TMI,TTM Technologies Inc,Technology,Electronic Components,USA,12380000000.0,53.03,117.5,-8.35%,2267479.0,0,0,0,0,0,1,0,0,0,0,0,0,0,0,0,0,0,0,0,0,0,0,0,0,0,0,0,0,1,0,1
TMX,Tradr 2X Long TTMI Daily ETF,Financial,Exchange Traded Fund,USA,,,7.75,-16.49%,41914.0,0,0,0,0,0,0,0,0,0,0,0,0,-1,0,0,0,0,0,0,0,1,0,0,0,0,0,0,0,1,1,2
USB,Thrivent Ultra Short Bond ETF,Financial,Exchange Traded Fund,USA,,,50.49,0.08%,32458.0,0,1,0,0,0,1,0,0,0,0,0,0,0,0,0,1,0,0,0,0,0,0,0,0,0,0,0,0,3,0,3
UYA,Tuya Inc ADR,Technology,Software - Infrastructure,China,922110000.0,15.19,1.7,-2.86%,187225.0,0,0,0,0,0,0,0,0,0,0,0,0,0,0,0,0,0,0,0,0,0,0,0,1,0,0,0,0,1,0,1
V,Grupo Televisa SAB ADR,Communication Services,Telecom Services,Mexico,1180000000.0,,2.24,0.45%,512354.0,0,1,0,0,0,0,0,0,0,0,0,0,0,0,0,0,0,0,0,0,0,0,0,0,0,0,0,0,1,0,1
VAL,T. Rowe Price Value ETF,Financial,Exchange Traded Fund,USA,,,42.59,0.28%,131950.0,0,0,0,0,0,0,0,0,0,0,0,0,0,0,0,0,0,0,0,0,0,0,-1,0,0,0,0,0,0,1,1
VGN,Tevogen Inc,Healthcare,Biotechnology,USA,45970000.0,,7.06,8.78%,30172.0,0,0,0,0,0,0,0,0,0,0,0,0,-1,0,0,0,0,0,0,0,0,0,0,1,0,0,0,0,1,1,2
W,Tradeweb Markets Inc,Financial,Capital Markets,USA,25670000000.0,26.18,109.68,2.12%,1340444.0,0,0,0,0,0,0,0,0,1,0,0,0,0,0,0,0,0,0,0,0,0,0,0,0,0,0,0,0,1,0,1
WI,Titan International Inc,Industrials,Farm & Heavy Construction Machinery,USA,440180000.0,,6.82,-0.44%,817331.0,0,0,0,0,0,0,0,0,0,0,0,0,0,0,0,0,0,0,0,0,1,0,0,1,0,0,0,0,2,0,2
WOX,iShares Large Cap Accelerated Outcome ETF,Financial,Exchange Traded Fund,USA,,,30.54,-0.32%,1351.0,0,0,0,0,0,0,0,0,0,0,0,0,0,0,0,0,0,1,0,0,0,0,0,0,0,0,0,0,1,0,1
XN,Texas Instruments Inc,Technology,Semiconductors,USA,263200000000.0,43.84,288.2,-0.27%,5946570.0,0,0,0,0,0,0,0,0,1,1,0,0,0,0,0,0,0,0,0,0,0,0,-1,0,0,0,0,0,2,1,3
XNU,Direxion Daily TXN Bull 2X ETF,Financial,Exchange Traded Fund,USA,,,46.19,-0.91%,8941.0,0,0,0,0,0,1,0,0,0,0,0,0,0,0,0,0,0,0,0,0,0,0,0,0,0,0,0,0,1,0,1
XRH,Texas Roadhouse Inc,Consumer Cyclical,Restaurants,USA,10680000000.0,26.06,162.76,0.17%,1416016.0,0,0,0,0,0,0,0,0,0,0,0,0,0,0,0,0,0,0,0,0,0,0,0,1,0,0,0,0,1,0,1
XT,Textron Inc,Industrials,Aerospace & Defense,USA,12590000000.0,13.82,73.22,0.26%,2056916.0,0,1,0,0,0,1,0,0,0,0,0,0,-1,-1,0,0,0,0,0,0,0,0,0,0,0,0,0,0,2,2,4
Y,Tri-Continental Corp,Financial,Closed-End Fund - Equity,USA,1840000000.0,,34.47,-0.14%,33858.0,0,0,0,-1,0,0,0,0,1,0,0,0,0,0,0,0,0,0,0,0,0,0,0,0,0,0,0,0,1,1,2
YD,Direxion Daily 7-10 Year Treasury Bull 3X Shares,Financial,Exchange Traded Fund,USA,,,20.13,1.05%,23168.0,0,0,0,0,0,1,0,0,0,0,0,0,0,0,0,0,0,0,0,0,0,0,0,0,0,0,0,0,1,0,1
YO,Direxion Daily 7-10 Year Treasury Bear -3X Shares,Financial,Exchange Traded Fund,USA,,,15.52,-1.08%,14591.0,0,0,0,0,0,0,0,0,0,0,0,0,0,0,0,0,0,1,0,0,0,0,0,0,0,0,0,0,1,0,1
,Unity Software Inc,Technology,Software - Application,USA,20200000000.0,,45.89,0.99%,15660933.0,0,0,0,0,0,0,0,0,0,0,0,0,-1,0,0,0,0,0,0,0,0,0,0,0,0,0,0,0,0,1,1
AC,United Acquisition Corp I,Financial,Shell Companies,USA,138400000.0,,10.01,0.00%,10.0,0,0,0,0,0,0,0,-1,0,0,0,0,0,0,0,0,0,0,0,0,0,0,0,0,0,0,0,0,0,1,1
AE,iShares MSCI UAE ETF,Financial,Exchange Traded Fund,USA,,,19.3,-2.23%,153848.0,0,0,0,0,0,0,0,0,0,0,1,1,0,0,0,0,0,0,0,0,0,0,0,0,0,0,0,0,2,0,2
BCP,"United Bancorp Inc (Martins Ferry, OH)",Financial,Banks - Regional,USA,83160000.0,10.53,14.5,2.33%,15866.0,0,0,0,0,0,0,0,0,0,0,0,0,-1,0,0,0,0,0,0,0,0,0,0,0,0,0,0,0,0,1,1
BEW,Roundhill UBER WeeklyPay ETF,Financial,Exchange Traded Fund,USA,,,23.75,3.06%,2008.0,0,1,0,0,0,0,0,0,0,0,0,0,0,0,0,0,0,0,0,-1,0,0,0,0,0,0,0,0,1,1,2
BND,VictoryShares Core Plus Bond ETF,Financial,Exchange Traded Fund,USA,,,20.62,-0.15%,377733.0,0,0,0,0,0,0,0,0,1,0,0,0,0,0,0,0,0,0,0,0,0,0,0,0,0,0,0,0,1,0,1
BOT,Direxion Robotics & AI Bull 2X,Financial,Exchange Traded Fund,USA,,,21.22,-4.33%,10013.0,0,0,0,0,0,0,0,0,0,0,0,0,0,0,0,1,0,0,0,0,0,0,0,0,0,0,0,0,1,0,1
BRL,GraniteShares 2x Long UBER Daily ETF,Financial,Exchange Traded Fund,USA,,,13.45,5.32%,284788.0,0,1,0,0,0,0,0,0,0,0,0,0,0,0,0,0,0,0,0,0,0,0,0,0,0,0,0,0,1,0,1
CC,ProShares Ultra Consumer Discretionary,Financial,Exchange Traded Fund,USA,,,42.36,0.49%,317.0,0,0,0,0,0,0,0,0,0,0,1,0,0,0,0,0,0,0,0,0,0,0,0,0,0,0,0,0,1,0,1
COP,ProShares Ultra Copper K-1 Free ETF,Financial,Exchange Traded Fund,USA,,,40.66,-1.81%,936.0,0,0,0,-1,0,0,0,0,0,0,0,0,0,0,0,0,0,0,0,0,0,0,0,0,0,0,0,0,0,1,1
CRD,VictoryShares Corporate Bond ETF,Financial,Exchange Traded Fund,USA,,,20.5,-0.15%,223.0,0,0,0,0,0,0,0,0,1,0,0,0,0,0,0,0,0,0,0,0,0,0,0,0,0,0,0,0,1,0,1
CTT,Ultra Clean Hldgs Inc,Technology,Semiconductor Equipment & Materials,USA,3060000000.0,,67.58,-5.38%,1721561.0,0,0,0,0,0,0,0,0,1,0,0,0,0,0,0,0,0,0,0,0,0,0,0,0,0,0,0,0,1,0,1
DEC,Innovator U.S. Equity Ultra Buffer ETF - December,Financial,Exchange Traded Fund,USA,,,43.08,-0.14%,7001.0,0,0,0,0,0,0,0,-1,0,0,0,0,0,0,0,0,0,0,0,0,0,0,0,0,0,0,0,0,0,1,1
EC,Uranium Energy Corp,Energy,Uranium,USA,4530000000.0,,9.14,-3.48%,10857253.0,0,0,0,0,0,0,0,0,1,0,0,0,0,0,0,0,0,0,0,0,0,0,0,0,0,0,0,0,1,0,1
FG,Uni Fuels Holdings Ltd,Industrials,Marine Shipping,Singapore,11980000.0,,0.37,-0.57%,2356707.0,0,0,0,0,0,0,0,0,1,0,0,0,0,0,0,0,0,0,0,0,0,0,0,0,0,0,0,0,1,0,1
FOD,Tuttle Capital UFO Disclosure ETF,Financial,Exchange Traded Fund,USA,,,23.51,-1.83%,132.0,0,0,0,0,0,0,0,0,1,0,0,0,0,0,0,1,0,0,0,0,0,0,0,0,0,0,0,0,2,0,2
FPI,UFP Industries Inc,Basic Materials,Lumber & Wood Production,USA,4219999999.9999995,17.63,76.45,0.01%,482357.0,0,0,0,0,0,0,0,0,0,0,0,0,-1,0,0,0,0,0,0,0,0,0,0,0,0,0,0,0,0,1,1
GE,ProShares Ultra Consumer Staples,Financial,Exchange Traded Fund,USA,,,18.62,4.68%,17197.0,0,0,0,0,0,0,0,0,1,0,0,0,0,0,0,0,0,0,0,0,0,0,0,0,0,0,0,0,1,0,1
JUL,Innovator U.S. Equity Ultra Buffer ETF - July,Financial,Exchange Traded Fund,USA,,,41.69,-0.17%,11171.0,0,0,0,0,0,0,0,0,0,0,1,0,0,0,0,0,0,0,0,0,0,0,0,0,0,0,0,0,1,0,1
JUN,Innovator U.S. Equity Ultra Buffer ETF - June,Financial,Exchange Traded Fund,USA,,,39.46,-0.28%,8881.0,0,0,0,0,0,1,0,0,0,0,0,0,0,0,0,0,0,0,0,0,0,0,0,0,0,0,0,0,1,0,1
LCC,Frontier Group Holdings Inc,Industrials,Airlines,USA,1370000000.0,,5.93,-2.31%,2268466.0,0,0,0,0,0,0,0,0,0,0,0,0,0,0,0,0,0,0,0,0,1,0,-1,0,0,0,0,0,1,1,2
LTA,Ulta Beauty Inc,Consumer Cyclical,Specialty Retail,USA,24120000000.0,20.56,564.21,3.43%,458081.0,0,0,0,0,0,0,0,0,0,0,1,1,0,0,0,0,0,0,0,0,0,0,0,0,0,0,0,0,2,0,2
MAC,Unusual Machines Inc,Technology,Computer Hardware,USA,1070000000.0000001,,21.39,-2.24%,2059520.0,0,0,0,0,0,0,0,0,0,0,1,0,0,0,0,0,0,0,0,0,0,0,-1,0,0,0,0,0,1,1,2
MAY,Innovator U.S. Equity Ultra Buffer ETF - May,Financial,Exchange Traded Fund,USA,,,39.07,-0.17%,5276.0,0,0,0,0,0,0,0,-1,0,0,0,0,0,0,0,0,0,0,0,0,0,0,0,0,0,0,0,0,0,1,1
N,Corgi UNH 2x Daily ETF,Financial,Exchange Traded Fund,USA,,,19.04,-2.64%,231.0,0,0,0,0,0,0,0,0,1,0,0,0,0,0,0,0,0,0,0,0,0,0,0,0,0,0,0,0,1,0,1
NFI,United Natural Foods Inc,Consumer Defensive,Food Distribution,USA,2660000000.0,32.99,44.07,1.10%,551002.0,0,0,0,0,0,0,0,0,0,0,0,0,0,0,0,1,0,0,0,0,0,0,0,0,0,0,0,0,1,0,1
NG,United States Natural Gas Fund,Financial,Exchange Traded Fund,USA,,,10.81,-1.99%,29497456.0,0,0,0,0,0,0,0,0,0,0,0,0,-1,0,0,0,0,0,0,0,0,0,0,0,0,0,0,0,0,1,1
NIT,Uniti Group Inc,Real Estate,REIT - Specialty,USA,1800000000.0,2.77,7.4,-5.61%,3002306.0,0,0,0,0,0,0,0,0,1,0,0,0,0,0,0,0,0,0,0,0,0,0,0,0,0,0,0,0,1,0,1
NL,United States 12 Month Natural Gas Fund LP,Financial,Exchange Traded Fund,USA,,,5.74,-0.65%,89667.0,0,0,0,0,0,0,0,0,1,0,0,0,0,0,0,0,0,0,0,0,0,0,0,0,0,0,0,0,1,0,1
NX,Tradr 2X Long U Daily ETF,Financial,Exchange Traded Fund,USA,,,27.29,1.82%,16217.0,0,0,0,0,0,0,0,0,1,0,0,0,0,0,0,0,0,0,0,0,0,0,0,0,0,0,0,0,1,0,1
PAL,ProShares Ultra Palladium K-1 Free ETF,Financial,Exchange Traded Fund,USA,,,17.41,1.87%,270.0,0,0,0,0,0,0,0,0,0,0,0,0,-1,0,0,0,0,0,0,0,0,0,0,0,0,0,0,0,0,1,1
PAR,UPAR Ultra Risk Parity ETF,Financial,Exchange Traded Fund,USA,,,14.93,0.20%,6176.0,0,0,0,0,0,0,0,0,0,0,0,0,-1,-1,0,0,0,0,0,0,0,0,0,0,0,0,0,0,0,2,2
PC,Universe Pharmaceuticals INC,Healthcare,Drug Manufacturers - Specialty & Generic,China,21000000.0,,4.18,-2.90%,12643.0,0,0,0,0,0,1,0,0,0,0,0,0,0,0,0,0,0,0,0,0,0,0,0,0,0,0,0,0,1,0,1
PGD,Invesco Bloomberg Analyst Rating Improvers ETF,Financial,Exchange Traded Fund,USA,,,81.23,0.76%,1172.0,0,0,0,-1,0,0,0,0,0,0,0,0,0,0,0,0,0,0,0,0,0,0,0,0,0,0,0,0,0,1,1
PLT,ProShares Ultra Platinum K-1 Free ETF,Financial,Exchange Traded Fund,USA,,,20.66,0.60%,6109.0,0,0,0,0,0,0,0,0,0,0,1,0,0,0,0,0,0,0,0,0,0,0,0,0,0,0,0,0,1,0,1
PST,Upstart Holdings Inc,Financial,Credit Services,USA,2350000000.0,44.05,24.19,0.71%,4223361.0,0,1,0,0,0,0,0,0,0,0,0,0,0,0,0,0,0,0,0,0,0,0,0,0,0,0,0,0,1,0,1
PSX,Tradr 2X Long UPST Daily ETF,Financial,Exchange Traded Fund,USA,,,9.51,0.85%,197621.0,0,0,0,0,0,0,0,0,0,0,0,0,-1,0,0,0,0,0,0,0,0,0,0,0,0,0,0,0,0,1,1
PWK,Upwork Inc,Communication Services,Internet Content & Information,USA,1070000000.0000001,11.21,8.57,2.02%,2574434.0,0,0,0,0,0,0,0,0,0,0,0,0,-1,0,0,0,0,0,0,0,0,0,0,0,0,1,0,0,1,1,2
RA,Global X Uranium ETF,Financial,Exchange Traded Fund,USA,,,38.56,-3.43%,5294955.0,0,0,0,0,0,0,0,0,1,0,0,0,0,0,0,0,0,0,0,0,0,0,0,0,0,0,0,0,1,0,1
RAA,Direxion Daily Uranium Industry Bull 2X ETF,Financial,Exchange Traded Fund,USA,,,18.34,-6.67%,119747.0,0,0,0,0,0,1,0,0,0,0,0,0,0,0,0,0,0,0,0,0,0,0,0,0,0,0,0,0,1,0,1
RAN,Themes Uranium & Nuclear ETF,Financial,Exchange Traded Fund,USA,,,34.55,-3.47%,3691.0,0,0,0,0,0,1,0,0,0,0,0,0,0,0,0,0,0,0,0,0,0,0,0,0,0,0,0,0,1,0,1
RG,Ur-Energy Inc,Energy,Uranium,USA,401840000.0,,1.01,-8.18%,8742374.0,0,0,0,0,0,0,0,0,1,0,0,0,0,0,0,0,0,0,0,0,0,0,0,0,0,0,0,0,1,0,1
SAC,USA Compression Partners LP,Energy,Oil & Gas Equipment & Services,USA,3680000000.0,23.74,25.38,-0.55%,99348.0,0,0,0,0,0,0,0,0,0,0,0,0,-1,0,0,0,0,0,0,0,0,0,0,0,0,0,0,0,0,1,1
SAF,Atlas America Fund,Financial,Exchange Traded Fund,USA,,,27.75,0.20%,2124.0,0,0,0,0,0,0,0,0,0,0,0,0,0,0,0,0,0,0,0,0,1,0,0,0,0,0,0,0,1,0,1
SAI,Pacer American Energy Infrastructure ETF,Financial,Exchange Traded Fund,USA,,,45.29,1.28%,11862.0,0,1,0,-1,0,0,0,0,0,0,0,0,0,0,0,0,0,0,0,0,0,0,0,0,0,0,0,0,1,1,2
SAS,Americas Gold and Silver Corp,Basic Materials,Other Industrial Metals & Mining,Canada,1430000000.0,,4.24,1.68%,3396338.0,0,0,0,0,0,0,0,0,1,0,0,0,0,0,0,0,0,0,0,0,0,0,0,0,0,0,0,0,1,0,1
SBC,USBC Inc,Technology,Scientific & Technical Instruments,USA,194350000.0,,0.5,-7.28%,701410.0,0,0,0,0,0,0,0,0,0,0,0,0,-1,0,0,0,0,0,0,0,0,0,0,0,0,1,0,0,1,1,2
SD,ProShares Ultra Semiconductors 2X Shares,Financial,Exchange Traded Fund,USA,,,96.03,-6.56%,647292.0,0,0,0,0,0,0,0,0,0,0,0,0,0,0,0,1,0,0,0,0,0,0,0,0,0,0,0,0,1,0,1
SDU,WisdomTree Bloomberg U.S. Dollar Bullish Fund,Financial,Exchange Traded Fund,USA,,,27.09,0.18%,161643.0,0,0,0,-1,0,0,0,0,0,0,0,0,0,0,0,0,0,1,0,0,0,0,0,0,0,0,0,0,1,1,2
SEP,Innovator U.S. Equity Ultra Buffer ETF - September,Financial,Exchange Traded Fund,USA,,,42.38,-0.18%,7794.0,0,0,0,-1,0,0,0,-1,0,0,0,0,0,0,0,0,0,0,0,0,0,0,0,0,0,0,0,0,0,2,2
SFR,WisdomTree Floating Rate Treasury Fund,Financial,Exchange Traded Fund,USA,,,50.43,0.02%,6184203.0,0,1,0,-1,0,1,0,0,0,0,0,0,0,0,0,0,0,1,0,0,0,0,0,0,0,0,0,0,3,1,4
SG,USCF Gold Strategy Plus Income Fund,Financial,Exchange Traded Fund,USA,,,31.47,0.66%,629.0,0,0,0,0,0,0,0,0,1,0,0,0,0,0,0,0,0,0,0,0,0,0,0,0,0,0,0,0,1,0,1
SGO,U.S. GoldMining Inc,Basic Materials,Other Industrial Metals & Mining,Canada,84630000.0,,6.03,-3.52%,82253.0,0,0,0,0,0,0,0,0,1,0,0,0,0,0,0,0,0,0,0,0,0,0,0,0,0,0,0,0,1,0,1
SLM,United States Lime & Minerals Inc,Basic Materials,Building Materials,USA,3130000000.0,23.33,109.05,-1.11%,77858.0,0,0,0,0,0,0,0,0,1,0,0,0,0,0,0,0,0,0,0,0,0,0,0,0,0,0,0,0,1,0,1
SLN,iShares Broad USD Floating Rate Loan ETF,Financial,Exchange Traded Fund,USA,,,50.01,-0.14%,2037.0,0,1,0,0,0,1,0,0,0,0,0,0,0,0,0,0,0,0,0,0,0,0,0,0,0,0,0,0,2,0,2
SMF,WisdomTree U.S. Multifactor Fund,Financial,Exchange Traded Fund,USA,,,52.93,0.01%,119619.0,0,1,0,0,0,0,0,0,0,0,0,0,-1,-1,0,0,0,0,0,0,0,0,0,0,0,0,0,0,1,2,3
SNZ,Xtrackers Net Zero Pathway Paris Aligned US Equity ETF,Financial,Exchange Traded Fund,USA,,,49.22,-0.82%,138.0,0,1,0,0,0,0,0,0,0,0,0,0,0,0,0,0,0,0,0,0,0,0,0,0,0,0,0,0,1,0,1
SOI,UBS AG ETRACS Crude Oil Shares Covered Call ETNs,Financial,Exchange Traded Fund,USA,,,45.64,2.31%,76891.0,0,0,0,0,0,0,0,0,0,0,1,0,0,0,0,0,0,0,0,0,0,0,0,0,0,0,0,0,1,0,1
SOY,Defiance Oil Enhanced Options Income ETF,Financial,Exchange Traded Fund,USA,,,7.3,0.76%,543124.0,0,0,0,0,0,0,0,0,0,0,1,0,0,0,0,0,0,0,0,0,0,0,0,0,0,0,0,0,1,0,1
SSE,Segall Bryant & Hamill Select Equity ETF,Financial,Exchange Traded Fund,USA,,,41.8,-1.07%,14480.0,0,0,0,0,0,0,0,-1,0,0,0,0,0,0,0,0,0,0,0,0,0,0,0,0,0,0,0,0,0,1,1
SSG,Xtrackers MSCI USA Selection Equity ETF,Financial,Exchange Traded Fund,USA,,,72.35,-0.58%,2171.0,0,1,0,0,0,0,0,0,0,0,0,0,0,0,0,0,0,0,0,0,0,0,0,0,0,0,0,0,1,0,1
SXF,iShares ESG Advanced MSCI USA ETF,Financial,Exchange Traded Fund,USA,,,68.77,-1.22%,63899.0,0,0,0,0,0,0,0,0,0,0,0,0,0,0,0,0,0,1,0,0,0,0,0,0,0,0,0,0,1,0,1
TES,Virtus Reaves Utilities ETF,Financial,Exchange Traded Fund,USA,,,75.03,-1.83%,644217.0,0,1,0,0,0,0,0,0,0,0,0,0,0,0,0,0,0,0,0,0,0,0,0,0,0,0,0,0,1,0,1
THR,United Therapeutics Corp,Healthcare,Drug Manufacturers - Specialty & Generic,USA,22850000000.0,19.06,532.78,-2.24%,1435282.0,0,0,0,0,0,0,0,0,0,0,0,0,-1,0,0,0,0,0,0,0,0,0,0,0,0,0,0,0,0,1,1
TI,Universal Technical Institute Inc,Consumer Defensive,Education & Training Services,USA,1120000000.0,33.01,20.31,2.11%,1469489.0,0,1,0,0,0,0,0,0,0,0,0,0,0,0,0,0,0,0,0,0,0,0,0,0,0,0,0,0,1,0,1
TWY,F/m US Treasury 20 Year Bond ETF,Financial,Exchange Traded Fund,USA,,,39.17,0.86%,8607.0,0,1,0,0,0,0,0,0,1,0,0,0,0,0,0,0,0,0,0,0,0,0,0,0,0,0,0,0,2,0,2
UPP,Principal CLO ETF,Financial,Exchange Traded Fund,USA,,,25.1,0.08%,10.0,0,1,0,0,0,0,0,0,0,0,0,0,0,0,0,0,0,0,0,0,0,0,0,0,0,0,0,0,1,0,1
VE,Universal Insurance Holdings Inc,Financial,Insurance - Property & Casualty,USA,1310000000.0,6.19,46.97,3.80%,356061.0,0,0,0,0,0,1,0,0,0,0,0,0,0,0,0,0,0,0,0,0,0,0,0,0,0,0,0,0,1,0,1
XRP,ProShares Ultra XRP ETF,Financial,Exchange Traded Fund,USA,,,14.36,-6.63%,295720.0,0,0,0,0,0,0,0,0,0,0,1,0,0,0,0,0,0,0,0,0,0,0,0,0,0,0,0,0,1,0,1
YLD,Angel Oak UltraShort Income ETF,Financial,Exchange Traded Fund,USA,,,50.84,0.04%,174463.0,0,1,0,-1,0,0,0,0,0,0,0,0,0,0,0,0,0,0,0,0,0,0,0,0,0,0,0,0,1,1,2
ABK,Virginia National Bankshares Corp,Financial,Banks - Regional,USA,266550000.0,10.78,49.13,1.70%,10083.0,0,0,0,0,0,0,0,0,0,0,1,0,0,0,0,0,0,0,0,0,0,0,0,0,0,0,0,0,1,0,1
AIE,VegaShares US Equity Autocallable Income ETF,Financial,Exchange Traded Fund,USA,,,24.57,-0.93%,242174.0,0,0,0,0,0,0,0,0,0,0,0,0,-1,0,0,0,0,0,0,0,0,0,0,1,0,0,0,0,1,1,2
ALE,Vale SA ADR,Basic Materials,Other Industrial Metals & Mining,Brazil,54650000000.0,28.3,13.42,-1.40%,28141583.0,0,0,0,0,0,0,0,0,0,0,0,0,-1,0,0,0,0,0,0,0,0,0,0,0,0,0,0,0,0,1,1
ALG,Leverage Shares 2X Long VALE Daily ETF,Financial,Exchange Traded Fund,USA,,,14.24,-2.95%,11.0,0,0,0,0,0,0,0,0,1,0,0,0,0,0,0,0,0,0,0,0,0,0,0,0,0,0,0,0,1,0,1
BCA,Vanguard Target Maturity 2027 Corporate Bond ETF,Financial,Exchange Traded Fund,USA,,,75.32,-0.05%,10588.0,0,1,0,-1,0,0,0,0,0,0,0,0,0,0,0,0,0,0,0,0,0,0,0,0,0,0,0,0,1,1,2
BCD,Vanguard Target Maturity 2030 Corporate Bond ETF,Financial,Exchange Traded Fund,USA,,,73.43,0.10%,17594.0,0,0,0,-1,0,0,0,0,0,0,0,0,0,0,0,0,0,0,0,0,0,0,0,0,0,0,0,0,0,1,1
BIL,Vanguard 0-3 Month Treasury Bill ETF,Financial,Exchange Traded Fund,USA,,,75.56,0.00%,2871573.0,0,0,0,-1,0,1,0,0,0,0,0,0,0,0,0,0,0,1,0,0,0,0,0,0,0,0,0,0,2,1,3
BK,Vanguard Morningstar Small-Cap Growth ETF,Financial,Exchange Traded Fund,USA,,,340.59,-0.48%,245150.0,0,0,0,0,0,0,0,0,0,0,0,0,0,0,0,0,0,0,0,0,0,0,-1,0,0,0,0,0,0,1,1
BNK,VersaBank,Financial,Banks - Regional,Canada,709350000.0,28.74,21.88,-0.09%,107300.0,0,0,0,0,0,0,0,0,0,0,1,0,0,0,0,0,0,0,0,0,0,0,-1,0,0,0,0,0,1,1,2
COB,Voya Core Bond ETF,Financial,Exchange Traded Fund,USA,,,47.5,0.19%,110.0,0,1,0,0,0,1,0,0,0,0,0,0,0,0,0,0,0,0,0,0,0,0,0,0,0,0,0,0,2,0,2
DC,Vanguard Consumer Staples ETF,Financial,Exchange Traded Fund,USA,,,226.04,1.99%,92206.0,0,0,0,0,0,0,0,0,1,0,0,0,0,0,0,0,0,0,0,0,0,0,0,0,0,0,0,0,1,0,1
DV,Vanguard Developed Markets ex-US Value Index ETF,Financial,Exchange Traded Fund,USA,,,75.68,-0.26%,5883.0,0,0,0,0,0,0,0,0,0,0,1,1,0,0,0,0,0,0,0,0,0,0,0,0,0,0,0,0,2,0,2
ECO,Veeco Instruments Inc,Technology,Semiconductor Equipment & Materials,USA,3150000000.0,141.27,51.45,-3.89%,509504.0,0,0,0,0,0,0,0,0,1,0,0,0,0,0,0,0,0,0,0,0,0,0,0,0,0,0,0,0,1,0,1
EGA,AdvisorShares STAR Global Buy-Write ETF,Financial,Exchange Traded Fund,USA,,,52.74,-0.29%,5772.0,0,0,0,-1,0,0,0,0,0,0,0,0,0,0,0,0,0,0,0,0,0,0,0,0,0,0,0,0,0,1,1
EL,Velocity Financial Inc,Financial,Mortgage Finance,USA,588670000.0,5.49,14.91,1.15%,204155.0,0,0,0,0,0,0,0,0,0,0,0,0,-1,0,0,0,0,0,0,0,0,0,0,0,0,0,0,0,0,1,1
ERA,Vera Therapeutics Inc,Healthcare,Biotechnology,USA,2140000000.0000002,,29.73,-1.72%,1731271.0,0,0,0,0,0,0,0,0,1,0,0,0,0,0,0,0,0,0,0,0,0,0,0,0,0,0,0,0,1,0,1
ERX,Vertex Inc,Technology,Software - Application,USA,2069999999.9999998,593.95,12.77,3.57%,1365056.0,0,1,0,-1,0,1,0,0,0,0,0,0,-1,-1,0,0,0,0,0,0,0,0,0,0,0,1,0,0,3,3,6
EXC,Vanguard Emerging Markets Ex-China ETF,Financial,Exchange Traded Fund,USA,,,95.51,-1.44%,19420.0,0,0,0,0,0,0,0,0,0,0,1,1,0,0,0,0,0,0,0,0,1,0,0,0,-1,0,0,0,3,1,4
FMO,Vanguard U.S. Momentum Factor ETF,Financial,Exchange Traded Fund,USA,,,227.78,-0.44%,183801.0,0,0,0,0,0,0,0,0,1,0,0,0,0,0,0,1,0,0,0,0,0,0,0,0,0,0,0,0,2,0,2
FS,VinFast Auto Ltd,Consumer Cyclical,Auto Manufacturers,Vietnam,7180000000.0,,3.07,1.32%,199712.0,0,0,0,0,0,0,0,0,0,0,0,0,-1,0,0,0,0,0,0,0,0,0,0,0,0,0,0,0,0,1,1
GAS,Verde Clean Fuels Inc,Utilities,Utilities - Renewable,USA,48070000.0,,1.09,0.93%,21819.0,0,0,0,0,0,0,0,0,0,0,0,0,-1,0,0,0,0,0,0,0,0,0,0,0,0,0,0,0,0,1,1
GI,Virtus Global Multi-Sector Income Fund,Financial,Closed-End Fund - Debt,USA,75230000.0,,6.65,-0.22%,53306.0,0,0,0,-1,0,0,0,0,0,0,0,0,0,0,0,0,0,0,0,0,0,0,0,0,0,0,0,0,0,1,1
GM,Invesco Trust for Investment Grade Municipals,Financial,Closed-End Fund - Debt,USA,473450000.0,,8.73,1.51%,549641.0,0,1,0,0,0,0,0,0,0,0,0,0,0,0,0,0,0,0,0,0,0,0,0,0,0,0,0,0,1,0,1
GNT,Versigent Plc,Consumer Cyclical,Auto Parts,Switzerland,3130000000.0,,44.16,-2.50%,1496542.0,0,0,0,0,0,0,0,0,0,0,1,0,0,0,0,0,0,0,0,0,0,0,-1,0,0,0,0,0,1,1,2
GUS,Vanguard Ultra-Short Treasury ETF,Financial,Exchange Traded Fund,USA,,,75.49,0.01%,198322.0,0,1,0,-1,0,1,0,0,0,0,0,0,0,0,0,0,0,0,0,0,0,0,0,0,0,0,0,0,2,1,3
GVT,Vanguard Government Securities Active ETF,Financial,Exchange Traded Fund,USA,,,72.07,0.26%,20184.0,0,0,0,0,0,1,0,0,0,0,0,0,0,0,0,0,0,0,0,-1,0,0,0,0,0,0,0,0,1,1,2
HC,Virnetx Holding Corp,Technology,Software - Infrastructure,USA,51610000.0,,12.3,4.15%,40922.0,0,0,0,0,0,1,0,0,0,0,0,0,0,0,0,0,0,0,0,-1,0,0,0,0,0,0,0,0,1,1,2
IAG,Leverage Shares 2X Long VIAV Daily ETF,Financial,Exchange Traded Fund,USA,,,13.06,-9.49%,26932.0,0,0,0,0,0,0,0,0,0,0,0,0,0,0,0,0,0,0,0,0,1,0,0,0,0,0,0,0,1,0,1
IAV,Viavi Solutions Inc,Technology,Communication Equipment,USA,10840000000.0,,44.09,-4.71%,4283110.0,0,0,0,0,0,0,0,0,0,0,0,0,0,0,0,1,0,0,0,0,0,0,0,0,0,0,0,0,1,0,1
ICI,VICI Properties Inc,Real Estate,REIT - Diversified,USA,25090000000.0,8.84,22.79,0.66%,17083450.0,0,0,0,0,0,0,0,0,1,1,0,0,0,0,0,0,0,0,0,0,0,0,0,0,0,0,0,0,2,0,2
IDI,Vident International Equity Strategy ETF,Financial,Exchange Traded Fund,USA,,,39.31,-0.48%,17026.0,0,0,0,0,0,0,0,0,0,0,1,0,0,0,0,0,0,0,0,0,0,0,-1,0,0,0,0,0,1,1,2
INP,Vinci Compass Investments Ltd,Financial,Asset Management,Brazil,720680000.0,16.11,11.0,1.48%,61825.0,0,0,0,0,0,1,0,0,1,0,0,0,0,0,0,0,0,0,0,-1,0,0,0,0,0,0,0,0,2,1,3
IP,Vulcan Infrastructure and Power Inc,Financial,Capital Markets,USA,49130000.0,17.67,1.38,-2.13%,96501.0,0,0,0,0,0,0,0,0,0,0,0,0,-1,0,0,0,0,0,0,0,0,0,0,0,0,0,0,0,0,1,1
IR,Vir Biotechnology Inc,Healthcare,Biotechnology,USA,1880000000.0,,11.12,-3.47%,3071272.0,0,1,0,0,0,0,0,0,0,0,0,0,0,0,0,0,0,0,0,0,0,0,0,0,0,0,0,0,1,0,1
IRT,Virtu Financial Inc,Financial,Capital Markets,USA,8970000000.0,9.6,57.81,-1.70%,871875.0,0,0,0,0,0,0,0,0,1,0,0,0,0,0,0,0,0,0,0,0,0,0,-1,0,0,0,0,0,1,1,2
IST,Vista Energy SAB de CV ADR,Energy,Oil & Gas E&P,Mexico,7460000000.0,8.98,67.16,2.64%,877204.0,0,0,0,0,0,0,0,0,0,0,1,0,0,0,0,0,0,0,0,0,0,0,-1,0,0,0,0,0,1,1,2
ITL,Vital Farms Inc,Consumer Defensive,Farm Products,USA,405060000.0,,9.44,2.11%,1811674.0,0,0,0,0,0,0,0,0,0,0,0,0,0,0,0,1,0,0,0,0,0,0,0,0,0,0,0,0,1,0,1
IVS,VivoSim Labs Inc,Healthcare,Biotechnology,USA,2940000.0,,0.18,-7.47%,872724.0,0,0,0,0,0,0,0,0,1,0,0,0,0,0,0,0,0,0,0,0,0,0,0,0,0,0,0,0,1,0,1
JET,Flyte Aviation Inc,Healthcare,Medical Devices,USA,2120000.0,,1.01,8.06%,675478.0,0,0,0,0,0,0,0,0,1,0,0,0,0,0,0,0,0,0,0,0,0,0,0,0,0,0,0,0,1,0,1
KTX,Viking Therapeutics Inc,Healthcare,Biotechnology,USA,3530000000.0,,27.73,-2.84%,8732655.0,0,0,0,0,0,1,0,0,0,0,1,0,0,0,0,0,0,0,0,0,0,0,-1,0,0,0,0,0,2,1,3
LO,Valero Energy Corp,Energy,Oil & Gas Refining & Marketing,USA,127780000000.0,18.41,443.8,4.65%,2576140.0,0,0,0,0,0,0,0,0,0,0,0,0,0,0,0,0,0,1,0,0,0,0,0,0,0,0,0,0,1,0,1
LRS,Controladora Vuela Cia De Aviacion ADR,Industrials,Airlines,Mexico,721890000.0,,6.28,-1.10%,289170.0,0,0,0,0,0,0,0,0,0,0,0,0,-1,0,0,0,0,0,0,0,0,0,0,0,0,0,0,0,0,1,1
LU,State Street SPDR S&P 1500 Value Tilt ETF,Financial,Exchange Traded Fund,USA,,,243.35,0.46%,4183.0,0,0,0,0,0,0,0,0,0,0,0,0,0,0,0,0,0,0,0,0,0,0,-1,0,0,0,0,0,0,1,1
LUE,iShares MSCI USA Value Factor ETF,Financial,Exchange Traded Fund,USA,,,200.12,-0.49%,451959.0,0,0,0,0,0,0,0,0,0,0,1,1,0,0,0,0,0,0,0,0,0,0,0,0,-1,0,0,0,2,1,3
MAX,Hartford US Value ETF,Financial,Exchange Traded Fund,USA,,,63.44,1.09%,55.0,0,0,0,0,0,0,0,0,0,0,0,0,0,0,0,0,0,0,0,0,0,0,-1,0,0,0,0,0,0,1,1
MD,Viemed Healthcare Inc,Healthcare,Medical Devices,USA,358410000.0,25.71,9.41,0.43%,268638.0,0,1,0,0,0,0,0,0,0,0,0,0,0,0,0,0,0,0,0,0,0,0,0,0,0,0,0,0,1,0,1
MET,Versamet Royalties Corp,Basic Materials,Other Precious Metals & Mining,Canada,933760000.0,9.29,8.58,0.88%,248763.0,0,0,0,0,0,0,0,0,1,0,0,0,0,0,0,0,0,0,0,0,0,0,0,0,0,0,0,0,1,0,1
NET,VNET Group Inc ADR,Technology,Information Technology Services,China,1450000000.0,,5.17,-4.08%,4955516.0,0,0,0,0,0,0,0,0,1,1,0,0,0,0,0,0,0,0,0,0,0,0,0,0,0,0,0,0,2,0,2
NM,VanEck Vietnam ETF,Financial,Exchange Traded Fund,USA,,,16.61,-1.54%,375165.0,0,0,0,0,0,0,0,0,0,0,0,0,-1,0,0,0,0,0,0,0,0,0,0,0,0,0,0,0,0,1,1
NME,Vendome Acquisition Corp I,Financial,Shell Companies,USA,257769999.99999997,36.63,10.34,0.01%,8.0,0,0,0,0,0,0,0,0,0,0,0,0,0,0,0,0,0,1,0,0,0,0,0,0,0,0,0,0,1,0,1
NO,Vornado Realty Trust,Real Estate,REIT - Office,USA,6880000000.0,1363.31,33.81,0.09%,1359914.0,0,0,0,0,0,0,0,0,0,0,0,0,0,0,0,0,0,0,0,0,0,0,-1,0,0,0,0,0,0,1,1
NOM,Viper Energy Inc,Energy,Oil & Gas Midstream,USA,15310000000.0,333.83,42.63,3.80%,2815606.0,0,0,0,0,0,0,0,0,1,1,0,0,0,0,0,0,0,0,0,0,0,0,0,0,0,0,0,0,2,0,2
NTG,Vantage Corp,Industrials,Marine Shipping,Singapore,19880000.0,,0.64,2.52%,117395.0,0,1,0,0,0,0,0,0,0,0,0,0,0,0,0,0,0,0,0,0,0,0,0,1,0,0,0,0,2,0,2
OC,VOC Energy Trust,Energy,Oil & Gas E&P,USA,57970000.0,8.42,3.41,0.00%,108020.0,0,0,0,0,0,0,0,0,0,0,0,0,0,0,0,1,0,0,0,0,0,0,0,0,0,0,0,0,1,0,1
OD,Vodafone Group plc ADR,Communication Services,Telecom Services,United Kingdom,38180000000.0,,16.48,-1.85%,3820993.0,0,0,0,-1,0,0,0,0,0,0,0,0,0,0,0,0,0,0,0,0,0,0,0,0,0,0,0,0,0,1,1
OLT,Tema Electrification ETF,Financial,Exchange Traded Fund,USA,,,36.19,-1.20%,125777.0,0,0,0,0,0,1,0,0,0,0,0,0,0,0,0,1,0,0,0,0,0,0,-1,0,0,0,0,0,2,1,3
OOG,Vanguard S&P 500 Growth ETF,Financial,Exchange Traded Fund,USA,,,86.59,-1.25%,1182481.0,0,0,0,0,0,0,0,-1,0,0,0,0,0,0,0,0,0,0,0,0,0,0,0,0,0,0,0,0,0,1,1
OT,Vanguard Morningstar Mid-Cap Growth ETF,Financial,Exchange Traded Fund,USA,,,297.86,-0.77%,178299.0,0,0,0,0,0,0,0,0,0,0,0,0,-1,0,0,0,0,0,0,0,0,0,0,0,0,0,0,0,0,1,1
OX,Vanguard Communication Services ETF,Financial,Exchange Traded Fund,USA,,,192.67,0.24%,276958.0,0,0,0,0,0,0,0,0,0,0,0,0,0,0,0,1,0,0,0,0,0,0,0,0,0,0,0,0,1,0,1
OXP,Vox Populi ETF,Financial,Exchange Traded Fund,USA,,,40.34,-0.51%,72.0,0,0,0,0,0,0,0,0,0,0,0,0,0,0,0,0,0,0,0,0,0,0,0,0,-1,0,0,0,0,1,1
OYA,Voya Financial Inc,Financial,Financial Conglomerates,USA,8760000000.0,16.3,96.64,-0.13%,1605183.0,0,0,0,0,0,0,0,0,1,0,0,0,0,0,0,0,0,0,0,0,0,0,0,0,0,0,0,0,1,0,1
OYG,Voyager Technologies Inc,Industrials,Aerospace & Defense,USA,1720000000.0,,28.18,-2.02%,1770376.0,0,0,0,0,0,0,0,0,0,0,0,0,-1,0,0,0,0,0,0,0,0,0,0,0,0,0,-1,0,0,2,2
PLS,Vanguard Core Plus Bond ETF,Financial,Exchange Traded Fund,USA,,,74.0,0.29%,275717.0,0,0,0,0,0,0,0,0,1,0,0,0,0,0,0,0,0,0,0,0,0,0,0,0,0,0,0,0,1,0,1
RA,Vera Bradley Inc,Consumer Cyclical,Footwear & Accessories,USA,145740000.0,,5.08,2.01%,929456.0,0,0,0,0,0,0,0,0,0,0,0,0,0,0,0,0,0,0,0,0,1,0,0,0,0,0,0,0,1,0,1
RC,Corgi VRT 2x Daily ETF,Financial,Exchange Traded Fund,USA,,,13.88,-2.09%,144.0,0,0,0,0,0,0,0,0,0,0,0,0,-1,0,0,0,0,0,0,0,0,0,0,0,0,0,0,0,0,1,1
RM,Vroom Inc,Financial,Credit Services,USA,46900000.0,,8.96,1.13%,17683.0,0,0,0,0,0,0,0,0,1,0,0,0,0,0,0,0,0,0,0,0,0,0,0,0,0,0,0,0,1,0,1
RP,Invesco Variable Rate Preferred ETF,Financial,Exchange Traded Fund,USA,,,23.76,0.25%,644001.0,0,0,0,0,0,0,0,0,1,0,0,0,0,0,0,0,0,0,0,0,0,0,0,0,0,0,0,0,1,0,1
RSK,Verisk Analytics Inc,Industrials,Consulting Services,USA,22840000000.0,26.97,175.49,4.04%,1380746.0,0,0,0,0,0,0,0,0,0,0,1,0,0,0,0,0,0,0,0,0,0,0,0,0,0,0,0,0,1,0,1
RSN,Verisign Inc,Technology,Software - Infrastructure,USA,26890000000.0,32.32,297.79,1.21%,1921440.0,0,0,0,0,0,0,0,0,0,0,1,1,0,0,0,0,0,0,0,0,0,0,-1,0,0,0,0,0,2,1,3
RT,Vertiv Holdings Co,Industrials,Electrical Equipment & Parts,USA,93830000000.0,55.15,243.73,-1.12%,5873481.0,0,0,0,0,0,0,0,0,0,0,0,0,-1,-1,0,0,0,0,0,0,0,0,0,0,0,0,0,0,0,2,2
RTL,GraniteShares 2x Long VRT Daily ETF,Financial,Exchange Traded Fund,USA,,,23.16,-2.53%,277788.0,0,0,0,0,0,0,0,0,1,1,0,0,0,0,0,0,0,0,0,0,0,0,0,0,0,0,0,0,2,0,2
RTS,Virtus Investment Partners Inc,Financial,Asset Management,USA,871480000.0,7.5,131.59,0.52%,121648.0,0,0,0,0,0,0,0,0,0,0,0,0,-1,0,0,0,0,0,0,0,0,0,0,0,0,0,0,0,0,1,1
RTX,Vertex Pharmaceuticals Inc,Healthcare,Biotechnology,USA,127550000000.0,29.28,503.25,-0.47%,1487972.0,0,0,0,0,0,0,0,-1,0,0,0,0,0,0,0,0,0,0,0,0,0,0,0,0,0,0,0,0,0,1,1
S,Versus Systems Inc,Technology,Software - Application,USA,6650000.0,,1.07,2.88%,6742.0,0,0,0,0,0,0,0,0,1,0,0,0,0,0,0,0,0,0,0,0,0,0,0,0,0,0,0,0,1,0,1
SDB,Vanguard Short Duration Bond ETF,Financial,Exchange Traded Fund,USA,,,74.68,0.16%,37718.0,0,0,0,0,0,0,0,0,0,0,0,0,-1,-1,0,0,0,0,0,0,0,0,0,0,0,0,0,0,0,2,2
SGX,Vanguard ESG International Stock ETF,Financial,Exchange Traded Fund,USA,,,80.27,-0.95%,113334.0,0,0,0,0,0,0,0,0,0,0,1,0,0,0,0,0,0,0,0,0,0,0,-1,0,0,0,0,0,1,1,2
SMV,VictoryShares US Multi-Factor Minimum Volatility ETF,Financial,Exchange Traded Fund,USA,,,60.59,0.97%,4215.0,0,0,0,0,0,0,0,-1,0,0,0,0,0,0,0,0,0,0,0,0,0,0,0,0,0,0,0,0,0,1,1
SS,Vanguard FTSE All-World Ex-US Small Capital Index Fund ETF,Financial,Exchange Traded Fund,USA,,,153.61,-0.60%,156210.0,0,0,0,0,0,0,0,0,0,0,1,0,0,0,0,0,0,0,0,0,0,0,0,0,-1,0,0,0,1,1,2
ST,Vistra Corp,Utilities,Utilities - Independent Power Producers,USA,52410000000.0,26.36,156.14,-6.35%,11324373.0,0,0,0,0,0,0,0,0,1,1,0,0,0,0,0,0,0,0,0,0,0,0,0,0,0,0,0,0,2,0,2
STL,Defiance Daily Target 2X Long VST ETF,Financial,Exchange Traded Fund,USA,,,24.9,-12.78%,568824.0,0,1,0,0,0,0,0,0,1,1,0,0,0,0,0,0,0,0,0,0,0,0,0,0,0,0,0,0,3,0,3
SXY,Victoria's Secret & Co,Consumer Cyclical,Apparel Retail,USA,6910000000.0,19.57,86.61,0.96%,2127966.0,0,0,0,0,0,0,0,0,1,0,0,0,0,0,0,0,0,0,0,0,0,0,0,0,0,0,0,0,1,0,1
T,Vanguard Total World Stock ETF,Financial,Exchange Traded Fund,USA,,,158.73,-0.57%,1788110.0,0,0,0,-1,0,0,0,0,0,0,0,0,0,0,0,0,0,0,0,0,0,0,0,0,0,0,0,0,0,1,1
TGN,Vistagen Therapeutics Inc,Healthcare,Biotechnology,USA,10930000.0,,0.25,-0.36%,959298.0,0,0,0,0,0,0,0,0,0,0,0,0,0,0,0,0,0,0,0,0,0,0,0,1,0,0,0,0,1,0,1
TI,Vanguard Morningstar Total Stock Market ETF,Financial,Exchange Traded Fund,USA,,,379.56,-0.39%,3104877.0,0,1,0,0,0,0,0,0,0,0,0,0,0,0,0,0,0,0,0,0,0,0,0,0,0,0,0,0,1,0,1
TMX,Corporacion Inmobiliaria Vesta Sab ADR,Real Estate,Real Estate - Diversified,Mexico,3270000000.0,7.39,33.94,0.92%,70036.0,0,0,0,0,0,0,0,0,0,0,0,0,-1,0,0,0,0,0,0,0,0,0,0,0,0,0,0,0,0,1,1
TN,Invesco Trust For Investment Grade New York Municipals,Financial,Closed-End Fund - Debt,USA,136090000.0,,9.28,-0.32%,85566.0,0,1,0,0,0,0,0,0,0,0,0,0,0,0,0,0,0,0,0,0,0,0,0,0,0,0,0,0,1,0,1
TP,Vanguard Total Inflation-Protected Securities ETF,Financial,Exchange Traded Fund,USA,,,72.5,0.22%,32677.0,0,1,0,0,0,0,0,0,0,0,0,0,0,0,0,0,0,0,0,0,0,0,0,0,0,0,0,0,1,0,1
TSI,VirTra Inc,Technology,Software - Application,USA,29880000.0,,2.64,-1.12%,28039.0,0,0,0,0,0,0,0,0,1,0,0,0,0,0,0,0,0,0,0,0,0,0,0,0,0,0,0,0,1,0,1
USB,Vanguard Ultra-Short Bond ETF,Financial,Exchange Traded Fund,USA,,,49.48,0.00%,2648616.0,0,1,0,-1,0,0,0,0,0,0,0,0,0,0,0,0,0,0,0,0,0,0,0,0,0,0,0,0,1,1,2
USG,Vanguard Wellington U.S. Growth Active ETF,Financial,Exchange Traded Fund,USA,,,67.55,-1.97%,105511.0,0,0,0,0,0,0,0,0,0,0,1,0,0,0,0,0,0,0,0,0,0,0,0,0,0,0,0,0,1,0,1
UZI,Vuzix Corp,Technology,Consumer Electronics,USA,214410000.0,,2.54,-5.58%,1413557.0,0,0,0,0,0,0,0,0,0,0,0,0,0,0,0,0,0,0,0,0,0,0,0,0,0,0,-1,0,0,1,1
V,Vanguard Morningstar Large-Cap ETF,Financial,Exchange Traded Fund,USA,,,357.11,-0.43%,320678.0,0,1,0,0,0,0,0,0,0,0,0,0,0,0,0,0,0,0,0,0,0,0,0,0,0,0,0,0,1,0,1
VOS,Vivos Therapeutics Inc,Healthcare,Medical Devices,USA,5030000.0,,0.15,-0.99%,1977089.0,0,0,0,0,0,0,0,0,0,0,0,0,0,0,0,0,0,0,0,-1,0,0,0,0,0,0,0,0,0,1,1
VR,Invesco Senior Income Trust,Financial,Closed-End Fund - Debt,USA,441760000.0,,2.87,0.00%,572470.0,0,0,0,0,0,0,0,0,1,0,0,0,0,0,0,0,0,0,0,0,0,0,0,0,0,0,0,0,1,0,1
VX,V2X Inc,Industrials,Aerospace & Defense,USA,2220000000.0,24.44,70.97,4.26%,448680.0,0,0,0,0,0,0,0,0,0,0,1,0,0,0,0,0,0,0,0,0,0,0,-1,0,0,0,0,0,1,1,2
WO,Vanguard FTSE Emerging Markets ETF,Financial,Exchange Traded Fund,USA,,,59.1,-1.25%,9651379.0,0,1,0,0,0,0,0,-1,0,0,0,0,0,0,0,0,0,0,0,0,0,0,0,0,0,0,0,0,1,1,2
XF,Vanguard Extended Market Index ETF,Financial,Exchange Traded Fund,USA,,,233.13,-0.15%,421427.0,0,0,0,0,0,0,0,0,1,0,0,0,0,0,0,0,0,0,0,0,0,0,0,0,0,0,0,0,1,0,1
Z,Verizon Communications Inc,Communication Services,Telecom Services,USA,192570000000.0,12.07,46.35,1.27%,22781538.0,0,0,0,0,0,0,0,0,0,0,1,0,0,0,0,0,0,0,0,0,0,0,0,0,0,0,0,0,1,0,1
ZLA,Vizsla Silver Corp,Basic Materials,Other Industrial Metals & Mining,Canada,1230000000.0,,3.47,1.46%,3566430.0,0,0,0,0,0,0,0,0,0,0,1,0,0,0,0,0,0,0,0,0,1,0,0,0,0,0,0,0,2,0,2
ABC,Westamerica Bancorporation,Financial,Banks - Regional,USA,1380000000.0,13.14,59.59,2.20%,256791.0,0,0,0,0,0,0,0,0,0,0,0,0,-1,0,0,0,0,0,0,0,0,0,0,0,0,0,0,0,0,1,1
ABF,Western Asset Bond ETF,Financial,Exchange Traded Fund,USA,,,23.62,0.21%,111.0,0,0,0,-1,0,0,0,0,0,0,0,0,0,0,0,0,0,0,0,0,0,0,0,0,0,0,0,0,0,1,1
AFU,Wah Fu Education Group Ltd,Consumer Defensive,Education & Training Services,China,6400000.0,,1.45,-0.68%,164698.0,0,0,0,0,0,1,0,0,1,0,1,0,0,0,0,1,0,0,0,0,0,0,0,0,0,0,0,0,4,0,4
AMA,WisdomTree US Adaptive Moving Average Fund,Financial,Exchange Traded Fund,USA,,,27.17,-0.48%,11802.0,0,1,0,0,0,0,0,-1,0,0,0,0,0,0,0,0,0,0,0,0,0,0,0,0,0,0,0,0,1,1,2
ANT,Direxion Daily Consumer Discretionary Bull 3X ETF,Financial,Exchange Traded Fund,USA,,,35.16,0.89%,12655.0,0,0,0,0,0,0,0,0,0,0,0,0,-1,-1,0,0,0,0,0,0,0,0,0,0,0,0,0,0,0,2,2
AVE,Eco Wave Power Global AB ADR,Utilities,Utilities - Renewable,Israel,36070000.0,,5.78,-2.03%,5762.0,0,0,0,0,0,0,0,0,1,0,0,0,0,0,0,0,0,0,0,0,0,0,0,0,0,0,0,0,1,0,1
AY,Waystar Holding Corp,Healthcare,Health Information Services,USA,5080000000.0,37.7,26.48,2.76%,2085701.0,0,1,0,0,0,0,0,-1,0,0,1,0,0,0,0,0,0,0,0,0,0,0,0,0,0,0,0,0,2,1,3
BTN,Webtoon Entertainment Inc,Communication Services,Internet Content & Information,USA,1340000000.0,,9.91,1.12%,627454.0,0,0,0,0,0,0,0,0,1,0,0,0,0,0,0,0,0,0,0,0,0,0,0,0,0,0,0,0,1,0,1
CAP,WarCap Unconstrained Equity ETF,Financial,Exchange Traded Fund,USA,,,9.31,-0.92%,2512.0,0,0,0,0,0,0,0,0,0,0,0,0,0,0,0,1,0,0,0,0,0,0,0,0,0,0,0,0,1,0,1
CBR,WisdomTree Cybersecurity Fund,Financial,Exchange Traded Fund,USA,,,47.61,0.55%,198100.0,0,0,0,0,0,0,0,-1,0,0,0,0,0,0,0,0,0,0,0,0,0,0,0,0,0,0,0,0,0,1,1
CC,Wesco International Inc,Industrials,Industrial Distribution,USA,17350000000.0,24.6,355.93,-2.78%,796235.0,0,0,0,0,0,1,0,0,0,0,1,1,0,0,0,0,0,0,0,0,1,0,0,0,-1,0,0,0,4,1,5
CLD,WisdomTree Cloud Computing Fund,Financial,Exchange Traded Fund,USA,,,42.53,1.48%,647196.0,0,0,0,-1,0,0,0,0,0,0,0,0,0,0,0,0,0,0,0,0,0,0,0,0,0,0,0,0,0,1,1
CN,Waste Connections Inc,Industrials,Waste Management,Canada,38990000000.0,37.33,154.69,-0.30%,1707501.0,0,0,0,0,0,0,0,0,0,0,0,0,0,0,0,0,0,0,0,0,0,0,0,0,0,1,0,0,1,0,1
CPB,Weitz Core Plus Bond ETF,Financial,Exchange Traded Fund,USA,,,24.31,0.24%,61968.0,0,0,0,0,0,0,0,0,0,0,0,0,0,0,0,0,0,0,0,-1,0,0,0,0,0,0,0,0,0,1,1
D,Walker & Dunlop Inc,Financial,Mortgage Finance,USA,1180000000.0,30.67,34.39,1.27%,743818.0,0,0,0,0,0,0,0,0,1,0,0,0,0,0,0,0,0,0,0,0,0,0,0,0,0,0,0,0,1,0,1
DC,Western Digital Corp,Technology,Computer Hardware,USA,141800000000.0,16.27,393.31,-2.99%,9386833.0,0,0,0,0,0,0,0,0,1,0,0,0,0,0,0,0,0,0,0,0,0,0,0,0,0,0,0,0,1,0,1
DCC,Corgi WDC 2x Daily ETF,Financial,Exchange Traded Fund,USA,,,9.5,-5.85%,123657.0,0,0,0,0,0,0,0,0,1,1,0,0,0,0,0,0,0,0,0,0,0,0,0,0,0,0,0,0,2,0,2
DRN,"WisdomTree Physical AI, Humanoids and Drones Fund",Financial,Exchange Traded Fund,USA,,,25.46,-2.87%,5405.0,0,0,0,0,0,0,0,0,0,0,1,0,0,0,0,0,0,0,0,0,0,0,0,0,0,0,0,0,1,0,1
DS,Woodside Energy Group Ltd ADR,Energy,Oil & Gas E&P,Australia,42840000000.0,14.04,22.59,3.77%,622682.0,0,0,0,0,0,0,0,0,0,0,1,0,0,0,0,0,0,0,0,0,0,0,0,0,0,0,0,0,1,0,1
DTE,Defiance S&P 500 Weekly Distribution ETF,Financial,Exchange Traded Fund,USA,,,28.73,-1.10%,15522.0,0,0,0,0,0,0,0,0,1,1,0,0,0,0,0,0,0,0,0,0,0,0,0,0,0,0,0,0,2,0,2
EA,Western Asset Premier Bond Fund,Financial,Closed-End Fund - Debt,USA,116160000.0,,9.79,0.20%,23099.0,0,0,0,-1,0,0,0,0,0,0,0,0,0,0,0,0,0,0,0,0,0,0,0,0,0,0,0,0,0,1,1
EAV,Weave Communications Inc,Healthcare,Health Information Services,USA,594530000.0,,7.39,0.27%,2139540.0,0,0,0,0,0,0,0,0,0,0,1,0,0,0,0,0,0,0,0,0,0,0,0,0,0,0,0,0,1,0,1
EBL,Direxion Daily Dow Jones Internet Bull 3X ETF,Financial,Exchange Traded Fund,USA,,,30.16,-0.46%,30398.0,0,0,0,0,0,0,0,0,0,0,1,0,0,0,0,0,0,0,0,0,0,0,0,0,-1,0,0,0,1,1,2
EBS,Direxion Daily Dow Jones Internet Bear 3X ETF,Financial,Exchange Traded Fund,USA,,,13.41,0.83%,19200.0,0,0,0,0,0,0,0,0,1,0,0,0,0,0,0,0,0,0,0,0,0,0,0,0,0,0,0,0,1,0,1
EED,Roundhill Cannabis ETF,Financial,Exchange Traded Fund,USA,,,19.94,-3.02%,8531.0,0,0,0,0,0,0,0,0,0,0,1,0,0,0,0,0,0,0,0,0,0,0,0,0,-1,0,0,0,1,1,2
EEI,Westwood Salient Enhanced Energy Income ETF,Financial,Exchange Traded Fund,USA,,,25.31,2.01%,34903.0,0,0,0,0,0,0,0,0,0,0,1,0,0,0,0,0,0,0,0,0,0,0,0,0,0,0,0,0,1,0,1
EEK,Roundhill Weekly T-Bill ETF,Financial,Exchange Traded Fund,USA,,,100.03,0.01%,44036.0,0,1,0,0,0,0,0,0,0,0,1,0,0,0,0,0,0,0,0,0,0,0,0,0,0,0,0,0,2,0,2
EEL,Peerless Option Income Wheel ETF,Financial,Exchange Traded Fund,USA,,,19.87,-0.14%,18893.0,0,0,0,0,0,0,0,0,0,0,1,0,0,0,0,0,0,0,0,0,0,0,0,0,-1,0,0,0,1,1,2
ELD,Tema U.S. Manufacturing & Reshoring ETF,Financial,Exchange Traded Fund,USA,,,53.15,-1.65%,41016.0,0,0,0,0,0,0,0,0,1,1,0,0,0,0,0,0,0,0,0,0,0,0,0,0,0,0,0,0,2,0,2
ERN,Werner Enterprises Inc,Industrials,Trucking,USA,1980000000.0,,33.0,2.04%,1033990.0,0,0,0,0,0,0,0,0,1,0,0,0,0,0,0,0,0,0,0,0,0,0,0,0,0,0,0,0,1,0,1
EST,Westrock Coffee Company,Consumer Defensive,Packaged Foods,USA,799570000.0,,8.19,0.24%,354507.0,0,0,0,0,0,0,0,0,1,0,0,0,0,0,0,0,0,0,0,0,0,0,0,0,0,0,0,0,1,0,1
ETH,Wetouch Technology Inc,Technology,Electronic Components,China,12510000.0,1.34,0.94,-3.96%,62498.0,0,0,0,0,0,0,0,0,1,1,0,0,0,0,0,0,0,0,0,0,0,0,0,0,0,0,0,0,2,0,2
FC,Wells Fargo & Co,Financial,Banks - Diversified,USA,248060000000.0,11.92,82.03,2.21%,16723578.0,0,0,0,0,0,0,0,-1,0,0,0,0,0,0,0,0,0,0,0,0,0,0,0,0,0,0,0,0,0,1,1
FRD,Weatherford International plc,Energy,Oil & Gas Equipment & Services,USA,5590000000.0,15.19,76.9,0.63%,944522.0,0,0,0,0,0,0,0,0,1,0,0,0,0,0,0,0,0,0,0,0,0,0,0,0,0,0,0,0,1,0,1
GMI,CoinShares Bitcoin Mining and Digital Power ETF,Financial,Exchange Traded Fund,USA,,,40.23,-6.40%,807583.0,0,0,0,0,0,0,0,0,1,0,0,0,0,0,0,0,0,0,0,0,0,0,0,0,0,0,0,0,1,0,1
HWK,Whitehawk Therapeutics Inc,Healthcare,Biotechnology,USA,197820000.0,,3.47,1.76%,248602.0,0,0,0,0,0,0,0,0,0,0,1,0,0,0,0,0,0,0,0,0,0,0,-1,0,0,0,0,0,1,1,2
IMI,Wimi Hologram Cloud Inc,Communication Services,Advertising Agencies,China,11880000.0,0.71,0.65,-6.23%,146802.0,0,0,0,0,0,0,0,0,1,0,0,0,0,0,0,0,0,0,0,0,0,0,0,0,0,0,0,0,1,0,1
ING,Wingstop Inc,Consumer Cyclical,Restaurants,USA,3230000000.0,28.14,118.5,1.56%,1211121.0,0,0,0,0,0,0,0,0,1,0,0,0,0,0,0,0,0,0,0,0,0,0,0,0,0,0,0,0,1,0,1
INN,Harbor Long-Term Growers ETF,Financial,Exchange Traded Fund,USA,,,34.86,-1.06%,370516.0,0,0,0,0,0,0,0,-1,0,0,0,0,0,0,0,0,0,0,0,0,0,0,0,0,0,0,0,0,0,1,1
IP,SPDR Intl Govt Inflation-Protected Bond,Financial,Exchange Traded Fund,USA,,,38.15,0.05%,38919.0,0,0,0,-1,0,0,0,0,0,0,0,0,0,0,0,0,0,0,0,0,0,0,0,0,0,0,0,0,0,1,1
KHS,Workhorse Group Inc,Consumer Cyclical,Auto Manufacturers,USA,31910000.0,,2.92,-0.68%,59167.0,0,0,0,0,0,0,0,0,0,0,0,0,0,0,0,1,0,0,0,0,0,0,0,0,0,0,0,0,1,0,1
LKP,Westlake Chemical Partners LP,Basic Materials,Chemicals,USA,754620000.0,13.1,21.41,0.14%,25421.0,0,0,0,0,0,0,0,0,0,0,0,0,-1,0,0,0,0,0,0,0,0,0,0,0,0,0,0,0,0,1,1
MB,Williams Cos Inc,Energy,Oil & Gas Midstream,USA,88480000000.0,28.88,72.34,1.23%,9575934.0,0,1,0,0,0,1,0,0,0,0,0,0,-1,-1,0,0,0,0,0,0,0,0,0,0,0,0,0,0,2,2,4
MG,Warner Music Group Corp,Communication Services,Entertainment,USA,15120000000.0,22.86,28.91,2.66%,2966442.0,0,0,0,0,0,0,0,0,1,0,0,0,0,0,0,0,0,0,0,0,0,0,0,0,0,0,0,0,1,0,1
MS,Advanced Drainage Systems Inc,Industrials,Building Products & Equipment,USA,9520000000.0,21.79,126.21,0.10%,907165.0,0,0,0,0,0,0,0,0,1,0,0,0,0,0,0,0,0,0,0,0,0,0,0,0,0,0,0,0,1,0,1
MT,Walmart Inc,Consumer Defensive,Discount Stores,USA,877150000000.0,40.06,110.56,2.22%,23767669.0,0,0,0,0,0,1,0,0,1,0,0,0,0,0,0,0,0,0,0,0,0,0,0,0,0,0,0,0,2,0,2
PRT,Westport Fuel Systems Inc,Consumer Cyclical,Auto Parts,Canada,35340000.0,,1.86,2.20%,22934.0,0,0,0,0,0,0,0,0,1,0,0,0,0,0,0,0,0,0,0,0,0,0,0,0,0,0,0,0,1,0,1
QEY,WISeQey Corp,Technology,Semiconductors,Switzerland,39790000.0,,9.52,-2.66%,65511.0,0,0,0,0,0,0,0,0,0,0,0,0,-1,0,0,0,0,0,0,0,0,0,0,0,0,0,0,0,0,1,1
QTM,WisdomTree Quantum Computing Fund,Financial,Exchange Traded Fund,USA,,,31.09,-2.57%,204039.0,0,0,0,0,0,0,0,0,1,0,0,0,0,0,0,0,0,0,0,0,0,0,0,0,0,0,0,0,1,0,1
RB,W.R. Berkley Corp,Financial,Insurance - Property & Casualty,USA,26750000000.0,14.82,72.05,3.33%,2240521.0,0,0,0,0,0,0,0,0,1,0,0,0,0,0,0,0,0,0,0,0,0,0,0,0,0,0,0,0,1,0,1
RBY,Warby Parker Inc,Healthcare,Medical Instruments & Supplies,USA,3080000000.0,411.04,24.95,-1.42%,2831996.0,0,0,0,0,0,0,0,0,0,0,1,0,0,0,0,0,0,0,0,0,0,0,0,0,0,0,0,0,1,0,1
RD,WeRide Inc ADR,Technology,Software - Application,China,1400000000.0,,4.51,-9.07%,6880481.0,0,0,0,0,0,0,0,0,1,1,0,0,0,0,0,0,0,0,0,0,0,0,0,0,0,0,0,0,2,0,2
RN,Western Copper & Gold Corp,Basic Materials,Other Industrial Metals & Mining,Canada,461410000.0,,2.04,-1.45%,1609269.0,0,0,0,0,0,0,0,0,1,0,0,0,0,0,0,0,0,0,0,0,0,0,0,0,0,0,0,0,1,0,1
RND,NYLIM Global Equity R&D Leaders ETF,Financial,Exchange Traded Fund,USA,,,43.61,-1.59%,153.0,0,0,0,0,0,0,0,0,0,0,1,1,0,0,0,0,0,0,0,0,0,0,0,0,-1,0,0,0,2,1,3
S,Worthington Steel Inc,Basic Materials,Steel,USA,1760000000.0,,34.62,-2.64%,953566.0,0,0,0,0,0,0,0,0,0,0,0,0,0,0,0,1,0,0,0,0,0,0,0,0,0,0,0,0,1,0,1
SBK,Winchester Bancorp Inc,Financial,Banks - Regional,USA,115590000.0,26.43,12.9,-0.31%,5638.0,0,0,0,0,0,0,0,0,0,0,0,0,0,0,0,0,0,0,0,0,1,0,0,0,0,0,0,0,1,0,1
SE,Wise Group Plc,Technology,Information Technology Services,United Kingdom,13900000000.0,24.19,11.68,-1.10%,1858889.0,0,0,0,0,0,0,0,0,1,0,0,0,0,0,0,0,0,0,0,0,0,0,0,0,0,0,0,0,1,0,1
SGE,Warren Street Global Equity ETF,Financial,Exchange Traded Fund,USA,,,28.3,-0.39%,150.0,0,0,0,0,0,0,0,0,0,0,1,0,0,0,0,0,0,0,0,0,0,0,0,0,-1,0,0,0,1,1,2
SML,iShares MSCI World Small-Cap ETF,Financial,Exchange Traded Fund,USA,,,33.95,-0.02%,9881.0,0,0,0,0,0,0,0,0,0,0,0,0,-1,0,0,0,0,0,0,0,0,0,0,0,0,0,0,0,0,1,1
ST,West Pharmaceutical Services Inc,Healthcare,Medical Instruments & Supplies,USA,25570000000.0,46.44,363.27,-0.88%,461706.0,0,0,0,0,0,0,0,0,0,0,1,0,0,0,0,0,0,0,0,0,0,0,-1,0,0,0,0,0,1,1,2
T,WisdomTree Inc,Financial,Asset Management,USA,3440000000.0,43.53,22.68,-2.95%,2479927.0,0,0,0,0,0,0,0,0,0,0,1,0,0,0,0,0,0,0,0,0,0,0,-1,0,0,0,0,0,1,1,2
TBN,WisdomTree Bianco Fixed Income Total Return Fund,Financial,Exchange Traded Fund,USA,,,24.02,0.27%,5107.0,0,0,0,0,0,0,0,0,0,0,0,0,0,0,0,0,0,0,0,-1,0,0,0,0,0,0,0,0,0,1,1
TI,W & T Offshore Inc,Energy,Oil & Gas E&P,USA,558490000.0,,3.7,3.64%,4461355.0,0,1,0,0,0,0,0,0,0,0,0,0,0,0,0,0,0,0,0,0,0,0,0,0,0,0,0,0,1,0,1
TID,MicroSectorsTM Energy 3X Inverse Leveraged ETNs,Financial,Exchange Traded Fund,USA,,,2.32,-9.02%,101811.0,0,0,0,0,0,0,0,0,1,0,0,0,0,0,0,0,0,0,0,0,0,0,0,0,0,0,0,0,1,0,1
TM,White Mountains Insurance Group Ltd,Financial,Insurance - Property & Casualty,USA,4920000000.0,4.69,2059.77,1.39%,18744.0,0,0,0,0,0,0,0,0,0,0,0,0,-1,0,0,0,0,0,0,0,0,0,0,1,0,0,0,0,1,1,2
TPI,WisdomTree Equity Premium Income Fund,Financial,Exchange Traded Fund,USA,,,33.15,-0.18%,84016.0,0,1,0,0,0,0,0,-1,0,0,0,0,0,0,0,0,0,0,0,0,0,0,0,0,0,0,0,0,1,1,2
TS,Watts Water Technologies Inc,Industrials,Specialty Industrial Machinery,USA,11590000000.0,30.3,347.14,-0.32%,262187.0,0,0,0,0,0,0,0,0,0,0,0,0,0,0,0,0,0,0,0,0,0,0,-1,0,0,0,0,0,0,1,1
TTR,Select Water Solutions Inc,Energy,Oil & Gas Equipment & Services,USA,2530000000.0,73.33,19.6,1.40%,1655626.0,0,0,0,0,0,1,0,0,0,0,0,0,0,0,0,1,0,0,0,0,0,0,0,0,0,0,0,0,2,0,2
VVI,Willamette Valley Vineyard Inc,Consumer Defensive,Beverages - Wineries & Distilleries,USA,9310000.0,,1.87,2.19%,5710.0,0,0,0,0,0,0,0,0,1,0,0,0,0,0,0,0,0,0,0,0,0,0,0,0,0,0,0,0,1,0,1
W,WW International Inc,Healthcare,Medical Care Facilities,USA,149580000.0,,14.96,-0.80%,96146.0,0,0,0,-1,0,0,0,0,0,0,0,0,0,0,0,1,0,0,0,0,0,0,0,0,0,0,0,0,1,1,2
WR,Westwater Resources Inc,Basic Materials,Other Industrial Metals & Mining,USA,58450000.0,,0.45,-4.29%,2449931.0,0,0,0,0,0,0,0,0,1,0,0,0,0,0,0,0,0,0,0,0,0,0,0,0,0,0,0,0,1,0,1
WW,Wolverine World Wide Inc,Consumer Cyclical,Footwear & Accessories,USA,1560000000.0,14.74,19.0,0.80%,1280471.0,0,0,0,0,0,0,0,0,0,0,1,0,0,0,0,0,0,0,0,0,0,0,0,0,0,0,0,0,1,0,1
Y,Weyerhaeuser Co,Real Estate,REIT - Specialty,USA,13820000000.0,29.32,19.17,3.23%,19319719.0,0,0,0,0,0,0,0,0,0,0,0,0,0,0,0,0,0,0,0,0,1,1,0,0,0,0,0,0,2,0,2
YNN,Wynn Resorts Ltd,Consumer Cyclical,Resorts & Casinos,USA,7750000000.0,18.03,75.29,0.43%,2244891.0,0,0,0,0,0,0,0,0,0,0,0,0,0,0,0,0,0,0,0,-1,0,0,0,0,0,0,0,0,0,1,1
YY,Widepoint Corp,Technology,Information Technology Services,USA,71690000.0,,7.17,2.28%,153232.0,0,0,0,0,0,0,0,0,1,0,0,0,0,0,0,0,0,0,0,0,0,0,0,0,0,0,0,0,1,0,1
A,Corgi AI Cybersecurity ETF,Financial,Exchange Traded Fund,USA,,,44.95,-0.19%,8352.0,0,0,0,-1,0,1,0,0,0,0,0,0,0,0,0,0,0,1,0,0,0,0,0,0,0,0,0,0,2,1,3
BFR,Innovator Equity Managed 10 Buffer ETF,Financial,Exchange Traded Fund,USA,,,27.24,-0.20%,3978.0,0,0,0,0,0,0,0,0,0,0,1,0,0,0,0,0,0,0,0,0,0,0,0,0,0,0,0,0,1,0,1
BIL,F/m US Treasury 6 Month Bill ETF,Financial,Exchange Traded Fund,USA,,,50.03,0.00%,132911.0,0,1,0,-1,0,1,0,0,0,0,0,0,0,0,0,0,0,0,0,0,0,0,0,0,0,0,0,0,2,1,3
BIT,XBiotech Inc,Healthcare,Biotechnology,USA,67069999.99999999,,2.2,0.46%,13021.0,0,0,0,0,0,0,0,0,1,0,0,0,0,0,0,0,0,0,0,0,0,0,0,0,0,0,0,0,1,0,1
BJL,Innovator U.S. Equity Accelerated 9 Buffer ETF - July,Financial,Exchange Traded Fund,USA,,,41.31,-0.19%,1104.0,0,0,0,0,0,0,0,-1,0,0,0,0,0,0,0,0,0,0,0,0,0,0,0,0,0,0,0,0,0,1,1
CH,XCHG Ltd ADR,Industrials,Electrical Equipment & Parts,Germany,9180000.0,,2.99,-2.92%,36000.0,0,0,0,0,0,0,0,0,1,0,0,0,0,0,0,0,0,0,0,0,0,0,0,0,0,0,0,0,1,0,1
CNY,State Street SPDR S&P Emerging Markets ex-China ETF,Financial,Exchange Traded Fund,USA,,,33.62,-1.55%,351.0,0,0,0,0,0,0,0,0,0,0,1,0,0,0,0,0,0,0,0,0,0,0,0,0,-1,0,0,0,1,1,2
CUR,Exicure Inc,Healthcare,Biotechnology,USA,6550000.0,,1.0,-1.96%,14842.0,0,0,0,0,0,0,0,0,1,1,0,0,0,0,0,0,0,0,0,0,0,0,0,0,0,0,0,0,2,0,2
DSQ,Innovator U.S. Equity Accelerated ETF - Quarterly,Financial,Exchange Traded Fund,USA,,,45.25,-0.29%,6223.0,0,0,0,0,0,0,0,0,0,0,0,0,0,0,0,0,0,1,0,0,0,0,0,0,0,0,0,0,1,0,1
DTE,Roundhill S&P 500 0DTE Covered Call Strategy ETF,Financial,Exchange Traded Fund,USA,,,38.55,-0.57%,194103.0,0,0,0,0,0,0,0,0,0,0,1,0,0,0,0,0,0,0,0,0,0,0,0,0,0,0,0,0,1,0,1
ES,State Street SPDR S&P Oil & Gas Equipment & Services ETF,Financial,Exchange Traded Fund,USA,,,110.27,0.79%,67616.0,0,0,0,0,0,0,0,0,0,0,0,0,-1,0,0,0,0,0,0,0,0,0,0,0,0,0,0,0,0,1,1
FLT,XAI Floating Rate & Alternative Income Trust,Financial,Closed-End Fund - Debt,USA,289230000.0,,18.99,0.11%,239749.0,0,0,0,0,0,0,0,0,0,0,1,0,0,0,0,0,0,0,0,0,0,0,0,0,0,0,0,0,1,0,1
FLX,FundX Flexible ETF,Financial,Exchange Traded Fund,USA,,,22.53,-0.04%,1060.0,0,1,0,-1,0,0,0,0,0,0,0,0,0,0,0,0,0,0,0,0,0,0,0,0,0,0,0,0,1,1,2
FOR,X4 Pharmaceuticals Inc,Healthcare,Biotechnology,USA,276620000.0,,2.79,-0.71%,836503.0,0,0,0,0,0,0,0,0,0,0,0,0,0,0,0,0,0,1,0,0,0,0,0,0,0,0,0,0,1,0,1
HLF,BondBloxx Bloomberg Six Month Target Duration US Treasury ETF,Financial,Exchange Traded Fund,USA,,,50.15,-0.01%,141468.0,0,0,0,-1,0,0,0,0,1,0,0,0,0,0,0,0,0,0,0,-1,0,0,0,0,0,0,0,0,1,2,3
HS,State Street SPDR S&P Health Care Services ETF,Financial,Exchange Traded Fund,USA,,,134.62,0.15%,72525.0,0,0,0,0,0,0,0,0,0,0,0,0,-1,0,0,0,0,0,0,0,1,0,0,0,-1,0,0,0,1,2,3
IFR,XPLR Infrastructure LP,Utilities,Utilities - Renewable,USA,2000000000.0,15.47,10.34,-0.19%,1134911.0,0,1,0,0,0,0,0,0,1,0,0,0,0,0,0,0,0,0,0,0,0,0,0,0,0,0,0,0,2,0,2
IJN,FT Vest U.S. Equity Buffer & Premium Income ETF - June,Financial,Exchange Traded Fund,USA,,,30.75,-0.06%,2259.0,0,0,0,0,0,0,0,0,0,0,1,0,0,0,0,0,0,0,0,0,0,0,0,0,0,0,0,0,1,0,1
IMR,FT Vest U.S. Equity Buffer & Premium Income ETF - March,Financial,Exchange Traded Fund,USA,,,31.3,0.02%,14.0,0,0,0,0,0,0,0,0,0,0,0,0,0,0,0,0,0,0,0,-1,0,0,0,0,0,0,0,0,0,1,1
ITK,State Street SPDR FactSet Innovative Technology ETF,Financial,Exchange Traded Fund,USA,,,202.96,-1.20%,2004.0,0,0,0,0,0,0,0,0,0,0,1,0,0,0,0,0,0,0,0,0,0,0,-1,0,0,0,0,0,1,1,2
LBI,State Street Materials Select Sector SPDR Premium Income ETF,Financial,Exchange Traded Fund,USA,,,22.81,0.71%,2683.0,0,0,0,0,0,0,0,0,0,0,0,0,-1,0,0,0,0,0,0,0,0,0,0,0,0,0,0,0,0,1,1
LC,State Street Communication Services Select Sector SPDR ETF,Financial,Exchange Traded Fund,USA,,,112.07,0.73%,6003450.0,0,0,0,0,0,0,0,0,1,0,0,0,0,0,0,0,0,0,0,0,0,0,0,0,0,0,0,0,1,0,1
LEX,Corgi U.S. Energy 2x Daily ETF,Financial,Exchange Traded Fund,USA,,,30.65,5.67%,4354.0,0,0,0,0,0,0,0,0,0,0,1,0,0,0,0,0,0,0,0,0,0,0,-1,0,0,0,0,0,1,1,2
LP,State Street Consumer Staples Select Sector SPDR ETF,Financial,Exchange Traded Fund,USA,,,83.42,2.11%,14642065.0,0,0,0,0,0,0,0,0,0,0,0,0,-1,0,0,0,0,0,0,0,0,0,0,0,0,0,0,0,0,1,1
LSR,State Street US Sector Rotation ETF,Financial,Exchange Traded Fund,USA,,,67.22,-0.75%,137623.0,0,0,0,0,0,0,0,-1,0,0,0,0,0,0,0,0,0,0,0,0,0,0,0,0,0,0,0,0,0,1,1
LUI,State Street Utilities Select Sector SPDR Premium Income ETF,Financial,Exchange Traded Fund,USA,,,22.1,-0.23%,41104.0,0,0,0,-1,0,0,0,0,0,0,0,0,0,0,0,0,0,0,0,0,0,0,0,0,0,0,0,0,0,1,1
LVX,Corgi U.S. Healthcare 2x Daily ETF,Financial,Exchange Traded Fund,USA,,,32.19,-0.82%,39.0,0,0,0,0,0,0,0,0,0,0,0,0,-1,0,0,0,0,0,0,0,0,0,0,0,0,0,0,0,0,1,1
LYI,SPDR Consumer Disc Premium Income,Financial,Exchange Traded Fund,USA,,,21.71,0.24%,14674.0,0,0,0,0,0,0,0,0,0,0,0,0,0,0,0,0,0,0,0,-1,0,0,0,0,0,0,0,0,0,1,1
MAX,XMax Inc,Consumer Cyclical,"Furnishings, Fixtures & Appliances",USA,572200000.0,20.33,8.82,0.92%,412623.0,0,0,0,0,0,0,0,0,0,0,1,1,0,0,0,0,0,0,0,0,0,0,-1,0,0,0,0,0,2,1,3
ME,State Street SPDR S&P Metals & Mining ETF,Financial,Exchange Traded Fund,USA,,,104.61,-0.22%,1221045.0,0,0,0,0,0,0,0,0,1,0,0,0,0,0,0,0,0,0,0,0,0,0,0,0,0,0,0,0,1,0,1
MMO,Invesco S&P MidCap Momentum ETF,Financial,Exchange Traded Fund,USA,,,147.38,-0.63%,428722.0,0,0,0,0,0,0,0,0,1,0,0,0,0,0,0,0,0,0,0,0,0,0,0,0,0,0,0,0,1,0,1
MTR,Xometry Inc,Industrials,Industrial Distribution,USA,6100000000.0,,106.48,-1.22%,580462.0,0,0,0,0,0,0,0,0,0,0,1,0,0,0,0,0,0,0,0,0,0,0,0,0,0,0,0,0,1,0,1
MVM,Invesco S&P MidCap Value with Momentum ETF,Financial,Exchange Traded Fund,USA,,,71.79,1.41%,55542.0,0,0,0,0,0,0,0,0,0,0,0,0,0,0,0,0,0,0,0,0,0,0,-1,0,0,0,0,0,0,1,1
NET,Xunlei Ltd ADR,Technology,Software - Infrastructure,China,306590000.0,,4.81,0.00%,196400.0,0,1,0,0,0,0,0,0,1,0,0,0,0,0,0,0,0,0,0,0,0,0,0,0,0,0,0,0,2,0,2
OM,ExxonMobil Holdings Corp,Energy,Oil & Gas Integrated,USA,692860000000.0,21.68,168.5,2.71%,13297552.0,0,0,0,0,0,0,0,0,0,0,1,0,0,0,0,0,0,0,0,0,0,0,-1,0,0,0,0,0,1,1,2
OMO,YieldMax XOM Option Income Strategy ETF,Financial,Exchange Traded Fund,USA,,,11.04,0.55%,19022.0,0,0,0,0,0,0,0,0,0,0,0,0,-1,0,0,0,0,0,0,0,0,0,0,1,0,0,0,0,1,1,2
PAV,Corgi U.S. Infrastructure 2x Daily ETF,Financial,Exchange Traded Fund,USA,,,20.9,-0.48%,9718.0,0,0,0,0,0,0,0,0,1,0,0,0,0,0,0,0,0,0,0,0,0,0,0,0,0,0,0,0,1,0,1
PAY,Roundhill S&P 500 Target 20 Managed Distribution ETF,Financial,Exchange Traded Fund,USA,,,52.67,-0.36%,38302.0,0,0,0,0,0,0,0,0,1,0,0,0,0,0,0,0,0,0,0,0,0,0,0,0,0,0,0,0,1,0,1
QTM,Corgi Quantum Computing 2x Daily ETF,Financial,Exchange Traded Fund,USA,,,10.98,-7.75%,8529.0,0,0,0,0,0,0,0,0,0,0,0,0,-1,-1,0,0,0,0,0,0,0,0,0,0,0,0,0,0,0,2,2
RLX,FundX Conservative ETF,Financial,Exchange Traded Fund,USA,,,49.31,-0.50%,392.0,0,0,0,0,0,0,0,0,0,0,0,0,0,0,0,1,0,0,0,0,0,0,0,0,0,0,0,0,1,0,1
RMI,Global X S&P 500 Risk Managed Income ETF,Financial,Exchange Traded Fund,USA,,,17.37,0.00%,12024.0,0,0,0,0,0,0,0,0,0,0,0,0,0,0,0,0,0,1,0,0,0,0,0,0,0,0,0,0,1,0,1
RN,Chiron Real Estate Inc,Real Estate,REIT - Healthcare Facilities,USA,494270000.0,9.16,34.1,0.00%,98027.0,0,0,0,0,0,0,0,0,0,0,0,0,-1,0,0,0,0,0,0,0,0,0,0,0,0,0,0,0,0,1,1
RP,Bitwise XRP ETF,Financial,Exchange Traded Fund,USA,,,15.3,-3.29%,2038748.0,0,0,0,0,0,0,0,0,0,0,1,0,0,0,0,0,0,0,0,0,0,0,0,0,0,0,0,0,1,0,1
RPT,Volatility Shares Trust XRP 2X ETF,Financial,Exchange Traded Fund,USA,,,31.62,-6.37%,443543.0,0,0,0,0,0,0,0,0,0,0,1,0,0,0,0,0,0,0,0,0,0,0,0,0,0,0,0,0,1,0,1
RX,Xerox Holdings Corp,Industrials,Business Equipment & Supplies,USA,383440000.0,,2.92,-2.99%,4413905.0,0,0,0,0,0,0,0,0,0,0,1,0,0,0,0,0,0,0,0,0,0,0,-1,0,0,0,0,0,1,1,2
SLL,Xsolla SPAC 1,Financial,Shell Companies,USA,277910000.0,103.51,10.03,0.25%,539.0,0,0,0,0,0,0,0,0,0,0,1,0,0,0,0,0,0,0,0,0,0,0,0,0,0,0,0,0,1,0,1
SMO,Invesco S&P SmallCap Momentum ETF,Financial,Exchange Traded Fund,USA,,,81.29,-0.74%,330739.0,0,0,0,0,0,0,0,0,1,0,0,0,0,0,0,0,0,0,0,0,0,0,0,0,0,0,0,0,1,0,1
SPI,NEOS Boosted S&P 500 High Income ETF,Financial,Exchange Traded Fund,USA,,,49.75,-0.44%,70529.0,0,0,0,0,0,0,0,0,0,0,1,0,0,0,0,0,0,0,0,0,0,0,0,0,-1,0,0,0,1,1,2
SW,State Street SPDR S&P Software & Services ETF,Financial,Exchange Traded Fund,USA,,,201.78,0.93%,49255.0,0,0,0,0,0,0,0,-1,0,0,0,0,0,0,0,0,0,0,0,0,0,0,0,0,0,0,0,0,0,1,1
T,iShares Future Exponential Technologies ETF,Financial,Exchange Traded Fund,USA,,,83.91,-1.15%,59464.0,0,0,0,0,0,0,0,-1,0,0,0,0,0,0,0,0,0,0,0,0,0,0,0,0,0,0,0,0,0,1,1
TJA,Innovator U.S. Equity Accelerated Plus ETF - January,Financial,Exchange Traded Fund,USA,,,35.4,-0.06%,1430.0,0,0,0,-1,0,0,0,0,0,0,0,0,0,0,0,0,0,0,0,0,0,0,0,0,0,0,0,0,0,1,1
TLB,X.T.L. Biopharmaceuticals Ltd ADR,Healthcare,Biotechnology,Israel,8440000.0,,1.99,0.51%,13728.0,0,0,0,0,0,0,0,0,0,0,0,0,-1,-1,0,0,0,0,0,0,0,0,0,0,0,0,0,0,0,2,2
TNT,Xtant Medical Holdings Inc,Healthcare,Medical Devices,USA,45030000.0,,0.32,-0.16%,57306.0,0,0,0,-1,0,0,0,0,1,1,0,0,0,0,0,1,0,0,0,0,0,0,0,0,0,0,0,0,3,1,4
USP,Innovator Uncapped Accelerated U.S. Equity ETF,Financial,Exchange Traded Fund,USA,,,54.4,-0.71%,1159.0,0,0,0,0,0,0,0,-1,0,0,0,0,0,0,0,0,0,0,0,0,0,0,0,0,0,0,0,0,0,1,1
V,Simplify Target 15 Distribution ETF,Financial,Exchange Traded Fund,USA,,,24.11,-0.12%,56072.0,0,0,0,-1,0,0,0,-1,0,0,0,0,0,0,0,0,0,0,0,0,0,0,0,0,0,0,0,0,0,2,2
W,Corgi Ex-U.S. Equities 2x Daily ETF,Financial,Exchange Traded Fund,USA,,,22.45,-1.73%,23.0,0,0,0,0,0,0,0,0,0,0,1,0,0,0,0,0,0,0,0,0,0,0,0,0,0,0,0,0,1,0,1
WEL,XWELL Inc,Healthcare,Diagnostics & Research,USA,7900000.0,,0.92,1.88%,32229.0,0,0,0,0,0,0,0,0,1,0,0,0,0,0,0,0,0,0,0,0,0,0,0,0,0,0,0,0,1,0,1
XI,Twenty One Capital Inc,Consumer Defensive,Education & Training Services,USA,4120000000.0,18.6,6.32,-1.10%,1227375.0,0,0,0,0,0,0,0,0,1,0,0,0,0,0,0,0,0,0,0,0,0,0,0,0,0,0,0,0,1,0,1
XV,Simplify Ancorato Target 25 Distribution ETF,Financial,Exchange Traded Fund,USA,,,23.47,-0.63%,18580.0,0,0,0,0,0,0,0,0,0,0,0,0,0,0,0,1,0,0,0,0,0,0,0,0,0,0,0,0,1,0,1
YLD,Global X S&P 500 Covered Call ETF,Financial,Exchange Traded Fund,USA,,,41.88,-0.05%,562122.0,0,0,0,-1,0,0,0,-1,0,0,0,0,0,0,0,0,0,0,0,0,0,0,0,0,0,0,0,0,0,2,2
YZ,Block Inc,Technology,Software - Infrastructure,USA,45200000000.0,133.93,75.23,-1.10%,8400868.0,0,0,0,-1,0,0,0,0,0,0,0,0,0,0,0,0,0,0,0,0,0,0,-1,0,0,0,0,0,0,2,2
YZG,Leverage Shares 2X Long XYZ Daily ETF,Financial,Exchange Traded Fund,USA,,,14.9,-2.36%,8829.0,0,0,0,0,0,0,0,0,0,0,0,0,0,0,0,0,0,1,0,0,0,0,0,0,0,0,0,0,1,0,1
YZY,YieldMax XYZ Option Income Strategy ETF,Financial,Exchange Traded Fund,USA,,,22.78,-1.40%,7723.0,0,1,0,0,0,1,0,0,0,0,0,0,-1,-1,0,0,0,0,0,0,0,0,0,0,0,0,0,0,2,2,4
ZO,Exzeo Group Inc,Financial,Insurance - Diversified,USA,1430000000.0,16.99,15.89,4.40%,271342.0,0,0,0,0,0,0,0,0,0,0,0,0,0,0,0,0,0,0,0,0,0,0,0,0,0,0,0,1,1,0,1
ALA,Yalla Group Limited ADR,Technology,Software - Application,United Arab Emirates,689880000.0,6.99,5.38,0.37%,214669.0,0,0,0,0,0,0,0,0,0,0,1,0,0,0,0,0,0,0,0,0,0,0,0,0,0,0,0,0,1,0,1
ALL,Truth Social God Bless America ETF,Financial,Exchange Traded Fund,USA,,,43.01,-0.13%,17980.0,0,1,0,-1,0,0,0,0,0,0,0,0,0,0,0,0,0,0,0,0,1,0,0,0,0,0,0,0,2,1,3
ANG,Direxion Daily FTSE China Bear 3X ETF,Financial,Exchange Traded Fund,USA,,,33.63,-0.15%,543272.0,0,0,0,0,0,0,0,0,0,0,0,0,0,0,0,1,0,0,0,0,0,0,0,0,0,0,0,0,1,0,1
B,Yuanbao Inc ADR,Technology,Software - Application,China,396210000.0,2.74,12.24,1.92%,93966.0,0,0,0,-1,0,0,0,0,0,0,0,0,-1,-1,0,0,0,0,0,0,0,0,0,1,0,0,0,0,1,3,4
CBD,cbdMD Inc,Healthcare,Drug Manufacturers - Specialty & Generic,USA,4420000.0,,0.39,-3.00%,74054.0,0,0,0,0,0,0,0,0,1,0,0,0,0,0,0,0,0,0,0,0,0,0,0,0,0,0,0,0,1,0,1
CLO,Franklin BSP CLO ETF,Financial,Exchange Traded Fund,USA,,,25.17,0.00%,13.0,0,1,0,-1,0,0,0,0,0,0,0,0,0,0,0,0,0,0,0,0,0,0,0,0,0,0,0,0,1,1,2
FYA,Yields for You Income Strategy A ETF,Financial,Exchange Traded Fund,USA,,,9.69,0.00%,78.0,0,0,0,-1,0,0,0,0,0,0,0,0,0,0,0,0,0,0,0,0,0,0,0,0,0,0,0,0,0,1,1
GLD,Simplify Gold Strategy ETF,Financial,Exchange Traded Fund,USA,,,30.18,1.11%,15856.0,0,0,0,0,0,0,0,0,1,0,0,0,0,0,0,0,0,0,0,0,0,0,0,0,0,0,0,0,1,0,1
HGJ,Yunhong Green CTI Ltd,Consumer Cyclical,Packaging & Containers,USA,6830000.0,,2.62,-1.13%,1003.0,0,0,0,0,0,0,0,0,0,0,0,0,-1,-1,0,0,0,0,0,0,0,0,0,0,0,0,0,0,0,2,2
HNA,YHN Acquisition I Ltd,Financial,Shell Companies,Hong Kong,48220000.0,556.72,11.19,0.90%,117.0,0,0,0,0,0,1,0,0,0,0,1,1,0,0,0,0,0,0,0,0,0,0,-1,0,0,0,0,0,3,1,4
I,111 Inc ADR,Healthcare,Medical Distribution,China,16300000.0,,3.14,-0.32%,3019.0,0,0,0,0,0,0,0,0,1,0,0,0,0,0,0,0,0,0,0,0,0,0,0,0,0,0,0,0,1,0,1
LD,Principal Active High Yield ETF,Financial,Exchange Traded Fund,USA,,,18.32,0.11%,713759.0,0,0,0,-1,0,0,0,0,0,0,0,0,0,0,0,1,0,0,0,0,0,0,0,0,0,0,0,0,1,1,2
LDE,Franklin ClearBridge Enhanced Income ETF,Financial,Exchange Traded Fund,USA,,,55.35,0.71%,9343.0,0,0,0,0,0,0,0,0,0,0,1,0,0,0,0,0,0,0,0,0,0,0,0,0,0,0,0,0,1,0,1
MAG,YieldMax Magnificent 7 Fund of Option Income ETFs,Financial,Exchange Traded Fund,USA,,,11.4,-0.78%,1021406.0,0,0,0,0,0,0,0,0,1,0,0,0,0,0,0,0,0,0,0,0,0,0,0,0,0,0,0,0,1,0,1
MAX,YieldMax Universe Fund of Option Income ETFs,Financial,Exchange Traded Fund,USA,,,7.48,-0.66%,1182642.0,0,0,0,0,0,0,0,0,0,0,0,0,-1,0,0,0,0,0,0,0,1,0,0,0,0,0,0,0,1,1,2
MM,Full Truck Alliance Co Ltd ADR,Technology,Software - Application,China,7770000000.0,14.62,8.33,-0.24%,7640561.0,0,0,0,0,0,0,0,0,0,0,0,0,0,0,0,0,0,0,0,0,0,0,0,0,0,0,0,1,1,0,1
OKE,YOKE Core ETF,Financial,Exchange Traded Fund,USA,,,31.25,0.21%,8481.0,0,0,0,0,0,0,0,0,0,0,0,0,-1,0,0,0,0,0,0,0,0,0,0,0,0,0,0,0,0,1,1
OLO,AdvisorShares Pure Cannabis ETF,Financial,Exchange Traded Fund,USA,,,2.78,0.64%,12417.0,0,0,0,0,0,0,0,0,0,0,0,0,-1,0,0,0,0,0,0,0,0,0,0,1,0,0,0,0,1,1,2
OUL,Youlife Group Inc ADR,Consumer Defensive,Education & Training Services,China,26790000.0,4.9,0.38,-2.91%,45511.0,0,0,0,0,0,0,0,0,1,0,0,0,0,0,0,0,0,0,0,0,0,0,0,0,0,0,0,0,1,0,1
PF,YPF ADR,Energy,Oil & Gas Integrated,Argentina,19620000000.0,16.54,49.9,0.85%,1179629.0,0,0,0,0,0,0,0,-1,0,0,0,0,0,0,0,0,0,0,0,0,0,0,0,0,0,0,0,0,0,1,1
Q,17 Education & Technology Group Inc ADR,Consumer Defensive,Education & Training Services,China,22850000.0,,3.34,-0.60%,19692.0,0,0,0,0,0,0,0,0,0,0,0,0,0,0,0,0,0,0,0,0,0,0,0,1,0,0,0,0,1,0,1
QQQ,YieldMax Short N100 Option Income Strategy ETF,Financial,Exchange Traded Fund,USA,,,9.32,1.04%,36763.0,0,0,0,0,0,0,0,0,1,0,0,0,0,0,0,0,0,0,0,0,0,0,0,0,0,0,0,0,1,0,1
SWY,Yesway Inc,Consumer Defensive,Grocery Stores,USA,1320000000.0,,20.9,2.10%,178677.0,0,0,0,0,0,0,0,0,0,0,0,0,0,0,0,0,0,0,0,0,0,0,0,1,0,0,0,0,1,0,1
UMC,Yum China Holdings Inc,Consumer Cyclical,Restaurants,China,14310000000.0,15.34,41.78,2.78%,2350762.0,0,0,0,0,0,0,0,0,0,0,0,0,0,0,0,0,0,0,0,0,0,0,0,1,0,0,0,0,1,0,1
XI,ProShares Short FTSE China 50 -1x Shares,Financial,Exchange Traded Fund,USA,,,23.11,0.01%,473.0,0,0,0,0,0,1,0,0,0,0,0,0,0,0,0,1,0,0,0,0,0,0,0,0,0,0,0,0,2,0,2
ALT,Innovator U.S. Equity 10 Buffer ETF - Quarterly,Financial,Exchange Traded Fund,USA,,,34.7,-0.20%,88719.0,0,0,0,0,0,0,0,-1,0,0,0,0,0,0,0,0,0,0,0,0,0,0,0,0,0,0,0,0,0,1,1
AP,Global X U.S. Electrification ETF,Financial,Exchange Traded Fund,USA,,,31.35,-0.82%,124250.0,0,0,0,0,0,0,0,0,1,0,0,0,0,0,0,0,0,0,0,0,0,0,0,0,0,0,0,0,1,0,1
APR,Innovator Equity Defined Protection ETF - 1 Yr April,Financial,Exchange Traded Fund,USA,,,27.12,0.09%,548.0,0,0,0,0,0,0,0,0,0,0,0,0,0,0,0,0,0,1,0,0,0,0,0,0,0,0,0,0,1,0,1
BH,Zimmer Biomet Holdings Inc,Healthcare,Medical Devices,USA,16950000000.0,21.63,88.88,0.44%,2507574.0,0,0,0,0,0,0,0,0,0,0,1,0,0,0,0,0,0,0,0,0,0,0,0,0,0,0,0,0,1,0,1
CBC,Global X Zero Coupon Bond 2032 ETF,Financial,Exchange Traded Fund,USA,,,47.01,0.25%,9.0,0,0,0,0,0,0,0,0,0,0,0,0,0,0,0,0,0,0,0,-1,0,0,0,0,0,0,0,0,0,1,1
CBF,Global X Zero Coupon Bond 2034 ETF,Financial,Exchange Traded Fund,USA,,,46.31,0.39%,9.0,0,0,0,0,0,0,0,0,1,0,0,0,0,0,0,0,0,0,0,0,0,0,0,0,0,0,0,0,1,0,1
CBG,Global X Zero Coupon Bond 2035 ETF,Financial,Exchange Traded Fund,USA,,,46.08,0.51%,25.0,0,0,0,0,0,0,0,0,1,0,0,0,0,0,0,0,0,0,0,0,0,0,0,0,0,0,0,0,1,0,1
D,Ziff Davis Inc,Communication Services,Advertising Agencies,USA,1920000000.0,,55.91,1.84%,526425.0,0,0,0,-1,0,0,0,0,0,0,0,0,0,0,0,0,0,0,0,0,0,0,0,0,0,0,0,0,0,1,1
ECP,Zacks Earnings Consistent Portfolio ETF,Financial,Exchange Traded Fund,USA,,,37.71,0.24%,33012.0,0,0,0,-1,0,0,0,0,0,0,0,0,-1,0,0,0,0,0,0,0,0,0,0,0,0,0,0,0,0,2,2
H,Zhihu Inc ADR,Communication Services,Internet Content & Information,China,203660000.0,,3.42,-1.16%,282216.0,0,0,0,0,0,0,0,0,0,0,0,0,0,0,0,0,0,0,0,0,1,0,0,0,0,0,0,0,1,0,1
HDG,ZEGA Buy and Hedge ETF,Financial,Exchange Traded Fund,USA,,,24.1,-0.29%,3634.0,0,0,0,0,0,0,0,0,0,0,0,0,0,0,0,0,0,1,0,0,0,0,0,0,0,0,0,0,1,0,1
JK,ZJK Industrial Co Ltd,Industrials,Tools & Accessories,China,115780000.0,12.04,1.8,-8.16%,10141.0,0,0,0,0,0,0,0,0,0,0,0,0,-1,0,0,0,0,0,0,0,0,0,0,0,0,0,0,0,0,1,1
JUL,Innovator Equity Defined Protection ETF - 1 Yr July,Financial,Exchange Traded Fund,USA,,,30.39,-0.08%,62486.0,0,0,0,0,0,0,0,0,0,0,0,0,-1,0,0,0,0,0,0,0,0,0,0,0,0,0,0,0,0,1,1
JUN,Innovator Equity Defined Protection ETF - 1 Yr June,Financial,Exchange Traded Fund,USA,,,27.82,-0.24%,9904.0,0,0,0,0,0,0,0,-1,0,0,0,0,0,0,0,0,0,0,0,0,0,0,0,0,0,0,0,0,0,1,1
JYL,Jin Medical International Ltd,Healthcare,Medical Instruments & Supplies,China,335370000.0,14.15,2.12,0.00%,13243.0,0,0,0,0,0,0,0,0,0,0,0,0,0,0,0,0,0,0,0,0,0,0,0,0,0,1,0,0,1,0,1
M,Zoom Communications Inc,Technology,Software - Application,USA,27620000000.0,8.77,94.67,-0.11%,3913442.0,0,0,0,0,0,0,0,0,0,0,1,0,0,0,0,0,0,0,0,0,0,0,-1,0,0,0,0,0,1,1,2
MAR,Innovator Equity Defined Protection ETF - 1 Yr March,Financial,Exchange Traded Fund,USA,,,28.7,-0.07%,116.0,0,0,0,-1,0,0,0,-1,0,0,0,0,0,0,0,0,0,0,0,0,0,0,0,0,0,0,0,0,0,2,2
MAY,Innovator Equity Defined Protection ETF - 1 Yr May,Financial,Exchange Traded Fund,USA,,,26.42,-0.04%,4573.0,0,0,0,0,0,0,0,-1,0,0,0,0,0,0,0,0,0,0,0,0,0,0,0,0,0,0,0,0,0,1,1
MUN,F/m Ultrashort Tax-Free Municipal ETF,Financial,Exchange Traded Fund,USA,,,49.49,0.00%,7483.0,0,1,0,0,0,0,0,0,0,0,0,0,0,0,0,0,0,0,0,0,0,0,0,0,0,0,0,0,1,0,1
NTL,Zentalis Pharmaceuticals Inc,Healthcare,Biotechnology,USA,237620000.0,,2.51,-1.57%,1272445.0,0,0,0,0,0,0,0,0,0,0,0,0,-1,0,0,0,0,0,0,0,0,0,0,0,0,0,0,0,0,1,1
OOZ,Zooz Strategy Ltd,Industrials,Electrical Equipment & Parts,Israel,52000000.0,,6.5,-0.46%,8059.0,0,0,0,0,0,0,0,0,0,0,1,0,0,0,0,0,0,0,0,0,0,0,0,0,0,0,0,0,1,0,1
SEP,Innovator Equity Defined Protection ETF - 1 Yr September,Financial,Exchange Traded Fund,USA,,,27.98,-0.09%,22294.0,0,0,0,0,0,0,0,-1,0,0,0,0,0,0,0,0,0,0,0,0,0,0,0,0,0,0,0,0,0,1,1
TWO,F/M 2-Year Investment Grade Corporate Bond ETF,Financial,Exchange Traded Fund,USA,,,49.85,0.18%,1319.0,0,1,0,0,0,0,0,0,0,0,0,0,0,0,0,0,0,0,0,0,0,0,0,0,0,0,0,0,1,0,1
UMZ,Zumiez Inc,Consumer Cyclical,Apparel Retail,USA,217850000.0,19.72,14.21,0.64%,345277.0,0,0,0,0,0,0,0,0,1,0,0,0,0,0,0,0,0,0,0,0,0,0,0,0,0,0,0,0,1,0,1
VOL,Volatility Premium Plus ETF,Financial,Exchange Traded Fund,USA,,,7.78,-1.12%,40862.0,0,0,0,0,0,0,0,0,0,0,0,0,0,0,0,0,0,0,0,-1,0,0,0,0,0,0,0,0,0,1,1
VRA,Zevra Therapeutics Inc,Healthcare,Biotechnology,USA,653220000.0,11.87,11.0,-0.72%,487124.0,0,0,0,0,0,1,0,0,1,0,0,0,0,0,0,0,0,0,0,0,0,0,0,0,0,0,-1,0,2,1,3
WS,Zurn Elkay Water Solutions Corp,Industrials,Pollution & Treatment Controls,USA,7670000000.0,28.39,46.24,-0.52%,872908.0,0,0,0,0,0,0,0,0,1,0,0,0,0,0,0,0,0,0,0,0,0,0,0,0,0,0,0,0,1,0,1
YME,Zymeworks BC Inc,Healthcare,Biotechnology,USA,1810000000.0,,25.26,-4.79%,1367159.0,0,1,0,0,0,0,0,0,0,0,0,0,0,0,0,0,0,0,0,0,0,0,0,0,0,0,0,0,1,0,1
