Ticker,Company,Sector,Industry,Country,Market Cap,P/E,Price,Change %,Volume,Horizontal S/R,Horizontal S/R (Strong),TL Resistance,TL Resistance (Strong),TL Support,TL Support (Strong),Wedge Up,Wedge Up (Strong),Wedge Down,Wedge Down (Strong),Triangle Ascending,Triangle Ascending (Strong),Triangle Descending,Triangle Descending (Strong),Wedge,Wedge (Strong),Channel Up,Channel Up (Strong),Channel Down,Channel Down (Strong),Channel,Channel (Strong),Double Top,Double Bottom,Multiple Top,Multiple Bottom,Head & Shoulders,Head & Shoulders Inverse,Pattern_+1_Count,Pattern_-1_Count,Pattern_Total
AAA,Amplius Aggressive Asset Allocation ETF,Financial,Exchange Traded Fund,USA,,,30.72,-0.40%,16002.0,0,0,0,0,0,0,0,0,0,0,1,1,0,0,0,0,0,0,0,0,0,0,0,0,-1,0,0,0,2,1,3
ACG,ATA Creativity Global ADR,Consumer Defensive,Education & Training Services,China,29520000.0,,0.69,-7.56%,3798.0,0,1,0,0,0,0,0,0,0,0,0,0,-1,0,0,0,0,0,0,0,0,0,0,0,0,0,0,0,1,1,2
ACI,Armada Acquisition Corp III,Financial,Shell Companies,USA,342680000.0,146.58,10.07,0.10%,11495.0,0,0,0,0,0,0,0,-1,0,0,0,0,0,0,0,0,0,0,0,0,0,0,0,0,0,0,0,0,0,1,1
AL,American Airlines Group Inc,Industrials,Airlines,USA,8449999999.999999,,12.76,-0.31%,70697270.0,0,0,0,0,0,0,0,0,1,0,0,0,0,0,0,0,0,0,0,0,0,0,0,0,0,0,0,0,1,0,1
AME,Atlantic American Corp,Financial,Insurance - Life,USA,24070000.0,5.24,1.18,-2.48%,8931.0,0,0,0,0,0,0,0,0,1,0,0,0,0,0,0,0,0,0,0,0,0,0,0,0,0,0,0,0,1,0,1
AMI,Acadian Asset Management Inc,Financial,Asset Management,USA,3330000000.0,33.06,93.71,0.44%,295471.0,0,0,0,0,0,0,0,0,0,0,0,0,0,0,0,0,0,1,0,0,0,0,0,0,0,0,0,0,1,0,1
AOI,Applied Optoelectronics Inc,Technology,Communication Equipment,USA,9310000000.0,,109.64,3.53%,14512493.0,0,0,0,0,0,0,0,0,0,0,0,0,-1,0,0,0,0,0,0,0,0,0,0,0,0,0,0,0,0,1,1
AOZ,Tradr 2X Short AAOI Daily ETF,Financial,Exchange Traded Fund,USA,,,10.19,-7.11%,4495473.0,0,0,0,0,0,0,0,0,0,0,0,0,0,0,0,0,0,0,0,0,0,0,0,1,0,0,0,0,1,0,1
APG,Ascentage Pharma Group International ADR,Healthcare,Biotechnology,China,1380000000.0,,14.75,1.37%,1199.0,0,0,0,0,0,0,0,0,1,0,0,0,0,0,0,0,0,0,0,0,0,0,0,0,0,0,0,0,1,0,1
APL,Apple Inc,Technology,Consumer Electronics,USA,4912980000000.0,38.59,336.64,-1.11%,37881199.0,0,0,0,0,0,0,0,0,0,0,1,0,0,0,0,0,0,0,0,0,0,0,-1,0,0,0,0,0,1,1,2
APX,T-Rex 2X Long Apple Daily Target ETF,Financial,Exchange Traded Fund,USA,,,40.65,-2.52%,34992.0,0,0,0,0,0,0,0,0,0,0,1,0,0,0,0,0,0,0,0,0,0,0,-1,0,0,0,0,0,1,1,2
APY,Kurv Yield Premium Strategy Apple (AAPL) ETF,Financial,Exchange Traded Fund,USA,,,27.9,-0.95%,3039.0,0,0,0,0,0,0,0,0,0,0,1,0,0,0,0,0,0,0,0,0,0,0,-1,0,0,0,0,0,1,1,2
AUA,Alpha Architect US Equity 3 ETF,Financial,Exchange Traded Fund,USA,,,59.85,0.59%,135.0,0,1,0,0,0,0,0,0,0,0,0,0,0,0,0,0,0,0,0,0,0,0,0,0,0,0,0,0,1,0,1
AUB,Alpha Architect US Equity 4 ETF,Financial,Exchange Traded Fund,USA,,,51.98,0.54%,1510.0,0,0,0,0,0,0,0,0,0,0,1,1,0,0,0,0,0,0,0,0,0,0,0,0,0,0,0,0,2,0,2
AVM,Alpha Architect Global Factor Equity ETF,Financial,Exchange Traded Fund,USA,,,33.88,0.36%,2722.0,0,0,0,-1,0,0,0,-1,0,0,0,0,0,0,0,0,0,0,0,0,0,0,0,0,0,0,0,0,0,2,2
B,AllianceBernstein Holding Lp,Financial,Asset Management,USA,3250000000.0,10.3,34.9,-1.13%,301851.0,0,0,0,0,0,0,0,0,1,0,0,0,0,0,0,0,0,0,0,0,0,0,0,0,0,0,0,0,1,0,1
BAT,American Battery Technology Company,Industrials,Waste Management,USA,280870000.0,,1.97,-3.90%,2458241.0,0,0,0,0,0,0,0,0,1,0,0,0,0,0,0,0,0,0,0,0,0,0,0,0,0,0,0,0,1,0,1
BEQ,Absolute Select Value ETF,Financial,Exchange Traded Fund,USA,,,37.82,0.13%,1088.0,0,0,0,0,0,0,0,0,0,0,0,0,-1,0,0,0,0,0,0,0,0,0,0,0,0,0,0,0,0,1,1
BEV,Ambev SA ADR,Consumer Defensive,Beverages - Brewers,Brazil,48400000000.0,16.29,3.19,0.00%,17949789.0,0,0,0,0,0,0,0,0,0,0,0,0,-1,0,0,0,0,0,0,0,0,0,0,0,0,0,0,0,0,1,1
BFL,Abacus FCF Leaders ETF,Financial,Exchange Traded Fund,USA,,,81.99,0.66%,53605.0,0,0,0,0,0,1,0,0,0,0,0,0,-1,-1,0,0,0,0,0,0,0,0,0,0,0,0,0,0,1,2,3
BLG,Abacus FCF International Leaders ETF,Financial,Exchange Traded Fund,USA,,,30.58,0.82%,628.0,0,0,0,0,0,0,0,0,0,0,0,0,-1,0,0,1,0,0,0,0,0,0,0,0,0,0,0,0,1,1,2
BLS,Abacus FCF Small Cap Leaders ETF,Financial,Exchange Traded Fund,USA,,,21.38,0.79%,26.0,0,0,0,0,0,0,0,0,0,0,0,0,0,0,0,0,0,0,0,0,0,0,-1,0,0,0,0,0,0,1,1
BOS,Acumen Pharmaceuticals Inc,Healthcare,Biotechnology,USA,154760000.0,,2.14,1.90%,357543.0,0,0,0,0,0,1,0,0,0,0,0,0,0,0,0,0,0,0,0,0,0,0,0,0,0,0,0,0,1,0,1
BOT,Abacus FCF Innovation Leaders ETF,Financial,Exchange Traded Fund,USA,,,45.33,1.25%,18.0,0,0,0,0,0,0,0,-1,0,0,0,0,0,0,0,0,0,0,0,0,0,0,0,0,0,0,0,0,0,1,1
BSI,Absci Corp,Healthcare,Biotechnology,USA,1740000000.0,,10.16,13.65%,4245312.0,0,0,0,0,0,0,0,0,0,0,1,0,0,0,0,0,0,0,0,0,0,0,-1,0,0,0,0,0,1,1,2
BUF,Aptus Laddered Buffer ETF,Financial,Exchange Traded Fund,USA,,,28.12,0.33%,32615.0,0,0,0,0,0,0,0,0,0,0,0,0,0,0,0,0,0,1,0,0,0,0,0,0,0,0,0,0,1,0,1
BUS,Arbutus Biopharma Corp,Healthcare,Biotechnology,USA,836000000.0,5.39,4.22,0.96%,3146214.0,0,0,0,0,0,0,0,0,0,0,1,0,0,0,0,0,0,0,0,0,0,0,-1,0,0,0,0,0,1,1,2
BX,Abacus Global Management Inc,Financial,Insurance - Life,USA,800920000.0,28.68,8.19,-1.56%,493346.0,0,0,0,0,0,0,0,0,0,0,0,0,0,0,0,0,0,0,0,0,0,0,0,0,0,0,-1,0,0,1,1
BXB,Abacus Flexible Bond Leaders ETF,Financial,Exchange Traded Fund,USA,,,18.66,0.03%,6.0,0,0,0,0,0,0,0,0,1,0,0,0,0,0,0,0,0,0,0,0,0,0,0,0,0,0,0,0,1,0,1
CCO,Acco Brands Corp,Industrials,Business Equipment & Supplies,USA,414460000.0,7.23,4.49,0.67%,743985.0,0,0,0,-1,0,0,0,0,0,0,0,0,0,0,0,0,0,0,0,0,0,0,0,0,0,0,0,0,0,1,1
CGO,Hartford Alpha Capture Growth ETF,Financial,Exchange Traded Fund,USA,,,39.64,0.69%,543.0,0,1,0,0,0,0,0,0,0,0,0,0,0,0,0,0,0,0,0,0,0,0,0,0,0,0,0,0,1,0,1
CGR,American Century Large Cap Growth ETF,Financial,Exchange Traded Fund,USA,,,73.41,1.48%,6.0,0,0,0,0,0,0,0,-1,0,0,0,0,0,0,0,0,0,0,0,0,0,0,0,0,0,0,0,0,0,1,1
CHC,Acadia Healthcare Company Inc,Healthcare,Medical Care Facilities,USA,2720000000.0,,29.25,2.70%,1383726.0,0,0,0,0,0,0,0,0,0,0,0,0,-1,0,0,0,0,0,0,0,0,0,0,0,0,0,0,0,0,1,1
CIC,American Coastal Insurance Corp,Financial,Insurance - Property & Casualty,USA,473980000.0,4.86,9.78,-0.51%,174152.0,0,0,0,0,0,0,0,0,1,1,0,0,0,0,0,0,0,0,0,0,0,0,0,0,0,0,0,0,2,0,2
CII,Innovator Index Autocallable Income Strategy ETF,Financial,Exchange Traded Fund,USA,,,25.41,0.40%,34325.0,0,0,0,0,0,0,0,0,0,0,0,0,0,0,0,1,0,0,0,0,0,0,0,0,0,0,0,0,1,0,1
CIO,Aptus Collared Investment Opportunity ETF,Financial,Exchange Traded Fund,USA,,,47.64,0.40%,113317.0,0,0,0,0,0,0,0,-1,0,0,0,0,0,0,0,0,0,0,0,0,0,0,0,0,0,0,0,0,0,1,1
CKY,VistaShares Target 15 ACKtivist Distribution ETF,Financial,Exchange Traded Fund,USA,,,17.59,0.95%,2853.0,0,0,0,0,0,0,0,0,0,0,0,0,-1,0,0,0,0,0,0,0,0,0,0,0,0,0,0,0,0,1,1
CLO,TCW AAA CLO ETF,Financial,Exchange Traded Fund,USA,,,50.41,0.06%,1095.0,0,1,0,-1,0,1,0,0,0,0,1,1,0,0,0,0,0,0,0,0,0,0,0,0,0,0,0,0,4,1,5
CLS,Axcelis Technologies Inc,Technology,Semiconductor Equipment & Materials,USA,4160000000.0,45.3,134.71,0.92%,244013.0,0,0,0,0,0,0,0,0,1,0,0,0,0,0,0,0,0,0,0,0,0,0,0,0,0,0,0,0,1,0,1
CM,AECOM,Industrials,Engineering & Construction,USA,7630000000.0,21.64,59.28,-0.30%,2902477.0,0,0,0,0,0,0,0,0,1,0,0,0,0,0,0,0,0,0,0,0,0,0,0,0,0,0,0,0,1,0,1
CMR,ACM Research Inc,Technology,Semiconductor Equipment & Materials,USA,4970000000.0,33.9,71.37,0.81%,739800.0,0,0,0,0,0,0,0,0,1,0,0,0,0,0,0,0,0,0,0,0,0,0,0,0,0,0,0,0,1,0,1
CRE,Ares Commercial Real Estate Corp,Real Estate,REIT - Mortgage,USA,196960000.0,,3.55,-3.01%,614440.0,0,0,0,0,0,0,0,0,1,1,0,0,0,0,0,0,0,0,0,0,0,0,0,0,0,0,0,0,2,0,2
CSG,American Century Small Cap Growth Insights ETF,Financial,Exchange Traded Fund,USA,,,46.27,1.20%,1693.0,0,0,0,0,0,0,0,0,0,0,0,0,0,0,0,0,0,0,0,0,0,0,-1,0,0,0,0,0,0,1,1
CSI,American Customer Satisfaction ETF,Financial,Exchange Traded Fund,USA,,,75.97,-0.45%,217.0,0,0,0,-1,0,0,0,0,0,0,0,0,0,0,0,0,0,0,0,0,0,0,-1,0,0,0,0,0,0,2,2
CT,Enact Holdings Inc,Financial,Insurance - Specialty,USA,6320000000.0,9.69,45.97,-1.44%,249479.0,0,0,0,0,0,0,0,0,0,0,0,0,0,0,0,0,0,0,0,0,0,0,-1,0,0,0,0,0,0,1,1
CTG,Acacia Research Corp,Industrials,Business Equipment & Supplies,USA,421580000.0,,4.32,-1.59%,80031.0,0,0,0,0,0,0,0,0,0,0,0,0,0,0,0,1,0,0,0,0,0,0,0,0,0,0,0,0,1,0,1
CTU,Actuate Therapeutics Inc,Healthcare,Biotechnology,USA,14660000.0,,0.61,-10.13%,301185.0,0,0,0,0,0,0,0,0,1,1,0,0,0,0,0,0,0,0,0,0,0,0,0,0,0,0,0,0,2,0,2
CWX,iShares MSCI ACWI ex US ETF,Financial,Exchange Traded Fund,USA,,,75.48,0.84%,2000659.0,0,0,0,0,0,0,0,-1,0,0,0,0,0,0,0,0,0,0,0,0,0,0,0,0,0,0,0,0,0,1,1
CYN,FT Vest Laddered Autocallable Barrier & Income ETF,Financial,Exchange Traded Fund,USA,,,20.79,0.24%,1804877.0,0,0,0,0,0,1,0,0,0,0,1,0,0,0,0,0,0,0,0,0,0,0,0,0,0,0,0,0,2,0,2
CYS,FT Vest Laddered Autocallable Barrier & Resilient Income ETF,Financial,Exchange Traded Fund,USA,,,20.52,0.29%,322324.0,0,0,0,0,0,0,0,0,0,0,0,0,0,0,0,1,0,0,0,0,0,0,0,0,0,0,0,0,1,0,1
D,Array Digital Infrastructure Inc,Communication Services,Telecom Services,USA,2890000000.0,3.88,33.39,-0.80%,294114.0,0,0,0,0,0,0,0,0,1,1,0,0,0,0,0,0,0,0,0,0,0,0,0,0,0,0,0,0,2,0,2
DAG,Adagene Inc ADR,Healthcare,Biotechnology,China,185310000.0,,2.76,-0.72%,1649353.0,0,1,0,0,0,0,0,0,1,1,0,0,0,0,0,0,0,0,0,0,0,0,0,0,0,0,0,0,3,0,3
DC,Agree Realty Corp,Real Estate,REIT - Retail,USA,8199999999.999999,35.53,65.95,0.20%,1060132.0,0,0,0,0,0,0,0,0,0,0,1,0,0,0,0,0,0,0,0,0,0,0,0,0,0,0,0,0,1,0,1
DCT,Adc Therapeutics SA,Healthcare,Drug Manufacturers - Specialty & Generic,Switzerland,220860000.0,,1.73,8.81%,3143237.0,0,0,0,0,0,0,0,0,0,0,0,0,0,0,0,0,0,0,0,0,0,0,0,0,0,1,0,0,1,0,1
DGM,Adagio Medical Holdings Inc,Healthcare,Medical Devices,USA,2890000.0,,0.13,0.00%,690432.0,0,0,0,0,0,0,0,0,1,0,0,0,0,0,0,0,0,0,0,0,0,0,0,0,0,0,0,0,1,0,1
DIV,Guinness Atkinson Asia Pacific Dividend Builder ETF,Financial,Exchange Traded Fund,USA,,,19.45,0.62%,2161.0,0,0,0,0,0,0,0,-1,0,0,0,0,0,0,0,0,0,0,0,0,0,0,0,0,0,0,0,0,0,1,1
DM,Archer Daniels Midland Co,Consumer Defensive,Farm Products,USA,38500000000.0,21.87,79.89,-3.10%,3014329.0,0,0,0,0,0,1,0,0,0,0,1,0,0,0,0,0,0,0,0,0,1,0,-1,0,0,0,0,0,3,1,4
DNT,Adient plc,Consumer Cyclical,Auto Parts,USA,1340000000.0,29.13,17.42,-1.14%,856610.0,0,0,0,0,0,0,0,0,1,1,0,0,0,0,0,0,0,0,0,0,0,0,0,0,0,0,0,0,2,0,2
DPT,Adaptive Biotechnologies Corp,Healthcare,Diagnostics & Research,USA,4230000000.0000005,,26.49,1.53%,1525258.0,0,0,0,0,0,0,0,-1,0,0,0,0,0,0,0,0,0,0,0,0,0,0,0,0,0,0,0,0,0,1,1
DPV,Adaptiv Select ETF,Financial,Exchange Traded Fund,USA,,,44.28,0.87%,7934.0,0,0,0,0,0,0,0,0,1,0,0,0,0,0,0,0,0,0,0,0,0,0,0,0,0,0,0,0,1,0,1
DSE,Ads-Tec Energy Plc,Industrials,Electrical Equipment & Parts,Ireland,726290000.0,,9.66,2.44%,43493.0,0,1,0,0,0,0,0,0,0,0,0,0,0,0,0,0,0,0,0,0,0,0,0,0,0,0,0,0,1,0,1
DX,Adams Diversified Equity Fund,Financial,Closed-End Fund - Equity,USA,3270000000.0,,26.17,1.43%,214302.0,0,0,0,-1,0,0,0,0,0,0,1,0,0,0,0,0,0,0,0,0,0,0,0,0,-1,0,0,0,1,2,3
EC,Anfield Energy Inc,Energy,Uranium,Canada,65640000.0,,3.29,1.54%,23359.0,0,0,0,0,0,0,0,0,0,0,1,0,0,0,0,0,0,0,0,0,0,0,0,0,0,0,0,0,1,0,1
EF,abrdn Emerging Markets ex-China Fund Inc,Financial,Closed-End Fund - Equity,USA,380030000.0,,9.36,1.08%,90858.0,0,0,0,0,0,0,0,0,0,0,1,0,0,0,0,0,0,0,0,0,0,0,0,0,-1,0,0,0,1,1,2
EHG,Leverage Shares 2X Long AEHR Daily ETF,Financial,Exchange Traded Fund,USA,,,6.24,-5.88%,1248368.0,0,1,0,0,0,0,0,0,0,0,0,0,0,0,0,0,0,0,0,0,0,0,0,0,0,0,0,0,1,0,1
EIS,Advanced Energy Industries Inc,Industrials,Electrical Equipment & Parts,USA,11560000000.0,53.83,288.66,1.56%,252241.0,0,0,0,0,0,0,0,0,1,0,0,0,-1,0,0,0,0,0,0,0,0,0,0,0,0,0,0,0,1,1,2
EMD,Aethlon Medical Inc,Healthcare,Medical Devices,USA,9700000.0,,6.05,0.67%,15183.0,0,0,0,0,0,0,0,0,1,0,0,0,0,0,0,0,0,0,0,0,0,0,0,0,0,0,0,0,1,0,1
ENT,Alliance Entertainment Holding Corp,Communication Services,Entertainment,USA,227370000.0,17.42,4.46,-1.33%,32227.0,0,0,0,0,0,0,0,0,0,0,0,0,-1,-1,0,0,0,0,0,0,0,0,0,0,0,0,0,0,0,2,2
EO,American Eagle Outfitters Inc,Consumer Cyclical,Apparel Retail,USA,3040000000.0,9.3,18.17,1.11%,4401162.0,0,0,0,0,0,0,0,0,0,0,0,0,-1,0,0,0,0,0,0,0,0,0,0,1,0,0,0,0,1,1,2
EON,AEON Biopharma Inc,Healthcare,Biotechnology,USA,13760000.0,,0.28,-10.97%,1627975.0,0,0,0,0,0,0,0,0,1,0,0,0,0,0,0,0,0,0,0,0,0,0,0,0,0,0,0,0,1,0,1
ERO,Grupo Aeromexico SAB de CV ADR,Industrials,Airlines,Mexico,2120000000.0,10.53,15.57,-1.33%,608860.0,0,0,0,0,0,0,0,0,0,0,0,0,0,0,0,1,0,0,0,0,0,0,0,0,0,0,0,0,1,0,1
ESI,Atlas Energy Solutions Inc,Energy,Oil & Gas Equipment & Services,USA,1540000000.0,,12.29,1.07%,1836145.0,0,0,0,0,0,0,0,0,1,0,0,0,0,0,0,0,0,0,0,0,0,0,0,0,0,0,0,0,1,0,1
EXA,American Exceptionalism Acquisition Corp A,Financial,Shell Companies,USA,536650000.0,,10.85,0.18%,221083.0,0,0,0,0,0,0,0,0,0,0,1,0,0,0,0,0,0,0,0,0,0,0,0,0,0,0,0,0,1,0,1
FEM,First Trust Active Factor Emerging Markets ETF,Financial,Exchange Traded Fund,USA,,,98.02,0.96%,1693.0,0,1,0,0,0,0,0,0,0,0,0,0,0,0,0,0,0,0,0,0,0,0,0,0,0,0,0,0,1,0,1
FG,American Financial Group Inc,Financial,Insurance - Property & Casualty,USA,11700000000.0,12.33,141.08,-0.63%,259954.0,0,0,0,0,0,1,0,0,0,0,0,0,0,0,0,0,0,0,0,0,0,0,0,0,0,0,0,0,1,0,1
FIF,Anfield Universal Fixed Income ETF,Financial,Exchange Traded Fund,USA,,,9.27,0.16%,211811.0,0,0,0,0,0,0,0,0,1,0,0,0,0,0,0,0,0,0,0,0,0,0,0,0,0,0,-1,0,1,1,2
FMC,First Trust Active Factor Mid Cap ETF,Financial,Exchange Traded Fund,USA,,,40.36,0.15%,109425.0,0,0,0,-1,0,0,0,0,0,0,0,0,0,0,0,0,0,0,0,0,0,0,0,0,0,0,0,0,0,1,1
FOS,ARS Focused Opportunity Strategy ETF,Financial,Exchange Traded Fund,USA,,,45.99,0.82%,34804.0,0,0,0,0,0,0,0,0,0,0,1,1,0,0,0,0,0,0,0,0,0,0,0,0,-1,0,0,0,2,1,3
FRM,Affirm Holdings Inc,Financial,Credit Services,USA,27230000000.0,14.62,80.7,4.60%,5480216.0,0,0,0,0,0,0,0,0,0,0,1,0,0,0,0,0,0,0,0,0,0,0,0,0,0,0,0,0,1,0,1
GBK,AGI Inc,Financial,Banks - Regional,Brazil,1080000000.0,6.96,6.76,3.84%,495357.0,0,0,0,0,0,1,0,0,1,0,0,0,0,0,0,0,0,0,0,-1,0,0,0,0,0,0,0,0,2,1,3
GEM,abrdn Emerging Markets Dividend Active ETF,Financial,Exchange Traded Fund,USA,,,48.11,1.24%,6054.0,0,0,0,0,0,0,0,0,0,0,1,0,0,0,0,0,0,0,0,0,1,0,0,0,-1,0,0,0,2,1,3
GI,Alamos Gold Inc,Basic Materials,Gold,Canada,13770000000.0,11.84,32.9,2.11%,1959267.0,0,1,0,0,0,0,0,0,0,0,0,0,0,0,0,0,0,0,0,0,0,0,0,0,0,0,0,0,1,0,1
GMH,AGM Group Holdings Inc,Technology,Computer Hardware,Hong Kong,2720000.0,0.11,0.53,-12.67%,332100.0,0,0,0,0,0,0,0,0,1,1,0,0,0,0,0,0,0,0,0,0,0,0,0,0,0,0,0,0,2,0,2
GNT,AGNT Inc,Real Estate,Real Estate Services,USA,621680000.0,,3.72,-7.23%,1771969.0,0,0,0,-1,0,0,0,0,1,1,0,0,0,0,0,0,0,0,0,0,0,0,0,0,0,0,0,0,2,1,3
GOX,Adaptive Alpha Opportunities ETF,Financial,Exchange Traded Fund,USA,,,33.4,-0.41%,34937.0,0,0,0,0,0,0,0,0,0,0,0,0,-1,0,0,0,0,0,0,0,0,0,0,0,0,0,0,0,0,1,1
GRW,Allspring LT Large Growth ETF,Financial,Exchange Traded Fund,USA,,,33.89,0.98%,60.0,0,0,0,0,0,0,0,0,0,0,1,0,0,0,0,0,0,0,0,0,0,0,-1,0,0,0,0,0,1,1,2
GRZ,Agroz Inc,Consumer Defensive,Farm Products,Malaysia,12560000.0,,4.42,22.10%,594374.0,0,0,0,0,0,0,0,0,1,0,0,0,0,0,0,0,0,0,0,0,0,0,0,0,0,0,0,0,1,0,1
GX,Argan Inc,Industrials,Engineering & Construction,USA,5510000000.0,31.04,392.61,-1.52%,188270.0,0,0,0,0,0,1,0,0,0,0,0,0,0,0,0,0,0,0,0,0,0,0,0,0,0,0,0,0,1,0,1
HLT,American Beacon AHL Trend ETF,Financial,Exchange Traded Fund,USA,,,31.5,1.06%,18889.0,0,1,0,0,0,0,0,0,0,0,1,1,0,0,0,0,0,0,0,0,0,0,0,0,0,0,0,0,3,0,3
HYB,American Century Select High Yield ETF,Financial,Exchange Traded Fund,USA,,,44.76,0.06%,1577.0,0,0,0,-1,0,0,0,0,0,0,0,0,0,0,0,0,0,0,0,0,0,0,0,0,0,0,0,0,0,1,1
I,C3.ai Inc,Technology,Software - Infrastructure,USA,1850000000.0,,11.53,1.68%,4473766.0,0,0,0,0,0,0,0,0,0,0,0,0,-1,0,0,0,0,0,0,0,0,0,0,0,0,0,0,0,0,1,1
IB,AIB Data Centers Inc,Technology,Software - Infrastructure,USA,105610000.0,,1.39,-2.80%,516346.0,0,0,0,0,0,0,0,0,0,0,0,0,-1,0,0,0,0,0,0,0,0,0,0,0,0,0,0,0,0,1,1
IBZ,Bitzero Holdings Inc,Technology,Software - Infrastructure,Canada,194080000.0,,3.49,3.56%,369193.0,0,0,0,0,0,0,0,0,1,1,0,0,0,0,0,0,0,0,0,0,0,0,0,0,0,0,0,0,2,0,2
IFC,AI Financial Corp,Technology,Software - Infrastructure,USA,60970000.0,,0.44,-0.68%,819400.0,0,0,0,0,0,0,0,0,1,0,0,0,0,0,0,0,0,0,0,0,0,0,0,0,0,0,0,0,1,0,1
IFF,Firefly Neuroscience Inc,Technology,Software - Application,USA,18680000.0,,1.19,-1.65%,101009.0,0,0,0,0,0,0,0,0,1,0,0,0,0,0,0,0,0,0,0,0,0,0,0,0,0,0,0,0,1,0,1
IG,American International Group Inc,Financial,Insurance - Diversified,USA,40280000000.0,14.11,77.04,-0.01%,5032697.0,0,1,0,0,0,1,0,0,0,0,0,0,0,0,0,0,0,0,0,0,1,0,0,0,0,0,0,0,3,0,3
IM,AIM ImmunoTech Inc,Healthcare,Biotechnology,USA,7190000.0,,0.18,0.22%,424182.0,0,0,0,-1,0,0,0,0,0,0,0,0,0,0,0,0,0,0,0,0,0,0,0,0,0,0,0,0,0,1,1
IO,Virtus Artificial Intelligence & Technology Opportunities Fund,Financial,Closed-End Fund - Equity,USA,875780000.0,,25.43,0.32%,85109.0,0,0,0,0,0,0,0,0,1,1,0,0,0,0,0,0,0,0,0,0,0,0,0,0,0,0,0,0,2,0,2
IOT,PowerFleet Inc,Technology,Software - Application,USA,362410000.0,,2.7,2.27%,1538375.0,0,0,0,0,0,0,0,0,0,0,0,0,-1,0,0,0,0,0,0,0,0,0,0,0,0,0,0,0,0,1,1
IRI,Air Industries Group,Industrials,Aerospace & Defense,USA,13100000.0,,2.7,3.85%,1752.0,0,0,0,-1,0,0,0,0,0,0,1,0,0,0,0,0,0,0,0,-1,0,0,0,0,0,0,0,0,1,2,3
IRJ,AirJoule Technologies Corp,Industrials,Building Products & Equipment,USA,271490000.0,,3.61,-2.17%,1142458.0,0,0,0,0,0,0,0,0,0,0,0,0,0,0,0,0,0,1,0,0,0,0,0,0,0,0,0,0,1,0,1
IS,VistaShares Artificial Intelligence Supercycle ETF,Financial,Exchange Traded Fund,USA,,,73.8,0.24%,304929.0,0,0,0,0,0,0,0,0,1,0,0,0,0,0,0,0,0,0,0,0,0,0,0,0,0,0,0,0,1,0,1
ISP,Airship AI Holdings Inc,Technology,Software - Infrastructure,USA,83350000.0,3.16,2.42,5.68%,1733272.0,0,0,0,0,0,0,0,0,1,0,0,0,0,0,0,0,0,0,0,0,0,0,0,0,0,0,0,0,1,0,1
IT,Applied Industrial Technologies Inc,Industrials,Industrial Distribution,USA,12320000000.0,30.61,335.38,0.98%,130405.0,0,0,0,-1,0,0,0,0,0,0,0,0,-1,0,0,0,0,0,0,0,0,0,0,0,0,0,-1,0,0,3,3
IUP,FINQ FIRST U.S. Large Cap AI-Managed Equity ETF,Financial,Exchange Traded Fund,USA,,,31.7,0.80%,852.0,0,1,0,0,0,0,0,0,0,0,0,0,0,0,0,0,0,0,0,0,0,0,0,0,0,0,0,0,1,0,1
IVC,Amplify Bloomberg AI Equal Weight ETF,Financial,Exchange Traded Fund,USA,,,119.73,2.09%,3049.0,0,0,0,0,0,0,0,0,0,0,0,0,-1,0,0,0,0,0,0,0,0,0,0,0,0,0,0,0,0,1,1
IYY,YieldMax AI Option Income Strategy ETF,Financial,Exchange Traded Fund,USA,,,7.44,0.54%,57671.0,0,0,0,0,0,1,0,0,0,0,0,0,0,0,0,0,0,0,0,0,0,0,0,0,0,0,0,0,1,0,1
JAN,Innovator Equity Defined Protection ETF - 2 Yr to January 2028,Financial,Exchange Traded Fund,USA,,,28.75,0.03%,42.0,0,0,0,-1,0,0,0,0,0,0,0,0,0,0,0,0,0,1,0,0,0,0,0,0,0,0,0,0,1,1,2
KA,a.k.a. Brands Holding Corp,Consumer Cyclical,Apparel Retail,USA,118210000.0,,10.76,0.00%,44.0,0,0,0,0,0,0,0,0,1,0,0,0,0,0,0,0,0,0,0,0,0,0,0,0,0,0,0,0,1,0,1
KBA,Akebia Therapeutics Inc,Healthcare,Drug Manufacturers - Specialty & Generic,USA,221990000.0,,0.8,-1.68%,6091357.0,0,0,0,0,0,0,0,0,1,0,0,0,0,0,0,0,0,0,0,0,0,0,0,0,0,0,0,0,1,0,1
KO-B,Embotelladora Andina SA ADR,Consumer Defensive,Beverages - Non-Alcoholic,Chile,2340000000.0,13.92,29.61,0.07%,2489.0,0,0,0,0,0,0,0,0,0,0,0,0,-1,0,0,1,0,0,0,0,0,0,0,0,0,0,0,0,1,1,2
KR,Acadia Realty Trust,Real Estate,REIT - Retail,USA,2550000000.0,53.93,18.24,0.33%,839260.0,0,0,0,0,0,0,0,0,0,0,1,0,0,0,0,0,0,0,0,0,0,0,0,0,0,0,0,0,1,0,1
LB,Albemarle Corp,Basic Materials,Specialty Chemicals,USA,11950000000.0,,101.27,-0.81%,2511008.0,0,0,0,0,0,0,0,0,1,0,0,0,0,0,0,0,0,0,0,0,0,0,0,0,0,0,0,0,1,0,1
LDX,Aldeyra Therapeutics Inc,Healthcare,Biotechnology,USA,55280000.0,,0.92,-3.31%,699271.0,0,0,0,0,0,0,0,0,0,0,1,0,0,0,0,0,0,0,0,0,0,0,0,0,0,0,0,0,1,0,1
LEC,Alector Inc,Healthcare,Biotechnology,USA,232250000.0,,2.08,2.97%,3118490.0,0,0,0,0,0,0,0,0,0,0,1,0,0,0,0,0,0,0,0,0,0,0,0,0,-1,0,0,0,1,1,2
LG,Alamo Group Inc,Industrials,Farm & Heavy Construction Machinery,USA,1860000000.0,18.26,152.42,-1.91%,131891.0,0,0,0,0,0,0,0,0,1,0,0,0,0,0,0,0,0,0,0,0,0,0,0,0,0,0,0,0,1,0,1
LGT,Allegiant Travel,Industrials,Airlines,USA,2089999999.9999998,54.33,76.43,0.02%,307145.0,0,0,0,0,0,0,0,0,0,0,0,0,-1,0,0,0,0,0,0,0,0,0,0,0,0,1,0,0,1,1,2
LIL,Argent Focused Small Cap ETF,Financial,Exchange Traded Fund,USA,,,30.43,0.95%,2634.0,0,0,0,0,0,0,0,0,0,0,0,0,-1,0,0,0,0,0,0,0,0,0,0,0,0,0,0,0,0,1,1
LLO,Allogene Therapeutics Inc,Healthcare,Biotechnology,USA,504420000.0,,1.46,4.29%,10605411.0,0,0,0,0,0,0,0,0,1,0,0,0,0,0,0,0,0,0,0,0,0,0,0,0,0,0,0,0,1,0,1
LLR,Allarity Therapeutics Inc,Healthcare,Biotechnology,USA,15750000.0,,0.99,0.82%,97228.0,0,0,0,0,0,0,0,0,0,0,0,0,0,0,0,0,0,0,0,0,0,0,0,0,0,0,-1,0,0,1,1
LMU,Aeluma Inc,Technology,Semiconductors,USA,220190000.0,,11.4,-4.44%,530319.0,0,0,0,0,0,0,0,0,0,0,0,0,0,0,0,0,0,0,0,0,0,0,0,1,0,0,0,0,1,0,1
LOY,REalloys Inc,Basic Materials,Other Industrial Metals & Mining,USA,508150000.0,,7.32,-3.43%,1988021.0,0,1,0,0,0,0,0,0,0,0,0,0,0,0,0,0,0,0,0,0,0,0,0,0,0,0,0,0,1,0,1
LSN,Allison Transmission Holdings Inc,Consumer Cyclical,Auto Parts,USA,9070000000.0,17.44,109.86,0.69%,774618.0,0,0,0,0,0,0,0,0,0,0,0,0,-1,0,0,0,0,0,0,0,0,0,0,0,0,0,0,0,0,1,1
LTO,Alto Ingredients Inc,Basic Materials,Specialty Chemicals,USA,288940000.0,5.59,3.72,-0.13%,830590.0,0,0,0,0,0,0,0,0,0,0,0,0,0,0,0,0,0,0,0,0,1,0,-1,0,0,0,0,0,1,1,2
LX,Alexander's Inc,Real Estate,REIT - Retail,USA,1230000000.0,7.29,240.99,-0.20%,47477.0,0,1,0,0,0,0,0,0,0,0,0,0,-1,0,0,0,0,0,0,0,0,0,0,0,0,0,0,0,1,1,2
MAL,Amalgamated Financial Corp,Financial,Banks - Regional,USA,1390000000.0,12.42,46.58,-1.27%,171669.0,0,0,0,0,0,1,0,0,0,0,0,0,0,0,0,0,0,1,0,0,0,0,0,0,0,0,0,0,2,0,2
MBA,Ambarella Inc,Technology,Semiconductor Equipment & Materials,USA,2980000000.0,,67.43,7.22%,2021644.0,0,0,0,0,0,0,0,0,0,0,0,0,-1,0,0,0,0,0,0,0,0,0,0,0,0,0,0,0,0,1,1
MBO,Ambow Education Holding Ltd ADR,Consumer Defensive,Education & Training Services,USA,4850000.0,,1.85,0.54%,585.0,0,0,0,0,0,0,0,0,0,0,0,0,-1,0,0,0,0,0,0,0,0,0,0,0,0,0,0,0,0,1,1
MCI,AMC Robotics Corp,Technology,Computer Hardware,USA,65160000.0,,2.78,-0.71%,8902.0,0,0,0,0,0,0,0,0,1,1,0,0,0,0,0,0,0,0,0,0,0,0,0,0,0,0,0,0,2,0,2
ME,Ametek Inc,Industrials,Specialty Industrial Machinery,USA,56990000000.0,36.33,248.58,0.43%,854349.0,0,0,0,0,0,0,0,0,1,0,0,0,0,0,0,0,0,0,0,0,0,0,0,0,0,0,0,0,1,0,1
MRC,Ameresco Inc,Industrials,Engineering & Construction,USA,1130000000.0,40.96,21.33,1.52%,369195.0,0,0,0,0,0,1,0,0,1,0,0,0,0,0,0,0,0,0,0,0,0,0,0,0,0,0,0,0,2,0,2
MRX,Amneal Pharmaceuticals Inc,Healthcare,Drug Manufacturers - Specialty & Generic,USA,6360000000.0,41.55,19.91,1.32%,2087311.0,0,0,0,0,0,0,0,-1,0,0,0,0,0,0,0,0,0,0,0,0,0,0,0,0,0,0,0,0,0,1,1
MSC,American Superconductor Corp,Industrials,Specialty Industrial Machinery,USA,1480000000.0,10.08,30.52,-1.39%,746332.0,0,1,0,0,0,1,0,0,0,0,0,0,0,0,0,0,0,0,0,0,0,0,0,0,0,0,0,0,2,0,2
MT,American Tower Corp,Real Estate,REIT - Specialty,USA,84920000000.0,25.06,182.24,9.30%,8512229.0,0,0,0,0,0,0,0,0,1,0,0,0,0,0,0,0,0,0,0,0,0,0,0,0,0,0,0,0,1,0,1
MTB,Amerant Bancorp Inc,Financial,Banks - Regional,USA,1130000000.0,20.65,28.77,-0.90%,316219.0,0,0,0,0,0,0,0,0,0,0,0,0,-1,0,0,0,0,0,0,0,0,0,0,0,0,0,0,0,0,1,1
MTX,Aemetis Inc,Basic Materials,Specialty Chemicals,USA,119800000.0,,1.66,-4.05%,898817.0,0,0,0,0,0,0,0,0,1,0,0,0,-1,0,0,0,0,0,0,0,0,0,0,0,0,0,0,0,1,1,2
MYY,GraniteShares YieldBOOST AMD ETF,Financial,Exchange Traded Fund,USA,,,13.13,-2.85%,14402.0,0,0,0,0,0,0,0,0,1,0,0,0,0,0,0,0,0,0,0,0,0,0,0,0,0,0,0,0,1,0,1
MZD,Direxion Daily AMZN Bear 1X ETF,Financial,Exchange Traded Fund,USA,,,8.3,-3.26%,10112238.0,0,0,0,0,0,0,0,0,1,0,0,0,0,0,0,0,0,0,0,0,0,0,0,0,0,0,0,0,1,0,1
MZO,Tradr 2X Short AMZN Daily ETF,Financial,Exchange Traded Fund,USA,,,13.2,-6.58%,16421.0,0,0,0,0,0,0,0,0,1,0,0,0,0,0,0,0,0,0,0,0,0,0,0,0,0,0,0,0,1,0,1
MZP,Kurv Yield Premium Strategy Amazon (AMZN) ETF,Financial,Exchange Traded Fund,USA,,,26.34,3.63%,3566.0,0,0,0,0,0,0,0,0,0,0,0,0,0,0,0,1,0,0,0,0,0,0,0,0,0,0,0,0,1,0,1
MZU,Direxion Daily AMZN Bull 2X ETF,Financial,Exchange Traded Fund,USA,,,37.5,6.44%,2165761.0,0,0,0,0,0,0,0,0,0,0,1,1,0,0,0,0,0,0,0,0,0,0,0,0,-1,0,0,0,2,1,3
MZW,Roundhill AMZN WeeklyPay ETF,Financial,Exchange Traded Fund,USA,,,36.19,3.60%,20932.0,0,0,0,0,0,0,0,0,0,0,0,0,-1,0,0,0,0,0,0,0,0,0,0,0,0,0,0,0,0,1,1
MZY,YieldMax AMZN Option Income Strategy ETF,Financial,Exchange Traded Fund,USA,,,10.6,2.02%,138222.0,0,0,0,0,0,0,0,0,1,0,0,0,0,0,0,0,0,0,0,0,0,0,0,0,0,0,0,0,1,0,1
MZZ,GraniteShares 2x Long AMZN Daily ETF,Financial,Exchange Traded Fund,USA,,,35.24,6.43%,221975.0,0,0,0,0,0,0,0,0,0,0,1,1,0,0,0,0,0,0,0,0,0,0,0,0,-1,0,0,0,2,1,3
NAB,AnaptysBio Inc,Healthcare,Biotechnology,USA,1370000000.0,7.13,45.95,-0.56%,495669.0,0,0,0,0,0,0,0,0,0,0,0,0,0,0,0,0,0,0,0,0,1,0,-1,0,0,0,0,0,1,1,2
NDE,Andersons Inc,Consumer Defensive,Food Distribution,USA,2170000000.0,12.33,63.89,-3.97%,291772.0,0,0,0,0,0,1,0,0,1,0,0,0,0,0,0,0,0,0,0,0,0,0,0,0,0,0,0,0,2,0,2
NEW,ProShares MSCI Transformational Changes ETF,Financial,Exchange Traded Fund,USA,,,54.68,1.23%,11.0,0,0,0,0,0,0,0,-1,0,0,0,0,0,0,0,0,0,0,0,0,0,0,0,0,0,0,0,0,0,1,1
NGH,Anghami Inc,Communication Services,Entertainment,United Arab Emirates,34180000.0,,3.77,6.80%,948.0,0,0,0,0,0,1,0,0,0,0,0,0,0,0,0,0,0,0,0,0,0,0,0,0,0,0,0,0,1,0,1
NIP,ANI Pharmaceuticals Inc,Healthcare,Drug Manufacturers - Specialty & Generic,USA,1700000000.0,15.95,73.89,2.65%,540837.0,0,0,0,0,0,0,0,0,1,0,0,0,0,0,0,0,0,0,0,0,0,0,0,0,0,0,0,0,1,0,1
NL,Adlai Nortye Group Ltd ADR,Healthcare,Biotechnology,China,917360000.0,,15.62,0.71%,300442.0,0,0,0,0,0,0,0,0,0,0,1,0,0,0,0,0,0,0,0,0,0,0,-1,0,0,0,0,0,1,1,2
NNA,AleAnna Inc,Energy,Oil & Gas E&P,USA,172020000.0,13.27,2.57,0.78%,72072.0,0,0,0,0,0,0,0,0,0,0,0,0,-1,0,0,0,0,0,0,0,0,0,0,0,0,0,0,0,0,1,1
NV,GraniteShares Autocallable NVDA ETF,Financial,Exchange Traded Fund,USA,,,25.26,-0.10%,13115.0,0,0,0,0,0,0,0,0,0,0,0,0,0,0,0,1,0,0,0,0,0,0,0,0,0,0,0,0,1,0,1
NVS,Annovis Bio Inc,Healthcare,Biotechnology,USA,51640000.0,,1.21,3.42%,521909.0,0,0,0,0,0,0,0,0,1,0,0,0,0,0,0,0,0,0,0,0,0,0,0,0,0,0,0,0,1,0,1
OA,iShares Core 80/20 Aggressive Allocation ETF,Financial,Exchange Traded Fund,USA,,,98.01,0.54%,139569.0,0,0,0,0,0,0,0,0,0,0,1,0,0,0,0,0,0,0,0,0,0,0,0,0,-1,0,0,0,1,1,2
OK,iShares Core 30/70 Conservative Allocation ETF,Financial,Exchange Traded Fund,USA,,,40.48,0.20%,268337.0,0,0,0,0,0,0,0,0,0,0,0,0,-1,0,0,0,0,0,0,0,1,0,0,0,-1,0,0,0,1,2,3
OM,iShares Core 40/60 Moderate Allocation ETF,Financial,Exchange Traded Fund,USA,,,48.82,0.29%,621524.0,0,0,0,0,0,0,0,0,0,0,0,0,0,0,0,0,0,0,0,0,0,0,-1,0,0,0,0,0,0,1,1
OMR,Angel Oak Mortgage REIT Inc,Real Estate,REIT - Mortgage,USA,168540000.0,9.77,7.26,-0.14%,110187.0,0,0,0,0,0,0,0,0,0,0,0,0,0,0,0,0,0,0,0,0,1,0,0,0,0,0,0,0,1,0,1
ON,Aon Plc,Financial,Insurance Brokers,Ireland,58010000000.0,15.08,273.47,-1.32%,1911621.0,0,1,0,0,0,0,0,0,0,0,0,0,0,0,0,0,0,0,0,0,0,0,0,0,0,0,0,0,1,0,1
OS,A.O. Smith Corp,Industrials,Specialty Industrial Machinery,USA,7660000000.0,15.72,56.38,-0.32%,2264867.0,0,0,0,0,0,0,0,0,0,0,0,0,0,0,0,0,0,0,0,0,0,0,0,1,0,0,0,0,1,0,1
OSL,Alpha & Omega Semiconductor Ltd,Technology,Semiconductors,USA,844610000.0,,27.87,-1.90%,351816.0,0,0,0,0,0,0,0,0,1,1,0,0,0,0,0,0,0,0,0,0,0,0,0,0,0,0,0,0,2,0,2
PAC,StoneBridge Acquisition II Corp,Financial,Shell Companies,USA,82880000.0,78.55,10.29,0.14%,6.0,0,0,0,0,0,1,0,0,0,0,0,0,0,0,0,0,0,1,0,0,0,0,0,0,0,0,0,0,2,0,2
PC,ARKO Petroleum Corp,Energy,Oil & Gas Refining & Marketing,USA,768260000.0,,16.15,-0.80%,79906.0,0,0,0,0,0,0,0,0,0,0,0,0,0,0,0,0,0,0,0,0,0,0,-1,0,0,0,0,0,0,1,1
PHG,Leverage Shares 2X Long APH Daily ETF,Financial,Exchange Traded Fund,USA,,,16.46,4.41%,1909.0,0,0,0,0,0,0,0,0,0,0,1,0,0,0,0,0,0,0,0,0,0,0,0,0,0,0,0,0,1,0,1
PLE,Apple Hospitality REIT Inc,Real Estate,REIT - Hotel & Motel,USA,3850000000.0,22.0,16.31,0.55%,1688497.0,0,0,0,-1,0,0,0,0,0,0,0,0,0,0,0,1,0,0,0,0,0,0,0,0,0,0,0,0,1,1,2
PLU,Allspring Core Plus ETF,Financial,Exchange Traded Fund,USA,,,23.45,0.00%,49107.0,0,0,0,-1,0,0,0,0,0,0,0,0,0,0,0,0,0,0,0,0,0,0,0,0,0,0,0,0,0,1,1
POG,Apogee Enterprises Inc,Industrials,Building Products & Equipment,USA,848150000.0,12.87,40.59,-0.44%,287981.0,0,0,0,0,0,1,0,0,0,0,0,0,0,0,0,0,0,0,0,0,0,0,0,0,0,0,0,0,1,0,1
PPS,Digital Turbine Inc,Technology,Software - Application,USA,1270000000.0,,10.43,-3.25%,1941945.0,0,0,0,0,0,0,0,-1,0,0,0,0,0,0,0,0,0,0,0,0,0,0,0,0,0,0,0,0,0,1,1
PUS,Apimeds Pharmaceuticals US Inc,Healthcare,Drug Manufacturers - Specialty & Generic,USA,7580000.0,,5.02,-8.89%,3346325.0,0,0,0,0,0,0,0,0,1,0,0,0,0,0,0,0,0,0,0,0,0,0,0,0,0,0,0,0,1,0,1
PXM,FT Vest U.S. Equity Max Buffer ETF - April,Financial,Exchange Traded Fund,USA,,,32.28,0.14%,39.0,0,0,0,0,0,0,0,0,0,0,1,1,0,0,0,0,0,0,0,0,0,0,0,0,0,0,0,0,2,0,2
QB,AquaBounty Technologies Inc,Consumer Defensive,Farm Products,USA,5400000.0,,1.05,7.78%,110361.0,0,1,0,0,0,1,0,0,0,0,0,0,0,0,0,0,0,0,0,0,0,0,0,0,0,0,0,0,2,0,2
QLG,HCM Large Cap Growth ETF,Financial,Exchange Traded Fund,USA,,,26.5,0.64%,14.0,0,0,0,0,0,0,0,0,1,0,0,0,0,0,0,0,0,0,0,0,0,0,0,0,0,0,0,0,1,0,1
QST,Aquestive Therapeutics Inc,Healthcare,Drug Manufacturers - Specialty & Generic,USA,599950000.0,,4.78,0.42%,1691552.0,0,0,0,-1,0,0,0,0,0,0,0,0,0,0,0,0,0,0,0,0,0,0,0,0,0,0,0,0,0,1,1
R,Antero Resources Corp,Energy,Oil & Gas E&P,USA,11040000000.0,10.31,35.9,-0.44%,3008221.0,0,0,0,0,0,0,0,0,0,0,1,0,0,0,0,1,0,0,0,0,0,0,0,0,0,0,0,0,2,0,2
RAY,Accuray Inc,Healthcare,Medical Devices,USA,27430000.0,,0.23,-4.85%,1729171.0,0,0,0,0,0,0,0,0,0,0,0,0,-1,-1,0,0,0,0,0,0,0,0,0,0,0,0,0,0,0,2,2
RBB,ARB IOT Group Ltd,Technology,Information Technology Services,Singapore,7720000.0,,4.37,5.30%,681.0,0,0,0,0,0,0,0,0,0,0,0,0,0,0,0,1,0,0,0,0,0,0,0,0,0,0,0,0,1,0,1
RBE,Arbe Robotics Ltd,Technology,Scientific & Technical Instruments,Israel,70530000.0,,0.55,-2.83%,1538037.0,0,0,0,0,0,0,0,0,0,0,0,0,-1,-1,0,0,0,0,0,0,0,0,0,0,0,0,0,0,0,2,2
RCB,ArcBest Corp,Industrials,Trucking,USA,2890000000.0,185.89,129.36,-0.46%,269978.0,0,0,0,0,0,0,0,0,1,0,0,0,0,0,0,0,0,0,0,0,0,0,0,0,0,0,0,0,1,0,1
RCM,Arrow Reserve Capital Management ETF,Financial,Exchange Traded Fund,USA,,,100.04,0.07%,8.0,0,1,0,0,0,0,0,0,0,0,0,0,0,0,0,0,0,0,0,0,0,0,0,0,0,0,0,0,1,0,1
RGT,Global X MSCI Argentina ETF,Financial,Exchange Traded Fund,USA,,,88.56,0.40%,121882.0,0,0,0,0,0,0,0,0,0,0,0,0,-1,0,0,0,0,0,0,0,0,0,0,0,0,0,0,0,0,1,1
RHS,Arhaus Inc,Consumer Cyclical,Specialty Retail,USA,1370000000.0,19.86,9.69,-0.62%,944238.0,0,0,0,0,0,0,0,0,0,0,1,0,0,0,0,0,0,0,0,0,0,0,0,0,0,0,0,0,1,0,1
RI,Apollo Commercial Real Estate Finance Inc,Real Estate,REIT - Mortgage,USA,802120000.0,7.91,6.24,0.00%,3458620.0,0,0,0,0,0,0,0,0,1,0,0,0,0,0,0,0,0,0,0,0,0,0,0,0,0,0,0,0,1,0,1
RKK,ARK Innovation ETF,Financial,Exchange Traded Fund,USA,,,89.62,2.31%,5353480.0,0,0,0,-1,0,0,0,0,0,0,0,0,0,0,0,0,0,0,0,0,0,0,0,0,0,0,0,0,0,1,1
RKQ,ARK Autonomous Technology & Robotics ETF,Financial,Exchange Traded Fund,USA,,,123.51,0.85%,97790.0,0,0,0,0,0,0,0,0,0,0,0,0,0,0,0,0,0,0,0,0,0,0,0,0,0,0,-1,0,0,1,1
RLO,Arlo Technologies Inc,Industrials,Building Products & Equipment,USA,1330000000.0,44.78,12.4,2.06%,1042247.0,0,0,0,0,0,0,0,0,0,0,0,0,0,0,0,0,0,0,0,0,1,0,-1,0,0,0,0,0,1,1,2
RLP,"Alliance Resource Partners, LP",Energy,Thermal Coal,USA,3170000000.0,12.01,24.62,-0.12%,186257.0,0,0,0,0,0,0,0,0,0,0,0,0,-1,0,0,0,0,0,0,0,0,0,0,0,0,0,0,0,0,1,1
RMG,Leverage Shares 2X Long ARM Daily ETF,Financial,Exchange Traded Fund,USA,,,17.5,-6.79%,1184065.0,0,0,0,0,0,0,0,0,0,0,0,0,-1,0,0,0,0,0,0,0,0,0,0,0,0,0,0,0,0,1,1
RMP,Armata Pharmaceuticals Inc,Healthcare,Biotechnology,USA,134970000.0,,3.63,-5.96%,100589.0,0,0,0,0,0,0,0,0,1,0,0,0,0,0,0,0,0,0,0,0,0,0,0,0,0,0,0,0,1,0,1
RMW,Roundhill ARM WeeklyPay ETF,Financial,Exchange Traded Fund,USA,,,39.92,-4.08%,128788.0,0,0,0,0,0,0,0,0,1,0,0,0,0,0,0,0,0,0,0,0,0,0,0,0,0,0,0,0,1,0,1
ROC,Archrock Inc,Energy,Oil & Gas Equipment & Services,USA,5310000000.0,16.26,30.28,-0.20%,992002.0,0,0,0,0,0,1,0,0,0,0,0,0,0,0,0,0,0,0,0,0,0,0,0,0,0,0,0,0,1,0,1
ROW,Arrow Financial Corp,Financial,Banks - Regional,USA,673890000.0,11.7,36.38,-1.76%,70464.0,0,0,0,0,0,0,0,0,1,0,0,0,0,0,0,0,0,0,0,0,0,0,0,0,0,0,0,0,1,0,1
RP,PMV Adaptive Risk Parity ETF,Financial,Exchange Traded Fund,USA,,,34.45,0.22%,6801.0,0,1,0,0,0,0,0,0,0,0,0,0,0,0,0,0,0,0,0,0,0,0,0,0,0,0,0,0,1,0,1
RQQ,Arqit Quantum Inc,Technology,Software - Infrastructure,United Kingdom,299850000.0,,17.23,-6.51%,742924.0,0,0,0,0,0,0,0,0,0,0,1,0,0,0,0,0,0,0,0,0,0,0,0,0,0,0,0,0,1,0,1
RQT,Arcutis Biotherapeutics Inc,Healthcare,Biotechnology,USA,3340000000.0,128.34,26.58,8.53%,1731706.0,0,0,0,0,0,0,0,0,0,0,1,0,0,0,0,0,0,0,0,0,0,0,0,0,0,0,0,0,1,0,1
RRY,Array Technologies Inc,Technology,Solar,USA,566750000.0,,3.68,-1.87%,5564489.0,0,0,0,0,0,0,0,0,1,0,0,0,0,0,0,0,0,0,0,0,0,0,0,0,0,0,0,0,1,0,1
RTC,Art Technology Acquisition Corp,Financial,Shell Companies,USA,347120000.0,105.83,9.99,-0.30%,130.0,0,0,0,0,0,0,0,-1,0,0,0,0,0,0,0,0,0,0,0,0,0,0,0,0,0,0,0,0,0,1,1
RVR,First Trust IndxxMetaverse ETF,Financial,Exchange Traded Fund,USA,,,58.89,1.27%,473.0,0,0,0,0,0,0,0,0,0,0,0,0,0,0,0,0,0,0,0,0,0,0,-1,0,0,0,0,0,0,1,1
S,Amer Sports Inc,Consumer Cyclical,Leisure,Finland,16370000000.000002,29.41,28.14,2.51%,4095495.0,0,1,0,-1,0,0,0,0,0,0,0,0,0,0,0,0,0,0,0,0,0,0,0,0,0,0,0,0,1,1,2
SA,ASA Gold and Precious Metals Ltd,Financial,Closed-End Fund - Equity,USA,1030000000.0,,56.36,1.00%,50333.0,0,0,0,0,0,0,0,0,1,0,0,0,0,0,0,0,0,0,0,0,0,0,0,0,0,0,0,0,1,0,1
SAN,Asana Inc,Technology,Software - Application,USA,2310000000.0,,10.07,2.03%,4908556.0,0,0,0,-1,0,0,0,0,0,0,0,0,0,0,0,0,0,0,0,0,0,0,0,0,0,0,0,0,0,1,1
SC,Ardmore Shipping Corp,Industrials,Marine Shipping,Bermuda,787630000.0,7.47,19.28,-0.98%,541291.0,0,0,0,0,0,0,0,0,0,0,1,0,0,0,0,0,0,0,0,0,1,0,0,0,0,0,0,0,2,0,2
SCE,Allspring SMID Core ETF,Financial,Exchange Traded Fund,USA,,,33.27,0.48%,68045.0,0,0,0,0,0,0,0,0,1,0,0,0,0,0,0,0,0,0,0,0,0,0,0,0,-1,0,0,0,1,1,2
SCI,abrdn International Small Cap Active ETF,Financial,Exchange Traded Fund,USA,,,37.19,1.18%,1598.0,0,0,0,0,0,0,0,0,0,0,1,1,0,0,0,0,0,0,0,0,0,0,0,0,0,0,0,0,2,0,2
SG,Liberty All-Star Growth Fund Inc,Financial,Closed-End Fund - Equity,USA,323690000.0,,5.08,0.79%,278050.0,0,0,0,0,0,0,0,0,0,0,1,0,0,0,0,0,0,0,0,0,0,0,0,0,0,0,0,0,1,0,1
SGI,abrdn Global Infrastructure Income Fund,Financial,Closed-End Fund - Equity,USA,608700000.0,,19.24,0.94%,153115.0,0,0,0,0,0,0,0,0,0,0,1,0,0,0,0,0,0,0,0,0,0,0,0,0,0,0,0,0,1,0,1
SHR,Xtrackers Harvest CSI 300 China A-Shares ETF,Financial,Exchange Traded Fund,USA,,,32.38,0.75%,2919675.0,0,0,0,0,0,0,0,0,1,0,0,0,0,0,0,0,0,0,0,0,0,0,0,0,0,0,0,0,1,0,1
SHS,Xtrackers Harvest CSI 500 China A-Shares Small Cap ETF,Financial,Exchange Traded Fund,USA,,,39.42,0.55%,6928.0,0,0,0,0,0,0,0,0,1,0,0,0,0,0,0,0,0,0,0,0,0,0,0,0,0,0,0,0,1,0,1
SIA,Matthews Pacific Tiger Active ETF,Financial,Exchange Traded Fund,USA,,,40.85,0.59%,1538.0,0,0,0,0,0,0,0,0,1,0,0,0,0,0,0,0,0,0,0,0,0,0,0,0,0,0,0,0,1,0,1
SLE,AerSale Corp,Industrials,Airports & Air Services,USA,242460000.0,,5.08,3.25%,447685.0,0,0,0,0,0,0,0,0,1,0,0,0,0,0,0,0,0,0,0,0,0,0,0,0,0,0,0,0,1,0,1
SM,Avino Silver & Gold Mines Ltd,Basic Materials,Other Precious Metals & Mining,Canada,942670000.0,20.83,5.55,1.65%,3102979.0,0,0,0,0,0,0,0,0,0,0,0,0,0,0,0,0,0,0,0,0,1,0,0,0,0,0,0,0,1,0,1
SMF,Virtus AlphaSimplex Managed Futures ETF,Financial,Exchange Traded Fund,USA,,,27.61,0.56%,8976.0,0,1,0,0,0,0,0,0,0,0,1,0,0,0,0,0,0,0,0,0,0,0,0,0,0,0,0,0,2,0,2
SMG,Leverage Shares 2X Long ASML Daily ETF,Financial,Exchange Traded Fund,USA,,,47.69,0.91%,15455.0,0,0,0,0,0,0,0,0,0,0,0,0,-1,0,0,0,0,0,0,0,0,0,0,0,0,0,0,0,0,1,1
SML,ASML Holding NV,Technology,Semiconductor Equipment & Materials,Netherlands,686180000000.0,55.43,1780.34,0.60%,1204866.0,0,1,0,0,0,0,0,0,0,0,0,0,0,0,0,1,0,0,0,0,0,0,0,0,0,0,0,0,2,0,2
SMZ,Corgi ASML 2x Daily ETF,Financial,Exchange Traded Fund,USA,,,20.5,1.10%,40.0,0,0,0,0,0,0,0,0,0,0,0,0,-1,0,0,0,0,0,0,0,0,0,0,0,0,0,0,0,0,1,1
SR,Grupo Aeroportuario Del Sureste SA ADR,Industrials,Airports & Air Services,Mexico,6420000000.0,12.55,231.75,0.59%,61766.0,0,0,0,0,0,0,0,0,0,0,0,0,0,0,0,0,0,0,0,-1,0,0,0,0,0,0,0,0,0,1,1
SRV,Ameriserv Financial Inc,Financial,Banks - Regional,USA,74540000.0,8.63,4.39,-1.35%,5597.0,0,0,0,0,0,0,0,0,0,0,0,0,-1,0,0,0,0,0,0,0,0,0,0,0,0,0,0,0,0,1,1
STL,Algoma Steel Group Inc,Basic Materials,Steel,Canada,454340000.0,,4.3,2.87%,407824.0,0,0,0,0,0,0,0,0,0,0,0,0,0,0,0,0,0,0,0,0,0,0,0,0,0,0,-1,0,0,1,1
STN,Defiance Daily Target 2X Short ASTS ETF,Financial,Exchange Traded Fund,USA,,,23.07,21.68%,483707.0,0,0,0,0,0,0,0,0,0,0,0,0,-1,0,0,0,0,0,0,0,0,0,0,0,0,1,0,0,1,1,2
STT,Corgi ASTS 2x Daily ETF,Financial,Exchange Traded Fund,USA,,,11.31,-20.77%,13655.0,0,0,0,0,0,0,0,0,0,0,0,0,-1,0,0,0,0,0,0,0,0,0,0,0,0,0,0,0,0,1,1
TCH,AtlasClear Holdings Inc,Financial,Capital Markets,USA,26620000.0,35.06,0.18,-1.46%,711239.0,0,0,0,0,0,0,0,0,1,0,0,0,0,0,0,0,0,0,0,0,0,0,0,0,0,0,0,0,1,0,1
TEC,Alphatec Holdings Inc,Healthcare,Medical Devices,USA,1650000000.0,,10.67,3.09%,1565259.0,0,0,0,0,0,0,0,0,0,0,0,0,0,0,0,0,0,1,0,0,0,0,0,0,0,0,0,0,1,0,1
TEX,Anterix Inc,Communication Services,Telecom Services,USA,1660000000.0,24.13,84.53,10.58%,497782.0,0,0,0,0,0,0,0,0,1,1,0,0,0,0,0,0,0,0,0,0,0,0,0,0,0,0,0,0,2,0,2
TFV,Alger 35 ETF,Financial,Exchange Traded Fund,USA,,,41.03,1.49%,965321.0,0,0,0,0,0,0,0,0,0,0,1,0,0,0,0,0,0,0,0,0,0,0,0,0,-1,0,0,0,1,1,2
TGL,Alpha Technology Group Ltd,Technology,Software - Infrastructure,Hong Kong,74250000.0,,4.51,-8.33%,5757.0,0,0,0,0,0,1,0,0,0,0,0,0,0,0,0,0,0,0,0,0,0,0,0,0,0,0,0,0,1,0,1
THE,Alterity Therapeutics Ltd ADR,Healthcare,Biotechnology,Australia,59500000.0,,3.12,1.47%,22656.0,0,0,0,0,0,0,0,0,0,0,0,0,0,0,0,0,0,0,0,0,0,0,0,0,0,0,-1,0,0,1,1
TLO,Ames National Corp,Financial,Banks - Regional,USA,278640000.0,12.15,31.46,-1.63%,12428.0,0,0,0,-1,0,1,0,0,0,0,0,0,-1,0,0,0,0,1,0,0,0,0,0,0,0,0,0,0,2,2,4
TMU,Atmus Filtration Technologies Inc,Consumer Cyclical,Auto Parts,USA,3490000000.0,16.37,42.81,0.45%,562490.0,0,0,0,0,0,0,0,0,1,0,0,0,0,0,0,0,0,0,0,0,0,0,0,0,0,0,0,0,1,0,1
UC,ATIF Holdings Ltd,Financial,Capital Markets,USA,203360000.0,,9.19,0.44%,15617.0,0,0,0,0,0,0,0,0,0,0,1,0,0,0,0,0,0,0,0,0,0,0,0,0,-1,0,0,0,1,1,2
UID,authID Inc,Technology,Software - Infrastructure,USA,5840000.0,,0.35,2.82%,130336.0,0,0,0,0,0,0,0,0,0,0,0,0,0,0,0,0,0,0,0,-1,0,0,0,0,0,0,0,0,0,1,1
UPH,Aurinia Pharmaceuticals Inc,Healthcare,Biotechnology,Canada,2220000000.0,7.28,16.65,2.65%,849427.0,0,0,0,0,0,0,0,0,0,0,0,0,0,0,0,0,0,0,0,0,0,0,0,0,0,0,-1,0,0,1,1
UR,Aurora Innovation Inc,Consumer Cyclical,Auto Parts,USA,11680000000.0,,5.83,1.75%,14460343.0,0,0,0,0,0,0,0,0,1,1,0,0,0,0,0,0,0,0,0,0,0,0,0,0,0,0,0,0,2,0,2
URA,Aura Biosciences Inc,Healthcare,Biotechnology,USA,678230000.0,,6.54,0.54%,962557.0,0,0,0,0,0,0,0,0,0,0,0,0,-1,0,0,0,0,0,0,0,0,0,0,0,0,0,0,0,0,1,1
URE,Aurelion Inc,Financial,Capital Markets,Hong Kong,40260000.0,,1.04,-1.89%,74208.0,0,0,0,0,0,0,0,0,0,0,0,0,-1,0,0,0,0,0,0,0,0,0,0,0,0,0,0,0,0,1,1
UST,Austin Gold Corp,Basic Materials,Gold,Canada,13420000.0,,0.98,1.02%,17822.0,0,0,0,0,0,0,0,0,1,0,0,0,0,0,0,0,0,0,0,0,0,0,0,0,0,0,0,0,1,0,1
VGB,Avantis Credit ETF,Financial,Exchange Traded Fund,USA,,,49.85,-0.01%,1612.0,0,0,0,-1,0,0,0,0,0,0,0,0,0,0,0,0,0,0,0,0,0,0,0,0,0,0,0,0,0,1,1
VGC,Corgi AVGO 2x Daily ETF,Financial,Exchange Traded Fund,USA,,,21.76,0.72%,2049.0,0,0,0,0,0,0,0,0,0,0,1,0,0,0,0,0,0,0,0,0,0,0,0,0,0,0,0,0,1,0,1
VGG,Leverage Shares 2X Long AVGO Daily ETF,Financial,Exchange Traded Fund,USA,,,23.1,0.85%,173993.0,0,0,0,0,0,0,0,0,1,0,0,0,0,0,0,0,0,0,0,0,0,0,0,0,0,0,0,0,1,0,1
VGO,Broadcom Inc,Technology,Semiconductors,USA,1725860000000.0,46.15,361.54,0.39%,16843811.0,0,0,0,0,0,0,0,0,1,0,0,0,0,0,0,0,0,0,0,0,0,0,0,0,0,0,0,0,1,0,1
VGU,GraniteShares 2x Long AVGO Daily ETF,Financial,Exchange Traded Fund,USA,,,29.42,0.68%,117847.0,0,0,0,0,0,0,0,0,1,0,0,0,0,0,0,0,0,0,0,0,0,0,0,0,0,0,0,0,1,0,1
VIE,Avantis Inflation Focused Equity ETF,Financial,Exchange Traded Fund,USA,,,79.93,0.62%,2627.0,0,0,0,0,0,1,0,0,0,0,0,0,0,0,0,0,0,0,0,0,0,0,0,0,0,0,0,0,1,0,1
VNM,Avantis All International Markets Equity ETF,Financial,Exchange Traded Fund,USA,,,82.82,0.68%,46357.0,0,0,0,0,0,0,0,-1,0,0,0,0,0,0,0,0,0,0,0,0,0,0,0,0,0,0,0,0,0,1,1
VPT,AvePoint Inc,Technology,Software - Infrastructure,USA,3100000000.0,46.33,14.63,1.53%,1550627.0,0,0,0,-1,0,0,0,0,0,0,0,0,0,0,0,0,0,0,0,0,0,0,0,0,0,0,0,0,0,1,1
VR,Anteris Technologies Global Corp,Healthcare,Medical Devices,USA,659790000.0,,6.77,2.11%,1344046.0,0,0,0,0,0,0,0,0,1,0,0,0,0,0,0,0,0,0,0,0,0,0,0,0,0,0,0,0,1,0,1
VTX,Avalo Therapeutics Inc,Healthcare,Biotechnology,USA,732050000.0,,13.65,1.64%,648581.0,0,1,0,0,0,0,0,0,0,0,0,0,-1,0,0,0,0,0,0,0,0,0,0,0,0,0,0,0,1,1,2
VX,AVAX One Technology Ltd,Technology,Software - Infrastructure,Canada,47840000.0,,4.79,-4.01%,256573.0,0,0,0,0,0,1,0,0,0,0,0,0,0,0,0,0,0,0,0,0,0,0,0,0,0,0,0,0,1,0,1
VY,Avery Dennison Corp,Consumer Cyclical,Packaging & Containers,USA,12720000000.0,18.37,167.82,0.12%,510941.0,0,0,0,0,0,0,0,0,0,0,0,0,0,0,0,0,0,0,0,0,0,0,0,0,0,0,0,1,1,0,1
WRE,Aware Inc,Technology,Software - Application,USA,22690000.0,,1.04,0.00%,10463.0,0,0,0,0,0,0,0,0,1,0,0,0,0,0,0,0,0,0,0,0,0,0,0,0,0,0,0,0,1,0,1
XTI,AXT Inc,Technology,Semiconductor Equipment & Materials,USA,4490000000.0,3680.65,68.46,-4.47%,8771385.0,0,0,0,0,0,0,0,0,0,0,0,0,-1,0,0,0,0,0,0,0,0,0,0,0,0,0,0,0,0,1,1
YA,Aya Gold & Silver Inc,Basic Materials,Silver,Canada,3950000000.0,35.87,27.42,4.18%,988086.0,0,1,0,0,0,0,0,0,0,0,0,0,0,0,0,0,0,0,0,0,0,0,0,0,0,0,0,0,1,0,1
YTU,Aytu BioPharma Inc,Healthcare,Drug Manufacturers - Specialty & Generic,USA,22010000.0,,2.03,-1.22%,10528.0,0,1,0,0,0,0,0,0,1,1,0,0,0,0,0,0,0,0,0,0,0,0,0,0,0,0,0,0,3,0,3
Z,A2Z Cust2Mate Solutions Corp,Technology,Software - Application,Canada,254030000.0,,5.77,-1.03%,561654.0,0,1,0,0,0,1,0,0,0,0,0,0,-1,-1,0,0,0,0,0,0,0,0,0,0,0,0,0,0,2,2,4
ZN,Astrazeneca plc,Healthcare,Drug Manufacturers - General,United Kingdom,246900000000.0,23.79,159.2,0.26%,2121779.0,0,0,0,0,0,0,0,0,1,0,0,0,0,0,0,0,0,0,0,0,0,0,0,0,0,0,0,0,1,0,1
A,Boeing Co,Industrials,Aerospace & Defense,USA,150460000000.0,86.7,190.37,1.40%,5093942.0,0,0,0,0,0,0,0,0,0,0,0,0,-1,0,0,0,0,0,0,0,0,0,0,0,0,0,0,0,0,1,1
ABO,YieldMax BABA Option Income Strategy ETF,Financial,Exchange Traded Fund,USA,,,7.14,2.88%,25220.0,0,0,0,0,0,0,0,0,0,0,0,0,-1,0,0,0,0,0,0,0,0,0,0,1,0,0,0,0,1,1,2
ABU,Direxion Daily BABA Bull 2X ETF,Financial,Exchange Traded Fund,USA,,,9.26,10.23%,105374.0,0,0,0,0,0,0,0,0,0,0,0,0,0,0,0,1,0,0,0,0,0,0,0,0,0,0,0,0,1,0,1
AGY,Amplify Bitcoin Max Income Covered Call ETF,Financial,Exchange Traded Fund,USA,,,22.94,0.79%,2588.0,0,0,0,0,0,0,0,0,1,0,0,0,0,0,0,0,0,0,0,0,0,0,0,0,0,0,0,0,1,0,1
AK,Braskem SA ADR,Basic Materials,Chemicals,Brazil,314000000.0,,1.82,0.00%,2944760.0,0,0,0,0,0,0,0,0,1,0,0,0,0,0,0,0,0,0,0,0,0,0,0,1,0,0,0,0,2,0,2
ALY,Ballys Corp,Consumer Cyclical,Resorts & Casinos,USA,703550000.0,,13.94,-0.21%,68064.0,0,0,0,0,0,0,0,0,0,0,0,0,-1,0,0,0,0,0,0,0,0,0,0,0,0,1,0,0,1,1,2
AMU,Brookstone Ultra-Short Bond ETF,Financial,Exchange Traded Fund,USA,,,25.25,0.04%,1205.0,0,0,0,0,0,0,0,0,0,0,0,0,0,0,0,0,0,0,0,0,1,0,-1,0,0,0,0,0,1,1,2
ANF,Bancfirst Corp,Financial,Banks - Regional,USA,3570000000.0,14.32,106.18,-0.67%,94278.0,0,0,0,0,0,0,0,0,0,0,1,0,0,0,0,0,0,0,0,0,0,0,0,0,0,0,0,0,1,0,1
ANR,Banner Corp,Financial,Banks - Regional,USA,2430000000.0,10.96,66.43,-0.66%,186665.0,0,0,0,0,0,0,0,0,0,0,0,0,0,0,0,0,0,1,0,0,0,0,0,0,0,0,0,0,1,0,1
ANX,ArrowMark Financial Corp,Financial,Closed-End Fund - Debt,USA,188480000.0,,19.64,-0.46%,22554.0,0,0,0,0,0,0,0,0,0,0,1,0,0,0,0,0,0,0,0,0,0,0,0,0,0,0,0,0,1,0,1
ARK,BARK Inc,Consumer Cyclical,Specialty Retail,USA,72440000.0,,8.02,-2.31%,38742.0,0,1,0,0,0,1,0,0,0,0,0,0,0,0,0,0,0,0,0,0,0,0,0,0,0,0,0,0,2,0,2
ASG,Brown Advisory Sustainable Growth ETF,Financial,Exchange Traded Fund,USA,,,29.27,1.37%,11074.0,0,0,0,0,0,0,0,0,0,0,0,0,0,0,0,0,0,0,0,0,0,0,-1,0,0,0,0,0,0,1,1
ATRK,Atlanta Braves Holdings Inc,Communication Services,Entertainment,USA,3340000000.0,,52.0,-0.86%,628947.0,0,0,0,-1,0,0,0,0,0,0,0,0,0,0,0,0,0,1,0,0,0,0,0,0,0,0,0,0,1,1,2
ATT,Amplify Lithium & Battery Technology ETF,Financial,Exchange Traded Fund,USA,,,14.68,2.16%,22148.0,0,0,0,0,0,0,0,0,0,0,0,0,-1,0,0,0,0,0,0,0,0,0,0,0,0,0,0,0,0,1,1
AUG,Innovator U.S. Equity Buffer ETF - August,Financial,Exchange Traded Fund,USA,,,55.98,0.35%,7839.0,0,0,0,0,0,0,0,0,0,0,1,0,0,0,0,0,0,0,0,0,0,0,0,0,0,0,0,0,1,0,1
B,BlackBerry Ltd,Technology,Software - Infrastructure,Canada,5230000000.0,68.54,8.91,3.24%,8463009.0,0,0,0,0,0,0,0,0,1,0,0,0,0,0,0,0,0,0,0,0,0,0,0,0,0,0,0,0,1,0,1
BAI,BigBear.ai Holdings Inc,Technology,Information Technology Services,USA,1150000000.0,,2.39,-1.24%,12371214.0,0,0,0,0,0,0,0,0,1,0,0,0,0,0,0,0,0,0,0,0,0,0,0,0,0,0,0,0,1,0,1
BH,VanEck Biotech ETF,Financial,Exchange Traded Fund,USA,,,240.47,2.75%,10884.0,0,0,0,0,0,0,0,0,0,0,1,0,0,0,0,0,0,0,0,0,0,0,0,0,-1,0,0,0,1,1,2
BIO,BridgeBio Pharma Inc,Healthcare,Biotechnology,USA,12780000000.0,,65.35,0.48%,1846508.0,0,1,0,0,0,0,0,0,0,0,0,0,0,0,0,0,0,0,0,0,0,0,0,0,0,0,0,0,1,0,1
BJP,JPMorgan BetaBuilders Japan ETF,Financial,Exchange Traded Fund,USA,,,78.88,0.56%,1287660.0,0,0,0,-1,0,0,0,-1,0,0,0,0,0,0,0,0,0,0,0,0,0,0,0,0,0,0,0,0,0,2,2
BLB,JPMorgan BetaBuilders U.S. Treasury Bond 20+ Year ETF,Financial,Exchange Traded Fund,USA,,,73.61,0.10%,4342.0,0,0,0,0,0,1,0,0,1,1,0,0,0,0,0,0,0,0,0,0,0,0,0,0,0,0,0,0,3,0,3
BMC,JPMorgan BetaBuilders U.S. Mid Cap Equity ETF,Financial,Exchange Traded Fund,USA,,,122.46,0.53%,6371.0,0,0,0,-1,0,0,0,0,0,0,0,0,0,0,0,0,0,0,0,0,0,0,0,0,0,0,0,0,0,1,1
BNX,Beta Bionics Inc,Healthcare,Medical Devices,USA,951070000.0,,17.63,1.15%,955120.0,0,0,0,-1,0,0,0,0,0,0,0,0,0,0,0,0,0,0,0,0,0,0,0,0,0,0,0,0,0,1,1
BP,Virtus Biotech ETF,Financial,Exchange Traded Fund,USA,,,104.76,3.48%,8894.0,0,0,0,0,0,0,0,-1,0,0,0,0,0,0,0,0,0,0,0,0,0,0,0,0,0,0,0,0,0,1,1
BT,Beacon Financial Corp,Financial,Banks - Regional,USA,2280000000.0,19.7,27.19,-1.06%,662522.0,0,0,0,0,0,0,0,0,0,0,1,0,0,0,0,0,0,0,0,0,0,0,-1,0,0,0,0,0,1,1,2
BUC,Brookfield Business Corp,Industrials,Conglomerates,USA,5480000000.0,,26.67,1.64%,286091.0,0,0,0,0,0,0,0,0,1,0,0,0,0,0,0,0,0,0,0,0,0,0,0,0,0,0,0,0,1,0,1
BUS,JPMorgan BetaBuilders U.S. Equity ETF,Financial,Exchange Traded Fund,USA,,,140.59,0.52%,111921.0,0,0,0,0,0,0,0,0,0,0,1,0,0,0,0,0,0,0,0,0,0,0,0,0,0,0,0,0,1,0,1
BW,Build A Bear Workshop Inc,Consumer Cyclical,Specialty Retail,USA,314510000.0,6.33,25.53,-1.43%,202181.0,0,0,0,0,0,0,0,0,1,0,0,0,0,0,0,0,0,0,0,0,0,0,0,0,0,0,0,0,1,0,1
BWI,Bath & Body Works Inc,Consumer Cyclical,Specialty Retail,USA,3500000000.0,4.5,17.34,-2.09%,6897297.0,0,0,0,0,0,0,0,0,0,0,0,0,-1,0,0,0,0,0,0,0,0,0,0,1,0,0,0,0,1,1,2
C,Brunswick Corp,Consumer Cyclical,Recreational Vehicles,USA,3980000000.0,,61.48,-1.40%,554618.0,0,0,0,0,0,0,0,0,0,0,1,0,0,0,0,0,0,0,0,0,0,0,0,0,0,0,0,0,1,0,1
CDA,BioCardia Inc,Healthcare,Biotechnology,USA,15750000.0,,1.04,-1.89%,101925.0,0,0,0,0,0,0,0,0,0,0,0,0,0,0,0,0,0,0,0,0,0,0,0,0,0,1,0,0,1,0,1
CEM,Baron Emerging Markets Select ETF,Financial,Exchange Traded Fund,USA,,,26.76,1.41%,1664.0,0,1,0,0,0,0,0,0,0,0,0,0,0,0,0,0,0,0,0,0,0,0,0,0,0,0,0,0,1,0,1
CG,Binah Capital Group Inc,Financial,Asset Management,USA,17920000.0,6.84,1.05,0.48%,3020.0,0,0,0,0,0,1,0,0,0,0,0,0,0,0,0,0,0,0,0,0,0,0,0,0,0,0,0,0,1,0,1
CGD,Baron Global Durable Advantage ETF,Financial,Exchange Traded Fund,USA,,,26.65,1.11%,408.0,0,0,0,-1,0,0,0,0,0,0,0,0,-1,0,0,0,0,0,0,0,0,0,0,0,0,0,0,0,0,2,2
CHT,Birchtech Corp,Industrials,Pollution & Treatment Controls,USA,36560000.0,,1.39,-3.47%,37104.0,0,0,0,0,0,0,0,0,0,0,0,0,-1,0,0,0,0,0,0,0,0,0,0,1,0,0,0,0,1,1,2
CIC,BCP Investment Corp,Financial,Asset Management,USA,85820000.0,,6.93,0.58%,15816.0,0,0,0,0,0,0,0,0,0,0,0,0,-1,0,0,0,0,0,0,0,0,0,0,0,0,0,0,0,0,1,1
CIL,Bancreek International Large Cap ETF,Financial,Exchange Traded Fund,USA,,,28.67,0.76%,5388.0,0,0,0,0,0,0,0,-1,0,0,0,0,0,0,0,0,0,0,0,0,0,0,0,0,0,0,0,0,0,1,1
CPC,Balchem Corp,Basic Materials,Specialty Chemicals,USA,5350000000.0,33.02,167.83,-0.47%,334826.0,0,0,0,0,0,0,0,0,0,0,1,0,0,0,0,0,0,0,0,0,0,0,0,0,0,0,0,0,1,0,1
CSS,Bain Capital GSS Investment Corp,Financial,Shell Companies,USA,597430000.0,48.67,10.23,0.00%,121.0,0,0,0,0,0,0,0,0,0,0,0,0,0,0,0,0,0,1,0,0,0,0,0,0,0,0,0,0,1,0,1
CTK,Baron Technology ETF,Financial,Exchange Traded Fund,USA,,,31.64,0.81%,11906.0,0,0,0,0,0,0,0,0,0,0,0,0,0,0,0,0,0,0,0,0,0,0,0,0,-1,0,0,0,0,1,1
CUS,Bancreek U.S. Large Cap ETF,Financial,Exchange Traded Fund,USA,,,34.16,0.43%,1665.0,0,0,0,0,0,0,0,0,0,0,0,0,-1,0,0,0,0,0,0,0,0,0,0,0,0,0,0,0,0,1,1
CYC,Bicycle Therapeutics Plc ADR,Healthcare,Biotechnology,United Kingdom,195980000.0,,3.89,2.10%,300616.0,0,0,0,-1,0,0,0,0,1,1,0,0,0,0,0,0,0,0,0,0,0,0,0,0,0,0,0,0,2,1,3
DBT,Bluemonte Core Bond ETF,Financial,Exchange Traded Fund,USA,,,24.21,-0.04%,26430.0,0,0,0,-1,0,0,0,0,0,0,0,0,0,0,0,0,0,0,0,0,0,0,0,0,0,0,0,0,0,1,1
DCX,ETRACS 1.5X MVIS BDC ETN,Financial,Exchange Traded Fund,USA,,,18.9,-1.02%,12247.0,0,0,0,-1,0,0,0,0,0,0,0,0,0,0,0,0,0,0,0,0,0,0,0,0,0,0,0,0,0,1,1
DEC,Innovator U.S. Equity Buffer ETF - December,Financial,Exchange Traded Fund,USA,,,55.5,0.50%,526.0,0,0,0,0,0,0,0,-1,0,0,0,0,0,0,0,0,0,1,0,0,0,0,0,0,0,0,0,0,1,1,2
DN,Brandywine Realty Trust,Real Estate,REIT - Office,USA,469240000.0,,2.68,-2.19%,2202590.0,0,0,0,0,0,0,0,0,0,0,1,0,0,0,0,0,0,0,0,0,0,0,0,0,0,0,0,0,1,0,1
DTX,Black Diamond Therapeutics Inc,Healthcare,Biotechnology,USA,105140000.0,,1.83,1.10%,448966.0,0,0,0,0,0,0,0,0,1,0,0,0,0,0,0,0,0,0,0,0,0,0,0,0,0,0,0,0,1,0,1
ELFA,Bel Fuse Inc,Technology,Electronic Components,USA,3410000000.0,50.71,195.38,0.13%,138468.0,0,0,0,0,0,0,0,0,1,1,0,0,0,0,0,0,0,0,0,0,0,0,0,0,0,0,-1,0,2,1,3
ELFB,Bel Fuse Inc,Technology,Electronic Components,USA,3430000000.0,63.46,244.5,0.82%,107008.0,0,1,0,0,0,0,0,0,1,0,0,0,0,0,0,0,0,0,0,0,0,0,0,0,0,0,0,0,2,0,2
ENF,Beneficient,Financial,Asset Management,USA,19940000.0,,1.05,-1.87%,347466.0,0,0,0,-1,0,0,0,0,0,0,0,0,0,0,0,0,0,0,0,0,0,0,0,0,0,0,0,0,0,1,1
EP,Brookfield Renewable Partners LP,Utilities,Utilities - Renewable,Bermuda,8860000000.0,,29.53,0.82%,569321.0,0,0,0,0,0,0,0,0,0,0,0,0,0,0,0,0,0,0,0,0,0,0,0,0,0,0,-1,0,0,1,1
F-A,Brown-Forman Corp,Consumer Defensive,Beverages - Wineries & Distilleries,USA,12200000000.0,17.35,26.91,-0.59%,140727.0,0,0,0,0,0,0,0,0,0,0,0,0,0,0,0,1,0,0,0,0,0,0,0,0,0,0,0,0,1,0,1
FEW,FT Vest Laddered U.S. Equity Equal Weight Buffer ETF,Financial,Exchange Traded Fund,USA,,,21.62,0.17%,6.0,0,0,0,0,0,0,0,0,0,0,0,0,-1,0,0,0,0,0,0,0,0,0,0,0,0,0,0,0,0,1,1
FIX,Build Bond Innovation ETF,Financial,Exchange Traded Fund,USA,,,24.67,0.00%,3138.0,0,0,0,0,0,0,0,0,0,0,0,0,0,0,0,0,0,0,0,-1,0,0,0,0,0,0,0,0,0,1,1
FOC,FT Vest Bitcoin Strategy Floor15 ETF - October,Financial,Exchange Traded Fund,USA,,,16.86,0.33%,1971.0,0,0,0,-1,0,0,0,0,0,0,0,0,0,0,0,0,0,0,0,-1,0,0,0,0,0,0,0,0,0,2,2
FRG,Bullfrog AI Holdings Inc,Healthcare,Health Information Services,USA,11980000.0,,0.65,-6.70%,584362.0,0,0,0,0,0,0,0,0,0,0,0,0,-1,0,0,0,0,0,0,0,0,0,0,0,0,0,0,0,0,1,1
FRZ,Innovator Equity Managed 100 Buffer ETF,Financial,Exchange Traded Fund,USA,,,27.43,0.11%,51353.0,0,1,0,-1,0,0,0,0,0,0,0,0,0,0,0,0,0,0,0,0,0,0,0,0,0,0,0,0,1,1,2
FS,Saul Centers Inc,Real Estate,REIT - Retail,USA,741510000.0,30.89,30.0,0.94%,268046.0,0,0,0,0,0,0,0,0,1,0,0,0,0,0,0,0,0,0,0,0,0,0,0,0,0,0,0,0,1,0,1
GC,BGC Group Inc,Financial,Capital Markets,USA,5460000000.0,28.79,11.48,2.23%,2212055.0,0,0,0,0,0,0,0,0,0,0,0,0,-1,0,0,0,0,0,0,0,0,0,0,0,0,0,0,0,0,1,1
GDE,Big Digital Energy Inc,Financial,Capital Markets,USA,29330000.0,,5.13,0.79%,22576.0,0,0,0,0,0,0,0,0,0,0,0,0,-1,0,0,0,0,0,0,0,0,0,0,0,0,0,0,0,0,1,1
GIA,Baillie Gifford International Alpha ETF,Financial,Exchange Traded Fund,USA,,,25.34,1.36%,21.0,0,0,0,0,0,0,0,0,1,0,0,0,0,0,0,0,0,0,0,0,0,0,0,0,0,0,0,0,1,0,1
GIN,Bgin Blockchain Ltd,Technology,Computer Hardware,Singapore,237590000.0,,2.1,-4.11%,6298.0,0,0,0,0,0,0,0,0,1,0,0,0,0,0,0,0,0,0,0,0,0,0,0,0,0,0,0,0,1,0,1
GMS,Bio Green Med Solution Inc,Industrials,Building Products & Equipment,Malaysia,5630000.0,,0.85,3.41%,23851.0,0,1,0,0,0,0,0,0,0,0,0,0,0,0,0,0,0,0,0,0,0,0,0,0,0,0,0,0,1,0,1
GRO,iShares Large Cap Growth Active ETF,Financial,Exchange Traded Fund,USA,,,45.14,1.27%,38.0,0,0,0,0,0,0,0,0,0,0,1,1,0,0,0,0,0,0,0,0,0,0,0,0,0,0,0,0,2,0,2
GSI,Boyd Group Services Inc,Consumer Cyclical,Auto & Truck Dealerships,Canada,2170000000.0,171.8,78.05,-0.03%,53627.0,0,0,0,0,0,0,0,0,1,1,0,0,0,0,0,0,0,0,0,0,0,0,0,0,0,0,0,0,2,0,2
HF,Brighthouse Financial Inc,Financial,Insurance - Life,USA,2790000000.0,3.87,48.53,-0.94%,854930.0,0,0,0,0,0,0,0,0,1,0,0,0,0,0,0,0,0,0,0,0,0,0,0,0,0,0,0,0,1,0,1
HM,Bluerock Homes Trust Inc,Real Estate,REIT - Residential,USA,94020000.0,,8.19,2.31%,1484.0,0,0,0,0,0,0,0,0,0,0,0,0,-1,0,0,0,0,0,0,0,0,0,0,0,0,0,0,0,0,1,1
HST,BioHarvest Sciences Inc,Consumer Defensive,Packaged Foods,Canada,37630000.0,,1.66,11.04%,17150.0,0,0,0,0,0,1,0,0,0,0,0,0,0,0,0,0,0,0,0,-1,0,0,0,0,0,0,0,0,1,1,2
HV,BlackRock Virginia Municipal Bond Trust,Financial,Closed-End Fund - Debt,USA,18380000.0,,11.57,0.17%,1341.0,0,0,0,0,0,0,0,0,0,0,0,0,0,0,0,0,0,0,0,0,0,0,-1,0,0,0,0,0,0,1,1
HVN,Biohaven Ltd,Healthcare,Biotechnology,USA,1820000000.0,,12.08,1.26%,1370068.0,0,0,0,0,0,0,0,0,1,0,0,0,0,0,0,0,0,0,0,0,0,0,-1,0,0,0,0,0,1,1,2
HYB,Xtrackers USD High Yield BB-B ex Financials ETF,Financial,Exchange Traded Fund,USA,,,52.54,0.15%,235.0,0,0,0,-1,0,0,0,0,0,0,0,0,0,0,0,0,0,0,0,0,0,0,0,0,0,0,0,0,0,1,1
IBL,Inspire 100 ETF,Financial,Exchange Traded Fund,USA,,,55.46,0.84%,55965.0,0,0,0,0,0,0,0,0,0,0,0,0,-1,-1,0,0,0,0,0,0,0,0,0,0,0,0,0,0,0,2,2
IDD,iShares International Dividend Active ETF,Financial,Exchange Traded Fund,USA,,,30.0,0.84%,15539.0,0,0,0,0,0,0,0,-1,0,0,0,0,0,0,0,0,0,0,0,0,0,0,0,0,0,0,0,0,0,1,1
IDU,Baidu Inc ADR,Communication Services,Internet Content & Information,China,23570000000.0,,85.33,1.68%,2164400.0,0,0,0,0,0,0,0,0,1,0,0,0,0,0,0,0,0,0,0,0,0,0,0,0,0,0,0,0,1,0,1
IGY,YieldMax Target 12 Big 50 Option Income ETF,Financial,Exchange Traded Fund,USA,,,52.94,0.71%,4312.0,0,1,0,0,0,0,0,0,0,0,0,0,0,0,0,0,0,0,0,0,0,0,0,0,0,0,0,0,1,0,1
IIB,Biogen Inc,Healthcare,Drug Manufacturers - General,USA,33350000000.0,39.97,225.71,3.33%,815007.0,0,0,0,-1,0,0,0,-1,0,0,0,0,0,0,0,0,0,0,0,0,0,0,0,0,0,0,0,0,0,2,2
IL,State Street SPDR Bloomberg 1-3 Month T-Bill ETF,Financial,Exchange Traded Fund,USA,,,91.51,0.04%,6069814.0,0,1,0,0,0,1,0,0,0,0,0,0,-1,0,0,0,0,0,0,0,0,0,0,0,0,0,0,0,2,1,3
ILS,State Street SPDR Bloomberg 3-12 Month T-Bill ETF,Financial,Exchange Traded Fund,USA,,,99.17,0.03%,267632.0,0,1,0,-1,0,0,0,0,0,0,0,0,0,0,0,0,0,0,0,0,0,0,0,0,0,0,0,0,1,1,2
ILZ,PIMCO Ultra Short Government Active ETF,Financial,Exchange Traded Fund,USA,,,100.74,0.04%,182758.0,0,1,0,0,0,1,0,0,0,0,0,0,0,0,0,0,0,0,0,0,0,0,0,0,0,0,0,0,2,0,2
INT,Bluemonte Global Equity ETF,Financial,Exchange Traded Fund,USA,,,32.55,0.77%,35089.0,0,0,0,0,0,0,0,0,0,0,1,1,0,0,0,0,0,0,0,0,0,0,0,0,0,0,0,0,2,0,2
IOX,Bioceres Crop Solutions Corp,Basic Materials,Agricultural Inputs,Argentina,20760000.0,,0.33,0.03%,127763.0,0,0,0,0,0,0,0,0,1,0,0,0,0,0,0,0,0,0,0,0,0,0,0,0,0,0,0,0,1,0,1
IOY,GraniteShares YieldBOOST Biotech ETF,Financial,Exchange Traded Fund,USA,,,20.11,0.92%,781.0,0,0,0,0,0,0,0,0,1,0,0,0,0,0,0,0,0,0,0,0,0,0,0,0,0,0,0,0,1,0,1
IPC,Brookfield Infrastructure Corp,Utilities,Utilities - Regulated Gas,USA,5080000000.0,,37.36,0.62%,751392.0,0,1,0,0,0,0,0,0,0,0,0,0,-1,0,0,0,0,0,0,0,0,0,0,1,0,0,0,0,2,1,3
IRK,Birkenstock Holding Plc,Consumer Cyclical,Footwear & Accessories,United Kingdom,5990000000.0,15.73,33.65,1.60%,884400.0,0,0,0,0,0,0,0,0,0,0,0,0,0,0,0,0,0,0,0,0,0,0,0,1,0,0,0,0,1,0,1
ITQ,Bitwise Crypto Industry Innovators ETF,Financial,Exchange Traded Fund,USA,,,24.2,2.07%,95448.0,0,1,0,0,0,0,0,0,0,0,1,0,0,0,0,0,0,0,0,0,0,0,-1,0,0,0,0,0,2,1,3
ITS,Global X Blockchain & Bitcoin Strategy ETF,Financial,Exchange Traded Fund,USA,,,63.76,0.70%,1775.0,0,0,0,0,0,0,0,0,0,0,1,1,0,0,0,0,0,0,0,0,0,0,0,0,0,0,0,0,2,0,2
ITY,Amplify Bitcoin 2% Monthly Option Income ETF,Financial,Exchange Traded Fund,USA,,,27.26,0.74%,5453.0,0,1,0,0,0,0,0,0,0,0,0,0,0,0,0,0,0,0,0,0,0,0,0,0,0,0,0,0,1,0,1
IZD,VanEck BDC Income ETF,Financial,Exchange Traded Fund,USA,,,12.08,-0.74%,1652537.0,0,0,0,0,0,0,0,0,0,0,1,1,0,0,0,0,0,0,0,0,0,0,0,0,0,0,0,0,2,0,2
J,BJ's Wholesale Club Holdings Inc,Consumer Defensive,Discount Stores,USA,12450000000.0,21.54,98.58,-0.46%,2150950.0,0,0,0,0,0,0,0,0,0,0,0,0,0,0,0,1,0,0,0,0,0,0,0,0,0,0,0,0,1,0,1
JRI,BJ's Restaurant Inc,Consumer Cyclical,Restaurants,USA,1270000000.0,31.96,59.87,0.55%,389319.0,0,0,0,0,0,0,0,0,1,0,0,0,0,0,0,0,0,0,0,0,0,0,0,0,0,0,0,0,1,0,1
JUL,Innovator U.S. Equity Buffer ETF - July,Financial,Exchange Traded Fund,USA,,,56.22,0.47%,4546.0,0,0,0,0,0,0,0,0,0,0,1,0,0,0,0,0,0,0,0,0,0,0,0,0,0,0,0,0,1,0,1
JUN,Innovator U.S. Equity Buffer ETF - June,Financial,Exchange Traded Fund,USA,,,50.39,0.46%,5101.0,0,1,0,0,0,0,0,-1,0,0,1,0,0,0,0,0,0,0,0,0,0,0,0,0,0,0,0,0,2,1,3
KCG,BNY Mellon Concentrated Growth ETF,Financial,Exchange Traded Fund,USA,,,40.02,0.57%,677.0,0,0,0,0,0,0,0,-1,0,0,0,0,0,0,0,0,0,0,0,0,0,0,0,0,0,0,0,0,0,1,1
KF,iShares MSCI BIC ETF,Financial,Exchange Traded Fund,USA,,,39.75,1.95%,1579.0,0,0,0,-1,0,0,0,0,1,1,0,0,0,0,0,0,0,0,0,0,0,0,0,0,0,0,0,0,2,1,3
KFI,BNY Mellon Active Core Bond ETF,Financial,Exchange Traded Fund,USA,,,22.75,-0.22%,39569.0,0,0,0,0,0,1,0,0,0,0,0,0,0,0,0,0,0,0,0,-1,0,0,0,0,0,0,0,0,1,1,2
KH,Black Hills Corp,Utilities,Utilities - Regulated Gas,USA,5800000000.0,19.18,76.08,-0.58%,1810286.0,0,0,0,0,0,0,0,0,0,0,1,0,0,0,0,0,0,0,0,0,0,0,0,0,0,0,0,0,1,0,1
KHA,Black Hawk Acquisition Corp,Financial,Shell Companies,USA,47890000.0,36.79,11.53,-6.49%,1974.0,0,0,0,0,0,1,0,0,0,0,1,0,0,0,0,0,0,0,0,0,0,0,-1,0,0,0,0,0,2,1,3
KLC,BNY Mellon US Large Cap Core Equity ETF,Financial,Exchange Traded Fund,USA,,,49.82,0.65%,270132.0,0,0,0,0,0,0,0,0,0,0,1,0,0,0,0,0,0,0,0,0,0,0,0,0,0,0,0,0,1,0,1
KLN,Invesco Senior Loan ETF,Financial,Exchange Traded Fund,USA,,,20.47,-0.10%,11104887.0,0,0,0,0,0,0,0,0,0,0,1,0,0,0,0,0,0,0,0,0,1,0,0,0,0,0,0,0,2,0,2
KR,Baker Hughes Co,Energy,Oil & Gas Equipment & Services,USA,56280000000.0,18.22,56.7,0.71%,2799736.0,0,0,0,0,0,0,0,0,1,0,0,0,0,0,0,0,0,0,0,0,0,0,0,0,0,0,0,0,1,0,1
KSY,BlackSky Technology Inc,Industrials,Specialty Business Services,USA,856150000.0,,20.92,-1.13%,584363.0,0,0,0,0,0,0,0,0,1,0,0,0,0,0,0,0,0,0,0,0,0,0,0,0,0,0,0,0,1,0,1
KU,BankUnited Inc,Financial,Banks - Regional,USA,3010000000.0,11.61,42.28,-0.77%,743288.0,0,0,0,0,0,0,0,0,0,0,0,0,-1,0,0,0,0,0,0,0,0,0,0,0,0,0,0,0,0,1,1
KUI,BNY Mellon Ultra Short Income ETF,Financial,Exchange Traded Fund,USA,,,49.53,0.00%,25304.0,0,0,0,0,0,1,0,0,0,0,0,0,0,0,0,0,0,0,0,-1,0,0,0,0,0,0,0,0,1,1,2
KV,BKV Corp,Energy,Oil & Gas E&P,USA,2650000000.0,8.72,24.24,1.25%,1677194.0,0,0,0,0,0,0,0,0,1,1,0,0,0,0,0,0,0,0,0,0,0,0,0,0,0,0,0,0,2,0,2
KYI,Bio-Key International Inc,Industrials,Security & Protection Services,USA,2400000.0,,1.67,-4.02%,82529.0,0,0,0,0,0,0,0,0,1,0,0,0,0,0,0,0,0,0,0,0,0,0,0,0,0,0,0,0,1,0,1
L,BlackLine Inc,Technology,Software - Application,USA,1730000000.0,53.15,29.77,1.78%,881557.0,0,0,0,0,0,0,0,0,0,0,0,0,0,0,0,0,0,1,0,0,0,0,0,0,0,0,0,0,1,0,1
LCR,iShares Large Cap Core Active ETF,Financial,Exchange Traded Fund,USA,,,50.3,0.88%,1032345.0,0,1,0,0,0,0,0,0,0,0,0,0,0,0,0,0,0,0,0,0,0,0,0,0,0,0,0,0,1,0,1
LES,Inspire Global Hope ETF,Financial,Exchange Traded Fund,USA,,,47.84,0.97%,7179.0,0,0,0,0,0,0,0,0,0,0,0,0,-1,0,0,0,0,0,0,0,0,0,0,0,0,0,0,0,0,1,1
LND,Blend Labs Inc,Technology,Software - Application,USA,235590000.0,,1.0,-5.13%,996359.0,0,0,0,0,0,0,0,0,0,0,0,0,0,0,0,0,0,0,0,0,1,0,0,0,0,0,0,0,1,0,1
LNK,Blink Charging Co,Industrials,Engineering & Construction,USA,67410000.0,,0.47,-2.58%,2143000.0,0,0,0,0,0,0,0,0,0,0,0,0,-1,0,0,0,0,0,0,0,0,0,0,0,0,0,0,0,0,1,1
LOX,Nicholas Crypto Income ETF,Financial,Exchange Traded Fund,USA,,,12.75,-1.09%,658240.0,0,0,0,0,0,0,0,0,0,0,0,0,-1,0,0,0,0,0,0,0,0,0,0,0,0,0,0,0,0,1,1
LSG,Leverage Shares 2X Long BLSH Daily ETF,Financial,Exchange Traded Fund,USA,,,2.71,7.70%,58412.0,0,0,0,0,0,0,0,0,1,0,0,0,0,0,0,0,0,0,0,0,0,0,0,0,0,0,0,0,1,0,1
LST,Bluemonte Short Term Bond ETF,Financial,Exchange Traded Fund,USA,,,24.42,-0.04%,8987.0,0,0,0,-1,0,0,0,0,0,0,0,0,0,0,0,0,0,0,0,0,0,0,0,0,0,0,0,0,0,1,1
LUC,Bluemonte Large Cap Core ETF,Financial,Exchange Traded Fund,USA,,,32.67,0.71%,15942.0,0,0,0,0,0,0,0,-1,0,0,0,0,0,0,0,0,0,0,0,0,0,0,0,0,0,0,0,0,0,1,1
LUW,Blue Water Acquisition Corp III,Financial,Shell Companies,USA,335680000.0,38.08,10.38,-0.00%,23.0,0,1,0,-1,0,0,0,0,0,0,1,1,0,0,0,0,0,0,0,0,0,0,0,0,0,0,0,0,3,1,4
MAY,Innovator U.S. Equity Buffer ETF - May,Financial,Exchange Traded Fund,USA,,,49.16,0.39%,15650.0,0,0,0,0,0,0,0,-1,0,0,0,0,0,0,0,0,0,0,0,0,0,0,0,0,0,0,0,0,0,1,1
MBL,Bumble Inc,Communication Services,Internet Content & Information,USA,335200000.0,,2.54,-0.97%,1045973.0,0,0,0,0,0,0,0,0,1,0,0,0,-1,0,0,0,0,0,0,0,0,0,0,0,0,0,0,0,1,1,2
MEA,Biomea Fusion Inc,Healthcare,Biotechnology,USA,102920000.0,,1.42,3.65%,1170623.0,0,0,0,0,0,1,0,0,0,0,0,0,-1,0,0,0,0,0,0,0,0,0,0,0,0,0,0,0,1,1,2
MED,iShares Health Innovation Active ETF,Financial,Exchange Traded Fund,USA,,,34.34,2.04%,1618.0,0,0,0,0,0,0,0,0,0,0,0,0,0,0,0,0,0,0,0,0,0,0,-1,0,0,0,0,0,0,1,1
MM,Blue Moon Metals Inc,Basic Materials,Other Industrial Metals & Mining,Canada,427930000.0,,4.87,1.04%,307183.0,0,0,0,0,0,0,0,0,0,0,0,0,-1,0,0,0,0,0,0,0,0,0,0,0,0,0,0,0,0,1,1
NAV,Amplify Fairlead Tactical Bitcoin ETF,Financial,Exchange Traded Fund,USA,,,31.82,0.41%,2635.0,0,0,0,0,0,0,0,0,0,0,0,0,0,0,0,0,0,0,0,0,0,0,-1,0,0,0,0,0,0,1,1
NDD,Quadratic Deflation ETF,Financial,Exchange Traded Fund,USA,,,95.11,0.44%,8.0,0,0,0,0,0,0,0,0,1,1,0,0,0,0,0,0,0,0,0,0,0,0,0,0,0,0,-1,0,2,1,3
NDI,NEOS Enhanced Income Aggregate Bond ETF,Financial,Exchange Traded Fund,USA,,,45.11,0.10%,17614.0,0,0,0,-1,0,0,0,0,0,0,0,0,0,0,0,0,0,0,0,0,0,0,0,0,0,0,0,0,0,1,1
NDS,Infrastructure Capital Bond Income ETF,Financial,Exchange Traded Fund,USA,,,48.31,0.33%,21502.0,0,0,0,0,0,0,0,0,0,0,0,0,-1,-1,0,0,0,0,0,0,0,0,0,0,0,0,0,0,0,2,2
NDX,Vanguard Total International Bond ETF,Financial,Exchange Traded Fund,USA,,,46.98,0.11%,4192088.0,0,0,0,0,0,0,0,0,1,0,0,0,0,0,0,0,0,0,0,0,0,0,0,0,0,0,0,0,1,0,1
NED,Barnes & Noble Education Inc,Consumer Cyclical,Specialty Retail,USA,433660000.0,19.5,12.51,4.77%,202079.0,0,0,0,0,0,0,0,0,1,0,0,0,0,0,0,0,0,0,0,0,0,0,0,0,0,0,0,0,1,0,1
NGE,First Trust S-Network Streaming and Gaming ETF,Financial,Exchange Traded Fund,USA,,,31.71,1.81%,149.0,0,0,0,0,0,1,0,0,0,0,0,0,0,0,0,0,0,1,0,0,0,0,0,0,0,0,0,0,2,0,2
NS,Bank Of Nova Scotia,Financial,Banks - Diversified,Canada,108920000000.0,16.01,88.45,0.98%,905604.0,0,0,0,0,0,0,0,-1,0,0,0,0,0,0,0,0,0,0,0,0,0,0,0,0,0,0,0,0,0,1,1
NTC,Benitec Biopharma Inc,Healthcare,Biotechnology,USA,309390000.0,,8.87,1.37%,73144.0,0,0,0,0,0,0,0,0,0,0,0,0,0,0,0,0,0,0,0,0,1,0,0,0,0,0,0,0,1,0,1
OCT,Innovator U.S. Equity Buffer ETF - October,Financial,Exchange Traded Fund,USA,,,55.88,0.39%,11180.0,0,0,0,0,0,0,0,-1,0,0,0,0,0,0,0,0,0,0,0,0,0,0,0,0,0,0,0,0,0,1,1
OE,BlackRock Enhanced Global Dividend Trust,Financial,Closed-End Fund - Foreign,USA,660530000.0,,11.88,1.54%,206049.0,0,0,0,0,0,0,0,0,0,0,0,0,0,0,0,0,0,1,0,0,0,0,0,0,0,0,0,0,1,0,1
ON,Bon Natural Life Ltd,Basic Materials,Specialty Chemicals,China,9470000.0,,1.16,-0.62%,4624.0,0,0,0,0,0,1,0,0,1,1,0,0,0,0,0,0,0,0,0,0,0,0,0,0,0,0,0,0,3,0,3
OOM,DMC Global Inc,Industrials,Conglomerates,USA,116270000.0,,5.66,-2.08%,106817.0,0,0,0,0,0,0,0,0,0,0,0,0,0,0,0,1,0,0,0,0,0,0,0,0,0,0,0,0,1,0,1
OOT,Boot Barn Holdings Inc,Consumer Cyclical,Apparel Retail,USA,3630000000.0,15.18,119.96,-1.35%,471764.0,0,0,0,0,0,0,0,0,0,0,0,0,0,0,0,1,0,0,0,0,0,0,0,0,0,0,0,0,1,0,1
ORR,Borr Drilling Ltd,Energy,Oil & Gas Drilling,Bermuda,1470000000.0,,4.78,3.69%,15145811.0,0,0,0,0,0,0,0,0,0,0,0,0,-1,0,0,0,0,0,0,0,0,0,0,0,0,1,0,0,1,1,2
OTJ,Bank of the James Financial Group Inc,Financial,Banks - Regional,USA,122400000.0,10.65,26.94,-0.81%,13559.0,0,0,0,0,0,0,0,0,0,0,0,0,0,0,0,0,0,1,0,0,0,0,0,0,-1,0,0,0,1,1,2
OTT,Themes Humanoid Robotics ETF,Financial,Exchange Traded Fund,USA,,,41.44,0.89%,3022.0,0,0,0,0,0,0,0,0,1,0,0,0,0,0,0,0,0,0,0,0,0,0,0,0,0,0,0,0,1,0,1
OTZ,Global X Funds Global X Robotics & Artificial Intelligence ETF,Financial,Exchange Traded Fund,USA,,,35.48,1.87%,490607.0,0,0,0,0,0,0,0,0,0,0,0,0,0,0,0,1,0,0,0,0,0,0,0,0,0,0,0,0,1,0,1
OXA,Alpha Architect Aggregate Bond ETF,Financial,Exchange Traded Fund,USA,,,102.3,0.08%,1017.0,0,1,0,0,0,0,0,0,0,0,0,0,0,0,0,0,0,0,0,0,0,0,0,0,0,0,0,0,1,0,1
PH,BP p.l.c. ADRhedged,Financial,Exchange Traded Fund,USA,,,73.41,-0.38%,529.0,0,0,0,0,0,0,0,0,0,0,1,0,0,0,0,0,0,0,0,0,0,0,0,0,0,0,0,0,1,0,1
Q,Boqii Holding Limited,Consumer Cyclical,Specialty Retail,China,2110000.0,,0.73,-3.01%,15665.0,0,0,0,0,0,0,0,0,0,0,0,0,0,0,0,0,0,0,0,0,1,0,0,0,0,1,0,0,2,0,2
RAG,Bragg Gaming Group Inc,Consumer Cyclical,Gambling,Canada,36030000.0,,1.16,4.04%,5367.0,0,0,0,0,0,0,0,0,1,0,0,0,0,0,0,0,0,0,0,0,0,0,0,0,0,0,0,0,1,0,1
RCE,MFS Blended Research Core Equity ETF,Financial,Exchange Traded Fund,USA,,,30.83,0.82%,267346.0,0,0,0,0,0,0,0,0,0,0,1,0,0,0,0,0,0,1,0,0,0,0,0,0,0,0,0,0,2,0,2
RFH,Barfresh Food Group Inc,Consumer Defensive,Beverages - Non-Alcoholic,USA,12940000.0,,0.79,0.48%,23032.0,0,0,0,0,0,0,0,0,1,0,0,0,0,0,0,0,0,0,0,0,0,0,0,0,0,0,0,0,1,0,1
RIA,BrilliA Inc,Consumer Cyclical,Apparel Retail,Singapore,41650000.0,,1.36,-2.86%,1066.0,0,0,0,0,0,0,0,0,0,0,0,0,0,0,0,0,0,0,0,0,0,0,0,0,0,1,0,0,1,0,1
RIF,FIS Bright Portfolios Focused Equity ETF,Financial,Exchange Traded Fund,USA,,,38.26,0.71%,4448.0,0,0,0,0,0,0,0,0,0,0,1,0,0,0,0,0,0,0,0,0,0,0,-1,0,0,0,0,0,1,1,2
RKC,YieldMax BRK.B Option Income Strategy ETF,Financial,Exchange Traded Fund,USA,,,39.78,0.37%,4007.0,0,1,0,0,0,0,0,0,1,0,0,0,0,0,0,0,0,0,0,0,0,0,0,0,0,0,0,0,2,0,2
RKL,Corgi BRKB 2x Daily ETF,Financial,Exchange Traded Fund,USA,,,25.0,1.60%,11.0,0,0,0,0,0,0,0,0,0,0,0,0,-1,0,0,0,0,0,0,0,0,0,0,0,0,0,0,0,0,1,1
RKR,Bruker Corp,Healthcare,Medical Devices,USA,8960000000.0,,58.84,1.59%,1465526.0,0,0,0,0,0,0,0,0,0,0,0,0,0,0,0,0,0,0,0,0,0,0,0,0,-1,0,0,0,0,1,1
RKU,Direxion Daily BRKB Bull 2X ETF,Financial,Exchange Traded Fund,USA,,,23.55,1.72%,95230.0,0,0,0,0,0,0,0,0,0,0,1,0,0,0,0,0,0,0,0,0,0,0,0,0,0,0,0,0,1,0,1
RKW,Roundhill BRKB WeeklyPay ETF,Financial,Exchange Traded Fund,USA,,,39.07,0.91%,1024.0,0,0,0,0,0,0,0,0,1,0,0,0,0,0,0,0,0,0,0,0,0,0,0,0,0,0,0,0,1,0,1
RLS,Borealis Foods Inc,Consumer Defensive,Packaged Foods,Canada,20610000.0,,0.96,-0.05%,4096.0,0,0,0,0,0,0,0,0,0,0,0,0,-1,-1,0,0,0,0,0,0,0,0,0,0,0,0,0,0,0,2,2
RNY,Burney U.S. Factor Rotation ETF,Financial,Exchange Traded Fund,USA,,,58.58,0.82%,50586.0,0,0,0,0,0,0,0,0,0,0,0,0,0,0,0,1,0,0,0,0,0,0,0,0,0,0,0,0,1,0,1
RO,Brown & Brown Inc,Financial,Insurance Brokers,USA,21040000000.0,19.88,62.88,-1.36%,1637407.0,0,0,0,0,0,0,0,0,0,0,1,0,0,0,0,0,0,0,0,0,0,0,0,0,0,0,0,0,1,0,1
ROS,Dutch Bros Inc,Consumer Cyclical,Restaurants,USA,6650000000.0,53.64,38.05,-4.35%,4197144.0,0,1,0,0,0,0,0,0,0,0,0,0,0,0,0,0,0,0,0,0,0,0,0,0,0,0,0,0,1,0,1
RSM,MFS Blended Research Small-Mid Cap ETF,Financial,Exchange Traded Fund,USA,,,25.22,0.47%,82.0,0,0,0,0,0,0,0,0,1,0,0,0,0,0,0,0,0,0,0,0,0,0,0,0,0,0,0,0,1,0,1
RSV,EA Bridgeway Select Small-Cap Value ETF,Financial,Exchange Traded Fund,USA,,,43.36,-0.04%,3280.0,0,0,0,0,0,0,0,0,1,0,0,0,0,0,0,0,0,0,0,0,0,0,0,0,0,0,0,0,1,0,1
RT,BRT Apartments Corp,Real Estate,REIT - Residential,USA,252010000.0,,13.41,-0.89%,41441.0,0,0,0,0,0,0,0,0,0,0,0,0,-1,0,0,0,0,0,0,0,0,0,0,0,0,0,0,0,0,1,1
RW,Saba Capital Income & Opportunities Fund,Financial,Closed-End Fund - Equity,USA,300280000.0,,5.9,-1.99%,140609.0,0,0,0,0,0,0,0,0,0,0,0,0,-1,0,0,0,0,0,0,0,0,0,0,0,0,0,0,0,0,1,1
SCQ,Invesco BulletShares 2026 Corporate Bond ETF,Financial,Exchange Traded Fund,USA,,,19.55,0.00%,604985.0,0,0,0,-1,0,0,0,0,0,0,0,0,-1,-1,0,0,0,0,0,0,0,0,0,0,0,0,0,0,0,3,3
SCV,Invesco BulletShares 2031 Corporate Bond ETF,Financial,Exchange Traded Fund,USA,,,15.85,-0.13%,727726.0,0,0,0,-1,0,0,0,0,0,0,0,0,0,0,0,0,0,0,0,0,0,0,0,0,0,0,0,0,0,1,1
SCY,Invesco BulletShares 2034 Corporate Bond ETF,Financial,Exchange Traded Fund,USA,,,19.65,-0.08%,154374.0,0,0,0,-1,0,0,0,0,0,0,0,0,0,0,0,0,0,0,0,0,0,0,0,0,0,0,0,0,0,1,1
SEP,Innovator U.S. Equity Buffer ETF - September,Financial,Exchange Traded Fund,USA,,,54.83,0.44%,3934.0,0,0,0,-1,0,0,0,-1,0,0,0,0,0,0,0,0,0,0,0,0,0,0,0,0,0,0,0,0,0,2,2
SIN,Big Sky Industrial Inc,Energy,Oil & Gas E&P,USA,76640000.0,,1.46,0.69%,297876.0,0,0,0,0,0,0,0,-1,0,0,0,0,0,0,0,0,0,0,0,0,0,0,0,0,0,0,0,0,0,1,1
SJR,Invesco BulletShares 2027 High Yield Corporate Bond ETF,Financial,Exchange Traded Fund,USA,,,22.22,0.05%,115472.0,0,0,0,0,0,0,0,0,1,0,0,0,0,0,0,0,0,0,0,0,0,0,0,0,0,0,0,0,1,0,1
SJT,Invesco BulletShares 2029 High Yield Corporate Bond ETF,Financial,Exchange Traded Fund,USA,,,20.78,0.14%,74748.0,0,0,0,-1,0,0,0,0,0,0,0,0,0,0,0,0,0,0,0,0,0,0,0,0,0,0,0,0,0,1,1
SJU,Invesco BulletShares 2030 High Yield Corporate Bond ETF,Financial,Exchange Traded Fund,USA,,,25.08,0.18%,44282.0,0,0,0,-1,0,0,0,0,0,0,0,0,0,0,0,0,0,0,0,0,0,0,0,0,0,0,0,0,0,1,1
SL,Blackstone Senior Floating Rate 2027 Term Fund,Financial,Closed-End Fund - Debt,USA,169060000.0,,12.98,0.35%,68743.0,0,0,0,-1,0,0,0,0,0,0,0,0,0,0,0,0,0,0,0,0,0,0,0,0,0,0,0,0,0,1,1
SMR,Invesco BulletShares 2027 Municipal Bond ETF,Financial,Exchange Traded Fund,USA,,,23.33,0.30%,146406.0,0,0,0,0,0,0,0,0,1,0,0,0,0,0,0,0,0,0,0,0,0,0,0,0,0,0,0,0,1,0,1
SMS,Invesco BulletShares 2028 Municipal Bond ETF,Financial,Exchange Traded Fund,USA,,,22.89,0.19%,160637.0,0,0,0,0,0,0,0,0,1,0,0,0,0,0,0,0,0,0,0,0,0,0,0,0,0,0,0,0,1,0,1
SMT,Invesco BulletShares 2029 Municipal Bond ETF,Financial,Exchange Traded Fund,USA,,,22.36,0.40%,85506.0,0,0,0,0,0,0,0,0,1,0,0,0,0,0,0,0,0,0,0,0,0,0,0,0,0,0,0,0,1,0,1
SMU,Invesco BulletShares 2030 Municipal Bond ETF,Financial,Exchange Traded Fund,USA,,,20.99,0.64%,138660.0,0,0,0,0,0,0,0,0,1,0,0,0,0,0,0,0,0,0,0,0,0,0,0,0,0,0,0,0,1,0,1
SMV,Invesco BulletShares 2031 Municipal Bond ETF,Financial,Exchange Traded Fund,USA,,,20.01,0.53%,59774.0,0,0,0,0,0,0,0,0,1,0,0,0,0,0,0,0,0,0,0,0,0,0,0,0,0,0,0,0,1,0,1
SMW,Invesco BulletShares 2032 Municipal Bond ETF,Financial,Exchange Traded Fund,USA,,,23.7,0.45%,88606.0,0,0,0,0,0,0,0,0,1,0,0,0,0,0,0,0,0,0,0,0,0,0,0,0,0,0,0,0,1,0,1
SR,Beacon Unified Catalyst ETF,Financial,Exchange Traded Fund,USA,,,31.06,0.50%,13043.0,0,0,0,0,0,0,0,0,0,0,0,0,-1,0,0,0,0,0,0,0,0,0,0,0,0,0,0,0,0,1,1
SSX,Invesco BulletShares 2033 Municipal Bond ETF,Financial,Exchange Traded Fund,USA,,,24.21,0.58%,36540.0,0,1,0,0,0,0,0,0,0,0,0,0,0,0,0,0,0,0,0,0,0,0,0,0,0,0,0,0,1,0,1
STP,Innovator Buffer Step-Up Strategy ETF,Financial,Exchange Traded Fund,USA,,,40.69,0.42%,505.0,0,0,0,0,0,0,0,0,0,0,1,0,0,0,0,0,0,0,0,0,0,0,0,0,0,0,0,0,1,0,1
SX,Boston Scientific Corp,Healthcare,Medical Devices,USA,61930000000.0,17.33,42.73,1.64%,13037405.0,0,0,0,0,0,0,0,0,0,0,0,0,-1,0,0,0,0,0,0,0,0,0,0,0,0,0,0,0,0,1,1
TAL,AGF U.S. Market Neutral Anti-Beta Fund,Financial,Exchange Traded Fund,USA,,,12.05,-1.63%,406748.0,0,0,0,0,0,0,0,0,0,0,1,1,0,0,0,0,0,0,0,0,0,0,0,0,0,0,0,0,2,0,2
TBD,BT Brands Inc,Consumer Cyclical,Restaurants,USA,10090000.0,,1.69,-1.17%,16105.0,0,0,0,0,0,0,0,0,1,0,0,0,0,0,0,0,0,0,0,0,0,0,0,0,0,0,0,0,1,0,1
TBT,Bit Digital Inc,Financial,Capital Markets,USA,465220000.0,,1.29,-5.15%,9594362.0,0,0,0,0,0,0,0,0,0,0,0,0,-1,0,0,0,0,0,0,0,0,0,0,0,0,0,0,0,0,1,1
TCC,Grayscale Bitcoin High Income ETF,Financial,Exchange Traded Fund,USA,,,13.4,0.83%,3979.0,0,0,0,0,0,0,0,0,0,0,1,0,0,0,0,0,0,0,0,0,0,0,0,0,0,0,0,0,1,0,1
TDR,Bitdeer Technologies Group,Technology,Software - Application,Singapore,2620000000.0,,9.63,-0.93%,5882825.0,0,0,0,0,0,0,0,0,0,0,0,0,0,0,0,0,0,0,0,0,0,0,0,0,0,0,-1,0,0,1,1
TLN,Brightline Interactive Inc,Technology,Software - Infrastructure,USA,14600000.0,,5.38,2.08%,2779.0,0,0,0,0,0,0,0,0,0,0,0,0,-1,0,0,0,0,0,0,0,0,0,0,0,0,0,0,0,0,1,1
TMD,biote Corp,Healthcare,Medical Care Facilities,USA,41320000.0,9.55,1.15,-1.71%,45577.0,0,0,0,0,0,0,0,0,1,0,0,0,0,0,0,0,0,0,0,0,0,0,0,0,0,0,0,0,1,0,1
TOC,Armlogi Holding Corp,Industrials,Integrated Freight & Logistics,USA,9770000.0,,0.22,-0.69%,46763.0,0,0,0,0,0,0,0,0,1,1,0,0,0,0,0,0,0,0,0,0,0,0,0,0,0,0,0,0,2,0,2
TRN,Global X Bitcoin Trend Strategy ETF,Financial,Exchange Traded Fund,USA,,,27.15,0.09%,113.0,0,1,0,0,0,0,0,0,0,0,0,0,0,0,0,0,0,0,0,0,0,0,0,0,0,0,0,0,1,0,1
TTC,Black Titan Corp,Technology,Software - Application,Malaysia,5120000.0,,0.48,-3.86%,462733.0,0,0,0,0,0,0,0,0,1,0,0,0,0,0,0,0,0,0,0,0,0,0,0,0,0,0,0,0,1,0,1
TX,BlackRock Technology and Private Equity Term Trust,Financial,Asset Management,USA,,,9.4,1.73%,1071439.0,0,0,0,0,0,0,0,0,0,0,1,0,0,0,0,0,0,0,0,0,0,0,0,0,0,0,0,0,1,0,1
UCK,Simplify Treasury Option Income ETF,Financial,Exchange Traded Fund,USA,,,23.07,0.22%,118027.0,0,0,0,-1,0,0,0,0,1,0,0,0,0,0,0,0,0,0,0,0,0,0,0,0,0,0,0,0,1,1,2
UDA,Buda Juice Inc,Consumer Defensive,Beverages - Non-Alcoholic,USA,95500000.0,39.69,7.6,1.47%,3797.0,0,0,0,0,0,0,0,0,0,0,0,0,-1,0,0,0,0,0,0,0,0,0,0,1,0,0,0,0,1,1,2
UFF,Innovator Laddered Allocation Power Buffer ETF,Financial,Exchange Traded Fund,USA,,,54.43,0.24%,55330.0,0,0,0,0,0,0,0,-1,0,0,0,0,0,0,0,0,0,0,0,0,0,0,0,0,0,0,0,0,0,1,1
UFM,AB Moderate Buffer ETF,Financial,Exchange Traded Fund,USA,,,41.21,0.21%,11511.0,0,0,0,-1,0,0,0,-1,0,0,0,0,0,0,0,0,0,0,0,0,0,0,0,0,0,0,0,0,0,2,2
UG,Global X Cybersecurity ETF,Financial,Exchange Traded Fund,USA,,,50.08,4.46%,2661034.0,0,0,0,-1,0,0,0,0,0,0,0,0,0,0,0,0,0,1,0,0,0,0,0,0,0,0,0,0,1,1,2
ULD,Pacer BlueStar Engineering the Future ETF,Financial,Exchange Traded Fund,USA,,,37.24,0.81%,114.0,0,0,0,0,0,0,0,0,0,0,0,0,0,0,0,1,0,0,0,0,0,0,0,0,0,0,0,0,1,0,1
UYO,KraneShares Man Buyout Beta Index ETF,Financial,Exchange Traded Fund,USA,,,32.91,0.84%,710.0,0,0,0,0,0,0,0,0,1,0,0,0,0,0,0,0,0,0,0,0,0,0,0,0,0,0,0,0,1,0,1
UYZ,Franklin Disruptive Commerce ETF,Financial,Exchange Traded Fund,USA,,,36.24,1.94%,1062.0,0,0,0,0,0,0,0,-1,0,0,0,0,0,0,0,0,0,0,0,0,0,0,0,0,0,0,0,0,0,1,1
VFL,BV Financial Inc,Financial,Banks - Regional,USA,179910000.0,13.98,21.24,-1.53%,15661.0,0,0,0,0,0,0,0,0,0,0,1,1,0,0,0,0,0,0,0,0,0,0,0,0,-1,0,0,0,2,1,3
VN,Compania de Minas Buenaventura SA ADR,Basic Materials,Other Precious Metals & Mining,Peru,8240000000.0,7.34,32.46,3.28%,581860.0,0,0,0,0,0,0,0,0,0,0,0,0,0,0,0,0,0,0,0,-1,0,0,0,0,0,0,0,0,0,1,1
W,Babcock & Wilcox Enterprises Inc,Industrials,Specialty Industrial Machinery,USA,813350000.0,,5.46,-0.73%,3887439.0,0,0,0,0,0,0,0,0,1,0,0,0,0,0,0,0,0,0,0,0,0,0,0,0,0,0,0,0,1,0,1
WA,BorgWarner Inc,Consumer Cyclical,Auto Parts,USA,12480000000.0,31.13,61.3,-0.68%,2260633.0,0,0,0,0,0,0,0,0,1,0,0,0,0,0,0,0,0,0,0,0,0,0,0,0,0,0,0,0,1,0,1
WAY,Brainsway Ltd ADR,Healthcare,Medical Devices,Israel,473740000.0,49.54,11.77,2.62%,104071.0,0,1,0,0,0,0,0,0,0,0,1,0,0,0,0,0,0,0,0,0,0,0,-1,0,0,0,0,0,2,1,3
WB,Bridgewater Bancshares Inc,Financial,Banks - Regional,USA,564650000.0,11.01,20.25,-0.64%,45277.0,0,0,0,0,0,0,0,0,0,0,0,0,0,0,0,0,0,0,0,0,0,0,-1,0,0,0,0,0,0,1,1
WFG,Bankwell Financial Group Inc,Financial,Banks - Regional,USA,515950000.00000006,12.08,64.72,-1.43%,39755.0,0,0,0,0,0,0,0,0,0,0,0,0,0,0,0,0,0,0,0,0,0,0,-1,0,0,0,0,0,0,1,1
WG,BrandywineGLOBAL - Global Income Opportunities Fund Inc,Financial,Closed-End Fund - Debt,USA,117370000.0,,6.99,0.58%,96728.0,0,0,0,0,0,0,0,0,1,0,0,0,0,0,0,0,0,0,0,0,0,0,0,0,0,0,0,0,1,0,1
WIV,Blue Water Acquisition Corp IV,Financial,Shell Companies,USA,177190000.0,272.62,9.98,0.00%,13.0,0,0,0,0,0,0,0,0,0,0,1,0,0,0,0,0,0,0,0,0,0,0,-1,0,0,0,0,0,1,1,2
WTG,Brendan Wood TopGun Index ETF,Financial,Exchange Traded Fund,USA,,,42.11,0.82%,57.0,0,0,0,0,0,0,0,0,0,0,1,1,0,0,0,0,0,0,0,0,0,0,0,0,0,0,0,0,2,0,2
WX,State Street SPDR Bloomberg International Treasury Bond ETF,Financial,Exchange Traded Fund,USA,,,21.17,-0.19%,563665.0,0,1,0,0,0,0,0,0,0,0,0,0,0,0,0,0,0,0,0,0,0,0,0,0,0,0,0,0,1,0,1
XSL,Blackstone Secured Lending Fund,Financial,Asset Management,USA,5560000000.0,18.79,23.86,-1.04%,1137226.0,0,1,0,0,0,0,0,0,0,0,0,0,0,0,0,0,0,0,0,0,0,0,0,0,0,0,0,0,1,0,1
Y,Byline Bancorp Inc,Financial,Banks - Regional,USA,1640000000.0,10.96,36.32,-1.52%,197696.0,0,0,0,0,0,0,0,0,0,0,0,0,-1,0,0,0,0,0,0,0,0,0,0,0,0,0,0,0,0,1,1
YFC,Broadway Financial Corp,Financial,Banks - Regional,USA,106650000.0,,11.44,-1.80%,6204.0,0,0,0,0,0,0,0,0,0,0,0,0,0,0,0,0,0,1,0,0,0,0,0,0,0,0,0,0,1,0,1
YSI,BeyondSpring Inc,Healthcare,Biotechnology,USA,24900000.0,,0.61,-0.56%,58926.0,0,0,0,0,0,0,0,0,1,0,0,0,0,0,0,0,0,0,0,0,0,0,0,0,0,0,0,0,1,0,1
,Citigroup Inc,Financial,Banks - Diversified,USA,217460000000.0,13.99,129.64,1.22%,6511671.0,0,0,0,0,0,0,0,0,0,0,1,0,0,0,0,0,0,0,0,0,0,0,0,0,0,0,0,0,1,0,1
AAP,Corporacion America Airports SA,Industrials,Airports & Air Services,Luxembourg,4000000000.0,13.69,24.54,0.57%,112284.0,0,0,0,0,0,0,0,0,1,1,0,0,0,0,0,0,0,0,0,0,0,0,0,0,0,0,0,0,2,0,2
AES,Cantor Equity Partners VII Inc,Financial,Shell Companies,USA,319140000.0,,10.02,-0.10%,493556.0,0,0,0,0,0,0,0,0,0,0,0,0,0,0,0,0,0,0,0,-1,0,0,0,0,0,0,0,0,0,1,1
AFG,Pacer US Small Cap Cash Cows Growth Leaders ETF,Financial,Exchange Traded Fund,USA,,,32.66,1.04%,3450.0,0,0,0,0,0,0,0,0,1,0,0,0,0,0,0,0,0,0,0,0,0,0,0,0,0,0,0,0,1,0,1
AH,Cardinal Health Inc,Healthcare,Medical Distribution,USA,55010000000.0,32.82,237.57,-0.58%,1028180.0,0,0,0,-1,0,0,0,0,0,0,0,0,0,0,0,0,0,0,0,0,0,0,0,0,0,0,0,0,0,1,1
AIE,Calamos Autocallable Income ETF,Financial,Exchange Traded Fund,USA,,,26.93,0.79%,547459.0,0,0,0,0,0,0,0,0,0,0,1,1,0,0,0,0,0,0,0,0,0,0,0,0,-1,0,0,0,2,1,3
AII,Collective Acquisition Corp II,Financial,Shell Companies,USA,339400000.0,,10.02,0.00%,40.0,0,0,0,0,0,0,0,0,0,0,1,0,0,0,0,0,0,0,0,0,1,0,0,0,0,0,0,0,2,0,2
AIQ,Calamos Nasdaq Autocallable Income ETF,Financial,Exchange Traded Fund,USA,,,26.08,0.22%,273739.0,0,0,0,0,0,0,0,0,0,0,1,0,0,0,0,0,0,0,0,0,0,0,-1,0,0,0,0,0,1,1,2
ALX,Calix Inc,Technology,Software - Infrastructure,USA,2340000000.0,49.55,37.24,3.22%,1552718.0,0,0,0,0,0,0,0,0,1,1,0,0,0,0,0,0,0,0,0,0,0,0,0,0,0,0,0,0,2,0,2
AM,AB California Intermediate Municipal ETF,Financial,Exchange Traded Fund,USA,,,24.13,0.42%,295884.0,0,0,0,0,0,0,0,0,1,0,0,0,0,0,0,0,0,0,0,0,0,0,0,0,0,0,0,0,1,0,1
AMC,Corgi CAMT 2x Daily ETF,Financial,Exchange Traded Fund,USA,,,16.83,2.60%,72.0,0,0,0,0,0,0,0,0,1,0,0,0,0,0,0,0,0,0,0,0,0,0,0,0,0,0,0,0,1,0,1
AML,Congress Large Cap Growth ETF,Financial,Exchange Traded Fund,USA,,,41.7,1.21%,6453.0,0,0,0,0,0,0,0,-1,0,0,0,0,0,0,0,0,0,0,0,0,0,0,0,0,0,0,0,0,0,1,1
ANF,Can-Fite Biopharma Ltd ADR,Healthcare,Biotechnology,Israel,5760000.0,,1.9,-5.00%,35262.0,0,0,0,0,0,0,0,0,1,0,0,0,0,0,0,0,0,0,0,0,0,0,0,0,0,0,0,0,1,0,1
ANG,Cango Inc,Financial,Capital Markets,China,143980000.0,,3.51,-1.40%,3475984.0,0,0,0,0,0,0,0,0,1,0,0,0,0,0,0,0,0,0,0,0,0,0,0,0,0,0,0,0,1,0,1
ANQ,Calamos Nasdaq Equity & Income ETF,Financial,Exchange Traded Fund,USA,,,29.75,0.54%,704.0,0,0,0,0,0,0,0,0,1,1,0,0,0,0,0,0,0,0,0,0,0,0,0,0,0,0,0,0,2,0,2
AS,Simplify China A Shares PLUS Income ETF,Financial,Exchange Traded Fund,USA,,,23.21,1.46%,1670.0,0,0,0,0,0,0,0,0,0,0,0,0,-1,0,0,0,0,0,0,0,0,0,0,0,0,0,0,0,0,1,1
ASH,Pathward Financial Inc,Financial,Banks - Regional,USA,1490000000.0,9.0,71.87,-0.31%,128710.0,0,0,0,0,0,0,0,0,1,1,0,0,0,0,0,0,0,0,0,0,0,0,0,0,0,0,0,0,2,0,2
AT,Caterpillar Inc,Industrials,Farm & Heavy Construction Machinery,USA,367960000000.0,34.43,800.47,0.54%,2221692.0,0,0,0,0,0,0,0,0,0,0,0,0,-1,0,0,0,0,0,0,0,0,0,0,0,0,0,0,0,0,1,1
ATG,Leverage Shares 2X Long CAT Daily ETF,Financial,Exchange Traded Fund,USA,,,9.92,0.76%,44413.0,0,0,0,0,0,0,0,0,1,0,0,0,-1,0,0,0,0,0,0,0,0,0,0,0,0,1,0,0,2,1,3
AUG,Corgi U.S. Equities 15% Structured Buffer ETF - August Series,Financial,Exchange Traded Fund,USA,,,25.6,0.47%,6.0,0,0,0,-1,0,0,0,0,0,0,0,0,0,0,0,0,0,0,0,0,0,0,0,0,0,0,0,0,0,1,1
BAN,Colony Bankcorp Inc,Financial,Banks - Regional,USA,423780000.0,12.09,19.97,-1.67%,113387.0,0,0,0,0,0,1,0,0,0,0,0,0,0,0,0,0,0,0,0,0,0,0,0,0,0,0,0,0,1,0,1
BL,CBL& Associates Properties Inc,Real Estate,REIT - Retail,USA,1500000000.0,7.05,48.51,-1.48%,307789.0,0,0,0,0,0,0,0,0,1,0,0,0,0,0,0,0,0,0,0,0,0,0,0,0,0,0,0,0,1,0,1
BOT,Corgi Robots & Humanoids ETF,Financial,Exchange Traded Fund,USA,,,24.09,1.47%,69.0,0,0,0,0,0,0,0,0,0,0,1,0,0,0,0,0,0,0,0,0,0,0,0,0,0,0,0,0,1,0,1
BRE,CBRE Group Inc,Real Estate,Real Estate Services,USA,37880000000.0,29.99,130.8,-0.21%,1758974.0,0,0,0,0,0,0,0,0,0,0,1,0,0,0,0,0,0,0,0,0,0,0,0,0,0,0,0,0,1,0,1
BRG,Leverage Shares 2X Long CBRS Daily ETF,Financial,Exchange Traded Fund,USA,,,2.25,-4.66%,15037052.0,0,0,0,0,0,0,0,0,1,0,0,0,0,0,0,0,0,0,0,0,0,0,0,0,0,0,0,0,1,0,1
BRZ,Tradr 2X Short CBRS Daily ETF,Financial,Exchange Traded Fund,USA,,,11.8,4.61%,139345.0,0,0,0,0,0,0,0,0,0,0,0,0,0,0,0,0,0,0,0,0,0,0,0,0,0,1,0,0,1,0,1
BSE,Clough Select Equity ETF,Financial,Exchange Traded Fund,USA,,,47.66,0.91%,2820.0,0,0,0,0,0,0,0,0,0,0,0,0,0,0,0,1,0,0,0,0,0,0,0,0,0,0,0,0,1,0,1
BT,Cabot Corp,Basic Materials,Specialty Chemicals,USA,3870000000.0,21.12,74.91,-0.93%,285609.0,0,0,0,0,0,0,0,0,1,0,0,0,0,0,0,0,0,0,0,0,0,0,0,0,0,0,0,0,1,0,1
BUS,Cibus Inc,Healthcare,Biotechnology,USA,118460000.0,,1.55,-2.52%,44219.0,0,0,0,0,0,0,0,0,1,0,0,0,0,0,0,0,0,0,0,0,0,0,0,0,0,0,0,0,1,0,1
BXO,Calamos Bitcoin 90 Buffer - Oct,Financial,Exchange Traded Fund,USA,,,21.67,0.30%,784.0,0,0,0,0,0,0,0,0,1,0,0,0,0,0,0,0,0,0,0,0,0,0,0,0,0,0,0,0,1,0,1
CCC,C4 Therapeutics Inc,Healthcare,Biotechnology,USA,388760000.0,,3.16,10.88%,2506960.0,0,0,0,0,0,0,0,0,1,0,0,0,0,0,0,0,0,0,0,0,0,0,0,0,0,0,0,0,1,0,1
CEP,Coca-Cola Europacific Partners Plc,Consumer Defensive,Beverages - Non-Alcoholic,United Kingdom,46210000000.0,20.14,104.25,0.59%,2898510.0,0,0,0,0,0,0,0,0,0,0,1,0,0,0,0,0,0,0,0,0,0,0,0,0,0,0,0,0,1,0,1
CIF,Carlyle Credit Income Fund,Financial,Closed-End Fund - Debt,USA,49820000.0,,2.35,3.07%,102841.0,0,0,0,0,0,0,0,0,1,1,0,0,0,0,0,0,0,0,0,0,0,0,0,0,0,0,0,0,2,0,2
CJ,Cameco Corp,Energy,Uranium,Canada,38350000000.0,149.71,88.06,1.08%,1982870.0,0,0,0,0,0,0,0,0,0,0,0,0,-1,0,0,0,0,0,0,0,0,0,0,1,0,0,0,0,1,1,2
CL,Carnival Corp Ltd,Consumer Cyclical,Travel Services,USA,35430000000.0,11.51,26.35,0.84%,14441987.0,0,0,0,0,0,0,0,0,1,0,0,0,0,0,0,0,0,0,0,0,0,0,0,0,0,0,0,0,1,0,1
CLD,CareCloud Inc,Healthcare,Health Information Services,USA,84990000.0,28.74,2.0,3.09%,224295.0,0,0,0,0,0,0,0,0,1,0,0,0,0,0,0,0,0,0,0,0,0,0,0,0,0,0,0,0,1,0,1
COR,Core Alternative ETF,Financial,Exchange Traded Fund,USA,,,25.43,0.13%,2105.0,0,0,0,0,0,0,0,0,0,0,0,0,0,0,0,0,0,0,0,0,0,0,0,0,0,1,0,0,1,0,1
CSO,Carbon Collective Climate Solutions U.S. Equity ETF,Financial,Exchange Traded Fund,USA,,,25.15,1.02%,1235.0,0,0,0,0,0,0,0,0,1,1,0,0,0,0,0,0,0,0,0,0,0,0,0,0,0,0,0,0,2,0,2
CU,Compania Cervecerias Unidas SA ADR,Consumer Defensive,Beverages - Brewers,Chile,2020000000.0,17.85,10.91,-1.62%,34343.0,0,1,0,0,0,0,0,0,1,0,0,0,0,0,0,0,0,0,0,0,0,0,0,0,0,0,0,0,2,0,2
CUP,T-REX 2X Long CRCL Daily Target ETF,Financial,Exchange Traded Fund,USA,,,21.91,9.00%,90172.0,0,0,0,0,0,0,0,0,0,0,0,0,-1,0,0,0,0,0,0,0,0,0,0,0,0,0,0,0,0,1,1
DIG,City Different Investments Global Equity ETF,Financial,Exchange Traded Fund,USA,,,26.2,1.14%,1578.0,0,0,0,0,0,0,0,-1,0,0,0,0,0,0,0,0,0,0,0,0,0,0,0,0,0,0,0,0,0,1,1
DTG,CDT Environmental Technology Investment Holdings Ltd,Industrials,Waste Management,China,3690000.0,,1.22,-1.61%,225881.0,0,0,0,0,0,0,0,0,0,0,0,0,0,0,0,0,0,0,0,-1,0,0,0,0,0,0,0,0,0,1,1
DW,CDW Corp,Technology,Information Technology Services,USA,17770000000.0,17.09,142.17,1.64%,1406628.0,0,0,0,0,0,0,0,-1,0,0,0,0,0,0,0,0,0,0,0,0,0,0,0,0,0,0,0,0,0,1,1
DX,Simplify High Yield ETF,Financial,Exchange Traded Fund,USA,,,20.4,0.39%,52620.0,0,0,0,0,0,0,0,0,0,0,0,0,0,0,0,0,0,0,0,-1,0,0,0,0,0,0,0,0,0,1,1
E,Celanese Corp,Basic Materials,Chemicals,USA,4940000000.0,,45.02,0.47%,1049225.0,0,0,0,0,0,0,0,0,1,0,0,0,0,0,0,0,0,0,0,0,0,0,0,0,0,0,0,0,1,0,1
ECO,Ceco Environmental Corp,Industrials,Pollution & Treatment Controls,USA,3860000000.0,,65.82,0.41%,857406.0,0,0,0,0,0,0,0,0,0,0,0,0,0,0,0,0,0,0,0,0,0,0,0,0,0,0,-1,0,0,1,1
EF,Sprott Physical Gold and Silver Trust,Financial,Asset Management,Canada,7150000000.0,,41.67,1.88%,173765.0,0,0,0,0,0,0,0,0,1,0,0,0,0,0,0,0,0,0,0,0,0,0,0,0,0,0,0,0,1,0,1
EFZ,RiverNorth Active Income ETF,Financial,Exchange Traded Fund,USA,,,7.91,0.69%,25365.0,0,0,0,0,0,0,0,0,1,0,0,0,0,0,0,0,0,0,0,0,0,0,0,0,0,0,0,0,1,0,1
ENT,Central Garden & Pet Co,Consumer Defensive,Packaged Foods,USA,2260000000.0,15.11,40.58,0.07%,34798.0,0,0,0,0,0,1,0,0,0,0,0,0,0,0,0,0,0,0,0,0,0,0,0,0,0,0,0,0,1,0,1
ENX,Century Aluminum Co,Basic Materials,Aluminum,USA,3640000000.0,6.36,36.76,1.04%,990354.0,0,0,0,0,0,0,0,0,1,0,0,0,0,0,0,0,0,0,0,0,0,0,0,0,0,0,0,0,1,0,1
EPU,Central Puerto ADR,Utilities,Utilities - Regulated Electric,Argentina,1900000000.0,5.5,12.64,-0.16%,176246.0,0,0,0,0,0,0,0,0,0,0,0,0,0,0,0,0,0,0,0,-1,0,0,0,0,0,0,0,0,0,1,1
ERS,Cerus Corp,Healthcare,Medical Devices,USA,463510000.0,,2.3,0.88%,787967.0,0,0,0,0,0,0,0,0,1,0,0,0,0,0,0,0,0,0,0,0,0,0,0,0,0,0,0,0,1,0,1
ET,Central Securities Corp,Financial,Closed-End Fund - Equity,USA,1650000000.0,,55.87,0.74%,10094.0,0,0,0,-1,0,0,0,-1,0,0,0,0,0,0,0,0,0,0,0,0,0,0,0,0,0,0,0,0,0,2,2
ETY,Clean Energy Technologies Inc,Industrials,Specialty Industrial Machinery,USA,11990000.0,,0.99,-3.41%,4315.0,0,0,0,0,0,0,0,0,0,0,1,0,0,0,0,0,0,0,0,0,0,0,0,0,0,0,0,0,1,0,1
EV,Eaton Vance California Municipal Income Trust,Financial,Closed-End Fund - Debt,USA,73430000.0,,10.44,3.67%,93623.0,0,0,0,0,0,0,0,0,0,0,0,0,0,0,0,0,0,0,0,0,1,0,0,0,0,0,0,0,1,0,1
EVA,Ceva Inc,Technology,Semiconductors,USA,942880000.0,,33.49,-0.51%,482498.0,0,0,0,0,0,0,0,0,1,0,0,0,0,0,0,0,0,0,0,0,0,0,0,0,0,0,0,0,1,0,1
EW,WisdomTree Emerging Currency Strategy Fund,Financial,Exchange Traded Fund,USA,,,19.63,0.09%,5051.0,0,0,0,0,0,0,0,0,0,0,0,0,0,0,0,0,0,0,0,0,0,0,0,0,-1,0,0,0,0,1,1
FND,C1 Fund Inc,Financial,Asset Management,USA,,,2.65,-1.49%,13859.0,0,0,0,-1,0,0,0,0,0,0,0,0,0,0,0,0,0,0,0,0,0,0,0,0,0,0,0,0,0,1,1
GBL,Capital Group Core Balanced ETF,Financial,Exchange Traded Fund,USA,,,37.16,0.30%,815561.0,0,0,0,-1,0,0,0,0,0,0,0,0,0,0,0,0,0,0,0,0,0,0,0,0,0,0,0,0,0,1,1
GC,Canopy Growth Corp,Healthcare,Drug Manufacturers - Specialty & Generic,Canada,349900000.0,,0.83,-2.33%,2372358.0,0,0,0,0,0,0,0,0,0,0,0,0,-1,0,0,0,0,0,0,0,0,0,0,0,0,0,0,0,0,1,1
GDV,Capital Group Dividend Value ETF,Financial,Exchange Traded Fund,USA,,,49.55,0.61%,2368476.0,0,0,0,-1,0,0,0,0,0,0,0,0,0,0,0,0,0,0,0,0,0,0,0,0,0,0,0,0,0,1,1
GEM,Cullinan Therapeutics Inc,Healthcare,Biotechnology,USA,999420000.0,,15.53,0.45%,567527.0,0,1,0,0,0,0,0,0,0,0,0,0,0,0,0,0,0,0,0,0,0,0,0,0,0,0,0,0,1,0,1
GGE,Capital Group Global Equity ETF,Financial,Exchange Traded Fund,USA,,,35.07,0.63%,365080.0,0,0,0,-1,0,0,0,0,0,0,0,0,0,0,0,0,0,1,0,0,0,0,0,0,0,0,0,0,1,1,2
GGG,Capital Group U.S. Large Growth ETF,Financial,Exchange Traded Fund,USA,,,29.29,0.90%,32998.0,0,0,0,0,0,0,0,0,0,0,0,0,0,0,0,1,0,0,0,0,0,0,0,0,0,0,0,0,1,0,1
GGR,Capital Group Growth ETF,Financial,Exchange Traded Fund,USA,,,48.4,1.13%,3296520.0,0,0,0,0,0,0,0,-1,0,0,0,0,0,0,0,0,0,0,0,0,0,0,0,0,0,0,0,0,0,1,1
GHY,Capital Group High Yield Bond ETF,Financial,Exchange Traded Fund,USA,,,24.52,0.16%,633478.0,0,0,0,-1,0,0,0,0,0,0,0,0,0,0,0,0,0,0,0,0,0,0,0,0,0,0,0,0,0,1,1
GIC,Capital Group International Core Equity ETF,Financial,Exchange Traded Fund,USA,,,35.74,0.62%,371608.0,0,0,0,0,0,0,0,0,0,0,1,0,0,0,0,0,0,0,0,0,0,0,-1,0,0,0,0,0,1,1,2
GMM,Capital Group U.S. Small and Mid Cap ETF,Financial,Exchange Traded Fund,USA,,,31.81,1.14%,732615.0,0,0,0,-1,0,0,0,0,0,0,0,0,0,0,0,0,0,0,0,0,0,0,0,0,0,0,0,0,0,1,1
GNG,Capital Group New Geography Equity ETF,Financial,Exchange Traded Fund,USA,,,36.53,0.94%,372377.0,0,0,0,0,0,0,0,0,0,0,0,0,0,0,0,1,0,0,0,0,0,0,0,0,0,0,0,0,1,0,1
GNX,Cognex Corp,Technology,Scientific & Technical Instruments,USA,10580000000.0,60.92,62.92,3.30%,2011240.0,0,1,0,0,0,0,0,0,0,0,0,0,0,0,0,0,0,0,0,0,1,0,-1,0,0,0,0,0,2,1,3
GRO,CoreValues Alpha Greater China Growth ETF,Financial,Exchange Traded Fund,USA,,,16.45,3.18%,7.0,0,0,0,0,0,0,0,0,0,0,0,0,0,0,0,0,0,0,0,0,0,0,0,1,0,0,0,0,1,0,1
GUI,Capital Group Ultra Short Income ETF,Financial,Exchange Traded Fund,USA,,,25.24,-0.08%,1070876.0,0,1,0,-1,0,0,0,0,0,0,0,0,0,0,0,0,0,0,0,0,0,0,0,0,0,0,0,0,1,1,2
GW,Invesco S&P Global Water Index ETF,Financial,Exchange Traded Fund,USA,,,63.99,0.53%,19190.0,0,0,0,0,0,0,0,0,0,0,0,0,-1,0,0,0,0,0,0,0,0,0,0,0,0,0,0,0,0,1,1
GXU,Capital Group International Focus Equity ETF,Financial,Exchange Traded Fund,USA,,,34.0,0.95%,1030539.0,0,1,0,0,0,0,0,0,0,0,1,1,0,0,0,0,0,0,0,0,0,0,0,0,-1,0,0,0,3,1,4
HAT,Roundhill Generative AI & Technology ETF,Financial,Exchange Traded Fund,USA,,,92.22,0.90%,171087.0,0,0,0,0,0,0,0,0,0,0,0,0,0,0,0,0,0,0,0,0,0,0,-1,0,0,0,0,0,0,1,1
HCI,Comstock Holding Co Inc,Real Estate,Real Estate Services,USA,192380000.0,7.93,18.71,0.86%,24546.0,0,1,0,0,0,0,0,0,0,0,0,0,0,0,0,0,0,0,0,0,0,0,0,0,0,0,0,0,1,0,1
HD,Church & Dwight Co Inc,Consumer Defensive,Household & Personal Products,USA,23270000000.0,31.57,98.11,0.39%,2047465.0,0,0,0,0,0,0,0,0,0,0,0,0,-1,0,0,0,0,0,0,0,0,0,0,0,0,0,0,0,0,1,1
HEC,Chenghe Acquisition III Co,Financial,Shell Companies,Singapore,177670000.0,81.36,10.3,0.00%,7.0,0,0,0,0,0,1,0,0,0,0,0,0,0,0,0,0,0,0,0,0,0,0,0,0,0,0,0,0,1,0,1
HEF,Chefs' Warehouse Inc,Consumer Defensive,Food Distribution,USA,4660000000.0,54.36,114.32,2.62%,352752.0,0,0,0,0,0,0,0,0,0,0,1,0,0,0,0,0,0,0,0,0,0,0,-1,0,0,0,0,0,1,1,2
HGG,Chegg Inc,Consumer Defensive,Education & Training Services,USA,81740000.0,,0.74,0.11%,531827.0,0,0,0,0,0,0,0,0,1,0,0,0,0,0,0,0,0,0,0,0,0,0,0,0,0,0,0,0,1,0,1
HH,Choice Hotels International Inc,Consumer Cyclical,Lodging,USA,4750000000.0,14.91,105.64,0.78%,369415.0,0,0,0,0,0,0,0,0,0,0,0,0,-1,0,0,0,0,0,0,0,0,0,0,0,0,0,0,0,0,1,1
HI,Calamos Convertible Opportunities and Income Fund,Financial,Closed-End Fund - Debt,USA,952090000.0,,11.98,1.96%,154317.0,0,0,0,0,0,0,0,0,0,0,0,0,0,0,0,0,0,0,0,0,0,0,-1,0,0,0,0,0,0,1,1
HKP,Check Point Software Technologies Ltd,Technology,Software - Infrastructure,Israel,14010000000.0,14.05,137.18,1.81%,1097846.0,0,1,0,-1,0,0,0,0,0,0,1,1,0,0,0,0,0,0,0,0,0,0,0,0,0,0,0,0,3,1,4
HNR,China Natural Resources Inc,Basic Materials,Other Industrial Metals & Mining,Hong Kong,5010000.0,,3.99,0.63%,12842.0,0,0,0,0,0,0,0,0,0,0,0,0,0,0,0,1,0,0,0,0,0,0,0,0,0,0,0,0,1,0,1
HPS,Xtrackers Semiconductor Select Equity ETF,Financial,Exchange Traded Fund,USA,,,89.52,0.28%,26510.0,0,0,0,0,0,0,0,0,1,0,0,0,0,0,0,0,0,0,0,0,0,0,0,0,0,0,0,0,1,0,1
HRD,Chord Energy Corp,Energy,Oil & Gas E&P,USA,7740000000.0,9.49,141.54,-0.56%,532239.0,0,0,0,-1,0,0,0,0,0,0,0,0,0,0,0,0,0,0,0,0,0,0,0,0,0,0,0,0,0,1,1
HRS,Coherus Oncology Inc,Healthcare,Biotechnology,USA,165320000.0,,1.07,0.00%,1697095.0,0,0,0,0,0,1,0,0,0,0,0,0,0,0,0,0,0,0,0,0,0,0,0,0,0,0,0,0,1,0,1
HT,Chunghwa Telecom ADR,Communication Services,Telecom Services,Taiwan,35680000000.0,28.11,45.99,-0.45%,171552.0,0,0,0,0,0,0,0,0,0,0,0,0,0,0,0,0,0,0,0,0,1,0,-1,0,0,0,0,0,1,1,2
HTR,Charter Communications Inc,Communication Services,Telecom Services,USA,18210000000.0,2.69,103.38,-5.74%,5114576.0,0,0,0,0,0,0,0,0,1,0,0,0,0,0,0,0,0,0,0,0,0,0,0,0,0,0,0,0,1,0,1
HWY,Chewy Inc,Consumer Cyclical,Internet Retail,USA,7620000000.0,28.98,18.95,0.21%,6427366.0,0,0,0,0,0,0,0,0,0,0,0,0,-1,0,0,0,0,0,0,0,0,0,0,1,0,0,0,0,1,1,2
HY,Calamos Convertible and High Income Fund,Financial,Closed-End Fund - Debt,USA,973700000.0,,12.22,2.69%,387243.0,0,1,0,0,0,0,0,0,0,0,0,0,0,0,0,0,0,0,0,0,0,0,0,0,0,0,0,0,1,0,1
I,Cigna Group,Healthcare,Healthcare Plans,USA,74630000000.0,11.68,282.43,0.50%,885420.0,0,0,0,0,0,0,0,0,1,0,0,0,0,0,0,0,0,0,0,0,0,0,0,0,0,0,0,0,1,0,1
IBR,First Trust NASDAQ Cybersecurity ETF,Financial,Exchange Traded Fund,USA,,,110.0,3.58%,1857043.0,0,0,0,0,0,0,0,-1,0,0,0,0,0,0,0,0,0,0,0,0,0,0,0,0,0,0,0,0,0,1,1
IEN,CIENA Corp,Technology,Communication Equipment,USA,63780000000.0,100.36,449.77,5.60%,3782738.0,0,0,0,0,0,0,0,0,1,1,0,0,0,0,0,0,0,0,0,0,0,0,0,0,0,0,0,0,2,0,2
IFC,Corgi CIFR 2x Daily ETF,Financial,Exchange Traded Fund,USA,,,4.7,-1.09%,21278.0,0,0,0,0,0,0,0,0,1,0,0,0,0,0,0,0,0,0,0,0,0,0,0,0,0,0,0,0,1,0,1
IFR,Cipher Digital Inc,Technology,Information Technology Services,USA,5610000000.0,,13.52,0.15%,18592880.0,0,0,0,0,0,0,0,0,1,0,0,0,0,0,0,0,0,0,0,0,0,0,0,0,0,0,0,0,1,0,1
IG,Cia Energetica DE Minas Gerais - Cemig ADR,Utilities,Utilities - Regulated Electric,Brazil,4570000000.0,7.92,2.4,1.69%,5182424.0,0,0,0,0,0,0,0,0,1,0,0,0,0,0,0,0,0,0,0,0,0,0,0,0,0,0,0,0,1,0,1
II,BlackRock Enhanced Large Cap Core Fund Inc,Financial,Closed-End Fund - Equity,USA,1060000000.0,,24.33,1.25%,89670.0,0,0,0,0,0,0,0,0,1,0,0,0,0,0,0,0,0,0,0,0,0,0,0,0,0,0,0,0,1,0,1
IK,UBS Asset Management Income Fund Inc,Financial,Closed-End Fund - Debt,USA,128370000.0,,2.34,1.74%,424053.0,0,0,0,0,0,0,0,0,1,0,0,0,0,0,0,0,0,0,0,0,0,0,0,0,0,0,0,0,1,0,1
INT,CI&T Inc,Technology,Software - Infrastructure,Brazil,395490000.0,10.98,3.09,0.98%,96693.0,0,0,0,0,0,0,0,0,1,1,0,0,0,0,0,0,0,0,0,0,0,0,0,0,0,0,0,0,2,0,2
ISO,CISO Global Inc,Technology,Software - Infrastructure,USA,8630000.0,,0.19,-2.17%,135082.0,0,0,0,0,0,0,0,0,1,0,0,0,0,0,0,0,0,0,0,0,0,0,0,0,0,0,0,0,1,0,1
ITR,CitroTech Inc,Basic Materials,Specialty Chemicals,USA,67010000.00000001,,2.95,0.68%,87317.0,0,0,0,0,0,0,0,0,1,0,0,0,0,0,0,0,0,0,0,0,0,0,0,0,0,0,0,0,1,0,1
LB,Core Laboratories Inc,Energy,Oil & Gas Equipment & Services,USA,462980000.0,17.89,10.09,-0.69%,607517.0,0,0,0,0,0,0,0,0,0,0,0,0,0,0,0,0,0,0,0,0,0,0,0,1,0,0,0,0,1,0,1
LBR,Colombier Acquisition Corp III,Financial,Shell Companies,USA,407370000.0,149.27,10.18,-0.20%,205281.0,0,0,0,0,0,0,0,0,0,0,0,0,-1,0,0,0,0,0,0,0,0,0,0,0,0,0,0,0,0,1,1
LDT,Chatham Lodging Trust,Real Estate,REIT - Hotel & Motel,USA,633760000.0,177.21,13.61,-0.29%,183800.0,0,0,0,0,0,0,0,0,0,0,0,0,0,0,0,0,0,0,0,0,1,1,0,0,0,0,0,0,2,0,2
LGN,CollPlant Biotechnologies Ltd,Healthcare,Biotechnology,Israel,6630000.0,,3.51,-11.59%,182346.0,0,0,0,0,0,0,0,0,0,0,0,0,0,0,0,0,0,0,0,0,0,0,0,0,0,1,0,0,1,0,1
LH,Clean Harbors Inc,Industrials,Waste Management,USA,16730000000.0,38.44,316.93,-0.13%,231014.0,0,0,0,0,0,0,0,0,0,0,0,0,-1,0,0,0,0,0,0,0,0,0,0,0,0,0,0,0,0,1,1
LIP,Global X 1-3 Month T-Bill ETF,Financial,Exchange Traded Fund,USA,,,100.16,0.04%,180988.0,0,1,0,-1,0,1,0,0,0,0,0,0,-1,-1,0,0,0,0,0,0,1,1,0,0,0,0,0,0,4,3,7
LIR,ClearSign Technologies Corp,Industrials,Pollution & Treatment Controls,USA,21850000.0,,3.21,3.22%,25603.0,0,0,0,0,0,0,0,0,1,1,0,0,0,0,0,0,0,0,0,0,0,0,0,0,0,0,0,0,2,0,2
LNN,Clene Inc,Healthcare,Biotechnology,USA,54870000.0,,3.86,-0.52%,48131.0,0,0,0,0,0,0,0,0,1,0,0,0,0,0,0,0,0,0,0,0,0,0,0,0,0,0,0,0,1,0,1
LOA,iShares AAA CLO Active ETF,Financial,Exchange Traded Fund,USA,,,51.81,0.06%,463684.0,0,0,0,-1,0,0,0,0,0,0,0,0,0,0,0,0,0,0,0,0,0,0,0,0,0,0,0,0,0,1,1
LOC,AAM Crescent CLO ETF,Financial,Exchange Traded Fund,USA,,,25.0,0.00%,426.0,0,0,0,0,0,0,0,0,0,0,1,0,0,0,0,0,0,0,0,0,0,0,0,0,0,0,0,0,1,0,1
LOD,Themes Cloud Computing ETF,Financial,Exchange Traded Fund,USA,,,36.92,2.67%,18.0,0,0,0,0,0,0,0,0,0,0,1,0,0,0,0,0,0,0,0,0,0,0,0,0,0,0,0,0,1,0,1
LOI,VanEck CLO ETF,Financial,Exchange Traded Fund,USA,,,52.83,-0.02%,257165.0,0,0,0,0,0,0,0,0,0,0,0,0,0,0,0,1,0,0,0,0,0,0,0,0,0,0,0,0,1,0,1
LOU,Global X Cloud Computing ETF,Financial,Exchange Traded Fund,USA,,,30.11,3.86%,342112.0,0,0,0,0,0,0,0,-1,0,0,0,0,0,0,0,0,0,0,0,0,0,0,0,0,0,0,0,0,0,1,1
LOV,Clover Health Investments Corp,Healthcare,Healthcare Plans,USA,2540000000.0,,4.79,4.59%,10549398.0,0,0,0,0,0,0,0,0,0,0,0,0,-1,0,0,0,0,0,0,0,0,0,0,0,0,0,0,0,0,1,1
LOZ,Eldridge BBB-B CLO ETF,Financial,Exchange Traded Fund,USA,,,26.27,0.11%,340767.0,0,0,0,0,0,0,0,0,0,0,0,0,0,0,0,1,0,0,0,0,0,0,0,0,0,0,0,0,1,0,1
LRB,Cellectar Biosciences Inc,Healthcare,Biotechnology,USA,13700000.0,,1.45,3.57%,91480.0,0,0,0,0,0,1,0,0,0,0,0,0,0,0,0,0,0,0,0,0,0,0,0,0,0,0,0,0,1,0,1
LRO,ClearOne Inc,Technology,Communication Equipment,USA,10460000.0,,3.91,-4.87%,24035.0,0,0,0,0,0,0,0,0,0,0,0,0,-1,0,0,0,0,0,0,0,0,0,0,0,0,0,0,0,0,1,1
LSK,Cleanspark Inc,Financial,Capital Markets,USA,2700000000.0,,10.49,-1.27%,10346054.0,0,0,0,0,0,0,0,0,0,0,0,0,0,0,0,0,0,0,0,0,0,0,0,0,0,0,-1,0,0,1,1
LSM,ETC Cabana Target Leading Sector Moderate ETF,Financial,Exchange Traded Fund,USA,,,28.25,0.45%,4939.0,0,0,0,0,0,0,0,0,0,0,1,1,0,0,0,0,0,0,0,0,0,0,0,0,0,0,0,0,2,0,2
LSX,Tradr 2X Long CLSK Daily ETF,Financial,Exchange Traded Fund,USA,,,8.07,-3.18%,181200.0,0,0,0,0,0,0,0,0,1,0,0,0,-1,0,0,0,0,0,0,0,0,0,0,0,0,0,0,0,1,1,2
LX,Clorox Co,Consumer Defensive,Household & Personal Products,USA,10130000000.0,17.42,83.8,0.43%,1499104.0,0,0,0,0,0,0,0,0,1,0,0,0,0,0,0,0,0,0,0,0,0,0,0,0,0,0,0,0,1,0,1
MAG,Corgi Mag 7 ETF,Financial,Exchange Traded Fund,USA,,,27.47,0.62%,991.0,0,0,0,0,0,0,0,-1,0,0,0,0,0,0,0,0,0,0,0,0,0,0,0,0,0,0,0,0,0,1,1
MC,Commercial Metals Co,Industrials,Metal Fabrication,USA,7070000000.0,12.04,63.89,1.25%,1218117.0,0,0,0,0,0,0,0,0,0,0,0,0,0,0,0,1,0,0,0,0,0,0,0,0,0,0,0,0,1,0,1
MCL,Caledonia Mining Corp Plc,Basic Materials,Gold,United Kingdom,459210000.0,7.05,23.75,-2.70%,433889.0,0,0,0,-1,0,0,0,0,0,0,0,0,0,0,0,0,0,0,0,0,0,0,0,0,0,0,0,0,0,1,1
MCM,Cheetah Mobile Inc ADR,Communication Services,Internet Content & Information,China,25690000.0,,2.48,3.55%,1523.0,0,0,0,0,0,0,0,0,1,0,0,0,0,0,0,0,0,0,0,0,0,0,0,0,0,0,0,0,1,0,1
MCSA,Comcast Corp,Communication Services,Telecom Services,USA,73310000000.0,6.69,20.66,-2.59%,32678683.0,0,1,0,0,0,0,0,0,0,0,0,0,0,0,0,0,0,0,0,0,0,0,0,0,0,0,0,0,1,0,1
MG,Chipotle Mexican Grill,Consumer Cyclical,Restaurants,USA,39970000000.0,29.14,31.59,-3.34%,20086251.0,0,0,0,0,0,0,0,-1,0,0,0,0,0,0,0,0,0,0,0,0,0,0,0,0,0,0,0,1,1,1,2
MP,Compass Minerals International Inc,Basic Materials,Other Industrial Metals & Mining,USA,956750000.0,54.03,22.79,-1.26%,327565.0,0,0,0,0,0,0,0,0,1,0,0,0,0,0,0,0,0,0,0,0,0,0,0,0,0,0,0,0,1,0,1
MPR,Cimpress plc,Industrials,Specialty Business Services,Ireland,1810000000.0,19.65,74.21,-0.09%,230388.0,0,0,0,0,0,0,0,0,0,0,1,0,0,0,0,0,0,0,0,0,0,0,0,0,0,0,0,0,1,0,1
MPS,Compass Pathways Plc ADR,Healthcare,Medical Care Facilities,United Kingdom,1660000000.0,,12.0,4.62%,2284844.0,0,0,0,0,0,0,0,0,0,0,1,0,0,0,0,0,0,0,0,0,0,0,0,0,-1,0,0,0,1,1,2
MRE,Costamare Inc,Industrials,Marine Shipping,Monaco,1830000000.0,5.73,15.12,-1.11%,332651.0,0,0,0,0,0,0,0,0,0,0,0,0,-1,0,0,0,0,0,0,0,0,0,0,1,0,0,0,0,1,1,2
MT,Core Molding Technologies,Basic Materials,Specialty Chemicals,USA,205920000.0,27.51,23.27,1.13%,32364.0,0,1,0,0,0,0,0,0,0,0,0,0,-1,0,0,0,0,0,0,0,0,0,0,0,0,0,0,0,1,1,2
NC,Centene Corp,Healthcare,Healthcare Plans,USA,32290000000.0,,65.36,1.27%,2853193.0,0,0,0,0,0,0,0,0,0,0,1,0,0,0,0,0,0,0,0,0,0,0,0,0,-1,0,0,0,1,1,2
NDT,Conduent Inc,Technology,Information Technology Services,USA,248840000.0,,1.6,1.91%,870556.0,0,0,0,0,0,0,0,0,0,0,1,0,0,0,0,0,0,0,0,0,0,0,0,0,0,0,0,0,1,0,1
NEY,CN Energy Group Inc,Basic Materials,Specialty Chemicals,China,4019999.9999999995,,0.49,-4.73%,64021.0,0,0,0,0,0,0,0,0,0,0,0,0,0,0,0,0,0,0,0,0,0,0,0,0,0,0,-1,0,0,1,1
NH,CNH Industrial NV,Industrials,Farm & Heavy Construction Machinery,United Kingdom,14100000000.0,45.63,11.39,-6.10%,23649632.0,0,1,0,0,0,1,0,0,0,0,0,0,0,0,0,0,0,0,0,0,0,0,0,0,0,0,0,0,2,0,2
NK,Cinemark Holdings Inc,Communication Services,Entertainment,USA,4219999999.9999995,20.24,36.4,-1.01%,947346.0,0,0,0,-1,0,0,0,0,0,0,1,1,0,0,0,0,0,0,0,0,0,0,0,0,-1,0,0,0,2,2,4
NL,Collective Mining Ltd,Basic Materials,Gold,USA,1040000000.0,,12.06,3.70%,142859.0,0,0,0,0,0,0,0,0,1,0,0,0,0,0,0,0,0,0,0,0,0,0,0,0,0,0,0,0,1,0,1
NM,Core & Main Inc,Industrials,Industrial Distribution,USA,7690000000.0,16.66,40.35,-0.05%,1284656.0,0,0,0,-1,0,1,0,0,1,1,0,0,0,0,0,0,0,0,0,0,0,0,0,0,0,0,0,0,3,1,4
NNE,Cannae Holdings Inc,Consumer Cyclical,Restaurants,USA,672300000.0,,15.5,-2.52%,294459.0,0,0,0,-1,0,0,0,0,0,0,0,0,0,0,0,0,0,0,0,0,0,0,0,0,0,0,0,0,0,1,1
NO,CNO Financial Group Inc,Financial,Insurance - Life,USA,4900000000.0,18.23,52.99,-1.05%,871592.0,0,0,0,0,0,0,0,0,0,0,0,0,-1,0,0,0,0,0,0,0,0,0,0,0,0,0,0,0,0,1,1
NOB,ConnectOne Bancorp Inc,Financial,Banks - Regional,USA,1510000000.0,9.83,29.94,-0.93%,285435.0,0,0,0,0,0,0,0,0,1,0,0,0,0,0,0,0,0,0,0,0,0,0,0,0,0,0,0,0,1,0,1
NP,Centerpoint Energy Inc,Utilities,Utilities - Regulated Electric,USA,25430000000.0,22.75,38.6,0.47%,4464455.0,0,1,0,0,0,0,0,0,0,0,0,0,0,0,0,0,0,0,0,0,0,0,0,0,0,0,0,0,1,0,1
NQQ,Rayliant-ChinaAMC Transformative China Tech ETF,Financial,Exchange Traded Fund,USA,,,21.19,1.83%,2029.0,0,0,0,0,0,0,0,0,1,0,0,0,0,0,0,0,0,0,0,0,0,0,0,0,0,0,0,0,1,0,1
NR,Core Natural Resources Inc,Energy,Thermal Coal,USA,4390000000.0,44.66,88.46,-0.10%,457551.0,0,0,0,0,0,0,0,0,1,0,0,0,0,0,0,0,0,0,0,0,0,0,0,0,0,0,0,0,1,0,1
NS,Cohen & Steers Inc,Financial,Asset Management,USA,3560000000.0,21.27,69.26,-2.05%,286067.0,0,0,0,0,0,0,0,0,1,0,0,0,0,0,0,0,0,0,0,0,0,0,0,0,0,0,0,0,1,0,1
NTB,Connect Biopharma Holdings Ltd,Healthcare,Biotechnology,USA,54780000.0,,0.87,-1.21%,1055426.0,0,0,0,0,0,0,0,0,0,0,0,0,-1,-1,0,0,0,0,0,0,0,0,0,0,0,0,0,0,0,2,2
NTN,Canton Strategic Holdings Inc,Healthcare,Biotechnology,USA,168130000.0,,2.11,1.44%,726149.0,0,0,0,0,0,0,0,0,1,0,0,0,0,0,0,0,0,0,0,0,0,0,0,0,0,0,0,0,1,0,1
NTY,Century Casinos Inc,Consumer Cyclical,Resorts & Casinos,USA,24140000.0,,0.86,0.26%,169258.0,0,0,0,0,0,0,0,0,1,0,0,0,0,0,0,0,0,0,0,0,0,0,0,0,0,0,0,0,1,0,1
NVS,Cineverse Corp,Communication Services,Entertainment,USA,45400000.0,,1.91,-1.04%,63232.0,0,0,0,0,0,0,0,0,0,0,0,0,-1,0,0,0,0,0,0,0,1,0,0,0,0,0,0,0,1,1,2
NX,CNX Resources Corp,Energy,Oil & Gas E&P,USA,5030000000.0,5.69,34.03,0.59%,1856682.0,0,0,0,0,0,0,0,0,1,1,0,0,0,0,0,0,0,0,0,0,0,0,0,0,0,0,0,0,2,0,2
OAL,Range Global Coal Index ETF,Financial,Exchange Traded Fund,USA,,,25.0,2.12%,38398.0,0,0,0,0,0,0,0,0,0,0,0,0,0,0,0,0,0,0,0,0,1,0,0,0,0,0,0,0,1,0,1
OCH,Envoy Medical Inc,Healthcare,Medical Devices,USA,50910000.0,,0.66,0.03%,34806.0,0,0,0,0,0,0,0,0,0,0,0,0,0,0,0,0,0,1,0,0,0,0,0,0,0,0,0,0,1,0,1
OCP,Cocrystal Pharma Inc,Healthcare,Biotechnology,USA,20610000.0,,1.07,0.00%,4038.0,0,0,0,0,0,0,0,0,0,0,0,0,-1,0,0,0,0,0,0,0,0,0,0,0,0,0,0,0,0,1,1
OE,51 Talk Online Education Group ADR,Consumer Defensive,Education & Training Services,Singapore,52060000.0,,12.22,13.25%,27763.0,0,0,0,0,0,0,0,0,1,0,0,0,0,0,0,0,0,0,0,0,0,0,0,0,0,0,0,0,1,0,1
OHR,Coherent Corp,Technology,Scientific & Technical Instruments,USA,61220000000.0,76.02,312.62,3.40%,8111683.0,0,0,0,0,0,0,0,0,0,0,0,0,-1,0,0,0,0,0,0,0,0,0,0,0,0,0,0,0,0,1,1
OHU,Cohu Inc,Technology,Semiconductor Equipment & Materials,USA,3230000000.0,,68.19,-0.26%,667263.0,0,0,0,0,0,0,0,0,0,0,0,0,0,0,0,0,0,0,0,0,0,0,-1,0,0,0,0,0,0,1,1
OIA,ProShares Ultra COIN,Financial,Exchange Traded Fund,USA,,,7.89,8.08%,99343.0,0,0,0,-1,0,0,0,0,0,0,0,0,0,0,0,0,0,0,0,0,0,0,0,0,0,0,0,0,0,1,1
OIG,Leverage Shares 2X Long COIN Daily ETF,Financial,Exchange Traded Fund,USA,,,5.2,9.47%,171653.0,0,0,0,0,0,0,0,0,0,0,0,0,-1,0,0,0,0,0,0,0,0,0,0,0,0,0,0,0,0,1,1
OIN,Coinbase Global Inc,Financial,Financial Data & Stock Exchanges,USA,47330000000.0,,179.39,4.30%,12352203.0,0,0,0,0,0,0,0,0,0,0,0,0,0,0,0,0,0,0,0,0,1,0,0,0,0,0,0,0,1,0,1
OIW,Roundhill COIN WeeklyPay ETF,Financial,Exchange Traded Fund,USA,,,8.3,4.80%,218094.0,0,0,0,-1,0,0,0,0,1,0,0,0,0,0,0,0,0,0,0,0,0,0,0,0,0,0,0,0,1,1,2
OIX,Corgi COIN 2x Daily ETF,Financial,Exchange Traded Fund,USA,,,33.43,8.67%,611.0,0,0,0,0,0,0,0,-1,0,0,0,0,0,0,0,0,0,0,0,0,0,0,0,0,0,0,0,0,0,1,1
OLD,Americold Realty Trust Inc,Real Estate,REIT - Industrial,USA,3990000000.0,,13.99,1.30%,1804092.0,0,0,0,0,0,0,0,0,0,0,0,0,-1,-1,0,0,0,0,0,0,0,0,0,0,0,0,0,0,0,2,2
OLM,Columbia Sportswear Co,Consumer Cyclical,Apparel Manufacturing,USA,2920000000.0,14.79,57.04,0.49%,595066.0,0,0,0,0,0,0,0,0,1,0,0,0,0,0,0,0,0,0,0,0,0,0,0,0,0,0,0,0,1,0,1
ON,Concentra Group Holdings Parent Inc,Healthcare,Medical Care Facilities,USA,4740000000.0,24.45,37.19,1.58%,1064095.0,0,0,0,0,0,0,0,-1,0,0,1,0,0,0,0,0,0,0,0,0,0,0,0,0,0,0,0,0,1,1,2
ONI,GraniteShares 2x Short COIN Daily ETF,Financial,Exchange Traded Fund,USA,,,25.47,-8.48%,509203.0,0,0,0,0,0,1,0,0,1,1,0,0,0,0,0,0,0,0,0,0,0,0,0,0,0,0,0,0,3,0,3
ONY,YieldMax COIN Option Income Strategy ETF,Financial,Exchange Traded Fund,USA,,,19.04,3.87%,560815.0,0,0,0,-1,0,0,0,0,0,0,0,0,0,0,0,0,0,0,0,0,0,0,0,0,0,0,0,0,0,1,1
OPL,Copley Acquisition Corp,Financial,Shell Companies,Hong Kong,188210000.0,323.24,10.57,0.00%,8.0,0,0,0,0,0,0,0,0,0,0,0,0,0,0,0,1,0,0,0,0,0,0,0,0,0,0,0,0,1,0,1
OPZ,Defiance Daily Target 2X Long Copper Miners ETF,Financial,Exchange Traded Fund,USA,,,15.57,8.38%,6739.0,0,0,0,0,0,0,0,0,0,0,0,0,0,0,0,0,0,0,0,0,1,0,0,0,0,0,0,0,1,0,1
ORD,T-REX 2X Inverse CRWV Daily Target ETF,Financial,Exchange Traded Fund,USA,,,3.19,-1.39%,8721641.0,0,1,0,0,0,0,0,0,0,0,0,0,0,0,0,0,0,0,0,0,0,0,0,0,0,0,0,0,1,0,1
ORO,iShares International Country Rotation Active ETF,Financial,Exchange Traded Fund,USA,,,36.17,0.61%,3111060.0,0,1,0,0,0,0,0,0,0,0,1,0,0,0,0,0,0,0,0,0,1,0,-1,0,0,0,0,0,3,1,4
ORT,Corcept Therapeutics Inc,Healthcare,Biotechnology,USA,13100000000.0,289.44,121.19,2.24%,624208.0,0,0,0,0,0,0,0,0,0,0,0,0,0,0,0,0,0,0,0,0,0,0,-1,0,0,0,0,0,0,1,1
ORZ,Core Scientific Inc,Technology,Software - Infrastructure,USA,4950000000.0,,15.41,0.33%,6981493.0,0,0,0,0,0,0,0,0,1,0,0,0,0,0,0,0,0,0,0,0,0,0,0,0,0,0,0,0,1,0,1
OSO,CoastalSouth Bancshares Inc,Financial,Banks - Regional,USA,318820000.0,12.01,26.67,-0.86%,61691.0,0,0,0,0,0,0,0,0,0,0,0,0,0,0,0,0,0,0,0,0,0,0,-1,0,0,0,0,0,0,1,1
OST,Costco Wholesale Corp,Consumer Defensive,Discount Stores,USA,419610000000.0,45.61,946.92,-0.11%,1503095.0,0,1,0,0,0,1,0,0,1,1,0,0,0,0,0,0,0,0,0,0,0,0,0,0,0,0,0,0,4,0,4
OSW,Roundhill COST WeeklyPay ETF,Financial,Exchange Traded Fund,USA,,,38.07,-0.13%,1316.0,0,0,0,0,0,0,0,0,1,0,0,0,0,0,0,0,0,0,0,0,0,0,0,0,0,0,0,0,1,0,1
OTG,Leverage Shares 2X Long COST Daily ETF,Financial,Exchange Traded Fund,USA,,,12.49,-0.45%,52281.0,0,0,0,0,0,1,0,0,0,0,0,0,0,0,0,0,0,0,0,0,0,0,0,0,0,0,0,0,1,0,1
OWG,Pacer US Large Cap Cash Cows Growth Leaders ETF,Financial,Exchange Traded Fund,USA,,,41.57,1.67%,157557.0,0,0,0,0,0,0,0,-1,0,0,0,0,0,0,0,0,0,0,0,0,0,0,0,0,0,0,0,0,0,1,1
OYA,Coya Therapeutics Inc,Healthcare,Biotechnology,USA,116110000.0,,4.95,-0.80%,151829.0,0,0,0,0,0,0,0,0,0,0,0,0,-1,0,0,0,0,0,0,0,0,0,0,0,0,0,0,0,0,1,1
P,Canadian Pacific Kansas City Limited,Industrials,Railroads,Canada,74250000000.0,27.12,84.46,0.13%,1478562.0,0,0,0,0,0,0,0,0,0,0,0,0,0,0,0,0,0,1,0,0,0,0,0,0,0,0,0,0,1,0,1
PA,Copa Holdings SA,Industrials,Airlines,Panama,5520000000.0,8.82,134.23,-0.22%,287507.0,0,0,0,0,0,0,0,0,0,0,0,0,0,0,0,1,0,0,0,0,0,0,0,0,0,0,0,0,1,0,1
PAC,Cementos Pacasmayo SAA ADR,Basic Materials,Building Materials,Peru,1040000000.0,17.03,12.27,0.16%,16778.0,0,0,0,0,0,0,0,0,0,0,0,0,0,0,0,0,0,0,0,0,0,0,-1,0,0,0,0,0,0,1,1
PER,United States Commodity Index Funds Trust,Financial,Exchange Traded Fund,USA,,,40.31,2.15%,414840.0,0,1,0,-1,0,0,0,0,0,0,1,0,0,0,0,0,0,0,0,0,0,0,0,0,0,0,0,0,2,1,3
PHC,Canterbury Park Holding Corp,Consumer Cyclical,Resorts & Casinos,USA,81380000.0,665.25,15.7,-0.39%,799.0,0,0,0,0,0,0,0,0,1,0,0,0,0,0,0,0,0,0,0,0,0,0,0,0,0,0,0,0,1,0,1
PHY,F/m Compoundr High Yield Bond ETF,Financial,Exchange Traded Fund,USA,,,50.81,0.11%,284.0,0,0,0,0,0,0,0,0,0,0,0,0,0,0,0,0,0,0,0,0,0,0,0,1,0,0,0,0,1,0,1
PII,American Beacon Ionic Inflation Protection ETF,Financial,Exchange Traded Fund,USA,,,19.09,-0.18%,833.0,0,0,0,0,0,0,0,0,1,0,0,0,0,0,0,0,0,0,0,0,0,0,0,0,0,0,0,0,1,0,1
PIX,Cumberland Pharmaceuticals Inc,Healthcare,Drug Manufacturers - Specialty & Generic,USA,105330000.0,,7.03,0.72%,30400.0,0,0,0,0,0,1,0,0,0,0,0,0,0,0,0,0,0,0,0,0,0,0,0,0,0,0,0,0,1,0,1
PK,Chesapeake Utilities Corp,Utilities,Utilities - Regulated Gas,USA,3080000000.0,20.38,127.75,-0.32%,70556.0,0,0,0,0,0,0,0,0,0,0,0,0,0,0,0,0,0,0,0,0,1,0,0,0,0,0,0,0,1,0,1
PNG,Coupang Inc,Consumer Cyclical,Internet Retail,USA,28440000000.0,,15.82,2.66%,17706302.0,0,0,0,0,0,1,0,0,1,1,0,0,0,0,0,0,0,0,0,0,0,0,0,0,0,0,0,0,3,0,3
PNJ,Calamos Nasdaq - 100 Structured Alt Protection ETF -June,Financial,Exchange Traded Fund,USA,,,27.96,0.23%,1940.0,0,0,0,0,0,0,0,0,0,0,1,0,0,0,0,0,0,0,0,0,0,0,0,0,0,0,0,0,1,0,1
PNX,Tradr 2X Long CPNG Daily ETF,Financial,Exchange Traded Fund,USA,,,12.39,5.46%,12528.0,0,0,0,0,0,0,0,0,1,0,0,0,0,0,0,0,0,0,0,0,0,0,0,0,0,0,0,0,1,0,1
PRI,Capri Holdings Ltd,Consumer Cyclical,Luxury Goods,United Kingdom,1700000000.0,16.32,14.95,1.84%,2006257.0,0,0,0,0,0,0,0,0,1,0,0,0,0,0,0,0,0,0,0,0,0,0,0,0,0,0,0,0,1,0,1
PRT,Copart Inc,Industrials,Specialty Business Services,USA,25310000000.0,17.61,27.32,-0.58%,7282344.0,0,0,0,0,0,0,0,0,0,0,1,0,0,0,0,0,0,0,0,0,0,0,0,0,0,0,0,0,1,0,1
PRY,Calamos Russell 2000 Structured Alt Protection ETF January,Financial,Exchange Traded Fund,USA,,,28.27,0.10%,1403.0,0,0,0,0,0,0,0,0,0,0,1,0,0,0,0,0,0,0,0,0,0,0,0,0,-1,0,0,0,1,1,2
PS,Cooper-Standard Holdings Inc,Consumer Cyclical,Auto Parts,USA,373150000.0,,21.0,-3.09%,293706.0,0,0,0,0,0,0,0,0,1,0,0,0,0,0,0,0,0,0,0,0,0,0,0,0,0,0,0,0,1,0,1
PSJ,Calamos S&P 500 Structured Alt Protection ETF July,Financial,Exchange Traded Fund,USA,,,28.09,0.09%,114.0,0,0,0,0,0,0,0,0,0,0,1,0,0,0,0,0,0,0,0,0,0,0,0,0,0,0,0,0,1,0,1
PSR,Calamos S&P 500 Structured Alt Protection ETF - March,Financial,Exchange Traded Fund,USA,,,26.28,0.12%,214.0,0,0,0,0,0,0,0,-1,0,0,0,0,0,0,0,0,0,0,0,0,0,0,0,0,0,0,0,0,0,1,1
PSS,Consumer Portfolio Service Inc,Financial,Credit Services,USA,205470000.0,10.28,9.38,-0.42%,16699.0,0,0,0,0,0,0,0,0,1,0,1,0,0,0,0,0,0,0,0,0,0,0,0,0,0,0,0,0,2,0,2
PST,Calamos S&P 500 Structured Alt Protection ETF September,Financial,Exchange Traded Fund,USA,,,28.25,0.12%,1134.0,0,0,0,0,0,0,0,-1,0,0,0,0,0,0,0,0,0,0,0,0,0,0,0,0,0,0,0,0,0,1,1
PXR,USCF Daily Target 2X Copper Index ETF,Financial,Exchange Traded Fund,USA,,,32.42,4.18%,7827.0,0,1,0,-1,0,0,0,0,0,0,1,0,0,0,0,0,0,0,0,0,0,0,0,0,0,0,0,0,2,1,3
RAC,Crown Reserve Acquisition Corp I,Financial,Shell Companies,Cayman Islands,229440000.0,83.05,10.24,-0.12%,129.0,0,0,0,0,0,0,0,0,0,0,0,0,0,0,0,0,0,1,0,0,0,0,0,0,0,0,0,0,1,0,1
RAI,CRA International Inc,Industrials,Consulting Services,USA,1110000000.0,23.54,176.73,-0.47%,114704.0,0,1,0,0,0,0,0,0,0,0,0,0,0,0,0,0,0,0,0,0,0,0,0,0,0,0,0,0,1,0,1
RBN,iShares Low Carbon Optimized MSCI ACWI ETF,Financial,Exchange Traded Fund,USA,,,258.69,0.70%,3770.0,0,0,0,0,0,0,0,0,0,0,1,0,0,0,0,0,0,0,0,0,0,0,0,0,-1,0,0,0,1,1,2
RBU,Caribou Biosciences Inc,Healthcare,Biotechnology,USA,49340000.0,,0.46,-4.36%,9738162.0,0,0,0,0,0,0,0,0,1,0,0,0,0,0,0,0,0,0,0,0,0,0,0,0,0,0,0,0,1,0,1
RC,California Resources Corp,Energy,Oil & Gas E&P,USA,4700000000.0,,52.96,-0.17%,686909.0,0,0,0,0,0,0,0,0,1,0,0,0,0,0,0,0,0,0,0,0,0,0,0,0,0,0,0,0,1,0,1
RCA,ProShares Ultra CRCL,Financial,Exchange Traded Fund,USA,,,18.22,8.91%,571669.0,0,0,0,0,0,0,0,0,1,0,0,0,-1,0,0,0,0,0,0,0,0,0,0,0,0,0,0,0,1,1,2
RCG,Leverage Shares 2X Long CRCL Daily ETF,Financial,Exchange Traded Fund,USA,,,12.4,8.68%,3553745.0,0,0,0,0,0,0,0,0,0,0,0,0,-1,0,0,0,0,0,0,0,0,0,0,0,0,0,0,0,0,1,1
RCO,YieldMax CRCL Option Income Strategy ETF,Financial,Exchange Traded Fund,USA,,,13.12,2.02%,84684.0,0,0,0,0,0,0,0,0,1,0,0,0,0,0,0,0,0,0,0,0,0,0,0,0,0,0,0,0,1,0,1
RDU,Tradr 2X Long CRDO Daily ETF,Financial,Exchange Traded Fund,USA,,,10.97,3.88%,3691855.0,0,0,0,0,0,0,0,0,1,0,0,0,0,0,0,0,0,0,0,0,0,0,0,0,0,0,0,0,1,0,1
RE,Cre8 Enterprise Ltd,Industrials,Specialty Business Services,Hong Kong,5760000.0,7.64,2.86,-4.67%,40598.0,0,1,0,0,0,1,0,0,0,0,0,0,0,0,0,0,0,0,0,0,0,0,0,0,0,0,0,0,2,0,2
RESY,Cresud ADR,Industrials,Conglomerates,Argentina,810020000.0,6.43,11.42,-1.38%,106754.0,0,0,0,0,0,1,0,0,0,0,1,0,0,0,0,0,0,0,0,0,0,0,0,0,0,0,0,0,2,0,2
RF,Cornerstone Total Return Fund,Financial,Closed-End Fund - Equity,USA,1050000000.0,,6.22,0.81%,1033010.0,0,0,0,-1,0,0,0,0,0,0,0,0,0,0,0,1,0,0,0,0,0,0,0,0,0,0,0,0,1,1,2
RGO,Freightos Ltd,Technology,Software - Application,Israel,43760000.0,,0.84,1.23%,18971.0,0,0,0,0,0,0,0,0,0,0,0,0,-1,-1,0,0,0,0,0,0,0,0,0,0,0,0,0,0,0,2,2
RH,CRH Plc,Basic Materials,Building Materials,USA,54250000000.0,14.38,81.54,-0.42%,2638394.0,0,0,0,0,0,0,0,0,1,1,0,0,0,0,0,0,0,0,0,0,0,0,0,0,0,0,0,0,2,0,2
RIS,Curis Inc,Healthcare,Biotechnology,USA,1400000.0,,0.67,-5.38%,95923.0,0,0,0,0,0,0,0,0,1,0,0,0,0,0,0,0,0,0,0,0,0,0,0,0,0,0,0,0,1,0,1
RK,Comstock Resources Inc,Energy,Oil & Gas E&P,USA,4030000000.0000005,7.96,13.71,0.00%,1643685.0,0,0,0,0,0,0,0,0,0,0,0,0,-1,0,0,0,0,0,0,0,0,0,0,0,0,1,0,0,1,1,2
RMU,Leverage Shares 2x Long CRML Daily ETF,Financial,Exchange Traded Fund,USA,,,1.76,-0.56%,350277.0,0,0,0,0,0,0,0,0,1,0,0,0,0,0,0,0,0,0,0,0,0,0,0,0,0,0,0,0,1,0,1
RPT,First Trust SkyBridge Crypto Industry and Digital Economy ETF,Financial,Exchange Traded Fund,USA,,,14.96,1.77%,93254.0,0,0,0,0,0,0,0,0,0,0,0,0,0,0,0,0,0,0,0,0,1,0,0,0,0,0,0,0,1,0,1
RSH,YieldMax Short TSLA Option Income Strategy ETF,Financial,Exchange Traded Fund,USA,,,18.44,-2.11%,8897.0,0,0,0,0,0,0,0,0,1,0,0,0,0,0,0,0,0,0,0,0,0,0,0,0,0,0,0,0,1,0,1
RTC,Xtrackers US National Critical Technologies ETF,Financial,Exchange Traded Fund,USA,,,42.17,0.81%,12469.0,0,0,0,-1,0,0,0,-1,0,0,0,0,0,0,0,0,0,0,0,0,0,0,0,0,0,0,0,0,0,2,2
RUS,Cirrus Logic Inc,Technology,Semiconductors,USA,5360000000.0,13.08,106.87,-5.59%,1213136.0,0,0,0,0,0,0,0,0,1,0,0,0,0,0,0,0,0,0,0,0,0,0,0,0,0,0,0,0,1,0,1
RUX,Columbia Core Bond ETF,Financial,Exchange Traded Fund,USA,,,28.58,0.00%,182354.0,0,1,0,0,0,0,0,0,0,0,0,0,0,0,0,0,0,0,0,0,0,0,0,0,0,0,0,0,1,0,1
RVO,CervoMed Inc,Healthcare,Biotechnology,USA,48680000.0,,3.22,-1.83%,237328.0,0,0,0,0,0,0,0,0,0,0,0,0,-1,0,0,0,0,0,0,0,0,0,0,0,0,1,0,0,1,1,2
RWS,Crown Crafts Inc,Consumer Cyclical,"Furnishings, Fixtures & Appliances",USA,25720000.0,5.11,2.39,-1.65%,11961.0,0,0,0,0,0,0,0,0,0,0,0,0,-1,0,0,0,0,0,0,0,0,0,0,0,0,0,0,0,0,1,1
RWU,T-REX 2X Long CRWV Daily Target ETF,Financial,Exchange Traded Fund,USA,,,30.89,1.18%,58952.0,0,0,0,0,0,0,0,0,1,0,0,0,0,0,0,0,0,0,0,0,0,0,0,0,0,0,0,0,1,0,1
RWV,CoreWeave Inc,Technology,Software - Infrastructure,USA,45270000000.0,,82.08,0.61%,20011447.0,0,0,0,0,0,0,0,0,1,0,0,0,0,0,0,0,0,0,0,0,0,0,0,0,0,0,0,0,1,0,1
SAI,Cloudastructure Inc,Technology,Software - Infrastructure,USA,2260000.0,,2.59,0.39%,13305.0,0,0,0,-1,0,0,0,0,0,0,0,0,0,0,0,0,0,0,0,-1,0,0,0,0,0,0,0,0,0,2,2
SBR,Champions Oncology Inc,Healthcare,Biotechnology,USA,67360000.0,,4.84,-2.81%,1866.0,0,0,0,0,0,0,0,0,1,0,0,0,0,0,0,0,0,0,0,0,0,0,0,0,0,0,0,0,1,0,1
SCS,Direxion Daily CSCO Bear 1X ETF,Financial,Exchange Traded Fund,USA,,,12.72,-3.06%,4585.0,0,0,0,0,0,0,0,0,0,0,0,0,0,0,0,0,0,0,0,0,1,0,0,1,0,0,0,0,2,0,2
SD,Invesco S&P Spin-Off ETF,Financial,Exchange Traded Fund,USA,,,128.84,0.55%,3120.0,0,0,0,0,0,0,0,0,1,0,0,0,0,0,0,0,0,0,0,0,0,0,0,0,0,0,0,0,1,0,1
SGP,Costar Group Inc,Real Estate,Real Estate Services,USA,12020000000.0,163.29,29.67,-0.47%,4093598.0,0,0,0,0,0,0,0,0,0,0,0,0,0,0,0,0,0,0,0,0,0,0,0,0,0,1,0,0,1,0,1
SHI,NEOS Enhanced Income 1-3 Month T-Bill ETF,Financial,Exchange Traded Fund,USA,,,49.8,0.06%,1064263.0,0,1,0,0,0,1,0,0,0,0,0,0,-1,-1,0,0,0,0,0,0,0,0,0,0,0,0,0,0,2,2,4
SHR,CoinShares Plc,Financial,Capital Markets,United Kingdom,615500000.0,24.74,4.67,0.86%,169748.0,0,0,0,-1,0,0,0,0,0,0,0,0,0,0,0,1,0,0,0,0,0,0,0,0,0,0,0,0,1,1,2
SIQ,Canadian Solar Inc,Technology,Solar,Canada,772660000.0,,11.38,3.31%,1593045.0,0,0,0,0,0,0,0,0,1,0,0,0,0,0,0,0,0,0,0,0,0,0,0,0,0,0,0,0,1,0,1
SL,Carlisle Companies Inc,Industrials,Building Products & Equipment,USA,12720000000.0,18.26,320.36,-0.28%,337039.0,0,1,0,0,0,1,0,0,1,0,0,0,0,0,0,0,0,0,0,0,0,0,0,0,0,0,0,0,3,0,3
SPI,CSP Inc,Technology,Information Technology Services,USA,74190000.0,,7.36,-0.94%,3546.0,0,0,0,-1,0,0,0,0,0,0,0,0,0,0,0,0,0,0,0,0,0,0,0,0,0,0,0,0,0,1,1
SQ,Calamos Strategic Total Return Fund,Financial,Closed-End Fund - Debt,USA,3290000000.0,,20.67,1.17%,185817.0,0,0,0,-1,0,0,0,0,0,0,0,0,0,0,0,0,0,0,0,0,0,0,0,0,0,0,0,0,0,1,1
SR,Centerspace,Real Estate,REIT - Residential,USA,987940000.0,70.84,55.88,1.77%,330674.0,0,0,0,0,0,0,0,0,1,0,0,0,0,0,0,0,0,0,0,0,0,0,0,0,0,0,0,0,1,0,1
STM,Constellium SE,Basic Materials,Aluminum,France,3500000000.0,6.64,25.81,0.82%,1284469.0,0,0,0,0,0,0,0,0,1,0,0,0,0,0,0,0,0,0,0,0,0,0,0,0,0,0,0,0,1,0,1
SV,Carriage Services Inc,Consumer Cyclical,Personal Services,USA,535070000.00000006,12.06,33.69,-0.12%,277396.0,0,0,0,0,0,0,0,0,1,1,0,0,0,0,0,0,0,0,0,0,0,0,0,0,0,0,0,0,2,0,2
TAA,ClearThink 1 Acquisition Corp,Financial,Shell Companies,USA,169850000.0,,9.99,0.10%,230471.0,0,0,0,0,0,0,0,0,0,0,1,0,0,0,0,0,0,0,0,0,0,0,-1,0,0,0,0,0,1,1,2
TAP,Simplify US Equity PLUS Managed Futures Strategy ETF,Financial,Exchange Traded Fund,USA,,,30.33,-0.43%,8584.0,0,0,0,0,0,0,0,0,0,0,0,0,-1,0,0,0,0,0,0,0,0,0,0,0,0,0,0,0,0,1,1
TEX,ProShares S&P Kensho Cleantech ETF,Financial,Exchange Traded Fund,USA,,,30.62,0.50%,28.0,0,0,0,0,0,1,0,0,0,0,0,0,0,0,0,0,0,0,0,0,0,0,0,0,0,0,0,0,1,0,1
TGO,Contango Silver & Gold Inc,Basic Materials,Gold,USA,559460000.0,,16.73,2.76%,244740.0,0,0,0,-1,0,0,0,0,1,1,0,0,0,0,0,0,0,0,0,0,0,0,0,0,0,0,0,0,2,1,3
TJN,Corgi U.S. Equities 30% Structured Buffer ETF - June Series,Financial,Exchange Traded Fund,USA,,,25.6,0.43%,2507.0,0,0,0,0,0,0,0,0,0,0,0,0,0,0,0,0,0,0,0,0,0,0,0,1,0,0,0,0,1,0,1
TM,Castellum Inc,Technology,Information Technology Services,USA,59010000.0,,0.62,1.73%,320130.0,0,0,0,0,0,0,0,0,0,0,0,0,-1,0,0,0,0,0,0,0,0,0,0,0,0,0,0,0,0,1,1
TMA,Corgi U.S. Equities 30% Structured Buffer ETF - May Series,Financial,Exchange Traded Fund,USA,,,25.99,0.26%,6.0,0,0,0,0,0,0,0,-1,0,0,0,0,0,0,0,0,0,0,0,0,0,0,0,0,0,0,0,0,0,1,1
TNM,Contineum Therapeutics Inc,Healthcare,Biotechnology,USA,503370000.0,,13.38,1.52%,885591.0,0,0,0,0,0,0,0,0,0,0,0,0,0,0,0,0,0,0,0,0,0,0,0,1,0,0,0,0,1,0,1
TOS,Custom Truck One Source Inc,Industrials,Rental & Leasing Services,USA,2100000000.0,98.51,9.25,-1.28%,1212665.0,0,0,0,0,0,0,0,0,1,0,0,0,0,0,0,0,0,0,0,0,0,0,0,0,0,0,0,0,1,0,1
TRI,Centuri Holdings Inc,Utilities,Utilities - Regulated Gas,USA,2109999999.9999998,67.88,20.9,0.43%,1198171.0,0,1,0,0,0,0,0,0,0,0,0,0,0,0,0,0,0,0,0,0,0,0,0,0,0,0,0,0,1,0,1
TSO,Cytosorbents Corp,Healthcare,Medical Devices,USA,11940000.0,,3.79,1.61%,6233.0,0,0,0,0,0,0,0,0,1,0,0,0,0,0,0,0,0,0,0,0,0,0,0,0,0,0,0,0,1,0,1
TVA,Corteva Inc,Basic Materials,Agricultural Inputs,USA,8840000000.0,8.75,13.24,-3.71%,30725117.0,0,0,0,0,0,1,0,0,0,0,0,0,0,0,0,0,0,0,0,0,0,0,0,0,0,0,0,0,1,0,1
TXR,Citius Pharmaceuticals Inc,Healthcare,Biotechnology,USA,13710000.0,,0.5,2.19%,144279.0,0,0,0,0,0,1,0,0,0,0,0,0,0,0,0,0,0,0,0,0,0,0,0,0,0,0,0,0,1,0,1
UE,Cue Biopharma Inc,Healthcare,Biotechnology,USA,200930000.0,,27.66,23.87%,394674.0,0,0,0,0,0,0,0,0,0,0,1,0,0,0,0,0,0,0,0,0,0,0,-1,0,0,0,0,0,1,1,2
ULP,Culp Inc,Consumer Cyclical,Textile Manufacturing,USA,46740000.0,,3.67,1.10%,30550.0,0,0,0,0,0,0,0,0,0,0,0,0,0,0,0,0,0,1,0,0,0,0,0,0,0,0,0,0,1,0,1
UPR,Cuprina Holdings (Cayman) Ltd,Healthcare,Medical Instruments & Supplies,Singapore,9950000.0,,1.69,-11.05%,76065.0,0,0,0,0,0,1,0,0,0,0,0,0,0,0,0,0,0,0,0,0,0,0,0,0,0,0,0,0,1,0,1
URR,Currenc Group Inc,Technology,Software - Application,Singapore,305410000.0,,2.72,-1.81%,32013.0,0,0,0,0,0,0,0,0,0,0,0,0,0,0,0,1,0,0,0,0,0,0,0,0,0,0,0,0,1,0,1
URX,Curanex Pharmaceuticals Inc,Healthcare,Biotechnology,USA,8320000.0,,5.31,11.55%,17094.0,0,0,0,0,0,0,0,0,1,0,0,0,0,0,0,0,0,0,0,0,0,0,0,0,0,0,0,0,1,0,1
V,CapsoVision Inc,Healthcare,Medical Devices,USA,350650000.0,,6.59,-0.45%,57969.0,0,0,0,-1,0,0,0,0,0,0,0,0,0,0,0,1,0,0,0,0,0,0,0,0,0,0,0,0,1,1,2
VEO,Civeo Corp,Consumer Cyclical,Lodging,USA,332020000.0,,32.12,0.69%,61384.0,0,1,0,-1,0,0,0,0,0,0,0,0,0,0,0,1,0,0,0,0,0,0,0,0,0,0,0,0,2,1,3
VIE,Calvert International Responsible Index ETF,Financial,Exchange Traded Fund,USA,,,82.62,0.75%,17613.0,0,0,0,0,0,0,0,0,0,0,1,0,0,0,0,0,0,0,0,0,0,0,0,0,-1,0,0,0,1,1,2
VNY,YieldMax CVNA Option Income Strategy ETF,Financial,Exchange Traded Fund,USA,,,17.54,-0.15%,24903.0,0,0,0,0,0,0,0,0,1,0,0,0,0,0,0,0,0,0,0,0,0,0,0,0,0,0,0,0,1,0,1
VR,Chicago Rivet & Machine Co,Industrials,Tools & Accessories,USA,10820000.0,,11.2,-3.24%,5350.0,0,0,0,0,0,0,0,0,0,0,0,0,-1,0,0,0,0,0,0,0,0,0,0,0,0,0,0,0,0,1,1
VRD,Madison Covered Call ETF,Financial,Exchange Traded Fund,USA,,,18.22,0.05%,147.0,0,0,0,0,0,0,0,0,0,0,1,0,0,0,0,0,0,0,0,0,1,0,0,0,0,0,0,0,2,0,2
VRT,Calamos Convertible Equity Alternative ETF,Financial,Exchange Traded Fund,USA,,,47.06,1.71%,1205.0,0,0,0,0,0,0,0,0,1,1,0,0,0,0,0,0,0,0,0,0,0,0,0,0,0,0,0,0,2,0,2
VSA,Covista Inc,Consumer Defensive,Education & Training Services,USA,4380000000.0,19.74,129.38,-0.70%,195908.0,0,0,0,-1,0,0,0,0,0,0,0,0,0,0,0,0,0,0,0,0,0,0,0,0,0,0,0,0,0,1,1
VU,CPI Aerostructures Inc,Industrials,Aerospace & Defense,USA,68100000.0,17.9,5.14,0.78%,10540.0,0,0,0,0,0,0,0,-1,0,0,0,0,0,0,0,0,0,0,0,0,0,0,0,0,0,0,0,0,0,1,1
VX,Chevron Corp,Energy,Oil & Gas Integrated,USA,418820000000.0,20.32,211.98,0.20%,6300429.0,0,0,0,0,0,0,0,0,0,0,1,0,0,0,0,0,0,0,0,0,0,0,0,0,0,0,0,0,1,0,1
WCO,Consolidated Water Co Ltd,Utilities,Utilities - Regulated Water,Cayman Islands,489670000.0,30.44,30.58,0.84%,104785.0,0,0,0,0,0,0,0,0,1,1,0,0,0,0,0,0,0,0,0,0,0,0,0,0,0,0,0,0,2,0,2
WD,CaliberCos Inc,Financial,Asset Management,USA,5330000.0,,0.51,6.87%,115502.0,0,0,0,0,0,0,0,0,1,0,0,0,0,0,0,0,0,0,0,0,0,0,0,0,0,0,0,0,1,0,1
WEB,Direxion Daily CSI China Internet Index Bull 2X ETF,Financial,Exchange Traded Fund,USA,,,18.91,7.63%,1305688.0,0,0,0,0,0,0,0,0,0,0,0,0,-1,0,0,0,0,0,0,0,0,0,0,1,0,0,0,0,1,1,2
WEN,Clearway Energy Inc,Utilities,Utilities - Renewable,USA,6200000000.0,38.19,30.19,0.80%,961061.0,0,0,0,0,0,0,0,0,1,0,0,0,0,0,0,0,0,0,0,0,0,0,0,0,0,0,0,0,1,0,1
WI,State Street SPDR MSCI ACWI ex-US ETF,Financial,Exchange Traded Fund,USA,,,40.28,0.93%,210617.0,0,0,0,-1,0,0,0,-1,0,0,0,0,0,0,0,0,0,1,0,0,0,0,0,0,0,0,0,0,1,2,3
WVX,Tradr 2X Long CRWV Daily ETF,Financial,Exchange Traded Fund,USA,,,13.32,1.52%,1110558.0,0,0,0,0,0,0,0,0,1,0,0,0,0,0,0,0,0,0,0,0,0,0,0,0,0,0,0,0,1,0,1
XII,Churchill Capital Corp XII,Financial,Shell Companies,USA,586060000.0,,10.55,-0.33%,76678.0,0,1,0,0,0,0,0,0,0,0,0,0,0,0,0,0,0,0,0,0,0,0,0,0,0,0,0,0,1,0,1
XM,Sprinklr Inc,Technology,Software - Application,USA,1280000000.0,58.66,5.52,1.85%,2720010.0,0,0,0,0,0,0,0,0,0,0,0,0,0,0,0,0,0,0,0,0,0,0,0,1,0,0,0,0,1,0,1
XSE,WisdomTree China ex-State-Owned Enterprises Fund,Financial,Exchange Traded Fund,USA,,,34.94,2.24%,19053.0,0,0,0,0,0,0,0,0,1,0,0,0,0,0,0,0,0,0,0,0,0,0,0,0,0,0,0,0,1,0,1
YRX,CryoPort Inc,Industrials,Integrated Freight & Logistics,USA,878760000.0,,17.35,2.66%,479870.0,0,1,0,0,0,0,0,0,0,0,0,0,0,0,0,0,0,1,0,0,0,0,0,0,0,0,0,0,2,0,2
ZWI,Citizens Community Bancorp Inc MD,Financial,Banks - Regional,USA,203620000.0,16.04,21.1,-1.45%,38915.0,0,0,0,0,0,0,0,0,1,0,0,0,0,0,0,0,0,0,0,0,0,0,0,0,0,0,-1,0,1,1,2
ABS,DoubleLine Asset-Backed Securities ETF,Financial,Exchange Traded Fund,USA,,,49.67,0.02%,254439.0,0,0,0,0,0,0,0,0,1,0,0,0,0,0,0,0,0,0,0,0,0,0,0,0,0,0,0,0,1,0,1
ADS,Digital Asset Debt Strategy ETF,Financial,Exchange Traded Fund,USA,,,19.15,-0.15%,231.0,0,0,0,0,0,0,0,0,0,0,0,0,0,0,0,0,0,0,0,0,0,0,0,0,0,0,-1,0,0,1,1
AKT,Daktronics Inc,Technology,Electronic Components,USA,866150000.0,18.3,18.01,0.67%,434651.0,0,1,0,0,0,0,0,0,1,0,0,0,0,0,0,0,0,0,0,0,0,0,0,0,0,0,0,0,2,0,2
ANA,Dana Limited Volatility ETF,Financial,Exchange Traded Fund,USA,,,24.99,-0.07%,57648.0,0,0,0,0,0,1,0,0,1,1,0,0,0,0,0,0,0,0,0,-1,0,0,0,0,0,0,0,0,3,1,4
APR,FT Vest U.S. Equity Deep Buffer ETF - April,Financial,Exchange Traded Fund,USA,,,42.1,0.21%,5083.0,0,0,0,0,0,0,0,-1,0,0,0,0,0,0,0,0,0,0,0,0,0,0,0,0,0,0,0,0,0,1,1
AR,Darling Ingredients Inc,Consumer Defensive,Packaged Foods,USA,9510000000.0,16.19,60.26,-3.20%,2697406.0,0,0,0,-1,0,0,0,0,0,0,0,0,0,0,0,0,0,0,0,0,0,0,0,0,0,0,0,0,0,1,1
AVA,Endava plc ADR,Technology,Software - Infrastructure,United Kingdom,85750000.0,,2.01,2.03%,173002.0,0,0,0,0,0,0,0,0,0,0,0,0,0,0,0,0,0,0,0,-1,0,0,0,0,0,0,0,0,0,1,1
BAW,Xtrackers MSCI All World ex US Hedged Equity ETF,Financial,Exchange Traded Fund,USA,,,47.91,0.86%,30388.0,0,0,0,0,0,0,0,0,0,0,0,0,0,0,0,1,0,0,0,0,0,0,0,0,0,0,0,0,1,0,1
BB,Invesco DB Base Metals Fund,Financial,Exchange Traded Fund,USA,,,25.16,1.62%,63141.0,0,0,0,0,0,0,0,0,0,0,0,0,0,0,0,1,0,0,0,0,0,0,0,0,0,0,0,0,1,0,1
BI,Designer Brands Inc,Consumer Cyclical,Footwear & Accessories,USA,291410000.0,19.99,5.7,-1.55%,594367.0,0,0,0,0,0,0,0,0,0,0,0,0,-1,0,0,0,0,0,0,0,0,0,0,0,0,0,0,0,0,1,1
BJP,Xtrackers MSCI Japan Hedged Equity ETF,Financial,Exchange Traded Fund,USA,,,117.99,1.02%,18373.0,0,0,0,0,0,0,0,0,0,0,0,0,0,0,0,0,0,1,0,0,0,0,0,0,0,0,0,0,1,0,1
BL,DoubleLine Opportunistic Credit Fund,Financial,Closed-End Fund - Debt,USA,264750000.0,,13.39,0.83%,88608.0,0,1,0,-1,0,0,0,0,0,0,0,0,0,0,0,0,0,0,0,0,0,0,0,0,0,0,0,0,1,1,2
CH,Dauch Corp,Consumer Cyclical,Auto Parts,USA,1350000000.0,,5.67,-0.35%,1615731.0,0,0,0,0,0,0,0,0,0,0,0,0,-1,0,0,0,0,0,0,0,0,0,0,0,0,0,0,0,0,1,1
COY,Decoy Therapeutics Inc,Healthcare,Biotechnology,USA,3510000.0,,1.47,-3.29%,43772.0,0,0,0,0,0,0,0,0,1,0,0,0,0,0,0,0,0,0,0,0,0,0,0,0,0,0,0,0,1,0,1
CX,Digital Currency X Technology Inc,Consumer Cyclical,Auto Manufacturers,Cayman Islands,6400000.0,,2.73,-0.47%,24373.0,0,0,0,0,0,0,0,0,1,0,0,0,0,0,0,0,0,0,0,0,0,0,0,0,0,0,0,0,1,0,1
D,DuPont de Nemours Inc,Basic Materials,Specialty Chemicals,USA,17560000000.0,308.79,130.0,-1.87%,615215.0,0,0,0,0,0,0,0,0,0,0,0,0,-1,0,0,0,0,0,0,0,0,0,0,0,0,0,0,0,0,1,1
DD,3D Systems Corp,Technology,Computer Hardware,USA,561570000.0,,3.38,0.90%,3866432.0,0,0,0,0,0,0,0,0,0,0,1,0,0,0,0,0,0,0,0,0,0,0,0,0,-1,0,0,0,1,1,2
DEC,FT Vest U.S. Equity Deep Buffer ETF - December,Financial,Exchange Traded Fund,USA,,,49.0,0.39%,7944.0,0,0,0,-1,0,0,0,0,0,0,0,0,0,0,0,0,0,1,0,0,0,0,0,0,0,0,0,0,1,1,2
DFA,Innovator Equity Dual Directional 15 Buffer ETF - April,Financial,Exchange Traded Fund,USA,,,20.7,0.02%,57388.0,0,0,0,0,0,1,0,0,0,0,0,0,0,0,0,0,0,1,0,0,0,0,0,0,0,0,0,0,2,0,2
DFL,Innovator Equity Dual Directional 15 Buffer ETF - July,Financial,Exchange Traded Fund,USA,,,21.77,0.25%,20900.0,0,0,0,0,0,0,0,0,0,0,0,0,0,0,0,0,0,1,0,0,0,0,0,0,0,0,0,0,1,0,1
DFZ,Innovator Equity Dual Directional 15 Buffer ETF - June,Financial,Exchange Traded Fund,USA,,,19.88,0.28%,3010.0,0,0,0,0,0,0,0,0,0,0,1,0,0,0,0,0,0,0,0,0,0,0,0,0,0,0,0,0,1,0,1
DLS,WisdomTree Dynamic International SmallCap Equity Fund,Financial,Exchange Traded Fund,USA,,,44.92,1.11%,12696.0,0,0,0,0,0,0,0,0,0,0,1,1,0,0,0,0,0,0,0,0,0,0,0,0,0,0,0,0,2,0,2
DTG,Innovator Equity Dual Directional 10 Buffer ETF - August,Financial,Exchange Traded Fund,USA,,,19.72,0.31%,5490.0,0,1,0,0,0,0,0,0,0,0,0,0,0,0,0,0,0,0,0,0,0,0,0,0,0,0,0,0,1,0,1
DTL,Innovator Equity Dual Directional 10 Buffer ETF - July,Financial,Exchange Traded Fund,USA,,,22.72,0.11%,2040.0,0,0,0,0,0,0,0,-1,0,0,1,0,0,0,0,0,0,0,0,0,0,0,0,0,0,0,0,0,1,1,2
DTS,Innovator Equity Dual Directional 10 Buffer ETF - September,Financial,Exchange Traded Fund,USA,,,23.21,0.30%,9006.0,0,0,0,0,0,0,0,-1,0,0,1,0,0,0,0,0,0,0,0,0,0,0,0,0,0,0,0,0,1,1,2
DTY,Innovator Equity Dual Directional 10 Buffer ETF - May,Financial,Exchange Traded Fund,USA,,,20.92,0.35%,12224.0,0,0,0,0,0,0,0,-1,0,0,0,0,0,0,0,0,0,0,0,0,0,0,0,0,0,0,0,0,0,1,1
DWM,WisdomTree Dynamic International Equity Fund,Financial,Exchange Traded Fund,USA,,,45.6,0.60%,131153.0,0,0,0,0,0,0,0,0,0,0,1,0,0,0,0,0,0,0,0,0,0,0,0,0,0,0,0,0,1,0,1
DXX,Defined Duration 20 ETF,Financial,Exchange Traded Fund,USA,,,28.06,0.74%,319.0,0,0,0,0,0,0,0,0,0,0,1,0,0,0,0,0,0,0,0,0,0,0,-1,0,0,0,0,0,1,1,2
EC,Diversified Energy Co,Energy,Oil & Gas Integrated,USA,978740000.0,,13.83,-1.91%,468666.0,0,0,0,0,0,0,0,0,0,0,0,0,-1,0,0,0,0,0,0,0,0,0,0,0,0,0,0,0,0,1,1
ECP,PGIM S&P 500 Buffer 12 ETF - December,Financial,Exchange Traded Fund,USA,,,33.83,0.52%,14145.0,0,0,0,0,0,0,0,0,0,0,1,0,0,0,0,0,0,0,0,0,0,0,0,0,0,0,0,0,1,0,1
ECZ,TrueShares Structured Outcome (December) ETF,Financial,Exchange Traded Fund,USA,,,44.59,0.54%,456.0,0,0,0,0,0,0,0,0,0,0,1,0,0,0,0,0,0,0,0,0,0,0,0,0,0,0,0,0,1,0,1
EEF,Xtrackers FTSE Developed ex US Multifactor ETF,Financial,Exchange Traded Fund,USA,,,38.94,0.48%,539.0,0,0,0,0,0,0,0,0,0,0,1,0,0,0,0,0,0,0,0,0,0,0,0,0,0,0,0,0,1,0,1
EM,WisdomTree Emerging Markets High Dividend Fund,Financial,Exchange Traded Fund,USA,,,55.45,0.73%,1006139.0,0,1,0,0,0,0,0,-1,0,0,0,0,0,0,0,0,0,0,0,0,0,0,0,0,0,0,0,0,1,1,2
EMZ,Democratic Large Cap Core ETF,Financial,Exchange Traded Fund,USA,,,49.34,0.29%,396.0,0,0,0,0,0,0,0,-1,0,0,0,0,0,0,0,0,0,0,0,0,0,0,0,0,0,0,0,0,0,1,1
ETX,Liberty Defense Holdings Ltd,Industrials,Security & Protection Services,USA,10220000.0,,1.8,-5.27%,3603.0,0,0,0,0,0,0,0,0,1,1,0,0,0,0,0,0,0,0,0,0,0,0,0,0,0,0,0,0,2,0,2
FAX,Dimensional World ex U.S. Core Equity 2 ETF,Financial,Exchange Traded Fund,USA,,,37.08,0.76%,624809.0,0,0,0,-1,0,0,0,-1,0,0,0,0,0,0,0,0,0,0,0,0,0,0,0,0,0,0,0,0,0,2,2
FCA,Dimensional California Municipal Bond ETF,Financial,Exchange Traded Fund,USA,,,47.83,0.35%,231866.0,0,0,0,0,0,0,0,0,1,0,0,0,0,0,0,0,0,0,0,0,0,0,0,0,0,0,0,0,1,0,1
FE,WisdomTree Europe SmallCap Dividend Fund,Financial,Exchange Traded Fund,USA,,,73.35,0.88%,4749.0,0,0,0,0,0,0,0,0,0,0,1,1,0,0,0,0,0,0,0,0,0,0,0,0,0,0,0,0,2,0,2
FH,Dream Finders Homes Inc,Consumer Cyclical,Residential Construction,USA,849220000.0,6.6,9.38,-2.29%,519233.0,0,0,0,0,0,0,0,0,0,0,0,0,-1,-1,0,0,0,0,0,0,0,0,0,0,0,0,0,0,0,2,2
FLV,Dimensional US Large Cap Value ETF,Financial,Exchange Traded Fund,USA,,,40.89,0.29%,714921.0,0,0,0,0,0,0,0,0,0,0,0,0,0,0,0,0,0,0,0,0,0,0,-1,0,0,0,0,0,0,1,1
FSC,DEFSEC Technologies Inc,Industrials,Aerospace & Defense,Canada,2420000.0,,0.9,-1.91%,125369.0,0,0,0,0,0,0,0,0,1,0,0,0,0,0,0,0,0,0,0,0,0,0,0,0,0,0,0,0,1,0,1
GAP,FT Vest U.S. Equity Buffer & Digital Return ETF - April,Financial,Exchange Traded Fund,USA,,,31.32,0.13%,5225.0,0,0,0,0,0,0,0,-1,0,0,0,0,0,0,0,0,0,0,0,0,0,0,0,0,0,0,0,0,0,1,1
GRW,WisdomTree U.S. Quality Dividend Growth Fund,Financial,Exchange Traded Fund,USA,,,98.86,0.20%,334076.0,0,0,0,0,0,0,0,0,0,0,0,0,0,0,0,0,0,0,0,0,0,0,-1,0,0,0,0,0,0,1,1
GZ,DB Gold Short ETN,Financial,Exchange Traded Fund,USA,,,5.5,0.00%,29.0,0,0,0,0,0,0,0,0,1,0,0,0,0,0,0,0,0,0,0,0,0,0,0,0,0,0,0,0,1,0,1
HDG,FT Vest U.S. Equity Quarterly 2.5 to 15 Buffer ETF,Financial,Exchange Traded Fund,USA,,,38.28,0.44%,1287.0,0,0,0,0,0,0,0,0,0,0,1,0,0,0,0,0,0,0,0,0,0,0,0,0,0,0,0,0,1,0,1
HI,D.R. Horton Inc,Consumer Cyclical,Residential Construction,USA,37730000000.0,12.83,134.88,-0.69%,2300411.0,0,0,0,0,0,0,0,0,0,0,1,1,0,0,0,0,0,0,0,0,0,0,0,0,0,0,0,0,2,0,2
INT,Davis Select International ETF,Financial,Exchange Traded Fund,USA,,,28.29,1.96%,82947.0,0,0,0,0,0,0,0,-1,0,0,0,0,0,0,0,0,0,0,0,0,0,0,0,0,0,0,0,0,0,1,1
IPR,Corgi Space & Satellite Communications ETF,Financial,Exchange Traded Fund,USA,,,22.06,0.13%,137.0,0,0,0,0,0,0,0,0,0,0,0,0,0,0,0,1,0,0,0,0,0,0,0,0,0,0,0,0,1,0,1
ISK,Tema Memory ETF,Financial,Exchange Traded Fund,USA,,,36.03,0.28%,112925.0,0,0,0,0,0,0,0,0,0,0,1,0,0,0,0,0,0,0,0,0,1,0,0,0,0,0,0,0,2,0,2
IT,Amcon Distributing Company,Consumer Defensive,Food Distribution,USA,63570000.0,34.63,65.13,2.49%,1625.0,0,0,0,0,0,1,0,0,1,1,0,0,0,0,0,0,0,0,0,0,0,0,0,0,0,0,0,0,3,0,3
JAN,FT Vest U.S. Equity Deep Buffer ETF - January,Financial,Exchange Traded Fund,USA,,,47.03,0.27%,4912.0,0,0,0,-1,0,0,0,0,0,0,0,0,0,0,0,0,0,0,0,0,0,0,0,0,0,0,0,0,0,1,1
JT,Trump Media & Technology Group Corp,Communication Services,Internet Content & Information,USA,2250000000.0,,8.11,-1.10%,3154003.0,0,0,0,0,0,0,0,0,0,0,1,0,0,0,0,0,0,0,0,0,0,0,0,0,0,0,0,0,1,0,1
JUN,FT Vest U.S. Equity Deep Buffer ETF - June,Financial,Exchange Traded Fund,USA,,,50.65,0.36%,15361.0,0,0,0,0,0,0,0,-1,0,0,0,0,0,0,0,0,0,0,0,0,0,0,0,0,0,0,0,0,0,1,1
KL,Delek Logistics Partners LP,Energy,Oil & Gas Refining & Marketing,USA,3260000000.0,19.61,56.49,-0.19%,47203.0,0,0,0,0,0,0,0,0,0,0,0,0,0,0,0,1,0,0,0,0,0,0,0,0,0,0,0,0,1,0,1
KNG,DraftKings Inc,Consumer Cyclical,Gambling,USA,17420000000.0,,19.58,-1.46%,9602108.0,0,1,0,0,0,0,0,0,0,0,0,0,-1,0,0,0,0,0,0,0,0,0,0,0,0,0,0,0,1,1,2
KS,Dicks Sporting Goods Inc,Consumer Cyclical,Specialty Retail,USA,12150000000.0,14.67,136.65,1.50%,1520462.0,0,0,0,0,0,0,0,0,0,0,0,0,0,0,0,0,0,0,0,0,0,0,0,1,0,0,0,0,1,0,1
LAG,FT Vest U.S. Equity Dual Directional Buffer ETF - August,Financial,Exchange Traded Fund,USA,,,34.06,0.35%,2360.0,0,0,0,-1,0,0,0,0,0,0,0,0,0,0,0,0,0,0,0,0,0,0,0,0,0,0,0,0,0,1,1
LO,DLocal Limited,Technology,Software - Infrastructure,Uruguay,4300000000.0,22.28,15.23,1.53%,1915087.0,0,0,0,-1,0,0,0,0,0,0,0,0,0,0,0,0,0,0,0,0,0,0,0,0,0,0,0,0,0,1,1
LPN,Dolphin Entertainment Inc,Communication Services,Advertising Agencies,USA,13680000.0,,1.05,5.00%,8022.0,0,0,0,0,0,0,0,0,1,0,0,0,0,0,0,0,0,0,0,0,0,0,0,0,0,0,0,0,1,0,1
LR,Digital Realty Trust Inc,Real Estate,REIT - Specialty,USA,66319999999.99999,86.95,178.76,1.53%,2000849.0,0,0,0,0,0,0,0,0,0,0,0,0,-1,-1,0,0,0,0,0,0,0,0,0,0,0,0,0,0,0,2,2
LTH,Duluth Holdings Inc,Consumer Cyclical,Apparel Retail,USA,148220000.0,28.02,3.9,-2.74%,195021.0,0,0,0,0,0,0,0,0,0,0,0,0,0,0,0,1,0,0,0,0,0,0,0,0,0,0,0,0,1,0,1
LX,Deluxe Corp,Industrials,Conglomerates,USA,1060000000.0,10.6,23.14,0.39%,518230.0,0,0,0,0,0,0,0,0,1,0,0,0,0,0,0,0,0,0,0,0,0,0,0,0,0,0,0,0,1,0,1
LY,DoubleLine Yield Opportunities Fund,Financial,Closed-End Fund - Debt,USA,642660000.0,,13.24,0.00%,158042.0,0,0,0,0,0,0,0,0,1,0,0,0,0,0,0,0,0,0,0,0,0,0,0,0,0,0,0,0,1,0,1
MA,Destra Multi-Alternative Fund,Financial,Closed-End Fund - Equity,USA,67050000.0,,7.48,0.00%,3131.0,0,0,0,0,0,0,0,0,0,0,1,0,0,0,0,0,0,0,0,0,0,0,0,0,0,0,0,0,1,0,1
MAY,FT Vest U.S. Equity Deep Buffer ETF - May,Financial,Exchange Traded Fund,USA,,,48.5,0.37%,5837.0,0,0,0,0,0,0,0,-1,0,0,1,0,0,0,0,0,0,0,0,0,0,0,0,0,0,0,0,0,1,1,2
MLP,Dorchester Minerals LP,Energy,Oil & Gas E&P,USA,1460000000.0,16.98,29.75,1.02%,64801.0,0,0,0,-1,0,0,0,0,0,0,0,0,0,0,0,0,0,0,0,0,0,0,0,0,0,0,0,0,0,1,1
MX,DoubleLine Multi-Sector Income ETF,Financial,Exchange Traded Fund,USA,,,48.97,0.04%,5408.0,0,0,0,-1,0,0,0,0,0,0,0,0,0,0,0,0,0,0,0,0,0,0,0,0,0,0,0,0,0,1,1
NA,Ginkgo Bioworks Holdings Inc,Healthcare,Biotechnology,USA,875430000.0,,13.0,14.64%,4519918.0,0,1,0,0,0,0,0,0,0,0,0,0,0,0,0,0,0,0,0,0,0,0,0,0,0,0,0,0,1,0,1
NL,WisdomTree Global ex-U.S. Quality Growth Fund,Financial,Exchange Traded Fund,USA,,,45.16,1.36%,14867.0,0,0,0,-1,0,0,0,0,0,0,0,0,0,0,0,0,0,1,0,0,0,0,0,0,0,0,0,0,1,1,2
NLI,Denali Therapeutics Inc,Healthcare,Biotechnology,USA,3110000000.0,,19.45,4.18%,1340965.0,0,1,0,0,0,0,0,0,0,0,0,0,0,0,0,0,0,0,0,0,0,0,0,0,0,0,0,0,1,0,1
NUT,Krispy Kreme Inc,Consumer Defensive,Grocery Stores,USA,513559999.99999994,,2.96,-1.66%,1608762.0,0,0,0,0,0,0,0,0,1,0,0,0,0,0,0,0,0,0,0,0,0,0,0,0,0,0,0,0,1,0,1
OCK,"Corgi Ports, Rail & Freight ETF",Financial,Exchange Traded Fund,USA,,,25.23,-0.04%,10.0,0,0,0,0,0,0,0,0,1,0,0,0,0,0,0,0,0,0,0,0,0,0,0,0,0,0,0,0,1,0,1
OCN,DigitalOcean Holdings Inc,Technology,Software - Infrastructure,USA,15850000000.0,61.46,134.82,8.81%,1832287.0,0,0,0,0,0,0,0,0,0,0,1,0,0,0,0,0,0,0,0,0,0,0,0,0,0,0,0,0,1,0,1
OLE,Dole plc,Consumer Defensive,Farm Products,Ireland,1240000000.0,16.92,13.14,0.92%,1056834.0,0,0,0,-1,0,0,0,0,1,1,0,0,0,0,0,0,0,0,0,0,0,0,0,0,0,0,0,0,2,1,3
OMH,Dominari Holdings Inc,Financial,Capital Markets,USA,52600000.0,,2.17,0.93%,129226.0,0,0,0,0,0,0,0,0,1,1,0,0,0,0,0,0,0,0,0,0,0,0,0,0,0,0,0,0,2,0,2
OO,BRP Inc,Consumer Cyclical,Recreational Vehicles,Canada,3770000000.0,48.26,52.96,-2.63%,272910.0,0,0,0,-1,0,0,0,0,0,0,0,0,0,0,0,1,0,0,0,0,0,0,0,0,0,0,0,0,1,1,2
OW,Dow Inc,Basic Materials,Chemicals,USA,20530000000.0,,28.42,-0.59%,8415862.0,0,0,0,0,0,0,0,0,0,0,0,0,-1,0,0,0,0,0,0,0,0,0,0,0,0,0,0,0,0,1,1
OYU,DouYu International Holdings Ltd ADR,Communication Services,Internet Content & Information,China,119810000.0,,3.97,-3.17%,84293.0,0,1,0,0,0,1,0,0,0,0,0,0,-1,-1,0,0,0,0,0,0,0,0,0,0,0,0,0,0,2,2,4
PG,Duff & Phelps Utility and Infrastructure Fund Inc,Financial,Closed-End Fund - Equity,USA,468320000.0,,13.01,0.77%,111054.0,0,0,0,0,0,0,0,0,0,0,0,0,0,0,0,0,0,0,0,0,0,0,0,0,-1,0,0,0,0,1,1
PRO,Draganfly Inc,Industrials,Aerospace & Defense,Canada,163460000.0,,4.4,-3.72%,869637.0,0,0,0,0,0,0,0,0,1,1,0,0,0,0,0,0,0,0,0,0,0,0,0,0,0,0,0,0,2,0,2
RAI,Draco Evolution AI ETF,Financial,Exchange Traded Fund,USA,,,32.74,0.57%,154.0,0,0,0,0,0,0,0,0,1,1,0,0,0,0,0,0,0,0,0,0,0,0,0,0,0,0,0,0,2,0,2
RAL,Defiance Daily Target 2X Long DRAM ETF,Financial,Exchange Traded Fund,USA,,,10.21,0.79%,86189.0,0,1,0,0,0,0,0,0,0,0,1,0,0,0,0,0,0,0,0,0,0,0,0,0,0,0,0,0,2,0,2
RAY,YieldMax DKNG Option Income Strategy ETF,Financial,Exchange Traded Fund,USA,,,11.49,-1.03%,3879.0,0,1,0,0,0,0,0,0,0,0,0,0,0,0,0,0,0,0,0,-1,0,0,0,0,0,0,0,0,1,1,2
RI,Darden Restaurants Inc,Consumer Cyclical,Restaurants,USA,22360000000.0,19.31,197.66,-1.43%,858870.0,0,1,0,0,0,0,0,0,0,0,0,0,0,0,0,0,0,0,0,0,0,0,0,0,0,0,0,0,1,0,1
RIP,Direxion Daily S&P Oil & Gas Exp. & Prod. Bear 2X ETF,Financial,Exchange Traded Fund,USA,,,32.89,2.05%,867081.0,0,1,0,0,0,0,0,0,1,0,0,0,0,0,0,0,0,0,0,0,0,0,0,0,0,0,0,0,2,0,2
RNZ,REX Drone ETF,Financial,Exchange Traded Fund,USA,,,18.12,-1.03%,133673.0,0,0,0,0,0,0,0,0,1,0,0,0,0,0,0,0,0,0,0,0,0,0,0,0,0,0,0,0,1,0,1
RTS,Alpha Tau Medical Ltd,Healthcare,Biotechnology,Israel,1330000000.0,,14.41,2.93%,368202.0,0,0,0,-1,0,0,0,-1,0,0,0,0,0,0,0,0,0,0,0,0,0,0,0,0,0,0,0,0,0,2,2
RUG,Bright Minds Biosciences Inc,Healthcare,Biotechnology,USA,533150000.0,,54.05,3.94%,98414.0,0,0,0,0,0,1,0,0,0,0,0,0,0,0,0,0,0,0,0,0,0,0,0,0,0,0,0,0,1,0,1
SAC,Daedalus Special Acquisition Corp,Financial,Shell Companies,United Kingdom,344950000.0,56.65,10.14,0.10%,8.0,0,0,0,-1,0,0,0,0,0,0,0,0,0,0,0,0,0,0,0,0,0,0,0,0,0,0,0,0,0,1,1
SGN,Design Therapeutics Inc,Healthcare,Biotechnology,USA,729070000.0,,11.65,1.39%,356594.0,0,0,0,0,0,0,0,0,0,0,1,1,0,0,0,0,0,0,0,0,0,0,0,0,-1,0,0,0,2,1,3
SI,iShares ESG MSCI KLD 400 ETF,Financial,Exchange Traded Fund,USA,,,149.25,0.58%,99429.0,0,1,0,0,0,0,0,-1,0,0,0,0,0,0,0,0,0,0,0,0,0,0,0,0,0,0,0,0,1,1,2
SL,Doubleline Income Solutions Fund,Financial,Closed-End Fund - Debt,USA,1140000000.0,,9.91,0.10%,969310.0,0,0,0,0,0,0,0,0,0,0,0,0,-1,0,0,0,0,0,0,0,0,0,0,0,0,0,0,0,0,1,1
SM,BNY Mellon Strategic Municipal Bond Fund Inc,Financial,Closed-End Fund - Debt,USA,256040000.00000003,,5.18,1.17%,233838.0,0,0,0,0,0,0,0,0,0,0,1,0,0,0,0,0,0,0,0,0,0,0,0,0,0,0,0,0,1,0,1
TAN,Sparkline International Intangible Value ETF,Financial,Exchange Traded Fund,USA,,,32.72,0.83%,885.0,0,0,0,0,0,0,0,-1,0,0,0,0,0,0,0,0,0,0,0,0,0,0,0,0,0,0,0,0,0,1,1
TCR,Global X Data Center & Digital Infrastructure ETF,Financial,Exchange Traded Fund,USA,,,27.97,3.02%,610359.0,0,0,0,0,0,0,0,0,0,0,0,0,-1,0,0,0,0,0,0,0,0,0,0,0,0,0,0,0,0,1,1
TCX,Datacentrex Inc,Financial,Financial Data & Stock Exchanges,USA,78730000.0,,1.67,-5.65%,88025.0,0,1,0,0,0,0,0,0,0,0,0,0,-1,0,0,0,0,0,0,0,0,0,0,0,0,0,0,0,1,1,2
TEC,ALPS Disruptive Technologies ETF,Financial,Exchange Traded Fund,USA,,,52.4,3.09%,7087.0,0,0,0,0,0,0,0,-1,0,0,0,0,0,0,0,0,0,0,0,0,0,0,0,0,0,0,0,0,0,1,1
TI,Drilling Tools International Corp,Energy,Oil & Gas Equipment & Services,USA,72330000.0,,2.05,1.99%,458997.0,0,0,0,0,0,0,0,0,1,0,0,0,0,0,0,0,0,0,0,0,0,0,0,0,0,0,0,0,1,0,1
TIL,Precision Biosciences Inc,Healthcare,Biotechnology,USA,185480000.0,,6.72,4.51%,263703.0,0,1,0,0,0,0,0,0,0,0,0,0,0,0,0,0,0,0,0,0,0,0,0,0,0,0,0,0,1,0,1
TRE,First Trust Alerian Disruptive Technology Real Estate ETF,Financial,Exchange Traded Fund,USA,,,40.83,2.66%,434.0,0,0,0,0,0,0,0,0,0,0,0,0,0,0,0,0,0,0,0,0,0,0,0,0,-1,0,0,0,0,1,1
UBS,Aptus Large Cap Enhanced Yield ETF,Financial,Exchange Traded Fund,USA,,,43.72,0.68%,28857.0,0,0,0,0,0,0,0,-1,0,0,0,0,0,0,0,0,0,0,0,0,0,0,0,0,0,0,0,0,0,1,1
UG,ProShares UltraShort Energy,Financial,Exchange Traded Fund,USA,,,13.86,0.51%,217905.0,0,0,0,0,0,0,0,0,1,0,0,0,0,0,0,0,0,0,0,0,0,0,0,0,0,0,0,0,1,0,1
UKX,Ocean Park International ETF,Financial,Exchange Traded Fund,USA,,,28.52,0.97%,248.0,0,0,0,0,0,0,0,0,0,0,1,1,0,0,0,0,0,0,0,0,1,0,0,0,0,0,0,0,3,0,3
UNK,Dana Unconstrained Equity ETF,Financial,Exchange Traded Fund,USA,,,29.57,2.48%,6169.0,0,0,0,0,0,0,0,-1,0,0,0,0,0,0,0,0,0,0,0,0,0,0,0,0,0,0,0,0,0,1,1
UO,Fangdd Network Group Ltd,Real Estate,Real Estate Services,China,25400000.0,,0.66,4.27%,67337.0,0,0,0,0,0,0,0,0,1,0,0,0,0,0,0,0,0,0,0,0,0,0,0,0,0,0,0,0,1,0,1
UOG,Leverage Shares 2X Long DUOL Daily ETF,Financial,Exchange Traded Fund,USA,,,56.93,-1.97%,766.0,0,0,0,0,0,0,0,0,0,0,0,0,0,0,0,0,0,1,0,0,0,0,0,0,0,0,0,0,1,0,1
UOT,Duos Technologies Group Inc,Technology,Software - Application,USA,226610000.0,7.33,7.2,-7.69%,1629737.0,0,0,0,0,0,0,0,0,0,0,0,0,0,0,0,1,0,0,0,0,0,0,0,0,0,0,-1,0,1,1,2
USG,U.S. Small Cap Growth Portfolio ETF Class Shares,Financial,Exchange Traded Fund,USA,,,50.1,0.40%,3594.0,0,0,0,0,0,0,0,0,1,0,0,0,0,0,0,0,0,0,0,0,0,0,0,0,0,0,0,0,1,0,1
UTY,U.S. Defense ETF,Financial,Exchange Traded Fund,USA,,,27.54,2.26%,434.0,0,0,0,0,0,1,0,0,0,0,0,0,0,0,0,0,0,0,0,0,0,0,0,0,0,0,0,0,1,0,1
VA,DaVita Inc,Healthcare,Medical Care Facilities,USA,11440000000.0,15.12,179.25,1.26%,369642.0,0,0,0,0,0,0,0,0,1,0,0,0,0,0,0,0,0,0,0,0,0,0,0,0,0,0,0,0,1,0,1
VDN,Kingsbarn Dividend Opportunity ETF,Financial,Exchange Traded Fund,USA,,,12.91,-0.55%,4931.0,0,0,0,0,0,0,0,0,1,0,0,0,0,0,0,0,0,0,0,0,0,0,0,0,0,0,0,0,1,0,1
VN,Devon Energy Corp,Energy,Oil & Gas E&P,USA,53090000000.0,11.43,48.26,-1.35%,6374977.0,0,0,0,0,0,0,0,0,0,0,1,0,0,0,0,0,0,0,0,0,0,0,0,0,0,0,0,0,1,0,1
VYE,iShares Emerging Markets Dividend ETF,Financial,Exchange Traded Fund,USA,,,35.31,1.23%,69407.0,0,0,0,-1,0,0,0,0,0,0,0,0,0,0,0,0,0,0,0,0,0,0,0,0,0,0,0,0,0,1,1
WAS,Invesco Dorsey Wright SmallCap Momentum ETF,Financial,Exchange Traded Fund,USA,,,107.24,1.40%,4176.0,0,0,0,0,0,0,0,0,1,0,0,0,0,0,0,0,0,0,0,0,0,0,0,0,0,0,0,0,1,0,1
WAW,AdvisorShares Dorsey Wright FSM All Cap World ETF,Financial,Exchange Traded Fund,USA,,,49.91,0.02%,199.0,0,0,0,0,0,0,0,0,0,0,0,0,0,0,0,0,0,0,0,0,1,0,0,0,-1,0,0,0,1,1,2
WMF,WisdomTree International Multifactor ETF,Financial,Exchange Traded Fund,USA,,,33.0,0.65%,2631.0,0,0,0,0,0,0,0,0,0,0,0,0,0,0,0,1,0,0,0,0,0,0,0,0,0,0,0,0,1,0,1
WTX,Dogwood Therapeutics Inc,Healthcare,Biotechnology,USA,47590000.0,,1.4,-0.71%,66324.0,0,0,0,0,0,0,0,0,0,0,0,0,-1,0,0,0,0,0,0,0,0,0,0,0,0,1,0,0,1,1,2
XF,Eason Technology Ltd ADR,Financial,Credit Services,China,1610000.0,,0.5,-0.95%,153568.0,0,0,0,0,0,0,0,0,0,0,0,0,0,0,0,0,0,0,0,0,0,0,0,1,0,0,0,0,1,0,1
XJ,WisdomTree Japan Hedged Equity Fund,Financial,Exchange Traded Fund,USA,,,60.71,0.81%,602748.0,0,0,0,0,0,0,0,-1,0,0,0,0,0,0,0,0,0,0,0,0,0,0,0,0,0,0,0,0,0,1,1
XLG,Destination XL Group Inc,Consumer Cyclical,Apparel Retail,USA,21810000.0,,0.39,6.22%,199128.0,0,0,0,0,0,0,0,0,0,0,0,0,0,0,0,1,0,0,0,0,0,0,0,0,0,0,0,0,1,0,1
XR,Daxor Corp,Healthcare,Medical Instruments & Supplies,USA,60790000.0,8.52,10.41,-0.48%,7459.0,0,0,0,0,0,0,0,0,0,0,1,0,0,0,0,0,0,0,0,0,0,0,0,0,0,0,0,0,1,0,1
YFI,IDX Dynamic Fixed Income ETF,Financial,Exchange Traded Fund,USA,,,22.24,0.04%,1293.0,0,0,0,0,0,0,0,0,1,1,0,0,0,0,0,0,0,0,0,0,0,0,0,0,0,0,0,0,2,0,2
YNC,Dynamix Corp,Financial,Shell Companies,USA,241250000.0,,10.9,0.00%,11485.0,0,0,0,0,0,0,0,-1,0,0,0,0,0,0,0,0,0,0,0,0,0,0,0,0,0,0,0,0,0,1,1
,Eni Spa ADR,Energy,Oil & Gas Integrated,Italy,81600000000.0,14.05,56.0,0.68%,408238.0,0,1,0,0,0,0,0,0,0,0,1,0,0,0,0,0,0,0,0,0,1,0,0,0,-1,0,0,0,3,1,4
AD,Allspring Income Opportunities Fund,Financial,Closed-End Fund - Debt,USA,356920000.0,,6.04,0.33%,262001.0,0,0,0,-1,0,0,0,0,1,0,0,0,0,0,0,0,0,0,0,0,0,0,0,0,0,0,0,0,1,1,2
AF,GrafTech International Ltd,Industrials,Electrical Equipment & Parts,USA,237700000.0,,9.11,2.94%,329853.0,0,0,0,0,0,0,0,0,0,0,0,0,0,0,0,0,0,0,0,0,1,0,0,0,0,0,0,0,1,0,1
AGL,Eagle Capital Select Equity ETF,Financial,Exchange Traded Fund,USA,,,35.38,1.55%,379658.0,0,1,0,0,0,0,0,0,0,0,0,0,0,0,0,0,0,0,0,0,0,0,0,0,0,0,0,0,1,0,1
ALT,Innovator U.S. Equity 5 to 15 Buffer ETF - Quarterly,Financial,Exchange Traded Fund,USA,,,36.99,0.24%,9950.0,0,1,0,-1,0,0,0,-1,0,0,0,0,0,0,0,0,0,0,0,0,0,0,0,0,0,0,0,0,1,2,3
APR,Innovator Emerging Markets Power Buffer ETF April,Financial,Exchange Traded Fund,USA,,,33.95,0.72%,1871.0,0,1,0,0,0,0,0,0,0,0,0,0,0,0,0,0,0,0,0,0,0,0,0,0,0,0,0,0,1,0,1
ARN,Ellington Credit Co,Financial,Asset Management,USA,130160000.0,,3.41,-3.94%,261248.0,0,0,0,0,0,0,0,0,1,0,0,0,0,0,0,0,0,0,0,0,0,0,0,0,0,0,0,0,1,0,1
ART,Global X Rare Earth & Critical Materials ETF,Financial,Exchange Traded Fund,USA,,,27.98,2.10%,10028.0,0,0,0,0,0,0,0,0,1,1,0,0,0,0,0,0,0,0,0,0,0,0,0,0,0,0,0,0,2,0,2
BF,Ennis Inc,Industrials,Specialty Business Services,USA,560030000.0,14.45,22.12,-2.77%,184100.0,0,0,0,0,0,0,0,0,0,0,1,0,0,0,0,0,0,0,0,0,0,0,0,0,0,0,0,0,1,0,1
BON,Ebang International Holdings Inc,Technology,Computer Hardware,China,11500000.0,,1.83,-9.41%,5185.0,0,1,0,0,0,0,0,0,0,0,0,0,-1,-1,0,0,0,0,0,0,0,0,0,0,0,1,0,0,2,2,4
C,Ecopetrol SA ADR,Energy,Oil & Gas Integrated,Colombia,34830000000.0,9.95,16.94,0.00%,741470.0,0,0,0,0,0,0,0,-1,0,0,0,0,0,0,0,0,0,0,0,0,0,0,0,0,0,0,0,0,0,1,1
CAT,BlackRock ESG Capital Allocation Term Trust,Financial,Closed-End Fund - Equity,USA,1410000000.0,,14.13,0.14%,367154.0,0,0,0,0,0,0,0,0,1,0,0,0,0,0,0,0,0,0,0,0,0,0,0,0,0,0,0,0,1,0,1
CC,Eagle Point Credit Company,Financial,Closed-End Fund - Debt,USA,411000000.0,,3.09,-0.32%,965507.0,0,0,0,0,0,0,0,0,0,0,0,0,-1,0,0,0,0,0,0,0,0,0,0,0,0,0,0,0,0,1,1
CF,Ellsworth Growth and Income Fund Ltd,Financial,Closed-End Fund - Equity,USA,165400000.0,,12.11,1.34%,37663.0,0,0,0,0,0,0,0,0,1,0,0,0,0,0,0,0,0,0,0,0,0,0,0,0,0,0,0,0,1,0,1
CG,Everus Construction Group,Industrials,Engineering & Construction,USA,6250000000.0,24.63,122.44,0.22%,289346.0,0,0,0,0,0,0,0,0,0,0,0,0,-1,-1,0,0,0,0,0,0,0,0,0,0,0,0,0,0,0,2,2
CH,iShares MSCI Chile ETF,Financial,Exchange Traded Fund,USA,,,37.73,0.13%,424299.0,0,1,0,0,0,0,0,0,1,0,0,0,0,0,0,0,0,0,0,0,0,0,0,0,0,0,0,0,2,0,2
CL,Ecolab Inc,Basic Materials,Specialty Chemicals,USA,79010000000.0,37.81,281.83,0.05%,935008.0,0,0,0,0,0,0,0,0,0,0,0,0,0,0,0,0,0,0,0,0,0,0,0,0,0,0,0,1,1,0,1
CNS,iShares MSCI China Small-Cap ETF,Financial,Exchange Traded Fund,USA,,,27.45,1.72%,13358.0,0,0,0,0,0,0,0,0,1,1,0,0,0,0,0,0,0,0,0,0,0,0,0,0,0,0,0,0,2,0,2
COW,Pacer Emerging Markets Cash Cows 100 ETF,Financial,Exchange Traded Fund,USA,,,26.97,1.07%,148344.0,0,1,0,0,0,0,0,0,0,0,0,0,-1,-1,0,0,0,0,0,0,0,0,0,0,0,0,0,0,1,2,3
CPG,Encore Capital Group Inc,Financial,Credit Services,USA,2120000000.0,7.55,99.77,-0.29%,161929.0,0,0,0,0,0,0,0,0,0,0,0,0,-1,0,0,0,0,0,0,0,0,0,0,0,0,0,0,0,0,1,1
CVT,Ecovyst Inc,Basic Materials,Specialty Chemicals,USA,1100000000.0,,10.05,-1.57%,674546.0,0,0,0,0,0,0,0,0,1,0,0,0,0,0,0,0,0,0,0,0,0,0,0,0,0,0,0,0,1,0,1
D,Consolidated Edison Inc,Utilities,Utilities - Regulated Electric,USA,39100000000.0,17.42,106.1,0.10%,1544738.0,0,0,0,0,0,0,0,0,0,0,0,0,-1,0,0,0,0,0,0,0,0,0,0,0,0,0,0,0,0,1,1
DC,Direxion Daily MSCI Emerging Markets Bull 3X ETF,Financial,Exchange Traded Fund,USA,,,76.25,3.08%,50769.0,0,0,0,0,0,0,0,0,0,0,0,0,0,0,0,0,0,0,0,0,0,0,0,0,0,0,-1,0,0,1,1
DF,Virtus Stone Harbor Emerging Markets Income Fund,Financial,Closed-End Fund - Foreign,USA,157010000.0,,4.88,3.39%,98718.0,0,0,0,0,0,0,0,0,1,0,0,0,0,0,0,0,0,0,0,0,0,0,0,0,0,0,0,0,1,0,1
DGH,3EDGE Dynamic Hard Assets ETF,Financial,Exchange Traded Fund,USA,,,33.92,0.83%,30871.0,0,0,0,0,0,0,0,0,0,0,0,0,0,0,0,0,0,0,0,0,1,0,0,0,0,0,0,0,1,0,1
DGX,Global X U.S. 500 Income Edge ETF,Financial,Exchange Traded Fund,USA,,,27.17,0.60%,3925.0,0,0,0,0,0,0,0,0,0,0,1,0,0,0,0,0,0,0,0,0,0,0,0,0,0,0,0,0,1,0,1
DIV,State Street SPDR S&P Emerging Markets Dividend ETF,Financial,Exchange Traded Fund,USA,,,40.04,0.65%,76581.0,0,0,0,0,0,0,0,0,1,0,0,0,0,0,0,0,0,0,0,0,0,0,0,0,0,0,0,0,1,0,1
DN,Empresa Distribuidora y Comercial Norte SA ADR,Utilities,Utilities - Regulated Electric,Argentina,447470000.0,4.99,20.22,0.35%,296692.0,0,0,0,0,0,0,0,0,1,0,0,0,0,0,0,0,0,0,0,0,0,0,0,0,0,0,0,0,1,0,1
DSA,Edesa Biotech Inc,Healthcare,Biotechnology,Canada,47420000.0,,3.51,-4.10%,36472.0,0,1,0,0,0,0,0,0,0,0,0,0,0,0,0,0,0,0,0,0,0,0,0,0,0,0,0,0,1,0,1
DU,New Oriental Education & Technology Group Inc ADR,Consumer Defensive,Education & Training Services,China,8199999999.999999,19.64,58.63,2.18%,312774.0,0,1,0,0,0,0,0,0,0,0,0,0,0,0,0,0,0,0,0,0,0,0,0,0,0,0,0,1,2,0,2
DVA,Endovia Health Sciences Inc,Healthcare,Biotechnology,USA,1730000.0,,0.16,-2.44%,297186.0,0,0,0,0,0,0,0,0,1,0,0,0,0,0,0,0,0,0,0,0,0,0,0,0,0,0,0,0,1,0,1
DZ,Direxion Daily MSCI Emerging Markets Bear 3X ETF,Financial,Exchange Traded Fund,USA,,,14.46,-3.08%,430153.0,0,0,0,0,0,0,0,0,1,0,0,0,0,0,0,0,0,0,0,0,0,0,0,0,0,0,0,0,1,0,1
EE,CYBER HORNET S&P 500 and Ethereum 75/25 Strategy ETF,Financial,Exchange Traded Fund,USA,,,22.98,0.53%,900.0,0,0,0,0,0,0,0,0,0,0,0,0,0,0,0,0,0,0,0,0,0,0,0,0,-1,0,0,0,0,1,1
EMA,iShares MSCI Emerging Markets Asia ETF,Financial,Exchange Traded Fund,USA,,,115.17,0.93%,19192.0,0,0,0,0,0,0,0,0,0,0,0,0,0,0,0,1,0,0,0,0,0,0,0,0,0,0,0,0,1,0,1
EMV,iShares MSCI Emerging Markets Min Vol Factor ETF,Financial,Exchange Traded Fund,USA,,,74.07,0.90%,297933.0,0,0,0,0,0,0,0,0,0,0,1,1,0,0,0,0,0,0,0,0,0,0,0,0,-1,0,0,0,2,1,3
ES,WisdomTree U.S. SmallCap Fund,Financial,Exchange Traded Fund,USA,,,65.49,0.08%,5338.0,0,0,0,0,0,0,0,0,1,0,0,0,0,0,0,0,0,0,0,0,0,0,0,0,0,0,0,0,1,0,1
ET,ProShares Ultra MSCI Emerging Markets 2x Shares,Financial,Exchange Traded Fund,USA,,,107.66,2.29%,9747.0,0,0,0,0,0,0,0,0,1,0,0,0,0,0,0,0,0,0,0,0,0,0,0,0,0,0,-1,0,1,1,2
EV,ProShares UltraShort MSCI Emerging Markets -2x Shares,Financial,Exchange Traded Fund,USA,,,10.62,-1.85%,14452.0,0,0,0,0,0,0,0,0,0,0,0,0,0,0,0,0,0,0,0,0,0,0,0,0,0,1,0,0,1,0,1
FG,iShares MSCI EAFE Growth ETF,Financial,Exchange Traded Fund,USA,,,120.3,1.05%,561998.0,0,0,0,-1,0,0,0,0,0,0,0,0,0,0,0,0,0,0,0,0,0,0,0,0,0,0,0,0,0,1,1
FIV,State Street SPDR S&P 500 ESG ETF,Financial,Exchange Traded Fund,USA,,,75.38,0.61%,39803.0,0,0,0,-1,0,0,0,0,0,0,0,0,0,0,0,0,0,0,0,0,0,0,0,0,0,0,0,0,0,1,1
FR,Eaton Vance Senior Floating-Rate Trust,Financial,Closed-End Fund - Debt,USA,304390000.0,,10.31,0.10%,94735.0,0,0,0,0,0,0,0,0,0,0,0,0,-1,0,0,0,0,0,0,0,0,0,0,0,0,0,0,0,0,1,1
FRA,iShares Environmental Infrastructure and Industrials ETF,Financial,Exchange Traded Fund,USA,,,34.63,0.55%,306.0,0,0,0,0,0,0,0,0,0,0,0,0,-1,0,0,0,0,0,0,0,0,0,0,0,0,0,0,0,0,1,1
FT,Eaton Vance Floating-Rate Income Trust,Financial,Closed-End Fund - Debt,USA,283060000.0,,10.65,0.38%,98249.0,0,0,0,0,0,0,0,0,0,0,0,0,-1,-1,0,0,0,0,0,0,0,0,0,0,0,0,0,0,0,2,2
FU,ProShares UltraShort MSCI EAFE -2x Shares,Financial,Exchange Traded Fund,USA,,,7.35,-0.94%,12303.0,0,1,0,0,0,0,0,0,0,0,0,0,0,0,0,0,0,0,0,0,0,0,0,0,0,0,0,0,1,0,1
FXT,Enerflex Ltd,Energy,Oil & Gas Equipment & Services,Canada,2940000000.0,55.64,24.04,0.12%,418286.0,0,1,0,0,0,0,0,0,0,0,0,0,-1,0,0,0,0,0,0,0,0,0,0,0,0,0,0,0,1,1,2
FZ,ProShares Short MSCI EAFE -1X Shares,Financial,Exchange Traded Fund,USA,,,23.13,-0.66%,581.0,0,1,0,0,0,0,0,0,0,0,0,0,0,0,0,0,0,0,0,0,0,0,0,0,0,0,0,0,1,0,1
GAN,eGain Corp,Technology,Software - Application,USA,139230000.0,16.72,5.32,0.19%,214117.0,0,0,0,0,0,0,0,0,1,0,0,0,0,0,0,0,0,0,0,0,0,0,0,0,0,0,0,0,1,0,1
GG,Enigmatig Ltd,Industrials,Consulting Services,Singapore,112860000.0,,4.03,-10.44%,97019.0,0,0,0,0,0,0,0,0,1,0,0,0,0,0,0,0,0,0,0,0,0,0,0,0,0,0,0,0,1,0,1
GGS,NestYield Total Return Guard ETF,Financial,Exchange Traded Fund,USA,,,36.84,1.42%,2816.0,0,0,0,0,0,0,0,0,1,0,0,0,0,0,0,0,0,0,0,0,0,0,0,0,0,0,0,0,1,0,1
GLE,Global X S&P 500 U.S. Revenue Leaders ETF,Financial,Exchange Traded Fund,USA,,,32.62,0.88%,508.0,0,0,0,0,0,0,0,-1,0,0,0,0,0,0,0,0,0,0,0,0,0,0,0,0,0,0,0,0,0,1,1
GP,Eastgroup Properties Inc,Real Estate,REIT - Industrial,USA,10540000000.0,34.4,195.98,0.44%,220793.0,0,0,0,0,0,0,0,0,1,0,0,0,0,0,0,0,0,0,0,0,0,0,0,0,0,0,0,0,1,0,1
GY,VAALCO Energy Inc,Energy,Oil & Gas E&P,USA,632200000.0,,6.01,0.17%,1240016.0,0,0,0,0,0,0,0,0,0,0,1,0,0,0,0,0,0,0,0,0,0,0,0,0,0,0,0,0,1,0,1
H,EHang Holdings Ltd ADR,Industrials,Aerospace & Defense,China,235810000.0,,4.19,2.70%,747993.0,0,0,0,0,0,0,0,0,1,1,0,0,0,0,0,0,0,0,0,0,0,0,0,0,0,0,0,0,2,0,2
IKN,Eikon Therapeutics Inc,Healthcare,Biotechnology,USA,404620000.0,,7.47,-0.40%,288691.0,0,1,0,0,0,0,0,0,0,0,0,0,0,0,0,1,0,0,0,0,0,0,0,0,0,0,0,0,2,0,2
INC,VanEck Energy Income ETF,Financial,Exchange Traded Fund,USA,,,116.48,-0.27%,2415.0,0,1,0,0,0,0,0,0,0,0,0,0,0,0,0,0,0,0,0,0,0,0,0,0,0,0,0,0,1,0,1
IPI,FT Energy Income Partners Enhanced Income ETF,Financial,Exchange Traded Fund,USA,,,22.03,-0.05%,50656.0,0,0,0,-1,0,1,0,0,0,0,0,0,0,0,0,0,0,0,0,0,0,0,0,0,0,0,0,0,1,1,2
KG,First Trust Nasdaq Lux Digital Health Solutions ETF,Financial,Exchange Traded Fund,USA,,,23.42,2.54%,2308.0,0,0,0,0,0,0,0,0,0,0,0,0,0,0,0,0,0,1,0,0,0,0,0,0,0,0,0,0,1,0,1
LDN,Eledon Pharmaceuticals Inc,Healthcare,Biotechnology,USA,201530000.0,,2.48,2.48%,818749.0,0,0,0,0,0,0,0,0,1,0,0,0,0,0,0,0,0,0,0,0,0,0,-1,0,0,0,0,0,1,1,2
LIL,Direxion Daily LLY Bull 2X ETF,Financial,Exchange Traded Fund,USA,,,28.4,1.26%,21242.0,0,0,0,0,0,0,0,0,0,0,0,0,-1,0,0,0,0,0,0,0,0,0,0,0,0,0,0,0,0,1,1
LOG,Eastern International Ltd,Industrials,Integrated Freight & Logistics,China,10330000.0,,0.81,10.44%,38318.0,0,0,0,0,0,1,0,0,0,0,0,0,0,0,0,0,0,0,0,0,0,0,0,0,0,0,0,0,1,0,1
LPC,Cia Paranaense De Energia Copel ADR,Utilities,Utilities - Diversified,Brazil,10540000000.0,17.68,14.19,0.92%,670675.0,0,0,0,0,0,0,0,0,0,0,0,0,-1,0,0,0,0,0,0,0,0,0,0,0,0,0,0,0,0,1,1
LTK,Eltek Ltd,Technology,Electronic Components,Israel,51600000.0,,7.68,-1.13%,1278.0,0,0,0,0,0,0,0,0,0,0,0,0,-1,0,0,0,0,0,0,0,0,0,0,1,0,0,0,0,1,1,2
LUT,Elutia Inc,Healthcare,Medical Devices,USA,36450000.0,,0.82,-0.51%,19975.0,0,0,0,0,0,1,0,0,0,0,0,0,0,0,0,0,0,0,0,0,0,0,0,0,0,0,0,0,1,0,1
LVA,Electrovaya Inc,Industrials,Electrical Equipment & Parts,Canada,287500000.0,59.34,5.75,-0.69%,531640.0,0,0,0,0,0,0,0,0,0,0,0,0,0,0,0,0,0,0,0,0,1,0,-1,0,0,0,0,0,1,1,2
LVR,Elevra Lithium Ltd ADR,Basic Materials,Other Industrial Metals & Mining,Australia,648670000.0,9.27,33.61,-2.52%,19850.0,0,0,0,0,0,0,0,0,1,0,0,0,0,0,0,0,0,0,0,0,0,0,0,0,0,0,0,0,1,0,1
LWT,Elauwit Connection Inc,Communication Services,Telecom Services,USA,40440000.0,,6.0,3.99%,1525.0,0,0,0,0,0,0,0,0,1,0,0,0,0,0,0,0,0,0,0,0,0,0,0,0,0,0,0,0,1,0,1
MAT,Evolution Metals & Technologies Corp,Basic Materials,Other Industrial Metals & Mining,USA,1030000000.0,,1.64,-3.53%,9562942.0,0,0,0,0,0,0,0,0,1,0,0,0,0,0,0,0,0,0,0,0,0,0,0,0,0,0,0,0,1,0,1
MAU,Corgi EM 15% Buffer - Aug,Financial,Exchange Traded Fund,USA,,,25.4,0.50%,6.0,0,0,0,0,0,0,0,0,0,0,1,1,0,0,0,0,0,0,0,0,0,0,-1,0,0,0,0,0,2,1,3
MBX,VanEck Emerging Markets Bond ETF,Financial,Exchange Traded Fund,USA,,,49.63,0.24%,20808.0,0,0,0,-1,0,0,0,0,0,0,0,0,0,0,0,0,0,0,0,0,0,0,0,0,0,0,0,0,0,1,1
MC,Global X Emerging Markets Great Consumer ETF,Financial,Exchange Traded Fund,USA,,,37.09,1.30%,1045.0,0,0,0,0,0,0,0,0,0,0,0,0,0,0,0,1,0,0,0,0,0,0,0,0,0,0,0,0,1,0,1
MCS,Xtrackers MSCI Emerging Markets Select ETF,Financial,Exchange Traded Fund,USA,,,46.31,1.26%,5755.0,0,1,0,0,0,0,0,0,0,0,0,0,0,0,0,0,0,0,0,0,0,0,0,0,0,0,0,0,1,0,1
ME,Emcor Group Inc,Industrials,Engineering & Construction,USA,34820000000.0,24.5,789.45,1.44%,181101.0,0,0,0,0,0,0,0,0,1,0,0,0,0,0,0,1,0,0,0,0,0,0,0,0,0,0,0,0,2,0,2
MET,VanEck Copper and Electrification Metals ETF,Financial,Exchange Traded Fund,USA,,,41.55,3.16%,2912.0,0,0,0,0,0,0,0,0,0,0,0,0,-1,-1,0,0,0,0,0,0,0,0,0,0,0,0,0,0,0,2,2
MIF,iShares Emerging Markets Infrastructure ETF,Financial,Exchange Traded Fund,USA,,,27.65,1.12%,4037.0,0,0,0,0,0,0,0,0,1,1,0,0,0,0,0,0,0,0,0,0,0,0,0,0,0,0,0,0,2,0,2
MJL,Corgi EM 15% Buffer - Jul,Financial,Exchange Traded Fund,USA,,,24.38,0.99%,6.0,0,0,0,0,0,0,0,0,1,0,0,0,0,0,0,0,0,0,0,0,0,0,0,0,0,0,0,0,1,0,1
MJN,Corgi EM 15% Buffer - Jun,Financial,Exchange Traded Fund,USA,,,23.12,0.69%,6.0,0,0,0,0,0,0,0,0,0,0,1,0,0,0,0,0,0,0,0,0,0,0,0,0,0,0,0,0,1,0,1
MKT,Lazard Emerging Markets Opportunities ETF,Financial,Exchange Traded Fund,USA,,,31.2,0.78%,3553.0,0,0,0,0,0,0,0,0,0,0,0,0,0,0,0,1,0,0,0,0,0,0,0,0,0,0,0,0,1,0,1
ML,Eastern Co,Industrials,Tools & Accessories,USA,147970000.0,18.47,24.59,-2.19%,3278.0,0,0,0,0,0,0,0,0,0,0,0,0,-1,0,0,0,0,0,0,0,0,0,0,0,0,0,0,0,0,1,1
MLP,First Trust North American Energy Infrastructure Fund,Financial,Exchange Traded Fund,USA,,,42.36,-0.02%,127117.0,0,1,0,0,0,1,0,0,0,0,0,0,0,0,0,0,0,0,0,0,0,0,0,0,0,0,0,0,2,0,2
MN,Eastman Chemical Co,Basic Materials,Specialty Chemicals,USA,7170000000.0,16.33,62.69,-1.68%,982539.0,0,0,0,0,0,0,0,0,0,0,0,0,0,0,0,1,0,0,0,0,0,0,0,0,0,0,0,0,1,0,1
MNT,PIMCO Enhanced Short Maturity Active ESG ETF,Financial,Exchange Traded Fund,USA,,,98.47,-0.01%,6220.0,0,1,0,0,0,0,0,0,0,0,0,0,0,0,0,0,0,0,0,0,0,0,0,0,0,0,0,0,1,0,1
MPB,Efficient Market Portfolio Plus ETF,Financial,Exchange Traded Fund,USA,,,35.02,0.37%,4407.0,0,0,0,0,0,0,0,0,0,0,0,0,0,0,0,0,0,1,0,0,0,0,0,0,0,0,0,0,1,0,1
MQQ,EMQQ The Emerging Markets Internet ETF,Financial,Exchange Traded Fund,USA,,,32.01,2.63%,22522.0,0,0,0,0,0,0,0,0,0,0,1,0,0,0,0,0,0,0,0,0,0,0,0,0,0,0,0,0,1,0,1
MR,Emerson Electric Co,Industrials,Specialty Industrial Machinery,USA,90270000000.0,35.36,161.83,1.74%,2555758.0,0,0,0,0,0,0,0,0,0,0,1,0,0,0,0,0,0,0,0,0,0,0,0,0,0,0,0,0,1,0,1
MSC,Sophus Capital Emerging Market Small Cap ETF,Financial,Exchange Traded Fund,USA,,,25.08,0.00%,88.0,0,0,0,0,0,0,0,0,0,0,0,0,-1,0,0,0,0,0,0,0,1,0,0,1,0,0,0,0,2,1,3
MXF,iShares ESG Advanced MSCI EM ETF,Financial,Exchange Traded Fund,USA,,,57.16,1.11%,4232.0,0,0,0,0,0,0,0,0,0,0,1,0,0,0,0,0,0,0,0,0,1,0,-1,0,0,0,0,0,2,1,3
NDW,Cambria Endowment Style ETF,Financial,Exchange Traded Fund,USA,,,34.49,0.46%,14706.0,0,1,0,0,0,0,0,0,0,0,0,0,0,0,0,0,0,0,0,0,0,0,0,0,0,0,0,0,1,0,1
NFR,Alerian Energy Infrastructure ETF,Financial,Exchange Traded Fund,USA,,,38.01,-0.24%,46336.0,0,0,0,0,0,0,0,0,0,0,0,0,0,0,0,0,0,0,0,0,0,0,0,0,-1,0,0,0,0,1,1
NGS,Energys Group Ltd,Industrials,Waste Management,United Kingdom,146940000.0,,3.3,0.61%,490243.0,0,0,0,0,0,0,0,0,0,0,1,1,0,0,0,0,0,0,0,0,0,0,0,0,0,0,0,0,2,0,2
NOR,iShares MSCI Norway ETF,Financial,Exchange Traded Fund,USA,,,35.36,1.20%,1933191.0,0,0,0,0,0,0,0,0,0,0,0,0,0,0,0,0,0,0,0,0,0,0,0,0,-1,0,0,0,0,1,1
NPH,Enphase Energy Inc,Technology,Solar,USA,4340000000.0,32.51,32.81,-0.30%,3751298.0,0,0,0,0,0,0,0,0,0,0,0,0,0,0,0,0,0,0,0,0,0,0,0,0,0,1,0,0,1,0,1
NR,Energizer Holdings Inc,Industrials,Electrical Equipment & Parts,USA,1460000000.0,18.15,21.33,-0.51%,527456.0,0,0,0,0,0,0,0,0,0,0,0,0,-1,0,0,0,0,0,0,0,0,0,0,0,0,0,0,0,0,1,1
NSC,Ensysce Biosciences Inc,Healthcare,Biotechnology,USA,10250000.0,,0.53,15.07%,2677375.0,0,1,0,-1,0,0,0,0,0,0,0,0,0,0,0,0,0,0,0,0,0,0,0,0,0,0,0,0,1,1,2
NTA,Enanta Pharmaceuticals Inc,Healthcare,Biotechnology,USA,364070000.0,,12.5,3.31%,182070.0,0,1,0,0,0,0,0,0,0,0,0,0,0,0,0,0,0,0,0,0,0,0,0,0,0,0,0,0,1,0,1
NTG,Entegris Inc,Technology,Semiconductor Equipment & Materials,USA,25330000000.0,83.03,165.79,2.22%,1480052.0,0,0,0,0,0,0,0,0,0,0,0,0,-1,0,0,0,0,0,0,0,0,0,0,0,0,0,0,0,0,1,1
NTL,Leverage Shares 2X Long ENTG Daily ETF,Financial,Exchange Traded Fund,USA,,,9.71,3.89%,327.0,0,0,0,0,0,0,0,0,0,0,1,0,0,0,0,0,0,0,0,0,0,0,0,0,0,0,0,0,1,0,1
OCN,Eocene Ltd,Healthcare,Biotechnology,Israel,3690000.0,,3.54,-2.21%,5975.0,0,0,0,0,0,0,0,0,1,0,0,0,0,0,0,0,0,0,0,0,0,0,0,0,0,0,0,0,1,0,1
OD,Allspring Global Dividend Opportunity Fund,Financial,Closed-End Fund - Equity,USA,277340000.0,,6.44,2.06%,166089.0,0,0,0,0,0,0,0,0,0,0,0,0,0,0,0,0,0,0,0,0,1,0,-1,0,0,0,0,0,1,1,2
OG,EOG Resources Inc,Energy,Oil & Gas E&P,USA,77710000000.0,11.53,148.16,-0.24%,2277822.0,0,0,0,-1,0,0,0,0,0,0,0,0,0,0,0,0,0,0,0,0,0,0,0,0,0,0,0,0,0,1,1
OI,Eaton Vance Enhanced Equity Income Fund,Financial,Closed-End Fund - Equity,USA,829060000.0,,20.22,1.15%,96042.0,0,0,0,0,0,0,0,-1,0,0,0,0,0,0,0,0,0,0,0,0,0,0,0,0,0,0,0,0,0,1,1
ONR,EON Resources Inc,Energy,Oil & Gas E&P,USA,26620000.0,,0.48,-1.71%,267920.0,0,0,0,0,0,0,0,0,1,0,0,0,0,0,0,0,0,0,0,0,0,0,0,0,0,0,0,0,1,0,1
PAC,Enerpac Tool Group Corp,Industrials,Specialty Industrial Machinery,USA,1790000000.0,19.74,34.93,0.06%,313887.0,0,0,0,0,0,0,0,0,0,0,0,0,0,0,0,0,0,1,0,0,0,0,0,0,0,0,0,0,1,0,1
PEM,Harbor Emerging Markets Equity ETF,Financial,Exchange Traded Fund,USA,,,30.97,1.18%,6.0,0,1,0,0,0,0,0,0,0,0,1,0,0,0,0,0,0,0,0,0,0,0,0,0,-1,0,0,0,2,1,3
PHE,iShares MSCI Philippines ETF,Financial,Exchange Traded Fund,USA,,,22.79,2.33%,489666.0,0,1,0,0,0,0,0,0,1,0,0,0,0,0,0,0,0,0,0,0,0,0,0,0,0,0,0,0,2,0,2
PM,Evolution Petroleum Corp,Energy,Oil & Gas E&P,USA,147440000.0,,3.67,0.82%,249619.0,0,0,0,0,0,0,0,0,1,0,0,0,0,0,0,0,0,0,0,0,0,0,0,0,0,0,0,0,1,0,1
POW,E-Power Inc,Industrials,Electrical Equipment & Parts,China,9250000.0,,3.28,-0.91%,16835.0,0,0,0,0,0,0,0,0,1,0,0,0,0,0,0,0,0,0,0,0,0,0,0,0,0,0,0,0,1,0,1
PRF,Innovator S&P Investment Grade Preferred ETF,Financial,Exchange Traded Fund,USA,,,15.72,0.41%,10809.0,0,0,0,0,0,0,0,0,1,0,0,0,0,0,0,0,0,0,0,0,0,0,0,0,0,0,0,0,1,0,1
PSM,Epsium Enterprise Ltd,Consumer Defensive,Beverages - Wineries & Distilleries,China,3030000.0,,1.13,-9.92%,32132.0,0,0,0,0,0,1,0,0,0,0,0,0,-1,-1,0,0,0,0,0,0,0,0,0,0,0,0,0,0,1,2,3
PSN,Epsilon Energy Ltd,Energy,Oil & Gas E&P,USA,180190000.0,,5.95,-1.98%,61310.0,0,1,0,0,0,0,0,0,0,0,1,1,0,0,0,0,0,0,0,0,0,0,0,0,-1,0,0,0,3,1,4
PSV,Harbor SMID Cap Value ETF,Financial,Exchange Traded Fund,USA,,,29.3,0.43%,479.0,0,0,0,0,0,0,0,0,1,0,0,0,0,0,0,0,0,0,0,0,0,0,0,0,0,0,0,0,1,0,1
PV,ProShares UltraShort FTSE Europe -2X Shares,Financial,Exchange Traded Fund,USA,,,19.16,-1.29%,9734.0,0,1,0,0,0,0,0,0,0,0,0,0,0,0,0,0,0,0,0,0,0,0,0,0,0,0,0,0,1,0,1
QH,Equitable Holdings Inc,Financial,Asset Management,USA,14450000000.0,,52.92,-1.05%,2203765.0,0,0,0,0,0,0,0,-1,0,0,0,0,0,0,0,0,0,0,0,0,0,0,0,0,0,0,0,0,0,1,1
QIX,Equinix Inc,Real Estate,REIT - Specialty,USA,101240000000.0,66.03,1026.06,1.47%,333820.0,0,0,0,0,0,0,0,0,0,0,0,0,-1,0,0,0,0,0,0,0,1,0,0,0,0,0,0,0,1,1,2
QPT,Equipmentshare.Com Inc,Industrials,Rental & Leasing Services,USA,3830000000.0,194.65,15.09,-3.67%,4931325.0,0,0,0,0,0,0,0,0,1,1,0,0,0,0,0,0,0,0,0,0,0,0,0,0,0,0,0,0,2,0,2
QT,EQT Corp,Energy,Oil & Gas E&P,USA,33049999999.999996,12.25,52.83,-0.21%,4245730.0,0,0,0,0,0,0,0,0,0,0,0,0,-1,-1,0,0,0,0,0,0,0,0,0,0,0,0,0,0,0,2,2
RIE,Erie Indemnity Co,Financial,Insurance Brokers,USA,10340000000.0,20.27,222.04,-1.99%,151394.0,0,0,0,0,0,0,0,0,0,0,0,0,0,0,0,0,0,0,0,0,0,0,0,0,0,1,0,0,1,0,1
RO,Ero Copper Corp,Basic Materials,Copper,Canada,3920000000.0,12.7,37.61,4.53%,1614689.0,0,1,0,0,0,0,0,0,0,0,0,0,0,0,0,0,0,0,0,0,0,0,0,0,0,0,0,0,1,0,1
ROK,EagleRock Land LLC,Energy,Oil & Gas Equipment & Services,USA,2880000000.0,,21.91,1.53%,105102.0,0,1,0,0,0,0,0,0,0,0,0,0,0,0,0,0,0,0,0,0,0,0,0,0,0,0,0,0,1,0,1
RY,Direxion Daily Energy Bear 2X ETF,Financial,Exchange Traded Fund,USA,,,8.47,0.59%,22519724.0,0,0,0,0,0,0,0,0,1,0,0,0,0,0,0,0,0,0,0,0,0,0,0,0,0,0,0,0,1,0,1
S,Eversource Energy,Utilities,Utilities - Regulated Electric,USA,24760000000.0,17.02,65.73,0.06%,2136945.0,0,1,0,0,0,0,0,0,0,0,0,0,0,0,0,0,0,0,0,0,0,0,0,0,0,0,0,0,1,0,1
SBA,Empire State Realty OP LP,Real Estate,REIT - Office,USA,1270000000.0,252.78,4.55,2.71%,11874.0,0,0,0,0,0,0,0,0,1,0,0,0,0,0,0,0,0,0,0,0,0,0,0,0,0,0,0,0,1,0,1
SBG,"First Trust Enhanced Stocks, Bonds & Gold ETF",Financial,Exchange Traded Fund,USA,,,20.95,1.61%,10.0,0,1,0,0,0,0,0,0,0,0,0,0,0,0,0,0,0,0,0,0,1,0,0,0,0,0,0,0,2,0,2
SE,Esco Technologies Inc,Technology,Scientific & Technical Instruments,USA,7990000000.0,47.03,257.83,1.48%,187825.0,0,0,0,0,0,0,0,0,1,0,0,0,0,0,0,0,0,0,0,0,0,0,0,0,0,0,0,0,1,0,1
SEA,Euroseas Ltd,Industrials,Marine Shipping,Greece,468390000.0,3.67,71.24,-2.96%,35767.0,0,0,0,-1,0,0,0,0,0,0,0,0,0,0,0,0,0,1,0,0,0,0,0,0,0,0,0,0,1,1,2
SGU,iShares Trust iShares ESG Aware MSCI USA ETF,Financial,Exchange Traded Fund,USA,,,170.52,0.67%,464173.0,0,0,0,0,0,0,0,0,0,0,1,0,0,0,0,0,0,0,0,0,0,0,0,0,0,0,0,0,1,0,1
SI,Element Solutions Inc,Basic Materials,Specialty Chemicals,USA,8850000000.0,49.49,36.32,-1.06%,5256640.0,0,0,0,0,0,0,0,0,1,0,0,0,0,0,0,0,0,0,0,0,0,0,0,0,0,0,0,0,1,0,1
SLG,Eventide Large Cap Growth ETF,Financial,Exchange Traded Fund,USA,,,29.08,0.82%,1381.0,0,0,0,-1,0,0,0,0,0,0,0,0,0,0,0,0,0,0,0,0,0,0,0,0,0,0,0,0,0,1,1
SLT,Elbit Systems Ltd,Industrials,Aerospace & Defense,Israel,30730000000.0,49.42,655.74,-1.41%,64395.0,0,0,0,0,0,0,0,0,0,0,0,0,0,0,0,0,0,0,0,-1,0,0,0,0,0,0,0,0,0,1,1
SML,iShares ESG Aware MSCI USA Small-Cap ETF,Financial,Exchange Traded Fund,USA,,,52.74,0.59%,192183.0,0,0,0,0,0,0,0,0,1,0,0,0,0,0,0,0,0,0,0,0,0,0,0,0,0,0,0,0,1,0,1
SN,Essential 40 Stock ETF,Financial,Exchange Traded Fund,USA,,,20.56,0.09%,31038.0,0,0,0,-1,0,0,0,0,0,0,0,0,0,0,0,0,0,1,0,0,0,0,0,0,0,0,0,0,1,1,2
SQ,Esquire Financial Holdings Inc,Financial,Banks - Regional,USA,1440000000.0,19.58,118.57,0.43%,84509.0,0,0,0,0,0,0,0,0,1,0,0,0,0,0,0,0,0,0,0,0,0,0,0,0,0,0,0,0,1,0,1
SRT,Empire State Realty Trust Inc,Real Estate,REIT - Diversified,USA,801610000.0,257.22,4.63,1.09%,3722563.0,0,1,0,0,0,0,0,0,0,0,0,0,0,0,0,0,0,0,0,0,0,0,0,0,0,0,0,0,1,0,1
T,Energy Transfer LP,Energy,Oil & Gas Midstream,USA,70280000000.0,13.98,20.41,-1.02%,4028263.0,0,0,0,-1,0,0,0,0,0,0,0,0,0,0,0,0,0,0,0,0,0,0,0,0,0,0,0,0,0,1,1
TB,Eaton Vance Tax-Managed Buy-Write Income Fund,Financial,Closed-End Fund - Equity,USA,458830000.0,,15.62,1.03%,82293.0,0,1,0,-1,0,0,0,-1,0,0,0,0,0,0,0,0,0,0,0,0,0,0,0,0,0,0,0,0,1,2,3
TEC,iShares Breakthrough Environmental Solutions ETF,Financial,Exchange Traded Fund,USA,,,24.42,1.24%,445.0,0,0,0,0,0,0,0,0,1,0,0,0,0,0,0,0,0,0,0,0,0,0,0,0,0,0,0,0,1,0,1
TG,Eaton Vance Tax-Advantaged Global Dividend Income Fund,Financial,Closed-End Fund - Equity,USA,1770000000.0,,23.16,0.65%,66966.0,0,1,0,0,0,0,0,0,0,0,0,0,0,0,0,0,0,0,0,0,0,0,0,0,0,0,0,0,1,0,1
TJ,Eaton Vance Risk-Managed Diversified Equity Income Fund,Financial,Closed-End Fund - Equity,USA,554570000.0,,8.24,1.35%,255555.0,0,1,0,-1,0,0,0,0,0,0,0,0,0,0,0,0,0,0,0,0,0,0,0,0,0,0,0,0,1,1,2
TV,Eaton Vance Tax-Managed Buy-Write Opportunities Fund,Financial,Closed-End Fund - Equity,USA,1770000000.0,,15.17,1.20%,193726.0,0,0,0,0,0,0,0,-1,0,0,0,0,0,0,0,0,0,0,0,0,0,0,0,0,0,0,0,0,0,1,1
U,enCore Energy Corp,Energy,Uranium,USA,188390000.0,,0.97,-3.99%,3020454.0,0,0,0,0,0,1,0,0,0,0,0,0,0,0,0,0,0,0,0,-1,0,0,0,0,0,0,0,0,1,1,2
UM,ProShares Short MSCI Emerging Markets -1x Shares,Financial,Exchange Traded Fund,USA,,,15.72,-0.88%,9630.0,0,0,0,0,0,0,0,0,0,0,0,0,0,0,0,1,0,0,0,0,0,0,0,0,0,0,0,0,1,0,1
URK,Eureka Acquisition Corp,Financial,Shell Companies,Hong Kong,25020000.0,313.35,11.5,0.00%,53.0,0,0,0,0,0,0,0,0,0,0,0,0,0,0,0,0,0,0,0,0,0,0,-1,0,0,0,0,0,0,1,1
VAX,Evaxion A/S ADR,Healthcare,Biotechnology,Denmark,25600000.0,,3.07,0.66%,27855.0,0,0,0,0,0,0,0,0,0,0,0,0,-1,0,0,0,0,0,0,0,0,0,0,0,0,0,0,0,0,1,1
VCM,EverCommerce Inc,Technology,Software - Application,USA,1610000000.0,47.11,9.14,0.88%,71145.0,0,1,0,0,0,0,0,0,1,0,0,0,0,0,0,0,0,0,0,0,0,0,0,0,0,0,0,0,2,0,2
VEX,Eve Holding Inc,Industrials,Aerospace & Defense,USA,581970000.0,,1.67,0.00%,1082405.0,0,0,0,0,0,0,0,0,1,1,0,0,0,0,0,0,0,0,0,0,0,0,0,0,0,0,0,0,2,0,2
VG,Eaton Vance Short Duration Diversified Income Fund,Financial,Closed-End Fund - Debt,USA,138740000.0,,10.31,0.59%,24133.0,0,0,0,-1,0,0,0,0,0,0,0,0,0,0,0,0,0,0,0,0,0,0,0,0,0,0,0,0,0,1,1
VGO,EVgo Inc,Consumer Cyclical,Specialty Retail,USA,383700000.0,,1.22,-3.94%,2899910.0,0,0,0,0,0,0,0,0,1,0,0,0,0,0,0,0,0,0,0,0,0,0,0,0,0,0,0,0,1,0,1
VLN,Eaton Vance Floating-Rate ETF,Financial,Exchange Traded Fund,USA,,,48.22,-0.06%,35433.0,0,0,0,0,0,0,0,0,0,0,1,0,0,0,0,0,0,0,0,0,0,0,0,0,0,0,0,0,1,0,1
VMT,Invesco Electric Vehicle Metals Commodity Strategy No K-1 ETF,Financial,Exchange Traded Fund,USA,,,17.23,0.59%,256.0,0,0,0,0,0,1,0,0,0,0,1,1,0,0,0,1,0,0,0,0,0,0,0,0,0,0,0,0,4,0,4
VO,Evotec SE ADR,Healthcare,Drug Manufacturers - Specialty & Generic,Germany,543430000.0,,1.53,-2.55%,40005.0,0,0,0,-1,0,0,0,0,1,0,0,0,0,0,0,0,0,0,0,0,0,0,0,0,0,0,0,0,1,1,2
VSB,Eaton Vance Ultra-Short Income ETF,Financial,Exchange Traded Fund,USA,,,50.69,0.00%,776999.0,0,1,0,0,0,0,0,0,0,0,0,0,0,0,0,0,0,0,0,0,0,0,0,0,0,0,0,0,1,0,1
VTC,Evertec Inc,Technology,Software - Infrastructure,USA,1770000000.0,19.35,29.64,1.02%,225330.0,0,0,0,0,0,0,0,0,0,0,0,0,0,0,0,0,0,0,0,0,0,0,0,0,0,0,0,1,1,0,1
W,Edwards Lifesciences Corp,Healthcare,Medical Devices,USA,49120000000.0,50.56,85.21,1.15%,3890694.0,0,0,0,0,0,1,0,0,0,0,0,0,0,0,0,1,0,0,0,0,0,0,0,0,0,0,0,0,2,0,2
WA,iShares MSCI Australia ETF,Financial,Exchange Traded Fund,USA,,,28.62,1.38%,1755569.0,0,1,0,-1,0,0,0,0,0,0,1,1,0,0,0,0,0,0,0,0,0,0,0,0,0,0,0,0,3,1,4
WBC,East West Bancorp Inc,Financial,Banks - Regional,USA,17200000000.0,12.05,125.53,-0.57%,663702.0,0,0,0,0,0,0,0,0,0,0,0,0,0,0,0,0,0,0,0,0,0,0,0,0,-1,0,0,0,0,1,1
WD,iShares MSCI Sweden ETF,Financial,Exchange Traded Fund,USA,,,50.71,1.18%,615709.0,0,0,0,0,0,0,0,0,0,0,1,1,0,0,0,0,0,0,0,0,0,0,0,0,0,0,0,0,2,0,2
WJ,iShares MSCI Japan ETF,Financial,Exchange Traded Fund,USA,,,97.86,0.55%,2365120.0,0,0,0,0,0,0,0,-1,0,0,0,0,0,0,0,0,0,0,0,0,0,0,0,0,0,0,0,0,0,1,1
WK,iShares MSCI Belgium ETF,Financial,Exchange Traded Fund,USA,,,25.15,0.52%,18498.0,0,0,0,0,0,0,0,0,0,0,1,0,0,0,0,0,0,0,0,0,0,0,0,0,0,0,0,0,1,0,1
WN,iShares MSCI Netherlands ETF,Financial,Exchange Traded Fund,USA,,,66.64,0.70%,960656.0,0,1,0,0,0,0,0,0,0,0,0,0,0,0,0,0,0,0,0,0,0,0,0,0,0,0,0,0,1,0,1
WV,ProShares UltraShort MSCI Japan -2x Shares,Financial,Exchange Traded Fund,USA,,,15.76,-1.18%,2765.0,0,0,0,0,0,0,0,0,1,1,0,0,0,0,0,0,0,0,0,0,0,0,0,0,0,0,0,0,2,0,2
WW,iShares MSCI Mexico ETF,Financial,Exchange Traded Fund,USA,,,71.95,0.59%,1243326.0,0,0,0,0,0,0,0,0,0,0,0,0,-1,-1,0,0,0,0,0,0,0,0,0,0,0,0,0,0,0,2,2
WX,State Street SPDR S&P Emerging Markets Small Cap ETF,Financial,Exchange Traded Fund,USA,,,71.64,1.00%,14797.0,0,0,0,0,0,0,0,0,0,0,0,0,0,0,0,0,0,0,0,0,0,0,0,0,0,0,-1,0,0,1,1
XE,Expand Energy Corp,Energy,Oil & Gas E&P,USA,20420000000.0,7.61,88.22,-0.72%,2107157.0,0,1,0,0,0,0,0,0,0,0,0,0,0,0,0,0,0,0,0,0,0,0,0,0,0,0,0,0,1,0,1
XK,Endeavour Silver Corp,Basic Materials,Silver,Canada,2560000000.0,48.84,8.65,0.93%,6516360.0,0,0,0,0,0,0,0,0,1,0,0,0,0,0,0,0,0,0,0,0,0,0,0,0,0,0,0,0,1,0,1
XOZ,eXoZymes Inc,Healthcare,Biotechnology,USA,48720000.0,,5.25,-0.38%,1025.0,0,0,0,0,0,0,0,0,1,0,0,0,0,0,0,0,0,0,0,0,0,0,0,0,0,0,0,0,1,0,1
XPD,Expeditors International Of Washington Inc,Industrials,Integrated Freight & Logistics,USA,25120000000.0,28.12,193.24,-0.24%,1284729.0,0,0,0,0,0,0,0,-1,0,0,0,0,0,0,0,0,0,0,0,0,0,0,0,0,0,0,0,0,0,1,1
YLD,Cambria Emerging Shareholder Yield ETF,Financial,Exchange Traded Fund,USA,,,48.41,1.04%,107431.0,0,1,0,0,0,0,0,0,0,0,1,0,0,0,0,0,0,0,0,0,0,0,-1,0,0,0,0,0,2,1,3
ZJ,ProShares Ultra MSCI Japan 2x Shares,Financial,Exchange Traded Fund,USA,,,69.31,1.17%,5639.0,0,1,0,-1,0,0,0,0,0,0,1,1,0,0,0,0,0,0,0,0,0,0,0,0,0,0,0,0,3,1,4
ZPW,EZCorp Inc,Financial,Credit Services,USA,1960000000.0,16.24,31.96,2.53%,908805.0,0,1,0,0,0,0,0,0,0,0,0,0,0,0,0,0,0,0,0,0,0,0,0,0,0,0,0,0,1,0,1
AAA,Fidelity AAA CLO ETF,Financial,Exchange Traded Fund,USA,,,50.31,0.03%,47964.0,0,0,0,-1,0,0,0,0,0,0,0,0,0,0,0,0,0,1,0,0,0,0,0,0,0,0,0,0,1,1,2
AD,First Trust Multi Cap Growth AlphaDEX Fund,Financial,Exchange Traded Fund,USA,,,184.65,1.49%,5124.0,0,0,0,0,0,0,0,0,1,1,0,0,0,0,0,0,0,0,0,0,0,0,0,0,0,0,0,0,2,0,2
AN,First Trust Global Wind Energy ETF,Financial,Exchange Traded Fund,USA,,,22.23,1.00%,22645.0,0,0,0,0,0,0,0,0,0,0,0,0,-1,-1,0,0,0,0,0,0,0,0,0,0,0,0,0,0,0,2,2
ANG,Diamondback Energy Inc,Energy,Oil & Gas E&P,USA,53800000000.0,37.22,192.13,0.23%,1145648.0,0,1,0,0,0,0,0,0,0,0,1,0,0,0,0,0,0,0,0,0,0,0,0,0,-1,0,0,0,2,1,3
APR,FT Vest U.S. Equity Buffer ETF - April,Financial,Exchange Traded Fund,USA,,,48.35,0.31%,15460.0,0,0,0,0,0,0,0,-1,0,0,0,0,0,0,0,0,0,0,0,0,0,0,0,0,0,0,0,0,0,1,1
AUG,FT Vest U.S. Equity Buffer ETF - August,Financial,Exchange Traded Fund,USA,,,58.44,0.41%,13105.0,0,0,0,0,0,0,0,-1,0,0,0,0,0,0,0,0,0,0,0,0,0,0,0,0,0,0,0,0,0,1,1
B,ProShares S&P 500 Dynamic Buffer ETF,Financial,Exchange Traded Fund,USA,,,45.99,0.27%,1042.0,0,0,0,0,0,1,0,0,0,0,0,0,0,0,0,0,0,0,0,0,0,0,0,0,0,0,0,0,1,0,1
BCG,Fidelity Blue Chip Growth ETF,Financial,Exchange Traded Fund,USA,,,63.97,0.66%,771409.0,0,0,0,0,0,0,0,-1,0,0,0,0,0,0,0,0,0,0,0,0,0,0,0,0,0,0,0,0,0,1,1
BDC,FT Confluence BDC & Specialty Finance Income ETF,Financial,Exchange Traded Fund,USA,,,16.51,-0.83%,20958.0,0,0,0,0,0,0,0,0,0,0,0,0,-1,0,0,0,0,0,0,0,0,0,0,0,0,0,0,0,0,1,1
BGL,FBS Global Ltd,Industrials,Engineering & Construction,USA,4700000.0,,3.48,-2.79%,4364.0,0,0,0,0,0,0,0,0,0,0,0,0,-1,0,0,0,0,0,0,0,0,0,0,0,0,0,0,0,0,1,1
BIO,Fortress Biotech Inc,Healthcare,Biotechnology,USA,71200000.0,0.8,2.13,2.15%,186208.0,0,0,0,0,0,0,0,0,0,0,1,0,0,0,0,0,0,0,0,0,0,0,0,0,0,0,0,0,1,0,1
BIZ,First Business Financial Services Inc,Financial,Banks - Regional,USA,580430000.0,10.58,69.36,-1.77%,106698.0,0,0,0,0,0,0,0,0,0,0,1,0,0,0,0,0,0,0,0,0,0,0,-1,0,0,0,0,0,1,1,2
BOT,Fidelity Disruptive Automation ETF,Financial,Exchange Traded Fund,USA,,,39.61,1.18%,9266.0,0,0,0,0,0,0,0,-1,0,0,0,0,0,0,0,0,0,0,0,0,0,0,0,0,0,0,0,0,0,1,1
BRT,Franklin BSP Realty Trust Inc,Real Estate,REIT - Mortgage,USA,514049999.99999994,14.08,6.19,-1.12%,938753.0,0,0,0,0,0,0,0,0,0,0,0,0,0,0,0,0,0,0,0,-1,0,0,0,0,0,0,0,0,0,1,1
BT,First Trust NYSE Arca Biotechnology Index Fund,Financial,Exchange Traded Fund,USA,,,265.4,2.00%,187330.0,0,0,0,0,0,0,0,0,0,0,1,0,0,0,0,0,0,0,0,0,0,0,-1,0,0,0,0,0,1,1,2
C,Franklin Covey Co,Consumer Defensive,Education & Training Services,USA,204980000.0,107.59,18.15,-0.55%,68062.0,0,0,0,0,0,0,0,0,0,0,0,0,0,0,0,0,0,0,0,0,0,0,0,0,0,0,-1,0,0,1,1
CBC,First Community Bankshares Inc,Financial,Banks - Regional,USA,895210000.0,14.97,47.34,-0.57%,143201.0,0,0,0,0,0,1,0,0,0,0,0,0,0,0,0,0,0,1,0,0,0,0,0,0,0,0,0,0,2,0,2
CEL,Fuelcell Energy Inc,Industrials,Electrical Equipment & Parts,USA,1440000000.0,,18.03,4.55%,6151929.0,0,0,0,0,0,0,0,0,0,0,0,0,-1,0,0,0,0,0,0,0,0,0,0,0,0,0,0,0,0,1,1
CFY,First Trust S&P 500 Diversified Free Cash Flow ETF,Financial,Exchange Traded Fund,USA,,,29.42,-0.42%,128.0,0,0,0,0,0,0,0,-1,0,0,0,0,0,0,0,0,0,0,0,0,0,0,0,0,0,0,0,0,0,1,1
CLO,Fidelity CLO ETF,Financial,Exchange Traded Fund,USA,,,50.44,-0.01%,8813.0,0,0,0,0,0,1,0,0,0,0,0,0,0,0,0,0,0,0,0,0,0,0,0,0,0,0,0,0,1,0,1
CN,FTI Consulting Inc,Industrials,Consulting Services,USA,3760000000.0,16.46,136.16,-3.09%,274704.0,0,0,0,0,0,1,0,0,1,1,0,0,0,0,0,0,0,0,0,0,0,0,0,0,0,0,0,0,3,0,3
CPI,Fidelity Stocks for Inflation ETF,Financial,Exchange Traded Fund,USA,,,57.06,0.10%,22856.0,0,0,0,-1,0,0,0,0,0,0,0,0,0,0,0,0,0,0,0,0,0,0,0,0,0,0,0,0,0,1,1
CSH,Federated Hermes Short Duration Corporate ETF,Financial,Exchange Traded Fund,USA,,,23.7,-0.04%,6.0,0,0,0,0,0,0,0,0,1,0,0,0,0,0,0,0,0,0,0,0,0,0,0,0,0,0,0,0,1,0,1
CVT,First Trust SSI Strategic Convertible Securities ETF,Financial,Exchange Traded Fund,USA,,,48.96,1.10%,3657.0,0,0,0,0,0,0,0,0,0,0,0,0,0,0,0,1,0,0,0,0,0,0,0,0,0,0,0,0,1,0,1
DAT,Tactical Advantage ETF,Financial,Exchange Traded Fund,USA,,,22.27,0.43%,423.0,0,1,0,0,0,1,0,0,0,0,0,0,0,0,0,0,0,0,0,0,0,0,0,0,0,0,0,0,2,0,2
DBC,Fidelity D&D Bancorp Inc,Financial,Banks - Regional,USA,317900000.0,10.43,54.73,-3.37%,8409.0,0,0,0,0,0,0,0,-1,0,0,0,0,0,0,0,0,0,0,0,0,0,0,0,0,0,0,0,0,0,1,1
DCF,Fidelity Disruptive Communications ETF,Financial,Exchange Traded Fund,USA,,,52.76,0.83%,3501.0,0,0,0,0,0,0,0,0,0,0,1,1,0,0,0,0,0,0,0,0,0,0,0,0,0,0,0,0,2,0,2
DFF,Fidelity Disruptive Finance ETF,Financial,Exchange Traded Fund,USA,,,35.43,1.39%,1290.0,0,0,0,0,0,0,0,0,0,0,0,0,0,0,0,0,0,1,0,0,0,0,0,0,0,0,0,0,1,0,1
DHY,Fidelity Enhanced High Yield ETF,Financial,Exchange Traded Fund,USA,,,47.8,0.15%,34133.0,0,0,0,-1,0,0,0,0,0,0,0,0,0,0,0,0,0,0,0,0,0,0,0,0,0,0,0,0,0,1,1
DIF,Fidelity Disruptors ETF,Financial,Exchange Traded Fund,USA,,,42.37,1.66%,1949.0,0,0,0,-1,0,0,0,-1,0,0,0,0,0,0,0,0,0,0,0,0,0,0,0,0,0,0,0,0,0,2,2
DIQ,Invesco Bloomberg Financial Data Providers ETF,Financial,Exchange Traded Fund,USA,,,70.07,1.05%,4457.0,0,0,0,0,0,0,0,0,0,0,1,0,0,0,0,0,0,0,0,0,0,0,-1,0,0,0,0,0,1,1,2
DN,First Trust Dow Jones Internet Index Fund,Financial,Exchange Traded Fund,USA,,,301.32,2.15%,90324.0,0,0,0,0,0,0,0,-1,0,0,0,0,0,0,0,0,0,0,0,0,0,0,0,0,0,0,0,0,0,1,1
DND,FT Vest Dow Jones Internet & Target Income ETF,Financial,Exchange Traded Fund,USA,,,23.36,2.22%,1218.0,0,0,0,0,0,0,0,0,0,0,1,0,0,0,0,0,0,0,0,0,0,0,0,0,0,0,0,0,1,0,1
DRR,Fidelity Dividend ETF for Rising Rates,Financial,Exchange Traded Fund,USA,,,69.48,0.26%,15785.0,0,0,0,0,0,0,0,0,0,0,0,0,0,0,0,0,0,0,0,0,0,0,0,0,-1,0,0,0,0,1,1
DRX,Founder-Led 2X Daily ETF,Financial,Exchange Traded Fund,USA,,,26.45,4.34%,12255.0,0,0,0,0,0,0,0,0,0,0,1,0,0,0,0,0,0,0,0,0,0,0,0,0,0,0,0,0,1,0,1
DSB,Fifth District Bancorp Inc,Financial,Banks - Regional,USA,90680000.0,53.23,17.32,-1.37%,5041.0,0,0,0,0,0,0,0,0,1,0,0,0,0,0,0,0,0,0,0,0,0,0,0,0,0,0,0,0,1,0,1
DTS,First Trust Developed Markets ex-US Small Cap AlphaDEX Fund,Financial,Exchange Traded Fund,USA,,,70.71,0.63%,363.0,0,0,0,0,0,0,0,0,0,0,1,0,0,0,0,0,0,0,0,0,1,0,0,0,0,0,0,0,2,0,2
E,Firstenergy Corp,Utilities,Utilities - Regulated Electric,USA,26040000000.0,24.01,45.0,0.33%,2900351.0,0,0,0,0,0,0,0,0,1,0,0,0,0,0,0,0,0,0,0,0,0,0,0,0,0,0,0,0,1,0,1
EBO,Fenbo Holdings Ltd,Technology,Consumer Electronics,Hong Kong,2360000.0,,0.77,0.00%,3087.0,0,0,0,0,0,1,0,0,0,0,0,0,0,0,0,0,0,0,0,0,0,0,0,0,0,0,0,0,1,0,1
EBT,AllianzIM U.S. Equity Buffer10 Feb ETF,Financial,Exchange Traded Fund,USA,,,42.71,0.37%,5888.0,0,0,0,0,0,0,0,-1,0,0,0,0,0,0,0,0,0,0,0,0,0,0,0,0,0,0,0,0,0,1,1
ELC,Fidelity Enhanced Large Cap Core ETF,Financial,Exchange Traded Fund,USA,,,44.16,0.55%,585059.0,0,0,0,0,0,0,0,0,0,0,1,0,0,0,0,0,0,0,0,0,0,0,0,0,0,0,0,0,1,0,1
ELG,Fidelity Enhanced Large Cap Growth ETF,Financial,Exchange Traded Fund,USA,,,45.98,0.63%,210992.0,0,0,0,0,0,0,0,-1,0,0,0,0,0,0,0,0,0,0,0,0,0,0,0,0,0,0,0,0,0,1,1
ELV,Fidelity Enhanced Large Cap Value ETF,Financial,Exchange Traded Fund,USA,,,42.31,0.59%,404574.0,0,0,0,0,0,0,0,0,0,0,0,0,0,0,0,0,0,0,0,0,0,0,-1,0,0,0,0,0,0,1,1
EM,First Trust Emerging Markets AlphaDEX Fund,Financial,Exchange Traded Fund,USA,,,33.16,1.35%,83037.0,0,0,0,0,0,0,0,0,0,0,1,0,0,0,0,0,0,0,0,0,0,0,-1,0,0,0,0,0,1,1,2
EMV,Fidelity Enhanced Mid Cap Value ETF,Financial,Exchange Traded Fund,USA,,,26.91,0.60%,50.0,0,0,0,0,0,0,0,0,1,0,0,0,0,0,0,0,0,0,0,0,0,0,0,0,0,0,0,0,1,0,1
EMY,Femasys Inc,Healthcare,Medical Instruments & Supplies,USA,16750000.0,,2.0,-2.20%,128500.0,0,0,0,0,0,0,0,0,1,0,0,0,0,0,0,0,0,0,0,0,0,0,0,0,0,0,0,0,1,0,1
ENG,Phoenix New Media Ltd ADR,Communication Services,Internet Content & Information,China,7560000.0,3.96,1.4,0.00%,3727.0,0,0,0,0,0,0,0,0,1,0,0,0,0,0,0,0,0,0,0,0,0,0,0,0,0,0,0,0,1,0,1
EP,First Trust Europe AlphaDEX Fund,Financial,Exchange Traded Fund,USA,,,55.91,0.68%,12291.0,0,0,0,-1,0,0,0,-1,0,0,0,0,0,0,0,0,0,0,0,0,0,0,0,0,0,0,0,0,0,2,2
ER,Ferrovial N. V,Industrials,Engineering & Construction,Netherlands,36160000000.0,51.27,50.15,-0.28%,2149486.0,0,0,0,-1,0,0,0,0,0,0,0,0,0,0,0,0,0,0,0,0,0,0,0,0,0,0,0,0,0,1,1
ESC,First Eagle Small Cap Equity ETF,Financial,Exchange Traded Fund,USA,,,22.88,0.35%,1161.0,0,0,0,0,0,0,0,0,1,0,0,0,0,0,0,0,0,0,0,0,0,0,0,0,0,0,0,0,1,0,1
ET,Forum Energy Technologies Inc,Energy,Oil & Gas Equipment & Services,USA,970700000.0,,84.61,0.28%,142613.0,0,0,0,0,0,0,0,0,0,0,0,0,0,0,0,0,0,0,0,0,0,0,-1,0,0,0,0,0,0,1,1
EUZ,First Trust Eurozone AlphaDEX ETF,Financial,Exchange Traded Fund,USA,,,62.96,0.70%,5789.0,0,0,0,0,0,0,0,0,0,0,0,0,0,0,0,0,0,0,0,0,0,0,0,0,-1,0,0,0,0,1,1
FA,First Trust Enhanced Equity Income Fund,Financial,Closed-End Fund - Equity,USA,451930000.0,,22.61,1.16%,21958.0,0,0,0,0,0,0,0,-1,0,0,0,0,0,0,0,0,0,0,0,0,0,0,0,0,0,0,0,0,0,1,1
FEM,Fidelity Fundamental Emerging Markets ETF,Financial,Exchange Traded Fund,USA,,,41.77,1.06%,15735.0,0,0,0,0,0,0,0,0,0,0,0,0,0,0,0,1,0,0,0,0,0,0,0,0,0,0,0,0,1,0,1
FGX,Fidelity Fundamental Global ex-U.S. ETF,Financial,Exchange Traded Fund,USA,,,33.66,0.89%,10955.0,0,0,0,0,0,0,0,-1,0,0,0,0,0,0,0,0,0,0,0,0,0,0,0,0,0,0,0,0,0,1,1
GBI,First Guaranty Bancshares Inc,Financial,Banks - Regional,USA,137930000.0,,8.34,-1.65%,11742.0,0,0,0,0,0,0,0,0,1,0,0,0,0,0,0,0,0,0,0,0,0,0,0,0,0,0,0,0,1,0,1
GC,FG Communities Holdings Inc,Financial,Asset Management,USA,29160000.0,,6.2,-4.98%,62444.0,0,0,0,0,0,0,0,0,0,0,0,0,0,0,0,0,0,0,0,0,1,0,0,1,0,0,0,0,2,0,2
GI,FGI Industries Ltd,Consumer Cyclical,"Furnishings, Fixtures & Appliances",USA,14960000.0,,7.75,-0.90%,3368.0,0,0,0,0,0,0,0,0,0,0,1,0,0,0,0,0,0,0,0,0,0,0,-1,0,0,0,0,0,1,1,2
GII,FG Imperii Acquisition Corp,Financial,Shell Companies,USA,346960000.0,87.28,10.02,-0.10%,44.0,0,0,0,0,0,0,0,-1,0,0,0,0,0,0,0,0,0,0,0,0,0,0,0,0,0,0,0,0,0,1,1
GM,First Trust Germany AlphaDEX Fund,Financial,Exchange Traded Fund,USA,,,57.1,0.62%,2245.0,0,0,0,0,0,0,0,0,0,0,0,0,0,0,0,1,0,0,0,0,0,0,0,0,0,0,0,0,1,0,1
GRU,T-REX 2X Long FIGR Daily Target ETF,Financial,Exchange Traded Fund,USA,,,7.28,6.82%,70469.0,0,0,0,0,0,0,0,0,1,0,0,0,0,0,0,0,0,0,0,0,0,0,0,0,0,0,0,0,1,0,1
HDG,FT Vest U.S. Equity Quarterly Dynamic Buffer ETF,Financial,Exchange Traded Fund,USA,,,37.57,0.32%,882.0,0,0,0,0,0,0,0,-1,0,0,0,0,0,0,0,0,0,0,0,0,0,0,0,0,0,0,0,0,0,1,1
HN,First Horizon Corp,Financial,Banks - Regional,USA,10930000000.0,11.08,23.08,-0.99%,3361339.0,0,0,0,0,0,0,0,0,0,0,1,0,0,0,0,0,0,0,0,0,0,0,0,0,0,0,0,0,1,0,1
IAT,YieldMax Short COIN Option Income Strategy ETF,Financial,Exchange Traded Fund,USA,,,15.68,-1.82%,27654.0,0,1,0,0,0,0,0,0,1,1,0,0,0,0,0,0,0,0,0,0,0,0,0,0,0,0,0,0,3,0,3
IAX,Nicholas Fixed Income Alternative ETF,Financial,Exchange Traded Fund,USA,,,17.08,-0.06%,12678.0,0,0,0,-1,0,0,0,0,0,0,0,0,0,0,0,0,0,0,0,0,0,0,0,0,0,0,0,0,0,1,1
IEE,FiEE Inc,Technology,Communication Equipment,Hong Kong,31220000.0,9.87,3.66,0.41%,3910.0,0,0,0,0,0,0,0,0,1,0,0,0,0,0,0,0,0,0,0,0,0,0,0,0,0,0,0,0,1,0,1
IG,Figma Inc,Technology,Software - Application,USA,11990000000.0,,22.5,-0.57%,7799884.0,0,0,0,0,0,0,0,0,0,0,0,0,0,0,0,0,0,0,0,0,0,0,0,1,0,0,0,0,1,0,1
IGR,Figure Technology Solutions Inc,Financial,Capital Markets,USA,6400000000.0,33.7,28.54,3.41%,4738143.0,0,0,0,0,0,0,0,0,0,0,0,0,-1,0,0,0,0,0,0,0,0,0,0,0,0,0,0,0,0,1,1
INA,Fidelity MSCI North American Subset Index ETF,Financial,Exchange Traded Fund,USA,,,26.05,0.59%,258.0,0,0,0,0,0,0,0,0,0,0,1,0,0,0,0,0,0,0,0,0,0,0,-1,0,0,0,0,0,1,1,2
INT,Frontier Asset Total International Equity ETF,Financial,Exchange Traded Fund,USA,,,36.11,0.76%,3841.0,0,0,0,-1,0,0,0,0,0,0,0,0,0,0,0,0,0,0,0,0,0,0,0,0,0,0,0,0,0,1,1
IP,FTAI Infrastructure Inc,Industrials,Conglomerates,USA,313180000.0,,2.65,-0.38%,1022618.0,0,0,0,0,0,0,0,0,1,0,0,0,0,0,0,0,0,0,0,0,0,0,0,0,0,0,0,0,1,0,1
IX,Comfort Systems USA Inc,Industrials,Engineering & Construction,USA,60380000000.0,42.21,1715.69,0.55%,205459.0,0,0,0,0,0,1,0,0,0,0,0,0,0,0,0,1,0,0,0,0,0,0,0,0,0,0,0,0,2,0,2
JET,Starfighters Space Inc,Industrials,Aerospace & Defense,USA,87990000.0,,1.6,-4.76%,879383.0,0,0,0,0,0,0,0,0,0,0,0,0,-1,0,0,0,0,0,0,0,0,0,0,0,0,0,0,0,0,1,1
JP,First Trust Japan AlphaDEX Fund,Financial,Exchange Traded Fund,USA,,,78.92,0.81%,211457.0,0,0,0,0,0,0,0,0,0,0,1,0,0,0,0,0,0,0,0,0,0,0,0,0,0,0,0,0,1,0,1
JUN,FT Vest U.S. Equity Buffer ETF - June,Financial,Exchange Traded Fund,USA,,,62.04,0.42%,23360.0,0,0,0,0,0,0,0,-1,0,0,0,0,0,0,0,0,0,0,0,0,0,0,0,0,0,0,0,0,0,1,1
LBL,Franklin Senior Loan ETF,Financial,Exchange Traded Fund,USA,,,22.72,-0.09%,99287.0,0,0,0,0,0,0,0,0,0,0,1,1,0,0,0,0,0,0,0,0,0,0,0,0,0,0,0,0,2,0,2
LDB,Fidelity Low Duration Bond ETF,Financial,Exchange Traded Fund,USA,,,50.26,0.02%,23916.0,0,0,0,0,0,1,0,0,0,0,0,0,0,0,0,0,0,0,0,0,0,0,0,0,0,0,0,0,1,0,1
LDR,Fidelity Low Duration Bond Factor ETF,Financial,Exchange Traded Fund,USA,,,49.85,0.02%,162186.0,0,1,0,0,0,0,0,0,0,0,0,0,0,0,0,0,0,0,0,0,0,0,0,0,0,0,0,0,1,0,1
LEX,Flex Ltd,Technology,Electronic Components,USA,44270000000.0,46.27,119.83,4.44%,2230369.0,0,0,0,0,0,0,0,0,1,0,0,0,0,0,0,0,0,0,0,0,0,0,0,0,0,0,0,0,1,0,1
LJH,Franklin FTSE Japan Hedged ETF,Financial,Exchange Traded Fund,USA,,,46.78,0.61%,12620.0,0,0,0,0,0,0,0,0,0,0,1,1,0,0,0,0,0,0,0,0,1,0,0,0,-1,0,0,0,3,1,4
LJP,Franklin FTSE Japan ETF,Financial,Exchange Traded Fund,USA,,,41.61,0.51%,371845.0,0,0,0,0,0,0,0,-1,0,0,0,0,0,0,0,0,0,0,0,0,0,0,0,0,0,0,0,0,0,1,1
LLA,Franklin FTSE Latin America ETF,Financial,Exchange Traded Fund,USA,,,30.17,1.46%,11515.0,0,0,0,0,0,0,0,0,0,0,0,0,0,0,0,0,0,0,0,0,1,0,-1,0,0,0,0,0,1,1,2
LMX,Franklin FTSE Mexico ETF,Financial,Exchange Traded Fund,USA,,,34.84,0.55%,8390.0,0,0,0,0,0,0,0,0,0,0,0,0,-1,0,0,0,0,0,0,0,0,0,0,0,0,0,0,0,0,1,1
LN,First Trust Latin America AlphaDEX Fund,Financial,Exchange Traded Fund,USA,,,27.74,0.88%,3338.0,0,0,0,0,0,0,0,0,0,0,0,0,-1,0,0,0,0,0,0,0,0,0,0,0,0,0,0,0,0,1,1
LNT,Fluent Inc,Communication Services,Advertising Agencies,USA,89450000.0,,2.83,0.35%,26617.0,0,0,0,0,0,0,0,0,1,0,0,0,0,0,0,0,0,0,0,0,0,0,0,0,0,0,0,0,1,0,1
LO,Flowers Foods Inc,Consumer Defensive,Packaged Foods,USA,1230000000.0,22.53,5.81,-2.19%,5077895.0,0,0,0,0,0,0,0,0,1,0,0,0,0,0,0,0,0,0,0,0,0,0,0,0,0,0,0,0,1,0,1
LOC,Flowco Holdings Inc,Energy,Oil & Gas Equipment & Services,USA,1760000000.0,23.06,19.46,1.62%,562350.0,0,0,0,0,0,1,0,0,1,1,0,0,0,0,0,0,0,0,0,0,0,0,0,0,0,0,-1,0,3,1,4
LOT,iShares Floating Rate Bond ETF,Financial,Exchange Traded Fund,USA,,,50.96,0.06%,2466130.0,0,1,0,-1,0,0,0,0,0,0,1,0,0,0,0,0,0,0,0,0,1,1,0,0,0,0,0,0,4,1,5
LRN,State Street SPDR Bloomberg Investment Grade Floating Rate ETF,Financial,Exchange Traded Fund,USA,,,30.77,0.00%,1289686.0,0,1,0,0,0,1,0,0,0,0,0,0,-1,0,0,0,0,0,0,0,0,0,0,0,0,0,0,0,2,1,3
LRT,Pacer Aristotle Pacific Floating Rate High Income ETF,Financial,Exchange Traded Fund,USA,,,46.5,0.06%,418518.0,0,0,0,0,0,0,0,0,0,0,0,0,0,0,0,1,0,0,0,0,0,0,0,0,0,0,0,0,1,0,1
LSA,Franklin FTSE Saudi Arabia ETF,Financial,Exchange Traded Fund,USA,,,31.23,-0.03%,34.0,0,0,0,0,0,0,0,0,0,0,0,0,-1,-1,0,0,0,0,0,0,0,0,0,0,0,0,0,0,0,2,2
LUT,Flutter Entertainment Plc,Consumer Cyclical,Gambling,USA,13840000000.0,,79.78,-2.21%,2714259.0,0,1,0,-1,0,0,0,0,1,0,0,0,0,0,0,0,0,0,0,0,0,0,0,0,0,0,0,0,2,1,3
LUX,Flux Power Holdings inc,Industrials,Electrical Equipment & Parts,USA,10180000.0,,0.47,2.13%,501624.0,0,0,0,0,0,0,0,0,1,0,0,0,0,0,0,0,0,0,0,0,0,0,0,0,0,0,0,0,1,0,1
LX,BingEx Ltd ADR,Industrials,Integrated Freight & Logistics,China,78080000.0,,1.49,-3.87%,176441.0,0,0,0,0,0,0,0,0,1,0,0,0,0,0,0,0,0,0,0,0,0,0,0,0,0,0,0,0,1,0,1
LXR,TCW Flexible Income ETF,Financial,Exchange Traded Fund,USA,,,37.84,-0.03%,1762998.0,0,0,0,-1,0,0,0,0,0,0,0,0,0,0,0,0,0,0,0,0,0,0,0,0,0,0,0,0,0,1,1
LYD,MicroSectors Travel -3x Inverse Leveraged ETN,Financial,Exchange Traded Fund,USA,,,52.84,-1.41%,5619.0,0,0,0,0,0,0,0,0,1,0,0,0,0,0,0,0,0,0,0,0,0,0,0,0,0,0,0,0,1,0,1
LYE,Fly-E Group Inc,Consumer Cyclical,Auto Manufacturers,USA,3810000.0,,2.33,0.43%,2933372.0,0,0,0,0,0,1,0,0,0,0,0,0,0,0,0,0,0,0,0,0,1,1,0,0,0,0,0,0,3,0,3
LYU,MicroSectors Travel 3x Leveraged ETN,Financial,Exchange Traded Fund,USA,,,35.69,1.22%,546.0,0,0,0,0,0,0,0,-1,0,0,0,0,0,0,0,0,0,0,0,0,0,0,0,0,0,0,0,0,0,1,1
LYW,Flywire Corp,Technology,Software - Infrastructure,USA,2280000000.0,71.17,18.76,1.79%,855270.0,0,0,0,0,0,0,0,-1,0,0,0,0,0,0,0,0,0,0,0,0,0,0,0,0,0,0,0,0,0,1,1
MAY,FT Vest U.S. Equity Buffer ETF - May,Financial,Exchange Traded Fund,USA,,,58.17,0.45%,9136.0,0,1,0,0,0,0,0,0,0,0,1,0,0,0,0,0,0,0,0,0,0,0,0,0,0,0,0,0,2,0,2
MB,First Trust Managed Municipal ETF,Financial,Exchange Traded Fund,USA,,,48.01,0.33%,315840.0,0,0,0,0,0,0,0,0,1,0,0,0,0,0,0,0,0,0,0,0,0,0,0,0,0,0,0,0,1,0,1
MC,FMC Corp,Basic Materials,Agricultural Inputs,USA,1300000000.0,,8.35,-6.39%,5190933.0,0,1,0,0,0,0,0,0,1,1,0,0,0,0,0,0,0,0,0,0,0,0,0,0,0,0,0,0,3,0,3
MCX,FM Focus Equity ETF,Financial,Exchange Traded Fund,USA,,,36.72,1.02%,6.0,0,0,0,-1,0,0,0,0,0,0,0,0,0,0,0,0,0,0,0,0,0,0,0,0,0,0,0,0,0,1,1
MED,Fidelity Disruptive Medicine ETF,Financial,Exchange Traded Fund,USA,,,31.4,2.73%,1981.0,0,0,0,0,0,0,0,0,0,0,0,0,0,0,0,0,0,0,0,0,0,0,-1,0,0,0,0,0,0,1,1
MET,Fidelity Metaverse ETF,Financial,Exchange Traded Fund,USA,,,39.65,0.92%,8661.0,0,0,0,0,0,0,0,0,0,0,1,0,0,0,0,0,0,0,0,0,0,0,0,0,-1,0,0,0,1,1,2
MKT,The Free Markets ETF,Financial,Exchange Traded Fund,USA,,,21.82,0.98%,2615.0,0,0,0,0,0,0,0,0,0,0,1,0,0,0,0,0,0,0,0,0,0,0,0,0,0,0,0,0,1,0,1
MS,Fresenius Medical Care AG ADR,Healthcare,Medical Care Facilities,Germany,11210000000.0,10.87,21.06,0.86%,1011695.0,0,0,0,0,0,0,0,0,0,0,0,0,0,0,0,0,0,0,0,0,0,0,0,1,0,0,0,0,1,0,1
MST,Foremost Clean Energy Ltd,Basic Materials,Other Industrial Metals & Mining,Canada,10670000.0,,0.61,-3.17%,347581.0,0,0,0,0,0,1,0,0,0,0,0,0,0,0,0,0,0,0,0,0,0,0,0,0,0,0,0,0,1,0,1
MTL,First Trust Indxx Critical Metals ETF,Financial,Exchange Traded Fund,USA,,,35.42,2.46%,8244.0,0,1,0,-1,0,0,0,0,0,0,0,0,0,0,0,0,0,0,0,0,1,0,0,0,0,0,0,0,2,1,3
MX,Fomento Economico Mexicano SAB de CV ADR,Consumer Defensive,Beverages - Brewers,Mexico,24030000000.0,23.17,119.24,0.43%,532894.0,0,0,0,0,0,0,0,0,1,0,0,0,-1,0,0,0,0,0,0,0,0,0,0,0,0,0,0,0,1,1,2
N,Fabrinet,Technology,Electronic Components,Cayman Islands,17430000000.0,37.28,486.28,-0.22%,690637.0,0,0,0,0,0,0,0,0,1,1,0,0,0,0,0,0,0,0,0,0,0,0,0,0,0,0,0,0,2,0,2
NDB,Schwab Fundamental U.S. Broad Market ETF,Financial,Exchange Traded Fund,USA,,,31.24,0.19%,97484.0,0,0,0,0,0,0,0,0,0,0,0,0,0,0,0,0,0,0,0,0,0,0,-1,0,0,0,0,0,0,1,1
NDC,Schwab Fundamental International Small Equity ETF,Financial,Exchange Traded Fund,USA,,,49.74,0.75%,57111.0,0,1,0,0,0,0,0,0,0,0,0,0,0,0,0,0,0,0,0,0,0,0,0,0,0,0,0,0,1,0,1
NDE,Schwab Fundamental Emerging Markets Equity ETF,Financial,Exchange Traded Fund,USA,,,42.79,1.18%,2021401.0,0,0,0,0,0,0,0,-1,0,0,0,0,0,0,0,0,0,0,0,0,0,0,0,0,0,0,0,0,0,1,1
NDF,Schwab Fundamental International Equity ETF,Financial,Exchange Traded Fund,USA,,,53.61,0.45%,2313289.0,0,1,0,0,0,0,0,0,0,0,0,0,0,0,0,0,0,0,0,0,0,0,0,0,0,0,0,0,1,0,1
NGO,MicroSectors FANG+Index 2X Leveraged ETNs,Financial,Exchange Traded Fund,USA,,,165.5,1.59%,938.0,0,0,0,0,0,0,0,0,0,0,1,0,0,0,0,0,0,0,0,0,0,0,0,0,0,0,0,0,1,0,1
NGR,FingerMotion Inc,Communication Services,Telecom Services,Singapore,15310000.0,,0.2,0.50%,6232859.0,0,0,0,0,0,0,0,0,1,0,0,0,0,0,0,0,0,0,0,0,0,0,0,0,0,0,0,0,1,0,1
NKO,Funko Inc,Consumer Cyclical,Leisure,USA,361190000.0,,6.44,-0.92%,694303.0,0,1,0,0,0,0,0,0,0,0,0,0,0,0,0,0,0,0,0,0,0,0,0,0,0,0,0,0,1,0,1
NLC,First Bancorp Inc (ME),Financial,Banks - Regional,USA,371980000.0,9.8,32.97,-1.41%,35284.0,0,0,0,0,0,0,0,0,0,0,0,0,0,0,0,0,0,0,0,0,1,0,0,0,-1,0,0,0,1,1,2
NOV,FT Vest U.S. Equity Buffer ETF - November,Financial,Exchange Traded Fund,USA,,,60.75,0.28%,11907.0,0,0,0,0,0,0,0,-1,0,0,0,0,0,0,0,0,0,0,0,0,0,0,0,0,0,0,0,0,0,1,1
NRN,First Northern Community Bancorp,Financial,Banks - Regional,USA,263149999.99999997,11.87,16.05,-7.23%,49625.0,0,0,0,0,0,0,0,0,1,0,0,0,0,0,0,0,0,0,0,0,0,0,0,0,0,0,0,0,1,0,1
NUC,Frontier Nuclear and Minerals Inc,Basic Materials,Other Industrial Metals & Mining,Canada,38660000.0,,1.07,-4.46%,98334.0,0,0,0,0,0,0,0,0,1,1,0,0,0,0,0,0,0,0,0,0,0,0,0,0,0,0,0,0,2,0,2
NY,First Trust Mid Cap Growth AlphaDEX Fund,Financial,Exchange Traded Fund,USA,,,100.08,1.37%,9663.0,0,1,0,0,0,0,0,0,1,0,0,0,0,0,0,0,0,0,0,0,0,0,0,0,0,0,-1,0,2,1,3
OF,Cohen & Steers Closed-End Opportunity Fund Inc,Financial,Closed-End Fund - Equity,USA,347820000.0,,12.5,0.48%,47794.0,0,0,0,0,0,0,0,0,1,0,0,0,0,0,0,0,0,0,0,0,0,0,0,0,0,0,0,0,1,0,1
ORM,FormFactor Inc,Technology,Semiconductor Equipment & Materials,USA,10910000000.0,95.76,139.67,1.85%,813467.0,0,0,0,0,0,0,0,0,0,0,0,0,0,0,0,0,0,0,0,0,0,0,0,0,-1,0,0,0,0,1,1
ORTY,Formula Systems (1985) Ltd ADR,Technology,Information Technology Services,Israel,1710000000.0,2.78,111.4,-0.09%,11.0,0,0,0,0,0,0,0,0,1,0,0,0,0,0,0,0,0,0,0,0,0,0,0,0,0,0,0,0,1,0,1
OSL,Fossil Group Inc,Consumer Cyclical,Footwear & Accessories,USA,422840000.0,,7.15,2.14%,630051.0,0,0,0,0,0,0,0,0,0,0,0,0,0,0,0,0,0,1,0,0,0,0,0,0,0,0,0,0,1,0,1
OXX,Foxx Development Holdings Inc,Technology,Consumer Electronics,USA,18260000.0,,2.5,6.84%,2430.0,0,0,0,0,0,0,0,0,0,0,0,0,-1,0,0,0,0,0,0,0,0,0,0,0,0,0,0,0,0,1,1
PA,First Trust Asia Pacific ex-Japan AlphaDEX Fund,Financial,Exchange Traded Fund,USA,,,48.64,0.64%,5014.0,0,0,0,0,0,0,0,0,0,0,0,0,0,0,0,0,0,0,0,0,0,0,0,0,0,0,-1,0,0,1,1
PAA,FPA Global Allocation ETF,Financial,Exchange Traded Fund,USA,,,24.91,0.54%,3944.0,0,0,0,0,0,0,0,0,0,0,0,0,0,0,0,0,0,0,0,0,0,0,-1,0,0,0,0,0,0,1,1
PFD,Fidelity Preferred Securities & Income ETF,Financial,Exchange Traded Fund,USA,,,20.48,0.02%,20278.0,0,0,0,-1,0,0,0,0,0,0,0,0,0,0,0,0,0,0,0,0,0,0,0,0,0,0,0,0,0,1,1
PS,Forgent Power Solutions Inc,Industrials,Electrical Equipment & Parts,USA,12190000000.0,148.87,40.03,0.58%,6061041.0,0,0,0,0,0,0,0,0,0,0,0,0,0,0,0,0,0,0,0,0,1,0,0,0,0,0,0,0,1,0,1
PSX,Leverage Shares 2X Long FPS Daily ETF,Financial,Exchange Traded Fund,USA,,,4.82,1.05%,572113.0,0,0,0,0,0,0,0,0,0,0,0,0,0,0,0,0,0,0,0,0,1,0,0,0,0,0,0,0,1,0,1
PWR,First Trust EIP Power Solutions ETF,Financial,Exchange Traded Fund,USA,,,35.5,0.01%,9593.0,0,1,0,-1,0,0,0,0,0,0,0,0,0,0,0,0,0,0,0,0,0,0,0,0,0,0,0,0,1,1,2
PXE,First Trust IPOX (R) Europe Equity Opportunities ETF,Financial,Exchange Traded Fund,USA,,,31.67,0.39%,119.0,0,0,0,0,0,0,0,0,1,0,0,0,0,0,0,0,0,0,0,0,0,0,0,0,0,0,0,0,1,0,1
PXI,First Trust International Equity Opportunities ETF,Financial,Exchange Traded Fund,USA,,,67.97,0.80%,3238.0,0,0,0,0,0,0,0,0,1,0,0,0,0,0,0,0,0,0,0,0,0,0,0,0,0,0,0,0,1,0,1
RA,Blackrock Floating Rate Income Strategies Fund Inc,Financial,Closed-End Fund - Debt,USA,364620000.0,,10.29,0.39%,156373.0,0,0,0,0,0,0,0,0,0,0,1,0,0,0,0,0,0,0,0,0,0,0,0,0,0,0,0,0,1,0,1
RAF,Franklin Financial Services Corp,Financial,Banks - Regional,USA,281670000.0,11.41,62.6,-1.14%,26095.0,0,0,0,0,0,0,0,0,0,0,1,0,0,0,0,0,0,0,0,0,0,0,0,0,-1,0,0,0,1,1,2
RBT,Forbright Inc,Financial,Banks - Diversified,USA,950790000.0,,17.99,-0.50%,50596.0,0,0,0,0,0,0,0,0,1,1,0,0,0,0,0,0,0,0,0,0,0,0,0,0,0,0,0,0,2,0,2
RD,Friedman Industries Inc,Basic Materials,Steel,USA,302800000.0,11.02,41.98,0.31%,26184.0,0,0,0,0,0,0,0,0,1,0,0,0,0,0,0,0,0,0,0,0,0,0,0,0,0,0,0,0,1,0,1
RGN,Horizon International Equity ETF,Financial,Exchange Traded Fund,USA,,,31.2,0.78%,24526.0,0,0,0,0,0,0,0,0,0,0,1,1,0,0,0,0,0,0,0,0,1,0,0,0,-1,0,0,0,3,1,4
RGT,Freight Technologies Inc,Technology,Software - Application,USA,180000.0,,0.29,14.55%,104368463.0,0,0,0,0,0,0,0,0,1,0,0,0,0,0,0,0,0,0,0,0,0,0,0,0,0,0,0,0,1,0,1
RNW,Fidelity Clean Energy ETF,Financial,Exchange Traded Fund,USA,,,21.04,1.11%,28097.0,0,0,0,0,0,0,0,0,1,0,0,0,0,0,0,0,0,0,0,0,0,0,0,0,0,0,0,0,1,0,1
RPT,Freshpet Inc,Consumer Defensive,Packaged Foods,USA,3080000000.0,16.88,64.07,-1.70%,893857.0,0,0,0,0,0,0,0,0,0,0,0,0,0,0,0,0,0,0,0,0,0,0,0,0,0,0,0,1,1,0,1
RST,Primis Financial Corp,Financial,Banks - Regional,USA,378190000.0,7.1,15.25,-0.52%,71767.0,0,0,0,0,0,0,0,0,0,0,0,0,0,0,0,0,0,0,0,0,0,0,-1,0,0,0,0,0,0,1,1
RSX,Foresight Autonomous Holdings Ltd ADR,Consumer Cyclical,Auto Parts,Israel,4440000.0,,0.85,-7.59%,26179.0,0,0,0,-1,0,0,0,0,1,1,0,0,0,0,0,0,0,0,0,0,0,0,0,0,0,0,0,0,2,1,3
RVO,Fervo Energy Co,Utilities,Utilities - Renewable,USA,4050000000.0,,13.75,-0.36%,5962689.0,0,0,0,0,0,0,0,0,1,0,0,0,0,0,0,0,0,0,0,0,0,0,0,0,0,0,0,0,1,0,1
RWD,Nomura Transformational Technologies ETF,Financial,Exchange Traded Fund,USA,,,32.94,0.47%,11195.0,0,0,0,0,0,0,0,0,0,0,1,0,0,0,0,0,0,0,0,0,0,0,0,0,-1,0,0,0,1,1,2
SEG,Fidelity Enhanced Small Cap Growth ETF,Financial,Exchange Traded Fund,USA,,,26.25,0.93%,1746.0,0,0,0,0,0,0,0,0,1,0,0,0,0,0,0,0,0,0,0,0,0,0,0,0,0,0,0,0,1,0,1
SEP,FT Vest U.S. Equity Buffer ETF - September,Financial,Exchange Traded Fund,USA,,,57.89,0.41%,37134.0,0,0,0,0,0,0,0,-1,0,0,0,0,0,0,0,0,0,0,0,0,0,0,0,0,0,0,0,0,0,1,1
SEV,Fidelity Enhanced Small Cap Value ETF,Financial,Exchange Traded Fund,USA,,,25.81,-0.02%,97.0,0,0,0,0,0,0,0,0,1,0,0,0,0,0,0,0,0,0,0,0,0,0,0,0,0,0,0,0,1,0,1
SHP,Flag Ship Acquisition Corp,Financial,Shell Companies,USA,39760000.0,64.46,11.3,0.18%,9.0,0,0,0,0,0,1,0,0,0,0,0,0,0,0,0,1,0,0,0,0,0,0,0,0,0,0,0,0,2,0,2
SI,Flexible Solutions International Inc,Basic Materials,Specialty Chemicals,Canada,77290000.0,,6.05,0.00%,7216.0,0,0,0,0,0,0,0,0,1,0,0,0,0,0,0,0,0,0,0,0,0,0,0,0,0,0,0,0,1,0,1
SLY,Fastly Inc,Technology,Software - Application,USA,4670000000.0,,29.3,15.86%,15175786.0,0,0,0,0,0,0,0,0,0,0,0,0,0,0,0,1,0,0,0,0,0,0,0,0,0,0,0,0,1,0,1
SMB,First Trust Short Duration Managed Municipal ETF,Financial,Exchange Traded Fund,USA,,,19.55,0.31%,222264.0,0,0,0,0,0,0,0,0,1,0,0,0,0,0,0,0,0,0,0,0,0,0,0,0,0,0,0,0,1,0,1
SMD,Fidelity Small-Mid Multifactor ETF,Financial,Exchange Traded Fund,USA,,,49.96,0.48%,167013.0,0,0,0,0,0,0,0,0,1,0,0,0,0,0,0,0,0,0,0,0,0,0,0,0,0,0,0,0,1,0,1
SML,Franklin Small Cap Enhanced ETF,Financial,Exchange Traded Fund,USA,,,29.03,0.42%,1167.0,0,0,0,0,0,0,0,0,1,0,0,0,0,0,0,0,0,0,0,0,0,0,0,0,0,0,0,0,1,0,1
SV,FirstService Corp,Real Estate,Real Estate Services,Canada,5930000000.0,36.75,129.73,1.18%,79081.0,0,0,0,0,0,0,0,0,0,0,0,0,-1,0,0,0,0,0,0,0,0,0,0,0,0,0,0,0,0,1,1
TBI,First Trust Balanced Income ETF,Financial,Exchange Traded Fund,USA,,,21.24,-0.23%,1806.0,0,0,0,0,0,0,0,0,0,0,0,0,0,0,0,0,0,0,0,0,1,0,-1,0,0,0,0,0,1,1,2
TC,First Trust Large Capital Growth AlphaDEX Fund,Financial,Exchange Traded Fund,USA,,,182.35,1.57%,7127.0,0,0,0,0,0,0,0,0,0,0,0,0,-1,-1,0,0,0,0,0,0,0,0,0,0,0,0,0,0,0,2,2
TCI,FTC Solar Inc,Technology,Solar,USA,31890000.0,,1.93,0.00%,132905.0,0,0,0,0,0,0,0,0,1,1,0,0,0,0,0,0,0,0,0,0,0,0,0,0,0,0,0,0,2,0,2
TDR,Frontdoor Inc,Consumer Cyclical,Personal Services,USA,5500000000.0,21.12,79.8,0.26%,541409.0,0,1,0,0,0,0,0,0,0,0,0,0,0,0,0,0,0,0,0,0,0,0,0,0,0,0,0,0,1,0,1
TDS,First Trust Dividend Strength ETF,Financial,Exchange Traded Fund,USA,,,62.95,-0.25%,582.0,0,0,0,0,0,1,0,0,0,0,0,0,0,0,0,0,0,0,0,0,0,0,0,0,0,0,0,0,1,0,1
THI,First Trust BuyWrite Income ETF,Financial,Exchange Traded Fund,USA,,,24.0,0.42%,485360.0,0,0,0,0,0,0,0,-1,0,0,0,0,0,0,0,0,0,0,0,0,0,0,0,0,0,0,0,0,0,1,1
TI,TechnipFMC plc,Energy,Oil & Gas Equipment & Services,USA,27280000000.0,24.24,69.57,-0.09%,1544513.0,0,0,0,-1,0,0,0,0,0,0,0,0,0,0,0,0,0,0,0,0,0,0,0,0,0,0,0,0,0,1,1
TLS,First Trust Long/Short Equity ETF,Financial,Exchange Traded Fund,USA,,,77.71,0.03%,203923.0,0,0,0,0,0,0,0,-1,0,0,0,0,0,0,0,0,0,0,0,0,0,0,0,0,0,0,0,0,0,1,1
TNT,Fortinet Inc,Technology,Software - Infrastructure,USA,142890000000.0,68.62,194.75,2.99%,2072650.0,0,1,0,0,0,1,0,-1,0,0,0,0,0,0,0,0,0,0,0,0,0,0,0,0,0,0,0,0,2,1,3
TQI,First Trust Nasdaq BuyWrite Income ETF,Financial,Exchange Traded Fund,USA,,,22.44,0.58%,458492.0,0,0,0,-1,0,0,0,-1,0,0,0,0,0,0,0,0,0,0,0,0,0,0,0,0,0,0,0,0,0,2,2
TRE,Fortrea Holdings Inc,Healthcare,Biotechnology,USA,1980000000.0,,20.84,2.31%,931309.0,0,0,0,0,0,0,0,-1,0,0,0,0,0,0,0,0,0,0,0,0,0,0,0,0,0,0,0,0,0,1,1
TSM,First Trust Enhanced Short Maturity ETF,Financial,Exchange Traded Fund,USA,,,59.62,0.02%,646935.0,0,1,0,0,0,0,0,0,0,0,0,0,0,0,0,0,0,0,0,0,0,0,0,0,0,0,0,0,1,0,1
UBO,fuboTV Inc,Communication Services,Broadcasting,USA,965300000.0,2.05,8.84,-5.45%,940539.0,0,1,0,0,0,0,0,0,0,0,0,0,-1,0,0,0,0,0,0,0,0,0,0,0,0,0,0,0,1,1,2
UFU,BitFuFu Inc,Financial,Capital Markets,Singapore,229150000.0,,1.38,5.77%,32805.0,0,0,0,0,0,0,0,0,1,0,0,0,0,0,0,0,0,0,0,0,0,0,0,0,0,0,0,0,1,0,1
UL,H.B. Fuller Company,Basic Materials,Specialty Chemicals,USA,2670000000.0,13.8,49.56,-1.74%,469969.0,0,0,0,-1,0,0,0,0,0,0,0,0,0,0,0,1,0,0,0,-1,0,0,0,0,0,0,0,0,1,2,3
URY,Fury Gold Mines Ltd,Basic Materials,Gold,Canada,105310000.0,,0.55,6.77%,342337.0,0,0,0,0,0,0,0,0,1,0,0,0,0,0,0,0,0,0,0,0,0,0,0,0,0,0,0,0,1,0,1
USE,Fusemachines Inc,Technology,Software - Application,USA,13880000.0,24.65,0.43,2.82%,70228.0,0,0,0,0,0,0,0,0,0,0,0,0,-1,0,0,0,0,0,0,0,0,0,0,0,0,0,0,0,0,1,1
USI,American Century Ultrashort Income ETF,Financial,Exchange Traded Fund,USA,,,50.41,0.02%,72857.0,0,0,0,-1,0,0,0,-1,0,0,0,0,0,0,0,0,0,0,0,0,0,0,0,0,0,0,0,0,0,2,2
VAL,Fidelity Value Factor ETF,Financial,Exchange Traded Fund,USA,,,82.32,0.23%,19999.0,0,0,0,0,0,0,0,0,0,0,0,0,0,0,0,0,0,0,0,0,0,0,0,0,-1,0,0,0,0,1,1
VAV,Fortress Value Acquisition Corp V,Financial,Shell Companies,USA,369140000.0,,10.16,0.00%,7.0,0,0,0,0,0,0,0,0,0,0,1,0,0,0,0,0,0,0,0,0,0,0,-1,0,0,0,0,0,1,1,2
WRG,First Watch Restaurant Group Inc,Consumer Cyclical,Restaurants,USA,677600000.0,38.87,10.98,0.18%,1523681.0,0,0,0,0,0,0,0,0,0,0,0,0,-1,-1,0,0,0,0,0,0,0,0,0,0,0,0,0,0,0,2,2
XA,Invesco CurrencyShares Australian Dollar Trust,Financial,Exchange Traded Fund,USA,,,69.15,0.41%,4654.0,0,0,0,0,0,0,0,0,0,0,1,0,0,0,0,0,0,0,0,0,0,0,-1,0,0,0,0,0,1,1,2
XAC,FortuneX Acquisition Corp,Financial,Shell Companies,USA,113850000.0,,10.1,0.05%,2208.0,0,0,0,0,0,0,0,0,0,0,1,0,0,0,0,0,0,0,0,0,0,0,-1,0,0,0,0,0,1,1,2
XD,First Trust Consumer Discretionary AlphaDEX Fund,Financial,Exchange Traded Fund,USA,,,65.19,0.06%,2714.0,0,0,0,0,0,0,0,0,0,0,1,0,0,0,0,0,0,0,0,0,0,0,0,0,0,0,0,0,1,0,1
XED,Sound Enhanced Fixed Income ETF,Financial,Exchange Traded Fund,USA,,,16.37,-1.33%,12850.0,0,0,0,-1,0,0,0,0,1,0,0,0,0,0,0,0,0,0,0,0,0,0,0,0,0,0,0,0,1,1,2
XF,Invesco CurrencyShares Swiss Franc Trust,Financial,Exchange Traded Fund,USA,,,106.07,0.19%,27383.0,0,0,0,0,0,0,0,0,0,0,0,0,0,0,0,0,0,0,0,-1,0,0,0,0,0,0,0,0,0,1,1
XI,iShares China Large-Cap ETF,Financial,Exchange Traded Fund,USA,,,34.24,2.36%,31522712.0,0,0,0,-1,0,0,0,0,0,0,1,0,0,0,0,1,0,0,0,0,0,0,0,0,0,0,0,0,2,1,3
XL,First Trust Technology AlphaDEX Fund,Financial,Exchange Traded Fund,USA,,,230.07,1.27%,242955.0,0,0,0,0,0,0,0,0,0,0,1,0,0,0,0,0,0,0,0,0,0,0,0,0,0,0,0,0,1,0,1
XN,First Trust Energy AlphaDEX Fund,Financial,Exchange Traded Fund,USA,,,23.34,-0.30%,556058.0,0,0,0,0,0,0,0,-1,0,0,0,0,0,0,0,0,0,0,0,0,0,0,0,0,0,0,0,0,0,1,1
XP,ProShares UltraShort FTSE China 50,Financial,Exchange Traded Fund,USA,,,21.62,-5.01%,3619.0,0,0,0,0,0,1,0,0,0,0,0,0,0,0,0,0,0,0,0,0,0,0,0,0,0,0,0,0,1,0,1
XR,First Trust Industrials/Producer Durables AlphaDEX Fund,Financial,Exchange Traded Fund,USA,,,82.69,0.00%,41819.0,0,0,0,0,0,0,0,0,0,0,1,0,0,0,0,0,0,0,0,0,0,0,0,0,0,0,0,0,1,0,1
XZ,First Trust Materials AlphaDEX Fund,Financial,Exchange Traded Fund,USA,,,77.84,1.10%,24688.0,0,0,0,0,0,0,0,0,0,0,0,0,0,0,0,0,0,1,0,0,0,0,0,0,0,0,0,0,1,0,1
YC,First Trust Small Cap Growth AlphaDEX Fund,Financial,Exchange Traded Fund,USA,,,115.36,1.35%,216507.0,0,0,0,0,0,0,0,0,1,0,0,0,0,0,0,0,0,0,0,0,0,0,0,0,0,0,0,0,1,0,1
AA,Cambria Global Asset Allocation ETF,Financial,Exchange Traded Fund,USA,,,35.19,0.38%,9413.0,0,1,0,0,0,0,0,0,0,0,0,0,0,0,0,0,0,0,0,0,0,0,0,0,0,0,0,0,1,0,1
AB,Gabelli Equity Trust Inc,Financial,Closed-End Fund - Equity,USA,1790000000.0,,5.21,0.19%,701290.0,0,0,0,0,0,0,0,0,0,0,0,0,-1,0,0,0,0,0,0,0,0,0,0,0,0,0,0,0,0,1,1
AIA,Gaia Inc,Communication Services,Entertainment,USA,33820000.0,,1.33,-5.00%,32926.0,0,0,0,0,0,0,0,0,0,0,0,0,0,0,0,0,0,0,0,0,0,0,0,1,0,0,0,0,1,0,1
ALX,VistaShares Space Supercycle ETF,Financial,Exchange Traded Fund,USA,,,22.62,0.00%,592.0,0,0,0,0,0,0,0,0,1,0,0,0,0,0,0,0,0,0,0,0,0,0,0,0,0,0,0,0,1,0,1
AME,GameSquare Holdings Inc,Communication Services,Electronic Gaming & Multimedia,USA,40630000.0,,3.11,-0.96%,65635.0,0,0,0,0,0,1,0,0,0,0,1,1,0,0,0,1,0,0,0,0,0,0,0,0,0,0,0,0,4,0,4
ANX,Gain Therapeutics Inc,Healthcare,Biotechnology,USA,71570000.0,,1.64,1.55%,328689.0,0,1,0,0,0,0,0,0,0,0,0,0,-1,0,0,0,0,0,0,0,0,0,0,0,0,0,0,0,1,1,2
AP,Gap Inc,Consumer Cyclical,Apparel Retail,USA,8160000000.0,6.94,23.23,-0.56%,3774080.0,0,0,0,0,0,0,0,0,0,0,0,0,0,0,0,1,0,0,0,0,0,0,0,0,0,0,0,0,1,0,1
APR,FT Vest U.S. Equity Moderate Buffer ETF - April,Financial,Exchange Traded Fund,USA,,,42.95,0.26%,6471.0,0,0,0,0,0,0,0,-1,0,0,0,0,0,0,0,0,0,0,0,0,0,0,0,0,0,0,0,0,0,1,1
ARY,Mango Growth ETF,Financial,Exchange Traded Fund,USA,,,28.62,1.02%,8402.0,0,0,0,0,0,0,0,0,0,0,1,0,0,0,0,0,0,0,0,0,0,0,0,0,0,0,0,0,1,0,1
ASZ,Corgi Natural Gas Power & Turbines ETF,Financial,Exchange Traded Fund,USA,,,21.96,0.49%,187.0,0,0,0,0,0,0,0,0,1,1,0,0,0,0,0,0,0,0,0,0,0,0,0,0,0,0,0,0,2,0,2
ATX,GATX Corp,Industrials,Rental & Leasing Services,USA,5820000000.0,16.33,164.78,1.23%,140877.0,0,0,0,0,0,0,0,0,0,0,0,0,-1,0,0,0,0,0,0,0,0,0,0,0,0,0,0,0,0,1,1
AU,Galiano Gold Inc,Basic Materials,Gold,Canada,572880000.0,8.3,2.19,4.29%,2726301.0,0,0,0,0,0,0,0,0,1,0,0,0,0,0,0,0,0,0,0,0,0,0,0,0,0,0,0,0,1,0,1
AUG,FT Vest U.S. Equity Moderate Buffer ETF - August,Financial,Exchange Traded Fund,USA,,,42.55,0.24%,7635.0,0,0,0,0,0,0,0,0,0,0,1,0,0,0,0,0,0,0,0,0,0,0,0,0,0,0,0,0,1,0,1
BIL,Goldman Sachs Access Treasury 0-1 Year ETF,Financial,Exchange Traded Fund,USA,,,99.95,0.04%,596383.0,0,1,0,-1,0,0,0,0,0,0,0,0,0,0,0,0,0,0,0,0,0,0,0,0,0,0,0,0,1,1,2
BND,Goldman Sachs Core Bond ETF,Financial,Exchange Traded Fund,USA,,,48.1,0.05%,59128.0,0,1,0,0,0,0,0,0,0,0,0,0,0,0,0,0,0,0,0,0,0,0,0,0,0,0,0,0,1,0,1
BR,New Concept Energy Inc,Real Estate,Real Estate Services,USA,3670000.0,,0.71,-0.43%,6488.0,0,0,0,0,0,0,0,0,1,0,0,0,0,0,0,0,0,0,0,0,0,0,0,0,0,0,0,0,1,0,1
CL,GCL Global Holdings Ltd,Communication Services,Electronic Gaming & Multimedia,Singapore,101310000.0,,0.79,1.60%,55977.0,0,1,0,0,0,0,0,0,0,0,1,0,0,0,0,0,0,0,0,0,0,0,0,0,0,0,0,0,2,0,2
CSH,Guggenheim Ultra Short Income ETF,Financial,Exchange Traded Fund,USA,,,49.85,0.02%,26192.0,0,0,0,0,0,0,0,0,1,1,0,0,0,0,0,0,0,0,0,0,0,0,0,0,0,0,0,0,2,0,2
DDY,Godaddy Inc,Technology,Software - Infrastructure,USA,13220000000.0,15.47,104.35,1.12%,2203824.0,0,0,0,0,0,0,0,0,0,0,1,0,0,0,0,0,0,0,0,0,0,0,0,0,0,0,0,0,1,0,1
DO,Western Asset Global Corporate Defined Opportunity Fund Inc,Financial,Closed-End Fund - Debt,USA,72040000.0,,9.58,-0.10%,18271.0,0,0,0,0,0,0,0,0,1,0,0,0,0,0,0,0,0,0,0,0,0,0,0,0,0,0,0,0,1,0,1
DTC,CytoMed Therapeutics Ltd,Healthcare,Biotechnology,Singapore,10530000.0,,0.89,-5.81%,11819.0,0,0,0,0,0,0,0,0,0,0,0,0,0,0,0,1,0,0,0,0,0,0,0,0,0,0,0,0,1,0,1
DYN,Grid Dynamics Holdings Inc,Technology,Information Technology Services,USA,644960000.0,232.46,7.95,-0.75%,627745.0,0,0,0,0,0,0,0,0,0,0,0,0,0,0,0,0,0,0,0,0,0,0,0,1,0,0,0,0,1,0,1
EL,Genesis Energy LP,Energy,Oil & Gas Midstream,USA,1760000000.0,71.91,14.44,0.70%,168461.0,0,0,0,0,0,0,0,0,0,0,0,0,-1,0,0,0,0,0,0,0,0,0,0,1,0,0,0,0,1,1,2
ELS,Gelteq Ltd,Healthcare,Drug Manufacturers - Specialty & Generic,Australia,5580000.0,,0.52,-5.03%,54582.0,0,0,0,0,0,0,0,0,0,0,0,0,0,0,0,1,0,0,0,0,0,0,0,0,0,0,0,0,1,0,1
EO,Geo Group Inc,Industrials,Security & Protection Services,USA,4099999999.9999995,14.69,31.13,0.55%,1671308.0,0,0,0,0,0,0,0,0,0,0,0,0,0,0,0,0,0,0,0,0,1,0,0,0,-1,0,0,0,1,1,2
EV,GE Vernova Inc,Industrials,Specialty Industrial Machinery,USA,267589999999.99997,28.76,1004.73,0.54%,1114864.0,0,1,0,0,0,0,0,0,0,0,0,0,0,0,0,0,0,0,0,0,0,0,0,0,0,0,0,0,1,0,1
EVC,Corgi GEV 2x Daily ETF,Financial,Exchange Traded Fund,USA,,,19.9,1.00%,41.0,0,0,0,0,0,0,0,0,1,1,0,0,0,0,0,0,0,0,0,0,0,0,0,0,0,0,0,0,2,0,2
EVG,Leverage Shares 2X Long GEV Daily ETF,Financial,Exchange Traded Fund,USA,,,24.08,0.94%,12158.0,0,0,0,0,0,0,0,0,1,0,0,0,0,0,0,0,0,0,0,0,0,0,0,0,0,0,0,0,1,0,1
EVX,Tradr 2X Long GEV Daily ETF,Financial,Exchange Traded Fund,USA,,,19.07,0.63%,62639.0,0,0,0,0,0,0,0,0,1,1,0,0,0,0,0,0,0,0,0,0,0,0,0,0,0,0,0,0,2,0,2
FL,GFL Environmental Inc,Industrials,Waste Management,USA,18650000000.0,,42.78,1.06%,2538317.0,0,1,0,-1,0,0,0,0,0,0,0,0,0,0,0,0,0,0,0,0,0,0,0,0,0,0,0,0,1,1,2
FUZ,General Fusion Group Ltd,Industrials,Specialty Industrial Machinery,Canada,460120000.0,,8.66,-0.57%,645548.0,0,0,0,0,0,0,0,0,1,0,0,0,0,0,0,0,0,0,0,0,0,0,0,0,0,0,0,0,1,0,1
GB,Gerdau SA ADR,Basic Materials,Steel,Brazil,6340000000.0,23.34,5.12,4.07%,15954444.0,0,0,0,0,0,1,0,-1,0,0,0,0,0,0,0,0,0,0,0,0,0,0,0,0,0,0,0,0,1,1,2
GLL,Direxion Daily GOOGL Bull 2X ETF,Financial,Exchange Traded Fund,USA,,,103.51,1.89%,1001492.0,0,0,0,0,0,0,0,0,0,0,0,0,0,0,0,1,0,0,0,0,0,0,0,0,0,0,0,0,1,0,1
HG,GreenTree Hospitality Group Ltd ADR,Consumer Cyclical,Lodging,China,64800000.0,16.58,0.98,2.07%,19262.0,0,0,0,0,0,0,0,0,0,0,0,0,0,0,0,0,0,0,0,-1,0,0,0,0,0,0,0,0,0,1,1
HI,Greystone Housing Impact Investors LP,Financial,Mortgage Finance,USA,117960000.0,,5.07,-0.59%,62502.0,0,0,0,0,0,0,0,0,0,0,0,0,0,0,0,0,0,0,0,0,0,0,0,0,0,1,0,0,1,0,1
HY,PGIM Global High Yield Fund Inc,Financial,Closed-End Fund - Debt,USA,446890000.0,,10.91,0.46%,85899.0,0,0,0,0,0,0,0,0,1,0,0,0,0,0,0,0,0,0,0,0,0,0,0,0,0,0,0,0,1,0,1
HYB,Goldman Sachs Access High Yield Corporate Bond ETF,Financial,Exchange Traded Fund,USA,,,43.22,0.22%,7242.0,0,0,0,-1,0,0,0,0,0,0,0,0,0,0,0,0,0,0,0,0,0,0,0,0,0,0,0,0,0,1,1
IGM,Gigamedia,Communication Services,Electronic Gaming & Multimedia,Taiwan,15250000.0,,1.38,0.00%,4452.0,0,1,0,0,0,1,0,0,0,0,0,0,-1,0,0,0,0,0,0,0,1,1,0,0,0,1,0,0,5,1,6
INN,Goldman Sachs Innovate Equity ETF,Financial,Exchange Traded Fund,USA,,,82.12,1.43%,2372.0,0,0,0,0,0,0,0,0,0,0,0,0,0,0,0,0,0,0,0,0,0,0,-1,0,0,0,0,0,0,1,1
IPR,Generation Income Properties Inc,Real Estate,REIT - Diversified,USA,1270000.0,,0.42,-9.05%,540949.0,0,0,0,0,0,0,0,0,1,0,0,0,0,0,0,0,0,0,0,0,0,0,0,0,0,0,0,0,1,0,1
ITS,Global Interactive Technologies Inc,Communication Services,Internet Content & Information,South Korea,6340000.0,,1.51,-5.63%,35422.0,0,0,0,0,0,0,0,0,0,0,0,0,-1,-1,0,0,0,0,0,0,0,0,0,0,0,0,0,0,0,2,2
JAN,FT Vest U.S. Equity Moderate Buffer ETF - January,Financial,Exchange Traded Fund,USA,,,46.44,0.27%,7483.0,0,0,0,0,0,0,0,0,0,0,0,0,0,0,0,0,0,1,0,0,0,0,0,0,0,0,0,0,1,0,1
JUL,FT Vest U.S. Equity Moderate Buffer ETF - July,Financial,Exchange Traded Fund,USA,,,45.01,0.23%,5674.0,0,0,0,0,0,0,0,-1,0,0,1,0,0,0,0,0,0,0,0,0,0,0,0,0,0,0,0,0,1,1,2
JUN,FT Vest U.S. Equity Moderate Buffer ETF - June,Financial,Exchange Traded Fund,USA,,,42.43,0.43%,13330.0,0,0,0,0,0,0,0,-1,0,0,0,0,0,0,0,0,0,0,0,0,0,0,0,0,0,0,0,0,0,1,1
K,AdvisorShares Gerber Kawasaki ETF,Financial,Exchange Traded Fund,USA,,,29.59,0.77%,419.0,0,0,0,0,0,0,0,0,0,0,1,1,0,0,0,0,0,0,0,0,0,0,0,0,-1,0,0,0,2,1,3
LAD,Gladstone Capital Corp,Financial,Asset Management,USA,424970000.0,10.0,18.81,-0.95%,98436.0,0,1,0,0,0,0,0,0,0,0,0,0,0,0,0,0,0,1,0,0,0,0,0,0,0,0,0,0,2,0,2
LAM,"Corgi Beauty, Skincare & Aesthetics ETF",Financial,Exchange Traded Fund,USA,,,28.5,1.41%,341.0,0,0,0,0,0,0,0,0,0,0,0,0,0,0,0,0,0,0,0,0,0,0,-1,0,0,0,0,0,0,1,1
LBS,Globus Maritime Ltd,Industrials,Marine Shipping,Greece,72300000.0,10.69,3.35,-4.29%,87445.0,0,0,0,0,0,0,0,-1,0,0,0,0,0,0,0,0,0,0,0,0,0,0,0,0,0,0,0,0,0,1,1
LDG,GoldMining Inc,Basic Materials,Gold,Canada,192120000.0,,0.89,-0.18%,595393.0,0,0,0,0,0,0,0,0,1,0,0,0,0,0,0,0,0,0,0,0,0,0,0,0,0,0,0,0,1,0,1
LDW,Roundhill Gold WeeklyPay ETF,Financial,Exchange Traded Fund,USA,,,39.58,1.88%,8273.0,0,0,0,0,0,0,0,0,1,0,0,0,0,0,0,0,0,0,0,0,0,0,0,0,0,0,0,0,1,0,1
LE,Global Engine Group Holding Ltd,Technology,Information Technology Services,Hong Kong,7510000.0,,4.1,-4.43%,29960.0,0,0,0,-1,0,1,0,0,0,0,0,0,0,0,0,1,0,0,0,0,0,0,0,0,0,0,0,0,2,1,3
LGG,Leverage Shares 2X Long GLXY Daily ETF,Financial,Exchange Traded Fund,USA,,,3.24,1.71%,49697.0,0,0,0,0,0,0,0,0,0,0,0,0,-1,0,0,0,0,0,0,0,0,0,0,0,0,0,0,0,0,1,1
LIN,VanEck India Growth Leaders ETF,Financial,Exchange Traded Fund,USA,,,42.81,1.71%,23316.0,0,0,0,0,0,0,0,0,0,0,0,0,-1,0,0,0,0,0,0,0,0,0,0,0,0,0,0,0,0,1,1
LOB,Globant SA,Technology,Information Technology Services,Luxembourg,1570000000.0,14.26,36.32,-1.97%,497021.0,0,0,0,-1,0,0,0,0,0,0,0,0,0,0,0,1,0,0,0,0,0,0,0,0,0,0,0,0,1,1,2
LOO,Gloo Holdings Inc,Technology,Software - Application,USA,350110000.0,,3.83,0.13%,441041.0,0,1,0,0,0,0,0,0,1,0,0,0,0,0,0,0,0,0,0,0,0,0,0,0,0,0,0,0,2,0,2
LOW,VictoryShares WestEnd Global Equity ETF,Financial,Exchange Traded Fund,USA,,,34.71,0.57%,6756.0,0,0,0,-1,0,0,0,0,0,0,0,0,0,0,0,0,0,0,0,0,0,0,0,0,0,0,0,0,0,1,1
LPI,Gaming and Leisure Properties Inc,Real Estate,REIT - Specialty,USA,11140000000.0,11.23,38.28,0.05%,2201876.0,0,0,0,0,0,0,0,0,1,1,0,0,0,0,0,0,0,0,0,0,0,0,0,0,0,0,0,0,2,0,2
LRY,Inspire Growth ETF,Financial,Exchange Traded Fund,USA,,,38.48,0.97%,15095.0,0,0,0,0,0,0,0,0,0,0,0,0,0,0,0,0,0,0,0,0,0,0,0,0,0,0,-1,0,0,1,1
LSI,Greenwich LifeSciences Inc,Healthcare,Biotechnology,USA,242630000.0,,16.53,9.18%,119878.0,0,1,0,0,0,0,0,0,0,0,0,0,0,0,0,0,0,0,0,0,0,0,0,0,0,0,0,0,1,0,1
LUE,Monte Rosa Therapeutics Inc,Healthcare,Biotechnology,USA,878720000.0,,10.3,-0.19%,1201739.0,0,0,0,0,0,0,0,0,0,0,1,0,0,0,0,0,0,0,0,0,0,0,0,0,0,0,0,0,1,0,1
LXU,T-REX 2X Long GLXY Daily Target ETF,Financial,Exchange Traded Fund,USA,,,3.81,2.70%,156929.0,0,0,0,0,0,0,0,0,0,0,0,0,-1,0,0,0,0,0,0,0,0,0,0,0,0,0,0,0,0,1,1
MAY,FT Vest U.S. Equity Moderate Buffer ETF - May,Financial,Exchange Traded Fund,USA,,,44.38,0.27%,7153.0,0,0,0,0,0,0,0,0,0,0,1,0,0,0,0,0,0,1,0,0,0,0,0,0,0,0,0,0,2,0,2
MED,Globus Medical Inc,Healthcare,Medical Devices,USA,10020000000.0,19.09,74.65,1.80%,1078740.0,0,0,0,0,0,0,0,0,1,0,0,0,0,0,0,0,0,0,0,0,0,0,0,0,0,0,0,0,1,0,1
MF,State Street SPDR S&P Emerging Asia Pacific ETF,Financial,Exchange Traded Fund,USA,,,156.25,1.07%,265.0,0,0,0,0,0,0,0,0,0,0,1,1,0,0,0,0,0,0,0,0,0,0,0,0,-1,0,0,0,2,1,3
MHS,Gamehaus Holdings Inc,Communication Services,Electronic Gaming & Multimedia,China,33620000.0,6.88,0.59,0.34%,5668.0,0,0,0,0,0,1,0,0,1,0,0,0,0,0,0,0,0,0,0,0,0,0,0,0,0,0,0,0,2,0,2
MM,Global Mofy AI Ltd,Technology,Information Technology Services,China,16620000.000000002,,1.71,-2.85%,7128.0,0,1,0,0,0,0,0,0,0,0,0,0,0,0,0,0,0,0,0,0,0,0,0,0,0,0,0,0,1,0,1
MMA,GammaRoad Market Navigation ETF,Financial,Exchange Traded Fund,USA,,,22.16,0.46%,33.0,0,0,0,0,0,0,0,-1,0,0,0,0,0,0,0,0,0,0,0,0,0,0,0,0,0,0,0,0,0,1,1
MOC,GMO Ultra-Short Income ETF,Financial,Exchange Traded Fund,USA,,,50.08,0.03%,7.0,0,0,0,0,0,1,0,0,0,0,0,0,0,0,0,0,0,1,0,0,0,0,0,0,0,0,0,0,2,0,2
MTL,Guardian Metal Resources Plc ADR,Basic Materials,Other Precious Metals & Mining,United Kingdom,301780000.0,,7.59,3.27%,161955.0,0,1,0,0,0,0,0,0,0,0,0,0,0,0,0,0,0,0,0,0,0,0,0,0,0,0,0,0,1,0,1
NE,Genie Energy Ltd,Utilities,Utilities - Regulated Electric,USA,437690000.0,17.38,16.63,-0.89%,31997.0,0,1,0,0,0,0,0,0,0,0,0,0,0,0,0,0,0,0,0,0,0,0,0,0,0,0,0,0,1,0,1
NL,Global Net Lease Inc,Real Estate,REIT - Diversified,USA,1790000000.0,,7.75,-2.64%,1626276.0,0,0,0,0,0,1,0,0,0,0,0,0,0,0,0,0,0,0,0,-1,0,0,0,0,0,0,0,0,1,1,2
NLN,Greenlane Holdings Inc,Consumer Defensive,Tobacco,USA,1980000.0,,2.84,0.35%,21571.0,0,0,0,0,0,0,0,0,0,0,0,0,-1,-1,0,0,0,0,0,0,0,0,0,1,0,0,0,0,1,2,3
NMX,Corgi Genomics & Precision Medicine ETF,Financial,Exchange Traded Fund,USA,,,37.52,3.90%,526.0,0,0,0,-1,0,1,0,0,0,0,0,0,0,0,0,0,0,1,0,0,0,0,0,0,0,0,0,0,2,1,3
NOM,Global X Genomics & Biotechnology ETF,Financial,Exchange Traded Fund,USA,,,68.75,4.44%,24338.0,0,0,0,-1,0,0,0,0,0,0,0,0,0,0,0,0,0,1,0,0,0,0,0,0,0,0,0,0,1,1,2
NRC,Generac Holdings Inc,Industrials,Specialty Industrial Machinery,USA,13290000000.0,51.85,224.94,0.24%,968085.0,0,0,0,0,0,0,0,0,0,0,0,0,-1,0,0,0,0,0,0,0,0,0,0,0,0,0,0,0,0,1,1
NSS,Genasys Inc,Technology,Scientific & Technical Instruments,USA,62400000.0,,1.37,-2.49%,117323.0,0,0,0,0,0,1,0,0,0,0,0,0,0,0,0,0,0,0,0,-1,0,0,0,0,0,0,0,0,1,1,2
OLD,Gold.com Inc,Financial,Capital Markets,USA,1180000000.0,13.93,40.69,-2.33%,289251.0,0,1,0,0,0,1,0,0,0,0,0,0,-1,0,0,0,0,0,0,0,0,0,0,0,0,0,0,0,2,1,3
OOD,Gladstone Commercial Corp,Real Estate,REIT - Diversified,USA,618510000.0,50.62,12.68,-0.24%,258881.0,0,0,0,-1,0,0,0,-1,0,0,0,0,0,0,0,0,0,0,0,0,0,0,0,0,0,0,0,0,0,2,2
OOGL,Alphabet Inc,Communication Services,Internet Content & Information,USA,4281660000000.0,17.67,351.66,0.97%,17281499.0,0,0,0,0,0,0,0,0,0,0,0,0,0,0,0,1,0,0,0,0,0,0,0,0,0,0,0,0,1,0,1
OOP,Kurv Yield Premium Strategy Google (GOOGL) ETF,Financial,Exchange Traded Fund,USA,,,36.52,0.63%,21398.0,0,0,0,0,0,0,0,0,1,0,0,0,0,0,0,1,0,0,0,0,0,0,0,0,0,0,0,0,2,0,2
OOY,YieldMax GOOGL Option Income Strategy ETF,Financial,Exchange Traded Fund,USA,,,12.19,0.91%,281960.0,0,0,0,0,0,0,0,0,1,1,0,0,0,0,0,0,0,0,0,0,0,0,0,0,0,0,0,0,2,0,2
OP,Subversive Congressional Republicans Trading ETF,Financial,Exchange Traded Fund,USA,,,45.13,0.35%,4790.0,0,0,0,0,0,0,0,0,0,0,0,0,0,0,0,0,0,1,0,0,0,0,0,0,0,0,0,0,1,0,1
ORO,Goldgroup Mining Inc,Basic Materials,Gold,Canada,462570000.0,,3.41,6.90%,1530727.0,0,0,0,0,0,0,0,0,1,0,0,0,0,0,0,0,0,0,0,0,0,0,0,0,0,0,0,0,1,0,1
OU,GraniteShares 2x Long GOOGL Daily ETF,Financial,Exchange Traded Fund,USA,,,26.16,2.12%,110230.0,0,0,0,0,0,0,0,0,0,0,0,0,0,0,0,1,0,0,0,0,0,0,0,0,0,0,0,0,1,0,1
PGI,GPGI Inc,Industrials,Metal Fabrication,USA,3650000000.0,,12.6,1.61%,967376.0,0,0,0,-1,0,0,0,0,1,1,0,0,0,0,0,0,0,0,0,0,0,0,0,0,0,0,0,0,2,1,3
PI,Group 1 Automotive Inc,Consumer Cyclical,Auto & Truck Dealerships,USA,2770000000.0,9.67,232.01,-1.94%,394621.0,0,0,0,0,0,0,0,0,1,0,0,0,0,0,0,0,0,0,0,0,0,0,0,0,0,0,0,0,1,0,1
PK,Graphic Packaging Holding Co,Consumer Cyclical,Packaging & Containers,USA,2470000000.0,12.8,8.35,-2.68%,7283381.0,0,0,0,0,0,0,0,-1,0,0,0,0,0,0,0,0,0,0,0,0,0,0,0,0,0,0,0,0,0,1,1
PMT,Granite Point Mortgage Trust Inc,Real Estate,REIT - Mortgage,USA,31480000.0,,6.53,-9.05%,61246.0,0,0,0,0,0,0,0,0,1,0,0,0,0,0,0,0,0,0,0,0,0,0,0,0,0,0,0,0,1,0,1
POR,Gulfport Energy Corp,Energy,Oil & Gas E&P,USA,2880000000.0,6.51,162.66,-1.20%,269792.0,0,0,0,0,0,0,0,0,0,0,0,0,0,0,0,0,0,0,0,0,0,0,0,1,0,0,0,0,1,0,1
PRE,Green Plains Inc,Basic Materials,Chemicals,USA,1010000000.0,9.3,14.34,-4.78%,1841862.0,0,0,0,0,0,0,0,0,1,0,0,0,0,0,0,0,0,0,0,0,0,0,0,0,0,0,0,0,1,0,1
PRO,GoPro Inc,Technology,Consumer Electronics,USA,222700000.0,,1.19,0.85%,4515380.0,0,0,0,0,0,0,0,0,0,0,0,0,0,0,0,0,0,0,0,0,1,0,-1,0,0,0,0,0,1,1,2
PT,Intelligent Alpha Atlas ETF,Financial,Exchange Traded Fund,USA,,,35.1,1.39%,190.0,0,1,0,0,0,0,0,-1,0,0,0,0,0,0,0,0,0,0,0,0,0,0,0,0,0,0,0,0,1,1,2
QGU,GQG US Equity ETF,Financial,Exchange Traded Fund,USA,,,26.85,1.05%,342106.0,0,0,0,0,0,0,0,0,0,0,0,0,0,0,0,1,0,0,0,0,0,0,0,0,0,0,0,0,1,0,1
QI,Natixis Gateway Quality Income ETF,Financial,Exchange Traded Fund,USA,,,61.34,0.34%,39923.0,0,0,0,-1,0,0,0,-1,0,0,0,0,0,0,0,0,0,0,0,0,0,0,0,0,0,0,0,0,0,2,2
QQQ,Astoria US Quality Growth Kings ETF,Financial,Exchange Traded Fund,USA,,,36.68,0.53%,10272.0,0,0,0,0,0,0,0,0,0,0,1,0,0,0,0,0,0,0,0,0,0,0,0,0,0,0,0,0,1,0,1
RAB,Grab Holdings Limited,Technology,Software - Application,Singapore,13010000000.0,23.03,3.19,2.57%,78356091.0,0,0,0,-1,0,0,0,0,0,0,0,0,0,0,0,0,0,0,0,-1,0,0,0,0,0,0,0,0,0,2,2
RAG,Leverage Shares 2X Long GRAB Daily ETF,Financial,Exchange Traded Fund,USA,,,4.56,5.10%,76608.0,0,0,0,0,0,0,0,0,0,0,0,0,0,0,0,0,0,0,0,-1,0,0,0,0,0,0,0,0,0,1,1
RC,Gorman-Rupp Co,Industrials,Specialty Industrial Machinery,USA,1950000000.0,31.26,73.99,1.30%,137493.0,0,0,0,0,0,0,0,0,1,0,0,0,0,0,0,0,0,0,0,0,0,0,0,0,0,0,0,0,1,0,1
RF,Eagle Capital Growth Fund Inc,Financial,Closed-End Fund - Equity,USA,38330000.0,,9.66,-1.93%,4016.0,0,0,0,0,0,0,0,0,0,0,0,0,0,0,0,1,0,0,0,0,0,0,0,0,0,0,0,0,1,0,1
RID,First Trust Clean Edge Smart Grid,Financial,Exchange Traded Fund,USA,,,180.89,1.48%,337775.0,0,0,0,0,0,0,0,0,0,0,0,0,0,0,0,1,0,0,0,0,0,0,0,0,0,0,0,0,1,0,1
RIN,VictoryShares International Free Cash Flow Growth ETF,Financial,Exchange Traded Fund,USA,,,32.8,1.57%,4171.0,0,0,0,0,0,0,0,0,0,0,1,0,0,0,0,0,0,0,0,0,0,0,-1,0,0,0,0,0,1,1,2
RN,Barclays Bank PLC iPath Series B Carbon ETN,Financial,Exchange Traded Fund,USA,,,34.88,0.19%,277.0,0,0,0,0,0,0,0,0,0,0,1,0,0,0,0,0,0,0,0,0,0,0,0,0,0,0,0,0,1,0,1
RNI,Fundstrat Granny Shots US Large Cap & Income ETF,Financial,Exchange Traded Fund,USA,,,21.29,0.61%,32932.0,0,1,0,-1,0,0,0,-1,0,0,0,0,0,0,0,0,0,0,0,0,0,0,0,0,0,0,0,0,1,2,3
RNJ,Fundstrat Granny Shots US Small & Mid-Cap ETF,Financial,Exchange Traded Fund,USA,,,29.75,0.85%,76598.0,0,0,0,0,0,0,0,0,0,0,0,0,0,0,0,1,0,0,0,0,0,0,0,0,0,0,0,0,1,0,1
RNT,Granite Ridge Resources Inc,Energy,Oil & Gas E&P,USA,629160000.0,,4.77,-0.63%,880462.0,0,0,0,0,0,0,0,0,0,0,0,0,-1,0,0,0,0,0,0,0,0,0,0,0,0,0,0,0,0,1,1
RNY,Fundstrat Granny Shots US Large Cap ETF,Financial,Exchange Traded Fund,USA,,,28.45,0.74%,721499.0,0,0,0,0,0,0,0,-1,0,0,0,0,0,0,0,0,0,0,0,0,0,0,0,0,0,0,0,0,0,1,1
RO,Brazil Potash Corp,Basic Materials,Other Industrial Metals & Mining,Canada,132560000.0,,2.14,0.00%,112323.0,0,0,0,0,0,0,0,0,1,0,0,0,0,0,0,0,0,0,0,0,0,0,0,0,0,0,0,0,1,0,1
RPN,Groupon Inc,Communication Services,Internet Content & Information,USA,757590000.0,,18.63,-2.56%,629713.0,0,0,0,0,0,0,0,0,0,0,0,0,0,0,0,0,0,0,0,0,0,0,0,0,0,0,-1,0,0,1,1
RRR,Gorilla Technology Group Inc,Technology,Software - Infrastructure,United Kingdom,306180000.0,,11.13,-6.78%,2179122.0,0,0,0,0,0,0,0,0,1,0,0,0,0,0,0,0,0,0,0,0,0,0,0,0,0,0,-1,0,1,1,2
RSD,Grandstand Ltd,Consumer Cyclical,Gambling,United Kingdom,51600000.0,,1.47,-3.29%,287214.0,0,0,0,0,0,0,0,0,1,0,0,0,0,0,0,0,0,0,0,0,0,0,0,0,0,0,0,0,1,0,1
SC,Goldman Sachs Small Cap Equity ETF,Financial,Exchange Traded Fund,USA,,,62.3,0.70%,7051.0,0,0,0,0,0,0,0,0,1,0,0,0,0,0,0,0,0,0,0,0,0,0,0,0,0,0,0,0,1,0,1
SK,GSK Plc ADR,Healthcare,Drug Manufacturers - General,United Kingdom,93160000000.0,14.65,46.5,-0.09%,8542865.0,0,0,0,-1,0,0,0,0,1,1,0,0,0,0,0,0,0,0,0,0,0,0,0,0,0,0,0,0,2,1,3
SKH,GSK plc ADRhedged,Financial,Exchange Traded Fund,USA,,,66.29,-0.10%,81.0,0,0,0,0,0,0,0,0,0,0,0,0,-1,0,0,0,0,0,0,0,0,0,0,0,0,0,0,0,0,1,1
SL,Global Ship Lease Inc,Industrials,Marine Shipping,Greece,1610000000.0,4.3,44.58,-1.98%,157975.0,0,0,0,0,0,0,0,-1,0,0,0,0,0,0,0,0,0,0,0,0,0,0,0,0,0,0,0,0,0,1,1
SM,Ferroglobe Plc,Basic Materials,Other Industrial Metals & Mining,United Kingdom,791360000.0,,4.24,1.07%,608397.0,0,0,0,0,0,0,0,0,0,0,0,0,0,0,0,0,0,0,0,0,0,0,0,0,0,0,0,1,1,0,1
SPY,Gotham Enhanced 500 ETF,Financial,Exchange Traded Fund,USA,,,43.09,0.52%,561.0,0,0,0,0,0,0,0,0,0,0,1,0,0,0,0,0,0,0,0,0,0,0,0,0,0,0,0,0,1,0,1
SST,Goldman Sachs Ultra Short Bond ETF,Financial,Exchange Traded Fund,USA,,,50.36,0.04%,141754.0,0,1,0,0,0,0,0,0,0,0,0,0,0,0,0,0,0,0,0,0,0,0,0,0,0,0,0,0,1,0,1
SUI,Grayscale Sui Staking ETF,Financial,Exchange Traded Fund,USA,,,15.33,1.66%,38367.0,0,0,0,0,0,0,0,0,0,0,0,0,0,0,0,0,0,0,0,0,0,0,0,0,0,1,0,0,1,0,1
SWO,Goldman Sachs ActiveBeta World Equity ETF,Financial,Exchange Traded Fund,USA,,,65.56,0.61%,39418.0,0,0,0,0,0,0,0,0,0,0,0,0,0,0,0,0,0,0,0,0,0,0,0,0,-1,0,0,0,0,1,1
SY,Invesco Ultra Short Duration ETF,Financial,Exchange Traded Fund,USA,,,50.04,0.04%,870350.0,0,1,0,0,0,0,0,0,0,0,0,0,0,0,0,0,0,0,0,0,0,0,0,0,0,0,0,0,1,0,1
T,Goodyear Tire & Rubber Co,Consumer Cyclical,Auto Parts,USA,1350000000.0,,4.68,-1.47%,5929036.0,0,0,0,0,0,0,0,0,1,0,0,0,0,0,0,0,0,0,0,0,0,0,0,0,0,0,0,0,1,0,1
TEC,Greenland Technologies Holding Corp,Consumer Cyclical,Auto Parts,USA,20330000.0,1.28,0.77,-0.93%,204197.0,0,0,0,0,0,0,0,0,0,0,0,0,-1,0,0,0,0,0,0,0,0,0,0,0,0,0,0,0,0,1,1
TEK,Goldman Sachs Future Tech Leaders Equity ETF,Financial,Exchange Traded Fund,USA,,,60.62,1.78%,10867.0,0,0,0,0,0,0,0,0,0,0,1,0,0,0,0,0,0,0,0,0,0,0,-1,0,0,0,0,0,1,1,2
TES,Gates Industrial Corp Ltd,Industrials,Specialty Industrial Machinery,USA,6750000000.0,18.89,26.67,-0.26%,1219768.0,0,0,0,0,0,0,0,0,0,0,0,0,-1,0,0,0,0,0,0,0,0,0,0,0,0,0,0,0,0,1,1
TIP,Goldman Sachs Access Inflation Protected USD Bond ETF,Financial,Exchange Traded Fund,USA,,,46.42,-0.12%,13640.0,0,1,0,0,0,0,0,0,0,0,0,0,0,0,0,0,0,0,0,0,0,0,0,0,0,0,0,0,1,0,1
TM,ZoomInfo Technologies Inc,Technology,Software - Application,USA,1130000000.0,,3.88,1.31%,4582440.0,0,0,0,0,0,0,0,0,0,0,1,0,0,0,0,0,0,0,0,0,0,0,0,0,0,0,0,0,1,0,1
TOH,Invesco Short Duration High Yield ETF,Financial,Exchange Traded Fund,USA,,,24.73,0.00%,38.0,0,0,0,-1,0,0,0,0,0,0,0,0,0,0,0,0,0,0,0,0,0,0,0,0,0,0,0,0,0,1,1
TR,WisdomTree Target Range Fund,Financial,Exchange Traded Fund,USA,,,27.5,0.47%,4813.0,0,0,0,-1,0,0,0,0,0,0,0,0,0,0,0,0,0,0,0,0,0,0,0,0,0,0,0,0,0,1,1
TY,Getty Realty Corp,Real Estate,REIT - Retail,USA,1730000000.0,17.02,27.86,-0.14%,447356.0,0,0,0,0,0,0,0,0,0,0,0,0,0,0,0,0,0,0,0,0,0,0,0,0,0,0,-1,0,0,1,1
UMI,Goldman Sachs Ultra Short Municipal Income ETF,Financial,Exchange Traded Fund,USA,,,50.12,-0.02%,33070.0,0,1,0,0,0,0,0,0,0,0,0,0,0,0,0,0,0,0,0,0,0,0,0,0,0,0,0,0,1,0,1
URE,Gulf Resources Inc,Basic Materials,Chemicals,China,4950000.0,,2.73,-5.86%,256215.0,0,0,0,0,0,0,0,0,1,0,0,0,0,0,0,0,0,0,0,0,0,0,0,0,0,0,0,0,1,0,1
USH,Direxion Daily S&P Oil & Gas Exp. & Prod. Bull 2X ETF,Financial,Exchange Traded Fund,USA,,,45.95,-1.90%,525102.0,0,0,0,0,0,0,0,0,0,0,1,0,0,0,0,0,0,0,0,0,0,0,0,0,0,0,0,0,1,0,1
VA,Granite Construction Inc,Industrials,Engineering & Construction,USA,4920000000.0,,112.5,-1.17%,454589.0,0,0,0,0,0,0,0,0,1,0,0,0,0,0,0,0,0,0,0,0,0,0,0,0,0,0,0,0,1,0,1
VAL,Cambria Global Value ETF,Financial,Exchange Traded Fund,USA,,,38.59,0.60%,93926.0,0,0,0,0,0,0,0,-1,0,0,0,0,0,0,0,0,0,0,0,0,0,0,0,0,0,0,0,0,0,1,1
VH,Globavend Holdings Ltd,Industrials,Integrated Freight & Logistics,Australia,4570000.0,12.06,1.06,-0.93%,16154.0,0,0,0,0,0,0,0,0,0,0,0,0,0,0,0,0,0,0,0,0,0,0,-1,0,0,0,0,0,0,1,1
VLU,Gotham 1000 Value ETF,Financial,Exchange Traded Fund,USA,,,27.55,-0.03%,1334.0,0,1,0,0,0,0,0,0,0,0,0,0,0,0,0,0,0,0,0,0,0,0,0,0,0,0,0,0,1,0,1
WX,State Street SPDR S&P International Small Cap ETF,Financial,Exchange Traded Fund,USA,,,45.56,0.93%,30027.0,0,0,0,0,0,0,0,0,0,0,1,0,0,0,0,0,0,0,0,0,0,0,0,0,-1,0,0,0,1,1,2
XAI,Gaxos.AI Inc,Communication Services,Electronic Gaming & Multimedia,USA,4800000.0,,0.43,2.50%,164224.0,0,0,0,0,0,0,0,0,1,0,0,0,0,0,0,0,0,0,0,0,0,0,0,0,0,0,0,0,1,0,1
XIG,Global X Investment Grade Corporate Bond ETF,Financial,Exchange Traded Fund,USA,,,23.58,-0.18%,16.0,0,0,0,-1,0,0,0,0,0,0,0,0,0,0,0,0,0,0,0,-1,0,0,0,0,0,0,0,0,0,2,2
XO,GXO Logistics Inc,Industrials,Integrated Freight & Logistics,USA,5340000000.0,41.05,46.56,0.43%,587455.0,0,0,0,0,0,0,0,0,1,0,0,0,0,0,0,0,0,0,0,0,0,0,0,0,0,0,0,0,1,0,1
XPD,Global X PureCap MSCI Consumer Discretionary ETF,Financial,Exchange Traded Fund,USA,,,25.87,1.69%,2480.0,0,0,0,0,0,0,0,0,0,0,0,0,0,0,0,1,0,0,0,0,0,0,0,0,0,0,0,0,1,0,1
XPS,Global X PureCap MSCI Consumer Staples ETF,Financial,Exchange Traded Fund,USA,,,26.78,0.04%,24938.0,0,1,0,0,0,1,0,0,0,0,0,0,-1,-1,0,0,0,0,0,0,0,0,0,0,0,0,0,0,2,2,4
XUS,Goldman Sachs MarketBeta Total International Equity ETF,Financial,Exchange Traded Fund,USA,,,62.37,0.83%,244.0,0,0,0,0,0,0,0,-1,0,0,0,0,0,0,0,0,0,0,0,0,0,0,0,0,0,0,0,0,0,1,1
YLD,Arrow Dow Jones Global Yield ETF,Financial,Exchange Traded Fund,USA,,,13.23,-0.71%,1070.0,0,0,0,0,0,0,0,0,0,0,0,0,0,0,0,0,0,0,0,0,0,0,0,0,-1,0,0,0,0,1,1
YRE,Gyre Therapeutics Inc,Healthcare,Biotechnology,USA,746480000.0,,7.04,4.14%,76632.0,0,0,0,0,0,0,0,0,0,0,0,0,0,0,0,0,0,0,0,0,0,0,0,1,0,0,0,0,1,0,1
AIL,State Street SPDR S&P Kensho Smart Mobility ETF,Financial,Exchange Traded Fund,USA,,,33.68,0.60%,2362.0,0,0,0,0,0,0,0,0,1,0,0,0,0,0,0,0,0,0,0,0,0,0,0,0,0,0,0,0,1,0,1
AIN,Hain Celestial Group Inc,Consumer Defensive,Packaged Foods,USA,50370000.0,,0.55,0.22%,778554.0,0,0,0,0,0,0,0,0,1,0,0,0,0,0,0,0,0,0,0,0,0,0,0,0,0,0,0,0,1,0,1
API,Harbor Human Capital Factor US Large Cap ETF,Financial,Exchange Traded Fund,USA,,,47.04,0.62%,817.0,0,0,0,0,0,0,0,0,0,0,1,0,0,0,0,0,0,0,0,0,0,0,0,0,0,0,0,0,1,0,1
AWK,HawkEye 360 Inc,Industrials,Aerospace & Defense,USA,1340000000.0,,13.7,-2.14%,1004498.0,0,0,0,0,0,0,0,0,0,0,1,0,0,0,0,0,0,0,0,0,0,0,0,0,0,0,0,0,1,0,1
AWX,iShares Currency Hedged MSCI ACWI ex U.S. ETF,Financial,Exchange Traded Fund,USA,,,45.55,0.90%,5319.0,0,1,0,0,0,0,0,0,0,0,0,0,0,0,0,0,0,0,0,0,0,0,0,0,0,0,0,0,1,0,1
BDC,Hilton BDC Corporate Bond ETF,Financial,Exchange Traded Fund,USA,,,24.36,0.23%,290.0,0,1,0,0,0,0,0,0,0,0,0,0,0,0,0,0,0,0,0,0,0,0,0,0,0,0,0,0,1,0,1
BNB,Hotel101 Global Holdings Corp,Real Estate,Real Estate Services,Singapore,1030000000.0,,4.42,0.23%,2334.0,0,0,0,0,0,1,0,0,1,0,0,0,0,0,0,0,0,0,0,0,0,0,0,0,0,0,0,0,2,0,2
BNC,Horizon Bancorp Inc (IN),Financial,Banks - Regional,USA,988900000.0,,19.26,-1.23%,638332.0,0,0,0,-1,0,0,0,0,0,0,0,0,0,0,0,0,0,0,0,0,0,0,0,0,0,0,0,0,0,1,1
BT,HBT Financial Inc,Financial,Banks - Regional,USA,1270000000.0,15.03,34.95,-1.63%,106783.0,0,0,0,0,0,0,0,0,0,0,0,0,-1,0,0,0,0,0,0,0,0,0,0,0,0,0,0,0,0,1,1
BTA,Horizon Expedition Plus ETF,Financial,Exchange Traded Fund,USA,,,33.53,1.07%,21446.0,0,1,0,0,0,0,0,0,0,0,1,1,0,0,0,0,0,0,0,0,0,0,0,0,0,0,0,0,3,0,3
CC,Warrior Met Coal Inc,Basic Materials,Coking Coal,USA,4910000000.0,22.38,93.07,3.64%,565106.0,0,0,0,0,0,0,0,0,0,0,1,0,0,0,0,0,0,0,0,0,0,0,-1,0,0,0,0,0,1,1,2
CKT,Hackett Group Inc,Technology,Information Technology Services,USA,276890000.0,17.31,11.13,1.37%,120651.0,0,0,0,0,0,0,0,0,0,0,0,0,-1,0,0,0,0,0,0,0,0,0,0,0,0,0,0,0,0,1,1
CMT,Direxion HCM Tactical Enhanced US ETF,Financial,Exchange Traded Fund,USA,,,43.97,0.94%,29154.0,0,0,0,0,0,0,0,0,0,0,1,0,0,0,0,0,0,0,0,0,0,0,0,0,0,0,0,0,1,0,1
DB,HDFC Bank Ltd ADR,Financial,Banks - Regional,India,114510000000.0,13.14,22.28,1.23%,4073683.0,0,0,0,0,0,0,0,0,1,1,0,0,0,0,0,0,0,0,0,0,0,0,0,0,0,0,0,0,2,0,2
DG,ProShares Hedge Replication ETF,Financial,Exchange Traded Fund,USA,,,54.05,0.25%,21.0,0,0,0,0,0,0,0,0,0,0,1,0,0,0,0,0,0,0,0,0,0,0,0,0,-1,0,0,0,1,1,2
DV,iShares Core High Dividend ETF,Financial,Exchange Traded Fund,USA,,,28.71,-0.38%,1833824.0,0,1,0,0,0,1,0,0,0,0,0,0,0,0,0,0,0,0,0,0,0,0,0,0,0,0,0,0,2,0,2
E,Hawaiian Electric Industries Inc,Utilities,Utilities - Regulated Electric,USA,1510000000.0,6.77,8.76,-0.68%,2111370.0,0,0,0,0,0,0,0,0,1,0,0,0,0,0,0,0,0,0,0,0,0,0,0,0,0,0,0,0,1,0,1
EDG,Equable Shares Hedged Equity ETF,Financial,Exchange Traded Fund,USA,,,30.92,0.02%,17652.0,0,0,0,0,0,0,0,-1,0,0,0,0,0,0,0,0,0,0,0,0,0,0,0,0,0,0,0,0,0,1,1
EDJ,WisdomTree Europe Hedged Equity Fund,Financial,Exchange Traded Fund,USA,,,55.23,0.22%,117427.0,0,0,0,0,0,0,0,0,0,0,0,0,-1,0,0,0,0,0,0,0,0,0,0,0,0,0,0,0,0,1,1
EFT,Hedgeye Fourth Turning ETF,Financial,Exchange Traded Fund,USA,,,26.73,0.60%,15606.0,0,0,0,0,0,0,0,0,0,0,0,0,-1,0,0,0,0,0,0,0,0,0,0,0,0,0,0,0,0,1,1
ELE,Helen of Troy Ltd,Consumer Defensive,Household & Personal Products,Bermuda,617470000.0,,26.51,-0.15%,763499.0,0,1,0,0,0,0,0,0,0,0,0,0,0,0,0,0,0,0,0,0,0,0,0,0,0,0,0,0,1,0,1
EMI,Hartford Equity Premium Income ETF,Financial,Exchange Traded Fund,USA,,,42.06,0.75%,10.0,0,0,0,0,0,0,0,0,0,0,0,0,-1,-1,0,0,0,0,0,0,0,0,0,0,0,0,0,0,0,2,2
EQQ,JPMorgan Nasdaq Hedged Equity Laddered Overlay ETF,Financial,Exchange Traded Fund,USA,,,62.75,0.25%,784.0,0,0,0,0,0,0,0,-1,0,0,0,0,0,0,0,0,0,0,0,0,0,0,0,0,0,0,0,0,0,1,1
EQT,Simplify Hedged Equity ETF,Financial,Exchange Traded Fund,USA,,,34.81,0.32%,59246.0,0,0,0,0,0,0,0,-1,0,0,0,0,0,0,0,0,0,0,0,0,0,0,0,0,0,0,0,0,0,1,1
ERO,Global X Video Games & Esports ETF,Financial,Exchange Traded Fund,USA,,,27.63,2.47%,5891.0,0,0,0,0,0,0,0,0,0,0,1,0,0,0,0,0,0,0,0,0,0,0,0,0,0,0,0,0,1,0,1
ESM,Hess Midstream LP,Energy,Oil & Gas Midstream,USA,6650000000.0,11.13,32.26,-5.12%,3721794.0,0,1,0,0,0,0,0,0,0,0,0,0,0,0,0,0,0,0,0,0,0,0,0,0,0,0,0,0,1,0,1
EWJ,iShares Currency Hedged MSCI Japan ETF,Financial,Exchange Traded Fund,USA,,,66.09,0.78%,16381.0,0,0,0,0,0,0,0,0,0,0,1,1,0,0,0,0,0,0,0,0,0,0,0,0,-1,0,0,0,2,1,3
FFG,HF Foods Group Inc,Consumer Defensive,Food Distribution,USA,85160000.0,,1.58,-1.86%,219294.0,0,0,0,0,0,0,0,0,0,0,0,0,-1,0,0,0,0,0,0,0,0,0,0,0,0,0,0,0,0,1,1
FGO,Hartford Large Cap Growth ETF,Financial,Exchange Traded Fund,USA,,,30.86,1.14%,13507.0,0,0,0,0,0,0,0,0,0,0,1,0,0,0,0,0,0,0,0,0,0,0,0,0,-1,0,0,0,1,1,2
FMF,Unlimited HFMF Managed Futures ETF,Financial,Exchange Traded Fund,USA,,,22.46,-0.01%,1642.0,0,0,0,0,0,0,0,0,1,0,0,0,0,0,0,0,0,0,0,0,0,0,0,0,0,0,0,0,1,0,1
FRO,Highland Opportunities and Income Fund,Financial,Closed-End Fund - Debt,USA,362230000.0,,6.56,0.77%,82552.0,0,0,0,0,0,0,0,0,1,0,0,0,0,0,0,0,0,0,0,0,0,0,0,0,0,0,0,0,1,0,1
FSP,TradersAI Large Cap Equity & Cash ETF,Financial,Exchange Traded Fund,USA,,,13.52,0.67%,12.0,0,0,0,0,0,1,0,0,1,0,0,0,0,0,0,0,0,0,0,0,0,0,0,0,0,0,0,0,2,0,2
HH,Howard Hughes Holdings Inc,Real Estate,Real Estate - Diversified,USA,4400000000.0,14.93,73.73,2.50%,436288.0,0,0,0,0,0,0,0,0,0,0,0,0,0,0,0,0,0,0,0,0,1,0,0,0,0,0,0,0,1,0,1
IBS,Direxion Daily S&P 500 High Beta Bear 3X ETF,Financial,Exchange Traded Fund,USA,,,16.03,-3.95%,163314.0,0,0,0,0,0,0,0,0,1,0,0,0,0,0,0,0,0,0,0,0,0,0,0,0,0,0,0,0,1,0,1
IDV,AB US High Dividend ETF,Financial,Exchange Traded Fund,USA,,,90.05,0.13%,711.0,0,0,0,0,0,0,0,0,0,0,0,0,0,0,0,0,0,0,0,0,0,0,-1,0,0,0,0,0,0,1,1
IFS,Hingham Institution For Savings,Financial,Banks - Regional,USA,628630000.0,9.6,288.33,-0.78%,38292.0,0,0,0,-1,0,0,0,0,0,0,0,0,0,0,0,1,0,0,0,0,0,0,0,0,0,0,0,0,1,1,2
IGH,Simplify Enhanced Income ETF,Financial,Exchange Traded Fund,USA,,,21.25,0.48%,20366.0,0,1,0,0,0,1,0,0,0,0,0,0,-1,0,0,0,0,0,0,0,0,0,0,0,0,1,0,0,3,1,4
II,Huntington Ingalls Industries Inc,Industrials,Aerospace & Defense,USA,10430000000.0,15.79,264.8,-0.08%,403359.0,0,0,0,0,0,0,0,0,1,0,0,0,0,0,0,0,0,0,0,0,0,0,0,0,0,0,0,0,1,0,1
IND,Vyome Holdings Inc,Healthcare,Biotechnology,USA,14670000.0,,2.09,2.96%,7585.0,0,0,0,0,0,0,0,0,0,0,0,0,-1,-1,0,0,0,0,0,0,0,0,0,0,0,0,0,0,0,2,2
IO,Western Asset High Income Opportunity Fund Inc,Financial,Closed-End Fund - Debt,USA,310970000.0,,3.27,0.93%,721600.0,0,0,0,0,0,0,0,0,1,0,0,0,0,0,0,0,0,0,0,0,0,0,0,0,0,0,0,0,1,0,1
IPS,GraniteShares HIPS US High Income ETF,Financial,Exchange Traded Fund,USA,,,10.63,-0.09%,44015.0,0,0,0,0,0,0,0,0,0,0,0,0,-1,0,0,0,0,0,0,0,0,0,0,0,0,0,0,0,0,1,1
L,Hecla Mining Co,Basic Materials,Other Precious Metals & Mining,USA,11470000000.0,21.89,17.07,2.03%,29110655.0,0,0,0,0,0,0,0,0,1,0,0,0,0,0,0,0,0,0,0,0,0,0,0,0,0,0,0,0,1,0,1
LIO,Helios Technologies Inc,Industrials,Specialty Industrial Machinery,USA,2290000000.0,32.37,69.53,2.33%,347957.0,0,0,0,0,0,0,0,0,0,0,0,0,-1,0,0,0,0,0,0,0,0,0,0,0,0,0,0,0,0,1,1
LIT,Harmonic Inc,Technology,Communication Equipment,USA,1200000000.0,,10.99,-0.72%,1269378.0,0,0,0,0,0,0,0,0,0,0,0,0,-1,-1,0,0,0,0,0,0,0,0,0,0,0,0,0,0,0,2,2
LN,Haleon plc ADR,Healthcare,Drug Manufacturers - Specialty & Generic,United Kingdom,40990000000.0,19.17,9.32,0.65%,11304755.0,0,0,0,0,0,0,0,0,0,0,0,0,-1,0,0,0,0,0,0,0,0,0,0,0,0,1,0,0,1,1,2
LP,Hongli Group Inc,Basic Materials,Steel,China,189830000.0,96.21,2.54,2.42%,105463.0,0,1,0,0,0,0,0,0,0,0,0,0,0,0,0,0,0,0,0,0,0,0,0,0,0,0,0,0,1,0,1
LTH,Tema Healthcare AI ETF,Financial,Exchange Traded Fund,USA,,,28.72,2.88%,6702.0,0,0,0,0,0,0,0,-1,0,0,0,0,0,0,0,0,0,0,0,0,0,0,0,0,0,0,0,0,0,1,1
LXC,Helix Acquisition Corp III,Financial,Shell Companies,USA,231630000.0,,10.5,0.00%,325.0,0,0,0,0,0,0,0,0,0,0,0,0,-1,0,0,0,0,0,0,0,0,0,0,0,0,0,0,0,0,1,1
MH,HMH Holding Inc,Energy,Oil & Gas Equipment & Services,USA,840860000.0,21.61,19.07,1.76%,136454.0,0,0,0,0,0,0,0,0,1,0,0,0,0,0,0,0,0,0,0,0,0,0,0,0,0,0,0,0,1,0,1
NRG,Hallador Energy Co,Utilities,Utilities - Independent Power Producers,USA,656240000.0,672.46,13.92,-4.00%,1920118.0,0,0,0,0,0,0,0,0,1,0,0,0,0,0,0,0,0,0,0,0,0,0,0,0,0,0,0,0,1,0,1
OG,Harley-Davidson Inc,Consumer Cyclical,Recreational Vehicles,USA,2800000000.0,16.64,26.9,0.56%,1510866.0,0,0,0,0,0,0,0,0,0,0,0,0,0,0,0,0,0,0,0,0,1,0,0,0,-1,0,0,0,1,1,2
OLA,JPMorgan International Hedged Equity Laddered Overlay ETF,Financial,Exchange Traded Fund,USA,,,55.19,0.49%,8791.0,0,0,0,0,0,0,0,0,0,0,1,0,0,0,0,0,0,0,0,0,0,0,0,0,-1,0,0,0,1,1,2
OLO,MicroCloud Hologram Inc,Technology,Software - Application,China,33220000.0,,1.45,-0.68%,233229.0,0,0,0,0,0,0,0,0,1,0,0,0,0,0,0,0,0,0,0,0,0,0,0,0,0,0,0,0,1,0,1
ON,Honeywell International Inc,Industrials,Conglomerates,USA,65840000000.0,7.68,207.73,0.55%,1563279.0,0,1,0,0,0,0,0,0,0,0,0,0,0,0,0,0,0,0,0,0,0,0,0,0,0,0,0,0,1,0,1
OOC,Corgi HOOD 2x Daily ETF,Financial,Exchange Traded Fund,USA,,,19.32,3.59%,1373.0,0,0,0,0,0,0,0,0,0,0,0,0,0,0,0,0,0,0,0,0,1,0,-1,0,0,0,0,0,1,1,2
OOG,Leverage Shares 2X Long HOOD Daily ETF,Financial,Exchange Traded Fund,USA,,,29.92,3.74%,221197.0,0,0,0,0,0,0,0,0,0,0,1,0,0,0,0,0,0,0,0,0,0,0,0,0,0,0,0,0,1,0,1
OOX,Defiance Daily Target 2X Long HOOD ETF,Financial,Exchange Traded Fund,USA,,,33.78,3.50%,6729.0,0,0,0,0,0,0,0,0,0,0,1,0,0,0,0,0,0,0,0,0,0,0,0,0,0,0,0,0,1,0,1
OS,Hornbeck Offshore Services Inc,Industrials,Marine Shipping,USA,1660000000.0,46.98,7.47,-2.10%,1548234.0,0,0,0,0,0,0,0,-1,0,0,0,0,0,0,0,0,0,0,0,0,0,0,0,0,0,0,0,0,0,1,1
OST,Host Digital Inc,Technology,Software - Infrastructure,USA,89390000.0,,3.17,-0.94%,85728.0,0,0,0,0,0,0,0,0,0,0,0,0,0,0,0,0,0,0,0,0,0,0,-1,0,0,0,0,0,0,1,1
OUR,Hour Loop Inc,Consumer Cyclical,Internet Retail,USA,63010000.0,36.02,1.79,-2.51%,6699.0,0,0,0,0,0,0,0,0,1,0,0,0,0,0,0,0,0,0,0,0,0,0,0,0,0,0,0,0,1,0,1
PE,Hewlett Packard Enterprise Co,Technology,Communication Equipment,USA,97520000000.0,38.3,73.46,3.46%,13507996.0,0,0,0,0,0,0,0,0,0,0,1,1,0,0,0,0,0,0,0,0,0,0,0,0,0,0,0,0,2,0,2
PI,John Hancock Preferred Income Fund,Financial,Closed-End Fund - Debt,USA,369730000.0,,13.8,0.07%,77376.0,0,1,0,0,0,0,0,0,0,0,0,0,0,0,0,0,0,0,0,0,0,0,0,0,0,0,0,0,1,0,1
PK,HighPeak Energy Inc,Energy,Oil & Gas E&P,USA,1210000000.0,,9.55,9.39%,740172.0,0,0,0,0,0,1,0,-1,0,0,0,0,0,0,0,0,0,0,0,0,0,0,0,0,0,0,0,0,1,1,2
QGO,Hartford US Quality Growth ETF,Financial,Exchange Traded Fund,USA,,,68.57,0.74%,1510.0,0,0,0,0,0,0,0,0,0,0,1,0,0,0,0,0,0,0,0,0,0,0,0,0,0,0,0,0,1,0,1
QI,HireQuest Inc,Industrials,Staffing & Employment Services,USA,239080000.0,29.33,17.2,-5.39%,30387.0,0,0,0,0,0,0,0,-1,0,0,0,0,0,0,0,0,0,0,0,0,0,0,0,0,0,0,0,0,0,1,1
RSK,Toews Agility Shares Hedged Risk ETF,Financial,Exchange Traded Fund,USA,,,25.78,0.08%,12861.0,0,0,0,0,0,0,0,0,1,0,0,0,0,0,0,0,0,0,0,0,0,0,0,0,0,0,0,0,1,0,1
SAI,Hesai Group ADR,Consumer Cyclical,Auto Parts,China,2089999999.9999998,34.39,16.01,2.56%,533285.0,0,0,0,-1,0,0,0,0,0,0,0,0,0,0,0,0,0,0,0,0,0,0,0,0,0,0,0,0,0,1,1
SCZ,iShares Currency Hedged MSCI EAFE Small-Cap ETF,Financial,Exchange Traded Fund,USA,,,43.32,0.68%,8348.0,0,0,0,-1,0,0,0,0,0,0,0,0,0,0,0,0,0,0,0,0,0,0,0,0,0,0,0,0,0,1,1
SLV,Highlander Silver Corp,Basic Materials,Silver,Canada,1040000000.0,163.99,5.1,7.59%,849738.0,0,0,0,0,0,0,0,0,1,0,0,0,0,0,0,0,0,0,0,0,0,0,0,0,0,0,0,0,1,0,1
SY,Hershey Company,Consumer Defensive,Confectioners,USA,32700000000.000004,23.78,162.74,0.12%,1091880.0,0,0,0,0,0,0,0,0,1,0,0,0,0,0,0,0,0,0,0,0,0,0,0,0,0,0,0,0,1,0,1
TB,HomeTrust Bancshares Inc,Financial,Banks - Regional,USA,763040000.0,11.97,45.71,-1.55%,65883.0,0,0,0,0,0,0,0,0,1,0,0,0,0,0,0,0,0,0,0,0,0,0,0,0,0,0,0,0,1,0,1
TH,Hilltop Holdings Inc,Financial,Financial Conglomerates,USA,2080000000.0,13.51,36.38,-0.82%,208745.0,0,0,0,0,0,0,0,0,0,0,1,0,0,0,0,0,0,0,0,0,0,0,0,0,0,0,0,0,1,0,1
TLM,HomesToLife Ltd,Consumer Cyclical,Specialty Retail,Singapore,154030000.0,15.7,1.72,-1.86%,386.0,0,0,0,0,0,0,0,0,0,0,0,0,-1,0,0,0,0,0,0,0,0,0,0,0,0,1,0,0,1,1,2
TO,H2O America,Utilities,Utilities - Regulated Water,USA,2450000000.0,20.66,58.48,0.71%,386062.0,0,0,0,0,0,0,0,0,0,0,0,0,0,0,0,0,0,0,0,0,0,0,-1,0,0,0,0,0,0,1,1
UBB,Hubbell Inc,Industrials,Electrical Equipment & Parts,USA,25050000000.0,28.07,474.11,-0.27%,304113.0,0,0,0,0,0,0,0,0,1,1,0,0,0,0,0,0,0,0,0,0,0,0,0,0,0,0,0,0,2,0,2
UBS,HubSpot Inc,Technology,Software - Application,USA,11380000000.0,80.81,228.3,-1.53%,1461558.0,0,1,0,0,0,0,0,0,0,0,0,0,0,0,0,0,0,0,0,0,0,0,0,0,0,0,0,0,1,0,1
UDI,Huadi International Group Co Ltd,Basic Materials,Steel,China,9640000.0,,0.67,-4.79%,7260.0,0,1,0,0,0,0,0,0,0,0,0,0,0,0,0,0,0,0,0,0,0,0,0,0,0,0,0,0,1,0,1
UM,Humana Inc,Healthcare,Healthcare Plans,USA,51860000000.0,40.9,431.87,11.56%,4993541.0,0,0,0,0,0,0,0,0,0,0,0,0,0,0,0,1,0,0,0,0,0,0,0,0,0,0,0,0,1,0,1
UTG,Leverage Shares 2X Long HUT Daily ETF,Financial,Exchange Traded Fund,USA,,,11.64,11.71%,150786.0,0,0,0,0,0,0,0,0,1,0,0,0,0,0,0,0,0,0,0,0,0,0,0,0,0,0,0,0,1,0,1
VAC,AdvisorShares HVAC and Industrials ETF,Financial,Exchange Traded Fund,USA,,,34.75,1.16%,2547.0,0,0,0,0,0,0,0,0,0,0,0,0,0,0,0,0,0,0,0,0,0,0,0,0,0,0,-1,0,0,1,1
WBK,Hawthorn Bancshares Inc,Financial,Banks - Regional,USA,260980000.00000003,10.3,37.82,-1.15%,10431.0,0,0,0,0,0,0,0,0,0,0,0,0,0,0,0,0,0,0,0,0,0,0,0,0,-1,0,0,0,0,1,1
WO,Hotchkis & Wiley Opportunities Fund,Financial,Exchange Traded Fund,USA,,,26.32,0.40%,6.0,0,0,0,0,0,0,0,0,1,0,0,0,0,0,0,0,0,0,0,0,0,0,0,0,0,0,0,0,1,0,1
XHX,Haoxin Holdings Ltd,Industrials,Integrated Freight & Logistics,China,4700000.0,7.94,0.32,-4.69%,1092258.0,0,1,0,0,0,1,0,0,0,0,0,0,-1,0,0,0,0,0,0,0,0,0,0,0,0,0,0,0,2,1,3
Y,Hyster Yale Inc,Industrials,Farm & Heavy Construction Machinery,USA,579880000.0,,32.34,-0.46%,118769.0,0,0,0,0,0,0,0,0,0,0,0,0,0,0,0,0,0,0,0,0,0,0,-1,0,0,0,0,0,0,1,1
YBI,NEOS Enhanced Income Credit Select ETF,Financial,Exchange Traded Fund,USA,,,48.28,0.05%,28105.0,0,0,0,-1,0,0,0,0,0,0,0,0,0,0,0,0,0,0,0,-1,0,0,0,0,0,0,0,0,0,2,2
YGH,iShares Interest Rate Hedged High Yield Bond ETF,Financial,Exchange Traded Fund,USA,,,85.36,0.17%,50777.0,0,0,0,0,0,0,0,0,0,0,0,0,-1,0,0,0,0,0,0,0,0,0,0,0,0,0,0,0,0,1,1
YIN,WisdomTree Private Credit and Alternative Income Fund,Financial,Exchange Traded Fund,USA,,,12.43,-0.51%,15072.0,0,0,0,0,0,0,0,0,0,0,0,0,-1,0,0,0,0,0,0,0,0,0,0,0,0,0,0,0,0,1,1
YLB,Xtrackers USD High Yield Corporate Bond ETF,Financial,Exchange Traded Fund,USA,,,35.18,0.14%,1038602.0,0,0,0,-1,0,0,0,0,0,0,0,0,0,0,0,0,0,0,0,0,0,0,0,0,0,0,0,0,0,1,1
YMC,Hycroft Mining Holding Corp,Basic Materials,Gold,USA,1790000000.0,,19.19,5.38%,1596467.0,0,0,0,0,0,0,0,0,1,1,0,0,0,0,0,0,0,0,0,0,0,0,0,0,0,0,0,0,2,0,2
YNE,Hoyne Bancorp Inc,Financial,Banks - Regional,USA,135950000.0,490.94,16.79,-0.24%,3503.0,0,0,0,0,0,0,0,0,0,0,1,0,0,0,0,0,0,0,0,0,0,0,0,0,0,0,0,0,1,0,1
YP,Golden Eagle Dynamic Hypergrowth ETF,Financial,Exchange Traded Fund,USA,,,29.83,1.22%,220.0,0,0,0,0,0,0,0,0,0,0,0,0,-1,0,0,0,0,0,0,0,0,0,0,0,0,0,0,0,0,1,1
YT,BlackRock Corporate High Yield Fund Inc,Financial,Closed-End Fund - Debt,USA,1550000000.0,,7.93,1.28%,1322056.0,0,0,0,-1,0,0,0,0,0,0,0,0,0,0,0,0,0,0,0,0,0,0,0,0,0,0,0,0,0,1,1
YTI,FT Vest High Yield & Target Income ETF,Financial,Exchange Traded Fund,USA,,,18.33,0.22%,567613.0,0,1,0,0,0,0,0,0,0,0,0,0,0,0,0,0,0,0,0,0,0,0,0,0,0,0,0,0,1,0,1
YTR,CP High Yield Trend ETF,Financial,Exchange Traded Fund,USA,,,20.8,0.02%,46929.0,0,0,0,0,0,0,0,0,1,1,0,0,0,0,0,0,0,0,0,0,0,0,0,0,0,0,0,0,2,0,2
YUP,Xtrackers High Beta High Yield Bond ETF,Financial,Exchange Traded Fund,USA,,,39.59,0.07%,3234.0,0,0,0,-1,0,0,0,0,0,0,0,0,0,0,0,0,0,0,0,0,0,0,0,0,0,0,0,0,0,1,1
ZO,Marinemax Inc,Consumer Cyclical,Specialty Retail,USA,1160000000.0,362.67,52.37,-0.11%,1398603.0,0,1,0,0,0,0,0,0,0,0,0,0,0,0,0,0,0,0,0,0,0,0,0,0,0,0,0,0,1,0,1
AE,Voya Asia Pacific High Dividend Equity Income Fund,Financial,Closed-End Fund - Foreign,USA,76650000.0,,7.13,-0.83%,112006.0,0,0,0,0,0,0,0,0,0,0,1,0,0,0,0,0,0,0,0,0,0,0,-1,0,0,0,0,0,1,1,2
ALT,iShares Systematic Alternatives Active ETF,Financial,Exchange Traded Fund,USA,,,30.09,0.60%,3639226.0,0,0,0,0,0,1,0,0,0,0,0,0,0,0,0,0,0,0,0,0,0,0,0,0,0,0,0,0,1,0,1
AUI,NEOS Gold High Income ETF,Financial,Exchange Traded Fund,USA,,,48.74,1.44%,127837.0,0,0,0,0,0,0,0,0,1,0,0,0,0,0,0,0,0,0,0,0,0,0,0,0,0,0,0,0,1,0,1
BDR,iShares iBonds Dec 2026 Term Corporate ETF,Financial,Exchange Traded Fund,USA,,,24.19,0.04%,4911038.0,0,0,0,-1,0,0,0,0,0,0,0,0,-1,-1,0,0,0,0,0,0,0,0,0,0,0,1,0,0,1,3,4
BDT,iShares iBonds Dec 2028 Term Corporate ETF,Financial,Exchange Traded Fund,USA,,,24.94,0.00%,707336.0,0,1,0,0,0,0,0,0,0,0,0,0,0,0,0,0,0,0,0,0,0,0,0,0,0,0,0,0,1,0,1
BDW,iShares iBonds Dec 2031 Term Corporate ETF,Financial,Exchange Traded Fund,USA,,,20.07,-0.15%,2802940.0,0,1,0,0,0,0,0,0,0,0,0,0,0,0,0,0,0,0,0,0,0,0,0,0,0,0,0,0,1,0,1
BFR,Innovator International Developed Managed 10 Buffer ETF,Financial,Exchange Traded Fund,USA,,,50.01,0.44%,461.0,0,0,0,0,0,0,0,0,0,0,0,0,0,0,0,0,0,0,0,0,0,0,-1,0,0,0,0,0,0,1,1
BGB,iShares iBonds Dec 2045 Term Treasury ETF,Financial,Exchange Traded Fund,USA,,,22.29,0.08%,18067.0,0,0,0,0,0,0,0,0,1,0,0,0,0,0,0,0,0,0,0,0,0,0,0,0,0,0,0,0,1,0,1
BHF,iShares iBonds 2026 Term High Yield and Income ETF,Financial,Exchange Traded Fund,USA,,,22.49,0.54%,142909.0,0,0,0,0,0,0,0,0,1,0,0,0,0,0,0,0,0,0,0,0,0,0,0,0,0,0,0,0,1,0,1
BKR,Interactive Brokers Group Inc,Financial,Capital Markets,USA,39810000000.0,34.98,87.87,1.62%,2425007.0,0,0,0,0,0,0,0,0,1,0,0,0,0,0,0,0,0,0,0,0,0,0,0,0,0,0,0,0,1,0,1
BM,International Business Machines Corp,Technology,Information Technology Services,USA,213990000000.0,20.16,227.13,0.23%,3352860.0,0,0,0,0,0,0,0,0,1,0,0,0,0,0,0,0,0,0,0,0,0,0,0,0,0,0,0,0,1,0,1
BMO,iShares iBonds Dec 2026 Term Muni Bond ETF,Financial,Exchange Traded Fund,USA,,,25.59,0.00%,607310.0,0,1,0,-1,0,1,0,0,0,0,0,0,0,0,0,0,0,0,0,0,1,1,0,0,0,0,0,0,4,1,5
BND,State Street SPDR Bloomberg International Corporate Bond ETF,Financial,Exchange Traded Fund,USA,,,29.7,0.24%,43267.0,0,0,0,0,0,0,0,0,1,0,0,0,0,0,0,0,0,0,0,0,0,0,0,0,0,0,0,0,1,0,1
BO,Impact BioMedical Inc,Healthcare,Biotechnology,USA,36310000.0,,4.25,3.41%,4042.0,0,1,0,0,0,0,0,0,0,0,0,0,-1,-1,0,0,0,0,0,0,0,0,0,0,0,0,0,0,1,2,3
BOT,VanEck Robotics ETF,Financial,Exchange Traded Fund,USA,,,65.69,1.05%,5948.0,0,0,0,0,0,0,0,0,0,0,0,0,0,0,0,0,0,0,0,0,0,0,-1,0,0,0,0,0,0,1,1
BP,Installed Building Products Inc,Consumer Cyclical,Residential Construction,USA,4930000000.0,19.96,185.44,-1.27%,347986.0,0,0,0,0,0,0,0,0,0,0,0,0,-1,0,0,0,0,0,0,0,0,0,0,0,0,0,0,0,0,1,1
BRX,ImmunityBio Inc,Healthcare,Biotechnology,USA,11140000000.0,,10.51,6.05%,18657505.0,0,1,0,0,0,0,0,0,0,0,0,0,0,0,0,0,0,1,0,0,0,0,0,0,0,0,0,0,2,0,2
BTG,iShares iBonds Dec 2026 Term Treasury ETF,Financial,Exchange Traded Fund,USA,,,22.84,0.02%,352692.0,0,0,0,-1,0,0,0,0,0,0,0,0,0,0,0,0,0,0,0,0,0,0,0,0,0,0,0,0,0,1,1
BTI,iShares iBonds Dec 2028 Term Treasury ETF,Financial,Exchange Traded Fund,USA,,,21.9,-0.02%,746278.0,0,0,0,0,0,1,0,0,0,0,0,0,0,0,0,0,0,0,0,0,0,0,0,0,0,0,0,0,1,0,1
BX,Tradr 2X Long IBM Daily ETF,Financial,Exchange Traded Fund,USA,,,16.32,0.25%,314096.0,0,0,0,0,0,0,0,0,1,0,0,0,0,0,0,0,0,0,0,0,0,0,0,0,0,0,0,0,1,0,1
CAP,Infrastructure Capital Equity Income ETF,Financial,Exchange Traded Fund,USA,,,27.65,1.17%,15427.0,0,0,0,0,0,0,0,0,1,0,0,0,0,0,0,0,0,0,0,0,0,0,0,0,0,0,0,0,1,0,1
CCC,Immucell Corp,Healthcare,Biotechnology,USA,89000000.0,116.81,9.8,0.51%,1860.0,0,0,0,0,0,0,0,0,0,0,0,0,-1,0,0,0,0,0,0,0,0,0,0,0,0,0,0,0,0,1,1
CL,ICL Group Ltd,Basic Materials,Agricultural Inputs,Israel,6480000000.0,21.25,5.02,0.40%,1170091.0,0,0,0,0,0,0,0,0,0,0,0,0,-1,0,0,0,0,0,0,0,0,0,0,0,0,0,0,0,0,1,1
CLR,Icon Plc,Healthcare,Diagnostics & Research,Ireland,12670000000.0,298.0,164.17,-0.20%,745643.0,0,0,0,0,0,0,0,0,0,0,1,0,0,0,0,0,0,0,0,0,0,0,0,0,0,0,0,0,1,0,1
CMB,Investcorp Credit Management BDC Inc,Financial,Asset Management,USA,10100000.0,,0.7,2.94%,19578.0,0,0,0,0,0,0,0,0,1,0,0,0,0,0,0,0,0,0,0,0,0,0,0,0,0,0,0,0,1,0,1
CON,Icon Energy Corp,Industrials,Marine Shipping,USA,,,0.87,2.35%,9173.0,0,0,0,0,0,0,0,0,0,0,0,0,-1,-1,0,0,0,0,0,0,0,0,0,0,0,0,0,0,0,2,2
CSH,iShares Ultra Short Duration Bond Active ETF,Financial,Exchange Traded Fund,USA,,,50.33,0.03%,1357654.0,0,0,0,-1,0,0,0,0,0,0,0,0,0,0,0,0,0,0,0,0,0,0,0,0,0,0,0,0,0,1,1
DAC,Iron Dome Acquisition I Corp,Financial,Shell Companies,USA,212000000.0,357.14,10.0,-0.40%,5623.0,0,0,0,0,0,0,0,0,0,0,1,0,0,0,0,0,0,0,0,0,0,0,-1,0,0,0,0,0,1,1,2
DEC,Innovator International Developed Power Buffer ETF December,Financial,Exchange Traded Fund,USA,,,34.37,0.57%,334.0,0,1,0,0,0,0,0,0,0,0,0,0,0,0,0,0,0,0,0,0,0,0,0,0,0,0,0,0,1,0,1
DEQ,Lazard International Dynamic Equity ETF,Financial,Exchange Traded Fund,USA,,,34.78,0.75%,264483.0,0,0,0,0,0,0,0,-1,0,0,0,0,0,0,0,0,0,0,0,0,0,0,0,0,0,0,0,0,0,1,1
DEV,iShares Core MSCI International Developed Markets ETF,Financial,Exchange Traded Fund,USA,,,89.21,0.73%,1180303.0,0,1,0,0,0,0,0,0,0,0,0,0,0,0,0,0,0,0,0,0,0,0,0,0,0,0,0,0,1,0,1
DGT,iShares U.S. Digital Infrastructure and Real Estate ETF,Financial,Exchange Traded Fund,USA,,,120.37,4.17%,17903.0,0,0,0,0,0,0,0,0,1,0,0,0,0,0,0,0,0,0,0,0,0,0,0,0,0,0,-1,0,1,1,2
DMO,Invesco S&P International Developed Momentum ETF,Financial,Exchange Traded Fund,USA,,,60.19,0.40%,498084.0,0,0,0,0,0,0,0,-1,0,0,0,0,0,0,0,0,0,0,0,0,0,0,0,0,0,0,0,0,0,1,1
DVO,Amplify CWP International Enhanced Dividend Income ETF,Financial,Exchange Traded Fund,USA,,,41.58,0.75%,179642.0,0,0,0,0,0,0,0,0,0,0,1,0,0,0,0,0,0,0,0,0,1,0,0,0,0,0,0,0,2,0,2
DVZ,Polen International Dividend Income Fund,Financial,Exchange Traded Fund,USA,,,33.27,0.20%,12693.0,0,0,0,0,0,0,0,0,0,0,0,0,0,0,0,0,0,0,0,0,1,0,0,0,0,0,0,0,1,0,1
DYN,iShares International Equity Factor Rotation Active ETF,Financial,Exchange Traded Fund,USA,,,29.95,0.45%,8744.0,0,0,0,0,0,0,0,0,0,0,1,0,0,0,0,0,0,0,0,0,0,0,0,0,0,0,0,0,1,0,1
EAG,Infinite Eagle Acquisition Corp,Financial,Shell Companies,USA,441290000.0,109.86,10.14,-0.20%,48217.0,0,0,0,0,0,0,0,0,0,0,0,0,0,0,0,0,0,0,0,0,0,0,0,0,-1,0,0,0,0,1,1
EFA,iShares Core MSCI EAFE ETF,Financial,Exchange Traded Fund,USA,,,96.52,0.68%,11110419.0,0,1,0,0,0,0,0,0,0,0,0,0,0,0,0,0,0,0,0,0,0,0,0,0,0,0,0,0,1,0,1
EUS,iShares MSCI Europe Small-Cap ETF,Financial,Exchange Traded Fund,USA,,,69.49,1.02%,2118.0,0,0,0,-1,0,0,0,0,0,0,1,0,0,0,0,0,0,0,0,0,0,0,0,0,0,0,0,0,1,1,2
FBD,Infobird Co Ltd,Technology,Software - Application,Hong Kong,7960000.0,,0.97,15.64%,234595.0,0,0,0,0,0,0,0,0,0,0,0,0,0,0,0,0,0,1,0,0,0,0,0,0,0,0,0,0,1,0,1
FEB,Innovator International Developed Power Buffer ETF-February,Financial,Exchange Traded Fund,USA,,,31.25,0.32%,134.0,0,0,0,0,0,0,0,0,0,0,1,0,0,0,0,0,0,0,0,0,0,0,0,0,0,0,0,0,1,0,1
FF,International Flavors & Fragrances Inc,Basic Materials,Specialty Chemicals,USA,21570000000.0,78.45,84.55,-0.12%,1265495.0,0,1,0,0,0,0,0,0,0,0,0,0,0,0,0,0,0,0,0,0,0,0,0,0,0,0,0,0,1,0,1
FLR,Innovator International Developed Managed Floor ETF,Financial,Exchange Traded Fund,USA,,,52.55,0.59%,7781.0,0,0,0,0,0,0,0,0,0,0,1,0,0,0,0,0,0,0,0,0,0,0,0,0,0,0,0,0,1,0,1
FN,Aberdeen India Fund Inc,Financial,Closed-End Fund - Equity,USA,450420000.0,,10.4,1.17%,168931.0,0,0,0,0,0,0,0,0,0,0,0,0,-1,0,0,0,0,0,0,0,0,0,0,0,0,0,0,0,0,1,1
GBH,iShares Interest Rate Hedged Long-Term Corporate Bond ETF,Financial,Exchange Traded Fund,USA,,,24.56,-0.04%,136204.0,0,0,0,0,0,0,0,0,0,0,0,0,0,0,0,1,0,0,0,0,0,0,0,0,0,0,0,0,1,0,1
GC,IGC Pharma Inc,Healthcare,Biotechnology,USA,28930000.0,,0.28,-1.76%,232253.0,0,0,0,0,0,0,0,0,0,0,0,0,-1,0,0,0,0,0,0,0,0,0,0,0,0,0,0,0,0,1,1
GHG,ProShares Investment Grade-Interest Rate Hedged,Financial,Exchange Traded Fund,USA,,,77.67,-0.07%,85579.0,0,0,0,0,0,0,0,0,0,0,0,0,0,0,0,0,0,1,0,0,0,0,0,0,0,0,0,0,1,0,1
GOV,iShares International Treasury Bond ETF,Financial,Exchange Traded Fund,USA,,,39.74,0.03%,136313.0,0,0,0,0,0,0,0,0,0,0,0,0,-1,0,0,0,0,0,0,0,0,0,0,0,0,0,0,0,0,1,1
GPT,Invesco AI and Next Gen Software ETF,Financial,Exchange Traded Fund,USA,,,100.21,0.21%,44568.0,0,0,0,0,0,0,0,0,1,0,0,0,0,0,0,0,0,0,0,0,0,0,0,0,0,0,0,0,1,0,1
GSB,iShares 1-5 Yr IG Corporate Bond,Financial,Exchange Traded Fund,USA,,,51.23,-0.05%,4515887.0,0,1,0,0,0,0,0,0,0,0,0,0,0,0,0,0,0,0,0,0,0,0,0,0,0,0,0,0,1,0,1
H,iHuman Inc ADR,Consumer Defensive,Education & Training Services,China,25670000.0,19.46,1.15,0.00%,6050.0,0,0,0,0,0,0,0,0,0,0,0,0,0,0,0,0,0,0,0,-1,0,0,0,0,0,0,0,0,0,1,1
HAK,iShares Cybersecurity and Tech ETF,Financial,Exchange Traded Fund,USA,,,72.94,3.96%,154173.0,0,0,0,0,0,0,0,0,0,0,1,0,0,0,0,0,0,1,0,0,0,0,0,0,0,0,0,0,2,0,2
HD,Voya Emerging Markets High Dividend Equity Fund,Financial,Closed-End Fund - Foreign,USA,132660000.0,,7.48,1.22%,215696.0,0,0,0,0,0,0,0,0,0,0,0,0,0,0,0,1,0,0,0,0,0,0,0,0,0,0,0,0,1,0,1
HDG,WisdomTree International Hedged Quality Dividend Growth Fund,Financial,Exchange Traded Fund,USA,,,51.77,0.43%,101091.0,0,1,0,0,0,0,0,0,0,0,0,0,0,0,0,0,0,0,0,0,0,0,0,0,0,0,0,0,1,0,1
HF,iShares U.S. Healthcare Providers ETF,Financial,Exchange Traded Fund,USA,,,56.76,1.74%,504409.0,0,0,0,0,0,0,0,0,0,0,0,0,0,0,0,0,0,0,0,0,0,0,0,0,-1,0,0,0,0,1,1
HG,Intercontinental Hotels Group ADR,Consumer Cyclical,Lodging,United Kingdom,23510000000.0,34.2,160.68,0.75%,163972.0,0,0,0,0,0,0,0,0,0,0,0,0,-1,0,0,0,0,0,0,0,0,0,0,0,0,0,0,0,0,1,1
HI,iShares U.S. Medical Devices ETF,Financial,Exchange Traded Fund,USA,,,51.74,1.25%,1656293.0,0,0,0,0,0,1,0,0,0,0,0,0,0,0,0,0,0,0,0,0,0,0,0,0,0,0,0,0,1,0,1
HS,IHS Holding Ltd,Real Estate,Real Estate Services,United Kingdom,2850000000.0,20.13,8.43,-0.12%,718876.0,0,0,0,0,0,1,0,0,0,0,0,0,0,0,0,0,0,0,0,0,0,0,0,0,0,0,0,0,1,0,1
HT,Innsuites Hospitality Trust,Real Estate,REIT - Hotel & Motel,USA,15390000.0,,1.11,-3.48%,44463.0,0,0,0,0,0,0,0,0,0,0,0,0,0,0,0,0,0,0,0,0,0,0,0,0,0,0,-1,0,0,1,1
JK,iShares S&P Mid-Cap 400 Growth ETF,Financial,Exchange Traded Fund,USA,,,112.03,1.02%,310647.0,0,0,0,0,0,0,0,0,1,0,0,0,0,0,0,0,0,0,0,0,0,0,0,0,0,0,0,0,1,0,1
JT,iShares S&P Small-Cap 600 Growth ETF,Financial,Exchange Traded Fund,USA,,,162.6,0.71%,123324.0,0,0,0,0,0,0,0,0,0,0,0,0,-1,0,0,0,0,0,0,0,0,0,-1,0,0,0,0,0,0,2,2
JUN,Innovator International Developed Power Buffer ETF - June,Financial,Exchange Traded Fund,USA,,,31.18,0.44%,4869.0,0,0,0,-1,0,0,0,0,0,0,0,0,0,0,0,0,0,0,0,0,0,0,0,0,0,0,0,0,0,1,1
LAG,Intelligent Living Application Group Inc,Industrials,Building Products & Equipment,Hong Kong,5420000.0,,2.61,-1.14%,1398.0,0,0,0,0,0,0,0,0,0,0,1,0,0,0,0,0,0,0,0,0,0,0,0,0,0,0,0,0,1,0,1
LDR,First Trust Innovation Leaders ETF,Financial,Exchange Traded Fund,USA,,,40.35,1.10%,25009.0,0,0,0,0,0,0,0,0,0,0,1,1,0,0,0,0,0,0,0,0,0,0,0,0,-1,0,0,0,2,1,3
LIT,iShares Lithium Miners and Producers ETF,Financial,Exchange Traded Fund,USA,,,12.3,0.16%,1958.0,0,0,0,0,0,0,0,0,1,0,0,0,0,0,0,0,0,0,0,0,0,0,0,0,0,0,0,0,1,0,1
LOW,AB International Low Volatility Equity ETF,Financial,Exchange Traded Fund,USA,,,45.48,0.69%,56452.0,0,1,0,0,0,0,0,0,0,0,0,0,0,0,0,0,0,0,0,0,0,0,0,0,0,0,0,0,1,0,1
LPT,Industrial Logistics Properties Trust,Real Estate,REIT - Industrial,USA,476560000.0,,7.14,-0.70%,186761.0,0,0,0,0,0,0,0,0,0,0,0,0,-1,0,0,0,0,0,0,0,0,0,0,0,0,0,0,0,0,1,1
MFL,Invesco International Developed Dynamic Multifactor ETF,Financial,Exchange Traded Fund,USA,,,33.3,0.63%,30871.0,0,1,0,0,0,0,0,0,0,0,0,0,0,0,0,0,0,0,0,0,1,0,0,0,0,0,0,0,2,0,2
MKTA,Ingles Markets Inc,Consumer Defensive,Grocery Stores,USA,1590000000.0,15.56,85.66,0.08%,119575.0,0,0,0,-1,0,0,0,0,0,0,0,0,0,0,0,0,0,0,0,0,0,0,0,0,0,0,0,0,0,1,1
MO,Imperial Oil Ltd,Energy,Oil & Gas Integrated,Canada,59490000000.0,20.02,123.01,0.18%,446824.0,0,0,0,0,0,0,0,0,0,0,1,0,0,0,0,0,0,0,0,0,0,0,-1,0,0,0,0,0,1,1,2
MOM,Alpha Architect International Quantitative Momentum ETF,Financial,Exchange Traded Fund,USA,,,39.74,0.32%,3802.0,0,0,0,0,0,0,0,0,0,0,0,0,-1,0,0,0,0,0,0,0,0,0,0,0,0,0,0,0,0,1,1
MRX,Immuneering Corp,Healthcare,Biotechnology,USA,254910000.0,,3.94,5.35%,709718.0,0,0,0,-1,0,0,0,0,0,0,0,0,0,0,0,0,0,0,0,0,0,0,0,0,0,0,0,0,0,1,1
MTE,Integrated Media Technology Limited,Technology,Electronic Components,Australia,1660000.0,,0.48,-1.94%,4189.0,0,0,0,0,0,0,0,0,0,0,0,0,0,0,0,0,0,0,0,0,0,0,0,0,0,1,0,0,1,0,1
MTM,iShares MSCI Intl Momentum Factor ET,Financial,Exchange Traded Fund,USA,,,52.3,0.50%,408771.0,0,0,0,0,0,0,0,-1,0,0,0,0,0,0,0,0,0,0,0,0,0,0,0,0,0,0,0,0,0,1,1
MTX,Immatics N.V,Healthcare,Biotechnology,Germany,1110000000.0,,7.43,0.81%,1371277.0,0,0,0,0,0,0,0,0,0,0,0,0,0,0,0,0,0,0,0,0,0,0,0,0,0,0,-1,0,0,1,1
MVP,Invesco India ETF,Financial,Exchange Traded Fund,USA,,,18.26,1.29%,13976.0,0,0,0,0,0,0,0,0,0,0,0,0,-1,0,0,0,0,0,0,0,0,0,0,0,0,0,0,0,0,1,1
NAC,Indigo Acquisition Corp,Financial,Shell Companies,USA,153300000.0,40.12,10.39,0.00%,4235.0,0,0,0,0,0,0,0,0,0,0,0,0,0,0,0,0,0,1,0,0,0,0,0,0,0,0,0,0,1,0,1
NCR,Intercure Ltd,Healthcare,Drug Manufacturers - Specialty & Generic,Israel,61260000.0,,5.17,2.78%,516.0,0,0,0,0,0,0,0,0,0,0,1,0,0,0,0,0,0,0,0,0,0,0,0,0,0,0,0,0,1,0,1
ND,Xtrackers Nifty 500 India ETF,Financial,Exchange Traded Fund,USA,,,21.24,0.81%,67.0,0,0,0,0,0,0,0,0,0,0,0,0,0,0,0,1,0,0,0,0,0,0,0,0,0,0,0,0,1,0,1
NDA,iShares MSCI India ETF,Financial,Exchange Traded Fund,USA,,,46.03,1.03%,3242926.0,0,0,0,0,0,0,0,0,0,0,0,0,-1,0,0,0,0,0,0,0,0,0,0,0,0,0,0,0,0,1,1
NDE,Matthews India Active ETF,Financial,Exchange Traded Fund,USA,,,28.52,0.95%,2661.0,0,0,0,0,0,0,0,-1,0,0,0,0,0,0,0,0,0,0,0,0,0,0,0,0,0,0,0,0,0,1,1
NDH,WisdomTree India Hedged Equity Fund,Financial,Exchange Traded Fund,USA,,,36.76,0.75%,15.0,0,0,0,0,0,0,0,0,0,0,1,0,0,0,0,0,0,0,0,0,0,0,0,0,0,0,0,0,1,0,1
NDL,Direxion Daily MSCI India Bull 2X ETF,Financial,Exchange Traded Fund,USA,,,38.37,1.97%,25801.0,0,0,0,0,0,0,0,0,0,0,0,0,-1,0,0,0,0,0,0,0,0,0,0,0,0,0,0,0,0,1,1
NDQ,Pacer ActiveAlpha India Quality ETF,Financial,Exchange Traded Fund,USA,,,24.11,0.17%,10.0,0,0,0,0,0,0,0,0,0,0,0,0,0,0,0,0,0,0,0,0,1,0,0,0,0,0,0,0,1,0,1
NFH,Defiance Daily Target 2X Long INFQ ETF,Financial,Exchange Traded Fund,USA,,,5.5,-2.31%,214737.0,0,0,0,0,0,0,0,0,0,0,1,0,0,0,0,0,0,0,0,0,0,0,0,0,0,0,0,0,1,0,1
NFO,Harbor PanAgora Dynamic Large Cap Core ETF,Financial,Exchange Traded Fund,USA,,,28.69,0.66%,25185.0,0,0,0,0,0,0,0,0,0,0,1,0,0,0,0,0,0,0,0,0,0,0,0,0,0,0,0,0,1,0,1
NFQ,Infleqtion Inc,Technology,Software - Infrastructure,USA,2490000000.0,,11.04,-1.08%,4934652.0,0,0,0,0,0,0,0,0,1,0,0,0,-1,0,0,0,0,0,0,0,0,0,0,0,0,0,0,0,1,1,2
NFY,Infosys Ltd ADR,Technology,Information Technology Services,India,43550000000.0,13.15,10.73,0.28%,12902699.0,0,0,0,0,0,0,0,0,0,0,0,0,0,0,0,1,0,0,0,-1,0,0,0,0,0,0,0,0,1,1,2
NGM,Ingram Micro Holding Corp,Technology,Information Technology Services,USA,6380000000.0,15.09,27.72,0.43%,1177231.0,0,0,0,0,0,0,0,0,0,0,0,0,0,0,0,1,0,0,0,0,0,0,0,0,0,0,0,0,1,0,1
NGR,Ingredion Inc,Consumer Defensive,Packaged Foods,USA,6000000000.0,10.36,95.09,-0.02%,629122.0,0,0,0,0,0,0,0,0,0,0,0,0,-1,0,0,0,0,0,0,0,0,0,0,1,0,0,0,0,1,1,2
NIO,Innio NV,Industrials,Specialty Industrial Machinery,Germany,14840000000.0,,19.79,3.07%,3668556.0,0,0,0,0,0,0,0,0,1,0,0,0,0,0,0,0,0,0,0,0,0,0,0,1,0,0,0,0,2,0,2
NKM,State Street Income Allocation ETF,Financial,Exchange Traded Fund,USA,,,33.25,0.21%,1238.0,0,0,0,0,0,0,0,0,0,0,1,0,0,0,0,0,0,0,0,0,0,0,0,0,0,0,0,0,1,0,1
NR,Infinity Natural Resources Inc,Energy,Oil & Gas E&P,USA,846060000.0,5.56,13.34,-0.07%,181758.0,0,0,0,0,0,0,0,0,0,0,0,0,0,0,0,0,0,0,0,0,0,0,0,0,0,1,0,0,1,0,1
NTG,Intergroup Corp,Consumer Cyclical,Lodging,USA,69120000.0,42.06,32.17,-0.34%,25492.0,0,0,0,0,0,0,0,0,0,0,0,0,-1,0,0,0,0,0,0,0,0,0,0,0,0,0,0,0,0,1,1
NTR,Inter & Co Inc,Financial,Banks - Regional,Brazil,3380000000.0,11.78,7.68,6.08%,13486225.0,0,0,0,0,0,0,0,0,0,0,0,0,-1,0,0,0,0,0,0,0,0,0,0,0,0,1,0,0,1,1,2
NTU,Intuit Inc,Technology,Software - Application,USA,80910000000.0,18.35,302.75,-0.37%,2602364.0,0,0,0,0,0,0,0,0,0,0,0,0,-1,0,0,0,0,0,0,0,0,0,0,1,0,0,0,0,1,1,2
NTZ,Intrusion Inc,Technology,Software - Infrastructure,USA,16210000.0,,0.66,-3.33%,153261.0,0,0,0,0,0,1,0,0,1,1,0,0,0,0,0,0,0,0,0,0,0,0,0,0,0,0,0,0,3,0,3
NVA,Innoviva Inc,Healthcare,Biotechnology,USA,1530000000.0,5.17,21.21,1.63%,507581.0,0,0,0,0,0,0,0,0,0,0,0,0,0,0,0,0,0,0,0,-1,0,0,0,0,0,0,0,0,0,1,1
NVZ,Innoviz Technologies Ltd,Consumer Cyclical,Auto Parts,Israel,91790000.0,,0.31,0.26%,3282991.0,0,0,0,0,0,0,0,0,1,0,0,0,0,0,0,0,0,0,0,0,0,0,0,0,0,0,0,0,1,0,1
NYY,YieldMax INTC Option Income Strategy ETF,Financial,Exchange Traded Fund,USA,,,35.0,-3.15%,67324.0,0,0,0,0,0,0,0,0,0,0,0,0,0,0,0,0,0,0,0,0,0,0,0,1,0,0,0,0,1,0,1
ON,ProShares S&P Global Core Battery Metals ETF,Financial,Exchange Traded Fund,USA,,,45.11,0.58%,5603.0,0,0,0,0,0,0,0,0,1,0,0,0,0,0,0,0,0,0,0,0,0,0,0,0,0,0,0,0,1,0,1
ONC,Corgi IONQ 2x Daily ETF,Financial,Exchange Traded Fund,USA,,,11.48,2.63%,446.0,0,0,0,0,0,0,0,0,0,0,1,0,0,0,0,0,0,0,0,0,0,0,0,0,0,0,0,0,1,0,1
ONL,GraniteShares 2x Long IONQ Daily ETF,Financial,Exchange Traded Fund,USA,,,12.46,2.21%,398885.0,0,0,0,0,0,0,0,0,0,0,0,0,0,0,0,0,0,0,0,0,0,0,0,0,0,1,0,0,1,0,1
ONR,ioneer Ltd ADR,Basic Materials,Other Industrial Metals & Mining,Australia,225420000.0,,2.92,-1.68%,50649.0,0,0,0,0,0,0,0,0,0,0,0,0,-1,0,0,0,0,0,0,0,0,0,0,0,0,0,0,0,0,1,1
OPP,Simplify Tara India Opportunities ETF,Financial,Exchange Traded Fund,USA,,,24.73,1.08%,10.0,0,0,0,0,0,0,0,0,0,0,1,0,0,0,0,0,0,0,0,0,0,0,0,0,0,0,0,0,1,0,1
OT,Samsara Inc,Technology,Software - Infrastructure,USA,24330000000.0,269.81,41.55,0.80%,3306691.0,0,0,0,0,0,0,0,-1,0,0,0,0,0,0,0,0,0,1,0,0,0,0,0,0,0,0,0,0,1,1,2
OTR,iOThree Ltd,Communication Services,Telecom Services,Singapore,9480000.0,,1.95,-0.51%,2108.0,0,0,0,0,0,0,0,0,0,0,0,0,-1,0,0,0,0,0,0,0,0,0,0,0,0,0,0,0,0,1,1
PAR,Interparfums Inc,Consumer Defensive,Household & Personal Products,USA,3590000000.0,21.46,112.21,0.55%,132106.0,0,0,0,0,0,0,0,0,1,0,0,0,0,0,0,0,0,0,0,0,0,0,0,0,0,0,0,0,1,0,1
PAV,Global X Infrastructure Development ex-U.S. ETF,Financial,Exchange Traded Fund,USA,,,30.09,1.05%,480.0,0,0,0,0,0,0,0,0,0,0,0,0,-1,0,0,0,0,0,0,0,0,0,0,0,0,0,0,0,0,1,1
PDN,Professional Diversity Network Inc,Industrials,Staffing & Employment Services,USA,2350000.0,,3.53,-16.15%,138304.0,0,0,0,0,0,0,0,0,1,0,0,0,0,0,0,0,0,0,0,0,0,0,0,0,0,0,0,0,1,0,1
PM,Intelligent Protection Management Corp,Technology,Software - Application,USA,15990000.0,,1.77,-0.56%,2396.0,0,0,0,0,0,0,0,0,0,0,0,0,0,0,0,1,0,0,0,0,0,0,0,0,0,0,0,0,1,0,1
PO,Renaissance IPO ETF,Financial,Exchange Traded Fund,USA,,,53.35,1.01%,6901.0,0,0,0,0,0,0,0,0,0,0,0,0,0,0,0,1,0,0,0,0,0,0,0,0,0,0,0,0,1,0,1
POS,Renaissance International IPO ETF,Financial,Exchange Traded Fund,USA,,,20.98,1.56%,1857.0,0,0,0,0,0,0,0,0,1,0,0,0,0,0,0,0,0,0,0,0,0,0,0,0,0,0,0,0,1,0,1
PWR,Ideal Power Inc,Technology,Semiconductors,USA,59330000.0,,3.61,-2.17%,231695.0,0,0,0,0,0,0,0,0,0,0,0,0,0,0,0,0,0,0,0,0,0,0,0,0,0,0,-1,0,0,1,1
PX,IperionX Ltd ADR,Basic Materials,Other Industrial Metals & Mining,USA,596910000.0,,16.48,7.85%,609100.0,0,0,0,0,0,0,0,0,1,0,0,0,0,0,0,0,0,0,0,0,0,0,0,0,0,0,0,0,1,0,1
QDF,Northern Trust International Quality Dividend ETF,Financial,Exchange Traded Fund,USA,,,34.39,0.80%,21007.0,0,1,0,0,0,0,0,0,0,0,0,0,0,0,0,0,0,0,0,0,0,0,0,0,0,0,0,0,1,0,1
QDY,Northern Trust International Quality Dividend Dynamic ETF,Financial,Exchange Traded Fund,USA,,,41.75,0.88%,5396.0,0,1,0,0,0,0,0,0,0,0,1,0,0,0,0,0,0,0,0,0,0,0,-1,0,0,0,0,0,2,1,3
QLT,iShares MSCI Intl Quality Factor ETF,Financial,Exchange Traded Fund,USA,,,49.84,0.93%,1088055.0,0,1,0,0,0,0,0,0,0,0,0,0,0,0,0,0,0,0,0,0,0,0,0,0,0,0,0,0,1,0,1
QMX,IQM Quantum Computers Oyj ADR,Technology,Computer Hardware,USA,1940000000.0,,10.23,0.59%,142384.0,0,0,0,0,0,0,0,0,1,0,0,0,-1,0,0,0,0,0,0,0,0,0,0,1,0,0,0,0,2,1,3
QST,iQSTEL Inc,Communication Services,Telecom Services,USA,11360000.0,,1.04,-1.42%,129772.0,0,0,0,0,0,0,0,0,0,0,0,0,0,0,0,0,0,0,0,0,0,0,0,0,0,1,0,0,1,0,1
RE,Defiance Daily Target 2X Long IREN ETF,Financial,Exchange Traded Fund,USA,,,6.62,-3.07%,8251770.0,0,0,0,0,0,0,0,0,1,0,0,0,0,0,0,0,0,0,0,0,0,0,0,0,0,0,0,0,1,0,1
REG,Leverage Shares 2X Long IREN Daily ETF,Financial,Exchange Traded Fund,USA,,,5.52,-2.99%,1093007.0,0,0,0,0,0,0,0,0,1,0,0,0,0,0,0,0,0,0,0,0,0,0,0,0,0,0,0,0,1,0,1
REN,IREN Ltd,Financial,Capital Markets,Australia,13850000000.0,,35.19,-1.46%,38526695.0,0,0,0,0,0,0,0,0,1,0,0,0,0,0,0,0,0,0,0,0,0,0,0,0,0,0,0,0,1,0,1
REX,Tradr 2X Long IREN Daily ETF,Financial,Exchange Traded Fund,USA,,,9.72,-2.99%,1978672.0,0,0,0,0,0,0,0,0,1,0,0,0,0,0,0,0,0,0,0,0,0,0,0,0,0,0,0,0,1,0,1
RMD,Iradimed Corp,Healthcare,Medical Devices,USA,1120000000.0,48.82,87.45,1.83%,68874.0,0,0,0,0,0,0,0,0,0,0,0,0,-1,0,0,0,0,0,0,0,0,0,0,1,0,0,0,0,1,1,2
RS,Irsa Inversiones Y Representaciones SA ADR,Real Estate,Real Estate Services,Argentina,1160000000.0,4.39,13.66,-1.37%,214917.0,0,0,0,0,0,0,0,0,0,0,0,0,-1,0,0,0,0,0,0,0,0,0,0,0,0,0,0,0,0,1,1
RTC,iRhythm Holdings Inc,Healthcare,Medical Devices,USA,3520000000.0,,106.7,4.00%,516476.0,0,1,0,0,0,0,0,0,0,0,1,1,0,0,0,0,0,0,0,0,0,0,0,0,0,0,0,0,3,0,3
SBA,Isabella Bank Corp,Financial,Banks - Regional,USA,284480000.0,13.72,37.29,-3.04%,17778.0,0,0,0,0,0,0,0,0,1,0,0,0,0,0,0,0,0,0,0,0,0,0,0,0,0,0,0,0,1,0,1
SCG,iShares Morningstar Small-Cap Growth ETF,Financial,Exchange Traded Fund,USA,,,61.94,0.73%,22250.0,0,0,0,0,0,0,0,0,1,0,0,0,0,0,0,0,0,0,0,0,0,0,0,0,0,0,0,0,1,0,1
SHG,iShares -3 Year International Treasury Bond ETF,Financial,Exchange Traded Fund,USA,,,73.68,-0.07%,62634.0,0,0,0,0,0,0,0,0,0,0,0,0,0,0,0,0,0,0,0,0,1,0,0,0,0,0,0,0,1,0,1
SHP,First Trust S-Network E-Commerce ETF,Financial,Exchange Traded Fund,USA,,,34.64,1.55%,9.0,0,0,0,0,0,0,0,0,0,0,0,0,0,0,0,0,0,1,0,0,0,0,0,0,0,0,0,0,1,0,1
SOU,IsoEnergy Ltd,Energy,Uranium,Canada,606270000.0,,9.29,0.32%,102539.0,0,1,0,0,0,1,0,0,1,1,0,0,0,0,0,0,0,0,0,0,0,0,0,0,0,0,0,0,4,0,4
SRA,VanEck Israel ETF,Financial,Exchange Traded Fund,USA,,,66.36,1.26%,7534.0,0,0,0,0,0,0,0,0,0,0,0,0,0,0,0,1,0,0,0,0,0,0,0,0,0,0,0,0,1,0,1
STM,iShares Strategic Metals ETF,Financial,Exchange Traded Fund,USA,,,29.75,2.30%,3470.0,0,0,0,0,0,0,0,0,0,0,0,0,-1,-1,0,0,0,0,0,0,0,0,0,0,0,0,0,0,0,2,2
STR,Investar Holding Corp,Financial,Banks - Regional,USA,397050000.0,12.68,28.82,-0.83%,65034.0,0,0,0,0,0,0,0,-1,0,0,0,0,0,0,0,0,0,0,0,0,0,0,0,0,0,0,0,0,0,1,1
SUL,GraniteShares 2x Long ISRG Daily ETF,Financial,Exchange Traded Fund,USA,,,17.68,4.10%,23176.0,0,0,0,0,0,0,0,0,0,0,0,0,0,0,0,0,0,0,0,0,0,0,0,1,0,0,0,0,1,0,1
SWN,Amplify BlackSwan ISWN ETF,Financial,Exchange Traded Fund,USA,,,20.84,0.44%,569.0,0,0,0,0,0,0,0,0,0,0,0,0,0,0,0,0,0,0,0,0,0,0,0,0,0,0,-1,0,0,1,1
T,Gartner Inc,Technology,Information Technology Services,USA,12070000000.0,17.15,191.15,-2.18%,706641.0,0,0,0,0,0,0,0,-1,0,0,0,0,0,0,0,0,0,0,0,0,0,0,0,0,0,0,0,0,0,1,1
TAN,Sparkline Intangible Value ETF,Financial,Exchange Traded Fund,USA,,,44.18,0.42%,15516.0,0,0,0,0,0,0,0,-1,0,0,0,0,0,0,0,0,0,0,0,0,0,0,0,0,-1,0,0,0,0,2,2
TDG,iShares LifePath Target Date 2055 ETF,Financial,Exchange Traded Fund,USA,,,42.88,0.71%,4448.0,0,0,0,-1,0,0,0,0,0,0,0,0,0,0,0,0,0,0,0,0,0,0,0,0,0,0,0,0,0,1,1
TDI,iShares LifePath Target Date 2065 ETF,Financial,Exchange Traded Fund,USA,,,42.88,0.63%,14285.0,0,0,0,0,0,0,0,0,0,0,1,0,0,0,0,0,0,0,0,0,0,0,0,0,-1,0,0,0,1,1,2
TDJ,iShares LifePath Target Date 2070 ETF,Financial,Exchange Traded Fund,USA,,,33.37,0.73%,1897.0,0,0,0,-1,0,0,0,0,0,0,0,0,0,0,0,0,0,0,0,0,0,0,0,0,0,0,0,0,0,1,1
THA,ITHAX Acquisition Corp III,Financial,Shell Companies,USA,307630000.0,83.62,10.06,-0.58%,311.0,0,0,0,0,0,0,0,-1,0,0,0,0,0,0,0,0,0,0,0,0,0,0,0,0,0,0,0,0,0,1,1
TOC,iTonic Holdings Ltd,Healthcare,Medical Devices,China,29740000.0,,4.07,1.12%,14111.0,0,1,0,0,0,0,0,0,0,0,0,0,0,0,0,0,0,0,0,0,0,0,0,0,0,0,0,0,1,0,1
TP,IT Tech Packaging Inc,Basic Materials,Paper & Paper Products,China,2580000.0,,0.15,2.64%,3209151.0,0,0,0,0,0,0,0,0,1,0,0,0,0,0,0,0,0,0,0,0,0,0,0,0,0,0,0,0,1,0,1
TT,ITT Inc,Industrials,Specialty Industrial Machinery,USA,18000000000.0,39.54,201.37,1.34%,764903.0,0,1,0,0,0,0,0,0,0,0,1,0,0,0,0,0,0,0,0,0,1,0,0,0,-1,0,0,0,3,1,4
USG,iShares Core S&P U.S.Growth ETF,Financial,Exchange Traded Fund,USA,,,197.84,0.80%,383057.0,0,0,0,0,0,0,0,0,0,0,1,1,0,0,0,0,0,0,0,0,0,0,0,0,0,0,0,0,2,0,2
VDA,Iveda Solutions Inc,Industrials,Security & Protection Services,USA,3410000.0,,0.27,3.54%,121253.0,0,1,0,0,0,0,0,0,0,0,0,0,-1,0,0,0,0,0,0,0,0,0,0,0,0,0,0,0,1,1,2
VES,Dan IVES Wedbush AI Revolution ETF,Financial,Exchange Traded Fund,USA,,,41.95,1.57%,278734.0,0,0,0,0,0,0,0,0,0,0,1,0,0,0,0,0,0,0,0,0,0,0,-1,0,0,0,0,0,1,1,2
VOG,Vanguard S&P Mid-Cap 400 Growth ETF,Financial,Exchange Traded Fund,USA,,,139.81,1.05%,17054.0,0,0,0,0,0,0,0,0,1,0,0,0,0,0,0,0,0,0,0,0,0,0,0,0,0,0,0,0,1,0,1
VOL,Quadratic Interest Rate Volatility And Inflation Hedge ETF,Financial,Exchange Traded Fund,USA,,,17.01,-1.39%,99772.0,0,0,0,-1,0,0,0,0,0,0,0,0,0,0,0,0,0,0,0,0,0,0,0,0,0,0,0,0,0,1,1
VOO,Vanguard S&P Mid-Cap 400 ETF,Financial,Exchange Traded Fund,USA,,,124.29,0.58%,42289.0,0,0,0,0,0,0,0,0,0,0,0,0,-1,0,0,0,0,0,0,0,0,0,0,0,0,0,0,0,0,1,1
VSI,Applied Finance IVS International Large ETF,Financial,Exchange Traded Fund,USA,,,28.75,0.53%,7.0,0,0,0,0,0,0,0,0,0,0,0,0,0,0,0,0,0,0,0,0,0,0,-1,0,0,0,0,0,0,1,1
VVB,iShares Large Cap Deep Quarterly Laddered ETF,Financial,Exchange Traded Fund,USA,,,35.89,0.41%,6600.0,0,0,0,0,0,0,0,-1,0,0,0,0,0,0,0,0,0,0,0,0,0,0,0,0,0,0,0,0,0,1,1
VVD,Invivyd Inc,Healthcare,Biotechnology,USA,212580000.0,,0.72,2.97%,2767115.0,0,0,0,0,0,0,0,0,0,0,0,0,0,0,0,0,0,0,0,-1,0,0,0,0,0,0,0,0,0,1,1
VW,iShares S&P 500 Growth ETF,Financial,Exchange Traded Fund,USA,,,145.24,0.80%,1278670.0,0,0,0,0,0,0,0,-1,0,0,0,0,0,0,0,0,0,0,0,0,0,0,0,0,0,0,0,0,0,1,1
WC,iShares Micro-Cap ETF,Financial,Exchange Traded Fund,USA,,,183.0,0.11%,158409.0,0,0,0,0,0,0,0,0,0,0,1,0,0,0,0,0,0,0,0,0,0,0,-1,0,0,0,0,0,1,1,2
WD,iShares Russell 1000 Value ETF,Financial,Exchange Traded Fund,USA,,,253.54,0.61%,1251306.0,0,0,0,0,0,0,0,0,0,0,0,0,0,0,0,0,0,0,0,0,0,0,-1,0,0,0,0,0,0,1,1
WFG,NYLIM Winslow Focused Large Cap Growth ETF,Financial,Exchange Traded Fund,USA,,,56.75,1.23%,615.0,0,0,0,0,0,0,0,-1,0,0,0,0,0,0,0,0,0,0,0,0,0,0,0,0,0,0,0,0,0,1,1
WLG,NYLIM Winslow Large Cap Growth ETF,Financial,Exchange Traded Fund,USA,,,59.03,1.16%,6165.0,0,0,0,0,0,0,0,0,0,0,1,1,0,0,0,0,0,0,0,0,0,0,0,0,0,0,0,0,2,0,2
WMY,Defiance R2000 Weekly Distribution ETF,Financial,Exchange Traded Fund,USA,,,16.92,0.39%,39908.0,0,0,0,-1,0,0,0,0,0,0,0,0,0,0,0,0,0,0,0,0,0,0,0,0,0,0,0,0,0,1,1
WO,iShares Russell 2000 Growth ETF,Financial,Exchange Traded Fund,USA,,,356.78,0.94%,168400.0,0,0,0,0,0,0,0,0,0,0,0,0,0,0,0,0,0,0,0,0,1,0,-1,0,0,0,0,0,1,1,2
X,Orix Corp ADR,Financial,Financial Conglomerates,Japan,40470000000.0,10.22,36.95,0.71%,274430.0,0,0,0,0,0,0,0,0,0,0,0,0,-1,0,0,0,0,0,0,0,0,0,0,0,0,0,0,0,0,1,1
XHL,Incannex Healthcare Inc,Healthcare,Drug Manufacturers - Specialty & Generic,Australia,38870000.0,,3.1,-3.13%,43802.0,0,0,0,0,0,0,0,0,0,0,0,0,-1,-1,0,0,0,0,0,0,0,0,0,0,0,1,0,0,1,2,3
XP,iShares Global Comm Services ETF,Financial,Exchange Traded Fund,USA,,,117.32,-1.12%,13783.0,0,0,0,0,0,0,0,0,0,0,0,0,-1,0,0,0,0,0,0,0,0,0,0,0,0,0,0,0,0,1,1
XUS,iShares Core MSCI Total International Stock ETF,Financial,Exchange Traded Fund,USA,,,94.99,0.90%,1155792.0,0,0,0,0,0,0,0,-1,0,0,0,0,0,0,0,0,0,0,0,0,0,0,0,0,0,0,0,0,0,1,1
YC,iShares U.S. Consumer Discretionary ETF,Financial,Exchange Traded Fund,USA,,,97.9,0.65%,70535.0,0,0,0,0,0,0,0,0,0,0,0,0,-1,0,0,0,0,0,0,0,0,0,0,0,0,0,0,0,0,1,1
YK,iShares U.S. Consumer Staples ETF,Financial,Exchange Traded Fund,USA,,,73.43,-0.10%,161916.0,0,0,0,0,0,0,0,0,0,0,1,0,0,0,0,0,0,0,0,0,0,0,0,0,0,0,0,0,1,0,1
YY,iShares Dow Jones U.S. ETF,Financial,Exchange Traded Fund,USA,,,189.26,0.65%,35110.0,0,0,0,0,0,0,0,0,0,0,0,0,0,0,0,0,0,1,0,0,0,0,0,0,0,0,0,0,1,0,1
YZ,iShares U.S. Telecommunications ETF,Financial,Exchange Traded Fund,USA,,,42.67,-0.74%,774483.0,0,0,0,0,0,0,0,0,0,0,0,0,0,0,0,1,0,0,0,0,0,0,0,0,0,0,0,0,1,0,1
ZRL,ARK Israel Innovative Technology ETF,Financial,Exchange Traded Fund,USA,,,28.35,1.59%,3735.0,0,0,0,0,0,0,0,0,1,0,0,0,0,0,0,0,0,0,0,0,0,0,0,0,0,0,0,0,1,0,1
AAA,Janus Henderson AAA CLO ETF,Financial,Exchange Traded Fund,USA,,,50.53,0.02%,9889083.0,0,0,0,0,0,0,0,0,0,0,0,0,-1,-1,0,0,0,0,0,0,0,0,0,0,0,0,0,0,0,2,2
ABS,Janus Henderson Asset-Backed Securities ETF,Financial,Exchange Traded Fund,USA,,,49.35,-0.05%,3562.0,0,1,0,0,0,0,0,0,0,0,0,0,0,0,0,0,0,0,0,0,0,0,0,0,0,0,0,0,1,0,1
ACS,Jackson Acquisition Company II,Financial,Shell Companies,USA,319570000.0,37.51,10.8,0.00%,1134.0,0,0,0,-1,0,1,0,0,0,0,0,0,0,0,0,0,0,1,0,0,0,0,0,0,0,0,0,0,2,1,3
ADE,JPMorgan Active Developing Markets Equity ETF,Financial,Exchange Traded Fund,USA,,,79.37,1.08%,1257.0,0,0,0,0,0,0,0,0,0,0,1,1,0,0,0,0,0,0,0,0,0,0,0,0,-1,0,0,0,2,1,3
AJL,Innovator Equity Defined Protection ETF - 6mo Jan/Jul,Financial,Exchange Traded Fund,USA,,,30.42,0.16%,25863.0,0,0,0,0,0,0,0,0,0,0,0,0,0,0,0,0,0,1,0,0,0,0,0,0,0,0,0,0,1,0,1
AKK,Jakks Pacific Inc,Consumer Cyclical,Leisure,USA,323090000.0,20.31,28.23,0.97%,127025.0,0,0,0,0,0,0,0,0,0,0,0,0,0,0,0,0,0,1,0,0,0,0,0,0,0,0,0,0,1,0,1
ANT,AllianzIM U.S. Equity Buffer10 Jan ETF,Financial,Exchange Traded Fund,USA,,,45.75,0.36%,238.0,0,0,0,-1,0,0,0,-1,0,0,0,0,0,0,0,0,0,1,0,0,0,0,0,0,0,0,0,0,1,2,3
ANU,AllianzIM U.S. Equity Buffer15 Uncapped Jan ETF,Financial,Exchange Traded Fund,USA,,,30.99,0.60%,1196.0,0,0,0,0,0,0,0,0,0,0,0,0,0,0,0,1,0,0,0,0,0,0,0,0,0,0,0,0,1,0,1
BGS,JBG SMITH Properties,Real Estate,REIT - Diversified,USA,814840000.0,,10.92,-0.91%,709760.0,0,1,0,0,0,0,0,0,1,0,0,0,0,0,0,0,0,0,0,0,0,0,0,0,0,0,0,0,2,0,2
BI,Janus International Group Inc,Industrials,Building Products & Equipment,USA,570300000.0,17.43,4.18,-1.42%,1319998.0,0,0,0,0,0,0,0,0,1,0,0,0,0,0,0,0,0,0,0,0,0,0,0,0,0,0,0,0,1,0,1
BL,Jabil Inc,Technology,Electronic Components,USA,32090000000.000004,31.33,306.28,2.38%,1281132.0,0,0,0,0,0,1,0,0,1,0,0,0,0,0,0,1,0,0,0,0,0,0,0,0,0,0,0,0,3,0,3
BS,JBS NV,Consumer Defensive,Packaged Foods,Netherlands,13900000000.0,12.11,12.98,1.80%,6482233.0,0,0,0,0,0,0,0,0,1,0,0,0,0,0,0,0,0,0,0,0,0,0,0,0,0,0,0,0,1,0,1
CHI,JPMorgan Active China ETF,Financial,Exchange Traded Fund,USA,,,51.21,1.96%,261.0,0,0,0,0,0,0,0,0,0,0,0,0,0,0,0,1,0,0,0,0,0,0,0,0,0,0,0,0,1,0,1
D,JD.com Inc ADR,Consumer Cyclical,Internet Retail,China,32580000000.0,18.27,27.09,0.67%,8929715.0,0,0,0,0,0,0,0,0,0,0,0,0,0,0,0,0,0,0,0,0,1,0,-1,0,0,0,0,0,1,1,2
DVI,John Hancock Disciplined Value International Select ETF,Financial,Exchange Traded Fund,USA,,,39.73,0.52%,32611.0,0,1,0,0,0,0,0,0,0,0,0,0,0,0,0,0,0,0,0,0,0,0,0,0,0,0,0,0,1,0,1
EDI,Defiance Drone and Modern Warfare ETF,Financial,Exchange Traded Fund,USA,,,23.5,-1.26%,95726.0,0,0,0,0,0,0,0,0,1,0,0,0,0,0,0,0,0,0,0,0,0,0,0,0,0,0,-1,0,1,1,2
ELH,Janus Henderson Equity Linked High Income ETF,Financial,Exchange Traded Fund,USA,,,25.71,-0.08%,11950.0,0,0,0,0,0,1,0,0,0,0,0,0,0,0,0,0,0,0,0,0,0,0,0,0,0,0,0,0,1,0,1
ELM,Janus Henderson Equity Linked Moderate Income ETF,Financial,Exchange Traded Fund,USA,,,25.53,-0.45%,28843.0,0,0,0,0,0,1,0,0,0,0,0,0,0,0,0,0,0,0,0,0,0,0,0,0,0,0,0,0,1,0,1
EM,707 Cayman Holdings Ltd,Consumer Cyclical,Apparel Retail,USA,,,3.61,4.34%,17500.0,0,1,0,0,0,0,0,0,0,0,0,0,0,0,0,0,0,0,0,0,0,0,0,0,0,0,0,0,1,0,1
EPI,JPMorgan Equity Premium Income ETF,Financial,Exchange Traded Fund,USA,,,56.77,0.18%,3393476.0,0,0,0,0,0,0,0,0,0,0,1,0,0,0,0,0,0,0,0,0,0,0,0,0,0,0,0,0,1,0,1
ETS,ESS U.S.Global Jets ETF,Financial,Exchange Traded Fund,USA,,,27.45,-0.11%,2466585.0,0,0,0,0,0,0,0,0,1,0,0,0,0,0,0,0,0,0,0,0,0,0,-1,0,0,0,0,0,1,1,2
F,J and Friends Holdings Ltd ADR,Financial,Credit Services,China,17370000.0,,1.02,7.24%,4732.0,0,0,0,0,0,0,0,0,1,1,0,0,0,0,0,0,0,0,0,0,0,0,0,0,0,0,0,0,2,0,2
FIN,Jiayin Group Inc ADR,Financial,Credit Services,China,34070000.0,2.18,1.35,1.89%,16705.0,0,0,0,0,0,0,0,0,1,0,0,0,0,0,0,0,0,0,0,0,0,0,0,0,0,0,0,0,1,0,1
HAC,John Hancock Fundamental All Cap Core ETF,Financial,Exchange Traded Fund,USA,,,15.66,0.94%,7.0,0,0,0,0,0,0,0,-1,0,0,0,0,0,0,0,0,0,0,0,0,0,0,0,0,0,0,0,0,0,1,1
HHY,John Hancock High Yield ETF,Financial,Exchange Traded Fund,USA,,,24.75,0.03%,12904.0,0,0,0,-1,0,0,0,0,0,0,0,0,0,0,0,0,0,0,0,0,0,0,0,0,0,0,0,0,0,1,1
HLN,John Hancock Global Senior Loan ETF,Financial,Exchange Traded Fund,USA,,,24.41,-0.17%,4970.0,0,0,0,0,0,0,0,0,0,0,0,0,0,0,0,0,0,0,0,0,1,0,0,0,0,0,0,0,1,0,1
KS,JinkoSolar Holding Co Ltd ADR,Technology,Solar,China,446310000.0,,8.88,2.54%,451156.0,0,0,0,0,0,1,0,0,0,0,0,0,0,0,0,0,0,0,0,0,0,0,0,0,0,0,0,0,1,0,1
LL,Jones Lang Lasalle Inc,Real Estate,Real Estate Services,USA,13800000000.0,14.37,299.87,-1.08%,397181.0,0,1,0,0,0,0,0,0,0,0,0,0,0,0,0,0,0,0,0,0,0,0,0,0,0,0,0,0,1,0,1
MOM,JPMorgan U.S. Momentum Factor ETF,Financial,Exchange Traded Fund,USA,,,85.12,0.88%,105919.0,0,0,0,0,0,0,0,0,0,0,1,1,0,0,0,0,0,0,0,0,0,0,0,0,0,0,0,0,2,0,2
NJ,Johnson & Johnson,Healthcare,Drug Manufacturers - General,USA,630040000000.0,30.3,261.44,1.93%,5727293.0,0,0,0,-1,0,0,0,-1,0,0,0,0,0,0,0,0,0,0,0,0,0,0,0,0,0,0,0,0,0,2,2
OBY,Joby Aviation Inc,Industrials,Airports & Air Services,USA,5410000000.0,,5.44,-5.39%,39275191.0,0,0,0,0,0,0,0,0,1,0,0,0,0,0,0,0,0,0,0,0,0,0,0,0,0,0,0,0,1,0,1
OET,Virtus Terranova U.S. Quality Momentum ETF,Financial,Exchange Traded Fund,USA,,,46.12,0.79%,10750.0,0,0,0,0,0,0,0,0,1,0,0,0,0,0,0,0,0,0,0,0,0,0,0,0,0,0,-1,0,1,1,2
ONE,Jones Ventures INTL Acquisition1 Corp,Financial,Shell Companies,USA,281620000.0,,9.81,-0.41%,100008.0,0,0,0,0,0,0,0,0,0,0,0,0,-1,0,0,0,0,0,0,0,0,0,0,0,0,0,0,0,0,1,1
OUL,Corgi High Voltage Grid Equipment ETF,Financial,Exchange Traded Fund,USA,,,23.0,0.57%,7738.0,0,0,0,0,0,0,0,0,0,0,0,0,-1,0,0,0,0,0,0,0,0,0,0,1,0,0,0,0,1,1,2
PEF,JPMorgan Equity Focus ETF,Financial,Exchange Traded Fund,USA,,,83.09,0.88%,62950.0,0,0,0,0,0,0,0,0,0,0,1,0,0,0,0,0,0,0,0,0,0,0,0,0,0,0,0,0,1,0,1
PEM,JPMorgan Diversified Return Emerging Markets Equity ETF,Financial,Exchange Traded Fund,USA,,,64.46,1.22%,8788.0,0,0,0,0,0,0,0,0,0,0,1,0,0,0,0,0,0,0,0,0,0,0,0,0,0,0,0,0,1,0,1
PNU,ZC SP ETN PERPETUAL USD - JPNU,Financial,Exchange Traded Fund,USA,,,26.42,1.73%,8.0,0,0,0,0,0,0,0,0,0,0,0,0,0,0,0,0,0,0,0,0,0,0,-1,0,0,0,0,0,0,1,1
PST,JPMorgan Ultra-Short Income ETF,Financial,Exchange Traded Fund,USA,,,50.3,0.06%,4962421.0,0,1,0,0,0,0,0,0,0,0,0,0,0,0,0,0,0,0,0,0,0,0,0,0,0,0,0,0,1,0,1
PY,Lazard Japanese Equity ETF,Financial,Exchange Traded Fund,USA,,,39.33,0.49%,1097.0,0,0,0,0,0,0,0,-1,0,0,0,0,0,0,0,0,0,0,0,0,0,0,0,0,0,0,0,0,0,1,1
QC,Nuveen Credit Strategies Income Fund,Financial,Closed-End Fund - Debt,USA,687350000.0,,4.65,0.65%,530375.0,0,0,0,0,0,0,0,0,1,1,0,0,0,0,0,0,0,0,0,0,0,0,0,0,0,0,0,0,2,0,2
RI,Nuveen Real Asset Income and Growth Fund,Financial,Closed-End Fund - Equity,USA,384430000.0,,10.62,1.05%,232178.0,0,1,0,0,0,0,0,0,0,0,0,0,0,0,0,0,0,0,0,0,0,0,0,0,0,0,0,0,1,0,1
RVR,James River Group Holdings Inc,Financial,Insurance - Specialty,USA,167880000.0,10.63,3.63,0.28%,166546.0,0,0,0,0,0,0,0,0,1,0,0,0,0,0,0,0,0,0,0,0,0,0,0,0,0,0,0,0,1,0,1
SMD,Janus Henderson Small/Mid Cap Growth Alpha ETF,Financial,Exchange Traded Fund,USA,,,91.44,1.13%,39903.0,0,0,0,0,0,0,0,0,1,0,0,0,0,0,0,0,0,0,0,0,0,0,0,0,0,0,0,0,1,0,1
SML,Janus Henderson Small Cap Growth Alpha ETF,Financial,Exchange Traded Fund,USA,,,87.48,1.00%,15252.0,0,0,0,0,0,0,0,0,0,0,0,0,0,0,0,0,0,0,0,0,1,0,-1,0,0,0,0,0,1,1,2
SPR,Jasper Therapeutics Inc,Healthcare,Biotechnology,USA,18970000.0,,0.57,1.82%,261894.0,0,0,0,0,0,0,0,0,0,0,0,0,0,0,0,0,0,0,0,0,0,0,0,0,0,0,0,1,1,0,1
STC,Adasina Social Justice All Cap Global ETF,Financial,Exchange Traded Fund,USA,,,22.8,0.95%,3820.0,0,1,0,0,0,0,0,0,0,0,1,1,0,0,0,0,0,0,0,0,0,0,0,0,-1,0,0,0,3,1,4
TEK,JPMorgan U.S. Tech Leaders ETF,Financial,Exchange Traded Fund,USA,,,107.91,1.80%,157438.0,0,0,0,0,0,0,0,0,0,0,1,0,0,0,0,0,0,0,0,0,0,0,0,0,-1,0,0,0,1,1,2
UDO,Janus Henderson U.S. Equity Enhanced Income ETF,Financial,Exchange Traded Fund,USA,,,28.67,0.49%,17.0,0,0,0,0,0,1,0,0,0,0,0,0,0,0,0,0,0,0,0,0,0,0,0,0,0,0,0,0,1,0,1
ULJ,Innovator Premium Income 30 Barrier ETF - July,Financial,Exchange Traded Fund,USA,,,24.9,0.06%,10630.0,0,0,0,0,0,0,0,0,0,0,0,0,0,0,0,0,0,0,0,0,0,0,0,0,0,1,0,0,1,0,1
ULT,AllianzIM U.S. Equity Buffer10 Jul ETF,Financial,Exchange Traded Fund,USA,,,49.44,0.40%,1049.0,0,0,0,0,0,0,0,0,0,0,1,0,0,0,0,0,0,0,0,0,0,0,0,0,0,0,0,0,1,0,1
UNW,AllianzIM U.S. Equity Buffer20 Jun ETF,Financial,Exchange Traded Fund,USA,,,35.28,0.23%,17190.0,0,0,0,0,0,0,0,-1,0,0,0,0,0,0,0,0,0,0,0,0,0,0,0,0,0,0,0,0,0,1,1
XG,JX Luxventure Group Inc,Consumer Cyclical,Apparel Manufacturing,China,86220000.0,,7.15,0.99%,6855.0,0,0,0,0,0,0,0,0,1,0,0,0,0,0,0,0,0,0,0,0,0,0,0,0,0,0,0,0,1,0,1
XX,Janus Henderson Transformational Growth ETF,Financial,Exchange Traded Fund,USA,,,32.08,1.75%,1073.0,0,0,0,0,0,0,0,0,0,0,0,0,0,0,0,1,0,0,0,0,0,0,0,0,0,0,0,0,1,0,1
YNT,Joint Corp,Healthcare,Medical Care Facilities,USA,99570000.0,26.98,7.04,-1.12%,43489.0,0,1,0,0,0,0,0,0,1,0,0,0,0,0,0,0,0,0,0,0,0,0,0,0,0,0,0,0,2,0,2
APA,Kairos Pharma Ltd,Healthcare,Biotechnology,USA,2740000.0,,0.81,-15.55%,640493.0,0,0,0,0,0,1,0,0,1,1,0,0,0,0,0,0,0,0,0,0,0,0,0,0,0,0,0,0,3,0,3
ARS,KraneShares Electric Vehicles and Future Mobility Index ETF,Financial,Exchange Traded Fund,USA,,,27.86,0.94%,10921.0,0,0,0,0,0,1,0,0,1,1,0,0,0,0,0,0,0,0,0,0,0,0,0,0,0,0,0,0,3,0,3
AZR,Skyline Builders Group Holding Ltd,Industrials,Engineering & Construction,Hong Kong,38760000.0,,2.16,0.47%,84599.0,0,0,0,0,0,0,0,0,1,0,0,0,0,0,0,0,0,0,0,0,0,0,0,0,0,0,0,0,1,0,1
BA,KraneSharesBosera MSCI China A 50 Connect Index ETF,Financial,Exchange Traded Fund,USA,,,30.86,1.25%,20319.0,0,0,0,0,0,1,0,0,1,1,0,0,0,0,0,0,0,0,0,0,0,0,0,0,0,0,0,0,3,0,3
BDC,Kayne Anderson BDC Inc,Financial,Asset Management,USA,822170000.0,11.44,12.45,-0.48%,395863.0,0,0,0,0,0,0,0,0,1,0,0,0,0,0,0,0,0,0,0,0,0,0,0,0,0,0,0,0,1,0,1
BON,Karbon Capital Partners Corp,Financial,Shell Companies,USA,445310000.0,98.03,10.12,-0.03%,63187.0,0,0,0,-1,0,0,0,0,0,0,0,0,0,0,0,1,0,0,0,0,0,0,0,0,0,0,0,0,1,1,2
BWD,Invesco KBW High Dividend Yield Financial ETF,Financial,Exchange Traded Fund,USA,,,10.64,-0.92%,873762.0,0,0,0,0,0,0,0,0,0,0,0,0,-1,0,0,0,0,0,0,0,0,0,0,0,0,0,0,0,0,1,1
C,Kingsoft Cloud Holdings Ltd ADR,Technology,Software - Application,China,2780000000.0,,9.26,5.95%,943625.0,0,0,0,0,0,0,0,0,1,0,0,0,0,0,0,0,0,0,0,0,0,0,0,0,0,0,0,0,1,0,1
CA-U,Kensington Capital Acquisition Corp VI,Financial,Shell Companies,USA,240600000.0,,10.12,0.30%,10186.0,0,0,0,0,0,0,0,0,1,0,0,0,0,0,0,0,0,0,0,0,0,0,0,0,0,0,0,0,1,0,1
CCA,Kraneshares California Carbon Allowance Strategy ETF,Financial,Exchange Traded Fund,USA,,,16.91,-0.62%,4589.0,0,1,0,0,0,0,0,0,0,0,1,0,0,0,0,0,0,0,0,0,0,0,0,0,0,0,0,0,2,0,2
CHV,Kochav Defense Acquisition Corp,Financial,Shell Companies,USA,359620000.0,40.1,10.5,0.07%,12.0,0,0,0,0,0,0,0,0,0,0,0,0,0,0,0,0,0,1,0,0,0,0,0,0,0,0,0,0,1,0,1
COP,Kurv Copper & Mining Enhanced Income ETF,Financial,Exchange Traded Fund,USA,,,23.34,3.46%,8886.0,0,0,0,-1,0,0,0,0,0,0,0,0,0,0,0,1,0,0,0,0,0,0,0,0,0,0,0,0,1,1,2
CSH,KraneShares Sustainable Ultra Short Duration Index ETF,Financial,Exchange Traded Fund,USA,,,25.05,0.06%,32.0,0,1,0,0,0,0,0,0,0,0,0,0,0,0,0,0,0,0,0,0,0,0,0,0,0,0,0,0,1,0,1
E,Kimball Electronics Inc,Industrials,Electrical Equipment & Parts,USA,688090000.0,25.39,28.68,-0.38%,195229.0,0,0,0,0,0,0,0,0,0,0,1,0,0,0,0,0,0,0,0,0,0,0,0,0,0,0,0,0,1,0,1
EEL,Keel Infrastructure Corp,Technology,Information Technology Services,USA,1880000000.0,,3.05,-3.17%,29185545.0,0,0,0,0,0,0,0,0,1,0,0,0,0,0,0,0,0,0,0,0,0,0,0,0,0,0,0,0,1,0,1
EMQ,KraneShares EM Internet & Tech,Financial,Exchange Traded Fund,USA,,,24.98,2.06%,11.0,0,0,0,-1,0,0,0,0,0,0,0,0,0,0,0,1,0,0,0,0,0,0,0,0,0,0,0,0,1,1,2
EQU,Kewaunee Scientific Corp,Consumer Cyclical,"Furnishings, Fixtures & Appliances",USA,97830000.0,12.22,33.79,-0.09%,1692.0,0,0,0,0,0,0,0,0,0,0,0,0,-1,-1,0,0,0,0,0,0,0,0,0,0,0,0,0,0,0,2,2
EX,Kirby Corp,Industrials,Marine Shipping,USA,7190000000.0,20.93,136.25,-1.35%,445154.0,0,1,0,0,0,0,0,0,0,0,0,0,-1,0,0,0,0,0,0,0,0,0,0,0,0,0,0,0,1,1,2
EYS,Keysight Technologies Inc,Technology,Scientific & Technical Instruments,USA,65160000000.0,52.72,382.75,2.16%,899571.0,0,0,0,0,0,1,0,0,0,0,0,0,0,0,0,0,0,0,0,0,0,0,0,0,0,0,0,0,1,0,1
FII,K&F Growth Acquisition Corp II,Financial,Shell Companies,USA,420040000.0,39.71,10.69,0.00%,2037.0,0,0,0,0,0,1,0,0,0,0,0,0,0,0,0,0,0,0,0,0,0,0,0,0,0,0,0,0,1,0,1
GS,Kodiak Gas Services Inc,Energy,Oil & Gas Equipment & Services,USA,5410000000.0,63.81,53.47,-0.19%,833589.0,0,0,0,0,0,0,0,0,1,0,0,0,0,0,0,0,0,0,0,0,0,0,0,0,0,0,0,0,1,0,1
IO,KKR Income Opportunities Fund,Financial,Closed-End Fund - Debt,USA,415590000.0,,10.14,-0.59%,188779.0,0,0,0,0,0,0,0,0,1,0,0,0,0,0,0,0,0,0,0,0,0,0,0,0,0,0,0,0,1,0,1
JD,KraneShares 2x Long JD Daily ETF,Financial,Exchange Traded Fund,USA,,,14.89,1.31%,13036.0,0,0,0,0,0,0,0,0,0,0,0,0,-1,-1,0,0,0,0,0,0,0,0,0,0,0,0,0,0,0,2,2
JUL,Innovator U.S. Small Cap Power Buffer ETF - July,Financial,Exchange Traded Fund,USA,,,32.97,0.19%,4052.0,0,0,0,0,0,0,0,0,1,0,0,0,0,0,0,0,0,0,0,0,0,0,0,0,0,0,0,0,1,0,1
JUN,Innovator U.S. Small Cap Power Buffer ETF - June,Financial,Exchange Traded Fund,USA,,,29.02,0.27%,1467.0,0,0,0,0,0,0,0,0,1,0,0,0,0,0,0,0,0,0,0,0,0,0,0,0,0,0,0,0,1,0,1
LAC,KLA Corp,Technology,Semiconductor Equipment & Materials,USA,255220000000.0,53.32,195.57,-0.58%,5349797.0,0,1,0,0,0,0,0,0,0,0,0,0,0,0,0,0,0,0,0,0,0,0,0,0,0,0,0,0,1,0,1
LAR,Klarna Group plc,Financial,Credit Services,United Kingdom,5310000000.0,,14.06,4.46%,7482218.0,0,0,0,0,0,0,0,0,0,0,0,0,-1,0,0,0,0,0,0,0,0,0,0,0,0,0,0,0,0,1,1
LIP,KraneShares KWEB Covered Call Strategy ETF,Financial,Exchange Traded Fund,USA,,,22.05,2.08%,36525.0,0,0,0,0,0,0,0,0,1,0,0,0,0,0,0,0,0,0,0,0,0,0,0,0,0,0,0,0,1,0,1
LMN,Invesco MSCI North America Climate ETF,Financial,Exchange Traded Fund,USA,,,31.97,0.69%,11.0,0,0,0,0,0,0,0,0,0,0,1,0,0,0,0,0,0,0,0,0,0,0,0,0,-1,0,0,0,1,1,2
LMT,Invesco MSCI Global Climate 500 ETF,Financial,Exchange Traded Fund,USA,,,35.19,0.68%,318.0,0,0,0,0,0,0,0,0,0,0,0,0,0,0,0,0,0,0,0,0,0,0,0,0,-1,0,0,0,0,1,1
MB,Kimberly-Clark Corp,Consumer Defensive,Household & Personal Products,USA,32460000000.0,16.63,97.59,-0.15%,5121381.0,0,0,0,0,0,0,0,0,0,0,0,0,0,0,0,0,0,0,0,0,0,0,0,0,0,1,0,0,1,0,1
MI,Kinder Morgan Inc,Energy,Oil & Gas Midstream,USA,72350000000.0,20.96,32.49,0.74%,8119942.0,0,1,0,0,0,1,0,0,1,1,0,0,0,0,0,0,0,0,0,0,0,0,0,0,0,0,0,0,4,0,4
MID,Virtus KAR Mid-Cap ETF,Financial,Exchange Traded Fund,USA,,,23.57,0.64%,5436.0,0,0,0,0,0,0,0,0,0,0,0,0,-1,0,0,0,0,0,0,0,0,0,0,0,0,0,0,0,0,1,1
MPR,Kemper Corp,Financial,Insurance - Property & Casualty,USA,1590000000.0,,26.95,-1.89%,547020.0,0,0,0,0,0,0,0,0,1,1,1,0,0,0,0,0,0,0,0,0,0,0,0,0,0,0,0,0,3,0,3
MTS,Kestra Medical Technologies Ltd,Healthcare,Medical Instruments & Supplies,USA,1610000000.0,,26.98,4.70%,246777.0,0,0,0,-1,0,0,0,0,0,0,1,1,0,0,0,0,0,0,0,0,0,0,0,0,0,0,0,0,2,1,3
NF,Knife River Corp,Basic Materials,Building Materials,USA,2830000000.0,20.31,49.84,-4.65%,598069.0,0,0,0,0,0,0,0,0,0,0,1,0,0,0,0,0,0,0,0,0,0,0,0,0,0,0,0,0,1,0,1
NG,FT Vest S&P 500 Dividend Aristocrats Target Income ETF,Financial,Exchange Traded Fund,USA,,,48.86,-0.02%,257882.0,0,0,0,0,0,0,0,0,0,0,0,0,-1,0,0,0,0,0,0,0,0,0,0,0,0,0,0,0,0,1,1
NO,AXS Knowledge Leaders ETF,Financial,Exchange Traded Fund,USA,,,63.08,0.73%,1615.0,0,0,0,0,0,0,0,0,0,0,1,0,0,0,0,0,0,0,0,0,0,0,-1,0,0,0,0,0,1,1,2
NOP,KNOT Offshore Partners LP,Energy,Oil & Gas Midstream,United Kingdom,355550000.0,23.57,10.29,-0.87%,25466.0,0,0,0,0,0,1,0,0,0,0,1,0,0,0,0,0,0,0,0,0,0,0,0,0,-1,0,0,0,2,1,3
NSA,Kiniksa Pharmaceuticals International Plc,Healthcare,Drug Manufacturers - Specialty & Generic,United Kingdom,6220000000.0,81.12,79.78,1.31%,430280.0,0,0,0,0,0,0,0,0,0,0,0,0,0,0,0,0,0,0,0,0,1,0,0,0,-1,0,0,0,1,1,2
NSL,Kinsale Capital Group Inc,Financial,Insurance - Property & Casualty,USA,7680000000.0,13.66,336.98,-0.79%,344074.0,0,0,0,0,0,0,0,0,0,0,0,0,0,0,0,0,0,0,0,0,0,0,0,0,0,0,0,1,1,0,1
NTK,Kinetik Holdings Inc,Energy,Oil & Gas Midstream,USA,8680000000.0,19.36,53.46,-1.75%,740222.0,0,0,0,-1,0,0,0,0,0,0,0,0,0,0,0,0,0,0,0,0,0,0,0,0,0,0,0,0,0,1,1
NX,Knight-Swift Transportation Holdings Inc,Industrials,Trucking,USA,10490000000.0,245.23,64.47,-0.89%,3079096.0,0,0,0,0,0,0,0,0,1,0,0,0,0,0,0,0,0,0,0,0,0,0,0,0,0,0,0,0,1,0,1
O,Coca-Cola Co,Consumer Defensive,Beverages - Non-Alcoholic,USA,378840000000.0,26.53,88.05,0.32%,10431970.0,0,0,0,-1,0,0,0,0,0,0,0,0,0,0,0,0,0,0,0,0,0,0,0,0,0,0,0,0,0,1,1
OKU,Xtrackers MSCI Kokusai Equity ETF,Financial,Exchange Traded Fund,USA,,,134.04,0.70%,21.0,0,0,0,0,0,0,0,0,0,0,0,0,0,0,0,0,0,1,0,0,0,0,0,0,0,0,0,0,1,0,1
OMP,State Street SPDR S&P Kensho New Economies Composite ETF,Financial,Exchange Traded Fund,USA,,,66.35,1.13%,35878.0,0,0,0,0,0,0,0,0,0,0,0,0,0,0,0,1,0,0,0,0,0,0,0,0,0,0,0,0,1,0,1
OOL,North Shore Equity Rotation ETF,Financial,Exchange Traded Fund,USA,,,14.93,0.81%,273.0,0,0,0,0,0,0,0,-1,0,0,0,0,0,0,0,0,0,0,0,0,0,0,0,0,0,0,0,0,0,1,1
OS,Kosmos Energy Ltd,Energy,Oil & Gas E&P,USA,1570000000.0,,2.64,-1.86%,8930605.0,0,1,0,0,0,0,0,0,0,0,0,0,0,0,0,0,0,0,0,0,0,0,0,0,0,0,0,0,1,0,1
OSS,Koss Corp,Technology,Consumer Electronics,USA,36350000.0,,3.84,4.07%,21802.0,0,0,0,0,0,0,0,0,0,0,0,0,-1,0,0,0,0,0,0,0,0,0,0,0,0,0,0,0,0,1,1
OYN,CSLM Digital Asset Acquisition Corp III Ltd,Financial,Shell Companies,USA,323780000.0,67.54,10.26,0.00%,142072.0,0,0,0,-1,0,0,0,0,0,0,0,0,0,0,0,0,0,1,0,0,0,0,0,0,0,0,0,0,1,1,2
PDD,KraneShares 2x Long PDD Daily ETF,Financial,Exchange Traded Fund,USA,,,4.91,7.91%,194969.0,0,0,0,0,0,0,0,0,0,0,0,0,0,0,0,0,0,0,0,0,1,0,0,1,0,0,0,0,2,0,2
PRX,Kiora Pharmaceuticals Inc,Healthcare,Biotechnology,USA,11230000.0,,2.54,0.40%,4488.0,0,0,0,0,0,0,0,0,0,0,0,0,0,0,0,1,0,0,0,0,0,0,0,0,0,0,0,0,1,0,1
QQQ,Kurv Technology Titans Select ETF,Financial,Exchange Traded Fund,USA,,,29.8,0.29%,17742.0,0,0,0,0,0,0,0,0,0,0,0,0,0,0,0,1,0,0,0,0,0,0,0,0,0,0,0,0,1,0,1
R,Kroger Co,Consumer Defensive,Grocery Stores,USA,36400000000.0,33.36,61.64,0.37%,5291770.0,0,0,0,0,0,0,0,0,0,0,0,0,0,0,0,1,0,0,0,0,0,0,0,0,0,0,0,0,1,0,1
RAQ,KRAKacquisition Corp,Financial,Shell Companies,USA,432540000.0,,10.03,-0.05%,1110.0,0,0,0,0,0,0,0,0,0,0,1,1,0,0,0,0,0,0,0,0,0,0,0,0,-1,0,0,0,2,1,3
RBN,KraneShares Global Carbon Strategy ETF,Financial,Exchange Traded Fund,USA,,,34.29,0.44%,5897.0,0,0,0,0,0,0,0,0,0,0,1,0,0,0,0,0,0,0,0,0,0,0,0,0,0,0,0,0,1,0,1
RKR,36Kr Holdings Inc ADR,Communication Services,Advertising Agencies,China,5450000.0,1.46,3.06,0.22%,243.0,0,0,0,0,0,0,0,0,1,0,0,0,0,0,0,0,0,0,0,0,0,0,0,0,0,0,0,0,1,0,1
RMD,KORU Medical Systems Inc,Healthcare,Medical Instruments & Supplies,USA,136670000.0,,2.96,-1.33%,202580.0,0,0,0,0,0,0,0,0,1,1,0,0,0,0,0,0,0,0,0,0,0,0,0,0,0,0,0,0,2,0,2
RNT,Kornit Digital Ltd,Industrials,Specialty Industrial Machinery,Israel,786290000.0,,18.3,0.80%,418639.0,0,0,0,0,0,1,0,0,0,0,0,0,0,0,0,0,0,1,0,0,0,0,0,0,0,0,0,0,2,0,2
RNY,Kearny Financial Corp,Financial,Banks - Regional,USA,588910000.0,15.8,9.07,-1.41%,349248.0,0,0,0,0,0,0,0,-1,0,0,0,0,0,0,0,0,0,0,0,0,0,0,0,0,0,0,0,0,0,1,1
ROS,Keros Therapeutics Inc,Healthcare,Biotechnology,USA,236940000.0,,11.95,2.66%,194392.0,0,0,0,0,0,1,0,0,0,0,0,0,0,0,0,0,0,0,0,-1,0,0,0,0,0,0,0,0,1,1,2
RP,Kimbell Royalty Partners LP,Energy,Oil & Gas E&P,USA,1960000000.0,21.45,15.24,0.53%,546792.0,0,1,0,0,0,1,0,0,0,0,0,0,0,0,0,0,0,0,0,0,1,0,0,0,-1,0,0,0,3,1,4
RSP,Rice Acquisition Corp 3,Financial,Shell Companies,USA,486250000.0,59.72,10.57,0.00%,65.0,0,0,0,0,0,0,0,0,0,0,1,1,0,0,0,0,0,0,0,0,0,0,0,0,-1,0,0,0,2,1,3
RWX,Corgi South Korea 2x Daily ETF,Financial,Exchange Traded Fund,USA,,,13.77,1.09%,1612.0,0,1,0,0,0,0,0,0,0,0,0,0,0,0,0,0,0,0,0,0,0,0,0,0,0,0,0,0,1,0,1
RYS,Krystal Biotech Inc,Healthcare,Biotechnology,USA,9820000000.0,41.56,331.61,1.32%,196961.0,0,0,0,0,0,0,0,0,0,0,0,0,0,0,0,1,0,0,0,0,0,0,0,0,0,0,0,0,1,0,1
SA,iShares MSCI Saudi Arabia ETF,Financial,Exchange Traded Fund,USA,,,36.06,-0.08%,377068.0,0,0,0,0,0,0,0,0,0,0,0,0,-1,-1,0,0,0,0,0,0,0,0,0,0,0,0,0,0,0,2,2
SLV,Kurv Silver Enhanced Income ETF,Financial,Exchange Traded Fund,USA,,,23.73,2.82%,46473.0,0,0,0,0,0,0,0,0,1,0,0,0,0,0,0,0,0,0,0,0,0,0,0,0,0,0,0,0,1,0,1
STR,KraneShares China Technology & Semiconductor STAR 50 Index ETF,Financial,Exchange Traded Fund,USA,,,21.08,1.01%,520654.0,0,0,0,0,0,0,0,0,1,0,0,0,0,0,0,0,0,0,0,0,0,0,0,0,0,0,0,0,1,0,1
TEC,KraneShares Hang Seng TECH Index ETF,Financial,Exchange Traded Fund,USA,,,11.81,3.51%,44482.0,0,0,0,0,0,0,0,0,0,0,0,0,-1,0,0,0,0,0,0,0,0,0,0,0,0,0,0,0,0,1,1
TTA,Pasithea Therapeutics Corp,Healthcare,Biotechnology,USA,15620000.0,,0.47,6.03%,60594.0,0,0,0,0,0,0,0,0,1,0,0,0,0,0,0,0,0,0,0,0,0,0,0,0,0,0,0,0,1,0,1
URA,Kura Oncology Inc,Healthcare,Biotechnology,USA,942990000.0,,10.6,0.76%,1474168.0,0,0,0,-1,0,1,0,0,0,0,0,0,0,0,0,0,0,0,0,0,0,0,0,0,0,0,0,0,1,1,2
XI,iShares Global Consumer Staples ETF,Financial,Exchange Traded Fund,USA,,,67.4,0.13%,64430.0,0,0,0,0,0,0,0,0,1,0,0,0,0,0,0,0,0,0,0,0,0,0,0,0,0,0,0,0,1,0,1
YIV,Kyivstar Group Ltd,Communication Services,Telecom Services,United Arab Emirates,2810000000.0,17.67,12.1,-0.82%,245777.0,0,0,0,0,0,0,0,0,1,0,0,0,0,0,0,0,0,0,0,0,0,0,0,0,0,0,0,0,1,0,1
YMR,Kymera Therapeutics Inc,Healthcare,Biotechnology,USA,9350000000.0,,112.4,2.84%,1305180.0,0,0,0,-1,0,0,0,0,0,0,0,0,0,0,0,0,0,0,0,0,0,0,0,0,0,0,0,0,0,1,1
YN,Kayne Anderson Energy Infrastructure Fund Inc,Financial,Closed-End Fund - Equity,USA,2410000000.0,,14.25,0.28%,231740.0,0,0,0,0,0,0,0,0,0,0,0,0,0,0,0,0,0,1,0,0,0,0,0,0,0,0,0,0,1,0,1
YTX,Kyverna Therapeutics Inc,Healthcare,Biotechnology,USA,395180000.0,,6.39,3.40%,876448.0,0,0,0,0,0,0,0,0,1,0,0,0,0,0,0,0,0,0,0,0,0,0,0,0,0,0,0,0,1,0,1
ADR,Ladder Capital Corp,Real Estate,REIT - Mortgage,USA,1110000000.0,21.12,8.77,-0.90%,1317970.0,0,1,0,-1,0,0,0,0,0,0,0,0,0,0,0,0,0,0,0,0,0,0,0,0,0,0,0,0,1,1,2
AKE,Lakeland Industries Inc,Consumer Cyclical,Apparel Manufacturing,USA,98870000.0,,9.95,-1.34%,62992.0,0,0,0,0,0,0,0,0,0,0,0,0,0,0,0,0,0,0,0,0,0,0,0,0,0,0,-1,0,0,1,1
ALT,First Trust Multi-Strategy Alternative ETF,Financial,Exchange Traded Fund,USA,,,24.94,0.20%,210733.0,0,0,0,0,0,0,0,0,0,0,0,0,-1,-1,0,0,0,0,0,0,0,0,0,0,0,0,0,0,0,2,2
AR,Lithium Argentina AG,Basic Materials,Other Industrial Metals & Mining,Switzerland,850580000.0,,5.27,0.19%,585394.0,0,0,0,0,0,0,0,0,1,0,0,0,0,0,0,0,0,0,0,0,0,0,0,0,0,0,0,0,1,0,1
AUR,Laureate Education Inc,Consumer Defensive,Education & Training Services,USA,5440000000.0,17.72,39.47,0.69%,847471.0,0,0,0,0,0,0,0,0,0,0,0,0,-1,0,0,0,0,0,0,0,0,0,0,0,0,0,0,0,0,1,1
AZ,Lazard Inc,Financial,Capital Markets,USA,3580000000.0,18.01,36.75,2.60%,933494.0,0,0,0,0,0,0,0,0,0,0,0,0,0,0,0,1,0,0,0,0,0,0,0,0,0,0,0,0,1,0,1
CDS,JPMorgan Fundamental Data Science Large Core ETF,Financial,Exchange Traded Fund,USA,,,74.62,0.43%,60.0,0,0,0,-1,0,0,0,0,0,0,0,0,0,0,0,0,0,0,0,0,0,0,0,0,0,0,0,0,0,1,1
CF,Touchstone US Large Cap Focused ETF,Financial,Exchange Traded Fund,USA,,,46.66,0.57%,6339.0,0,0,0,0,0,0,0,-1,0,0,0,0,0,0,0,0,0,0,0,0,0,0,0,0,0,0,0,0,0,1,1
CO,LOGIQ Contrarian Opportunities ETF,Financial,Exchange Traded Fund,USA,,,27.94,0.82%,8.0,0,0,0,0,0,0,0,0,0,0,0,0,0,0,0,0,0,0,0,0,0,0,0,0,-1,0,0,0,0,1,1
CTO,Kurv U.S. Large Cap TaxOptimized ETF,Financial,Exchange Traded Fund,USA,,,25.04,0.80%,16.0,0,0,0,0,0,0,0,0,0,0,0,0,-1,0,0,0,0,0,0,0,0,0,0,0,0,0,0,0,0,1,1
CTX,Lineage Cell Therapeutics Inc,Healthcare,Biotechnology,USA,251390000.0,,0.99,-3.50%,1158581.0,0,0,0,0,0,0,0,0,1,0,0,0,0,0,0,0,0,0,0,0,0,0,0,0,0,0,0,0,1,0,1
DEM,iShares ESG MSCI EM Leaders ETF,Financial,Exchange Traded Fund,USA,,,60.72,1.41%,999.0,0,0,0,-1,0,0,0,0,0,0,0,0,0,0,0,1,0,0,0,0,0,0,0,0,0,0,0,0,1,1,2
DRH,iShares iBonds 1-5 Year High Yield and Income Ladder ETF,Financial,Exchange Traded Fund,USA,,,24.01,0.02%,4227.0,0,0,0,-1,0,0,0,0,0,0,0,0,0,0,0,0,0,0,0,0,0,0,0,0,0,0,0,0,0,1,1
DSF,First Trust Low Duration Strategic Focus ETF,Financial,Exchange Traded Fund,USA,,,18.5,0.14%,5681.0,0,0,0,0,0,0,0,0,1,0,0,0,0,0,0,0,0,0,0,0,0,0,0,0,0,0,0,0,1,0,1
E,Lands' End Inc,Consumer Cyclical,Apparel Retail,USA,310210000.0,0.93,10.5,1.06%,288426.0,0,1,0,0,0,0,0,0,0,0,0,0,0,0,0,0,0,0,0,0,0,0,0,0,0,0,0,0,1,0,1
EE,Lee Enterprises Inc,Communication Services,Publishing,USA,169640000.0,,7.61,1.47%,14129.0,0,0,0,0,0,0,0,0,1,1,0,0,0,0,0,0,0,0,0,0,0,0,0,0,0,0,-1,0,2,1,3
EGR,First Trust Indxx Innovative Transaction & Process ETF,Financial,Exchange Traded Fund,USA,,,65.13,0.65%,480.0,0,0,0,0,0,0,0,0,0,0,0,0,0,0,0,0,0,0,0,0,0,0,-1,0,0,0,0,0,0,1,1
EN,Lennar Corp,Consumer Cyclical,Residential Construction,USA,18230000000.0,14.5,76.69,-1.17%,3809118.0,0,0,0,0,0,1,0,0,0,0,0,0,0,0,0,0,0,0,0,-1,0,0,0,0,0,0,0,0,1,1,2
EU,Centrus Energy Corp,Energy,Uranium,USA,2910000000.0,64.99,142.44,0.25%,573620.0,0,0,0,0,0,0,0,0,1,0,0,0,0,0,0,0,0,0,0,0,0,0,0,0,0,0,0,0,1,0,1
EUX,Tradr 2X Long LEU Daily ETF,Financial,Exchange Traded Fund,USA,,,7.38,0.14%,145514.0,0,0,0,0,0,0,0,0,1,0,0,0,0,0,0,0,0,0,0,0,0,0,0,0,0,0,0,0,1,0,1
FGY,YieldMax Crypto Industry & Tech Portfolio Option Income ETF,Financial,Exchange Traded Fund,USA,,,18.23,1.56%,51437.0,0,0,0,0,0,0,0,0,0,0,0,0,-1,0,0,0,0,0,0,0,0,0,0,0,0,0,0,0,0,1,1
FUS,Littelfuse Inc,Technology,Electronic Components,USA,10830000000.0,,426.5,0.28%,98707.0,0,1,0,0,0,0,0,0,0,0,0,0,-1,-1,0,0,0,0,0,0,0,0,0,0,0,0,0,0,1,2,3
GCL,Lucas GC Ltd,Technology,Software - Application,China,2900000.0,,2.23,-9.35%,159699.0,0,0,0,0,0,0,0,0,0,0,1,0,0,0,0,0,0,0,0,0,0,0,0,0,0,0,0,0,1,0,1
GL,LGL Group Inc,Technology,Scientific & Technical Instruments,USA,86150000.0,,6.83,1.19%,14220.0,0,1,0,-1,0,0,0,0,0,0,0,0,-1,0,0,0,0,0,0,0,0,0,0,0,0,0,0,0,1,2,3
GLV,State Street SPDR US Large Cap Low Volatility Index ETF,Financial,Exchange Traded Fund,USA,,,177.8,0.33%,36187.0,0,1,0,0,0,0,0,0,0,0,0,0,0,0,0,0,0,0,0,0,0,0,0,0,0,0,0,0,1,0,1
GN,Legence Corp,Industrials,Engineering & Construction,USA,5570000000.0,,51.53,-0.04%,532371.0,0,0,0,0,0,0,0,0,1,0,0,0,0,0,0,0,0,0,0,0,0,0,0,0,0,0,0,0,1,0,1
GOV,First Trust Long Duration Opportunities ETF,Financial,Exchange Traded Fund,USA,,,19.78,0.15%,163798.0,0,1,0,0,0,0,0,0,0,0,0,0,0,0,0,0,0,0,0,0,0,0,0,0,0,0,0,0,1,0,1
GPS,LogProstyle Inc,Industrials,Conglomerates,Japan,17330000.0,3.43,0.73,1.96%,64911.0,0,0,0,0,0,0,0,0,0,0,0,0,0,0,0,0,0,0,0,0,0,0,0,0,0,1,0,0,1,0,1
IND,Lindblad Expeditions Holdings Inc,Consumer Cyclical,Travel Services,USA,2350000000.0,,35.82,0.79%,702753.0,0,0,0,0,0,0,0,0,0,0,0,0,-1,0,0,0,0,0,0,0,0,0,0,0,0,0,0,0,0,1,1
INK,Interlink Electronics,Technology,Electronic Components,USA,77970000.0,,4.95,-1.20%,18827.0,0,0,0,0,0,0,0,0,0,0,1,0,0,0,0,0,0,0,0,0,0,0,0,0,-1,0,0,0,1,1,2
IQT,LiqTech International Inc,Industrials,Pollution & Treatment Controls,Denmark,13440000.0,,0.41,-9.35%,269627.0,0,0,0,0,0,0,0,0,1,0,0,0,0,0,0,0,0,0,0,0,0,0,0,0,0,0,0,0,1,0,1
IT,Global X Lithium & Battery Tech ETF,Financial,Exchange Traded Fund,USA,,,69.73,1.03%,208357.0,0,1,0,0,0,1,0,0,0,0,0,0,-1,-1,0,0,0,0,0,0,0,0,0,0,0,0,0,0,2,2,4
ITB,LightInTheBox Holding Co Ltd ADR,Consumer Cyclical,Internet Retail,Singapore,54090000.0,6.09,2.99,-1.32%,12205.0,0,0,0,0,0,0,0,0,0,0,0,0,-1,0,0,0,0,0,0,0,0,0,0,0,0,0,0,0,0,1,1
ITP,Sprott Lithium Miners ETF,Financial,Exchange Traded Fund,USA,,,8.55,-0.82%,21309.0,0,0,0,0,0,0,0,0,1,0,0,0,0,0,0,0,0,0,0,0,0,0,0,0,0,0,0,0,1,0,1
ITX,Tradr 2X Long LITE Daily ETF,Financial,Exchange Traded Fund,USA,,,43.0,10.23%,3367544.0,0,0,0,0,0,0,0,0,1,0,0,0,0,0,0,0,0,0,0,0,0,0,0,0,0,0,0,0,1,0,1
JAN,Innovator Premium Income 15 Buffer ETF - January,Financial,Exchange Traded Fund,USA,,,24.72,0.00%,537.0,0,1,0,0,0,0,0,0,0,0,0,0,0,0,0,0,0,0,0,0,0,0,0,0,0,0,0,0,1,0,1
JUL,Innovator Premium Income 15 Buffer ETF - July,Financial,Exchange Traded Fund,USA,,,23.97,0.08%,171.0,0,0,0,0,0,0,0,0,0,0,1,0,0,0,0,0,0,0,0,0,0,0,0,0,0,0,0,0,1,0,1
KFN,Lakeland Financial Corp,Financial,Banks - Regional,USA,1410000000.0,13.07,56.84,-1.06%,222454.0,0,0,0,0,0,0,0,0,0,0,1,0,0,0,0,0,0,0,0,0,0,0,0,0,0,0,0,0,1,0,1
KQ,LKQ Corp,Consumer Cyclical,Auto Parts,USA,5530000000.0,12.03,21.84,-0.77%,2465748.0,0,0,0,0,0,0,0,0,1,0,0,0,0,0,0,0,0,0,0,0,0,0,0,0,0,0,0,0,1,0,1
LYVA,Liberty Live Holdings Inc,Communication Services,Entertainment,USA,8970000000.0,,95.33,-0.33%,77160.0,0,0,0,-1,0,0,0,0,0,0,0,0,0,0,0,0,0,0,0,0,0,0,0,0,0,0,0,0,0,1,1
LYVK,Liberty Live Holdings Inc,Communication Services,Entertainment,USA,8980000000.0,,98.2,-0.23%,151392.0,0,0,0,0,0,0,0,0,0,0,0,0,0,0,0,0,0,0,0,0,0,0,-1,0,0,0,0,0,0,1,1
MND,Lemonade Inc,Financial,Insurance - Property & Casualty,USA,3600000000.0,,46.46,-0.96%,1261642.0,0,0,0,0,0,0,0,0,1,0,0,0,0,0,0,0,0,0,0,0,0,0,0,0,0,0,0,0,1,0,1
ND,Brasilagro Companhia Brasileira De Propriedade Agricola ADR,Consumer Defensive,Farm Products,Brazil,376530000.0,,3.78,1.34%,58722.0,0,0,0,0,0,0,0,0,1,1,0,0,0,0,0,0,0,0,0,0,0,0,0,0,0,0,0,0,2,0,2
NG,Cheniere Energy Inc,Energy,Oil & Gas Midstream,USA,57450000000.0,20.7,278.18,0.11%,901690.0,0,0,0,0,0,0,0,0,0,0,1,0,0,0,0,0,0,0,0,0,0,0,0,0,0,0,0,0,1,0,1
NGX,Global X U.S. Natural Gas ETF,Financial,Exchange Traded Fund,USA,,,44.22,0.39%,6124.0,0,0,0,0,0,0,0,0,0,0,1,1,0,0,0,0,0,0,0,0,0,0,0,0,0,0,0,0,2,0,2
NN,Lindsay Corp,Industrials,Farm & Heavy Construction Machinery,USA,1140000000.0,21.49,112.02,-2.25%,158991.0,0,0,0,0,0,0,0,0,0,0,0,0,0,0,0,1,0,0,0,0,0,0,0,0,0,0,0,0,1,0,1
NSR,LENSAR Inc,Healthcare,Medical Devices,USA,78260000.0,,6.37,-1.24%,15331.0,0,0,0,0,0,0,0,0,0,0,0,0,0,0,0,0,0,0,0,0,0,0,0,1,0,0,0,0,1,0,1
OAN,Manhattan Bridge Capital Inc,Real Estate,REIT - Mortgage,USA,39190000.0,8.25,3.43,-2.83%,167067.0,0,0,0,0,0,0,0,0,1,1,0,0,0,0,0,0,0,0,0,0,0,0,0,0,0,0,0,0,2,0,2
OAR,Loar Holdings Inc,Industrials,Aerospace & Defense,USA,5820000000.0,87.39,62.07,0.73%,1012390.0,0,0,0,0,0,0,0,0,0,0,1,0,0,0,0,0,0,0,0,0,0,0,-1,0,0,0,0,0,1,1,2
OCL,Local Bounti Corp,Consumer Defensive,Farm Products,USA,24790000.0,,1.06,-0.93%,20035.0,0,0,0,0,0,0,0,0,0,0,0,0,-1,0,0,0,0,0,0,0,0,0,0,0,0,0,0,0,0,1,1
OCT,Innovator Premium Income 15 Buffer ETF - October,Financial,Exchange Traded Fund,USA,,,23.9,-0.02%,5048.0,0,0,0,0,0,0,0,0,0,0,1,0,0,0,0,0,0,0,0,0,0,0,0,0,0,0,0,0,1,0,1
ODI,AAM SLC Low Duration Income ETF,Financial,Exchange Traded Fund,USA,,,24.9,-0.12%,6033.0,0,0,0,-1,0,0,0,0,0,0,0,0,0,0,0,0,0,0,0,0,0,0,0,0,0,0,0,0,0,1,1
OGI,Logitech International SA,Technology,Computer Hardware,Switzerland,14110000000.0,18.06,98.27,-3.18%,820262.0,0,0,0,0,0,1,0,0,0,0,0,0,0,0,0,0,0,0,0,0,0,0,0,0,0,0,0,0,1,0,1
OGO,Alpha Brands Consumption Leaders ETF,Financial,Exchange Traded Fund,USA,,,20.71,1.06%,241.0,0,0,0,0,0,0,0,0,0,0,0,0,-1,-1,0,0,0,0,0,0,0,0,0,0,0,0,0,0,0,2,2
ONZ,PIMCO Senior Loan Active ExchangeTraded Fund,Financial,Exchange Traded Fund,USA,,,48.85,0.04%,61991.0,0,0,0,0,0,0,0,0,0,0,0,0,0,0,0,1,0,0,0,0,0,0,0,0,0,0,0,0,1,0,1
OPE,Grand Canyon Education Inc,Consumer Defensive,Education & Training Services,USA,4170000000.0,19.3,159.8,-0.31%,208723.0,0,0,0,0,0,0,0,0,0,0,0,0,0,0,0,1,0,0,0,0,0,0,0,0,0,0,0,0,1,0,1
OTI,Liberty One Tactical Income ETF,Financial,Exchange Traded Fund,USA,,,25.55,0.14%,433.0,0,0,0,0,0,0,0,0,0,0,0,0,0,0,0,0,0,0,0,0,1,0,0,0,0,0,0,0,1,0,1
OUP,Innovator Deepwater Frontier Tech ETF,Financial,Exchange Traded Fund,USA,,,91.23,2.14%,8939.0,0,0,0,-1,0,0,0,0,0,0,0,0,-1,-1,0,0,0,0,0,0,0,0,0,0,0,0,0,0,0,3,3
OVE,Lovesac Company,Consumer Cyclical,"Furnishings, Fixtures & Appliances",USA,204960000.0,11.67,14.21,-2.60%,158366.0,0,0,0,0,0,0,0,0,1,0,0,0,0,0,0,0,0,0,0,0,0,0,0,0,0,0,0,0,1,0,1
OW,Lowe's Cos. Inc,Consumer Cyclical,Home Improvement Retail,USA,104360000000.0,15.73,186.0,-1.51%,2646859.0,0,1,0,0,0,0,0,0,0,0,0,0,0,0,0,0,0,0,0,0,0,0,0,0,0,0,0,0,1,0,1
PA,Logistic Properties of the Americas,Real Estate,Real Estate - Development,USA,90650000.0,5.28,2.86,-2.72%,51328.0,0,0,0,0,0,0,0,0,0,0,0,0,0,0,0,0,0,0,0,0,0,0,0,0,0,0,-1,0,0,1,1
PTH,Lightpath Technologies Inc,Technology,Electronic Components,USA,680750000.0,,9.72,-0.21%,2097087.0,0,1,0,0,0,0,0,0,1,0,0,0,-1,0,0,0,0,0,0,0,0,0,0,0,0,0,0,0,2,1,3
PX,Louisiana-Pacific Corp,Industrials,Building Products & Equipment,USA,4590000000.0,85.16,65.69,0.97%,881668.0,0,0,0,0,0,0,0,0,0,0,0,0,-1,-1,0,0,0,0,0,0,0,0,0,0,0,0,0,0,0,2,2
Q,Simplify Tax Aware Alternatives ETF,Financial,Exchange Traded Fund,USA,,,23.89,0.27%,8504.0,0,0,0,0,0,0,0,0,0,0,0,0,-1,0,0,0,0,0,0,0,0,0,0,0,0,0,0,0,0,1,1
QDH,iShares Interest Rate Hedged Corporate Bond ETF,Financial,Exchange Traded Fund,USA,,,92.41,-0.07%,37770.0,0,0,0,0,0,0,0,0,1,0,0,0,0,0,0,1,0,0,0,0,0,0,0,0,0,0,0,0,2,0,2
QDT,Liquidity Services Inc,Consumer Cyclical,Internet Retail,USA,1350000000.0,42.16,43.13,2.37%,199670.0,0,0,0,-1,0,0,0,-1,0,0,0,0,0,0,0,0,0,0,0,0,0,0,0,0,0,0,0,0,0,2,2
RCC,Corgi LRCX 2x Daily ETF,Financial,Exchange Traded Fund,USA,,,17.98,-0.82%,2165.0,0,0,0,0,0,0,0,0,0,0,1,0,0,0,0,0,0,0,0,0,0,0,0,0,0,0,0,0,1,0,1
RCX,Lam Research Corp,Technology,Semiconductor Equipment & Materials,USA,399000000000.0,55.31,318.84,-0.55%,4655162.0,0,0,0,0,0,1,0,0,0,0,1,0,0,0,0,0,0,0,0,0,0,0,0,0,0,0,0,0,2,0,2
RE,Lead Real Estate Co Ltd ADR,Real Estate,Real Estate - Development,Japan,15410000.0,4.44,1.13,6.11%,35731.0,0,0,0,0,0,1,0,0,1,0,0,0,0,0,0,0,0,0,0,0,0,0,0,0,0,0,0,0,2,0,2
RGC,AB US Large Cap Strategic Equities ETF,Financial,Exchange Traded Fund,USA,,,87.23,0.51%,30788.0,0,0,0,0,0,0,0,0,0,0,1,0,0,0,0,0,0,0,0,0,0,0,-1,0,0,0,0,0,1,1,2
RGF,iShares U.S. Equity Factor ETF,Financial,Exchange Traded Fund,USA,,,79.65,0.63%,434081.0,0,0,0,0,0,0,0,0,0,0,1,0,0,0,0,0,0,0,0,0,0,0,0,0,0,0,0,0,1,0,1
RMR,Larimar Therapeutics Inc,Healthcare,Biotechnology,USA,277360000.0,,2.67,-1.11%,868878.0,0,0,0,0,0,0,0,0,0,0,0,0,-1,0,0,0,0,0,0,0,0,0,0,0,0,0,0,0,0,1,1
SAF,LeaderShares AlphaFactor US Core Equity ETF,Financial,Exchange Traded Fund,USA,,,54.66,0.17%,1998.0,0,0,0,0,0,0,0,0,0,0,0,0,0,0,0,0,0,0,0,0,0,0,-1,0,0,0,0,0,0,1,1
SAT,LeaderShares AlphaFactor Tactical Focused ETF,Financial,Exchange Traded Fund,USA,,,45.42,0.31%,942.0,0,0,0,-1,0,0,0,0,0,0,0,0,0,0,0,0,0,0,0,0,0,0,0,0,0,0,0,0,0,1,1
SBK,Lake Shore Bancorp Inc,Financial,Banks - Regional,USA,143330000.0,16.28,18.25,1.16%,23543.0,0,0,0,0,0,0,0,0,0,0,1,0,0,0,0,0,0,0,0,0,1,0,-1,0,0,0,0,0,2,1,3
SCC,Lattice Semiconductor Corp,Technology,Semiconductors,USA,17900000000.0,486.87,126.05,0.86%,1042232.0,0,0,0,0,0,0,0,0,1,0,0,0,0,0,0,0,0,0,0,0,0,0,0,0,0,0,0,0,1,0,1
SE,Leishen Energy Holding Co Ltd,Energy,Oil & Gas Equipment & Services,China,87990000.0,5168.0,5.17,9.95%,11471.0,0,0,0,0,0,0,0,0,0,0,1,0,0,0,0,0,0,0,0,0,0,0,0,0,0,0,0,0,1,0,1
SEQ,Harbor Long-Short Equity ETF,Financial,Exchange Traded Fund,USA,,,34.2,1.67%,323.0,0,1,0,-1,0,0,0,0,0,0,0,0,0,0,0,0,0,0,0,0,0,0,0,0,0,0,0,0,1,1,2
SGR,Natixis Loomis Sayles Focused Growth ETF,Financial,Exchange Traded Fund,USA,,,46.02,0.98%,20841.0,0,0,0,0,0,0,0,0,0,0,1,0,0,0,0,0,0,0,0,0,0,0,0,0,0,0,0,0,1,0,1
SPD,Lightspeed Commerce Inc,Technology,Software - Application,Canada,1420000000.0,,10.64,2.21%,395719.0,0,0,0,-1,0,0,0,0,0,0,0,0,-1,0,0,0,0,0,0,0,0,0,0,0,0,0,0,0,0,2,2
TBR,Lightbridge Corp,Industrials,Electrical Equipment & Parts,USA,227370000.0,,6.07,1.00%,478462.0,0,0,0,0,0,0,0,0,1,0,0,0,0,0,0,0,0,0,0,0,0,0,0,0,0,0,0,0,1,0,1
TGR,Long Table Growth Corp,Financial,Shell Companies,USA,229080000.0,,9.96,0.00%,0.0,0,0,0,0,0,0,0,0,0,0,0,0,0,0,0,0,0,0,0,0,0,0,-1,0,0,0,0,0,0,1,1
TL,ProShares Ultra Communication Services,Financial,Exchange Traded Fund,USA,,,23.57,-2.86%,1879.0,0,0,0,0,0,0,0,0,1,1,0,0,0,0,0,0,0,0,0,0,0,0,0,0,0,0,0,0,2,0,2
TM,LATAM Airlines Group SA ADR,Industrials,Airlines,Chile,14430000000.0,9.44,50.25,-0.38%,801388.0,0,0,0,0,0,0,0,0,0,0,0,0,-1,0,0,0,0,0,0,0,0,0,0,0,0,0,0,0,0,1,1
TRX,Lantronix Inc,Technology,Communication Equipment,USA,321130000.0,,6.85,0.29%,446020.0,0,0,0,0,0,0,0,0,0,0,0,0,-1,-1,0,0,0,0,0,0,0,0,0,0,0,0,0,0,0,2,2
U,Lufax Holding Ltd ADR,Financial,Credit Services,China,822020000.0,,0.98,3.55%,1502008.0,0,0,0,0,0,0,0,0,0,0,0,0,-1,0,0,0,0,0,0,0,0,0,0,0,0,0,0,0,0,1,1
UCD,Lucid Diagnostics Inc,Healthcare,Medical Devices,USA,129669999.99999999,,0.64,-1.86%,1947148.0,0,0,0,0,0,1,0,0,0,0,0,0,0,0,0,0,0,0,0,-1,0,0,0,0,0,0,0,0,1,1,2
UCY,Innovative Eyewear Inc,Healthcare,Medical Instruments & Supplies,USA,7870000.0,,0.9,0.71%,74051.0,0,0,0,0,0,0,0,0,1,0,0,0,0,0,0,0,0,0,0,0,0,0,0,0,0,0,0,0,1,0,1
ULG,Leverage Shares 2X Long LULU Daily ETF,Financial,Exchange Traded Fund,USA,,,3.65,3.71%,363028.0,0,0,0,0,0,0,0,0,0,0,0,0,0,0,0,0,0,0,0,-1,0,0,0,0,0,0,0,0,0,1,1
ULU,Lululemon Athletica Inc,Consumer Cyclical,Apparel Retail,Canada,10950000000.0,7.75,94.5,1.96%,3397082.0,0,0,0,0,0,0,0,0,1,0,0,0,0,0,0,0,0,0,0,0,0,0,0,0,0,0,0,0,1,0,1
UMA,KraneShares Photonic and Optical ETF,Financial,Exchange Traded Fund,USA,,,26.29,1.30%,24177.0,0,0,0,0,0,0,0,0,0,0,1,0,0,0,0,0,0,0,0,0,0,0,-1,0,0,0,0,0,1,1,2
VHI,Franklin International Low Volatility High Dividend Index ETF,Financial,Exchange Traded Fund,USA,,,41.8,0.38%,1775171.0,0,0,0,0,0,0,0,-1,0,0,0,0,0,0,0,0,0,0,0,0,0,0,0,0,0,0,0,0,0,1,1
VLN,State Street SPDR S&P Leveraged Loan ETF,Financial,Exchange Traded Fund,USA,,,24.56,-0.11%,731.0,0,0,0,0,0,0,0,0,0,0,0,0,0,0,0,1,0,0,0,0,0,0,0,0,0,0,0,0,1,0,1
VS,Las Vegas Sands Corp,Consumer Cyclical,Resorts & Casinos,USA,23430000000.0,14.09,36.17,0.19%,4278099.0,0,0,0,0,0,0,0,0,0,0,0,0,0,0,0,0,0,0,0,-1,0,0,0,0,0,0,0,0,0,1,1
XU,LSB Industries Inc,Basic Materials,Chemicals,USA,706290000.0,19.34,9.81,-3.16%,683589.0,0,0,0,0,0,0,0,0,0,0,0,0,-1,-1,0,0,0,0,0,0,0,0,0,0,0,0,0,0,0,2,2
YEL,Lyell Immunopharma Inc,Healthcare,Biotechnology,USA,213440000.0,,8.71,-0.91%,106807.0,0,0,0,0,0,0,0,0,0,0,0,0,0,0,0,0,0,0,0,-1,0,0,0,0,0,0,0,0,0,1,1
YLD,Cambria Large Cap Shareholder Yield ETF,Financial,Exchange Traded Fund,USA,,,32.34,-0.67%,696.0,0,0,0,0,0,0,0,0,0,0,0,0,0,0,0,0,0,0,0,0,0,0,-1,0,0,0,0,0,0,1,1
YNX,Lyntris Inc,Industrials,Aerospace & Defense,USA,1350000000.0,,11.68,-5.27%,815922.0,0,0,0,0,0,0,0,0,1,1,0,0,0,0,0,0,0,0,0,0,0,0,0,0,0,0,0,0,2,0,2
Z,LegalZoom.com Inc,Industrials,Specialty Business Services,USA,1020000000.0,63.75,5.98,0.93%,1901753.0,0,1,0,0,0,0,0,0,0,0,0,0,-1,0,0,0,0,0,0,0,0,0,0,0,0,0,0,0,1,1,2
ZM,Lifezone Metals Ltd,Basic Materials,Other Industrial Metals & Mining,United Kingdom,305710000.0,,3.4,2.10%,1313806.0,0,0,0,0,0,0,0,0,1,0,0,0,0,0,0,0,0,0,0,0,0,0,0,0,0,0,0,0,1,0,1
AGX,Roundhill Daily 2X Long Magnificent Seven ETF,Financial,Exchange Traded Fund,USA,,,64.83,2.01%,31094.0,0,0,0,0,0,0,0,0,0,0,1,0,0,0,0,0,0,0,0,0,0,0,0,0,0,0,0,0,1,0,1
AKX,ProShares S&P Kensho Smart Factories ETF,Financial,Exchange Traded Fund,USA,,,68.05,0.87%,743.0,0,0,0,-1,0,0,0,0,0,0,0,0,0,0,0,1,0,0,0,0,0,0,0,0,0,0,0,0,1,1,2
ANU,Manchester United Plc,Communication Services,Entertainment,United Kingdom,3540000000.0,,20.51,0.94%,273434.0,0,0,0,0,0,0,0,0,1,0,0,0,0,0,0,0,0,0,0,0,0,0,0,0,0,0,0,0,1,0,1
AR,Marriott International Inc,Consumer Cyclical,Lodging,USA,95410000000.0,37.92,365.88,1.33%,834160.0,0,0,0,0,0,0,0,0,0,0,0,0,0,0,0,0,0,0,0,0,0,0,0,0,0,0,-1,0,0,1,1
ARO,YieldMax MARA Option Income Strategy ETF,Financial,Exchange Traded Fund,USA,,,3.25,-3.27%,647550.0,0,0,0,0,0,0,0,0,1,0,0,0,0,0,0,0,0,0,0,0,0,0,0,0,0,0,0,0,1,0,1
ARPS,Marine Petroleum Trust,Energy,Oil & Gas Midstream,USA,8380000.000000001,12.7,4.19,-1.87%,606.0,0,0,0,0,0,0,0,0,1,1,0,0,0,0,0,0,0,0,0,0,0,0,0,0,0,0,0,0,2,0,2
AT,Mattel Inc,Consumer Cyclical,Leisure,USA,4770000000.0,12.29,16.69,0.66%,8323236.0,0,0,0,0,0,0,0,0,0,0,0,0,0,0,0,0,0,0,0,0,0,0,0,1,0,0,0,0,1,0,1
ATX,Matson Inc,Industrials,Marine Shipping,USA,6750000000.0,15.09,225.67,-0.93%,194932.0,0,0,0,-1,0,1,0,0,0,0,0,0,-1,0,0,0,0,1,0,0,0,0,0,0,0,0,0,0,2,2,4
AYC,Corgi U.S. Equities 10% Structured Buffer ETF - May Series,Financial,Exchange Traded Fund,USA,,,26.46,0.31%,8.0,0,0,0,0,0,0,0,0,0,0,1,0,0,0,0,0,0,0,0,0,0,0,0,0,0,0,0,0,1,0,1
AYT,AllianzIM U.S. Equity Buffer10 May ETF,Financial,Exchange Traded Fund,USA,,,40.41,0.39%,10964.0,0,0,0,0,0,0,0,-1,0,0,0,0,0,0,0,0,0,0,0,0,0,0,0,0,0,0,0,0,0,1,1
AYW,AllianzIM U.S. Equity Buffer20 May ETF,Financial,Exchange Traded Fund,USA,,,35.76,0.22%,23677.0,0,0,0,0,0,0,0,-1,0,0,0,0,0,0,0,0,0,0,0,0,0,0,0,0,0,0,0,0,0,1,1
BAI,MBody AI Ltd,Technology,Software - Infrastructure,Canada,49780000.0,0.63,3.26,8.14%,9890.0,0,1,0,0,0,0,0,0,1,0,0,0,0,0,0,0,0,0,0,0,0,0,0,0,0,0,0,0,2,0,2
BBC,Marathon Bancorp Inc,Financial,Banks - Regional,USA,45430000.0,23.32,15.1,-0.03%,646.0,0,0,0,0,0,0,0,0,0,0,0,0,0,0,0,1,0,0,0,0,0,0,0,0,0,0,0,0,1,0,1
BC,MasterBrand Inc,Consumer Cyclical,"Furnishings, Fixtures & Appliances",USA,1350000000.0,,6.61,-4.62%,2348296.0,0,0,0,0,0,0,0,0,0,0,0,0,0,0,0,0,0,0,0,0,0,0,0,1,0,0,0,0,1,0,1
BLY,Mobileye Global Inc,Consumer Cyclical,Auto Parts,Israel,6040000000.0,,7.1,0.57%,3980335.0,0,0,0,-1,0,0,0,0,0,0,0,0,0,0,0,0,0,0,0,0,0,0,0,0,0,0,0,0,0,1,1
BSF,Regan Floating Rate MBS ETF,Financial,Exchange Traded Fund,USA,,,25.47,-0.04%,11503.0,0,1,0,0,0,0,0,0,0,0,0,0,0,0,0,0,0,0,0,0,0,0,0,0,0,0,0,0,1,0,1
BSX,Regan Fixed Rate MBS ETF,Financial,Exchange Traded Fund,USA,,,25.25,-1.54%,333.0,0,1,0,0,0,0,0,0,0,0,0,0,0,0,0,0,0,0,0,0,0,0,0,0,0,0,0,0,1,0,1
CBS,MetroCity Bankshares Inc,Financial,Banks - Regional,USA,984320000.0,11.86,34.2,-1.38%,65259.0,0,0,0,0,0,0,0,0,1,0,0,0,0,0,0,0,0,0,0,0,0,0,0,0,0,0,0,0,1,0,1
CH,Matthews China Active ETF,Financial,Exchange Traded Fund,USA,,,26.96,1.72%,66.0,0,0,0,0,0,0,0,0,0,0,1,0,0,0,0,0,0,0,0,0,0,0,0,0,0,0,0,0,1,0,1
CHI,iShares MSCI China ETF,Financial,Exchange Traded Fund,USA,,,52.55,2.32%,2714119.0,0,0,0,-1,0,0,0,0,0,0,0,0,0,0,0,1,0,0,0,0,0,0,0,0,0,0,0,0,1,1,2
CHS,Matthews China Innovators Active ETF,Financial,Exchange Traded Fund,USA,,,38.83,0.72%,661.0,0,0,0,0,0,0,0,0,1,0,0,0,0,0,0,0,0,0,0,0,0,0,0,0,0,0,0,0,1,0,1
CN,XAI Madison Equity Premium Income Fund,Financial,Closed-End Fund - Equity,USA,112530000.0,,5.36,1.90%,84734.0,0,0,0,0,0,0,0,0,0,0,0,0,0,0,0,0,0,0,0,-1,0,0,0,0,0,0,0,0,0,1,1
CRB,Seres Therapeutics Inc,Healthcare,Biotechnology,USA,26950000.0,,2.71,3.04%,79411.0,0,0,0,0,0,1,0,0,1,1,0,0,0,0,0,0,0,0,0,0,0,0,0,0,0,0,0,0,3,0,3
CRI,Monarch Casino & Resort Inc,Consumer Cyclical,Resorts & Casinos,USA,2049999999.9999998,18.35,114.34,-0.89%,120445.0,0,0,0,0,0,0,0,0,1,0,0,0,0,0,0,0,0,0,0,0,0,0,0,0,0,0,0,0,1,0,1
CVT,Miller Convertible Total Return ETF,Financial,Exchange Traded Fund,USA,,,27.42,0.44%,39573.0,0,0,0,0,0,0,0,0,1,0,0,0,0,0,0,0,0,0,0,0,0,0,0,0,0,0,0,0,1,0,1
D,Pediatrix Medical Group Inc,Healthcare,Medical Care Facilities,USA,2160000000.0,12.8,26.64,1.52%,518044.0,0,0,0,0,0,1,0,0,0,0,0,0,0,0,0,0,0,0,0,0,0,0,0,0,0,0,0,0,1,0,1
DBH,MDB Capital Holdings LLC,Financial,Capital Markets,USA,20880000.0,,2.0,-2.44%,402.0,0,0,0,0,0,0,0,0,1,0,0,0,0,0,0,0,0,0,0,0,0,0,0,0,0,0,0,0,1,0,1
DST,Westwood Salient Enhanced Midstream Income ETF,Financial,Exchange Traded Fund,USA,,,28.3,-0.42%,26673.0,0,1,0,0,0,0,0,0,0,0,0,0,0,0,0,0,0,0,0,0,0,0,0,0,0,0,0,0,1,0,1
DWD,MediWound Ltd,Healthcare,Biotechnology,Israel,161900000.0,,12.54,0.97%,92645.0,0,0,0,0,0,0,0,0,1,0,0,0,0,0,0,0,0,0,0,0,0,0,0,0,0,0,0,0,1,0,1
DYG,State Street SPDR S&P 400 TM Mid Cap Growth ETF,Financial,Exchange Traded Fund,USA,,,106.89,1.01%,49475.0,0,0,0,0,0,0,0,0,1,0,0,0,0,0,0,0,0,0,0,0,0,0,0,0,0,0,0,0,1,0,1
ED,Medifast Inc,Consumer Cyclical,Personal Services,USA,129810000.0,,11.61,1.57%,58436.0,0,0,0,0,0,0,0,0,0,0,0,0,0,0,0,0,0,0,0,0,1,0,0,0,-1,0,0,0,1,1,2
EDI,Harbor Health Care ETF,Financial,Exchange Traded Fund,USA,,,32.46,1.75%,1541.0,0,0,0,0,0,0,0,-1,0,0,0,0,0,0,0,0,0,0,0,0,0,0,0,0,0,0,0,0,0,1,1
EGL,Magic Empire Global Ltd,Financial,Capital Markets,Hong Kong,45570000.0,,0.67,-3.87%,1401.0,0,0,0,0,0,0,0,0,1,0,0,0,0,0,0,1,0,0,0,0,0,0,0,0,0,0,0,0,2,0,2
EI,Methode Electronics Inc,Technology,Electronic Components,USA,554280000.0,,15.55,1.97%,642641.0,0,1,0,0,0,0,0,0,0,0,0,0,-1,0,0,0,0,0,0,0,0,0,0,0,0,0,0,0,1,1,2
EM,Matthews Emerging Markets Equity Active ETF,Financial,Exchange Traded Fund,USA,,,43.13,1.22%,1122.0,0,0,0,0,0,0,0,0,0,0,0,0,0,0,0,1,0,0,0,0,0,0,0,0,0,0,0,0,1,0,1
EME,Roundhill Meme Stock ETF,Financial,Exchange Traded Fund,USA,,,8.51,1.55%,28158.0,0,0,0,0,0,0,0,0,0,0,0,0,-1,0,0,0,0,0,0,0,0,0,0,0,0,0,-1,0,0,2,2
EMS,Matthews Emerging Markets Discovery Active ETF,Financial,Exchange Traded Fund,USA,,,30.6,1.62%,345.0,0,0,0,0,0,0,0,0,0,0,0,0,0,0,0,1,0,0,0,0,0,0,0,0,0,0,0,0,1,0,1
ENS,Jyong Biotech Ltd,Healthcare,Biotechnology,Taiwan,155890000.0,,2.1,0.00%,36709.0,0,1,0,0,0,0,0,0,0,0,0,0,0,0,0,0,0,0,0,0,1,0,0,0,0,0,0,0,2,0,2
EOH,Methanex Corp,Basic Materials,Chemicals,Canada,4800000000.0,54.67,62.1,0.10%,707689.0,0,0,0,0,0,0,0,0,0,0,1,0,0,0,0,0,0,0,0,0,0,0,0,0,0,0,0,0,1,0,1
ET,Metlife Inc,Financial,Insurance - Life,USA,62490000000.0,18.82,98.33,-0.14%,2336272.0,0,0,0,0,0,0,0,0,0,0,0,0,-1,0,0,0,0,0,0,0,0,0,0,0,0,0,0,0,0,1,1
ETA,Meta Platforms Inc,Communication Services,Internet Content & Information,USA,1830820000000.0,27.07,718.67,-0.31%,12619919.0,0,1,0,0,0,0,0,0,0,0,0,0,0,0,0,0,0,0,0,0,0,0,0,0,0,0,0,0,1,0,1
EVO,M Evo Global Acquisition Corp II,Financial,Shell Companies,USA,402600000.0,,10.07,0.50%,45.0,0,0,0,0,0,0,0,0,0,0,0,0,0,0,0,0,0,1,0,0,0,0,0,0,0,0,0,0,1,0,1
F,MindForge Inc,Communication Services,Advertising Agencies,China,16450000.0,,9.09,-14.89%,86998.0,0,0,0,0,0,0,0,0,1,0,0,0,0,0,0,0,0,0,0,0,0,0,0,0,0,0,0,0,1,0,1
FA,MFA Financial Inc,Real Estate,REIT - Mortgage,USA,695480000.0,6.88,6.88,-4.18%,3345929.0,0,0,0,0,0,0,0,0,1,1,0,0,0,0,0,0,0,0,0,0,0,0,0,0,0,0,0,0,2,0,2
FG,Mizuho Financial Group Inc ADR,Financial,Banks - Regional,Japan,129100000000.0,14.59,10.61,-0.56%,2529428.0,0,0,0,0,0,0,0,-1,0,0,0,0,0,0,0,0,0,0,0,0,0,0,0,0,0,0,0,0,0,1,1
FIG,Motley Fool Innovative Growth ETF,Financial,Exchange Traded Fund,USA,,,22.31,1.31%,2648.0,0,0,0,0,0,0,0,-1,0,0,0,0,0,0,0,0,0,0,0,0,0,0,0,0,0,0,0,0,0,1,1
FSG,MFS Active Growth ETF,Financial,Exchange Traded Fund,USA,,,31.15,0.84%,33964.0,0,0,0,0,0,0,0,0,0,0,1,1,0,0,0,0,0,0,0,0,0,0,0,0,0,0,0,0,2,0,2
GC,Vanguard Morningstar Mega Cap ETF,Financial,Exchange Traded Fund,USA,,,287.73,0.56%,72193.0,0,0,0,0,0,0,0,-1,0,0,0,0,0,0,0,0,0,0,0,0,0,0,0,0,0,0,0,0,0,1,1
GIH,Millennium Group International Holdings Ltd,Consumer Cyclical,Packaging & Containers,Hong Kong,16090000.0,,1.43,-2.05%,8736.0,0,0,0,0,0,0,0,0,0,0,0,0,0,0,0,1,0,0,0,0,0,0,0,0,0,0,0,0,1,0,1
GLD,Marygold Companies Inc,Financial,Asset Management,USA,86270000.0,,2.02,1.00%,63655.0,0,1,0,0,0,1,0,0,0,0,0,0,0,0,0,0,0,0,0,0,0,0,0,0,0,0,0,0,2,0,2
GNR,American Beacon GLG Natural Resources ETF,Financial,Exchange Traded Fund,USA,,,49.77,0.91%,66937.0,0,0,0,0,0,0,0,0,0,0,0,0,0,0,0,0,0,0,0,0,0,0,-1,0,0,0,0,0,0,1,1
GNX,Macrogenics Inc,Healthcare,Biotechnology,USA,238240000.0,,3.74,5.35%,418442.0,0,0,0,0,0,0,0,0,1,0,0,0,0,0,0,0,0,0,0,0,0,0,0,0,0,0,0,0,1,0,1
GPI,MGP Ingredients Inc,Consumer Defensive,Beverages - Wineries & Distilleries,USA,295080000.0,,13.78,0.07%,265192.0,0,0,0,0,0,0,0,0,1,0,0,0,0,0,0,0,0,0,0,0,0,0,0,0,0,0,0,0,1,0,1
GRX,Mangoceuticals Inc,Healthcare,Health Information Services,USA,9110000.0,,0.42,-2.41%,434056.0,0,1,0,0,0,0,0,0,0,0,0,0,0,0,0,0,0,0,0,0,0,0,0,0,0,0,0,0,1,0,1
H,McGraw Hill Inc,Consumer Defensive,Education & Training Services,USA,2560000000.0,27.58,13.37,0.00%,355959.0,0,1,0,-1,0,0,0,0,0,0,0,0,0,0,0,0,0,0,0,0,0,0,0,0,0,0,0,0,1,1,2
IAX,Miami International Holdings Inc,Financial,Capital Markets,USA,3050000000.0,39.55,30.71,0.03%,1392762.0,0,0,0,0,0,0,0,0,1,0,0,0,0,0,0,0,0,0,0,0,0,0,0,0,0,0,0,0,1,0,1
ID,American Century Mid Cap Growth Impact ETF,Financial,Exchange Traded Fund,USA,,,72.93,1.48%,513.0,0,0,0,0,0,0,0,-1,0,0,0,0,0,0,0,0,0,0,0,0,0,0,0,0,0,0,0,0,0,1,1
IMI,Mint Inc Ltd,Industrials,Engineering & Construction,Hong Kong,13010000.0,,0.88,2.64%,336646.0,0,1,0,0,0,0,0,0,0,0,0,0,0,0,0,0,0,0,0,0,0,0,0,0,0,0,0,0,1,0,1
IND,MIND Technology Inc,Technology,Scientific & Technical Instruments,USA,40900000.0,,4.5,-2.39%,33358.0,0,0,0,0,0,0,0,0,1,0,0,0,0,0,0,0,0,0,0,0,0,0,0,0,0,0,0,0,1,0,1
INT,PIMCO Enhanced Short Maturity Active ETF,Financial,Exchange Traded Fund,USA,,,100.42,0.04%,1293399.0,0,1,0,0,0,0,0,0,0,0,0,0,0,0,0,0,0,0,0,0,0,0,0,0,0,0,0,0,1,0,1
INV,Matthews Asia Innovators Active ETF,Financial,Exchange Traded Fund,USA,,,47.95,1.18%,2937.0,0,0,0,0,0,0,0,0,1,0,0,0,0,0,0,0,0,0,0,0,0,0,0,0,0,0,0,0,1,0,1
IR,Mirion Technologies Inc,Industrials,Specialty Industrial Machinery,USA,4139999999.9999995,188.44,16.62,2.47%,6987633.0,0,0,0,0,0,1,0,0,1,1,0,0,0,0,0,0,0,0,0,0,0,0,0,0,0,0,0,0,3,0,3
ISL,Indxx Aerospace & Defense ETF,Financial,Exchange Traded Fund,USA,,,42.24,1.15%,36505.0,0,0,0,0,0,0,0,0,1,1,0,0,0,0,0,0,0,0,0,0,0,0,0,0,0,0,0,0,2,0,2
ITK,Mitek Systems Inc,Technology,Software - Application,USA,798670000.0,37.96,17.7,3.69%,434221.0,0,0,0,0,0,1,0,-1,0,0,0,0,0,0,0,0,0,0,0,0,0,0,0,0,0,0,0,0,1,1,2
ITQ,Moving iMage Technologies Inc,Technology,Communication Equipment,USA,5910000.0,,0.59,3.88%,188112.0,0,0,0,0,0,0,0,0,0,0,0,0,-1,-1,0,0,0,0,0,0,0,0,0,0,0,0,0,0,0,2,2
J,Amplify Alternative Harvest ETF,Financial,Exchange Traded Fund,USA,,,23.76,0.06%,6389.0,0,0,0,0,0,0,0,0,0,0,1,0,0,0,0,0,0,0,0,0,0,0,0,0,0,0,0,0,1,0,1
JSC,MUFG Japan Small Cap Active ETF,Financial,Exchange Traded Fund,USA,,,62.54,1.10%,135.0,0,0,0,-1,0,0,0,-1,0,0,0,0,0,0,0,0,0,0,0,0,0,0,0,0,0,0,0,0,0,2,2
KAM,MKAM ETF,Financial,Exchange Traded Fund,USA,,,32.54,0.33%,7.0,0,0,0,0,0,0,0,-1,0,0,1,0,0,0,0,0,0,0,0,0,0,0,0,0,0,0,0,0,1,1,2
KC,McCormick & Co Inc,Consumer Defensive,Packaged Foods,USA,12080000000.0,8.1,44.81,-2.46%,3365867.0,0,0,0,0,0,0,0,0,1,0,0,0,0,0,0,0,0,0,0,0,0,0,0,0,0,0,0,0,1,0,1
LCI,Mount Logan Capital Inc,Financial,Asset Management,USA,35030000.0,,3.13,2.62%,5032.0,0,0,0,0,0,0,0,0,0,0,0,0,0,0,0,0,0,0,0,0,0,0,0,1,0,0,0,0,1,0,1
LI,Mueller Industries Inc,Industrials,Metal Fabrication,USA,13430000000.0,15.82,60.71,0.36%,828775.0,0,1,0,0,0,0,0,0,0,0,1,1,0,0,0,0,0,0,0,0,0,0,0,0,0,0,0,0,3,0,3
LP,Maui Land & Pineapple Co Inc,Real Estate,Real Estate Services,USA,294510000.0,,14.83,-2.24%,11165.0,0,0,0,0,0,0,0,0,1,0,0,0,0,0,0,0,0,0,0,0,0,0,0,0,0,0,0,0,1,0,1
LPB,UBS ETRACS Alerian MLP Infrastructure Index ETN,Financial,Exchange Traded Fund,USA,,,29.53,-0.68%,2225.0,0,0,0,0,0,0,0,0,0,0,0,0,0,0,0,0,0,1,0,0,0,0,0,0,0,0,0,0,1,0,1
LPD,Global X MLP & Energy Infrastructure Covered Call ETF,Financial,Exchange Traded Fund,USA,,,24.7,-0.21%,6450.0,0,1,0,-1,0,0,0,0,0,0,0,0,0,0,0,0,0,0,0,0,0,0,0,0,0,0,0,0,1,1,2
LPX,Global X MLP & Energy Infrastructure ETF,Financial,Exchange Traded Fund,USA,,,72.15,-0.41%,265570.0,0,0,0,0,0,0,0,0,0,0,0,0,0,0,0,0,0,0,0,0,0,0,0,0,-1,0,0,0,0,1,1
LR,Miller Industries Inc,Consumer Cyclical,Auto Parts,USA,595540000.0,42.32,52.46,-0.64%,27304.0,0,0,0,0,0,1,0,0,0,0,0,0,0,0,0,0,0,0,0,0,0,0,0,0,0,0,0,0,1,0,1
LYS,Mineralys Therapeutics Inc,Healthcare,Biotechnology,USA,2069999999.9999998,,23.37,4.42%,895314.0,0,1,0,0,0,0,0,0,0,0,0,0,0,0,0,0,0,0,0,0,1,0,0,0,0,0,0,0,2,0,2
MA,Mixed Martial Arts Group Ltd,Consumer Cyclical,Leisure,Australia,9060000.0,,0.34,-0.64%,153612.0,0,0,0,0,0,0,0,0,1,0,0,0,0,0,0,0,0,0,0,0,0,0,0,0,0,0,0,0,1,0,1
MK,State Street Prime Money Market ETF,Financial,Exchange Traded Fund,USA,,,100.12,0.03%,1245.0,0,1,0,0,0,1,0,0,0,0,0,0,0,0,0,0,0,0,0,0,0,0,0,0,0,0,0,0,2,0,2
MLP,Martin Midstream Partners LP,Energy,Oil & Gas Midstream,USA,79810000.0,,2.04,9.09%,30902.0,0,0,0,0,0,0,0,0,1,0,0,0,0,0,0,0,0,0,0,0,0,0,0,0,0,0,0,0,1,0,1
MS,Maximus Inc,Industrials,Specialty Business Services,USA,3110000000.0,8.77,59.39,1.05%,764923.0,0,0,0,0,0,0,0,0,0,0,0,0,-1,-1,0,0,0,0,0,0,0,0,0,0,0,1,0,0,1,2,3
MSC,First Trust Multi-Manager Small Cap Opportunities ETF,Financial,Exchange Traded Fund,USA,,,26.87,1.59%,5079.0,0,0,0,0,0,0,0,0,0,0,0,0,-1,0,0,0,0,0,0,0,0,0,0,0,0,0,0,0,0,1,1
MT,Aberdeen Multi-Market Income Fund,Financial,Closed-End Fund - Debt,USA,487170000.0,,4.2,0.48%,520444.0,0,0,0,0,0,0,0,0,0,0,0,0,0,0,0,0,0,0,0,-1,0,0,0,0,0,0,0,0,0,1,1
NA,NYLIM Merger Arbitrage ETF,Financial,Exchange Traded Fund,USA,,,36.78,0.06%,32251.0,0,1,0,-1,0,0,0,-1,0,0,0,0,0,0,0,0,0,0,0,0,0,0,0,0,0,0,0,0,1,2,3
NDO,Mind C.T.I Ltd,Technology,Software - Application,Israel,19350000.0,5.96,0.95,3.76%,18162.0,0,0,0,0,0,0,0,0,0,0,0,0,0,0,0,1,0,0,0,0,0,0,0,0,0,0,0,0,1,0,1
NKD,Mannkind Corp,Healthcare,Biotechnology,USA,1060000000.0,,3.29,-3.80%,4549647.0,0,0,0,0,0,0,0,0,0,0,0,0,0,0,0,1,0,0,0,0,0,0,0,0,0,0,0,0,1,0,1
NVT,Moonvest ETF,Financial,Exchange Traded Fund,USA,,,27.15,0.45%,15782.0,0,0,0,0,0,0,0,0,1,0,0,0,0,0,0,0,0,0,0,0,0,0,0,0,0,0,0,0,1,0,1
OB,Mobilicom Limited,Industrials,Aerospace & Defense,Israel,50960000.0,,3.96,0.51%,85783.0,0,0,0,0,0,0,0,0,1,1,0,0,0,0,0,0,0,0,0,0,0,0,0,0,0,0,0,0,2,0,2
OBI,Mobia Medical Inc,Healthcare,Medical Devices,USA,287300000.0,,8.63,0.82%,89124.0,0,0,0,0,0,0,0,0,1,1,0,0,0,0,0,0,0,0,0,0,0,0,0,0,0,0,0,0,2,0,2
ODL,VictoryShares WestEnd U.S. Sector ETF,Financial,Exchange Traded Fund,USA,,,53.37,0.74%,16259.0,0,0,0,0,0,0,0,0,0,0,1,0,0,0,0,0,0,0,0,0,0,0,0,0,0,0,0,0,1,0,1
OG-A,Moog Inc,Industrials,Aerospace & Defense,USA,11510000000.0,30.88,363.09,0.05%,246755.0,0,0,0,0,0,0,0,0,1,0,0,0,0,0,0,0,0,0,0,0,0,0,0,0,0,0,0,0,1,0,1
OGU,MOGU Inc ADR,Consumer Cyclical,Internet Retail,China,16040000.0,,2.24,20.11%,279000.0,0,0,0,0,0,0,0,0,1,0,0,0,0,0,0,0,0,0,0,0,0,0,0,0,0,0,0,0,1,0,1
OMO,Hello Group Inc ADR,Communication Services,Internet Content & Information,China,488280000.0,4.85,4.72,0.85%,772964.0,0,0,0,-1,0,0,0,0,0,0,0,0,0,0,0,0,0,0,0,0,0,0,0,0,0,0,0,0,0,1,1
OV,Movado Group Inc,Consumer Cyclical,Luxury Goods,USA,503750000.0,17.48,31.57,-1.31%,197923.0,0,0,0,0,0,0,0,0,0,0,0,0,0,0,0,0,0,0,0,0,0,0,0,0,-1,0,0,0,0,1,1
OVE,Corvex Inc,Technology,Software - Infrastructure,USA,310480000.0,,9.84,0.31%,50613.0,0,0,0,0,0,0,0,0,1,1,0,0,-1,0,0,0,0,0,0,0,0,0,0,0,0,0,0,0,2,1,3
P,MP Materials Corp,Basic Materials,Other Industrial Metals & Mining,USA,8220000000.000001,,46.14,0.00%,4124268.0,0,0,0,0,0,0,0,0,1,0,0,0,0,0,0,0,0,0,0,0,0,0,0,0,0,0,0,0,1,0,1
PB,Mid Penn Bancorp Inc,Financial,Banks - Regional,USA,904460000.0,12.66,35.7,-1.30%,119438.0,0,1,0,0,0,0,0,0,0,0,0,0,0,0,0,0,0,0,0,0,0,0,0,0,0,0,0,0,1,0,1
PG,Leverage Shares 2X Long MP Daily ETF,Financial,Exchange Traded Fund,USA,,,3.47,-0.67%,141061.0,0,0,0,0,0,0,0,0,1,0,0,0,0,0,0,0,0,0,0,0,0,0,0,0,0,0,0,0,1,0,1
PLY,Monopoly ETF,Financial,Exchange Traded Fund,USA,,,33.72,0.63%,28929.0,0,0,0,0,0,0,0,-1,0,0,0,0,0,0,0,0,0,0,0,0,0,0,0,0,0,0,0,0,0,1,1
PRO,Monarch ProCap Index ETF,Financial,Exchange Traded Fund,USA,,,31.97,0.54%,20846.0,0,0,0,0,0,0,0,0,0,0,1,0,0,0,0,0,0,0,0,0,0,0,0,0,0,0,0,0,1,0,1
Q,Marqeta Inc,Technology,Software - Infrastructure,USA,1890000000.0,184.61,18.11,3.84%,643871.0,0,1,0,0,0,1,0,0,0,0,0,0,0,0,0,0,0,0,0,0,0,0,0,0,0,0,0,0,2,0,2
REO,Mereo Biopharma Group Plc ADR,Healthcare,Biotechnology,United Kingdom,55850000.0,,0.35,-6.74%,1222321.0,0,0,0,0,0,0,0,0,0,0,0,0,-1,0,0,0,0,0,0,0,0,0,0,0,0,0,0,0,0,1,1
RKR,Marker Therapeutics Inc,Healthcare,Biotechnology,USA,16200000.0,,0.97,2.27%,91220.0,0,0,0,0,0,0,0,0,1,0,0,0,0,0,0,0,0,0,0,0,0,0,0,0,0,0,0,0,1,0,1
RM,MEDIROM Healthcare Technologies Inc ADR,Consumer Cyclical,Personal Services,Japan,4370000.0,,0.55,0.52%,7889.0,0,0,0,0,0,0,0,0,1,1,0,0,0,0,0,0,0,0,0,0,0,0,0,0,0,0,0,0,2,0,2
RSK,Toews Agility Shares Managed Risk ETF,Financial,Exchange Traded Fund,USA,,,40.11,0.27%,15897.0,0,1,0,0,0,0,0,0,1,0,0,0,0,0,0,0,0,0,0,0,0,0,0,0,0,0,0,0,2,0,2
RT,Marti Technologies Inc,Technology,Software - Application,Turkey,160040000.0,,1.86,0.54%,24058.0,0,0,0,0,0,0,0,0,0,0,1,0,0,0,0,0,0,0,0,0,0,0,0,0,0,0,0,0,1,0,1
SB,Mesabi Trust,Basic Materials,Steel,USA,241670000.0,37.26,18.42,0.33%,13538.0,0,0,0,0,0,1,0,0,0,0,0,0,0,0,0,0,0,0,0,-1,0,0,0,0,0,0,0,0,1,1,2
SBI,Midland States Bancorp Inc,Financial,Banks - Regional,USA,667390000.0,20.65,32.16,-1.23%,135945.0,0,0,0,0,0,0,0,0,0,0,0,0,-1,0,0,0,0,0,0,0,0,0,0,0,0,0,0,0,0,1,1
SEX,Middlesex Water Co,Utilities,Utilities - Regulated Water,USA,1010000000.0,20.62,53.43,0.66%,96558.0,0,1,0,0,0,0,0,0,0,0,0,0,0,0,0,0,0,0,0,0,0,0,0,0,0,0,0,0,1,0,1
SFC,Corgi MSFT 2x Daily ETF,Financial,Exchange Traded Fund,USA,,,53.83,4.61%,394.0,0,0,0,0,0,0,0,0,0,0,1,1,0,0,0,0,0,0,0,0,0,0,0,0,0,0,0,0,2,0,2
SFO,YieldMax MSFT Option Income Strategy ETF,Financial,Exchange Traded Fund,USA,,,12.59,1.53%,28030.0,0,1,0,-1,0,0,0,0,0,0,1,0,0,0,0,0,0,0,0,0,0,0,0,0,0,0,0,0,2,1,3
SFW,Roundhill MSFT WeeklyPay ETF,Financial,Exchange Traded Fund,USA,,,34.13,2.65%,5021.0,0,0,0,-1,0,0,0,0,0,0,0,0,0,0,0,0,0,0,0,0,0,0,0,0,0,0,0,0,0,1,1
SGM,Motorsport Games Inc,Communication Services,Electronic Gaming & Multimedia,USA,23540000.0,11.91,5.13,-0.58%,37932.0,0,0,0,0,0,0,0,0,0,0,0,0,0,0,0,0,0,0,0,0,1,0,-1,0,0,0,0,0,1,1,2
SGS,Madison Square Garden Sports Corp,Communication Services,Entertainment,USA,9690000000.0,1293.99,402.3,-1.20%,309865.0,0,0,0,0,0,0,0,-1,0,0,0,0,0,0,0,0,0,0,0,0,0,0,0,0,0,0,0,0,0,1,1
SLE,Satellos Bioscience Inc,Healthcare,Biotechnology,Canada,158940000.0,,7.49,1.97%,59901.0,0,0,0,0,0,0,0,0,0,0,0,0,0,0,0,0,0,0,0,0,0,0,0,1,0,0,0,0,1,0,1
SM,MSC Industrial Direct Co Inc,Industrials,Industrial Distribution,USA,7230000000.0,31.34,129.51,0.46%,534909.0,0,0,0,0,0,0,0,0,0,0,0,0,-1,0,0,0,0,0,0,0,0,0,0,0,0,0,0,0,0,1,1
SMR,McElhenny Sheffield Managed Risk ETF,Financial,Exchange Traded Fund,USA,,,34.88,1.17%,9598.0,0,0,0,0,0,0,0,0,0,0,0,0,-1,0,0,0,0,0,0,0,0,0,0,0,0,0,0,0,0,1,1
SOX,AdvisorShares MSOS 2x Daily ETF,Financial,Exchange Traded Fund,USA,,,2.19,1.39%,2062896.0,0,0,0,0,0,0,0,0,0,0,1,0,0,0,0,0,0,0,0,0,0,0,0,0,0,0,0,0,1,0,1
SSM,Morgan Stanley Pathway Small-Mid Cap Equity ETF,Financial,Exchange Traded Fund,USA,,,57.59,0.74%,9367.0,0,0,0,0,0,0,0,0,0,0,0,0,0,0,0,0,0,0,0,0,0,0,-1,0,0,0,0,0,0,1,1
ST,Defiance Leveraged Long Income MSTR ETF,Financial,Exchange Traded Fund,USA,,,14.79,3.60%,59221.0,0,0,0,0,0,0,0,0,1,0,0,0,0,0,0,0,0,0,0,0,0,0,0,0,0,0,0,0,1,0,1
STB,LHA Market State Tactical Beta ETF,Financial,Exchange Traded Fund,USA,,,44.61,0.44%,3561.0,0,0,0,0,0,0,0,-1,0,0,0,0,0,0,0,1,0,0,0,0,0,0,0,0,0,0,0,0,1,1,2
STP,GraniteShares 2x Long MSTR Daily ETF,Financial,Exchange Traded Fund,USA,,,28.16,3.27%,24842.0,0,0,0,0,0,0,0,0,1,0,0,0,0,0,0,0,0,0,0,0,0,0,0,0,0,0,0,0,1,0,1
STU,T-Rex 2X Long MSTR Daily Target ETF,Financial,Exchange Traded Fund,USA,,,39.7,3.57%,3029669.0,0,0,0,0,0,0,0,0,1,0,0,0,0,0,0,0,0,0,0,0,0,0,0,0,0,0,0,0,1,0,1
STW,Roundhill MSTR WeeklyPay ETF,Financial,Exchange Traded Fund,USA,,,4.86,2.21%,1505273.0,0,0,0,0,0,0,0,0,1,0,0,0,0,0,0,0,0,0,0,0,0,0,0,0,0,0,0,0,1,0,1
STX,Defiance Daily Target 2x Long MSTR ETF,Financial,Exchange Traded Fund,USA,,,18.26,3.57%,6269349.0,0,0,0,0,0,0,0,0,1,0,0,0,0,0,0,0,0,0,0,0,0,0,0,0,0,0,0,0,1,0,1
STY,YieldMax MSTR Option Income Strategy ETF,Financial,Exchange Traded Fund,USA,,,15.66,1.82%,2180221.0,0,0,0,0,0,0,0,0,1,0,0,0,0,0,0,0,0,0,0,0,0,0,0,0,0,0,0,0,1,0,1
TCH,Match Group Inc,Communication Services,Internet Content & Information,USA,9430000000.0,14.51,41.09,-0.99%,2184329.0,0,0,0,0,0,0,0,-1,0,0,0,0,0,0,0,0,0,0,0,0,0,0,0,0,0,0,0,0,0,1,1
TD,Mettler-Toledo International Inc,Healthcare,Diagnostics & Research,USA,31060000000.0,34.89,1549.99,1.34%,180649.0,0,0,0,0,0,0,0,-1,0,0,0,0,0,0,0,0,0,0,0,0,0,0,0,0,0,0,0,0,0,1,1
TGP,WisdomTree Mortgage Plus Bond Fund,Financial,Exchange Traded Fund,USA,,,42.11,0.14%,4547.0,0,0,0,-1,0,0,0,0,0,0,0,0,0,0,0,0,0,0,0,0,0,0,0,0,0,0,0,0,0,1,1
TN,Vail Resorts Inc,Consumer Cyclical,Resorts & Casinos,USA,5200000000.0,35.25,146.03,-0.04%,720295.0,0,0,0,0,0,0,0,0,1,0,0,0,0,0,0,0,0,0,0,0,0,0,0,0,0,0,0,0,1,0,1
TRA,Invesco International Growth Focus ETF,Financial,Exchange Traded Fund,USA,,,26.24,1.26%,68.0,0,0,0,0,0,0,0,0,0,0,1,1,0,0,0,0,0,0,0,0,0,0,0,0,0,0,0,0,2,0,2
TSI,MACOM Technology Solutions Holdings Inc,Technology,Semiconductors,USA,25210000000.0,106.16,330.06,2.44%,1219631.0,0,0,0,0,0,1,0,0,0,0,0,0,0,0,0,1,0,0,0,0,0,0,0,0,0,0,0,0,2,0,2
TUS,Metallus Inc,Basic Materials,Steel,USA,828570000.0,113.0,19.99,1.78%,249578.0,0,0,0,0,0,0,0,0,0,0,1,0,0,0,0,0,0,0,0,0,0,0,0,0,0,0,0,0,1,0,1
TX,Minerals Technologies Inc,Basic Materials,Specialty Chemicals,USA,1980000000.0,,63.6,-1.70%,135902.0,0,0,0,0,0,0,0,0,1,0,0,0,0,0,0,0,0,0,0,0,0,0,0,0,0,0,0,0,1,0,1
UA,BlackRock Muniassets Fund Inc,Financial,Closed-End Fund - Debt,USA,469810000.0,,9.33,1.08%,619444.0,0,0,0,0,0,0,0,0,1,0,0,0,0,0,0,0,0,0,0,0,0,0,0,0,0,0,0,0,1,0,1
UFG,Mitsubishi UFJ Financial Group Inc ADR,Financial,Banks - Diversified,Japan,251900000000.0,14.59,22.38,-0.44%,2480712.0,0,0,0,0,0,0,0,-1,0,0,0,0,0,0,0,0,0,0,0,0,0,0,0,0,0,0,0,0,0,1,1
UIB,Direxion MU Defined Income Boost ETF,Financial,Exchange Traded Fund,USA,,,31.18,-0.71%,3255.0,0,1,0,0,0,0,0,0,0,0,0,0,0,0,0,0,0,0,0,0,0,0,0,0,0,0,0,0,1,0,1
ULL,GraniteShares 2x Long MU Daily ETF,Financial,Exchange Traded Fund,USA,,,23.51,-1.55%,2870548.0,0,0,0,0,0,0,0,0,0,0,0,0,-1,0,0,0,0,0,0,0,0,0,0,0,0,0,0,0,0,1,1
USA,Murphy USA Inc,Consumer Cyclical,Specialty Retail,USA,9730000000.0,16.11,529.14,2.11%,248552.0,0,0,0,0,0,0,0,0,1,0,0,0,0,0,0,0,0,0,0,0,0,0,0,0,0,0,0,0,1,0,1
USQ,MUSQ Global Music Industry Index ETF,Financial,Exchange Traded Fund,USA,,,25.15,0.09%,9.0,0,0,0,0,0,0,0,0,0,0,0,0,0,0,0,1,0,0,0,0,0,0,0,0,0,0,0,0,1,0,1
UST,Columbia Multi-Sector Municipal Income ETF,Financial,Exchange Traded Fund,USA,,,19.26,0.31%,87983.0,0,0,0,0,0,0,0,0,1,0,0,0,0,0,0,0,0,0,0,0,0,0,0,0,0,0,0,0,1,0,1
UU,Direxion Daily MU Bull 2X ETF,Financial,Exchange Traded Fund,USA,,,33.73,-1.55%,17074901.0,0,0,0,0,0,0,0,0,1,0,0,0,0,0,0,0,0,0,0,0,0,0,0,0,0,0,0,0,1,0,1
VFD,Monarch Volume Factor Dividend Tree Index ETF,Financial,Exchange Traded Fund,USA,,,31.12,-0.22%,9417.0,0,0,0,0,0,0,0,0,0,0,1,1,0,0,0,0,0,0,0,0,0,0,0,0,0,0,0,0,2,0,2
VPL,Miller Value Partners Leverage ETF,Financial,Exchange Traded Fund,USA,,,45.4,1.18%,10903.0,0,0,0,0,0,0,0,-1,0,0,0,0,0,0,0,1,0,0,0,0,0,0,0,0,0,0,0,0,1,1,2
VRL,ETRACS Monthly Pay 1.5X Leveraged Mortgage REIT ETN,Financial,Exchange Traded Fund,USA,,,9.43,-0.83%,8891.0,0,0,0,0,0,0,0,0,1,0,0,0,0,0,0,0,0,0,0,0,0,0,0,0,0,0,0,0,1,0,1
WH,SOLV Energy Inc,Utilities,Utilities - Renewable,USA,5300000000.0,,26.21,2.02%,1192922.0,0,0,0,0,0,0,0,0,0,0,0,0,-1,-1,0,0,0,0,0,0,0,0,0,0,0,1,0,0,1,2,3
WHS,Skylar Electricity Futures ETF,Financial,Exchange Traded Fund,USA,,,19.95,0.00%,0.0,0,0,0,0,0,0,0,0,0,0,0,0,0,0,0,0,0,0,0,0,0,0,0,1,0,0,0,0,1,0,1
WYN,Marwynn Holdings Inc,Consumer Cyclical,"Furnishings, Fixtures & Appliances",USA,27670000.0,,1.37,-0.72%,235683.0,0,0,0,0,0,0,0,-1,0,0,0,0,0,0,0,0,0,0,0,0,0,0,0,0,0,0,0,0,0,1,1
X,MagnaChip Semiconductor Corp,Technology,Semiconductors,South Korea,118690000.0,,3.12,-1.27%,813891.0,0,0,0,0,0,1,0,0,1,0,0,0,0,0,0,0,0,0,0,0,0,0,0,0,0,0,0,0,2,0,2
YCF,State Street My2026 Corporate Bond ETF,Financial,Exchange Traded Fund,USA,,,25.02,0.08%,3280.0,0,1,0,0,0,0,0,0,0,0,0,0,0,0,0,0,0,0,0,0,1,1,0,0,0,0,0,0,3,0,3
YE,Myers Industries Inc,Consumer Cyclical,Packaging & Containers,USA,1150000000.0,31.55,30.63,-0.16%,145624.0,0,0,0,0,0,0,0,0,0,0,0,0,-1,0,0,0,0,0,0,0,0,0,0,0,0,0,0,0,0,1,1
YGN,Myriad Genetics Inc,Healthcare,Diagnostics & Research,USA,412250000.0,,4.31,2.62%,1367872.0,0,0,0,0,0,0,0,0,1,0,0,0,0,0,0,0,0,0,0,0,0,0,0,0,0,0,0,0,1,0,1
YHD,State Street My2030 High Yield Corporate Bond ETF,Financial,Exchange Traded Fund,USA,,,24.25,0.29%,1461.0,0,1,0,0,0,0,0,0,0,0,0,0,0,0,0,0,0,0,0,0,0,0,0,0,0,0,0,0,1,0,1
YND,Mynd.ai Inc ADR,Consumer Defensive,Education & Training Services,USA,13780000.0,,0.29,-0.88%,17170.0,0,0,0,0,0,0,0,0,0,0,0,0,-1,-1,0,0,0,0,0,0,0,0,0,0,0,0,0,0,0,2,2
YY,ProShares Short Midcap400 -1x Shares,Financial,Exchange Traded Fund,USA,,,15.75,-0.53%,1423.0,0,0,0,0,0,1,0,0,0,0,0,0,0,0,0,0,0,0,0,0,0,0,0,0,0,0,0,0,1,0,1
ZZ,ProShares UltraShort MidCap400 -2x Shares,Financial,Exchange Traded Fund,USA,,,6.38,-1.00%,1731.0,0,0,0,0,0,0,0,0,0,0,1,0,0,0,0,0,0,0,0,0,0,0,0,0,0,0,0,0,1,0,1
AAS,Naas Technology Inc ADR,Consumer Cyclical,Specialty Retail,China,73770000.0,,3.05,0.61%,14490.0,0,0,0,0,0,0,0,0,0,0,1,0,0,0,0,0,0,0,0,0,0,0,0,0,-1,0,0,0,1,1,2
ABL,N-able Inc,Technology,Information Technology Services,USA,874640000.0,,4.63,2.89%,1136339.0,0,0,0,0,0,0,0,0,0,0,0,0,-1,0,0,0,0,0,0,0,0,0,0,1,0,0,0,0,1,1,2
ACP,Impact Shares NAACP Minority Empowerment ETF,Financial,Exchange Traded Fund,USA,,,62.02,0.65%,800.0,0,0,0,0,0,0,0,-1,0,0,0,0,0,0,0,0,0,0,0,0,0,0,0,0,0,0,0,0,0,1,1
AIL,Direxion Daily Homebuilders & Supplies Bull 3X ETF,Financial,Exchange Traded Fund,USA,,,25.78,-4.06%,1936119.0,0,0,0,0,0,0,0,0,0,0,1,0,0,0,0,0,0,0,0,0,0,0,0,0,0,0,0,0,1,0,1
AK,Northern Dynasty Minerals Ltd,Basic Materials,Other Industrial Metals & Mining,Canada,629610000.0,,1.12,-2.61%,3809675.0,0,0,0,0,0,0,0,0,0,0,0,0,-1,0,0,0,0,0,0,0,0,0,0,0,0,0,0,0,0,1,1
AMI,Jinxin Technology Holding Co ADR,Communication Services,Internet Content & Information,China,6920000.0,,2.19,4.78%,20889.0,0,0,0,0,0,0,0,0,1,0,0,0,0,0,0,0,0,0,0,0,0,0,0,0,0,0,0,0,1,0,1
ANC,Subversive Congressional Democrats Trading ETF,Financial,Exchange Traded Fund,USA,,,53.19,0.72%,9699.0,0,0,0,0,0,0,0,-1,0,0,0,0,0,0,0,0,0,0,0,0,0,0,0,0,0,0,0,0,0,1,1
AVI,Navient Corp,Financial,Credit Services,USA,854370000.0,,9.11,-1.73%,662074.0,0,0,0,0,0,0,0,0,0,0,0,0,0,0,0,0,0,1,0,0,0,0,0,0,0,0,0,0,1,0,1
B,NioCorp Developments Ltd,Basic Materials,Other Industrial Metals & Mining,USA,491520000.0,,3.37,-1.17%,1698921.0,0,0,0,0,0,0,0,0,1,1,0,0,0,0,0,0,0,0,0,0,0,0,0,0,0,0,0,0,2,0,2
BCR,Neuberger Core Equity ETF,Financial,Exchange Traded Fund,USA,,,34.72,0.61%,9315.0,0,1,0,0,0,0,0,0,0,0,0,0,0,0,0,0,0,1,0,0,0,0,0,0,0,0,0,0,2,0,2
BDS,Neuberger Disrupters ETF,Financial,Exchange Traded Fund,USA,,,42.09,1.60%,1372.0,0,1,0,0,0,0,0,0,0,0,0,0,0,0,0,0,0,0,0,0,0,0,0,0,0,0,0,0,1,0,1
BET,Neuberger Energy Transition & Infrastructure ETF,Financial,Exchange Traded Fund,USA,,,40.66,-0.17%,2239.0,0,0,0,-1,0,0,0,0,0,0,0,0,0,0,0,0,0,0,0,0,0,0,0,0,0,0,0,0,0,1,1
BGX,Neuberger Growth ETF,Financial,Exchange Traded Fund,USA,,,30.79,0.74%,23.0,0,0,0,0,0,0,0,-1,0,0,0,0,0,0,0,0,0,0,0,0,0,0,0,0,0,0,0,0,0,1,1
BIG,Leverage Shares 2X Long NBIS Daily ETF,Financial,Exchange Traded Fund,USA,,,15.61,0.97%,1865505.0,0,0,0,0,0,0,0,0,1,0,0,0,0,0,0,0,0,0,0,0,0,0,0,0,0,0,0,0,1,0,1
BIS,Nebius Group NV,Technology,Software - Infrastructure,Netherlands,60100000000.0,,221.07,0.62%,9561436.0,0,0,0,0,0,0,0,0,0,0,0,0,0,0,0,1,0,0,0,0,0,0,0,0,0,0,0,0,1,0,1
BJP,Neuberger Japan Equity ETF,Financial,Exchange Traded Fund,USA,,,36.09,0.46%,283.0,0,0,0,0,0,0,0,0,1,0,0,0,0,0,0,0,0,0,0,0,0,0,0,0,0,0,0,0,1,0,1
BR,Nabors Industries Ltd,Energy,Oil & Gas Drilling,Bermuda,1230000000.0,6.0,80.67,-1.09%,188977.0,0,0,0,0,0,0,0,0,0,0,0,0,-1,-1,0,0,0,0,0,0,0,0,0,0,0,0,-1,0,0,3,3
BTB,NBT Bancorp Inc,Financial,Banks - Regional,USA,2600000000.0,12.26,50.06,-0.93%,206688.0,0,0,0,0,0,0,0,0,1,0,0,0,0,0,0,0,0,0,0,0,0,0,0,0,0,0,0,0,1,0,1
BTX,Nanobiotix ADR,Healthcare,Biotechnology,France,1200000000.0,,23.68,3.41%,93498.0,0,0,0,0,0,0,0,0,0,0,0,0,0,0,0,1,0,0,0,0,0,0,0,0,0,0,0,0,1,0,1
CEL,NewcelX Ltd,Healthcare,Biotechnology,Switzerland,16390000.0,,3.05,-2.09%,1586.0,0,0,0,0,0,0,0,0,0,0,0,0,-1,0,0,0,0,0,0,0,0,0,0,0,0,0,0,0,0,1,1
CLH,Norwegian Cruise Line Holdings Ltd,Consumer Cyclical,Travel Services,USA,7150000000.0,9.84,15.57,0.52%,16437748.0,0,0,0,0,0,0,0,0,1,0,0,0,0,0,0,0,0,0,0,0,0,0,0,0,0,0,0,0,1,0,1
CMI,National Cinemedia Inc,Communication Services,Advertising Agencies,USA,199430000.0,,2.12,-4.07%,511739.0,0,0,0,0,0,1,0,0,0,0,0,0,0,0,0,0,0,0,0,0,0,0,0,0,0,0,0,0,1,0,1
CNA,NuCana plc ADR,Healthcare,Biotechnology,United Kingdom,4740000.0,,1.1,-2.65%,67458.0,0,0,0,0,0,0,0,0,0,0,0,0,-1,0,0,0,0,0,0,0,0,0,0,0,0,0,0,0,0,1,1
CPL,Netcapital Inc,Financial,Capital Markets,USA,8950000.0,,1.14,-12.98%,9298472.0,0,0,0,0,0,0,0,0,0,0,0,0,0,0,0,0,0,0,0,0,0,0,0,0,0,0,-1,0,0,1,1
CT,Intercont (Cayman) Ltd,Industrials,Marine Shipping,Hong Kong,1820000.0,,1.49,-9.70%,240962.0,0,0,0,0,0,0,0,0,0,0,1,0,0,0,0,0,0,0,0,0,0,0,0,0,0,0,0,0,1,0,1
CV,Virtus Convertible & Income Fund,Financial,Closed-End Fund - Debt,USA,354040000.0,,15.67,3.43%,138006.0,0,0,0,0,0,0,0,0,0,0,0,0,0,0,0,0,0,0,0,0,0,0,0,0,-1,0,0,0,0,1,1
DIA,Global X India Active ETF,Financial,Exchange Traded Fund,USA,,,25.49,0.51%,75499.0,0,0,0,0,0,0,0,0,0,0,0,0,0,0,0,1,0,0,0,0,0,0,0,0,0,0,0,0,1,0,1
DIV,Amplify Energy & Natural Resources Covered Call ETF,Financial,Exchange Traded Fund,USA,,,33.86,0.16%,9508.0,0,1,0,0,0,0,0,0,0,0,0,0,0,0,0,0,0,0,0,0,0,0,0,0,0,0,0,0,1,0,1
DOW,Anydrus Advantage ETF,Financial,Exchange Traded Fund,USA,,,28.89,0.43%,3571.0,0,0,0,0,0,0,0,0,1,0,0,0,0,0,0,0,0,0,0,0,0,0,0,0,0,0,0,0,1,0,1
DRA,ENDRA Life Sciences Inc,Healthcare,Diagnostics & Research,USA,8189999.999999999,,5.46,-7.93%,23063.0,0,0,0,0,0,0,0,0,0,0,1,0,0,0,0,0,0,0,0,0,0,0,0,0,-1,0,0,0,1,1,2
DSN,Nordson Corp,Industrials,Specialty Industrial Machinery,USA,18280000000.0,33.2,328.17,0.40%,410123.0,0,1,0,0,0,1,0,0,0,0,1,0,0,0,0,0,0,0,0,0,0,0,-1,0,0,0,0,0,3,1,4
ECB,NorthEast Community Bancorp Inc,Financial,Banks - Regional,USA,371690000.0,8.65,27.0,-1.50%,66056.0,0,0,0,0,0,0,0,0,0,0,0,0,-1,0,0,0,0,0,0,0,0,0,0,0,0,0,0,0,0,1,1
EGG,Newegg Commerce Inc,Consumer Cyclical,Internet Retail,USA,242880000.0,,11.58,0.00%,16534.0,0,0,0,0,0,0,0,0,0,0,0,0,0,0,0,0,0,0,0,-1,0,0,0,0,0,0,0,0,0,1,1
EN,New England Realty Associates LP,Real Estate,Real Estate Services,USA,139000000.0,,50.0,0.50%,125.0,0,0,0,-1,0,0,0,0,0,0,0,0,0,0,0,0,0,0,0,-1,0,0,0,0,0,0,0,0,0,2,2
EOV,NeoVolta Inc,Industrials,Electrical Equipment & Parts,USA,154020000.0,,2.61,0.38%,1180766.0,0,0,0,0,0,1,0,0,0,0,0,0,0,0,0,0,0,0,0,0,0,0,0,0,0,0,0,0,1,0,1
ET,Cloudflare Inc,Technology,Software - Infrastructure,USA,128520000000.00002,,360.93,5.57%,2623776.0,0,0,0,-1,0,1,0,0,0,0,0,0,0,0,0,0,0,1,0,0,0,0,0,0,0,0,0,0,2,1,3
ETG,Leverage Shares 2X Long NET Daily ETF,Financial,Exchange Traded Fund,USA,,,25.53,10.93%,41509.0,0,0,0,-1,0,0,0,0,0,0,0,0,0,0,0,0,0,0,0,0,0,0,0,0,0,0,0,0,0,1,1
EUP,Neuphoria Therapeutics Inc,Healthcare,Biotechnology,USA,18180000.0,,3.36,0.30%,2515.0,0,0,0,0,0,0,0,0,1,0,0,0,0,0,0,0,0,0,0,0,0,0,0,0,0,0,0,0,1,0,1
EXM,NexMetals Mining Corp,Basic Materials,Other Industrial Metals & Mining,Canada,60610000.0,,1.7,0.59%,3235.0,0,0,0,0,0,0,0,0,1,0,0,0,0,0,0,0,0,0,0,0,0,0,0,0,0,0,0,0,1,0,1
EXT,NextDecade Corp,Energy,Oil & Gas Equipment & Services,USA,1760000000.0,,6.62,-1.93%,2169483.0,0,0,0,0,0,0,0,0,1,0,0,0,0,0,0,0,0,0,0,0,0,0,0,0,0,0,0,0,1,0,1
FEB,Innovator Growth-100 Power Buffer ETF - February,Financial,Exchange Traded Fund,USA,,,31.44,0.32%,2074.0,0,0,0,0,0,0,0,-1,0,0,0,0,0,0,0,0,0,0,0,0,0,0,0,0,0,0,0,0,0,1,1
FG,National Fuel Gas Co,Energy,Oil & Gas Integrated,USA,7480000000.0,10.94,78.66,0.58%,576067.0,0,0,0,0,0,0,0,0,0,0,0,0,-1,0,0,0,0,0,0,0,1,0,0,1,0,0,0,0,2,1,3
FLP,Kurv Yield Premium Strategy Netflix (NFLX) ETF,Financial,Exchange Traded Fund,USA,,,16.26,-1.48%,1709.0,0,0,0,0,0,0,0,0,1,0,0,0,0,0,0,0,0,0,0,0,0,0,0,0,0,0,0,0,1,0,1
FLU,T-Rex 2X Long NFLX Daily Target ETF,Financial,Exchange Traded Fund,USA,,,14.86,-3.44%,128546.0,0,0,0,0,0,0,0,0,1,0,0,0,0,0,0,0,0,0,0,0,0,0,0,0,0,0,0,0,1,0,1
FLW,Roundhill NFLX WeeklyPay ETF,Financial,Exchange Traded Fund,USA,,,14.27,-2.23%,13240.0,0,0,0,0,0,0,0,0,1,0,0,0,0,0,0,0,0,0,0,0,0,0,0,0,0,0,0,0,1,0,1
FLX,Netflix Inc,Communication Services,Entertainment,USA,292720000000.0,22.15,70.3,-1.77%,29124319.0,0,0,0,0,0,0,0,0,1,0,0,0,0,0,0,0,0,0,0,0,0,0,0,0,0,0,0,0,1,0,1
FLY,YieldMax NFLX Option Income Strategy ETF,Financial,Exchange Traded Fund,USA,,,6.71,-1.47%,38684.0,0,0,0,0,0,0,0,0,1,0,0,0,0,0,0,0,0,0,0,0,0,0,0,0,0,0,0,0,1,0,1
FXL,Direxion Daily NFLX Bull 2X ETF,Financial,Exchange Traded Fund,USA,,,14.05,-3.57%,1656989.0,0,0,0,0,0,0,0,0,1,0,0,0,0,0,0,0,0,0,0,0,0,0,0,0,0,0,0,0,1,0,1
GG,National Grid Plc ADR,Utilities,Utilities - Regulated Electric,United Kingdom,76890000000.0,17.52,76.48,-0.82%,666779.0,0,0,0,-1,0,0,0,0,1,1,0,0,0,0,0,0,0,0,0,0,0,0,0,0,0,0,0,0,2,1,3
GS,Natural Gas Services Group Inc,Energy,Oil & Gas Equipment & Services,USA,426940000.0,20.6,33.1,-0.24%,68001.0,0,0,0,0,0,1,0,0,1,1,0,0,0,0,0,0,0,0,0,0,0,0,0,0,0,0,0,0,3,0,3
GVC,Natural Grocers by Vitamin Cottage Inc,Consumer Defensive,Grocery Stores,USA,684000000.0,14.49,29.68,-1.33%,84026.0,0,0,0,0,0,1,0,0,0,0,0,0,0,0,0,0,0,0,0,0,0,0,0,0,0,0,0,0,1,0,1
GVT,Ingevity Corp,Basic Materials,Specialty Chemicals,USA,2400000000.0,46.26,69.76,-2.31%,224043.0,0,0,0,0,0,0,0,0,0,0,1,1,0,0,0,0,0,0,0,0,0,0,-1,0,0,0,0,0,2,1,3
HC,National Healthcare Corp,Healthcare,Medical Care Facilities,USA,3560000000.0,25.52,227.11,0.86%,62909.0,0,0,0,0,0,0,0,0,0,0,0,0,0,0,0,0,0,1,0,0,0,0,0,0,0,0,0,0,1,0,1
HS,Neuberger High Yield Strategies Fund Inc,Financial,Closed-End Fund - Debt,USA,227700000.0,,5.44,0.37%,124716.0,0,0,0,0,0,0,0,0,0,0,0,0,0,0,0,0,0,0,0,-1,0,0,0,0,0,0,0,0,0,1,1
ICM,Nicola Mining Inc ADR,Basic Materials,Other Industrial Metals & Mining,Canada,107510000.0,,5.62,3.50%,1273.0,0,0,0,0,0,0,0,0,1,0,0,0,0,0,0,0,0,0,0,0,0,0,0,0,0,0,0,0,1,0,1
IE,Virtus Equity & Convertible Income Fund,Financial,Closed-End Fund - Equity,USA,706020000.0,,25.48,0.63%,106378.0,0,0,0,0,0,0,0,0,0,0,0,0,0,0,0,0,0,0,0,0,0,0,0,0,-1,0,0,0,0,1,1
IHI,NEOS MSCI EAFE High Income ETF,Financial,Exchange Traded Fund,USA,,,50.74,0.57%,55349.0,0,0,0,0,0,0,0,0,0,0,1,0,0,0,0,0,0,0,0,0,0,0,0,0,0,0,0,0,1,0,1
IKI,Niki BioSolutions Inc,Healthcare,Biotechnology,USA,12470000.0,,4.0,-7.41%,8516.0,0,0,0,0,0,0,0,0,0,0,0,0,-1,0,0,0,0,0,0,0,0,0,0,0,0,0,0,0,0,1,1
ITE,The Nightview Fund NITE,Financial,Exchange Traded Fund,USA,,,39.42,1.26%,162.0,0,0,0,0,0,0,0,0,0,0,1,0,0,0,0,0,0,0,0,0,0,0,-1,0,0,0,0,0,1,1,2
IU,Niu Technologies ADR,Consumer Cyclical,Auto Manufacturers,China,139540000.0,,1.97,4.79%,110359.0,0,0,0,0,0,0,0,0,1,0,0,0,0,0,0,0,0,0,0,0,0,0,0,0,0,0,0,0,1,0,1
JNK,Columbia U.S. High Yield ETF,Financial,Exchange Traded Fund,USA,,,19.4,0.18%,28082.0,0,0,0,-1,0,0,0,0,0,0,0,0,0,0,0,0,0,0,0,0,0,0,0,0,0,0,0,0,0,1,1
KTR,Nektar Therapeutics,Healthcare,Biotechnology,USA,1410000000.0,,41.17,0.91%,1174741.0,0,0,0,0,0,0,0,0,0,0,0,0,-1,0,0,0,0,0,0,0,0,0,0,0,0,0,0,0,0,1,1
KTX,Nkarta Inc,Healthcare,Biotechnology,USA,161160000.0,,2.25,1.35%,904871.0,0,0,0,0,0,1,0,0,0,0,0,0,0,0,0,0,0,0,0,0,0,0,0,0,0,0,0,0,1,0,1
MAX,Newsmax Inc,Communication Services,Broadcasting,USA,1340000000.0,,10.34,-0.19%,482965.0,0,1,0,0,0,0,0,0,0,0,0,0,0,0,0,0,0,0,0,0,0,0,0,0,0,0,0,0,1,0,1
MBL,NovaTide Flexible Allocation ETF,Financial,Exchange Traded Fund,USA,,,21.07,0.57%,2898.0,0,0,0,0,0,0,0,0,0,0,1,1,0,0,0,0,0,0,0,0,0,0,0,0,-1,0,0,0,2,1,3
ML,Neuberger Energy Infrastructure and Income Fund Inc,Financial,Closed-End Fund - Equity,USA,579620000.0,,10.23,0.00%,89014.0,0,0,0,-1,0,0,0,0,0,0,0,0,0,0,0,0,0,0,0,0,0,0,0,0,0,0,0,0,0,1,1
MP,NMP Acquisition Corp,Financial,Shell Companies,USA,166100000.0,50.88,10.43,0.00%,110.0,0,0,0,0,0,0,0,0,0,0,0,0,0,0,0,0,0,1,0,0,0,0,0,0,0,0,0,0,1,0,1
MRK,Newmark Group Inc,Real Estate,Real Estate Services,USA,2200000000.0,15.07,12.12,-3.19%,1548452.0,0,0,0,0,0,0,0,0,0,0,0,0,-1,-1,0,0,0,0,0,0,0,0,0,0,0,0,0,0,0,2,2
MTC,NeuroOne Medical Technologies Corp,Healthcare,Medical Devices,USA,10190000.0,,1.12,3.70%,80148.0,0,0,0,0,0,0,0,0,1,0,0,0,0,0,0,0,0,0,0,0,0,0,0,0,0,0,0,0,1,0,1
NBR,NN Inc,Industrials,Conglomerates,USA,370290000.0,,3.95,-1.50%,1704157.0,0,0,0,0,0,0,0,0,0,0,1,0,0,0,0,0,0,0,0,0,0,0,-1,0,0,0,0,0,1,1,2
NE,Nano Nuclear Energy Inc,Industrials,Specialty Industrial Machinery,USA,823730000.0,,15.34,0.52%,1587025.0,0,0,0,0,0,0,0,0,1,0,0,0,0,0,0,0,0,0,0,0,0,0,0,0,0,0,0,0,1,0,1
NOX,Nano X Imaging Ltd,Healthcare,Medical Devices,Israel,42260000.0,,0.54,-5.03%,549397.0,0,0,0,0,0,0,0,0,1,0,0,0,0,0,0,0,0,0,0,0,0,0,0,0,0,0,0,0,1,0,1
OAH,Noah Holdings Ltd ADR,Financial,Asset Management,China,509390000.0,6.24,7.57,-0.66%,70976.0,0,0,0,0,0,0,0,0,1,0,0,0,0,0,0,0,0,0,0,0,0,0,0,0,0,0,0,0,1,0,1
ODK,NI Holdings Inc,Financial,Insurance - Property & Casualty,USA,301790000.0,39.8,14.79,-0.67%,20034.0,0,0,0,0,0,0,0,0,1,0,0,0,0,0,0,0,0,0,0,0,0,0,0,0,0,0,0,0,1,0,1
OEQ,Northern Trust US Equity ETF,Financial,Exchange Traded Fund,USA,,,29.99,0.66%,13.0,0,0,0,0,0,0,0,0,0,0,1,0,0,0,0,0,0,0,0,0,0,0,0,0,-1,0,0,0,1,1,2
OMA,Nomadar Corp,Consumer Cyclical,Leisure,USA,27210000.0,,1.53,-2.55%,2289.0,0,1,0,0,0,0,0,0,0,0,0,0,0,0,0,0,0,0,0,0,0,0,0,0,0,0,0,0,1,0,1
OV,NOV Inc,Energy,Oil & Gas Equipment & Services,USA,6760000000.0,72.82,18.97,-0.11%,1936646.0,0,0,0,-1,0,0,0,-1,0,0,0,0,0,0,0,0,0,0,0,0,0,0,0,0,0,0,0,0,0,2,2
OVP,PGIM S&P 500 Buffer 12 ETF - November,Financial,Exchange Traded Fund,USA,,,34.03,0.61%,114.0,0,0,0,-1,0,0,0,-1,0,0,0,0,0,0,0,0,0,0,0,0,0,0,0,0,0,0,0,0,0,2,2
OVT,Novanta Inc,Technology,Scientific & Technical Instruments,USA,5340000000.0,90.3,141.28,3.63%,281862.0,0,0,0,0,0,0,0,0,1,0,0,0,0,0,0,0,0,0,0,0,0,0,-1,0,0,0,0,0,1,1,2
OWL,GraniteShares 2x Long NOW Daily ETF,Financial,Exchange Traded Fund,USA,,,7.73,1.31%,2954875.0,0,0,0,0,0,0,0,0,0,0,1,0,0,0,0,0,0,0,0,0,1,0,0,0,0,1,0,0,3,0,3
P,Neptune Insurance Holdings Inc,Financial,Insurance Brokers,USA,3940000000.0,125.28,28.74,1.05%,313914.0,0,0,0,0,0,0,0,0,0,0,0,0,0,0,0,0,0,0,0,0,0,0,0,0,-1,0,0,0,0,1,1
PCE,NeuroPace Inc,Healthcare,Medical Devices,USA,434890000.0,,12.67,2.26%,72637.0,0,0,0,0,0,0,0,0,0,0,0,0,-1,0,0,0,0,0,0,0,0,0,0,0,0,0,0,0,0,1,1
PFE,NPF Core Equity ETF,Financial,Exchange Traded Fund,USA,,,28.57,0.93%,2191.0,0,0,0,0,0,0,0,0,0,0,0,0,0,0,0,0,0,1,0,0,0,0,0,0,0,0,0,0,1,0,1
PK,National Presto Industries Inc,Industrials,Aerospace & Defense,USA,1080000000.0,25.31,151.59,-0.28%,77790.0,0,1,0,0,0,0,0,0,0,0,0,0,0,0,0,0,0,0,0,0,0,0,0,0,0,0,0,0,1,0,1
PO,Enpro Inc,Industrials,Specialty Industrial Machinery,USA,6590000000.0,151.91,311.45,1.23%,99065.0,0,0,0,0,0,0,0,0,1,0,0,0,0,0,0,0,0,0,0,0,0,0,0,0,0,0,0,0,1,0,1
PWR,NET Power Inc,Industrials,Specialty Industrial Machinery,USA,276570000.0,,1.23,-0.81%,347901.0,0,0,0,0,0,0,0,0,1,0,0,0,0,0,0,0,0,0,0,0,0,0,0,0,0,0,0,0,1,0,1
QLT,Neuberger Quality Select ETF,Financial,Exchange Traded Fund,USA,,,25.68,0.72%,8.0,0,0,0,0,0,0,0,0,0,0,0,0,0,0,0,1,0,0,0,0,0,0,0,0,0,0,0,0,1,0,1
RC,NRC Health,Healthcare,Health Information Services,USA,449690000.0,81.84,20.33,-0.44%,52563.0,0,1,0,-1,0,0,0,0,0,0,1,0,0,0,0,0,0,0,0,0,0,0,0,0,0,0,0,0,2,1,3
RDY,Nerdy Inc,Technology,Software - Application,USA,83800000.0,,6.56,-3.39%,10756.0,0,1,0,0,0,0,0,0,0,0,0,0,0,0,0,0,0,0,0,0,0,0,0,0,0,0,0,0,1,0,1
RG,NRG Energy Inc,Utilities,Utilities - Independent Power Producers,USA,22700000000.0,28.56,107.97,1.55%,2278532.0,0,1,0,0,0,0,0,0,1,1,0,0,0,0,0,0,0,0,0,0,0,0,0,0,0,0,0,0,3,0,3
RGV,Energy Vault Holdings Inc,Utilities,Utilities - Renewable,USA,590980000.0,,3.25,-1.81%,2980383.0,0,0,0,0,0,0,0,0,1,0,0,0,0,0,0,0,0,0,0,0,0,0,0,0,0,0,0,0,1,0,1
RSH,Aztlan North America Nearshoring Stock Selection ETF,Financial,Exchange Traded Fund,USA,,,31.43,2.21%,1816.0,0,0,0,0,0,0,0,0,0,0,0,0,-1,-1,0,0,0,0,0,0,0,0,0,0,0,0,0,0,0,2,2
RSN,NeuroSense Therapeutics Ltd,Healthcare,Biotechnology,Israel,6940000.0,,3.66,2.23%,15607.0,0,0,0,0,0,1,0,0,1,0,0,0,0,0,0,0,0,0,0,0,0,0,0,0,0,0,0,0,2,0,2
RXP,NRX Pharmaceuticals Inc,Healthcare,Biotechnology,USA,123390000.0,,2.85,-1.38%,289405.0,0,0,0,0,0,0,0,0,1,0,0,0,0,0,0,0,0,0,0,0,0,0,0,0,0,0,0,0,1,0,1
SCI,Nuveen Securitized Income ETF,Financial,Exchange Traded Fund,USA,,,24.86,-0.02%,77395.0,0,1,0,0,0,0,0,0,0,0,0,0,0,0,0,0,0,0,0,0,0,0,0,0,0,0,0,0,1,0,1
SRX,Nasus Pharma Ltd,Healthcare,Drug Manufacturers - General,Israel,41100000.0,,3.51,-3.31%,16926.0,0,0,0,0,0,0,0,0,0,0,1,0,0,0,0,0,0,0,0,0,0,0,0,0,0,0,0,0,1,0,1
TB,Bank of N T Butterfield & Son Ltd,Financial,Banks - Diversified,Bermuda,2260000000.0,10.12,57.5,-0.61%,74477.0,0,0,0,0,0,0,0,0,1,0,0,0,0,0,0,0,0,0,0,0,0,0,0,0,0,0,0,0,1,0,1
TCL,NetClass Technology Inc,Technology,Software - Application,Singapore,3180000.0,,1.5,-16.43%,18925731.0,0,1,0,0,0,0,0,0,0,0,0,0,0,0,0,0,0,0,0,0,0,0,0,0,0,0,0,0,1,0,1
TGR,Netgear Inc,Technology,Communication Equipment,USA,641420000.0,,23.6,1.72%,253449.0,0,0,0,0,0,0,0,0,1,0,0,0,0,0,0,0,0,0,0,0,0,0,0,0,0,0,0,0,1,0,1
THI,NeOnc Technologies Holdings Inc,Healthcare,Biotechnology,USA,80080000.0,,2.78,9.88%,165851.0,0,0,0,0,0,0,0,0,1,0,0,0,0,0,0,0,0,0,0,0,0,0,0,0,0,0,0,0,1,0,1
TIP,Network-1 Technologies Inc,Industrials,Specialty Business Services,USA,35900000.0,,1.57,0.64%,14085.0,0,0,0,0,0,1,0,0,0,0,0,0,0,0,0,1,0,0,0,0,0,0,0,0,0,0,0,0,2,0,2
TR,Nutrien Ltd,Basic Materials,Agricultural Inputs,Canada,32130000000.000004,13.67,67.48,-3.42%,4554797.0,0,0,0,0,0,0,0,0,0,0,0,0,-1,0,0,0,0,0,0,0,0,0,0,0,0,0,0,0,0,1,1
TRS,Northern Trust Corp,Financial,Asset Management,USA,30770000000.0,14.44,168.21,-0.17%,1024937.0,0,0,0,0,0,0,0,0,0,0,0,0,0,0,0,0,0,0,0,0,0,0,0,0,-1,0,0,0,0,1,1
TSD,WisdomTree Efficient U.S. Plus International Equity Fund,Financial,Exchange Traded Fund,USA,,,47.64,0.95%,15579.0,0,1,0,0,0,0,0,0,0,0,0,0,0,0,0,0,0,1,0,0,0,0,0,0,0,0,0,0,2,0,2
U,Nu Holdings Ltd,Financial,Banks - Regional,Brazil,77870000000.0,21.94,16.12,4.81%,76041458.0,0,0,0,0,0,0,0,0,0,0,1,0,0,0,0,0,0,0,0,0,0,0,0,0,0,0,0,0,1,0,1
UAI,New Era Energy & Digital Inc,Technology,Software - Infrastructure,USA,500290000.0,,4.7,-2.80%,10568406.0,0,0,0,0,0,0,0,0,0,0,1,0,0,0,0,0,0,0,0,0,0,0,0,0,0,0,0,0,1,0,1
UE,Nucor Corp,Basic Materials,Steel,USA,56790000000.0,19.97,250.33,1.70%,1031076.0,0,0,0,0,0,0,0,0,0,0,1,0,0,0,0,0,0,0,0,0,0,0,0,0,-1,0,0,0,1,1,2
UEM,Nuveen ESG Emerging Markets Equity ETF,Financial,Exchange Traded Fund,USA,,,42.33,0.92%,19186.0,0,0,0,0,0,0,0,0,0,0,1,0,0,0,0,0,0,0,0,0,0,0,0,0,-1,0,0,0,1,1,2
UG,Leverage Shares 2X Long NU Daily ETF,Financial,Exchange Traded Fund,USA,,,11.67,9.30%,30923.0,0,0,0,0,0,0,0,0,0,0,0,0,-1,0,0,0,0,0,0,0,0,0,0,0,0,1,0,0,1,1,2
UGO,Nuveen Growth Opportunities ETF,Financial,Exchange Traded Fund,USA,,,45.12,1.02%,2473.0,0,0,0,0,0,0,0,0,0,0,1,1,0,0,0,0,0,0,0,0,0,0,0,0,0,0,0,0,2,0,2
UHY,Nuveen ESG High Yield Corporate Bond ETF,Financial,Exchange Traded Fund,USA,,,20.46,0.07%,13522.0,0,0,0,-1,0,0,0,0,0,0,0,0,0,0,0,0,0,0,0,0,0,0,0,0,0,0,0,0,0,1,1
UKX,Nicholas Nuclear Income ETF,Financial,Exchange Traded Fund,USA,,,31.92,1.24%,3598.0,0,0,0,0,0,0,0,0,1,0,0,0,0,0,0,0,0,0,0,0,0,0,0,0,0,0,0,0,1,0,1
UKZ,Range Nuclear Renaissance Index ETF,Financial,Exchange Traded Fund,USA,,,61.26,0.92%,33293.0,0,0,0,0,0,0,0,0,1,0,0,0,0,0,0,0,0,0,0,0,0,0,0,0,0,0,0,0,1,0,1
ULC,Nuveen ESG Large-Cap ETF,Financial,Exchange Traded Fund,USA,,,56.66,0.68%,148.0,0,0,0,0,0,0,0,0,0,0,1,0,0,0,0,0,0,0,0,0,0,0,-1,0,0,0,0,0,1,1,2
ULG,Nuveen ESG Large-Cap Growth ETF,Financial,Exchange Traded Fund,USA,,,115.42,0.59%,40794.0,0,0,0,0,0,0,0,0,0,0,1,0,0,0,0,0,0,0,0,0,0,0,0,0,0,0,0,0,1,0,1
USB,Nuveen Ultra Short Income ETF,Financial,Exchange Traded Fund,USA,,,25.17,0.02%,10624.0,0,0,0,-1,0,0,0,0,0,0,0,0,0,0,0,0,0,0,0,0,0,0,0,0,0,0,0,0,0,1,1
VBT,AllianzIM U.S. Equity Buffer10 Nov ETF,Financial,Exchange Traded Fund,USA,,,41.4,0.59%,783.0,0,0,0,0,0,0,0,-1,0,0,0,0,0,0,0,0,0,0,0,0,0,0,0,0,0,0,0,0,0,1,1
VBW,AllianzIM U.S. Equity Buffer20 Nov ETF,Financial,Exchange Traded Fund,USA,,,36.88,0.26%,1559.0,0,0,0,0,0,0,0,-1,0,0,0,0,0,0,0,0,0,1,0,0,0,0,0,0,0,0,0,0,1,1,2
VDD,Direxion Daily NVDA Bear 1X ETF,Financial,Exchange Traded Fund,USA,,,28.65,0.53%,155314.0,0,0,0,0,0,0,0,0,0,0,0,0,0,0,0,0,0,0,0,0,1,0,0,0,0,0,0,0,1,0,1
VDQ,T-Rex 2X Inverse NVIDIA Daily Target ETF,Financial,Exchange Traded Fund,USA,,,8.06,1.26%,4614465.0,0,0,0,0,0,0,0,0,1,0,0,0,0,0,0,0,0,0,0,0,0,0,0,0,0,0,0,0,1,0,1
VDY,YieldMax NVDA Option Income Strategy ETF,Financial,Exchange Traded Fund,USA,,,12.57,-0.40%,1606692.0,0,0,0,0,0,0,0,0,1,0,0,0,0,0,0,0,0,0,0,0,0,0,0,0,0,0,0,0,1,0,1
VIR,Horizon Kinetics Energy and Remediation ETF,Financial,Exchange Traded Fund,USA,,,39.65,0.86%,29.0,0,1,0,-1,0,0,0,0,0,0,0,0,0,0,0,0,0,0,0,0,1,0,0,0,0,0,0,0,2,1,3
VMI,Nova Ltd,Technology,Semiconductor Equipment & Materials,Israel,11230000000.0,44.01,353.0,-0.45%,184380.0,0,0,0,0,0,0,0,0,1,0,0,0,0,0,0,0,0,0,0,0,0,0,0,0,0,0,0,0,1,0,1
VO,Novo Nordisk ADR,Healthcare,Drug Manufacturers - General,Denmark,129280000000.0,9.44,38.64,1.20%,9645398.0,0,0,0,0,0,0,0,0,0,0,1,0,0,0,0,0,0,0,0,0,0,0,0,0,0,0,0,0,1,0,1
VOH,Novo Nordisk A/S (B Shares) ADRhedged,Financial,Exchange Traded Fund,USA,,,21.79,0.54%,65.0,0,0,0,0,0,0,0,0,0,0,0,0,-1,0,0,0,0,0,0,0,0,0,0,0,0,0,0,0,0,1,1
VOX,Defiance Daily Target 2X Long NVO ETF,Financial,Exchange Traded Fund,USA,,,9.7,2.21%,445986.0,0,0,0,0,0,0,0,0,0,0,1,0,0,0,0,0,0,0,0,0,0,0,0,0,0,0,0,0,1,0,1
VRI,Enviri Corp,Industrials,Waste Management,USA,556750000.0,,19.75,-0.20%,185691.0,0,0,0,0,0,0,0,0,1,0,0,0,0,0,0,0,0,0,0,0,0,0,0,0,0,0,0,0,1,0,1
VT,nVent Electric plc,Industrials,Electrical Equipment & Parts,United Kingdom,27100000000.0,46.25,167.43,1.97%,1663652.0,0,0,0,0,0,0,0,0,0,0,0,0,0,0,0,1,0,0,0,0,0,0,0,0,0,0,0,0,1,0,1
WE,NorthWestern Energy Group Inc,Utilities,Utilities - Regulated Electric,USA,4560000000.0,26.68,74.15,-0.64%,568649.0,0,0,0,0,0,0,0,0,0,0,1,1,0,0,0,0,0,0,0,0,0,0,0,0,0,0,0,0,2,0,2
WG,NatWest Group Plc ADR,Financial,Banks - Regional,United Kingdom,67860000000.0,8.56,17.13,-0.12%,3648642.0,0,0,0,0,0,0,0,0,0,0,1,0,0,0,0,0,0,0,0,0,0,0,0,0,0,0,0,0,1,0,1
WN,Northwest Natural Holding Co,Utilities,Utilities - Regulated Gas,USA,2009999999.9999998,15.87,47.73,-0.15%,192620.0,0,0,0,0,0,0,0,0,1,1,0,0,0,0,0,0,0,0,0,0,0,0,0,0,0,0,0,0,2,0,2
XB,NextBoat Inc,Consumer Cyclical,Auto & Truck Dealerships,USA,50290000.0,,2.0,-0.50%,13132.0,0,0,0,0,0,0,0,0,0,0,0,0,-1,0,0,0,0,0,0,0,0,0,0,0,0,0,0,0,0,1,1
XG,NXG NextGen Infrastructure Income Fund,Financial,Closed-End Fund - Equity,USA,415070000.0,,56.61,1.04%,26477.0,0,0,0,0,0,0,0,0,0,0,0,0,-1,0,0,0,0,0,0,0,0,0,0,0,0,0,0,0,0,1,1
XGL,Nexgel Inc,Healthcare,Medical Instruments & Supplies,USA,2470000.0,,0.2,33.53%,10495549.0,0,0,0,0,0,0,0,0,0,0,0,0,0,0,0,0,0,0,0,-1,0,0,0,0,0,0,0,0,0,1,1
XL,Nexalin Technology Inc,Healthcare,Medical Devices,USA,3010000.0,,3.63,-11.68%,68286.0,0,0,0,0,0,1,0,0,1,0,0,0,0,0,0,0,0,0,0,0,0,0,0,0,0,0,0,0,2,0,2
XP,Nuveen Select Tax-Free Income Portfolio,Financial,Closed-End Fund - Debt,USA,826770000.0,,13.12,0.77%,317972.0,0,0,0,0,0,0,0,0,0,0,0,0,0,0,0,0,0,0,0,0,0,0,0,0,-1,0,0,0,0,1,1
XST,Nexstar Media Group Inc,Communication Services,Broadcasting,USA,4970000000.0,30.81,161.45,-0.41%,301029.0,0,0,0,0,0,0,0,0,0,0,0,0,-1,0,0,0,0,0,0,0,0,0,0,1,0,0,0,0,1,1,2
YT,New York Times Co,Communication Services,Publishing,USA,10700000000.0,27.68,66.32,-0.42%,1882512.0,0,0,0,0,0,0,0,0,0,0,0,0,-1,0,0,0,0,0,0,0,0,0,0,0,0,0,0,0,0,1,1
YXH,Nyxoah SA,Healthcare,Medical Devices,Belgium,138500000.0,,1.36,0.74%,36133.0,0,0,0,0,0,0,0,0,0,0,0,0,0,0,0,0,0,0,0,0,1,0,0,0,0,1,0,0,2,0,2
YYY,xETFs NVDA Daily Income ETF,Financial,Exchange Traded Fund,USA,,,45.29,-0.40%,461.0,0,0,0,0,0,0,0,-1,0,0,0,0,0,0,0,0,0,0,0,0,0,0,0,0,0,0,0,0,0,1,1
,Realty Income Corp,Real Estate,REIT - Retail,USA,51270000000.0,39.63,54.18,0.02%,4969003.0,0,1,0,0,0,0,0,0,0,0,0,0,0,0,0,0,0,0,0,0,0,0,0,0,0,0,0,0,1,0,1
ABI,OmniAb Inc,Healthcare,Biotechnology,USA,696420000.0,,4.79,2.79%,1039170.0,0,0,0,0,0,0,0,0,0,0,1,0,0,0,0,0,0,0,0,0,0,0,-1,0,0,0,0,0,1,1,2
AIM,OneAscent International Equity ETF,Financial,Exchange Traded Fund,USA,,,47.03,0.47%,30507.0,0,0,0,0,0,0,0,0,0,0,1,0,0,0,0,0,0,0,0,0,0,0,-1,0,0,0,0,0,1,1,2
ASC,OneAscent Enhanced Small and Mid Cap ETF,Financial,Exchange Traded Fund,USA,,,34.55,0.85%,46894.0,0,0,0,0,0,0,0,0,0,0,0,0,0,0,0,1,0,0,0,0,0,0,0,0,0,0,0,0,1,0,1
BDC,Blue Owl Capital Corp,Financial,Asset Management,USA,4990000000.0,17.76,10.11,-0.59%,2711661.0,0,0,0,0,0,0,0,0,0,0,0,0,0,0,0,0,0,0,0,0,1,0,0,0,0,0,0,0,1,0,1
BIL,F/m US Treasury 12 Month Bill ETF,Financial,Exchange Traded Fund,USA,,,49.92,0.03%,27103.0,0,1,0,0,0,0,0,0,0,0,0,0,0,0,0,0,0,0,0,0,0,0,0,0,0,0,0,0,1,0,1
BK,Origin Bancorp Inc,Financial,Banks - Regional,USA,1590000000.0,16.13,51.56,-1.73%,167408.0,0,0,0,0,0,0,0,0,0,0,0,0,0,0,0,0,0,0,0,0,1,0,-1,0,0,0,0,0,1,1,2
BND,State Street Loomis Sayles Opportunistic Bond ETF,Financial,Exchange Traded Fund,USA,,,24.74,0.06%,166.0,0,0,0,-1,0,0,0,0,0,0,0,0,-1,-1,0,0,0,0,0,-1,0,0,0,0,0,0,0,0,0,4,4
C,Owens Corning,Industrials,Building Products & Equipment,USA,9020000000.0,,114.16,-2.59%,1002972.0,0,0,0,0,0,0,0,0,0,0,0,0,0,0,0,0,0,0,0,0,0,0,-1,0,0,0,0,0,0,1,1
CC,Optical Cable Corp,Technology,Communication Equipment,USA,139710000.0,54.67,15.8,0.57%,114030.0,0,1,0,0,0,0,0,0,0,0,0,0,-1,0,0,0,0,0,0,0,0,0,0,0,0,0,0,0,1,1,2
CCI,OFS Credit Company Inc,Financial,Closed-End Fund - Debt,USA,61890000.0,,2.08,0.97%,82508.0,0,0,0,0,0,0,0,0,1,0,0,0,0,0,0,0,0,0,0,0,0,0,0,0,0,0,0,0,1,0,1
CGN,Ocugen Inc,Healthcare,Biotechnology,USA,324020000.0,,0.96,-2.24%,13335901.0,0,0,0,0,0,0,0,0,1,0,0,0,0,0,0,0,0,0,0,0,0,0,0,0,0,0,0,0,1,0,1
CIO,ClearShares OCIO ETF,Financial,Exchange Traded Fund,USA,,,38.17,0.53%,444.0,0,0,0,0,0,0,0,0,0,0,0,0,0,0,0,1,0,0,0,0,0,0,0,0,0,0,0,0,1,0,1
CSL,Oaktree Specialty Lending Corp,Financial,Asset Management,USA,1020000000.0,24.19,11.6,-1.61%,394774.0,0,0,0,0,0,0,0,-1,0,0,0,0,0,0,0,0,0,0,0,0,0,0,0,0,0,0,0,0,0,1,1
CTJ,Innovator Premium Income 30 Barrier ETF - October,Financial,Exchange Traded Fund,USA,,,23.94,0.02%,346.0,0,0,0,-1,0,0,0,-1,0,0,0,0,0,0,0,0,0,0,0,0,0,0,0,0,0,0,0,0,0,2,2
CTM,FT Vest U.S. Equity Max Buffer ETF - October,Financial,Exchange Traded Fund,USA,,,34.26,-0.01%,7081.0,0,0,0,-1,0,0,0,0,0,0,0,0,0,0,0,0,0,0,0,0,0,0,0,0,0,0,0,0,0,1,1
CTP,PGIM S&P 500 Buffer 12 ETF - October,Financial,Exchange Traded Fund,USA,,,33.93,0.43%,11214.0,0,0,0,0,0,0,0,-1,0,0,0,0,0,0,0,0,0,0,0,0,0,0,0,0,0,0,0,0,0,1,1
CTV,Octave Intelligence Plc,Technology,Software - Application,USA,5510000000.0,,20.52,2.40%,1052287.0,0,0,0,0,0,0,0,0,0,0,0,0,0,0,0,0,0,1,0,0,0,0,0,0,0,0,0,0,1,0,1
DC,Oil-Dri Corp Of America,Basic Materials,Specialty Chemicals,USA,1150000000.0,21.61,85.98,1.91%,271369.0,0,0,0,0,0,0,0,0,1,0,0,0,0,0,0,0,0,0,0,0,0,0,0,0,0,0,0,0,1,0,1
DDS,Pacer BlueStar Digital Entertainment ETF,Financial,Exchange Traded Fund,USA,,,24.0,1.78%,179.0,0,1,0,0,0,0,0,0,0,0,1,0,0,0,0,0,0,0,0,0,0,0,0,0,0,0,0,0,2,0,2
DTE,VegaShares SPX NDX RTY Premium Income ETF,Financial,Exchange Traded Fund,USA,,,25.06,0.50%,1533.0,0,0,0,0,0,0,0,0,1,0,0,0,0,0,0,0,0,0,0,0,0,0,0,0,0,0,0,0,1,0,1
EI,Optimized Equity Income ETF,Financial,Exchange Traded Fund,USA,,,26.49,0.65%,19952.0,0,1,0,0,0,0,0,0,0,0,0,0,0,0,0,0,0,0,0,0,0,0,0,0,0,0,0,0,1,0,1
FIX,Orthofix Medical Inc,Healthcare,Medical Devices,USA,373510000.0,,9.17,1.89%,314178.0,0,0,0,0,0,0,0,0,1,0,0,0,0,0,0,0,0,0,0,0,0,0,0,0,0,0,0,0,1,0,1
FLX,Omega Flex Inc,Industrials,Specialty Industrial Machinery,USA,265690000.0,22.41,26.32,0.27%,41015.0,0,0,0,0,0,0,0,0,1,0,0,0,0,0,0,0,0,0,0,0,0,0,0,0,0,0,0,0,1,0,1
FS,OFS Capital Corp,Financial,Asset Management,USA,55070000.0,,4.11,-3.75%,76423.0,0,0,0,0,0,0,0,0,0,0,0,0,0,0,0,1,0,0,0,0,0,0,0,0,0,0,0,0,1,0,1
GE,Oge Energy Corp,Utilities,Utilities - Regulated Electric,USA,9610000000.0,20.37,46.5,0.85%,1563286.0,0,1,0,0,0,1,0,0,1,0,0,0,0,0,0,0,0,0,0,0,0,0,-1,0,0,0,0,0,3,1,4
GS,ONE Gas Inc,Utilities,Utilities - Regulated Gas,USA,4560000000.0,15.64,72.5,0.19%,668364.0,0,0,0,0,0,0,0,0,1,0,0,0,0,0,0,0,0,0,0,0,0,0,0,0,0,0,0,0,1,0,1
GSP,Obra High Grade Structured Products ETF,Financial,Exchange Traded Fund,USA,,,9.93,0.01%,7.0,0,0,0,-1,0,0,0,0,0,0,0,0,0,0,0,0,0,0,0,0,0,0,0,0,0,0,0,0,0,1,1
HAC,Oceanhawk Acquisition Corp,Financial,Shell Companies,USA,250590000.0,,10.0,0.10%,6.0,0,0,0,0,0,0,0,-1,0,0,0,0,0,0,0,0,0,0,0,0,0,0,0,0,0,0,0,0,0,1,1
I,O-I Glass Inc,Consumer Cyclical,Packaging & Containers,USA,934250000.0,,6.08,-1.46%,2673844.0,0,0,0,0,0,0,0,0,1,1,0,0,0,0,0,0,0,0,0,0,0,0,0,0,0,0,0,0,2,0,2
IA,Invesco Municipal Income Opportunities Trust,Financial,Closed-End Fund - Debt,USA,274650000.0,,5.73,0.00%,200907.0,0,0,0,0,0,0,0,0,1,0,0,0,0,0,0,0,0,0,0,0,0,0,0,0,0,0,0,0,1,0,1
II,Oceaneering International Inc,Energy,Oil & Gas Equipment & Services,USA,4460000000.0,12.9,44.81,0.52%,330896.0,0,0,0,0,0,0,0,0,1,0,0,0,0,0,0,0,0,0,0,0,0,0,0,0,0,0,0,0,1,0,1
ILD,MicroSectors Oil & Gas E&P -3X ETN,Financial,Exchange Traded Fund,USA,,,27.1,0.52%,169607.0,0,0,0,0,0,0,0,0,1,0,0,0,0,0,0,0,0,0,0,0,0,0,0,0,0,0,0,0,1,0,1
ILK,ProShares K-1 Free Crude Oil ETF,Financial,Exchange Traded Fund,USA,,,57.18,-0.23%,28761.0,0,0,0,0,0,0,0,0,0,0,0,0,0,0,0,0,0,0,0,0,0,0,0,0,0,0,-1,0,0,1,1
ILU,MicroSectors Oil & Gas E&P 3X ETN,Financial,Exchange Traded Fund,USA,,,53.01,-0.30%,70156.0,0,0,0,0,0,0,0,0,0,0,1,0,0,0,0,0,0,0,0,0,0,0,0,0,0,0,0,0,1,0,1
IM,OneIM Acquisition Corp,Financial,Shell Companies,USA,366800000.0,87.35,10.15,0.40%,206.0,0,0,0,0,0,0,0,0,0,0,0,0,-1,0,0,0,0,0,0,0,0,0,0,0,0,0,0,0,0,1,1
KE,Oneok Inc,Energy,Oil & Gas Midstream,USA,56610000000.0,15.51,89.8,-0.54%,1787352.0,0,0,0,-1,0,1,0,0,0,0,0,0,0,0,0,0,0,1,0,0,0,0,0,0,0,0,0,0,2,1,3
KLC,Corgi OKLO 2x Daily ETF,Financial,Exchange Traded Fund,USA,,,8.94,0.13%,2241.0,0,0,0,0,0,0,0,0,1,0,0,0,0,0,0,0,0,0,0,0,0,0,0,0,0,0,0,0,1,0,1
KYO,OKYO Pharma Limited,Healthcare,Biotechnology,United Kingdom,74520000.0,,1.42,2.16%,115549.0,0,0,0,0,0,0,0,0,0,0,0,0,-1,0,0,0,0,0,0,0,1,0,0,0,0,0,0,0,1,1,2
LED,Universal Display Corp,Technology,Electronic Components,USA,3450000000.0,18.14,74.96,2.83%,765089.0,0,0,0,0,0,0,0,0,1,1,0,0,0,0,0,0,0,0,0,-1,0,0,0,0,0,0,0,0,2,1,3
LLI,Ollies Bargain Outlet Holdings Inc,Consumer Defensive,Discount Stores,USA,5070000000.0,19.07,85.33,-1.59%,1426527.0,0,0,0,0,0,0,0,0,0,0,0,0,0,0,0,0,0,0,0,0,0,0,0,0,0,0,0,1,1,0,1
LP,One Liberty Properties Inc,Real Estate,REIT - Diversified,USA,479280000.0,13.94,21.96,-0.23%,45912.0,0,0,0,0,0,0,0,0,1,0,0,0,0,0,0,0,0,0,0,0,0,0,0,0,0,0,0,0,1,0,1
M,Outset Medical Inc,Healthcare,Medical Devices,USA,76040000.0,,4.05,-0.98%,73221.0,0,0,0,0,0,0,0,0,0,0,0,0,-1,0,0,0,0,0,0,0,0,0,0,0,0,0,0,0,0,1,1
MAB,Grupo Aeroportuario del Centro Norte SAB de C.V ADR,Industrials,Airports & Air Services,Mexico,3800000000.0,14.44,90.28,-0.17%,250104.0,0,0,0,0,0,0,0,0,0,0,0,0,-1,0,0,0,0,0,0,0,0,0,0,0,0,0,0,0,0,1,1
MCL,Omnicell Inc,Healthcare,Health Information Services,USA,1630000000.0,42.36,35.82,2.84%,303072.0,0,0,0,0,0,0,0,0,0,0,0,0,-1,0,0,0,0,0,0,0,0,0,0,0,0,0,0,0,0,1,1
MSE,OMS Energy Technologies Inc,Energy,Oil & Gas Equipment & Services,Singapore,187620000.0,5.83,4.42,2.31%,10095.0,0,0,0,0,0,0,0,0,0,0,0,0,0,0,0,0,0,0,0,-1,0,0,0,0,0,0,0,0,0,1,1
NCY,Oncolytics Biotech Inc,Healthcare,Biotechnology,USA,71030000.0,,0.56,2.31%,1461368.0,0,1,0,0,0,1,0,0,0,0,0,0,-1,-1,0,0,0,0,0,0,0,0,0,0,0,0,0,0,2,2,4
ND,ProShares On-Demand ETF,Financial,Exchange Traded Fund,USA,,,33.27,1.36%,386.0,0,1,0,0,0,0,0,0,0,0,1,1,0,0,0,0,0,0,0,0,0,0,0,0,0,0,0,0,3,0,3
NDS,Ondas Inc,Technology,Communication Equipment,USA,3920000000.0,75.28,6.73,-1.75%,37127866.0,0,0,0,0,0,0,0,0,1,0,0,0,0,0,0,0,0,0,0,0,0,0,0,0,0,0,0,0,1,0,1
NDU,Tradr 2X Long ONDS Daily ETF,Financial,Exchange Traded Fund,USA,,,11.41,-4.69%,11881.0,0,1,0,0,0,0,0,0,0,0,0,0,0,0,0,0,0,0,0,0,0,0,0,0,0,0,0,0,1,0,1
NIT,Onity Group Inc,Financial,Mortgage Finance,USA,222230000.0,1.68,26.6,-3.06%,112401.0,0,0,0,0,0,0,0,0,1,0,0,0,0,0,0,0,0,0,0,0,0,0,0,0,0,0,0,0,1,0,1
NLN,ProShares Online Retail ETF,Financial,Exchange Traded Fund,USA,,,57.29,2.36%,3178.0,0,0,0,0,0,0,0,0,0,0,1,0,0,0,0,0,0,0,0,0,0,0,0,0,0,0,0,0,1,0,1
NMD,OneMedNet Corp,Healthcare,Health Information Services,USA,25850000.0,,4.3,-10.79%,24924.0,0,1,0,0,0,0,0,0,0,0,0,0,-1,0,0,0,0,0,0,0,0,0,0,0,0,0,0,0,1,1,2
NOF,Global X Adaptive U.S. Risk Management ETF,Financial,Exchange Traded Fund,USA,,,41.69,0.67%,2419.0,0,0,0,0,0,0,0,-1,0,0,0,0,0,0,0,0,0,0,0,0,0,0,0,0,0,0,0,0,0,1,1
NT,Onterris Inc,Industrials,Waste Management,USA,484970000.0,,13.81,0.73%,870198.0,0,0,0,0,0,0,0,0,1,0,0,0,0,0,0,0,0,0,0,0,0,0,0,0,0,0,0,0,1,0,1
NTO,Onto Innovation Inc,Technology,Semiconductor Equipment & Materials,USA,14450000000.0,110.23,294.53,0.64%,567221.0,0,0,0,0,0,0,0,0,0,0,0,0,0,0,0,1,0,0,0,0,0,0,0,0,0,0,0,0,1,0,1
OMA,Ooma Inc,Technology,Software - Application,USA,553100000.0,51.7,20.04,-0.30%,291566.0,0,0,0,0,0,0,0,-1,0,0,0,0,0,0,0,0,0,0,0,0,0,0,0,0,0,0,0,0,0,1,1
PEG,Leverage Shares 2X Long OPEN Daily ETF,Financial,Exchange Traded Fund,USA,,,0.84,-7.70%,74429.0,0,0,0,0,0,0,0,0,0,0,0,0,0,0,0,0,0,0,0,-1,0,0,0,0,0,0,0,0,0,1,1
PEN,Opendoor Technologies Inc,Real Estate,Real Estate Services,USA,2160000000.0,,2.22,-3.06%,30724731.0,0,1,0,0,0,0,0,0,0,0,0,0,0,0,0,0,0,0,0,0,0,0,0,0,0,0,0,0,1,0,1
PER,ClearShares Ultra-Short Maturity ETF,Financial,Exchange Traded Fund,USA,,,100.17,0.02%,2989.0,0,1,0,0,0,1,0,0,0,0,0,0,0,0,0,0,0,0,0,0,0,0,0,0,0,0,0,0,2,0,2
PEX,Tradr 2X Long OPEN Daily ETF,Financial,Exchange Traded Fund,USA,,,3.29,-5.19%,65547.0,0,0,0,0,0,0,0,0,0,0,0,0,0,0,0,0,0,0,0,-1,0,0,0,0,0,0,0,0,0,1,1
PI,Office Properties Income Trust,Real Estate,REIT - Office,USA,340720000.0,,15.52,3.05%,52799.0,0,0,0,0,0,0,0,0,1,0,0,0,0,0,0,0,0,0,0,0,0,0,0,0,0,0,0,0,1,0,1
PLN,Openlane Inc,Consumer Cyclical,Auto & Truck Dealerships,USA,4510000000.0,,36.71,2.89%,1276924.0,0,0,0,0,0,0,0,0,0,0,0,0,0,0,0,0,0,0,0,0,0,0,-1,0,0,0,0,0,0,1,1
PPE,WisdomTree European Opportunities Fund,Financial,Exchange Traded Fund,USA,,,57.45,1.03%,32743.0,0,0,0,-1,0,0,0,-1,0,0,0,0,0,0,0,0,0,0,0,0,0,0,0,0,0,0,0,0,0,2,2
PPJ,WisdomTree Trust WisdomTree Japan Opportunities Fund,Financial,Exchange Traded Fund,USA,,,59.13,0.63%,22836.0,0,0,0,0,0,0,0,0,0,0,1,0,0,0,0,0,0,0,0,0,0,0,0,0,-1,0,0,0,1,1,2
PTU,Optimum Communications Inc,Communication Services,Telecom Services,USA,354540000.0,,0.93,-5.81%,1553864.0,0,0,0,0,0,0,0,0,0,0,1,0,0,0,0,0,0,0,0,0,0,0,0,0,0,0,0,0,1,0,1
PTZ,Optimize Strategy Index ETF,Financial,Exchange Traded Fund,USA,,,46.04,0.66%,438.0,0,0,0,0,0,0,0,0,0,0,0,0,0,0,0,1,0,0,0,0,0,0,0,0,0,0,0,0,1,0,1
PXS,Optex Systems Holdings Inc,Industrials,Aerospace & Defense,USA,70370000.0,18.02,10.11,1.10%,4847.0,0,0,0,0,0,0,0,0,1,0,0,0,0,0,0,0,0,0,0,0,0,0,0,0,0,0,0,0,1,0,1
RA,Ormat Technologies Inc,Utilities,Utilities - Renewable,USA,5470000000.0,43.56,88.92,0.32%,536570.0,0,0,0,0,0,0,0,0,1,1,0,0,0,0,0,0,0,0,0,0,0,0,0,0,0,0,0,0,2,0,2
RBS,Eightco Holdings Inc,Consumer Cyclical,Packaging & Containers,USA,361010000.0,,0.84,-7.98%,27516905.0,0,1,0,0,0,0,0,0,0,0,0,0,0,0,0,0,0,0,0,0,0,0,0,0,0,0,0,0,1,0,1
RC,Orchid Island Capital Inc,Real Estate,REIT - Mortgage,USA,1000000000.0,3.41,5.08,1.20%,5207157.0,0,0,0,0,0,0,0,0,1,0,0,0,0,0,0,0,0,0,0,0,0,0,0,0,0,0,0,0,1,0,1
RCU,Direxion Daily ORCL Bull 2X ETF,Financial,Exchange Traded Fund,USA,,,6.95,9.28%,5117786.0,0,0,0,0,0,0,0,0,1,0,0,0,0,0,0,0,0,0,0,0,0,0,0,0,0,0,0,0,1,0,1
RCX,Defiance Daily Target 2X Long ORCL ETF,Financial,Exchange Traded Fund,USA,,,19.46,9.45%,1681875.0,0,0,0,0,0,0,0,0,1,0,0,0,0,0,0,0,0,0,0,0,0,0,0,0,0,0,0,0,1,0,1
RGO,Organogenesis Holdings Inc,Healthcare,Drug Manufacturers - Specialty & Generic,USA,165990000.0,,1.29,0.78%,402066.0,0,0,0,0,0,0,0,0,0,0,0,0,0,0,0,0,0,0,0,0,1,0,0,0,0,0,0,0,1,0,1
RKT,Orangekloud Technology Inc,Technology,Software - Application,Singapore,5900000.0,,1.01,-0.98%,106574.0,0,0,0,0,0,0,0,0,0,0,1,0,0,0,0,0,0,0,0,0,0,0,0,0,0,0,0,0,1,0,1
RLY,O'Reilly Automotive Inc,Consumer Cyclical,Auto Parts,USA,69930000000.0,27.49,86.45,0.51%,3021564.0,0,0,0,0,0,0,0,0,1,0,0,0,0,0,0,0,0,0,0,0,0,0,0,0,0,0,0,0,1,0,1
RMP,Oramed Pharmaceuticals Inc,Healthcare,Biotechnology,USA,180120000.0,1.05,4.33,3.10%,193501.0,0,0,0,0,0,0,0,0,0,0,0,0,0,0,0,0,0,1,0,0,0,0,0,0,0,0,0,0,1,0,1
RO,Arrow Valtoro ETF,Financial,Exchange Traded Fund,USA,,,20.25,-0.63%,1218.0,0,0,0,0,0,0,0,0,0,0,0,0,0,0,0,0,0,0,0,0,0,0,-1,0,0,0,0,0,0,1,1
RR,Militia Long/Short Equity ETF,Financial,Exchange Traded Fund,USA,,,38.52,1.02%,44362.0,0,0,0,0,0,0,0,0,1,0,0,0,0,0,0,0,0,0,0,0,0,0,0,0,0,0,0,0,1,0,1
SCX,Defiance Daily Target 2x Long OSCR ETF,Financial,Exchange Traded Fund,USA,,,39.28,2.25%,2944.0,0,0,0,0,0,0,0,-1,0,0,0,0,0,0,0,1,0,0,0,0,0,0,0,0,0,0,0,0,1,1,2
SG,Octave Specialty Group Inc,Financial,Insurance - Specialty,USA,208140000.0,,4.62,-3.14%,1686324.0,0,0,0,0,0,0,0,0,0,0,0,0,0,0,0,0,0,0,0,0,0,0,0,1,0,0,0,0,1,0,1
SIS,OSI Systems Inc,Technology,Electronic Components,USA,3110000000.0,21.69,194.91,0.80%,134868.0,0,0,0,0,0,0,0,0,1,0,0,0,-1,0,0,0,0,0,0,0,0,0,0,0,0,0,0,0,1,1,2
SPN,OneSpan Inc,Technology,Software - Infrastructure,USA,671450000.0,10.23,18.22,1.17%,535736.0,0,0,0,0,0,0,0,-1,0,0,0,0,0,0,0,0,0,0,0,0,0,0,0,0,0,0,0,0,0,1,1
STX,OS Therapies Inc,Healthcare,Biotechnology,USA,75820000.0,,1.62,0.00%,422133.0,0,0,0,0,0,0,0,0,1,0,0,0,0,0,0,1,0,0,0,0,0,0,0,0,0,0,-1,0,2,1,3
TGL,OTG Latin America ETF,Financial,Exchange Traded Fund,USA,,,11.49,1.68%,1390.0,0,0,0,0,0,0,0,0,0,0,0,0,0,0,0,1,0,0,0,0,0,0,0,0,0,0,0,0,1,0,1
USL,Defiance Daily Target 2X Long OUST ETF,Financial,Exchange Traded Fund,USA,,,14.75,1.17%,57190.0,0,0,0,0,0,0,0,0,0,0,0,0,-1,0,0,0,0,0,0,0,0,0,0,0,0,0,0,0,0,1,1
UST,Ouster Inc,Technology,Electronic Components,USA,2880000000.0,,39.9,0.94%,1257744.0,0,0,0,0,0,0,0,0,1,0,0,0,0,0,0,0,0,0,0,0,0,0,0,0,0,0,0,0,1,0,1
UT,Outfront Media Inc,Real Estate,REIT - Specialty,USA,5280000000.0,21.88,29.98,1.35%,1084348.0,0,0,0,0,0,0,0,0,0,0,0,0,0,0,0,0,0,0,0,0,0,0,0,0,-1,0,0,0,0,1,1
VB,Overlay Shares Core Bond ETF,Financial,Exchange Traded Fund,USA,,,19.57,0.13%,10961.0,0,1,0,0,0,0,0,0,1,0,0,0,0,0,0,0,0,0,0,0,0,0,0,0,0,0,0,0,2,0,2
VBC,Ohio Valley Banc Corp,Financial,Banks - Regional,USA,210770000.0,14.83,44.74,-1.89%,8766.0,0,0,0,0,0,1,0,0,0,0,0,0,0,0,0,1,0,0,0,0,0,0,0,0,0,0,-1,0,2,1,3
VF,Overlay Shares Foreign Equity ETF,Financial,Exchange Traded Fund,USA,,,30.86,1.04%,8945.0,0,0,0,-1,0,0,0,0,0,0,0,0,0,0,0,0,0,0,0,0,0,0,0,0,0,0,0,0,0,1,1
VID,Ovid Therapeutics Inc,Healthcare,Biotechnology,USA,480440000.0,,2.46,5.13%,1406717.0,0,0,0,0,0,0,0,0,0,0,1,0,0,0,0,0,0,0,0,0,0,0,0,0,-1,0,0,0,1,1,2
VLY,Oak Valley Bancorp,Financial,Banks - Regional,USA,280730000.0,11.83,33.37,-2.63%,10229.0,0,0,0,0,0,0,0,0,0,0,1,0,0,0,0,0,0,0,0,0,0,0,0,0,-1,0,0,0,1,1,2
VV,Ovintiv Inc,Energy,Oil & Gas E&P,USA,17600000000.0,17.86,63.88,0.80%,3149673.0,0,0,0,-1,0,0,0,0,0,0,0,0,0,0,0,0,0,0,0,0,0,0,0,0,0,0,0,0,0,1,1
WLT,Owlet Inc,Healthcare,Medical Devices,USA,138220000.0,,4.73,1.50%,60031.0,0,1,0,0,0,0,0,0,0,0,0,0,-1,-1,0,0,0,0,0,0,1,0,0,0,0,0,0,0,2,2,4
WNB,Bitwise Bitcoin Standard Corps ETF,Financial,Exchange Traded Fund,USA,,,21.33,0.93%,1720.0,0,0,0,0,0,0,0,0,0,0,1,0,0,0,0,0,0,0,0,0,0,0,0,0,0,0,0,0,1,0,1
XLC,Oxford Lane Capital Corp,Financial,Closed-End Fund - Debt,USA,839140000.0,,8.56,0.35%,781318.0,0,1,0,0,0,0,0,0,0,0,0,0,-1,0,0,0,0,0,0,0,0,0,0,0,0,0,0,0,1,1,2
YSE,Oyster Enterprises II Acquisition Corp,Financial,Shell Companies,USA,352880000.0,38.11,10.4,-0.05%,403.0,0,0,0,0,0,0,0,0,0,0,0,0,0,0,0,0,0,1,0,0,0,0,0,0,0,0,0,0,1,0,1
ZEM,Roundhill GLP-1 & Weight Loss ETF,Financial,Exchange Traded Fund,USA,,,29.6,1.06%,4738.0,0,1,0,0,0,0,0,0,0,0,0,0,0,0,0,0,0,0,0,0,0,0,0,0,0,0,0,0,1,0,1
AA,Plains All American Pipeline LP,Energy,Oil & Gas Midstream,USA,17170000000.000002,6.74,24.34,-0.33%,1854352.0,0,0,0,-1,0,0,0,0,0,0,0,0,0,0,0,0,0,1,0,0,0,0,0,0,0,0,0,0,1,1,2
AAC,Proem Acquisition Corp I,Financial,Shell Companies,USA,177410000.0,129.33,10.01,-0.05%,417.0,0,0,0,0,0,0,0,0,0,0,1,0,0,0,0,0,0,0,0,0,0,0,-1,0,0,0,0,0,1,1,2
AAS,Pan American Silver Corp,Basic Materials,Gold,Canada,19180000000.0,13.93,46.27,2.12%,3320548.0,0,0,0,0,0,0,0,0,0,0,0,0,0,0,0,0,0,0,0,-1,0,0,0,0,0,0,0,0,0,1,1
ABU,iShares Paris-Aligned Climate Optimized MSCI USA ETF,Financial,Exchange Traded Fund,USA,,,80.57,1.06%,16.0,0,0,0,0,0,0,0,0,0,0,1,0,0,0,0,0,0,0,0,0,0,0,0,0,0,0,0,0,1,0,1
AC,Grupo Aeroportuario Del Pacifico SAB de CV ADR,Industrials,Airports & Air Services,Mexico,10460000000.0,18.56,201.5,2.45%,109281.0,0,0,0,0,0,0,0,0,1,0,0,0,0,0,0,0,0,0,0,0,0,0,0,0,0,0,0,0,1,0,1
ACB,Pacific Biosciences of California Inc,Healthcare,Medical Devices,USA,724230000.0,,2.33,1.30%,12816164.0,0,0,0,0,0,0,0,0,0,0,0,0,0,0,0,0,0,0,0,0,0,0,0,1,0,0,0,0,1,0,1
ACS,PACS Group Inc,Healthcare,Medical Care Facilities,USA,6860000000.0,25.95,43.3,-0.98%,763958.0,0,1,0,0,0,0,0,0,0,0,0,0,0,0,0,0,0,0,0,0,0,0,0,0,0,0,0,0,1,0,1
AGP,Plains GP Holdings LP,Energy,Oil & Gas Midstream,USA,20280000000.0,9.73,26.62,0.19%,1226164.0,0,0,0,-1,0,0,0,0,0,0,0,0,0,0,0,0,0,0,0,0,0,0,0,0,0,0,0,0,0,1,1
AI,Western Asset Investment Grade Income Fund Inc,Financial,Closed-End Fund - Debt,USA,107470000.0,,11.3,-0.35%,64447.0,0,0,0,0,0,0,0,0,0,0,0,0,-1,0,0,0,0,0,0,0,0,0,0,0,0,0,0,0,0,1,1
ALL,Abrdn Palladium ETF Trust,Financial,Exchange Traded Fund,USA,,,20.77,1.37%,1145465.0,0,0,0,0,0,0,0,0,1,0,0,0,0,0,0,0,0,0,0,0,0,0,0,0,0,0,0,0,1,0,1
AM,Pampa Energia SA ADR,Industrials,Conglomerates,Argentina,4290000000.0,7.51,80.34,-0.42%,87245.0,0,1,0,0,0,0,0,0,0,0,0,0,0,0,0,0,0,0,0,0,1,0,0,0,0,0,0,0,2,0,2
AMT,PAMT Corp,Industrials,Trucking,USA,267640000.0,,12.78,1.95%,62450.0,0,0,0,0,0,0,0,0,1,0,0,0,0,0,0,0,0,0,0,0,0,0,0,0,0,0,0,0,1,0,1
ANG,Leverage Shares 2X Long PANW Daily ETF,Financial,Exchange Traded Fund,USA,,,42.3,10.22%,39723.0,0,0,0,0,0,0,0,0,0,0,1,0,0,0,0,0,0,0,0,0,1,0,-1,0,0,0,0,0,2,1,3
API,Parametric Equity Premium Income ETF,Financial,Exchange Traded Fund,USA,,,26.7,-0.52%,186059.0,0,0,0,0,0,0,0,0,0,0,1,0,0,0,0,0,0,0,0,0,0,0,0,0,0,0,0,0,1,0,1
APR,Innovator U.S. Equity Power Buffer ETF - April,Financial,Exchange Traded Fund,USA,,,43.43,0.22%,17819.0,0,0,0,0,0,0,0,0,0,0,0,0,0,0,0,0,0,1,0,0,0,0,0,0,0,0,0,0,1,0,1
AR,Par Technology Corp,Technology,Software - Application,USA,641540000.0,,15.51,0.52%,596435.0,0,0,0,0,0,0,0,0,0,0,0,0,-1,0,0,0,0,0,0,0,1,0,0,0,0,0,0,0,1,1,2
ARK,Park Dental Partners Inc,Healthcare,Medical Care Facilities,USA,96300000.0,,20.25,-1.70%,4597.0,0,0,0,0,0,1,0,0,0,0,0,0,0,0,0,0,0,0,0,0,0,0,0,0,0,0,0,0,1,0,1
ARR,Par Pacific Holdings Inc,Energy,Oil & Gas Refining & Marketing,USA,4099999999.9999995,4.78,81.89,-6.57%,1058940.0,0,0,0,0,0,0,0,0,0,0,1,0,0,0,0,0,0,0,0,0,0,0,0,0,0,0,0,0,1,0,1
AWZ,ProShares Pet Care ETF,Financial,Exchange Traded Fund,USA,,,48.31,0.62%,749.0,0,0,0,0,0,0,0,0,0,0,0,0,-1,0,0,0,0,0,0,0,0,0,0,0,0,1,0,0,1,1,2
AX,Patria Investments Ltd,Financial,Asset Management,Cayman Islands,1910000000.0,26.97,11.67,3.64%,1255221.0,0,0,0,0,0,0,0,0,1,0,0,0,0,0,0,0,0,0,0,0,0,0,0,0,0,0,0,0,1,0,1
AYM,TrueShares S&P Autocallable Defensive Income ETF,Financial,Exchange Traded Fund,USA,,,25.61,0.20%,23901.0,0,1,0,0,0,0,0,0,0,0,0,0,0,0,0,0,0,0,0,0,0,0,0,0,0,0,0,0,1,0,1
BDC,Putnam BDC Income ETF,Financial,Exchange Traded Fund,USA,,,25.48,-0.74%,48847.0,0,0,0,0,0,0,0,0,0,0,0,0,0,0,0,0,0,0,0,0,1,0,0,0,0,0,0,0,1,0,1
BF,PBF Energy Inc,Energy,Oil & Gas Refining & Marketing,USA,9990000000.0,7.45,84.27,-5.67%,3498487.0,0,0,0,-1,0,0,0,0,0,0,0,0,0,0,0,0,0,1,0,0,0,0,0,0,0,0,0,0,1,1,2
BH,Prestige Consumer Healthcare Inc,Healthcare,Drug Manufacturers - Specialty & Generic,USA,2280000000.0,13.5,48.23,0.75%,323724.0,0,0,0,0,0,0,0,0,0,0,0,0,-1,0,0,0,0,0,0,0,0,0,0,0,0,1,0,0,1,1,2
BJ,Invesco Food & Beverage ETF,Financial,Exchange Traded Fund,USA,,,45.82,-0.44%,53155.0,0,0,0,0,0,0,0,0,0,0,0,0,0,0,0,0,0,0,0,-1,0,0,0,0,0,0,0,0,0,1,1
BJN,PGIM S&P 500 Buffer 20 ETF - June,Financial,Exchange Traded Fund,USA,,,31.69,0.36%,115.0,0,0,0,0,0,0,0,0,0,0,1,0,0,0,0,0,0,0,0,0,0,0,0,0,0,0,0,0,1,0,1
BM,Psyence Biomedical Ltd,Healthcare,Biotechnology,Canada,18960000.0,,4.97,-2.93%,23963.0,0,0,0,0,0,0,0,0,0,0,0,0,-1,0,0,0,0,0,0,0,0,0,0,0,0,0,0,0,0,1,1
BOT,Pictet AI & Automation ETF,Financial,Exchange Traded Fund,USA,,,35.94,1.85%,556.0,0,0,0,0,0,0,0,-1,0,0,0,0,0,0,0,0,0,0,0,0,0,0,0,0,0,0,0,0,0,1,1
BTP,Invesco 0-5 Yr US TIPS ETF,Financial,Exchange Traded Fund,USA,,,25.54,-0.10%,26005.0,0,0,0,0,0,0,0,0,1,0,0,0,0,0,0,0,0,0,0,0,0,0,0,0,0,0,0,0,1,0,1
BUS,Invesco MSCI USA ETF,Financial,Exchange Traded Fund,USA,,,78.08,0.61%,83073.0,0,0,0,0,0,0,0,0,0,0,1,0,0,0,0,0,0,0,0,0,0,0,0,0,0,0,0,0,1,0,1
BW,Invesco WilderHill Clean Energy ETF,Financial,Exchange Traded Fund,USA,,,28.33,0.14%,332494.0,0,0,0,0,0,0,0,0,0,0,0,0,0,0,0,0,0,0,0,0,0,0,0,0,0,0,-1,0,0,1,1
CAP,ProCap Acquisition Corp,Financial,Shell Companies,USA,330350000.0,37.84,10.42,0.17%,76.0,0,1,0,0,0,0,0,0,0,0,0,0,0,0,0,0,0,0,0,0,0,0,0,0,0,0,0,0,1,0,1
CB,PCB Bancorp,Financial,Banks - Regional,USA,389450000.0,9.6,27.73,-0.57%,31388.0,0,0,0,0,0,0,0,0,1,0,0,0,0,0,0,0,0,0,0,0,0,0,0,0,0,0,0,0,1,0,1
CF,High Income Securities Fund,Financial,Closed-End Fund - Debt,USA,94330000.0,,5.04,-0.20%,83681.0,0,0,0,0,0,0,0,0,1,1,0,0,0,0,0,0,0,0,0,0,0,0,0,0,0,0,0,0,2,0,2
CHI,Polen High Income ETF,Financial,Exchange Traded Fund,USA,,,23.5,0.04%,884.0,0,0,0,0,0,0,0,0,1,0,0,0,0,0,0,0,0,0,0,0,0,0,0,0,0,0,0,0,1,0,1
CL,PGIM Corporate Bond 10+ Year ETF,Financial,Exchange Traded Fund,USA,,,45.55,0.02%,32.0,0,0,0,0,0,0,0,0,1,0,0,0,0,0,0,0,0,0,0,0,0,0,0,0,0,0,0,0,1,0,1
CLA,PicoCELA Inc ADR,Communication Services,Telecom Services,Japan,63570000.0,,6.61,-0.52%,17890.0,0,1,0,0,0,0,0,0,0,0,1,0,0,0,0,0,0,0,0,0,0,0,0,0,0,0,0,0,2,0,2
CLO,VIRTUS SEIX AAA Private Credit CLO ETF,Financial,Exchange Traded Fund,USA,,,24.95,0.07%,13250.0,0,1,0,0,0,1,0,0,0,0,0,0,0,0,0,0,0,0,0,0,1,1,0,0,0,0,0,0,4,0,4
CMM,BondBloxx Private Credit CLO ETF,Financial,Exchange Traded Fund,USA,,,49.83,-0.10%,25054.0,0,0,0,0,0,0,0,0,0,0,1,1,0,0,0,0,0,0,0,0,0,0,0,0,0,0,0,0,2,0,2
CPP,Porter & Company Porter Portfolio Index ETF,Financial,Exchange Traded Fund,USA,,,26.94,0.22%,14525.0,0,0,0,0,0,0,0,0,0,0,1,0,0,0,0,0,0,0,0,0,0,0,-1,0,0,0,0,0,1,1,2
CR,Simplify VettaFi Private Credit Strategy ETF,Financial,Exchange Traded Fund,USA,,,17.84,-0.34%,315.0,0,0,0,0,0,0,0,0,0,0,0,0,-1,-1,0,0,0,0,0,0,0,0,0,0,0,0,0,0,0,2,2
CRX,Pacira BioSciences Inc,Healthcare,Drug Manufacturers - Specialty & Generic,USA,1450000000.0,104.64,36.31,-0.22%,4690149.0,0,0,0,0,0,0,0,0,0,0,0,0,0,0,0,0,0,1,0,0,0,0,0,0,0,0,0,0,1,0,1
CSA,Processa Pharmaceuticals Inc,Healthcare,Biotechnology,USA,4240000.0,,1.52,12.59%,2972218.0,0,0,0,0,0,0,0,0,0,0,0,0,-1,-1,0,0,0,0,0,0,0,0,0,0,0,0,0,0,0,2,2
CYO,Pure Cycle Corp,Utilities,Utilities - Regulated Water,USA,267720000.00000003,18.22,11.11,1.00%,46026.0,0,0,0,0,0,0,0,0,0,0,1,1,0,0,0,0,0,0,0,0,0,0,0,0,0,0,0,0,2,0,2
DC,Perpetuals.com Ltd ADR,Technology,Software - Application,Japan,22000000.0,,3.25,-1.52%,2926.0,0,0,0,0,0,0,0,0,1,0,0,0,0,0,0,0,0,0,0,0,0,0,0,0,0,0,0,0,1,0,1
DCC,Pearl Diver Credit Company Inc,Financial,Asset Management,USA,65030000.0,,7.95,1.27%,2163.0,0,0,0,0,0,0,0,0,1,0,0,0,0,0,0,0,0,0,0,0,0,0,0,0,0,0,0,0,1,0,1
DDL,GraniteShares 2x Long PDD Daily ETF,Financial,Exchange Traded Fund,USA,,,11.58,7.66%,32809.0,0,0,0,0,0,0,0,0,0,0,0,0,-1,0,0,0,0,0,0,0,0,0,0,1,0,0,0,0,1,1,2
DFS,PDF Solutions Inc,Technology,Software - Application,USA,2300000000.0,215.53,54.4,4.25%,482988.0,0,0,0,0,0,0,0,0,0,0,0,0,-1,0,0,0,0,0,0,0,0,0,0,0,0,0,-1,0,0,2,2
DP,Invesco Dorsey Wright Momentum ETF,Financial,Exchange Traded Fund,USA,,,140.67,1.27%,19965.0,0,0,0,0,0,0,0,0,0,0,0,0,0,0,0,1,0,0,0,0,0,0,0,0,0,0,0,0,1,0,1
DS,Precision Drilling Corp,Energy,Oil & Gas Drilling,Canada,1060000000.0,,84.14,-0.18%,43622.0,0,0,0,-1,0,0,0,0,0,0,0,0,0,0,0,0,0,0,0,0,0,0,0,0,0,0,0,0,0,1,1
EB,Pebblebrook Hotel Trust,Real Estate,REIT - Hotel & Motel,USA,2160000000.0,,19.12,0.74%,1358191.0,0,0,0,0,0,0,0,0,0,0,0,0,-1,0,0,0,0,0,0,0,0,0,0,0,0,0,0,0,0,1,1
EGA,Pegasystems Inc,Technology,Software - Application,USA,5860000000.0,20.14,35.65,0.45%,1170723.0,0,1,0,0,0,0,0,0,0,0,0,0,0,0,0,0,0,0,0,0,0,0,0,0,0,0,0,0,1,0,1
EP,PepsiCo Inc,Consumer Defensive,Beverages - Non-Alcoholic,USA,171940000000.0,15.83,125.97,-1.85%,9875661.0,0,1,0,0,0,0,0,0,0,0,0,0,-1,0,0,0,0,0,0,0,0,0,0,0,0,0,0,0,1,1,2
EPS,Parametric Equity Plus ETF,Financial,Exchange Traded Fund,USA,,,33.7,0.73%,17.0,0,0,0,0,0,0,0,-1,0,0,0,0,0,0,0,0,0,0,0,0,0,0,0,0,0,0,0,0,0,1,1
ERI,Perion Network Ltd,Communication Services,Advertising Agencies,Israel,348470000.0,,8.86,1.37%,182431.0,0,0,0,0,0,0,0,0,1,0,0,0,0,0,0,0,0,0,0,0,0,0,0,0,0,0,0,0,1,0,1
ETZ,TDH Holdings Inc,Real Estate,Real Estate Services,China,13010000.0,7.23,1.26,-4.91%,16903.0,0,0,0,0,0,0,0,0,0,0,1,0,0,0,0,0,0,0,0,0,0,0,-1,0,0,0,0,0,1,1,2
EXL,Pacer US Export Leaders ETF,Financial,Exchange Traded Fund,USA,,,74.5,0.27%,988.0,0,0,0,0,0,0,0,0,0,0,1,0,0,0,0,0,0,0,0,0,0,0,-1,0,0,0,0,0,1,1,2
FBC,"Preferred Bank (Los Angeles, CA)",Financial,Banks - Regional,USA,1220000000.0,9.37,102.58,-0.05%,57512.0,0,0,0,0,0,0,0,0,0,0,0,0,0,0,0,0,0,0,0,0,0,0,0,0,-1,0,0,0,0,1,1
FFA,Virtus InfraCap U.S. Preferred Stock ETF,Financial,Exchange Traded Fund,USA,,,19.52,-0.15%,762712.0,0,0,0,0,0,0,0,0,0,0,0,0,-1,0,0,0,0,0,0,0,0,0,0,0,0,0,0,0,0,1,1
FFL,ETRACSA 2xMonthlyA PayA LeveragedA PreferredA StockA IndexA ETN,Financial,Exchange Traded Fund,USA,,,6.68,-0.34%,304.0,0,0,0,0,0,0,0,0,1,0,0,0,0,0,0,0,0,0,0,0,0,0,0,0,0,0,0,0,1,0,1
FIS,Peoples Financial Services Corp,Financial,Banks - Regional,USA,673200000.0,11.91,67.25,-2.63%,110242.0,0,0,0,0,0,0,0,0,0,0,0,0,0,0,0,0,0,0,0,0,0,0,-1,0,0,0,0,0,0,1,1
FO,Flaherty & Crumrine Preferred and Income Opportunity Fund Inc,Financial,Closed-End Fund - Debt,USA,111940000.0,,8.56,0.71%,38453.0,0,0,0,0,0,0,0,0,1,0,0,0,0,0,0,0,0,0,0,0,0,0,0,0,0,0,0,0,1,0,1
FXF,VanEck Preferred Securities ex Financials ETF,Financial,Exchange Traded Fund,USA,,,17.66,0.51%,467309.0,0,0,0,0,0,0,0,0,0,0,0,0,-1,0,0,0,0,0,0,0,0,0,0,0,0,0,-1,0,0,2,2
G,Procter & Gamble Co,Consumer Defensive,Household & Personal Products,USA,351260000000.0,22.84,151.23,0.42%,6307717.0,0,0,0,0,0,1,0,0,0,0,1,0,0,0,0,0,0,0,0,0,0,0,0,0,0,0,0,0,2,0,2
GC,Peapack-Gladstone Financial Corp,Financial,Banks - Regional,USA,768860000.0,15.08,43.37,-0.66%,109931.0,0,0,0,0,0,0,0,0,0,0,0,0,0,0,0,0,0,0,0,-1,0,0,0,0,0,0,0,0,0,1,1
GEN,Precigen Inc,Healthcare,Biotechnology,USA,2800000000.0,,7.81,2.76%,3384174.0,0,0,0,-1,0,0,0,-1,0,0,0,0,0,0,0,0,0,0,0,0,0,0,0,0,0,0,0,0,0,2,2
GF,Invesco Financial Preferred ETF,Financial,Exchange Traded Fund,USA,,,12.65,-0.32%,217630.0,0,0,0,-1,0,0,0,0,0,0,0,0,0,0,0,0,0,0,0,0,0,0,0,0,0,0,0,0,0,1,1
GJ,Invesco Golden Dragon China ETF,Financial,Exchange Traded Fund,USA,,,22.18,2.77%,24665.0,0,0,0,0,0,0,0,0,0,0,0,0,-1,0,0,0,0,0,0,0,0,0,0,1,0,0,0,0,1,1,2
GP,Pimco Global StocksPLUS & Income Fund,Financial,Closed-End Fund - Foreign,USA,95630000.0,,8.25,0.73%,20152.0,0,0,0,0,0,0,0,0,0,0,0,0,-1,0,0,0,0,0,0,0,0,0,0,0,0,0,0,0,0,1,1
GR,Progressive Corp,Financial,Insurance - Property & Casualty,USA,126350000000.0,10.9,217.43,-0.59%,1466186.0,0,0,0,0,0,0,0,0,1,0,0,0,0,0,0,0,0,0,0,0,0,0,0,0,0,0,0,0,1,0,1
GRO,Putnam Focused Large Cap Growth ETF,Financial,Exchange Traded Fund,USA,,,49.2,0.86%,31972.0,0,0,0,0,0,0,0,0,0,0,0,0,0,0,0,1,0,0,0,0,0,0,0,0,0,0,0,0,1,0,1
GZ,Principal Real Estate Income Fund,Financial,Closed-End Fund - Debt,USA,59580000.0,,8.9,1.14%,12572.0,0,0,0,0,0,0,0,0,0,0,0,0,0,0,0,0,0,0,0,0,1,0,0,0,0,0,0,0,1,0,1
H,Parker-Hannifin Corp,Industrials,Specialty Industrial Machinery,USA,121390000000.0,33.79,962.56,1.65%,354607.0,0,0,0,0,0,0,0,0,0,0,0,0,0,0,0,0,0,0,0,0,0,0,0,0,0,0,0,1,1,0,1
HAR,Pharming Group NV ADR,Healthcare,Biotechnology,Netherlands,692940000.0,78.7,9.79,2.73%,3332.0,0,0,0,0,0,0,0,0,1,0,0,0,0,0,0,0,0,0,0,0,0,0,0,0,0,0,0,0,1,0,1
HAT,Phathom Pharmaceuticals Inc,Healthcare,Biotechnology,USA,586530000.0,,7.25,1.68%,928343.0,0,0,0,0,0,0,0,0,0,0,0,0,0,0,0,0,0,0,0,-1,0,0,0,0,0,0,0,0,0,1,1
HG,Koninklijke Philips NV ADR,Healthcare,Medical Devices,Netherlands,23690000000.0,18.06,24.24,-0.25%,3330800.0,0,0,0,0,0,1,0,0,0,0,0,0,0,0,0,0,0,0,0,-1,0,0,0,0,0,0,0,0,1,1,2
HIO,Phio Pharmaceuticals Corp,Healthcare,Biotechnology,USA,11370000.0,,0.98,0.59%,43353.0,0,0,0,0,0,0,0,0,0,0,0,0,-1,0,0,0,0,0,0,0,0,0,0,0,0,0,0,0,0,1,1
HR,Phreesia Inc,Healthcare,Health Information Services,USA,670990000.0,64.0,10.81,1.41%,537135.0,0,0,0,-1,0,0,0,0,0,0,0,0,0,0,0,0,0,0,0,0,0,0,0,0,0,0,0,0,0,1,1
HVS,Pharvaris NV,Healthcare,Biotechnology,Netherlands,2170000000.0,,31.1,-0.06%,754990.0,0,0,0,0,0,1,0,0,0,0,0,0,0,0,0,0,0,0,0,0,0,0,0,0,0,0,0,0,1,0,1
HYL,PGIM Active High Yield Bond ETF,Financial,Exchange Traded Fund,USA,,,33.64,0.06%,553815.0,0,0,0,-1,0,0,0,0,0,0,0,0,0,0,0,0,0,0,0,0,0,0,0,0,0,0,0,0,0,1,1
IEL,Pacer International Export Leaders ETF,Financial,Exchange Traded Fund,USA,,,28.67,1.25%,7.0,0,0,0,0,0,0,0,0,0,0,1,0,0,0,0,0,0,0,0,0,0,0,-1,0,0,0,0,0,1,1,2
IM,Franklin Master Intermediate Income Trust,Financial,Closed-End Fund - Debt,USA,144550000.0,,3.0,0.33%,52568.0,0,0,0,-1,0,0,0,0,0,0,0,0,0,0,0,0,0,0,0,0,0,0,0,0,0,0,0,0,0,1,1
INK,Simplify Health Care ETF,Financial,Exchange Traded Fund,USA,,,38.53,2.57%,66238.0,0,0,0,0,0,0,0,0,0,0,0,0,0,0,0,0,0,0,0,0,0,0,-1,0,0,0,0,0,0,1,1
IPE,Invesco SteelPath MLP & Energy Infrastructure ETF,Financial,Exchange Traded Fund,USA,,,29.38,-0.38%,1059.0,0,0,0,0,0,0,0,0,0,0,0,0,0,0,0,0,0,0,0,0,0,0,0,0,-1,0,0,0,0,1,1
JFG,PGIM Jennison Focused Growth ETF,Financial,Exchange Traded Fund,USA,,,123.94,1.08%,699.0,0,0,0,0,0,0,0,-1,0,0,0,0,0,0,0,0,0,0,0,0,0,0,0,0,0,0,0,0,0,1,1
JFM,PGIM Jennison Focused Mid-Cap ETF,Financial,Exchange Traded Fund,USA,,,65.69,0.73%,6.0,0,0,0,0,0,0,0,0,0,0,0,0,-1,0,0,0,0,0,0,0,0,0,0,0,0,0,0,0,0,1,1
JIO,PGIM Jennison Focused International Equity ETF,Financial,Exchange Traded Fund,USA,,,62.84,0.70%,3291.0,0,0,0,0,0,0,0,0,1,0,0,0,0,0,0,1,0,0,0,0,0,0,0,0,0,0,0,0,2,0,2
JUL,Innovator U.S. Equity Power Buffer ETF - July,Financial,Exchange Traded Fund,USA,,,50.32,0.34%,9394.0,0,0,0,0,0,0,0,-1,0,0,1,0,0,0,0,0,0,0,0,0,0,0,0,0,0,0,0,0,1,1,2
JUN,Innovator U.S. Equity Power Buffer ETF - June,Financial,Exchange Traded Fund,USA,,,44.52,0.32%,15262.0,0,0,0,0,0,1,0,0,0,0,0,0,0,0,0,1,0,0,0,0,0,0,0,0,0,0,0,0,2,0,2
KE,Park Aerospace Corp,Industrials,Aerospace & Defense,USA,573800000.0,37.26,26.38,-11.06%,962774.0,0,1,0,0,0,0,0,0,0,0,0,0,0,0,0,0,0,0,0,0,0,0,0,0,0,0,0,0,1,0,1
KX,POSCO Holdings Inc ADR,Basic Materials,Steel,South Korea,17390000000.0,18.84,57.48,1.29%,168627.0,0,0,0,0,0,0,0,0,1,0,0,0,0,0,0,0,0,0,0,0,0,0,0,0,0,0,0,0,1,0,1
LAB,Photronics Inc,Technology,Semiconductor Equipment & Materials,USA,1750000000.0,10.47,29.62,-0.30%,417643.0,0,0,0,0,0,0,0,0,1,1,0,0,0,0,0,0,0,0,0,0,0,0,0,0,0,0,0,0,2,0,2
LAY,Dave & Buster's Entertainment Inc,Communication Services,Entertainment,USA,240330000.0,,6.9,-1.00%,1062860.0,0,0,0,0,0,0,0,0,0,0,0,0,-1,-1,0,0,0,0,0,0,0,0,0,0,0,0,0,0,0,2,2
LBC,Plumas Bancorp,Financial,Banks - Regional,USA,424220000.0,11.99,60.96,-1.31%,41935.0,0,0,0,0,0,0,0,0,0,0,0,0,-1,0,0,0,0,0,0,0,0,0,0,0,0,0,0,0,0,1,1
LBL,Polibeli Group Ltd,Consumer Cyclical,Department Stores,Indonesia,2069999999.9999998,,5.64,0.00%,189724.0,0,0,0,0,0,0,0,0,0,0,0,0,0,0,0,0,0,0,0,0,0,0,0,1,0,0,0,0,1,0,1
LBY,Playboy Inc,Consumer Cyclical,Apparel Manufacturing,USA,117730000.0,409.46,0.98,-0.41%,485978.0,0,1,0,0,0,0,0,0,0,0,0,0,0,0,0,0,0,0,0,0,0,0,0,0,0,0,0,0,1,0,1
LCE,Childrens Place Inc,Consumer Cyclical,Apparel Manufacturing,USA,31580000.0,,1.42,-26.04%,2001163.0,0,0,0,0,0,0,0,0,1,0,0,0,0,0,0,0,0,0,0,0,0,0,0,0,0,0,0,0,1,0,1
LGO,Pelagos Insurance Capital Ltd,Financial,Insurance - Diversified,Bermuda,2009999999.9999998,5.95,24.28,-0.70%,416168.0,0,0,0,0,0,0,0,0,0,0,0,0,-1,0,0,0,0,0,0,0,0,0,0,0,0,0,0,0,0,1,1
LNT,Planet Fitness Inc,Consumer Cyclical,Leisure,USA,3620000000.0,16.28,47.98,8.97%,3134643.0,0,0,0,0,0,0,0,0,0,0,0,0,-1,0,0,0,0,0,0,0,0,0,0,1,0,0,0,0,1,1,2
LRX,Pliant Therapeutics Inc,Healthcare,Biotechnology,USA,63160000.0,,1.02,2.00%,288527.0,0,0,0,0,0,0,0,0,1,0,0,0,0,0,0,0,0,0,0,0,0,0,0,0,0,0,0,0,1,0,1
LTM,GraniteShares Platinum Shares,Financial,Exchange Traded Fund,USA,,,16.18,3.06%,77148.0,0,0,0,0,0,0,0,0,1,0,0,0,0,0,0,0,0,0,0,0,0,0,0,0,0,0,0,0,1,0,1
LTW,Roundhill PLTR WeeklyPay ETF,Financial,Exchange Traded Fund,USA,,,27.75,5.71%,221035.0,0,0,0,0,0,0,0,0,0,0,1,1,0,0,0,0,0,0,0,0,0,0,0,0,0,0,0,0,2,0,2
LTY,YieldMax PLTR Option Income Strategy ETF,Financial,Exchange Traded Fund,USA,,,38.95,2.91%,164041.0,0,0,0,0,0,0,0,0,0,0,1,0,0,0,0,0,0,0,0,0,0,0,0,0,0,0,0,0,1,0,1
LUT,Plutus Financial Group Ltd,Financial,Capital Markets,Hong Kong,31780000.0,,2.07,-5.47%,305574.0,0,0,0,0,0,0,0,0,0,0,0,0,-1,0,0,0,0,0,0,0,0,0,0,0,0,0,0,0,0,1,1
LXS,Plexus Corp,Technology,Electronic Components,USA,7000000000.0,38.73,262.54,0.44%,160079.0,0,0,0,0,0,0,0,0,1,0,0,0,0,0,0,0,0,0,0,0,0,0,0,0,0,0,0,0,1,0,1
MA,PMA Graphene Technology Group Inc,Industrials,Engineering & Construction,Hong Kong,16480000.0,,1.27,1.60%,12386.0,0,0,0,0,0,0,0,0,1,0,1,1,0,0,0,1,0,0,0,0,0,0,0,0,0,0,0,0,4,0,4
MCB,PharmaCyte Biotech Inc,Healthcare,Biotechnology,USA,4350000.0,,0.4,1.76%,93499.0,0,0,0,0,0,0,0,0,1,0,0,0,0,0,0,0,0,0,0,0,0,0,0,0,0,0,0,0,1,0,1
MI,Picard Medical Inc,Healthcare,Medical Devices,USA,22170000.0,,9.48,-2.07%,300954.0,0,0,0,0,0,0,0,0,0,0,0,0,0,0,0,0,0,0,0,0,0,0,0,1,0,0,0,0,1,0,1
MMF,iShares Prime Money Market ETF,Financial,Exchange Traded Fund,USA,,,100.29,0.03%,126134.0,0,0,0,0,0,0,0,0,0,0,0,0,-1,-1,0,0,0,0,0,0,0,0,0,0,0,0,0,0,0,2,2
MN,ProMIS Neurosciences Inc,Healthcare,Biotechnology,Canada,86170000.0,,9.61,5.03%,18852.0,0,0,0,0,0,0,0,0,1,0,0,0,0,0,0,0,0,0,0,0,0,0,0,0,0,0,0,0,1,0,1
MT,Pennymac Mortgage Investment Trust,Real Estate,REIT - Mortgage,USA,641810000.0,5.15,7.36,-1.74%,2239477.0,0,0,0,0,0,0,0,0,0,0,0,0,0,0,0,0,0,0,0,-1,0,0,0,0,0,0,0,0,0,1,1
MTS,CPI Card Group Inc,Financial,Credit Services,USA,296060000.0,22.04,25.54,2.16%,105339.0,0,0,0,0,0,1,0,0,0,0,0,0,0,0,0,0,0,0,0,0,0,0,0,0,0,0,0,0,1,0,1
MVP,PMV Pharmaceuticals Inc,Healthcare,Biotechnology,USA,114780000.0,,1.52,2.01%,891743.0,0,0,0,0,0,0,0,0,0,0,0,0,0,0,0,0,0,0,0,0,1,0,0,0,0,0,0,0,1,0,1
NR,Pentair plc,Industrials,Specialty Industrial Machinery,United Kingdom,8380000000.000001,13.2,52.47,0.33%,2050425.0,0,0,0,0,0,0,0,0,0,0,0,0,0,0,0,0,0,0,0,-1,0,0,0,0,0,0,0,0,0,1,1
NRG,PrimeEnergy Resources Corp,Energy,Oil & Gas E&P,USA,340050000.0,20.7,214.87,1.59%,56893.0,0,0,0,0,0,0,0,0,0,0,0,0,-1,0,0,0,0,0,0,0,0,0,0,0,0,0,0,0,0,1,1
OCI,Precision Optics Corp Inc,Healthcare,Medical Instruments & Supplies,USA,50260000.0,,4.58,-1.82%,14978.0,0,0,0,0,0,0,0,0,0,0,1,0,0,0,0,0,0,0,0,0,0,0,0,0,0,0,0,0,1,0,1
ODC,PodcastOne Inc,Communication Services,Internet Content & Information,USA,65040000.00000001,,2.15,-1.83%,68796.0,0,0,0,0,0,0,0,0,0,0,0,0,0,0,0,0,0,0,0,0,0,0,0,1,0,0,0,0,1,0,1
ODD,Insulet Corp,Healthcare,Medical Devices,USA,9380000000.0,26.82,135.28,0.60%,865360.0,0,0,0,0,0,0,0,0,1,1,0,0,0,0,0,0,0,0,0,0,0,0,0,0,0,0,0,0,2,0,2
OLA,Polar Power Inc,Industrials,Electrical Equipment & Parts,USA,4910000.0,,1.14,5.56%,278883.0,0,0,0,0,0,0,0,0,0,0,0,0,-1,0,0,0,0,0,0,0,0,0,0,0,0,0,0,0,0,1,1
ONY,Pony AI Inc ADR,Technology,Information Technology Services,China,2140000000.0000002,,6.04,4.86%,4634684.0,0,0,0,0,0,0,0,0,1,0,0,0,0,0,0,0,0,0,0,0,0,0,0,0,0,0,0,0,1,0,1
OOL,Pool Corp,Industrials,Industrial Distribution,USA,5800000000.0,14.67,159.54,0.89%,682020.0,0,0,0,-1,0,0,0,0,0,0,0,0,0,0,0,0,0,0,0,0,0,0,0,0,0,0,0,0,0,1,1
OR,Portland General Electric Co,Utilities,Utilities - Regulated Electric,USA,5340000000.0,20.09,45.39,0.09%,1118859.0,0,1,0,0,0,0,0,0,0,0,0,0,0,0,0,0,0,0,0,0,0,0,0,0,0,0,0,0,1,0,1
OST,Post Holdings Inc,Consumer Defensive,Packaged Foods,USA,3290000000.0,13.74,74.82,0.79%,585088.0,0,0,0,0,0,0,0,0,1,0,0,0,0,0,0,0,0,0,0,0,0,0,0,0,0,0,0,0,1,0,1
OW,VistaShares Electrification Supercycle ETF,Financial,Exchange Traded Fund,USA,,,26.82,1.48%,31378.0,0,0,0,0,0,1,0,0,0,0,0,0,0,0,0,1,0,0,0,0,0,0,0,0,0,0,0,0,2,0,2
OWA,Invesco Bloomberg Pricing Power ETF,Financial,Exchange Traded Fund,USA,,,88.59,0.46%,46323.0,0,0,0,0,0,0,0,0,0,0,1,0,0,0,0,0,0,0,0,0,0,0,0,0,0,0,0,0,1,0,1
OWR,iShares U.S. Power Infrastructure ETF,Financial,Exchange Traded Fund,USA,,,25.47,0.83%,163596.0,0,0,0,0,0,1,0,0,0,0,0,0,0,0,0,0,0,0,0,0,0,0,0,0,0,0,0,0,1,0,1
OWW,Outdoor Holding Co,Industrials,Aerospace & Defense,USA,258820000.0,81.09,2.23,-0.89%,420632.0,0,0,0,0,0,0,0,0,0,0,0,0,0,0,0,0,0,1,0,0,0,0,0,0,0,0,0,0,1,0,1
PC,Pilgrim's Pride Corp,Consumer Defensive,Packaged Foods,USA,6820000000.0,12.53,28.65,0.53%,998255.0,0,0,0,0,0,1,0,0,0,0,0,0,0,0,0,0,0,0,0,0,0,0,0,0,0,0,0,0,1,0,1
PL,PPL Corp,Utilities,Utilities - Regulated Electric,USA,25770000000.0,20.34,34.25,0.44%,6038382.0,0,0,0,0,0,0,0,0,1,1,0,0,0,0,0,0,0,0,0,0,0,0,0,0,0,0,0,0,2,0,2
PLT,Abrdn Platinum Shares ETF,Financial,Exchange Traded Fund,USA,,,15.25,2.90%,2402129.0,0,0,0,0,0,0,0,0,0,0,0,0,0,0,0,0,0,0,0,-1,0,0,0,0,0,0,0,0,0,1,1
PTA,Perpetua Resources Corp,Basic Materials,Other Precious Metals & Mining,USA,2580000000.0,,20.64,2.64%,776286.0,0,0,0,0,0,0,0,0,0,0,0,0,0,0,0,0,0,0,0,-1,0,0,0,0,0,0,0,0,0,1,1
QUS,Pictet AI Enhanced US Equity ETF,Financial,Exchange Traded Fund,USA,,,29.08,0.55%,15074.0,0,1,0,0,0,0,0,0,0,0,1,0,0,0,0,0,0,0,0,0,0,0,0,0,0,0,0,0,2,0,2
QV,PGIM S&P 500 Quarterly Buffer 5 ETF,Financial,Exchange Traded Fund,USA,,,25.79,0.35%,97.0,0,0,0,0,0,0,0,-1,0,0,1,0,0,0,0,0,0,0,0,0,0,0,-1,0,0,0,0,0,1,2,3
R,Permian Resources Holdings Inc,Energy,Oil & Gas E&P,USA,19290000000.0,15.29,23.03,0.83%,7148281.0,0,0,0,-1,0,0,0,0,0,0,0,0,0,0,0,0,0,0,0,0,0,0,0,0,0,0,0,0,0,1,1
RAA,PRA Group Inc,Financial,Credit Services,USA,754090000.0,,20.03,-1.43%,192871.0,0,0,0,0,0,1,0,-1,0,0,0,0,0,0,0,1,0,0,0,0,0,0,0,0,0,0,0,0,2,1,3
RAB,State Street IG Public & Private ABS ETF,Financial,Exchange Traded Fund,USA,,,24.67,-0.02%,243.0,0,0,0,0,0,0,0,0,1,1,0,0,0,0,0,0,0,0,0,0,0,0,0,0,0,0,0,0,2,0,2
RAY,FIS Trust,Financial,Exchange Traded Fund,USA,,,35.28,0.70%,1336.0,0,0,0,0,0,0,0,0,0,0,1,0,0,0,0,0,0,0,0,0,0,0,-1,0,0,0,0,0,1,1,2
RDO,Perdoceo Education Corp,Consumer Defensive,Education & Training Services,USA,2109999999.9999998,12.25,33.71,0.84%,450093.0,0,0,0,0,0,0,0,0,1,0,0,0,0,0,0,0,0,0,0,0,0,0,0,0,0,0,0,0,1,0,1
RF,Invesco RAFI US 1000 ETF,Financial,Exchange Traded Fund,USA,,,55.54,0.33%,577822.0,0,0,0,0,0,0,0,0,0,0,0,0,0,0,0,0,0,0,0,0,0,0,-1,0,0,0,0,0,0,1,1
RFZ,Invesco RAFI US 1500 Small-Mid ETF,Financial,Exchange Traded Fund,USA,,,53.16,0.64%,46770.0,0,0,0,0,0,0,0,0,1,0,0,0,0,0,0,0,0,0,0,0,0,0,0,0,0,0,0,0,1,0,1
RIM,Primoris Services Corp,Industrials,Engineering & Construction,USA,4500000000.0,32.9,83.6,1.14%,1543705.0,0,0,0,0,0,0,0,0,0,0,0,0,0,0,0,0,0,0,0,0,0,0,0,1,0,0,0,0,1,0,1
RLB,Proto Labs Inc,Industrials,Metal Fabrication,USA,2240000000.0,74.76,93.84,1.77%,140399.0,0,0,0,0,0,1,0,0,0,0,0,0,0,0,0,0,0,0,0,0,0,0,0,0,0,0,0,0,1,0,1
RMB,Primo Brands Corp,Consumer Defensive,Beverages - Non-Alcoholic,USA,6970000000.0,70.48,19.27,-0.36%,4510349.0,0,0,0,0,0,0,0,-1,0,0,0,0,0,0,0,0,0,0,0,0,0,0,0,0,0,0,0,0,0,1,1
RME,Prime Medicine Inc,Healthcare,Biotechnology,USA,723690000.0,,3.99,11.45%,8066435.0,0,0,0,0,0,0,0,0,0,0,1,0,0,0,0,1,0,0,0,0,0,0,0,0,0,0,0,0,2,0,2
RMR,PeakShares RMR Prime Equity ETF,Financial,Exchange Traded Fund,USA,,,29.25,0.79%,19101.0,0,0,0,-1,0,0,0,0,0,0,0,0,0,0,0,0,0,0,0,0,0,0,0,0,0,0,0,0,0,1,1
RN,Invesco Dorsey Wright Industrials Momentum ETF,Financial,Exchange Traded Fund,USA,,,198.01,0.54%,11639.0,0,0,0,0,0,0,0,0,1,0,0,0,0,0,0,0,0,0,0,0,0,0,0,0,0,0,0,0,1,0,1
RNT,ARK 3D Printing ETF,Financial,Exchange Traded Fund,USA,,,25.5,0.80%,11972.0,0,0,0,0,0,0,0,0,0,0,1,0,0,0,0,0,0,0,0,0,0,0,-1,0,0,0,0,0,1,1,2
ROF,Profound Medical Corp,Healthcare,Medical Devices,Canada,252060000.0,,6.9,-0.14%,428719.0,0,0,0,0,0,0,0,0,0,0,1,0,0,0,0,0,0,0,0,0,0,0,0,0,0,0,0,0,1,0,1
ROK,ProKidney Corp,Healthcare,Biotechnology,USA,526049999.99999994,,1.74,4.82%,1385958.0,0,0,0,0,0,1,0,0,0,0,0,0,0,0,0,0,0,0,0,0,0,0,0,0,0,0,0,0,1,0,1
ROP,Prairie Operating Co,Energy,Oil & Gas E&P,USA,49100000.0,,0.44,6.90%,1596337.0,0,0,0,0,0,0,0,0,1,0,0,0,0,0,0,0,0,0,0,0,0,0,0,0,0,0,0,0,1,0,1
RT,PermRock Royalty Trust,Energy,Oil & Gas E&P,USA,21540000.0,7.53,1.77,-1.12%,32805.0,0,0,0,0,0,0,0,0,1,0,0,0,0,0,0,0,0,0,0,0,0,0,0,0,0,0,0,0,1,0,1
RTA,Prothena Corp Plc,Healthcare,Biotechnology,Ireland,453820000.0,,8.84,2.67%,931625.0,0,0,0,0,0,0,0,0,1,0,0,0,0,0,0,0,0,0,0,0,0,0,0,0,0,0,0,0,1,0,1
SBD,Palmer Square Capital BDC Inc,Financial,Asset Management,USA,294860000.0,,9.62,-0.72%,110761.0,0,0,0,0,0,0,0,0,0,0,0,0,-1,0,0,0,0,0,0,0,0,0,0,1,0,0,0,0,1,1,2
SCE,Invesco S&P SmallCap Energy ETF,Financial,Exchange Traded Fund,USA,,,59.91,-0.73%,13237.0,0,1,0,-1,0,0,0,0,0,0,1,0,0,0,0,0,0,0,0,0,0,0,0,0,0,0,0,0,2,1,3
SCM,Invesco S&P SmallCap Materials ETF,Financial,Exchange Traded Fund,USA,,,94.62,-0.39%,176.0,0,0,0,0,0,0,0,0,1,0,0,0,0,0,0,0,0,0,0,0,0,0,0,0,0,0,0,0,1,0,1
SCU,Invesco S&P SmallCap Utilities & Communication Services ETF,Financial,Exchange Traded Fund,USA,,,59.42,-1.09%,904.0,0,0,0,0,0,0,0,0,0,0,1,1,0,0,0,0,0,0,0,0,0,0,0,0,-1,0,0,0,2,1,3
SCW,Pacer Swan SOS Conservative (April) ETF,Financial,Exchange Traded Fund,USA,,,30.83,0.18%,6.0,0,0,0,0,0,0,0,0,0,0,0,0,0,0,0,0,0,1,0,0,0,0,0,0,0,0,0,0,1,0,1
SEP,Innovator U.S. Equity Power Buffer ETF - September,Financial,Exchange Traded Fund,USA,,,47.38,0.35%,21629.0,0,0,0,0,0,0,0,-1,0,0,0,0,0,0,0,0,0,0,0,0,0,0,0,0,0,0,0,0,0,1,1
SFE,Paysafe Limited,Technology,Software - Infrastructure,United Kingdom,301290000.0,,5.77,0.52%,244586.0,0,0,0,0,0,0,0,0,1,0,0,0,0,0,0,0,0,0,0,0,0,0,0,0,0,0,0,0,1,0,1
SL,Invesco Dorsey Wright Consumer Staples Momentum ETF,Financial,Exchange Traded Fund,USA,,,110.57,0.17%,2099.0,0,0,0,0,0,0,0,0,0,0,0,0,0,0,0,0,0,0,0,0,1,0,0,0,0,0,0,0,1,0,1
SLV,Sprott Physical Silver Trust,Financial,Asset Management,Canada,12130000000.0,,19.89,2.53%,3795374.0,0,0,0,0,0,0,0,0,1,0,0,0,0,0,0,0,0,0,0,0,0,0,0,0,0,0,0,0,1,0,1
SMT,Pricesmart Inc,Consumer Defensive,Discount Stores,USA,5210000000.0,32.46,168.88,0.99%,220350.0,0,0,0,0,0,0,0,0,0,0,0,0,-1,0,0,0,0,0,0,0,0,0,-1,0,0,0,0,0,0,2,2
SO,Pearson plc ADR,Communication Services,Publishing,United Kingdom,10170000000.0,25.52,16.97,2.04%,669448.0,0,0,0,0,0,0,0,0,0,0,0,0,0,0,0,0,0,0,0,0,0,0,-1,0,0,0,0,0,0,1,1
SQ,ProShares Short QQQ -1x Shares,Financial,Exchange Traded Fund,USA,,,24.49,-0.41%,15834015.0,0,0,0,0,0,0,0,0,1,0,0,0,0,0,0,0,0,0,0,0,0,0,0,0,0,0,0,0,1,0,1
SQA,Palmer Square CLO Senior Debt ETF,Financial,Exchange Traded Fund,USA,,,20.66,0.49%,638974.0,0,0,0,-1,0,0,0,0,0,0,0,0,0,0,0,0,0,0,0,0,0,0,0,0,0,0,0,0,0,1,1
SQO,Palmer Square Credit Opportunities ETF,Financial,Exchange Traded Fund,USA,,,20.56,0.15%,19189.0,0,0,0,0,0,0,0,0,0,0,1,0,0,0,0,0,0,0,0,0,0,0,-1,0,0,0,0,0,1,1,2
STL,Postal Realty Trust Inc,Real Estate,REIT - Office,USA,812550000.0,41.95,22.76,1.56%,129012.0,0,0,0,0,0,0,0,0,0,0,0,0,-1,0,0,0,0,0,0,0,0,0,0,0,0,0,0,0,0,1,1
SWD,Xtrackers Cybersecurity Select Equity ETF,Financial,Exchange Traded Fund,USA,,,50.83,3.92%,3487.0,0,0,0,0,0,1,0,0,0,0,1,1,0,0,0,0,0,1,0,0,0,0,0,0,0,0,0,0,4,0,4
TC,PTC Inc,Technology,Software - Application,USA,21120000000.0,18.8,194.45,0.37%,3660633.0,0,0,0,0,0,0,0,0,0,0,0,0,0,0,0,0,0,0,0,0,0,0,0,0,0,0,0,1,1,0,1
TEN,Patterson-UTI Energy Inc,Energy,Oil & Gas Drilling,USA,4310000000.0,,11.31,-1.48%,4434176.0,0,0,0,0,0,0,0,0,0,0,1,0,0,0,0,0,0,0,0,0,0,0,-1,0,0,0,0,0,1,1,2
TF,Invesco Dorsey Wright Technology Momentum ETF,Financial,Exchange Traded Fund,USA,,,112.77,1.64%,68251.0,0,0,0,0,0,0,0,0,0,0,0,0,-1,0,0,0,0,0,0,0,0,0,0,0,0,0,0,0,0,1,1
TIN,Pacer Trendpilot International ETF,Financial,Exchange Traded Fund,USA,,,36.26,0.63%,12360.0,0,0,0,-1,0,0,0,0,0,0,0,0,0,0,0,0,0,1,0,0,0,0,0,0,0,0,0,0,1,1,2
TL,Inspire 500 ETF,Financial,Exchange Traded Fund,USA,,,278.49,0.92%,14817.0,0,0,0,0,0,0,0,0,0,0,0,0,0,0,0,0,0,0,0,0,1,0,-1,0,0,0,0,0,1,1,2
TLC,Pacer Trendpilot US Large Cap ETF,Financial,Exchange Traded Fund,USA,,,60.78,0.56%,78520.0,0,1,0,0,0,0,0,-1,0,0,1,0,0,0,0,0,0,0,0,0,0,0,0,0,0,0,0,0,2,1,3
TLO,Portillos Inc,Consumer Cyclical,Restaurants,USA,305290000.0,20.97,4.02,3.08%,1487743.0,0,0,0,0,0,0,0,0,1,0,0,0,0,0,0,0,0,0,0,0,0,0,0,0,0,0,0,0,1,0,1
TMC,Pacer Trendpilot US Mid Cap ETF,Financial,Exchange Traded Fund,USA,,,39.82,0.48%,15225.0,0,0,0,0,0,0,0,0,0,0,0,0,-1,0,0,0,0,0,0,0,0,0,0,0,0,0,0,0,0,1,1
TN,Palatin Technologies Inc,Healthcare,Biotechnology,USA,15320000.0,,8.6,-4.55%,31439.0,0,0,0,0,0,0,0,0,1,0,0,0,0,0,0,0,0,0,0,0,0,0,0,0,0,0,0,0,1,0,1
TNT,Corgi IP Licensing & Royalties ETF,Financial,Exchange Traded Fund,USA,,,24.66,0.14%,957.0,0,0,0,0,0,0,0,0,0,0,0,0,-1,0,0,0,0,0,0,0,0,0,0,1,0,0,0,0,1,1,2
ULS,PGIM Ultra Short Bond ETF,Financial,Exchange Traded Fund,USA,,,49.53,0.06%,3001053.0,0,1,0,-1,0,0,0,0,0,0,0,0,0,0,0,0,0,0,0,0,0,0,0,0,0,0,0,0,1,1,2
UMP,ProPetro Holding Corp,Energy,Oil & Gas Equipment & Services,USA,1120000000.0,,9.09,0.55%,2679818.0,0,0,0,0,0,0,0,0,1,0,0,0,0,0,0,0,0,0,0,0,0,0,0,0,0,0,0,0,1,0,1
USH,PGIM Ultra Short Municipal Bond ETF,Financial,Exchange Traded Fund,USA,,,49.95,0.22%,74918.0,0,1,0,0,0,0,0,0,0,0,0,0,0,0,0,0,0,0,0,-1,0,0,0,0,0,0,0,0,1,1,2
VEX,TrueShares ConVex Protect ETF,Financial,Exchange Traded Fund,USA,,,31.47,0.88%,1442.0,0,1,0,0,0,0,0,0,0,0,0,0,0,0,0,0,0,0,0,0,0,0,0,0,0,0,0,0,1,0,1
VH,PVH Corp,Consumer Cyclical,Apparel Manufacturing,USA,3750000000.0,,81.35,0.26%,712434.0,0,0,0,0,0,0,0,0,1,0,0,0,0,0,0,0,0,0,0,0,0,0,0,0,0,0,0,0,1,0,1
VI,Invesco Floating Rate Municipal Income ETF,Financial,Exchange Traded Fund,USA,,,24.89,0.00%,2164.0,0,0,0,0,0,0,0,0,0,0,0,0,0,0,0,0,0,1,0,0,0,0,0,0,0,0,0,0,1,0,1
VL,Permianville Royalty Trust,Energy,Oil & Gas E&P,USA,59070000.0,10.23,1.79,-1.65%,97597.0,0,0,0,0,0,0,0,0,0,0,0,0,-1,0,0,0,0,0,0,0,0,0,0,0,0,0,0,0,0,1,1
VLA,Palvella Therapeutics Inc,Healthcare,Biotechnology,USA,2000000000.0,,138.77,5.66%,174040.0,0,0,0,-1,0,0,0,0,0,0,0,0,0,0,0,0,0,0,0,0,0,0,0,0,0,0,0,0,0,1,1
WER,Nomura Energy Transition ETF,Financial,Exchange Traded Fund,USA,,,44.94,0.81%,1263.0,0,0,0,0,0,0,0,0,0,0,1,0,0,0,0,0,0,0,0,0,0,0,0,0,-1,0,0,0,1,1,2
WRD,TCW Transform Systems ETF,Financial,Exchange Traded Fund,USA,,,107.15,0.67%,95017.0,0,0,0,0,0,0,0,0,1,0,0,0,0,0,0,0,0,0,0,0,0,0,0,0,0,0,0,0,1,0,1
WRZ,TrueShares Eagle Global Next Gen Power Infrastructure ETF,Financial,Exchange Traded Fund,USA,,,29.18,0.34%,80211.0,0,0,0,0,0,0,0,0,1,0,0,0,0,0,0,0,0,0,0,0,0,0,0,0,0,0,0,0,1,0,1
XE,Invesco Energy Exploration & Production ETF,Financial,Exchange Traded Fund,USA,,,42.42,-1.05%,67851.0,0,1,0,0,0,0,0,0,0,0,0,0,0,0,0,0,0,0,0,0,0,0,0,0,0,0,0,0,1,0,1
XED,Phoenix Education Partners Inc,Consumer Defensive,Education & Training Services,USA,937590000.0,11.66,26.01,-0.54%,107338.0,0,0,0,0,0,0,0,0,1,0,0,0,0,0,0,0,0,0,0,0,0,0,0,0,0,0,0,0,1,0,1
XI,Invesco Dorsey Wright Energy Momentum ETF,Financial,Exchange Traded Fund,USA,,,65.04,-0.87%,7284.0,0,1,0,0,0,0,0,0,0,0,0,0,0,0,0,0,0,0,0,0,0,0,0,0,0,0,0,0,1,0,1
XLW,Pixelworks Inc,Technology,Semiconductors,USA,35940000.0,,5.94,-1.66%,50678.0,0,0,0,0,0,0,0,0,0,0,1,1,0,0,0,0,0,0,0,0,0,0,0,0,0,0,0,0,2,0,2
YZ,Invesco Dorsey Wright Basic Materials Momentum ETF,Financial,Exchange Traded Fund,USA,,,115.19,0.49%,1022.0,0,0,0,0,0,0,0,0,0,0,0,0,0,0,0,0,0,0,0,0,1,0,0,0,0,0,0,0,1,0,1
ZG,Paramount Gold Nevada Corp,Basic Materials,Gold,USA,100010000.0,,1.16,2.65%,166520.0,0,0,0,0,0,0,0,0,0,0,0,0,-1,0,0,0,0,0,0,0,0,0,0,0,0,0,0,0,0,1,1
ZZA,Papa John's International Inc,Consumer Cyclical,Restaurants,USA,650210000.0,24.8,19.75,1.49%,1312401.0,0,1,0,0,0,0,0,0,0,0,0,0,-1,-1,0,0,0,0,0,0,0,0,0,0,0,0,0,0,1,2,3
,Qnity Electronics Inc,Technology,Semiconductor Equipment & Materials,USA,26490000000.0,45.33,126.6,-0.06%,1285826.0,0,1,0,0,0,0,0,0,1,1,0,0,0,0,0,0,0,0,0,0,0,0,0,0,0,0,0,0,3,0,3
AI,NYLIM Hedge Multi-Strategy Tracker ETF,Financial,Exchange Traded Fund,USA,,,36.17,0.33%,19537.0,0,0,0,0,0,0,0,0,0,0,1,0,0,0,0,0,0,0,0,0,0,0,-1,0,0,0,0,0,1,1,2
BKF,AllianzIM U.S. Small Cap Buffer15 ETF,Financial,Exchange Traded Fund,USA,,,26.07,0.17%,407.0,0,0,0,0,0,0,0,0,0,0,0,0,-1,0,0,0,0,0,0,0,1,0,0,0,0,0,0,0,1,1,2
BKV,AllianzIM U.S. Small Cap Buffer5 ETF,Financial,Exchange Traded Fund,USA,,,26.87,0.32%,7.0,0,0,0,0,0,0,0,0,1,0,0,0,0,0,0,0,0,0,0,0,0,0,0,0,0,0,0,0,1,0,1
BQF,AllianzIM Growth-100 Buffer15 ETF,Financial,Exchange Traded Fund,USA,,,26.16,0.17%,908.0,0,0,0,0,0,0,0,-1,0,0,0,0,0,0,0,0,0,0,0,0,0,0,0,0,0,0,0,0,0,1,1
BSV,AllianzIM U.S Equity Buffer5 ETF,Financial,Exchange Traded Fund,USA,,,27.46,0.38%,92.0,0,0,0,0,0,1,0,0,0,0,1,1,0,0,0,0,0,1,0,0,0,0,0,0,-1,0,0,0,4,1,5
BUL,TrueShares Quarterly Bull Hedge ETF,Financial,Exchange Traded Fund,USA,,,24.13,0.16%,168.0,0,0,0,0,0,0,0,0,0,0,0,0,-1,-1,0,0,0,0,0,0,0,0,0,0,0,0,0,0,0,2,2
CJL,FT Vest Nasdaq-100 Conservative Buffer ETF - July,Financial,Exchange Traded Fund,USA,,,26.31,0.27%,1307.0,0,0,0,0,0,0,0,-1,0,0,0,0,0,0,0,0,0,0,0,0,0,0,0,0,0,0,0,0,0,1,1
CLR,Global X NASDAQ 100 Collar 95-110 ETF,Financial,Exchange Traded Fund,USA,,,28.4,0.37%,6.0,0,0,0,0,0,0,0,0,0,0,1,0,-1,0,0,0,0,0,0,0,0,0,0,0,0,0,0,0,1,1,2
CLS,Q/C Technologies Inc,Technology,Computer Hardware,USA,5160000.0,,0.63,-1.05%,134196.0,0,0,0,0,0,0,0,0,1,0,0,0,0,0,0,0,0,0,0,0,0,0,0,0,0,0,0,0,1,0,1
CMU,Direxion Daily QCOM Bull 2X ETF,Financial,Exchange Traded Fund,USA,,,20.41,-0.90%,130331.0,0,0,0,0,0,0,0,0,0,0,0,0,-1,0,0,0,0,0,0,0,0,0,0,1,0,0,0,0,1,1,2
DEL,QuidelOrtho Corp,Healthcare,Medical Devices,USA,920280000.0,,13.42,8.14%,3576905.0,0,0,0,0,0,0,0,0,0,0,0,0,-1,0,0,0,0,0,0,0,1,0,0,1,0,0,0,0,2,1,3
DVO,Amplify CWP Growth & Income ETF,Financial,Exchange Traded Fund,USA,,,30.47,0.53%,166350.0,0,0,0,0,0,0,0,-1,0,0,0,0,0,0,0,0,0,0,0,0,0,0,0,0,0,0,0,0,0,1,1
EMM,State Street SPDR MSCI Emerging Markets StrategicFactors ETF,Financial,Exchange Traded Fund,USA,,,80.63,1.18%,4503.0,0,0,0,0,0,0,0,0,0,0,1,0,0,0,0,0,0,0,0,0,0,0,0,0,-1,0,0,0,1,1,2
ETA,Quetta Acquisition Corp,Financial,Shell Companies,USA,57190000.0,68.95,16.41,41.47%,138772.0,0,0,0,0,0,1,0,0,0,0,0,0,0,0,0,0,0,0,0,0,0,0,0,0,0,0,0,0,1,0,1
FLR,Innovator Nasdaq-100 Managed Floor ETF,Financial,Exchange Traded Fund,USA,,,36.61,0.66%,94099.0,0,0,0,-1,0,0,0,0,0,0,0,0,0,0,0,0,0,0,0,0,0,0,0,0,0,0,0,0,0,1,1
FRD,Pacer S&P 500 Quality FCF R&D Leaders,Financial,Exchange Traded Fund,USA,,,31.67,1.66%,11.0,0,0,0,0,0,0,0,0,0,0,0,0,0,0,0,0,0,1,0,0,0,0,0,0,0,0,0,0,1,0,1
GRW,WisdomTree U.S. Quality Growth Fund,Financial,Exchange Traded Fund,USA,,,70.46,1.03%,144896.0,0,0,0,0,0,0,0,0,0,0,1,1,0,0,0,0,0,0,0,0,0,0,0,0,0,0,0,0,2,0,2
ID,ProShares UltraShort QQQ -2x Shares,Financial,Exchange Traded Fund,USA,,,12.81,-0.93%,24952511.0,0,0,0,0,0,0,0,0,1,0,0,0,0,0,0,0,0,0,0,0,0,0,0,0,0,0,0,0,1,0,1
LEP,Quantum Leap Acquisition Corp,Financial,Shell Companies,USA,301290000.0,,10.05,0.00%,166.0,0,0,0,0,0,0,0,0,0,0,0,0,0,0,0,0,0,0,0,0,0,0,-1,0,0,0,0,0,0,1,1
LTI,GMO International Quality ETF,Financial,Exchange Traded Fund,USA,,,26.82,0.89%,17218.0,0,0,0,0,0,0,0,0,0,0,1,0,0,0,0,0,0,0,0,0,0,0,0,0,0,0,0,0,1,0,1
LVE,Northern Trust Emerging Markets Quality Low Volatility ETF,Financial,Exchange Traded Fund,USA,,,33.66,0.82%,29.0,0,0,0,0,0,0,0,0,0,0,0,0,0,0,0,1,0,0,0,0,0,0,0,0,0,0,0,0,1,0,1
MID,WisdomTree U.S. MidCap Quality Growth Fund,Financial,Exchange Traded Fund,USA,,,29.36,0.67%,185.0,0,1,0,0,0,0,0,0,0,0,0,0,0,0,0,0,0,0,0,0,0,0,0,0,0,0,0,0,1,0,1
NC,Quantum eMotion Corp,Technology,Software - Infrastructure,Canada,346600000.0,,1.58,2.60%,417778.0,0,0,0,0,0,0,0,0,1,0,0,0,0,0,0,0,0,0,0,0,0,0,0,0,0,0,0,0,1,0,1
NXT,iShares Nasdaq-100 ex Top 30 ETF,Financial,Exchange Traded Fund,USA,,,31.39,0.94%,2164.0,0,0,0,0,0,0,0,0,0,0,0,0,-1,0,0,0,0,0,0,0,0,0,0,0,0,0,-1,0,0,2,2
PUX,Defiance 2X Daily Long Pure Quantum ETF,Financial,Exchange Traded Fund,USA,,,9.94,-2.45%,273046.0,0,0,0,0,0,0,0,0,0,0,0,0,-1,0,0,0,0,0,0,0,0,0,0,1,0,0,0,0,1,1,2
PX,AdvisorShares Q Dynamic Growth ETF,Financial,Exchange Traded Fund,USA,,,48.88,0.58%,802.0,0,0,0,0,0,0,0,0,0,0,1,1,0,0,0,0,0,0,0,0,0,0,-1,0,0,0,0,0,2,1,3
QDN,ProShares UltraShort QQQ Mega,Financial,Exchange Traded Fund,USA,,,18.98,-1.49%,3110.0,0,0,0,0,0,0,0,0,1,0,0,0,0,0,0,0,0,0,0,0,0,0,0,0,0,0,0,0,1,0,1
QHG,Invesco QQQ Hedged Advantage ETF,Financial,Exchange Traded Fund,USA,,,68.29,0.27%,2786.0,0,1,0,0,0,0,0,0,0,0,0,0,0,0,0,0,0,0,0,0,0,0,0,0,0,0,0,0,1,0,1
QQD,Direxion Daily Magnificent 7 Bear 1X ETF,Financial,Exchange Traded Fund,USA,,,11.52,-0.82%,11550.0,0,0,0,0,0,0,0,0,1,0,0,0,0,0,0,0,0,0,0,0,0,0,0,0,0,0,0,0,1,0,1
QQP,Tradr 2X Long Innovation 100 Quarterly ETF,Financial,Exchange Traded Fund,USA,,,238.44,0.97%,386.0,0,0,0,0,0,0,0,0,0,0,1,0,0,0,0,0,0,0,0,0,0,0,-1,0,0,0,0,0,1,1,2
QQS,Invesco NASDAQ Future Gen 200 ETF,Financial,Exchange Traded Fund,USA,,,42.15,1.39%,2756.0,0,0,0,0,0,0,0,-1,0,0,0,0,0,0,0,0,0,0,0,0,0,0,0,0,0,0,0,0,0,1,1
QQU,Direxion Daily Magnificent 7 Bull 2X ETF,Financial,Exchange Traded Fund,USA,,,65.48,2.00%,29212.0,0,0,0,0,0,0,0,0,0,0,1,0,0,0,0,0,0,0,0,0,0,0,0,0,0,0,0,0,1,0,1
QQX,Nuveen NASDAQ 100 Dynamic Overwrite Fund,Financial,Closed-End Fund - Equity,USA,1530000000.0,,31.1,0.68%,151805.0,0,0,0,0,0,0,0,0,0,0,0,0,0,0,0,1,0,0,0,0,0,0,0,0,0,0,0,0,1,0,1
QUP,ProShares Ultra QQQ Mega,Financial,Exchange Traded Fund,USA,,,67.56,1.40%,4105.0,0,0,0,0,0,0,0,-1,0,0,0,0,0,0,0,0,0,0,0,0,0,0,0,0,0,0,0,0,0,1,1
QWZ,Pacer Cash COWZ 100-Nasdaq 100 Rotator ETF,Financial,Exchange Traded Fund,USA,,,27.98,0.50%,9369.0,0,0,0,0,0,0,0,0,0,0,1,0,0,0,0,0,0,0,0,0,0,0,0,0,-1,0,0,0,1,1,2
RMI,Global X NASDAQ 100 Risk Managed Income ETF,Financial,Exchange Traded Fund,USA,,,15.31,0.13%,153.0,0,0,0,0,0,0,0,0,0,0,0,0,-1,0,0,0,0,0,0,0,0,0,0,0,0,0,0,0,0,1,1
S,QuantumScape Corp,Consumer Cyclical,Auto Parts,USA,2840000000.0,,4.58,0.00%,11958903.0,0,0,0,0,0,0,0,0,1,0,0,0,0,0,0,0,0,0,0,0,0,0,0,0,0,0,0,0,1,0,1
SI,Quantum-Si Incorporated,Healthcare,Medical Devices,USA,334890000.0,,1.53,25.41%,40903937.0,0,0,0,0,0,0,0,0,0,0,0,0,0,0,0,0,0,0,0,0,0,0,0,1,0,0,0,0,1,0,1
SIX,Pacer Metaurus Nasdaq 100 Dividend Multiplier 600 ETF,Financial,Exchange Traded Fund,USA,,,43.86,0.46%,1034.0,0,0,0,0,0,0,0,0,0,0,0,0,0,0,0,1,0,0,0,0,0,0,0,0,0,0,0,0,1,0,1
SR,Restaurant Brands International Inc,Consumer Cyclical,Restaurants,USA,32250000000.0,20.97,70.95,0.41%,2900401.0,0,0,0,0,0,0,0,0,0,0,1,0,0,0,0,0,0,0,0,0,1,0,-1,0,0,0,0,0,2,1,3
TAC,Q3 All-Season Tactical Advantage ETF,Financial,Exchange Traded Fund,USA,,,26.02,0.77%,13335.0,0,0,0,0,0,0,0,0,1,0,0,0,0,0,0,0,0,0,0,0,0,0,0,0,0,0,0,0,1,0,1
TEC,First Trust NASDAQ-100 Technology Sector Index Fund,Financial,Exchange Traded Fund,USA,,,331.55,0.71%,3915029.0,0,0,0,0,0,0,0,0,0,0,0,0,0,0,0,0,0,0,0,0,0,0,0,0,-1,0,0,0,0,1,1
TRX,Quanterix Corp,Healthcare,Medical Devices,USA,155120000.0,,3.28,2.18%,282656.0,0,0,0,0,0,0,0,0,0,0,0,0,-1,0,0,0,0,0,0,0,0,0,0,0,0,1,0,0,1,1,2
UAD,Quad/Graphics Inc,Industrials,Specialty Business Services,USA,481010000.0,14.9,9.34,-1.58%,182393.0,0,0,0,0,0,1,0,0,0,0,0,0,0,0,0,0,0,0,0,0,0,0,0,0,0,0,0,0,1,0,1
UBX,Tradr 2X Long QUBT Daily ETF,Financial,Exchange Traded Fund,USA,,,21.73,0.79%,23999.0,0,0,0,0,0,0,0,0,0,0,0,0,-1,-1,0,0,0,0,0,0,0,0,0,0,0,0,0,0,0,2,2
USA,VistaShares Target 15 USA Quality Income ETF,Financial,Exchange Traded Fund,USA,,,17.91,0.63%,6335.0,0,0,0,0,0,0,0,0,0,0,0,0,-1,0,0,0,0,0,0,0,0,0,0,0,0,0,0,0,0,1,1
XL,Quantum X Labs Inc,Technology,Information Technology Services,Israel,84760000.0,,3.93,-5.30%,22758.0,0,1,0,0,0,1,0,0,0,0,0,0,-1,0,0,0,0,0,0,0,0,0,0,0,0,0,-1,0,2,2,4
XO,QXO Inc,Industrials,Industrial Distribution,USA,11220000000.0,,10.81,-2.79%,20547134.0,0,0,0,0,0,1,0,0,0,0,0,0,0,0,0,0,0,0,0,0,0,0,0,0,0,0,0,0,1,0,1
AA,SMI 3Fourteen REAL Asset Allocation ETF,Financial,Exchange Traded Fund,USA,,,30.34,0.43%,28681.0,0,0,0,0,0,0,0,0,0,0,1,0,0,0,0,0,0,0,0,0,0,0,-1,0,0,0,0,0,1,1,2
AAA,Reckoner Yield Enhanced AAA CLO ETF,Financial,Exchange Traded Fund,USA,,,25.09,0.10%,43089.0,0,0,0,0,0,0,0,0,0,0,0,0,0,0,0,1,0,0,0,0,0,0,0,0,0,0,0,0,1,0,1
AAR,Reckoner Yield Enhanced AAA CLO Reinvesting ETF,Financial,Exchange Traded Fund,USA,,,51.75,0.12%,622.0,0,0,0,-1,0,1,0,0,0,0,1,1,0,0,0,0,0,1,0,0,0,0,-1,0,0,0,0,0,4,2,6
AAX,VanEck Real Assets ETF,Financial,Exchange Traded Fund,USA,,,40.84,0.86%,324661.0,0,0,0,0,0,0,0,0,0,0,0,0,-1,0,0,0,0,0,0,0,0,0,0,0,0,0,0,0,0,1,1
ACD,Research Alliance Corp IV,Financial,Shell Companies,USA,100720000.0,,11.3,-4.24%,29.0,0,0,0,0,0,0,0,0,1,0,0,0,0,0,0,0,0,0,0,0,0,0,0,0,0,0,0,0,1,0,1
ACK,VanEck Data Center Supply Chain ETF,Financial,Exchange Traded Fund,USA,,,49.8,1.08%,11537.0,0,0,0,0,0,0,0,0,0,0,1,0,0,0,0,0,0,0,0,0,0,0,0,0,0,0,0,0,1,0,1
AFE,Pimco Rafi ESG U.S. ETF,Financial,Exchange Traded Fund,USA,,,49.62,0.25%,8611.0,0,0,0,-1,0,0,0,0,0,0,0,0,0,0,0,0,0,0,0,0,0,0,0,0,0,0,0,0,0,1,1
AIN,Rain Enhancement Technologies Holdco Inc,Industrials,Pollution & Treatment Controls,USA,7840000.0,,0.67,-8.72%,160721.0,0,0,0,0,0,0,0,0,1,0,0,0,0,0,0,0,0,0,0,0,0,0,0,0,0,0,0,0,1,0,1
AM,Roundhill T-REX 2X Long DRAM Daily Target ETF,Financial,Exchange Traded Fund,USA,,,12.17,0.33%,5819603.0,0,1,0,0,0,0,0,0,0,0,1,1,0,0,0,0,0,0,0,0,1,0,0,0,0,0,0,0,4,0,4
ANI,Rani Therapeutics Holdings Inc,Healthcare,Biotechnology,USA,111380000.0,,0.8,0.88%,235938.0,0,0,0,0,0,0,0,0,1,0,0,0,0,0,0,0,0,0,0,0,0,0,0,0,0,0,0,0,1,0,1
ANK,Defiance KSM TipRanks Analyst ETF,Financial,Exchange Traded Fund,USA,,,19.68,1.06%,1661.0,0,0,0,0,0,0,0,0,0,0,0,0,0,0,0,1,0,0,0,0,0,0,0,0,0,0,0,0,1,0,1
AUS,RACWI US ETF,Financial,Exchange Traded Fund,USA,,,30.57,0.56%,2350.0,0,0,0,0,0,0,0,0,0,0,1,0,0,0,0,0,0,0,0,0,0,0,0,0,0,0,0,0,1,0,1
AVI,Northern Trust Ultra-Short Fixed Income ETF,Financial,Exchange Traded Fund,USA,,,75.06,0.01%,24992.0,0,1,0,-1,0,0,0,0,0,0,0,0,0,0,0,0,0,0,0,0,0,0,0,0,0,0,0,0,1,1,2
BB,RBB Bancorp,Financial,Banks - Regional,USA,430010000.0,10.46,25.42,-1.78%,85093.0,0,0,0,0,0,0,0,0,1,0,0,0,0,0,0,0,0,0,0,0,0,0,0,0,0,0,0,0,1,0,1
BC,RBC Bearings Inc,Industrials,Tools & Accessories,USA,15950000000.0,49.77,503.68,2.58%,284823.0,0,0,0,0,0,0,0,0,1,0,0,0,0,0,0,0,0,0,0,0,0,0,0,0,0,0,0,0,1,0,1
BIL,F/m Ultrashort Treasury Inflation-Protected Security (TIPS) ETF,Financial,Exchange Traded Fund,USA,,,50.05,-0.01%,11280.0,0,0,0,0,0,0,0,0,0,0,0,0,-1,-1,0,0,0,0,0,0,0,0,0,0,0,0,0,0,0,2,2
BKB,Rhinebeck Bancorp Inc,Financial,Banks - Regional,USA,201080000.0,19.99,12.86,-0.69%,68718.0,0,0,0,0,0,0,0,-1,0,0,0,0,0,0,0,0,0,0,0,0,0,0,0,0,0,0,0,0,0,1,1
BLD,First Trust Alerian U.S. NextGen Infrastructure ETF,Financial,Exchange Traded Fund,USA,,,85.67,1.38%,714.0,0,1,0,0,0,0,0,0,0,0,0,0,0,0,0,0,0,0,0,0,0,0,0,0,-1,0,0,0,1,1,2
BLX,Roblox Corp,Communication Services,Electronic Gaming & Multimedia,USA,34350000000.0,,48.09,5.65%,9944641.0,0,0,0,0,0,0,0,0,0,0,0,0,0,0,0,0,0,0,0,-1,0,0,0,0,0,0,0,0,0,1,1
BUF,Innovator U.S. Small Cap 10 Buffer ETF - Quarterly,Financial,Exchange Traded Fund,USA,,,31.1,0.19%,7948.0,0,0,0,0,0,0,0,0,0,0,0,0,-1,0,0,0,0,0,0,0,0,0,0,0,0,0,0,0,0,1,1
CS,PIMCO Strategic Income Fund Inc,Financial,Closed-End Fund - Debt,USA,238620000.0,,5.04,0.00%,104774.0,0,1,0,0,0,0,0,0,0,0,0,0,0,0,0,0,0,0,0,0,0,0,0,0,0,0,0,0,1,0,1
CTR,First Trust Bloomberg Nuclear Power ETF,Financial,Exchange Traded Fund,USA,,,32.67,1.32%,27084.0,0,0,0,0,0,1,0,0,1,0,0,0,0,0,0,0,0,0,0,0,0,0,0,0,0,0,0,0,2,0,2
DAC,Rising Dragon Acquisition Corp,Financial,Shell Companies,China,18650000.0,39.4,5.43,0.00%,2305.0,0,0,0,0,0,1,0,0,0,0,0,0,-1,-1,0,0,0,0,0,0,0,0,0,0,0,0,0,0,1,2,3
DFI,Rareview Dynamic Fixed Income ETF,Financial,Exchange Traded Fund,USA,,,21.48,0.75%,57520.0,0,1,0,0,0,0,0,0,0,0,0,0,0,0,0,0,0,0,0,0,0,0,0,0,0,0,0,0,1,0,1
DNW,RideNow Group Inc,Consumer Cyclical,Auto & Truck Dealerships,USA,192710000.0,,4.94,2.70%,28882.0,0,0,0,0,0,0,0,0,1,0,0,0,0,0,0,0,0,0,0,0,0,0,0,0,0,0,-1,0,1,1,2
DOG,ALPS REIT Dividend Dogs ETF,Financial,Exchange Traded Fund,USA,,,37.87,0.64%,218.0,0,0,0,0,0,0,0,0,0,0,0,0,-1,0,0,0,0,0,0,0,0,0,0,0,0,0,0,0,0,1,1
DTE,Roundhill Russell 2000 0DTE Covered Call Strategy ETF,Financial,Exchange Traded Fund,USA,,,26.12,0.62%,147959.0,0,1,0,0,0,0,0,0,0,0,0,0,0,0,0,0,0,0,0,0,0,0,0,0,0,0,0,0,1,0,1
DTL,GraniteShares 2x Long RDDT Daily ETF,Financial,Exchange Traded Fund,USA,,,14.14,4.59%,591812.0,0,0,0,0,0,0,0,0,0,0,0,0,-1,0,0,0,0,0,0,0,0,0,0,0,0,0,0,0,0,1,1
DTY,YieldMax R2000 0DTE Covered Strategy ETF,Financial,Exchange Traded Fund,USA,,,34.64,0.57%,8072.0,0,1,0,0,0,0,0,0,0,0,0,0,0,0,0,0,0,0,0,0,0,0,0,0,0,0,0,0,1,0,1
DVT,Red Violet Inc,Technology,Software - Application,USA,1280000000.0,70.64,79.78,-0.10%,134750.0,0,0,0,0,0,0,0,-1,0,0,0,0,0,0,0,0,0,0,0,0,0,0,0,0,0,0,0,0,0,1,1
DW,Redwire Corp,Industrials,Aerospace & Defense,USA,2390000000.0,,9.58,-1.84%,9171719.0,0,0,0,0,0,0,0,0,0,0,0,0,0,0,0,0,0,0,0,0,0,0,0,0,0,0,-1,0,0,1,1
DY,Dr. Reddy's Laboratories Ltd ADR,Healthcare,Drug Manufacturers - Specialty & Generic,India,10390000000.0,28.04,12.48,2.30%,1972372.0,0,0,0,0,0,0,0,0,1,0,0,0,0,0,0,0,0,0,0,0,0,0,0,1,0,0,0,0,2,0,2
DYY,YieldMax RDDT Option Income Strategy ETF,Financial,Exchange Traded Fund,USA,,,15.59,2.03%,28849.0,0,1,0,0,0,0,0,0,0,0,0,0,0,0,0,0,0,0,0,0,0,0,0,0,0,0,0,0,1,0,1
DZN,Roadzen Inc,Technology,Software - Application,USA,96230000.0,,1.13,0.89%,364518.0,0,0,0,0,0,0,0,0,0,0,0,0,0,0,0,1,0,0,0,0,0,0,0,0,0,0,0,0,1,0,1
EAL,Therealreal Inc,Consumer Cyclical,Luxury Goods,USA,1190000000.0,,9.75,1.35%,2185395.0,0,0,0,0,0,0,0,0,0,0,0,0,-1,0,0,0,0,0,0,0,0,0,0,0,0,0,0,0,0,1,1
EAX,Real REMAX Group Inc,Real Estate,Real Estate Services,USA,572210000.0,,15.65,-8.37%,535981.0,0,0,0,0,0,0,0,0,0,0,0,0,0,0,0,0,0,0,0,0,0,0,0,0,0,1,0,0,1,0,1
ECI,Columbia Research Enhanced Core Premium Income ETF,Financial,Exchange Traded Fund,USA,,,20.53,-0.07%,17.0,0,0,0,0,0,0,0,0,0,0,1,0,0,0,0,0,0,0,0,0,0,0,0,0,0,0,0,0,1,0,1
ECS,Columbia Research Enhanced Core ETF,Financial,Exchange Traded Fund,USA,,,45.84,0.20%,386034.0,0,0,0,0,0,0,0,0,0,0,0,0,0,0,0,0,0,0,0,0,0,0,-1,0,0,0,0,0,0,1,1
ECT,Rectitude Holdings Ltd,Consumer Cyclical,Specialty Retail,Singapore,19500000.0,8.47,1.26,2.44%,5059.0,0,0,0,0,0,0,0,0,0,0,1,0,0,0,0,0,0,0,0,0,0,0,0,0,0,0,0,0,1,0,1
EFR,Research Frontiers Inc,Technology,Electronic Components,USA,20690000.0,,0.59,-4.68%,162567.0,0,0,0,0,0,0,0,0,0,0,0,0,0,0,0,0,0,0,0,0,0,0,0,0,0,1,0,0,1,0,1
EGS,Columbia Large Cap Growth ETF,Financial,Exchange Traded Fund,USA,,,11.8,0.55%,34020.0,0,0,0,0,0,0,0,0,0,0,1,1,0,0,0,0,0,0,0,0,0,0,0,0,-1,0,0,0,2,1,3
ELL,Richardson Electronics Ltd,Technology,Electronic Components,USA,304800000.0,35.83,20.79,4.11%,491740.0,0,1,0,0,0,1,0,0,0,0,0,0,0,0,0,0,0,0,0,0,0,0,0,0,0,0,0,0,2,0,2
EMX,VanEck Rare Earth/Strategic Metals ETF,Financial,Exchange Traded Fund,USA,,,60.97,0.64%,571538.0,0,0,0,0,0,0,0,0,1,0,0,0,0,0,0,0,0,0,0,0,0,0,0,0,0,0,0,0,1,0,1
EPX,Riley Exploration Permian Inc,Energy,Oil & Gas E&P,USA,1010000000.0,8.35,45.37,1.64%,186738.0,0,0,0,-1,0,0,0,0,0,0,0,0,0,0,0,0,0,0,0,0,0,0,0,0,0,0,0,0,0,1,1
ES,RPC Inc,Energy,Oil & Gas Equipment & Services,USA,1320000000.0,59.48,5.96,-0.67%,1605360.0,0,0,0,0,0,0,0,0,1,0,0,0,0,0,0,0,0,0,0,0,0,0,0,0,0,0,0,0,1,0,1
EX,REX American Resources Corp,Basic Materials,Chemicals,USA,1400000000.0,11.54,42.09,-6.13%,218743.0,0,0,0,0,0,0,0,0,0,0,0,0,-1,0,0,0,0,0,0,0,0,0,0,0,0,0,0,0,0,1,1
EXC,Sprott Rare Earths Ex-China ETF,Financial,Exchange Traded Fund,USA,,,14.74,-0.35%,72558.0,0,0,0,-1,0,0,0,0,0,0,0,0,0,0,0,0,0,0,0,0,0,0,0,0,0,0,0,0,0,1,1
FFC,ALPS Active Equity Opportunity ETF,Financial,Exchange Traded Fund,USA,,,77.55,0.70%,25.0,0,0,0,-1,0,0,0,0,0,0,1,0,0,0,0,0,0,1,0,0,0,0,0,0,0,0,0,0,2,1,3
FG,Invesco S&P MidCap 400 Pure Growth ETF,Financial,Exchange Traded Fund,USA,,,60.32,1.32%,2536.0,0,0,0,0,0,0,0,0,0,0,0,0,-1,0,0,0,0,0,0,0,1,0,-1,0,0,0,0,0,1,2,3
FIX,Simplify Bond Bull ETF,Financial,Exchange Traded Fund,USA,,,35.46,-2.37%,1361364.0,0,0,0,0,0,0,0,0,0,0,0,0,-1,-1,0,0,0,0,0,0,0,0,0,0,0,0,0,0,0,2,2
FL,Rafael Holdings Inc,Real Estate,Real Estate Services,USA,83220000.0,,1.6,8.11%,93929.0,0,0,0,0,0,0,0,0,1,0,0,0,0,0,0,0,0,0,0,0,0,0,0,0,0,0,0,0,1,0,1
FLR,Innovator U.S. Small Cap Managed Floor ETF,Financial,Exchange Traded Fund,USA,,,31.59,0.53%,10136.0,0,0,0,0,0,0,0,0,1,0,0,0,0,0,0,0,0,0,0,0,0,0,0,0,0,0,0,0,1,0,1
FV,Invesco S&P MidCap 400 Pure Value ETF,Financial,Exchange Traded Fund,USA,,,144.59,-0.53%,5048.0,0,0,0,0,0,0,0,0,0,0,0,0,0,0,0,0,0,0,0,0,0,0,-1,0,0,0,0,0,0,1,1
GP,Resources Connection Inc,Industrials,Consulting Services,USA,98210000.0,,2.83,-5.35%,882284.0,0,0,0,0,0,0,0,0,0,0,1,1,0,0,0,0,0,0,0,0,0,0,0,0,0,0,0,0,2,0,2
GR,"Sturm, Ruger & Co Inc",Industrials,Aerospace & Defense,USA,691220000.0,58.18,43.26,-0.80%,296637.0,0,0,0,0,0,0,0,0,1,1,0,0,0,0,0,0,0,0,0,0,0,0,0,0,0,0,0,0,2,0,2
GS,Regis Corp,Consumer Cyclical,Personal Services,USA,73630000.0,12.19,29.45,0.17%,610.0,0,0,0,0,0,0,0,0,0,0,1,1,0,0,0,0,0,0,0,0,0,0,0,0,-1,0,0,0,2,1,3
GTI,Rigetti Computing Inc,Technology,Computer Hardware,USA,4680000000.0,,14.03,-0.78%,10223130.0,0,0,0,0,0,0,0,0,0,0,0,0,-1,0,0,0,0,0,0,0,0,0,0,1,0,0,0,0,1,1,2
GTU,Tradr 2X Long RGTI Daily ETF,Financial,Exchange Traded Fund,USA,,,8.33,-1.65%,70975.0,0,0,0,0,0,0,0,0,1,0,0,0,0,0,0,0,0,0,0,0,0,0,0,0,0,0,0,0,1,0,1
HP,Ryman Hospitality Properties Inc,Real Estate,REIT - Hotel & Motel,USA,8210000000.000001,29.54,120.28,0.28%,412747.0,0,0,0,0,0,0,0,0,0,0,0,0,-1,0,0,0,0,0,0,0,1,0,0,0,0,0,0,0,1,1,2
HRX,Adaptive Tactical Rotation ETF,Financial,Exchange Traded Fund,USA,,,21.84,0.62%,4655.0,0,1,0,0,0,0,0,0,0,0,0,0,-1,0,0,0,0,0,0,0,0,0,0,0,0,0,0,0,1,1,2
HTX,RH Tactical Outlook ETF,Financial,Exchange Traded Fund,USA,,,20.01,0.79%,23.0,0,0,0,0,0,0,0,0,0,0,1,0,0,0,0,0,0,0,0,0,1,0,0,0,0,0,0,0,2,0,2
IFR,Russell Investments Global Infrastructure ETF,Financial,Exchange Traded Fund,USA,,,27.39,1.27%,3228.0,0,1,0,0,0,0,0,0,0,0,0,0,0,0,0,0,0,0,0,0,0,0,0,0,0,0,0,0,1,0,1
INF,ProShares Inflation Expectations ETF,Financial,Exchange Traded Fund,USA,,,32.58,-0.06%,18235.0,0,0,0,0,0,0,0,0,0,0,1,0,0,0,0,0,0,0,0,0,0,0,-1,0,0,0,0,0,1,1,2
ISR,FolioBeyond Alternative Income and Interest Rate Hedge ETF,Financial,Exchange Traded Fund,USA,,,37.39,0.43%,106702.0,0,0,0,0,0,0,0,-1,0,0,0,0,0,0,0,0,0,0,0,0,0,0,0,0,0,0,0,0,0,1,1
ITM,Rithm Capital Corp,Real Estate,REIT - Mortgage,USA,4820000000.0,14.38,8.64,0.23%,5008397.0,0,0,0,0,0,0,0,0,0,0,1,0,0,0,0,0,0,0,0,0,0,0,0,0,0,0,0,0,1,0,1
IV,RiverNorth Opportunities Fund Inc,Financial,Closed-End Fund - Equity,USA,278100000.0,,10.25,0.00%,110459.0,0,0,0,0,0,0,0,0,1,0,0,0,0,0,0,0,0,0,0,0,0,0,0,0,0,0,0,0,1,0,1
IVN,Rivian Automotive Inc,Consumer Cyclical,Auto Manufacturers,USA,20210000000.0,,13.96,-2.58%,25755665.0,0,1,0,0,0,0,0,0,0,0,0,0,0,0,0,0,0,0,0,0,0,0,0,0,0,0,0,0,1,0,1
JET,Republic Airways Holdings Inc,Industrials,Airlines,USA,805300000.0,,17.2,-0.64%,57747.0,0,1,0,0,0,1,0,0,0,0,0,0,-1,-1,0,0,0,0,0,0,0,0,0,0,0,0,0,0,2,2,4
JMI,RJ Eagle Municipal Income ETF,Financial,Exchange Traded Fund,USA,,,24.08,0.77%,20215.0,0,0,0,0,0,0,0,0,1,0,0,0,0,0,0,0,0,0,0,0,0,0,0,0,0,0,0,0,1,0,1
KT,Rocket Companies Inc,Financial,Mortgage Finance,USA,32509999999.999996,76.38,11.48,-2.38%,27944996.0,0,0,0,0,0,0,0,0,0,0,0,0,-1,-1,0,0,0,0,0,0,0,0,0,0,0,0,0,0,0,2,2
KTO,Rocket One Inc,Technology,Software - Infrastructure,USA,16170000.000000002,,0.65,0.50%,111256.0,0,0,0,0,0,0,0,0,0,0,0,0,0,0,0,0,0,0,0,0,0,0,0,0,0,1,0,0,1,0,1
KX,Corgi RKLB 2x Daily ETF,Financial,Exchange Traded Fund,USA,,,10.2,-0.86%,22023.0,0,0,0,0,0,0,0,0,0,0,0,0,-1,0,0,0,0,0,0,0,0,0,0,0,0,0,0,0,0,1,1
LAY,Relay Therapeutics Inc,Healthcare,Biotechnology,USA,3920000000.0,,17.88,2.70%,1764532.0,0,0,0,0,0,0,0,0,1,0,0,0,0,0,0,0,0,0,0,0,0,0,-1,0,0,0,0,0,1,1,2
LX,RLX Technology Inc ADR,Consumer Defensive,Tobacco,China,1580000000.0,15.78,1.73,0.58%,1893350.0,0,0,0,-1,0,0,0,0,1,0,0,0,0,0,0,0,0,0,0,0,0,0,0,0,0,0,0,0,1,1,2
LYB,Rallybio Corp,Healthcare,Biotechnology,USA,90390000.0,2.18,17.02,0.18%,6942.0,0,0,0,0,0,0,0,0,0,0,1,0,0,0,0,0,0,0,0,0,0,0,0,0,0,0,0,0,1,0,1
MBI,Richmond Mutual Bancorporation Inc,Financial,Banks - Regional,USA,256750000.0,12.58,15.32,-0.26%,48121.0,0,1,0,0,0,0,0,0,0,0,0,0,0,0,0,0,0,0,0,0,0,0,0,0,0,0,0,0,1,0,1
MI,RiverNorth Opportunistic Municipal Income Fund Inc,Financial,Closed-End Fund - Debt,USA,87470000.0,7.6,13.71,0.15%,17636.0,0,1,0,0,0,0,0,0,0,0,0,0,0,0,0,0,0,0,0,0,0,0,0,0,0,0,0,0,1,0,1
MME,Rareview Government Money Market ETF,Financial,Exchange Traded Fund,USA,,,100.14,0.01%,9.0,0,1,0,0,0,1,0,0,0,0,0,0,-1,-1,0,0,0,0,0,0,0,0,0,0,0,0,0,0,2,2,4
NAC,Cartesian Therapeutics Inc,Healthcare,Biotechnology,USA,213450000.0,,7.05,3.45%,114547.0,0,0,0,0,0,0,0,0,0,0,1,0,0,0,0,0,0,0,0,0,0,0,-1,0,0,0,0,0,1,1,2
ND,First Trust Bloomberg R&D Leaders ETF,Financial,Exchange Traded Fund,USA,,,34.15,0.82%,5036.0,0,0,0,0,0,0,0,-1,0,0,0,0,0,0,0,0,0,0,0,0,0,0,0,0,0,0,0,0,0,1,1
NTX,Rein Therapeutics Inc,Healthcare,Biotechnology,USA,68500000.0,,0.79,3.21%,307535.0,0,0,0,0,0,0,0,0,1,0,0,0,0,0,0,0,0,0,0,0,0,0,0,0,0,0,0,0,1,0,1
NXT,RenovoRx Inc,Healthcare,Biotechnology,USA,57760000.0,,1.28,-3.76%,798788.0,0,1,0,0,0,0,0,0,0,0,0,0,0,0,0,0,0,0,0,0,0,0,0,0,0,0,0,0,1,0,1
OAD,Construction Partners Inc,Industrials,Engineering & Construction,USA,4930000000.0,34.15,86.81,-1.72%,494185.0,0,0,0,0,0,0,0,0,1,0,0,0,0,0,0,0,0,0,0,0,0,0,0,0,0,0,0,0,1,0,1
OBT,First Trust Nasdaq Artificial Intelligence and Robotics ETF,Financial,Exchange Traded Fund,USA,,,60.33,1.94%,23798.0,0,0,0,0,0,0,0,-1,0,0,0,0,0,0,0,0,0,0,0,0,0,0,0,0,0,0,0,0,0,1,1
OCY,JPMorgan Equity Premium Yield ETF,Financial,Exchange Traded Fund,USA,,,55.6,0.38%,151800.0,0,0,0,0,0,1,0,0,0,0,0,0,0,0,0,0,0,0,0,0,0,0,0,0,0,0,0,0,1,0,1
ODM,Hartford Multifactor Developed Markets (ex-US) ETF,Financial,Exchange Traded Fund,USA,,,40.82,0.25%,99936.0,0,0,0,0,0,0,0,-1,0,0,0,0,0,0,0,0,0,0,0,0,0,0,0,0,0,0,0,0,0,1,1
OK,Rockwell Automation Inc,Industrials,Specialty Industrial Machinery,USA,48040000000.0,40.55,432.59,-0.36%,960053.0,0,0,0,0,0,0,0,0,1,0,0,0,0,0,0,0,0,0,0,0,0,0,0,0,0,0,0,0,1,0,1
OL,Rollins Inc,Consumer Cyclical,Personal Services,USA,15390000000.0,29.03,31.98,-0.87%,6726156.0,0,0,0,0,0,0,0,0,0,0,0,0,0,0,0,0,0,0,0,-1,0,0,0,0,0,0,0,0,0,1,1
OMA,Roma Green Finance Ltd,Industrials,Consulting Services,Hong Kong,516720000.0,,8.62,-0.12%,191.0,0,0,0,0,0,0,0,0,0,0,1,0,0,0,0,0,0,0,0,0,0,0,0,0,0,0,0,0,1,0,1
ONB,Baron First Principles ETF,Financial,Exchange Traded Fund,USA,,,25.03,1.42%,176116.0,0,0,0,0,0,0,0,0,1,0,1,0,0,0,0,0,0,0,0,0,0,0,0,0,0,0,0,0,2,0,2
PAR,RPAR Risk Parity ETF,Financial,Exchange Traded Fund,USA,,,21.31,0.36%,6677.0,0,0,0,0,0,0,0,0,0,0,0,0,-1,-1,0,0,0,0,0,0,0,0,0,0,0,0,0,0,0,2,2
PAY,Repay Holdings Corp,Technology,Software - Infrastructure,USA,341270000.0,,3.87,0.00%,154336.0,0,1,0,0,0,0,0,0,0,0,0,0,-1,0,0,0,0,0,0,0,0,0,0,0,0,0,0,0,1,1,2
PG,Invesco S&P 500 Pure Growth ETF,Financial,Exchange Traded Fund,USA,,,59.69,1.14%,97039.0,0,0,0,0,0,0,0,0,0,0,0,0,0,0,0,1,0,0,0,0,0,0,0,0,0,0,0,0,1,0,1
PRX,Royalty Pharma plc,Healthcare,Biotechnology,USA,32740000000.000004,30.31,56.93,1.28%,2881985.0,0,0,0,0,0,1,0,0,0,0,0,0,0,0,0,0,0,1,0,0,0,0,0,0,0,0,0,0,2,0,2
PT,Rithm Property Trust Inc,Real Estate,REIT - Mortgage,USA,83790000.0,,10.78,-0.46%,19574.0,0,0,0,0,0,0,0,0,0,0,0,0,0,0,0,0,0,0,0,-1,0,0,0,0,0,0,0,0,0,1,1
RBI,Red River Bancshares Inc,Financial,Banks - Regional,USA,660190000.0,14.44,100.27,-1.55%,45030.0,0,0,0,0,0,0,0,-1,0,0,0,0,0,0,0,0,0,0,0,0,0,0,0,0,0,0,0,0,0,1,1
RC,Range Resources Corp,Energy,Oil & Gas E&P,USA,9560000000.0,11.28,40.89,0.29%,2714686.0,0,0,0,0,0,0,0,0,0,0,0,0,0,0,0,1,0,0,0,0,0,0,0,0,0,0,0,0,1,0,1
SBT,Return Stacked Bonds & Managed Futures ETF,Financial,Exchange Traded Fund,USA,,,19.57,0.31%,15949.0,0,1,0,0,0,0,0,0,0,0,0,0,0,0,0,0,0,0,0,0,1,1,0,0,0,0,0,0,3,0,3
SBY,Return Stacked Bonds & Futures Yield ETF,Financial,Exchange Traded Fund,USA,,,18.05,-0.99%,2019.0,0,0,0,-1,0,0,0,0,0,0,0,0,-1,0,0,0,0,0,0,0,0,0,0,0,0,0,0,0,0,2,2
SEE,Rareview Systematic Equity ETF,Financial,Exchange Traded Fund,USA,,,39.37,0.90%,39813.0,0,1,0,0,0,0,0,0,0,0,0,0,0,0,0,0,0,0,0,0,0,0,0,0,0,0,0,0,1,0,1
SF,RiverNorth Capital and Income Fund,Financial,Asset Management,USA,49440000.0,10.51,14.29,0.78%,17684.0,0,0,0,0,0,0,0,0,0,0,0,0,-1,0,0,0,0,0,0,0,0,0,0,0,0,0,0,0,0,1,1
SMC,Rockefeller U.S. Small-Mid Cap ETF,Financial,Exchange Traded Fund,USA,,,27.8,1.02%,12293.0,0,0,0,0,0,0,0,0,1,0,0,0,0,0,0,0,0,0,0,0,0,0,0,0,0,0,0,0,1,0,1
SMV,Relative Strength Managed Volatility Strategy ETF,Financial,Exchange Traded Fund,USA,,,29.24,1.16%,515.0,0,0,0,0,0,0,0,0,0,0,0,0,0,0,0,0,0,0,0,0,0,0,-1,0,0,0,0,0,0,1,1
SPC,Invesco S&P 500 Equal Weight Communication Services ETF,Financial,Exchange Traded Fund,USA,,,34.78,-1.91%,4264.0,0,0,0,0,0,1,0,0,0,0,0,0,0,0,0,0,0,0,0,0,0,0,0,0,0,0,0,0,1,0,1
SPM,Invesco S&P 500 Equal Weight Materials ETF,Financial,Exchange Traded Fund,USA,,,37.4,0.00%,9120.0,0,0,0,0,0,0,0,0,0,0,1,0,0,0,0,0,0,0,0,0,0,0,0,0,0,0,0,0,1,0,1
SSS,Research Solutions Inc,Technology,Software - Application,USA,67530000.0,23.07,2.0,-1.48%,6542.0,0,0,0,0,0,0,0,0,1,1,0,0,0,0,0,0,0,0,0,0,0,0,0,0,0,0,0,0,2,0,2
SVR,Reservoir Media Inc,Communication Services,Entertainment,USA,632940000.0,72.78,9.6,2.13%,68812.0,0,0,0,0,0,0,0,0,0,0,0,0,0,0,0,0,0,0,0,0,0,0,-1,0,0,0,0,0,0,1,1
TB,RTB Digital Inc,Technology,Software - Application,USA,114100000.0,,8.15,-2.57%,35180.0,0,0,0,0,0,0,0,0,1,0,0,0,0,0,0,0,0,0,0,0,0,0,-1,0,0,0,0,0,1,1,2
ULE,Adaptive Core ETF,Financial,Exchange Traded Fund,USA,,,31.28,1.27%,570.0,0,0,0,0,0,0,0,0,1,0,0,0,0,0,0,0,0,0,0,0,0,0,0,0,0,0,0,0,1,0,1
UN,Sunrun Inc,Technology,Solar,USA,1840000000.0,5.14,7.64,0.66%,5592698.0,0,0,0,0,0,0,0,0,1,0,0,0,0,0,0,0,0,0,0,0,0,0,0,0,0,0,0,0,1,0,1
USC,Russell Investments U.S. Small Cap Equity ETF,Financial,Exchange Traded Fund,USA,,,36.38,0.39%,9732.0,0,0,0,0,0,0,0,0,1,0,0,0,0,0,0,0,0,0,0,0,0,0,0,0,0,0,0,0,1,0,1
VP,Retractable Technologies Inc,Healthcare,Medical Instruments & Supplies,USA,19860000.0,,0.66,0.18%,14576.0,0,1,0,-1,0,0,0,0,0,0,0,0,0,0,0,0,0,1,0,0,0,0,0,0,0,0,0,0,2,1,3
VSB,Riverview Bancorp Inc,Financial,Banks - Regional,USA,119120000.0,,5.97,-0.17%,59124.0,0,0,0,0,0,0,0,0,0,0,0,0,0,0,0,0,0,0,0,0,1,0,-1,0,0,0,0,0,1,1,2
VSN,Rail Vision Ltd,Industrials,Railroads,Israel,7600000.0,,3.47,-1.88%,3557.0,0,0,0,0,0,0,0,0,0,0,0,0,-1,0,0,0,0,0,0,0,0,0,0,0,0,0,0,0,0,1,1
WEM,Rayliant NxtGen Multifactor Emerging Markets Equity ETF,Financial,Exchange Traded Fund,USA,,,35.81,1.20%,118975.0,0,0,0,0,0,0,0,0,0,0,0,0,-1,0,0,0,0,0,0,0,0,0,0,0,0,0,0,0,0,1,1
WL,Invesco S&P 500 Revenue ETF,Financial,Exchange Traded Fund,USA,,,132.34,0.33%,196482.0,0,0,0,-1,0,0,0,0,0,0,0,0,0,0,0,0,0,0,0,0,0,0,-1,0,0,0,0,0,0,2,2
WLC,Rayliant NxtGen Multifactor US Equity ETF,Financial,Exchange Traded Fund,USA,,,39.65,0.47%,107984.0,0,1,0,0,0,0,0,0,0,0,0,0,0,0,0,0,0,0,0,0,0,0,0,0,0,0,0,0,1,0,1
WT,Redwood Trust Inc,Real Estate,REIT - Mortgage,USA,398190000.0,,3.17,-4.80%,2648055.0,0,0,0,0,0,0,0,0,0,0,0,0,0,0,0,0,0,0,0,-1,0,0,0,0,0,0,0,0,0,1,1
WX,State Street SPDR Dow Jones International Real Estate ETF,Financial,Exchange Traded Fund,USA,,,25.22,0.82%,23072.0,0,0,0,0,0,0,0,0,0,0,0,0,-1,0,0,0,0,0,0,0,0,0,0,0,0,0,0,0,0,1,1
XRX,Recursion Pharmaceuticals Inc,Healthcare,Biotechnology,USA,2340000000.0,,4.36,10.38%,35501287.0,0,1,0,0,0,0,0,0,0,0,0,0,0,0,0,0,0,0,0,0,0,0,0,0,0,0,0,0,1,0,1
XT,Rackspace Technology Inc,Technology,Software - Infrastructure,USA,994000000.0,,3.9,7.73%,4666929.0,0,0,0,0,0,0,0,0,1,0,0,0,0,0,0,0,0,0,0,0,0,0,0,0,0,0,0,0,1,0,1
YAAY,Ryanair Holdings Plc ADR,Industrials,Airlines,Ireland,28090000000.0,13.13,54.24,0.37%,2757340.0,0,0,0,0,0,0,0,0,0,0,0,0,0,0,0,0,0,0,0,0,0,0,0,1,0,0,0,0,1,0,1
YAM,Rayonier Advanced Materials Inc,Basic Materials,Chemicals,USA,474860000.0,,7.02,1.30%,833422.0,0,0,0,0,0,0,0,0,0,0,0,0,-1,0,0,0,0,0,0,0,0,0,0,0,0,0,0,0,0,1,1
YDE,Ryde Group Ltd,Technology,Software - Application,Singapore,96760000.0,,0.57,-15.29%,123306.0,0,0,0,0,0,0,0,0,0,0,0,0,0,0,0,1,0,0,0,0,0,0,0,0,0,0,0,0,1,0,1
YET,Ruanyun Edai Technology Inc,Consumer Defensive,Education & Training Services,China,34290000.0,,0.92,-0.05%,6203.0,0,0,0,0,0,0,0,0,0,0,0,0,0,0,0,0,0,0,0,-1,0,0,0,0,0,0,0,0,0,1,1
YLG,Global X Russell 2000 Covered Call & Growth ETF,Financial,Exchange Traded Fund,USA,,,23.56,0.65%,155.0,0,0,0,0,0,0,0,0,0,0,0,0,-1,0,0,0,0,0,0,0,0,0,0,0,0,0,0,0,0,1,1
YOJ,rYojbaba Co Ltd,Industrials,Consulting Services,Japan,31180000.0,27000.0,2.7,-7.22%,1274.0,0,0,0,0,0,0,0,0,0,0,0,0,0,0,0,0,0,0,0,0,0,0,0,0,0,1,0,0,1,0,1
ZLV,Rezolve AI Plc,Technology,Software - Infrastructure,United Kingdom,796220000.0,,1.91,0.53%,7051427.0,0,1,0,0,0,0,0,0,0,0,0,0,0,0,0,0,0,0,0,0,1,1,0,0,0,0,0,0,3,0,3
,SentinelOne Inc,Technology,Software - Infrastructure,USA,9140000000.0,,26.27,3.43%,7393404.0,0,0,0,0,0,0,0,0,0,0,1,0,0,0,0,0,0,0,0,0,0,0,0,0,0,0,0,0,1,0,1
AAQ,Space Asset Acquisition Corp,Financial,Shell Companies,USA,476680000.0,176.84,10.08,0.00%,297.0,0,0,0,0,0,0,0,0,1,0,0,0,0,0,0,0,0,0,0,0,0,0,0,0,0,0,0,0,1,0,1
ABS,SAB Biotherapeutics Inc,Healthcare,Biotechnology,USA,271140000.0,,2.98,3.11%,659612.0,0,0,0,0,0,0,0,0,0,0,0,0,0,0,0,0,0,0,0,-1,0,0,0,0,0,0,0,0,0,1,1
ACH,Sachem Capital Corp,Real Estate,REIT - Mortgage,USA,40570000.0,,0.85,-1.90%,250940.0,0,0,0,0,0,0,0,0,1,0,0,0,0,0,0,0,0,0,0,0,0,0,0,0,0,0,0,0,1,0,1
AFX,XCF Global Inc,Utilities,Utilities - Renewable,USA,129580000.00000001,,0.31,-2.35%,1706948.0,0,0,0,0,0,0,0,0,0,0,0,0,-1,0,0,0,0,0,0,0,0,0,0,0,0,0,0,0,0,1,1
AM,Boston Beer Co Inc,Consumer Defensive,Beverages - Brewers,USA,1750000000.0,,170.51,-0.39%,149542.0,0,0,0,0,0,0,0,0,1,0,0,0,0,0,0,0,0,0,0,0,1,0,0,0,0,1,0,0,3,0,3
AMT,Strategas Macro Thematic Opportunities ETF,Financial,Exchange Traded Fund,USA,,,42.39,0.86%,177486.0,0,0,0,0,0,0,0,0,1,0,0,0,0,0,0,0,0,0,0,0,0,0,0,0,0,0,0,0,1,0,1
AN,Banco Santander SA ADR,Financial,Banks - Diversified,Spain,196220000000.0,10.63,13.49,0.07%,7354883.0,0,1,0,0,0,0,0,0,0,0,0,0,0,0,0,0,0,0,0,0,0,0,0,0,0,0,0,0,1,0,1
ANG,Sangoma Technologies Corp,Technology,Software - Infrastructure,Canada,162570000.0,,4.85,0.41%,91217.0,0,0,0,0,0,0,0,0,0,0,0,0,-1,0,0,0,0,0,0,0,0,0,0,1,0,0,0,0,1,1,2
AR,Saratoga Investment Corp,Financial,Asset Management,USA,233860000.0,,15.03,0.40%,194202.0,0,0,0,0,0,0,0,0,0,0,0,0,-1,0,0,0,0,0,0,0,0,0,0,0,0,0,0,0,0,1,1
ARK,Tradr 1X Short Innovation Daily ETF,Financial,Exchange Traded Fund,USA,,,23.56,-2.25%,103684.0,0,0,0,0,0,1,0,0,0,0,0,0,0,0,0,0,0,0,0,0,0,0,0,0,0,0,0,0,1,0,1
ATL,Satellogic Inc,Industrials,Aerospace & Defense,USA,791760000.0,,5.15,1.38%,3651737.0,0,0,0,0,0,0,0,0,1,0,0,0,-1,0,0,0,0,0,0,0,0,0,0,0,0,0,0,0,1,1,2
BAR,Simplify Barrier Income ETF,Financial,Exchange Traded Fund,USA,,,25.34,0.32%,76127.0,0,1,0,0,0,0,0,0,0,0,1,1,0,0,0,0,0,0,0,0,0,0,0,0,0,0,0,0,3,0,3
BGI,Sinclair Inc,Communication Services,Broadcasting,USA,920610000.0,16.53,12.73,-3.12%,408032.0,0,0,0,0,0,0,0,0,0,0,0,0,0,0,0,0,0,0,0,0,0,0,0,1,0,0,0,0,1,0,1
BIL,Simplify Government Money Market ETF,Financial,Exchange Traded Fund,USA,,,100.18,0.01%,1626167.0,0,1,0,-1,0,1,0,0,0,0,0,0,0,0,0,0,0,0,0,0,1,1,0,0,0,0,0,0,4,1,5
BMT,Silver Bow Mining Corp,Basic Materials,Other Industrial Metals & Mining,USA,230320000.0,,7.8,-0.38%,22952.0,0,0,0,0,0,0,0,0,0,0,0,0,0,0,0,1,0,0,0,0,0,0,0,0,0,0,0,0,1,0,1
BR,Sabine Royalty Trust,Energy,Oil & Gas Midstream,USA,1050000000.0,14.78,72.36,-1.03%,34504.0,0,0,0,0,0,0,0,0,1,1,0,0,0,0,0,0,0,0,0,0,0,0,0,0,0,0,0,0,2,0,2
BUX,Starbucks Corp,Consumer Cyclical,Restaurants,USA,103460000000.0,52.33,90.75,-2.64%,12765429.0,0,0,0,0,0,0,0,0,0,0,0,0,0,0,0,0,0,0,0,0,0,0,0,0,-1,0,0,0,0,1,1
BXD,SilverBox Corp IV,Financial,Shell Companies,USA,73150000.0,54.16,11.39,0.00%,0.0,0,0,0,0,0,1,0,0,0,0,0,0,0,0,0,0,0,0,0,0,0,0,0,0,0,0,0,0,1,0,1
CAU,Corgi U.S. Small-Cap 15% Structured Buffer ETF - August Series,Financial,Exchange Traded Fund,USA,,,24.48,0.25%,6.0,0,0,0,0,0,0,0,0,1,0,0,0,0,0,0,0,0,0,0,0,0,0,0,0,0,0,0,0,1,0,1
CDS,JPMorgan Fundamental Data Science Small Core ETF,Financial,Exchange Traded Fund,USA,,,72.12,0.61%,1745.0,0,0,0,0,0,0,0,0,1,0,0,0,0,0,0,0,0,0,0,0,0,0,0,0,0,0,0,0,1,0,1
CEP,Sterling Capital Hedged Equity Premium Income ETF,Financial,Exchange Traded Fund,USA,,,25.16,0.32%,20405.0,0,0,0,0,0,0,0,0,0,0,0,0,-1,0,0,0,0,0,0,0,0,0,0,0,0,0,0,0,0,1,1
CHB,Schwab U.S. Broad Market ETF,Financial,Exchange Traded Fund,USA,,,29.91,0.61%,9234866.0,0,1,0,0,0,0,0,0,0,0,0,0,0,0,0,0,0,0,0,0,0,0,0,0,0,0,0,0,1,0,1
CHE,Schwab Emerging Markets Equity ETF,Financial,Exchange Traded Fund,USA,,,36.73,1.16%,2052814.0,0,0,0,0,0,0,0,-1,0,0,0,0,0,0,0,0,0,0,0,0,0,0,0,0,0,0,0,0,0,1,1
CHK,Schwab 1000 Index ETF,Financial,Exchange Traded Fund,USA,,,37.43,0.65%,1033886.0,0,0,0,0,0,0,0,0,0,0,1,0,0,0,0,0,0,0,0,0,0,0,-1,0,0,0,0,0,1,1,2
CHM,Schwab U.S. Mid-Cap ETF,Financial,Exchange Traded Fund,USA,,,34.65,0.52%,1783171.0,0,0,0,0,0,0,0,0,0,0,0,0,0,0,0,0,0,0,0,0,0,0,-1,0,0,0,0,0,0,1,1
CHX,Schwab U.S. Large-Cap ETF,Financial,Exchange Traded Fund,USA,,,30.64,0.56%,7810360.0,0,0,0,0,0,0,0,0,0,0,0,0,0,0,0,0,0,1,0,0,0,0,0,0,0,0,0,0,1,0,1
CJ,iShares MSCI Japan Small-Cap ETF,Financial,Exchange Traded Fund,USA,,,110.03,0.71%,34837.0,0,0,0,0,0,0,0,-1,0,0,0,0,0,0,0,0,0,0,0,0,0,0,0,0,0,0,0,0,0,1,1
CJL,Corgi U.S. Small-Cap 15% Structured Buffer ETF - July Series,Financial,Exchange Traded Fund,USA,,,24.37,0.24%,6.0,0,0,0,0,0,0,0,0,1,0,0,0,0,0,0,0,0,0,0,0,0,0,0,0,0,0,0,0,1,0,1
CLZ,Swan Enhanced Dividend Income ETF,Financial,Exchange Traded Fund,USA,,,57.7,0.38%,115.0,0,0,0,-1,0,0,0,-1,0,0,0,0,0,0,0,0,0,0,0,0,0,0,0,0,0,0,0,0,0,2,2
CM,Stellus Capital Investment Corp,Financial,Asset Management,USA,203910000.0,6.93,7.16,-1.10%,94996.0,0,1,0,0,0,0,0,0,0,0,0,0,0,0,0,0,0,0,0,0,0,0,0,0,0,0,0,0,1,0,1
CNI,Scinai Immunotherapeutics Ltd ADR,Healthcare,Biotechnology,Israel,840000.0,,1.18,-2.48%,20348.0,0,0,0,0,0,0,0,0,1,1,0,0,0,0,0,0,0,0,0,0,0,0,0,0,0,0,0,0,2,0,2
CO,ProShares UltraShort Bloomberg Crude Oil -2x Shares,Financial,Exchange Traded Fund,USA,,,18.62,0.54%,3924141.0,0,0,0,0,0,0,0,0,0,0,0,0,0,0,0,0,0,0,0,0,1,0,0,0,0,0,0,0,1,0,1
COP,Sprott Physical Copper Trust,Financial,Exchange Traded Fund,USA,,,12.05,2.12%,52574.0,0,0,0,0,0,0,0,0,0,0,0,0,0,0,0,1,0,0,0,0,0,0,0,0,0,0,0,0,1,0,1
COR,Comscore Inc,Technology,Software - Application,USA,61190000.0,0.61,4.03,-0.74%,6066.0,0,0,0,-1,0,0,0,0,0,0,0,0,0,0,0,0,0,0,0,-1,0,0,0,0,0,0,0,0,0,2,2
CWO,374Water Inc,Industrials,Pollution & Treatment Controls,USA,44720000.0,,2.54,-4.26%,40214.0,0,0,0,0,0,0,0,0,0,0,0,0,0,0,0,0,0,0,0,0,1,0,0,0,0,0,0,0,1,0,1
CYB,Schwab High Yield Bond ETF,Financial,Exchange Traded Fund,USA,,,25.2,0.04%,854754.0,0,0,0,-1,0,0,0,0,0,0,0,0,0,0,0,0,0,0,0,0,0,0,0,0,0,0,0,0,0,1,1
D,Sandridge Energy Inc,Energy,Oil & Gas E&P,USA,513120000.0,6.16,13.84,-1.63%,243958.0,0,0,0,0,0,0,0,0,0,0,0,0,-1,0,0,0,0,0,0,0,0,0,0,0,0,0,0,0,0,1,1
DEM,Global X MSCI SuperDividend Emerging Markets ETF,Financial,Exchange Traded Fund,USA,,,34.3,1.01%,958.0,0,0,0,0,0,1,0,-1,0,0,0,0,0,0,0,0,0,0,0,0,0,0,0,0,0,0,0,0,1,1,2
DFI,AB Short Duration Income ETF,Financial,Exchange Traded Fund,USA,,,34.84,0.03%,9413.0,0,0,0,-1,0,0,0,0,0,0,0,0,0,0,0,0,0,0,0,0,0,0,0,0,0,0,0,0,0,1,1
DHC,Smith Douglas Homes Corp,Real Estate,Real Estate - Development,USA,515909999.99999994,14.18,10.15,-0.59%,53850.0,0,0,0,0,0,0,0,0,1,0,0,0,0,0,0,0,0,0,0,0,0,0,0,0,0,0,0,0,1,0,1
DST,Stardust Power Inc,Industrials,Electrical Equipment & Parts,USA,2260000.0,,0.06,-9.59%,95859889.0,0,0,0,0,0,0,0,0,1,0,0,0,0,0,0,0,0,0,0,0,0,0,0,0,0,0,0,0,1,0,1
DTY,YieldMax S&P 500 0DTE Covered Call Strategy ETF,Financial,Exchange Traded Fund,USA,,,41.08,0.66%,5360.0,0,0,0,-1,0,0,0,0,0,0,0,0,0,0,0,1,0,0,0,0,0,0,0,0,0,0,0,0,1,1,2
EA,U.S. Global Sea to Sky Cargo ETF,Financial,Exchange Traded Fund,USA,,,21.32,0.33%,39654.0,0,0,0,-1,0,0,0,0,0,0,0,0,0,0,0,0,0,0,0,0,0,0,0,0,0,0,0,0,0,1,1
EB,Seaboard Corp,Industrials,Conglomerates,USA,3810000000.0,6.01,3976.0,-2.16%,7074.0,0,0,0,0,0,0,0,0,1,1,0,0,0,0,0,0,0,0,0,0,0,0,0,0,0,0,0,0,2,0,2
ECT,Main Sector Rotation ETF,Financial,Exchange Traded Fund,USA,,,72.95,0.69%,101265.0,0,0,0,0,0,0,0,0,0,0,1,0,0,0,0,0,0,0,0,0,0,0,0,0,-1,0,0,0,1,1,2
EIM,SEI QiM U.S. Large Cap Momentum Active ETF,Financial,Exchange Traded Fund,USA,,,55.2,1.14%,57859.0,0,0,0,0,0,0,0,0,0,0,1,0,0,0,0,0,0,0,0,0,0,0,-1,0,0,0,0,0,1,1,2
EIQ,SEI QiM U.S. Large Cap Quality Active ETF,Financial,Exchange Traded Fund,USA,,,42.2,0.84%,32685.0,0,0,0,0,0,0,0,0,0,0,0,0,0,0,0,0,0,0,0,0,0,0,-1,0,0,0,0,0,0,1,1
EIS,SEI Select Small Cap ETF,Financial,Exchange Traded Fund,USA,,,31.63,0.57%,53562.0,0,0,0,0,0,0,0,0,0,0,0,0,0,0,0,0,0,0,0,0,0,0,-1,0,0,0,0,0,0,1,1
EIV,SEI QiM U.S. Large Cap Value Active ETF,Financial,Exchange Traded Fund,USA,,,49.86,-0.44%,98221.0,0,0,0,0,0,0,0,0,0,0,0,0,0,0,0,0,0,0,0,0,0,0,-1,0,0,0,0,0,0,1,1
ELF,Global Self Storage Inc,Real Estate,REIT - Specialty,USA,55970000.0,26.52,4.9,-0.20%,20619.0,0,1,0,0,0,0,0,0,0,0,0,0,0,0,0,0,0,0,0,0,0,0,0,0,0,0,0,0,1,0,1
ELV,SEI QiM U.S. Large Cap Low Volatility Active ETF,Financial,Exchange Traded Fund,USA,,,34.72,0.05%,13505.0,0,1,0,0,0,0,0,0,0,0,0,0,0,0,0,0,0,0,0,0,0,0,0,0,0,0,0,0,1,0,1
EMI,Columbia Select Technology ETF,Financial,Exchange Traded Fund,USA,,,40.45,0.52%,3653.0,0,0,0,0,0,0,0,0,0,0,1,0,0,0,0,0,0,0,0,0,0,0,0,0,-1,0,0,0,1,1,2
EPU,AllianzIM U.S. Equity Buffer15 Uncapped Sep ETF,Financial,Exchange Traded Fund,USA,,,32.08,0.36%,7153.0,0,1,0,0,0,0,0,-1,0,0,0,0,0,0,0,0,0,0,0,0,0,0,0,0,0,0,0,0,1,1,2
ERA,Sera Prognostics Inc,Healthcare,Medical Devices,USA,80480000.0,,2.04,0.99%,6298.0,0,0,0,0,0,0,0,0,0,0,1,1,0,0,0,0,0,0,0,0,0,0,0,0,0,0,0,0,2,0,2
EUS,SEI QiM U.S. Equity Factor Allocation Active ETF,Financial,Exchange Traded Fund,USA,,,26.05,0.25%,72592.0,0,0,0,0,0,0,0,0,0,0,0,0,0,0,0,0,0,0,0,0,0,0,-1,0,0,0,0,0,0,1,1
EV,Aptera Motors Corp,Consumer Cyclical,Auto Manufacturers,USA,67130000.0,,1.64,0.61%,194953.0,0,0,0,0,0,0,0,0,0,0,0,0,-1,0,0,0,0,0,0,0,0,0,0,0,0,0,0,0,0,1,1
FLR,Innovator Equity Managed Floor ETF,Financial,Exchange Traded Fund,USA,,,39.77,0.56%,223824.0,0,0,0,0,0,0,0,-1,0,0,0,0,0,0,0,0,0,0,0,0,0,0,0,0,0,0,0,0,0,1,1
FTX,Horizon International Managed Risk ETF,Financial,Exchange Traded Fund,USA,,,30.83,0.95%,95701.0,0,0,0,0,0,0,0,0,0,0,1,0,0,0,0,0,0,0,0,0,0,0,0,0,-1,0,0,0,1,1,2
FTY,Horizon Managed Risk ETF,Financial,Exchange Traded Fund,USA,,,32.26,0.47%,105088.0,0,0,0,0,0,0,0,0,0,0,1,0,0,0,0,0,0,0,0,0,0,0,0,0,0,0,0,0,1,0,1
FWL,Shengfeng Development Ltd,Industrials,Integrated Freight & Logistics,China,46420000.0,3.72,8.44,-0.12%,992.0,0,0,0,0,0,0,0,0,0,0,0,0,0,0,0,0,0,0,0,-1,0,0,0,0,0,0,0,0,0,1,1
FY,SoFi Select 500 ETF,Financial,Exchange Traded Fund,USA,,,156.39,0.64%,10714.0,0,0,0,0,0,0,0,-1,0,0,0,0,0,0,0,0,0,0,0,0,0,0,0,0,0,0,0,0,0,1,1
FYI,SoFi Social 50 Income ETF,Financial,Exchange Traded Fund,USA,,,25.35,0.64%,1283.0,0,0,0,0,0,0,0,0,0,0,0,0,0,0,0,1,0,0,0,0,0,0,0,0,0,0,0,0,1,0,1
GC,SuperiorGroup of Companies Inc,Consumer Cyclical,Apparel Manufacturing,USA,208080000.0,23.74,13.05,-0.53%,15035.0,0,0,0,0,0,1,0,0,0,0,0,0,0,0,0,0,0,0,0,0,0,0,0,0,0,0,0,0,1,0,1
GHC,Super Group (SGHC) Limited,Consumer Cyclical,Gambling,United Kingdom,5740000000.0,15.52,11.29,-2.17%,1591610.0,0,0,0,0,0,0,0,0,0,0,0,0,0,0,0,0,0,0,0,0,0,0,0,0,0,0,-1,0,0,1,1
GI,Somnigroup International Inc,Consumer Cyclical,"Furnishings, Fixtures & Appliances",USA,14320000000.0,24.79,62.19,-0.24%,1171224.0,0,0,0,0,0,0,0,0,0,0,0,0,-1,-1,0,0,0,0,0,0,0,0,0,0,0,0,0,0,0,2,2
GML,Sigma Lithium Corp,Basic Materials,Other Industrial Metals & Mining,Brazil,1050000000.0,,9.35,-2.20%,1528329.0,0,0,0,0,0,0,0,0,0,0,0,0,-1,0,0,0,0,0,0,0,0,0,0,0,0,0,0,0,0,1,1
GOV,iShares 0-3 Month Treasury Bond ETF,Financial,Exchange Traded Fund,USA,,,100.51,0.04%,18395728.0,0,1,0,-1,0,1,0,0,0,0,0,0,0,0,0,0,0,0,0,0,0,0,0,0,0,0,0,0,2,1,3
GVT,Schwab Government Money Market ETF,Financial,Exchange Traded Fund,USA,,,100.61,0.02%,389339.0,0,1,0,-1,0,1,0,0,0,0,1,1,0,0,0,0,0,0,0,0,0,0,0,0,0,0,0,0,4,1,5
HC,Sotera Health Co,Healthcare,Diagnostics & Research,USA,5150000000.0,31.76,18.06,1.29%,1595051.0,0,1,0,0,0,0,0,0,0,0,1,1,0,0,0,0,0,0,0,0,0,0,0,0,0,0,0,0,3,0,3
HDG,Soundwatch Hedged Equity ETF,Financial,Exchange Traded Fund,USA,,,33.95,0.43%,2115.0,0,0,0,0,0,0,0,-1,0,0,0,0,0,0,0,0,0,0,0,0,0,0,0,0,0,0,0,0,0,1,1
HFS,SHF Holdings Inc,Financial,Banks - Regional,USA,440000.0,,0.43,-5.44%,748477.0,0,1,0,0,0,0,0,0,0,0,0,0,0,0,0,0,0,0,0,0,0,0,0,0,0,0,0,0,1,0,1
HIP,Seanergy Maritime Holdings Corp,Industrials,Marine Shipping,Greece,370740000.0,5.98,17.11,-2.95%,344646.0,0,0,0,-1,0,0,0,0,0,0,0,0,0,0,0,0,0,0,0,0,0,0,0,0,0,0,0,0,0,1,1
HMD,SCHMID Group NV,Industrials,Specialty Industrial Machinery,Germany,254350000.0,,3.82,-3.78%,583316.0,0,0,0,0,0,0,0,0,1,1,0,0,0,0,0,0,0,0,0,0,0,0,0,0,0,0,0,0,2,0,2
HO,Sunstone Hotel Investors Inc,Real Estate,REIT - Hotel & Motel,USA,2100000000.0,50.4,11.31,-0.35%,1560530.0,0,0,0,0,0,0,0,0,0,0,0,0,0,0,0,0,0,0,0,0,0,0,-1,0,0,0,0,0,0,1,1
HPU,Direxion Daily SHOP Bull 2X ETF,Financial,Exchange Traded Fund,USA,,,21.92,7.67%,64630.0,0,0,0,0,0,0,0,0,0,0,1,0,0,0,0,0,0,0,0,0,0,0,0,0,0,0,0,0,1,0,1
HV,iShares 0-1 Year Treasury Bond ETF,Financial,Exchange Traded Fund,USA,,,110.17,0.04%,2485090.0,0,1,0,-1,0,0,0,0,0,0,0,0,0,0,0,0,0,0,0,0,0,0,0,0,0,0,0,0,1,1,2
HW,Sherwin-Williams Co,Basic Materials,Specialty Chemicals,USA,77530000000.0,29.44,319.36,-0.52%,885908.0,0,0,0,0,0,0,0,0,0,0,0,0,0,0,0,0,0,0,0,0,0,0,0,0,0,0,0,1,1,0,1
HYD,VanEck Short High Yield Muni ETF,Financial,Exchange Traded Fund,USA,,,22.08,0.32%,335655.0,0,0,0,0,0,0,0,0,1,0,0,0,0,0,0,0,0,0,0,0,0,0,0,0,0,0,0,0,1,0,1
ID,Companhia Siderurgica Nacional ADR,Basic Materials,Steel,Brazil,1700000000.0,,1.28,4.07%,6290877.0,0,0,0,0,0,0,0,0,0,0,1,0,0,0,0,0,0,0,0,0,0,0,0,0,0,0,0,0,1,0,1
IF,SIFCO Industries Inc,Industrials,Aerospace & Defense,USA,148530000.0,36.92,23.75,5.46%,55290.0,0,1,0,0,0,0,0,0,0,0,0,0,0,0,0,0,0,0,0,0,0,0,0,0,0,0,0,0,1,0,1
IG,Signet Jewelers Ltd,Consumer Cyclical,Luxury Goods,Bermuda,3920000000.0,12.12,105.22,-0.63%,589492.0,0,0,0,0,0,0,0,0,0,0,0,0,0,0,0,0,0,0,0,0,0,0,0,0,0,0,0,1,1,0,1
II,Sprott Inc,Financial,Asset Management,Canada,2980000000.0,28.34,115.76,0.49%,58611.0,0,0,0,0,0,0,0,0,1,0,0,0,0,0,0,0,0,0,0,0,0,0,0,0,0,0,0,0,1,0,1
ILJ,Amplify Junior Silver Miners ETF,Financial,Exchange Traded Fund,USA,,,27.4,2.70%,2127832.0,0,0,0,0,0,0,0,0,1,0,0,0,0,0,0,0,0,0,0,0,0,0,0,0,0,0,0,0,1,0,1
IM,Grupo Simec SAB de CV ADR,Basic Materials,Steel,Mexico,4760000000.0,22.13,28.7,0.00%,198.0,0,0,0,0,0,0,0,0,1,0,0,0,0,0,0,0,0,0,0,0,0,0,0,0,0,0,0,0,1,0,1
IMS,State Street SPDR S&P Kensho Intelligent Structures ETF,Financial,Exchange Traded Fund,USA,,,42.69,0.77%,250.0,0,0,0,0,0,0,0,0,0,0,0,0,0,0,0,0,0,0,0,-1,0,0,0,0,0,0,0,0,0,1,1
IMX,Corgi SIMO 2x Daily ETF,Financial,Exchange Traded Fund,USA,,,12.46,0.51%,34340.0,0,0,0,0,0,0,0,0,0,0,1,0,0,0,0,0,0,0,0,0,0,0,0,0,0,0,0,0,1,0,1
INT,SINTX Technologies Inc,Healthcare,Medical Devices,USA,14060000.0,,2.11,0.00%,140600.0,0,0,0,0,0,0,0,0,0,0,0,0,0,0,0,0,0,0,0,0,0,0,0,1,0,0,0,0,1,0,1
IOO,VistaShares Target 15 S&P 100 Distribution ETF,Financial,Exchange Traded Fund,USA,,,19.8,0.17%,7881.0,0,0,0,0,0,0,0,0,0,0,1,0,0,0,0,0,0,0,0,0,0,0,0,0,0,0,0,0,1,0,1
IRI,Sirius XM Holdings Inc,Communication Services,Entertainment,USA,8940000000.0,10.44,26.51,0.68%,7517011.0,0,0,0,0,0,0,0,0,1,0,0,0,0,0,0,0,0,0,0,0,0,0,0,0,0,0,0,0,1,0,1
ITM,SiTime Corp,Technology,Semiconductors,USA,18410000000.0,1241.12,612.37,-5.07%,384787.0,0,0,0,0,0,0,0,0,0,0,1,0,0,0,0,1,0,0,0,0,0,0,0,0,0,0,0,0,2,0,2
IXA,ETC 6 Meridian Mega Cap Equity ETF,Financial,Exchange Traded Fund,USA,,,57.2,-0.39%,19875.0,0,0,0,-1,0,0,0,0,0,0,0,0,0,0,0,0,0,1,0,0,0,0,0,0,0,0,0,0,1,1,2
IXH,ETC 6 Meridian Hedged Equity Index Option ETF,Financial,Exchange Traded Fund,USA,,,44.05,-0.56%,23591.0,0,1,0,0,0,0,0,0,0,0,0,0,0,0,0,0,0,0,0,0,0,0,0,0,0,0,0,0,1,0,1
IXP,AllianzIM U.S. Equity 6 Month Buffer10 Mar/Sep ETF,Financial,Exchange Traded Fund,USA,,,34.88,0.33%,3411.0,0,0,0,-1,0,0,0,0,0,0,0,0,0,0,0,0,0,0,0,0,0,0,0,0,0,0,0,0,0,1,1
IXZ,AllianzIM U.S. Equity 6 Month Buffer10 May/Nov ETF,Financial,Exchange Traded Fund,USA,,,32.72,0.34%,5152.0,0,0,0,0,0,0,0,-1,0,0,0,0,0,0,0,0,0,0,0,0,0,0,0,0,0,0,0,0,0,1,1
J,Scienjoy Holding Corp,Communication Services,Internet Content & Information,China,41170000.0,,0.97,12.74%,77501.0,0,1,0,0,0,0,0,0,0,0,0,0,0,0,0,0,0,0,0,0,0,0,0,0,0,0,0,0,1,0,1
JCP,SanJac Alpha Core Plus Bond ETF,Financial,Exchange Traded Fund,USA,,,24.65,0.02%,72.0,0,0,0,0,0,0,0,0,0,0,1,0,0,0,0,0,0,0,0,0,0,0,0,0,0,0,0,0,1,0,1
KHN,Tradr 2X Short SK hynix Daily ETF,Financial,Exchange Traded Fund,USA,,,12.1,1.85%,21905.0,0,0,0,0,0,0,0,0,0,0,0,0,0,0,0,0,0,0,0,0,0,0,0,1,0,0,0,0,1,0,1
KHY,SK Hynix Inc ADR,Technology,Semiconductors,South Korea,1232000000000.0,10.98,169.03,-0.86%,12087355.0,0,0,0,0,0,0,0,0,0,0,1,0,0,0,0,0,0,0,0,0,0,0,0,0,0,0,0,0,1,0,1
KHZ,Leverage Shares 1x Short SK Hynix Daily ETF,Financial,Exchange Traded Fund,USA,,,10.38,1.07%,735800.0,0,0,0,0,0,0,0,0,0,0,0,0,0,0,0,0,0,0,0,0,0,0,0,1,0,0,0,0,1,0,1
KIN,SkinHealth Systems Inc,Consumer Defensive,Household & Personal Products,USA,71580000.0,,0.55,-3.32%,509035.0,0,0,0,0,0,0,0,0,0,0,0,0,-1,0,0,0,0,0,0,0,0,0,0,0,0,0,0,0,0,1,1
KOR,Northern Trust Credit-Scored US Corporate Bond ETF,Financial,Exchange Traded Fund,USA,,,46.83,-0.02%,53054.0,0,1,0,0,0,0,0,0,0,0,0,0,0,0,0,0,0,0,0,0,0,0,0,0,0,0,0,0,1,0,1
KWD,Skyward Specialty Insurance Group Inc,Financial,Insurance - Property & Casualty,USA,2590000000.0,13.58,58.32,-1.67%,251696.0,0,0,0,0,0,0,0,0,1,0,0,0,0,0,0,0,0,0,0,0,0,0,0,0,0,0,0,0,1,0,1
KY,Champion Homes Inc,Consumer Cyclical,Residential Construction,USA,4320000000.0,23.3,79.63,-2.26%,468605.0,0,0,0,0,0,0,0,0,0,0,1,0,0,0,0,0,0,0,0,0,0,0,0,0,0,0,0,1,2,0,2
KYA,SkyAI Inc,Technology,Software - Infrastructure,USA,78710000.0,,1.82,7.69%,268409.0,0,0,0,0,0,0,0,0,0,0,0,0,0,0,0,0,0,0,0,0,0,0,0,1,0,0,0,0,1,0,1
KYE,Skye Bioscience Inc,Healthcare,Biotechnology,USA,7480000.0,,1.69,0.60%,18669.0,0,0,0,0,0,0,0,0,1,0,0,0,0,0,0,0,0,0,0,0,0,0,0,0,0,0,0,0,1,0,1
LDP,Solid Power Inc,Consumer Cyclical,Auto Parts,USA,544210000.0,,2.38,-1.45%,2783055.0,0,0,0,0,0,0,0,0,1,0,0,0,0,0,0,0,0,0,0,0,0,0,0,0,0,0,0,0,1,0,1
LDR,Global X Short-Term Treasury Ladder ETF,Financial,Exchange Traded Fund,USA,,,49.36,-0.10%,1037.0,0,0,0,0,0,0,0,0,1,0,0,0,0,0,0,0,0,0,0,0,0,0,0,0,0,0,0,0,1,0,1
LE,Super League Enterprise Inc,Communication Services,Internet Content & Information,USA,15010000.0,,4.99,4.61%,160943.0,0,0,0,-1,0,0,0,0,0,0,0,0,0,0,0,1,0,0,0,0,0,0,0,0,0,0,0,0,1,1,2
LGL,Sol-Gel Technologies Ltd,Healthcare,Biotechnology,Israel,234970000.0,,71.77,2.03%,31468.0,0,0,0,0,0,0,0,0,1,0,0,0,0,0,0,0,0,0,0,0,0,0,0,0,0,0,0,0,1,0,1
LI,Standard Lithium Ltd,Basic Materials,Other Industrial Metals & Mining,Canada,389910000.0,,1.58,-1.86%,1671718.0,0,0,0,0,0,0,0,0,1,1,0,0,0,0,0,0,0,0,0,0,0,0,0,0,0,0,0,0,2,0,2
LJY,Amplify SILJ Junior Silver Miners Covered Call ETF,Financial,Exchange Traded Fund,USA,,,28.01,2.45%,27506.0,0,0,0,0,0,0,0,0,1,0,0,0,0,0,0,0,0,0,0,0,0,0,0,0,0,0,0,0,1,0,1
LM,SLM Corp,Financial,Credit Services,USA,4230000000.0000005,6.3,22.52,-0.66%,2509769.0,0,0,0,0,0,0,0,0,0,0,0,0,0,0,0,0,0,1,0,0,0,0,0,0,0,0,0,0,1,0,1
LMT,Solmate Infrastructure Public Ltd,Technology,Software - Infrastructure,Ireland,33740000.0,,3.07,-3.62%,231568.0,0,0,0,0,0,0,0,0,1,0,0,0,0,0,0,0,0,0,0,0,0,0,0,0,0,0,0,0,1,0,1
LND,Southland Holdings Inc,Industrials,Engineering & Construction,USA,42570000.0,,0.78,0.26%,455999.0,0,0,0,0,0,0,0,0,0,0,0,0,-1,-1,0,0,0,0,0,0,0,0,0,0,0,0,0,0,0,2,2
LNZ,TCW Senior Loan ETF,Financial,Exchange Traded Fund,USA,,,45.31,0.31%,539.0,0,0,0,0,0,0,0,0,0,0,1,1,0,0,0,0,0,0,0,0,0,0,0,0,0,0,0,0,2,0,2
LS,SELLAS Life Sciences Group Inc,Healthcare,Biotechnology,USA,2350000000.0,,11.65,3.46%,4178220.0,0,0,0,0,0,0,0,0,0,0,0,0,0,0,0,0,0,0,0,0,0,0,-1,0,0,0,0,0,0,1,1
LSN,Solesence Inc,Consumer Defensive,Household & Personal Products,USA,72070000.0,,1.02,21.98%,176559.0,0,0,0,0,0,0,0,0,1,0,0,0,0,0,0,0,0,0,0,0,0,0,0,0,0,0,0,0,1,0,1
LSR,Solaris Resources Inc,Basic Materials,Other Precious Metals & Mining,Switzerland,1140000000.0,,6.83,1.49%,94037.0,0,0,0,0,0,0,0,0,1,0,0,0,0,0,0,0,0,0,0,0,0,0,0,0,0,0,0,0,1,0,1
LVM,Sylvamo Corp,Basic Materials,Paper & Paper Products,USA,1300000000.0,17.3,32.65,0.00%,248553.0,0,0,0,0,0,0,0,0,1,0,0,0,0,0,0,0,0,0,0,0,0,0,0,0,0,0,0,0,1,0,1
LVX,Nicholas Silver Income ETF,Financial,Exchange Traded Fund,USA,,,13.73,2.98%,20565.0,0,1,0,0,0,0,0,0,0,0,0,0,0,0,0,0,0,0,0,0,0,0,0,0,0,0,0,0,1,0,1
LWS,Wisdom Short Duration Income ETF,Financial,Exchange Traded Fund,USA,,,100.53,0.12%,807.0,0,1,0,0,0,0,0,0,0,0,0,0,0,0,0,0,0,0,0,0,0,0,0,0,0,0,0,0,1,0,1
LX,VanEck Steel ETF,Financial,Exchange Traded Fund,USA,,,103.8,1.81%,6984.0,0,0,0,0,0,0,0,0,0,0,0,0,0,0,0,0,0,0,0,0,0,0,-1,0,0,0,0,0,0,1,1
LYG,State Street SPDR S&P 600 TM Small Cap Growth ETF,Financial,Exchange Traded Fund,USA,,,108.57,0.70%,201187.0,0,0,0,0,0,0,0,0,0,0,0,0,-1,0,0,0,0,0,0,0,0,0,0,0,0,0,0,0,0,1,1
MAY,FT Vest U.S. Small Cap Moderate Buffer ETF - May,Financial,Exchange Traded Fund,USA,,,27.73,0.32%,996.0,0,0,0,0,0,0,0,0,1,0,0,0,0,0,0,0,0,0,0,0,0,0,0,0,0,0,0,0,1,0,1
MC,Summit Midstream Corp,Energy,Oil & Gas Midstream,USA,648840000.0,,31.95,-2.26%,76523.0,0,1,0,0,0,0,0,0,0,0,0,0,0,0,0,0,0,0,0,0,0,0,0,0,0,0,0,0,1,0,1
MCO,Hilton Small-MidCap Opportunity ETF,Financial,Exchange Traded Fund,USA,,,28.18,0.62%,3160.0,0,0,0,0,0,0,0,0,0,0,0,0,0,0,0,0,0,0,0,0,0,0,-1,0,0,0,0,0,0,1,1
MFG,Sumitomo Mitsui Financial Group Inc ADR,Financial,Banks - Diversified,Japan,315950000000.0,28.88,25.13,-0.71%,1022156.0,0,0,0,0,0,0,0,-1,0,0,0,0,0,0,0,0,0,0,0,0,0,0,0,0,0,0,0,0,0,1,1
MLF,iShares U.S. Small-Cap Equity Factor ETF,Financial,Exchange Traded Fund,USA,,,85.33,0.62%,215765.0,0,0,0,0,0,0,0,0,1,0,0,0,0,0,0,0,0,0,0,0,0,0,0,0,0,0,0,0,1,0,1
MMT,Summit Therapeutics Inc,Healthcare,Biotechnology,USA,14030000000.0,,17.59,2.45%,5755325.0,0,0,0,0,0,1,0,0,1,0,0,0,0,0,0,0,0,0,0,0,0,0,0,0,0,0,0,0,2,0,2
MOG,VanEck Low Carbon Energy ETF,Financial,Exchange Traded Fund,USA,,,136.46,1.24%,311.0,0,0,0,0,0,0,0,0,1,0,0,0,0,0,0,0,0,0,0,0,0,0,0,0,0,0,0,0,1,0,1
MOX,Horizon Small/Mid Cap Core Equity ETF,Financial,Exchange Traded Fund,USA,,,29.16,0.44%,16379.0,0,0,0,0,0,0,0,0,0,0,0,0,-1,0,0,0,0,0,0,0,0,0,0,0,0,0,0,0,0,1,1
MXT,SolarMax Technology Inc,Technology,Solar,USA,20200000.0,,4.26,-8.58%,68578.0,0,0,0,0,0,1,0,0,0,0,0,0,0,0,0,0,0,0,0,0,0,0,0,0,0,0,0,0,1,0,1
MZ,Tradr 2X Short SMR Daily ETF,Financial,Exchange Traded Fund,USA,,,21.17,-0.19%,40156.0,0,0,0,0,0,0,0,0,1,0,0,0,0,0,0,0,0,0,0,0,0,0,0,0,0,0,0,0,1,0,1
NAG,Leverage Shares 2x Long SNAP Daily ETF,Financial,Exchange Traded Fund,USA,,,7.01,13.05%,69583.0,0,0,0,0,0,0,0,0,0,0,0,0,-1,0,0,0,0,0,0,0,0,0,0,0,0,0,0,0,0,1,1
NAP,Snap Inc,Communication Services,Internet Content & Information,USA,10540000000.0,,6.23,6.31%,49434869.0,0,0,0,0,0,0,0,0,0,0,1,0,0,0,0,0,0,0,0,0,0,0,0,0,0,0,0,0,1,0,1
NAV,Mohr Sector Nav ETF,Financial,Exchange Traded Fund,USA,,,39.41,0.68%,1901.0,0,0,0,0,0,0,0,0,0,0,1,1,0,0,0,0,0,0,0,0,0,0,0,0,-1,0,0,0,2,1,3
NDA,Sonida Senior Living Inc,Healthcare,Medical Care Facilities,USA,1690000000.0,,35.24,-2.00%,579051.0,0,0,0,0,0,0,0,0,1,0,0,0,0,0,0,0,0,0,0,0,0,0,0,0,0,0,0,0,1,0,1
NDC,Corgi SNDK 2x Daily ETF,Financial,Exchange Traded Fund,USA,,,7.16,-3.37%,49792.0,0,0,0,0,0,0,0,0,0,0,1,0,0,0,0,0,0,0,0,0,0,0,0,0,0,0,0,0,1,0,1
NDL,SNDL Inc,Consumer Defensive,Beverages - Wineries & Distilleries,Canada,300270000.0,,1.22,0.00%,768730.0,0,0,0,0,0,0,0,0,1,0,0,0,0,0,0,0,0,0,0,0,0,0,0,0,0,0,0,0,1,0,1
NDR,Schneider National Inc,Industrials,Trucking,USA,5520000000.0,49.66,31.5,-0.72%,600952.0,0,0,0,0,0,0,0,0,0,0,0,0,0,0,0,0,0,0,0,0,0,0,-1,0,0,0,0,0,0,1,1
NDU,T-REX 2X Long SNDK Daily Target ETF,Financial,Exchange Traded Fund,USA,,,21.09,-3.52%,1895157.0,0,0,0,0,0,0,0,0,1,0,0,0,0,0,0,0,0,0,0,0,0,0,0,0,0,0,0,0,1,0,1
NDX,Syndax Pharmaceuticals Inc,Healthcare,Biotechnology,USA,1520000000.0,,16.99,0.53%,1459153.0,0,0,0,0,0,0,0,0,0,0,1,0,0,0,0,0,0,0,0,0,0,0,-1,0,0,0,0,0,1,1,2
NFCA,Security National Financial Corp,Financial,Insurance - Life,USA,250250000.0,6.23,9.18,0.00%,16665.0,0,0,0,0,0,1,0,0,0,0,0,0,0,0,0,0,0,0,0,0,0,0,0,0,0,0,0,0,1,0,1
NOA,Sonoma Pharmaceuticals Inc,Healthcare,Drug Manufacturers - Specialty & Generic,USA,5880000.0,,1.23,6.03%,49450.0,0,0,0,0,0,0,0,0,0,0,0,0,0,0,0,0,0,0,0,0,0,0,0,0,0,1,0,0,1,0,1
NPE,Xtrackers S&P 500 Scored & Screened ETF,Financial,Exchange Traded Fund,USA,,,71.25,0.64%,253159.0,0,0,0,-1,0,0,0,0,0,0,0,0,0,0,0,0,0,0,0,0,0,0,0,0,0,0,0,0,0,1,1
NPS,Synopsys Inc,Technology,Software - Infrastructure,USA,97730000000.0,90.09,509.99,2.46%,2095081.0,0,0,0,0,0,0,0,0,1,0,0,0,0,0,0,0,0,0,0,0,0,0,0,0,0,0,0,0,1,0,1
NTG,Sentage Holdings Inc,Financial,Credit Services,China,4880000.0,,1.74,2.95%,6246.0,0,1,0,0,0,0,0,0,0,0,0,0,0,0,0,0,0,0,0,0,0,0,0,0,0,0,0,0,1,0,1
NTH,MRP SynthEquity ETF,Financial,Exchange Traded Fund,USA,,,29.99,0.67%,36745.0,0,0,0,0,0,0,0,0,0,0,0,0,0,0,0,1,0,0,0,0,0,0,0,0,0,0,0,0,1,0,1
NWV,Sanuwave Health Inc,Healthcare,Medical Devices,USA,48340000.0,23.37,5.62,-3.85%,23439.0,0,0,0,0,0,0,0,0,1,0,0,0,0,0,0,0,0,0,0,0,0,0,0,0,0,0,0,0,1,0,1
NX,TD Synnex Corp,Technology,Electronics & Computer Distribution,USA,21810000000.0,16.65,273.37,2.21%,357643.0,0,0,0,0,0,1,0,0,0,0,1,1,0,0,0,0,0,0,0,0,0,0,-1,0,0,0,0,0,3,1,4
NXX,Tradr 2X Long SNDK Daily ETF,Financial,Exchange Traded Fund,USA,,,13.71,-3.59%,28881934.0,0,0,0,0,0,0,0,0,1,0,0,0,0,0,0,0,0,0,0,0,0,0,0,0,0,0,0,0,1,0,1
O,Southern Company,Utilities,Utilities - Regulated Electric,USA,99130000000.0,20.79,86.17,0.02%,3130308.0,0,0,0,0,0,1,0,0,0,0,0,0,0,0,0,0,0,0,0,0,0,0,0,0,0,0,0,0,1,0,1
OAR,Volato Group Inc,Industrials,Airports & Air Services,USA,16640000.0,0.95,0.31,0.58%,14133338.0,0,1,0,0,0,0,0,0,0,0,0,0,0,0,0,0,0,0,0,0,1,0,0,1,0,0,0,0,3,0,3
OBO,South Bow Corp,Energy,Oil & Gas Midstream,Canada,6930000000.0,15.96,33.22,-1.83%,1848641.0,0,1,0,0,0,0,0,0,0,0,0,0,0,0,0,0,0,0,0,0,0,0,0,0,-1,0,0,0,1,1,2
OCL,Global X Social Media ETF,Financial,Exchange Traded Fund,USA,,,44.49,2.25%,3100.0,0,1,0,-1,0,0,0,0,0,0,0,0,0,0,0,0,0,0,0,0,1,0,0,0,0,0,0,0,2,1,3
OFI,SoFi Technologies Inc,Financial,Credit Services,USA,20410000000.0,33.31,15.8,1.22%,29293768.0,0,1,0,0,0,0,0,0,0,0,0,0,0,0,0,0,0,0,0,0,1,1,0,0,0,0,0,0,3,0,3
OFR,Amplify Samsung SOFR ETF,Financial,Exchange Traded Fund,USA,,,100.15,0.01%,1099.0,0,1,0,0,0,1,0,0,0,0,0,0,-1,-1,0,0,0,0,0,0,0,0,0,0,0,0,0,0,2,2,4
OFX,Defiance Daily Target 2X Long SOFI ETF,Financial,Exchange Traded Fund,USA,,,6.93,1.91%,943410.0,0,1,0,0,0,0,0,0,0,0,0,0,-1,-1,0,0,0,0,0,0,0,0,0,0,0,0,0,0,1,2,3
OGP,Sound Group Inc ADR,Communication Services,Internet Content & Information,Singapore,32850000.0,1.22,10.84,3.04%,1355.0,0,0,0,0,0,0,0,0,1,0,0,0,0,0,0,0,0,0,0,0,0,0,0,0,0,0,0,0,1,0,1
OHU,Sohu.com Ltd ADR,Communication Services,Electronic Gaming & Multimedia,China,332130000.0,1.48,12.74,1.68%,60098.0,0,0,0,-1,0,0,0,0,0,0,0,0,0,0,0,0,0,0,0,0,0,0,0,0,0,0,0,0,0,1,1
ONM,DNA X Inc,Financial,Capital Markets,USA,5420000.0,,3.64,-4.11%,6408.0,0,1,0,0,0,1,0,0,0,0,0,0,-1,-1,0,0,0,0,0,0,0,0,0,0,0,0,0,0,2,2,4
ORA,AsiaStrategy,Consumer Cyclical,Luxury Goods,Hong Kong,59670000.0,38.1,2.4,6.67%,87608.0,0,0,0,0,0,0,0,0,0,0,0,0,-1,0,0,0,0,0,0,0,1,1,0,0,0,0,0,0,2,1,3
OS,SOS Limited,Financial,Capital Markets,China,5420000.0,,0.29,-4.32%,273971.0,0,0,0,0,0,0,0,0,1,1,0,0,0,0,0,0,0,0,0,0,0,0,0,0,0,0,0,0,2,0,2
OUL,Soulpower Acquisition Corp,Financial,Shell Companies,USA,273880000.0,47.17,10.49,0.00%,1036.0,0,0,0,0,0,0,0,0,0,0,0,0,0,0,0,0,0,1,0,0,0,0,0,0,0,0,0,0,1,0,1
OUN,SoundHound AI Inc,Technology,Software - Application,USA,2420000000.0,,5.39,-2.36%,11973513.0,0,0,0,0,0,0,0,0,0,0,0,0,-1,-1,0,0,0,0,0,0,0,0,0,0,0,0,0,0,0,2,2
OUX,Defiance Daily Target 2X Long SOUN ETF,Financial,Exchange Traded Fund,USA,,,6.54,-6.06%,46153.0,0,0,0,0,0,0,0,0,1,0,0,0,0,0,0,0,0,0,0,0,0,0,0,0,0,0,0,0,1,0,1
OXQ,Invesco PHLX Semiconductor ETF,Financial,Exchange Traded Fund,USA,,,98.93,-0.49%,1009181.0,0,0,0,0,0,0,0,0,1,0,0,0,0,0,0,0,0,0,0,0,0,0,0,0,0,0,0,0,1,0,1
OXX,iShares Semiconductor ETF,Financial,Exchange Traded Fund,USA,,,559.4,-0.69%,5033716.0,0,0,0,0,0,0,0,0,1,0,0,0,0,0,0,0,0,0,0,0,0,0,0,0,0,0,0,0,1,0,1
PAI,Safe Pro Group Inc,Industrials,Aerospace & Defense,USA,82680000.0,,4.06,-4.81%,203409.0,0,1,0,0,0,0,0,0,0,0,0,0,-1,0,0,0,0,0,0,0,0,0,0,0,0,0,0,0,1,1,2
PAM,Themes Cybersecurity ETF,Financial,Exchange Traded Fund,USA,,,49.93,3.87%,1478.0,0,0,0,0,0,0,0,-1,0,0,0,0,0,0,0,0,0,0,0,0,0,0,0,0,0,0,0,0,0,1,1
PBC,Simplify US Equity PLUS Bitcoin Strategy ETF,Financial,Exchange Traded Fund,USA,,,51.06,0.72%,6903.0,0,0,0,-1,0,0,0,-1,0,0,0,0,0,0,0,0,0,1,0,0,0,0,0,0,0,0,0,0,1,2,3
PCE,Virgin Galactic Holdings Inc,Industrials,Aerospace & Defense,USA,430530000.0,,2.84,-3.40%,5432748.0,0,1,0,0,0,1,0,0,0,0,0,0,0,0,0,0,0,0,0,0,0,0,0,0,0,0,0,0,2,0,2
PCK,The SPAC and New Issue ETF,Financial,Exchange Traded Fund,USA,,,21.73,-0.17%,529.0,0,0,0,0,0,0,0,0,1,0,0,0,0,0,0,0,0,0,0,0,0,0,0,0,0,0,0,0,1,0,1
PCL,Defiance Daily 2X Space ETF,Financial,Exchange Traded Fund,USA,,,20.75,-4.96%,57097.0,0,0,0,0,0,0,0,0,0,0,0,0,0,0,0,0,0,0,0,0,0,0,0,1,0,0,0,0,1,0,1
PDF,Defender Risk Adaptive 500 ETF,Financial,Exchange Traded Fund,USA,,,28.57,0.61%,150.0,0,0,0,0,0,0,0,-1,0,0,0,0,0,0,0,0,0,0,0,0,0,0,0,0,0,0,0,0,0,1,1
PDG,State Street SPDR Portfolio S&P Sector Neutral Dividend ETF,Financial,Exchange Traded Fund,USA,,,45.34,-0.29%,180.0,0,0,0,0,0,0,0,0,0,0,0,0,0,0,0,0,0,0,0,0,0,0,-1,0,0,0,0,0,0,1,1
PE,Special Opportunities Fund Inc,Financial,Closed-End Fund - Equity,USA,138540000.0,,12.57,0.32%,25928.0,0,0,0,0,0,0,0,0,1,0,0,0,0,0,0,0,0,0,0,0,0,0,0,0,0,0,0,0,1,0,1
PEM,State Street SPDR Portfolio Emerging Markets ETF,Financial,Exchange Traded Fund,USA,,,52.21,1.32%,1191415.0,0,0,0,0,0,0,0,0,0,0,1,1,0,0,0,0,0,0,0,0,0,0,0,0,-1,0,0,0,2,1,3
PH,Suburban Propane Partners LP,Utilities,Utilities - Regulated Gas,USA,1140000000.0,8.77,17.09,-0.29%,151922.0,0,0,0,0,0,0,0,0,0,0,0,0,-1,0,0,0,0,0,0,0,0,0,0,1,0,0,0,0,1,1,2
PHB,Invesco S&P 500 High Beta ETF,Financial,Exchange Traded Fund,USA,,,154.16,1.41%,292355.0,0,0,0,0,0,0,0,0,0,0,1,0,0,0,0,0,0,0,0,0,1,0,-1,0,0,0,0,0,2,1,3
PHQ,Invesco S&P 500 Quality ETF,Financial,Exchange Traded Fund,USA,,,85.83,0.39%,696163.0,0,0,0,0,0,0,0,0,1,0,0,0,0,0,0,0,0,0,0,0,0,0,0,0,0,0,0,0,1,0,1
PIB,State Street SPDR Portfolio Intermediate Term Corporate Bond ETF,Financial,Exchange Traded Fund,USA,,,32.32,-0.03%,4380825.0,0,1,0,0,0,0,0,0,0,0,0,0,0,0,0,0,0,0,0,0,0,0,0,0,0,0,0,0,1,0,1
PLS,PIMCO US Stocks PLUS Active Bond ETF,Financial,Exchange Traded Fund,USA,,,56.22,0.84%,4864.0,0,0,0,0,0,0,0,0,0,0,1,0,0,0,0,0,0,0,0,0,0,0,0,0,0,0,0,0,1,0,1
PMO,Invesco S&P 500 Momentum ETF,Financial,Exchange Traded Fund,USA,,,151.16,0.21%,1338432.0,0,0,0,0,0,0,0,0,0,0,1,0,0,0,0,0,0,0,0,0,0,0,0,0,0,0,0,0,1,0,1
POK,Spok Holdings Inc,Healthcare,Health Information Services,USA,224450000.0,18.48,10.73,-2.98%,104135.0,0,0,0,0,0,0,0,0,0,0,0,0,-1,-1,0,0,0,0,0,0,1,0,0,0,0,1,0,0,2,2,4
POT,Spotify Technology SA,Communication Services,Internet Content & Information,Sweden,108940000000.0,32.94,529.14,0.52%,1320654.0,0,0,0,0,0,0,0,0,0,0,1,0,0,0,0,0,0,0,0,0,0,0,0,0,0,0,0,0,1,0,1
PT,Sprout Social Inc,Technology,Software - Application,USA,666950000.0,,11.0,-0.72%,777508.0,0,0,0,0,0,0,0,0,0,0,1,0,0,0,0,0,0,0,0,0,0,0,0,0,0,0,0,0,1,0,1
PTM,State Street SPDR Portfolio S&P 1500 Composite Stock Market ETF,Financial,Exchange Traded Fund,USA,,,94.01,0.59%,272325.0,0,1,0,0,0,0,0,0,0,0,0,0,0,0,0,0,0,0,0,0,0,0,0,0,0,0,0,0,1,0,1
PTU,State Street SPDR Portfolio Ultra Short TBill ETF,Financial,Exchange Traded Fund,USA,,,25.03,0.06%,669.0,0,1,0,0,0,1,0,0,1,1,0,0,0,0,0,0,0,0,0,0,0,0,0,0,0,0,0,0,4,0,4
PUS,SP Funds S&P 500 Sharia Industry Exclusions ETF,Financial,Exchange Traded Fund,USA,,,60.77,0.48%,172471.0,0,0,0,0,0,0,0,0,0,0,1,1,0,0,0,0,0,0,0,0,0,0,0,0,0,0,0,0,2,0,2
PUU,Direxion Daily S&P 500 Bull 2X ETF,Financial,Exchange Traded Fund,USA,,,230.97,1.26%,43769.0,0,0,0,0,0,0,0,0,0,0,1,0,0,0,0,0,0,0,0,0,0,0,0,0,0,0,0,0,1,0,1
PWH,Sportsman's Warehouse Holdings Inc,Consumer Cyclical,Specialty Retail,USA,43060000.0,,1.1,-2.65%,346020.0,0,0,0,0,0,0,0,0,1,0,0,0,0,0,0,0,0,0,0,0,0,0,0,0,0,0,0,0,1,0,1
PWO,SP Funds S&P World (ex-US) ETF,Financial,Exchange Traded Fund,USA,,,33.59,0.69%,58645.0,0,0,0,0,0,0,0,0,0,0,1,0,0,0,0,0,0,0,0,0,0,0,0,0,-1,0,0,0,1,1,2
PWR,SunPower Inc,Technology,Solar,USA,91120000.0,,0.28,1.10%,1170189.0,0,0,0,0,0,0,0,0,1,0,0,0,0,0,0,0,0,0,0,0,0,0,0,0,0,0,0,0,1,0,1
PXC,SPX Technologies Inc,Industrials,Building Products & Equipment,USA,8490000000.0,29.7,169.46,0.52%,342387.0,0,0,0,0,0,0,0,0,0,0,0,0,-1,0,0,0,0,0,0,0,0,0,0,0,0,0,0,0,0,1,1
PXN,ProShares S&P 500 Ex-Financials ETF,Financial,Exchange Traded Fund,USA,,,86.09,0.54%,552.0,0,0,0,0,0,0,0,-1,0,0,0,0,0,0,0,0,0,0,0,0,0,0,0,0,0,0,0,0,0,1,1
PYG,State Street SPDR Portfolio S&P 500 Growth ETF,Financial,Exchange Traded Fund,USA,,,125.75,0.82%,1347356.0,0,0,0,0,0,0,0,-1,0,0,0,0,0,0,0,0,0,0,0,0,0,0,0,0,0,0,0,0,0,1,1
PYH,NEOS S&P 500 Hedged Equity Income ETF,Financial,Exchange Traded Fund,USA,,,56.99,0.44%,13592.0,0,0,0,0,0,0,0,-1,0,0,0,0,0,0,0,0,0,0,0,0,0,0,0,0,0,0,0,0,0,1,1
PYT,Defiance S&P 500 Target Income ETF,Financial,Exchange Traded Fund,USA,,,17.17,0.53%,88744.0,0,0,0,0,0,0,0,0,0,0,0,0,-1,-1,0,0,0,0,0,0,1,0,0,0,0,0,0,0,1,2,3
PYX,State Street SPDR S&P 500 Fossil Fuel Reserves Free ETF,Financial,Exchange Traded Fund,USA,,,63.78,0.62%,77021.0,0,1,0,0,0,0,0,0,0,0,0,0,0,0,0,0,0,1,0,0,0,0,0,0,0,0,0,0,2,0,2
QLT,iShares MSCI USA Small-Cap Quality Factor ETF,Financial,Exchange Traded Fund,USA,,,27.9,0.42%,8.0,0,0,0,0,0,0,0,0,1,0,0,0,0,0,0,0,0,0,0,0,0,0,0,0,0,0,0,0,1,0,1
QM,Sociedad Quimica Y Minera de Chile SA ADR,Basic Materials,Specialty Chemicals,Chile,9130000000.0,13.19,63.91,-0.95%,558432.0,0,0,0,0,0,0,0,0,1,0,0,0,0,0,0,0,0,0,0,0,0,0,0,0,0,0,0,0,1,0,1
QMX,FT Vest U.S. Equity Quarterly Max Buffer ETF,Financial,Exchange Traded Fund,USA,,,35.07,0.26%,5008.0,0,0,0,-1,0,0,0,0,0,0,0,0,0,0,0,0,0,0,0,0,0,0,0,0,0,0,0,0,0,1,1
QNS,Sequans Communications S.A ADR,Technology,Semiconductors,France,41330000.0,,2.71,-1.81%,78353.0,0,0,0,0,0,0,0,0,0,0,0,0,-1,0,0,0,0,0,0,0,0,0,0,0,0,0,0,0,0,1,1
QQQ,ProShares UltraPro Short QQQ -3x Shares,Financial,Exchange Traded Fund,USA,,,32.95,-1.26%,32959651.0,0,0,0,0,0,0,0,0,1,0,0,0,0,0,0,0,0,0,0,0,0,0,0,0,0,0,0,0,1,0,1
QS,Sapient Quality Select ETF,Financial,Exchange Traded Fund,USA,,,28.59,0.75%,97617.0,0,1,0,0,0,0,0,0,0,0,0,0,0,0,0,0,0,0,0,0,0,0,0,0,0,0,0,0,1,0,1
R,Spire Inc,Utilities,Utilities - Regulated Gas,USA,4640000000.0,8.74,78.42,0.55%,331887.0,0,0,0,0,0,0,0,0,0,0,0,0,-1,0,0,0,0,0,0,0,0,0,0,1,0,0,0,0,1,1,2
RAD,Sportradar Group AG,Technology,Software - Application,Switzerland,3890000000.0,207.48,12.49,0.40%,1199666.0,0,0,0,-1,0,0,0,0,0,0,0,0,-1,-1,0,0,0,0,0,0,0,0,0,0,0,1,0,0,1,3,4
RE,Sempra,Utilities,Utilities - Diversified,USA,53190000000.0,23.57,81.34,1.57%,3371241.0,0,0,0,0,0,0,0,0,1,0,0,0,0,0,0,0,0,0,0,0,0,0,0,0,0,0,0,0,1,0,1
RG,Seritage Growth Properties,Real Estate,Real Estate Services,USA,90120000.0,,1.6,-1.84%,90299.0,0,0,0,0,0,0,0,0,1,0,0,0,0,0,0,0,0,0,0,0,0,0,0,0,0,0,0,0,1,0,1
RHQ,SRH U.S. Quality GARP ETF,Financial,Exchange Traded Fund,USA,,,47.93,0.57%,224.0,0,0,0,0,0,0,0,0,0,0,0,0,-1,0,0,0,0,0,0,0,0,0,0,0,0,0,0,0,0,1,1
RL,Scully Royalty Ltd,Financial,Capital Markets,China,77660000.0,,5.1,0.79%,783.0,0,0,0,0,0,0,0,0,1,0,0,0,0,0,0,0,0,0,0,0,0,0,0,0,0,0,0,0,1,0,1
RZN,Surrozen Inc,Healthcare,Biotechnology,USA,348970000.0,,29.69,6.15%,781385.0,0,0,0,0,0,0,0,0,0,0,0,0,0,0,0,0,0,0,0,0,0,0,-1,0,0,0,0,0,0,1,1
SAC,SPACSphere Acquisition Corp,Financial,Shell Companies,USA,240310000.0,194.62,10.12,-0.20%,244.0,0,0,0,0,0,1,0,0,0,0,0,0,0,0,0,0,0,1,0,0,0,0,0,0,0,0,0,0,2,0,2
SBI,Summit State Bank,Financial,Banks - Regional,USA,83400000.0,36.5,12.22,0.49%,3604.0,0,0,0,0,0,0,0,0,1,1,0,0,0,0,0,0,0,0,0,0,0,0,0,0,0,0,0,0,2,0,2
SD,Simpson Manufacturing Co Inc,Basic Materials,Lumber & Wood Production,USA,7010000000.0,18.69,171.12,-0.48%,233684.0,0,0,0,0,0,0,0,0,0,0,1,0,0,0,0,0,0,0,0,0,0,0,0,0,0,0,0,0,1,0,1
SM,Sono Group NV,Consumer Cyclical,Auto Manufacturers,Germany,3200000.0,,1.18,-8.88%,329050.0,0,0,0,0,0,0,0,0,1,0,0,0,0,0,0,0,0,0,0,0,0,0,0,0,0,0,0,0,1,0,1
SMG,Virtus Silvant Small/Mid Growth ETF,Financial,Exchange Traded Fund,USA,,,25.53,0.90%,6.0,0,0,0,0,0,0,0,0,0,0,0,0,-1,0,0,0,0,0,0,0,0,0,0,0,0,0,0,0,0,1,1
SP,E.W. Scripps Co,Communication Services,Broadcasting,USA,265029999.99999997,,2.86,-1.04%,396433.0,0,0,0,0,0,0,0,0,1,0,0,0,0,0,0,0,0,0,0,0,0,0,0,0,0,0,0,0,1,0,1
ST,System1 Inc,Industrials,Specialty Business Services,USA,24540000.0,,2.34,3.08%,53671.0,0,0,0,0,0,0,0,0,0,0,1,0,0,0,0,0,0,0,0,0,0,0,-1,0,0,0,0,0,1,1,2
SYS,Stratasys Ltd,Technology,Computer Hardware,USA,702900000.0,,7.98,-0.87%,399748.0,0,0,0,0,0,0,0,0,0,0,0,0,-1,0,0,0,0,0,0,0,0,0,0,0,0,0,0,0,0,1,1
T,Sensata Technologies Holding Plc,Technology,Scientific & Technical Instruments,USA,6150000000.0,69.84,42.29,0.14%,769829.0,0,0,0,0,0,0,0,0,1,1,0,0,0,0,0,0,0,0,0,0,0,0,0,0,0,0,0,0,2,0,2
TAA,Staar Surgical Co,Healthcare,Medical Instruments & Supplies,USA,1090000000.0,325.86,21.67,-3.17%,592497.0,0,0,0,0,0,0,0,0,1,0,0,0,0,0,0,0,0,0,0,0,0,0,0,0,0,0,0,0,1,0,1
TBQ,Amplify Stablecoin Technology Leaders ETF,Financial,Exchange Traded Fund,USA,,,22.96,1.32%,369.0,0,0,0,0,0,0,0,-1,0,0,0,0,0,0,0,0,0,0,0,0,0,0,0,0,0,0,0,0,0,1,1
TC,Stewart Information Services Corp,Financial,Insurance - Property & Casualty,USA,1550000000.0,11.12,50.7,-2.27%,228048.0,0,0,0,0,0,0,0,0,0,0,1,0,0,0,0,0,0,0,0,0,0,0,0,0,0,0,0,0,1,0,1
TDN,Standard Nuclear Inc,Basic Materials,Specialty Chemicals,USA,2140000000.0000002,,13.69,1.48%,328852.0,0,0,0,0,0,0,0,0,1,0,0,0,0,0,0,0,0,0,0,0,0,0,0,0,0,0,0,0,1,0,1
TEP,StepStone Group Inc,Financial,Asset Management,USA,5320000000.0,,44.1,0.43%,417140.0,0,1,0,0,0,0,0,0,0,0,0,0,-1,0,0,0,0,0,0,0,0,0,0,0,0,0,0,0,1,1,2
TEX,Streamex Corp,Financial,Capital Markets,USA,57170000.0,,0.49,-2.95%,447669.0,0,0,0,0,0,0,0,0,0,0,0,0,-1,-1,0,0,0,0,0,0,0,0,0,0,0,0,0,0,0,2,2
TK,Columbia Seligman Premium Technology Growth Fund Inc,Financial,Closed-End Fund - Equity,USA,981720000.0,,55.48,0.89%,47448.0,0,0,0,0,0,0,0,0,0,0,1,0,0,0,0,0,0,0,0,0,0,0,0,0,0,0,0,0,1,0,1
TKE,Sol Strategies Inc,Financial,Capital Markets,Canada,60420000.0,,1.53,-1.29%,132519.0,0,0,0,0,0,1,0,0,0,0,0,0,0,0,0,1,0,0,0,0,0,0,0,0,0,0,0,0,2,0,2
TLA,Stellantis N.V,Consumer Cyclical,Auto Manufacturers,Netherlands,12970000000.0,,4.48,-0.88%,25362172.0,0,0,0,0,0,0,0,0,1,0,0,0,0,0,0,0,0,0,0,0,0,0,0,0,0,0,0,0,1,0,1
TLD,Steel Dynamics Inc,Basic Materials,Steel,USA,34170000000.0,21.62,238.38,1.80%,599377.0,0,0,0,0,0,0,0,0,0,0,0,0,-1,-1,0,0,0,0,0,0,0,0,0,0,0,0,0,0,0,2,2
TLN,Starling Oncology Inc,Healthcare,Medical Care Facilities,USA,662880000.0,,6.63,7.28%,1848350.0,0,0,0,-1,0,0,0,-1,0,0,0,0,0,0,0,0,0,0,0,0,0,0,0,0,0,0,0,0,0,2,2
TLU,2x Stellar ETF,Financial,Exchange Traded Fund,USA,,,16.98,0.47%,10294.0,0,0,0,0,0,0,0,0,0,0,0,0,-1,0,0,0,0,0,0,0,0,0,0,0,0,0,0,0,0,1,1
TNC,Hennessy Sustainable ETF,Financial,Exchange Traded Fund,USA,,,36.09,-0.44%,3108.0,0,1,0,0,0,0,0,0,0,0,0,0,0,0,0,0,0,0,0,0,0,0,0,0,0,0,0,0,1,0,1
TNE,StoneCo Ltd,Technology,Software - Infrastructure,Brazil,3030000000.0,5.04,12.46,7.41%,8518592.0,0,0,0,0,0,0,0,0,0,0,0,0,-1,-1,0,0,0,0,0,0,0,0,0,0,0,1,0,0,1,2,3
TNG,Scorpio Tankers Inc,Energy,Oil & Gas Midstream,Monaco,4260000000.0,5.36,85.14,-3.41%,1059822.0,0,0,0,0,0,0,0,0,0,0,1,0,0,0,0,0,0,0,0,0,0,0,0,0,0,0,0,0,1,0,1
TOX,Horizon Core Equity ETF,Financial,Exchange Traded Fund,USA,,,32.6,0.40%,14415.0,0,0,0,0,0,0,0,0,0,0,1,0,0,0,0,0,0,0,0,0,0,0,-1,0,0,0,0,0,1,1,2
TPZ,PIMCO 1-5 Year U.S. TIPS Index ETF,Financial,Exchange Traded Fund,USA,,,52.02,-0.08%,98264.0,0,0,0,0,0,0,0,0,1,1,0,0,0,0,0,0,0,0,0,0,0,0,0,0,0,0,0,0,2,0,2
TRA,Strategic Education Inc,Consumer Defensive,Education & Training Services,USA,1830000000.0,13.74,82.39,0.00%,238488.0,0,0,0,0,0,0,0,0,0,0,1,1,0,0,0,0,0,0,0,0,0,0,0,0,0,0,0,0,2,0,2
TRR,Star Equity Holdings Inc,Industrials,Staffing & Employment Services,USA,38070000.0,,10.32,5.09%,9737.0,0,1,0,0,0,0,0,0,0,0,0,0,0,0,0,0,0,0,0,0,0,0,0,0,0,0,0,0,1,0,1
TSM,Defiance Daily Target 2X Short TSM ETF,Financial,Exchange Traded Fund,USA,,,29.67,2.19%,5546.0,0,0,0,0,0,0,0,0,1,0,0,0,0,0,0,0,0,0,0,0,0,0,0,0,0,0,0,0,1,0,1
TTK,Shattuck Labs Inc,Healthcare,Biotechnology,USA,599170000.0,,5.97,5.48%,1049395.0,0,0,0,0,0,0,0,0,1,0,1,0,0,0,0,0,0,0,0,0,0,0,0,0,-1,0,0,0,2,1,3
TUB,Stubhub Holdings Inc,Communication Services,Internet Content & Information,USA,2340000000.0,,6.12,-0.33%,4551631.0,0,0,0,0,0,0,0,0,0,0,0,0,-1,0,0,0,0,0,0,0,0,0,0,1,0,0,0,0,1,1,2
TVN,Stevanato Group Spa,Healthcare,Medical Instruments & Supplies,Italy,5300000000.0,33.73,19.4,0.99%,267107.0,0,0,0,0,0,0,0,-1,0,0,1,1,0,0,0,0,0,0,0,0,0,0,0,0,0,0,0,0,2,1,3
TWD,Starwood Property Trust Inc,Real Estate,REIT - Mortgage,USA,4700000000.0,21.35,12.71,-0.31%,4600796.0,0,0,0,0,0,1,0,0,1,1,0,0,0,0,0,0,0,0,0,0,0,0,0,0,0,0,0,0,3,0,3
TXL,Defiance Daily Target 2x Long STX ETF,Financial,Exchange Traded Fund,USA,,,25.49,2.00%,297601.0,0,0,0,0,0,0,0,0,1,0,0,0,0,0,0,0,0,0,0,0,0,0,0,0,0,0,0,0,1,0,1
TXT,Strive Total Return Bond ETF,Financial,Exchange Traded Fund,USA,,,19.07,0.37%,12723.0,0,0,0,0,0,1,0,0,0,0,0,0,0,0,0,0,0,0,0,-1,0,0,0,0,0,0,0,0,1,1,2
TXU,Leverage Shares 2X Long STX Daily ETF,Financial,Exchange Traded Fund,USA,,,9.68,1.79%,218557.0,0,0,0,0,0,0,0,0,1,0,0,0,0,0,0,0,0,0,0,0,0,0,0,0,0,0,0,0,1,0,1
TXX,Tradr 2X Long STX Daily ETF,Financial,Exchange Traded Fund,USA,,,32.43,1.92%,61140.0,0,0,0,0,0,0,0,0,1,0,0,0,0,0,0,0,0,0,0,0,0,0,0,0,0,0,0,0,1,0,1
UIS,Canary Staked SUI ETF,Financial,Exchange Traded Fund,USA,,,27.32,1.01%,713.0,0,0,0,0,0,0,0,0,0,0,0,0,0,0,0,0,0,0,0,0,0,0,0,0,0,1,0,0,1,0,1
UN,Sunoco LP,Energy,Oil & Gas Refining & Marketing,USA,15480000000.0,16.59,75.6,2.63%,108406.0,0,0,0,-1,0,0,0,0,0,0,0,0,0,0,0,0,0,0,0,0,0,0,0,0,0,0,0,0,0,1,1
UNB,Sunbelt Rentals Holdings Inc,Industrials,Rental & Leasing Services,USA,30800000000.0,22.27,75.17,0.43%,2755358.0,0,0,0,0,0,0,0,0,1,0,0,0,0,0,0,0,0,0,0,0,0,0,0,0,0,0,0,0,1,0,1
UNS,Sunrise Realty Trust Inc,Real Estate,REIT - Mortgage,USA,79070000.0,6.03,5.85,-2.34%,78610.0,0,0,0,0,0,0,0,0,0,0,0,0,-1,0,0,0,0,0,0,0,0,0,0,0,0,0,0,0,0,1,1
UPN,Supernus Pharmaceuticals Inc,Healthcare,Drug Manufacturers - Specialty & Generic,USA,2480000000.0,,42.67,1.26%,643833.0,0,0,0,-1,0,1,0,0,0,0,0,0,0,0,0,0,0,0,0,-1,0,0,0,0,0,0,0,0,1,2,3
UPP,TCW Transform Supply Chain ETF,Financial,Exchange Traded Fund,USA,,,79.96,0.54%,21.0,0,0,0,0,0,0,0,0,1,0,0,0,0,0,0,0,0,0,0,0,0,0,0,0,0,0,0,0,1,0,1
URG,Surgepays Inc,Communication Services,Telecom Services,USA,7500000.0,,0.14,-2.41%,1373083.0,0,0,0,0,0,0,0,0,0,0,0,0,0,0,0,0,0,0,0,-1,0,0,0,0,0,0,0,0,0,1,1
USB,iShares Trust iShares ESG Aware 1-5 Year USD Corporate Bond ETF,Financial,Exchange Traded Fund,USA,,,24.43,-0.08%,117270.0,0,1,0,0,0,0,0,0,0,0,0,0,0,0,0,0,0,0,0,0,0,0,0,0,0,0,0,0,1,0,1
USL,iShares ESG MSCI USA Leaders ETF,Financial,Exchange Traded Fund,USA,,,138.92,0.59%,3612.0,0,1,0,0,0,0,0,0,0,0,0,0,0,0,0,0,0,0,0,0,0,0,0,0,0,0,0,0,1,0,1
VCO,Silvaco Group Inc,Technology,Software - Application,USA,275320000.0,,8.12,1.69%,209778.0,0,0,0,0,0,0,0,0,1,0,0,0,0,0,0,0,0,0,0,0,0,0,0,0,0,0,0,0,1,0,1
VIX,-1x Short VIX Futures ETF,Financial,Exchange Traded Fund,USA,,,29.66,1.40%,1092703.0,0,0,0,0,0,0,0,-1,0,0,0,0,0,0,0,0,0,0,0,0,0,0,0,0,0,0,0,0,0,1,1
VM,Silvercorp Metals Inc,Basic Materials,Silver,Canada,2320000000.0,101.25,10.49,1.75%,1412160.0,0,0,0,0,0,0,0,0,1,0,0,0,0,0,0,0,0,0,0,0,0,0,0,0,0,0,0,0,1,0,1
VXY,ProShares Short VIX Short-Term Futures ETF -0.5x Shares,Financial,Exchange Traded Fund,USA,,,64.92,0.81%,794909.0,0,0,0,-1,0,0,0,0,0,0,0,0,0,0,0,0,0,0,0,0,0,0,0,0,0,0,0,0,0,1,1
W,Smurfit WestRock plc,Consumer Cyclical,Packaging & Containers,Ireland,21590000000.0,43.91,41.29,-0.39%,2494603.0,0,0,0,0,0,0,0,0,0,0,1,0,-1,0,0,0,0,0,0,0,0,0,0,0,0,0,0,0,1,1,2
WBI,Smith & Wesson Brands Inc,Industrials,Aerospace & Defense,USA,626860000.0,25.81,13.98,-2.31%,356383.0,0,0,0,0,0,0,0,0,1,0,0,0,0,0,0,0,0,0,0,0,0,0,0,0,0,0,0,0,1,0,1
WRD,Stewards Inc,Financial,Credit Services,USA,591140000.0,,2.62,3.15%,167917.0,0,0,0,0,0,0,0,0,1,1,0,0,0,0,0,0,0,0,0,0,0,0,0,0,0,0,0,0,2,0,2
XC,SunCoke Energy Inc,Basic Materials,Coking Coal,USA,843660000.0,,9.94,1.95%,717766.0,0,0,0,-1,0,1,0,-1,0,0,0,0,0,0,0,0,0,0,0,0,0,0,0,0,0,0,0,0,1,2,3
XQG,ETC 6 Meridian Quality Growth ETF,Financial,Exchange Traded Fund,USA,,,34.51,1.15%,1712.0,0,0,0,0,0,0,0,-1,0,0,0,0,0,0,0,0,0,0,0,0,0,0,0,0,0,0,0,0,0,1,1
XT,Sensient Technologies Corp,Basic Materials,Specialty Chemicals,USA,5550000000.0,35.24,130.37,-1.26%,188345.0,0,1,0,0,0,0,0,0,0,0,0,0,0,0,0,0,0,0,0,0,0,0,0,0,0,0,0,0,1,0,1
XTP,60 Degrees Pharmaceuticals Inc,Healthcare,Biotechnology,USA,3400000.0,,0.97,-0.73%,42060.0,0,0,0,0,0,0,0,0,1,0,0,0,0,0,0,0,0,0,0,0,0,0,0,0,0,0,0,0,1,0,1
YK,Stryker Corp,Healthcare,Medical Devices,USA,106380000000.0,28.73,277.33,0.13%,1476651.0,0,0,0,0,0,0,0,0,1,0,0,0,0,0,0,0,0,0,0,0,0,0,0,0,0,0,0,0,1,0,1
YNA,Synaptics Inc,Technology,Semiconductors,USA,4760000000.0,,119.82,0.62%,2011570.0,0,0,0,0,0,0,0,0,1,0,0,0,0,0,0,0,0,0,0,0,0,0,0,0,0,0,0,0,1,0,1
YNX,Silynxcom Ltd,Technology,Communication Equipment,Israel,5660000.0,,0.85,-0.95%,3884.0,0,0,0,0,0,0,0,0,1,0,0,0,0,0,0,0,0,0,0,0,0,0,0,0,0,0,0,0,1,0,1
YRE,Spyre Therapeutics Inc,Healthcare,Biotechnology,USA,7910000000.0,,85.69,7.25%,1116437.0,0,0,0,0,0,0,0,0,0,0,0,0,-1,0,0,0,0,0,0,0,0,0,0,0,0,0,0,0,0,1,1
YY,Sysco Corp,Consumer Defensive,Food Distribution,USA,38440000000.0,21.38,78.14,-0.08%,2283873.0,0,0,0,0,0,0,0,0,0,0,0,0,0,0,0,1,0,0,0,0,0,0,0,0,0,0,0,0,1,0,1
YZ,Lazard US Systematic Small Cap Equity ETF,Financial,Exchange Traded Fund,USA,,,29.49,0.43%,7469.0,0,0,0,0,0,0,0,0,1,0,0,0,0,0,0,0,0,0,0,0,0,0,0,0,0,0,0,0,1,0,1
ZK,ProShares UltraShort Consumer Staples,Financial,Exchange Traded Fund,USA,,,20.99,0.25%,7869.0,0,0,0,0,0,1,0,0,0,0,0,0,0,0,0,1,0,0,0,0,0,0,0,0,0,0,0,0,2,0,2
ACN,T. Rowe Price Active Core International Equity ETF,Financial,Exchange Traded Fund,USA,,,28.22,0.56%,158.0,0,0,0,0,0,0,0,0,0,0,1,0,0,0,0,0,0,0,0,0,0,0,0,0,0,0,0,0,1,0,1
ACT,Transact Technologies Inc,Technology,Computer Hardware,USA,46360000.0,,4.49,-2.18%,6082.0,0,0,0,0,0,0,0,0,1,0,0,0,0,0,0,0,0,0,0,0,0,0,0,0,0,0,0,0,1,0,1
AFI,AB Tax-Aware Short Duration Municipal ETF,Financial,Exchange Traded Fund,USA,,,24.62,0.16%,393462.0,0,0,0,0,0,0,0,0,1,0,0,0,0,0,0,0,0,0,0,0,0,0,0,0,0,0,0,0,1,0,1
AK,Takeda Pharmaceutical Co ADR,Healthcare,Drug Manufacturers - Specialty & Generic,Japan,59610000000.0,,18.73,1.13%,2043576.0,0,0,0,0,0,0,0,0,0,0,1,0,0,0,0,0,0,0,0,0,0,0,0,0,0,0,0,0,1,0,1
AL,TAL Education Group ADR,Consumer Defensive,Education & Training Services,China,4300000000.0,7.94,12.86,2.96%,2531501.0,0,0,0,-1,0,0,0,0,0,0,0,0,0,0,0,0,0,0,0,0,0,0,0,0,0,0,0,1,1,1,2
AN,Invesco Solar ETF,Financial,Exchange Traded Fund,USA,,,43.75,0.99%,288901.0,0,1,0,0,0,0,0,0,0,0,0,0,0,0,0,0,0,0,0,0,0,0,0,0,0,0,0,0,1,0,1
AOX,TAO Synergies Inc,Financial,Capital Markets,USA,28730000.0,,3.84,0.79%,114944.0,0,0,0,0,0,0,0,0,0,0,0,0,-1,0,0,0,0,0,0,0,0,0,0,0,0,0,0,0,0,1,1
AOZ,Thornburg American Opportunities Fund,Financial,Exchange Traded Fund,USA,,,89.3,0.68%,7.0,0,0,0,0,0,1,0,0,0,0,0,0,0,0,0,0,0,0,0,0,0,0,0,0,0,0,0,0,1,0,1
AP,Molson Coors Beverage Company,Consumer Defensive,Beverages - Brewers,USA,6960000000.0,,37.2,-1.90%,2281698.0,0,0,0,0,0,0,0,0,1,0,0,0,0,0,0,0,0,0,0,0,0,0,0,0,0,0,0,0,1,0,1
ARA,Protara Therapeutics Inc,Healthcare,Biotechnology,USA,162800000.0,,2.76,3.96%,1037311.0,0,0,0,0,0,0,0,0,1,0,0,0,0,0,0,0,0,0,0,0,0,0,0,0,0,0,0,0,1,0,1
AX,Cambria Tax Aware ETF,Financial,Exchange Traded Fund,USA,,,30.8,0.77%,16.0,0,0,0,0,0,0,0,0,0,0,0,0,-1,0,0,0,0,0,0,0,0,0,0,0,0,0,0,0,0,1,1
AYD,Taylor Devices Inc,Industrials,Specialty Industrial Machinery,USA,190300000.0,28.52,58.92,0.51%,7316.0,0,0,0,0,0,1,0,0,0,0,0,0,-1,0,0,0,0,0,0,0,0,0,0,0,0,1,0,0,2,1,3
BCH,Turtle Beach Corp,Technology,Consumer Electronics,USA,237120000.0,,13.24,4.01%,205425.0,0,0,0,0,0,0,0,0,0,0,1,0,0,0,0,0,0,0,0,0,1,0,0,0,0,0,0,0,2,0,2
BFG,The Brinsmere Fund Growth ETF,Financial,Exchange Traded Fund,USA,,,32.7,0.42%,501.0,0,0,0,0,0,0,0,0,0,0,0,0,0,0,0,0,0,0,0,0,1,0,0,0,0,0,0,0,1,0,1
BIL,F/m US Treasury 3 Month Bill Fund,Financial,Exchange Traded Fund,USA,,,49.91,0.02%,1627121.0,0,1,0,-1,0,1,0,0,0,0,0,0,0,0,0,0,0,0,0,0,1,1,0,0,0,0,0,0,4,1,5
BLL,Invesco Short Term Treasury ETF,Financial,Exchange Traded Fund,USA,,,105.71,0.03%,365456.0,0,1,0,0,0,1,0,0,0,0,0,0,0,0,0,0,0,0,0,0,0,0,0,0,0,0,0,0,2,0,2
BLU,Tortoise Global Water ETF,Financial,Exchange Traded Fund,USA,,,49.41,0.56%,890.0,0,0,0,0,0,0,0,0,0,0,0,0,-1,0,0,0,0,0,0,0,1,0,0,0,0,0,0,0,1,1,2
BN,Tamboran Resources Corp,Energy,Oil & Gas E&P,Australia,1190000000.0,,34.02,-1.90%,75281.0,0,0,0,0,0,0,0,0,0,0,1,0,0,0,0,1,0,0,0,0,0,0,0,0,0,0,0,0,2,0,2
BUX,T. Rowe Price Ultra Short-Term Bond ETF,Financial,Exchange Traded Fund,USA,,,49.69,0.00%,298723.0,0,0,0,-1,0,0,0,0,0,0,0,0,0,0,0,0,0,0,0,0,0,0,0,0,0,0,0,0,0,1,1
CAF,T. Rowe Price Capital Appreciation Equity ETF,Financial,Exchange Traded Fund,USA,,,43.59,0.90%,404279.0,0,0,0,0,0,0,0,0,0,0,1,0,0,0,0,0,0,0,0,0,0,0,0,0,0,0,0,0,1,0,1
CAI,Tortoise AI Infrastructure ETF,Financial,Exchange Traded Fund,USA,,,47.38,1.30%,29076.0,0,0,0,0,0,0,0,0,1,0,0,0,0,0,0,0,0,0,0,0,0,0,0,0,0,0,0,0,1,0,1
CAL,T. Rowe Price Capital Appreciation Premium Income ETF,Financial,Exchange Traded Fund,USA,,,22.42,0.54%,38327.0,0,1,0,0,0,0,0,0,0,0,0,0,0,0,0,0,0,0,0,0,0,0,0,0,0,0,0,0,1,0,1
CBI,Texas Capital Bancshares Inc,Financial,Banks - Regional,USA,3930000000.0,11.75,90.34,-2.22%,263217.0,0,0,0,0,0,0,0,0,0,0,1,0,0,0,0,0,0,0,0,0,0,0,0,0,0,0,0,0,1,0,1
CBS,Texas Community Bancshares Inc,Financial,Banks - Regional,USA,48840000.0,14.31,17.0,0.00%,6497.0,0,0,0,0,0,0,0,0,0,0,0,0,0,0,0,1,0,0,0,0,0,0,0,0,0,0,0,0,1,0,1
CHP,T. Rowe Price Blue Chip Growth ETF,Financial,Exchange Traded Fund,USA,,,52.25,0.33%,112725.0,0,0,0,0,0,0,0,0,0,0,1,0,0,0,0,0,0,0,0,0,0,0,-1,0,0,0,0,0,1,1,2
CX,Tucows Inc,Technology,Software - Infrastructure,Canada,102210000.0,,9.14,-5.38%,25477.0,0,0,0,0,0,0,0,0,0,0,0,0,0,0,0,0,0,0,0,0,0,0,0,1,0,0,0,0,1,0,1
DAQ,TappAlpha Innovation 100 Growth & Daily Income ETF,Financial,Exchange Traded Fund,USA,,,27.71,0.69%,453391.0,0,0,0,0,0,0,0,0,0,0,0,0,0,0,0,1,0,0,0,0,0,0,0,0,0,0,0,0,1,0,1
DAY,USA TODAY Co Inc,Communication Services,Publishing,USA,1000000000.0,,6.82,-2.43%,3552445.0,0,0,0,0,0,0,0,0,1,0,0,0,0,0,0,0,0,0,0,0,0,0,0,0,0,0,0,0,1,0,1
DEC,FT Vest Emerging Markets Buffer ETF - December,Financial,Exchange Traded Fund,USA,,,27.44,0.50%,1014.0,0,0,0,-1,0,0,0,-1,0,0,0,0,0,0,0,0,0,0,0,0,0,0,0,0,0,0,0,0,0,2,2
DOG,21Shares Dogecoin ETF,Financial,Exchange Traded Fund,USA,,,16.96,0.65%,1166.0,0,1,0,0,0,0,0,0,0,0,0,0,0,0,0,0,0,0,0,0,0,0,0,0,0,0,0,1,2,0,2
DS,Telephone And Data Systems Inc,Communication Services,Telecom Services,USA,3610000000.0,12.32,33.53,-1.76%,2777578.0,0,0,0,0,0,0,0,0,0,0,0,0,0,0,0,0,0,0,0,0,0,0,0,0,0,1,0,0,1,0,1
DSB,ETC Cabana Target Beta ETF,Financial,Exchange Traded Fund,USA,,,24.73,0.55%,2436.0,0,0,0,0,0,0,0,0,0,0,1,0,0,0,0,0,0,0,0,0,0,0,0,0,0,0,0,0,1,0,1
DSC,ETC Cabana Target Drawdown 10 ETF,Financial,Exchange Traded Fund,USA,,,28.65,0.54%,3563.0,0,0,0,0,0,0,0,0,0,0,0,0,-1,0,0,0,0,0,0,0,0,0,0,0,0,0,0,0,0,1,1
DTT,Northern Trust iBoxx 3-Year Target Duration TIPS ETF,Financial,Exchange Traded Fund,USA,,,23.32,-0.09%,659728.0,0,0,0,0,0,0,0,0,1,1,0,0,0,0,0,0,0,0,0,0,0,0,0,0,0,0,0,0,2,0,2
DV,ProShares S&P Technology Dividend Aristocrats ETF,Financial,Exchange Traded Fund,USA,,,101.96,0.40%,6921.0,0,0,0,0,0,0,0,0,0,0,0,0,0,0,0,1,0,0,0,0,0,0,0,0,0,0,0,0,1,0,1
DY,Teledyne Technologies Inc,Technology,Scientific & Technical Instruments,USA,28450000000.0,29.65,613.66,1.46%,184960.0,0,0,0,0,0,0,0,0,0,0,0,0,0,0,0,0,0,0,0,0,1,0,0,0,0,0,0,0,1,0,1
EAD,Teads Holding Co,Communication Services,Internet Content & Information,USA,53320000.0,,0.54,-1.06%,118075.0,0,0,0,0,0,1,0,0,0,0,0,0,0,0,0,0,0,0,0,0,0,0,0,0,0,0,0,0,1,0,1
EC,Harbor Transformative Technologies ETF,Financial,Exchange Traded Fund,USA,,,35.76,1.40%,249.0,0,0,0,0,0,0,0,-1,0,0,0,0,0,0,0,0,0,0,0,0,0,0,0,0,0,0,0,0,0,1,1
ECY,GraniteShares YieldBOOST Technology ETF,Financial,Exchange Traded Fund,USA,,,21.05,-0.08%,141.0,0,0,0,0,0,0,0,0,1,1,0,0,0,0,0,0,0,0,0,0,0,0,0,0,0,0,0,0,2,0,2
EKX,State Street Galaxy Transformative Tech Accelerators ETF,Financial,Exchange Traded Fund,USA,,,59.47,0.50%,3169.0,0,0,0,0,0,0,0,0,0,0,1,0,0,0,0,0,0,0,0,0,0,0,0,0,0,0,0,0,1,0,1
EKY,Lazard Next Gen Technologies ETF,Financial,Exchange Traded Fund,USA,,,47.67,1.97%,417.0,0,0,0,0,0,0,0,0,0,0,1,0,0,0,0,0,0,0,0,0,0,0,0,0,-1,0,0,0,1,1,2
EL,TE Connectivity plc,Technology,Electronic Components,Ireland,63200000000.0,21.4,218.29,1.86%,1531625.0,0,0,0,0,0,0,0,0,0,0,1,0,0,0,0,0,0,0,0,0,0,0,0,0,0,0,0,0,1,0,1
ELG,Leverage Shares 2X Long TEL Daily ETF,Financial,Exchange Traded Fund,USA,,,14.18,3.66%,197.0,0,0,0,0,0,0,0,0,0,0,1,0,0,0,0,0,0,0,0,0,0,0,0,0,0,0,0,0,1,0,1
EMC,Corgi TEM 2x Daily ETF,Financial,Exchange Traded Fund,USA,,,26.09,5.22%,582.0,0,0,0,0,0,1,0,0,0,0,0,0,0,0,0,0,0,0,0,0,0,0,0,0,0,0,0,0,1,0,1
ENB,Tenable Holdings Inc,Technology,Software - Infrastructure,USA,4580000000.0,719.55,41.59,6.61%,5089315.0,0,0,0,0,0,0,0,0,0,0,0,0,0,0,0,1,0,0,0,0,0,0,0,0,0,0,0,0,1,0,1
ENJ,iShares Large Cap 10% Target Buffer Jun ETF,Financial,Exchange Traded Fund,USA,,,28.64,0.44%,153.0,0,0,0,0,0,0,0,0,0,0,1,0,0,0,0,0,0,0,0,0,0,0,0,0,0,0,0,0,1,0,1
EQI,T. Rowe Price Equity Income ETF,Financial,Exchange Traded Fund,USA,,,51.43,0.67%,3945.0,0,0,0,0,0,0,0,0,0,0,0,0,0,0,0,0,0,0,0,0,0,0,-1,0,0,0,0,0,0,1,1
ERC,Corgi TER 2x Daily ETF,Financial,Exchange Traded Fund,USA,,,23.44,2.06%,438.0,0,0,0,0,0,0,0,0,0,0,0,0,-1,0,0,0,0,0,0,0,0,0,0,0,0,0,0,0,0,1,1
ERG,Leverage Shares 2X Long TER Daily ETF,Financial,Exchange Traded Fund,USA,,,43.37,2.00%,12689.0,0,1,0,0,0,1,0,0,0,0,0,0,-1,0,0,0,0,0,0,0,0,0,0,0,0,0,0,0,2,1,3
ESL,Simplify Volt TSLA Revolution ETF,Financial,Exchange Traded Fund,USA,,,14.45,2.04%,6568.0,0,0,0,0,0,0,0,0,1,0,0,0,0,0,0,0,0,0,0,0,0,0,0,0,0,0,0,0,1,0,1
EST,YieldMax TSLA Performance & Distribution Target 25 ETF,Financial,Exchange Traded Fund,USA,,,38.19,1.28%,582.0,0,0,0,0,0,0,0,0,1,0,0,0,0,0,0,0,0,0,0,0,0,0,0,0,0,0,0,0,1,0,1
EVA,Teva- Pharmaceutical Industries Ltd,Healthcare,Drug Manufacturers - Specialty & Generic,Israel,47890000000.0,68.52,41.1,4.71%,14822352.0,0,1,0,0,0,0,0,0,0,0,0,0,0,0,0,0,0,0,0,0,0,0,0,0,0,0,0,0,1,0,1
EXN,iShares Texas Equity ETF,Financial,Exchange Traded Fund,USA,,,34.24,0.64%,966.0,0,0,0,0,0,0,0,0,0,0,1,0,0,0,0,0,0,0,0,0,0,0,0,0,0,0,0,0,1,0,1
EXU,Direxion Daily Energy Top 5 Bull 2X ETF,Financial,Exchange Traded Fund,USA,,,44.61,-1.97%,17332.0,0,0,0,0,0,0,0,0,0,0,1,0,0,0,0,0,0,0,0,0,0,0,0,0,0,0,0,0,1,0,1
EXX,Horizon Kinetics Texas ETF,Financial,Exchange Traded Fund,USA,,,29.73,-0.08%,445.0,0,0,0,0,0,1,0,0,0,0,1,1,0,0,0,0,0,0,0,0,0,0,-1,0,0,0,0,0,3,1,4
FII,TFI International Inc,Industrials,Trucking,Canada,9380000000.0,28.04,114.13,-0.88%,305895.0,0,0,0,0,0,0,0,0,1,0,0,0,0,0,0,0,0,0,0,0,0,0,0,0,0,0,0,0,1,0,1
FLO,iShares Treasury Floating Rate Bond ETF,Financial,Exchange Traded Fund,USA,,,50.57,0.02%,2280252.0,0,1,0,-1,0,1,0,0,0,0,0,0,0,0,0,0,0,1,0,0,0,0,0,0,0,0,0,0,3,1,4
FNS,T. Rowe Price Financials ETF,Financial,Exchange Traded Fund,USA,,,28.08,0.86%,1573.0,0,0,0,0,0,0,0,0,0,0,0,0,0,0,0,0,0,0,0,0,0,0,-1,0,0,0,0,0,0,1,1
FPN,Blueprint Chesapeake Multi-Asset Trend ETF,Financial,Exchange Traded Fund,USA,,,30.22,0.47%,4810.0,0,1,0,0,0,0,0,0,0,0,0,0,0,0,0,0,0,0,0,0,0,0,0,0,0,0,0,0,1,0,1
FSL,TFS Financial Corp,Financial,Banks - Regional,USA,4510000000.0,44.58,16.07,-0.74%,688628.0,0,0,0,0,0,0,0,0,0,0,0,0,-1,0,0,0,0,0,0,0,0,0,0,0,0,0,0,0,0,1,1
GE,Generation Essentials Group,Financial,Asset Management,France,52340000.0,3.78,1.08,0.00%,326046.0,0,0,0,0,0,0,0,0,0,0,0,0,0,0,0,0,0,0,0,0,0,0,0,0,0,1,0,0,1,0,1
GL,Treasure Global Inc,Technology,Software - Application,USA,2150000.0,,1.1,-13.39%,229877.0,0,0,0,0,0,0,0,0,1,1,0,0,0,0,0,0,0,0,0,0,0,0,0,0,0,0,0,0,2,0,2
GLB,T. Rowe Price Global Equity ETF,Financial,Exchange Traded Fund,USA,,,30.58,0.89%,15.0,0,0,0,0,0,0,0,0,0,0,0,0,0,0,0,0,0,0,0,0,1,0,0,0,-1,0,0,0,1,1,2
GLS,Tecnoglass Holdings Inc,Basic Materials,Building Materials,USA,1670000000.0,13.21,37.57,-0.71%,302070.0,0,1,0,0,0,0,0,0,0,0,0,0,0,0,0,0,0,0,0,0,0,0,0,0,0,0,0,0,1,0,1
GRT,T. Rowe Price Growth ETF,Financial,Exchange Traded Fund,USA,,,48.07,0.63%,77655.0,0,0,0,0,0,0,0,0,0,0,1,1,0,0,0,0,0,0,0,0,0,0,0,0,0,0,0,0,2,0,2
GRZ,China AI Tigers LLM ETF,Financial,Exchange Traded Fund,USA,,,13.14,2.73%,2211.0,0,0,0,0,0,0,0,0,1,0,0,0,0,0,0,0,0,0,0,0,0,0,0,0,0,0,0,0,1,0,1
GS,Transportadora de Gas del Sur ADR,Energy,Oil & Gas Integrated,Argentina,1790000000.0,9.85,25.71,-2.58%,260086.0,0,1,0,-1,0,0,0,0,0,0,0,0,0,0,0,0,0,0,0,0,0,0,0,0,0,0,0,0,1,1,2
GT,Target Corp,Consumer Defensive,Discount Stores,USA,69800000000.0,15.94,153.64,-0.72%,3600134.0,0,0,0,0,0,1,0,0,0,0,0,0,0,0,0,0,0,0,0,0,0,0,0,0,0,0,0,0,1,0,1
HCH,TH International Ltd,Consumer Cyclical,Restaurants,China,32030000.0,,1.0,-13.42%,345.0,0,0,0,-1,0,0,0,0,0,0,0,0,0,0,0,0,0,0,0,0,0,0,0,0,0,0,0,0,0,1,1
HD,iShares MSCI Thailand ETF,Financial,Exchange Traded Fund,USA,,,71.61,0.62%,259824.0,0,1,0,-1,0,0,0,0,0,0,1,1,0,0,0,0,0,0,0,0,0,0,0,0,0,0,0,0,3,1,4
HEQ,T. Rowe Price Hedged Equity ETF,Financial,Exchange Traded Fund,USA,,,30.64,0.51%,1282.0,0,0,0,0,0,0,0,-1,0,0,0,0,0,0,0,0,0,0,0,0,0,0,0,0,0,0,0,0,0,1,1
HG,Hanover Insurance Group Inc,Financial,Insurance - Property & Casualty,USA,7640000000.0,10.46,219.33,-1.17%,199783.0,0,0,0,0,0,0,0,0,0,0,0,0,0,0,0,0,0,0,0,0,0,0,-1,0,0,0,0,0,0,1,1
HLV,THOR Equal Weight Low Volatility ETF,Financial,Exchange Traded Fund,USA,,,31.5,0.64%,4300.0,0,0,0,0,0,0,0,0,0,0,0,0,0,0,0,0,0,0,0,0,1,0,0,0,0,0,0,0,1,0,1
HMZ,Lazard Equity Megatrends ETF,Financial,Exchange Traded Fund,USA,,,34.67,0.83%,4333.0,0,0,0,-1,0,0,0,0,0,0,1,0,0,0,0,0,0,0,0,0,0,0,0,0,-1,0,0,0,1,2,3
HNQ,ROBO Global Artificial Intelligence ETF,Financial,Exchange Traded Fund,USA,,,99.02,1.85%,40213.0,0,0,0,0,0,0,0,-1,0,0,0,0,0,0,0,0,0,0,0,0,0,0,0,0,0,0,0,0,0,1,1
HO,Thor Industries Inc,Consumer Cyclical,Recreational Vehicles,USA,3300000000.0,18.86,63.87,-3.39%,752733.0,0,0,0,0,0,1,0,0,1,0,0,0,0,0,0,0,0,0,0,-1,0,0,0,0,0,0,0,0,2,1,3
HRV,Prospera Income ETF,Financial,Exchange Traded Fund,USA,,,23.33,0.32%,77.0,0,0,0,-1,0,0,0,0,0,0,0,0,0,0,0,0,0,0,0,0,0,0,0,0,0,0,0,0,0,1,1
HTA,SoFi Enhanced Yield ETF,Financial,Exchange Traded Fund,USA,,,15.79,0.13%,37154.0,0,0,0,-1,0,0,0,0,0,0,0,0,0,0,0,0,0,0,0,0,0,0,0,0,0,0,0,0,0,1,1
IC,TIC Solutions Inc,Industrials,Specialty Business Services,USA,1940000000.0,,8.91,1.02%,877578.0,0,0,0,0,0,0,0,0,0,0,0,0,0,0,0,0,0,0,0,0,1,0,0,0,0,0,0,0,1,0,1
IGO,Millicom International Cellular SA,Communication Services,Telecom Services,Luxembourg,13320000000.0,20.04,79.48,-9.63%,1403461.0,0,0,0,0,0,0,0,0,1,0,0,0,0,0,0,0,0,0,0,0,0,0,0,0,0,0,0,0,1,0,1
IH,The Investment House ETF,Financial,Exchange Traded Fund,USA,,,25.16,0.77%,25288.0,0,0,0,0,0,0,0,0,0,0,0,0,-1,0,0,0,0,0,0,0,0,0,0,1,0,0,0,0,1,1,2
II,Titan Mining Corp,Basic Materials,Other Industrial Metals & Mining,USA,218750000.0,,2.21,5.24%,277186.0,0,0,0,0,0,0,0,0,0,0,0,0,0,0,0,0,0,0,0,0,0,0,0,0,0,1,0,0,1,0,1
ILL,Teucrium Agricultural Strategy No K-1 ETF,Financial,Exchange Traded Fund,USA,,,20.22,-0.44%,45304.0,0,0,0,0,0,0,0,0,0,0,0,0,0,0,0,0,0,0,0,0,0,0,-1,0,0,0,0,0,0,1,1
INS,Templeton International Insights ETF,Financial,Exchange Traded Fund,USA,,,28.04,0.17%,1906.0,0,0,0,0,0,0,0,0,0,0,0,0,0,0,0,0,0,0,0,0,0,0,0,0,-1,0,0,0,0,1,1
INY,ProShares Nanotechnology ETF,Financial,Exchange Traded Fund,USA,,,78.68,0.73%,111.0,0,1,0,0,0,0,0,0,0,0,0,0,-1,0,0,0,0,0,0,0,0,0,0,0,0,0,0,0,1,1,2
IPT,Tiptree Inc,Financial,Asset Management,USA,642390000.0,,17.25,-0.58%,258430.0,0,0,0,-1,0,0,0,-1,0,0,0,0,0,0,0,0,0,0,0,0,0,0,0,0,0,0,0,0,0,2,2
ISI,Team Inc,Industrials,Specialty Business Services,USA,119890000.0,,26.16,-1.39%,147685.0,0,1,0,0,0,0,0,0,0,0,0,0,0,0,0,0,0,0,0,0,0,0,0,0,0,0,0,0,1,0,1
KLF,Tokyo Lifestyle Co Ltd ADR,Consumer Cyclical,Specialty Retail,Japan,6390000.0,8.99,1.51,-4.43%,2727.0,0,0,0,0,0,1,0,0,1,0,0,0,0,0,0,0,0,0,0,0,0,0,0,0,0,0,0,0,2,0,2
KO,TKO Group Holdings Inc,Communication Services,Entertainment,USA,33689999999.999996,61.58,178.01,-1.99%,808278.0,0,0,0,0,0,0,0,0,1,0,0,0,0,0,0,0,0,0,0,0,0,0,0,0,0,0,0,0,1,0,1
LA,GraniteShares Autocallable TSLA ETF,Financial,Exchange Traded Fund,USA,,,24.97,0.95%,17060.0,0,1,0,-1,0,0,0,0,0,0,1,1,0,0,0,0,0,0,0,0,0,0,0,0,0,0,0,0,3,1,4
LDR,The Laddered T-Bill ETF,Financial,Exchange Traded Fund,USA,,,25.01,0.02%,10540.0,0,1,0,0,0,0,0,0,1,1,0,0,0,0,0,0,0,0,0,0,0,0,0,0,0,0,0,0,3,0,3
LIH,Ten League International Holdings Ltd,Industrials,Industrial Distribution,Singapore,16760000.000000002,4.33,5.7,-0.87%,526.0,0,1,0,0,0,0,0,0,0,0,0,0,0,0,0,0,0,0,0,0,0,0,0,0,0,0,0,0,1,0,1
LRY,Tilray Brands Inc,Healthcare,Drug Manufacturers - Specialty & Generic,Canada,523150000.0,,3.54,-1.39%,5727981.0,0,0,0,0,0,0,0,0,1,0,0,0,0,0,0,0,0,0,0,0,0,0,0,0,0,0,0,0,1,0,1
LS,Telos Corp,Technology,Software - Infrastructure,USA,346030000.0,,4.63,5.95%,823537.0,0,0,0,0,0,0,0,0,0,0,0,0,-1,-1,0,0,0,0,0,0,0,0,0,0,0,0,0,0,0,2,2
LSA,Tiziana Life Sciences Ltd,Healthcare,Biotechnology,Bermuda,152690000.0,,1.19,5.31%,2423975.0,0,0,0,0,0,1,0,0,1,1,0,0,0,0,0,0,0,0,0,0,0,0,0,0,0,0,0,0,3,0,3
LX,Telix Pharmaceuticals Ltd ADR,Healthcare,Biotechnology,Australia,3820000000.0,119.89,11.21,1.82%,313022.0,0,0,0,-1,0,0,0,-1,0,0,0,0,0,0,0,0,0,0,0,0,0,0,0,0,0,0,0,0,0,2,2
LYS,Tillys Inc,Consumer Cyclical,Apparel Retail,USA,136420000.0,80.51,4.46,0.45%,133181.0,0,1,0,-1,0,0,0,0,0,0,1,1,0,0,0,0,0,0,0,0,1,0,0,0,-1,0,0,0,4,2,6
MAR,FT Vest Emerging Markets Buffer ETF - March,Financial,Exchange Traded Fund,USA,,,26.88,0.93%,20906.0,0,0,0,-1,0,0,0,-1,0,0,0,0,0,0,0,0,0,0,0,0,0,0,0,0,0,0,0,0,0,2,2
MAT,Main Thematic Innovation ETF,Financial,Exchange Traded Fund,USA,,,30.41,1.84%,13958.0,0,0,0,0,0,0,0,0,0,0,0,0,0,0,0,0,0,0,0,0,0,0,0,0,-1,0,0,0,0,1,1
MC,TMC the metals company Inc,Basic Materials,Other Industrial Metals & Mining,Canada,1480000000.0,,3.36,-2.19%,4242990.0,0,0,0,0,0,0,0,0,0,0,0,0,-1,0,0,0,0,0,0,0,0,0,0,0,0,0,0,0,0,1,1
ME,Tencent Music Entertainment Group ADR,Communication Services,Internet Content & Information,China,5290000000.0,10.04,8.38,5.28%,9592601.0,0,0,0,0,0,0,0,0,1,1,0,0,0,0,0,0,0,0,0,0,0,0,0,0,0,0,0,0,2,0,2
MFE,Motley Fool Capital Efficiency 100 Index ETF,Financial,Exchange Traded Fund,USA,,,31.3,0.67%,6839.0,0,0,0,0,0,0,0,-1,0,0,0,0,0,0,0,0,0,0,0,0,0,0,0,0,0,0,0,0,0,1,1
MH,Toyota Motor Corp ADRhedged,Financial,Exchange Traded Fund,USA,,,48.89,-0.21%,125.0,0,0,0,0,0,0,0,0,0,0,1,0,0,0,0,0,0,0,0,0,0,0,0,0,0,0,0,0,1,0,1
MLP,Tortoise MLP ETF,Financial,Exchange Traded Fund,USA,,,27.92,-0.86%,718.0,0,1,0,0,0,0,0,0,0,0,0,0,0,0,0,0,0,1,0,0,0,0,0,0,0,0,0,0,2,0,2
MQ,Trilogy Metals Inc,Basic Materials,Other Industrial Metals & Mining,Canada,507810000.0,,2.8,-0.36%,875108.0,0,0,0,0,0,0,0,0,1,0,0,0,0,0,0,0,0,0,0,0,0,0,0,0,0,0,0,0,1,0,1
MUS,T-Mobile US Inc,Communication Services,Telecom Services,USA,159380000000.0,15.55,148.58,-13.27%,19028258.0,0,0,0,0,0,0,0,0,0,0,0,0,0,0,0,0,0,0,0,-1,0,0,0,0,0,0,0,0,0,1,1
MVE,Thrivent Mid Cap Value ETF,Financial,Exchange Traded Fund,USA,,,17.14,0.40%,2356.0,0,0,0,0,0,0,0,0,1,0,0,0,0,0,0,0,0,0,0,0,0,0,0,0,0,0,0,0,1,0,1
NL,Travel+Leisure Co,Consumer Cyclical,Travel Services,USA,3830000000.0,17.05,62.62,0.02%,571706.0,0,0,0,0,0,0,0,0,0,0,1,0,0,0,0,0,0,0,0,0,0,0,0,0,-1,0,0,0,1,1,2
NMG,TNL Mediagene,Communication Services,Publishing,Taiwan,2860000.0,,3.76,-8.29%,23263.0,0,0,0,0,0,0,0,0,0,0,0,0,0,0,0,0,0,0,0,0,0,0,0,0,0,1,0,0,1,0,1
NXT,T. Rowe Price Innovation Leaders ETF,Financial,Exchange Traded Fund,USA,,,29.16,1.22%,487.0,0,0,0,-1,0,0,0,0,0,0,0,0,0,0,0,0,0,0,0,0,0,0,0,0,0,0,0,0,0,1,1
OAO,Twin Oak Active Opportunities III ETF,Financial,Exchange Traded Fund,USA,,,27.9,0.77%,106.0,0,0,0,0,0,1,0,0,0,0,0,0,0,0,0,0,0,0,0,0,0,0,0,0,0,0,0,0,1,0,1
OLL,Tema Durable Quality ETF,Financial,Exchange Traded Fund,USA,,,41.65,0.95%,881.0,0,0,0,0,0,0,0,0,0,0,1,0,0,0,0,0,0,0,0,0,0,0,-1,0,0,0,0,0,1,1,2
ONT,Graf Global Corp,Financial,Shell Companies,USA,154690000.0,61.23,10.93,0.00%,105.0,0,0,0,0,0,0,0,0,0,0,0,0,0,0,0,1,0,0,0,0,0,0,0,0,0,0,0,0,1,0,1
ONX,TON Strategy Co,Technology,Software - Application,USA,177330000.0,,3.22,-0.62%,179162.0,0,0,0,0,0,1,0,0,0,0,0,0,0,0,0,0,0,0,0,0,0,0,0,0,0,0,0,0,1,0,1
OPW,Roundhill Top WeeklyPay ETF,Financial,Exchange Traded Fund,USA,,,34.44,0.61%,35197.0,0,0,0,0,0,0,0,0,0,0,0,0,-1,0,0,0,0,0,0,0,0,0,0,0,0,0,0,0,0,1,1
ORO,Toro Corp,Energy,Oil & Gas Midstream,Cyprus,152410000.0,404.59,4.41,-19.53%,242606.0,0,0,0,0,0,0,0,0,0,0,0,0,0,0,0,0,0,0,0,0,0,0,-1,0,0,0,0,0,0,1,1
OS,Twin Oak Strategic Solutions ETF,Financial,Exchange Traded Fund,USA,,,30.43,0.43%,38.0,0,0,0,0,0,0,0,0,0,0,1,0,0,0,0,0,0,0,0,0,0,0,-1,0,0,0,0,0,1,1,2
OT,LionShares U.S. Equity Total Return ETF,Financial,Exchange Traded Fund,USA,,,24.47,0.63%,226.0,0,0,0,0,0,0,0,0,0,0,1,0,0,0,0,0,0,0,0,0,0,0,0,0,-1,0,0,0,1,1,2
OUR,Tuniu Corp ADR,Consumer Cyclical,Travel Services,China,47970000.0,17.55,4.95,-0.60%,997.0,0,0,0,0,0,0,0,0,1,0,0,0,0,0,0,0,0,0,0,0,0,0,0,0,0,0,0,0,1,0,1
OV,JLens 500 Jewish Advocacy U.S. ETF,Financial,Exchange Traded Fund,USA,,,32.86,0.67%,1265.0,0,1,0,0,0,0,0,0,0,0,0,0,0,0,0,0,0,0,0,0,0,0,0,0,0,0,0,0,1,0,1
OVX,Theriva Biologics Inc,Healthcare,Biotechnology,USA,9960000.0,,0.22,-4.45%,488341.0,0,0,0,0,0,0,0,0,1,0,0,0,0,0,0,1,0,0,0,0,0,0,0,0,0,0,0,0,2,0,2
PB,Turning Point Brands Inc,Consumer Defensive,Tobacco,USA,1150000000.0,24.68,57.38,0.60%,244436.0,0,0,0,0,0,0,0,0,0,0,0,0,-1,0,0,0,0,0,0,0,0,0,0,0,0,0,0,0,0,1,1
PC,Tutor Perini Corp,Industrials,Engineering & Construction,USA,4380000000.0,36.06,83.36,-1.04%,229186.0,0,0,0,0,0,0,0,0,0,0,1,0,0,0,0,0,0,0,0,0,1,0,-1,0,0,0,0,0,2,1,3
PL,Texas Pacific Land Corp,Energy,Oil & Gas E&P,USA,24900000000.0,46.02,360.98,0.89%,209544.0,0,0,0,0,0,1,0,0,1,0,0,0,0,0,0,0,0,0,0,0,0,0,0,0,0,0,0,0,2,0,2
PST,Tempest Therapeutics Inc,Healthcare,Biotechnology,USA,12840000.0,,0.76,-1.29%,182664.0,0,0,0,0,0,0,0,0,1,0,0,0,0,0,0,0,0,0,0,0,0,0,0,0,0,0,0,0,1,0,1
PUT,T. Rowe Price Capital Appreciation Market Opportunities ETF,Financial,Exchange Traded Fund,USA,,,25.18,0.04%,3214.0,0,0,0,0,0,0,0,0,0,0,0,0,-1,0,0,0,0,0,0,0,0,0,0,0,0,0,0,0,0,1,1
PVG,TriplePoint Venture Growth BDC Corp,Financial,Asset Management,USA,191330000.0,4.73,4.7,-0.21%,108795.0,0,0,0,0,0,0,0,0,0,0,0,0,-1,0,0,0,0,0,0,0,0,0,0,0,0,0,0,0,0,1,1
PYP,Tortoise North American Pipeline ETF,Financial,Exchange Traded Fund,USA,,,41.51,0.12%,36004.0,0,1,0,-1,0,0,0,0,0,0,0,0,0,0,0,0,0,0,0,0,0,0,0,0,0,0,0,0,1,1,2
R,Tootsie Roll Industries Inc,Consumer Defensive,Confectioners,USA,2860000000.0,29.47,37.48,-0.29%,109962.0,0,0,0,0,0,0,0,0,0,0,0,0,0,0,0,1,0,0,0,0,0,0,0,0,0,0,0,0,1,0,1
RAX,First Tracks Biotherapeutics Inc,Healthcare,Biotechnology,USA,1140000000.0,,31.85,-0.50%,855242.0,0,0,0,0,0,0,0,0,0,0,0,0,-1,0,0,0,0,0,0,0,0,0,0,0,0,0,0,0,0,1,1
REE,LendingTree Inc,Financial,Insurance Brokers,USA,353650000.0,1.95,25.19,-0.63%,222494.0,0,0,0,0,0,0,0,0,1,0,0,0,0,0,0,0,0,0,0,0,0,0,0,0,0,0,0,0,1,0,1
REX,TREX Co Inc,Industrials,Building Products & Equipment,USA,4560000000.0,26.46,44.78,0.77%,1368462.0,0,1,0,0,0,0,0,0,0,0,1,0,0,0,0,0,0,0,0,0,0,0,-1,0,0,0,0,0,2,1,3
RFM,AAM Transformers ETF,Financial,Exchange Traded Fund,USA,,,60.72,1.50%,9981.0,0,0,0,0,0,0,0,0,0,0,1,1,0,0,0,0,0,0,0,0,0,0,0,0,-1,0,0,0,2,1,3
RI,Thomson-Reuters Corp,Industrials,Specialty Business Services,Canada,44720000000.0,27.68,103.21,1.63%,996428.0,0,0,0,0,0,0,0,0,0,0,0,0,0,0,0,0,0,0,0,0,1,0,0,0,0,0,0,0,1,0,1
RIB,Trinity Biotech Plc ADR,Healthcare,Medical Devices,Ireland,4390000.0,,6.86,13.49%,33928.0,0,1,0,0,0,0,0,0,1,0,0,0,0,0,0,0,0,0,0,0,0,0,0,0,0,0,0,0,2,0,2
RIO,MC Trio Equity Buffered ETF,Financial,Exchange Traded Fund,USA,,,66.29,0.34%,1848.0,0,0,0,0,0,0,0,0,0,0,1,0,0,0,0,0,0,0,0,0,0,0,0,0,-1,0,0,0,1,1,2
RMK,Trustmark Corp,Financial,Banks - Regional,USA,2570000000.0,11.23,44.21,-0.76%,262473.0,0,0,0,0,0,0,0,0,1,0,0,0,0,0,0,0,0,0,0,0,0,0,0,0,0,0,0,0,1,0,1
RND,Pacer Trendpilot Fund of Funds ETF,Financial,Exchange Traded Fund,USA,,,36.99,0.46%,3399.0,0,0,0,0,0,0,0,0,0,0,1,0,0,0,0,0,0,0,0,0,0,0,-1,0,0,0,0,0,1,1,2
RNS,Transcat Inc,Industrials,Specialty Business Services,USA,807100000.0,236.44,86.23,-0.20%,85563.0,0,0,0,0,0,0,0,0,0,0,0,0,-1,0,0,0,0,0,0,0,0,0,0,0,0,0,0,0,0,1,1
RON,Tron Inc,Consumer Cyclical,Leisure,USA,595350000.0,,1.25,1.21%,276130.0,0,0,0,0,0,0,0,0,0,0,0,0,0,0,0,1,0,0,0,0,0,0,0,0,0,0,0,0,1,0,1
ROX,Tronox Holdings plc,Basic Materials,Chemicals,USA,579710000.0,,3.63,-3.97%,1727403.0,0,0,0,0,0,0,0,0,1,0,0,0,0,0,0,0,0,0,0,0,0,0,0,0,0,0,0,0,1,0,1
RPA,Hartford AAA CLO ETF,Financial,Exchange Traded Fund,USA,,,39.0,0.00%,18413.0,0,0,0,0,0,0,0,0,0,0,0,0,-1,0,0,0,0,0,0,0,0,0,0,0,0,0,0,0,0,1,1
RST,Trustco Bank Corp,Financial,Banks - Regional,USA,912520000.0,14.88,53.59,-2.14%,67279.0,0,0,0,-1,0,0,0,0,0,0,0,0,0,0,0,0,0,0,0,0,0,0,0,0,0,0,0,0,0,1,1
RSY,Xtrackers US 0-1 Year Treasury ETF,Financial,Exchange Traded Fund,USA,,,30.15,0.02%,10638.0,0,1,0,0,0,1,0,0,0,0,0,0,-1,-1,0,0,0,0,0,0,0,0,0,0,0,0,0,0,2,2,4
RTX,TPG RE Finance Trust Inc,Real Estate,REIT - Mortgage,USA,450630000.0,10.71,5.87,-1.68%,906967.0,0,0,0,0,0,0,0,0,0,0,0,0,0,0,0,0,0,0,0,0,1,0,0,0,0,0,0,0,1,0,1
RTY,Cambria Trinity ETF,Financial,Exchange Traded Fund,USA,,,31.63,0.25%,11493.0,0,0,0,0,0,0,0,0,0,0,0,0,0,0,0,0,0,1,0,0,0,0,0,0,0,0,0,0,1,0,1
RU,TransUnion,Financial,Financial Data & Stock Exchanges,USA,12550000000.0,17.27,65.48,1.38%,2199522.0,0,0,0,0,0,1,0,0,0,0,0,0,0,0,0,0,0,0,0,0,0,0,0,0,0,0,0,0,1,0,1
RUF,VanEck Financials TruSector ETF,Financial,Exchange Traded Fund,USA,,,28.56,0.93%,7.0,0,0,0,0,0,0,0,0,0,0,0,0,0,0,0,0,0,0,0,0,0,0,-1,0,0,0,0,0,0,1,1
RUH,VanEck Healthcare TruSector ETF,Financial,Exchange Traded Fund,USA,,,29.78,1.55%,265.0,0,0,0,0,0,0,0,0,0,0,0,0,-1,0,0,0,0,0,0,0,0,0,0,0,0,0,0,0,0,1,1
RUM,VanEck Materials TruSector ETF,Financial,Exchange Traded Fund,USA,,,24.69,0.74%,526.0,0,0,0,0,0,0,0,0,1,0,0,0,0,0,0,0,0,0,0,0,0,0,0,0,0,0,0,0,1,0,1
RUP,Trupanion Inc,Financial,Insurance - Property & Casualty,USA,1140000000.0,49.02,26.06,0.93%,269945.0,0,0,0,0,0,0,0,0,0,0,0,0,0,0,0,0,0,0,0,0,0,0,0,1,0,0,0,0,1,0,1
RV,Travelers Companies Inc,Financial,Insurance - Property & Casualty,USA,76910000000.0,9.87,368.75,-0.41%,784770.0,0,0,0,0,0,0,0,0,1,0,0,0,0,0,0,0,0,0,0,0,0,0,0,0,0,0,0,0,1,0,1
SCM,TimesSquare Quality Mid Cap Growth ETF,Financial,Exchange Traded Fund,USA,,,19.9,1.60%,1160.0,0,0,0,0,0,0,0,0,1,0,0,0,0,0,0,0,0,0,0,0,0,0,0,0,0,0,0,0,1,0,1
SEG,Leverage Shares 2X Long TSEM Daily ETF,Financial,Exchange Traded Fund,USA,,,6.92,-0.43%,56403.0,0,0,0,0,0,0,0,0,1,1,0,0,0,0,0,0,0,0,0,0,0,0,0,0,0,0,0,0,2,0,2
SEL,Touchstone Sands Capital US Select Growth ETF,Financial,Exchange Traded Fund,USA,,,29.99,1.14%,10285.0,0,0,0,0,0,0,0,0,0,0,1,0,0,0,0,0,0,0,0,0,0,0,0,0,-1,0,0,0,1,1,2
SEM,Tower Semiconductor Ltd,Technology,Semiconductors,Israel,25800000000.0,90.21,228.71,-0.02%,1200221.0,0,1,0,0,0,0,0,0,0,0,0,0,-1,-1,0,0,0,0,0,0,0,0,0,0,0,0,0,0,1,2,3
SEP,FT Vest Emerging Market Buffer ETF - September,Financial,Exchange Traded Fund,USA,,,26.86,0.85%,455.0,0,0,0,0,0,0,0,-1,0,0,0,0,0,0,0,0,0,0,0,0,0,0,0,0,0,0,0,0,0,1,1
SES,Truth Social American Energy Security ETF,Financial,Exchange Traded Fund,USA,,,31.98,0.28%,1676.0,0,0,0,0,0,1,0,0,0,0,1,1,0,0,0,0,0,0,0,0,0,0,0,0,-1,0,0,0,3,1,4
SEU,Tradr 2X Long TSEM Daily ETF,Financial,Exchange Traded Fund,USA,,,15.05,1.89%,2998.0,0,0,0,0,0,0,0,0,1,1,0,0,0,0,0,0,0,0,0,0,0,0,0,0,0,0,0,0,2,0,2
SI,TCW Strategic Income Fund Inc,Financial,Closed-End Fund - Debt,USA,270780000.0,,4.25,0.71%,150577.0,0,0,0,0,0,0,0,0,1,0,0,0,0,0,0,0,0,0,0,0,0,0,0,0,0,0,0,0,1,0,1
SLG,Leverage Shares 2X Long TSLA Daily ETF,Financial,Exchange Traded Fund,USA,,,5.21,4.20%,56324170.0,0,0,0,0,0,0,0,0,1,0,0,0,0,0,0,0,0,0,0,0,0,0,0,0,0,0,0,0,1,0,1
SLI,ProShares Ultra TSLA,Financial,Exchange Traded Fund,USA,,,19.42,4.02%,6052.0,0,0,0,0,0,0,0,0,1,0,0,0,0,0,0,0,0,0,0,0,0,0,0,0,0,0,0,0,1,0,1
SLL,Direxion Daily TSLA Bull 2X ETF,Financial,Exchange Traded Fund,USA,,,10.4,3.90%,60879746.0,0,0,0,0,0,0,0,0,1,0,0,0,0,0,0,0,0,0,0,0,0,0,0,0,0,0,0,0,1,0,1
SLY,YieldMax TSLA Option Income Strategy ETF,Financial,Exchange Traded Fund,USA,,,22.45,0.81%,416897.0,0,0,0,-1,0,0,0,0,0,0,0,0,0,0,0,0,0,0,0,0,0,0,0,0,0,0,0,0,0,1,1
SM,Taiwan Semiconductor Manufacturing ADR,Technology,Semiconductors,Taiwan,2351080000000.0,32.72,453.31,-1.02%,9242100.0,0,0,0,0,0,0,0,0,0,0,1,0,0,0,0,0,0,0,0,0,0,0,-1,0,0,0,0,0,1,1,2
SMG,Leverage Shares 2X Long TSM Daily ETF,Financial,Exchange Traded Fund,USA,,,42.73,-2.27%,61403.0,0,0,0,0,0,0,0,0,0,0,1,0,0,0,0,0,0,0,0,0,0,0,-1,0,0,0,0,0,1,1,2
SMY,YieldMax TSM Option Income Strategy ETF,Financial,Exchange Traded Fund,USA,,,15.37,-0.39%,127220.0,0,0,0,0,0,0,0,0,0,0,0,0,0,0,0,0,0,0,0,0,1,0,0,0,0,0,0,0,1,0,1
SN,Tyson Foods Inc,Consumer Defensive,Farm Products,USA,18420000000.0,32.28,53.43,2.08%,3485054.0,0,0,0,0,0,0,0,0,1,1,0,0,0,0,0,0,0,0,0,0,0,0,0,0,0,0,0,0,2,0,2
SSI,TSS Inc,Technology,Information Technology Services,USA,273720000.0,19.09,9.7,-2.71%,474886.0,0,0,0,0,0,0,0,0,1,1,0,0,0,0,0,0,0,0,0,0,0,0,0,0,0,0,0,0,2,0,2
SYX,TSPY Lift ETF,Financial,Exchange Traded Fund,USA,,,23.38,0.71%,16268.0,0,0,0,0,0,0,0,0,0,0,0,0,0,0,0,1,0,0,0,0,0,0,0,0,0,0,0,0,1,0,1
T,Trane Technologies plc,Industrials,Building Products & Equipment,Ireland,104950000000.0,36.13,476.98,1.50%,1089104.0,0,0,0,0,0,0,0,0,0,0,0,0,0,0,0,0,0,0,0,0,0,0,0,0,0,0,-1,0,0,1,1
TAN,ServiceTitan Inc,Technology,Software - Application,USA,7000000000.0,,72.59,-0.47%,1669816.0,0,0,0,0,0,0,0,0,0,0,0,0,0,0,0,0,0,0,0,0,0,0,0,0,0,1,0,0,1,0,1
TC,Toro Co,Industrials,Tools & Accessories,USA,9070000000.0,25.65,95.79,-1.05%,566643.0,0,0,0,0,0,0,0,0,0,0,1,0,0,0,0,0,0,0,0,0,0,0,0,0,0,0,0,0,1,0,1
TE,TotalEnergies SE,Energy,Oil & Gas Integrated,France,191530000000.0,10.63,86.11,0.10%,4111009.0,0,0,0,0,0,0,0,0,0,0,1,1,0,0,0,0,0,0,0,0,0,0,0,0,-1,0,0,0,2,1,3
TEQ,T. Rowe Price Technology ETF,Financial,Exchange Traded Fund,USA,,,44.85,0.76%,48702.0,0,0,0,0,0,0,0,0,0,0,1,0,0,0,0,0,0,0,0,0,0,0,-1,0,0,0,0,0,1,1,2
TMI,TTM Technologies Inc,Technology,Electronic Components,USA,12750000000.0,54.62,121.01,2.99%,2125193.0,0,0,0,0,0,1,0,0,0,0,0,0,0,0,0,0,0,0,0,0,0,0,0,0,0,0,0,0,1,0,1
TMX,Tradr 2X Long TTMI Daily ETF,Financial,Exchange Traded Fund,USA,,,8.19,5.68%,93183.0,0,0,0,0,0,0,0,0,0,0,1,0,0,0,0,0,0,0,0,0,0,0,0,0,0,0,0,0,1,0,1
TXU,Direxion Daily Technology Top 5 Bull 2X ETF,Financial,Exchange Traded Fund,USA,,,37.02,0.14%,5898.0,0,0,0,0,0,0,0,0,0,0,1,0,0,0,0,0,0,0,0,0,0,0,-1,0,0,0,0,0,1,1,2
USB,Thrivent Ultra Short Bond ETF,Financial,Exchange Traded Fund,USA,,,50.44,-0.10%,37293.0,0,0,0,0,0,1,0,0,0,0,0,0,0,0,0,1,0,0,0,0,0,0,0,0,0,0,0,0,2,0,2
UYA,Tuya Inc ADR,Technology,Software - Infrastructure,China,933940000.0,15.37,1.72,1.18%,212911.0,0,0,0,0,0,0,0,0,0,0,0,0,0,0,0,0,0,0,0,0,0,0,0,1,0,0,0,0,1,0,1
V,Grupo Televisa SAB ADR,Communication Services,Telecom Services,Mexico,1170000000.0,,2.21,-1.34%,558292.0,0,1,0,0,0,0,0,0,0,0,0,0,0,0,0,0,0,0,0,0,0,0,0,0,0,0,0,0,1,0,1
VAL,T. Rowe Price Value ETF,Financial,Exchange Traded Fund,USA,,,42.85,0.61%,75637.0,0,0,0,0,0,0,0,0,0,0,0,0,0,0,0,0,0,0,0,0,0,0,-1,0,0,0,0,0,0,1,1
VGN,Tevogen Inc,Healthcare,Biotechnology,USA,44150000.0,,6.78,-3.97%,2750.0,0,0,0,0,0,0,0,0,0,0,0,0,-1,0,0,0,0,0,0,0,0,0,0,0,0,0,0,0,0,1,1
W,Tradeweb Markets Inc,Financial,Capital Markets,USA,26000000000.0,26.52,111.08,1.28%,973895.0,0,0,0,0,0,0,0,0,1,0,0,0,0,0,0,0,0,0,0,0,0,0,0,0,0,0,0,0,1,0,1
WI,Titan International Inc,Industrials,Farm & Heavy Construction Machinery,USA,448570000.0,,6.95,1.91%,619380.0,0,0,0,0,0,0,0,0,0,0,0,0,0,0,0,0,0,0,0,0,1,0,0,0,0,0,0,0,1,0,1
WOX,iShares Large Cap Accelerated Outcome ETF,Financial,Exchange Traded Fund,USA,,,30.7,0.52%,168.0,0,0,0,0,0,0,0,0,0,0,0,0,0,0,0,0,0,1,0,0,0,0,0,0,0,0,0,0,1,0,1
XN,Texas Instruments Inc,Technology,Semiconductors,USA,259120000000.0,43.17,283.74,-1.55%,4037452.0,0,0,0,0,0,0,0,0,1,1,0,0,0,0,0,0,0,0,0,0,0,0,-1,0,0,0,0,0,2,1,3
XNU,Direxion Daily TXN Bull 2X ETF,Financial,Exchange Traded Fund,USA,,,44.85,-2.90%,2651.0,0,0,0,0,0,1,0,0,0,0,0,0,0,0,0,0,0,0,0,0,0,0,0,0,0,0,0,0,1,0,1
XRH,Texas Roadhouse Inc,Consumer Cyclical,Restaurants,USA,10600000000.0,25.86,161.5,-0.77%,1161587.0,0,0,0,0,0,0,0,0,0,0,0,0,0,0,0,0,0,0,0,0,0,0,0,1,0,0,0,0,1,0,1
XT,Textron Inc,Industrials,Aerospace & Defense,USA,12750000000.0,14.0,74.16,1.28%,1488944.0,0,1,0,0,0,1,0,0,0,0,0,0,-1,-1,0,0,0,0,0,0,0,0,0,0,0,0,0,0,2,2,4
Y,Tri-Continental Corp,Financial,Closed-End Fund - Equity,USA,1860000000.0,,34.78,0.90%,35561.0,0,0,0,-1,0,0,0,0,1,0,0,0,0,0,0,0,0,0,0,0,0,0,0,0,0,0,0,0,1,1,2
YO,Direxion Daily 7-10 Year Treasury Bear -3X Shares,Financial,Exchange Traded Fund,USA,,,15.54,0.13%,43525.0,0,0,0,-1,0,0,0,0,0,0,0,0,0,0,0,0,0,1,0,0,0,0,0,0,0,0,0,0,1,1,2
,Unity Software Inc,Technology,Software - Application,USA,20630000000.0,,46.88,2.16%,6354145.0,0,0,0,0,0,0,0,0,0,0,0,0,-1,0,0,0,0,0,0,0,0,0,0,0,0,0,0,0,0,1,1
AE,iShares MSCI UAE ETF,Financial,Exchange Traded Fund,USA,,,19.32,0.10%,1020840.0,0,0,0,0,0,0,0,0,0,0,1,1,0,0,0,0,0,0,0,0,0,0,0,0,0,0,0,0,2,0,2
BCP,"United Bancorp Inc (Martins Ferry, OH)",Financial,Banks - Regional,USA,84090000.0,10.64,14.66,1.10%,3504.0,0,0,0,0,0,0,0,0,0,0,0,0,-1,0,0,0,0,0,0,0,0,0,0,0,0,0,0,0,0,1,1
BEW,Roundhill UBER WeeklyPay ETF,Financial,Exchange Traded Fund,USA,,,24.25,2.12%,8805.0,0,1,0,0,0,0,0,0,0,0,0,0,0,0,0,0,0,0,0,-1,0,0,0,0,0,0,0,0,1,1,2
BND,VictoryShares Core Plus Bond ETF,Financial,Exchange Traded Fund,USA,,,20.64,0.05%,344385.0,0,0,0,0,0,0,0,0,1,0,0,0,0,0,0,0,0,0,0,0,0,0,0,0,0,0,0,0,1,0,1
BRL,GraniteShares 2x Long UBER Daily ETF,Financial,Exchange Traded Fund,USA,,,13.89,3.27%,413422.0,0,1,0,0,0,0,0,0,0,0,0,0,0,0,0,0,0,0,0,0,0,0,0,0,0,0,0,0,1,0,1
CC,ProShares Ultra Consumer Discretionary,Financial,Exchange Traded Fund,USA,,,43.25,2.09%,353.0,0,0,0,0,0,0,0,0,0,0,1,0,0,0,0,0,0,0,0,0,0,0,0,0,0,0,0,0,1,0,1
COP,ProShares Ultra Copper K-1 Free ETF,Financial,Exchange Traded Fund,USA,,,42.33,4.12%,10.0,0,0,0,-1,0,0,0,0,0,0,0,0,0,0,0,0,0,0,0,0,0,0,0,0,0,0,0,0,0,1,1
CRD,VictoryShares Corporate Bond ETF,Financial,Exchange Traded Fund,USA,,,20.5,-0.05%,1000.0,0,0,0,0,0,0,0,0,1,0,0,0,0,0,0,0,0,0,0,0,0,0,0,0,0,0,0,0,1,0,1
CTT,Ultra Clean Hldgs Inc,Technology,Semiconductor Equipment & Materials,USA,3110000000.0,,68.59,1.49%,876005.0,0,0,0,0,0,0,0,0,1,0,0,0,0,0,0,0,0,0,0,0,0,0,0,0,0,0,0,0,1,0,1
CYB,ProShares Ultra Nasdaq Cybersecurity ETF 2x Shares,Financial,Exchange Traded Fund,USA,,,108.66,6.89%,16518.0,0,0,0,0,0,0,0,-1,0,0,0,0,0,0,0,0,0,0,0,0,0,0,0,0,0,0,0,0,0,1,1
DEC,Innovator U.S. Equity Ultra Buffer ETF - December,Financial,Exchange Traded Fund,USA,,,43.21,0.31%,13197.0,0,0,0,0,0,0,0,-1,0,0,0,0,0,0,0,0,0,0,0,0,0,0,0,0,0,0,0,0,0,1,1
EC,Uranium Energy Corp,Energy,Uranium,USA,4550000000.0,,9.19,0.55%,6444799.0,0,0,0,0,0,0,0,0,1,0,0,0,0,0,0,0,0,0,0,0,0,0,0,0,0,0,0,0,1,0,1
FOD,Tuttle Capital UFO Disclosure ETF,Financial,Exchange Traded Fund,USA,,,23.8,1.25%,777.0,0,0,0,0,0,0,0,0,1,0,0,0,0,0,0,1,0,0,0,0,0,0,0,0,0,0,0,0,2,0,2
FPI,UFP Industries Inc,Basic Materials,Lumber & Wood Production,USA,4090000000.0,17.11,74.21,-2.93%,477392.0,0,0,0,0,0,0,0,0,0,0,0,0,-1,0,0,0,0,0,0,0,0,0,0,0,0,0,0,0,0,1,1
GE,ProShares Ultra Consumer Staples,Financial,Exchange Traded Fund,USA,,,18.49,-0.69%,8005.0,0,0,0,0,0,0,0,0,1,0,0,0,0,0,0,0,0,0,0,0,0,0,0,0,0,0,0,0,1,0,1
IS,Unisys Corp,Technology,Information Technology Services,USA,161880000.0,,2.22,-3.90%,582939.0,0,0,0,0,0,0,0,0,1,0,0,0,0,0,0,0,0,0,0,0,0,0,0,0,0,0,0,0,1,0,1
JUL,Innovator U.S. Equity Ultra Buffer ETF - July,Financial,Exchange Traded Fund,USA,,,41.83,0.34%,4970.0,0,0,0,-1,0,0,0,-1,0,0,0,0,0,0,0,0,0,0,0,0,0,0,0,0,0,0,0,0,0,2,2
JUN,Innovator U.S. Equity Ultra Buffer ETF - June,Financial,Exchange Traded Fund,USA,,,39.62,0.41%,6815.0,0,0,0,0,0,1,0,0,0,0,0,0,0,0,0,0,0,0,0,0,0,0,0,0,0,0,0,0,1,0,1
LCC,Frontier Group Holdings Inc,Industrials,Airlines,USA,1350000000.0,,5.86,-1.18%,2625558.0,0,0,0,0,0,0,0,0,0,0,0,0,0,0,0,0,0,0,0,0,1,0,-1,0,0,0,0,0,1,1,2
LTA,Ulta Beauty Inc,Consumer Cyclical,Specialty Retail,USA,24390000000.0,20.78,570.37,1.09%,384127.0,0,0,0,0,0,0,0,0,0,0,1,1,0,0,0,0,0,0,0,0,0,0,0,0,0,0,0,0,2,0,2
MAC,Unusual Machines Inc,Technology,Computer Hardware,USA,1040000000.0,,20.83,-2.62%,2510195.0,0,0,0,0,0,0,0,0,0,0,1,0,0,0,0,0,0,0,0,0,0,0,-1,0,0,0,0,0,1,1,2
MAY,Innovator U.S. Equity Ultra Buffer ETF - May,Financial,Exchange Traded Fund,USA,,,39.15,0.21%,2445.0,0,0,0,0,0,0,0,-1,0,0,0,0,0,0,0,0,0,0,0,0,0,0,0,0,0,0,0,0,0,1,1
N,Corgi UNH 2x Daily ETF,Financial,Exchange Traded Fund,USA,,,19.91,4.54%,228.0,0,0,0,0,0,0,0,0,1,0,0,0,0,0,0,0,0,0,0,0,0,0,0,0,0,0,0,0,1,0,1
NFI,United Natural Foods Inc,Consumer Defensive,Food Distribution,USA,2680000000.0,33.32,44.51,1.00%,478770.0,0,0,0,0,0,0,0,0,0,0,0,0,0,0,0,1,0,0,0,0,0,0,0,0,0,0,0,0,1,0,1
NG,United States Natural Gas Fund,Financial,Exchange Traded Fund,USA,,,11.01,1.85%,32267473.0,0,0,0,0,0,0,0,0,0,0,0,0,-1,0,0,0,0,0,0,0,0,0,0,0,0,0,0,0,0,1,1
NL,United States 12 Month Natural Gas Fund LP,Financial,Exchange Traded Fund,USA,,,5.8,1.08%,72692.0,0,0,0,0,0,0,0,0,1,0,0,0,0,0,0,0,0,0,0,0,0,0,0,0,0,0,0,0,1,0,1
NX,Tradr 2X Long U Daily ETF,Financial,Exchange Traded Fund,USA,,,28.58,4.73%,9351.0,0,0,0,0,0,0,0,0,1,0,0,0,0,0,0,0,0,0,0,0,0,0,0,0,0,0,0,0,1,0,1
PAL,ProShares Ultra Palladium K-1 Free ETF,Financial,Exchange Traded Fund,USA,,,17.89,2.79%,144.0,0,0,0,0,0,0,0,0,0,0,0,0,-1,0,0,0,0,0,0,0,0,0,0,0,0,0,0,0,0,1,1
PC,Universe Pharmaceuticals INC,Healthcare,Drug Manufacturers - Specialty & Generic,China,20850000.0,,4.15,-0.72%,12062.0,0,0,0,0,0,1,0,0,0,0,0,0,0,0,0,0,0,0,0,0,0,0,0,0,0,0,0,0,1,0,1
PGD,Invesco Bloomberg Analyst Rating Improvers ETF,Financial,Exchange Traded Fund,USA,,,81.51,0.35%,6383.0,0,0,0,-1,0,0,0,0,0,0,0,0,0,0,0,0,0,0,0,0,0,0,0,0,0,0,0,0,0,1,1
PLT,ProShares Ultra Platinum K-1 Free ETF,Financial,Exchange Traded Fund,USA,,,21.83,5.70%,383.0,0,0,0,0,0,0,0,0,0,0,0,0,-1,0,0,0,0,0,0,0,1,0,0,0,0,1,0,0,2,1,3
PST,Upstart Holdings Inc,Financial,Credit Services,USA,2350000000.0,43.88,24.1,-0.37%,2688233.0,0,1,0,0,0,0,0,0,0,0,0,0,0,0,0,0,0,0,0,0,0,0,0,0,0,0,0,0,1,0,1
PSX,Tradr 2X Long UPST Daily ETF,Financial,Exchange Traded Fund,USA,,,9.5,-0.11%,46527.0,0,0,0,0,0,0,0,0,0,0,0,0,-1,0,0,0,0,0,0,0,0,0,0,0,0,0,0,0,0,1,1
PWK,Upwork Inc,Communication Services,Internet Content & Information,USA,1070000000.0000001,11.24,8.6,0.35%,1691091.0,0,0,0,0,0,0,0,0,0,0,0,0,-1,0,0,0,0,0,0,0,0,0,0,0,0,1,0,0,1,1,2
RA,Global X Uranium ETF,Financial,Exchange Traded Fund,USA,,,38.9,0.88%,2700840.0,0,0,0,0,0,0,0,0,1,0,0,0,0,0,0,0,0,0,0,0,0,0,0,0,0,0,0,0,1,0,1
RAA,Direxion Daily Uranium Industry Bull 2X ETF,Financial,Exchange Traded Fund,USA,,,18.65,1.69%,68593.0,0,0,0,0,0,1,0,0,0,0,0,0,0,0,0,0,0,0,0,0,0,0,0,0,0,0,0,0,1,0,1
RAN,Themes Uranium & Nuclear ETF,Financial,Exchange Traded Fund,USA,,,34.78,0.67%,1011.0,0,0,0,0,0,1,0,0,0,0,0,0,0,0,0,0,0,0,0,0,0,0,0,0,0,0,0,0,1,0,1
RG,Ur-Energy Inc,Energy,Uranium,USA,401840000.0,,1.01,0.00%,4986530.0,0,0,0,0,0,0,0,0,1,0,0,0,0,0,0,0,0,0,0,0,0,0,0,0,0,0,0,0,1,0,1
SAC,USA Compression Partners LP,Energy,Oil & Gas Equipment & Services,USA,3760000000.0,24.27,25.95,2.25%,33746.0,0,0,0,0,0,0,0,0,0,0,0,0,-1,0,0,0,0,0,0,0,0,0,0,0,0,0,0,0,0,1,1
SAF,Atlas America Fund,Financial,Exchange Traded Fund,USA,,,27.9,0.52%,517.0,0,0,0,0,0,0,0,0,0,0,1,0,0,0,0,0,0,0,0,0,0,0,0,0,0,0,0,0,1,0,1
SAI,Pacer American Energy Infrastructure ETF,Financial,Exchange Traded Fund,USA,,,45.11,-0.40%,19526.0,0,1,0,-1,0,0,0,0,0,0,0,0,0,0,0,0,0,0,0,0,0,0,0,0,0,0,0,0,1,1,2
SAS,Americas Gold and Silver Corp,Basic Materials,Other Industrial Metals & Mining,Canada,1470000000.0,,4.36,2.83%,2671051.0,0,0,0,0,0,0,0,0,1,0,0,0,0,0,0,0,0,0,0,0,0,0,0,0,0,0,0,0,1,0,1
SBC,USBC Inc,Technology,Scientific & Technical Instruments,USA,197910000.0,,0.51,1.84%,176631.0,0,0,0,0,0,0,0,0,0,0,0,0,-1,0,0,0,0,0,0,0,0,0,0,0,0,1,0,0,1,1,2
SDU,WisdomTree Bloomberg U.S. Dollar Bullish Fund,Financial,Exchange Traded Fund,USA,,,27.17,0.30%,596097.0,0,0,0,-1,0,0,0,0,0,0,0,0,0,0,0,0,0,1,0,0,0,0,0,0,0,0,0,0,1,1,2
SEP,Innovator U.S. Equity Ultra Buffer ETF - September,Financial,Exchange Traded Fund,USA,,,42.52,0.33%,11090.0,0,0,0,-1,0,0,0,-1,0,0,0,0,0,0,0,0,0,0,0,0,0,0,0,0,0,0,0,0,0,2,2
SFR,WisdomTree Floating Rate Treasury Fund,Financial,Exchange Traded Fund,USA,,,50.44,0.02%,5519030.0,0,1,0,-1,0,1,0,0,0,0,0,0,0,0,0,0,0,1,0,0,0,0,0,0,0,0,0,0,3,1,4
SG,USCF Gold Strategy Plus Income Fund,Financial,Exchange Traded Fund,USA,,,31.91,1.40%,6800.0,0,0,0,0,0,0,0,0,1,0,0,0,0,0,0,0,0,0,0,0,0,0,0,0,0,0,0,0,1,0,1
SGO,U.S. GoldMining Inc,Basic Materials,Other Industrial Metals & Mining,Canada,87450000.0,,6.23,3.32%,82665.0,0,0,0,0,0,0,0,0,1,0,0,0,0,0,0,0,0,0,0,0,0,0,0,0,0,0,0,0,1,0,1
SLM,United States Lime & Minerals Inc,Basic Materials,Building Materials,USA,3110000000.0,23.23,108.58,-0.43%,93300.0,0,0,0,0,0,0,0,0,1,0,0,0,0,0,0,0,0,0,0,0,0,0,0,0,0,0,0,0,1,0,1
SLN,iShares Broad USD Floating Rate Loan ETF,Financial,Exchange Traded Fund,USA,,,50.09,0.17%,13686.0,0,1,0,0,0,1,0,0,0,0,0,0,0,0,0,0,0,0,0,0,0,0,0,0,0,0,0,0,2,0,2
SMF,WisdomTree U.S. Multifactor Fund,Financial,Exchange Traded Fund,USA,,,53.2,0.50%,8592.0,0,1,0,0,0,0,0,0,0,0,0,0,-1,-1,0,0,0,0,0,0,0,0,0,0,0,0,0,0,1,2,3
SNZ,Xtrackers Net Zero Pathway Paris Aligned US Equity ETF,Financial,Exchange Traded Fund,USA,,,49.55,0.67%,25.0,0,1,0,0,0,0,0,0,0,0,0,0,0,0,0,0,0,0,0,0,0,0,0,0,0,0,0,0,1,0,1
SOI,UBS AG ETRACS Crude Oil Shares Covered Call ETNs,Financial,Exchange Traded Fund,USA,,,45.6,-0.09%,237847.0,0,0,0,0,0,0,0,0,0,0,1,0,0,0,0,0,0,0,0,0,0,0,0,0,0,0,0,0,1,0,1
SOY,Defiance Oil Enhanced Options Income ETF,Financial,Exchange Traded Fund,USA,,,7.31,0.14%,277488.0,0,0,0,0,0,0,0,0,0,0,1,0,0,0,0,0,0,0,0,0,0,0,0,0,0,0,0,0,1,0,1
SSE,Segall Bryant & Hamill Select Equity ETF,Financial,Exchange Traded Fund,USA,,,42.36,1.34%,11629.0,0,0,0,0,0,0,0,-1,0,0,0,0,0,0,0,0,0,0,0,0,0,0,0,0,0,0,0,0,0,1,1
SSG,Xtrackers MSCI USA Selection Equity ETF,Financial,Exchange Traded Fund,USA,,,72.8,0.61%,4019.0,0,1,0,0,0,0,0,0,0,0,0,0,0,0,0,0,0,0,0,0,0,0,0,0,0,0,0,0,1,0,1
SXF,iShares ESG Advanced MSCI USA ETF,Financial,Exchange Traded Fund,USA,,,69.06,0.43%,38560.0,0,0,0,0,0,0,0,0,0,0,0,0,0,0,0,0,0,1,0,0,0,0,0,0,0,0,0,0,1,0,1
TES,Virtus Reaves Utilities ETF,Financial,Exchange Traded Fund,USA,,,76.43,1.87%,148312.0,0,1,0,0,0,0,0,0,0,0,0,0,0,0,0,0,0,0,0,0,0,0,0,0,0,0,0,0,1,0,1
THR,United Therapeutics Corp,Healthcare,Drug Manufacturers - Specialty & Generic,USA,23550000000.0,19.64,549.16,3.07%,577863.0,0,0,0,0,0,0,0,0,0,0,0,0,-1,0,0,0,0,0,0,0,0,0,0,0,0,0,0,0,0,1,1
TI,Universal Technical Institute Inc,Consumer Defensive,Education & Training Services,USA,1140000000.0,33.55,20.64,1.62%,991889.0,0,1,0,0,0,0,0,0,0,0,0,0,0,0,0,0,0,0,0,0,0,0,0,0,0,0,0,0,1,0,1
UPP,Principal CLO ETF,Financial,Exchange Traded Fund,USA,,,25.1,0.00%,11.0,0,1,0,0,0,0,0,0,0,0,0,0,0,0,0,0,0,0,0,0,0,0,0,0,0,0,0,0,1,0,1
VE,Universal Insurance Holdings Inc,Financial,Insurance - Property & Casualty,USA,1280000000.0,6.04,45.85,-2.38%,196137.0,0,0,0,0,0,1,0,0,0,0,0,0,0,0,0,0,0,0,0,0,0,0,0,0,0,0,0,0,1,0,1
XRP,ProShares Ultra XRP ETF,Financial,Exchange Traded Fund,USA,,,14.6,1.67%,85251.0,0,0,0,0,0,0,0,0,0,0,1,0,0,0,0,0,0,0,0,0,0,0,0,0,0,0,0,0,1,0,1
YG,ProShares Ultra Financials 2x Shares,Financial,Exchange Traded Fund,USA,,,87.92,1.86%,54060.0,0,0,0,0,0,0,0,0,0,0,1,0,0,0,0,0,0,0,0,0,0,0,0,0,0,0,0,0,1,0,1
YLD,Angel Oak UltraShort Income ETF,Financial,Exchange Traded Fund,USA,,,50.88,0.08%,494486.0,0,1,0,-1,0,0,0,0,0,0,0,0,0,0,0,0,0,0,0,0,0,0,0,0,0,0,0,0,1,1,2
ABK,Virginia National Bankshares Corp,Financial,Banks - Regional,USA,263120000.0,10.64,48.5,-1.28%,2255.0,0,0,0,0,0,0,0,0,0,0,1,0,0,0,0,0,0,0,0,0,0,0,0,0,0,0,0,0,1,0,1
AIE,VegaShares US Equity Autocallable Income ETF,Financial,Exchange Traded Fund,USA,,,24.71,0.57%,18296.0,0,0,0,0,0,0,0,0,0,0,0,0,-1,0,0,0,0,0,0,0,0,0,0,1,0,0,0,0,1,1,2
ALE,Vale SA ADR,Basic Materials,Other Industrial Metals & Mining,Brazil,55470000000.0,28.72,13.62,1.49%,35211054.0,0,0,0,0,0,0,0,0,0,0,0,0,-1,0,0,0,0,0,0,0,0,0,0,0,0,0,0,0,0,1,1
ALG,Leverage Shares 2X Long VALE Daily ETF,Financial,Exchange Traded Fund,USA,,,14.63,2.74%,17.0,0,0,0,0,0,0,0,0,1,0,0,0,0,0,0,0,0,0,0,0,0,0,0,0,0,0,0,0,1,0,1
BCA,Vanguard Target Maturity 2027 Corporate Bond ETF,Financial,Exchange Traded Fund,USA,,,75.32,-0.01%,8985.0,0,1,0,-1,0,0,0,0,0,0,0,0,0,0,0,0,0,0,0,0,0,0,0,0,0,0,0,0,1,1,2
BCD,Vanguard Target Maturity 2030 Corporate Bond ETF,Financial,Exchange Traded Fund,USA,,,73.42,-0.01%,24781.0,0,0,0,-1,0,0,0,0,0,0,0,0,0,0,0,0,0,0,0,0,0,0,0,0,0,0,0,0,0,1,1
BIL,Vanguard 0-3 Month Treasury Bill ETF,Financial,Exchange Traded Fund,USA,,,75.6,0.05%,2297838.0,0,0,0,-1,0,1,0,0,0,0,0,0,0,0,0,0,0,1,0,0,0,0,0,0,0,0,0,0,2,1,3
BK,Vanguard Morningstar Small-Cap Growth ETF,Financial,Exchange Traded Fund,USA,,,344.74,1.22%,192180.0,0,0,0,0,0,0,0,0,0,0,0,0,0,0,0,0,0,0,0,0,0,0,-1,0,0,0,0,0,0,1,1
BNK,VersaBank,Financial,Banks - Regional,Canada,714540000.0,28.95,22.04,0.73%,278158.0,0,0,0,0,0,0,0,0,0,0,1,0,0,0,0,0,0,0,0,0,0,0,-1,0,0,0,0,0,1,1,2
COB,Voya Core Bond ETF,Financial,Exchange Traded Fund,USA,,,47.5,0.00%,1242.0,0,1,0,0,0,1,0,0,0,0,0,0,0,0,0,0,0,0,0,0,0,0,0,0,0,0,0,0,2,0,2
DC,Vanguard Consumer Staples ETF,Financial,Exchange Traded Fund,USA,,,226.37,0.15%,65971.0,0,0,0,0,0,0,0,0,1,0,0,0,0,0,0,0,0,0,0,0,0,0,0,0,0,0,0,0,1,0,1
DV,Vanguard Developed Markets ex-US Value Index ETF,Financial,Exchange Traded Fund,USA,,,76.03,0.46%,6184.0,0,0,0,0,0,0,0,0,0,0,1,1,0,0,0,0,0,0,0,0,0,0,0,0,0,0,0,0,2,0,2
ECO,Veeco Instruments Inc,Technology,Semiconductor Equipment & Materials,USA,3200000000.0,143.55,52.28,1.61%,296176.0,0,0,0,0,0,0,0,0,1,0,0,0,0,0,0,0,0,0,0,0,0,0,0,0,0,0,0,0,1,0,1
EEA,Veea Inc,Technology,Information Technology Services,USA,17730000.0,,5.7,47.29%,83591400.0,0,1,0,0,0,0,0,0,0,0,0,0,0,0,0,0,0,0,0,0,0,0,0,0,0,0,0,0,1,0,1
EGA,AdvisorShares STAR Global Buy-Write ETF,Financial,Exchange Traded Fund,USA,,,52.98,0.46%,4470.0,0,0,0,-1,0,0,0,0,0,0,0,0,0,0,0,0,0,0,0,0,0,0,0,0,0,0,0,0,0,1,1
EL,Velocity Financial Inc,Financial,Mortgage Finance,USA,581560000.0,5.43,14.73,-1.21%,172586.0,0,0,0,0,0,0,0,0,0,0,0,0,-1,0,0,0,0,0,0,0,0,0,0,0,0,0,0,0,0,1,1
ERA,Vera Therapeutics Inc,Healthcare,Biotechnology,USA,2150000000.0,,29.88,0.50%,996576.0,0,0,0,0,0,0,0,0,1,0,0,0,0,0,0,0,0,0,0,0,0,0,0,0,0,0,0,0,1,0,1
ERX,Vertex Inc,Technology,Software - Application,USA,2100000000.0,602.33,12.95,1.41%,961527.0,0,1,0,-1,0,1,0,0,0,0,0,0,-1,-1,0,0,0,0,0,0,0,0,0,0,0,1,0,0,3,3,6
EXC,Vanguard Emerging Markets Ex-China ETF,Financial,Exchange Traded Fund,USA,,,96.33,0.86%,11484.0,0,0,0,0,0,0,0,0,0,0,1,1,0,0,0,0,0,0,0,0,1,0,0,0,-1,0,0,0,3,1,4
FMO,Vanguard U.S. Momentum Factor ETF,Financial,Exchange Traded Fund,USA,,,230.11,1.02%,25982.0,0,0,0,0,0,0,0,0,1,0,0,0,0,0,0,1,0,0,0,0,0,0,0,0,0,0,0,0,2,0,2
FS,VinFast Auto Ltd,Consumer Cyclical,Auto Manufacturers,Vietnam,7160000000.0,,3.06,-0.33%,224855.0,0,0,0,0,0,0,0,0,0,0,0,0,-1,0,0,0,0,0,0,0,0,0,0,0,0,0,0,0,0,1,1
GAS,Verde Clean Fuels Inc,Utilities,Utilities - Renewable,USA,46750000.0,,1.06,-2.75%,10992.0,0,0,0,0,0,0,0,0,0,0,0,0,-1,0,0,0,0,0,0,0,0,0,0,0,0,0,0,0,0,1,1
GI,Virtus Global Multi-Sector Income Fund,Financial,Closed-End Fund - Debt,USA,75800000.0,,6.7,0.75%,54665.0,0,0,0,-1,0,0,0,0,0,0,0,0,0,0,0,0,0,0,0,0,0,0,0,0,0,0,0,0,0,1,1
GM,Invesco Trust for Investment Grade Municipals,Financial,Closed-End Fund - Debt,USA,484290000.0,,8.93,2.29%,344955.0,0,1,0,0,0,0,0,0,0,0,0,0,0,0,0,0,0,0,0,0,0,0,0,0,0,0,0,0,1,0,1
GNT,Versigent Plc,Consumer Cyclical,Auto Parts,Switzerland,3130000000.0,,44.19,0.07%,543857.0,0,0,0,0,0,0,0,0,0,0,1,0,0,0,0,0,0,0,0,0,0,0,-1,0,0,0,0,0,1,1,2
GUS,Vanguard Ultra-Short Treasury ETF,Financial,Exchange Traded Fund,USA,,,75.51,0.03%,217629.0,0,1,0,-1,0,1,0,0,0,0,0,0,0,0,0,0,0,0,0,0,0,0,0,0,0,0,0,0,2,1,3
HC,Virnetx Holding Corp,Technology,Software - Infrastructure,USA,48250000.0,,11.5,-6.50%,17030.0,0,0,0,0,0,1,0,0,0,0,0,0,0,0,0,0,0,0,0,-1,0,0,0,0,0,0,0,0,1,1,2
IAG,Leverage Shares 2X Long VIAV Daily ETF,Financial,Exchange Traded Fund,USA,,,13.82,5.86%,12864.0,0,0,0,0,0,0,0,0,0,0,0,0,0,0,0,0,0,0,0,0,1,0,0,0,0,0,0,0,1,0,1
IAV,Viavi Solutions Inc,Technology,Communication Equipment,USA,11180000000.0,,45.46,3.11%,2781226.0,0,0,0,0,0,0,0,0,0,0,0,0,0,0,0,1,0,0,0,0,0,0,0,0,0,0,0,0,1,0,1
ICI,VICI Properties Inc,Real Estate,REIT - Diversified,USA,25190000000.0,8.87,22.88,0.39%,8049325.0,0,0,0,0,0,0,0,0,1,1,0,0,0,0,0,0,0,0,0,0,0,0,0,0,0,0,0,0,2,0,2
IDI,Vident International Equity Strategy ETF,Financial,Exchange Traded Fund,USA,,,39.73,1.07%,39696.0,0,0,0,0,0,0,0,0,0,0,1,0,0,0,0,0,0,0,0,0,0,0,-1,0,0,0,0,0,1,1,2
INP,Vinci Compass Investments Ltd,Financial,Asset Management,Brazil,756060000.0,16.9,11.54,4.91%,225726.0,0,0,0,0,0,1,0,0,1,0,0,0,0,0,0,0,0,0,0,-1,0,0,0,0,0,0,0,0,2,1,3
IP,Vulcan Infrastructure and Power Inc,Financial,Capital Markets,USA,50200000.0,18.05,1.41,2.17%,42636.0,0,0,0,0,0,0,0,0,0,0,0,0,-1,0,0,0,0,0,0,0,0,0,0,0,0,0,0,0,0,1,1
IRT,Virtu Financial Inc,Financial,Capital Markets,USA,8930000000.0,9.55,57.51,-0.52%,750066.0,0,0,0,0,0,0,0,0,1,0,0,0,0,0,0,0,0,0,0,0,0,0,-1,0,0,0,0,0,1,1,2
IST,Vista Energy SAB de CV ADR,Energy,Oil & Gas E&P,Mexico,7360000000.0,8.86,66.26,-1.34%,531778.0,0,0,0,0,0,0,0,0,0,0,1,0,0,0,0,0,0,0,0,0,0,0,-1,0,0,0,0,0,1,1,2
ITL,Vital Farms Inc,Consumer Defensive,Farm Products,USA,400550000.0,,9.33,-1.11%,1123633.0,0,0,0,0,0,0,0,0,0,0,0,0,0,0,0,1,0,0,0,0,0,0,0,0,0,0,0,0,1,0,1
IVS,VivoSim Labs Inc,Healthcare,Biotechnology,USA,2990000.0,,0.18,1.64%,334512.0,0,0,0,0,0,0,0,0,1,0,0,0,0,0,0,0,0,0,0,0,0,0,0,0,0,0,0,0,1,0,1
JET,Flyte Aviation Inc,Healthcare,Medical Devices,USA,2390000.0,,1.14,12.87%,392959.0,0,0,0,0,0,0,0,0,1,0,0,0,0,0,0,0,0,0,0,0,0,0,0,0,0,0,0,0,1,0,1
KTX,Viking Therapeutics Inc,Healthcare,Biotechnology,USA,3630000000.0,,28.51,2.81%,4045849.0,0,0,0,0,0,1,0,0,0,0,1,0,0,0,0,0,0,0,0,0,0,0,-1,0,0,0,0,0,2,1,3
LO,Valero Energy Corp,Energy,Oil & Gas Refining & Marketing,USA,124890000000.0,17.99,433.75,-2.26%,3350061.0,0,0,0,0,0,0,0,0,0,0,0,0,0,0,0,0,0,1,0,0,0,0,0,0,0,0,0,0,1,0,1
LRS,Controladora Vuela Cia De Aviacion ADR,Industrials,Airlines,Mexico,716140000.0,,6.23,-0.80%,324420.0,0,0,0,0,0,0,0,0,0,0,0,0,-1,0,0,0,0,0,0,0,0,0,0,0,0,0,0,0,0,1,1
LU,State Street SPDR S&P 1500 Value Tilt ETF,Financial,Exchange Traded Fund,USA,,,243.9,0.23%,3715.0,0,0,0,0,0,0,0,0,0,0,0,0,0,0,0,0,0,0,0,0,0,0,-1,0,0,0,0,0,0,1,1
LUE,iShares MSCI USA Value Factor ETF,Financial,Exchange Traded Fund,USA,,,199.51,-0.30%,359820.0,0,0,0,0,0,0,0,0,0,0,1,1,0,0,0,0,0,0,0,0,0,0,0,0,-1,0,0,0,2,1,3
MAX,Hartford US Value ETF,Financial,Exchange Traded Fund,USA,,,63.47,0.04%,111.0,0,0,0,0,0,0,0,0,0,0,0,0,0,0,0,0,0,0,0,0,0,0,-1,0,0,0,0,0,0,1,1
MD,Viemed Healthcare Inc,Healthcare,Medical Devices,USA,362600000.0,26.01,9.52,1.17%,152490.0,0,1,0,0,0,0,0,0,0,0,0,0,0,0,0,0,0,0,0,0,0,0,0,0,0,0,0,0,1,0,1
MET,Versamet Royalties Corp,Basic Materials,Other Precious Metals & Mining,Canada,954440000.0,9.49,8.77,2.21%,134137.0,0,0,0,0,0,0,0,0,1,0,0,0,0,0,0,0,0,0,0,0,0,0,0,0,0,0,0,0,1,0,1
NET,VNET Group Inc ADR,Technology,Information Technology Services,China,1550000000.0,,5.53,6.96%,5197772.0,0,0,0,0,0,0,0,0,1,1,0,0,0,0,0,0,0,0,0,0,0,0,0,0,0,0,0,0,2,0,2
NM,VanEck Vietnam ETF,Financial,Exchange Traded Fund,USA,,,16.72,0.66%,257677.0,0,0,0,0,0,0,0,0,0,0,0,0,-1,0,0,0,0,0,0,0,0,0,0,0,0,0,0,0,0,1,1
NME,Vendome Acquisition Corp I,Financial,Shell Companies,USA,256750000.0,36.49,10.3,-0.39%,12.0,0,0,0,0,0,0,0,0,0,0,0,0,0,0,0,0,0,1,0,0,0,0,0,0,0,0,0,0,1,0,1
NOM,Viper Energy Inc,Energy,Oil & Gas Midstream,USA,15440000000.0,336.65,42.99,0.84%,1791009.0,0,0,0,0,0,0,0,0,1,1,0,0,0,0,0,0,0,0,0,0,0,0,0,0,0,0,0,0,2,0,2
NTG,Vantage Corp,Industrials,Marine Shipping,Singapore,19830000.0,,0.64,-0.25%,156840.0,0,1,0,0,0,0,0,0,0,0,0,0,0,0,0,0,0,0,0,0,0,0,0,1,0,0,0,0,2,0,2
OC,VOC Energy Trust,Energy,Oil & Gas E&P,USA,58140000.0,8.44,3.42,0.29%,45774.0,0,0,0,0,0,0,0,0,0,0,0,0,0,0,0,1,0,0,0,0,0,0,0,0,0,0,0,0,1,0,1
OD,Vodafone Group plc ADR,Communication Services,Telecom Services,United Kingdom,36050000000.0,,15.56,-5.58%,6516890.0,0,0,0,-1,0,0,0,0,0,0,0,0,0,0,0,0,0,0,0,0,0,0,0,0,0,0,0,0,0,1,1
OLT,Tema Electrification ETF,Financial,Exchange Traded Fund,USA,,,36.56,1.02%,80468.0,0,0,0,0,0,1,0,0,0,0,0,0,0,0,0,1,0,0,0,0,0,0,-1,0,0,0,0,0,2,1,3
ONE,Vanguard Russell 1000 Index ETF,Financial,Exchange Traded Fund,USA,,,351.68,0.63%,72317.0,0,0,0,0,0,0,0,0,0,0,0,0,0,0,0,0,0,1,0,0,0,0,0,0,0,0,0,0,1,0,1
OOG,Vanguard S&P 500 Growth ETF,Financial,Exchange Traded Fund,USA,,,87.29,0.81%,1210293.0,0,0,0,0,0,0,0,-1,0,0,0,0,0,0,0,0,0,0,0,0,0,0,0,0,0,0,0,0,0,1,1
OT,Vanguard Morningstar Mid-Cap Growth ETF,Financial,Exchange Traded Fund,USA,,,302.48,1.55%,150841.0,0,0,0,0,0,0,0,0,0,0,0,0,-1,0,0,0,0,0,0,0,0,0,0,0,0,0,0,0,0,1,1
OX,Vanguard Communication Services ETF,Financial,Exchange Traded Fund,USA,,,190.36,-1.20%,268450.0,0,0,0,0,0,0,0,0,0,0,0,0,0,0,0,1,0,0,0,0,0,0,0,0,0,0,0,0,1,0,1
OYA,Voya Financial Inc,Financial,Financial Conglomerates,USA,8580000000.0,15.96,94.67,-2.04%,878073.0,0,0,0,0,0,0,0,0,1,0,0,0,0,0,0,0,0,0,0,0,0,0,0,0,0,0,0,0,1,0,1
OYG,Voyager Technologies Inc,Industrials,Aerospace & Defense,USA,1660000000.0,,27.26,-3.26%,1331541.0,0,0,0,0,0,0,0,0,0,0,0,0,-1,0,0,0,0,0,0,0,0,0,0,0,0,0,-1,0,0,2,2
RA,Vera Bradley Inc,Consumer Cyclical,Footwear & Accessories,USA,147460000.0,,5.14,1.18%,406240.0,0,0,0,0,0,0,0,0,0,0,0,0,0,0,0,0,0,0,0,0,1,0,0,0,0,0,0,0,1,0,1
RC,Corgi VRT 2x Daily ETF,Financial,Exchange Traded Fund,USA,,,13.73,-1.12%,2138.0,0,0,0,0,0,0,0,0,0,0,0,0,-1,0,0,0,0,0,0,0,0,0,0,0,0,0,0,0,0,1,1
RM,Vroom Inc,Financial,Credit Services,USA,48730000.0,,9.31,3.91%,5371.0,0,0,0,0,0,0,0,0,1,0,0,0,0,0,0,0,0,0,0,0,0,0,0,0,0,0,0,0,1,0,1
RNS,Varonis Systems Inc,Technology,Software - Infrastructure,USA,5760000000.0,,50.12,2.54%,1576333.0,0,0,0,0,0,0,0,0,0,0,0,0,-1,0,0,0,0,0,0,0,0,0,0,0,0,0,0,0,0,1,1
RSK,Verisk Analytics Inc,Industrials,Consulting Services,USA,23120000000.0,27.29,177.63,1.22%,1414486.0,0,0,0,0,0,0,0,0,0,0,1,0,0,0,0,0,0,0,0,0,0,0,0,0,0,0,0,0,1,0,1
RSN,Verisign Inc,Technology,Software - Infrastructure,USA,27430000000.0,32.97,303.74,2.00%,503973.0,0,0,0,0,0,0,0,0,0,0,1,1,0,0,0,0,0,0,0,0,0,0,-1,0,0,0,0,0,2,1,3
RT,Vertiv Holdings Co,Industrials,Electrical Equipment & Parts,USA,93470000000.0,54.94,242.78,-0.39%,3426011.0,0,0,0,0,0,0,0,0,0,0,0,0,-1,-1,0,0,0,0,0,0,0,0,0,0,0,0,0,0,0,2,2
RTL,GraniteShares 2x Long VRT Daily ETF,Financial,Exchange Traded Fund,USA,,,22.9,-1.12%,146385.0,0,0,0,0,0,0,0,0,1,1,0,0,0,0,0,0,0,0,0,0,0,0,0,0,0,0,0,0,2,0,2
RTS,Virtus Investment Partners Inc,Financial,Asset Management,USA,869030000.0,7.48,131.22,-0.28%,93343.0,0,0,0,0,0,0,0,0,0,0,0,0,-1,0,0,0,0,0,0,0,0,0,0,0,0,0,0,0,0,1,1
RTX,Vertex Pharmaceuticals Inc,Healthcare,Biotechnology,USA,129289999999.99998,29.68,510.08,1.36%,1480861.0,0,0,0,0,0,0,0,-1,0,0,0,0,0,0,0,0,0,0,0,0,0,0,0,0,0,0,0,0,0,1,1
S,Versus Systems Inc,Technology,Software - Application,USA,6530000.0,,1.05,-1.87%,14361.0,0,0,0,0,0,0,0,0,1,0,0,0,0,0,0,0,0,0,0,0,0,0,0,0,0,0,0,0,1,0,1
SGX,Vanguard ESG International Stock ETF,Financial,Exchange Traded Fund,USA,,,80.89,0.77%,145706.0,0,0,0,0,0,0,0,0,0,0,1,0,0,0,0,0,0,0,0,0,0,0,-1,0,0,0,0,0,1,1,2
SMV,VictoryShares US Multi-Factor Minimum Volatility ETF,Financial,Exchange Traded Fund,USA,,,60.44,-0.25%,4113.0,0,0,0,0,0,0,0,0,0,0,0,0,0,0,0,0,0,1,0,0,0,0,0,0,0,0,0,0,1,0,1
SS,Vanguard FTSE All-World Ex-US Small Capital Index Fund ETF,Financial,Exchange Traded Fund,USA,,,155.12,0.98%,171010.0,0,0,0,0,0,0,0,0,0,0,1,0,0,0,0,0,0,0,0,0,0,0,0,0,-1,0,0,0,1,1,2
ST,Vistra Corp,Utilities,Utilities - Independent Power Producers,USA,54200000000.0,27.26,161.48,3.42%,7063018.0,0,0,0,0,0,0,0,0,1,1,0,0,0,0,0,0,0,0,0,0,0,0,0,0,0,0,0,0,2,0,2
STL,Defiance Daily Target 2X Long VST ETF,Financial,Exchange Traded Fund,USA,,,26.69,7.19%,367110.0,0,1,0,0,0,0,0,0,1,1,0,0,0,0,0,0,0,0,0,0,0,0,0,0,0,0,0,0,3,0,3
SXY,Victoria's Secret & Co,Consumer Cyclical,Apparel Retail,USA,6610000000.0,18.73,82.87,-4.32%,1425087.0,0,0,0,0,0,0,0,0,1,0,0,0,0,0,0,0,0,0,0,0,0,0,0,0,0,0,0,0,1,0,1
T,Vanguard Total World Stock ETF,Financial,Exchange Traded Fund,USA,,,159.83,0.69%,1622314.0,0,0,0,-1,0,0,0,0,0,0,0,0,0,0,0,0,0,0,0,0,0,0,0,0,0,0,0,0,0,1,1
TI,Vanguard Morningstar Total Stock Market ETF,Financial,Exchange Traded Fund,USA,,,381.94,0.63%,2686370.0,0,1,0,0,0,0,0,0,0,0,0,0,0,0,0,0,0,0,0,0,0,0,0,0,0,0,0,0,1,0,1
TMX,Corporacion Inmobiliaria Vesta Sab ADR,Real Estate,Real Estate - Diversified,Mexico,3260000000.0,7.37,33.87,-0.21%,50016.0,0,0,0,0,0,0,0,0,0,0,0,0,-1,0,0,0,0,0,0,0,0,0,0,0,0,0,0,0,0,1,1
TN,Invesco Trust For Investment Grade New York Municipals,Financial,Closed-End Fund - Debt,USA,138730000.0,,9.46,1.94%,64349.0,0,1,0,0,0,0,0,0,0,0,0,0,0,0,0,0,0,0,0,0,0,0,0,0,0,0,0,0,1,0,1
TP,Vanguard Total Inflation-Protected Securities ETF,Financial,Exchange Traded Fund,USA,,,72.48,-0.03%,71995.0,0,1,0,0,0,0,0,0,0,0,0,0,0,0,0,0,0,0,0,0,0,0,0,0,0,0,0,0,1,0,1
TSI,VirTra Inc,Technology,Software - Application,USA,30450000.0,,2.69,1.89%,18185.0,0,0,0,0,0,0,0,0,1,0,0,0,0,0,0,0,0,0,0,0,0,0,0,0,0,0,0,0,1,0,1
USB,Vanguard Ultra-Short Bond ETF,Financial,Exchange Traded Fund,USA,,,49.49,0.02%,1496519.0,0,1,0,-1,0,0,0,0,0,0,0,0,0,0,0,0,0,0,0,0,0,0,0,0,0,0,0,0,1,1,2
V,Vanguard Morningstar Large-Cap ETF,Financial,Exchange Traded Fund,USA,,,359.19,0.58%,219861.0,0,1,0,0,0,0,0,0,0,0,0,0,0,0,0,0,0,0,0,0,0,0,0,0,0,0,0,0,1,0,1
VOS,Vivos Therapeutics Inc,Healthcare,Medical Devices,USA,5000000.0,,0.15,-0.40%,8832203.0,0,0,0,0,0,0,0,0,0,0,0,0,0,0,0,0,0,0,0,-1,0,0,0,0,0,0,0,0,0,1,1
VR,Invesco Senior Income Trust,Financial,Closed-End Fund - Debt,USA,440230000.0,,2.86,-0.35%,604871.0,0,0,0,0,0,0,0,0,1,0,0,0,0,0,0,0,0,0,0,0,0,0,0,0,0,0,0,0,1,0,1
VX,V2X Inc,Industrials,Aerospace & Defense,USA,2240000000.0,24.61,71.44,0.66%,331120.0,0,0,0,0,0,0,0,0,1,0,0,0,0,0,0,0,0,0,0,0,0,0,-1,0,0,0,0,0,1,1,2
WO,Vanguard FTSE Emerging Markets ETF,Financial,Exchange Traded Fund,USA,,,59.76,1.12%,9759223.0,0,1,0,0,0,0,0,-1,0,0,0,0,0,0,0,0,0,0,0,0,0,0,0,0,0,0,0,0,1,1,2
XF,Vanguard Extended Market Index ETF,Financial,Exchange Traded Fund,USA,,,235.0,0.80%,340691.0,0,0,0,0,0,0,0,0,1,0,0,0,0,0,0,0,0,0,0,0,0,0,0,0,0,0,0,0,1,0,1
XUS,Vanguard Total International Stock ETF,Financial,Exchange Traded Fund,USA,,,84.82,0.86%,4071648.0,0,0,0,0,0,0,0,-1,0,0,0,0,0,0,0,0,0,0,0,0,0,0,0,0,0,0,0,0,0,1,1
Z,Verizon Communications Inc,Communication Services,Telecom Services,USA,173050000000.0,10.85,41.65,-10.14%,95173717.0,0,0,0,0,0,0,0,0,0,0,1,0,0,0,0,0,0,0,0,0,0,0,0,0,0,0,0,0,1,0,1
ZLA,Vizsla Silver Corp,Basic Materials,Other Industrial Metals & Mining,Canada,1260000000.0,,3.55,2.31%,3353331.0,0,0,0,0,0,0,0,0,0,0,1,0,0,0,0,0,0,0,0,0,1,0,0,0,0,0,0,0,2,0,2
ABC,Westamerica Bancorporation,Financial,Banks - Regional,USA,1360000000.0,12.94,58.66,-1.56%,163886.0,0,0,0,0,0,0,0,0,0,0,0,0,-1,0,0,0,0,0,0,0,0,0,0,0,0,0,0,0,0,1,1
ABF,Western Asset Bond ETF,Financial,Exchange Traded Fund,USA,,,23.65,0.08%,5441.0,0,0,0,-1,0,0,0,0,0,0,0,0,0,0,0,0,0,0,0,0,0,0,0,0,0,0,0,0,0,1,1
AFU,Wah Fu Education & Technology Group Ltd,Consumer Defensive,Education & Training Services,China,6400000.0,,1.45,0.00%,54345.0,0,0,0,0,0,1,0,0,1,0,1,0,0,0,0,1,0,0,0,0,0,0,0,0,0,0,0,0,4,0,4
AMA,WisdomTree US Adaptive Moving Average Fund,Financial,Exchange Traded Fund,USA,,,27.36,0.67%,5104.0,0,1,0,0,0,0,0,-1,0,0,0,0,0,0,0,0,0,0,0,0,0,0,0,0,0,0,0,0,1,1,2
ANT,Direxion Daily Consumer Discretionary Bull 3X ETF,Financial,Exchange Traded Fund,USA,,,36.1,2.67%,10279.0,0,0,0,0,0,0,0,0,0,0,0,0,-1,-1,0,0,0,0,0,0,0,0,0,0,0,0,0,0,0,2,2
AVE,Eco Wave Power Global AB ADR,Utilities,Utilities - Renewable,Israel,36570000.0,,5.86,1.38%,4472.0,0,0,0,0,0,0,0,0,1,0,0,0,0,0,0,0,0,0,0,0,0,0,0,0,0,0,0,0,1,0,1
AY,Waystar Holding Corp,Healthcare,Health Information Services,USA,5120000000.0,37.99,26.68,0.76%,1316431.0,0,1,0,0,0,0,0,-1,0,0,1,0,0,0,0,0,0,0,0,0,0,0,0,0,0,0,0,0,2,1,3
B,Weibo Corp ADR,Communication Services,Internet Content & Information,China,1030000000.0,5.54,6.54,1.55%,705509.0,0,0,0,0,0,0,0,0,1,0,0,0,0,0,0,0,0,0,0,0,0,0,0,0,0,0,0,0,1,0,1
BTN,Webtoon Entertainment Inc,Communication Services,Internet Content & Information,USA,1400000000.0,,10.35,4.44%,660266.0,0,0,0,0,0,0,0,0,1,0,0,0,0,0,0,0,0,0,0,0,0,0,0,0,0,0,0,0,1,0,1
CAP,WarCap Unconstrained Equity ETF,Financial,Exchange Traded Fund,USA,,,9.44,1.42%,4904.0,0,0,0,0,0,0,0,0,0,0,0,0,0,0,0,1,0,0,0,0,0,0,0,0,0,0,0,0,1,0,1
CBR,WisdomTree Cybersecurity Fund,Financial,Exchange Traded Fund,USA,,,49.96,4.94%,112019.0,0,0,0,0,0,0,0,-1,0,0,0,0,0,0,0,0,0,0,0,0,0,0,0,0,0,0,0,0,0,1,1
CC,Wesco International Inc,Industrials,Industrial Distribution,USA,17820000000.0,25.27,365.69,2.74%,844114.0,0,0,0,0,0,1,0,0,0,0,1,1,0,0,0,0,0,0,0,0,1,0,0,0,-1,0,0,0,4,1,5
CLD,WisdomTree Cloud Computing Fund,Financial,Exchange Traded Fund,USA,,,43.74,2.85%,703465.0,0,0,0,-1,0,0,0,0,0,0,0,0,0,0,0,0,0,0,0,0,0,0,0,0,0,0,0,0,0,1,1
CN,Waste Connections Inc,Industrials,Waste Management,Canada,38520000000.0,36.88,152.83,-1.20%,1824362.0,0,0,0,0,0,0,0,0,0,0,0,0,0,0,0,0,0,0,0,0,0,0,0,0,0,1,0,0,1,0,1
D,Walker & Dunlop Inc,Financial,Mortgage Finance,USA,1130000000.0,29.44,33.01,-4.01%,570695.0,0,0,0,0,0,0,0,0,1,0,0,0,0,0,0,0,0,0,0,0,0,0,0,0,0,0,0,0,1,0,1
DC,Western Digital Corp,Technology,Computer Hardware,USA,148710000000.0,16.43,397.28,1.01%,7046643.0,0,0,0,0,0,0,0,0,1,0,0,0,0,0,0,0,0,0,0,0,0,0,0,0,0,0,0,0,1,0,1
DCC,Corgi WDC 2x Daily ETF,Financial,Exchange Traded Fund,USA,,,9.7,2.11%,53003.0,0,0,0,0,0,0,0,0,1,1,0,0,0,0,0,0,0,0,0,0,0,0,0,0,0,0,0,0,2,0,2
DRN,"WisdomTree Physical AI, Humanoids and Drones Fund",Financial,Exchange Traded Fund,USA,,,25.58,0.48%,3766.0,0,0,0,0,0,0,0,0,0,0,1,0,0,0,0,0,0,0,0,0,0,0,0,0,0,0,0,0,1,0,1
DS,Woodside Energy Group Ltd ADR,Energy,Oil & Gas E&P,Australia,42800000000.0,14.02,22.57,-0.09%,424995.0,0,0,0,0,0,0,0,0,0,0,1,0,0,0,0,0,0,0,0,0,0,0,0,0,0,0,0,0,1,0,1
DTE,Defiance S&P 500 Weekly Distribution ETF,Financial,Exchange Traded Fund,USA,,,28.9,0.59%,16513.0,0,0,0,0,0,0,0,0,1,1,0,0,0,0,0,0,0,0,0,0,0,0,0,0,0,0,0,0,2,0,2
EA,Western Asset Premier Bond Fund,Financial,Closed-End Fund - Debt,USA,116280000.0,,9.8,0.10%,43767.0,0,0,0,-1,0,0,0,0,0,0,0,0,0,0,0,0,0,0,0,0,0,0,0,0,0,0,0,0,0,1,1
EAV,Weave Communications Inc,Healthcare,Health Information Services,USA,593730000.0,,7.38,-0.14%,3375158.0,0,0,0,0,0,0,0,0,0,0,1,0,0,0,0,0,0,0,0,0,0,0,0,0,0,0,0,0,1,0,1
EBL,Direxion Daily Dow Jones Internet Bull 3X ETF,Financial,Exchange Traded Fund,USA,,,32.05,6.27%,57049.0,0,0,0,0,0,0,0,0,0,0,1,0,0,0,0,0,0,0,0,0,0,0,0,0,0,0,0,0,1,0,1
EBS,Direxion Daily Dow Jones Internet Bear 3X ETF,Financial,Exchange Traded Fund,USA,,,12.56,-6.34%,71884.0,0,0,0,0,0,0,0,0,1,0,0,0,0,0,0,0,0,0,0,0,0,0,0,0,0,0,0,0,1,0,1
EED,Roundhill Cannabis ETF,Financial,Exchange Traded Fund,USA,,,20.11,0.84%,3965.0,0,0,0,0,0,0,0,0,0,0,1,0,0,0,0,0,0,0,0,0,0,0,0,0,-1,0,0,0,1,1,2
EEI,Westwood Salient Enhanced Energy Income ETF,Financial,Exchange Traded Fund,USA,,,25.35,0.14%,28533.0,0,0,0,0,0,0,0,0,0,0,1,0,0,0,0,0,0,0,0,0,0,0,0,0,0,0,0,0,1,0,1
EEK,Roundhill Weekly T-Bill ETF,Financial,Exchange Traded Fund,USA,,,100.06,0.02%,42042.0,0,0,0,0,0,0,0,0,0,0,1,0,0,0,0,0,0,0,0,0,0,0,0,0,0,0,0,0,1,0,1
EEL,Peerless Option Income Wheel ETF,Financial,Exchange Traded Fund,USA,,,19.99,0.59%,15815.0,0,0,0,0,0,0,0,0,0,0,1,0,0,0,0,0,0,0,0,0,0,0,0,0,-1,0,0,0,1,1,2
ELD,Tema U.S. Manufacturing & Reshoring ETF,Financial,Exchange Traded Fund,USA,,,53.63,0.90%,22047.0,0,0,0,0,0,0,0,0,1,1,0,0,0,0,0,0,0,0,0,0,0,0,0,0,0,0,0,0,2,0,2
ERN,Werner Enterprises Inc,Industrials,Trucking,USA,1960000000.0,,32.7,-0.91%,689799.0,0,0,0,0,0,0,0,0,1,0,0,0,0,0,0,0,0,0,0,0,0,0,0,0,0,0,0,0,1,0,1
EST,Westrock Coffee Company,Consumer Defensive,Packaged Foods,USA,798590000.0,,8.18,-0.12%,151621.0,0,0,0,0,0,0,0,0,1,0,0,0,0,0,0,0,0,0,0,0,0,0,0,0,0,0,0,0,1,0,1
ETH,Wetouch Technology Inc,Technology,Electronic Components,China,12440000.0,1.33,0.93,-0.56%,29174.0,0,0,0,0,0,0,0,0,1,0,0,0,0,0,0,0,0,0,0,0,0,0,0,0,0,0,0,0,1,0,1
FRD,Weatherford International plc,Energy,Oil & Gas Equipment & Services,USA,5660000000.0,15.4,77.92,1.33%,611305.0,0,0,0,0,0,0,0,0,1,0,0,0,0,0,0,0,0,0,0,0,0,0,0,0,0,0,0,0,1,0,1
GMI,CoinShares Bitcoin Mining and Digital Power ETF,Financial,Exchange Traded Fund,USA,,,40.24,0.02%,329736.0,0,0,0,0,0,0,0,0,1,0,0,0,0,0,0,0,0,0,0,0,0,0,0,0,0,0,0,0,1,0,1
HWK,Whitehawk Therapeutics Inc,Healthcare,Biotechnology,USA,200670000.0,,3.52,1.44%,320256.0,0,0,0,0,0,0,0,0,0,0,1,0,0,0,0,0,0,0,0,0,0,0,-1,0,0,0,0,0,1,1,2
IMI,Wimi Hologram Cloud Inc,Communication Services,Advertising Agencies,China,11830000.0,0.7,0.64,-0.42%,125916.0,0,0,0,0,0,0,0,0,1,0,0,0,0,0,0,0,0,0,0,0,0,0,0,0,0,0,0,0,1,0,1
ING,Wingstop Inc,Consumer Cyclical,Restaurants,USA,3330000000.0,29.03,122.26,3.17%,878320.0,0,0,0,0,0,0,0,0,1,0,0,0,0,0,0,0,0,0,0,0,0,0,0,0,0,0,0,0,1,0,1
INN,Harbor Long-Term Growers ETF,Financial,Exchange Traded Fund,USA,,,35.25,1.12%,209152.0,0,0,0,0,0,0,0,-1,0,0,0,0,0,0,0,0,0,0,0,0,0,0,0,0,0,0,0,0,0,1,1
IP,SPDR Intl Govt Inflation-Protected Bond,Financial,Exchange Traded Fund,USA,,,38.27,0.33%,40976.0,0,0,0,-1,0,0,0,0,0,0,0,0,0,0,0,0,0,0,0,0,0,0,0,0,0,0,0,0,0,1,1
KHS,Workhorse Group Inc,Consumer Cyclical,Auto Manufacturers,USA,32240000.000000004,,2.95,1.03%,67117.0,0,0,0,0,0,0,0,0,0,0,0,0,0,0,0,1,0,0,0,0,0,0,0,0,0,0,0,0,1,0,1
LKP,Westlake Chemical Partners LP,Basic Materials,Chemicals,USA,746860000.0,12.97,21.19,-1.03%,15711.0,0,0,0,0,0,0,0,0,0,0,0,0,-1,0,0,0,0,0,0,0,0,0,0,0,0,0,0,0,0,1,1
LY,John Wiley & Sons Inc,Communication Services,Publishing,USA,2520000000.0,13.14,49.64,0.49%,256305.0,0,0,0,0,0,0,0,0,1,1,0,0,0,0,0,0,0,0,0,0,0,0,0,0,0,0,0,0,2,0,2
MB,Williams Cos Inc,Energy,Oil & Gas Midstream,USA,88890000000.0,29.01,72.67,0.46%,7077422.0,0,1,0,0,0,1,0,0,0,0,0,0,0,0,0,0,0,0,0,-1,0,0,0,0,0,0,0,0,2,1,3
MG,Warner Music Group Corp,Communication Services,Entertainment,USA,15020000000.0,22.71,28.72,-0.66%,1721145.0,0,0,0,0,0,0,0,0,1,0,0,0,0,0,0,0,0,0,0,0,0,0,0,0,0,0,0,0,1,0,1
MS,Advanced Drainage Systems Inc,Industrials,Building Products & Equipment,USA,9490000000.0,21.71,125.79,-0.33%,739525.0,0,0,0,0,0,0,0,0,1,0,0,0,0,0,0,0,0,0,0,0,0,0,0,0,0,0,0,0,1,0,1
MT,Walmart Inc,Consumer Defensive,Discount Stores,USA,883420000000.0,40.34,111.35,0.71%,11845684.0,0,0,0,0,0,1,0,0,1,0,0,0,0,0,0,0,0,0,0,0,0,0,0,0,0,0,0,0,2,0,2
PRT,Westport Fuel Systems Inc,Consumer Cyclical,Auto Parts,Canada,34580000.0,,1.82,-2.15%,88574.0,0,0,0,0,0,0,0,0,1,0,0,0,0,0,0,0,0,0,0,0,0,0,0,0,0,0,0,0,1,0,1
QEY,WISeQey Corp,Technology,Semiconductors,Switzerland,35990000.0,,8.61,-9.56%,144797.0,0,0,0,0,0,0,0,0,0,0,0,0,-1,0,0,0,0,0,0,0,0,0,0,0,0,0,0,0,0,1,1
QTM,WisdomTree Quantum Computing Fund,Financial,Exchange Traded Fund,USA,,,31.13,0.13%,95900.0,0,0,0,0,0,0,0,0,1,0,0,0,0,0,0,0,0,0,0,0,0,0,0,0,0,0,0,0,1,0,1
RB,W.R. Berkley Corp,Financial,Insurance - Property & Casualty,USA,26690000000.0,14.79,71.91,-0.19%,1759214.0,0,0,0,0,0,0,0,0,1,0,0,0,0,0,0,0,0,0,0,0,0,0,0,0,0,0,0,0,1,0,1
RBY,Warby Parker Inc,Healthcare,Medical Instruments & Supplies,USA,3130000000.0,416.8,25.3,1.40%,1542109.0,0,0,0,0,0,0,0,0,0,0,1,0,0,0,0,0,0,0,0,0,0,0,0,0,0,0,0,0,1,0,1
RD,WeRide Inc ADR,Technology,Software - Application,China,1490000000.0,,4.81,6.65%,7123204.0,0,0,0,0,0,0,0,0,1,1,0,0,0,0,0,0,0,0,0,0,0,0,0,0,0,0,0,0,2,0,2
RN,Western Copper & Gold Corp,Basic Materials,Other Industrial Metals & Mining,Canada,474980000.0,,2.1,2.94%,694619.0,0,0,0,0,0,0,0,0,1,0,0,0,0,0,0,0,0,0,0,0,0,0,0,0,0,0,0,0,1,0,1
RND,NYLIM Global Equity R&D Leaders ETF,Financial,Exchange Traded Fund,USA,,,44.02,0.94%,51.0,0,0,0,0,0,0,0,0,0,0,1,1,0,0,0,0,0,0,0,0,0,0,0,0,0,0,0,0,2,0,2
S,Worthington Steel Inc,Basic Materials,Steel,USA,1840000000.0,,36.05,4.13%,655412.0,0,0,0,0,0,0,0,0,0,0,0,0,0,0,0,1,0,0,0,0,0,0,0,0,0,0,0,0,1,0,1
SBK,Winchester Bancorp Inc,Financial,Banks - Regional,USA,115680000.0,26.45,12.91,0.08%,3703.0,0,0,0,0,0,0,0,0,0,0,0,0,0,0,0,0,0,0,0,0,1,1,0,0,0,0,0,0,2,0,2
SE,Wise Group Plc,Technology,Information Technology Services,United Kingdom,14120000000.0,24.59,11.87,1.63%,1915333.0,0,0,0,0,0,0,0,0,0,0,0,0,-1,-1,0,0,0,0,0,0,0,0,0,0,0,0,0,0,0,2,2
SGE,Warren Street Global Equity ETF,Financial,Exchange Traded Fund,USA,,,28.49,0.66%,203.0,0,0,0,0,0,0,0,0,0,0,1,0,0,0,0,0,0,0,0,0,0,0,0,0,-1,0,0,0,1,1,2
SMD,Wasatch Small/Mid Cap ETF,Financial,Exchange Traded Fund,USA,,,23.98,0.42%,408.0,0,0,0,0,0,0,0,0,0,0,0,0,0,0,0,0,0,0,0,0,0,0,0,1,0,0,0,0,1,0,1
SML,iShares MSCI World Small-Cap ETF,Financial,Exchange Traded Fund,USA,,,34.2,0.73%,1405.0,0,0,0,0,0,0,0,0,0,0,0,0,-1,0,0,0,0,0,0,0,0,0,0,0,0,0,0,0,0,1,1
ST,West Pharmaceutical Services Inc,Healthcare,Medical Instruments & Supplies,USA,25760000000.0,46.79,366.0,0.75%,480506.0,0,0,0,0,0,0,0,0,0,0,1,0,0,0,0,0,0,0,0,0,0,0,-1,0,0,0,0,0,1,1,2
T,WisdomTree Inc,Financial,Asset Management,USA,3430000000.0,43.4,22.61,-0.31%,2141141.0,0,0,0,0,0,0,0,0,0,0,1,0,0,0,0,0,0,0,0,0,0,0,-1,0,0,0,0,0,1,1,2
TI,W & T Offshore Inc,Energy,Oil & Gas E&P,USA,547920000.0,,3.63,-1.89%,2415240.0,0,1,0,0,0,0,0,0,0,0,0,0,0,0,0,0,0,0,0,0,0,0,0,0,0,0,0,0,1,0,1
TID,MicroSectorsTM Energy 3X Inverse Leveraged ETNs,Financial,Exchange Traded Fund,USA,,,2.37,2.16%,71145.0,0,0,0,0,0,0,0,0,1,0,0,0,0,0,0,0,0,0,0,0,0,0,0,0,0,0,0,0,1,0,1
TM,White Mountains Insurance Group Ltd,Financial,Insurance - Property & Casualty,USA,4920000000.0,4.69,2060.63,0.04%,20183.0,0,0,0,0,0,0,0,0,0,0,0,0,-1,0,0,0,0,0,0,0,0,0,0,1,0,0,0,0,1,1,2
TPI,WisdomTree Equity Premium Income Fund,Financial,Exchange Traded Fund,USA,,,33.28,0.39%,113652.0,0,1,0,0,0,0,0,-1,0,0,0,0,0,0,0,0,0,0,0,0,0,0,0,0,0,0,0,0,1,1,2
TS,Watts Water Technologies Inc,Industrials,Specialty Industrial Machinery,USA,11770000000.0,30.79,352.72,1.61%,193060.0,0,0,0,0,0,0,0,0,0,0,0,0,0,0,0,0,0,0,0,0,0,0,-1,0,0,0,0,0,0,1,1
TTR,Select Water Solutions Inc,Energy,Oil & Gas Equipment & Services,USA,2550000000.0,73.92,19.76,0.82%,1328675.0,0,0,0,0,0,0,0,0,0,0,0,0,0,0,0,1,0,0,0,0,0,0,0,0,0,0,0,0,1,0,1
VVI,Willamette Valley Vineyard Inc,Consumer Defensive,Beverages - Wineries & Distilleries,USA,10500000.0,,2.11,12.83%,12608.0,0,0,0,0,0,0,0,0,1,0,0,0,0,0,0,0,0,0,0,0,0,0,0,0,0,0,0,0,1,0,1
W,WW International Inc,Healthcare,Medical Care Facilities,USA,148580000.0,,14.86,-0.67%,50402.0,0,0,0,-1,0,0,0,0,0,0,0,0,0,0,0,1,0,0,0,0,0,0,0,0,0,0,0,0,1,1,2
WR,Westwater Resources Inc,Basic Materials,Other Industrial Metals & Mining,USA,58530000.0,,0.46,0.13%,570959.0,0,0,0,0,0,0,0,0,1,0,0,0,0,0,0,0,0,0,0,0,0,0,0,0,0,0,0,0,1,0,1
WW,Wolverine World Wide Inc,Consumer Cyclical,Footwear & Accessories,USA,1590000000.0,15.07,19.43,2.26%,759346.0,0,0,0,0,0,0,0,0,0,0,1,0,0,0,0,0,0,0,0,0,0,0,0,0,0,0,0,0,1,0,1
YNN,Wynn Resorts Ltd,Consumer Cyclical,Resorts & Casinos,USA,7740000000.0,18.0,75.15,-0.19%,1709452.0,0,0,0,0,0,0,0,0,0,0,0,0,0,0,0,0,0,0,0,-1,0,0,0,0,0,0,0,0,0,1,1
YY,Widepoint Corp,Technology,Information Technology Services,USA,72890000.0,,7.29,1.67%,94033.0,0,0,0,0,0,0,0,0,1,0,0,0,0,0,0,0,0,0,0,0,0,0,0,0,0,0,0,0,1,0,1
A,Corgi AI Cybersecurity ETF,Financial,Exchange Traded Fund,USA,,,46.86,4.25%,3684.0,0,0,0,-1,0,1,0,0,0,0,0,0,0,0,0,0,0,1,0,0,0,0,0,0,0,0,0,0,2,1,3
BFR,Innovator Equity Managed 10 Buffer ETF,Financial,Exchange Traded Fund,USA,,,27.37,0.49%,1702.0,0,0,0,0,0,0,0,0,0,0,1,0,0,0,0,0,0,0,0,0,0,0,0,0,0,0,0,0,1,0,1
BIL,F/m US Treasury 6 Month Bill ETF,Financial,Exchange Traded Fund,USA,,,50.05,0.04%,82887.0,0,1,0,-1,0,1,0,0,0,0,0,0,0,0,0,0,0,0,0,0,0,0,0,0,0,0,0,0,2,1,3
BIT,XBiotech Inc,Healthcare,Biotechnology,USA,69810000.0,,2.29,4.09%,88032.0,0,0,0,0,0,0,0,0,1,0,0,0,0,0,0,0,0,0,0,0,0,0,0,0,0,0,0,0,1,0,1
BJL,Innovator U.S. Equity Accelerated 9 Buffer ETF - July,Financial,Exchange Traded Fund,USA,,,41.44,0.31%,3136.0,0,0,0,0,0,0,0,-1,0,0,0,0,0,0,0,0,0,0,0,0,0,0,0,0,0,0,0,0,0,1,1
BOX,Roundhill Box Spread ETF,Financial,Exchange Traded Fund,USA,,,101.28,0.05%,13970.0,0,0,0,0,0,0,0,-1,0,0,0,0,0,0,0,0,0,0,0,0,0,0,0,0,0,0,0,0,0,1,1
CH,XCHG Ltd ADR,Industrials,Electrical Equipment & Parts,Germany,9030000.0,,2.94,-1.67%,112248.0,0,0,0,0,0,0,0,0,1,0,0,0,0,0,0,0,0,0,0,0,0,0,0,0,0,0,0,0,1,0,1
CNY,State Street SPDR S&P Emerging Markets ex-China ETF,Financial,Exchange Traded Fund,USA,,,33.91,0.84%,269.0,0,0,0,0,0,0,0,0,0,0,1,0,0,0,0,0,0,0,0,0,0,0,0,0,-1,0,0,0,1,1,2
CUR,Exicure Inc,Healthcare,Biotechnology,USA,6880000.0,,1.05,5.00%,316533.0,0,0,0,0,0,0,0,0,1,1,0,0,0,0,0,0,0,0,0,0,0,0,0,0,0,0,0,0,2,0,2
DSQ,Innovator U.S. Equity Accelerated ETF - Quarterly,Financial,Exchange Traded Fund,USA,,,45.43,0.40%,6068.0,0,0,0,0,0,0,0,0,0,0,0,0,0,0,0,0,0,1,0,0,0,0,0,0,0,0,0,0,1,0,1
DTE,Roundhill S&P 500 0DTE Covered Call Strategy ETF,Financial,Exchange Traded Fund,USA,,,38.71,0.41%,91964.0,0,0,0,0,0,0,0,0,0,0,1,0,0,0,0,0,0,0,0,0,0,0,0,0,0,0,0,0,1,0,1
FLT,XAI Floating Rate & Alternative Income Trust,Financial,Closed-End Fund - Debt,USA,288470000.0,,18.94,-0.26%,142769.0,0,0,0,0,0,0,0,0,0,0,1,0,0,0,0,0,0,0,0,0,0,0,0,0,0,0,0,0,1,0,1
FLX,FundX Flexible ETF,Financial,Exchange Traded Fund,USA,,,22.55,0.09%,791.0,0,1,0,-1,0,0,0,0,0,0,0,0,0,0,0,0,0,0,0,0,0,0,0,0,0,0,0,0,1,1,2
FOR,X4 Pharmaceuticals Inc,Healthcare,Biotechnology,USA,288520000.0,,2.91,4.30%,541228.0,0,0,0,0,0,0,0,0,0,0,0,0,0,0,0,0,0,1,0,0,0,0,0,0,0,0,0,0,1,0,1
HLF,BondBloxx Bloomberg Six Month Target Duration US Treasury ETF,Financial,Exchange Traded Fund,USA,,,50.16,0.03%,667706.0,0,0,0,-1,0,1,0,0,0,0,0,0,0,0,0,0,0,0,0,-1,0,0,0,0,0,0,0,0,1,2,3
HS,State Street SPDR S&P Health Care Services ETF,Financial,Exchange Traded Fund,USA,,,136.03,1.05%,12008.0,0,0,0,0,0,0,0,0,0,0,0,0,-1,0,0,0,0,0,0,0,1,0,0,0,-1,0,0,0,1,2,3
IFR,XPLR Infrastructure LP,Utilities,Utilities - Renewable,USA,2000000000.0,15.51,10.37,0.29%,1132477.0,0,1,0,0,0,0,0,0,1,0,0,0,0,0,0,0,0,0,0,0,0,0,0,0,0,0,0,0,2,0,2
IJN,FT Vest U.S. Equity Buffer & Premium Income ETF - June,Financial,Exchange Traded Fund,USA,,,30.8,0.13%,9683.0,0,0,0,0,0,0,0,0,0,0,1,0,0,0,0,0,0,0,0,0,0,0,0,0,0,0,0,0,1,0,1
IMR,FT Vest U.S. Equity Buffer & Premium Income ETF - March,Financial,Exchange Traded Fund,USA,,,31.3,0.00%,322.0,0,0,0,0,0,0,0,0,0,0,0,0,0,0,0,0,0,0,0,-1,0,0,0,0,0,0,0,0,0,1,1
ITK,State Street SPDR FactSet Innovative Technology ETF,Financial,Exchange Traded Fund,USA,,,205.28,1.15%,835.0,0,0,0,0,0,0,0,0,0,0,1,0,0,0,0,0,0,0,0,0,0,0,-1,0,0,0,0,0,1,1,2
LBI,State Street Materials Select Sector SPDR Premium Income ETF,Financial,Exchange Traded Fund,USA,,,22.9,0.39%,7114.0,0,0,0,0,0,0,0,0,0,0,0,0,-1,0,0,0,0,0,0,0,0,0,0,0,0,0,0,0,0,1,1
LEX,Corgi U.S. Energy 2x Daily ETF,Financial,Exchange Traded Fund,USA,,,30.45,-0.65%,637.0,0,0,0,0,0,0,0,0,0,0,1,0,0,0,0,0,0,0,0,0,0,0,-1,0,0,0,0,0,1,1,2
LP,State Street Consumer Staples Select Sector SPDR ETF,Financial,Exchange Traded Fund,USA,,,83.43,0.01%,7747414.0,0,0,0,0,0,0,0,0,0,0,0,0,-1,0,0,0,0,0,0,0,0,0,0,0,0,0,0,0,0,1,1
LSR,State Street US Sector Rotation ETF,Financial,Exchange Traded Fund,USA,,,67.65,0.64%,104035.0,0,0,0,0,0,0,0,-1,0,0,0,0,0,0,0,0,0,0,0,0,0,0,0,0,0,0,0,0,0,1,1
LUI,State Street Utilities Select Sector SPDR Premium Income ETF,Financial,Exchange Traded Fund,USA,,,22.19,0.41%,34400.0,0,0,0,-1,0,0,0,0,0,0,0,0,0,0,0,0,0,0,0,0,0,0,0,0,0,0,0,0,0,1,1
LVX,Corgi U.S. Healthcare 2x Daily ETF,Financial,Exchange Traded Fund,USA,,,33.1,2.84%,1940.0,0,0,0,0,0,0,0,0,0,0,0,0,0,0,0,1,0,0,0,0,0,0,0,0,0,0,0,0,1,0,1
LYI,SPDR Consumer Disc Premium Income,Financial,Exchange Traded Fund,USA,,,21.9,0.86%,24306.0,0,0,0,0,0,0,0,0,0,0,0,0,0,0,0,0,0,0,0,-1,0,0,0,0,0,0,0,0,0,1,1
MAX,XMax Inc,Consumer Cyclical,"Furnishings, Fixtures & Appliances",USA,567010000.0,20.15,8.74,-0.91%,659294.0,0,0,0,0,0,0,0,0,0,0,1,1,0,0,0,0,0,0,0,0,0,0,-1,0,0,0,0,0,2,1,3
ME,State Street SPDR S&P Metals & Mining ETF,Financial,Exchange Traded Fund,USA,,,106.35,1.66%,957185.0,0,0,0,0,0,0,0,0,1,0,0,0,0,0,0,0,0,0,0,0,0,0,0,0,0,0,0,0,1,0,1
MMO,Invesco S&P MidCap Momentum ETF,Financial,Exchange Traded Fund,USA,,,148.79,0.96%,362888.0,0,0,0,0,0,0,0,0,1,0,0,0,0,0,0,0,0,0,0,0,0,0,0,0,0,0,0,0,1,0,1
MTR,Xometry Inc,Industrials,Industrial Distribution,USA,6370000000.0,,111.07,4.31%,484528.0,0,0,0,0,0,0,0,0,0,0,1,0,0,0,0,0,0,0,0,0,0,0,0,0,0,0,0,0,1,0,1
MVM,Invesco S&P MidCap Value with Momentum ETF,Financial,Exchange Traded Fund,USA,,,71.12,-0.93%,18705.0,0,0,0,0,0,0,0,0,0,0,0,0,0,0,0,0,0,0,0,0,0,0,-1,0,0,0,0,0,0,1,1
NET,Xunlei Ltd ADR,Technology,Software - Infrastructure,China,319340000.0,,5.01,4.16%,212382.0,0,1,0,0,0,0,0,0,1,0,0,0,0,0,0,0,0,0,0,0,0,0,0,0,0,0,0,0,2,0,2
OM,ExxonMobil Holdings Corp,Energy,Oil & Gas Integrated,USA,694670000000.0,21.74,168.94,0.26%,8086550.0,0,0,0,0,0,0,0,0,0,0,1,0,0,0,0,0,0,0,0,0,0,0,0,0,0,0,0,0,1,0,1
OMO,YieldMax XOM Option Income Strategy ETF,Financial,Exchange Traded Fund,USA,,,10.99,-0.45%,59715.0,0,0,0,0,0,0,0,0,0,0,0,0,-1,0,0,0,0,0,0,0,0,0,0,1,0,0,0,0,1,1,2
ONE,BondBloxx Bloomberg One Year Target Duration US Treasury ETF,Financial,Exchange Traded Fund,USA,,,49.12,0.00%,198148.0,0,0,0,0,0,1,0,0,0,0,0,0,0,0,0,0,0,0,0,0,0,0,0,0,0,0,0,0,1,0,1
PAV,Corgi U.S. Infrastructure 2x Daily ETF,Financial,Exchange Traded Fund,USA,,,21.07,0.84%,158.0,0,0,0,0,0,0,0,0,1,0,0,0,0,0,0,0,0,0,0,0,0,0,0,0,0,0,0,0,1,0,1
PAY,Roundhill S&P 500 Target 20 Managed Distribution ETF,Financial,Exchange Traded Fund,USA,,,52.98,0.59%,22588.0,0,0,0,0,0,0,0,0,1,0,0,0,0,0,0,0,0,0,0,0,0,0,0,0,0,0,0,0,1,0,1
QTM,Corgi Quantum Computing 2x Daily ETF,Financial,Exchange Traded Fund,USA,,,10.88,-0.95%,269.0,0,0,0,0,0,0,0,0,0,0,0,0,-1,-1,0,0,0,0,0,0,0,0,0,0,0,0,0,0,0,2,2
RLX,FundX Conservative ETF,Financial,Exchange Traded Fund,USA,,,49.48,0.34%,2603.0,0,0,0,0,0,0,0,0,0,0,0,0,0,0,0,1,0,0,0,0,0,0,0,0,0,0,0,0,1,0,1
RMI,Global X S&P 500 Risk Managed Income ETF,Financial,Exchange Traded Fund,USA,,,17.39,0.12%,17379.0,0,0,0,0,0,0,0,0,0,0,0,0,0,0,0,0,0,1,0,0,0,0,0,0,0,0,0,0,1,0,1
RN,Chiron Real Estate Inc,Real Estate,REIT - Healthcare Facilities,USA,486880000.0,9.02,33.59,-1.50%,81501.0,0,0,0,0,0,0,0,0,0,0,0,0,-1,0,0,0,0,0,0,0,0,0,0,0,0,0,0,0,0,1,1
RP,Bitwise XRP ETF,Financial,Exchange Traded Fund,USA,,,15.46,1.05%,807392.0,0,0,0,0,0,0,0,0,0,0,1,0,0,0,0,0,0,0,0,0,0,0,0,0,0,0,0,0,1,0,1
RPT,Volatility Shares Trust XRP 2X ETF,Financial,Exchange Traded Fund,USA,,,32.07,1.42%,149592.0,0,0,0,0,0,0,0,0,0,0,1,0,0,0,0,0,0,0,0,0,0,0,0,0,0,0,0,0,1,0,1
RX,Xerox Holdings Corp,Industrials,Business Equipment & Supplies,USA,361120000.0,,2.75,-5.82%,3269897.0,0,0,0,0,0,0,0,0,0,0,1,0,0,0,0,0,0,0,0,0,0,0,-1,0,0,0,0,0,1,1,2
SLL,Xsolla SPAC 1,Financial,Shell Companies,USA,276260000.0,103.15,10.0,-0.34%,11.0,0,0,0,-1,0,0,0,0,0,0,0,0,0,0,0,0,0,0,0,0,0,0,0,0,0,0,0,0,0,1,1
SMO,Invesco S&P SmallCap Momentum ETF,Financial,Exchange Traded Fund,USA,,,81.75,0.57%,260475.0,0,0,0,0,0,0,0,0,1,0,0,0,0,0,0,0,0,0,0,0,0,0,0,0,0,0,0,0,1,0,1
SPI,NEOS Boosted S&P 500 High Income ETF,Financial,Exchange Traded Fund,USA,,,50.06,0.63%,86658.0,0,0,0,0,0,0,0,0,0,0,1,0,0,0,0,0,0,0,0,0,0,0,0,0,-1,0,0,0,1,1,2
SW,State Street SPDR S&P Software & Services ETF,Financial,Exchange Traded Fund,USA,,,204.65,1.42%,125695.0,0,0,0,0,0,0,0,-1,0,0,0,0,0,0,0,0,0,0,0,0,0,0,0,0,0,0,0,0,0,1,1
T,iShares Future Exponential Technologies ETF,Financial,Exchange Traded Fund,USA,,,85.05,1.36%,44881.0,0,0,0,0,0,0,0,-1,0,0,0,0,0,0,0,0,0,0,0,0,0,0,0,0,0,0,0,0,0,1,1
TJA,Innovator U.S. Equity Accelerated Plus ETF - January,Financial,Exchange Traded Fund,USA,,,35.45,0.14%,4332.0,0,0,0,-1,0,0,0,0,0,0,0,0,0,0,0,0,0,0,0,0,0,0,0,0,0,0,0,0,0,1,1
TJL,Innovator U.S. Equity Accelerated Plus ETF - July,Financial,Exchange Traded Fund,USA,,,43.08,0.46%,167.0,0,0,0,0,0,0,0,-1,0,0,0,0,0,0,0,0,0,0,0,0,0,0,0,0,0,0,0,0,0,1,1
TLB,X.T.L. Biopharmaceuticals Ltd ADR,Healthcare,Biotechnology,Israel,8400000.0,,1.98,-0.50%,8798.0,0,0,0,0,0,0,0,0,0,0,0,0,-1,-1,0,0,0,0,0,0,0,0,0,0,0,0,0,0,0,2,2
TNT,Xtant Medical Holdings Inc,Healthcare,Medical Devices,USA,45730000.0,,0.33,1.56%,79470.0,0,0,0,-1,0,0,0,0,1,1,0,0,0,0,0,1,0,0,0,0,0,0,0,0,0,0,0,0,3,1,4
USP,Innovator Uncapped Accelerated U.S. Equity ETF,Financial,Exchange Traded Fund,USA,,,54.86,0.83%,2463.0,0,0,0,0,0,0,0,-1,0,0,0,0,0,0,0,0,0,0,0,0,0,0,0,0,0,0,0,0,0,1,1
V,Simplify Target 15 Distribution ETF,Financial,Exchange Traded Fund,USA,,,24.18,0.29%,30504.0,0,0,0,-1,0,0,0,-1,0,0,0,0,0,0,0,0,0,0,0,0,0,0,0,0,0,0,0,0,0,2,2
W,Corgi Ex-U.S. Equities 2x Daily ETF,Financial,Exchange Traded Fund,USA,,,22.81,1.62%,8.0,0,0,0,0,0,0,0,0,0,0,1,0,0,0,0,0,0,0,0,0,0,0,0,0,0,0,0,0,1,0,1
WEL,XWELL Inc,Healthcare,Diagnostics & Research,USA,7050000.0,,0.82,-10.60%,110222.0,0,0,0,0,0,0,0,0,1,0,0,0,0,0,0,0,0,0,0,0,0,0,0,0,0,0,0,0,1,0,1
XI,Twenty One Capital Inc,Consumer Defensive,Education & Training Services,USA,4099999999.9999995,18.51,6.29,-0.47%,903443.0,0,0,0,0,0,0,0,0,1,0,0,0,0,0,0,0,0,0,0,0,0,0,0,0,0,0,0,0,1,0,1
XRP,Teucrium 2x Long Daily XRP ETF,Financial,Exchange Traded Fund,USA,,,29.55,1.23%,331851.0,0,0,0,0,0,0,0,0,0,0,1,0,0,0,0,0,0,0,0,0,0,0,0,0,0,0,0,0,1,0,1
XV,Simplify Ancorato Target 25 Distribution ETF,Financial,Exchange Traded Fund,USA,,,23.6,0.55%,14766.0,0,0,0,0,0,0,0,0,0,0,0,0,0,0,0,1,0,0,0,0,0,0,0,0,0,0,0,0,1,0,1
YLD,Global X S&P 500 Covered Call ETF,Financial,Exchange Traded Fund,USA,,,41.93,0.12%,316199.0,0,0,0,-1,0,0,0,-1,0,0,0,0,0,0,0,0,0,0,0,0,0,0,0,0,0,0,0,0,0,2,2
YZ,Block Inc,Technology,Software - Infrastructure,USA,46410000000.0,137.51,77.24,2.67%,5232849.0,0,0,0,-1,0,0,0,0,0,0,0,0,0,0,0,0,0,0,0,0,0,0,-1,0,0,0,0,0,0,2,2
YZY,YieldMax XYZ Option Income Strategy ETF,Financial,Exchange Traded Fund,USA,,,23.51,3.20%,15069.0,0,1,0,0,0,1,0,0,0,0,0,0,-1,-1,0,0,0,0,0,0,0,0,0,0,0,0,0,0,2,2,4
ZO,Exzeo Group Inc,Financial,Insurance - Diversified,USA,1440000000.0,17.08,15.98,0.57%,222840.0,0,0,0,0,0,0,0,0,0,0,0,0,0,0,0,0,0,0,0,0,0,0,0,0,0,0,0,1,1,0,1
ALL,Truth Social God Bless America ETF,Financial,Exchange Traded Fund,USA,,,43.35,0.79%,2051.0,0,1,0,-1,0,0,0,0,0,0,0,0,0,0,0,0,0,0,0,0,1,0,0,0,0,0,0,0,2,1,3
B,Yuanbao Inc ADR,Technology,Software - Application,China,391840000.0,2.71,12.1,-1.10%,26238.0,0,0,0,-1,0,0,0,0,0,0,0,0,-1,-1,0,0,0,0,0,0,0,0,0,1,0,0,0,0,1,3,4
CLO,Franklin BSP CLO ETF,Financial,Exchange Traded Fund,USA,,,25.17,0.04%,7.0,0,1,0,-1,0,0,0,0,0,0,0,0,-1,0,0,0,0,0,0,0,0,0,0,0,0,0,0,0,1,2,3
FYA,Yields for You Income Strategy A ETF,Financial,Exchange Traded Fund,USA,,,9.69,0.05%,200.0,0,0,0,-1,0,0,0,0,0,0,0,0,0,0,0,0,0,0,0,0,0,0,0,0,0,0,0,0,0,1,1
GLD,Simplify Gold Strategy ETF,Financial,Exchange Traded Fund,USA,,,30.92,2.45%,26639.0,0,0,0,0,0,0,0,0,1,0,0,0,0,0,0,0,0,0,0,0,0,0,0,0,0,0,0,0,1,0,1
HGJ,Yunhong Green CTI Ltd,Consumer Cyclical,Packaging & Containers,USA,7540000.0,,2.75,4.96%,537.0,0,0,0,0,0,0,0,0,0,0,0,0,-1,-1,0,0,0,0,0,0,0,0,0,0,0,0,0,0,0,2,2
HNA,YHN Acquisition I Ltd,Financial,Shell Companies,Hong Kong,47530000.0,551.74,11.09,-0.89%,217.0,0,0,0,0,0,1,0,0,0,0,1,1,0,0,0,0,0,0,0,0,0,0,-1,0,0,0,0,0,3,1,4
I,111 Inc ADR,Healthcare,Medical Distribution,China,16350000.000000002,,3.15,0.32%,6092.0,0,0,0,0,0,0,0,0,1,0,0,0,0,0,0,0,0,0,0,0,0,0,0,0,0,0,0,0,1,0,1
LD,Principal Active High Yield ETF,Financial,Exchange Traded Fund,USA,,,18.29,-0.16%,230002.0,0,0,0,-1,0,0,0,0,0,0,0,0,0,0,0,0,0,0,0,0,0,0,0,0,0,0,0,0,0,1,1
LDE,Franklin ClearBridge Enhanced Income ETF,Financial,Exchange Traded Fund,USA,,,55.53,0.31%,8244.0,0,0,0,0,0,0,0,0,0,0,1,0,0,0,0,0,0,0,0,0,0,0,0,0,0,0,0,0,1,0,1
MAG,YieldMax Magnificent 7 Fund of Option Income ETFs,Financial,Exchange Traded Fund,USA,,,11.44,0.35%,844935.0,0,0,0,0,0,0,0,0,1,0,0,0,0,0,0,0,0,0,0,0,0,0,0,0,0,0,0,0,1,0,1
MAX,YieldMax Universe Fund of Option Income ETFs,Financial,Exchange Traded Fund,USA,,,7.61,1.74%,837213.0,0,0,0,0,0,0,0,0,1,0,0,0,0,0,0,0,0,0,0,0,0,0,0,0,0,0,0,0,1,0,1
MM,Full Truck Alliance Co Ltd ADR,Technology,Software - Application,China,7980000000.0,15.02,8.56,2.76%,6155977.0,0,0,0,0,0,0,0,0,0,0,0,0,0,0,0,0,0,0,0,0,0,0,0,0,0,0,0,1,1,0,1
OKE,YOKE Core ETF,Financial,Exchange Traded Fund,USA,,,31.46,0.66%,8393.0,0,0,0,0,0,0,0,0,0,0,0,0,-1,0,0,0,0,0,0,0,0,0,0,0,0,0,0,0,0,1,1
OLO,AdvisorShares Pure Cannabis ETF,Financial,Exchange Traded Fund,USA,,,2.73,-1.88%,18786.0,0,0,0,0,0,0,0,0,0,0,0,0,-1,0,0,0,0,0,0,0,0,0,0,0,0,0,0,0,0,1,1
OUL,Youlife Group Inc ADR,Consumer Defensive,Education & Training Services,China,25250000.0,4.62,0.36,-5.76%,32326.0,0,0,0,0,0,0,0,0,1,0,0,0,0,0,0,0,0,0,0,0,0,0,0,0,0,0,0,0,1,0,1
PF,YPF ADR,Energy,Oil & Gas Integrated,Argentina,19680000000.0,16.59,50.04,0.28%,1197642.0,0,0,0,0,0,0,0,-1,0,0,0,0,0,0,0,0,0,0,0,0,0,0,0,0,0,0,0,0,0,1,1
Q,17 Education & Technology Group Inc ADR,Consumer Defensive,Education & Training Services,China,23190000.0,,3.39,1.50%,1169.0,0,0,0,0,0,0,0,0,0,0,0,0,0,0,0,0,0,0,0,0,0,0,0,1,0,0,0,0,1,0,1
QQQ,YieldMax Short N100 Option Income Strategy ETF,Financial,Exchange Traded Fund,USA,,,9.3,-0.27%,14603.0,0,0,0,0,0,0,0,0,1,0,0,0,0,0,0,0,0,0,0,0,0,0,0,0,0,0,0,0,1,0,1
SWY,Yesway Inc,Consumer Defensive,Grocery Stores,USA,1310000000.0,,20.72,-0.86%,134613.0,0,0,0,0,0,0,0,0,0,0,0,0,0,0,0,0,0,0,0,0,0,0,0,1,0,0,0,0,1,0,1
UMC,Yum China Holdings Inc,Consumer Cyclical,Restaurants,China,14700000000.0,15.76,42.92,2.73%,2841010.0,0,0,0,0,0,0,0,0,0,0,0,0,0,0,0,0,0,0,0,0,0,0,0,1,0,0,0,0,1,0,1
XI,ProShares Short FTSE China 50 -1x Shares,Financial,Exchange Traded Fund,USA,,,22.56,-2.38%,1223.0,0,0,0,0,0,1,0,0,0,0,0,0,0,0,0,0,0,0,0,0,0,0,0,0,0,0,0,0,1,0,1
,Zillow Group Inc,Communication Services,Internet Content & Information,USA,6550000000.0,128.76,29.01,-0.55%,4400929.0,0,0,0,0,0,0,0,0,1,0,0,0,0,0,0,0,0,0,0,0,0,0,0,0,0,0,0,0,1,0,1
ALT,Innovator U.S. Equity 10 Buffer ETF - Quarterly,Financial,Exchange Traded Fund,USA,,,34.78,0.23%,48633.0,0,0,0,0,0,0,0,-1,0,0,0,0,0,0,0,0,0,0,0,0,0,0,0,0,0,0,0,0,0,1,1
AP,Global X U.S. Electrification ETF,Financial,Exchange Traded Fund,USA,,,31.59,0.77%,104304.0,0,0,0,0,0,0,0,0,1,0,0,0,0,0,0,0,0,0,0,0,0,0,0,0,0,0,0,0,1,0,1
APR,Innovator Equity Defined Protection ETF - 1 Yr April,Financial,Exchange Traded Fund,USA,,,27.11,-0.05%,3743.0,0,0,0,0,0,0,0,0,0,0,0,0,0,0,0,0,0,1,0,0,0,0,0,0,0,0,0,0,1,0,1
AUG,Innovator Equity Defined Protection ETF - 1 Yr August,Financial,Exchange Traded Fund,USA,,,28.01,0.14%,1983.0,0,0,0,0,0,0,0,0,0,0,0,0,0,0,0,0,0,1,0,0,0,0,0,0,0,0,0,0,1,0,1
BH,Zimmer Biomet Holdings Inc,Healthcare,Medical Devices,USA,17000000000.0,21.69,89.14,0.29%,1604256.0,0,0,0,0,0,0,0,0,0,0,1,0,0,0,0,0,0,0,0,0,0,0,0,0,0,0,0,0,1,0,1
CBC,Global X Zero Coupon Bond 2032 ETF,Financial,Exchange Traded Fund,USA,,,46.98,-0.08%,6.0,0,0,0,0,0,0,0,0,0,0,0,0,0,0,0,0,0,0,0,-1,0,0,0,0,0,0,0,0,0,1,1
D,Ziff Davis Inc,Communication Services,Advertising Agencies,USA,1940000000.0,,56.52,1.09%,326701.0,0,0,0,-1,0,0,0,0,0,0,0,0,0,0,0,0,0,0,0,0,0,0,0,0,0,0,0,0,0,1,1
ECP,Zacks Earnings Consistent Portfolio ETF,Financial,Exchange Traded Fund,USA,,,37.92,0.55%,14162.0,0,0,0,-1,0,0,0,0,0,0,0,0,-1,0,0,0,0,0,0,0,0,0,0,0,0,0,0,0,0,2,2
FEB,Innovator Equity Defined Protection ETF - 1 Yr February,Financial,Exchange Traded Fund,USA,,,26.45,0.08%,2946.0,0,0,0,0,0,0,0,-1,0,0,0,0,0,0,0,0,0,0,0,0,0,0,0,0,0,0,0,0,0,1,1
H,Zhihu Inc ADR,Communication Services,Internet Content & Information,China,206640000.0,,3.47,1.46%,195630.0,0,0,0,0,0,0,0,0,0,0,0,0,0,0,0,0,0,0,0,0,1,0,0,0,0,0,0,0,1,0,1
HDG,ZEGA Buy and Hedge ETF,Financial,Exchange Traded Fund,USA,,,24.2,0.41%,1215.0,0,0,0,0,0,0,0,0,0,0,0,0,0,0,0,0,0,1,0,0,0,0,0,0,0,0,0,0,1,0,1
JK,ZJK Industrial Co Ltd,Industrials,Tools & Accessories,China,122860000.0,12.78,1.91,6.11%,7670.0,0,0,0,0,0,0,0,0,0,0,0,0,-1,0,0,0,0,0,0,0,0,0,0,0,0,0,0,0,0,1,1
JUL,Innovator Equity Defined Protection ETF - 1 Yr July,Financial,Exchange Traded Fund,USA,,,30.44,0.18%,20817.0,0,0,0,0,0,0,0,0,0,0,0,0,-1,0,0,0,0,0,0,0,0,0,0,0,0,0,0,0,0,1,1
JUN,Innovator Equity Defined Protection ETF - 1 Yr June,Financial,Exchange Traded Fund,USA,,,27.87,0.18%,1227.0,0,0,0,0,0,0,0,-1,0,0,0,0,0,0,0,0,0,0,0,0,0,0,0,0,0,0,0,0,0,1,1
JYL,Jin Medical International Ltd,Healthcare,Medical Instruments & Supplies,China,325880000.0,13.75,2.06,-2.83%,12075.0,0,0,0,0,0,0,0,0,0,0,0,0,0,0,0,0,0,0,0,0,0,0,0,0,0,1,0,0,1,0,1
MAR,Innovator Equity Defined Protection ETF - 1 Yr March,Financial,Exchange Traded Fund,USA,,,28.74,0.14%,7719.0,0,0,0,-1,0,0,0,-1,0,0,0,0,0,0,0,0,0,0,0,0,0,0,0,0,0,0,0,0,0,2,2
MAY,Innovator Equity Defined Protection ETF - 1 Yr May,Financial,Exchange Traded Fund,USA,,,26.47,0.17%,4442.0,0,0,0,0,0,0,0,-1,0,0,0,0,0,0,0,0,0,0,0,0,0,0,0,0,0,0,0,0,0,1,1
MUN,F/m Ultrashort Tax-Free Municipal ETF,Financial,Exchange Traded Fund,USA,,,49.59,0.19%,4965.0,0,1,0,-1,0,0,0,0,0,0,0,0,0,0,0,0,0,0,0,0,0,0,0,0,0,0,0,0,1,1,2
NTL,Zentalis Pharmaceuticals Inc,Healthcare,Biotechnology,USA,249940000.0,,2.64,5.18%,612365.0,0,0,0,0,0,0,0,0,0,0,0,0,-1,0,0,0,0,0,0,0,0,0,0,0,0,0,0,0,0,1,1
OOZ,Zooz Strategy Ltd,Industrials,Electrical Equipment & Parts,Israel,55920000.0,,6.99,7.54%,20136.0,0,0,0,0,0,0,0,0,0,0,1,0,0,0,0,0,0,0,0,0,0,0,0,0,0,0,0,0,1,0,1
SEP,Innovator Equity Defined Protection ETF - 1 Yr September,Financial,Exchange Traded Fund,USA,,,28.03,0.20%,16876.0,0,0,0,0,0,0,0,-1,0,0,1,0,0,0,0,0,0,0,0,0,0,0,0,0,0,0,0,0,1,1,2
TWO,F/M 2-Year Investment Grade Corporate Bond ETF,Financial,Exchange Traded Fund,USA,,,49.81,-0.09%,314.0,0,1,0,0,0,0,0,0,0,0,0,0,0,0,0,0,0,0,0,0,0,0,0,0,0,0,0,0,1,0,1
UMZ,Zumiez Inc,Consumer Cyclical,Apparel Retail,USA,221990000.0,20.1,14.48,1.90%,317014.0,0,0,0,0,0,0,0,0,1,0,0,0,0,0,0,0,0,0,0,0,0,0,0,0,0,0,0,0,1,0,1
VOL,Volatility Premium Plus ETF,Financial,Exchange Traded Fund,USA,,,7.79,0.10%,53986.0,0,0,0,0,0,0,0,0,0,0,0,0,0,0,0,0,0,0,0,-1,0,0,0,0,0,0,0,0,0,1,1
VRA,Zevra Therapeutics Inc,Healthcare,Biotechnology,USA,676380000.0,12.29,11.39,3.55%,730743.0,0,0,0,0,0,1,0,0,1,0,0,0,0,0,0,0,0,0,0,0,0,0,0,0,0,0,-1,0,2,1,3
WS,Zurn Elkay Water Solutions Corp,Industrials,Pollution & Treatment Controls,USA,7720000000.0,28.6,46.57,0.71%,729306.0,0,0,0,0,0,0,0,0,1,0,0,0,0,0,0,0,0,0,0,0,0,0,0,0,0,0,0,0,1,0,1
